Report_Date,Total_Production_MT,National_Yield_Efficiency,Season,Supply_YoY_Change_%
2005-03-01,140985.0,6.017799214614991,2005Maha,
2005-03-02,140985.0,6.017799214614991,2005Maha,
2005-03-03,140985.0,6.017799214614991,2005Maha,
2005-03-04,140985.0,6.017799214614991,2005Maha,
2005-03-05,140985.0,6.017799214614991,2005Maha,
2005-03-06,140985.0,6.017799214614991,2005Maha,
2005-03-07,140985.0,6.017799214614991,2005Maha,
2005-03-08,140985.0,6.017799214614991,2005Maha,
2005-03-09,140985.0,6.017799214614991,2005Maha,
2005-03-10,140985.0,6.017799214614991,2005Maha,
2005-03-11,140985.0,6.017799214614991,2005Maha,
2005-03-12,140985.0,6.017799214614991,2005Maha,
2005-03-13,140985.0,6.017799214614991,2005Maha,
2005-03-14,140985.0,6.017799214614991,2005Maha,
2005-03-15,140985.0,6.017799214614991,2005Maha,
2005-03-16,140985.0,6.017799214614991,2005Maha,
2005-03-17,140985.0,6.017799214614991,2005Maha,
2005-03-18,140985.0,6.017799214614991,2005Maha,
2005-03-19,140985.0,6.017799214614991,2005Maha,
2005-03-20,140985.0,6.017799214614991,2005Maha,
2005-03-21,140985.0,6.017799214614991,2005Maha,
2005-03-22,140985.0,6.017799214614991,2005Maha,
2005-03-23,140985.0,6.017799214614991,2005Maha,
2005-03-24,140985.0,6.017799214614991,2005Maha,
2005-03-25,140985.0,6.017799214614991,2005Maha,
2005-03-26,140985.0,6.017799214614991,2005Maha,
2005-03-27,140985.0,6.017799214614991,2005Maha,
2005-03-28,140985.0,6.017799214614991,2005Maha,
2005-03-29,140985.0,6.017799214614991,2005Maha,
2005-03-30,140985.0,6.017799214614991,2005Maha,
2005-03-31,140985.0,6.017799214614991,2005Maha,
2005-04-01,140985.0,6.017799214614991,2005Maha,
2005-04-02,140985.0,6.017799214614991,2005Maha,
2005-04-03,140985.0,6.017799214614991,2005Maha,
2005-04-04,140985.0,6.017799214614991,2005Maha,
2005-04-05,140985.0,6.017799214614991,2005Maha,
2005-04-06,140985.0,6.017799214614991,2005Maha,
2005-04-07,140985.0,6.017799214614991,2005Maha,
2005-04-08,140985.0,6.017799214614991,2005Maha,
2005-04-09,140985.0,6.017799214614991,2005Maha,
2005-04-10,140985.0,6.017799214614991,2005Maha,
2005-04-11,140985.0,6.017799214614991,2005Maha,
2005-04-12,140985.0,6.017799214614991,2005Maha,
2005-04-13,140985.0,6.017799214614991,2005Maha,
2005-04-14,140985.0,6.017799214614991,2005Maha,
2005-04-15,140985.0,6.017799214614991,2005Maha,
2005-04-16,140985.0,6.017799214614991,2005Maha,
2005-04-17,140985.0,6.017799214614991,2005Maha,
2005-04-18,140985.0,6.017799214614991,2005Maha,
2005-04-19,140985.0,6.017799214614991,2005Maha,
2005-04-20,140985.0,6.017799214614991,2005Maha,
2005-04-21,140985.0,6.017799214614991,2005Maha,
2005-04-22,140985.0,6.017799214614991,2005Maha,
2005-04-23,140985.0,6.017799214614991,2005Maha,
2005-04-24,140985.0,6.017799214614991,2005Maha,
2005-04-25,140985.0,6.017799214614991,2005Maha,
2005-04-26,140985.0,6.017799214614991,2005Maha,
2005-04-27,140985.0,6.017799214614991,2005Maha,
2005-04-28,140985.0,6.017799214614991,2005Maha,
2005-04-29,140985.0,6.017799214614991,2005Maha,
2005-04-30,140985.0,6.017799214614991,2005Maha,
2005-05-01,140985.0,6.017799214614991,2005Maha,
2005-05-02,140985.0,6.017799214614991,2005Maha,
2005-05-03,140985.0,6.017799214614991,2005Maha,
2005-05-04,140985.0,6.017799214614991,2005Maha,
2005-05-05,140985.0,6.017799214614991,2005Maha,
2005-05-06,140985.0,6.017799214614991,2005Maha,
2005-05-07,140985.0,6.017799214614991,2005Maha,
2005-05-08,140985.0,6.017799214614991,2005Maha,
2005-05-09,140985.0,6.017799214614991,2005Maha,
2005-05-10,140985.0,6.017799214614991,2005Maha,
2005-05-11,140985.0,6.017799214614991,2005Maha,
2005-05-12,140985.0,6.017799214614991,2005Maha,
2005-05-13,140985.0,6.017799214614991,2005Maha,
2005-05-14,140985.0,6.017799214614991,2005Maha,
2005-05-15,140985.0,6.017799214614991,2005Maha,
2005-05-16,140985.0,6.017799214614991,2005Maha,
2005-05-17,140985.0,6.017799214614991,2005Maha,
2005-05-18,140985.0,6.017799214614991,2005Maha,
2005-05-19,140985.0,6.017799214614991,2005Maha,
2005-05-20,140985.0,6.017799214614991,2005Maha,
2005-05-21,140985.0,6.017799214614991,2005Maha,
2005-05-22,140985.0,6.017799214614991,2005Maha,
2005-05-23,140985.0,6.017799214614991,2005Maha,
2005-05-24,140985.0,6.017799214614991,2005Maha,
2005-05-25,140985.0,6.017799214614991,2005Maha,
2005-05-26,140985.0,6.017799214614991,2005Maha,
2005-05-27,140985.0,6.017799214614991,2005Maha,
2005-05-28,140985.0,6.017799214614991,2005Maha,
2005-05-29,140985.0,6.017799214614991,2005Maha,
2005-05-30,140985.0,6.017799214614991,2005Maha,
2005-05-31,140985.0,6.017799214614991,2005Maha,
2005-06-01,140985.0,6.017799214614991,2005Maha,
2005-06-02,140985.0,6.017799214614991,2005Maha,
2005-06-03,140985.0,6.017799214614991,2005Maha,
2005-06-04,140985.0,6.017799214614991,2005Maha,
2005-06-05,140985.0,6.017799214614991,2005Maha,
2005-06-06,140985.0,6.017799214614991,2005Maha,
2005-06-07,140985.0,6.017799214614991,2005Maha,
2005-06-08,140985.0,6.017799214614991,2005Maha,
2005-06-09,140985.0,6.017799214614991,2005Maha,
2005-06-10,140985.0,6.017799214614991,2005Maha,
2005-06-11,140985.0,6.017799214614991,2005Maha,
2005-06-12,140985.0,6.017799214614991,2005Maha,
2005-06-13,140985.0,6.017799214614991,2005Maha,
2005-06-14,140985.0,6.017799214614991,2005Maha,
2005-06-15,140985.0,6.017799214614991,2005Maha,
2005-06-16,140985.0,6.017799214614991,2005Maha,
2005-06-17,140985.0,6.017799214614991,2005Maha,
2005-06-18,140985.0,6.017799214614991,2005Maha,
2005-06-19,140985.0,6.017799214614991,2005Maha,
2005-06-20,140985.0,6.017799214614991,2005Maha,
2005-06-21,140985.0,6.017799214614991,2005Maha,
2005-06-22,140985.0,6.017799214614991,2005Maha,
2005-06-23,140985.0,6.017799214614991,2005Maha,
2005-06-24,140985.0,6.017799214614991,2005Maha,
2005-06-25,140985.0,6.017799214614991,2005Maha,
2005-06-26,140985.0,6.017799214614991,2005Maha,
2005-06-27,140985.0,6.017799214614991,2005Maha,
2005-06-28,140985.0,6.017799214614991,2005Maha,
2005-06-29,140985.0,6.017799214614991,2005Maha,
2005-06-30,140985.0,6.017799214614991,2005Maha,
2005-07-01,140985.0,6.017799214614991,2005Maha,
2005-07-02,140985.0,6.017799214614991,2005Maha,
2005-07-03,140985.0,6.017799214614991,2005Maha,
2005-07-04,140985.0,6.017799214614991,2005Maha,
2005-07-05,140985.0,6.017799214614991,2005Maha,
2005-07-06,140985.0,6.017799214614991,2005Maha,
2005-07-07,140985.0,6.017799214614991,2005Maha,
2005-07-08,140985.0,6.017799214614991,2005Maha,
2005-07-09,140985.0,6.017799214614991,2005Maha,
2005-07-10,140985.0,6.017799214614991,2005Maha,
2005-07-11,140985.0,6.017799214614991,2005Maha,
2005-07-12,140985.0,6.017799214614991,2005Maha,
2005-07-13,140985.0,6.017799214614991,2005Maha,
2005-07-14,140985.0,6.017799214614991,2005Maha,
2005-07-15,140985.0,6.017799214614991,2005Maha,
2005-07-16,140985.0,6.017799214614991,2005Maha,
2005-07-17,140985.0,6.017799214614991,2005Maha,
2005-07-18,140985.0,6.017799214614991,2005Maha,
2005-07-19,140985.0,6.017799214614991,2005Maha,
2005-07-20,140985.0,6.017799214614991,2005Maha,
2005-07-21,140985.0,6.017799214614991,2005Maha,
2005-07-22,140985.0,6.017799214614991,2005Maha,
2005-07-23,140985.0,6.017799214614991,2005Maha,
2005-07-24,140985.0,6.017799214614991,2005Maha,
2005-07-25,140985.0,6.017799214614991,2005Maha,
2005-07-26,140985.0,6.017799214614991,2005Maha,
2005-07-27,140985.0,6.017799214614991,2005Maha,
2005-07-28,140985.0,6.017799214614991,2005Maha,
2005-07-29,140985.0,6.017799214614991,2005Maha,
2005-07-30,140985.0,6.017799214614991,2005Maha,
2005-07-31,140985.0,6.017799214614991,2005Maha,
2005-08-01,140985.0,6.017799214614991,2005Maha,
2005-08-02,140985.0,6.017799214614991,2005Maha,
2005-08-03,140985.0,6.017799214614991,2005Maha,
2005-08-04,140985.0,6.017799214614991,2005Maha,
2005-08-05,140985.0,6.017799214614991,2005Maha,
2005-08-06,140985.0,6.017799214614991,2005Maha,
2005-08-07,140985.0,6.017799214614991,2005Maha,
2005-08-08,140985.0,6.017799214614991,2005Maha,
2005-08-09,140985.0,6.017799214614991,2005Maha,
2005-08-10,140985.0,6.017799214614991,2005Maha,
2005-08-11,140985.0,6.017799214614991,2005Maha,
2005-08-12,140985.0,6.017799214614991,2005Maha,
2005-08-13,140985.0,6.017799214614991,2005Maha,
2005-08-14,140985.0,6.017799214614991,2005Maha,
2005-08-15,140985.0,6.017799214614991,2005Maha,
2005-08-16,140985.0,6.017799214614991,2005Maha,
2005-08-17,140985.0,6.017799214614991,2005Maha,
2005-08-18,140985.0,6.017799214614991,2005Maha,
2005-08-19,140985.0,6.017799214614991,2005Maha,
2005-08-20,140985.0,6.017799214614991,2005Maha,
2005-08-21,140985.0,6.017799214614991,2005Maha,
2005-08-22,140985.0,6.017799214614991,2005Maha,
2005-08-23,140985.0,6.017799214614991,2005Maha,
2005-08-24,140985.0,6.017799214614991,2005Maha,
2005-08-25,140985.0,6.017799214614991,2005Maha,
2005-08-26,140985.0,6.017799214614991,2005Maha,
2005-08-27,140985.0,6.017799214614991,2005Maha,
2005-08-28,140985.0,6.017799214614991,2005Maha,
2005-08-29,140985.0,6.017799214614991,2005Maha,
2005-08-30,140985.0,6.017799214614991,2005Maha,
2005-08-31,140985.0,6.017799214614991,2005Maha,
2005-09-01,20525.0,1.0150840751730958,2005Yala,
2005-09-02,20525.0,1.0150840751730958,2005Yala,
2005-09-03,20525.0,1.0150840751730958,2005Yala,
2005-09-04,20525.0,1.0150840751730958,2005Yala,
2005-09-05,20525.0,1.0150840751730958,2005Yala,
2005-09-06,20525.0,1.0150840751730958,2005Yala,
2005-09-07,20525.0,1.0150840751730958,2005Yala,
2005-09-08,20525.0,1.0150840751730958,2005Yala,
2005-09-09,20525.0,1.0150840751730958,2005Yala,
2005-09-10,20525.0,1.0150840751730958,2005Yala,
2005-09-11,20525.0,1.0150840751730958,2005Yala,
2005-09-12,20525.0,1.0150840751730958,2005Yala,
2005-09-13,20525.0,1.0150840751730958,2005Yala,
2005-09-14,20525.0,1.0150840751730958,2005Yala,
2005-09-15,20525.0,1.0150840751730958,2005Yala,
2005-09-16,20525.0,1.0150840751730958,2005Yala,
2005-09-17,20525.0,1.0150840751730958,2005Yala,
2005-09-18,20525.0,1.0150840751730958,2005Yala,
2005-09-19,20525.0,1.0150840751730958,2005Yala,
2005-09-20,20525.0,1.0150840751730958,2005Yala,
2005-09-21,20525.0,1.0150840751730958,2005Yala,
2005-09-22,20525.0,1.0150840751730958,2005Yala,
2005-09-23,20525.0,1.0150840751730958,2005Yala,
2005-09-24,20525.0,1.0150840751730958,2005Yala,
2005-09-25,20525.0,1.0150840751730958,2005Yala,
2005-09-26,20525.0,1.0150840751730958,2005Yala,
2005-09-27,20525.0,1.0150840751730958,2005Yala,
2005-09-28,20525.0,1.0150840751730958,2005Yala,
2005-09-29,20525.0,1.0150840751730958,2005Yala,
2005-09-30,20525.0,1.0150840751730958,2005Yala,
2005-10-01,20525.0,1.0150840751730958,2005Yala,
2005-10-02,20525.0,1.0150840751730958,2005Yala,
2005-10-03,20525.0,1.0150840751730958,2005Yala,
2005-10-04,20525.0,1.0150840751730958,2005Yala,
2005-10-05,20525.0,1.0150840751730958,2005Yala,
2005-10-06,20525.0,1.0150840751730958,2005Yala,
2005-10-07,20525.0,1.0150840751730958,2005Yala,
2005-10-08,20525.0,1.0150840751730958,2005Yala,
2005-10-09,20525.0,1.0150840751730958,2005Yala,
2005-10-10,20525.0,1.0150840751730958,2005Yala,
2005-10-11,20525.0,1.0150840751730958,2005Yala,
2005-10-12,20525.0,1.0150840751730958,2005Yala,
2005-10-13,20525.0,1.0150840751730958,2005Yala,
2005-10-14,20525.0,1.0150840751730958,2005Yala,
2005-10-15,20525.0,1.0150840751730958,2005Yala,
2005-10-16,20525.0,1.0150840751730958,2005Yala,
2005-10-17,20525.0,1.0150840751730958,2005Yala,
2005-10-18,20525.0,1.0150840751730958,2005Yala,
2005-10-19,20525.0,1.0150840751730958,2005Yala,
2005-10-20,20525.0,1.0150840751730958,2005Yala,
2005-10-21,20525.0,1.0150840751730958,2005Yala,
2005-10-22,20525.0,1.0150840751730958,2005Yala,
2005-10-23,20525.0,1.0150840751730958,2005Yala,
2005-10-24,20525.0,1.0150840751730958,2005Yala,
2005-10-25,20525.0,1.0150840751730958,2005Yala,
2005-10-26,20525.0,1.0150840751730958,2005Yala,
2005-10-27,20525.0,1.0150840751730958,2005Yala,
2005-10-28,20525.0,1.0150840751730958,2005Yala,
2005-10-29,20525.0,1.0150840751730958,2005Yala,
2005-10-30,20525.0,1.0150840751730958,2005Yala,
2005-10-31,20525.0,1.0150840751730958,2005Yala,
2005-11-01,20525.0,1.0150840751730958,2005Yala,
2005-11-02,20525.0,1.0150840751730958,2005Yala,
2005-11-03,20525.0,1.0150840751730958,2005Yala,
2005-11-04,20525.0,1.0150840751730958,2005Yala,
2005-11-05,20525.0,1.0150840751730958,2005Yala,
2005-11-06,20525.0,1.0150840751730958,2005Yala,
2005-11-07,20525.0,1.0150840751730958,2005Yala,
2005-11-08,20525.0,1.0150840751730958,2005Yala,
2005-11-09,20525.0,1.0150840751730958,2005Yala,
2005-11-10,20525.0,1.0150840751730958,2005Yala,
2005-11-11,20525.0,1.0150840751730958,2005Yala,
2005-11-12,20525.0,1.0150840751730958,2005Yala,
2005-11-13,20525.0,1.0150840751730958,2005Yala,
2005-11-14,20525.0,1.0150840751730958,2005Yala,
2005-11-15,20525.0,1.0150840751730958,2005Yala,
2005-11-16,20525.0,1.0150840751730958,2005Yala,
2005-11-17,20525.0,1.0150840751730958,2005Yala,
2005-11-18,20525.0,1.0150840751730958,2005Yala,
2005-11-19,20525.0,1.0150840751730958,2005Yala,
2005-11-20,20525.0,1.0150840751730958,2005Yala,
2005-11-21,20525.0,1.0150840751730958,2005Yala,
2005-11-22,20525.0,1.0150840751730958,2005Yala,
2005-11-23,20525.0,1.0150840751730958,2005Yala,
2005-11-24,20525.0,1.0150840751730958,2005Yala,
2005-11-25,20525.0,1.0150840751730958,2005Yala,
2005-11-26,20525.0,1.0150840751730958,2005Yala,
2005-11-27,20525.0,1.0150840751730958,2005Yala,
2005-11-28,20525.0,1.0150840751730958,2005Yala,
2005-11-29,20525.0,1.0150840751730958,2005Yala,
2005-11-30,20525.0,1.0150840751730958,2005Yala,
2005-12-01,20525.0,1.0150840751730958,2005Yala,
2005-12-02,20525.0,1.0150840751730958,2005Yala,
2005-12-03,20525.0,1.0150840751730958,2005Yala,
2005-12-04,20525.0,1.0150840751730958,2005Yala,
2005-12-05,20525.0,1.0150840751730958,2005Yala,
2005-12-06,20525.0,1.0150840751730958,2005Yala,
2005-12-07,20525.0,1.0150840751730958,2005Yala,
2005-12-08,20525.0,1.0150840751730958,2005Yala,
2005-12-09,20525.0,1.0150840751730958,2005Yala,
2005-12-10,20525.0,1.0150840751730958,2005Yala,
2005-12-11,20525.0,1.0150840751730958,2005Yala,
2005-12-12,20525.0,1.0150840751730958,2005Yala,
2005-12-13,20525.0,1.0150840751730958,2005Yala,
2005-12-14,20525.0,1.0150840751730958,2005Yala,
2005-12-15,20525.0,1.0150840751730958,2005Yala,
2005-12-16,20525.0,1.0150840751730958,2005Yala,
2005-12-17,20525.0,1.0150840751730958,2005Yala,
2005-12-18,20525.0,1.0150840751730958,2005Yala,
2005-12-19,20525.0,1.0150840751730958,2005Yala,
2005-12-20,20525.0,1.0150840751730958,2005Yala,
2005-12-21,20525.0,1.0150840751730958,2005Yala,
2005-12-22,20525.0,1.0150840751730958,2005Yala,
2005-12-23,20525.0,1.0150840751730958,2005Yala,
2005-12-24,20525.0,1.0150840751730958,2005Yala,
2005-12-25,20525.0,1.0150840751730958,2005Yala,
2005-12-26,20525.0,1.0150840751730958,2005Yala,
2005-12-27,20525.0,1.0150840751730958,2005Yala,
2005-12-28,20525.0,1.0150840751730958,2005Yala,
2005-12-29,20525.0,1.0150840751730958,2005Yala,
2005-12-30,20525.0,1.0150840751730958,2005Yala,
2005-12-31,20525.0,1.0150840751730958,2005Yala,
2006-01-01,20525.0,1.0150840751730958,2005Yala,
2006-01-02,20525.0,1.0150840751730958,2005Yala,
2006-01-03,20525.0,1.0150840751730958,2005Yala,
2006-01-04,20525.0,1.0150840751730958,2005Yala,
2006-01-05,20525.0,1.0150840751730958,2005Yala,
2006-01-06,20525.0,1.0150840751730958,2005Yala,
2006-01-07,20525.0,1.0150840751730958,2005Yala,
2006-01-08,20525.0,1.0150840751730958,2005Yala,
2006-01-09,20525.0,1.0150840751730958,2005Yala,
2006-01-10,20525.0,1.0150840751730958,2005Yala,
2006-01-11,20525.0,1.0150840751730958,2005Yala,
2006-01-12,20525.0,1.0150840751730958,2005Yala,
2006-01-13,20525.0,1.0150840751730958,2005Yala,
2006-01-14,20525.0,1.0150840751730958,2005Yala,
2006-01-15,20525.0,1.0150840751730958,2005Yala,
2006-01-16,20525.0,1.0150840751730958,2005Yala,
2006-01-17,20525.0,1.0150840751730958,2005Yala,
2006-01-18,20525.0,1.0150840751730958,2005Yala,
2006-01-19,20525.0,1.0150840751730958,2005Yala,
2006-01-20,20525.0,1.0150840751730958,2005Yala,
2006-01-21,20525.0,1.0150840751730958,2005Yala,
2006-01-22,20525.0,1.0150840751730958,2005Yala,
2006-01-23,20525.0,1.0150840751730958,2005Yala,
2006-01-24,20525.0,1.0150840751730958,2005Yala,
2006-01-25,20525.0,1.0150840751730958,2005Yala,
2006-01-26,20525.0,1.0150840751730958,2005Yala,
2006-01-27,20525.0,1.0150840751730958,2005Yala,
2006-01-28,20525.0,1.0150840751730958,2005Yala,
2006-01-29,20525.0,1.0150840751730958,2005Yala,
2006-01-30,20525.0,1.0150840751730958,2005Yala,
2006-01-31,20525.0,1.0150840751730958,2005Yala,
2006-02-01,20525.0,1.0150840751730958,2005Yala,
2006-02-02,20525.0,1.0150840751730958,2005Yala,
2006-02-03,20525.0,1.0150840751730958,2005Yala,
2006-02-04,20525.0,1.0150840751730958,2005Yala,
2006-02-05,20525.0,1.0150840751730958,2005Yala,
2006-02-06,20525.0,1.0150840751730958,2005Yala,
2006-02-07,20525.0,1.0150840751730958,2005Yala,
2006-02-08,20525.0,1.0150840751730958,2005Yala,
2006-02-09,20525.0,1.0150840751730958,2005Yala,
2006-02-10,20525.0,1.0150840751730958,2005Yala,
2006-02-11,20525.0,1.0150840751730958,2005Yala,
2006-02-12,20525.0,1.0150840751730958,2005Yala,
2006-02-13,20525.0,1.0150840751730958,2005Yala,
2006-02-14,20525.0,1.0150840751730958,2005Yala,
2006-02-15,20525.0,1.0150840751730958,2005Yala,
2006-02-16,20525.0,1.0150840751730958,2005Yala,
2006-02-17,20525.0,1.0150840751730958,2005Yala,
2006-02-18,20525.0,1.0150840751730958,2005Yala,
2006-02-19,20525.0,1.0150840751730958,2005Yala,
2006-02-20,20525.0,1.0150840751730958,2005Yala,
2006-02-21,20525.0,1.0150840751730958,2005Yala,
2006-02-22,20525.0,1.0150840751730958,2005Yala,
2006-02-23,20525.0,1.0150840751730958,2005Yala,
2006-02-24,20525.0,1.0150840751730958,2005Yala,
2006-02-25,20525.0,1.0150840751730958,2005Yala,
2006-02-26,20525.0,1.0150840751730958,2005Yala,
2006-02-27,20525.0,1.0150840751730958,2005Yala,
2006-02-28,20525.0,1.0150840751730958,2005Yala,
2006-03-01,36103.0,0.1870408554465294,2005-2006Maha,-74.39231123878427
2006-03-02,36103.0,0.1870408554465294,2005-2006Maha,-74.39231123878427
2006-03-03,36103.0,0.1870408554465294,2005-2006Maha,-74.39231123878427
2006-03-04,36103.0,0.1870408554465294,2005-2006Maha,-74.39231123878427
2006-03-05,36103.0,0.1870408554465294,2005-2006Maha,-74.39231123878427
2006-03-06,36103.0,0.1870408554465294,2005-2006Maha,-74.39231123878427
2006-03-07,36103.0,0.1870408554465294,2005-2006Maha,-74.39231123878427
2006-03-08,36103.0,0.1870408554465294,2005-2006Maha,-74.39231123878427
2006-03-09,36103.0,0.1870408554465294,2005-2006Maha,-74.39231123878427
2006-03-10,36103.0,0.1870408554465294,2005-2006Maha,-74.39231123878427
2006-03-11,36103.0,0.1870408554465294,2005-2006Maha,-74.39231123878427
2006-03-12,36103.0,0.1870408554465294,2005-2006Maha,-74.39231123878427
2006-03-13,36103.0,0.1870408554465294,2005-2006Maha,-74.39231123878427
2006-03-14,36103.0,0.1870408554465294,2005-2006Maha,-74.39231123878427
2006-03-15,36103.0,0.1870408554465294,2005-2006Maha,-74.39231123878427
2006-03-16,36103.0,0.1870408554465294,2005-2006Maha,-74.39231123878427
2006-03-17,36103.0,0.1870408554465294,2005-2006Maha,-74.39231123878427
2006-03-18,36103.0,0.1870408554465294,2005-2006Maha,-74.39231123878427
2006-03-19,36103.0,0.1870408554465294,2005-2006Maha,-74.39231123878427
2006-03-20,36103.0,0.1870408554465294,2005-2006Maha,-74.39231123878427
2006-03-21,36103.0,0.1870408554465294,2005-2006Maha,-74.39231123878427
2006-03-22,36103.0,0.1870408554465294,2005-2006Maha,-74.39231123878427
2006-03-23,36103.0,0.1870408554465294,2005-2006Maha,-74.39231123878427
2006-03-24,36103.0,0.1870408554465294,2005-2006Maha,-74.39231123878427
2006-03-25,36103.0,0.1870408554465294,2005-2006Maha,-74.39231123878427
2006-03-26,36103.0,0.1870408554465294,2005-2006Maha,-74.39231123878427
2006-03-27,36103.0,0.1870408554465294,2005-2006Maha,-74.39231123878427
2006-03-28,36103.0,0.1870408554465294,2005-2006Maha,-74.39231123878427
2006-03-29,36103.0,0.1870408554465294,2005-2006Maha,-74.39231123878427
2006-03-30,36103.0,0.1870408554465294,2005-2006Maha,-74.39231123878427
2006-03-31,36103.0,0.1870408554465294,2005-2006Maha,-74.39231123878427
2006-04-01,36103.0,0.1870408554465294,2005-2006Maha,-74.39231123878427
2006-04-02,36103.0,0.1870408554465294,2005-2006Maha,-74.39231123878427
2006-04-03,36103.0,0.1870408554465294,2005-2006Maha,-74.39231123878427
2006-04-04,36103.0,0.1870408554465294,2005-2006Maha,-74.39231123878427
2006-04-05,36103.0,0.1870408554465294,2005-2006Maha,-74.39231123878427
2006-04-06,36103.0,0.1870408554465294,2005-2006Maha,-74.39231123878427
2006-04-07,36103.0,0.1870408554465294,2005-2006Maha,-74.39231123878427
2006-04-08,36103.0,0.1870408554465294,2005-2006Maha,-74.39231123878427
2006-04-09,36103.0,0.1870408554465294,2005-2006Maha,-74.39231123878427
2006-04-10,36103.0,0.1870408554465294,2005-2006Maha,-74.39231123878427
2006-04-11,36103.0,0.1870408554465294,2005-2006Maha,-74.39231123878427
2006-04-12,36103.0,0.1870408554465294,2005-2006Maha,-74.39231123878427
2006-04-13,36103.0,0.1870408554465294,2005-2006Maha,-74.39231123878427
2006-04-14,36103.0,0.1870408554465294,2005-2006Maha,-74.39231123878427
2006-04-15,36103.0,0.1870408554465294,2005-2006Maha,-74.39231123878427
2006-04-16,36103.0,0.1870408554465294,2005-2006Maha,-74.39231123878427
2006-04-17,36103.0,0.1870408554465294,2005-2006Maha,-74.39231123878427
2006-04-18,36103.0,0.1870408554465294,2005-2006Maha,-74.39231123878427
2006-04-19,36103.0,0.1870408554465294,2005-2006Maha,-74.39231123878427
2006-04-20,36103.0,0.1870408554465294,2005-2006Maha,-74.39231123878427
2006-04-21,36103.0,0.1870408554465294,2005-2006Maha,-74.39231123878427
2006-04-22,36103.0,0.1870408554465294,2005-2006Maha,-74.39231123878427
2006-04-23,36103.0,0.1870408554465294,2005-2006Maha,-74.39231123878427
2006-04-24,36103.0,0.1870408554465294,2005-2006Maha,-74.39231123878427
2006-04-25,36103.0,0.1870408554465294,2005-2006Maha,-74.39231123878427
2006-04-26,36103.0,0.1870408554465294,2005-2006Maha,-74.39231123878427
2006-04-27,36103.0,0.1870408554465294,2005-2006Maha,-74.39231123878427
2006-04-28,36103.0,0.1870408554465294,2005-2006Maha,-74.39231123878427
2006-04-29,36103.0,0.1870408554465294,2005-2006Maha,-74.39231123878427
2006-04-30,36103.0,0.1870408554465294,2005-2006Maha,-74.39231123878427
2006-05-01,36103.0,0.1870408554465294,2005-2006Maha,-74.39231123878427
2006-05-02,36103.0,0.1870408554465294,2005-2006Maha,-74.39231123878427
2006-05-03,36103.0,0.1870408554465294,2005-2006Maha,-74.39231123878427
2006-05-04,36103.0,0.1870408554465294,2005-2006Maha,-74.39231123878427
2006-05-05,36103.0,0.1870408554465294,2005-2006Maha,-74.39231123878427
2006-05-06,36103.0,0.1870408554465294,2005-2006Maha,-74.39231123878427
2006-05-07,36103.0,0.1870408554465294,2005-2006Maha,-74.39231123878427
2006-05-08,36103.0,0.1870408554465294,2005-2006Maha,-74.39231123878427
2006-05-09,36103.0,0.1870408554465294,2005-2006Maha,-74.39231123878427
2006-05-10,36103.0,0.1870408554465294,2005-2006Maha,-74.39231123878427
2006-05-11,36103.0,0.1870408554465294,2005-2006Maha,-74.39231123878427
2006-05-12,36103.0,0.1870408554465294,2005-2006Maha,-74.39231123878427
2006-05-13,36103.0,0.1870408554465294,2005-2006Maha,-74.39231123878427
2006-05-14,36103.0,0.1870408554465294,2005-2006Maha,-74.39231123878427
2006-05-15,36103.0,0.1870408554465294,2005-2006Maha,-74.39231123878427
2006-05-16,36103.0,0.1870408554465294,2005-2006Maha,-74.39231123878427
2006-05-17,36103.0,0.1870408554465294,2005-2006Maha,-74.39231123878427
2006-05-18,36103.0,0.1870408554465294,2005-2006Maha,-74.39231123878427
2006-05-19,36103.0,0.1870408554465294,2005-2006Maha,-74.39231123878427
2006-05-20,36103.0,0.1870408554465294,2005-2006Maha,-74.39231123878427
2006-05-21,36103.0,0.1870408554465294,2005-2006Maha,-74.39231123878427
2006-05-22,36103.0,0.1870408554465294,2005-2006Maha,-74.39231123878427
2006-05-23,36103.0,0.1870408554465294,2005-2006Maha,-74.39231123878427
2006-05-24,36103.0,0.1870408554465294,2005-2006Maha,-74.39231123878427
2006-05-25,36103.0,0.1870408554465294,2005-2006Maha,-74.39231123878427
2006-05-26,36103.0,0.1870408554465294,2005-2006Maha,-74.39231123878427
2006-05-27,36103.0,0.1870408554465294,2005-2006Maha,-74.39231123878427
2006-05-28,36103.0,0.1870408554465294,2005-2006Maha,-74.39231123878427
2006-05-29,36103.0,0.1870408554465294,2005-2006Maha,-74.39231123878427
2006-05-30,36103.0,0.1870408554465294,2005-2006Maha,-74.39231123878427
2006-05-31,36103.0,0.1870408554465294,2005-2006Maha,-74.39231123878427
2006-06-01,36103.0,0.1870408554465294,2005-2006Maha,-74.39231123878427
2006-06-02,36103.0,0.1870408554465294,2005-2006Maha,-74.39231123878427
2006-06-03,36103.0,0.1870408554465294,2005-2006Maha,-74.39231123878427
2006-06-04,36103.0,0.1870408554465294,2005-2006Maha,-74.39231123878427
2006-06-05,36103.0,0.1870408554465294,2005-2006Maha,-74.39231123878427
2006-06-06,36103.0,0.1870408554465294,2005-2006Maha,-74.39231123878427
2006-06-07,36103.0,0.1870408554465294,2005-2006Maha,-74.39231123878427
2006-06-08,36103.0,0.1870408554465294,2005-2006Maha,-74.39231123878427
2006-06-09,36103.0,0.1870408554465294,2005-2006Maha,-74.39231123878427
2006-06-10,36103.0,0.1870408554465294,2005-2006Maha,-74.39231123878427
2006-06-11,36103.0,0.1870408554465294,2005-2006Maha,-74.39231123878427
2006-06-12,36103.0,0.1870408554465294,2005-2006Maha,-74.39231123878427
2006-06-13,36103.0,0.1870408554465294,2005-2006Maha,-74.39231123878427
2006-06-14,36103.0,0.1870408554465294,2005-2006Maha,-74.39231123878427
2006-06-15,36103.0,0.1870408554465294,2005-2006Maha,-74.39231123878427
2006-06-16,36103.0,0.1870408554465294,2005-2006Maha,-74.39231123878427
2006-06-17,36103.0,0.1870408554465294,2005-2006Maha,-74.39231123878427
2006-06-18,36103.0,0.1870408554465294,2005-2006Maha,-74.39231123878427
2006-06-19,36103.0,0.1870408554465294,2005-2006Maha,-74.39231123878427
2006-06-20,36103.0,0.1870408554465294,2005-2006Maha,-74.39231123878427
2006-06-21,36103.0,0.1870408554465294,2005-2006Maha,-74.39231123878427
2006-06-22,36103.0,0.1870408554465294,2005-2006Maha,-74.39231123878427
2006-06-23,36103.0,0.1870408554465294,2005-2006Maha,-74.39231123878427
2006-06-24,36103.0,0.1870408554465294,2005-2006Maha,-74.39231123878427
2006-06-25,36103.0,0.1870408554465294,2005-2006Maha,-74.39231123878427
2006-06-26,36103.0,0.1870408554465294,2005-2006Maha,-74.39231123878427
2006-06-27,36103.0,0.1870408554465294,2005-2006Maha,-74.39231123878427
2006-06-28,36103.0,0.1870408554465294,2005-2006Maha,-74.39231123878427
2006-06-29,36103.0,0.1870408554465294,2005-2006Maha,-74.39231123878427
2006-06-30,36103.0,0.1870408554465294,2005-2006Maha,-74.39231123878427
2006-07-01,36103.0,0.1870408554465294,2005-2006Maha,-74.39231123878427
2006-07-02,36103.0,0.1870408554465294,2005-2006Maha,-74.39231123878427
2006-07-03,36103.0,0.1870408554465294,2005-2006Maha,-74.39231123878427
2006-07-04,36103.0,0.1870408554465294,2005-2006Maha,-74.39231123878427
2006-07-05,36103.0,0.1870408554465294,2005-2006Maha,-74.39231123878427
2006-07-06,36103.0,0.1870408554465294,2005-2006Maha,-74.39231123878427
2006-07-07,36103.0,0.1870408554465294,2005-2006Maha,-74.39231123878427
2006-07-08,36103.0,0.1870408554465294,2005-2006Maha,-74.39231123878427
2006-07-09,36103.0,0.1870408554465294,2005-2006Maha,-74.39231123878427
2006-07-10,36103.0,0.1870408554465294,2005-2006Maha,-74.39231123878427
2006-07-11,36103.0,0.1870408554465294,2005-2006Maha,-74.39231123878427
2006-07-12,36103.0,0.1870408554465294,2005-2006Maha,-74.39231123878427
2006-07-13,36103.0,0.1870408554465294,2005-2006Maha,-74.39231123878427
2006-07-14,36103.0,0.1870408554465294,2005-2006Maha,-74.39231123878427
2006-07-15,36103.0,0.1870408554465294,2005-2006Maha,-74.39231123878427
2006-07-16,36103.0,0.1870408554465294,2005-2006Maha,-74.39231123878427
2006-07-17,36103.0,0.1870408554465294,2005-2006Maha,-74.39231123878427
2006-07-18,36103.0,0.1870408554465294,2005-2006Maha,-74.39231123878427
2006-07-19,36103.0,0.1870408554465294,2005-2006Maha,-74.39231123878427
2006-07-20,36103.0,0.1870408554465294,2005-2006Maha,-74.39231123878427
2006-07-21,36103.0,0.1870408554465294,2005-2006Maha,-74.39231123878427
2006-07-22,36103.0,0.1870408554465294,2005-2006Maha,-74.39231123878427
2006-07-23,36103.0,0.1870408554465294,2005-2006Maha,-74.39231123878427
2006-07-24,36103.0,0.1870408554465294,2005-2006Maha,-74.39231123878427
2006-07-25,36103.0,0.1870408554465294,2005-2006Maha,-74.39231123878427
2006-07-26,36103.0,0.1870408554465294,2005-2006Maha,-74.39231123878427
2006-07-27,36103.0,0.1870408554465294,2005-2006Maha,-74.39231123878427
2006-07-28,36103.0,0.1870408554465294,2005-2006Maha,-74.39231123878427
2006-07-29,36103.0,0.1870408554465294,2005-2006Maha,-74.39231123878427
2006-07-30,36103.0,0.1870408554465294,2005-2006Maha,-74.39231123878427
2006-07-31,36103.0,0.1870408554465294,2005-2006Maha,-74.39231123878427
2006-08-01,36103.0,0.1870408554465294,2005-2006Maha,-74.39231123878427
2006-08-02,36103.0,0.1870408554465294,2005-2006Maha,-74.39231123878427
2006-08-03,36103.0,0.1870408554465294,2005-2006Maha,-74.39231123878427
2006-08-04,36103.0,0.1870408554465294,2005-2006Maha,-74.39231123878427
2006-08-05,36103.0,0.1870408554465294,2005-2006Maha,-74.39231123878427
2006-08-06,36103.0,0.1870408554465294,2005-2006Maha,-74.39231123878427
2006-08-07,36103.0,0.1870408554465294,2005-2006Maha,-74.39231123878427
2006-08-08,36103.0,0.1870408554465294,2005-2006Maha,-74.39231123878427
2006-08-09,36103.0,0.1870408554465294,2005-2006Maha,-74.39231123878427
2006-08-10,36103.0,0.1870408554465294,2005-2006Maha,-74.39231123878427
2006-08-11,36103.0,0.1870408554465294,2005-2006Maha,-74.39231123878427
2006-08-12,36103.0,0.1870408554465294,2005-2006Maha,-74.39231123878427
2006-08-13,36103.0,0.1870408554465294,2005-2006Maha,-74.39231123878427
2006-08-14,36103.0,0.1870408554465294,2005-2006Maha,-74.39231123878427
2006-08-15,36103.0,0.1870408554465294,2005-2006Maha,-74.39231123878427
2006-08-16,36103.0,0.1870408554465294,2005-2006Maha,-74.39231123878427
2006-08-17,36103.0,0.1870408554465294,2005-2006Maha,-74.39231123878427
2006-08-18,36103.0,0.1870408554465294,2005-2006Maha,-74.39231123878427
2006-08-19,36103.0,0.1870408554465294,2005-2006Maha,-74.39231123878427
2006-08-20,36103.0,0.1870408554465294,2005-2006Maha,-74.39231123878427
2006-08-21,36103.0,0.1870408554465294,2005-2006Maha,-74.39231123878427
2006-08-22,36103.0,0.1870408554465294,2005-2006Maha,-74.39231123878427
2006-08-23,36103.0,0.1870408554465294,2005-2006Maha,-74.39231123878427
2006-08-24,36103.0,0.1870408554465294,2005-2006Maha,-74.39231123878427
2006-08-25,36103.0,0.1870408554465294,2005-2006Maha,-74.39231123878427
2006-08-26,36103.0,0.1870408554465294,2005-2006Maha,-74.39231123878427
2006-08-27,36103.0,0.1870408554465294,2005-2006Maha,-74.39231123878427
2006-08-28,36103.0,0.1870408554465294,2005-2006Maha,-74.39231123878427
2006-08-29,36103.0,0.1870408554465294,2005-2006Maha,-74.39231123878427
2006-08-30,36103.0,0.1870408554465294,2005-2006Maha,-74.39231123878427
2006-08-31,36103.0,0.1870408554465294,2005-2006Maha,-74.39231123878427
2006-09-01,21569.0,0.9170493197278912,2006Yala,5.086479902557861
2006-09-02,21569.0,0.9170493197278912,2006Yala,5.086479902557861
2006-09-03,21569.0,0.9170493197278912,2006Yala,5.086479902557861
2006-09-04,21569.0,0.9170493197278912,2006Yala,5.086479902557861
2006-09-05,21569.0,0.9170493197278912,2006Yala,5.086479902557861
2006-09-06,21569.0,0.9170493197278912,2006Yala,5.086479902557861
2006-09-07,21569.0,0.9170493197278912,2006Yala,5.086479902557861
2006-09-08,21569.0,0.9170493197278912,2006Yala,5.086479902557861
2006-09-09,21569.0,0.9170493197278912,2006Yala,5.086479902557861
2006-09-10,21569.0,0.9170493197278912,2006Yala,5.086479902557861
2006-09-11,21569.0,0.9170493197278912,2006Yala,5.086479902557861
2006-09-12,21569.0,0.9170493197278912,2006Yala,5.086479902557861
2006-09-13,21569.0,0.9170493197278912,2006Yala,5.086479902557861
2006-09-14,21569.0,0.9170493197278912,2006Yala,5.086479902557861
2006-09-15,21569.0,0.9170493197278912,2006Yala,5.086479902557861
2006-09-16,21569.0,0.9170493197278912,2006Yala,5.086479902557861
2006-09-17,21569.0,0.9170493197278912,2006Yala,5.086479902557861
2006-09-18,21569.0,0.9170493197278912,2006Yala,5.086479902557861
2006-09-19,21569.0,0.9170493197278912,2006Yala,5.086479902557861
2006-09-20,21569.0,0.9170493197278912,2006Yala,5.086479902557861
2006-09-21,21569.0,0.9170493197278912,2006Yala,5.086479902557861
2006-09-22,21569.0,0.9170493197278912,2006Yala,5.086479902557861
2006-09-23,21569.0,0.9170493197278912,2006Yala,5.086479902557861
2006-09-24,21569.0,0.9170493197278912,2006Yala,5.086479902557861
2006-09-25,21569.0,0.9170493197278912,2006Yala,5.086479902557861
2006-09-26,21569.0,0.9170493197278912,2006Yala,5.086479902557861
2006-09-27,21569.0,0.9170493197278912,2006Yala,5.086479902557861
2006-09-28,21569.0,0.9170493197278912,2006Yala,5.086479902557861
2006-09-29,21569.0,0.9170493197278912,2006Yala,5.086479902557861
2006-09-30,21569.0,0.9170493197278912,2006Yala,5.086479902557861
2006-10-01,21569.0,0.9170493197278912,2006Yala,5.086479902557861
2006-10-02,21569.0,0.9170493197278912,2006Yala,5.086479902557861
2006-10-03,21569.0,0.9170493197278912,2006Yala,5.086479902557861
2006-10-04,21569.0,0.9170493197278912,2006Yala,5.086479902557861
2006-10-05,21569.0,0.9170493197278912,2006Yala,5.086479902557861
2006-10-06,21569.0,0.9170493197278912,2006Yala,5.086479902557861
2006-10-07,21569.0,0.9170493197278912,2006Yala,5.086479902557861
2006-10-08,21569.0,0.9170493197278912,2006Yala,5.086479902557861
2006-10-09,21569.0,0.9170493197278912,2006Yala,5.086479902557861
2006-10-10,21569.0,0.9170493197278912,2006Yala,5.086479902557861
2006-10-11,21569.0,0.9170493197278912,2006Yala,5.086479902557861
2006-10-12,21569.0,0.9170493197278912,2006Yala,5.086479902557861
2006-10-13,21569.0,0.9170493197278912,2006Yala,5.086479902557861
2006-10-14,21569.0,0.9170493197278912,2006Yala,5.086479902557861
2006-10-15,21569.0,0.9170493197278912,2006Yala,5.086479902557861
2006-10-16,21569.0,0.9170493197278912,2006Yala,5.086479902557861
2006-10-17,21569.0,0.9170493197278912,2006Yala,5.086479902557861
2006-10-18,21569.0,0.9170493197278912,2006Yala,5.086479902557861
2006-10-19,21569.0,0.9170493197278912,2006Yala,5.086479902557861
2006-10-20,21569.0,0.9170493197278912,2006Yala,5.086479902557861
2006-10-21,21569.0,0.9170493197278912,2006Yala,5.086479902557861
2006-10-22,21569.0,0.9170493197278912,2006Yala,5.086479902557861
2006-10-23,21569.0,0.9170493197278912,2006Yala,5.086479902557861
2006-10-24,21569.0,0.9170493197278912,2006Yala,5.086479902557861
2006-10-25,21569.0,0.9170493197278912,2006Yala,5.086479902557861
2006-10-26,21569.0,0.9170493197278912,2006Yala,5.086479902557861
2006-10-27,21569.0,0.9170493197278912,2006Yala,5.086479902557861
2006-10-28,21569.0,0.9170493197278912,2006Yala,5.086479902557861
2006-10-29,21569.0,0.9170493197278912,2006Yala,5.086479902557861
2006-10-30,21569.0,0.9170493197278912,2006Yala,5.086479902557861
2006-10-31,21569.0,0.9170493197278912,2006Yala,5.086479902557861
2006-11-01,21569.0,0.9170493197278912,2006Yala,5.086479902557861
2006-11-02,21569.0,0.9170493197278912,2006Yala,5.086479902557861
2006-11-03,21569.0,0.9170493197278912,2006Yala,5.086479902557861
2006-11-04,21569.0,0.9170493197278912,2006Yala,5.086479902557861
2006-11-05,21569.0,0.9170493197278912,2006Yala,5.086479902557861
2006-11-06,21569.0,0.9170493197278912,2006Yala,5.086479902557861
2006-11-07,21569.0,0.9170493197278912,2006Yala,5.086479902557861
2006-11-08,21569.0,0.9170493197278912,2006Yala,5.086479902557861
2006-11-09,21569.0,0.9170493197278912,2006Yala,5.086479902557861
2006-11-10,21569.0,0.9170493197278912,2006Yala,5.086479902557861
2006-11-11,21569.0,0.9170493197278912,2006Yala,5.086479902557861
2006-11-12,21569.0,0.9170493197278912,2006Yala,5.086479902557861
2006-11-13,21569.0,0.9170493197278912,2006Yala,5.086479902557861
2006-11-14,21569.0,0.9170493197278912,2006Yala,5.086479902557861
2006-11-15,21569.0,0.9170493197278912,2006Yala,5.086479902557861
2006-11-16,21569.0,0.9170493197278912,2006Yala,5.086479902557861
2006-11-17,21569.0,0.9170493197278912,2006Yala,5.086479902557861
2006-11-18,21569.0,0.9170493197278912,2006Yala,5.086479902557861
2006-11-19,21569.0,0.9170493197278912,2006Yala,5.086479902557861
2006-11-20,21569.0,0.9170493197278912,2006Yala,5.086479902557861
2006-11-21,21569.0,0.9170493197278912,2006Yala,5.086479902557861
2006-11-22,21569.0,0.9170493197278912,2006Yala,5.086479902557861
2006-11-23,21569.0,0.9170493197278912,2006Yala,5.086479902557861
2006-11-24,21569.0,0.9170493197278912,2006Yala,5.086479902557861
2006-11-25,21569.0,0.9170493197278912,2006Yala,5.086479902557861
2006-11-26,21569.0,0.9170493197278912,2006Yala,5.086479902557861
2006-11-27,21569.0,0.9170493197278912,2006Yala,5.086479902557861
2006-11-28,21569.0,0.9170493197278912,2006Yala,5.086479902557861
2006-11-29,21569.0,0.9170493197278912,2006Yala,5.086479902557861
2006-11-30,21569.0,0.9170493197278912,2006Yala,5.086479902557861
2006-12-01,21569.0,0.9170493197278912,2006Yala,5.086479902557861
2006-12-02,21569.0,0.9170493197278912,2006Yala,5.086479902557861
2006-12-03,21569.0,0.9170493197278912,2006Yala,5.086479902557861
2006-12-04,21569.0,0.9170493197278912,2006Yala,5.086479902557861
2006-12-05,21569.0,0.9170493197278912,2006Yala,5.086479902557861
2006-12-06,21569.0,0.9170493197278912,2006Yala,5.086479902557861
2006-12-07,21569.0,0.9170493197278912,2006Yala,5.086479902557861
2006-12-08,21569.0,0.9170493197278912,2006Yala,5.086479902557861
2006-12-09,21569.0,0.9170493197278912,2006Yala,5.086479902557861
2006-12-10,21569.0,0.9170493197278912,2006Yala,5.086479902557861
2006-12-11,21569.0,0.9170493197278912,2006Yala,5.086479902557861
2006-12-12,21569.0,0.9170493197278912,2006Yala,5.086479902557861
2006-12-13,21569.0,0.9170493197278912,2006Yala,5.086479902557861
2006-12-14,21569.0,0.9170493197278912,2006Yala,5.086479902557861
2006-12-15,21569.0,0.9170493197278912,2006Yala,5.086479902557861
2006-12-16,21569.0,0.9170493197278912,2006Yala,5.086479902557861
2006-12-17,21569.0,0.9170493197278912,2006Yala,5.086479902557861
2006-12-18,21569.0,0.9170493197278912,2006Yala,5.086479902557861
2006-12-19,21569.0,0.9170493197278912,2006Yala,5.086479902557861
2006-12-20,21569.0,0.9170493197278912,2006Yala,5.086479902557861
2006-12-21,21569.0,0.9170493197278912,2006Yala,5.086479902557861
2006-12-22,21569.0,0.9170493197278912,2006Yala,5.086479902557861
2006-12-23,21569.0,0.9170493197278912,2006Yala,5.086479902557861
2006-12-24,21569.0,0.9170493197278912,2006Yala,5.086479902557861
2006-12-25,21569.0,0.9170493197278912,2006Yala,5.086479902557861
2006-12-26,21569.0,0.9170493197278912,2006Yala,5.086479902557861
2006-12-27,21569.0,0.9170493197278912,2006Yala,5.086479902557861
2006-12-28,21569.0,0.9170493197278912,2006Yala,5.086479902557861
2006-12-29,21569.0,0.9170493197278912,2006Yala,5.086479902557861
2006-12-30,21569.0,0.9170493197278912,2006Yala,5.086479902557861
2006-12-31,21569.0,0.9170493197278912,2006Yala,5.086479902557861
2007-01-01,21569.0,0.9170493197278912,2006Yala,5.086479902557861
2007-01-02,21569.0,0.9170493197278912,2006Yala,5.086479902557861
2007-01-03,21569.0,0.9170493197278912,2006Yala,5.086479902557861
2007-01-04,21569.0,0.9170493197278912,2006Yala,5.086479902557861
2007-01-05,21569.0,0.9170493197278912,2006Yala,5.086479902557861
2007-01-06,21569.0,0.9170493197278912,2006Yala,5.086479902557861
2007-01-07,21569.0,0.9170493197278912,2006Yala,5.086479902557861
2007-01-08,21569.0,0.9170493197278912,2006Yala,5.086479902557861
2007-01-09,21569.0,0.9170493197278912,2006Yala,5.086479902557861
2007-01-10,21569.0,0.9170493197278912,2006Yala,5.086479902557861
2007-01-11,21569.0,0.9170493197278912,2006Yala,5.086479902557861
2007-01-12,21569.0,0.9170493197278912,2006Yala,5.086479902557861
2007-01-13,21569.0,0.9170493197278912,2006Yala,5.086479902557861
2007-01-14,21569.0,0.9170493197278912,2006Yala,5.086479902557861
2007-01-15,21569.0,0.9170493197278912,2006Yala,5.086479902557861
2007-01-16,21569.0,0.9170493197278912,2006Yala,5.086479902557861
2007-01-17,21569.0,0.9170493197278912,2006Yala,5.086479902557861
2007-01-18,21569.0,0.9170493197278912,2006Yala,5.086479902557861
2007-01-19,21569.0,0.9170493197278912,2006Yala,5.086479902557861
2007-01-20,21569.0,0.9170493197278912,2006Yala,5.086479902557861
2007-01-21,21569.0,0.9170493197278912,2006Yala,5.086479902557861
2007-01-22,21569.0,0.9170493197278912,2006Yala,5.086479902557861
2007-01-23,21569.0,0.9170493197278912,2006Yala,5.086479902557861
2007-01-24,21569.0,0.9170493197278912,2006Yala,5.086479902557861
2007-01-25,21569.0,0.9170493197278912,2006Yala,5.086479902557861
2007-01-26,21569.0,0.9170493197278912,2006Yala,5.086479902557861
2007-01-27,21569.0,0.9170493197278912,2006Yala,5.086479902557861
2007-01-28,21569.0,0.9170493197278912,2006Yala,5.086479902557861
2007-01-29,21569.0,0.9170493197278912,2006Yala,5.086479902557861
2007-01-30,21569.0,0.9170493197278912,2006Yala,5.086479902557861
2007-01-31,21569.0,0.9170493197278912,2006Yala,5.086479902557861
2007-02-01,21569.0,0.9170493197278912,2006Yala,5.086479902557861
2007-02-02,21569.0,0.9170493197278912,2006Yala,5.086479902557861
2007-02-03,21569.0,0.9170493197278912,2006Yala,5.086479902557861
2007-02-04,21569.0,0.9170493197278912,2006Yala,5.086479902557861
2007-02-05,21569.0,0.9170493197278912,2006Yala,5.086479902557861
2007-02-06,21569.0,0.9170493197278912,2006Yala,5.086479902557861
2007-02-07,21569.0,0.9170493197278912,2006Yala,5.086479902557861
2007-02-08,21569.0,0.9170493197278912,2006Yala,5.086479902557861
2007-02-09,21569.0,0.9170493197278912,2006Yala,5.086479902557861
2007-02-10,21569.0,0.9170493197278912,2006Yala,5.086479902557861
2007-02-11,21569.0,0.9170493197278912,2006Yala,5.086479902557861
2007-02-12,21569.0,0.9170493197278912,2006Yala,5.086479902557861
2007-02-13,21569.0,0.9170493197278912,2006Yala,5.086479902557861
2007-02-14,21569.0,0.9170493197278912,2006Yala,5.086479902557861
2007-02-15,21569.0,0.9170493197278912,2006Yala,5.086479902557861
2007-02-16,21569.0,0.9170493197278912,2006Yala,5.086479902557861
2007-02-17,21569.0,0.9170493197278912,2006Yala,5.086479902557861
2007-02-18,21569.0,0.9170493197278912,2006Yala,5.086479902557861
2007-02-19,21569.0,0.9170493197278912,2006Yala,5.086479902557861
2007-02-20,21569.0,0.9170493197278912,2006Yala,5.086479902557861
2007-02-21,21569.0,0.9170493197278912,2006Yala,5.086479902557861
2007-02-22,21569.0,0.9170493197278912,2006Yala,5.086479902557861
2007-02-23,21569.0,0.9170493197278912,2006Yala,5.086479902557861
2007-02-24,21569.0,0.9170493197278912,2006Yala,5.086479902557861
2007-02-25,21569.0,0.9170493197278912,2006Yala,5.086479902557861
2007-02-26,21569.0,0.9170493197278912,2006Yala,5.086479902557861
2007-02-27,21569.0,0.9170493197278912,2006Yala,5.086479902557861
2007-02-28,21569.0,0.9170493197278912,2006Yala,5.086479902557861
2007-03-01,71331.0,0.42518150280748185,2006-2007Maha,97.57637869429135
2007-03-02,71331.0,0.42518150280748185,2006-2007Maha,97.57637869429135
2007-03-03,71331.0,0.42518150280748185,2006-2007Maha,97.57637869429135
2007-03-04,71331.0,0.42518150280748185,2006-2007Maha,97.57637869429135
2007-03-05,71331.0,0.42518150280748185,2006-2007Maha,97.57637869429135
2007-03-06,71331.0,0.42518150280748185,2006-2007Maha,97.57637869429135
2007-03-07,71331.0,0.42518150280748185,2006-2007Maha,97.57637869429135
2007-03-08,71331.0,0.42518150280748185,2006-2007Maha,97.57637869429135
2007-03-09,71331.0,0.42518150280748185,2006-2007Maha,97.57637869429135
2007-03-10,71331.0,0.42518150280748185,2006-2007Maha,97.57637869429135
2007-03-11,71331.0,0.42518150280748185,2006-2007Maha,97.57637869429135
2007-03-12,71331.0,0.42518150280748185,2006-2007Maha,97.57637869429135
2007-03-13,71331.0,0.42518150280748185,2006-2007Maha,97.57637869429135
2007-03-14,71331.0,0.42518150280748185,2006-2007Maha,97.57637869429135
2007-03-15,71331.0,0.42518150280748185,2006-2007Maha,97.57637869429135
2007-03-16,71331.0,0.42518150280748185,2006-2007Maha,97.57637869429135
2007-03-17,71331.0,0.42518150280748185,2006-2007Maha,97.57637869429135
2007-03-18,71331.0,0.42518150280748185,2006-2007Maha,97.57637869429135
2007-03-19,71331.0,0.42518150280748185,2006-2007Maha,97.57637869429135
2007-03-20,71331.0,0.42518150280748185,2006-2007Maha,97.57637869429135
2007-03-21,71331.0,0.42518150280748185,2006-2007Maha,97.57637869429135
2007-03-22,71331.0,0.42518150280748185,2006-2007Maha,97.57637869429135
2007-03-23,71331.0,0.42518150280748185,2006-2007Maha,97.57637869429135
2007-03-24,71331.0,0.42518150280748185,2006-2007Maha,97.57637869429135
2007-03-25,71331.0,0.42518150280748185,2006-2007Maha,97.57637869429135
2007-03-26,71331.0,0.42518150280748185,2006-2007Maha,97.57637869429135
2007-03-27,71331.0,0.42518150280748185,2006-2007Maha,97.57637869429135
2007-03-28,71331.0,0.42518150280748185,2006-2007Maha,97.57637869429135
2007-03-29,71331.0,0.42518150280748185,2006-2007Maha,97.57637869429135
2007-03-30,71331.0,0.42518150280748185,2006-2007Maha,97.57637869429135
2007-03-31,71331.0,0.42518150280748185,2006-2007Maha,97.57637869429135
2007-04-01,71331.0,0.42518150280748185,2006-2007Maha,97.57637869429135
2007-04-02,71331.0,0.42518150280748185,2006-2007Maha,97.57637869429135
2007-04-03,71331.0,0.42518150280748185,2006-2007Maha,97.57637869429135
2007-04-04,71331.0,0.42518150280748185,2006-2007Maha,97.57637869429135
2007-04-05,71331.0,0.42518150280748185,2006-2007Maha,97.57637869429135
2007-04-06,71331.0,0.42518150280748185,2006-2007Maha,97.57637869429135
2007-04-07,71331.0,0.42518150280748185,2006-2007Maha,97.57637869429135
2007-04-08,71331.0,0.42518150280748185,2006-2007Maha,97.57637869429135
2007-04-09,71331.0,0.42518150280748185,2006-2007Maha,97.57637869429135
2007-04-10,71331.0,0.42518150280748185,2006-2007Maha,97.57637869429135
2007-04-11,71331.0,0.42518150280748185,2006-2007Maha,97.57637869429135
2007-04-12,71331.0,0.42518150280748185,2006-2007Maha,97.57637869429135
2007-04-13,71331.0,0.42518150280748185,2006-2007Maha,97.57637869429135
2007-04-14,71331.0,0.42518150280748185,2006-2007Maha,97.57637869429135
2007-04-15,71331.0,0.42518150280748185,2006-2007Maha,97.57637869429135
2007-04-16,71331.0,0.42518150280748185,2006-2007Maha,97.57637869429135
2007-04-17,71331.0,0.42518150280748185,2006-2007Maha,97.57637869429135
2007-04-18,71331.0,0.42518150280748185,2006-2007Maha,97.57637869429135
2007-04-19,71331.0,0.42518150280748185,2006-2007Maha,97.57637869429135
2007-04-20,71331.0,0.42518150280748185,2006-2007Maha,97.57637869429135
2007-04-21,71331.0,0.42518150280748185,2006-2007Maha,97.57637869429135
2007-04-22,71331.0,0.42518150280748185,2006-2007Maha,97.57637869429135
2007-04-23,71331.0,0.42518150280748185,2006-2007Maha,97.57637869429135
2007-04-24,71331.0,0.42518150280748185,2006-2007Maha,97.57637869429135
2007-04-25,71331.0,0.42518150280748185,2006-2007Maha,97.57637869429135
2007-04-26,71331.0,0.42518150280748185,2006-2007Maha,97.57637869429135
2007-04-27,71331.0,0.42518150280748185,2006-2007Maha,97.57637869429135
2007-04-28,71331.0,0.42518150280748185,2006-2007Maha,97.57637869429135
2007-04-29,71331.0,0.42518150280748185,2006-2007Maha,97.57637869429135
2007-04-30,71331.0,0.42518150280748185,2006-2007Maha,97.57637869429135
2007-05-01,71331.0,0.42518150280748185,2006-2007Maha,97.57637869429135
2007-05-02,71331.0,0.42518150280748185,2006-2007Maha,97.57637869429135
2007-05-03,71331.0,0.42518150280748185,2006-2007Maha,97.57637869429135
2007-05-04,71331.0,0.42518150280748185,2006-2007Maha,97.57637869429135
2007-05-05,71331.0,0.42518150280748185,2006-2007Maha,97.57637869429135
2007-05-06,71331.0,0.42518150280748185,2006-2007Maha,97.57637869429135
2007-05-07,71331.0,0.42518150280748185,2006-2007Maha,97.57637869429135
2007-05-08,71331.0,0.42518150280748185,2006-2007Maha,97.57637869429135
2007-05-09,71331.0,0.42518150280748185,2006-2007Maha,97.57637869429135
2007-05-10,71331.0,0.42518150280748185,2006-2007Maha,97.57637869429135
2007-05-11,71331.0,0.42518150280748185,2006-2007Maha,97.57637869429135
2007-05-12,71331.0,0.42518150280748185,2006-2007Maha,97.57637869429135
2007-05-13,71331.0,0.42518150280748185,2006-2007Maha,97.57637869429135
2007-05-14,71331.0,0.42518150280748185,2006-2007Maha,97.57637869429135
2007-05-15,71331.0,0.42518150280748185,2006-2007Maha,97.57637869429135
2007-05-16,71331.0,0.42518150280748185,2006-2007Maha,97.57637869429135
2007-05-17,71331.0,0.42518150280748185,2006-2007Maha,97.57637869429135
2007-05-18,71331.0,0.42518150280748185,2006-2007Maha,97.57637869429135
2007-05-19,71331.0,0.42518150280748185,2006-2007Maha,97.57637869429135
2007-05-20,71331.0,0.42518150280748185,2006-2007Maha,97.57637869429135
2007-05-21,71331.0,0.42518150280748185,2006-2007Maha,97.57637869429135
2007-05-22,71331.0,0.42518150280748185,2006-2007Maha,97.57637869429135
2007-05-23,71331.0,0.42518150280748185,2006-2007Maha,97.57637869429135
2007-05-24,71331.0,0.42518150280748185,2006-2007Maha,97.57637869429135
2007-05-25,71331.0,0.42518150280748185,2006-2007Maha,97.57637869429135
2007-05-26,71331.0,0.42518150280748185,2006-2007Maha,97.57637869429135
2007-05-27,71331.0,0.42518150280748185,2006-2007Maha,97.57637869429135
2007-05-28,71331.0,0.42518150280748185,2006-2007Maha,97.57637869429135
2007-05-29,71331.0,0.42518150280748185,2006-2007Maha,97.57637869429135
2007-05-30,71331.0,0.42518150280748185,2006-2007Maha,97.57637869429135
2007-05-31,71331.0,0.42518150280748185,2006-2007Maha,97.57637869429135
2007-06-01,71331.0,0.42518150280748185,2006-2007Maha,97.57637869429135
2007-06-02,71331.0,0.42518150280748185,2006-2007Maha,97.57637869429135
2007-06-03,71331.0,0.42518150280748185,2006-2007Maha,97.57637869429135
2007-06-04,71331.0,0.42518150280748185,2006-2007Maha,97.57637869429135
2007-06-05,71331.0,0.42518150280748185,2006-2007Maha,97.57637869429135
2007-06-06,71331.0,0.42518150280748185,2006-2007Maha,97.57637869429135
2007-06-07,71331.0,0.42518150280748185,2006-2007Maha,97.57637869429135
2007-06-08,71331.0,0.42518150280748185,2006-2007Maha,97.57637869429135
2007-06-09,71331.0,0.42518150280748185,2006-2007Maha,97.57637869429135
2007-06-10,71331.0,0.42518150280748185,2006-2007Maha,97.57637869429135
2007-06-11,71331.0,0.42518150280748185,2006-2007Maha,97.57637869429135
2007-06-12,71331.0,0.42518150280748185,2006-2007Maha,97.57637869429135
2007-06-13,71331.0,0.42518150280748185,2006-2007Maha,97.57637869429135
2007-06-14,71331.0,0.42518150280748185,2006-2007Maha,97.57637869429135
2007-06-15,71331.0,0.42518150280748185,2006-2007Maha,97.57637869429135
2007-06-16,71331.0,0.42518150280748185,2006-2007Maha,97.57637869429135
2007-06-17,71331.0,0.42518150280748185,2006-2007Maha,97.57637869429135
2007-06-18,71331.0,0.42518150280748185,2006-2007Maha,97.57637869429135
2007-06-19,71331.0,0.42518150280748185,2006-2007Maha,97.57637869429135
2007-06-20,71331.0,0.42518150280748185,2006-2007Maha,97.57637869429135
2007-06-21,71331.0,0.42518150280748185,2006-2007Maha,97.57637869429135
2007-06-22,71331.0,0.42518150280748185,2006-2007Maha,97.57637869429135
2007-06-23,71331.0,0.42518150280748185,2006-2007Maha,97.57637869429135
2007-06-24,71331.0,0.42518150280748185,2006-2007Maha,97.57637869429135
2007-06-25,71331.0,0.42518150280748185,2006-2007Maha,97.57637869429135
2007-06-26,71331.0,0.42518150280748185,2006-2007Maha,97.57637869429135
2007-06-27,71331.0,0.42518150280748185,2006-2007Maha,97.57637869429135
2007-06-28,71331.0,0.42518150280748185,2006-2007Maha,97.57637869429135
2007-06-29,71331.0,0.42518150280748185,2006-2007Maha,97.57637869429135
2007-06-30,71331.0,0.42518150280748185,2006-2007Maha,97.57637869429135
2007-07-01,71331.0,0.42518150280748185,2006-2007Maha,97.57637869429135
2007-07-02,71331.0,0.42518150280748185,2006-2007Maha,97.57637869429135
2007-07-03,71331.0,0.42518150280748185,2006-2007Maha,97.57637869429135
2007-07-04,71331.0,0.42518150280748185,2006-2007Maha,97.57637869429135
2007-07-05,71331.0,0.42518150280748185,2006-2007Maha,97.57637869429135
2007-07-06,71331.0,0.42518150280748185,2006-2007Maha,97.57637869429135
2007-07-07,71331.0,0.42518150280748185,2006-2007Maha,97.57637869429135
2007-07-08,71331.0,0.42518150280748185,2006-2007Maha,97.57637869429135
2007-07-09,71331.0,0.42518150280748185,2006-2007Maha,97.57637869429135
2007-07-10,71331.0,0.42518150280748185,2006-2007Maha,97.57637869429135
2007-07-11,71331.0,0.42518150280748185,2006-2007Maha,97.57637869429135
2007-07-12,71331.0,0.42518150280748185,2006-2007Maha,97.57637869429135
2007-07-13,71331.0,0.42518150280748185,2006-2007Maha,97.57637869429135
2007-07-14,71331.0,0.42518150280748185,2006-2007Maha,97.57637869429135
2007-07-15,71331.0,0.42518150280748185,2006-2007Maha,97.57637869429135
2007-07-16,71331.0,0.42518150280748185,2006-2007Maha,97.57637869429135
2007-07-17,71331.0,0.42518150280748185,2006-2007Maha,97.57637869429135
2007-07-18,71331.0,0.42518150280748185,2006-2007Maha,97.57637869429135
2007-07-19,71331.0,0.42518150280748185,2006-2007Maha,97.57637869429135
2007-07-20,71331.0,0.42518150280748185,2006-2007Maha,97.57637869429135
2007-07-21,71331.0,0.42518150280748185,2006-2007Maha,97.57637869429135
2007-07-22,71331.0,0.42518150280748185,2006-2007Maha,97.57637869429135
2007-07-23,71331.0,0.42518150280748185,2006-2007Maha,97.57637869429135
2007-07-24,71331.0,0.42518150280748185,2006-2007Maha,97.57637869429135
2007-07-25,71331.0,0.42518150280748185,2006-2007Maha,97.57637869429135
2007-07-26,71331.0,0.42518150280748185,2006-2007Maha,97.57637869429135
2007-07-27,71331.0,0.42518150280748185,2006-2007Maha,97.57637869429135
2007-07-28,71331.0,0.42518150280748185,2006-2007Maha,97.57637869429135
2007-07-29,71331.0,0.42518150280748185,2006-2007Maha,97.57637869429135
2007-07-30,71331.0,0.42518150280748185,2006-2007Maha,97.57637869429135
2007-07-31,71331.0,0.42518150280748185,2006-2007Maha,97.57637869429135
2007-08-01,71331.0,0.42518150280748185,2006-2007Maha,97.57637869429135
2007-08-02,71331.0,0.42518150280748185,2006-2007Maha,97.57637869429135
2007-08-03,71331.0,0.42518150280748185,2006-2007Maha,97.57637869429135
2007-08-04,71331.0,0.42518150280748185,2006-2007Maha,97.57637869429135
2007-08-05,71331.0,0.42518150280748185,2006-2007Maha,97.57637869429135
2007-08-06,71331.0,0.42518150280748185,2006-2007Maha,97.57637869429135
2007-08-07,71331.0,0.42518150280748185,2006-2007Maha,97.57637869429135
2007-08-08,71331.0,0.42518150280748185,2006-2007Maha,97.57637869429135
2007-08-09,71331.0,0.42518150280748185,2006-2007Maha,97.57637869429135
2007-08-10,71331.0,0.42518150280748185,2006-2007Maha,97.57637869429135
2007-08-11,71331.0,0.42518150280748185,2006-2007Maha,97.57637869429135
2007-08-12,71331.0,0.42518150280748185,2006-2007Maha,97.57637869429135
2007-08-13,71331.0,0.42518150280748185,2006-2007Maha,97.57637869429135
2007-08-14,71331.0,0.42518150280748185,2006-2007Maha,97.57637869429135
2007-08-15,71331.0,0.42518150280748185,2006-2007Maha,97.57637869429135
2007-08-16,71331.0,0.42518150280748185,2006-2007Maha,97.57637869429135
2007-08-17,71331.0,0.42518150280748185,2006-2007Maha,97.57637869429135
2007-08-18,71331.0,0.42518150280748185,2006-2007Maha,97.57637869429135
2007-08-19,71331.0,0.42518150280748185,2006-2007Maha,97.57637869429135
2007-08-20,71331.0,0.42518150280748185,2006-2007Maha,97.57637869429135
2007-08-21,71331.0,0.42518150280748185,2006-2007Maha,97.57637869429135
2007-08-22,71331.0,0.42518150280748185,2006-2007Maha,97.57637869429135
2007-08-23,71331.0,0.42518150280748185,2006-2007Maha,97.57637869429135
2007-08-24,71331.0,0.42518150280748185,2006-2007Maha,97.57637869429135
2007-08-25,71331.0,0.42518150280748185,2006-2007Maha,97.57637869429135
2007-08-26,71331.0,0.42518150280748185,2006-2007Maha,97.57637869429135
2007-08-27,71331.0,0.42518150280748185,2006-2007Maha,97.57637869429135
2007-08-28,71331.0,0.42518150280748185,2006-2007Maha,97.57637869429135
2007-08-29,71331.0,0.42518150280748185,2006-2007Maha,97.57637869429135
2007-08-30,71331.0,0.42518150280748185,2006-2007Maha,97.57637869429135
2007-08-31,71331.0,0.42518150280748185,2006-2007Maha,97.57637869429135
2007-09-01,29367.0,0.7160063391442155,2007Yala,36.15373916268718
2007-09-02,29367.0,0.7160063391442155,2007Yala,36.15373916268718
2007-09-03,29367.0,0.7160063391442155,2007Yala,36.15373916268718
2007-09-04,29367.0,0.7160063391442155,2007Yala,36.15373916268718
2007-09-05,29367.0,0.7160063391442155,2007Yala,36.15373916268718
2007-09-06,29367.0,0.7160063391442155,2007Yala,36.15373916268718
2007-09-07,29367.0,0.7160063391442155,2007Yala,36.15373916268718
2007-09-08,29367.0,0.7160063391442155,2007Yala,36.15373916268718
2007-09-09,29367.0,0.7160063391442155,2007Yala,36.15373916268718
2007-09-10,29367.0,0.7160063391442155,2007Yala,36.15373916268718
2007-09-11,29367.0,0.7160063391442155,2007Yala,36.15373916268718
2007-09-12,29367.0,0.7160063391442155,2007Yala,36.15373916268718
2007-09-13,29367.0,0.7160063391442155,2007Yala,36.15373916268718
2007-09-14,29367.0,0.7160063391442155,2007Yala,36.15373916268718
2007-09-15,29367.0,0.7160063391442155,2007Yala,36.15373916268718
2007-09-16,29367.0,0.7160063391442155,2007Yala,36.15373916268718
2007-09-17,29367.0,0.7160063391442155,2007Yala,36.15373916268718
2007-09-18,29367.0,0.7160063391442155,2007Yala,36.15373916268718
2007-09-19,29367.0,0.7160063391442155,2007Yala,36.15373916268718
2007-09-20,29367.0,0.7160063391442155,2007Yala,36.15373916268718
2007-09-21,29367.0,0.7160063391442155,2007Yala,36.15373916268718
2007-09-22,29367.0,0.7160063391442155,2007Yala,36.15373916268718
2007-09-23,29367.0,0.7160063391442155,2007Yala,36.15373916268718
2007-09-24,29367.0,0.7160063391442155,2007Yala,36.15373916268718
2007-09-25,29367.0,0.7160063391442155,2007Yala,36.15373916268718
2007-09-26,29367.0,0.7160063391442155,2007Yala,36.15373916268718
2007-09-27,29367.0,0.7160063391442155,2007Yala,36.15373916268718
2007-09-28,29367.0,0.7160063391442155,2007Yala,36.15373916268718
2007-09-29,29367.0,0.7160063391442155,2007Yala,36.15373916268718
2007-09-30,29367.0,0.7160063391442155,2007Yala,36.15373916268718
2007-10-01,29367.0,0.7160063391442155,2007Yala,36.15373916268718
2007-10-02,29367.0,0.7160063391442155,2007Yala,36.15373916268718
2007-10-03,29367.0,0.7160063391442155,2007Yala,36.15373916268718
2007-10-04,29367.0,0.7160063391442155,2007Yala,36.15373916268718
2007-10-05,29367.0,0.7160063391442155,2007Yala,36.15373916268718
2007-10-06,29367.0,0.7160063391442155,2007Yala,36.15373916268718
2007-10-07,29367.0,0.7160063391442155,2007Yala,36.15373916268718
2007-10-08,29367.0,0.7160063391442155,2007Yala,36.15373916268718
2007-10-09,29367.0,0.7160063391442155,2007Yala,36.15373916268718
2007-10-10,29367.0,0.7160063391442155,2007Yala,36.15373916268718
2007-10-11,29367.0,0.7160063391442155,2007Yala,36.15373916268718
2007-10-12,29367.0,0.7160063391442155,2007Yala,36.15373916268718
2007-10-13,29367.0,0.7160063391442155,2007Yala,36.15373916268718
2007-10-14,29367.0,0.7160063391442155,2007Yala,36.15373916268718
2007-10-15,29367.0,0.7160063391442155,2007Yala,36.15373916268718
2007-10-16,29367.0,0.7160063391442155,2007Yala,36.15373916268718
2007-10-17,29367.0,0.7160063391442155,2007Yala,36.15373916268718
2007-10-18,29367.0,0.7160063391442155,2007Yala,36.15373916268718
2007-10-19,29367.0,0.7160063391442155,2007Yala,36.15373916268718
2007-10-20,29367.0,0.7160063391442155,2007Yala,36.15373916268718
2007-10-21,29367.0,0.7160063391442155,2007Yala,36.15373916268718
2007-10-22,29367.0,0.7160063391442155,2007Yala,36.15373916268718
2007-10-23,29367.0,0.7160063391442155,2007Yala,36.15373916268718
2007-10-24,29367.0,0.7160063391442155,2007Yala,36.15373916268718
2007-10-25,29367.0,0.7160063391442155,2007Yala,36.15373916268718
2007-10-26,29367.0,0.7160063391442155,2007Yala,36.15373916268718
2007-10-27,29367.0,0.7160063391442155,2007Yala,36.15373916268718
2007-10-28,29367.0,0.7160063391442155,2007Yala,36.15373916268718
2007-10-29,29367.0,0.7160063391442155,2007Yala,36.15373916268718
2007-10-30,29367.0,0.7160063391442155,2007Yala,36.15373916268718
2007-10-31,29367.0,0.7160063391442155,2007Yala,36.15373916268718
2007-11-01,29367.0,0.7160063391442155,2007Yala,36.15373916268718
2007-11-02,29367.0,0.7160063391442155,2007Yala,36.15373916268718
2007-11-03,29367.0,0.7160063391442155,2007Yala,36.15373916268718
2007-11-04,29367.0,0.7160063391442155,2007Yala,36.15373916268718
2007-11-05,29367.0,0.7160063391442155,2007Yala,36.15373916268718
2007-11-06,29367.0,0.7160063391442155,2007Yala,36.15373916268718
2007-11-07,29367.0,0.7160063391442155,2007Yala,36.15373916268718
2007-11-08,29367.0,0.7160063391442155,2007Yala,36.15373916268718
2007-11-09,29367.0,0.7160063391442155,2007Yala,36.15373916268718
2007-11-10,29367.0,0.7160063391442155,2007Yala,36.15373916268718
2007-11-11,29367.0,0.7160063391442155,2007Yala,36.15373916268718
2007-11-12,29367.0,0.7160063391442155,2007Yala,36.15373916268718
2007-11-13,29367.0,0.7160063391442155,2007Yala,36.15373916268718
2007-11-14,29367.0,0.7160063391442155,2007Yala,36.15373916268718
2007-11-15,29367.0,0.7160063391442155,2007Yala,36.15373916268718
2007-11-16,29367.0,0.7160063391442155,2007Yala,36.15373916268718
2007-11-17,29367.0,0.7160063391442155,2007Yala,36.15373916268718
2007-11-18,29367.0,0.7160063391442155,2007Yala,36.15373916268718
2007-11-19,29367.0,0.7160063391442155,2007Yala,36.15373916268718
2007-11-20,29367.0,0.7160063391442155,2007Yala,36.15373916268718
2007-11-21,29367.0,0.7160063391442155,2007Yala,36.15373916268718
2007-11-22,29367.0,0.7160063391442155,2007Yala,36.15373916268718
2007-11-23,29367.0,0.7160063391442155,2007Yala,36.15373916268718
2007-11-24,29367.0,0.7160063391442155,2007Yala,36.15373916268718
2007-11-25,29367.0,0.7160063391442155,2007Yala,36.15373916268718
2007-11-26,29367.0,0.7160063391442155,2007Yala,36.15373916268718
2007-11-27,29367.0,0.7160063391442155,2007Yala,36.15373916268718
2007-11-28,29367.0,0.7160063391442155,2007Yala,36.15373916268718
2007-11-29,29367.0,0.7160063391442155,2007Yala,36.15373916268718
2007-11-30,29367.0,0.7160063391442155,2007Yala,36.15373916268718
2007-12-01,29367.0,0.7160063391442155,2007Yala,36.15373916268718
2007-12-02,29367.0,0.7160063391442155,2007Yala,36.15373916268718
2007-12-03,29367.0,0.7160063391442155,2007Yala,36.15373916268718
2007-12-04,29367.0,0.7160063391442155,2007Yala,36.15373916268718
2007-12-05,29367.0,0.7160063391442155,2007Yala,36.15373916268718
2007-12-06,29367.0,0.7160063391442155,2007Yala,36.15373916268718
2007-12-07,29367.0,0.7160063391442155,2007Yala,36.15373916268718
2007-12-08,29367.0,0.7160063391442155,2007Yala,36.15373916268718
2007-12-09,29367.0,0.7160063391442155,2007Yala,36.15373916268718
2007-12-10,29367.0,0.7160063391442155,2007Yala,36.15373916268718
2007-12-11,29367.0,0.7160063391442155,2007Yala,36.15373916268718
2007-12-12,29367.0,0.7160063391442155,2007Yala,36.15373916268718
2007-12-13,29367.0,0.7160063391442155,2007Yala,36.15373916268718
2007-12-14,29367.0,0.7160063391442155,2007Yala,36.15373916268718
2007-12-15,29367.0,0.7160063391442155,2007Yala,36.15373916268718
2007-12-16,29367.0,0.7160063391442155,2007Yala,36.15373916268718
2007-12-17,29367.0,0.7160063391442155,2007Yala,36.15373916268718
2007-12-18,29367.0,0.7160063391442155,2007Yala,36.15373916268718
2007-12-19,29367.0,0.7160063391442155,2007Yala,36.15373916268718
2007-12-20,29367.0,0.7160063391442155,2007Yala,36.15373916268718
2007-12-21,29367.0,0.7160063391442155,2007Yala,36.15373916268718
2007-12-22,29367.0,0.7160063391442155,2007Yala,36.15373916268718
2007-12-23,29367.0,0.7160063391442155,2007Yala,36.15373916268718
2007-12-24,29367.0,0.7160063391442155,2007Yala,36.15373916268718
2007-12-25,29367.0,0.7160063391442155,2007Yala,36.15373916268718
2007-12-26,29367.0,0.7160063391442155,2007Yala,36.15373916268718
2007-12-27,29367.0,0.7160063391442155,2007Yala,36.15373916268718
2007-12-28,29367.0,0.7160063391442155,2007Yala,36.15373916268718
2007-12-29,29367.0,0.7160063391442155,2007Yala,36.15373916268718
2007-12-30,29367.0,0.7160063391442155,2007Yala,36.15373916268718
2007-12-31,29367.0,0.7160063391442155,2007Yala,36.15373916268718
2008-01-01,29367.0,0.7160063391442155,2007Yala,36.15373916268718
2008-01-02,29367.0,0.7160063391442155,2007Yala,36.15373916268718
2008-01-03,29367.0,0.7160063391442155,2007Yala,36.15373916268718
2008-01-04,29367.0,0.7160063391442155,2007Yala,36.15373916268718
2008-01-05,29367.0,0.7160063391442155,2007Yala,36.15373916268718
2008-01-06,29367.0,0.7160063391442155,2007Yala,36.15373916268718
2008-01-07,29367.0,0.7160063391442155,2007Yala,36.15373916268718
2008-01-08,29367.0,0.7160063391442155,2007Yala,36.15373916268718
2008-01-09,29367.0,0.7160063391442155,2007Yala,36.15373916268718
2008-01-10,29367.0,0.7160063391442155,2007Yala,36.15373916268718
2008-01-11,29367.0,0.7160063391442155,2007Yala,36.15373916268718
2008-01-12,29367.0,0.7160063391442155,2007Yala,36.15373916268718
2008-01-13,29367.0,0.7160063391442155,2007Yala,36.15373916268718
2008-01-14,29367.0,0.7160063391442155,2007Yala,36.15373916268718
2008-01-15,29367.0,0.7160063391442155,2007Yala,36.15373916268718
2008-01-16,29367.0,0.7160063391442155,2007Yala,36.15373916268718
2008-01-17,29367.0,0.7160063391442155,2007Yala,36.15373916268718
2008-01-18,29367.0,0.7160063391442155,2007Yala,36.15373916268718
2008-01-19,29367.0,0.7160063391442155,2007Yala,36.15373916268718
2008-01-20,29367.0,0.7160063391442155,2007Yala,36.15373916268718
2008-01-21,29367.0,0.7160063391442155,2007Yala,36.15373916268718
2008-01-22,29367.0,0.7160063391442155,2007Yala,36.15373916268718
2008-01-23,29367.0,0.7160063391442155,2007Yala,36.15373916268718
2008-01-24,29367.0,0.7160063391442155,2007Yala,36.15373916268718
2008-01-25,29367.0,0.7160063391442155,2007Yala,36.15373916268718
2008-01-26,29367.0,0.7160063391442155,2007Yala,36.15373916268718
2008-01-27,29367.0,0.7160063391442155,2007Yala,36.15373916268718
2008-01-28,29367.0,0.7160063391442155,2007Yala,36.15373916268718
2008-01-29,29367.0,0.7160063391442155,2007Yala,36.15373916268718
2008-01-30,29367.0,0.7160063391442155,2007Yala,36.15373916268718
2008-01-31,29367.0,0.7160063391442155,2007Yala,36.15373916268718
2008-02-01,29367.0,0.7160063391442155,2007Yala,36.15373916268718
2008-02-02,29367.0,0.7160063391442155,2007Yala,36.15373916268718
2008-02-03,29367.0,0.7160063391442155,2007Yala,36.15373916268718
2008-02-04,29367.0,0.7160063391442155,2007Yala,36.15373916268718
2008-02-05,29367.0,0.7160063391442155,2007Yala,36.15373916268718
2008-02-06,29367.0,0.7160063391442155,2007Yala,36.15373916268718
2008-02-07,29367.0,0.7160063391442155,2007Yala,36.15373916268718
2008-02-08,29367.0,0.7160063391442155,2007Yala,36.15373916268718
2008-02-09,29367.0,0.7160063391442155,2007Yala,36.15373916268718
2008-02-10,29367.0,0.7160063391442155,2007Yala,36.15373916268718
2008-02-11,29367.0,0.7160063391442155,2007Yala,36.15373916268718
2008-02-12,29367.0,0.7160063391442155,2007Yala,36.15373916268718
2008-02-13,29367.0,0.7160063391442155,2007Yala,36.15373916268718
2008-02-14,29367.0,0.7160063391442155,2007Yala,36.15373916268718
2008-02-15,29367.0,0.7160063391442155,2007Yala,36.15373916268718
2008-02-16,29367.0,0.7160063391442155,2007Yala,36.15373916268718
2008-02-17,29367.0,0.7160063391442155,2007Yala,36.15373916268718
2008-02-18,29367.0,0.7160063391442155,2007Yala,36.15373916268718
2008-02-19,29367.0,0.7160063391442155,2007Yala,36.15373916268718
2008-02-20,29367.0,0.7160063391442155,2007Yala,36.15373916268718
2008-02-21,29367.0,0.7160063391442155,2007Yala,36.15373916268718
2008-02-22,29367.0,0.7160063391442155,2007Yala,36.15373916268718
2008-02-23,29367.0,0.7160063391442155,2007Yala,36.15373916268718
2008-02-24,29367.0,0.7160063391442155,2007Yala,36.15373916268718
2008-02-25,29367.0,0.7160063391442155,2007Yala,36.15373916268718
2008-02-26,29367.0,0.7160063391442155,2007Yala,36.15373916268718
2008-02-27,29367.0,0.7160063391442155,2007Yala,36.15373916268718
2008-02-28,29367.0,0.7160063391442155,2007Yala,36.15373916268718
2008-02-29,29367.0,0.7160063391442155,2007Yala,-58.82996172772006
2008-03-01,1791518.0,3.747185194636235,2007-2008Maha,2411.5559854761605
2008-03-02,1791518.0,3.747185194636235,2007-2008Maha,2411.5559854761605
2008-03-03,1791518.0,3.747185194636235,2007-2008Maha,2411.5559854761605
2008-03-04,1791518.0,3.747185194636235,2007-2008Maha,2411.5559854761605
2008-03-05,1791518.0,3.747185194636235,2007-2008Maha,2411.5559854761605
2008-03-06,1791518.0,3.747185194636235,2007-2008Maha,2411.5559854761605
2008-03-07,1791518.0,3.747185194636235,2007-2008Maha,2411.5559854761605
2008-03-08,1791518.0,3.747185194636235,2007-2008Maha,2411.5559854761605
2008-03-09,1791518.0,3.747185194636235,2007-2008Maha,2411.5559854761605
2008-03-10,1791518.0,3.747185194636235,2007-2008Maha,2411.5559854761605
2008-03-11,1791518.0,3.747185194636235,2007-2008Maha,2411.5559854761605
2008-03-12,1791518.0,3.747185194636235,2007-2008Maha,2411.5559854761605
2008-03-13,1791518.0,3.747185194636235,2007-2008Maha,2411.5559854761605
2008-03-14,1791518.0,3.747185194636235,2007-2008Maha,2411.5559854761605
2008-03-15,1791518.0,3.747185194636235,2007-2008Maha,2411.5559854761605
2008-03-16,1791518.0,3.747185194636235,2007-2008Maha,2411.5559854761605
2008-03-17,1791518.0,3.747185194636235,2007-2008Maha,2411.5559854761605
2008-03-18,1791518.0,3.747185194636235,2007-2008Maha,2411.5559854761605
2008-03-19,1791518.0,3.747185194636235,2007-2008Maha,2411.5559854761605
2008-03-20,1791518.0,3.747185194636235,2007-2008Maha,2411.5559854761605
2008-03-21,1791518.0,3.747185194636235,2007-2008Maha,2411.5559854761605
2008-03-22,1791518.0,3.747185194636235,2007-2008Maha,2411.5559854761605
2008-03-23,1791518.0,3.747185194636235,2007-2008Maha,2411.5559854761605
2008-03-24,1791518.0,3.747185194636235,2007-2008Maha,2411.5559854761605
2008-03-25,1791518.0,3.747185194636235,2007-2008Maha,2411.5559854761605
2008-03-26,1791518.0,3.747185194636235,2007-2008Maha,2411.5559854761605
2008-03-27,1791518.0,3.747185194636235,2007-2008Maha,2411.5559854761605
2008-03-28,1791518.0,3.747185194636235,2007-2008Maha,2411.5559854761605
2008-03-29,1791518.0,3.747185194636235,2007-2008Maha,2411.5559854761605
2008-03-30,1791518.0,3.747185194636235,2007-2008Maha,2411.5559854761605
2008-03-31,1791518.0,3.747185194636235,2007-2008Maha,2411.5559854761605
2008-04-01,1791518.0,3.747185194636235,2007-2008Maha,2411.5559854761605
2008-04-02,1791518.0,3.747185194636235,2007-2008Maha,2411.5559854761605
2008-04-03,1791518.0,3.747185194636235,2007-2008Maha,2411.5559854761605
2008-04-04,1791518.0,3.747185194636235,2007-2008Maha,2411.5559854761605
2008-04-05,1791518.0,3.747185194636235,2007-2008Maha,2411.5559854761605
2008-04-06,1791518.0,3.747185194636235,2007-2008Maha,2411.5559854761605
2008-04-07,1791518.0,3.747185194636235,2007-2008Maha,2411.5559854761605
2008-04-08,1791518.0,3.747185194636235,2007-2008Maha,2411.5559854761605
2008-04-09,1791518.0,3.747185194636235,2007-2008Maha,2411.5559854761605
2008-04-10,1791518.0,3.747185194636235,2007-2008Maha,2411.5559854761605
2008-04-11,1791518.0,3.747185194636235,2007-2008Maha,2411.5559854761605
2008-04-12,1791518.0,3.747185194636235,2007-2008Maha,2411.5559854761605
2008-04-13,1791518.0,3.747185194636235,2007-2008Maha,2411.5559854761605
2008-04-14,1791518.0,3.747185194636235,2007-2008Maha,2411.5559854761605
2008-04-15,1791518.0,3.747185194636235,2007-2008Maha,2411.5559854761605
2008-04-16,1791518.0,3.747185194636235,2007-2008Maha,2411.5559854761605
2008-04-17,1791518.0,3.747185194636235,2007-2008Maha,2411.5559854761605
2008-04-18,1791518.0,3.747185194636235,2007-2008Maha,2411.5559854761605
2008-04-19,1791518.0,3.747185194636235,2007-2008Maha,2411.5559854761605
2008-04-20,1791518.0,3.747185194636235,2007-2008Maha,2411.5559854761605
2008-04-21,1791518.0,3.747185194636235,2007-2008Maha,2411.5559854761605
2008-04-22,1791518.0,3.747185194636235,2007-2008Maha,2411.5559854761605
2008-04-23,1791518.0,3.747185194636235,2007-2008Maha,2411.5559854761605
2008-04-24,1791518.0,3.747185194636235,2007-2008Maha,2411.5559854761605
2008-04-25,1791518.0,3.747185194636235,2007-2008Maha,2411.5559854761605
2008-04-26,1791518.0,3.747185194636235,2007-2008Maha,2411.5559854761605
2008-04-27,1791518.0,3.747185194636235,2007-2008Maha,2411.5559854761605
2008-04-28,1791518.0,3.747185194636235,2007-2008Maha,2411.5559854761605
2008-04-29,1791518.0,3.747185194636235,2007-2008Maha,2411.5559854761605
2008-04-30,1791518.0,3.747185194636235,2007-2008Maha,2411.5559854761605
2008-05-01,1791518.0,3.747185194636235,2007-2008Maha,2411.5559854761605
2008-05-02,1791518.0,3.747185194636235,2007-2008Maha,2411.5559854761605
2008-05-03,1791518.0,3.747185194636235,2007-2008Maha,2411.5559854761605
2008-05-04,1791518.0,3.747185194636235,2007-2008Maha,2411.5559854761605
2008-05-05,1791518.0,3.747185194636235,2007-2008Maha,2411.5559854761605
2008-05-06,1791518.0,3.747185194636235,2007-2008Maha,2411.5559854761605
2008-05-07,1791518.0,3.747185194636235,2007-2008Maha,2411.5559854761605
2008-05-08,1791518.0,3.747185194636235,2007-2008Maha,2411.5559854761605
2008-05-09,1791518.0,3.747185194636235,2007-2008Maha,2411.5559854761605
2008-05-10,1791518.0,3.747185194636235,2007-2008Maha,2411.5559854761605
2008-05-11,1791518.0,3.747185194636235,2007-2008Maha,2411.5559854761605
2008-05-12,1791518.0,3.747185194636235,2007-2008Maha,2411.5559854761605
2008-05-13,1791518.0,3.747185194636235,2007-2008Maha,2411.5559854761605
2008-05-14,1791518.0,3.747185194636235,2007-2008Maha,2411.5559854761605
2008-05-15,1791518.0,3.747185194636235,2007-2008Maha,2411.5559854761605
2008-05-16,1791518.0,3.747185194636235,2007-2008Maha,2411.5559854761605
2008-05-17,1791518.0,3.747185194636235,2007-2008Maha,2411.5559854761605
2008-05-18,1791518.0,3.747185194636235,2007-2008Maha,2411.5559854761605
2008-05-19,1791518.0,3.747185194636235,2007-2008Maha,2411.5559854761605
2008-05-20,1791518.0,3.747185194636235,2007-2008Maha,2411.5559854761605
2008-05-21,1791518.0,3.747185194636235,2007-2008Maha,2411.5559854761605
2008-05-22,1791518.0,3.747185194636235,2007-2008Maha,2411.5559854761605
2008-05-23,1791518.0,3.747185194636235,2007-2008Maha,2411.5559854761605
2008-05-24,1791518.0,3.747185194636235,2007-2008Maha,2411.5559854761605
2008-05-25,1791518.0,3.747185194636235,2007-2008Maha,2411.5559854761605
2008-05-26,1791518.0,3.747185194636235,2007-2008Maha,2411.5559854761605
2008-05-27,1791518.0,3.747185194636235,2007-2008Maha,2411.5559854761605
2008-05-28,1791518.0,3.747185194636235,2007-2008Maha,2411.5559854761605
2008-05-29,1791518.0,3.747185194636235,2007-2008Maha,2411.5559854761605
2008-05-30,1791518.0,3.747185194636235,2007-2008Maha,2411.5559854761605
2008-05-31,1791518.0,3.747185194636235,2007-2008Maha,2411.5559854761605
2008-06-01,1791518.0,3.747185194636235,2007-2008Maha,2411.5559854761605
2008-06-02,1791518.0,3.747185194636235,2007-2008Maha,2411.5559854761605
2008-06-03,1791518.0,3.747185194636235,2007-2008Maha,2411.5559854761605
2008-06-04,1791518.0,3.747185194636235,2007-2008Maha,2411.5559854761605
2008-06-05,1791518.0,3.747185194636235,2007-2008Maha,2411.5559854761605
2008-06-06,1791518.0,3.747185194636235,2007-2008Maha,2411.5559854761605
2008-06-07,1791518.0,3.747185194636235,2007-2008Maha,2411.5559854761605
2008-06-08,1791518.0,3.747185194636235,2007-2008Maha,2411.5559854761605
2008-06-09,1791518.0,3.747185194636235,2007-2008Maha,2411.5559854761605
2008-06-10,1791518.0,3.747185194636235,2007-2008Maha,2411.5559854761605
2008-06-11,1791518.0,3.747185194636235,2007-2008Maha,2411.5559854761605
2008-06-12,1791518.0,3.747185194636235,2007-2008Maha,2411.5559854761605
2008-06-13,1791518.0,3.747185194636235,2007-2008Maha,2411.5559854761605
2008-06-14,1791518.0,3.747185194636235,2007-2008Maha,2411.5559854761605
2008-06-15,1791518.0,3.747185194636235,2007-2008Maha,2411.5559854761605
2008-06-16,1791518.0,3.747185194636235,2007-2008Maha,2411.5559854761605
2008-06-17,1791518.0,3.747185194636235,2007-2008Maha,2411.5559854761605
2008-06-18,1791518.0,3.747185194636235,2007-2008Maha,2411.5559854761605
2008-06-19,1791518.0,3.747185194636235,2007-2008Maha,2411.5559854761605
2008-06-20,1791518.0,3.747185194636235,2007-2008Maha,2411.5559854761605
2008-06-21,1791518.0,3.747185194636235,2007-2008Maha,2411.5559854761605
2008-06-22,1791518.0,3.747185194636235,2007-2008Maha,2411.5559854761605
2008-06-23,1791518.0,3.747185194636235,2007-2008Maha,2411.5559854761605
2008-06-24,1791518.0,3.747185194636235,2007-2008Maha,2411.5559854761605
2008-06-25,1791518.0,3.747185194636235,2007-2008Maha,2411.5559854761605
2008-06-26,1791518.0,3.747185194636235,2007-2008Maha,2411.5559854761605
2008-06-27,1791518.0,3.747185194636235,2007-2008Maha,2411.5559854761605
2008-06-28,1791518.0,3.747185194636235,2007-2008Maha,2411.5559854761605
2008-06-29,1791518.0,3.747185194636235,2007-2008Maha,2411.5559854761605
2008-06-30,1791518.0,3.747185194636235,2007-2008Maha,2411.5559854761605
2008-07-01,1791518.0,3.747185194636235,2007-2008Maha,2411.5559854761605
2008-07-02,1791518.0,3.747185194636235,2007-2008Maha,2411.5559854761605
2008-07-03,1791518.0,3.747185194636235,2007-2008Maha,2411.5559854761605
2008-07-04,1791518.0,3.747185194636235,2007-2008Maha,2411.5559854761605
2008-07-05,1791518.0,3.747185194636235,2007-2008Maha,2411.5559854761605
2008-07-06,1791518.0,3.747185194636235,2007-2008Maha,2411.5559854761605
2008-07-07,1791518.0,3.747185194636235,2007-2008Maha,2411.5559854761605
2008-07-08,1791518.0,3.747185194636235,2007-2008Maha,2411.5559854761605
2008-07-09,1791518.0,3.747185194636235,2007-2008Maha,2411.5559854761605
2008-07-10,1791518.0,3.747185194636235,2007-2008Maha,2411.5559854761605
2008-07-11,1791518.0,3.747185194636235,2007-2008Maha,2411.5559854761605
2008-07-12,1791518.0,3.747185194636235,2007-2008Maha,2411.5559854761605
2008-07-13,1791518.0,3.747185194636235,2007-2008Maha,2411.5559854761605
2008-07-14,1791518.0,3.747185194636235,2007-2008Maha,2411.5559854761605
2008-07-15,1791518.0,3.747185194636235,2007-2008Maha,2411.5559854761605
2008-07-16,1791518.0,3.747185194636235,2007-2008Maha,2411.5559854761605
2008-07-17,1791518.0,3.747185194636235,2007-2008Maha,2411.5559854761605
2008-07-18,1791518.0,3.747185194636235,2007-2008Maha,2411.5559854761605
2008-07-19,1791518.0,3.747185194636235,2007-2008Maha,2411.5559854761605
2008-07-20,1791518.0,3.747185194636235,2007-2008Maha,2411.5559854761605
2008-07-21,1791518.0,3.747185194636235,2007-2008Maha,2411.5559854761605
2008-07-22,1791518.0,3.747185194636235,2007-2008Maha,2411.5559854761605
2008-07-23,1791518.0,3.747185194636235,2007-2008Maha,2411.5559854761605
2008-07-24,1791518.0,3.747185194636235,2007-2008Maha,2411.5559854761605
2008-07-25,1791518.0,3.747185194636235,2007-2008Maha,2411.5559854761605
2008-07-26,1791518.0,3.747185194636235,2007-2008Maha,2411.5559854761605
2008-07-27,1791518.0,3.747185194636235,2007-2008Maha,2411.5559854761605
2008-07-28,1791518.0,3.747185194636235,2007-2008Maha,2411.5559854761605
2008-07-29,1791518.0,3.747185194636235,2007-2008Maha,2411.5559854761605
2008-07-30,1791518.0,3.747185194636235,2007-2008Maha,2411.5559854761605
2008-07-31,1791518.0,3.747185194636235,2007-2008Maha,2411.5559854761605
2008-08-01,1791518.0,3.747185194636235,2007-2008Maha,2411.5559854761605
2008-08-02,1791518.0,3.747185194636235,2007-2008Maha,2411.5559854761605
2008-08-03,1791518.0,3.747185194636235,2007-2008Maha,2411.5559854761605
2008-08-04,1791518.0,3.747185194636235,2007-2008Maha,2411.5559854761605
2008-08-05,1791518.0,3.747185194636235,2007-2008Maha,2411.5559854761605
2008-08-06,1791518.0,3.747185194636235,2007-2008Maha,2411.5559854761605
2008-08-07,1791518.0,3.747185194636235,2007-2008Maha,2411.5559854761605
2008-08-08,1791518.0,3.747185194636235,2007-2008Maha,2411.5559854761605
2008-08-09,1791518.0,3.747185194636235,2007-2008Maha,2411.5559854761605
2008-08-10,1791518.0,3.747185194636235,2007-2008Maha,2411.5559854761605
2008-08-11,1791518.0,3.747185194636235,2007-2008Maha,2411.5559854761605
2008-08-12,1791518.0,3.747185194636235,2007-2008Maha,2411.5559854761605
2008-08-13,1791518.0,3.747185194636235,2007-2008Maha,2411.5559854761605
2008-08-14,1791518.0,3.747185194636235,2007-2008Maha,2411.5559854761605
2008-08-15,1791518.0,3.747185194636235,2007-2008Maha,2411.5559854761605
2008-08-16,1791518.0,3.747185194636235,2007-2008Maha,2411.5559854761605
2008-08-17,1791518.0,3.747185194636235,2007-2008Maha,2411.5559854761605
2008-08-18,1791518.0,3.747185194636235,2007-2008Maha,2411.5559854761605
2008-08-19,1791518.0,3.747185194636235,2007-2008Maha,2411.5559854761605
2008-08-20,1791518.0,3.747185194636235,2007-2008Maha,2411.5559854761605
2008-08-21,1791518.0,3.747185194636235,2007-2008Maha,2411.5559854761605
2008-08-22,1791518.0,3.747185194636235,2007-2008Maha,2411.5559854761605
2008-08-23,1791518.0,3.747185194636235,2007-2008Maha,2411.5559854761605
2008-08-24,1791518.0,3.747185194636235,2007-2008Maha,2411.5559854761605
2008-08-25,1791518.0,3.747185194636235,2007-2008Maha,2411.5559854761605
2008-08-26,1791518.0,3.747185194636235,2007-2008Maha,2411.5559854761605
2008-08-27,1791518.0,3.747185194636235,2007-2008Maha,2411.5559854761605
2008-08-28,1791518.0,3.747185194636235,2007-2008Maha,2411.5559854761605
2008-08-29,1791518.0,3.747185194636235,2007-2008Maha,2411.5559854761605
2008-08-30,1791518.0,3.747185194636235,2007-2008Maha,2411.5559854761605
2008-08-31,1791518.0,3.747185194636235,2007-2008Maha,6000.446078932135
2008-09-01,64954.0,1.2662092089360208,2008Yala,121.18023631967856
2008-09-02,64954.0,1.2662092089360208,2008Yala,121.18023631967856
2008-09-03,64954.0,1.2662092089360208,2008Yala,121.18023631967856
2008-09-04,64954.0,1.2662092089360208,2008Yala,121.18023631967856
2008-09-05,64954.0,1.2662092089360208,2008Yala,121.18023631967856
2008-09-06,64954.0,1.2662092089360208,2008Yala,121.18023631967856
2008-09-07,64954.0,1.2662092089360208,2008Yala,121.18023631967856
2008-09-08,64954.0,1.2662092089360208,2008Yala,121.18023631967856
2008-09-09,64954.0,1.2662092089360208,2008Yala,121.18023631967856
2008-09-10,64954.0,1.2662092089360208,2008Yala,121.18023631967856
2008-09-11,64954.0,1.2662092089360208,2008Yala,121.18023631967856
2008-09-12,64954.0,1.2662092089360208,2008Yala,121.18023631967856
2008-09-13,64954.0,1.2662092089360208,2008Yala,121.18023631967856
2008-09-14,64954.0,1.2662092089360208,2008Yala,121.18023631967856
2008-09-15,64954.0,1.2662092089360208,2008Yala,121.18023631967856
2008-09-16,64954.0,1.2662092089360208,2008Yala,121.18023631967856
2008-09-17,64954.0,1.2662092089360208,2008Yala,121.18023631967856
2008-09-18,64954.0,1.2662092089360208,2008Yala,121.18023631967856
2008-09-19,64954.0,1.2662092089360208,2008Yala,121.18023631967856
2008-09-20,64954.0,1.2662092089360208,2008Yala,121.18023631967856
2008-09-21,64954.0,1.2662092089360208,2008Yala,121.18023631967856
2008-09-22,64954.0,1.2662092089360208,2008Yala,121.18023631967856
2008-09-23,64954.0,1.2662092089360208,2008Yala,121.18023631967856
2008-09-24,64954.0,1.2662092089360208,2008Yala,121.18023631967856
2008-09-25,64954.0,1.2662092089360208,2008Yala,121.18023631967856
2008-09-26,64954.0,1.2662092089360208,2008Yala,121.18023631967856
2008-09-27,64954.0,1.2662092089360208,2008Yala,121.18023631967856
2008-09-28,64954.0,1.2662092089360208,2008Yala,121.18023631967856
2008-09-29,64954.0,1.2662092089360208,2008Yala,121.18023631967856
2008-09-30,64954.0,1.2662092089360208,2008Yala,121.18023631967856
2008-10-01,64954.0,1.2662092089360208,2008Yala,121.18023631967856
2008-10-02,64954.0,1.2662092089360208,2008Yala,121.18023631967856
2008-10-03,64954.0,1.2662092089360208,2008Yala,121.18023631967856
2008-10-04,64954.0,1.2662092089360208,2008Yala,121.18023631967856
2008-10-05,64954.0,1.2662092089360208,2008Yala,121.18023631967856
2008-10-06,64954.0,1.2662092089360208,2008Yala,121.18023631967856
2008-10-07,64954.0,1.2662092089360208,2008Yala,121.18023631967856
2008-10-08,64954.0,1.2662092089360208,2008Yala,121.18023631967856
2008-10-09,64954.0,1.2662092089360208,2008Yala,121.18023631967856
2008-10-10,64954.0,1.2662092089360208,2008Yala,121.18023631967856
2008-10-11,64954.0,1.2662092089360208,2008Yala,121.18023631967856
2008-10-12,64954.0,1.2662092089360208,2008Yala,121.18023631967856
2008-10-13,64954.0,1.2662092089360208,2008Yala,121.18023631967856
2008-10-14,64954.0,1.2662092089360208,2008Yala,121.18023631967856
2008-10-15,64954.0,1.2662092089360208,2008Yala,121.18023631967856
2008-10-16,64954.0,1.2662092089360208,2008Yala,121.18023631967856
2008-10-17,64954.0,1.2662092089360208,2008Yala,121.18023631967856
2008-10-18,64954.0,1.2662092089360208,2008Yala,121.18023631967856
2008-10-19,64954.0,1.2662092089360208,2008Yala,121.18023631967856
2008-10-20,64954.0,1.2662092089360208,2008Yala,121.18023631967856
2008-10-21,64954.0,1.2662092089360208,2008Yala,121.18023631967856
2008-10-22,64954.0,1.2662092089360208,2008Yala,121.18023631967856
2008-10-23,64954.0,1.2662092089360208,2008Yala,121.18023631967856
2008-10-24,64954.0,1.2662092089360208,2008Yala,121.18023631967856
2008-10-25,64954.0,1.2662092089360208,2008Yala,121.18023631967856
2008-10-26,64954.0,1.2662092089360208,2008Yala,121.18023631967856
2008-10-27,64954.0,1.2662092089360208,2008Yala,121.18023631967856
2008-10-28,64954.0,1.2662092089360208,2008Yala,121.18023631967856
2008-10-29,64954.0,1.2662092089360208,2008Yala,121.18023631967856
2008-10-30,64954.0,1.2662092089360208,2008Yala,121.18023631967856
2008-10-31,64954.0,1.2662092089360208,2008Yala,121.18023631967856
2008-11-01,64954.0,1.2662092089360208,2008Yala,121.18023631967856
2008-11-02,64954.0,1.2662092089360208,2008Yala,121.18023631967856
2008-11-03,64954.0,1.2662092089360208,2008Yala,121.18023631967856
2008-11-04,64954.0,1.2662092089360208,2008Yala,121.18023631967856
2008-11-05,64954.0,1.2662092089360208,2008Yala,121.18023631967856
2008-11-06,64954.0,1.2662092089360208,2008Yala,121.18023631967856
2008-11-07,64954.0,1.2662092089360208,2008Yala,121.18023631967856
2008-11-08,64954.0,1.2662092089360208,2008Yala,121.18023631967856
2008-11-09,64954.0,1.2662092089360208,2008Yala,121.18023631967856
2008-11-10,64954.0,1.2662092089360208,2008Yala,121.18023631967856
2008-11-11,64954.0,1.2662092089360208,2008Yala,121.18023631967856
2008-11-12,64954.0,1.2662092089360208,2008Yala,121.18023631967856
2008-11-13,64954.0,1.2662092089360208,2008Yala,121.18023631967856
2008-11-14,64954.0,1.2662092089360208,2008Yala,121.18023631967856
2008-11-15,64954.0,1.2662092089360208,2008Yala,121.18023631967856
2008-11-16,64954.0,1.2662092089360208,2008Yala,121.18023631967856
2008-11-17,64954.0,1.2662092089360208,2008Yala,121.18023631967856
2008-11-18,64954.0,1.2662092089360208,2008Yala,121.18023631967856
2008-11-19,64954.0,1.2662092089360208,2008Yala,121.18023631967856
2008-11-20,64954.0,1.2662092089360208,2008Yala,121.18023631967856
2008-11-21,64954.0,1.2662092089360208,2008Yala,121.18023631967856
2008-11-22,64954.0,1.2662092089360208,2008Yala,121.18023631967856
2008-11-23,64954.0,1.2662092089360208,2008Yala,121.18023631967856
2008-11-24,64954.0,1.2662092089360208,2008Yala,121.18023631967856
2008-11-25,64954.0,1.2662092089360208,2008Yala,121.18023631967856
2008-11-26,64954.0,1.2662092089360208,2008Yala,121.18023631967856
2008-11-27,64954.0,1.2662092089360208,2008Yala,121.18023631967856
2008-11-28,64954.0,1.2662092089360208,2008Yala,121.18023631967856
2008-11-29,64954.0,1.2662092089360208,2008Yala,121.18023631967856
2008-11-30,64954.0,1.2662092089360208,2008Yala,121.18023631967856
2008-12-01,64954.0,1.2662092089360208,2008Yala,121.18023631967856
2008-12-02,64954.0,1.2662092089360208,2008Yala,121.18023631967856
2008-12-03,64954.0,1.2662092089360208,2008Yala,121.18023631967856
2008-12-04,64954.0,1.2662092089360208,2008Yala,121.18023631967856
2008-12-05,64954.0,1.2662092089360208,2008Yala,121.18023631967856
2008-12-06,64954.0,1.2662092089360208,2008Yala,121.18023631967856
2008-12-07,64954.0,1.2662092089360208,2008Yala,121.18023631967856
2008-12-08,64954.0,1.2662092089360208,2008Yala,121.18023631967856
2008-12-09,64954.0,1.2662092089360208,2008Yala,121.18023631967856
2008-12-10,64954.0,1.2662092089360208,2008Yala,121.18023631967856
2008-12-11,64954.0,1.2662092089360208,2008Yala,121.18023631967856
2008-12-12,64954.0,1.2662092089360208,2008Yala,121.18023631967856
2008-12-13,64954.0,1.2662092089360208,2008Yala,121.18023631967856
2008-12-14,64954.0,1.2662092089360208,2008Yala,121.18023631967856
2008-12-15,64954.0,1.2662092089360208,2008Yala,121.18023631967856
2008-12-16,64954.0,1.2662092089360208,2008Yala,121.18023631967856
2008-12-17,64954.0,1.2662092089360208,2008Yala,121.18023631967856
2008-12-18,64954.0,1.2662092089360208,2008Yala,121.18023631967856
2008-12-19,64954.0,1.2662092089360208,2008Yala,121.18023631967856
2008-12-20,64954.0,1.2662092089360208,2008Yala,121.18023631967856
2008-12-21,64954.0,1.2662092089360208,2008Yala,121.18023631967856
2008-12-22,64954.0,1.2662092089360208,2008Yala,121.18023631967856
2008-12-23,64954.0,1.2662092089360208,2008Yala,121.18023631967856
2008-12-24,64954.0,1.2662092089360208,2008Yala,121.18023631967856
2008-12-25,64954.0,1.2662092089360208,2008Yala,121.18023631967856
2008-12-26,64954.0,1.2662092089360208,2008Yala,121.18023631967856
2008-12-27,64954.0,1.2662092089360208,2008Yala,121.18023631967856
2008-12-28,64954.0,1.2662092089360208,2008Yala,121.18023631967856
2008-12-29,64954.0,1.2662092089360208,2008Yala,121.18023631967856
2008-12-30,64954.0,1.2662092089360208,2008Yala,121.18023631967856
2008-12-31,64954.0,1.2662092089360208,2008Yala,121.18023631967856
2009-01-01,64954.0,1.2662092089360208,2008Yala,121.18023631967856
2009-01-02,64954.0,1.2662092089360208,2008Yala,121.18023631967856
2009-01-03,64954.0,1.2662092089360208,2008Yala,121.18023631967856
2009-01-04,64954.0,1.2662092089360208,2008Yala,121.18023631967856
2009-01-05,64954.0,1.2662092089360208,2008Yala,121.18023631967856
2009-01-06,64954.0,1.2662092089360208,2008Yala,121.18023631967856
2009-01-07,64954.0,1.2662092089360208,2008Yala,121.18023631967856
2009-01-08,64954.0,1.2662092089360208,2008Yala,121.18023631967856
2009-01-09,64954.0,1.2662092089360208,2008Yala,121.18023631967856
2009-01-10,64954.0,1.2662092089360208,2008Yala,121.18023631967856
2009-01-11,64954.0,1.2662092089360208,2008Yala,121.18023631967856
2009-01-12,64954.0,1.2662092089360208,2008Yala,121.18023631967856
2009-01-13,64954.0,1.2662092089360208,2008Yala,121.18023631967856
2009-01-14,64954.0,1.2662092089360208,2008Yala,121.18023631967856
2009-01-15,64954.0,1.2662092089360208,2008Yala,121.18023631967856
2009-01-16,64954.0,1.2662092089360208,2008Yala,121.18023631967856
2009-01-17,64954.0,1.2662092089360208,2008Yala,121.18023631967856
2009-01-18,64954.0,1.2662092089360208,2008Yala,121.18023631967856
2009-01-19,64954.0,1.2662092089360208,2008Yala,121.18023631967856
2009-01-20,64954.0,1.2662092089360208,2008Yala,121.18023631967856
2009-01-21,64954.0,1.2662092089360208,2008Yala,121.18023631967856
2009-01-22,64954.0,1.2662092089360208,2008Yala,121.18023631967856
2009-01-23,64954.0,1.2662092089360208,2008Yala,121.18023631967856
2009-01-24,64954.0,1.2662092089360208,2008Yala,121.18023631967856
2009-01-25,64954.0,1.2662092089360208,2008Yala,121.18023631967856
2009-01-26,64954.0,1.2662092089360208,2008Yala,121.18023631967856
2009-01-27,64954.0,1.2662092089360208,2008Yala,121.18023631967856
2009-01-28,64954.0,1.2662092089360208,2008Yala,121.18023631967856
2009-01-29,64954.0,1.2662092089360208,2008Yala,121.18023631967856
2009-01-30,64954.0,1.2662092089360208,2008Yala,121.18023631967856
2009-01-31,64954.0,1.2662092089360208,2008Yala,121.18023631967856
2009-02-01,64954.0,1.2662092089360208,2008Yala,121.18023631967856
2009-02-02,64954.0,1.2662092089360208,2008Yala,121.18023631967856
2009-02-03,64954.0,1.2662092089360208,2008Yala,121.18023631967856
2009-02-04,64954.0,1.2662092089360208,2008Yala,121.18023631967856
2009-02-05,64954.0,1.2662092089360208,2008Yala,121.18023631967856
2009-02-06,64954.0,1.2662092089360208,2008Yala,121.18023631967856
2009-02-07,64954.0,1.2662092089360208,2008Yala,121.18023631967856
2009-02-08,64954.0,1.2662092089360208,2008Yala,121.18023631967856
2009-02-09,64954.0,1.2662092089360208,2008Yala,121.18023631967856
2009-02-10,64954.0,1.2662092089360208,2008Yala,121.18023631967856
2009-02-11,64954.0,1.2662092089360208,2008Yala,121.18023631967856
2009-02-12,64954.0,1.2662092089360208,2008Yala,121.18023631967856
2009-02-13,64954.0,1.2662092089360208,2008Yala,121.18023631967856
2009-02-14,64954.0,1.2662092089360208,2008Yala,121.18023631967856
2009-02-15,64954.0,1.2662092089360208,2008Yala,121.18023631967856
2009-02-16,64954.0,1.2662092089360208,2008Yala,121.18023631967856
2009-02-17,64954.0,1.2662092089360208,2008Yala,121.18023631967856
2009-02-18,64954.0,1.2662092089360208,2008Yala,121.18023631967856
2009-02-19,64954.0,1.2662092089360208,2008Yala,121.18023631967856
2009-02-20,64954.0,1.2662092089360208,2008Yala,121.18023631967856
2009-02-21,64954.0,1.2662092089360208,2008Yala,121.18023631967856
2009-02-22,64954.0,1.2662092089360208,2008Yala,121.18023631967856
2009-02-23,64954.0,1.2662092089360208,2008Yala,121.18023631967856
2009-02-24,64954.0,1.2662092089360208,2008Yala,121.18023631967856
2009-02-25,64954.0,1.2662092089360208,2008Yala,121.18023631967856
2009-02-26,64954.0,1.2662092089360208,2008Yala,121.18023631967856
2009-02-27,64954.0,1.2662092089360208,2008Yala,121.18023631967856
2009-02-28,64954.0,1.2662092089360208,2008Yala,121.18023631967856
2009-03-01,2045982.0,3.8944899905396944,2008-2009Maha,14.203820447240822
2009-03-02,2045982.0,3.8944899905396944,2008-2009Maha,14.203820447240822
2009-03-03,2045982.0,3.8944899905396944,2008-2009Maha,14.203820447240822
2009-03-04,2045982.0,3.8944899905396944,2008-2009Maha,14.203820447240822
2009-03-05,2045982.0,3.8944899905396944,2008-2009Maha,14.203820447240822
2009-03-06,2045982.0,3.8944899905396944,2008-2009Maha,14.203820447240822
2009-03-07,2045982.0,3.8944899905396944,2008-2009Maha,14.203820447240822
2009-03-08,2045982.0,3.8944899905396944,2008-2009Maha,14.203820447240822
2009-03-09,2045982.0,3.8944899905396944,2008-2009Maha,14.203820447240822
2009-03-10,2045982.0,3.8944899905396944,2008-2009Maha,14.203820447240822
2009-03-11,2045982.0,3.8944899905396944,2008-2009Maha,14.203820447240822
2009-03-12,2045982.0,3.8944899905396944,2008-2009Maha,14.203820447240822
2009-03-13,2045982.0,3.8944899905396944,2008-2009Maha,14.203820447240822
2009-03-14,2045982.0,3.8944899905396944,2008-2009Maha,14.203820447240822
2009-03-15,2045982.0,3.8944899905396944,2008-2009Maha,14.203820447240822
2009-03-16,2045982.0,3.8944899905396944,2008-2009Maha,14.203820447240822
2009-03-17,2045982.0,3.8944899905396944,2008-2009Maha,14.203820447240822
2009-03-18,2045982.0,3.8944899905396944,2008-2009Maha,14.203820447240822
2009-03-19,2045982.0,3.8944899905396944,2008-2009Maha,14.203820447240822
2009-03-20,2045982.0,3.8944899905396944,2008-2009Maha,14.203820447240822
2009-03-21,2045982.0,3.8944899905396944,2008-2009Maha,14.203820447240822
2009-03-22,2045982.0,3.8944899905396944,2008-2009Maha,14.203820447240822
2009-03-23,2045982.0,3.8944899905396944,2008-2009Maha,14.203820447240822
2009-03-24,2045982.0,3.8944899905396944,2008-2009Maha,14.203820447240822
2009-03-25,2045982.0,3.8944899905396944,2008-2009Maha,14.203820447240822
2009-03-26,2045982.0,3.8944899905396944,2008-2009Maha,14.203820447240822
2009-03-27,2045982.0,3.8944899905396944,2008-2009Maha,14.203820447240822
2009-03-28,2045982.0,3.8944899905396944,2008-2009Maha,14.203820447240822
2009-03-29,2045982.0,3.8944899905396944,2008-2009Maha,14.203820447240822
2009-03-30,2045982.0,3.8944899905396944,2008-2009Maha,14.203820447240822
2009-03-31,2045982.0,3.8944899905396944,2008-2009Maha,14.203820447240822
2009-04-01,2045982.0,3.8944899905396944,2008-2009Maha,14.203820447240822
2009-04-02,2045982.0,3.8944899905396944,2008-2009Maha,14.203820447240822
2009-04-03,2045982.0,3.8944899905396944,2008-2009Maha,14.203820447240822
2009-04-04,2045982.0,3.8944899905396944,2008-2009Maha,14.203820447240822
2009-04-05,2045982.0,3.8944899905396944,2008-2009Maha,14.203820447240822
2009-04-06,2045982.0,3.8944899905396944,2008-2009Maha,14.203820447240822
2009-04-07,2045982.0,3.8944899905396944,2008-2009Maha,14.203820447240822
2009-04-08,2045982.0,3.8944899905396944,2008-2009Maha,14.203820447240822
2009-04-09,2045982.0,3.8944899905396944,2008-2009Maha,14.203820447240822
2009-04-10,2045982.0,3.8944899905396944,2008-2009Maha,14.203820447240822
2009-04-11,2045982.0,3.8944899905396944,2008-2009Maha,14.203820447240822
2009-04-12,2045982.0,3.8944899905396944,2008-2009Maha,14.203820447240822
2009-04-13,2045982.0,3.8944899905396944,2008-2009Maha,14.203820447240822
2009-04-14,2045982.0,3.8944899905396944,2008-2009Maha,14.203820447240822
2009-04-15,2045982.0,3.8944899905396944,2008-2009Maha,14.203820447240822
2009-04-16,2045982.0,3.8944899905396944,2008-2009Maha,14.203820447240822
2009-04-17,2045982.0,3.8944899905396944,2008-2009Maha,14.203820447240822
2009-04-18,2045982.0,3.8944899905396944,2008-2009Maha,14.203820447240822
2009-04-19,2045982.0,3.8944899905396944,2008-2009Maha,14.203820447240822
2009-04-20,2045982.0,3.8944899905396944,2008-2009Maha,14.203820447240822
2009-04-21,2045982.0,3.8944899905396944,2008-2009Maha,14.203820447240822
2009-04-22,2045982.0,3.8944899905396944,2008-2009Maha,14.203820447240822
2009-04-23,2045982.0,3.8944899905396944,2008-2009Maha,14.203820447240822
2009-04-24,2045982.0,3.8944899905396944,2008-2009Maha,14.203820447240822
2009-04-25,2045982.0,3.8944899905396944,2008-2009Maha,14.203820447240822
2009-04-26,2045982.0,3.8944899905396944,2008-2009Maha,14.203820447240822
2009-04-27,2045982.0,3.8944899905396944,2008-2009Maha,14.203820447240822
2009-04-28,2045982.0,3.8944899905396944,2008-2009Maha,14.203820447240822
2009-04-29,2045982.0,3.8944899905396944,2008-2009Maha,14.203820447240822
2009-04-30,2045982.0,3.8944899905396944,2008-2009Maha,14.203820447240822
2009-05-01,2045982.0,3.8944899905396944,2008-2009Maha,14.203820447240822
2009-05-02,2045982.0,3.8944899905396944,2008-2009Maha,14.203820447240822
2009-05-03,2045982.0,3.8944899905396944,2008-2009Maha,14.203820447240822
2009-05-04,2045982.0,3.8944899905396944,2008-2009Maha,14.203820447240822
2009-05-05,2045982.0,3.8944899905396944,2008-2009Maha,14.203820447240822
2009-05-06,2045982.0,3.8944899905396944,2008-2009Maha,14.203820447240822
2009-05-07,2045982.0,3.8944899905396944,2008-2009Maha,14.203820447240822
2009-05-08,2045982.0,3.8944899905396944,2008-2009Maha,14.203820447240822
2009-05-09,2045982.0,3.8944899905396944,2008-2009Maha,14.203820447240822
2009-05-10,2045982.0,3.8944899905396944,2008-2009Maha,14.203820447240822
2009-05-11,2045982.0,3.8944899905396944,2008-2009Maha,14.203820447240822
2009-05-12,2045982.0,3.8944899905396944,2008-2009Maha,14.203820447240822
2009-05-13,2045982.0,3.8944899905396944,2008-2009Maha,14.203820447240822
2009-05-14,2045982.0,3.8944899905396944,2008-2009Maha,14.203820447240822
2009-05-15,2045982.0,3.8944899905396944,2008-2009Maha,14.203820447240822
2009-05-16,2045982.0,3.8944899905396944,2008-2009Maha,14.203820447240822
2009-05-17,2045982.0,3.8944899905396944,2008-2009Maha,14.203820447240822
2009-05-18,2045982.0,3.8944899905396944,2008-2009Maha,14.203820447240822
2009-05-19,2045982.0,3.8944899905396944,2008-2009Maha,14.203820447240822
2009-05-20,2045982.0,3.8944899905396944,2008-2009Maha,14.203820447240822
2009-05-21,2045982.0,3.8944899905396944,2008-2009Maha,14.203820447240822
2009-05-22,2045982.0,3.8944899905396944,2008-2009Maha,14.203820447240822
2009-05-23,2045982.0,3.8944899905396944,2008-2009Maha,14.203820447240822
2009-05-24,2045982.0,3.8944899905396944,2008-2009Maha,14.203820447240822
2009-05-25,2045982.0,3.8944899905396944,2008-2009Maha,14.203820447240822
2009-05-26,2045982.0,3.8944899905396944,2008-2009Maha,14.203820447240822
2009-05-27,2045982.0,3.8944899905396944,2008-2009Maha,14.203820447240822
2009-05-28,2045982.0,3.8944899905396944,2008-2009Maha,14.203820447240822
2009-05-29,2045982.0,3.8944899905396944,2008-2009Maha,14.203820447240822
2009-05-30,2045982.0,3.8944899905396944,2008-2009Maha,14.203820447240822
2009-05-31,2045982.0,3.8944899905396944,2008-2009Maha,14.203820447240822
2009-06-01,2045982.0,3.8944899905396944,2008-2009Maha,14.203820447240822
2009-06-02,2045982.0,3.8944899905396944,2008-2009Maha,14.203820447240822
2009-06-03,2045982.0,3.8944899905396944,2008-2009Maha,14.203820447240822
2009-06-04,2045982.0,3.8944899905396944,2008-2009Maha,14.203820447240822
2009-06-05,2045982.0,3.8944899905396944,2008-2009Maha,14.203820447240822
2009-06-06,2045982.0,3.8944899905396944,2008-2009Maha,14.203820447240822
2009-06-07,2045982.0,3.8944899905396944,2008-2009Maha,14.203820447240822
2009-06-08,2045982.0,3.8944899905396944,2008-2009Maha,14.203820447240822
2009-06-09,2045982.0,3.8944899905396944,2008-2009Maha,14.203820447240822
2009-06-10,2045982.0,3.8944899905396944,2008-2009Maha,14.203820447240822
2009-06-11,2045982.0,3.8944899905396944,2008-2009Maha,14.203820447240822
2009-06-12,2045982.0,3.8944899905396944,2008-2009Maha,14.203820447240822
2009-06-13,2045982.0,3.8944899905396944,2008-2009Maha,14.203820447240822
2009-06-14,2045982.0,3.8944899905396944,2008-2009Maha,14.203820447240822
2009-06-15,2045982.0,3.8944899905396944,2008-2009Maha,14.203820447240822
2009-06-16,2045982.0,3.8944899905396944,2008-2009Maha,14.203820447240822
2009-06-17,2045982.0,3.8944899905396944,2008-2009Maha,14.203820447240822
2009-06-18,2045982.0,3.8944899905396944,2008-2009Maha,14.203820447240822
2009-06-19,2045982.0,3.8944899905396944,2008-2009Maha,14.203820447240822
2009-06-20,2045982.0,3.8944899905396944,2008-2009Maha,14.203820447240822
2009-06-21,2045982.0,3.8944899905396944,2008-2009Maha,14.203820447240822
2009-06-22,2045982.0,3.8944899905396944,2008-2009Maha,14.203820447240822
2009-06-23,2045982.0,3.8944899905396944,2008-2009Maha,14.203820447240822
2009-06-24,2045982.0,3.8944899905396944,2008-2009Maha,14.203820447240822
2009-06-25,2045982.0,3.8944899905396944,2008-2009Maha,14.203820447240822
2009-06-26,2045982.0,3.8944899905396944,2008-2009Maha,14.203820447240822
2009-06-27,2045982.0,3.8944899905396944,2008-2009Maha,14.203820447240822
2009-06-28,2045982.0,3.8944899905396944,2008-2009Maha,14.203820447240822
2009-06-29,2045982.0,3.8944899905396944,2008-2009Maha,14.203820447240822
2009-06-30,2045982.0,3.8944899905396944,2008-2009Maha,14.203820447240822
2009-07-01,2045982.0,3.8944899905396944,2008-2009Maha,14.203820447240822
2009-07-02,2045982.0,3.8944899905396944,2008-2009Maha,14.203820447240822
2009-07-03,2045982.0,3.8944899905396944,2008-2009Maha,14.203820447240822
2009-07-04,2045982.0,3.8944899905396944,2008-2009Maha,14.203820447240822
2009-07-05,2045982.0,3.8944899905396944,2008-2009Maha,14.203820447240822
2009-07-06,2045982.0,3.8944899905396944,2008-2009Maha,14.203820447240822
2009-07-07,2045982.0,3.8944899905396944,2008-2009Maha,14.203820447240822
2009-07-08,2045982.0,3.8944899905396944,2008-2009Maha,14.203820447240822
2009-07-09,2045982.0,3.8944899905396944,2008-2009Maha,14.203820447240822
2009-07-10,2045982.0,3.8944899905396944,2008-2009Maha,14.203820447240822
2009-07-11,2045982.0,3.8944899905396944,2008-2009Maha,14.203820447240822
2009-07-12,2045982.0,3.8944899905396944,2008-2009Maha,14.203820447240822
2009-07-13,2045982.0,3.8944899905396944,2008-2009Maha,14.203820447240822
2009-07-14,2045982.0,3.8944899905396944,2008-2009Maha,14.203820447240822
2009-07-15,2045982.0,3.8944899905396944,2008-2009Maha,14.203820447240822
2009-07-16,2045982.0,3.8944899905396944,2008-2009Maha,14.203820447240822
2009-07-17,2045982.0,3.8944899905396944,2008-2009Maha,14.203820447240822
2009-07-18,2045982.0,3.8944899905396944,2008-2009Maha,14.203820447240822
2009-07-19,2045982.0,3.8944899905396944,2008-2009Maha,14.203820447240822
2009-07-20,2045982.0,3.8944899905396944,2008-2009Maha,14.203820447240822
2009-07-21,2045982.0,3.8944899905396944,2008-2009Maha,14.203820447240822
2009-07-22,2045982.0,3.8944899905396944,2008-2009Maha,14.203820447240822
2009-07-23,2045982.0,3.8944899905396944,2008-2009Maha,14.203820447240822
2009-07-24,2045982.0,3.8944899905396944,2008-2009Maha,14.203820447240822
2009-07-25,2045982.0,3.8944899905396944,2008-2009Maha,14.203820447240822
2009-07-26,2045982.0,3.8944899905396944,2008-2009Maha,14.203820447240822
2009-07-27,2045982.0,3.8944899905396944,2008-2009Maha,14.203820447240822
2009-07-28,2045982.0,3.8944899905396944,2008-2009Maha,14.203820447240822
2009-07-29,2045982.0,3.8944899905396944,2008-2009Maha,14.203820447240822
2009-07-30,2045982.0,3.8944899905396944,2008-2009Maha,14.203820447240822
2009-07-31,2045982.0,3.8944899905396944,2008-2009Maha,14.203820447240822
2009-08-01,2045982.0,3.8944899905396944,2008-2009Maha,14.203820447240822
2009-08-02,2045982.0,3.8944899905396944,2008-2009Maha,14.203820447240822
2009-08-03,2045982.0,3.8944899905396944,2008-2009Maha,14.203820447240822
2009-08-04,2045982.0,3.8944899905396944,2008-2009Maha,14.203820447240822
2009-08-05,2045982.0,3.8944899905396944,2008-2009Maha,14.203820447240822
2009-08-06,2045982.0,3.8944899905396944,2008-2009Maha,14.203820447240822
2009-08-07,2045982.0,3.8944899905396944,2008-2009Maha,14.203820447240822
2009-08-08,2045982.0,3.8944899905396944,2008-2009Maha,14.203820447240822
2009-08-09,2045982.0,3.8944899905396944,2008-2009Maha,14.203820447240822
2009-08-10,2045982.0,3.8944899905396944,2008-2009Maha,14.203820447240822
2009-08-11,2045982.0,3.8944899905396944,2008-2009Maha,14.203820447240822
2009-08-12,2045982.0,3.8944899905396944,2008-2009Maha,14.203820447240822
2009-08-13,2045982.0,3.8944899905396944,2008-2009Maha,14.203820447240822
2009-08-14,2045982.0,3.8944899905396944,2008-2009Maha,14.203820447240822
2009-08-15,2045982.0,3.8944899905396944,2008-2009Maha,14.203820447240822
2009-08-16,2045982.0,3.8944899905396944,2008-2009Maha,14.203820447240822
2009-08-17,2045982.0,3.8944899905396944,2008-2009Maha,14.203820447240822
2009-08-18,2045982.0,3.8944899905396944,2008-2009Maha,14.203820447240822
2009-08-19,2045982.0,3.8944899905396944,2008-2009Maha,14.203820447240822
2009-08-20,2045982.0,3.8944899905396944,2008-2009Maha,14.203820447240822
2009-08-21,2045982.0,3.8944899905396944,2008-2009Maha,14.203820447240822
2009-08-22,2045982.0,3.8944899905396944,2008-2009Maha,14.203820447240822
2009-08-23,2045982.0,3.8944899905396944,2008-2009Maha,14.203820447240822
2009-08-24,2045982.0,3.8944899905396944,2008-2009Maha,14.203820447240822
2009-08-25,2045982.0,3.8944899905396944,2008-2009Maha,14.203820447240822
2009-08-26,2045982.0,3.8944899905396944,2008-2009Maha,14.203820447240822
2009-08-27,2045982.0,3.8944899905396944,2008-2009Maha,14.203820447240822
2009-08-28,2045982.0,3.8944899905396944,2008-2009Maha,14.203820447240822
2009-08-29,2045982.0,3.8944899905396944,2008-2009Maha,14.203820447240822
2009-08-30,2045982.0,3.8944899905396944,2008-2009Maha,14.203820447240822
2009-08-31,2045982.0,3.8944899905396944,2008-2009Maha,14.203820447240822
2009-09-01,67409.0,0.7269305841627934,2009Yala,3.7795978692613197
2009-09-02,67409.0,0.7269305841627934,2009Yala,3.7795978692613197
2009-09-03,67409.0,0.7269305841627934,2009Yala,3.7795978692613197
2009-09-04,67409.0,0.7269305841627934,2009Yala,3.7795978692613197
2009-09-05,67409.0,0.7269305841627934,2009Yala,3.7795978692613197
2009-09-06,67409.0,0.7269305841627934,2009Yala,3.7795978692613197
2009-09-07,67409.0,0.7269305841627934,2009Yala,3.7795978692613197
2009-09-08,67409.0,0.7269305841627934,2009Yala,3.7795978692613197
2009-09-09,67409.0,0.7269305841627934,2009Yala,3.7795978692613197
2009-09-10,67409.0,0.7269305841627934,2009Yala,3.7795978692613197
2009-09-11,67409.0,0.7269305841627934,2009Yala,3.7795978692613197
2009-09-12,67409.0,0.7269305841627934,2009Yala,3.7795978692613197
2009-09-13,67409.0,0.7269305841627934,2009Yala,3.7795978692613197
2009-09-14,67409.0,0.7269305841627934,2009Yala,3.7795978692613197
2009-09-15,67409.0,0.7269305841627934,2009Yala,3.7795978692613197
2009-09-16,67409.0,0.7269305841627934,2009Yala,3.7795978692613197
2009-09-17,67409.0,0.7269305841627934,2009Yala,3.7795978692613197
2009-09-18,67409.0,0.7269305841627934,2009Yala,3.7795978692613197
2009-09-19,67409.0,0.7269305841627934,2009Yala,3.7795978692613197
2009-09-20,67409.0,0.7269305841627934,2009Yala,3.7795978692613197
2009-09-21,67409.0,0.7269305841627934,2009Yala,3.7795978692613197
2009-09-22,67409.0,0.7269305841627934,2009Yala,3.7795978692613197
2009-09-23,67409.0,0.7269305841627934,2009Yala,3.7795978692613197
2009-09-24,67409.0,0.7269305841627934,2009Yala,3.7795978692613197
2009-09-25,67409.0,0.7269305841627934,2009Yala,3.7795978692613197
2009-09-26,67409.0,0.7269305841627934,2009Yala,3.7795978692613197
2009-09-27,67409.0,0.7269305841627934,2009Yala,3.7795978692613197
2009-09-28,67409.0,0.7269305841627934,2009Yala,3.7795978692613197
2009-09-29,67409.0,0.7269305841627934,2009Yala,3.7795978692613197
2009-09-30,67409.0,0.7269305841627934,2009Yala,3.7795978692613197
2009-10-01,67409.0,0.7269305841627934,2009Yala,3.7795978692613197
2009-10-02,67409.0,0.7269305841627934,2009Yala,3.7795978692613197
2009-10-03,67409.0,0.7269305841627934,2009Yala,3.7795978692613197
2009-10-04,67409.0,0.7269305841627934,2009Yala,3.7795978692613197
2009-10-05,67409.0,0.7269305841627934,2009Yala,3.7795978692613197
2009-10-06,67409.0,0.7269305841627934,2009Yala,3.7795978692613197
2009-10-07,67409.0,0.7269305841627934,2009Yala,3.7795978692613197
2009-10-08,67409.0,0.7269305841627934,2009Yala,3.7795978692613197
2009-10-09,67409.0,0.7269305841627934,2009Yala,3.7795978692613197
2009-10-10,67409.0,0.7269305841627934,2009Yala,3.7795978692613197
2009-10-11,67409.0,0.7269305841627934,2009Yala,3.7795978692613197
2009-10-12,67409.0,0.7269305841627934,2009Yala,3.7795978692613197
2009-10-13,67409.0,0.7269305841627934,2009Yala,3.7795978692613197
2009-10-14,67409.0,0.7269305841627934,2009Yala,3.7795978692613197
2009-10-15,67409.0,0.7269305841627934,2009Yala,3.7795978692613197
2009-10-16,67409.0,0.7269305841627934,2009Yala,3.7795978692613197
2009-10-17,67409.0,0.7269305841627934,2009Yala,3.7795978692613197
2009-10-18,67409.0,0.7269305841627934,2009Yala,3.7795978692613197
2009-10-19,67409.0,0.7269305841627934,2009Yala,3.7795978692613197
2009-10-20,67409.0,0.7269305841627934,2009Yala,3.7795978692613197
2009-10-21,67409.0,0.7269305841627934,2009Yala,3.7795978692613197
2009-10-22,67409.0,0.7269305841627934,2009Yala,3.7795978692613197
2009-10-23,67409.0,0.7269305841627934,2009Yala,3.7795978692613197
2009-10-24,67409.0,0.7269305841627934,2009Yala,3.7795978692613197
2009-10-25,67409.0,0.7269305841627934,2009Yala,3.7795978692613197
2009-10-26,67409.0,0.7269305841627934,2009Yala,3.7795978692613197
2009-10-27,67409.0,0.7269305841627934,2009Yala,3.7795978692613197
2009-10-28,67409.0,0.7269305841627934,2009Yala,3.7795978692613197
2009-10-29,67409.0,0.7269305841627934,2009Yala,3.7795978692613197
2009-10-30,67409.0,0.7269305841627934,2009Yala,3.7795978692613197
2009-10-31,67409.0,0.7269305841627934,2009Yala,3.7795978692613197
2009-11-01,67409.0,0.7269305841627934,2009Yala,3.7795978692613197
2009-11-02,67409.0,0.7269305841627934,2009Yala,3.7795978692613197
2009-11-03,67409.0,0.7269305841627934,2009Yala,3.7795978692613197
2009-11-04,67409.0,0.7269305841627934,2009Yala,3.7795978692613197
2009-11-05,67409.0,0.7269305841627934,2009Yala,3.7795978692613197
2009-11-06,67409.0,0.7269305841627934,2009Yala,3.7795978692613197
2009-11-07,67409.0,0.7269305841627934,2009Yala,3.7795978692613197
2009-11-08,67409.0,0.7269305841627934,2009Yala,3.7795978692613197
2009-11-09,67409.0,0.7269305841627934,2009Yala,3.7795978692613197
2009-11-10,67409.0,0.7269305841627934,2009Yala,3.7795978692613197
2009-11-11,67409.0,0.7269305841627934,2009Yala,3.7795978692613197
2009-11-12,67409.0,0.7269305841627934,2009Yala,3.7795978692613197
2009-11-13,67409.0,0.7269305841627934,2009Yala,3.7795978692613197
2009-11-14,67409.0,0.7269305841627934,2009Yala,3.7795978692613197
2009-11-15,67409.0,0.7269305841627934,2009Yala,3.7795978692613197
2009-11-16,67409.0,0.7269305841627934,2009Yala,3.7795978692613197
2009-11-17,67409.0,0.7269305841627934,2009Yala,3.7795978692613197
2009-11-18,67409.0,0.7269305841627934,2009Yala,3.7795978692613197
2009-11-19,67409.0,0.7269305841627934,2009Yala,3.7795978692613197
2009-11-20,67409.0,0.7269305841627934,2009Yala,3.7795978692613197
2009-11-21,67409.0,0.7269305841627934,2009Yala,3.7795978692613197
2009-11-22,67409.0,0.7269305841627934,2009Yala,3.7795978692613197
2009-11-23,67409.0,0.7269305841627934,2009Yala,3.7795978692613197
2009-11-24,67409.0,0.7269305841627934,2009Yala,3.7795978692613197
2009-11-25,67409.0,0.7269305841627934,2009Yala,3.7795978692613197
2009-11-26,67409.0,0.7269305841627934,2009Yala,3.7795978692613197
2009-11-27,67409.0,0.7269305841627934,2009Yala,3.7795978692613197
2009-11-28,67409.0,0.7269305841627934,2009Yala,3.7795978692613197
2009-11-29,67409.0,0.7269305841627934,2009Yala,3.7795978692613197
2009-11-30,67409.0,0.7269305841627934,2009Yala,3.7795978692613197
2009-12-01,67409.0,0.7269305841627934,2009Yala,3.7795978692613197
2009-12-02,67409.0,0.7269305841627934,2009Yala,3.7795978692613197
2009-12-03,67409.0,0.7269305841627934,2009Yala,3.7795978692613197
2009-12-04,67409.0,0.7269305841627934,2009Yala,3.7795978692613197
2009-12-05,67409.0,0.7269305841627934,2009Yala,3.7795978692613197
2009-12-06,67409.0,0.7269305841627934,2009Yala,3.7795978692613197
2009-12-07,67409.0,0.7269305841627934,2009Yala,3.7795978692613197
2009-12-08,67409.0,0.7269305841627934,2009Yala,3.7795978692613197
2009-12-09,67409.0,0.7269305841627934,2009Yala,3.7795978692613197
2009-12-10,67409.0,0.7269305841627934,2009Yala,3.7795978692613197
2009-12-11,67409.0,0.7269305841627934,2009Yala,3.7795978692613197
2009-12-12,67409.0,0.7269305841627934,2009Yala,3.7795978692613197
2009-12-13,67409.0,0.7269305841627934,2009Yala,3.7795978692613197
2009-12-14,67409.0,0.7269305841627934,2009Yala,3.7795978692613197
2009-12-15,67409.0,0.7269305841627934,2009Yala,3.7795978692613197
2009-12-16,67409.0,0.7269305841627934,2009Yala,3.7795978692613197
2009-12-17,67409.0,0.7269305841627934,2009Yala,3.7795978692613197
2009-12-18,67409.0,0.7269305841627934,2009Yala,3.7795978692613197
2009-12-19,67409.0,0.7269305841627934,2009Yala,3.7795978692613197
2009-12-20,67409.0,0.7269305841627934,2009Yala,3.7795978692613197
2009-12-21,67409.0,0.7269305841627934,2009Yala,3.7795978692613197
2009-12-22,67409.0,0.7269305841627934,2009Yala,3.7795978692613197
2009-12-23,67409.0,0.7269305841627934,2009Yala,3.7795978692613197
2009-12-24,67409.0,0.7269305841627934,2009Yala,3.7795978692613197
2009-12-25,67409.0,0.7269305841627934,2009Yala,3.7795978692613197
2009-12-26,67409.0,0.7269305841627934,2009Yala,3.7795978692613197
2009-12-27,67409.0,0.7269305841627934,2009Yala,3.7795978692613197
2009-12-28,67409.0,0.7269305841627934,2009Yala,3.7795978692613197
2009-12-29,67409.0,0.7269305841627934,2009Yala,3.7795978692613197
2009-12-30,67409.0,0.7269305841627934,2009Yala,3.7795978692613197
2009-12-31,67409.0,0.7269305841627934,2009Yala,3.7795978692613197
2010-01-01,67409.0,0.7269305841627934,2009Yala,3.7795978692613197
2010-01-02,67409.0,0.7269305841627934,2009Yala,3.7795978692613197
2010-01-03,67409.0,0.7269305841627934,2009Yala,3.7795978692613197
2010-01-04,67409.0,0.7269305841627934,2009Yala,3.7795978692613197
2010-01-05,67409.0,0.7269305841627934,2009Yala,3.7795978692613197
2010-01-06,67409.0,0.7269305841627934,2009Yala,3.7795978692613197
2010-01-07,67409.0,0.7269305841627934,2009Yala,3.7795978692613197
2010-01-08,67409.0,0.7269305841627934,2009Yala,3.7795978692613197
2010-01-09,67409.0,0.7269305841627934,2009Yala,3.7795978692613197
2010-01-10,67409.0,0.7269305841627934,2009Yala,3.7795978692613197
2010-01-11,67409.0,0.7269305841627934,2009Yala,3.7795978692613197
2010-01-12,67409.0,0.7269305841627934,2009Yala,3.7795978692613197
2010-01-13,67409.0,0.7269305841627934,2009Yala,3.7795978692613197
2010-01-14,67409.0,0.7269305841627934,2009Yala,3.7795978692613197
2010-01-15,67409.0,0.7269305841627934,2009Yala,3.7795978692613197
2010-01-16,67409.0,0.7269305841627934,2009Yala,3.7795978692613197
2010-01-17,67409.0,0.7269305841627934,2009Yala,3.7795978692613197
2010-01-18,67409.0,0.7269305841627934,2009Yala,3.7795978692613197
2010-01-19,67409.0,0.7269305841627934,2009Yala,3.7795978692613197
2010-01-20,67409.0,0.7269305841627934,2009Yala,3.7795978692613197
2010-01-21,67409.0,0.7269305841627934,2009Yala,3.7795978692613197
2010-01-22,67409.0,0.7269305841627934,2009Yala,3.7795978692613197
2010-01-23,67409.0,0.7269305841627934,2009Yala,3.7795978692613197
2010-01-24,67409.0,0.7269305841627934,2009Yala,3.7795978692613197
2010-01-25,67409.0,0.7269305841627934,2009Yala,3.7795978692613197
2010-01-26,67409.0,0.7269305841627934,2009Yala,3.7795978692613197
2010-01-27,67409.0,0.7269305841627934,2009Yala,3.7795978692613197
2010-01-28,67409.0,0.7269305841627934,2009Yala,3.7795978692613197
2010-01-29,67409.0,0.7269305841627934,2009Yala,3.7795978692613197
2010-01-30,67409.0,0.7269305841627934,2009Yala,3.7795978692613197
2010-01-31,67409.0,0.7269305841627934,2009Yala,3.7795978692613197
2010-02-01,67409.0,0.7269305841627934,2009Yala,3.7795978692613197
2010-02-02,67409.0,0.7269305841627934,2009Yala,3.7795978692613197
2010-02-03,67409.0,0.7269305841627934,2009Yala,3.7795978692613197
2010-02-04,67409.0,0.7269305841627934,2009Yala,3.7795978692613197
2010-02-05,67409.0,0.7269305841627934,2009Yala,3.7795978692613197
2010-02-06,67409.0,0.7269305841627934,2009Yala,3.7795978692613197
2010-02-07,67409.0,0.7269305841627934,2009Yala,3.7795978692613197
2010-02-08,67409.0,0.7269305841627934,2009Yala,3.7795978692613197
2010-02-09,67409.0,0.7269305841627934,2009Yala,3.7795978692613197
2010-02-10,67409.0,0.7269305841627934,2009Yala,3.7795978692613197
2010-02-11,67409.0,0.7269305841627934,2009Yala,3.7795978692613197
2010-02-12,67409.0,0.7269305841627934,2009Yala,3.7795978692613197
2010-02-13,67409.0,0.7269305841627934,2009Yala,3.7795978692613197
2010-02-14,67409.0,0.7269305841627934,2009Yala,3.7795978692613197
2010-02-15,67409.0,0.7269305841627934,2009Yala,3.7795978692613197
2010-02-16,67409.0,0.7269305841627934,2009Yala,3.7795978692613197
2010-02-17,67409.0,0.7269305841627934,2009Yala,3.7795978692613197
2010-02-18,67409.0,0.7269305841627934,2009Yala,3.7795978692613197
2010-02-19,67409.0,0.7269305841627934,2009Yala,3.7795978692613197
2010-02-20,67409.0,0.7269305841627934,2009Yala,3.7795978692613197
2010-02-21,67409.0,0.7269305841627934,2009Yala,3.7795978692613197
2010-02-22,67409.0,0.7269305841627934,2009Yala,3.7795978692613197
2010-02-23,67409.0,0.7269305841627934,2009Yala,3.7795978692613197
2010-02-24,67409.0,0.7269305841627934,2009Yala,3.7795978692613197
2010-02-25,67409.0,0.7269305841627934,2009Yala,3.7795978692613197
2010-02-26,67409.0,0.7269305841627934,2009Yala,3.7795978692613197
2010-02-27,67409.0,0.7269305841627934,2009Yala,3.7795978692613197
2010-02-28,67409.0,0.7269305841627934,2009Yala,3.7795978692613197
2010-03-01,2219708.0,4.058070956112222,2009-2010Maha,8.491081544216916
2010-03-02,2219708.0,4.058070956112222,2009-2010Maha,8.491081544216916
2010-03-03,2219708.0,4.058070956112222,2009-2010Maha,8.491081544216916
2010-03-04,2219708.0,4.058070956112222,2009-2010Maha,8.491081544216916
2010-03-05,2219708.0,4.058070956112222,2009-2010Maha,8.491081544216916
2010-03-06,2219708.0,4.058070956112222,2009-2010Maha,8.491081544216916
2010-03-07,2219708.0,4.058070956112222,2009-2010Maha,8.491081544216916
2010-03-08,2219708.0,4.058070956112222,2009-2010Maha,8.491081544216916
2010-03-09,2219708.0,4.058070956112222,2009-2010Maha,8.491081544216916
2010-03-10,2219708.0,4.058070956112222,2009-2010Maha,8.491081544216916
2010-03-11,2219708.0,4.058070956112222,2009-2010Maha,8.491081544216916
2010-03-12,2219708.0,4.058070956112222,2009-2010Maha,8.491081544216916
2010-03-13,2219708.0,4.058070956112222,2009-2010Maha,8.491081544216916
2010-03-14,2219708.0,4.058070956112222,2009-2010Maha,8.491081544216916
2010-03-15,2219708.0,4.058070956112222,2009-2010Maha,8.491081544216916
2010-03-16,2219708.0,4.058070956112222,2009-2010Maha,8.491081544216916
2010-03-17,2219708.0,4.058070956112222,2009-2010Maha,8.491081544216916
2010-03-18,2219708.0,4.058070956112222,2009-2010Maha,8.491081544216916
2010-03-19,2219708.0,4.058070956112222,2009-2010Maha,8.491081544216916
2010-03-20,2219708.0,4.058070956112222,2009-2010Maha,8.491081544216916
2010-03-21,2219708.0,4.058070956112222,2009-2010Maha,8.491081544216916
2010-03-22,2219708.0,4.058070956112222,2009-2010Maha,8.491081544216916
2010-03-23,2219708.0,4.058070956112222,2009-2010Maha,8.491081544216916
2010-03-24,2219708.0,4.058070956112222,2009-2010Maha,8.491081544216916
2010-03-25,2219708.0,4.058070956112222,2009-2010Maha,8.491081544216916
2010-03-26,2219708.0,4.058070956112222,2009-2010Maha,8.491081544216916
2010-03-27,2219708.0,4.058070956112222,2009-2010Maha,8.491081544216916
2010-03-28,2219708.0,4.058070956112222,2009-2010Maha,8.491081544216916
2010-03-29,2219708.0,4.058070956112222,2009-2010Maha,8.491081544216916
2010-03-30,2219708.0,4.058070956112222,2009-2010Maha,8.491081544216916
2010-03-31,2219708.0,4.058070956112222,2009-2010Maha,8.491081544216916
2010-04-01,2219708.0,4.058070956112222,2009-2010Maha,8.491081544216916
2010-04-02,2219708.0,4.058070956112222,2009-2010Maha,8.491081544216916
2010-04-03,2219708.0,4.058070956112222,2009-2010Maha,8.491081544216916
2010-04-04,2219708.0,4.058070956112222,2009-2010Maha,8.491081544216916
2010-04-05,2219708.0,4.058070956112222,2009-2010Maha,8.491081544216916
2010-04-06,2219708.0,4.058070956112222,2009-2010Maha,8.491081544216916
2010-04-07,2219708.0,4.058070956112222,2009-2010Maha,8.491081544216916
2010-04-08,2219708.0,4.058070956112222,2009-2010Maha,8.491081544216916
2010-04-09,2219708.0,4.058070956112222,2009-2010Maha,8.491081544216916
2010-04-10,2219708.0,4.058070956112222,2009-2010Maha,8.491081544216916
2010-04-11,2219708.0,4.058070956112222,2009-2010Maha,8.491081544216916
2010-04-12,2219708.0,4.058070956112222,2009-2010Maha,8.491081544216916
2010-04-13,2219708.0,4.058070956112222,2009-2010Maha,8.491081544216916
2010-04-14,2219708.0,4.058070956112222,2009-2010Maha,8.491081544216916
2010-04-15,2219708.0,4.058070956112222,2009-2010Maha,8.491081544216916
2010-04-16,2219708.0,4.058070956112222,2009-2010Maha,8.491081544216916
2010-04-17,2219708.0,4.058070956112222,2009-2010Maha,8.491081544216916
2010-04-18,2219708.0,4.058070956112222,2009-2010Maha,8.491081544216916
2010-04-19,2219708.0,4.058070956112222,2009-2010Maha,8.491081544216916
2010-04-20,2219708.0,4.058070956112222,2009-2010Maha,8.491081544216916
2010-04-21,2219708.0,4.058070956112222,2009-2010Maha,8.491081544216916
2010-04-22,2219708.0,4.058070956112222,2009-2010Maha,8.491081544216916
2010-04-23,2219708.0,4.058070956112222,2009-2010Maha,8.491081544216916
2010-04-24,2219708.0,4.058070956112222,2009-2010Maha,8.491081544216916
2010-04-25,2219708.0,4.058070956112222,2009-2010Maha,8.491081544216916
2010-04-26,2219708.0,4.058070956112222,2009-2010Maha,8.491081544216916
2010-04-27,2219708.0,4.058070956112222,2009-2010Maha,8.491081544216916
2010-04-28,2219708.0,4.058070956112222,2009-2010Maha,8.491081544216916
2010-04-29,2219708.0,4.058070956112222,2009-2010Maha,8.491081544216916
2010-04-30,2219708.0,4.058070956112222,2009-2010Maha,8.491081544216916
2010-05-01,2219708.0,4.058070956112222,2009-2010Maha,8.491081544216916
2010-05-02,2219708.0,4.058070956112222,2009-2010Maha,8.491081544216916
2010-05-03,2219708.0,4.058070956112222,2009-2010Maha,8.491081544216916
2010-05-04,2219708.0,4.058070956112222,2009-2010Maha,8.491081544216916
2010-05-05,2219708.0,4.058070956112222,2009-2010Maha,8.491081544216916
2010-05-06,2219708.0,4.058070956112222,2009-2010Maha,8.491081544216916
2010-05-07,2219708.0,4.058070956112222,2009-2010Maha,8.491081544216916
2010-05-08,2219708.0,4.058070956112222,2009-2010Maha,8.491081544216916
2010-05-09,2219708.0,4.058070956112222,2009-2010Maha,8.491081544216916
2010-05-10,2219708.0,4.058070956112222,2009-2010Maha,8.491081544216916
2010-05-11,2219708.0,4.058070956112222,2009-2010Maha,8.491081544216916
2010-05-12,2219708.0,4.058070956112222,2009-2010Maha,8.491081544216916
2010-05-13,2219708.0,4.058070956112222,2009-2010Maha,8.491081544216916
2010-05-14,2219708.0,4.058070956112222,2009-2010Maha,8.491081544216916
2010-05-15,2219708.0,4.058070956112222,2009-2010Maha,8.491081544216916
2010-05-16,2219708.0,4.058070956112222,2009-2010Maha,8.491081544216916
2010-05-17,2219708.0,4.058070956112222,2009-2010Maha,8.491081544216916
2010-05-18,2219708.0,4.058070956112222,2009-2010Maha,8.491081544216916
2010-05-19,2219708.0,4.058070956112222,2009-2010Maha,8.491081544216916
2010-05-20,2219708.0,4.058070956112222,2009-2010Maha,8.491081544216916
2010-05-21,2219708.0,4.058070956112222,2009-2010Maha,8.491081544216916
2010-05-22,2219708.0,4.058070956112222,2009-2010Maha,8.491081544216916
2010-05-23,2219708.0,4.058070956112222,2009-2010Maha,8.491081544216916
2010-05-24,2219708.0,4.058070956112222,2009-2010Maha,8.491081544216916
2010-05-25,2219708.0,4.058070956112222,2009-2010Maha,8.491081544216916
2010-05-26,2219708.0,4.058070956112222,2009-2010Maha,8.491081544216916
2010-05-27,2219708.0,4.058070956112222,2009-2010Maha,8.491081544216916
2010-05-28,2219708.0,4.058070956112222,2009-2010Maha,8.491081544216916
2010-05-29,2219708.0,4.058070956112222,2009-2010Maha,8.491081544216916
2010-05-30,2219708.0,4.058070956112222,2009-2010Maha,8.491081544216916
2010-05-31,2219708.0,4.058070956112222,2009-2010Maha,8.491081544216916
2010-06-01,2219708.0,4.058070956112222,2009-2010Maha,8.491081544216916
2010-06-02,2219708.0,4.058070956112222,2009-2010Maha,8.491081544216916
2010-06-03,2219708.0,4.058070956112222,2009-2010Maha,8.491081544216916
2010-06-04,2219708.0,4.058070956112222,2009-2010Maha,8.491081544216916
2010-06-05,2219708.0,4.058070956112222,2009-2010Maha,8.491081544216916
2010-06-06,2219708.0,4.058070956112222,2009-2010Maha,8.491081544216916
2010-06-07,2219708.0,4.058070956112222,2009-2010Maha,8.491081544216916
2010-06-08,2219708.0,4.058070956112222,2009-2010Maha,8.491081544216916
2010-06-09,2219708.0,4.058070956112222,2009-2010Maha,8.491081544216916
2010-06-10,2219708.0,4.058070956112222,2009-2010Maha,8.491081544216916
2010-06-11,2219708.0,4.058070956112222,2009-2010Maha,8.491081544216916
2010-06-12,2219708.0,4.058070956112222,2009-2010Maha,8.491081544216916
2010-06-13,2219708.0,4.058070956112222,2009-2010Maha,8.491081544216916
2010-06-14,2219708.0,4.058070956112222,2009-2010Maha,8.491081544216916
2010-06-15,2219708.0,4.058070956112222,2009-2010Maha,8.491081544216916
2010-06-16,2219708.0,4.058070956112222,2009-2010Maha,8.491081544216916
2010-06-17,2219708.0,4.058070956112222,2009-2010Maha,8.491081544216916
2010-06-18,2219708.0,4.058070956112222,2009-2010Maha,8.491081544216916
2010-06-19,2219708.0,4.058070956112222,2009-2010Maha,8.491081544216916
2010-06-20,2219708.0,4.058070956112222,2009-2010Maha,8.491081544216916
2010-06-21,2219708.0,4.058070956112222,2009-2010Maha,8.491081544216916
2010-06-22,2219708.0,4.058070956112222,2009-2010Maha,8.491081544216916
2010-06-23,2219708.0,4.058070956112222,2009-2010Maha,8.491081544216916
2010-06-24,2219708.0,4.058070956112222,2009-2010Maha,8.491081544216916
2010-06-25,2219708.0,4.058070956112222,2009-2010Maha,8.491081544216916
2010-06-26,2219708.0,4.058070956112222,2009-2010Maha,8.491081544216916
2010-06-27,2219708.0,4.058070956112222,2009-2010Maha,8.491081544216916
2010-06-28,2219708.0,4.058070956112222,2009-2010Maha,8.491081544216916
2010-06-29,2219708.0,4.058070956112222,2009-2010Maha,8.491081544216916
2010-06-30,2219708.0,4.058070956112222,2009-2010Maha,8.491081544216916
2010-07-01,2219708.0,4.058070956112222,2009-2010Maha,8.491081544216916
2010-07-02,2219708.0,4.058070956112222,2009-2010Maha,8.491081544216916
2010-07-03,2219708.0,4.058070956112222,2009-2010Maha,8.491081544216916
2010-07-04,2219708.0,4.058070956112222,2009-2010Maha,8.491081544216916
2010-07-05,2219708.0,4.058070956112222,2009-2010Maha,8.491081544216916
2010-07-06,2219708.0,4.058070956112222,2009-2010Maha,8.491081544216916
2010-07-07,2219708.0,4.058070956112222,2009-2010Maha,8.491081544216916
2010-07-08,2219708.0,4.058070956112222,2009-2010Maha,8.491081544216916
2010-07-09,2219708.0,4.058070956112222,2009-2010Maha,8.491081544216916
2010-07-10,2219708.0,4.058070956112222,2009-2010Maha,8.491081544216916
2010-07-11,2219708.0,4.058070956112222,2009-2010Maha,8.491081544216916
2010-07-12,2219708.0,4.058070956112222,2009-2010Maha,8.491081544216916
2010-07-13,2219708.0,4.058070956112222,2009-2010Maha,8.491081544216916
2010-07-14,2219708.0,4.058070956112222,2009-2010Maha,8.491081544216916
2010-07-15,2219708.0,4.058070956112222,2009-2010Maha,8.491081544216916
2010-07-16,2219708.0,4.058070956112222,2009-2010Maha,8.491081544216916
2010-07-17,2219708.0,4.058070956112222,2009-2010Maha,8.491081544216916
2010-07-18,2219708.0,4.058070956112222,2009-2010Maha,8.491081544216916
2010-07-19,2219708.0,4.058070956112222,2009-2010Maha,8.491081544216916
2010-07-20,2219708.0,4.058070956112222,2009-2010Maha,8.491081544216916
2010-07-21,2219708.0,4.058070956112222,2009-2010Maha,8.491081544216916
2010-07-22,2219708.0,4.058070956112222,2009-2010Maha,8.491081544216916
2010-07-23,2219708.0,4.058070956112222,2009-2010Maha,8.491081544216916
2010-07-24,2219708.0,4.058070956112222,2009-2010Maha,8.491081544216916
2010-07-25,2219708.0,4.058070956112222,2009-2010Maha,8.491081544216916
2010-07-26,2219708.0,4.058070956112222,2009-2010Maha,8.491081544216916
2010-07-27,2219708.0,4.058070956112222,2009-2010Maha,8.491081544216916
2010-07-28,2219708.0,4.058070956112222,2009-2010Maha,8.491081544216916
2010-07-29,2219708.0,4.058070956112222,2009-2010Maha,8.491081544216916
2010-07-30,2219708.0,4.058070956112222,2009-2010Maha,8.491081544216916
2010-07-31,2219708.0,4.058070956112222,2009-2010Maha,8.491081544216916
2010-08-01,2219708.0,4.058070956112222,2009-2010Maha,8.491081544216916
2010-08-02,2219708.0,4.058070956112222,2009-2010Maha,8.491081544216916
2010-08-03,2219708.0,4.058070956112222,2009-2010Maha,8.491081544216916
2010-08-04,2219708.0,4.058070956112222,2009-2010Maha,8.491081544216916
2010-08-05,2219708.0,4.058070956112222,2009-2010Maha,8.491081544216916
2010-08-06,2219708.0,4.058070956112222,2009-2010Maha,8.491081544216916
2010-08-07,2219708.0,4.058070956112222,2009-2010Maha,8.491081544216916
2010-08-08,2219708.0,4.058070956112222,2009-2010Maha,8.491081544216916
2010-08-09,2219708.0,4.058070956112222,2009-2010Maha,8.491081544216916
2010-08-10,2219708.0,4.058070956112222,2009-2010Maha,8.491081544216916
2010-08-11,2219708.0,4.058070956112222,2009-2010Maha,8.491081544216916
2010-08-12,2219708.0,4.058070956112222,2009-2010Maha,8.491081544216916
2010-08-13,2219708.0,4.058070956112222,2009-2010Maha,8.491081544216916
2010-08-14,2219708.0,4.058070956112222,2009-2010Maha,8.491081544216916
2010-08-15,2219708.0,4.058070956112222,2009-2010Maha,8.491081544216916
2010-08-16,2219708.0,4.058070956112222,2009-2010Maha,8.491081544216916
2010-08-17,2219708.0,4.058070956112222,2009-2010Maha,8.491081544216916
2010-08-18,2219708.0,4.058070956112222,2009-2010Maha,8.491081544216916
2010-08-19,2219708.0,4.058070956112222,2009-2010Maha,8.491081544216916
2010-08-20,2219708.0,4.058070956112222,2009-2010Maha,8.491081544216916
2010-08-21,2219708.0,4.058070956112222,2009-2010Maha,8.491081544216916
2010-08-22,2219708.0,4.058070956112222,2009-2010Maha,8.491081544216916
2010-08-23,2219708.0,4.058070956112222,2009-2010Maha,8.491081544216916
2010-08-24,2219708.0,4.058070956112222,2009-2010Maha,8.491081544216916
2010-08-25,2219708.0,4.058070956112222,2009-2010Maha,8.491081544216916
2010-08-26,2219708.0,4.058070956112222,2009-2010Maha,8.491081544216916
2010-08-27,2219708.0,4.058070956112222,2009-2010Maha,8.491081544216916
2010-08-28,2219708.0,4.058070956112222,2009-2010Maha,8.491081544216916
2010-08-29,2219708.0,4.058070956112222,2009-2010Maha,8.491081544216916
2010-08-30,2219708.0,4.058070956112222,2009-2010Maha,8.491081544216916
2010-08-31,2219708.0,4.058070956112222,2009-2010Maha,8.491081544216916
2010-09-01,24412.0,0.46100389016882576,2010Yala,-63.785251227580886
2010-09-02,24412.0,0.46100389016882576,2010Yala,-63.785251227580886
2010-09-03,24412.0,0.46100389016882576,2010Yala,-63.785251227580886
2010-09-04,24412.0,0.46100389016882576,2010Yala,-63.785251227580886
2010-09-05,24412.0,0.46100389016882576,2010Yala,-63.785251227580886
2010-09-06,24412.0,0.46100389016882576,2010Yala,-63.785251227580886
2010-09-07,24412.0,0.46100389016882576,2010Yala,-63.785251227580886
2010-09-08,24412.0,0.46100389016882576,2010Yala,-63.785251227580886
2010-09-09,24412.0,0.46100389016882576,2010Yala,-63.785251227580886
2010-09-10,24412.0,0.46100389016882576,2010Yala,-63.785251227580886
2010-09-11,24412.0,0.46100389016882576,2010Yala,-63.785251227580886
2010-09-12,24412.0,0.46100389016882576,2010Yala,-63.785251227580886
2010-09-13,24412.0,0.46100389016882576,2010Yala,-63.785251227580886
2010-09-14,24412.0,0.46100389016882576,2010Yala,-63.785251227580886
2010-09-15,24412.0,0.46100389016882576,2010Yala,-63.785251227580886
2010-09-16,24412.0,0.46100389016882576,2010Yala,-63.785251227580886
2010-09-17,24412.0,0.46100389016882576,2010Yala,-63.785251227580886
2010-09-18,24412.0,0.46100389016882576,2010Yala,-63.785251227580886
2010-09-19,24412.0,0.46100389016882576,2010Yala,-63.785251227580886
2010-09-20,24412.0,0.46100389016882576,2010Yala,-63.785251227580886
2010-09-21,24412.0,0.46100389016882576,2010Yala,-63.785251227580886
2010-09-22,24412.0,0.46100389016882576,2010Yala,-63.785251227580886
2010-09-23,24412.0,0.46100389016882576,2010Yala,-63.785251227580886
2010-09-24,24412.0,0.46100389016882576,2010Yala,-63.785251227580886
2010-09-25,24412.0,0.46100389016882576,2010Yala,-63.785251227580886
2010-09-26,24412.0,0.46100389016882576,2010Yala,-63.785251227580886
2010-09-27,24412.0,0.46100389016882576,2010Yala,-63.785251227580886
2010-09-28,24412.0,0.46100389016882576,2010Yala,-63.785251227580886
2010-09-29,24412.0,0.46100389016882576,2010Yala,-63.785251227580886
2010-09-30,24412.0,0.46100389016882576,2010Yala,-63.785251227580886
2010-10-01,24412.0,0.46100389016882576,2010Yala,-63.785251227580886
2010-10-02,24412.0,0.46100389016882576,2010Yala,-63.785251227580886
2010-10-03,24412.0,0.46100389016882576,2010Yala,-63.785251227580886
2010-10-04,24412.0,0.46100389016882576,2010Yala,-63.785251227580886
2010-10-05,24412.0,0.46100389016882576,2010Yala,-63.785251227580886
2010-10-06,24412.0,0.46100389016882576,2010Yala,-63.785251227580886
2010-10-07,24412.0,0.46100389016882576,2010Yala,-63.785251227580886
2010-10-08,24412.0,0.46100389016882576,2010Yala,-63.785251227580886
2010-10-09,24412.0,0.46100389016882576,2010Yala,-63.785251227580886
2010-10-10,24412.0,0.46100389016882576,2010Yala,-63.785251227580886
2010-10-11,24412.0,0.46100389016882576,2010Yala,-63.785251227580886
2010-10-12,24412.0,0.46100389016882576,2010Yala,-63.785251227580886
2010-10-13,24412.0,0.46100389016882576,2010Yala,-63.785251227580886
2010-10-14,24412.0,0.46100389016882576,2010Yala,-63.785251227580886
2010-10-15,24412.0,0.46100389016882576,2010Yala,-63.785251227580886
2010-10-16,24412.0,0.46100389016882576,2010Yala,-63.785251227580886
2010-10-17,24412.0,0.46100389016882576,2010Yala,-63.785251227580886
2010-10-18,24412.0,0.46100389016882576,2010Yala,-63.785251227580886
2010-10-19,24412.0,0.46100389016882576,2010Yala,-63.785251227580886
2010-10-20,24412.0,0.46100389016882576,2010Yala,-63.785251227580886
2010-10-21,24412.0,0.46100389016882576,2010Yala,-63.785251227580886
2010-10-22,24412.0,0.46100389016882576,2010Yala,-63.785251227580886
2010-10-23,24412.0,0.46100389016882576,2010Yala,-63.785251227580886
2010-10-24,24412.0,0.46100389016882576,2010Yala,-63.785251227580886
2010-10-25,24412.0,0.46100389016882576,2010Yala,-63.785251227580886
2010-10-26,24412.0,0.46100389016882576,2010Yala,-63.785251227580886
2010-10-27,24412.0,0.46100389016882576,2010Yala,-63.785251227580886
2010-10-28,24412.0,0.46100389016882576,2010Yala,-63.785251227580886
2010-10-29,24412.0,0.46100389016882576,2010Yala,-63.785251227580886
2010-10-30,24412.0,0.46100389016882576,2010Yala,-63.785251227580886
2010-10-31,24412.0,0.46100389016882576,2010Yala,-63.785251227580886
2010-11-01,24412.0,0.46100389016882576,2010Yala,-63.785251227580886
2010-11-02,24412.0,0.46100389016882576,2010Yala,-63.785251227580886
2010-11-03,24412.0,0.46100389016882576,2010Yala,-63.785251227580886
2010-11-04,24412.0,0.46100389016882576,2010Yala,-63.785251227580886
2010-11-05,24412.0,0.46100389016882576,2010Yala,-63.785251227580886
2010-11-06,24412.0,0.46100389016882576,2010Yala,-63.785251227580886
2010-11-07,24412.0,0.46100389016882576,2010Yala,-63.785251227580886
2010-11-08,24412.0,0.46100389016882576,2010Yala,-63.785251227580886
2010-11-09,24412.0,0.46100389016882576,2010Yala,-63.785251227580886
2010-11-10,24412.0,0.46100389016882576,2010Yala,-63.785251227580886
2010-11-11,24412.0,0.46100389016882576,2010Yala,-63.785251227580886
2010-11-12,24412.0,0.46100389016882576,2010Yala,-63.785251227580886
2010-11-13,24412.0,0.46100389016882576,2010Yala,-63.785251227580886
2010-11-14,24412.0,0.46100389016882576,2010Yala,-63.785251227580886
2010-11-15,24412.0,0.46100389016882576,2010Yala,-63.785251227580886
2010-11-16,24412.0,0.46100389016882576,2010Yala,-63.785251227580886
2010-11-17,24412.0,0.46100389016882576,2010Yala,-63.785251227580886
2010-11-18,24412.0,0.46100389016882576,2010Yala,-63.785251227580886
2010-11-19,24412.0,0.46100389016882576,2010Yala,-63.785251227580886
2010-11-20,24412.0,0.46100389016882576,2010Yala,-63.785251227580886
2010-11-21,24412.0,0.46100389016882576,2010Yala,-63.785251227580886
2010-11-22,24412.0,0.46100389016882576,2010Yala,-63.785251227580886
2010-11-23,24412.0,0.46100389016882576,2010Yala,-63.785251227580886
2010-11-24,24412.0,0.46100389016882576,2010Yala,-63.785251227580886
2010-11-25,24412.0,0.46100389016882576,2010Yala,-63.785251227580886
2010-11-26,24412.0,0.46100389016882576,2010Yala,-63.785251227580886
2010-11-27,24412.0,0.46100389016882576,2010Yala,-63.785251227580886
2010-11-28,24412.0,0.46100389016882576,2010Yala,-63.785251227580886
2010-11-29,24412.0,0.46100389016882576,2010Yala,-63.785251227580886
2010-11-30,24412.0,0.46100389016882576,2010Yala,-63.785251227580886
2010-12-01,24412.0,0.46100389016882576,2010Yala,-63.785251227580886
2010-12-02,24412.0,0.46100389016882576,2010Yala,-63.785251227580886
2010-12-03,24412.0,0.46100389016882576,2010Yala,-63.785251227580886
2010-12-04,24412.0,0.46100389016882576,2010Yala,-63.785251227580886
2010-12-05,24412.0,0.46100389016882576,2010Yala,-63.785251227580886
2010-12-06,24412.0,0.46100389016882576,2010Yala,-63.785251227580886
2010-12-07,24412.0,0.46100389016882576,2010Yala,-63.785251227580886
2010-12-08,24412.0,0.46100389016882576,2010Yala,-63.785251227580886
2010-12-09,24412.0,0.46100389016882576,2010Yala,-63.785251227580886
2010-12-10,24412.0,0.46100389016882576,2010Yala,-63.785251227580886
2010-12-11,24412.0,0.46100389016882576,2010Yala,-63.785251227580886
2010-12-12,24412.0,0.46100389016882576,2010Yala,-63.785251227580886
2010-12-13,24412.0,0.46100389016882576,2010Yala,-63.785251227580886
2010-12-14,24412.0,0.46100389016882576,2010Yala,-63.785251227580886
2010-12-15,24412.0,0.46100389016882576,2010Yala,-63.785251227580886
2010-12-16,24412.0,0.46100389016882576,2010Yala,-63.785251227580886
2010-12-17,24412.0,0.46100389016882576,2010Yala,-63.785251227580886
2010-12-18,24412.0,0.46100389016882576,2010Yala,-63.785251227580886
2010-12-19,24412.0,0.46100389016882576,2010Yala,-63.785251227580886
2010-12-20,24412.0,0.46100389016882576,2010Yala,-63.785251227580886
2010-12-21,24412.0,0.46100389016882576,2010Yala,-63.785251227580886
2010-12-22,24412.0,0.46100389016882576,2010Yala,-63.785251227580886
2010-12-23,24412.0,0.46100389016882576,2010Yala,-63.785251227580886
2010-12-24,24412.0,0.46100389016882576,2010Yala,-63.785251227580886
2010-12-25,24412.0,0.46100389016882576,2010Yala,-63.785251227580886
2010-12-26,24412.0,0.46100389016882576,2010Yala,-63.785251227580886
2010-12-27,24412.0,0.46100389016882576,2010Yala,-63.785251227580886
2010-12-28,24412.0,0.46100389016882576,2010Yala,-63.785251227580886
2010-12-29,24412.0,0.46100389016882576,2010Yala,-63.785251227580886
2010-12-30,24412.0,0.46100389016882576,2010Yala,-63.785251227580886
2010-12-31,24412.0,0.46100389016882576,2010Yala,-63.785251227580886
2011-01-01,24412.0,0.46100389016882576,2010Yala,-63.785251227580886
2011-01-02,24412.0,0.46100389016882576,2010Yala,-63.785251227580886
2011-01-03,24412.0,0.46100389016882576,2010Yala,-63.785251227580886
2011-01-04,24412.0,0.46100389016882576,2010Yala,-63.785251227580886
2011-01-05,24412.0,0.46100389016882576,2010Yala,-63.785251227580886
2011-01-06,24412.0,0.46100389016882576,2010Yala,-63.785251227580886
2011-01-07,24412.0,0.46100389016882576,2010Yala,-63.785251227580886
2011-01-08,24412.0,0.46100389016882576,2010Yala,-63.785251227580886
2011-01-09,24412.0,0.46100389016882576,2010Yala,-63.785251227580886
2011-01-10,24412.0,0.46100389016882576,2010Yala,-63.785251227580886
2011-01-11,24412.0,0.46100389016882576,2010Yala,-63.785251227580886
2011-01-12,24412.0,0.46100389016882576,2010Yala,-63.785251227580886
2011-01-13,24412.0,0.46100389016882576,2010Yala,-63.785251227580886
2011-01-14,24412.0,0.46100389016882576,2010Yala,-63.785251227580886
2011-01-15,24412.0,0.46100389016882576,2010Yala,-63.785251227580886
2011-01-16,24412.0,0.46100389016882576,2010Yala,-63.785251227580886
2011-01-17,24412.0,0.46100389016882576,2010Yala,-63.785251227580886
2011-01-18,24412.0,0.46100389016882576,2010Yala,-63.785251227580886
2011-01-19,24412.0,0.46100389016882576,2010Yala,-63.785251227580886
2011-01-20,24412.0,0.46100389016882576,2010Yala,-63.785251227580886
2011-01-21,24412.0,0.46100389016882576,2010Yala,-63.785251227580886
2011-01-22,24412.0,0.46100389016882576,2010Yala,-63.785251227580886
2011-01-23,24412.0,0.46100389016882576,2010Yala,-63.785251227580886
2011-01-24,24412.0,0.46100389016882576,2010Yala,-63.785251227580886
2011-01-25,24412.0,0.46100389016882576,2010Yala,-63.785251227580886
2011-01-26,24412.0,0.46100389016882576,2010Yala,-63.785251227580886
2011-01-27,24412.0,0.46100389016882576,2010Yala,-63.785251227580886
2011-01-28,24412.0,0.46100389016882576,2010Yala,-63.785251227580886
2011-01-29,24412.0,0.46100389016882576,2010Yala,-63.785251227580886
2011-01-30,24412.0,0.46100389016882576,2010Yala,-63.785251227580886
2011-01-31,24412.0,0.46100389016882576,2010Yala,-63.785251227580886
2011-02-01,24412.0,0.46100389016882576,2010Yala,-63.785251227580886
2011-02-02,24412.0,0.46100389016882576,2010Yala,-63.785251227580886
2011-02-03,24412.0,0.46100389016882576,2010Yala,-63.785251227580886
2011-02-04,24412.0,0.46100389016882576,2010Yala,-63.785251227580886
2011-02-05,24412.0,0.46100389016882576,2010Yala,-63.785251227580886
2011-02-06,24412.0,0.46100389016882576,2010Yala,-63.785251227580886
2011-02-07,24412.0,0.46100389016882576,2010Yala,-63.785251227580886
2011-02-08,24412.0,0.46100389016882576,2010Yala,-63.785251227580886
2011-02-09,24412.0,0.46100389016882576,2010Yala,-63.785251227580886
2011-02-10,24412.0,0.46100389016882576,2010Yala,-63.785251227580886
2011-02-11,24412.0,0.46100389016882576,2010Yala,-63.785251227580886
2011-02-12,24412.0,0.46100389016882576,2010Yala,-63.785251227580886
2011-02-13,24412.0,0.46100389016882576,2010Yala,-63.785251227580886
2011-02-14,24412.0,0.46100389016882576,2010Yala,-63.785251227580886
2011-02-15,24412.0,0.46100389016882576,2010Yala,-63.785251227580886
2011-02-16,24412.0,0.46100389016882576,2010Yala,-63.785251227580886
2011-02-17,24412.0,0.46100389016882576,2010Yala,-63.785251227580886
2011-02-18,24412.0,0.46100389016882576,2010Yala,-63.785251227580886
2011-02-19,24412.0,0.46100389016882576,2010Yala,-63.785251227580886
2011-02-20,24412.0,0.46100389016882576,2010Yala,-63.785251227580886
2011-02-21,24412.0,0.46100389016882576,2010Yala,-63.785251227580886
2011-02-22,24412.0,0.46100389016882576,2010Yala,-63.785251227580886
2011-02-23,24412.0,0.46100389016882576,2010Yala,-63.785251227580886
2011-02-24,24412.0,0.46100389016882576,2010Yala,-63.785251227580886
2011-02-25,24412.0,0.46100389016882576,2010Yala,-63.785251227580886
2011-02-26,24412.0,0.46100389016882576,2010Yala,-63.785251227580886
2011-02-27,24412.0,0.46100389016882576,2010Yala,-63.785251227580886
2011-02-28,24412.0,0.46100389016882576,2010Yala,-63.785251227580886
2011-03-01,24412.0,0.46100389016882576,2010Yala,-98.90021570404755
2011-03-02,24412.0,0.46100389016882576,2010Yala,-98.90021570404755
2011-03-03,24412.0,0.46100389016882576,2010Yala,-98.90021570404755
2011-03-04,24412.0,0.46100389016882576,2010Yala,-98.90021570404755
2011-03-05,24412.0,0.46100389016882576,2010Yala,-98.90021570404755
2011-03-06,24412.0,0.46100389016882576,2010Yala,-98.90021570404755
2011-03-07,24412.0,0.46100389016882576,2010Yala,-98.90021570404755
2011-03-08,24412.0,0.46100389016882576,2010Yala,-98.90021570404755
2011-03-09,24412.0,0.46100389016882576,2010Yala,-98.90021570404755
2011-03-10,24412.0,0.46100389016882576,2010Yala,-98.90021570404755
2011-03-11,24412.0,0.46100389016882576,2010Yala,-98.90021570404755
2011-03-12,24412.0,0.46100389016882576,2010Yala,-98.90021570404755
2011-03-13,24412.0,0.46100389016882576,2010Yala,-98.90021570404755
2011-03-14,24412.0,0.46100389016882576,2010Yala,-98.90021570404755
2011-03-15,24412.0,0.46100389016882576,2010Yala,-98.90021570404755
2011-03-16,24412.0,0.46100389016882576,2010Yala,-98.90021570404755
2011-03-17,24412.0,0.46100389016882576,2010Yala,-98.90021570404755
2011-03-18,24412.0,0.46100389016882576,2010Yala,-98.90021570404755
2011-03-19,24412.0,0.46100389016882576,2010Yala,-98.90021570404755
2011-03-20,24412.0,0.46100389016882576,2010Yala,-98.90021570404755
2011-03-21,24412.0,0.46100389016882576,2010Yala,-98.90021570404755
2011-03-22,24412.0,0.46100389016882576,2010Yala,-98.90021570404755
2011-03-23,24412.0,0.46100389016882576,2010Yala,-98.90021570404755
2011-03-24,24412.0,0.46100389016882576,2010Yala,-98.90021570404755
2011-03-25,24412.0,0.46100389016882576,2010Yala,-98.90021570404755
2011-03-26,24412.0,0.46100389016882576,2010Yala,-98.90021570404755
2011-03-27,24412.0,0.46100389016882576,2010Yala,-98.90021570404755
2011-03-28,24412.0,0.46100389016882576,2010Yala,-98.90021570404755
2011-03-29,24412.0,0.46100389016882576,2010Yala,-98.90021570404755
2011-03-30,24412.0,0.46100389016882576,2010Yala,-98.90021570404755
2011-03-31,24412.0,0.46100389016882576,2010Yala,-98.90021570404755
2011-04-01,24412.0,0.46100389016882576,2010Yala,-98.90021570404755
2011-04-02,24412.0,0.46100389016882576,2010Yala,-98.90021570404755
2011-04-03,24412.0,0.46100389016882576,2010Yala,-98.90021570404755
2011-04-04,24412.0,0.46100389016882576,2010Yala,-98.90021570404755
2011-04-05,24412.0,0.46100389016882576,2010Yala,-98.90021570404755
2011-04-06,24412.0,0.46100389016882576,2010Yala,-98.90021570404755
2011-04-07,24412.0,0.46100389016882576,2010Yala,-98.90021570404755
2011-04-08,24412.0,0.46100389016882576,2010Yala,-98.90021570404755
2011-04-09,24412.0,0.46100389016882576,2010Yala,-98.90021570404755
2011-04-10,24412.0,0.46100389016882576,2010Yala,-98.90021570404755
2011-04-11,24412.0,0.46100389016882576,2010Yala,-98.90021570404755
2011-04-12,24412.0,0.46100389016882576,2010Yala,-98.90021570404755
2011-04-13,24412.0,0.46100389016882576,2010Yala,-98.90021570404755
2011-04-14,24412.0,0.46100389016882576,2010Yala,-98.90021570404755
2011-04-15,24412.0,0.46100389016882576,2010Yala,-98.90021570404755
2011-04-16,24412.0,0.46100389016882576,2010Yala,-98.90021570404755
2011-04-17,24412.0,0.46100389016882576,2010Yala,-98.90021570404755
2011-04-18,24412.0,0.46100389016882576,2010Yala,-98.90021570404755
2011-04-19,24412.0,0.46100389016882576,2010Yala,-98.90021570404755
2011-04-20,24412.0,0.46100389016882576,2010Yala,-98.90021570404755
2011-04-21,24412.0,0.46100389016882576,2010Yala,-98.90021570404755
2011-04-22,24412.0,0.46100389016882576,2010Yala,-98.90021570404755
2011-04-23,24412.0,0.46100389016882576,2010Yala,-98.90021570404755
2011-04-24,24412.0,0.46100389016882576,2010Yala,-98.90021570404755
2011-04-25,24412.0,0.46100389016882576,2010Yala,-98.90021570404755
2011-04-26,24412.0,0.46100389016882576,2010Yala,-98.90021570404755
2011-04-27,24412.0,0.46100389016882576,2010Yala,-98.90021570404755
2011-04-28,24412.0,0.46100389016882576,2010Yala,-98.90021570404755
2011-04-29,24412.0,0.46100389016882576,2010Yala,-98.90021570404755
2011-04-30,24412.0,0.46100389016882576,2010Yala,-98.90021570404755
2011-05-01,24412.0,0.46100389016882576,2010Yala,-98.90021570404755
2011-05-02,24412.0,0.46100389016882576,2010Yala,-98.90021570404755
2011-05-03,24412.0,0.46100389016882576,2010Yala,-98.90021570404755
2011-05-04,24412.0,0.46100389016882576,2010Yala,-98.90021570404755
2011-05-05,24412.0,0.46100389016882576,2010Yala,-98.90021570404755
2011-05-06,24412.0,0.46100389016882576,2010Yala,-98.90021570404755
2011-05-07,24412.0,0.46100389016882576,2010Yala,-98.90021570404755
2011-05-08,24412.0,0.46100389016882576,2010Yala,-98.90021570404755
2011-05-09,24412.0,0.46100389016882576,2010Yala,-98.90021570404755
2011-05-10,24412.0,0.46100389016882576,2010Yala,-98.90021570404755
2011-05-11,24412.0,0.46100389016882576,2010Yala,-98.90021570404755
2011-05-12,24412.0,0.46100389016882576,2010Yala,-98.90021570404755
2011-05-13,24412.0,0.46100389016882576,2010Yala,-98.90021570404755
2011-05-14,24412.0,0.46100389016882576,2010Yala,-98.90021570404755
2011-05-15,24412.0,0.46100389016882576,2010Yala,-98.90021570404755
2011-05-16,24412.0,0.46100389016882576,2010Yala,-98.90021570404755
2011-05-17,24412.0,0.46100389016882576,2010Yala,-98.90021570404755
2011-05-18,24412.0,0.46100389016882576,2010Yala,-98.90021570404755
2011-05-19,24412.0,0.46100389016882576,2010Yala,-98.90021570404755
2011-05-20,24412.0,0.46100389016882576,2010Yala,-98.90021570404755
2011-05-21,24412.0,0.46100389016882576,2010Yala,-98.90021570404755
2011-05-22,24412.0,0.46100389016882576,2010Yala,-98.90021570404755
2011-05-23,24412.0,0.46100389016882576,2010Yala,-98.90021570404755
2011-05-24,24412.0,0.46100389016882576,2010Yala,-98.90021570404755
2011-05-25,24412.0,0.46100389016882576,2010Yala,-98.90021570404755
2011-05-26,24412.0,0.46100389016882576,2010Yala,-98.90021570404755
2011-05-27,24412.0,0.46100389016882576,2010Yala,-98.90021570404755
2011-05-28,24412.0,0.46100389016882576,2010Yala,-98.90021570404755
2011-05-29,24412.0,0.46100389016882576,2010Yala,-98.90021570404755
2011-05-30,24412.0,0.46100389016882576,2010Yala,-98.90021570404755
2011-05-31,24412.0,0.46100389016882576,2010Yala,-98.90021570404755
2011-06-01,24412.0,0.46100389016882576,2010Yala,-98.90021570404755
2011-06-02,24412.0,0.46100389016882576,2010Yala,-98.90021570404755
2011-06-03,24412.0,0.46100389016882576,2010Yala,-98.90021570404755
2011-06-04,24412.0,0.46100389016882576,2010Yala,-98.90021570404755
2011-06-05,24412.0,0.46100389016882576,2010Yala,-98.90021570404755
2011-06-06,24412.0,0.46100389016882576,2010Yala,-98.90021570404755
2011-06-07,24412.0,0.46100389016882576,2010Yala,-98.90021570404755
2011-06-08,24412.0,0.46100389016882576,2010Yala,-98.90021570404755
2011-06-09,24412.0,0.46100389016882576,2010Yala,-98.90021570404755
2011-06-10,24412.0,0.46100389016882576,2010Yala,-98.90021570404755
2011-06-11,24412.0,0.46100389016882576,2010Yala,-98.90021570404755
2011-06-12,24412.0,0.46100389016882576,2010Yala,-98.90021570404755
2011-06-13,24412.0,0.46100389016882576,2010Yala,-98.90021570404755
2011-06-14,24412.0,0.46100389016882576,2010Yala,-98.90021570404755
2011-06-15,24412.0,0.46100389016882576,2010Yala,-98.90021570404755
2011-06-16,24412.0,0.46100389016882576,2010Yala,-98.90021570404755
2011-06-17,24412.0,0.46100389016882576,2010Yala,-98.90021570404755
2011-06-18,24412.0,0.46100389016882576,2010Yala,-98.90021570404755
2011-06-19,24412.0,0.46100389016882576,2010Yala,-98.90021570404755
2011-06-20,24412.0,0.46100389016882576,2010Yala,-98.90021570404755
2011-06-21,24412.0,0.46100389016882576,2010Yala,-98.90021570404755
2011-06-22,24412.0,0.46100389016882576,2010Yala,-98.90021570404755
2011-06-23,24412.0,0.46100389016882576,2010Yala,-98.90021570404755
2011-06-24,24412.0,0.46100389016882576,2010Yala,-98.90021570404755
2011-06-25,24412.0,0.46100389016882576,2010Yala,-98.90021570404755
2011-06-26,24412.0,0.46100389016882576,2010Yala,-98.90021570404755
2011-06-27,24412.0,0.46100389016882576,2010Yala,-98.90021570404755
2011-06-28,24412.0,0.46100389016882576,2010Yala,-98.90021570404755
2011-06-29,24412.0,0.46100389016882576,2010Yala,-98.90021570404755
2011-06-30,24412.0,0.46100389016882576,2010Yala,-98.90021570404755
2011-07-01,24412.0,0.46100389016882576,2010Yala,-98.90021570404755
2011-07-02,24412.0,0.46100389016882576,2010Yala,-98.90021570404755
2011-07-03,24412.0,0.46100389016882576,2010Yala,-98.90021570404755
2011-07-04,24412.0,0.46100389016882576,2010Yala,-98.90021570404755
2011-07-05,24412.0,0.46100389016882576,2010Yala,-98.90021570404755
2011-07-06,24412.0,0.46100389016882576,2010Yala,-98.90021570404755
2011-07-07,24412.0,0.46100389016882576,2010Yala,-98.90021570404755
2011-07-08,24412.0,0.46100389016882576,2010Yala,-98.90021570404755
2011-07-09,24412.0,0.46100389016882576,2010Yala,-98.90021570404755
2011-07-10,24412.0,0.46100389016882576,2010Yala,-98.90021570404755
2011-07-11,24412.0,0.46100389016882576,2010Yala,-98.90021570404755
2011-07-12,24412.0,0.46100389016882576,2010Yala,-98.90021570404755
2011-07-13,24412.0,0.46100389016882576,2010Yala,-98.90021570404755
2011-07-14,24412.0,0.46100389016882576,2010Yala,-98.90021570404755
2011-07-15,24412.0,0.46100389016882576,2010Yala,-98.90021570404755
2011-07-16,24412.0,0.46100389016882576,2010Yala,-98.90021570404755
2011-07-17,24412.0,0.46100389016882576,2010Yala,-98.90021570404755
2011-07-18,24412.0,0.46100389016882576,2010Yala,-98.90021570404755
2011-07-19,24412.0,0.46100389016882576,2010Yala,-98.90021570404755
2011-07-20,24412.0,0.46100389016882576,2010Yala,-98.90021570404755
2011-07-21,24412.0,0.46100389016882576,2010Yala,-98.90021570404755
2011-07-22,24412.0,0.46100389016882576,2010Yala,-98.90021570404755
2011-07-23,24412.0,0.46100389016882576,2010Yala,-98.90021570404755
2011-07-24,24412.0,0.46100389016882576,2010Yala,-98.90021570404755
2011-07-25,24412.0,0.46100389016882576,2010Yala,-98.90021570404755
2011-07-26,24412.0,0.46100389016882576,2010Yala,-98.90021570404755
2011-07-27,24412.0,0.46100389016882576,2010Yala,-98.90021570404755
2011-07-28,24412.0,0.46100389016882576,2010Yala,-98.90021570404755
2011-07-29,24412.0,0.46100389016882576,2010Yala,-98.90021570404755
2011-07-30,24412.0,0.46100389016882576,2010Yala,-98.90021570404755
2011-07-31,24412.0,0.46100389016882576,2010Yala,-98.90021570404755
2011-08-01,24412.0,0.46100389016882576,2010Yala,-98.90021570404755
2011-08-02,24412.0,0.46100389016882576,2010Yala,-98.90021570404755
2011-08-03,24412.0,0.46100389016882576,2010Yala,-98.90021570404755
2011-08-04,24412.0,0.46100389016882576,2010Yala,-98.90021570404755
2011-08-05,24412.0,0.46100389016882576,2010Yala,-98.90021570404755
2011-08-06,24412.0,0.46100389016882576,2010Yala,-98.90021570404755
2011-08-07,24412.0,0.46100389016882576,2010Yala,-98.90021570404755
2011-08-08,24412.0,0.46100389016882576,2010Yala,-98.90021570404755
2011-08-09,24412.0,0.46100389016882576,2010Yala,-98.90021570404755
2011-08-10,24412.0,0.46100389016882576,2010Yala,-98.90021570404755
2011-08-11,24412.0,0.46100389016882576,2010Yala,-98.90021570404755
2011-08-12,24412.0,0.46100389016882576,2010Yala,-98.90021570404755
2011-08-13,24412.0,0.46100389016882576,2010Yala,-98.90021570404755
2011-08-14,24412.0,0.46100389016882576,2010Yala,-98.90021570404755
2011-08-15,24412.0,0.46100389016882576,2010Yala,-98.90021570404755
2011-08-16,24412.0,0.46100389016882576,2010Yala,-98.90021570404755
2011-08-17,24412.0,0.46100389016882576,2010Yala,-98.90021570404755
2011-08-18,24412.0,0.46100389016882576,2010Yala,-98.90021570404755
2011-08-19,24412.0,0.46100389016882576,2010Yala,-98.90021570404755
2011-08-20,24412.0,0.46100389016882576,2010Yala,-98.90021570404755
2011-08-21,24412.0,0.46100389016882576,2010Yala,-98.90021570404755
2011-08-22,24412.0,0.46100389016882576,2010Yala,-98.90021570404755
2011-08-23,24412.0,0.46100389016882576,2010Yala,-98.90021570404755
2011-08-24,24412.0,0.46100389016882576,2010Yala,-98.90021570404755
2011-08-25,24412.0,0.46100389016882576,2010Yala,-98.90021570404755
2011-08-26,24412.0,0.46100389016882576,2010Yala,-98.90021570404755
2011-08-27,24412.0,0.46100389016882576,2010Yala,-98.90021570404755
2011-08-28,24412.0,0.46100389016882576,2010Yala,-98.90021570404755
2011-08-29,24412.0,0.46100389016882576,2010Yala,-98.90021570404755
2011-08-30,24412.0,0.46100389016882576,2010Yala,-98.90021570404755
2011-08-31,24412.0,0.46100389016882576,2010Yala,-98.90021570404755
2011-09-01,98541.0,6.218667171525937,2011Yala,303.6580370309684
2011-09-02,98541.0,6.218667171525937,2011Yala,303.6580370309684
2011-09-03,98541.0,6.218667171525937,2011Yala,303.6580370309684
2011-09-04,98541.0,6.218667171525937,2011Yala,303.6580370309684
2011-09-05,98541.0,6.218667171525937,2011Yala,303.6580370309684
2011-09-06,98541.0,6.218667171525937,2011Yala,303.6580370309684
2011-09-07,98541.0,6.218667171525937,2011Yala,303.6580370309684
2011-09-08,98541.0,6.218667171525937,2011Yala,303.6580370309684
2011-09-09,98541.0,6.218667171525937,2011Yala,303.6580370309684
2011-09-10,98541.0,6.218667171525937,2011Yala,303.6580370309684
2011-09-11,98541.0,6.218667171525937,2011Yala,303.6580370309684
2011-09-12,98541.0,6.218667171525937,2011Yala,303.6580370309684
2011-09-13,98541.0,6.218667171525937,2011Yala,303.6580370309684
2011-09-14,98541.0,6.218667171525937,2011Yala,303.6580370309684
2011-09-15,98541.0,6.218667171525937,2011Yala,303.6580370309684
2011-09-16,98541.0,6.218667171525937,2011Yala,303.6580370309684
2011-09-17,98541.0,6.218667171525937,2011Yala,303.6580370309684
2011-09-18,98541.0,6.218667171525937,2011Yala,303.6580370309684
2011-09-19,98541.0,6.218667171525937,2011Yala,303.6580370309684
2011-09-20,98541.0,6.218667171525937,2011Yala,303.6580370309684
2011-09-21,98541.0,6.218667171525937,2011Yala,303.6580370309684
2011-09-22,98541.0,6.218667171525937,2011Yala,303.6580370309684
2011-09-23,98541.0,6.218667171525937,2011Yala,303.6580370309684
2011-09-24,98541.0,6.218667171525937,2011Yala,303.6580370309684
2011-09-25,98541.0,6.218667171525937,2011Yala,303.6580370309684
2011-09-26,98541.0,6.218667171525937,2011Yala,303.6580370309684
2011-09-27,98541.0,6.218667171525937,2011Yala,303.6580370309684
2011-09-28,98541.0,6.218667171525937,2011Yala,303.6580370309684
2011-09-29,98541.0,6.218667171525937,2011Yala,303.6580370309684
2011-09-30,98541.0,6.218667171525937,2011Yala,303.6580370309684
2011-10-01,98541.0,6.218667171525937,2011Yala,303.6580370309684
2011-10-02,98541.0,6.218667171525937,2011Yala,303.6580370309684
2011-10-03,98541.0,6.218667171525937,2011Yala,303.6580370309684
2011-10-04,98541.0,6.218667171525937,2011Yala,303.6580370309684
2011-10-05,98541.0,6.218667171525937,2011Yala,303.6580370309684
2011-10-06,98541.0,6.218667171525937,2011Yala,303.6580370309684
2011-10-07,98541.0,6.218667171525937,2011Yala,303.6580370309684
2011-10-08,98541.0,6.218667171525937,2011Yala,303.6580370309684
2011-10-09,98541.0,6.218667171525937,2011Yala,303.6580370309684
2011-10-10,98541.0,6.218667171525937,2011Yala,303.6580370309684
2011-10-11,98541.0,6.218667171525937,2011Yala,303.6580370309684
2011-10-12,98541.0,6.218667171525937,2011Yala,303.6580370309684
2011-10-13,98541.0,6.218667171525937,2011Yala,303.6580370309684
2011-10-14,98541.0,6.218667171525937,2011Yala,303.6580370309684
2011-10-15,98541.0,6.218667171525937,2011Yala,303.6580370309684
2011-10-16,98541.0,6.218667171525937,2011Yala,303.6580370309684
2011-10-17,98541.0,6.218667171525937,2011Yala,303.6580370309684
2011-10-18,98541.0,6.218667171525937,2011Yala,303.6580370309684
2011-10-19,98541.0,6.218667171525937,2011Yala,303.6580370309684
2011-10-20,98541.0,6.218667171525937,2011Yala,303.6580370309684
2011-10-21,98541.0,6.218667171525937,2011Yala,303.6580370309684
2011-10-22,98541.0,6.218667171525937,2011Yala,303.6580370309684
2011-10-23,98541.0,6.218667171525937,2011Yala,303.6580370309684
2011-10-24,98541.0,6.218667171525937,2011Yala,303.6580370309684
2011-10-25,98541.0,6.218667171525937,2011Yala,303.6580370309684
2011-10-26,98541.0,6.218667171525937,2011Yala,303.6580370309684
2011-10-27,98541.0,6.218667171525937,2011Yala,303.6580370309684
2011-10-28,98541.0,6.218667171525937,2011Yala,303.6580370309684
2011-10-29,98541.0,6.218667171525937,2011Yala,303.6580370309684
2011-10-30,98541.0,6.218667171525937,2011Yala,303.6580370309684
2011-10-31,98541.0,6.218667171525937,2011Yala,303.6580370309684
2011-11-01,98541.0,6.218667171525937,2011Yala,303.6580370309684
2011-11-02,98541.0,6.218667171525937,2011Yala,303.6580370309684
2011-11-03,98541.0,6.218667171525937,2011Yala,303.6580370309684
2011-11-04,98541.0,6.218667171525937,2011Yala,303.6580370309684
2011-11-05,98541.0,6.218667171525937,2011Yala,303.6580370309684
2011-11-06,98541.0,6.218667171525937,2011Yala,303.6580370309684
2011-11-07,98541.0,6.218667171525937,2011Yala,303.6580370309684
2011-11-08,98541.0,6.218667171525937,2011Yala,303.6580370309684
2011-11-09,98541.0,6.218667171525937,2011Yala,303.6580370309684
2011-11-10,98541.0,6.218667171525937,2011Yala,303.6580370309684
2011-11-11,98541.0,6.218667171525937,2011Yala,303.6580370309684
2011-11-12,98541.0,6.218667171525937,2011Yala,303.6580370309684
2011-11-13,98541.0,6.218667171525937,2011Yala,303.6580370309684
2011-11-14,98541.0,6.218667171525937,2011Yala,303.6580370309684
2011-11-15,98541.0,6.218667171525937,2011Yala,303.6580370309684
2011-11-16,98541.0,6.218667171525937,2011Yala,303.6580370309684
2011-11-17,98541.0,6.218667171525937,2011Yala,303.6580370309684
2011-11-18,98541.0,6.218667171525937,2011Yala,303.6580370309684
2011-11-19,98541.0,6.218667171525937,2011Yala,303.6580370309684
2011-11-20,98541.0,6.218667171525937,2011Yala,303.6580370309684
2011-11-21,98541.0,6.218667171525937,2011Yala,303.6580370309684
2011-11-22,98541.0,6.218667171525937,2011Yala,303.6580370309684
2011-11-23,98541.0,6.218667171525937,2011Yala,303.6580370309684
2011-11-24,98541.0,6.218667171525937,2011Yala,303.6580370309684
2011-11-25,98541.0,6.218667171525937,2011Yala,303.6580370309684
2011-11-26,98541.0,6.218667171525937,2011Yala,303.6580370309684
2011-11-27,98541.0,6.218667171525937,2011Yala,303.6580370309684
2011-11-28,98541.0,6.218667171525937,2011Yala,303.6580370309684
2011-11-29,98541.0,6.218667171525937,2011Yala,303.6580370309684
2011-11-30,98541.0,6.218667171525937,2011Yala,303.6580370309684
2011-12-01,98541.0,6.218667171525937,2011Yala,303.6580370309684
2011-12-02,98541.0,6.218667171525937,2011Yala,303.6580370309684
2011-12-03,98541.0,6.218667171525937,2011Yala,303.6580370309684
2011-12-04,98541.0,6.218667171525937,2011Yala,303.6580370309684
2011-12-05,98541.0,6.218667171525937,2011Yala,303.6580370309684
2011-12-06,98541.0,6.218667171525937,2011Yala,303.6580370309684
2011-12-07,98541.0,6.218667171525937,2011Yala,303.6580370309684
2011-12-08,98541.0,6.218667171525937,2011Yala,303.6580370309684
2011-12-09,98541.0,6.218667171525937,2011Yala,303.6580370309684
2011-12-10,98541.0,6.218667171525937,2011Yala,303.6580370309684
2011-12-11,98541.0,6.218667171525937,2011Yala,303.6580370309684
2011-12-12,98541.0,6.218667171525937,2011Yala,303.6580370309684
2011-12-13,98541.0,6.218667171525937,2011Yala,303.6580370309684
2011-12-14,98541.0,6.218667171525937,2011Yala,303.6580370309684
2011-12-15,98541.0,6.218667171525937,2011Yala,303.6580370309684
2011-12-16,98541.0,6.218667171525937,2011Yala,303.6580370309684
2011-12-17,98541.0,6.218667171525937,2011Yala,303.6580370309684
2011-12-18,98541.0,6.218667171525937,2011Yala,303.6580370309684
2011-12-19,98541.0,6.218667171525937,2011Yala,303.6580370309684
2011-12-20,98541.0,6.218667171525937,2011Yala,303.6580370309684
2011-12-21,98541.0,6.218667171525937,2011Yala,303.6580370309684
2011-12-22,98541.0,6.218667171525937,2011Yala,303.6580370309684
2011-12-23,98541.0,6.218667171525937,2011Yala,303.6580370309684
2011-12-24,98541.0,6.218667171525937,2011Yala,303.6580370309684
2011-12-25,98541.0,6.218667171525937,2011Yala,303.6580370309684
2011-12-26,98541.0,6.218667171525937,2011Yala,303.6580370309684
2011-12-27,98541.0,6.218667171525937,2011Yala,303.6580370309684
2011-12-28,98541.0,6.218667171525937,2011Yala,303.6580370309684
2011-12-29,98541.0,6.218667171525937,2011Yala,303.6580370309684
2011-12-30,98541.0,6.218667171525937,2011Yala,303.6580370309684
2011-12-31,98541.0,6.218667171525937,2011Yala,303.6580370309684
2012-01-01,98541.0,6.218667171525937,2011Yala,303.6580370309684
2012-01-02,98541.0,6.218667171525937,2011Yala,303.6580370309684
2012-01-03,98541.0,6.218667171525937,2011Yala,303.6580370309684
2012-01-04,98541.0,6.218667171525937,2011Yala,303.6580370309684
2012-01-05,98541.0,6.218667171525937,2011Yala,303.6580370309684
2012-01-06,98541.0,6.218667171525937,2011Yala,303.6580370309684
2012-01-07,98541.0,6.218667171525937,2011Yala,303.6580370309684
2012-01-08,98541.0,6.218667171525937,2011Yala,303.6580370309684
2012-01-09,98541.0,6.218667171525937,2011Yala,303.6580370309684
2012-01-10,98541.0,6.218667171525937,2011Yala,303.6580370309684
2012-01-11,98541.0,6.218667171525937,2011Yala,303.6580370309684
2012-01-12,98541.0,6.218667171525937,2011Yala,303.6580370309684
2012-01-13,98541.0,6.218667171525937,2011Yala,303.6580370309684
2012-01-14,98541.0,6.218667171525937,2011Yala,303.6580370309684
2012-01-15,98541.0,6.218667171525937,2011Yala,303.6580370309684
2012-01-16,98541.0,6.218667171525937,2011Yala,303.6580370309684
2012-01-17,98541.0,6.218667171525937,2011Yala,303.6580370309684
2012-01-18,98541.0,6.218667171525937,2011Yala,303.6580370309684
2012-01-19,98541.0,6.218667171525937,2011Yala,303.6580370309684
2012-01-20,98541.0,6.218667171525937,2011Yala,303.6580370309684
2012-01-21,98541.0,6.218667171525937,2011Yala,303.6580370309684
2012-01-22,98541.0,6.218667171525937,2011Yala,303.6580370309684
2012-01-23,98541.0,6.218667171525937,2011Yala,303.6580370309684
2012-01-24,98541.0,6.218667171525937,2011Yala,303.6580370309684
2012-01-25,98541.0,6.218667171525937,2011Yala,303.6580370309684
2012-01-26,98541.0,6.218667171525937,2011Yala,303.6580370309684
2012-01-27,98541.0,6.218667171525937,2011Yala,303.6580370309684
2012-01-28,98541.0,6.218667171525937,2011Yala,303.6580370309684
2012-01-29,98541.0,6.218667171525937,2011Yala,303.6580370309684
2012-01-30,98541.0,6.218667171525937,2011Yala,303.6580370309684
2012-01-31,98541.0,6.218667171525937,2011Yala,303.6580370309684
2012-02-01,98541.0,6.218667171525937,2011Yala,303.6580370309684
2012-02-02,98541.0,6.218667171525937,2011Yala,303.6580370309684
2012-02-03,98541.0,6.218667171525937,2011Yala,303.6580370309684
2012-02-04,98541.0,6.218667171525937,2011Yala,303.6580370309684
2012-02-05,98541.0,6.218667171525937,2011Yala,303.6580370309684
2012-02-06,98541.0,6.218667171525937,2011Yala,303.6580370309684
2012-02-07,98541.0,6.218667171525937,2011Yala,303.6580370309684
2012-02-08,98541.0,6.218667171525937,2011Yala,303.6580370309684
2012-02-09,98541.0,6.218667171525937,2011Yala,303.6580370309684
2012-02-10,98541.0,6.218667171525937,2011Yala,303.6580370309684
2012-02-11,98541.0,6.218667171525937,2011Yala,303.6580370309684
2012-02-12,98541.0,6.218667171525937,2011Yala,303.6580370309684
2012-02-13,98541.0,6.218667171525937,2011Yala,303.6580370309684
2012-02-14,98541.0,6.218667171525937,2011Yala,303.6580370309684
2012-02-15,98541.0,6.218667171525937,2011Yala,303.6580370309684
2012-02-16,98541.0,6.218667171525937,2011Yala,303.6580370309684
2012-02-17,98541.0,6.218667171525937,2011Yala,303.6580370309684
2012-02-18,98541.0,6.218667171525937,2011Yala,303.6580370309684
2012-02-19,98541.0,6.218667171525937,2011Yala,303.6580370309684
2012-02-20,98541.0,6.218667171525937,2011Yala,303.6580370309684
2012-02-21,98541.0,6.218667171525937,2011Yala,303.6580370309684
2012-02-22,98541.0,6.218667171525937,2011Yala,303.6580370309684
2012-02-23,98541.0,6.218667171525937,2011Yala,303.6580370309684
2012-02-24,98541.0,6.218667171525937,2011Yala,303.6580370309684
2012-02-25,98541.0,6.218667171525937,2011Yala,303.6580370309684
2012-02-26,98541.0,6.218667171525937,2011Yala,303.6580370309684
2012-02-27,98541.0,6.218667171525937,2011Yala,303.6580370309684
2012-02-28,98541.0,6.218667171525937,2011Yala,303.6580370309684
2012-02-29,98541.0,6.218667171525937,2011Yala,303.6580370309684
2012-03-01,98541.0,6.218667171525937,2011Yala,303.6580370309684
2012-03-02,98541.0,6.218667171525937,2011Yala,303.6580370309684
2012-03-03,98541.0,6.218667171525937,2011Yala,303.6580370309684
2012-03-04,98541.0,6.218667171525937,2011Yala,303.6580370309684
2012-03-05,98541.0,6.218667171525937,2011Yala,303.6580370309684
2012-03-06,98541.0,6.218667171525937,2011Yala,303.6580370309684
2012-03-07,98541.0,6.218667171525937,2011Yala,303.6580370309684
2012-03-08,98541.0,6.218667171525937,2011Yala,303.6580370309684
2012-03-09,98541.0,6.218667171525937,2011Yala,303.6580370309684
2012-03-10,98541.0,6.218667171525937,2011Yala,303.6580370309684
2012-03-11,98541.0,6.218667171525937,2011Yala,303.6580370309684
2012-03-12,98541.0,6.218667171525937,2011Yala,303.6580370309684
2012-03-13,98541.0,6.218667171525937,2011Yala,303.6580370309684
2012-03-14,98541.0,6.218667171525937,2011Yala,303.6580370309684
2012-03-15,98541.0,6.218667171525937,2011Yala,303.6580370309684
2012-03-16,98541.0,6.218667171525937,2011Yala,303.6580370309684
2012-03-17,98541.0,6.218667171525937,2011Yala,303.6580370309684
2012-03-18,98541.0,6.218667171525937,2011Yala,303.6580370309684
2012-03-19,98541.0,6.218667171525937,2011Yala,303.6580370309684
2012-03-20,98541.0,6.218667171525937,2011Yala,303.6580370309684
2012-03-21,98541.0,6.218667171525937,2011Yala,303.6580370309684
2012-03-22,98541.0,6.218667171525937,2011Yala,303.6580370309684
2012-03-23,98541.0,6.218667171525937,2011Yala,303.6580370309684
2012-03-24,98541.0,6.218667171525937,2011Yala,303.6580370309684
2012-03-25,98541.0,6.218667171525937,2011Yala,303.6580370309684
2012-03-26,98541.0,6.218667171525937,2011Yala,303.6580370309684
2012-03-27,98541.0,6.218667171525937,2011Yala,303.6580370309684
2012-03-28,98541.0,6.218667171525937,2011Yala,303.6580370309684
2012-03-29,98541.0,6.218667171525937,2011Yala,303.6580370309684
2012-03-30,98541.0,6.218667171525937,2011Yala,303.6580370309684
2012-03-31,98541.0,6.218667171525937,2011Yala,303.6580370309684
2012-04-01,98541.0,6.218667171525937,2011Yala,303.6580370309684
2012-04-02,98541.0,6.218667171525937,2011Yala,303.6580370309684
2012-04-03,98541.0,6.218667171525937,2011Yala,303.6580370309684
2012-04-04,98541.0,6.218667171525937,2011Yala,303.6580370309684
2012-04-05,98541.0,6.218667171525937,2011Yala,303.6580370309684
2012-04-06,98541.0,6.218667171525937,2011Yala,303.6580370309684
2012-04-07,98541.0,6.218667171525937,2011Yala,303.6580370309684
2012-04-08,98541.0,6.218667171525937,2011Yala,303.6580370309684
2012-04-09,98541.0,6.218667171525937,2011Yala,303.6580370309684
2012-04-10,98541.0,6.218667171525937,2011Yala,303.6580370309684
2012-04-11,98541.0,6.218667171525937,2011Yala,303.6580370309684
2012-04-12,98541.0,6.218667171525937,2011Yala,303.6580370309684
2012-04-13,98541.0,6.218667171525937,2011Yala,303.6580370309684
2012-04-14,98541.0,6.218667171525937,2011Yala,303.6580370309684
2012-04-15,98541.0,6.218667171525937,2011Yala,303.6580370309684
2012-04-16,98541.0,6.218667171525937,2011Yala,303.6580370309684
2012-04-17,98541.0,6.218667171525937,2011Yala,303.6580370309684
2012-04-18,98541.0,6.218667171525937,2011Yala,303.6580370309684
2012-04-19,98541.0,6.218667171525937,2011Yala,303.6580370309684
2012-04-20,98541.0,6.218667171525937,2011Yala,303.6580370309684
2012-04-21,98541.0,6.218667171525937,2011Yala,303.6580370309684
2012-04-22,98541.0,6.218667171525937,2011Yala,303.6580370309684
2012-04-23,98541.0,6.218667171525937,2011Yala,303.6580370309684
2012-04-24,98541.0,6.218667171525937,2011Yala,303.6580370309684
2012-04-25,98541.0,6.218667171525937,2011Yala,303.6580370309684
2012-04-26,98541.0,6.218667171525937,2011Yala,303.6580370309684
2012-04-27,98541.0,6.218667171525937,2011Yala,303.6580370309684
2012-04-28,98541.0,6.218667171525937,2011Yala,303.6580370309684
2012-04-29,98541.0,6.218667171525937,2011Yala,303.6580370309684
2012-04-30,98541.0,6.218667171525937,2011Yala,303.6580370309684
2012-05-01,98541.0,6.218667171525937,2011Yala,303.6580370309684
2012-05-02,98541.0,6.218667171525937,2011Yala,303.6580370309684
2012-05-03,98541.0,6.218667171525937,2011Yala,303.6580370309684
2012-05-04,98541.0,6.218667171525937,2011Yala,303.6580370309684
2012-05-05,98541.0,6.218667171525937,2011Yala,303.6580370309684
2012-05-06,98541.0,6.218667171525937,2011Yala,303.6580370309684
2012-05-07,98541.0,6.218667171525937,2011Yala,303.6580370309684
2012-05-08,98541.0,6.218667171525937,2011Yala,303.6580370309684
2012-05-09,98541.0,6.218667171525937,2011Yala,303.6580370309684
2012-05-10,98541.0,6.218667171525937,2011Yala,303.6580370309684
2012-05-11,98541.0,6.218667171525937,2011Yala,303.6580370309684
2012-05-12,98541.0,6.218667171525937,2011Yala,303.6580370309684
2012-05-13,98541.0,6.218667171525937,2011Yala,303.6580370309684
2012-05-14,98541.0,6.218667171525937,2011Yala,303.6580370309684
2012-05-15,98541.0,6.218667171525937,2011Yala,303.6580370309684
2012-05-16,98541.0,6.218667171525937,2011Yala,303.6580370309684
2012-05-17,98541.0,6.218667171525937,2011Yala,303.6580370309684
2012-05-18,98541.0,6.218667171525937,2011Yala,303.6580370309684
2012-05-19,98541.0,6.218667171525937,2011Yala,303.6580370309684
2012-05-20,98541.0,6.218667171525937,2011Yala,303.6580370309684
2012-05-21,98541.0,6.218667171525937,2011Yala,303.6580370309684
2012-05-22,98541.0,6.218667171525937,2011Yala,303.6580370309684
2012-05-23,98541.0,6.218667171525937,2011Yala,303.6580370309684
2012-05-24,98541.0,6.218667171525937,2011Yala,303.6580370309684
2012-05-25,98541.0,6.218667171525937,2011Yala,303.6580370309684
2012-05-26,98541.0,6.218667171525937,2011Yala,303.6580370309684
2012-05-27,98541.0,6.218667171525937,2011Yala,303.6580370309684
2012-05-28,98541.0,6.218667171525937,2011Yala,303.6580370309684
2012-05-29,98541.0,6.218667171525937,2011Yala,303.6580370309684
2012-05-30,98541.0,6.218667171525937,2011Yala,303.6580370309684
2012-05-31,98541.0,6.218667171525937,2011Yala,303.6580370309684
2012-06-01,98541.0,6.218667171525937,2011Yala,303.6580370309684
2012-06-02,98541.0,6.218667171525937,2011Yala,303.6580370309684
2012-06-03,98541.0,6.218667171525937,2011Yala,303.6580370309684
2012-06-04,98541.0,6.218667171525937,2011Yala,303.6580370309684
2012-06-05,98541.0,6.218667171525937,2011Yala,303.6580370309684
2012-06-06,98541.0,6.218667171525937,2011Yala,303.6580370309684
2012-06-07,98541.0,6.218667171525937,2011Yala,303.6580370309684
2012-06-08,98541.0,6.218667171525937,2011Yala,303.6580370309684
2012-06-09,98541.0,6.218667171525937,2011Yala,303.6580370309684
2012-06-10,98541.0,6.218667171525937,2011Yala,303.6580370309684
2012-06-11,98541.0,6.218667171525937,2011Yala,303.6580370309684
2012-06-12,98541.0,6.218667171525937,2011Yala,303.6580370309684
2012-06-13,98541.0,6.218667171525937,2011Yala,303.6580370309684
2012-06-14,98541.0,6.218667171525937,2011Yala,303.6580370309684
2012-06-15,98541.0,6.218667171525937,2011Yala,303.6580370309684
2012-06-16,98541.0,6.218667171525937,2011Yala,303.6580370309684
2012-06-17,98541.0,6.218667171525937,2011Yala,303.6580370309684
2012-06-18,98541.0,6.218667171525937,2011Yala,303.6580370309684
2012-06-19,98541.0,6.218667171525937,2011Yala,303.6580370309684
2012-06-20,98541.0,6.218667171525937,2011Yala,303.6580370309684
2012-06-21,98541.0,6.218667171525937,2011Yala,303.6580370309684
2012-06-22,98541.0,6.218667171525937,2011Yala,303.6580370309684
2012-06-23,98541.0,6.218667171525937,2011Yala,303.6580370309684
2012-06-24,98541.0,6.218667171525937,2011Yala,303.6580370309684
2012-06-25,98541.0,6.218667171525937,2011Yala,303.6580370309684
2012-06-26,98541.0,6.218667171525937,2011Yala,303.6580370309684
2012-06-27,98541.0,6.218667171525937,2011Yala,303.6580370309684
2012-06-28,98541.0,6.218667171525937,2011Yala,303.6580370309684
2012-06-29,98541.0,6.218667171525937,2011Yala,303.6580370309684
2012-06-30,98541.0,6.218667171525937,2011Yala,303.6580370309684
2012-07-01,98541.0,6.218667171525937,2011Yala,303.6580370309684
2012-07-02,98541.0,6.218667171525937,2011Yala,303.6580370309684
2012-07-03,98541.0,6.218667171525937,2011Yala,303.6580370309684
2012-07-04,98541.0,6.218667171525937,2011Yala,303.6580370309684
2012-07-05,98541.0,6.218667171525937,2011Yala,303.6580370309684
2012-07-06,98541.0,6.218667171525937,2011Yala,303.6580370309684
2012-07-07,98541.0,6.218667171525937,2011Yala,303.6580370309684
2012-07-08,98541.0,6.218667171525937,2011Yala,303.6580370309684
2012-07-09,98541.0,6.218667171525937,2011Yala,303.6580370309684
2012-07-10,98541.0,6.218667171525937,2011Yala,303.6580370309684
2012-07-11,98541.0,6.218667171525937,2011Yala,303.6580370309684
2012-07-12,98541.0,6.218667171525937,2011Yala,303.6580370309684
2012-07-13,98541.0,6.218667171525937,2011Yala,303.6580370309684
2012-07-14,98541.0,6.218667171525937,2011Yala,303.6580370309684
2012-07-15,98541.0,6.218667171525937,2011Yala,303.6580370309684
2012-07-16,98541.0,6.218667171525937,2011Yala,303.6580370309684
2012-07-17,98541.0,6.218667171525937,2011Yala,303.6580370309684
2012-07-18,98541.0,6.218667171525937,2011Yala,303.6580370309684
2012-07-19,98541.0,6.218667171525937,2011Yala,303.6580370309684
2012-07-20,98541.0,6.218667171525937,2011Yala,303.6580370309684
2012-07-21,98541.0,6.218667171525937,2011Yala,303.6580370309684
2012-07-22,98541.0,6.218667171525937,2011Yala,303.6580370309684
2012-07-23,98541.0,6.218667171525937,2011Yala,303.6580370309684
2012-07-24,98541.0,6.218667171525937,2011Yala,303.6580370309684
2012-07-25,98541.0,6.218667171525937,2011Yala,303.6580370309684
2012-07-26,98541.0,6.218667171525937,2011Yala,303.6580370309684
2012-07-27,98541.0,6.218667171525937,2011Yala,303.6580370309684
2012-07-28,98541.0,6.218667171525937,2011Yala,303.6580370309684
2012-07-29,98541.0,6.218667171525937,2011Yala,303.6580370309684
2012-07-30,98541.0,6.218667171525937,2011Yala,303.6580370309684
2012-07-31,98541.0,6.218667171525937,2011Yala,303.6580370309684
2012-08-01,98541.0,6.218667171525937,2011Yala,303.6580370309684
2012-08-02,98541.0,6.218667171525937,2011Yala,303.6580370309684
2012-08-03,98541.0,6.218667171525937,2011Yala,303.6580370309684
2012-08-04,98541.0,6.218667171525937,2011Yala,303.6580370309684
2012-08-05,98541.0,6.218667171525937,2011Yala,303.6580370309684
2012-08-06,98541.0,6.218667171525937,2011Yala,303.6580370309684
2012-08-07,98541.0,6.218667171525937,2011Yala,303.6580370309684
2012-08-08,98541.0,6.218667171525937,2011Yala,303.6580370309684
2012-08-09,98541.0,6.218667171525937,2011Yala,303.6580370309684
2012-08-10,98541.0,6.218667171525937,2011Yala,303.6580370309684
2012-08-11,98541.0,6.218667171525937,2011Yala,303.6580370309684
2012-08-12,98541.0,6.218667171525937,2011Yala,303.6580370309684
2012-08-13,98541.0,6.218667171525937,2011Yala,303.6580370309684
2012-08-14,98541.0,6.218667171525937,2011Yala,303.6580370309684
2012-08-15,98541.0,6.218667171525937,2011Yala,303.6580370309684
2012-08-16,98541.0,6.218667171525937,2011Yala,303.6580370309684
2012-08-17,98541.0,6.218667171525937,2011Yala,303.6580370309684
2012-08-18,98541.0,6.218667171525937,2011Yala,303.6580370309684
2012-08-19,98541.0,6.218667171525937,2011Yala,303.6580370309684
2012-08-20,98541.0,6.218667171525937,2011Yala,303.6580370309684
2012-08-21,98541.0,6.218667171525937,2011Yala,303.6580370309684
2012-08-22,98541.0,6.218667171525937,2011Yala,303.6580370309684
2012-08-23,98541.0,6.218667171525937,2011Yala,303.6580370309684
2012-08-24,98541.0,6.218667171525937,2011Yala,303.6580370309684
2012-08-25,98541.0,6.218667171525937,2011Yala,303.6580370309684
2012-08-26,98541.0,6.218667171525937,2011Yala,303.6580370309684
2012-08-27,98541.0,6.218667171525937,2011Yala,303.6580370309684
2012-08-28,98541.0,6.218667171525937,2011Yala,303.6580370309684
2012-08-29,98541.0,6.218667171525937,2011Yala,303.6580370309684
2012-08-30,98541.0,6.218667171525937,2011Yala,303.6580370309684
2012-08-31,98541.0,6.218667171525937,2011Yala,0.0
2012-09-01,98541.0,6.218667171525937,2011Yala,0.0
2012-09-02,98541.0,6.218667171525937,2011Yala,0.0
2012-09-03,98541.0,6.218667171525937,2011Yala,0.0
2012-09-04,98541.0,6.218667171525937,2011Yala,0.0
2012-09-05,98541.0,6.218667171525937,2011Yala,0.0
2012-09-06,98541.0,6.218667171525937,2011Yala,0.0
2012-09-07,98541.0,6.218667171525937,2011Yala,0.0
2012-09-08,98541.0,6.218667171525937,2011Yala,0.0
2012-09-09,98541.0,6.218667171525937,2011Yala,0.0
2012-09-10,98541.0,6.218667171525937,2011Yala,0.0
2012-09-11,98541.0,6.218667171525937,2011Yala,0.0
2012-09-12,98541.0,6.218667171525937,2011Yala,0.0
2012-09-13,98541.0,6.218667171525937,2011Yala,0.0
2012-09-14,98541.0,6.218667171525937,2011Yala,0.0
2012-09-15,98541.0,6.218667171525937,2011Yala,0.0
2012-09-16,98541.0,6.218667171525937,2011Yala,0.0
2012-09-17,98541.0,6.218667171525937,2011Yala,0.0
2012-09-18,98541.0,6.218667171525937,2011Yala,0.0
2012-09-19,98541.0,6.218667171525937,2011Yala,0.0
2012-09-20,98541.0,6.218667171525937,2011Yala,0.0
2012-09-21,98541.0,6.218667171525937,2011Yala,0.0
2012-09-22,98541.0,6.218667171525937,2011Yala,0.0
2012-09-23,98541.0,6.218667171525937,2011Yala,0.0
2012-09-24,98541.0,6.218667171525937,2011Yala,0.0
2012-09-25,98541.0,6.218667171525937,2011Yala,0.0
2012-09-26,98541.0,6.218667171525937,2011Yala,0.0
2012-09-27,98541.0,6.218667171525937,2011Yala,0.0
2012-09-28,98541.0,6.218667171525937,2011Yala,0.0
2012-09-29,98541.0,6.218667171525937,2011Yala,0.0
2012-09-30,98541.0,6.218667171525937,2011Yala,0.0
2012-10-01,98541.0,6.218667171525937,2011Yala,0.0
2012-10-02,98541.0,6.218667171525937,2011Yala,0.0
2012-10-03,98541.0,6.218667171525937,2011Yala,0.0
2012-10-04,98541.0,6.218667171525937,2011Yala,0.0
2012-10-05,98541.0,6.218667171525937,2011Yala,0.0
2012-10-06,98541.0,6.218667171525937,2011Yala,0.0
2012-10-07,98541.0,6.218667171525937,2011Yala,0.0
2012-10-08,98541.0,6.218667171525937,2011Yala,0.0
2012-10-09,98541.0,6.218667171525937,2011Yala,0.0
2012-10-10,98541.0,6.218667171525937,2011Yala,0.0
2012-10-11,98541.0,6.218667171525937,2011Yala,0.0
2012-10-12,98541.0,6.218667171525937,2011Yala,0.0
2012-10-13,98541.0,6.218667171525937,2011Yala,0.0
2012-10-14,98541.0,6.218667171525937,2011Yala,0.0
2012-10-15,98541.0,6.218667171525937,2011Yala,0.0
2012-10-16,98541.0,6.218667171525937,2011Yala,0.0
2012-10-17,98541.0,6.218667171525937,2011Yala,0.0
2012-10-18,98541.0,6.218667171525937,2011Yala,0.0
2012-10-19,98541.0,6.218667171525937,2011Yala,0.0
2012-10-20,98541.0,6.218667171525937,2011Yala,0.0
2012-10-21,98541.0,6.218667171525937,2011Yala,0.0
2012-10-22,98541.0,6.218667171525937,2011Yala,0.0
2012-10-23,98541.0,6.218667171525937,2011Yala,0.0
2012-10-24,98541.0,6.218667171525937,2011Yala,0.0
2012-10-25,98541.0,6.218667171525937,2011Yala,0.0
2012-10-26,98541.0,6.218667171525937,2011Yala,0.0
2012-10-27,98541.0,6.218667171525937,2011Yala,0.0
2012-10-28,98541.0,6.218667171525937,2011Yala,0.0
2012-10-29,98541.0,6.218667171525937,2011Yala,0.0
2012-10-30,98541.0,6.218667171525937,2011Yala,0.0
2012-10-31,98541.0,6.218667171525937,2011Yala,0.0
2012-11-01,98541.0,6.218667171525937,2011Yala,0.0
2012-11-02,98541.0,6.218667171525937,2011Yala,0.0
2012-11-03,98541.0,6.218667171525937,2011Yala,0.0
2012-11-04,98541.0,6.218667171525937,2011Yala,0.0
2012-11-05,98541.0,6.218667171525937,2011Yala,0.0
2012-11-06,98541.0,6.218667171525937,2011Yala,0.0
2012-11-07,98541.0,6.218667171525937,2011Yala,0.0
2012-11-08,98541.0,6.218667171525937,2011Yala,0.0
2012-11-09,98541.0,6.218667171525937,2011Yala,0.0
2012-11-10,98541.0,6.218667171525937,2011Yala,0.0
2012-11-11,98541.0,6.218667171525937,2011Yala,0.0
2012-11-12,98541.0,6.218667171525937,2011Yala,0.0
2012-11-13,98541.0,6.218667171525937,2011Yala,0.0
2012-11-14,98541.0,6.218667171525937,2011Yala,0.0
2012-11-15,98541.0,6.218667171525937,2011Yala,0.0
2012-11-16,98541.0,6.218667171525937,2011Yala,0.0
2012-11-17,98541.0,6.218667171525937,2011Yala,0.0
2012-11-18,98541.0,6.218667171525937,2011Yala,0.0
2012-11-19,98541.0,6.218667171525937,2011Yala,0.0
2012-11-20,98541.0,6.218667171525937,2011Yala,0.0
2012-11-21,98541.0,6.218667171525937,2011Yala,0.0
2012-11-22,98541.0,6.218667171525937,2011Yala,0.0
2012-11-23,98541.0,6.218667171525937,2011Yala,0.0
2012-11-24,98541.0,6.218667171525937,2011Yala,0.0
2012-11-25,98541.0,6.218667171525937,2011Yala,0.0
2012-11-26,98541.0,6.218667171525937,2011Yala,0.0
2012-11-27,98541.0,6.218667171525937,2011Yala,0.0
2012-11-28,98541.0,6.218667171525937,2011Yala,0.0
2012-11-29,98541.0,6.218667171525937,2011Yala,0.0
2012-11-30,98541.0,6.218667171525937,2011Yala,0.0
2012-12-01,98541.0,6.218667171525937,2011Yala,0.0
2012-12-02,98541.0,6.218667171525937,2011Yala,0.0
2012-12-03,98541.0,6.218667171525937,2011Yala,0.0
2012-12-04,98541.0,6.218667171525937,2011Yala,0.0
2012-12-05,98541.0,6.218667171525937,2011Yala,0.0
2012-12-06,98541.0,6.218667171525937,2011Yala,0.0
2012-12-07,98541.0,6.218667171525937,2011Yala,0.0
2012-12-08,98541.0,6.218667171525937,2011Yala,0.0
2012-12-09,98541.0,6.218667171525937,2011Yala,0.0
2012-12-10,98541.0,6.218667171525937,2011Yala,0.0
2012-12-11,98541.0,6.218667171525937,2011Yala,0.0
2012-12-12,98541.0,6.218667171525937,2011Yala,0.0
2012-12-13,98541.0,6.218667171525937,2011Yala,0.0
2012-12-14,98541.0,6.218667171525937,2011Yala,0.0
2012-12-15,98541.0,6.218667171525937,2011Yala,0.0
2012-12-16,98541.0,6.218667171525937,2011Yala,0.0
2012-12-17,98541.0,6.218667171525937,2011Yala,0.0
2012-12-18,98541.0,6.218667171525937,2011Yala,0.0
2012-12-19,98541.0,6.218667171525937,2011Yala,0.0
2012-12-20,98541.0,6.218667171525937,2011Yala,0.0
2012-12-21,98541.0,6.218667171525937,2011Yala,0.0
2012-12-22,98541.0,6.218667171525937,2011Yala,0.0
2012-12-23,98541.0,6.218667171525937,2011Yala,0.0
2012-12-24,98541.0,6.218667171525937,2011Yala,0.0
2012-12-25,98541.0,6.218667171525937,2011Yala,0.0
2012-12-26,98541.0,6.218667171525937,2011Yala,0.0
2012-12-27,98541.0,6.218667171525937,2011Yala,0.0
2012-12-28,98541.0,6.218667171525937,2011Yala,0.0
2012-12-29,98541.0,6.218667171525937,2011Yala,0.0
2012-12-30,98541.0,6.218667171525937,2011Yala,0.0
2012-12-31,98541.0,6.218667171525937,2011Yala,0.0
2013-01-01,98541.0,6.218667171525937,2011Yala,0.0
2013-01-02,98541.0,6.218667171525937,2011Yala,0.0
2013-01-03,98541.0,6.218667171525937,2011Yala,0.0
2013-01-04,98541.0,6.218667171525937,2011Yala,0.0
2013-01-05,98541.0,6.218667171525937,2011Yala,0.0
2013-01-06,98541.0,6.218667171525937,2011Yala,0.0
2013-01-07,98541.0,6.218667171525937,2011Yala,0.0
2013-01-08,98541.0,6.218667171525937,2011Yala,0.0
2013-01-09,98541.0,6.218667171525937,2011Yala,0.0
2013-01-10,98541.0,6.218667171525937,2011Yala,0.0
2013-01-11,98541.0,6.218667171525937,2011Yala,0.0
2013-01-12,98541.0,6.218667171525937,2011Yala,0.0
2013-01-13,98541.0,6.218667171525937,2011Yala,0.0
2013-01-14,98541.0,6.218667171525937,2011Yala,0.0
2013-01-15,98541.0,6.218667171525937,2011Yala,0.0
2013-01-16,98541.0,6.218667171525937,2011Yala,0.0
2013-01-17,98541.0,6.218667171525937,2011Yala,0.0
2013-01-18,98541.0,6.218667171525937,2011Yala,0.0
2013-01-19,98541.0,6.218667171525937,2011Yala,0.0
2013-01-20,98541.0,6.218667171525937,2011Yala,0.0
2013-01-21,98541.0,6.218667171525937,2011Yala,0.0
2013-01-22,98541.0,6.218667171525937,2011Yala,0.0
2013-01-23,98541.0,6.218667171525937,2011Yala,0.0
2013-01-24,98541.0,6.218667171525937,2011Yala,0.0
2013-01-25,98541.0,6.218667171525937,2011Yala,0.0
2013-01-26,98541.0,6.218667171525937,2011Yala,0.0
2013-01-27,98541.0,6.218667171525937,2011Yala,0.0
2013-01-28,98541.0,6.218667171525937,2011Yala,0.0
2013-01-29,98541.0,6.218667171525937,2011Yala,0.0
2013-01-30,98541.0,6.218667171525937,2011Yala,0.0
2013-01-31,98541.0,6.218667171525937,2011Yala,0.0
2013-02-01,98541.0,6.218667171525937,2011Yala,0.0
2013-02-02,98541.0,6.218667171525937,2011Yala,0.0
2013-02-03,98541.0,6.218667171525937,2011Yala,0.0
2013-02-04,98541.0,6.218667171525937,2011Yala,0.0
2013-02-05,98541.0,6.218667171525937,2011Yala,0.0
2013-02-06,98541.0,6.218667171525937,2011Yala,0.0
2013-02-07,98541.0,6.218667171525937,2011Yala,0.0
2013-02-08,98541.0,6.218667171525937,2011Yala,0.0
2013-02-09,98541.0,6.218667171525937,2011Yala,0.0
2013-02-10,98541.0,6.218667171525937,2011Yala,0.0
2013-02-11,98541.0,6.218667171525937,2011Yala,0.0
2013-02-12,98541.0,6.218667171525937,2011Yala,0.0
2013-02-13,98541.0,6.218667171525937,2011Yala,0.0
2013-02-14,98541.0,6.218667171525937,2011Yala,0.0
2013-02-15,98541.0,6.218667171525937,2011Yala,0.0
2013-02-16,98541.0,6.218667171525937,2011Yala,0.0
2013-02-17,98541.0,6.218667171525937,2011Yala,0.0
2013-02-18,98541.0,6.218667171525937,2011Yala,0.0
2013-02-19,98541.0,6.218667171525937,2011Yala,0.0
2013-02-20,98541.0,6.218667171525937,2011Yala,0.0
2013-02-21,98541.0,6.218667171525937,2011Yala,0.0
2013-02-22,98541.0,6.218667171525937,2011Yala,0.0
2013-02-23,98541.0,6.218667171525937,2011Yala,0.0
2013-02-24,98541.0,6.218667171525937,2011Yala,0.0
2013-02-25,98541.0,6.218667171525937,2011Yala,0.0
2013-02-26,98541.0,6.218667171525937,2011Yala,0.0
2013-02-27,98541.0,6.218667171525937,2011Yala,0.0
2013-02-28,98541.0,6.218667171525937,2011Yala,0.0
2013-03-01,98541.0,6.218667171525937,2011Yala,0.0
2013-03-02,98541.0,6.218667171525937,2011Yala,0.0
2013-03-03,98541.0,6.218667171525937,2011Yala,0.0
2013-03-04,98541.0,6.218667171525937,2011Yala,0.0
2013-03-05,98541.0,6.218667171525937,2011Yala,0.0
2013-03-06,98541.0,6.218667171525937,2011Yala,0.0
2013-03-07,98541.0,6.218667171525937,2011Yala,0.0
2013-03-08,98541.0,6.218667171525937,2011Yala,0.0
2013-03-09,98541.0,6.218667171525937,2011Yala,0.0
2013-03-10,98541.0,6.218667171525937,2011Yala,0.0
2013-03-11,98541.0,6.218667171525937,2011Yala,0.0
2013-03-12,98541.0,6.218667171525937,2011Yala,0.0
2013-03-13,98541.0,6.218667171525937,2011Yala,0.0
2013-03-14,98541.0,6.218667171525937,2011Yala,0.0
2013-03-15,98541.0,6.218667171525937,2011Yala,0.0
2013-03-16,98541.0,6.218667171525937,2011Yala,0.0
2013-03-17,98541.0,6.218667171525937,2011Yala,0.0
2013-03-18,98541.0,6.218667171525937,2011Yala,0.0
2013-03-19,98541.0,6.218667171525937,2011Yala,0.0
2013-03-20,98541.0,6.218667171525937,2011Yala,0.0
2013-03-21,98541.0,6.218667171525937,2011Yala,0.0
2013-03-22,98541.0,6.218667171525937,2011Yala,0.0
2013-03-23,98541.0,6.218667171525937,2011Yala,0.0
2013-03-24,98541.0,6.218667171525937,2011Yala,0.0
2013-03-25,98541.0,6.218667171525937,2011Yala,0.0
2013-03-26,98541.0,6.218667171525937,2011Yala,0.0
2013-03-27,98541.0,6.218667171525937,2011Yala,0.0
2013-03-28,98541.0,6.218667171525937,2011Yala,0.0
2013-03-29,98541.0,6.218667171525937,2011Yala,0.0
2013-03-30,98541.0,6.218667171525937,2011Yala,0.0
2013-03-31,98541.0,6.218667171525937,2011Yala,0.0
2013-04-01,98541.0,6.218667171525937,2011Yala,0.0
2013-04-02,98541.0,6.218667171525937,2011Yala,0.0
2013-04-03,98541.0,6.218667171525937,2011Yala,0.0
2013-04-04,98541.0,6.218667171525937,2011Yala,0.0
2013-04-05,98541.0,6.218667171525937,2011Yala,0.0
2013-04-06,98541.0,6.218667171525937,2011Yala,0.0
2013-04-07,98541.0,6.218667171525937,2011Yala,0.0
2013-04-08,98541.0,6.218667171525937,2011Yala,0.0
2013-04-09,98541.0,6.218667171525937,2011Yala,0.0
2013-04-10,98541.0,6.218667171525937,2011Yala,0.0
2013-04-11,98541.0,6.218667171525937,2011Yala,0.0
2013-04-12,98541.0,6.218667171525937,2011Yala,0.0
2013-04-13,98541.0,6.218667171525937,2011Yala,0.0
2013-04-14,98541.0,6.218667171525937,2011Yala,0.0
2013-04-15,98541.0,6.218667171525937,2011Yala,0.0
2013-04-16,98541.0,6.218667171525937,2011Yala,0.0
2013-04-17,98541.0,6.218667171525937,2011Yala,0.0
2013-04-18,98541.0,6.218667171525937,2011Yala,0.0
2013-04-19,98541.0,6.218667171525937,2011Yala,0.0
2013-04-20,98541.0,6.218667171525937,2011Yala,0.0
2013-04-21,98541.0,6.218667171525937,2011Yala,0.0
2013-04-22,98541.0,6.218667171525937,2011Yala,0.0
2013-04-23,98541.0,6.218667171525937,2011Yala,0.0
2013-04-24,98541.0,6.218667171525937,2011Yala,0.0
2013-04-25,98541.0,6.218667171525937,2011Yala,0.0
2013-04-26,98541.0,6.218667171525937,2011Yala,0.0
2013-04-27,98541.0,6.218667171525937,2011Yala,0.0
2013-04-28,98541.0,6.218667171525937,2011Yala,0.0
2013-04-29,98541.0,6.218667171525937,2011Yala,0.0
2013-04-30,98541.0,6.218667171525937,2011Yala,0.0
2013-05-01,98541.0,6.218667171525937,2011Yala,0.0
2013-05-02,98541.0,6.218667171525937,2011Yala,0.0
2013-05-03,98541.0,6.218667171525937,2011Yala,0.0
2013-05-04,98541.0,6.218667171525937,2011Yala,0.0
2013-05-05,98541.0,6.218667171525937,2011Yala,0.0
2013-05-06,98541.0,6.218667171525937,2011Yala,0.0
2013-05-07,98541.0,6.218667171525937,2011Yala,0.0
2013-05-08,98541.0,6.218667171525937,2011Yala,0.0
2013-05-09,98541.0,6.218667171525937,2011Yala,0.0
2013-05-10,98541.0,6.218667171525937,2011Yala,0.0
2013-05-11,98541.0,6.218667171525937,2011Yala,0.0
2013-05-12,98541.0,6.218667171525937,2011Yala,0.0
2013-05-13,98541.0,6.218667171525937,2011Yala,0.0
2013-05-14,98541.0,6.218667171525937,2011Yala,0.0
2013-05-15,98541.0,6.218667171525937,2011Yala,0.0
2013-05-16,98541.0,6.218667171525937,2011Yala,0.0
2013-05-17,98541.0,6.218667171525937,2011Yala,0.0
2013-05-18,98541.0,6.218667171525937,2011Yala,0.0
2013-05-19,98541.0,6.218667171525937,2011Yala,0.0
2013-05-20,98541.0,6.218667171525937,2011Yala,0.0
2013-05-21,98541.0,6.218667171525937,2011Yala,0.0
2013-05-22,98541.0,6.218667171525937,2011Yala,0.0
2013-05-23,98541.0,6.218667171525937,2011Yala,0.0
2013-05-24,98541.0,6.218667171525937,2011Yala,0.0
2013-05-25,98541.0,6.218667171525937,2011Yala,0.0
2013-05-26,98541.0,6.218667171525937,2011Yala,0.0
2013-05-27,98541.0,6.218667171525937,2011Yala,0.0
2013-05-28,98541.0,6.218667171525937,2011Yala,0.0
2013-05-29,98541.0,6.218667171525937,2011Yala,0.0
2013-05-30,98541.0,6.218667171525937,2011Yala,0.0
2013-05-31,98541.0,6.218667171525937,2011Yala,0.0
2013-06-01,98541.0,6.218667171525937,2011Yala,0.0
2013-06-02,98541.0,6.218667171525937,2011Yala,0.0
2013-06-03,98541.0,6.218667171525937,2011Yala,0.0
2013-06-04,98541.0,6.218667171525937,2011Yala,0.0
2013-06-05,98541.0,6.218667171525937,2011Yala,0.0
2013-06-06,98541.0,6.218667171525937,2011Yala,0.0
2013-06-07,98541.0,6.218667171525937,2011Yala,0.0
2013-06-08,98541.0,6.218667171525937,2011Yala,0.0
2013-06-09,98541.0,6.218667171525937,2011Yala,0.0
2013-06-10,98541.0,6.218667171525937,2011Yala,0.0
2013-06-11,98541.0,6.218667171525937,2011Yala,0.0
2013-06-12,98541.0,6.218667171525937,2011Yala,0.0
2013-06-13,98541.0,6.218667171525937,2011Yala,0.0
2013-06-14,98541.0,6.218667171525937,2011Yala,0.0
2013-06-15,98541.0,6.218667171525937,2011Yala,0.0
2013-06-16,98541.0,6.218667171525937,2011Yala,0.0
2013-06-17,98541.0,6.218667171525937,2011Yala,0.0
2013-06-18,98541.0,6.218667171525937,2011Yala,0.0
2013-06-19,98541.0,6.218667171525937,2011Yala,0.0
2013-06-20,98541.0,6.218667171525937,2011Yala,0.0
2013-06-21,98541.0,6.218667171525937,2011Yala,0.0
2013-06-22,98541.0,6.218667171525937,2011Yala,0.0
2013-06-23,98541.0,6.218667171525937,2011Yala,0.0
2013-06-24,98541.0,6.218667171525937,2011Yala,0.0
2013-06-25,98541.0,6.218667171525937,2011Yala,0.0
2013-06-26,98541.0,6.218667171525937,2011Yala,0.0
2013-06-27,98541.0,6.218667171525937,2011Yala,0.0
2013-06-28,98541.0,6.218667171525937,2011Yala,0.0
2013-06-29,98541.0,6.218667171525937,2011Yala,0.0
2013-06-30,98541.0,6.218667171525937,2011Yala,0.0
2013-07-01,98541.0,6.218667171525937,2011Yala,0.0
2013-07-02,98541.0,6.218667171525937,2011Yala,0.0
2013-07-03,98541.0,6.218667171525937,2011Yala,0.0
2013-07-04,98541.0,6.218667171525937,2011Yala,0.0
2013-07-05,98541.0,6.218667171525937,2011Yala,0.0
2013-07-06,98541.0,6.218667171525937,2011Yala,0.0
2013-07-07,98541.0,6.218667171525937,2011Yala,0.0
2013-07-08,98541.0,6.218667171525937,2011Yala,0.0
2013-07-09,98541.0,6.218667171525937,2011Yala,0.0
2013-07-10,98541.0,6.218667171525937,2011Yala,0.0
2013-07-11,98541.0,6.218667171525937,2011Yala,0.0
2013-07-12,98541.0,6.218667171525937,2011Yala,0.0
2013-07-13,98541.0,6.218667171525937,2011Yala,0.0
2013-07-14,98541.0,6.218667171525937,2011Yala,0.0
2013-07-15,98541.0,6.218667171525937,2011Yala,0.0
2013-07-16,98541.0,6.218667171525937,2011Yala,0.0
2013-07-17,98541.0,6.218667171525937,2011Yala,0.0
2013-07-18,98541.0,6.218667171525937,2011Yala,0.0
2013-07-19,98541.0,6.218667171525937,2011Yala,0.0
2013-07-20,98541.0,6.218667171525937,2011Yala,0.0
2013-07-21,98541.0,6.218667171525937,2011Yala,0.0
2013-07-22,98541.0,6.218667171525937,2011Yala,0.0
2013-07-23,98541.0,6.218667171525937,2011Yala,0.0
2013-07-24,98541.0,6.218667171525937,2011Yala,0.0
2013-07-25,98541.0,6.218667171525937,2011Yala,0.0
2013-07-26,98541.0,6.218667171525937,2011Yala,0.0
2013-07-27,98541.0,6.218667171525937,2011Yala,0.0
2013-07-28,98541.0,6.218667171525937,2011Yala,0.0
2013-07-29,98541.0,6.218667171525937,2011Yala,0.0
2013-07-30,98541.0,6.218667171525937,2011Yala,0.0
2013-07-31,98541.0,6.218667171525937,2011Yala,0.0
2013-08-01,98541.0,6.218667171525937,2011Yala,0.0
2013-08-02,98541.0,6.218667171525937,2011Yala,0.0
2013-08-03,98541.0,6.218667171525937,2011Yala,0.0
2013-08-04,98541.0,6.218667171525937,2011Yala,0.0
2013-08-05,98541.0,6.218667171525937,2011Yala,0.0
2013-08-06,98541.0,6.218667171525937,2011Yala,0.0
2013-08-07,98541.0,6.218667171525937,2011Yala,0.0
2013-08-08,98541.0,6.218667171525937,2011Yala,0.0
2013-08-09,98541.0,6.218667171525937,2011Yala,0.0
2013-08-10,98541.0,6.218667171525937,2011Yala,0.0
2013-08-11,98541.0,6.218667171525937,2011Yala,0.0
2013-08-12,98541.0,6.218667171525937,2011Yala,0.0
2013-08-13,98541.0,6.218667171525937,2011Yala,0.0
2013-08-14,98541.0,6.218667171525937,2011Yala,0.0
2013-08-15,98541.0,6.218667171525937,2011Yala,0.0
2013-08-16,98541.0,6.218667171525937,2011Yala,0.0
2013-08-17,98541.0,6.218667171525937,2011Yala,0.0
2013-08-18,98541.0,6.218667171525937,2011Yala,0.0
2013-08-19,98541.0,6.218667171525937,2011Yala,0.0
2013-08-20,98541.0,6.218667171525937,2011Yala,0.0
2013-08-21,98541.0,6.218667171525937,2011Yala,0.0
2013-08-22,98541.0,6.218667171525937,2011Yala,0.0
2013-08-23,98541.0,6.218667171525937,2011Yala,0.0
2013-08-24,98541.0,6.218667171525937,2011Yala,0.0
2013-08-25,98541.0,6.218667171525937,2011Yala,0.0
2013-08-26,98541.0,6.218667171525937,2011Yala,0.0
2013-08-27,98541.0,6.218667171525937,2011Yala,0.0
2013-08-28,98541.0,6.218667171525937,2011Yala,0.0
2013-08-29,98541.0,6.218667171525937,2011Yala,0.0
2013-08-30,98541.0,6.218667171525937,2011Yala,0.0
2013-08-31,98541.0,6.218667171525937,2011Yala,0.0
2013-09-01,1305982.0,3.825618522576147,2013Yala,1225.3183953887215
2013-09-02,1305982.0,3.825618522576147,2013Yala,1225.3183953887215
2013-09-03,1305982.0,3.825618522576147,2013Yala,1225.3183953887215
2013-09-04,1305982.0,3.825618522576147,2013Yala,1225.3183953887215
2013-09-05,1305982.0,3.825618522576147,2013Yala,1225.3183953887215
2013-09-06,1305982.0,3.825618522576147,2013Yala,1225.3183953887215
2013-09-07,1305982.0,3.825618522576147,2013Yala,1225.3183953887215
2013-09-08,1305982.0,3.825618522576147,2013Yala,1225.3183953887215
2013-09-09,1305982.0,3.825618522576147,2013Yala,1225.3183953887215
2013-09-10,1305982.0,3.825618522576147,2013Yala,1225.3183953887215
2013-09-11,1305982.0,3.825618522576147,2013Yala,1225.3183953887215
2013-09-12,1305982.0,3.825618522576147,2013Yala,1225.3183953887215
2013-09-13,1305982.0,3.825618522576147,2013Yala,1225.3183953887215
2013-09-14,1305982.0,3.825618522576147,2013Yala,1225.3183953887215
2013-09-15,1305982.0,3.825618522576147,2013Yala,1225.3183953887215
2013-09-16,1305982.0,3.825618522576147,2013Yala,1225.3183953887215
2013-09-17,1305982.0,3.825618522576147,2013Yala,1225.3183953887215
2013-09-18,1305982.0,3.825618522576147,2013Yala,1225.3183953887215
2013-09-19,1305982.0,3.825618522576147,2013Yala,1225.3183953887215
2013-09-20,1305982.0,3.825618522576147,2013Yala,1225.3183953887215
2013-09-21,1305982.0,3.825618522576147,2013Yala,1225.3183953887215
2013-09-22,1305982.0,3.825618522576147,2013Yala,1225.3183953887215
2013-09-23,1305982.0,3.825618522576147,2013Yala,1225.3183953887215
2013-09-24,1305982.0,3.825618522576147,2013Yala,1225.3183953887215
2013-09-25,1305982.0,3.825618522576147,2013Yala,1225.3183953887215
2013-09-26,1305982.0,3.825618522576147,2013Yala,1225.3183953887215
2013-09-27,1305982.0,3.825618522576147,2013Yala,1225.3183953887215
2013-09-28,1305982.0,3.825618522576147,2013Yala,1225.3183953887215
2013-09-29,1305982.0,3.825618522576147,2013Yala,1225.3183953887215
2013-09-30,1305982.0,3.825618522576147,2013Yala,1225.3183953887215
2013-10-01,1305982.0,3.825618522576147,2013Yala,1225.3183953887215
2013-10-02,1305982.0,3.825618522576147,2013Yala,1225.3183953887215
2013-10-03,1305982.0,3.825618522576147,2013Yala,1225.3183953887215
2013-10-04,1305982.0,3.825618522576147,2013Yala,1225.3183953887215
2013-10-05,1305982.0,3.825618522576147,2013Yala,1225.3183953887215
2013-10-06,1305982.0,3.825618522576147,2013Yala,1225.3183953887215
2013-10-07,1305982.0,3.825618522576147,2013Yala,1225.3183953887215
2013-10-08,1305982.0,3.825618522576147,2013Yala,1225.3183953887215
2013-10-09,1305982.0,3.825618522576147,2013Yala,1225.3183953887215
2013-10-10,1305982.0,3.825618522576147,2013Yala,1225.3183953887215
2013-10-11,1305982.0,3.825618522576147,2013Yala,1225.3183953887215
2013-10-12,1305982.0,3.825618522576147,2013Yala,1225.3183953887215
2013-10-13,1305982.0,3.825618522576147,2013Yala,1225.3183953887215
2013-10-14,1305982.0,3.825618522576147,2013Yala,1225.3183953887215
2013-10-15,1305982.0,3.825618522576147,2013Yala,1225.3183953887215
2013-10-16,1305982.0,3.825618522576147,2013Yala,1225.3183953887215
2013-10-17,1305982.0,3.825618522576147,2013Yala,1225.3183953887215
2013-10-18,1305982.0,3.825618522576147,2013Yala,1225.3183953887215
2013-10-19,1305982.0,3.825618522576147,2013Yala,1225.3183953887215
2013-10-20,1305982.0,3.825618522576147,2013Yala,1225.3183953887215
2013-10-21,1305982.0,3.825618522576147,2013Yala,1225.3183953887215
2013-10-22,1305982.0,3.825618522576147,2013Yala,1225.3183953887215
2013-10-23,1305982.0,3.825618522576147,2013Yala,1225.3183953887215
2013-10-24,1305982.0,3.825618522576147,2013Yala,1225.3183953887215
2013-10-25,1305982.0,3.825618522576147,2013Yala,1225.3183953887215
2013-10-26,1305982.0,3.825618522576147,2013Yala,1225.3183953887215
2013-10-27,1305982.0,3.825618522576147,2013Yala,1225.3183953887215
2013-10-28,1305982.0,3.825618522576147,2013Yala,1225.3183953887215
2013-10-29,1305982.0,3.825618522576147,2013Yala,1225.3183953887215
2013-10-30,1305982.0,3.825618522576147,2013Yala,1225.3183953887215
2013-10-31,1305982.0,3.825618522576147,2013Yala,1225.3183953887215
2013-11-01,1305982.0,3.825618522576147,2013Yala,1225.3183953887215
2013-11-02,1305982.0,3.825618522576147,2013Yala,1225.3183953887215
2013-11-03,1305982.0,3.825618522576147,2013Yala,1225.3183953887215
2013-11-04,1305982.0,3.825618522576147,2013Yala,1225.3183953887215
2013-11-05,1305982.0,3.825618522576147,2013Yala,1225.3183953887215
2013-11-06,1305982.0,3.825618522576147,2013Yala,1225.3183953887215
2013-11-07,1305982.0,3.825618522576147,2013Yala,1225.3183953887215
2013-11-08,1305982.0,3.825618522576147,2013Yala,1225.3183953887215
2013-11-09,1305982.0,3.825618522576147,2013Yala,1225.3183953887215
2013-11-10,1305982.0,3.825618522576147,2013Yala,1225.3183953887215
2013-11-11,1305982.0,3.825618522576147,2013Yala,1225.3183953887215
2013-11-12,1305982.0,3.825618522576147,2013Yala,1225.3183953887215
2013-11-13,1305982.0,3.825618522576147,2013Yala,1225.3183953887215
2013-11-14,1305982.0,3.825618522576147,2013Yala,1225.3183953887215
2013-11-15,1305982.0,3.825618522576147,2013Yala,1225.3183953887215
2013-11-16,1305982.0,3.825618522576147,2013Yala,1225.3183953887215
2013-11-17,1305982.0,3.825618522576147,2013Yala,1225.3183953887215
2013-11-18,1305982.0,3.825618522576147,2013Yala,1225.3183953887215
2013-11-19,1305982.0,3.825618522576147,2013Yala,1225.3183953887215
2013-11-20,1305982.0,3.825618522576147,2013Yala,1225.3183953887215
2013-11-21,1305982.0,3.825618522576147,2013Yala,1225.3183953887215
2013-11-22,1305982.0,3.825618522576147,2013Yala,1225.3183953887215
2013-11-23,1305982.0,3.825618522576147,2013Yala,1225.3183953887215
2013-11-24,1305982.0,3.825618522576147,2013Yala,1225.3183953887215
2013-11-25,1305982.0,3.825618522576147,2013Yala,1225.3183953887215
2013-11-26,1305982.0,3.825618522576147,2013Yala,1225.3183953887215
2013-11-27,1305982.0,3.825618522576147,2013Yala,1225.3183953887215
2013-11-28,1305982.0,3.825618522576147,2013Yala,1225.3183953887215
2013-11-29,1305982.0,3.825618522576147,2013Yala,1225.3183953887215
2013-11-30,1305982.0,3.825618522576147,2013Yala,1225.3183953887215
2013-12-01,1305982.0,3.825618522576147,2013Yala,1225.3183953887215
2013-12-02,1305982.0,3.825618522576147,2013Yala,1225.3183953887215
2013-12-03,1305982.0,3.825618522576147,2013Yala,1225.3183953887215
2013-12-04,1305982.0,3.825618522576147,2013Yala,1225.3183953887215
2013-12-05,1305982.0,3.825618522576147,2013Yala,1225.3183953887215
2013-12-06,1305982.0,3.825618522576147,2013Yala,1225.3183953887215
2013-12-07,1305982.0,3.825618522576147,2013Yala,1225.3183953887215
2013-12-08,1305982.0,3.825618522576147,2013Yala,1225.3183953887215
2013-12-09,1305982.0,3.825618522576147,2013Yala,1225.3183953887215
2013-12-10,1305982.0,3.825618522576147,2013Yala,1225.3183953887215
2013-12-11,1305982.0,3.825618522576147,2013Yala,1225.3183953887215
2013-12-12,1305982.0,3.825618522576147,2013Yala,1225.3183953887215
2013-12-13,1305982.0,3.825618522576147,2013Yala,1225.3183953887215
2013-12-14,1305982.0,3.825618522576147,2013Yala,1225.3183953887215
2013-12-15,1305982.0,3.825618522576147,2013Yala,1225.3183953887215
2013-12-16,1305982.0,3.825618522576147,2013Yala,1225.3183953887215
2013-12-17,1305982.0,3.825618522576147,2013Yala,1225.3183953887215
2013-12-18,1305982.0,3.825618522576147,2013Yala,1225.3183953887215
2013-12-19,1305982.0,3.825618522576147,2013Yala,1225.3183953887215
2013-12-20,1305982.0,3.825618522576147,2013Yala,1225.3183953887215
2013-12-21,1305982.0,3.825618522576147,2013Yala,1225.3183953887215
2013-12-22,1305982.0,3.825618522576147,2013Yala,1225.3183953887215
2013-12-23,1305982.0,3.825618522576147,2013Yala,1225.3183953887215
2013-12-24,1305982.0,3.825618522576147,2013Yala,1225.3183953887215
2013-12-25,1305982.0,3.825618522576147,2013Yala,1225.3183953887215
2013-12-26,1305982.0,3.825618522576147,2013Yala,1225.3183953887215
2013-12-27,1305982.0,3.825618522576147,2013Yala,1225.3183953887215
2013-12-28,1305982.0,3.825618522576147,2013Yala,1225.3183953887215
2013-12-29,1305982.0,3.825618522576147,2013Yala,1225.3183953887215
2013-12-30,1305982.0,3.825618522576147,2013Yala,1225.3183953887215
2013-12-31,1305982.0,3.825618522576147,2013Yala,1225.3183953887215
2014-01-01,1305982.0,3.825618522576147,2013Yala,1225.3183953887215
2014-01-02,1305982.0,3.825618522576147,2013Yala,1225.3183953887215
2014-01-03,1305982.0,3.825618522576147,2013Yala,1225.3183953887215
2014-01-04,1305982.0,3.825618522576147,2013Yala,1225.3183953887215
2014-01-05,1305982.0,3.825618522576147,2013Yala,1225.3183953887215
2014-01-06,1305982.0,3.825618522576147,2013Yala,1225.3183953887215
2014-01-07,1305982.0,3.825618522576147,2013Yala,1225.3183953887215
2014-01-08,1305982.0,3.825618522576147,2013Yala,1225.3183953887215
2014-01-09,1305982.0,3.825618522576147,2013Yala,1225.3183953887215
2014-01-10,1305982.0,3.825618522576147,2013Yala,1225.3183953887215
2014-01-11,1305982.0,3.825618522576147,2013Yala,1225.3183953887215
2014-01-12,1305982.0,3.825618522576147,2013Yala,1225.3183953887215
2014-01-13,1305982.0,3.825618522576147,2013Yala,1225.3183953887215
2014-01-14,1305982.0,3.825618522576147,2013Yala,1225.3183953887215
2014-01-15,1305982.0,3.825618522576147,2013Yala,1225.3183953887215
2014-01-16,1305982.0,3.825618522576147,2013Yala,1225.3183953887215
2014-01-17,1305982.0,3.825618522576147,2013Yala,1225.3183953887215
2014-01-18,1305982.0,3.825618522576147,2013Yala,1225.3183953887215
2014-01-19,1305982.0,3.825618522576147,2013Yala,1225.3183953887215
2014-01-20,1305982.0,3.825618522576147,2013Yala,1225.3183953887215
2014-01-21,1305982.0,3.825618522576147,2013Yala,1225.3183953887215
2014-01-22,1305982.0,3.825618522576147,2013Yala,1225.3183953887215
2014-01-23,1305982.0,3.825618522576147,2013Yala,1225.3183953887215
2014-01-24,1305982.0,3.825618522576147,2013Yala,1225.3183953887215
2014-01-25,1305982.0,3.825618522576147,2013Yala,1225.3183953887215
2014-01-26,1305982.0,3.825618522576147,2013Yala,1225.3183953887215
2014-01-27,1305982.0,3.825618522576147,2013Yala,1225.3183953887215
2014-01-28,1305982.0,3.825618522576147,2013Yala,1225.3183953887215
2014-01-29,1305982.0,3.825618522576147,2013Yala,1225.3183953887215
2014-01-30,1305982.0,3.825618522576147,2013Yala,1225.3183953887215
2014-01-31,1305982.0,3.825618522576147,2013Yala,1225.3183953887215
2014-02-01,1305982.0,3.825618522576147,2013Yala,1225.3183953887215
2014-02-02,1305982.0,3.825618522576147,2013Yala,1225.3183953887215
2014-02-03,1305982.0,3.825618522576147,2013Yala,1225.3183953887215
2014-02-04,1305982.0,3.825618522576147,2013Yala,1225.3183953887215
2014-02-05,1305982.0,3.825618522576147,2013Yala,1225.3183953887215
2014-02-06,1305982.0,3.825618522576147,2013Yala,1225.3183953887215
2014-02-07,1305982.0,3.825618522576147,2013Yala,1225.3183953887215
2014-02-08,1305982.0,3.825618522576147,2013Yala,1225.3183953887215
2014-02-09,1305982.0,3.825618522576147,2013Yala,1225.3183953887215
2014-02-10,1305982.0,3.825618522576147,2013Yala,1225.3183953887215
2014-02-11,1305982.0,3.825618522576147,2013Yala,1225.3183953887215
2014-02-12,1305982.0,3.825618522576147,2013Yala,1225.3183953887215
2014-02-13,1305982.0,3.825618522576147,2013Yala,1225.3183953887215
2014-02-14,1305982.0,3.825618522576147,2013Yala,1225.3183953887215
2014-02-15,1305982.0,3.825618522576147,2013Yala,1225.3183953887215
2014-02-16,1305982.0,3.825618522576147,2013Yala,1225.3183953887215
2014-02-17,1305982.0,3.825618522576147,2013Yala,1225.3183953887215
2014-02-18,1305982.0,3.825618522576147,2013Yala,1225.3183953887215
2014-02-19,1305982.0,3.825618522576147,2013Yala,1225.3183953887215
2014-02-20,1305982.0,3.825618522576147,2013Yala,1225.3183953887215
2014-02-21,1305982.0,3.825618522576147,2013Yala,1225.3183953887215
2014-02-22,1305982.0,3.825618522576147,2013Yala,1225.3183953887215
2014-02-23,1305982.0,3.825618522576147,2013Yala,1225.3183953887215
2014-02-24,1305982.0,3.825618522576147,2013Yala,1225.3183953887215
2014-02-25,1305982.0,3.825618522576147,2013Yala,1225.3183953887215
2014-02-26,1305982.0,3.825618522576147,2013Yala,1225.3183953887215
2014-02-27,1305982.0,3.825618522576147,2013Yala,1225.3183953887215
2014-02-28,1305982.0,3.825618522576147,2013Yala,1225.3183953887215
2014-03-01,95674.0,0.7389380189225719,2013-2014Maha,-2.9094488588506273
2014-03-02,95674.0,0.7389380189225719,2013-2014Maha,-2.9094488588506273
2014-03-03,95674.0,0.7389380189225719,2013-2014Maha,-2.9094488588506273
2014-03-04,95674.0,0.7389380189225719,2013-2014Maha,-2.9094488588506273
2014-03-05,95674.0,0.7389380189225719,2013-2014Maha,-2.9094488588506273
2014-03-06,95674.0,0.7389380189225719,2013-2014Maha,-2.9094488588506273
2014-03-07,95674.0,0.7389380189225719,2013-2014Maha,-2.9094488588506273
2014-03-08,95674.0,0.7389380189225719,2013-2014Maha,-2.9094488588506273
2014-03-09,95674.0,0.7389380189225719,2013-2014Maha,-2.9094488588506273
2014-03-10,95674.0,0.7389380189225719,2013-2014Maha,-2.9094488588506273
2014-03-11,95674.0,0.7389380189225719,2013-2014Maha,-2.9094488588506273
2014-03-12,95674.0,0.7389380189225719,2013-2014Maha,-2.9094488588506273
2014-03-13,95674.0,0.7389380189225719,2013-2014Maha,-2.9094488588506273
2014-03-14,95674.0,0.7389380189225719,2013-2014Maha,-2.9094488588506273
2014-03-15,95674.0,0.7389380189225719,2013-2014Maha,-2.9094488588506273
2014-03-16,95674.0,0.7389380189225719,2013-2014Maha,-2.9094488588506273
2014-03-17,95674.0,0.7389380189225719,2013-2014Maha,-2.9094488588506273
2014-03-18,95674.0,0.7389380189225719,2013-2014Maha,-2.9094488588506273
2014-03-19,95674.0,0.7389380189225719,2013-2014Maha,-2.9094488588506273
2014-03-20,95674.0,0.7389380189225719,2013-2014Maha,-2.9094488588506273
2014-03-21,95674.0,0.7389380189225719,2013-2014Maha,-2.9094488588506273
2014-03-22,95674.0,0.7389380189225719,2013-2014Maha,-2.9094488588506273
2014-03-23,95674.0,0.7389380189225719,2013-2014Maha,-2.9094488588506273
2014-03-24,95674.0,0.7389380189225719,2013-2014Maha,-2.9094488588506273
2014-03-25,95674.0,0.7389380189225719,2013-2014Maha,-2.9094488588506273
2014-03-26,95674.0,0.7389380189225719,2013-2014Maha,-2.9094488588506273
2014-03-27,95674.0,0.7389380189225719,2013-2014Maha,-2.9094488588506273
2014-03-28,95674.0,0.7389380189225719,2013-2014Maha,-2.9094488588506273
2014-03-29,95674.0,0.7389380189225719,2013-2014Maha,-2.9094488588506273
2014-03-30,95674.0,0.7389380189225719,2013-2014Maha,-2.9094488588506273
2014-03-31,95674.0,0.7389380189225719,2013-2014Maha,-2.9094488588506273
2014-04-01,95674.0,0.7389380189225719,2013-2014Maha,-2.9094488588506273
2014-04-02,95674.0,0.7389380189225719,2013-2014Maha,-2.9094488588506273
2014-04-03,95674.0,0.7389380189225719,2013-2014Maha,-2.9094488588506273
2014-04-04,95674.0,0.7389380189225719,2013-2014Maha,-2.9094488588506273
2014-04-05,95674.0,0.7389380189225719,2013-2014Maha,-2.9094488588506273
2014-04-06,95674.0,0.7389380189225719,2013-2014Maha,-2.9094488588506273
2014-04-07,95674.0,0.7389380189225719,2013-2014Maha,-2.9094488588506273
2014-04-08,95674.0,0.7389380189225719,2013-2014Maha,-2.9094488588506273
2014-04-09,95674.0,0.7389380189225719,2013-2014Maha,-2.9094488588506273
2014-04-10,95674.0,0.7389380189225719,2013-2014Maha,-2.9094488588506273
2014-04-11,95674.0,0.7389380189225719,2013-2014Maha,-2.9094488588506273
2014-04-12,95674.0,0.7389380189225719,2013-2014Maha,-2.9094488588506273
2014-04-13,95674.0,0.7389380189225719,2013-2014Maha,-2.9094488588506273
2014-04-14,95674.0,0.7389380189225719,2013-2014Maha,-2.9094488588506273
2014-04-15,95674.0,0.7389380189225719,2013-2014Maha,-2.9094488588506273
2014-04-16,95674.0,0.7389380189225719,2013-2014Maha,-2.9094488588506273
2014-04-17,95674.0,0.7389380189225719,2013-2014Maha,-2.9094488588506273
2014-04-18,95674.0,0.7389380189225719,2013-2014Maha,-2.9094488588506273
2014-04-19,95674.0,0.7389380189225719,2013-2014Maha,-2.9094488588506273
2014-04-20,95674.0,0.7389380189225719,2013-2014Maha,-2.9094488588506273
2014-04-21,95674.0,0.7389380189225719,2013-2014Maha,-2.9094488588506273
2014-04-22,95674.0,0.7389380189225719,2013-2014Maha,-2.9094488588506273
2014-04-23,95674.0,0.7389380189225719,2013-2014Maha,-2.9094488588506273
2014-04-24,95674.0,0.7389380189225719,2013-2014Maha,-2.9094488588506273
2014-04-25,95674.0,0.7389380189225719,2013-2014Maha,-2.9094488588506273
2014-04-26,95674.0,0.7389380189225719,2013-2014Maha,-2.9094488588506273
2014-04-27,95674.0,0.7389380189225719,2013-2014Maha,-2.9094488588506273
2014-04-28,95674.0,0.7389380189225719,2013-2014Maha,-2.9094488588506273
2014-04-29,95674.0,0.7389380189225719,2013-2014Maha,-2.9094488588506273
2014-04-30,95674.0,0.7389380189225719,2013-2014Maha,-2.9094488588506273
2014-05-01,95674.0,0.7389380189225719,2013-2014Maha,-2.9094488588506273
2014-05-02,95674.0,0.7389380189225719,2013-2014Maha,-2.9094488588506273
2014-05-03,95674.0,0.7389380189225719,2013-2014Maha,-2.9094488588506273
2014-05-04,95674.0,0.7389380189225719,2013-2014Maha,-2.9094488588506273
2014-05-05,95674.0,0.7389380189225719,2013-2014Maha,-2.9094488588506273
2014-05-06,95674.0,0.7389380189225719,2013-2014Maha,-2.9094488588506273
2014-05-07,95674.0,0.7389380189225719,2013-2014Maha,-2.9094488588506273
2014-05-08,95674.0,0.7389380189225719,2013-2014Maha,-2.9094488588506273
2014-05-09,95674.0,0.7389380189225719,2013-2014Maha,-2.9094488588506273
2014-05-10,95674.0,0.7389380189225719,2013-2014Maha,-2.9094488588506273
2014-05-11,95674.0,0.7389380189225719,2013-2014Maha,-2.9094488588506273
2014-05-12,95674.0,0.7389380189225719,2013-2014Maha,-2.9094488588506273
2014-05-13,95674.0,0.7389380189225719,2013-2014Maha,-2.9094488588506273
2014-05-14,95674.0,0.7389380189225719,2013-2014Maha,-2.9094488588506273
2014-05-15,95674.0,0.7389380189225719,2013-2014Maha,-2.9094488588506273
2014-05-16,95674.0,0.7389380189225719,2013-2014Maha,-2.9094488588506273
2014-05-17,95674.0,0.7389380189225719,2013-2014Maha,-2.9094488588506273
2014-05-18,95674.0,0.7389380189225719,2013-2014Maha,-2.9094488588506273
2014-05-19,95674.0,0.7389380189225719,2013-2014Maha,-2.9094488588506273
2014-05-20,95674.0,0.7389380189225719,2013-2014Maha,-2.9094488588506273
2014-05-21,95674.0,0.7389380189225719,2013-2014Maha,-2.9094488588506273
2014-05-22,95674.0,0.7389380189225719,2013-2014Maha,-2.9094488588506273
2014-05-23,95674.0,0.7389380189225719,2013-2014Maha,-2.9094488588506273
2014-05-24,95674.0,0.7389380189225719,2013-2014Maha,-2.9094488588506273
2014-05-25,95674.0,0.7389380189225719,2013-2014Maha,-2.9094488588506273
2014-05-26,95674.0,0.7389380189225719,2013-2014Maha,-2.9094488588506273
2014-05-27,95674.0,0.7389380189225719,2013-2014Maha,-2.9094488588506273
2014-05-28,95674.0,0.7389380189225719,2013-2014Maha,-2.9094488588506273
2014-05-29,95674.0,0.7389380189225719,2013-2014Maha,-2.9094488588506273
2014-05-30,95674.0,0.7389380189225719,2013-2014Maha,-2.9094488588506273
2014-05-31,95674.0,0.7389380189225719,2013-2014Maha,-2.9094488588506273
2014-06-01,95674.0,0.7389380189225719,2013-2014Maha,-2.9094488588506273
2014-06-02,95674.0,0.7389380189225719,2013-2014Maha,-2.9094488588506273
2014-06-03,95674.0,0.7389380189225719,2013-2014Maha,-2.9094488588506273
2014-06-04,95674.0,0.7389380189225719,2013-2014Maha,-2.9094488588506273
2014-06-05,95674.0,0.7389380189225719,2013-2014Maha,-2.9094488588506273
2014-06-06,95674.0,0.7389380189225719,2013-2014Maha,-2.9094488588506273
2014-06-07,95674.0,0.7389380189225719,2013-2014Maha,-2.9094488588506273
2014-06-08,95674.0,0.7389380189225719,2013-2014Maha,-2.9094488588506273
2014-06-09,95674.0,0.7389380189225719,2013-2014Maha,-2.9094488588506273
2014-06-10,95674.0,0.7389380189225719,2013-2014Maha,-2.9094488588506273
2014-06-11,95674.0,0.7389380189225719,2013-2014Maha,-2.9094488588506273
2014-06-12,95674.0,0.7389380189225719,2013-2014Maha,-2.9094488588506273
2014-06-13,95674.0,0.7389380189225719,2013-2014Maha,-2.9094488588506273
2014-06-14,95674.0,0.7389380189225719,2013-2014Maha,-2.9094488588506273
2014-06-15,95674.0,0.7389380189225719,2013-2014Maha,-2.9094488588506273
2014-06-16,95674.0,0.7389380189225719,2013-2014Maha,-2.9094488588506273
2014-06-17,95674.0,0.7389380189225719,2013-2014Maha,-2.9094488588506273
2014-06-18,95674.0,0.7389380189225719,2013-2014Maha,-2.9094488588506273
2014-06-19,95674.0,0.7389380189225719,2013-2014Maha,-2.9094488588506273
2014-06-20,95674.0,0.7389380189225719,2013-2014Maha,-2.9094488588506273
2014-06-21,95674.0,0.7389380189225719,2013-2014Maha,-2.9094488588506273
2014-06-22,95674.0,0.7389380189225719,2013-2014Maha,-2.9094488588506273
2014-06-23,95674.0,0.7389380189225719,2013-2014Maha,-2.9094488588506273
2014-06-24,95674.0,0.7389380189225719,2013-2014Maha,-2.9094488588506273
2014-06-25,95674.0,0.7389380189225719,2013-2014Maha,-2.9094488588506273
2014-06-26,95674.0,0.7389380189225719,2013-2014Maha,-2.9094488588506273
2014-06-27,95674.0,0.7389380189225719,2013-2014Maha,-2.9094488588506273
2014-06-28,95674.0,0.7389380189225719,2013-2014Maha,-2.9094488588506273
2014-06-29,95674.0,0.7389380189225719,2013-2014Maha,-2.9094488588506273
2014-06-30,95674.0,0.7389380189225719,2013-2014Maha,-2.9094488588506273
2014-07-01,95674.0,0.7389380189225719,2013-2014Maha,-2.9094488588506273
2014-07-02,95674.0,0.7389380189225719,2013-2014Maha,-2.9094488588506273
2014-07-03,95674.0,0.7389380189225719,2013-2014Maha,-2.9094488588506273
2014-07-04,95674.0,0.7389380189225719,2013-2014Maha,-2.9094488588506273
2014-07-05,95674.0,0.7389380189225719,2013-2014Maha,-2.9094488588506273
2014-07-06,95674.0,0.7389380189225719,2013-2014Maha,-2.9094488588506273
2014-07-07,95674.0,0.7389380189225719,2013-2014Maha,-2.9094488588506273
2014-07-08,95674.0,0.7389380189225719,2013-2014Maha,-2.9094488588506273
2014-07-09,95674.0,0.7389380189225719,2013-2014Maha,-2.9094488588506273
2014-07-10,95674.0,0.7389380189225719,2013-2014Maha,-2.9094488588506273
2014-07-11,95674.0,0.7389380189225719,2013-2014Maha,-2.9094488588506273
2014-07-12,95674.0,0.7389380189225719,2013-2014Maha,-2.9094488588506273
2014-07-13,95674.0,0.7389380189225719,2013-2014Maha,-2.9094488588506273
2014-07-14,95674.0,0.7389380189225719,2013-2014Maha,-2.9094488588506273
2014-07-15,95674.0,0.7389380189225719,2013-2014Maha,-2.9094488588506273
2014-07-16,95674.0,0.7389380189225719,2013-2014Maha,-2.9094488588506273
2014-07-17,95674.0,0.7389380189225719,2013-2014Maha,-2.9094488588506273
2014-07-18,95674.0,0.7389380189225719,2013-2014Maha,-2.9094488588506273
2014-07-19,95674.0,0.7389380189225719,2013-2014Maha,-2.9094488588506273
2014-07-20,95674.0,0.7389380189225719,2013-2014Maha,-2.9094488588506273
2014-07-21,95674.0,0.7389380189225719,2013-2014Maha,-2.9094488588506273
2014-07-22,95674.0,0.7389380189225719,2013-2014Maha,-2.9094488588506273
2014-07-23,95674.0,0.7389380189225719,2013-2014Maha,-2.9094488588506273
2014-07-24,95674.0,0.7389380189225719,2013-2014Maha,-2.9094488588506273
2014-07-25,95674.0,0.7389380189225719,2013-2014Maha,-2.9094488588506273
2014-07-26,95674.0,0.7389380189225719,2013-2014Maha,-2.9094488588506273
2014-07-27,95674.0,0.7389380189225719,2013-2014Maha,-2.9094488588506273
2014-07-28,95674.0,0.7389380189225719,2013-2014Maha,-2.9094488588506273
2014-07-29,95674.0,0.7389380189225719,2013-2014Maha,-2.9094488588506273
2014-07-30,95674.0,0.7389380189225719,2013-2014Maha,-2.9094488588506273
2014-07-31,95674.0,0.7389380189225719,2013-2014Maha,-2.9094488588506273
2014-08-01,95674.0,0.7389380189225719,2013-2014Maha,-2.9094488588506273
2014-08-02,95674.0,0.7389380189225719,2013-2014Maha,-2.9094488588506273
2014-08-03,95674.0,0.7389380189225719,2013-2014Maha,-2.9094488588506273
2014-08-04,95674.0,0.7389380189225719,2013-2014Maha,-2.9094488588506273
2014-08-05,95674.0,0.7389380189225719,2013-2014Maha,-2.9094488588506273
2014-08-06,95674.0,0.7389380189225719,2013-2014Maha,-2.9094488588506273
2014-08-07,95674.0,0.7389380189225719,2013-2014Maha,-2.9094488588506273
2014-08-08,95674.0,0.7389380189225719,2013-2014Maha,-2.9094488588506273
2014-08-09,95674.0,0.7389380189225719,2013-2014Maha,-2.9094488588506273
2014-08-10,95674.0,0.7389380189225719,2013-2014Maha,-2.9094488588506273
2014-08-11,95674.0,0.7389380189225719,2013-2014Maha,-2.9094488588506273
2014-08-12,95674.0,0.7389380189225719,2013-2014Maha,-2.9094488588506273
2014-08-13,95674.0,0.7389380189225719,2013-2014Maha,-2.9094488588506273
2014-08-14,95674.0,0.7389380189225719,2013-2014Maha,-2.9094488588506273
2014-08-15,95674.0,0.7389380189225719,2013-2014Maha,-2.9094488588506273
2014-08-16,95674.0,0.7389380189225719,2013-2014Maha,-2.9094488588506273
2014-08-17,95674.0,0.7389380189225719,2013-2014Maha,-2.9094488588506273
2014-08-18,95674.0,0.7389380189225719,2013-2014Maha,-2.9094488588506273
2014-08-19,95674.0,0.7389380189225719,2013-2014Maha,-2.9094488588506273
2014-08-20,95674.0,0.7389380189225719,2013-2014Maha,-2.9094488588506273
2014-08-21,95674.0,0.7389380189225719,2013-2014Maha,-2.9094488588506273
2014-08-22,95674.0,0.7389380189225719,2013-2014Maha,-2.9094488588506273
2014-08-23,95674.0,0.7389380189225719,2013-2014Maha,-2.9094488588506273
2014-08-24,95674.0,0.7389380189225719,2013-2014Maha,-2.9094488588506273
2014-08-25,95674.0,0.7389380189225719,2013-2014Maha,-2.9094488588506273
2014-08-26,95674.0,0.7389380189225719,2013-2014Maha,-2.9094488588506273
2014-08-27,95674.0,0.7389380189225719,2013-2014Maha,-2.9094488588506273
2014-08-28,95674.0,0.7389380189225719,2013-2014Maha,-2.9094488588506273
2014-08-29,95674.0,0.7389380189225719,2013-2014Maha,-2.9094488588506273
2014-08-30,95674.0,0.7389380189225719,2013-2014Maha,-2.9094488588506273
2014-08-31,95674.0,0.7389380189225719,2013-2014Maha,-2.9094488588506273
2014-09-01,847088.0,3.6522646431112165,2014Yala,-35.13785029196421
2014-09-02,847088.0,3.6522646431112165,2014Yala,-35.13785029196421
2014-09-03,847088.0,3.6522646431112165,2014Yala,-35.13785029196421
2014-09-04,847088.0,3.6522646431112165,2014Yala,-35.13785029196421
2014-09-05,847088.0,3.6522646431112165,2014Yala,-35.13785029196421
2014-09-06,847088.0,3.6522646431112165,2014Yala,-35.13785029196421
2014-09-07,847088.0,3.6522646431112165,2014Yala,-35.13785029196421
2014-09-08,847088.0,3.6522646431112165,2014Yala,-35.13785029196421
2014-09-09,847088.0,3.6522646431112165,2014Yala,-35.13785029196421
2014-09-10,847088.0,3.6522646431112165,2014Yala,-35.13785029196421
2014-09-11,847088.0,3.6522646431112165,2014Yala,-35.13785029196421
2014-09-12,847088.0,3.6522646431112165,2014Yala,-35.13785029196421
2014-09-13,847088.0,3.6522646431112165,2014Yala,-35.13785029196421
2014-09-14,847088.0,3.6522646431112165,2014Yala,-35.13785029196421
2014-09-15,847088.0,3.6522646431112165,2014Yala,-35.13785029196421
2014-09-16,847088.0,3.6522646431112165,2014Yala,-35.13785029196421
2014-09-17,847088.0,3.6522646431112165,2014Yala,-35.13785029196421
2014-09-18,847088.0,3.6522646431112165,2014Yala,-35.13785029196421
2014-09-19,847088.0,3.6522646431112165,2014Yala,-35.13785029196421
2014-09-20,847088.0,3.6522646431112165,2014Yala,-35.13785029196421
2014-09-21,847088.0,3.6522646431112165,2014Yala,-35.13785029196421
2014-09-22,847088.0,3.6522646431112165,2014Yala,-35.13785029196421
2014-09-23,847088.0,3.6522646431112165,2014Yala,-35.13785029196421
2014-09-24,847088.0,3.6522646431112165,2014Yala,-35.13785029196421
2014-09-25,847088.0,3.6522646431112165,2014Yala,-35.13785029196421
2014-09-26,847088.0,3.6522646431112165,2014Yala,-35.13785029196421
2014-09-27,847088.0,3.6522646431112165,2014Yala,-35.13785029196421
2014-09-28,847088.0,3.6522646431112165,2014Yala,-35.13785029196421
2014-09-29,847088.0,3.6522646431112165,2014Yala,-35.13785029196421
2014-09-30,847088.0,3.6522646431112165,2014Yala,-35.13785029196421
2014-10-01,847088.0,3.6522646431112165,2014Yala,-35.13785029196421
2014-10-02,847088.0,3.6522646431112165,2014Yala,-35.13785029196421
2014-10-03,847088.0,3.6522646431112165,2014Yala,-35.13785029196421
2014-10-04,847088.0,3.6522646431112165,2014Yala,-35.13785029196421
2014-10-05,847088.0,3.6522646431112165,2014Yala,-35.13785029196421
2014-10-06,847088.0,3.6522646431112165,2014Yala,-35.13785029196421
2014-10-07,847088.0,3.6522646431112165,2014Yala,-35.13785029196421
2014-10-08,847088.0,3.6522646431112165,2014Yala,-35.13785029196421
2014-10-09,847088.0,3.6522646431112165,2014Yala,-35.13785029196421
2014-10-10,847088.0,3.6522646431112165,2014Yala,-35.13785029196421
2014-10-11,847088.0,3.6522646431112165,2014Yala,-35.13785029196421
2014-10-12,847088.0,3.6522646431112165,2014Yala,-35.13785029196421
2014-10-13,847088.0,3.6522646431112165,2014Yala,-35.13785029196421
2014-10-14,847088.0,3.6522646431112165,2014Yala,-35.13785029196421
2014-10-15,847088.0,3.6522646431112165,2014Yala,-35.13785029196421
2014-10-16,847088.0,3.6522646431112165,2014Yala,-35.13785029196421
2014-10-17,847088.0,3.6522646431112165,2014Yala,-35.13785029196421
2014-10-18,847088.0,3.6522646431112165,2014Yala,-35.13785029196421
2014-10-19,847088.0,3.6522646431112165,2014Yala,-35.13785029196421
2014-10-20,847088.0,3.6522646431112165,2014Yala,-35.13785029196421
2014-10-21,847088.0,3.6522646431112165,2014Yala,-35.13785029196421
2014-10-22,847088.0,3.6522646431112165,2014Yala,-35.13785029196421
2014-10-23,847088.0,3.6522646431112165,2014Yala,-35.13785029196421
2014-10-24,847088.0,3.6522646431112165,2014Yala,-35.13785029196421
2014-10-25,847088.0,3.6522646431112165,2014Yala,-35.13785029196421
2014-10-26,847088.0,3.6522646431112165,2014Yala,-35.13785029196421
2014-10-27,847088.0,3.6522646431112165,2014Yala,-35.13785029196421
2014-10-28,847088.0,3.6522646431112165,2014Yala,-35.13785029196421
2014-10-29,847088.0,3.6522646431112165,2014Yala,-35.13785029196421
2014-10-30,847088.0,3.6522646431112165,2014Yala,-35.13785029196421
2014-10-31,847088.0,3.6522646431112165,2014Yala,-35.13785029196421
2014-11-01,847088.0,3.6522646431112165,2014Yala,-35.13785029196421
2014-11-02,847088.0,3.6522646431112165,2014Yala,-35.13785029196421
2014-11-03,847088.0,3.6522646431112165,2014Yala,-35.13785029196421
2014-11-04,847088.0,3.6522646431112165,2014Yala,-35.13785029196421
2014-11-05,847088.0,3.6522646431112165,2014Yala,-35.13785029196421
2014-11-06,847088.0,3.6522646431112165,2014Yala,-35.13785029196421
2014-11-07,847088.0,3.6522646431112165,2014Yala,-35.13785029196421
2014-11-08,847088.0,3.6522646431112165,2014Yala,-35.13785029196421
2014-11-09,847088.0,3.6522646431112165,2014Yala,-35.13785029196421
2014-11-10,847088.0,3.6522646431112165,2014Yala,-35.13785029196421
2014-11-11,847088.0,3.6522646431112165,2014Yala,-35.13785029196421
2014-11-12,847088.0,3.6522646431112165,2014Yala,-35.13785029196421
2014-11-13,847088.0,3.6522646431112165,2014Yala,-35.13785029196421
2014-11-14,847088.0,3.6522646431112165,2014Yala,-35.13785029196421
2014-11-15,847088.0,3.6522646431112165,2014Yala,-35.13785029196421
2014-11-16,847088.0,3.6522646431112165,2014Yala,-35.13785029196421
2014-11-17,847088.0,3.6522646431112165,2014Yala,-35.13785029196421
2014-11-18,847088.0,3.6522646431112165,2014Yala,-35.13785029196421
2014-11-19,847088.0,3.6522646431112165,2014Yala,-35.13785029196421
2014-11-20,847088.0,3.6522646431112165,2014Yala,-35.13785029196421
2014-11-21,847088.0,3.6522646431112165,2014Yala,-35.13785029196421
2014-11-22,847088.0,3.6522646431112165,2014Yala,-35.13785029196421
2014-11-23,847088.0,3.6522646431112165,2014Yala,-35.13785029196421
2014-11-24,847088.0,3.6522646431112165,2014Yala,-35.13785029196421
2014-11-25,847088.0,3.6522646431112165,2014Yala,-35.13785029196421
2014-11-26,847088.0,3.6522646431112165,2014Yala,-35.13785029196421
2014-11-27,847088.0,3.6522646431112165,2014Yala,-35.13785029196421
2014-11-28,847088.0,3.6522646431112165,2014Yala,-35.13785029196421
2014-11-29,847088.0,3.6522646431112165,2014Yala,-35.13785029196421
2014-11-30,847088.0,3.6522646431112165,2014Yala,-35.13785029196421
2014-12-01,847088.0,3.6522646431112165,2014Yala,-35.13785029196421
2014-12-02,847088.0,3.6522646431112165,2014Yala,-35.13785029196421
2014-12-03,847088.0,3.6522646431112165,2014Yala,-35.13785029196421
2014-12-04,847088.0,3.6522646431112165,2014Yala,-35.13785029196421
2014-12-05,847088.0,3.6522646431112165,2014Yala,-35.13785029196421
2014-12-06,847088.0,3.6522646431112165,2014Yala,-35.13785029196421
2014-12-07,847088.0,3.6522646431112165,2014Yala,-35.13785029196421
2014-12-08,847088.0,3.6522646431112165,2014Yala,-35.13785029196421
2014-12-09,847088.0,3.6522646431112165,2014Yala,-35.13785029196421
2014-12-10,847088.0,3.6522646431112165,2014Yala,-35.13785029196421
2014-12-11,847088.0,3.6522646431112165,2014Yala,-35.13785029196421
2014-12-12,847088.0,3.6522646431112165,2014Yala,-35.13785029196421
2014-12-13,847088.0,3.6522646431112165,2014Yala,-35.13785029196421
2014-12-14,847088.0,3.6522646431112165,2014Yala,-35.13785029196421
2014-12-15,847088.0,3.6522646431112165,2014Yala,-35.13785029196421
2014-12-16,847088.0,3.6522646431112165,2014Yala,-35.13785029196421
2014-12-17,847088.0,3.6522646431112165,2014Yala,-35.13785029196421
2014-12-18,847088.0,3.6522646431112165,2014Yala,-35.13785029196421
2014-12-19,847088.0,3.6522646431112165,2014Yala,-35.13785029196421
2014-12-20,847088.0,3.6522646431112165,2014Yala,-35.13785029196421
2014-12-21,847088.0,3.6522646431112165,2014Yala,-35.13785029196421
2014-12-22,847088.0,3.6522646431112165,2014Yala,-35.13785029196421
2014-12-23,847088.0,3.6522646431112165,2014Yala,-35.13785029196421
2014-12-24,847088.0,3.6522646431112165,2014Yala,-35.13785029196421
2014-12-25,847088.0,3.6522646431112165,2014Yala,-35.13785029196421
2014-12-26,847088.0,3.6522646431112165,2014Yala,-35.13785029196421
2014-12-27,847088.0,3.6522646431112165,2014Yala,-35.13785029196421
2014-12-28,847088.0,3.6522646431112165,2014Yala,-35.13785029196421
2014-12-29,847088.0,3.6522646431112165,2014Yala,-35.13785029196421
2014-12-30,847088.0,3.6522646431112165,2014Yala,-35.13785029196421
2014-12-31,847088.0,3.6522646431112165,2014Yala,-35.13785029196421
2015-01-01,847088.0,3.6522646431112165,2014Yala,-35.13785029196421
2015-01-02,847088.0,3.6522646431112165,2014Yala,-35.13785029196421
2015-01-03,847088.0,3.6522646431112165,2014Yala,-35.13785029196421
2015-01-04,847088.0,3.6522646431112165,2014Yala,-35.13785029196421
2015-01-05,847088.0,3.6522646431112165,2014Yala,-35.13785029196421
2015-01-06,847088.0,3.6522646431112165,2014Yala,-35.13785029196421
2015-01-07,847088.0,3.6522646431112165,2014Yala,-35.13785029196421
2015-01-08,847088.0,3.6522646431112165,2014Yala,-35.13785029196421
2015-01-09,847088.0,3.6522646431112165,2014Yala,-35.13785029196421
2015-01-10,847088.0,3.6522646431112165,2014Yala,-35.13785029196421
2015-01-11,847088.0,3.6522646431112165,2014Yala,-35.13785029196421
2015-01-12,847088.0,3.6522646431112165,2014Yala,-35.13785029196421
2015-01-13,847088.0,3.6522646431112165,2014Yala,-35.13785029196421
2015-01-14,847088.0,3.6522646431112165,2014Yala,-35.13785029196421
2015-01-15,847088.0,3.6522646431112165,2014Yala,-35.13785029196421
2015-01-16,847088.0,3.6522646431112165,2014Yala,-35.13785029196421
2015-01-17,847088.0,3.6522646431112165,2014Yala,-35.13785029196421
2015-01-18,847088.0,3.6522646431112165,2014Yala,-35.13785029196421
2015-01-19,847088.0,3.6522646431112165,2014Yala,-35.13785029196421
2015-01-20,847088.0,3.6522646431112165,2014Yala,-35.13785029196421
2015-01-21,847088.0,3.6522646431112165,2014Yala,-35.13785029196421
2015-01-22,847088.0,3.6522646431112165,2014Yala,-35.13785029196421
2015-01-23,847088.0,3.6522646431112165,2014Yala,-35.13785029196421
2015-01-24,847088.0,3.6522646431112165,2014Yala,-35.13785029196421
2015-01-25,847088.0,3.6522646431112165,2014Yala,-35.13785029196421
2015-01-26,847088.0,3.6522646431112165,2014Yala,-35.13785029196421
2015-01-27,847088.0,3.6522646431112165,2014Yala,-35.13785029196421
2015-01-28,847088.0,3.6522646431112165,2014Yala,-35.13785029196421
2015-01-29,847088.0,3.6522646431112165,2014Yala,-35.13785029196421
2015-01-30,847088.0,3.6522646431112165,2014Yala,-35.13785029196421
2015-01-31,847088.0,3.6522646431112165,2014Yala,-35.13785029196421
2015-02-01,847088.0,3.6522646431112165,2014Yala,-35.13785029196421
2015-02-02,847088.0,3.6522646431112165,2014Yala,-35.13785029196421
2015-02-03,847088.0,3.6522646431112165,2014Yala,-35.13785029196421
2015-02-04,847088.0,3.6522646431112165,2014Yala,-35.13785029196421
2015-02-05,847088.0,3.6522646431112165,2014Yala,-35.13785029196421
2015-02-06,847088.0,3.6522646431112165,2014Yala,-35.13785029196421
2015-02-07,847088.0,3.6522646431112165,2014Yala,-35.13785029196421
2015-02-08,847088.0,3.6522646431112165,2014Yala,-35.13785029196421
2015-02-09,847088.0,3.6522646431112165,2014Yala,-35.13785029196421
2015-02-10,847088.0,3.6522646431112165,2014Yala,-35.13785029196421
2015-02-11,847088.0,3.6522646431112165,2014Yala,-35.13785029196421
2015-02-12,847088.0,3.6522646431112165,2014Yala,-35.13785029196421
2015-02-13,847088.0,3.6522646431112165,2014Yala,-35.13785029196421
2015-02-14,847088.0,3.6522646431112165,2014Yala,-35.13785029196421
2015-02-15,847088.0,3.6522646431112165,2014Yala,-35.13785029196421
2015-02-16,847088.0,3.6522646431112165,2014Yala,-35.13785029196421
2015-02-17,847088.0,3.6522646431112165,2014Yala,-35.13785029196421
2015-02-18,847088.0,3.6522646431112165,2014Yala,-35.13785029196421
2015-02-19,847088.0,3.6522646431112165,2014Yala,-35.13785029196421
2015-02-20,847088.0,3.6522646431112165,2014Yala,-35.13785029196421
2015-02-21,847088.0,3.6522646431112165,2014Yala,-35.13785029196421
2015-02-22,847088.0,3.6522646431112165,2014Yala,-35.13785029196421
2015-02-23,847088.0,3.6522646431112165,2014Yala,-35.13785029196421
2015-02-24,847088.0,3.6522646431112165,2014Yala,-35.13785029196421
2015-02-25,847088.0,3.6522646431112165,2014Yala,-35.13785029196421
2015-02-26,847088.0,3.6522646431112165,2014Yala,-35.13785029196421
2015-02-27,847088.0,3.6522646431112165,2014Yala,-35.13785029196421
2015-02-28,847088.0,3.6522646431112165,2014Yala,-35.13785029196421
2015-03-01,2611089.0,3.8244321768640726,2014-2015Maha,2629.1521207433575
2015-03-02,2611089.0,3.8244321768640726,2014-2015Maha,2629.1521207433575
2015-03-03,2611089.0,3.8244321768640726,2014-2015Maha,2629.1521207433575
2015-03-04,2611089.0,3.8244321768640726,2014-2015Maha,2629.1521207433575
2015-03-05,2611089.0,3.8244321768640726,2014-2015Maha,2629.1521207433575
2015-03-06,2611089.0,3.8244321768640726,2014-2015Maha,2629.1521207433575
2015-03-07,2611089.0,3.8244321768640726,2014-2015Maha,2629.1521207433575
2015-03-08,2611089.0,3.8244321768640726,2014-2015Maha,2629.1521207433575
2015-03-09,2611089.0,3.8244321768640726,2014-2015Maha,2629.1521207433575
2015-03-10,2611089.0,3.8244321768640726,2014-2015Maha,2629.1521207433575
2015-03-11,2611089.0,3.8244321768640726,2014-2015Maha,2629.1521207433575
2015-03-12,2611089.0,3.8244321768640726,2014-2015Maha,2629.1521207433575
2015-03-13,2611089.0,3.8244321768640726,2014-2015Maha,2629.1521207433575
2015-03-14,2611089.0,3.8244321768640726,2014-2015Maha,2629.1521207433575
2015-03-15,2611089.0,3.8244321768640726,2014-2015Maha,2629.1521207433575
2015-03-16,2611089.0,3.8244321768640726,2014-2015Maha,2629.1521207433575
2015-03-17,2611089.0,3.8244321768640726,2014-2015Maha,2629.1521207433575
2015-03-18,2611089.0,3.8244321768640726,2014-2015Maha,2629.1521207433575
2015-03-19,2611089.0,3.8244321768640726,2014-2015Maha,2629.1521207433575
2015-03-20,2611089.0,3.8244321768640726,2014-2015Maha,2629.1521207433575
2015-03-21,2611089.0,3.8244321768640726,2014-2015Maha,2629.1521207433575
2015-03-22,2611089.0,3.8244321768640726,2014-2015Maha,2629.1521207433575
2015-03-23,2611089.0,3.8244321768640726,2014-2015Maha,2629.1521207433575
2015-03-24,2611089.0,3.8244321768640726,2014-2015Maha,2629.1521207433575
2015-03-25,2611089.0,3.8244321768640726,2014-2015Maha,2629.1521207433575
2015-03-26,2611089.0,3.8244321768640726,2014-2015Maha,2629.1521207433575
2015-03-27,2611089.0,3.8244321768640726,2014-2015Maha,2629.1521207433575
2015-03-28,2611089.0,3.8244321768640726,2014-2015Maha,2629.1521207433575
2015-03-29,2611089.0,3.8244321768640726,2014-2015Maha,2629.1521207433575
2015-03-30,2611089.0,3.8244321768640726,2014-2015Maha,2629.1521207433575
2015-03-31,2611089.0,3.8244321768640726,2014-2015Maha,2629.1521207433575
2015-04-01,2611089.0,3.8244321768640726,2014-2015Maha,2629.1521207433575
2015-04-02,2611089.0,3.8244321768640726,2014-2015Maha,2629.1521207433575
2015-04-03,2611089.0,3.8244321768640726,2014-2015Maha,2629.1521207433575
2015-04-04,2611089.0,3.8244321768640726,2014-2015Maha,2629.1521207433575
2015-04-05,2611089.0,3.8244321768640726,2014-2015Maha,2629.1521207433575
2015-04-06,2611089.0,3.8244321768640726,2014-2015Maha,2629.1521207433575
2015-04-07,2611089.0,3.8244321768640726,2014-2015Maha,2629.1521207433575
2015-04-08,2611089.0,3.8244321768640726,2014-2015Maha,2629.1521207433575
2015-04-09,2611089.0,3.8244321768640726,2014-2015Maha,2629.1521207433575
2015-04-10,2611089.0,3.8244321768640726,2014-2015Maha,2629.1521207433575
2015-04-11,2611089.0,3.8244321768640726,2014-2015Maha,2629.1521207433575
2015-04-12,2611089.0,3.8244321768640726,2014-2015Maha,2629.1521207433575
2015-04-13,2611089.0,3.8244321768640726,2014-2015Maha,2629.1521207433575
2015-04-14,2611089.0,3.8244321768640726,2014-2015Maha,2629.1521207433575
2015-04-15,2611089.0,3.8244321768640726,2014-2015Maha,2629.1521207433575
2015-04-16,2611089.0,3.8244321768640726,2014-2015Maha,2629.1521207433575
2015-04-17,2611089.0,3.8244321768640726,2014-2015Maha,2629.1521207433575
2015-04-18,2611089.0,3.8244321768640726,2014-2015Maha,2629.1521207433575
2015-04-19,2611089.0,3.8244321768640726,2014-2015Maha,2629.1521207433575
2015-04-20,2611089.0,3.8244321768640726,2014-2015Maha,2629.1521207433575
2015-04-21,2611089.0,3.8244321768640726,2014-2015Maha,2629.1521207433575
2015-04-22,2611089.0,3.8244321768640726,2014-2015Maha,2629.1521207433575
2015-04-23,2611089.0,3.8244321768640726,2014-2015Maha,2629.1521207433575
2015-04-24,2611089.0,3.8244321768640726,2014-2015Maha,2629.1521207433575
2015-04-25,2611089.0,3.8244321768640726,2014-2015Maha,2629.1521207433575
2015-04-26,2611089.0,3.8244321768640726,2014-2015Maha,2629.1521207433575
2015-04-27,2611089.0,3.8244321768640726,2014-2015Maha,2629.1521207433575
2015-04-28,2611089.0,3.8244321768640726,2014-2015Maha,2629.1521207433575
2015-04-29,2611089.0,3.8244321768640726,2014-2015Maha,2629.1521207433575
2015-04-30,2611089.0,3.8244321768640726,2014-2015Maha,2629.1521207433575
2015-05-01,2611089.0,3.8244321768640726,2014-2015Maha,2629.1521207433575
2015-05-02,2611089.0,3.8244321768640726,2014-2015Maha,2629.1521207433575
2015-05-03,2611089.0,3.8244321768640726,2014-2015Maha,2629.1521207433575
2015-05-04,2611089.0,3.8244321768640726,2014-2015Maha,2629.1521207433575
2015-05-05,2611089.0,3.8244321768640726,2014-2015Maha,2629.1521207433575
2015-05-06,2611089.0,3.8244321768640726,2014-2015Maha,2629.1521207433575
2015-05-07,2611089.0,3.8244321768640726,2014-2015Maha,2629.1521207433575
2015-05-08,2611089.0,3.8244321768640726,2014-2015Maha,2629.1521207433575
2015-05-09,2611089.0,3.8244321768640726,2014-2015Maha,2629.1521207433575
2015-05-10,2611089.0,3.8244321768640726,2014-2015Maha,2629.1521207433575
2015-05-11,2611089.0,3.8244321768640726,2014-2015Maha,2629.1521207433575
2015-05-12,2611089.0,3.8244321768640726,2014-2015Maha,2629.1521207433575
2015-05-13,2611089.0,3.8244321768640726,2014-2015Maha,2629.1521207433575
2015-05-14,2611089.0,3.8244321768640726,2014-2015Maha,2629.1521207433575
2015-05-15,2611089.0,3.8244321768640726,2014-2015Maha,2629.1521207433575
2015-05-16,2611089.0,3.8244321768640726,2014-2015Maha,2629.1521207433575
2015-05-17,2611089.0,3.8244321768640726,2014-2015Maha,2629.1521207433575
2015-05-18,2611089.0,3.8244321768640726,2014-2015Maha,2629.1521207433575
2015-05-19,2611089.0,3.8244321768640726,2014-2015Maha,2629.1521207433575
2015-05-20,2611089.0,3.8244321768640726,2014-2015Maha,2629.1521207433575
2015-05-21,2611089.0,3.8244321768640726,2014-2015Maha,2629.1521207433575
2015-05-22,2611089.0,3.8244321768640726,2014-2015Maha,2629.1521207433575
2015-05-23,2611089.0,3.8244321768640726,2014-2015Maha,2629.1521207433575
2015-05-24,2611089.0,3.8244321768640726,2014-2015Maha,2629.1521207433575
2015-05-25,2611089.0,3.8244321768640726,2014-2015Maha,2629.1521207433575
2015-05-26,2611089.0,3.8244321768640726,2014-2015Maha,2629.1521207433575
2015-05-27,2611089.0,3.8244321768640726,2014-2015Maha,2629.1521207433575
2015-05-28,2611089.0,3.8244321768640726,2014-2015Maha,2629.1521207433575
2015-05-29,2611089.0,3.8244321768640726,2014-2015Maha,2629.1521207433575
2015-05-30,2611089.0,3.8244321768640726,2014-2015Maha,2629.1521207433575
2015-05-31,2611089.0,3.8244321768640726,2014-2015Maha,2629.1521207433575
2015-06-01,2611089.0,3.8244321768640726,2014-2015Maha,2629.1521207433575
2015-06-02,2611089.0,3.8244321768640726,2014-2015Maha,2629.1521207433575
2015-06-03,2611089.0,3.8244321768640726,2014-2015Maha,2629.1521207433575
2015-06-04,2611089.0,3.8244321768640726,2014-2015Maha,2629.1521207433575
2015-06-05,2611089.0,3.8244321768640726,2014-2015Maha,2629.1521207433575
2015-06-06,2611089.0,3.8244321768640726,2014-2015Maha,2629.1521207433575
2015-06-07,2611089.0,3.8244321768640726,2014-2015Maha,2629.1521207433575
2015-06-08,2611089.0,3.8244321768640726,2014-2015Maha,2629.1521207433575
2015-06-09,2611089.0,3.8244321768640726,2014-2015Maha,2629.1521207433575
2015-06-10,2611089.0,3.8244321768640726,2014-2015Maha,2629.1521207433575
2015-06-11,2611089.0,3.8244321768640726,2014-2015Maha,2629.1521207433575
2015-06-12,2611089.0,3.8244321768640726,2014-2015Maha,2629.1521207433575
2015-06-13,2611089.0,3.8244321768640726,2014-2015Maha,2629.1521207433575
2015-06-14,2611089.0,3.8244321768640726,2014-2015Maha,2629.1521207433575
2015-06-15,2611089.0,3.8244321768640726,2014-2015Maha,2629.1521207433575
2015-06-16,2611089.0,3.8244321768640726,2014-2015Maha,2629.1521207433575
2015-06-17,2611089.0,3.8244321768640726,2014-2015Maha,2629.1521207433575
2015-06-18,2611089.0,3.8244321768640726,2014-2015Maha,2629.1521207433575
2015-06-19,2611089.0,3.8244321768640726,2014-2015Maha,2629.1521207433575
2015-06-20,2611089.0,3.8244321768640726,2014-2015Maha,2629.1521207433575
2015-06-21,2611089.0,3.8244321768640726,2014-2015Maha,2629.1521207433575
2015-06-22,2611089.0,3.8244321768640726,2014-2015Maha,2629.1521207433575
2015-06-23,2611089.0,3.8244321768640726,2014-2015Maha,2629.1521207433575
2015-06-24,2611089.0,3.8244321768640726,2014-2015Maha,2629.1521207433575
2015-06-25,2611089.0,3.8244321768640726,2014-2015Maha,2629.1521207433575
2015-06-26,2611089.0,3.8244321768640726,2014-2015Maha,2629.1521207433575
2015-06-27,2611089.0,3.8244321768640726,2014-2015Maha,2629.1521207433575
2015-06-28,2611089.0,3.8244321768640726,2014-2015Maha,2629.1521207433575
2015-06-29,2611089.0,3.8244321768640726,2014-2015Maha,2629.1521207433575
2015-06-30,2611089.0,3.8244321768640726,2014-2015Maha,2629.1521207433575
2015-07-01,2611089.0,3.8244321768640726,2014-2015Maha,2629.1521207433575
2015-07-02,2611089.0,3.8244321768640726,2014-2015Maha,2629.1521207433575
2015-07-03,2611089.0,3.8244321768640726,2014-2015Maha,2629.1521207433575
2015-07-04,2611089.0,3.8244321768640726,2014-2015Maha,2629.1521207433575
2015-07-05,2611089.0,3.8244321768640726,2014-2015Maha,2629.1521207433575
2015-07-06,2611089.0,3.8244321768640726,2014-2015Maha,2629.1521207433575
2015-07-07,2611089.0,3.8244321768640726,2014-2015Maha,2629.1521207433575
2015-07-08,2611089.0,3.8244321768640726,2014-2015Maha,2629.1521207433575
2015-07-09,2611089.0,3.8244321768640726,2014-2015Maha,2629.1521207433575
2015-07-10,2611089.0,3.8244321768640726,2014-2015Maha,2629.1521207433575
2015-07-11,2611089.0,3.8244321768640726,2014-2015Maha,2629.1521207433575
2015-07-12,2611089.0,3.8244321768640726,2014-2015Maha,2629.1521207433575
2015-07-13,2611089.0,3.8244321768640726,2014-2015Maha,2629.1521207433575
2015-07-14,2611089.0,3.8244321768640726,2014-2015Maha,2629.1521207433575
2015-07-15,2611089.0,3.8244321768640726,2014-2015Maha,2629.1521207433575
2015-07-16,2611089.0,3.8244321768640726,2014-2015Maha,2629.1521207433575
2015-07-17,2611089.0,3.8244321768640726,2014-2015Maha,2629.1521207433575
2015-07-18,2611089.0,3.8244321768640726,2014-2015Maha,2629.1521207433575
2015-07-19,2611089.0,3.8244321768640726,2014-2015Maha,2629.1521207433575
2015-07-20,2611089.0,3.8244321768640726,2014-2015Maha,2629.1521207433575
2015-07-21,2611089.0,3.8244321768640726,2014-2015Maha,2629.1521207433575
2015-07-22,2611089.0,3.8244321768640726,2014-2015Maha,2629.1521207433575
2015-07-23,2611089.0,3.8244321768640726,2014-2015Maha,2629.1521207433575
2015-07-24,2611089.0,3.8244321768640726,2014-2015Maha,2629.1521207433575
2015-07-25,2611089.0,3.8244321768640726,2014-2015Maha,2629.1521207433575
2015-07-26,2611089.0,3.8244321768640726,2014-2015Maha,2629.1521207433575
2015-07-27,2611089.0,3.8244321768640726,2014-2015Maha,2629.1521207433575
2015-07-28,2611089.0,3.8244321768640726,2014-2015Maha,2629.1521207433575
2015-07-29,2611089.0,3.8244321768640726,2014-2015Maha,2629.1521207433575
2015-07-30,2611089.0,3.8244321768640726,2014-2015Maha,2629.1521207433575
2015-07-31,2611089.0,3.8244321768640726,2014-2015Maha,2629.1521207433575
2015-08-01,2611089.0,3.8244321768640726,2014-2015Maha,2629.1521207433575
2015-08-02,2611089.0,3.8244321768640726,2014-2015Maha,2629.1521207433575
2015-08-03,2611089.0,3.8244321768640726,2014-2015Maha,2629.1521207433575
2015-08-04,2611089.0,3.8244321768640726,2014-2015Maha,2629.1521207433575
2015-08-05,2611089.0,3.8244321768640726,2014-2015Maha,2629.1521207433575
2015-08-06,2611089.0,3.8244321768640726,2014-2015Maha,2629.1521207433575
2015-08-07,2611089.0,3.8244321768640726,2014-2015Maha,2629.1521207433575
2015-08-08,2611089.0,3.8244321768640726,2014-2015Maha,2629.1521207433575
2015-08-09,2611089.0,3.8244321768640726,2014-2015Maha,2629.1521207433575
2015-08-10,2611089.0,3.8244321768640726,2014-2015Maha,2629.1521207433575
2015-08-11,2611089.0,3.8244321768640726,2014-2015Maha,2629.1521207433575
2015-08-12,2611089.0,3.8244321768640726,2014-2015Maha,2629.1521207433575
2015-08-13,2611089.0,3.8244321768640726,2014-2015Maha,2629.1521207433575
2015-08-14,2611089.0,3.8244321768640726,2014-2015Maha,2629.1521207433575
2015-08-15,2611089.0,3.8244321768640726,2014-2015Maha,2629.1521207433575
2015-08-16,2611089.0,3.8244321768640726,2014-2015Maha,2629.1521207433575
2015-08-17,2611089.0,3.8244321768640726,2014-2015Maha,2629.1521207433575
2015-08-18,2611089.0,3.8244321768640726,2014-2015Maha,2629.1521207433575
2015-08-19,2611089.0,3.8244321768640726,2014-2015Maha,2629.1521207433575
2015-08-20,2611089.0,3.8244321768640726,2014-2015Maha,2629.1521207433575
2015-08-21,2611089.0,3.8244321768640726,2014-2015Maha,2629.1521207433575
2015-08-22,2611089.0,3.8244321768640726,2014-2015Maha,2629.1521207433575
2015-08-23,2611089.0,3.8244321768640726,2014-2015Maha,2629.1521207433575
2015-08-24,2611089.0,3.8244321768640726,2014-2015Maha,2629.1521207433575
2015-08-25,2611089.0,3.8244321768640726,2014-2015Maha,2629.1521207433575
2015-08-26,2611089.0,3.8244321768640726,2014-2015Maha,2629.1521207433575
2015-08-27,2611089.0,3.8244321768640726,2014-2015Maha,2629.1521207433575
2015-08-28,2611089.0,3.8244321768640726,2014-2015Maha,2629.1521207433575
2015-08-29,2611089.0,3.8244321768640726,2014-2015Maha,2629.1521207433575
2015-08-30,2611089.0,3.8244321768640726,2014-2015Maha,2629.1521207433575
2015-08-31,2611089.0,3.8244321768640726,2014-2015Maha,2629.1521207433575
2015-09-01,1692157.0,3.9920096441024238,2015Yala,99.76165404302742
2015-09-02,1692157.0,3.9920096441024238,2015Yala,99.76165404302742
2015-09-03,1692157.0,3.9920096441024238,2015Yala,99.76165404302742
2015-09-04,1692157.0,3.9920096441024238,2015Yala,99.76165404302742
2015-09-05,1692157.0,3.9920096441024238,2015Yala,99.76165404302742
2015-09-06,1692157.0,3.9920096441024238,2015Yala,99.76165404302742
2015-09-07,1692157.0,3.9920096441024238,2015Yala,99.76165404302742
2015-09-08,1692157.0,3.9920096441024238,2015Yala,99.76165404302742
2015-09-09,1692157.0,3.9920096441024238,2015Yala,99.76165404302742
2015-09-10,1692157.0,3.9920096441024238,2015Yala,99.76165404302742
2015-09-11,1692157.0,3.9920096441024238,2015Yala,99.76165404302742
2015-09-12,1692157.0,3.9920096441024238,2015Yala,99.76165404302742
2015-09-13,1692157.0,3.9920096441024238,2015Yala,99.76165404302742
2015-09-14,1692157.0,3.9920096441024238,2015Yala,99.76165404302742
2015-09-15,1692157.0,3.9920096441024238,2015Yala,99.76165404302742
2015-09-16,1692157.0,3.9920096441024238,2015Yala,99.76165404302742
2015-09-17,1692157.0,3.9920096441024238,2015Yala,99.76165404302742
2015-09-18,1692157.0,3.9920096441024238,2015Yala,99.76165404302742
2015-09-19,1692157.0,3.9920096441024238,2015Yala,99.76165404302742
2015-09-20,1692157.0,3.9920096441024238,2015Yala,99.76165404302742
2015-09-21,1692157.0,3.9920096441024238,2015Yala,99.76165404302742
2015-09-22,1692157.0,3.9920096441024238,2015Yala,99.76165404302742
2015-09-23,1692157.0,3.9920096441024238,2015Yala,99.76165404302742
2015-09-24,1692157.0,3.9920096441024238,2015Yala,99.76165404302742
2015-09-25,1692157.0,3.9920096441024238,2015Yala,99.76165404302742
2015-09-26,1692157.0,3.9920096441024238,2015Yala,99.76165404302742
2015-09-27,1692157.0,3.9920096441024238,2015Yala,99.76165404302742
2015-09-28,1692157.0,3.9920096441024238,2015Yala,99.76165404302742
2015-09-29,1692157.0,3.9920096441024238,2015Yala,99.76165404302742
2015-09-30,1692157.0,3.9920096441024238,2015Yala,99.76165404302742
2015-10-01,1692157.0,3.9920096441024238,2015Yala,99.76165404302742
2015-10-02,1692157.0,3.9920096441024238,2015Yala,99.76165404302742
2015-10-03,1692157.0,3.9920096441024238,2015Yala,99.76165404302742
2015-10-04,1692157.0,3.9920096441024238,2015Yala,99.76165404302742
2015-10-05,1692157.0,3.9920096441024238,2015Yala,99.76165404302742
2015-10-06,1692157.0,3.9920096441024238,2015Yala,99.76165404302742
2015-10-07,1692157.0,3.9920096441024238,2015Yala,99.76165404302742
2015-10-08,1692157.0,3.9920096441024238,2015Yala,99.76165404302742
2015-10-09,1692157.0,3.9920096441024238,2015Yala,99.76165404302742
2015-10-10,1692157.0,3.9920096441024238,2015Yala,99.76165404302742
2015-10-11,1692157.0,3.9920096441024238,2015Yala,99.76165404302742
2015-10-12,1692157.0,3.9920096441024238,2015Yala,99.76165404302742
2015-10-13,1692157.0,3.9920096441024238,2015Yala,99.76165404302742
2015-10-14,1692157.0,3.9920096441024238,2015Yala,99.76165404302742
2015-10-15,1692157.0,3.9920096441024238,2015Yala,99.76165404302742
2015-10-16,1692157.0,3.9920096441024238,2015Yala,99.76165404302742
2015-10-17,1692157.0,3.9920096441024238,2015Yala,99.76165404302742
2015-10-18,1692157.0,3.9920096441024238,2015Yala,99.76165404302742
2015-10-19,1692157.0,3.9920096441024238,2015Yala,99.76165404302742
2015-10-20,1692157.0,3.9920096441024238,2015Yala,99.76165404302742
2015-10-21,1692157.0,3.9920096441024238,2015Yala,99.76165404302742
2015-10-22,1692157.0,3.9920096441024238,2015Yala,99.76165404302742
2015-10-23,1692157.0,3.9920096441024238,2015Yala,99.76165404302742
2015-10-24,1692157.0,3.9920096441024238,2015Yala,99.76165404302742
2015-10-25,1692157.0,3.9920096441024238,2015Yala,99.76165404302742
2015-10-26,1692157.0,3.9920096441024238,2015Yala,99.76165404302742
2015-10-27,1692157.0,3.9920096441024238,2015Yala,99.76165404302742
2015-10-28,1692157.0,3.9920096441024238,2015Yala,99.76165404302742
2015-10-29,1692157.0,3.9920096441024238,2015Yala,99.76165404302742
2015-10-30,1692157.0,3.9920096441024238,2015Yala,99.76165404302742
2015-10-31,1692157.0,3.9920096441024238,2015Yala,99.76165404302742
2015-11-01,1692157.0,3.9920096441024238,2015Yala,99.76165404302742
2015-11-02,1692157.0,3.9920096441024238,2015Yala,99.76165404302742
2015-11-03,1692157.0,3.9920096441024238,2015Yala,99.76165404302742
2015-11-04,1692157.0,3.9920096441024238,2015Yala,99.76165404302742
2015-11-05,1692157.0,3.9920096441024238,2015Yala,99.76165404302742
2015-11-06,1692157.0,3.9920096441024238,2015Yala,99.76165404302742
2015-11-07,1692157.0,3.9920096441024238,2015Yala,99.76165404302742
2015-11-08,1692157.0,3.9920096441024238,2015Yala,99.76165404302742
2015-11-09,1692157.0,3.9920096441024238,2015Yala,99.76165404302742
2015-11-10,1692157.0,3.9920096441024238,2015Yala,99.76165404302742
2015-11-11,1692157.0,3.9920096441024238,2015Yala,99.76165404302742
2015-11-12,1692157.0,3.9920096441024238,2015Yala,99.76165404302742
2015-11-13,1692157.0,3.9920096441024238,2015Yala,99.76165404302742
2015-11-14,1692157.0,3.9920096441024238,2015Yala,99.76165404302742
2015-11-15,1692157.0,3.9920096441024238,2015Yala,99.76165404302742
2015-11-16,1692157.0,3.9920096441024238,2015Yala,99.76165404302742
2015-11-17,1692157.0,3.9920096441024238,2015Yala,99.76165404302742
2015-11-18,1692157.0,3.9920096441024238,2015Yala,99.76165404302742
2015-11-19,1692157.0,3.9920096441024238,2015Yala,99.76165404302742
2015-11-20,1692157.0,3.9920096441024238,2015Yala,99.76165404302742
2015-11-21,1692157.0,3.9920096441024238,2015Yala,99.76165404302742
2015-11-22,1692157.0,3.9920096441024238,2015Yala,99.76165404302742
2015-11-23,1692157.0,3.9920096441024238,2015Yala,99.76165404302742
2015-11-24,1692157.0,3.9920096441024238,2015Yala,99.76165404302742
2015-11-25,1692157.0,3.9920096441024238,2015Yala,99.76165404302742
2015-11-26,1692157.0,3.9920096441024238,2015Yala,99.76165404302742
2015-11-27,1692157.0,3.9920096441024238,2015Yala,99.76165404302742
2015-11-28,1692157.0,3.9920096441024238,2015Yala,99.76165404302742
2015-11-29,1692157.0,3.9920096441024238,2015Yala,99.76165404302742
2015-11-30,1692157.0,3.9920096441024238,2015Yala,99.76165404302742
2015-12-01,1692157.0,3.9920096441024238,2015Yala,99.76165404302742
2015-12-02,1692157.0,3.9920096441024238,2015Yala,99.76165404302742
2015-12-03,1692157.0,3.9920096441024238,2015Yala,99.76165404302742
2015-12-04,1692157.0,3.9920096441024238,2015Yala,99.76165404302742
2015-12-05,1692157.0,3.9920096441024238,2015Yala,99.76165404302742
2015-12-06,1692157.0,3.9920096441024238,2015Yala,99.76165404302742
2015-12-07,1692157.0,3.9920096441024238,2015Yala,99.76165404302742
2015-12-08,1692157.0,3.9920096441024238,2015Yala,99.76165404302742
2015-12-09,1692157.0,3.9920096441024238,2015Yala,99.76165404302742
2015-12-10,1692157.0,3.9920096441024238,2015Yala,99.76165404302742
2015-12-11,1692157.0,3.9920096441024238,2015Yala,99.76165404302742
2015-12-12,1692157.0,3.9920096441024238,2015Yala,99.76165404302742
2015-12-13,1692157.0,3.9920096441024238,2015Yala,99.76165404302742
2015-12-14,1692157.0,3.9920096441024238,2015Yala,99.76165404302742
2015-12-15,1692157.0,3.9920096441024238,2015Yala,99.76165404302742
2015-12-16,1692157.0,3.9920096441024238,2015Yala,99.76165404302742
2015-12-17,1692157.0,3.9920096441024238,2015Yala,99.76165404302742
2015-12-18,1692157.0,3.9920096441024238,2015Yala,99.76165404302742
2015-12-19,1692157.0,3.9920096441024238,2015Yala,99.76165404302742
2015-12-20,1692157.0,3.9920096441024238,2015Yala,99.76165404302742
2015-12-21,1692157.0,3.9920096441024238,2015Yala,99.76165404302742
2015-12-22,1692157.0,3.9920096441024238,2015Yala,99.76165404302742
2015-12-23,1692157.0,3.9920096441024238,2015Yala,99.76165404302742
2015-12-24,1692157.0,3.9920096441024238,2015Yala,99.76165404302742
2015-12-25,1692157.0,3.9920096441024238,2015Yala,99.76165404302742
2015-12-26,1692157.0,3.9920096441024238,2015Yala,99.76165404302742
2015-12-27,1692157.0,3.9920096441024238,2015Yala,99.76165404302742
2015-12-28,1692157.0,3.9920096441024238,2015Yala,99.76165404302742
2015-12-29,1692157.0,3.9920096441024238,2015Yala,99.76165404302742
2015-12-30,1692157.0,3.9920096441024238,2015Yala,99.76165404302742
2015-12-31,1692157.0,3.9920096441024238,2015Yala,99.76165404302742
2016-01-01,1692157.0,3.9920096441024238,2015Yala,99.76165404302742
2016-01-02,1692157.0,3.9920096441024238,2015Yala,99.76165404302742
2016-01-03,1692157.0,3.9920096441024238,2015Yala,99.76165404302742
2016-01-04,1692157.0,3.9920096441024238,2015Yala,99.76165404302742
2016-01-05,1692157.0,3.9920096441024238,2015Yala,99.76165404302742
2016-01-06,1692157.0,3.9920096441024238,2015Yala,99.76165404302742
2016-01-07,1692157.0,3.9920096441024238,2015Yala,99.76165404302742
2016-01-08,1692157.0,3.9920096441024238,2015Yala,99.76165404302742
2016-01-09,1692157.0,3.9920096441024238,2015Yala,99.76165404302742
2016-01-10,1692157.0,3.9920096441024238,2015Yala,99.76165404302742
2016-01-11,1692157.0,3.9920096441024238,2015Yala,99.76165404302742
2016-01-12,1692157.0,3.9920096441024238,2015Yala,99.76165404302742
2016-01-13,1692157.0,3.9920096441024238,2015Yala,99.76165404302742
2016-01-14,1692157.0,3.9920096441024238,2015Yala,99.76165404302742
2016-01-15,1692157.0,3.9920096441024238,2015Yala,99.76165404302742
2016-01-16,1692157.0,3.9920096441024238,2015Yala,99.76165404302742
2016-01-17,1692157.0,3.9920096441024238,2015Yala,99.76165404302742
2016-01-18,1692157.0,3.9920096441024238,2015Yala,99.76165404302742
2016-01-19,1692157.0,3.9920096441024238,2015Yala,99.76165404302742
2016-01-20,1692157.0,3.9920096441024238,2015Yala,99.76165404302742
2016-01-21,1692157.0,3.9920096441024238,2015Yala,99.76165404302742
2016-01-22,1692157.0,3.9920096441024238,2015Yala,99.76165404302742
2016-01-23,1692157.0,3.9920096441024238,2015Yala,99.76165404302742
2016-01-24,1692157.0,3.9920096441024238,2015Yala,99.76165404302742
2016-01-25,1692157.0,3.9920096441024238,2015Yala,99.76165404302742
2016-01-26,1692157.0,3.9920096441024238,2015Yala,99.76165404302742
2016-01-27,1692157.0,3.9920096441024238,2015Yala,99.76165404302742
2016-01-28,1692157.0,3.9920096441024238,2015Yala,99.76165404302742
2016-01-29,1692157.0,3.9920096441024238,2015Yala,99.76165404302742
2016-01-30,1692157.0,3.9920096441024238,2015Yala,99.76165404302742
2016-01-31,1692157.0,3.9920096441024238,2015Yala,99.76165404302742
2016-02-01,1692157.0,3.9920096441024238,2015Yala,99.76165404302742
2016-02-02,1692157.0,3.9920096441024238,2015Yala,99.76165404302742
2016-02-03,1692157.0,3.9920096441024238,2015Yala,99.76165404302742
2016-02-04,1692157.0,3.9920096441024238,2015Yala,99.76165404302742
2016-02-05,1692157.0,3.9920096441024238,2015Yala,99.76165404302742
2016-02-06,1692157.0,3.9920096441024238,2015Yala,99.76165404302742
2016-02-07,1692157.0,3.9920096441024238,2015Yala,99.76165404302742
2016-02-08,1692157.0,3.9920096441024238,2015Yala,99.76165404302742
2016-02-09,1692157.0,3.9920096441024238,2015Yala,99.76165404302742
2016-02-10,1692157.0,3.9920096441024238,2015Yala,99.76165404302742
2016-02-11,1692157.0,3.9920096441024238,2015Yala,99.76165404302742
2016-02-12,1692157.0,3.9920096441024238,2015Yala,99.76165404302742
2016-02-13,1692157.0,3.9920096441024238,2015Yala,99.76165404302742
2016-02-14,1692157.0,3.9920096441024238,2015Yala,99.76165404302742
2016-02-15,1692157.0,3.9920096441024238,2015Yala,99.76165404302742
2016-02-16,1692157.0,3.9920096441024238,2015Yala,99.76165404302742
2016-02-17,1692157.0,3.9920096441024238,2015Yala,99.76165404302742
2016-02-18,1692157.0,3.9920096441024238,2015Yala,99.76165404302742
2016-02-19,1692157.0,3.9920096441024238,2015Yala,99.76165404302742
2016-02-20,1692157.0,3.9920096441024238,2015Yala,99.76165404302742
2016-02-21,1692157.0,3.9920096441024238,2015Yala,99.76165404302742
2016-02-22,1692157.0,3.9920096441024238,2015Yala,99.76165404302742
2016-02-23,1692157.0,3.9920096441024238,2015Yala,99.76165404302742
2016-02-24,1692157.0,3.9920096441024238,2015Yala,99.76165404302742
2016-02-25,1692157.0,3.9920096441024238,2015Yala,99.76165404302742
2016-02-26,1692157.0,3.9920096441024238,2015Yala,99.76165404302742
2016-02-27,1692157.0,3.9920096441024238,2015Yala,99.76165404302742
2016-02-28,1692157.0,3.9920096441024238,2015Yala,99.76165404302742
2016-02-29,1692157.0,3.9920096441024238,2015Yala,-35.19343844656386
2016-03-01,2675428.0,3.8179493399928646,2015-2016Maha,2.4640676744454026
2016-03-02,2675428.0,3.8179493399928646,2015-2016Maha,2.4640676744454026
2016-03-03,2675428.0,3.8179493399928646,2015-2016Maha,2.4640676744454026
2016-03-04,2675428.0,3.8179493399928646,2015-2016Maha,2.4640676744454026
2016-03-05,2675428.0,3.8179493399928646,2015-2016Maha,2.4640676744454026
2016-03-06,2675428.0,3.8179493399928646,2015-2016Maha,2.4640676744454026
2016-03-07,2675428.0,3.8179493399928646,2015-2016Maha,2.4640676744454026
2016-03-08,2675428.0,3.8179493399928646,2015-2016Maha,2.4640676744454026
2016-03-09,2675428.0,3.8179493399928646,2015-2016Maha,2.4640676744454026
2016-03-10,2675428.0,3.8179493399928646,2015-2016Maha,2.4640676744454026
2016-03-11,2675428.0,3.8179493399928646,2015-2016Maha,2.4640676744454026
2016-03-12,2675428.0,3.8179493399928646,2015-2016Maha,2.4640676744454026
2016-03-13,2675428.0,3.8179493399928646,2015-2016Maha,2.4640676744454026
2016-03-14,2675428.0,3.8179493399928646,2015-2016Maha,2.4640676744454026
2016-03-15,2675428.0,3.8179493399928646,2015-2016Maha,2.4640676744454026
2016-03-16,2675428.0,3.8179493399928646,2015-2016Maha,2.4640676744454026
2016-03-17,2675428.0,3.8179493399928646,2015-2016Maha,2.4640676744454026
2016-03-18,2675428.0,3.8179493399928646,2015-2016Maha,2.4640676744454026
2016-03-19,2675428.0,3.8179493399928646,2015-2016Maha,2.4640676744454026
2016-03-20,2675428.0,3.8179493399928646,2015-2016Maha,2.4640676744454026
2016-03-21,2675428.0,3.8179493399928646,2015-2016Maha,2.4640676744454026
2016-03-22,2675428.0,3.8179493399928646,2015-2016Maha,2.4640676744454026
2016-03-23,2675428.0,3.8179493399928646,2015-2016Maha,2.4640676744454026
2016-03-24,2675428.0,3.8179493399928646,2015-2016Maha,2.4640676744454026
2016-03-25,2675428.0,3.8179493399928646,2015-2016Maha,2.4640676744454026
2016-03-26,2675428.0,3.8179493399928646,2015-2016Maha,2.4640676744454026
2016-03-27,2675428.0,3.8179493399928646,2015-2016Maha,2.4640676744454026
2016-03-28,2675428.0,3.8179493399928646,2015-2016Maha,2.4640676744454026
2016-03-29,2675428.0,3.8179493399928646,2015-2016Maha,2.4640676744454026
2016-03-30,2675428.0,3.8179493399928646,2015-2016Maha,2.4640676744454026
2016-03-31,2675428.0,3.8179493399928646,2015-2016Maha,2.4640676744454026
2016-04-01,2675428.0,3.8179493399928646,2015-2016Maha,2.4640676744454026
2016-04-02,2675428.0,3.8179493399928646,2015-2016Maha,2.4640676744454026
2016-04-03,2675428.0,3.8179493399928646,2015-2016Maha,2.4640676744454026
2016-04-04,2675428.0,3.8179493399928646,2015-2016Maha,2.4640676744454026
2016-04-05,2675428.0,3.8179493399928646,2015-2016Maha,2.4640676744454026
2016-04-06,2675428.0,3.8179493399928646,2015-2016Maha,2.4640676744454026
2016-04-07,2675428.0,3.8179493399928646,2015-2016Maha,2.4640676744454026
2016-04-08,2675428.0,3.8179493399928646,2015-2016Maha,2.4640676744454026
2016-04-09,2675428.0,3.8179493399928646,2015-2016Maha,2.4640676744454026
2016-04-10,2675428.0,3.8179493399928646,2015-2016Maha,2.4640676744454026
2016-04-11,2675428.0,3.8179493399928646,2015-2016Maha,2.4640676744454026
2016-04-12,2675428.0,3.8179493399928646,2015-2016Maha,2.4640676744454026
2016-04-13,2675428.0,3.8179493399928646,2015-2016Maha,2.4640676744454026
2016-04-14,2675428.0,3.8179493399928646,2015-2016Maha,2.4640676744454026
2016-04-15,2675428.0,3.8179493399928646,2015-2016Maha,2.4640676744454026
2016-04-16,2675428.0,3.8179493399928646,2015-2016Maha,2.4640676744454026
2016-04-17,2675428.0,3.8179493399928646,2015-2016Maha,2.4640676744454026
2016-04-18,2675428.0,3.8179493399928646,2015-2016Maha,2.4640676744454026
2016-04-19,2675428.0,3.8179493399928646,2015-2016Maha,2.4640676744454026
2016-04-20,2675428.0,3.8179493399928646,2015-2016Maha,2.4640676744454026
2016-04-21,2675428.0,3.8179493399928646,2015-2016Maha,2.4640676744454026
2016-04-22,2675428.0,3.8179493399928646,2015-2016Maha,2.4640676744454026
2016-04-23,2675428.0,3.8179493399928646,2015-2016Maha,2.4640676744454026
2016-04-24,2675428.0,3.8179493399928646,2015-2016Maha,2.4640676744454026
2016-04-25,2675428.0,3.8179493399928646,2015-2016Maha,2.4640676744454026
2016-04-26,2675428.0,3.8179493399928646,2015-2016Maha,2.4640676744454026
2016-04-27,2675428.0,3.8179493399928646,2015-2016Maha,2.4640676744454026
2016-04-28,2675428.0,3.8179493399928646,2015-2016Maha,2.4640676744454026
2016-04-29,2675428.0,3.8179493399928646,2015-2016Maha,2.4640676744454026
2016-04-30,2675428.0,3.8179493399928646,2015-2016Maha,2.4640676744454026
2016-05-01,2675428.0,3.8179493399928646,2015-2016Maha,2.4640676744454026
2016-05-02,2675428.0,3.8179493399928646,2015-2016Maha,2.4640676744454026
2016-05-03,2675428.0,3.8179493399928646,2015-2016Maha,2.4640676744454026
2016-05-04,2675428.0,3.8179493399928646,2015-2016Maha,2.4640676744454026
2016-05-05,2675428.0,3.8179493399928646,2015-2016Maha,2.4640676744454026
2016-05-06,2675428.0,3.8179493399928646,2015-2016Maha,2.4640676744454026
2016-05-07,2675428.0,3.8179493399928646,2015-2016Maha,2.4640676744454026
2016-05-08,2675428.0,3.8179493399928646,2015-2016Maha,2.4640676744454026
2016-05-09,2675428.0,3.8179493399928646,2015-2016Maha,2.4640676744454026
2016-05-10,2675428.0,3.8179493399928646,2015-2016Maha,2.4640676744454026
2016-05-11,2675428.0,3.8179493399928646,2015-2016Maha,2.4640676744454026
2016-05-12,2675428.0,3.8179493399928646,2015-2016Maha,2.4640676744454026
2016-05-13,2675428.0,3.8179493399928646,2015-2016Maha,2.4640676744454026
2016-05-14,2675428.0,3.8179493399928646,2015-2016Maha,2.4640676744454026
2016-05-15,2675428.0,3.8179493399928646,2015-2016Maha,2.4640676744454026
2016-05-16,2675428.0,3.8179493399928646,2015-2016Maha,2.4640676744454026
2016-05-17,2675428.0,3.8179493399928646,2015-2016Maha,2.4640676744454026
2016-05-18,2675428.0,3.8179493399928646,2015-2016Maha,2.4640676744454026
2016-05-19,2675428.0,3.8179493399928646,2015-2016Maha,2.4640676744454026
2016-05-20,2675428.0,3.8179493399928646,2015-2016Maha,2.4640676744454026
2016-05-21,2675428.0,3.8179493399928646,2015-2016Maha,2.4640676744454026
2016-05-22,2675428.0,3.8179493399928646,2015-2016Maha,2.4640676744454026
2016-05-23,2675428.0,3.8179493399928646,2015-2016Maha,2.4640676744454026
2016-05-24,2675428.0,3.8179493399928646,2015-2016Maha,2.4640676744454026
2016-05-25,2675428.0,3.8179493399928646,2015-2016Maha,2.4640676744454026
2016-05-26,2675428.0,3.8179493399928646,2015-2016Maha,2.4640676744454026
2016-05-27,2675428.0,3.8179493399928646,2015-2016Maha,2.4640676744454026
2016-05-28,2675428.0,3.8179493399928646,2015-2016Maha,2.4640676744454026
2016-05-29,2675428.0,3.8179493399928646,2015-2016Maha,2.4640676744454026
2016-05-30,2675428.0,3.8179493399928646,2015-2016Maha,2.4640676744454026
2016-05-31,2675428.0,3.8179493399928646,2015-2016Maha,2.4640676744454026
2016-06-01,2675428.0,3.8179493399928646,2015-2016Maha,2.4640676744454026
2016-06-02,2675428.0,3.8179493399928646,2015-2016Maha,2.4640676744454026
2016-06-03,2675428.0,3.8179493399928646,2015-2016Maha,2.4640676744454026
2016-06-04,2675428.0,3.8179493399928646,2015-2016Maha,2.4640676744454026
2016-06-05,2675428.0,3.8179493399928646,2015-2016Maha,2.4640676744454026
2016-06-06,2675428.0,3.8179493399928646,2015-2016Maha,2.4640676744454026
2016-06-07,2675428.0,3.8179493399928646,2015-2016Maha,2.4640676744454026
2016-06-08,2675428.0,3.8179493399928646,2015-2016Maha,2.4640676744454026
2016-06-09,2675428.0,3.8179493399928646,2015-2016Maha,2.4640676744454026
2016-06-10,2675428.0,3.8179493399928646,2015-2016Maha,2.4640676744454026
2016-06-11,2675428.0,3.8179493399928646,2015-2016Maha,2.4640676744454026
2016-06-12,2675428.0,3.8179493399928646,2015-2016Maha,2.4640676744454026
2016-06-13,2675428.0,3.8179493399928646,2015-2016Maha,2.4640676744454026
2016-06-14,2675428.0,3.8179493399928646,2015-2016Maha,2.4640676744454026
2016-06-15,2675428.0,3.8179493399928646,2015-2016Maha,2.4640676744454026
2016-06-16,2675428.0,3.8179493399928646,2015-2016Maha,2.4640676744454026
2016-06-17,2675428.0,3.8179493399928646,2015-2016Maha,2.4640676744454026
2016-06-18,2675428.0,3.8179493399928646,2015-2016Maha,2.4640676744454026
2016-06-19,2675428.0,3.8179493399928646,2015-2016Maha,2.4640676744454026
2016-06-20,2675428.0,3.8179493399928646,2015-2016Maha,2.4640676744454026
2016-06-21,2675428.0,3.8179493399928646,2015-2016Maha,2.4640676744454026
2016-06-22,2675428.0,3.8179493399928646,2015-2016Maha,2.4640676744454026
2016-06-23,2675428.0,3.8179493399928646,2015-2016Maha,2.4640676744454026
2016-06-24,2675428.0,3.8179493399928646,2015-2016Maha,2.4640676744454026
2016-06-25,2675428.0,3.8179493399928646,2015-2016Maha,2.4640676744454026
2016-06-26,2675428.0,3.8179493399928646,2015-2016Maha,2.4640676744454026
2016-06-27,2675428.0,3.8179493399928646,2015-2016Maha,2.4640676744454026
2016-06-28,2675428.0,3.8179493399928646,2015-2016Maha,2.4640676744454026
2016-06-29,2675428.0,3.8179493399928646,2015-2016Maha,2.4640676744454026
2016-06-30,2675428.0,3.8179493399928646,2015-2016Maha,2.4640676744454026
2016-07-01,2675428.0,3.8179493399928646,2015-2016Maha,2.4640676744454026
2016-07-02,2675428.0,3.8179493399928646,2015-2016Maha,2.4640676744454026
2016-07-03,2675428.0,3.8179493399928646,2015-2016Maha,2.4640676744454026
2016-07-04,2675428.0,3.8179493399928646,2015-2016Maha,2.4640676744454026
2016-07-05,2675428.0,3.8179493399928646,2015-2016Maha,2.4640676744454026
2016-07-06,2675428.0,3.8179493399928646,2015-2016Maha,2.4640676744454026
2016-07-07,2675428.0,3.8179493399928646,2015-2016Maha,2.4640676744454026
2016-07-08,2675428.0,3.8179493399928646,2015-2016Maha,2.4640676744454026
2016-07-09,2675428.0,3.8179493399928646,2015-2016Maha,2.4640676744454026
2016-07-10,2675428.0,3.8179493399928646,2015-2016Maha,2.4640676744454026
2016-07-11,2675428.0,3.8179493399928646,2015-2016Maha,2.4640676744454026
2016-07-12,2675428.0,3.8179493399928646,2015-2016Maha,2.4640676744454026
2016-07-13,2675428.0,3.8179493399928646,2015-2016Maha,2.4640676744454026
2016-07-14,2675428.0,3.8179493399928646,2015-2016Maha,2.4640676744454026
2016-07-15,2675428.0,3.8179493399928646,2015-2016Maha,2.4640676744454026
2016-07-16,2675428.0,3.8179493399928646,2015-2016Maha,2.4640676744454026
2016-07-17,2675428.0,3.8179493399928646,2015-2016Maha,2.4640676744454026
2016-07-18,2675428.0,3.8179493399928646,2015-2016Maha,2.4640676744454026
2016-07-19,2675428.0,3.8179493399928646,2015-2016Maha,2.4640676744454026
2016-07-20,2675428.0,3.8179493399928646,2015-2016Maha,2.4640676744454026
2016-07-21,2675428.0,3.8179493399928646,2015-2016Maha,2.4640676744454026
2016-07-22,2675428.0,3.8179493399928646,2015-2016Maha,2.4640676744454026
2016-07-23,2675428.0,3.8179493399928646,2015-2016Maha,2.4640676744454026
2016-07-24,2675428.0,3.8179493399928646,2015-2016Maha,2.4640676744454026
2016-07-25,2675428.0,3.8179493399928646,2015-2016Maha,2.4640676744454026
2016-07-26,2675428.0,3.8179493399928646,2015-2016Maha,2.4640676744454026
2016-07-27,2675428.0,3.8179493399928646,2015-2016Maha,2.4640676744454026
2016-07-28,2675428.0,3.8179493399928646,2015-2016Maha,2.4640676744454026
2016-07-29,2675428.0,3.8179493399928646,2015-2016Maha,2.4640676744454026
2016-07-30,2675428.0,3.8179493399928646,2015-2016Maha,2.4640676744454026
2016-07-31,2675428.0,3.8179493399928646,2015-2016Maha,2.4640676744454026
2016-08-01,2675428.0,3.8179493399928646,2015-2016Maha,2.4640676744454026
2016-08-02,2675428.0,3.8179493399928646,2015-2016Maha,2.4640676744454026
2016-08-03,2675428.0,3.8179493399928646,2015-2016Maha,2.4640676744454026
2016-08-04,2675428.0,3.8179493399928646,2015-2016Maha,2.4640676744454026
2016-08-05,2675428.0,3.8179493399928646,2015-2016Maha,2.4640676744454026
2016-08-06,2675428.0,3.8179493399928646,2015-2016Maha,2.4640676744454026
2016-08-07,2675428.0,3.8179493399928646,2015-2016Maha,2.4640676744454026
2016-08-08,2675428.0,3.8179493399928646,2015-2016Maha,2.4640676744454026
2016-08-09,2675428.0,3.8179493399928646,2015-2016Maha,2.4640676744454026
2016-08-10,2675428.0,3.8179493399928646,2015-2016Maha,2.4640676744454026
2016-08-11,2675428.0,3.8179493399928646,2015-2016Maha,2.4640676744454026
2016-08-12,2675428.0,3.8179493399928646,2015-2016Maha,2.4640676744454026
2016-08-13,2675428.0,3.8179493399928646,2015-2016Maha,2.4640676744454026
2016-08-14,2675428.0,3.8179493399928646,2015-2016Maha,2.4640676744454026
2016-08-15,2675428.0,3.8179493399928646,2015-2016Maha,2.4640676744454026
2016-08-16,2675428.0,3.8179493399928646,2015-2016Maha,2.4640676744454026
2016-08-17,2675428.0,3.8179493399928646,2015-2016Maha,2.4640676744454026
2016-08-18,2675428.0,3.8179493399928646,2015-2016Maha,2.4640676744454026
2016-08-19,2675428.0,3.8179493399928646,2015-2016Maha,2.4640676744454026
2016-08-20,2675428.0,3.8179493399928646,2015-2016Maha,2.4640676744454026
2016-08-21,2675428.0,3.8179493399928646,2015-2016Maha,2.4640676744454026
2016-08-22,2675428.0,3.8179493399928646,2015-2016Maha,2.4640676744454026
2016-08-23,2675428.0,3.8179493399928646,2015-2016Maha,2.4640676744454026
2016-08-24,2675428.0,3.8179493399928646,2015-2016Maha,2.4640676744454026
2016-08-25,2675428.0,3.8179493399928646,2015-2016Maha,2.4640676744454026
2016-08-26,2675428.0,3.8179493399928646,2015-2016Maha,2.4640676744454026
2016-08-27,2675428.0,3.8179493399928646,2015-2016Maha,2.4640676744454026
2016-08-28,2675428.0,3.8179493399928646,2015-2016Maha,2.4640676744454026
2016-08-29,2675428.0,3.8179493399928646,2015-2016Maha,2.4640676744454026
2016-08-30,2675428.0,3.8179493399928646,2015-2016Maha,2.4640676744454026
2016-08-31,2675428.0,3.8179493399928646,2015-2016Maha,58.10755148606188
2016-09-01,2041114.0,3.7653094354380503,2016Yala,20.62202266101787
2016-09-02,2041114.0,3.7653094354380503,2016Yala,20.62202266101787
2016-09-03,2041114.0,3.7653094354380503,2016Yala,20.62202266101787
2016-09-04,2041114.0,3.7653094354380503,2016Yala,20.62202266101787
2016-09-05,2041114.0,3.7653094354380503,2016Yala,20.62202266101787
2016-09-06,2041114.0,3.7653094354380503,2016Yala,20.62202266101787
2016-09-07,2041114.0,3.7653094354380503,2016Yala,20.62202266101787
2016-09-08,2041114.0,3.7653094354380503,2016Yala,20.62202266101787
2016-09-09,2041114.0,3.7653094354380503,2016Yala,20.62202266101787
2016-09-10,2041114.0,3.7653094354380503,2016Yala,20.62202266101787
2016-09-11,2041114.0,3.7653094354380503,2016Yala,20.62202266101787
2016-09-12,2041114.0,3.7653094354380503,2016Yala,20.62202266101787
2016-09-13,2041114.0,3.7653094354380503,2016Yala,20.62202266101787
2016-09-14,2041114.0,3.7653094354380503,2016Yala,20.62202266101787
2016-09-15,2041114.0,3.7653094354380503,2016Yala,20.62202266101787
2016-09-16,2041114.0,3.7653094354380503,2016Yala,20.62202266101787
2016-09-17,2041114.0,3.7653094354380503,2016Yala,20.62202266101787
2016-09-18,2041114.0,3.7653094354380503,2016Yala,20.62202266101787
2016-09-19,2041114.0,3.7653094354380503,2016Yala,20.62202266101787
2016-09-20,2041114.0,3.7653094354380503,2016Yala,20.62202266101787
2016-09-21,2041114.0,3.7653094354380503,2016Yala,20.62202266101787
2016-09-22,2041114.0,3.7653094354380503,2016Yala,20.62202266101787
2016-09-23,2041114.0,3.7653094354380503,2016Yala,20.62202266101787
2016-09-24,2041114.0,3.7653094354380503,2016Yala,20.62202266101787
2016-09-25,2041114.0,3.7653094354380503,2016Yala,20.62202266101787
2016-09-26,2041114.0,3.7653094354380503,2016Yala,20.62202266101787
2016-09-27,2041114.0,3.7653094354380503,2016Yala,20.62202266101787
2016-09-28,2041114.0,3.7653094354380503,2016Yala,20.62202266101787
2016-09-29,2041114.0,3.7653094354380503,2016Yala,20.62202266101787
2016-09-30,2041114.0,3.7653094354380503,2016Yala,20.62202266101787
2016-10-01,2041114.0,3.7653094354380503,2016Yala,20.62202266101787
2016-10-02,2041114.0,3.7653094354380503,2016Yala,20.62202266101787
2016-10-03,2041114.0,3.7653094354380503,2016Yala,20.62202266101787
2016-10-04,2041114.0,3.7653094354380503,2016Yala,20.62202266101787
2016-10-05,2041114.0,3.7653094354380503,2016Yala,20.62202266101787
2016-10-06,2041114.0,3.7653094354380503,2016Yala,20.62202266101787
2016-10-07,2041114.0,3.7653094354380503,2016Yala,20.62202266101787
2016-10-08,2041114.0,3.7653094354380503,2016Yala,20.62202266101787
2016-10-09,2041114.0,3.7653094354380503,2016Yala,20.62202266101787
2016-10-10,2041114.0,3.7653094354380503,2016Yala,20.62202266101787
2016-10-11,2041114.0,3.7653094354380503,2016Yala,20.62202266101787
2016-10-12,2041114.0,3.7653094354380503,2016Yala,20.62202266101787
2016-10-13,2041114.0,3.7653094354380503,2016Yala,20.62202266101787
2016-10-14,2041114.0,3.7653094354380503,2016Yala,20.62202266101787
2016-10-15,2041114.0,3.7653094354380503,2016Yala,20.62202266101787
2016-10-16,2041114.0,3.7653094354380503,2016Yala,20.62202266101787
2016-10-17,2041114.0,3.7653094354380503,2016Yala,20.62202266101787
2016-10-18,2041114.0,3.7653094354380503,2016Yala,20.62202266101787
2016-10-19,2041114.0,3.7653094354380503,2016Yala,20.62202266101787
2016-10-20,2041114.0,3.7653094354380503,2016Yala,20.62202266101787
2016-10-21,2041114.0,3.7653094354380503,2016Yala,20.62202266101787
2016-10-22,2041114.0,3.7653094354380503,2016Yala,20.62202266101787
2016-10-23,2041114.0,3.7653094354380503,2016Yala,20.62202266101787
2016-10-24,2041114.0,3.7653094354380503,2016Yala,20.62202266101787
2016-10-25,2041114.0,3.7653094354380503,2016Yala,20.62202266101787
2016-10-26,2041114.0,3.7653094354380503,2016Yala,20.62202266101787
2016-10-27,2041114.0,3.7653094354380503,2016Yala,20.62202266101787
2016-10-28,2041114.0,3.7653094354380503,2016Yala,20.62202266101787
2016-10-29,2041114.0,3.7653094354380503,2016Yala,20.62202266101787
2016-10-30,2041114.0,3.7653094354380503,2016Yala,20.62202266101787
2016-10-31,2041114.0,3.7653094354380503,2016Yala,20.62202266101787
2016-11-01,2041114.0,3.7653094354380503,2016Yala,20.62202266101787
2016-11-02,2041114.0,3.7653094354380503,2016Yala,20.62202266101787
2016-11-03,2041114.0,3.7653094354380503,2016Yala,20.62202266101787
2016-11-04,2041114.0,3.7653094354380503,2016Yala,20.62202266101787
2016-11-05,2041114.0,3.7653094354380503,2016Yala,20.62202266101787
2016-11-06,2041114.0,3.7653094354380503,2016Yala,20.62202266101787
2016-11-07,2041114.0,3.7653094354380503,2016Yala,20.62202266101787
2016-11-08,2041114.0,3.7653094354380503,2016Yala,20.62202266101787
2016-11-09,2041114.0,3.7653094354380503,2016Yala,20.62202266101787
2016-11-10,2041114.0,3.7653094354380503,2016Yala,20.62202266101787
2016-11-11,2041114.0,3.7653094354380503,2016Yala,20.62202266101787
2016-11-12,2041114.0,3.7653094354380503,2016Yala,20.62202266101787
2016-11-13,2041114.0,3.7653094354380503,2016Yala,20.62202266101787
2016-11-14,2041114.0,3.7653094354380503,2016Yala,20.62202266101787
2016-11-15,2041114.0,3.7653094354380503,2016Yala,20.62202266101787
2016-11-16,2041114.0,3.7653094354380503,2016Yala,20.62202266101787
2016-11-17,2041114.0,3.7653094354380503,2016Yala,20.62202266101787
2016-11-18,2041114.0,3.7653094354380503,2016Yala,20.62202266101787
2016-11-19,2041114.0,3.7653094354380503,2016Yala,20.62202266101787
2016-11-20,2041114.0,3.7653094354380503,2016Yala,20.62202266101787
2016-11-21,2041114.0,3.7653094354380503,2016Yala,20.62202266101787
2016-11-22,2041114.0,3.7653094354380503,2016Yala,20.62202266101787
2016-11-23,2041114.0,3.7653094354380503,2016Yala,20.62202266101787
2016-11-24,2041114.0,3.7653094354380503,2016Yala,20.62202266101787
2016-11-25,2041114.0,3.7653094354380503,2016Yala,20.62202266101787
2016-11-26,2041114.0,3.7653094354380503,2016Yala,20.62202266101787
2016-11-27,2041114.0,3.7653094354380503,2016Yala,20.62202266101787
2016-11-28,2041114.0,3.7653094354380503,2016Yala,20.62202266101787
2016-11-29,2041114.0,3.7653094354380503,2016Yala,20.62202266101787
2016-11-30,2041114.0,3.7653094354380503,2016Yala,20.62202266101787
2016-12-01,2041114.0,3.7653094354380503,2016Yala,20.62202266101787
2016-12-02,2041114.0,3.7653094354380503,2016Yala,20.62202266101787
2016-12-03,2041114.0,3.7653094354380503,2016Yala,20.62202266101787
2016-12-04,2041114.0,3.7653094354380503,2016Yala,20.62202266101787
2016-12-05,2041114.0,3.7653094354380503,2016Yala,20.62202266101787
2016-12-06,2041114.0,3.7653094354380503,2016Yala,20.62202266101787
2016-12-07,2041114.0,3.7653094354380503,2016Yala,20.62202266101787
2016-12-08,2041114.0,3.7653094354380503,2016Yala,20.62202266101787
2016-12-09,2041114.0,3.7653094354380503,2016Yala,20.62202266101787
2016-12-10,2041114.0,3.7653094354380503,2016Yala,20.62202266101787
2016-12-11,2041114.0,3.7653094354380503,2016Yala,20.62202266101787
2016-12-12,2041114.0,3.7653094354380503,2016Yala,20.62202266101787
2016-12-13,2041114.0,3.7653094354380503,2016Yala,20.62202266101787
2016-12-14,2041114.0,3.7653094354380503,2016Yala,20.62202266101787
2016-12-15,2041114.0,3.7653094354380503,2016Yala,20.62202266101787
2016-12-16,2041114.0,3.7653094354380503,2016Yala,20.62202266101787
2016-12-17,2041114.0,3.7653094354380503,2016Yala,20.62202266101787
2016-12-18,2041114.0,3.7653094354380503,2016Yala,20.62202266101787
2016-12-19,2041114.0,3.7653094354380503,2016Yala,20.62202266101787
2016-12-20,2041114.0,3.7653094354380503,2016Yala,20.62202266101787
2016-12-21,2041114.0,3.7653094354380503,2016Yala,20.62202266101787
2016-12-22,2041114.0,3.7653094354380503,2016Yala,20.62202266101787
2016-12-23,2041114.0,3.7653094354380503,2016Yala,20.62202266101787
2016-12-24,2041114.0,3.7653094354380503,2016Yala,20.62202266101787
2016-12-25,2041114.0,3.7653094354380503,2016Yala,20.62202266101787
2016-12-26,2041114.0,3.7653094354380503,2016Yala,20.62202266101787
2016-12-27,2041114.0,3.7653094354380503,2016Yala,20.62202266101787
2016-12-28,2041114.0,3.7653094354380503,2016Yala,20.62202266101787
2016-12-29,2041114.0,3.7653094354380503,2016Yala,20.62202266101787
2016-12-30,2041114.0,3.7653094354380503,2016Yala,20.62202266101787
2016-12-31,2041114.0,3.7653094354380503,2016Yala,20.62202266101787
2017-01-01,2041114.0,3.7653094354380503,2016Yala,20.62202266101787
2017-01-02,2041114.0,3.7653094354380503,2016Yala,20.62202266101787
2017-01-03,2041114.0,3.7653094354380503,2016Yala,20.62202266101787
2017-01-04,2041114.0,3.7653094354380503,2016Yala,20.62202266101787
2017-01-05,2041114.0,3.7653094354380503,2016Yala,20.62202266101787
2017-01-06,2041114.0,3.7653094354380503,2016Yala,20.62202266101787
2017-01-07,2041114.0,3.7653094354380503,2016Yala,20.62202266101787
2017-01-08,2041114.0,3.7653094354380503,2016Yala,20.62202266101787
2017-01-09,2041114.0,3.7653094354380503,2016Yala,20.62202266101787
2017-01-10,2041114.0,3.7653094354380503,2016Yala,20.62202266101787
2017-01-11,2041114.0,3.7653094354380503,2016Yala,20.62202266101787
2017-01-12,2041114.0,3.7653094354380503,2016Yala,20.62202266101787
2017-01-13,2041114.0,3.7653094354380503,2016Yala,20.62202266101787
2017-01-14,2041114.0,3.7653094354380503,2016Yala,20.62202266101787
2017-01-15,2041114.0,3.7653094354380503,2016Yala,20.62202266101787
2017-01-16,2041114.0,3.7653094354380503,2016Yala,20.62202266101787
2017-01-17,2041114.0,3.7653094354380503,2016Yala,20.62202266101787
2017-01-18,2041114.0,3.7653094354380503,2016Yala,20.62202266101787
2017-01-19,2041114.0,3.7653094354380503,2016Yala,20.62202266101787
2017-01-20,2041114.0,3.7653094354380503,2016Yala,20.62202266101787
2017-01-21,2041114.0,3.7653094354380503,2016Yala,20.62202266101787
2017-01-22,2041114.0,3.7653094354380503,2016Yala,20.62202266101787
2017-01-23,2041114.0,3.7653094354380503,2016Yala,20.62202266101787
2017-01-24,2041114.0,3.7653094354380503,2016Yala,20.62202266101787
2017-01-25,2041114.0,3.7653094354380503,2016Yala,20.62202266101787
2017-01-26,2041114.0,3.7653094354380503,2016Yala,20.62202266101787
2017-01-27,2041114.0,3.7653094354380503,2016Yala,20.62202266101787
2017-01-28,2041114.0,3.7653094354380503,2016Yala,20.62202266101787
2017-01-29,2041114.0,3.7653094354380503,2016Yala,20.62202266101787
2017-01-30,2041114.0,3.7653094354380503,2016Yala,20.62202266101787
2017-01-31,2041114.0,3.7653094354380503,2016Yala,20.62202266101787
2017-02-01,2041114.0,3.7653094354380503,2016Yala,20.62202266101787
2017-02-02,2041114.0,3.7653094354380503,2016Yala,20.62202266101787
2017-02-03,2041114.0,3.7653094354380503,2016Yala,20.62202266101787
2017-02-04,2041114.0,3.7653094354380503,2016Yala,20.62202266101787
2017-02-05,2041114.0,3.7653094354380503,2016Yala,20.62202266101787
2017-02-06,2041114.0,3.7653094354380503,2016Yala,20.62202266101787
2017-02-07,2041114.0,3.7653094354380503,2016Yala,20.62202266101787
2017-02-08,2041114.0,3.7653094354380503,2016Yala,20.62202266101787
2017-02-09,2041114.0,3.7653094354380503,2016Yala,20.62202266101787
2017-02-10,2041114.0,3.7653094354380503,2016Yala,20.62202266101787
2017-02-11,2041114.0,3.7653094354380503,2016Yala,20.62202266101787
2017-02-12,2041114.0,3.7653094354380503,2016Yala,20.62202266101787
2017-02-13,2041114.0,3.7653094354380503,2016Yala,20.62202266101787
2017-02-14,2041114.0,3.7653094354380503,2016Yala,20.62202266101787
2017-02-15,2041114.0,3.7653094354380503,2016Yala,20.62202266101787
2017-02-16,2041114.0,3.7653094354380503,2016Yala,20.62202266101787
2017-02-17,2041114.0,3.7653094354380503,2016Yala,20.62202266101787
2017-02-18,2041114.0,3.7653094354380503,2016Yala,20.62202266101787
2017-02-19,2041114.0,3.7653094354380503,2016Yala,20.62202266101787
2017-02-20,2041114.0,3.7653094354380503,2016Yala,20.62202266101787
2017-02-21,2041114.0,3.7653094354380503,2016Yala,20.62202266101787
2017-02-22,2041114.0,3.7653094354380503,2016Yala,20.62202266101787
2017-02-23,2041114.0,3.7653094354380503,2016Yala,20.62202266101787
2017-02-24,2041114.0,3.7653094354380503,2016Yala,20.62202266101787
2017-02-25,2041114.0,3.7653094354380503,2016Yala,20.62202266101787
2017-02-26,2041114.0,3.7653094354380503,2016Yala,20.62202266101787
2017-02-27,2041114.0,3.7653094354380503,2016Yala,20.62202266101787
2017-02-28,2041114.0,3.7653094354380503,2016Yala,20.62202266101787
2017-03-01,1700894.0,3.5006750693592603,2016-2017Maha,-36.42534951417119
2017-03-02,1700894.0,3.5006750693592603,2016-2017Maha,-36.42534951417119
2017-03-03,1700894.0,3.5006750693592603,2016-2017Maha,-36.42534951417119
2017-03-04,1700894.0,3.5006750693592603,2016-2017Maha,-36.42534951417119
2017-03-05,1700894.0,3.5006750693592603,2016-2017Maha,-36.42534951417119
2017-03-06,1700894.0,3.5006750693592603,2016-2017Maha,-36.42534951417119
2017-03-07,1700894.0,3.5006750693592603,2016-2017Maha,-36.42534951417119
2017-03-08,1700894.0,3.5006750693592603,2016-2017Maha,-36.42534951417119
2017-03-09,1700894.0,3.5006750693592603,2016-2017Maha,-36.42534951417119
2017-03-10,1700894.0,3.5006750693592603,2016-2017Maha,-36.42534951417119
2017-03-11,1700894.0,3.5006750693592603,2016-2017Maha,-36.42534951417119
2017-03-12,1700894.0,3.5006750693592603,2016-2017Maha,-36.42534951417119
2017-03-13,1700894.0,3.5006750693592603,2016-2017Maha,-36.42534951417119
2017-03-14,1700894.0,3.5006750693592603,2016-2017Maha,-36.42534951417119
2017-03-15,1700894.0,3.5006750693592603,2016-2017Maha,-36.42534951417119
2017-03-16,1700894.0,3.5006750693592603,2016-2017Maha,-36.42534951417119
2017-03-17,1700894.0,3.5006750693592603,2016-2017Maha,-36.42534951417119
2017-03-18,1700894.0,3.5006750693592603,2016-2017Maha,-36.42534951417119
2017-03-19,1700894.0,3.5006750693592603,2016-2017Maha,-36.42534951417119
2017-03-20,1700894.0,3.5006750693592603,2016-2017Maha,-36.42534951417119
2017-03-21,1700894.0,3.5006750693592603,2016-2017Maha,-36.42534951417119
2017-03-22,1700894.0,3.5006750693592603,2016-2017Maha,-36.42534951417119
2017-03-23,1700894.0,3.5006750693592603,2016-2017Maha,-36.42534951417119
2017-03-24,1700894.0,3.5006750693592603,2016-2017Maha,-36.42534951417119
2017-03-25,1700894.0,3.5006750693592603,2016-2017Maha,-36.42534951417119
2017-03-26,1700894.0,3.5006750693592603,2016-2017Maha,-36.42534951417119
2017-03-27,1700894.0,3.5006750693592603,2016-2017Maha,-36.42534951417119
2017-03-28,1700894.0,3.5006750693592603,2016-2017Maha,-36.42534951417119
2017-03-29,1700894.0,3.5006750693592603,2016-2017Maha,-36.42534951417119
2017-03-30,1700894.0,3.5006750693592603,2016-2017Maha,-36.42534951417119
2017-03-31,1700894.0,3.5006750693592603,2016-2017Maha,-36.42534951417119
2017-04-01,1700894.0,3.5006750693592603,2016-2017Maha,-36.42534951417119
2017-04-02,1700894.0,3.5006750693592603,2016-2017Maha,-36.42534951417119
2017-04-03,1700894.0,3.5006750693592603,2016-2017Maha,-36.42534951417119
2017-04-04,1700894.0,3.5006750693592603,2016-2017Maha,-36.42534951417119
2017-04-05,1700894.0,3.5006750693592603,2016-2017Maha,-36.42534951417119
2017-04-06,1700894.0,3.5006750693592603,2016-2017Maha,-36.42534951417119
2017-04-07,1700894.0,3.5006750693592603,2016-2017Maha,-36.42534951417119
2017-04-08,1700894.0,3.5006750693592603,2016-2017Maha,-36.42534951417119
2017-04-09,1700894.0,3.5006750693592603,2016-2017Maha,-36.42534951417119
2017-04-10,1700894.0,3.5006750693592603,2016-2017Maha,-36.42534951417119
2017-04-11,1700894.0,3.5006750693592603,2016-2017Maha,-36.42534951417119
2017-04-12,1700894.0,3.5006750693592603,2016-2017Maha,-36.42534951417119
2017-04-13,1700894.0,3.5006750693592603,2016-2017Maha,-36.42534951417119
2017-04-14,1700894.0,3.5006750693592603,2016-2017Maha,-36.42534951417119
2017-04-15,1700894.0,3.5006750693592603,2016-2017Maha,-36.42534951417119
2017-04-16,1700894.0,3.5006750693592603,2016-2017Maha,-36.42534951417119
2017-04-17,1700894.0,3.5006750693592603,2016-2017Maha,-36.42534951417119
2017-04-18,1700894.0,3.5006750693592603,2016-2017Maha,-36.42534951417119
2017-04-19,1700894.0,3.5006750693592603,2016-2017Maha,-36.42534951417119
2017-04-20,1700894.0,3.5006750693592603,2016-2017Maha,-36.42534951417119
2017-04-21,1700894.0,3.5006750693592603,2016-2017Maha,-36.42534951417119
2017-04-22,1700894.0,3.5006750693592603,2016-2017Maha,-36.42534951417119
2017-04-23,1700894.0,3.5006750693592603,2016-2017Maha,-36.42534951417119
2017-04-24,1700894.0,3.5006750693592603,2016-2017Maha,-36.42534951417119
2017-04-25,1700894.0,3.5006750693592603,2016-2017Maha,-36.42534951417119
2017-04-26,1700894.0,3.5006750693592603,2016-2017Maha,-36.42534951417119
2017-04-27,1700894.0,3.5006750693592603,2016-2017Maha,-36.42534951417119
2017-04-28,1700894.0,3.5006750693592603,2016-2017Maha,-36.42534951417119
2017-04-29,1700894.0,3.5006750693592603,2016-2017Maha,-36.42534951417119
2017-04-30,1700894.0,3.5006750693592603,2016-2017Maha,-36.42534951417119
2017-05-01,1700894.0,3.5006750693592603,2016-2017Maha,-36.42534951417119
2017-05-02,1700894.0,3.5006750693592603,2016-2017Maha,-36.42534951417119
2017-05-03,1700894.0,3.5006750693592603,2016-2017Maha,-36.42534951417119
2017-05-04,1700894.0,3.5006750693592603,2016-2017Maha,-36.42534951417119
2017-05-05,1700894.0,3.5006750693592603,2016-2017Maha,-36.42534951417119
2017-05-06,1700894.0,3.5006750693592603,2016-2017Maha,-36.42534951417119
2017-05-07,1700894.0,3.5006750693592603,2016-2017Maha,-36.42534951417119
2017-05-08,1700894.0,3.5006750693592603,2016-2017Maha,-36.42534951417119
2017-05-09,1700894.0,3.5006750693592603,2016-2017Maha,-36.42534951417119
2017-05-10,1700894.0,3.5006750693592603,2016-2017Maha,-36.42534951417119
2017-05-11,1700894.0,3.5006750693592603,2016-2017Maha,-36.42534951417119
2017-05-12,1700894.0,3.5006750693592603,2016-2017Maha,-36.42534951417119
2017-05-13,1700894.0,3.5006750693592603,2016-2017Maha,-36.42534951417119
2017-05-14,1700894.0,3.5006750693592603,2016-2017Maha,-36.42534951417119
2017-05-15,1700894.0,3.5006750693592603,2016-2017Maha,-36.42534951417119
2017-05-16,1700894.0,3.5006750693592603,2016-2017Maha,-36.42534951417119
2017-05-17,1700894.0,3.5006750693592603,2016-2017Maha,-36.42534951417119
2017-05-18,1700894.0,3.5006750693592603,2016-2017Maha,-36.42534951417119
2017-05-19,1700894.0,3.5006750693592603,2016-2017Maha,-36.42534951417119
2017-05-20,1700894.0,3.5006750693592603,2016-2017Maha,-36.42534951417119
2017-05-21,1700894.0,3.5006750693592603,2016-2017Maha,-36.42534951417119
2017-05-22,1700894.0,3.5006750693592603,2016-2017Maha,-36.42534951417119
2017-05-23,1700894.0,3.5006750693592603,2016-2017Maha,-36.42534951417119
2017-05-24,1700894.0,3.5006750693592603,2016-2017Maha,-36.42534951417119
2017-05-25,1700894.0,3.5006750693592603,2016-2017Maha,-36.42534951417119
2017-05-26,1700894.0,3.5006750693592603,2016-2017Maha,-36.42534951417119
2017-05-27,1700894.0,3.5006750693592603,2016-2017Maha,-36.42534951417119
2017-05-28,1700894.0,3.5006750693592603,2016-2017Maha,-36.42534951417119
2017-05-29,1700894.0,3.5006750693592603,2016-2017Maha,-36.42534951417119
2017-05-30,1700894.0,3.5006750693592603,2016-2017Maha,-36.42534951417119
2017-05-31,1700894.0,3.5006750693592603,2016-2017Maha,-36.42534951417119
2017-06-01,1700894.0,3.5006750693592603,2016-2017Maha,-36.42534951417119
2017-06-02,1700894.0,3.5006750693592603,2016-2017Maha,-36.42534951417119
2017-06-03,1700894.0,3.5006750693592603,2016-2017Maha,-36.42534951417119
2017-06-04,1700894.0,3.5006750693592603,2016-2017Maha,-36.42534951417119
2017-06-05,1700894.0,3.5006750693592603,2016-2017Maha,-36.42534951417119
2017-06-06,1700894.0,3.5006750693592603,2016-2017Maha,-36.42534951417119
2017-06-07,1700894.0,3.5006750693592603,2016-2017Maha,-36.42534951417119
2017-06-08,1700894.0,3.5006750693592603,2016-2017Maha,-36.42534951417119
2017-06-09,1700894.0,3.5006750693592603,2016-2017Maha,-36.42534951417119
2017-06-10,1700894.0,3.5006750693592603,2016-2017Maha,-36.42534951417119
2017-06-11,1700894.0,3.5006750693592603,2016-2017Maha,-36.42534951417119
2017-06-12,1700894.0,3.5006750693592603,2016-2017Maha,-36.42534951417119
2017-06-13,1700894.0,3.5006750693592603,2016-2017Maha,-36.42534951417119
2017-06-14,1700894.0,3.5006750693592603,2016-2017Maha,-36.42534951417119
2017-06-15,1700894.0,3.5006750693592603,2016-2017Maha,-36.42534951417119
2017-06-16,1700894.0,3.5006750693592603,2016-2017Maha,-36.42534951417119
2017-06-17,1700894.0,3.5006750693592603,2016-2017Maha,-36.42534951417119
2017-06-18,1700894.0,3.5006750693592603,2016-2017Maha,-36.42534951417119
2017-06-19,1700894.0,3.5006750693592603,2016-2017Maha,-36.42534951417119
2017-06-20,1700894.0,3.5006750693592603,2016-2017Maha,-36.42534951417119
2017-06-21,1700894.0,3.5006750693592603,2016-2017Maha,-36.42534951417119
2017-06-22,1700894.0,3.5006750693592603,2016-2017Maha,-36.42534951417119
2017-06-23,1700894.0,3.5006750693592603,2016-2017Maha,-36.42534951417119
2017-06-24,1700894.0,3.5006750693592603,2016-2017Maha,-36.42534951417119
2017-06-25,1700894.0,3.5006750693592603,2016-2017Maha,-36.42534951417119
2017-06-26,1700894.0,3.5006750693592603,2016-2017Maha,-36.42534951417119
2017-06-27,1700894.0,3.5006750693592603,2016-2017Maha,-36.42534951417119
2017-06-28,1700894.0,3.5006750693592603,2016-2017Maha,-36.42534951417119
2017-06-29,1700894.0,3.5006750693592603,2016-2017Maha,-36.42534951417119
2017-06-30,1700894.0,3.5006750693592603,2016-2017Maha,-36.42534951417119
2017-07-01,1700894.0,3.5006750693592603,2016-2017Maha,-36.42534951417119
2017-07-02,1700894.0,3.5006750693592603,2016-2017Maha,-36.42534951417119
2017-07-03,1700894.0,3.5006750693592603,2016-2017Maha,-36.42534951417119
2017-07-04,1700894.0,3.5006750693592603,2016-2017Maha,-36.42534951417119
2017-07-05,1700894.0,3.5006750693592603,2016-2017Maha,-36.42534951417119
2017-07-06,1700894.0,3.5006750693592603,2016-2017Maha,-36.42534951417119
2017-07-07,1700894.0,3.5006750693592603,2016-2017Maha,-36.42534951417119
2017-07-08,1700894.0,3.5006750693592603,2016-2017Maha,-36.42534951417119
2017-07-09,1700894.0,3.5006750693592603,2016-2017Maha,-36.42534951417119
2017-07-10,1700894.0,3.5006750693592603,2016-2017Maha,-36.42534951417119
2017-07-11,1700894.0,3.5006750693592603,2016-2017Maha,-36.42534951417119
2017-07-12,1700894.0,3.5006750693592603,2016-2017Maha,-36.42534951417119
2017-07-13,1700894.0,3.5006750693592603,2016-2017Maha,-36.42534951417119
2017-07-14,1700894.0,3.5006750693592603,2016-2017Maha,-36.42534951417119
2017-07-15,1700894.0,3.5006750693592603,2016-2017Maha,-36.42534951417119
2017-07-16,1700894.0,3.5006750693592603,2016-2017Maha,-36.42534951417119
2017-07-17,1700894.0,3.5006750693592603,2016-2017Maha,-36.42534951417119
2017-07-18,1700894.0,3.5006750693592603,2016-2017Maha,-36.42534951417119
2017-07-19,1700894.0,3.5006750693592603,2016-2017Maha,-36.42534951417119
2017-07-20,1700894.0,3.5006750693592603,2016-2017Maha,-36.42534951417119
2017-07-21,1700894.0,3.5006750693592603,2016-2017Maha,-36.42534951417119
2017-07-22,1700894.0,3.5006750693592603,2016-2017Maha,-36.42534951417119
2017-07-23,1700894.0,3.5006750693592603,2016-2017Maha,-36.42534951417119
2017-07-24,1700894.0,3.5006750693592603,2016-2017Maha,-36.42534951417119
2017-07-25,1700894.0,3.5006750693592603,2016-2017Maha,-36.42534951417119
2017-07-26,1700894.0,3.5006750693592603,2016-2017Maha,-36.42534951417119
2017-07-27,1700894.0,3.5006750693592603,2016-2017Maha,-36.42534951417119
2017-07-28,1700894.0,3.5006750693592603,2016-2017Maha,-36.42534951417119
2017-07-29,1700894.0,3.5006750693592603,2016-2017Maha,-36.42534951417119
2017-07-30,1700894.0,3.5006750693592603,2016-2017Maha,-36.42534951417119
2017-07-31,1700894.0,3.5006750693592603,2016-2017Maha,-36.42534951417119
2017-08-01,1700894.0,3.5006750693592603,2016-2017Maha,-36.42534951417119
2017-08-02,1700894.0,3.5006750693592603,2016-2017Maha,-36.42534951417119
2017-08-03,1700894.0,3.5006750693592603,2016-2017Maha,-36.42534951417119
2017-08-04,1700894.0,3.5006750693592603,2016-2017Maha,-36.42534951417119
2017-08-05,1700894.0,3.5006750693592603,2016-2017Maha,-36.42534951417119
2017-08-06,1700894.0,3.5006750693592603,2016-2017Maha,-36.42534951417119
2017-08-07,1700894.0,3.5006750693592603,2016-2017Maha,-36.42534951417119
2017-08-08,1700894.0,3.5006750693592603,2016-2017Maha,-36.42534951417119
2017-08-09,1700894.0,3.5006750693592603,2016-2017Maha,-36.42534951417119
2017-08-10,1700894.0,3.5006750693592603,2016-2017Maha,-36.42534951417119
2017-08-11,1700894.0,3.5006750693592603,2016-2017Maha,-36.42534951417119
2017-08-12,1700894.0,3.5006750693592603,2016-2017Maha,-36.42534951417119
2017-08-13,1700894.0,3.5006750693592603,2016-2017Maha,-36.42534951417119
2017-08-14,1700894.0,3.5006750693592603,2016-2017Maha,-36.42534951417119
2017-08-15,1700894.0,3.5006750693592603,2016-2017Maha,-36.42534951417119
2017-08-16,1700894.0,3.5006750693592603,2016-2017Maha,-36.42534951417119
2017-08-17,1700894.0,3.5006750693592603,2016-2017Maha,-36.42534951417119
2017-08-18,1700894.0,3.5006750693592603,2016-2017Maha,-36.42534951417119
2017-08-19,1700894.0,3.5006750693592603,2016-2017Maha,-36.42534951417119
2017-08-20,1700894.0,3.5006750693592603,2016-2017Maha,-36.42534951417119
2017-08-21,1700894.0,3.5006750693592603,2016-2017Maha,-36.42534951417119
2017-08-22,1700894.0,3.5006750693592603,2016-2017Maha,-36.42534951417119
2017-08-23,1700894.0,3.5006750693592603,2016-2017Maha,-36.42534951417119
2017-08-24,1700894.0,3.5006750693592603,2016-2017Maha,-36.42534951417119
2017-08-25,1700894.0,3.5006750693592603,2016-2017Maha,-36.42534951417119
2017-08-26,1700894.0,3.5006750693592603,2016-2017Maha,-36.42534951417119
2017-08-27,1700894.0,3.5006750693592603,2016-2017Maha,-36.42534951417119
2017-08-28,1700894.0,3.5006750693592603,2016-2017Maha,-36.42534951417119
2017-08-29,1700894.0,3.5006750693592603,2016-2017Maha,-36.42534951417119
2017-08-30,1700894.0,3.5006750693592603,2016-2017Maha,-36.42534951417119
2017-08-31,1700894.0,3.5006750693592603,2016-2017Maha,-36.42534951417119
2017-09-01,1567528.0,3.8092840375016404,2017Yala,-23.202329708188763
2017-09-02,1567528.0,3.8092840375016404,2017Yala,-23.202329708188763
2017-09-03,1567528.0,3.8092840375016404,2017Yala,-23.202329708188763
2017-09-04,1567528.0,3.8092840375016404,2017Yala,-23.202329708188763
2017-09-05,1567528.0,3.8092840375016404,2017Yala,-23.202329708188763
2017-09-06,1567528.0,3.8092840375016404,2017Yala,-23.202329708188763
2017-09-07,1567528.0,3.8092840375016404,2017Yala,-23.202329708188763
2017-09-08,1567528.0,3.8092840375016404,2017Yala,-23.202329708188763
2017-09-09,1567528.0,3.8092840375016404,2017Yala,-23.202329708188763
2017-09-10,1567528.0,3.8092840375016404,2017Yala,-23.202329708188763
2017-09-11,1567528.0,3.8092840375016404,2017Yala,-23.202329708188763
2017-09-12,1567528.0,3.8092840375016404,2017Yala,-23.202329708188763
2017-09-13,1567528.0,3.8092840375016404,2017Yala,-23.202329708188763
2017-09-14,1567528.0,3.8092840375016404,2017Yala,-23.202329708188763
2017-09-15,1567528.0,3.8092840375016404,2017Yala,-23.202329708188763
2017-09-16,1567528.0,3.8092840375016404,2017Yala,-23.202329708188763
2017-09-17,1567528.0,3.8092840375016404,2017Yala,-23.202329708188763
2017-09-18,1567528.0,3.8092840375016404,2017Yala,-23.202329708188763
2017-09-19,1567528.0,3.8092840375016404,2017Yala,-23.202329708188763
2017-09-20,1567528.0,3.8092840375016404,2017Yala,-23.202329708188763
2017-09-21,1567528.0,3.8092840375016404,2017Yala,-23.202329708188763
2017-09-22,1567528.0,3.8092840375016404,2017Yala,-23.202329708188763
2017-09-23,1567528.0,3.8092840375016404,2017Yala,-23.202329708188763
2017-09-24,1567528.0,3.8092840375016404,2017Yala,-23.202329708188763
2017-09-25,1567528.0,3.8092840375016404,2017Yala,-23.202329708188763
2017-09-26,1567528.0,3.8092840375016404,2017Yala,-23.202329708188763
2017-09-27,1567528.0,3.8092840375016404,2017Yala,-23.202329708188763
2017-09-28,1567528.0,3.8092840375016404,2017Yala,-23.202329708188763
2017-09-29,1567528.0,3.8092840375016404,2017Yala,-23.202329708188763
2017-09-30,1567528.0,3.8092840375016404,2017Yala,-23.202329708188763
2017-10-01,1567528.0,3.8092840375016404,2017Yala,-23.202329708188763
2017-10-02,1567528.0,3.8092840375016404,2017Yala,-23.202329708188763
2017-10-03,1567528.0,3.8092840375016404,2017Yala,-23.202329708188763
2017-10-04,1567528.0,3.8092840375016404,2017Yala,-23.202329708188763
2017-10-05,1567528.0,3.8092840375016404,2017Yala,-23.202329708188763
2017-10-06,1567528.0,3.8092840375016404,2017Yala,-23.202329708188763
2017-10-07,1567528.0,3.8092840375016404,2017Yala,-23.202329708188763
2017-10-08,1567528.0,3.8092840375016404,2017Yala,-23.202329708188763
2017-10-09,1567528.0,3.8092840375016404,2017Yala,-23.202329708188763
2017-10-10,1567528.0,3.8092840375016404,2017Yala,-23.202329708188763
2017-10-11,1567528.0,3.8092840375016404,2017Yala,-23.202329708188763
2017-10-12,1567528.0,3.8092840375016404,2017Yala,-23.202329708188763
2017-10-13,1567528.0,3.8092840375016404,2017Yala,-23.202329708188763
2017-10-14,1567528.0,3.8092840375016404,2017Yala,-23.202329708188763
2017-10-15,1567528.0,3.8092840375016404,2017Yala,-23.202329708188763
2017-10-16,1567528.0,3.8092840375016404,2017Yala,-23.202329708188763
2017-10-17,1567528.0,3.8092840375016404,2017Yala,-23.202329708188763
2017-10-18,1567528.0,3.8092840375016404,2017Yala,-23.202329708188763
2017-10-19,1567528.0,3.8092840375016404,2017Yala,-23.202329708188763
2017-10-20,1567528.0,3.8092840375016404,2017Yala,-23.202329708188763
2017-10-21,1567528.0,3.8092840375016404,2017Yala,-23.202329708188763
2017-10-22,1567528.0,3.8092840375016404,2017Yala,-23.202329708188763
2017-10-23,1567528.0,3.8092840375016404,2017Yala,-23.202329708188763
2017-10-24,1567528.0,3.8092840375016404,2017Yala,-23.202329708188763
2017-10-25,1567528.0,3.8092840375016404,2017Yala,-23.202329708188763
2017-10-26,1567528.0,3.8092840375016404,2017Yala,-23.202329708188763
2017-10-27,1567528.0,3.8092840375016404,2017Yala,-23.202329708188763
2017-10-28,1567528.0,3.8092840375016404,2017Yala,-23.202329708188763
2017-10-29,1567528.0,3.8092840375016404,2017Yala,-23.202329708188763
2017-10-30,1567528.0,3.8092840375016404,2017Yala,-23.202329708188763
2017-10-31,1567528.0,3.8092840375016404,2017Yala,-23.202329708188763
2017-11-01,1567528.0,3.8092840375016404,2017Yala,-23.202329708188763
2017-11-02,1567528.0,3.8092840375016404,2017Yala,-23.202329708188763
2017-11-03,1567528.0,3.8092840375016404,2017Yala,-23.202329708188763
2017-11-04,1567528.0,3.8092840375016404,2017Yala,-23.202329708188763
2017-11-05,1567528.0,3.8092840375016404,2017Yala,-23.202329708188763
2017-11-06,1567528.0,3.8092840375016404,2017Yala,-23.202329708188763
2017-11-07,1567528.0,3.8092840375016404,2017Yala,-23.202329708188763
2017-11-08,1567528.0,3.8092840375016404,2017Yala,-23.202329708188763
2017-11-09,1567528.0,3.8092840375016404,2017Yala,-23.202329708188763
2017-11-10,1567528.0,3.8092840375016404,2017Yala,-23.202329708188763
2017-11-11,1567528.0,3.8092840375016404,2017Yala,-23.202329708188763
2017-11-12,1567528.0,3.8092840375016404,2017Yala,-23.202329708188763
2017-11-13,1567528.0,3.8092840375016404,2017Yala,-23.202329708188763
2017-11-14,1567528.0,3.8092840375016404,2017Yala,-23.202329708188763
2017-11-15,1567528.0,3.8092840375016404,2017Yala,-23.202329708188763
2017-11-16,1567528.0,3.8092840375016404,2017Yala,-23.202329708188763
2017-11-17,1567528.0,3.8092840375016404,2017Yala,-23.202329708188763
2017-11-18,1567528.0,3.8092840375016404,2017Yala,-23.202329708188763
2017-11-19,1567528.0,3.8092840375016404,2017Yala,-23.202329708188763
2017-11-20,1567528.0,3.8092840375016404,2017Yala,-23.202329708188763
2017-11-21,1567528.0,3.8092840375016404,2017Yala,-23.202329708188763
2017-11-22,1567528.0,3.8092840375016404,2017Yala,-23.202329708188763
2017-11-23,1567528.0,3.8092840375016404,2017Yala,-23.202329708188763
2017-11-24,1567528.0,3.8092840375016404,2017Yala,-23.202329708188763
2017-11-25,1567528.0,3.8092840375016404,2017Yala,-23.202329708188763
2017-11-26,1567528.0,3.8092840375016404,2017Yala,-23.202329708188763
2017-11-27,1567528.0,3.8092840375016404,2017Yala,-23.202329708188763
2017-11-28,1567528.0,3.8092840375016404,2017Yala,-23.202329708188763
2017-11-29,1567528.0,3.8092840375016404,2017Yala,-23.202329708188763
2017-11-30,1567528.0,3.8092840375016404,2017Yala,-23.202329708188763
2017-12-01,1567528.0,3.8092840375016404,2017Yala,-23.202329708188763
2017-12-02,1567528.0,3.8092840375016404,2017Yala,-23.202329708188763
2017-12-03,1567528.0,3.8092840375016404,2017Yala,-23.202329708188763
2017-12-04,1567528.0,3.8092840375016404,2017Yala,-23.202329708188763
2017-12-05,1567528.0,3.8092840375016404,2017Yala,-23.202329708188763
2017-12-06,1567528.0,3.8092840375016404,2017Yala,-23.202329708188763
2017-12-07,1567528.0,3.8092840375016404,2017Yala,-23.202329708188763
2017-12-08,1567528.0,3.8092840375016404,2017Yala,-23.202329708188763
2017-12-09,1567528.0,3.8092840375016404,2017Yala,-23.202329708188763
2017-12-10,1567528.0,3.8092840375016404,2017Yala,-23.202329708188763
2017-12-11,1567528.0,3.8092840375016404,2017Yala,-23.202329708188763
2017-12-12,1567528.0,3.8092840375016404,2017Yala,-23.202329708188763
2017-12-13,1567528.0,3.8092840375016404,2017Yala,-23.202329708188763
2017-12-14,1567528.0,3.8092840375016404,2017Yala,-23.202329708188763
2017-12-15,1567528.0,3.8092840375016404,2017Yala,-23.202329708188763
2017-12-16,1567528.0,3.8092840375016404,2017Yala,-23.202329708188763
2017-12-17,1567528.0,3.8092840375016404,2017Yala,-23.202329708188763
2017-12-18,1567528.0,3.8092840375016404,2017Yala,-23.202329708188763
2017-12-19,1567528.0,3.8092840375016404,2017Yala,-23.202329708188763
2017-12-20,1567528.0,3.8092840375016404,2017Yala,-23.202329708188763
2017-12-21,1567528.0,3.8092840375016404,2017Yala,-23.202329708188763
2017-12-22,1567528.0,3.8092840375016404,2017Yala,-23.202329708188763
2017-12-23,1567528.0,3.8092840375016404,2017Yala,-23.202329708188763
2017-12-24,1567528.0,3.8092840375016404,2017Yala,-23.202329708188763
2017-12-25,1567528.0,3.8092840375016404,2017Yala,-23.202329708188763
2017-12-26,1567528.0,3.8092840375016404,2017Yala,-23.202329708188763
2017-12-27,1567528.0,3.8092840375016404,2017Yala,-23.202329708188763
2017-12-28,1567528.0,3.8092840375016404,2017Yala,-23.202329708188763
2017-12-29,1567528.0,3.8092840375016404,2017Yala,-23.202329708188763
2017-12-30,1567528.0,3.8092840375016404,2017Yala,-23.202329708188763
2017-12-31,1567528.0,3.8092840375016404,2017Yala,-23.202329708188763
2018-01-01,1567528.0,3.8092840375016404,2017Yala,-23.202329708188763
2018-01-02,1567528.0,3.8092840375016404,2017Yala,-23.202329708188763
2018-01-03,1567528.0,3.8092840375016404,2017Yala,-23.202329708188763
2018-01-04,1567528.0,3.8092840375016404,2017Yala,-23.202329708188763
2018-01-05,1567528.0,3.8092840375016404,2017Yala,-23.202329708188763
2018-01-06,1567528.0,3.8092840375016404,2017Yala,-23.202329708188763
2018-01-07,1567528.0,3.8092840375016404,2017Yala,-23.202329708188763
2018-01-08,1567528.0,3.8092840375016404,2017Yala,-23.202329708188763
2018-01-09,1567528.0,3.8092840375016404,2017Yala,-23.202329708188763
2018-01-10,1567528.0,3.8092840375016404,2017Yala,-23.202329708188763
2018-01-11,1567528.0,3.8092840375016404,2017Yala,-23.202329708188763
2018-01-12,1567528.0,3.8092840375016404,2017Yala,-23.202329708188763
2018-01-13,1567528.0,3.8092840375016404,2017Yala,-23.202329708188763
2018-01-14,1567528.0,3.8092840375016404,2017Yala,-23.202329708188763
2018-01-15,1567528.0,3.8092840375016404,2017Yala,-23.202329708188763
2018-01-16,1567528.0,3.8092840375016404,2017Yala,-23.202329708188763
2018-01-17,1567528.0,3.8092840375016404,2017Yala,-23.202329708188763
2018-01-18,1567528.0,3.8092840375016404,2017Yala,-23.202329708188763
2018-01-19,1567528.0,3.8092840375016404,2017Yala,-23.202329708188763
2018-01-20,1567528.0,3.8092840375016404,2017Yala,-23.202329708188763
2018-01-21,1567528.0,3.8092840375016404,2017Yala,-23.202329708188763
2018-01-22,1567528.0,3.8092840375016404,2017Yala,-23.202329708188763
2018-01-23,1567528.0,3.8092840375016404,2017Yala,-23.202329708188763
2018-01-24,1567528.0,3.8092840375016404,2017Yala,-23.202329708188763
2018-01-25,1567528.0,3.8092840375016404,2017Yala,-23.202329708188763
2018-01-26,1567528.0,3.8092840375016404,2017Yala,-23.202329708188763
2018-01-27,1567528.0,3.8092840375016404,2017Yala,-23.202329708188763
2018-01-28,1567528.0,3.8092840375016404,2017Yala,-23.202329708188763
2018-01-29,1567528.0,3.8092840375016404,2017Yala,-23.202329708188763
2018-01-30,1567528.0,3.8092840375016404,2017Yala,-23.202329708188763
2018-01-31,1567528.0,3.8092840375016404,2017Yala,-23.202329708188763
2018-02-01,1567528.0,3.8092840375016404,2017Yala,-23.202329708188763
2018-02-02,1567528.0,3.8092840375016404,2017Yala,-23.202329708188763
2018-02-03,1567528.0,3.8092840375016404,2017Yala,-23.202329708188763
2018-02-04,1567528.0,3.8092840375016404,2017Yala,-23.202329708188763
2018-02-05,1567528.0,3.8092840375016404,2017Yala,-23.202329708188763
2018-02-06,1567528.0,3.8092840375016404,2017Yala,-23.202329708188763
2018-02-07,1567528.0,3.8092840375016404,2017Yala,-23.202329708188763
2018-02-08,1567528.0,3.8092840375016404,2017Yala,-23.202329708188763
2018-02-09,1567528.0,3.8092840375016404,2017Yala,-23.202329708188763
2018-02-10,1567528.0,3.8092840375016404,2017Yala,-23.202329708188763
2018-02-11,1567528.0,3.8092840375016404,2017Yala,-23.202329708188763
2018-02-12,1567528.0,3.8092840375016404,2017Yala,-23.202329708188763
2018-02-13,1567528.0,3.8092840375016404,2017Yala,-23.202329708188763
2018-02-14,1567528.0,3.8092840375016404,2017Yala,-23.202329708188763
2018-02-15,1567528.0,3.8092840375016404,2017Yala,-23.202329708188763
2018-02-16,1567528.0,3.8092840375016404,2017Yala,-23.202329708188763
2018-02-17,1567528.0,3.8092840375016404,2017Yala,-23.202329708188763
2018-02-18,1567528.0,3.8092840375016404,2017Yala,-23.202329708188763
2018-02-19,1567528.0,3.8092840375016404,2017Yala,-23.202329708188763
2018-02-20,1567528.0,3.8092840375016404,2017Yala,-23.202329708188763
2018-02-21,1567528.0,3.8092840375016404,2017Yala,-23.202329708188763
2018-02-22,1567528.0,3.8092840375016404,2017Yala,-23.202329708188763
2018-02-23,1567528.0,3.8092840375016404,2017Yala,-23.202329708188763
2018-02-24,1567528.0,3.8092840375016404,2017Yala,-23.202329708188763
2018-02-25,1567528.0,3.8092840375016404,2017Yala,-23.202329708188763
2018-02-26,1567528.0,3.8092840375016404,2017Yala,-23.202329708188763
2018-02-27,1567528.0,3.8092840375016404,2017Yala,-23.202329708188763
2018-02-28,1567528.0,3.8092840375016404,2017Yala,-23.202329708188763
2018-03-01,4431688.0,3.822094503454961,2017-2018Maha,160.55051049624493
2018-03-02,4431688.0,3.822094503454961,2017-2018Maha,160.55051049624493
2018-03-03,4431688.0,3.822094503454961,2017-2018Maha,160.55051049624493
2018-03-04,4431688.0,3.822094503454961,2017-2018Maha,160.55051049624493
2018-03-05,4431688.0,3.822094503454961,2017-2018Maha,160.55051049624493
2018-03-06,4431688.0,3.822094503454961,2017-2018Maha,160.55051049624493
2018-03-07,4431688.0,3.822094503454961,2017-2018Maha,160.55051049624493
2018-03-08,4431688.0,3.822094503454961,2017-2018Maha,160.55051049624493
2018-03-09,4431688.0,3.822094503454961,2017-2018Maha,160.55051049624493
2018-03-10,4431688.0,3.822094503454961,2017-2018Maha,160.55051049624493
2018-03-11,4431688.0,3.822094503454961,2017-2018Maha,160.55051049624493
2018-03-12,4431688.0,3.822094503454961,2017-2018Maha,160.55051049624493
2018-03-13,4431688.0,3.822094503454961,2017-2018Maha,160.55051049624493
2018-03-14,4431688.0,3.822094503454961,2017-2018Maha,160.55051049624493
2018-03-15,4431688.0,3.822094503454961,2017-2018Maha,160.55051049624493
2018-03-16,4431688.0,3.822094503454961,2017-2018Maha,160.55051049624493
2018-03-17,4431688.0,3.822094503454961,2017-2018Maha,160.55051049624493
2018-03-18,4431688.0,3.822094503454961,2017-2018Maha,160.55051049624493
2018-03-19,4431688.0,3.822094503454961,2017-2018Maha,160.55051049624493
2018-03-20,4431688.0,3.822094503454961,2017-2018Maha,160.55051049624493
2018-03-21,4431688.0,3.822094503454961,2017-2018Maha,160.55051049624493
2018-03-22,4431688.0,3.822094503454961,2017-2018Maha,160.55051049624493
2018-03-23,4431688.0,3.822094503454961,2017-2018Maha,160.55051049624493
2018-03-24,4431688.0,3.822094503454961,2017-2018Maha,160.55051049624493
2018-03-25,4431688.0,3.822094503454961,2017-2018Maha,160.55051049624493
2018-03-26,4431688.0,3.822094503454961,2017-2018Maha,160.55051049624493
2018-03-27,4431688.0,3.822094503454961,2017-2018Maha,160.55051049624493
2018-03-28,4431688.0,3.822094503454961,2017-2018Maha,160.55051049624493
2018-03-29,4431688.0,3.822094503454961,2017-2018Maha,160.55051049624493
2018-03-30,4431688.0,3.822094503454961,2017-2018Maha,160.55051049624493
2018-03-31,4431688.0,3.822094503454961,2017-2018Maha,160.55051049624493
2018-04-01,4431688.0,3.822094503454961,2017-2018Maha,160.55051049624493
2018-04-02,4431688.0,3.822094503454961,2017-2018Maha,160.55051049624493
2018-04-03,4431688.0,3.822094503454961,2017-2018Maha,160.55051049624493
2018-04-04,4431688.0,3.822094503454961,2017-2018Maha,160.55051049624493
2018-04-05,4431688.0,3.822094503454961,2017-2018Maha,160.55051049624493
2018-04-06,4431688.0,3.822094503454961,2017-2018Maha,160.55051049624493
2018-04-07,4431688.0,3.822094503454961,2017-2018Maha,160.55051049624493
2018-04-08,4431688.0,3.822094503454961,2017-2018Maha,160.55051049624493
2018-04-09,4431688.0,3.822094503454961,2017-2018Maha,160.55051049624493
2018-04-10,4431688.0,3.822094503454961,2017-2018Maha,160.55051049624493
2018-04-11,4431688.0,3.822094503454961,2017-2018Maha,160.55051049624493
2018-04-12,4431688.0,3.822094503454961,2017-2018Maha,160.55051049624493
2018-04-13,4431688.0,3.822094503454961,2017-2018Maha,160.55051049624493
2018-04-14,4431688.0,3.822094503454961,2017-2018Maha,160.55051049624493
2018-04-15,4431688.0,3.822094503454961,2017-2018Maha,160.55051049624493
2018-04-16,4431688.0,3.822094503454961,2017-2018Maha,160.55051049624493
2018-04-17,4431688.0,3.822094503454961,2017-2018Maha,160.55051049624493
2018-04-18,4431688.0,3.822094503454961,2017-2018Maha,160.55051049624493
2018-04-19,4431688.0,3.822094503454961,2017-2018Maha,160.55051049624493
2018-04-20,4431688.0,3.822094503454961,2017-2018Maha,160.55051049624493
2018-04-21,4431688.0,3.822094503454961,2017-2018Maha,160.55051049624493
2018-04-22,4431688.0,3.822094503454961,2017-2018Maha,160.55051049624493
2018-04-23,4431688.0,3.822094503454961,2017-2018Maha,160.55051049624493
2018-04-24,4431688.0,3.822094503454961,2017-2018Maha,160.55051049624493
2018-04-25,4431688.0,3.822094503454961,2017-2018Maha,160.55051049624493
2018-04-26,4431688.0,3.822094503454961,2017-2018Maha,160.55051049624493
2018-04-27,4431688.0,3.822094503454961,2017-2018Maha,160.55051049624493
2018-04-28,4431688.0,3.822094503454961,2017-2018Maha,160.55051049624493
2018-04-29,4431688.0,3.822094503454961,2017-2018Maha,160.55051049624493
2018-04-30,4431688.0,3.822094503454961,2017-2018Maha,160.55051049624493
2018-05-01,4431688.0,3.822094503454961,2017-2018Maha,160.55051049624493
2018-05-02,4431688.0,3.822094503454961,2017-2018Maha,160.55051049624493
2018-05-03,4431688.0,3.822094503454961,2017-2018Maha,160.55051049624493
2018-05-04,4431688.0,3.822094503454961,2017-2018Maha,160.55051049624493
2018-05-05,4431688.0,3.822094503454961,2017-2018Maha,160.55051049624493
2018-05-06,4431688.0,3.822094503454961,2017-2018Maha,160.55051049624493
2018-05-07,4431688.0,3.822094503454961,2017-2018Maha,160.55051049624493
2018-05-08,4431688.0,3.822094503454961,2017-2018Maha,160.55051049624493
2018-05-09,4431688.0,3.822094503454961,2017-2018Maha,160.55051049624493
2018-05-10,4431688.0,3.822094503454961,2017-2018Maha,160.55051049624493
2018-05-11,4431688.0,3.822094503454961,2017-2018Maha,160.55051049624493
2018-05-12,4431688.0,3.822094503454961,2017-2018Maha,160.55051049624493
2018-05-13,4431688.0,3.822094503454961,2017-2018Maha,160.55051049624493
2018-05-14,4431688.0,3.822094503454961,2017-2018Maha,160.55051049624493
2018-05-15,4431688.0,3.822094503454961,2017-2018Maha,160.55051049624493
2018-05-16,4431688.0,3.822094503454961,2017-2018Maha,160.55051049624493
2018-05-17,4431688.0,3.822094503454961,2017-2018Maha,160.55051049624493
2018-05-18,4431688.0,3.822094503454961,2017-2018Maha,160.55051049624493
2018-05-19,4431688.0,3.822094503454961,2017-2018Maha,160.55051049624493
2018-05-20,4431688.0,3.822094503454961,2017-2018Maha,160.55051049624493
2018-05-21,4431688.0,3.822094503454961,2017-2018Maha,160.55051049624493
2018-05-22,4431688.0,3.822094503454961,2017-2018Maha,160.55051049624493
2018-05-23,4431688.0,3.822094503454961,2017-2018Maha,160.55051049624493
2018-05-24,4431688.0,3.822094503454961,2017-2018Maha,160.55051049624493
2018-05-25,4431688.0,3.822094503454961,2017-2018Maha,160.55051049624493
2018-05-26,4431688.0,3.822094503454961,2017-2018Maha,160.55051049624493
2018-05-27,4431688.0,3.822094503454961,2017-2018Maha,160.55051049624493
2018-05-28,4431688.0,3.822094503454961,2017-2018Maha,160.55051049624493
2018-05-29,4431688.0,3.822094503454961,2017-2018Maha,160.55051049624493
2018-05-30,4431688.0,3.822094503454961,2017-2018Maha,160.55051049624493
2018-05-31,4431688.0,3.822094503454961,2017-2018Maha,160.55051049624493
2018-06-01,4431688.0,3.822094503454961,2017-2018Maha,160.55051049624493
2018-06-02,4431688.0,3.822094503454961,2017-2018Maha,160.55051049624493
2018-06-03,4431688.0,3.822094503454961,2017-2018Maha,160.55051049624493
2018-06-04,4431688.0,3.822094503454961,2017-2018Maha,160.55051049624493
2018-06-05,4431688.0,3.822094503454961,2017-2018Maha,160.55051049624493
2018-06-06,4431688.0,3.822094503454961,2017-2018Maha,160.55051049624493
2018-06-07,4431688.0,3.822094503454961,2017-2018Maha,160.55051049624493
2018-06-08,4431688.0,3.822094503454961,2017-2018Maha,160.55051049624493
2018-06-09,4431688.0,3.822094503454961,2017-2018Maha,160.55051049624493
2018-06-10,4431688.0,3.822094503454961,2017-2018Maha,160.55051049624493
2018-06-11,4431688.0,3.822094503454961,2017-2018Maha,160.55051049624493
2018-06-12,4431688.0,3.822094503454961,2017-2018Maha,160.55051049624493
2018-06-13,4431688.0,3.822094503454961,2017-2018Maha,160.55051049624493
2018-06-14,4431688.0,3.822094503454961,2017-2018Maha,160.55051049624493
2018-06-15,4431688.0,3.822094503454961,2017-2018Maha,160.55051049624493
2018-06-16,4431688.0,3.822094503454961,2017-2018Maha,160.55051049624493
2018-06-17,4431688.0,3.822094503454961,2017-2018Maha,160.55051049624493
2018-06-18,4431688.0,3.822094503454961,2017-2018Maha,160.55051049624493
2018-06-19,4431688.0,3.822094503454961,2017-2018Maha,160.55051049624493
2018-06-20,4431688.0,3.822094503454961,2017-2018Maha,160.55051049624493
2018-06-21,4431688.0,3.822094503454961,2017-2018Maha,160.55051049624493
2018-06-22,4431688.0,3.822094503454961,2017-2018Maha,160.55051049624493
2018-06-23,4431688.0,3.822094503454961,2017-2018Maha,160.55051049624493
2018-06-24,4431688.0,3.822094503454961,2017-2018Maha,160.55051049624493
2018-06-25,4431688.0,3.822094503454961,2017-2018Maha,160.55051049624493
2018-06-26,4431688.0,3.822094503454961,2017-2018Maha,160.55051049624493
2018-06-27,4431688.0,3.822094503454961,2017-2018Maha,160.55051049624493
2018-06-28,4431688.0,3.822094503454961,2017-2018Maha,160.55051049624493
2018-06-29,4431688.0,3.822094503454961,2017-2018Maha,160.55051049624493
2018-06-30,4431688.0,3.822094503454961,2017-2018Maha,160.55051049624493
2018-07-01,4431688.0,3.822094503454961,2017-2018Maha,160.55051049624493
2018-07-02,4431688.0,3.822094503454961,2017-2018Maha,160.55051049624493
2018-07-03,4431688.0,3.822094503454961,2017-2018Maha,160.55051049624493
2018-07-04,4431688.0,3.822094503454961,2017-2018Maha,160.55051049624493
2018-07-05,4431688.0,3.822094503454961,2017-2018Maha,160.55051049624493
2018-07-06,4431688.0,3.822094503454961,2017-2018Maha,160.55051049624493
2018-07-07,4431688.0,3.822094503454961,2017-2018Maha,160.55051049624493
2018-07-08,4431688.0,3.822094503454961,2017-2018Maha,160.55051049624493
2018-07-09,4431688.0,3.822094503454961,2017-2018Maha,160.55051049624493
2018-07-10,4431688.0,3.822094503454961,2017-2018Maha,160.55051049624493
2018-07-11,4431688.0,3.822094503454961,2017-2018Maha,160.55051049624493
2018-07-12,4431688.0,3.822094503454961,2017-2018Maha,160.55051049624493
2018-07-13,4431688.0,3.822094503454961,2017-2018Maha,160.55051049624493
2018-07-14,4431688.0,3.822094503454961,2017-2018Maha,160.55051049624493
2018-07-15,4431688.0,3.822094503454961,2017-2018Maha,160.55051049624493
2018-07-16,4431688.0,3.822094503454961,2017-2018Maha,160.55051049624493
2018-07-17,4431688.0,3.822094503454961,2017-2018Maha,160.55051049624493
2018-07-18,4431688.0,3.822094503454961,2017-2018Maha,160.55051049624493
2018-07-19,4431688.0,3.822094503454961,2017-2018Maha,160.55051049624493
2018-07-20,4431688.0,3.822094503454961,2017-2018Maha,160.55051049624493
2018-07-21,4431688.0,3.822094503454961,2017-2018Maha,160.55051049624493
2018-07-22,4431688.0,3.822094503454961,2017-2018Maha,160.55051049624493
2018-07-23,4431688.0,3.822094503454961,2017-2018Maha,160.55051049624493
2018-07-24,4431688.0,3.822094503454961,2017-2018Maha,160.55051049624493
2018-07-25,4431688.0,3.822094503454961,2017-2018Maha,160.55051049624493
2018-07-26,4431688.0,3.822094503454961,2017-2018Maha,160.55051049624493
2018-07-27,4431688.0,3.822094503454961,2017-2018Maha,160.55051049624493
2018-07-28,4431688.0,3.822094503454961,2017-2018Maha,160.55051049624493
2018-07-29,4431688.0,3.822094503454961,2017-2018Maha,160.55051049624493
2018-07-30,4431688.0,3.822094503454961,2017-2018Maha,160.55051049624493
2018-07-31,4431688.0,3.822094503454961,2017-2018Maha,160.55051049624493
2018-08-01,4431688.0,3.822094503454961,2017-2018Maha,160.55051049624493
2018-08-02,4431688.0,3.822094503454961,2017-2018Maha,160.55051049624493
2018-08-03,4431688.0,3.822094503454961,2017-2018Maha,160.55051049624493
2018-08-04,4431688.0,3.822094503454961,2017-2018Maha,160.55051049624493
2018-08-05,4431688.0,3.822094503454961,2017-2018Maha,160.55051049624493
2018-08-06,4431688.0,3.822094503454961,2017-2018Maha,160.55051049624493
2018-08-07,4431688.0,3.822094503454961,2017-2018Maha,160.55051049624493
2018-08-08,4431688.0,3.822094503454961,2017-2018Maha,160.55051049624493
2018-08-09,4431688.0,3.822094503454961,2017-2018Maha,160.55051049624493
2018-08-10,4431688.0,3.822094503454961,2017-2018Maha,160.55051049624493
2018-08-11,4431688.0,3.822094503454961,2017-2018Maha,160.55051049624493
2018-08-12,4431688.0,3.822094503454961,2017-2018Maha,160.55051049624493
2018-08-13,4431688.0,3.822094503454961,2017-2018Maha,160.55051049624493
2018-08-14,4431688.0,3.822094503454961,2017-2018Maha,160.55051049624493
2018-08-15,4431688.0,3.822094503454961,2017-2018Maha,160.55051049624493
2018-08-16,4431688.0,3.822094503454961,2017-2018Maha,160.55051049624493
2018-08-17,4431688.0,3.822094503454961,2017-2018Maha,160.55051049624493
2018-08-18,4431688.0,3.822094503454961,2017-2018Maha,160.55051049624493
2018-08-19,4431688.0,3.822094503454961,2017-2018Maha,160.55051049624493
2018-08-20,4431688.0,3.822094503454961,2017-2018Maha,160.55051049624493
2018-08-21,4431688.0,3.822094503454961,2017-2018Maha,160.55051049624493
2018-08-22,4431688.0,3.822094503454961,2017-2018Maha,160.55051049624493
2018-08-23,4431688.0,3.822094503454961,2017-2018Maha,160.55051049624493
2018-08-24,4431688.0,3.822094503454961,2017-2018Maha,160.55051049624493
2018-08-25,4431688.0,3.822094503454961,2017-2018Maha,160.55051049624493
2018-08-26,4431688.0,3.822094503454961,2017-2018Maha,160.55051049624493
2018-08-27,4431688.0,3.822094503454961,2017-2018Maha,160.55051049624493
2018-08-28,4431688.0,3.822094503454961,2017-2018Maha,160.55051049624493
2018-08-29,4431688.0,3.822094503454961,2017-2018Maha,160.55051049624493
2018-08-30,4431688.0,3.822094503454961,2017-2018Maha,160.55051049624493
2018-08-31,4431688.0,3.822094503454961,2017-2018Maha,160.55051049624493
2018-09-01,2707558.0,4.12860854767583,2018Yala,72.72788747633217
2018-09-02,2707558.0,4.12860854767583,2018Yala,72.72788747633217
2018-09-03,2707558.0,4.12860854767583,2018Yala,72.72788747633217
2018-09-04,2707558.0,4.12860854767583,2018Yala,72.72788747633217
2018-09-05,2707558.0,4.12860854767583,2018Yala,72.72788747633217
2018-09-06,2707558.0,4.12860854767583,2018Yala,72.72788747633217
2018-09-07,2707558.0,4.12860854767583,2018Yala,72.72788747633217
2018-09-08,2707558.0,4.12860854767583,2018Yala,72.72788747633217
2018-09-09,2707558.0,4.12860854767583,2018Yala,72.72788747633217
2018-09-10,2707558.0,4.12860854767583,2018Yala,72.72788747633217
2018-09-11,2707558.0,4.12860854767583,2018Yala,72.72788747633217
2018-09-12,2707558.0,4.12860854767583,2018Yala,72.72788747633217
2018-09-13,2707558.0,4.12860854767583,2018Yala,72.72788747633217
2018-09-14,2707558.0,4.12860854767583,2018Yala,72.72788747633217
2018-09-15,2707558.0,4.12860854767583,2018Yala,72.72788747633217
2018-09-16,2707558.0,4.12860854767583,2018Yala,72.72788747633217
2018-09-17,2707558.0,4.12860854767583,2018Yala,72.72788747633217
2018-09-18,2707558.0,4.12860854767583,2018Yala,72.72788747633217
2018-09-19,2707558.0,4.12860854767583,2018Yala,72.72788747633217
2018-09-20,2707558.0,4.12860854767583,2018Yala,72.72788747633217
2018-09-21,2707558.0,4.12860854767583,2018Yala,72.72788747633217
2018-09-22,2707558.0,4.12860854767583,2018Yala,72.72788747633217
2018-09-23,2707558.0,4.12860854767583,2018Yala,72.72788747633217
2018-09-24,2707558.0,4.12860854767583,2018Yala,72.72788747633217
2018-09-25,2707558.0,4.12860854767583,2018Yala,72.72788747633217
2018-09-26,2707558.0,4.12860854767583,2018Yala,72.72788747633217
2018-09-27,2707558.0,4.12860854767583,2018Yala,72.72788747633217
2018-09-28,2707558.0,4.12860854767583,2018Yala,72.72788747633217
2018-09-29,2707558.0,4.12860854767583,2018Yala,72.72788747633217
2018-09-30,2707558.0,4.12860854767583,2018Yala,72.72788747633217
2018-10-01,2707558.0,4.12860854767583,2018Yala,72.72788747633217
2018-10-02,2707558.0,4.12860854767583,2018Yala,72.72788747633217
2018-10-03,2707558.0,4.12860854767583,2018Yala,72.72788747633217
2018-10-04,2707558.0,4.12860854767583,2018Yala,72.72788747633217
2018-10-05,2707558.0,4.12860854767583,2018Yala,72.72788747633217
2018-10-06,2707558.0,4.12860854767583,2018Yala,72.72788747633217
2018-10-07,2707558.0,4.12860854767583,2018Yala,72.72788747633217
2018-10-08,2707558.0,4.12860854767583,2018Yala,72.72788747633217
2018-10-09,2707558.0,4.12860854767583,2018Yala,72.72788747633217
2018-10-10,2707558.0,4.12860854767583,2018Yala,72.72788747633217
2018-10-11,2707558.0,4.12860854767583,2018Yala,72.72788747633217
2018-10-12,2707558.0,4.12860854767583,2018Yala,72.72788747633217
2018-10-13,2707558.0,4.12860854767583,2018Yala,72.72788747633217
2018-10-14,2707558.0,4.12860854767583,2018Yala,72.72788747633217
2018-10-15,2707558.0,4.12860854767583,2018Yala,72.72788747633217
2018-10-16,2707558.0,4.12860854767583,2018Yala,72.72788747633217
2018-10-17,2707558.0,4.12860854767583,2018Yala,72.72788747633217
2018-10-18,2707558.0,4.12860854767583,2018Yala,72.72788747633217
2018-10-19,2707558.0,4.12860854767583,2018Yala,72.72788747633217
2018-10-20,2707558.0,4.12860854767583,2018Yala,72.72788747633217
2018-10-21,2707558.0,4.12860854767583,2018Yala,72.72788747633217
2018-10-22,2707558.0,4.12860854767583,2018Yala,72.72788747633217
2018-10-23,2707558.0,4.12860854767583,2018Yala,72.72788747633217
2018-10-24,2707558.0,4.12860854767583,2018Yala,72.72788747633217
2018-10-25,2707558.0,4.12860854767583,2018Yala,72.72788747633217
2018-10-26,2707558.0,4.12860854767583,2018Yala,72.72788747633217
2018-10-27,2707558.0,4.12860854767583,2018Yala,72.72788747633217
2018-10-28,2707558.0,4.12860854767583,2018Yala,72.72788747633217
2018-10-29,2707558.0,4.12860854767583,2018Yala,72.72788747633217
2018-10-30,2707558.0,4.12860854767583,2018Yala,72.72788747633217
2018-10-31,2707558.0,4.12860854767583,2018Yala,72.72788747633217
2018-11-01,2707558.0,4.12860854767583,2018Yala,72.72788747633217
2018-11-02,2707558.0,4.12860854767583,2018Yala,72.72788747633217
2018-11-03,2707558.0,4.12860854767583,2018Yala,72.72788747633217
2018-11-04,2707558.0,4.12860854767583,2018Yala,72.72788747633217
2018-11-05,2707558.0,4.12860854767583,2018Yala,72.72788747633217
2018-11-06,2707558.0,4.12860854767583,2018Yala,72.72788747633217
2018-11-07,2707558.0,4.12860854767583,2018Yala,72.72788747633217
2018-11-08,2707558.0,4.12860854767583,2018Yala,72.72788747633217
2018-11-09,2707558.0,4.12860854767583,2018Yala,72.72788747633217
2018-11-10,2707558.0,4.12860854767583,2018Yala,72.72788747633217
2018-11-11,2707558.0,4.12860854767583,2018Yala,72.72788747633217
2018-11-12,2707558.0,4.12860854767583,2018Yala,72.72788747633217
2018-11-13,2707558.0,4.12860854767583,2018Yala,72.72788747633217
2018-11-14,2707558.0,4.12860854767583,2018Yala,72.72788747633217
2018-11-15,2707558.0,4.12860854767583,2018Yala,72.72788747633217
2018-11-16,2707558.0,4.12860854767583,2018Yala,72.72788747633217
2018-11-17,2707558.0,4.12860854767583,2018Yala,72.72788747633217
2018-11-18,2707558.0,4.12860854767583,2018Yala,72.72788747633217
2018-11-19,2707558.0,4.12860854767583,2018Yala,72.72788747633217
2018-11-20,2707558.0,4.12860854767583,2018Yala,72.72788747633217
2018-11-21,2707558.0,4.12860854767583,2018Yala,72.72788747633217
2018-11-22,2707558.0,4.12860854767583,2018Yala,72.72788747633217
2018-11-23,2707558.0,4.12860854767583,2018Yala,72.72788747633217
2018-11-24,2707558.0,4.12860854767583,2018Yala,72.72788747633217
2018-11-25,2707558.0,4.12860854767583,2018Yala,72.72788747633217
2018-11-26,2707558.0,4.12860854767583,2018Yala,72.72788747633217
2018-11-27,2707558.0,4.12860854767583,2018Yala,72.72788747633217
2018-11-28,2707558.0,4.12860854767583,2018Yala,72.72788747633217
2018-11-29,2707558.0,4.12860854767583,2018Yala,72.72788747633217
2018-11-30,2707558.0,4.12860854767583,2018Yala,72.72788747633217
2018-12-01,2707558.0,4.12860854767583,2018Yala,72.72788747633217
2018-12-02,2707558.0,4.12860854767583,2018Yala,72.72788747633217
2018-12-03,2707558.0,4.12860854767583,2018Yala,72.72788747633217
2018-12-04,2707558.0,4.12860854767583,2018Yala,72.72788747633217
2018-12-05,2707558.0,4.12860854767583,2018Yala,72.72788747633217
2018-12-06,2707558.0,4.12860854767583,2018Yala,72.72788747633217
2018-12-07,2707558.0,4.12860854767583,2018Yala,72.72788747633217
2018-12-08,2707558.0,4.12860854767583,2018Yala,72.72788747633217
2018-12-09,2707558.0,4.12860854767583,2018Yala,72.72788747633217
2018-12-10,2707558.0,4.12860854767583,2018Yala,72.72788747633217
2018-12-11,2707558.0,4.12860854767583,2018Yala,72.72788747633217
2018-12-12,2707558.0,4.12860854767583,2018Yala,72.72788747633217
2018-12-13,2707558.0,4.12860854767583,2018Yala,72.72788747633217
2018-12-14,2707558.0,4.12860854767583,2018Yala,72.72788747633217
2018-12-15,2707558.0,4.12860854767583,2018Yala,72.72788747633217
2018-12-16,2707558.0,4.12860854767583,2018Yala,72.72788747633217
2018-12-17,2707558.0,4.12860854767583,2018Yala,72.72788747633217
2018-12-18,2707558.0,4.12860854767583,2018Yala,72.72788747633217
2018-12-19,2707558.0,4.12860854767583,2018Yala,72.72788747633217
2018-12-20,2707558.0,4.12860854767583,2018Yala,72.72788747633217
2018-12-21,2707558.0,4.12860854767583,2018Yala,72.72788747633217
2018-12-22,2707558.0,4.12860854767583,2018Yala,72.72788747633217
2018-12-23,2707558.0,4.12860854767583,2018Yala,72.72788747633217
2018-12-24,2707558.0,4.12860854767583,2018Yala,72.72788747633217
2018-12-25,2707558.0,4.12860854767583,2018Yala,72.72788747633217
2018-12-26,2707558.0,4.12860854767583,2018Yala,72.72788747633217
2018-12-27,2707558.0,4.12860854767583,2018Yala,72.72788747633217
2018-12-28,2707558.0,4.12860854767583,2018Yala,72.72788747633217
2018-12-29,2707558.0,4.12860854767583,2018Yala,72.72788747633217
2018-12-30,2707558.0,4.12860854767583,2018Yala,72.72788747633217
2018-12-31,2707558.0,4.12860854767583,2018Yala,72.72788747633217
2019-01-01,2707558.0,4.12860854767583,2018Yala,72.72788747633217
2019-01-02,2707558.0,4.12860854767583,2018Yala,72.72788747633217
2019-01-03,2707558.0,4.12860854767583,2018Yala,72.72788747633217
2019-01-04,2707558.0,4.12860854767583,2018Yala,72.72788747633217
2019-01-05,2707558.0,4.12860854767583,2018Yala,72.72788747633217
2019-01-06,2707558.0,4.12860854767583,2018Yala,72.72788747633217
2019-01-07,2707558.0,4.12860854767583,2018Yala,72.72788747633217
2019-01-08,2707558.0,4.12860854767583,2018Yala,72.72788747633217
2019-01-09,2707558.0,4.12860854767583,2018Yala,72.72788747633217
2019-01-10,2707558.0,4.12860854767583,2018Yala,72.72788747633217
2019-01-11,2707558.0,4.12860854767583,2018Yala,72.72788747633217
2019-01-12,2707558.0,4.12860854767583,2018Yala,72.72788747633217
2019-01-13,2707558.0,4.12860854767583,2018Yala,72.72788747633217
2019-01-14,2707558.0,4.12860854767583,2018Yala,72.72788747633217
2019-01-15,2707558.0,4.12860854767583,2018Yala,72.72788747633217
2019-01-16,2707558.0,4.12860854767583,2018Yala,72.72788747633217
2019-01-17,2707558.0,4.12860854767583,2018Yala,72.72788747633217
2019-01-18,2707558.0,4.12860854767583,2018Yala,72.72788747633217
2019-01-19,2707558.0,4.12860854767583,2018Yala,72.72788747633217
2019-01-20,2707558.0,4.12860854767583,2018Yala,72.72788747633217
2019-01-21,2707558.0,4.12860854767583,2018Yala,72.72788747633217
2019-01-22,2707558.0,4.12860854767583,2018Yala,72.72788747633217
2019-01-23,2707558.0,4.12860854767583,2018Yala,72.72788747633217
2019-01-24,2707558.0,4.12860854767583,2018Yala,72.72788747633217
2019-01-25,2707558.0,4.12860854767583,2018Yala,72.72788747633217
2019-01-26,2707558.0,4.12860854767583,2018Yala,72.72788747633217
2019-01-27,2707558.0,4.12860854767583,2018Yala,72.72788747633217
2019-01-28,2707558.0,4.12860854767583,2018Yala,72.72788747633217
2019-01-29,2707558.0,4.12860854767583,2018Yala,72.72788747633217
2019-01-30,2707558.0,4.12860854767583,2018Yala,72.72788747633217
2019-01-31,2707558.0,4.12860854767583,2018Yala,72.72788747633217
2019-02-01,2707558.0,4.12860854767583,2018Yala,72.72788747633217
2019-02-02,2707558.0,4.12860854767583,2018Yala,72.72788747633217
2019-02-03,2707558.0,4.12860854767583,2018Yala,72.72788747633217
2019-02-04,2707558.0,4.12860854767583,2018Yala,72.72788747633217
2019-02-05,2707558.0,4.12860854767583,2018Yala,72.72788747633217
2019-02-06,2707558.0,4.12860854767583,2018Yala,72.72788747633217
2019-02-07,2707558.0,4.12860854767583,2018Yala,72.72788747633217
2019-02-08,2707558.0,4.12860854767583,2018Yala,72.72788747633217
2019-02-09,2707558.0,4.12860854767583,2018Yala,72.72788747633217
2019-02-10,2707558.0,4.12860854767583,2018Yala,72.72788747633217
2019-02-11,2707558.0,4.12860854767583,2018Yala,72.72788747633217
2019-02-12,2707558.0,4.12860854767583,2018Yala,72.72788747633217
2019-02-13,2707558.0,4.12860854767583,2018Yala,72.72788747633217
2019-02-14,2707558.0,4.12860854767583,2018Yala,72.72788747633217
2019-02-15,2707558.0,4.12860854767583,2018Yala,72.72788747633217
2019-02-16,2707558.0,4.12860854767583,2018Yala,72.72788747633217
2019-02-17,2707558.0,4.12860854767583,2018Yala,72.72788747633217
2019-02-18,2707558.0,4.12860854767583,2018Yala,72.72788747633217
2019-02-19,2707558.0,4.12860854767583,2018Yala,72.72788747633217
2019-02-20,2707558.0,4.12860854767583,2018Yala,72.72788747633217
2019-02-21,2707558.0,4.12860854767583,2018Yala,72.72788747633217
2019-02-22,2707558.0,4.12860854767583,2018Yala,72.72788747633217
2019-02-23,2707558.0,4.12860854767583,2018Yala,72.72788747633217
2019-02-24,2707558.0,4.12860854767583,2018Yala,72.72788747633217
2019-02-25,2707558.0,4.12860854767583,2018Yala,72.72788747633217
2019-02-26,2707558.0,4.12860854767583,2018Yala,72.72788747633217
2019-02-27,2707558.0,4.12860854767583,2018Yala,72.72788747633217
2019-02-28,2707558.0,4.12860854767583,2018Yala,72.72788747633217
2019-03-01,6016826.0,4.248816835885145,2018-2019Maha,35.76826708017351
2019-03-02,6016826.0,4.248816835885145,2018-2019Maha,35.76826708017351
2019-03-03,6016826.0,4.248816835885145,2018-2019Maha,35.76826708017351
2019-03-04,6016826.0,4.248816835885145,2018-2019Maha,35.76826708017351
2019-03-05,6016826.0,4.248816835885145,2018-2019Maha,35.76826708017351
2019-03-06,6016826.0,4.248816835885145,2018-2019Maha,35.76826708017351
2019-03-07,6016826.0,4.248816835885145,2018-2019Maha,35.76826708017351
2019-03-08,6016826.0,4.248816835885145,2018-2019Maha,35.76826708017351
2019-03-09,6016826.0,4.248816835885145,2018-2019Maha,35.76826708017351
2019-03-10,6016826.0,4.248816835885145,2018-2019Maha,35.76826708017351
2019-03-11,6016826.0,4.248816835885145,2018-2019Maha,35.76826708017351
2019-03-12,6016826.0,4.248816835885145,2018-2019Maha,35.76826708017351
2019-03-13,6016826.0,4.248816835885145,2018-2019Maha,35.76826708017351
2019-03-14,6016826.0,4.248816835885145,2018-2019Maha,35.76826708017351
2019-03-15,6016826.0,4.248816835885145,2018-2019Maha,35.76826708017351
2019-03-16,6016826.0,4.248816835885145,2018-2019Maha,35.76826708017351
2019-03-17,6016826.0,4.248816835885145,2018-2019Maha,35.76826708017351
2019-03-18,6016826.0,4.248816835885145,2018-2019Maha,35.76826708017351
2019-03-19,6016826.0,4.248816835885145,2018-2019Maha,35.76826708017351
2019-03-20,6016826.0,4.248816835885145,2018-2019Maha,35.76826708017351
2019-03-21,6016826.0,4.248816835885145,2018-2019Maha,35.76826708017351
2019-03-22,6016826.0,4.248816835885145,2018-2019Maha,35.76826708017351
2019-03-23,6016826.0,4.248816835885145,2018-2019Maha,35.76826708017351
2019-03-24,6016826.0,4.248816835885145,2018-2019Maha,35.76826708017351
2019-03-25,6016826.0,4.248816835885145,2018-2019Maha,35.76826708017351
2019-03-26,6016826.0,4.248816835885145,2018-2019Maha,35.76826708017351
2019-03-27,6016826.0,4.248816835885145,2018-2019Maha,35.76826708017351
2019-03-28,6016826.0,4.248816835885145,2018-2019Maha,35.76826708017351
2019-03-29,6016826.0,4.248816835885145,2018-2019Maha,35.76826708017351
2019-03-30,6016826.0,4.248816835885145,2018-2019Maha,35.76826708017351
2019-03-31,6016826.0,4.248816835885145,2018-2019Maha,35.76826708017351
2019-04-01,6016826.0,4.248816835885145,2018-2019Maha,35.76826708017351
2019-04-02,6016826.0,4.248816835885145,2018-2019Maha,35.76826708017351
2019-04-03,6016826.0,4.248816835885145,2018-2019Maha,35.76826708017351
2019-04-04,6016826.0,4.248816835885145,2018-2019Maha,35.76826708017351
2019-04-05,6016826.0,4.248816835885145,2018-2019Maha,35.76826708017351
2019-04-06,6016826.0,4.248816835885145,2018-2019Maha,35.76826708017351
2019-04-07,6016826.0,4.248816835885145,2018-2019Maha,35.76826708017351
2019-04-08,6016826.0,4.248816835885145,2018-2019Maha,35.76826708017351
2019-04-09,6016826.0,4.248816835885145,2018-2019Maha,35.76826708017351
2019-04-10,6016826.0,4.248816835885145,2018-2019Maha,35.76826708017351
2019-04-11,6016826.0,4.248816835885145,2018-2019Maha,35.76826708017351
2019-04-12,6016826.0,4.248816835885145,2018-2019Maha,35.76826708017351
2019-04-13,6016826.0,4.248816835885145,2018-2019Maha,35.76826708017351
2019-04-14,6016826.0,4.248816835885145,2018-2019Maha,35.76826708017351
2019-04-15,6016826.0,4.248816835885145,2018-2019Maha,35.76826708017351
2019-04-16,6016826.0,4.248816835885145,2018-2019Maha,35.76826708017351
2019-04-17,6016826.0,4.248816835885145,2018-2019Maha,35.76826708017351
2019-04-18,6016826.0,4.248816835885145,2018-2019Maha,35.76826708017351
2019-04-19,6016826.0,4.248816835885145,2018-2019Maha,35.76826708017351
2019-04-20,6016826.0,4.248816835885145,2018-2019Maha,35.76826708017351
2019-04-21,6016826.0,4.248816835885145,2018-2019Maha,35.76826708017351
2019-04-22,6016826.0,4.248816835885145,2018-2019Maha,35.76826708017351
2019-04-23,6016826.0,4.248816835885145,2018-2019Maha,35.76826708017351
2019-04-24,6016826.0,4.248816835885145,2018-2019Maha,35.76826708017351
2019-04-25,6016826.0,4.248816835885145,2018-2019Maha,35.76826708017351
2019-04-26,6016826.0,4.248816835885145,2018-2019Maha,35.76826708017351
2019-04-27,6016826.0,4.248816835885145,2018-2019Maha,35.76826708017351
2019-04-28,6016826.0,4.248816835885145,2018-2019Maha,35.76826708017351
2019-04-29,6016826.0,4.248816835885145,2018-2019Maha,35.76826708017351
2019-04-30,6016826.0,4.248816835885145,2018-2019Maha,35.76826708017351
2019-05-01,6016826.0,4.248816835885145,2018-2019Maha,35.76826708017351
2019-05-02,6016826.0,4.248816835885145,2018-2019Maha,35.76826708017351
2019-05-03,6016826.0,4.248816835885145,2018-2019Maha,35.76826708017351
2019-05-04,6016826.0,4.248816835885145,2018-2019Maha,35.76826708017351
2019-05-05,6016826.0,4.248816835885145,2018-2019Maha,35.76826708017351
2019-05-06,6016826.0,4.248816835885145,2018-2019Maha,35.76826708017351
2019-05-07,6016826.0,4.248816835885145,2018-2019Maha,35.76826708017351
2019-05-08,6016826.0,4.248816835885145,2018-2019Maha,35.76826708017351
2019-05-09,6016826.0,4.248816835885145,2018-2019Maha,35.76826708017351
2019-05-10,6016826.0,4.248816835885145,2018-2019Maha,35.76826708017351
2019-05-11,6016826.0,4.248816835885145,2018-2019Maha,35.76826708017351
2019-05-12,6016826.0,4.248816835885145,2018-2019Maha,35.76826708017351
2019-05-13,6016826.0,4.248816835885145,2018-2019Maha,35.76826708017351
2019-05-14,6016826.0,4.248816835885145,2018-2019Maha,35.76826708017351
2019-05-15,6016826.0,4.248816835885145,2018-2019Maha,35.76826708017351
2019-05-16,6016826.0,4.248816835885145,2018-2019Maha,35.76826708017351
2019-05-17,6016826.0,4.248816835885145,2018-2019Maha,35.76826708017351
2019-05-18,6016826.0,4.248816835885145,2018-2019Maha,35.76826708017351
2019-05-19,6016826.0,4.248816835885145,2018-2019Maha,35.76826708017351
2019-05-20,6016826.0,4.248816835885145,2018-2019Maha,35.76826708017351
2019-05-21,6016826.0,4.248816835885145,2018-2019Maha,35.76826708017351
2019-05-22,6016826.0,4.248816835885145,2018-2019Maha,35.76826708017351
2019-05-23,6016826.0,4.248816835885145,2018-2019Maha,35.76826708017351
2019-05-24,6016826.0,4.248816835885145,2018-2019Maha,35.76826708017351
2019-05-25,6016826.0,4.248816835885145,2018-2019Maha,35.76826708017351
2019-05-26,6016826.0,4.248816835885145,2018-2019Maha,35.76826708017351
2019-05-27,6016826.0,4.248816835885145,2018-2019Maha,35.76826708017351
2019-05-28,6016826.0,4.248816835885145,2018-2019Maha,35.76826708017351
2019-05-29,6016826.0,4.248816835885145,2018-2019Maha,35.76826708017351
2019-05-30,6016826.0,4.248816835885145,2018-2019Maha,35.76826708017351
2019-05-31,6016826.0,4.248816835885145,2018-2019Maha,35.76826708017351
2019-06-01,6016826.0,4.248816835885145,2018-2019Maha,35.76826708017351
2019-06-02,6016826.0,4.248816835885145,2018-2019Maha,35.76826708017351
2019-06-03,6016826.0,4.248816835885145,2018-2019Maha,35.76826708017351
2019-06-04,6016826.0,4.248816835885145,2018-2019Maha,35.76826708017351
2019-06-05,6016826.0,4.248816835885145,2018-2019Maha,35.76826708017351
2019-06-06,6016826.0,4.248816835885145,2018-2019Maha,35.76826708017351
2019-06-07,6016826.0,4.248816835885145,2018-2019Maha,35.76826708017351
2019-06-08,6016826.0,4.248816835885145,2018-2019Maha,35.76826708017351
2019-06-09,6016826.0,4.248816835885145,2018-2019Maha,35.76826708017351
2019-06-10,6016826.0,4.248816835885145,2018-2019Maha,35.76826708017351
2019-06-11,6016826.0,4.248816835885145,2018-2019Maha,35.76826708017351
2019-06-12,6016826.0,4.248816835885145,2018-2019Maha,35.76826708017351
2019-06-13,6016826.0,4.248816835885145,2018-2019Maha,35.76826708017351
2019-06-14,6016826.0,4.248816835885145,2018-2019Maha,35.76826708017351
2019-06-15,6016826.0,4.248816835885145,2018-2019Maha,35.76826708017351
2019-06-16,6016826.0,4.248816835885145,2018-2019Maha,35.76826708017351
2019-06-17,6016826.0,4.248816835885145,2018-2019Maha,35.76826708017351
2019-06-18,6016826.0,4.248816835885145,2018-2019Maha,35.76826708017351
2019-06-19,6016826.0,4.248816835885145,2018-2019Maha,35.76826708017351
2019-06-20,6016826.0,4.248816835885145,2018-2019Maha,35.76826708017351
2019-06-21,6016826.0,4.248816835885145,2018-2019Maha,35.76826708017351
2019-06-22,6016826.0,4.248816835885145,2018-2019Maha,35.76826708017351
2019-06-23,6016826.0,4.248816835885145,2018-2019Maha,35.76826708017351
2019-06-24,6016826.0,4.248816835885145,2018-2019Maha,35.76826708017351
2019-06-25,6016826.0,4.248816835885145,2018-2019Maha,35.76826708017351
2019-06-26,6016826.0,4.248816835885145,2018-2019Maha,35.76826708017351
2019-06-27,6016826.0,4.248816835885145,2018-2019Maha,35.76826708017351
2019-06-28,6016826.0,4.248816835885145,2018-2019Maha,35.76826708017351
2019-06-29,6016826.0,4.248816835885145,2018-2019Maha,35.76826708017351
2019-06-30,6016826.0,4.248816835885145,2018-2019Maha,35.76826708017351
2019-07-01,6016826.0,4.248816835885145,2018-2019Maha,35.76826708017351
2019-07-02,6016826.0,4.248816835885145,2018-2019Maha,35.76826708017351
2019-07-03,6016826.0,4.248816835885145,2018-2019Maha,35.76826708017351
2019-07-04,6016826.0,4.248816835885145,2018-2019Maha,35.76826708017351
2019-07-05,6016826.0,4.248816835885145,2018-2019Maha,35.76826708017351
2019-07-06,6016826.0,4.248816835885145,2018-2019Maha,35.76826708017351
2019-07-07,6016826.0,4.248816835885145,2018-2019Maha,35.76826708017351
2019-07-08,6016826.0,4.248816835885145,2018-2019Maha,35.76826708017351
2019-07-09,6016826.0,4.248816835885145,2018-2019Maha,35.76826708017351
2019-07-10,6016826.0,4.248816835885145,2018-2019Maha,35.76826708017351
2019-07-11,6016826.0,4.248816835885145,2018-2019Maha,35.76826708017351
2019-07-12,6016826.0,4.248816835885145,2018-2019Maha,35.76826708017351
2019-07-13,6016826.0,4.248816835885145,2018-2019Maha,35.76826708017351
2019-07-14,6016826.0,4.248816835885145,2018-2019Maha,35.76826708017351
2019-07-15,6016826.0,4.248816835885145,2018-2019Maha,35.76826708017351
2019-07-16,6016826.0,4.248816835885145,2018-2019Maha,35.76826708017351
2019-07-17,6016826.0,4.248816835885145,2018-2019Maha,35.76826708017351
2019-07-18,6016826.0,4.248816835885145,2018-2019Maha,35.76826708017351
2019-07-19,6016826.0,4.248816835885145,2018-2019Maha,35.76826708017351
2019-07-20,6016826.0,4.248816835885145,2018-2019Maha,35.76826708017351
2019-07-21,6016826.0,4.248816835885145,2018-2019Maha,35.76826708017351
2019-07-22,6016826.0,4.248816835885145,2018-2019Maha,35.76826708017351
2019-07-23,6016826.0,4.248816835885145,2018-2019Maha,35.76826708017351
2019-07-24,6016826.0,4.248816835885145,2018-2019Maha,35.76826708017351
2019-07-25,6016826.0,4.248816835885145,2018-2019Maha,35.76826708017351
2019-07-26,6016826.0,4.248816835885145,2018-2019Maha,35.76826708017351
2019-07-27,6016826.0,4.248816835885145,2018-2019Maha,35.76826708017351
2019-07-28,6016826.0,4.248816835885145,2018-2019Maha,35.76826708017351
2019-07-29,6016826.0,4.248816835885145,2018-2019Maha,35.76826708017351
2019-07-30,6016826.0,4.248816835885145,2018-2019Maha,35.76826708017351
2019-07-31,6016826.0,4.248816835885145,2018-2019Maha,35.76826708017351
2019-08-01,6016826.0,4.248816835885145,2018-2019Maha,35.76826708017351
2019-08-02,6016826.0,4.248816835885145,2018-2019Maha,35.76826708017351
2019-08-03,6016826.0,4.248816835885145,2018-2019Maha,35.76826708017351
2019-08-04,6016826.0,4.248816835885145,2018-2019Maha,35.76826708017351
2019-08-05,6016826.0,4.248816835885145,2018-2019Maha,35.76826708017351
2019-08-06,6016826.0,4.248816835885145,2018-2019Maha,35.76826708017351
2019-08-07,6016826.0,4.248816835885145,2018-2019Maha,35.76826708017351
2019-08-08,6016826.0,4.248816835885145,2018-2019Maha,35.76826708017351
2019-08-09,6016826.0,4.248816835885145,2018-2019Maha,35.76826708017351
2019-08-10,6016826.0,4.248816835885145,2018-2019Maha,35.76826708017351
2019-08-11,6016826.0,4.248816835885145,2018-2019Maha,35.76826708017351
2019-08-12,6016826.0,4.248816835885145,2018-2019Maha,35.76826708017351
2019-08-13,6016826.0,4.248816835885145,2018-2019Maha,35.76826708017351
2019-08-14,6016826.0,4.248816835885145,2018-2019Maha,35.76826708017351
2019-08-15,6016826.0,4.248816835885145,2018-2019Maha,35.76826708017351
2019-08-16,6016826.0,4.248816835885145,2018-2019Maha,35.76826708017351
2019-08-17,6016826.0,4.248816835885145,2018-2019Maha,35.76826708017351
2019-08-18,6016826.0,4.248816835885145,2018-2019Maha,35.76826708017351
2019-08-19,6016826.0,4.248816835885145,2018-2019Maha,35.76826708017351
2019-08-20,6016826.0,4.248816835885145,2018-2019Maha,35.76826708017351
2019-08-21,6016826.0,4.248816835885145,2018-2019Maha,35.76826708017351
2019-08-22,6016826.0,4.248816835885145,2018-2019Maha,35.76826708017351
2019-08-23,6016826.0,4.248816835885145,2018-2019Maha,35.76826708017351
2019-08-24,6016826.0,4.248816835885145,2018-2019Maha,35.76826708017351
2019-08-25,6016826.0,4.248816835885145,2018-2019Maha,35.76826708017351
2019-08-26,6016826.0,4.248816835885145,2018-2019Maha,35.76826708017351
2019-08-27,6016826.0,4.248816835885145,2018-2019Maha,35.76826708017351
2019-08-28,6016826.0,4.248816835885145,2018-2019Maha,35.76826708017351
2019-08-29,6016826.0,4.248816835885145,2018-2019Maha,35.76826708017351
2019-08-30,6016826.0,4.248816835885145,2018-2019Maha,35.76826708017351
2019-08-31,6016826.0,4.248816835885145,2018-2019Maha,35.76826708017351
2019-09-01,2084058.0,4.259542827243965,2019Yala,-23.028130883992148
2019-09-02,2084058.0,4.259542827243965,2019Yala,-23.028130883992148
2019-09-03,2084058.0,4.259542827243965,2019Yala,-23.028130883992148
2019-09-04,2084058.0,4.259542827243965,2019Yala,-23.028130883992148
2019-09-05,2084058.0,4.259542827243965,2019Yala,-23.028130883992148
2019-09-06,2084058.0,4.259542827243965,2019Yala,-23.028130883992148
2019-09-07,2084058.0,4.259542827243965,2019Yala,-23.028130883992148
2019-09-08,2084058.0,4.259542827243965,2019Yala,-23.028130883992148
2019-09-09,2084058.0,4.259542827243965,2019Yala,-23.028130883992148
2019-09-10,2084058.0,4.259542827243965,2019Yala,-23.028130883992148
2019-09-11,2084058.0,4.259542827243965,2019Yala,-23.028130883992148
2019-09-12,2084058.0,4.259542827243965,2019Yala,-23.028130883992148
2019-09-13,2084058.0,4.259542827243965,2019Yala,-23.028130883992148
2019-09-14,2084058.0,4.259542827243965,2019Yala,-23.028130883992148
2019-09-15,2084058.0,4.259542827243965,2019Yala,-23.028130883992148
2019-09-16,2084058.0,4.259542827243965,2019Yala,-23.028130883992148
2019-09-17,2084058.0,4.259542827243965,2019Yala,-23.028130883992148
2019-09-18,2084058.0,4.259542827243965,2019Yala,-23.028130883992148
2019-09-19,2084058.0,4.259542827243965,2019Yala,-23.028130883992148
2019-09-20,2084058.0,4.259542827243965,2019Yala,-23.028130883992148
2019-09-21,2084058.0,4.259542827243965,2019Yala,-23.028130883992148
2019-09-22,2084058.0,4.259542827243965,2019Yala,-23.028130883992148
2019-09-23,2084058.0,4.259542827243965,2019Yala,-23.028130883992148
2019-09-24,2084058.0,4.259542827243965,2019Yala,-23.028130883992148
2019-09-25,2084058.0,4.259542827243965,2019Yala,-23.028130883992148
2019-09-26,2084058.0,4.259542827243965,2019Yala,-23.028130883992148
2019-09-27,2084058.0,4.259542827243965,2019Yala,-23.028130883992148
2019-09-28,2084058.0,4.259542827243965,2019Yala,-23.028130883992148
2019-09-29,2084058.0,4.259542827243965,2019Yala,-23.028130883992148
2019-09-30,2084058.0,4.259542827243965,2019Yala,-23.028130883992148
2019-10-01,2084058.0,4.259542827243965,2019Yala,-23.028130883992148
2019-10-02,2084058.0,4.259542827243965,2019Yala,-23.028130883992148
2019-10-03,2084058.0,4.259542827243965,2019Yala,-23.028130883992148
2019-10-04,2084058.0,4.259542827243965,2019Yala,-23.028130883992148
2019-10-05,2084058.0,4.259542827243965,2019Yala,-23.028130883992148
2019-10-06,2084058.0,4.259542827243965,2019Yala,-23.028130883992148
2019-10-07,2084058.0,4.259542827243965,2019Yala,-23.028130883992148
2019-10-08,2084058.0,4.259542827243965,2019Yala,-23.028130883992148
2019-10-09,2084058.0,4.259542827243965,2019Yala,-23.028130883992148
2019-10-10,2084058.0,4.259542827243965,2019Yala,-23.028130883992148
2019-10-11,2084058.0,4.259542827243965,2019Yala,-23.028130883992148
2019-10-12,2084058.0,4.259542827243965,2019Yala,-23.028130883992148
2019-10-13,2084058.0,4.259542827243965,2019Yala,-23.028130883992148
2019-10-14,2084058.0,4.259542827243965,2019Yala,-23.028130883992148
2019-10-15,2084058.0,4.259542827243965,2019Yala,-23.028130883992148
2019-10-16,2084058.0,4.259542827243965,2019Yala,-23.028130883992148
2019-10-17,2084058.0,4.259542827243965,2019Yala,-23.028130883992148
2019-10-18,2084058.0,4.259542827243965,2019Yala,-23.028130883992148
2019-10-19,2084058.0,4.259542827243965,2019Yala,-23.028130883992148
2019-10-20,2084058.0,4.259542827243965,2019Yala,-23.028130883992148
2019-10-21,2084058.0,4.259542827243965,2019Yala,-23.028130883992148
2019-10-22,2084058.0,4.259542827243965,2019Yala,-23.028130883992148
2019-10-23,2084058.0,4.259542827243965,2019Yala,-23.028130883992148
2019-10-24,2084058.0,4.259542827243965,2019Yala,-23.028130883992148
2019-10-25,2084058.0,4.259542827243965,2019Yala,-23.028130883992148
2019-10-26,2084058.0,4.259542827243965,2019Yala,-23.028130883992148
2019-10-27,2084058.0,4.259542827243965,2019Yala,-23.028130883992148
2019-10-28,2084058.0,4.259542827243965,2019Yala,-23.028130883992148
2019-10-29,2084058.0,4.259542827243965,2019Yala,-23.028130883992148
2019-10-30,2084058.0,4.259542827243965,2019Yala,-23.028130883992148
2019-10-31,2084058.0,4.259542827243965,2019Yala,-23.028130883992148
2019-11-01,2084058.0,4.259542827243965,2019Yala,-23.028130883992148
2019-11-02,2084058.0,4.259542827243965,2019Yala,-23.028130883992148
2019-11-03,2084058.0,4.259542827243965,2019Yala,-23.028130883992148
2019-11-04,2084058.0,4.259542827243965,2019Yala,-23.028130883992148
2019-11-05,2084058.0,4.259542827243965,2019Yala,-23.028130883992148
2019-11-06,2084058.0,4.259542827243965,2019Yala,-23.028130883992148
2019-11-07,2084058.0,4.259542827243965,2019Yala,-23.028130883992148
2019-11-08,2084058.0,4.259542827243965,2019Yala,-23.028130883992148
2019-11-09,2084058.0,4.259542827243965,2019Yala,-23.028130883992148
2019-11-10,2084058.0,4.259542827243965,2019Yala,-23.028130883992148
2019-11-11,2084058.0,4.259542827243965,2019Yala,-23.028130883992148
2019-11-12,2084058.0,4.259542827243965,2019Yala,-23.028130883992148
2019-11-13,2084058.0,4.259542827243965,2019Yala,-23.028130883992148
2019-11-14,2084058.0,4.259542827243965,2019Yala,-23.028130883992148
2019-11-15,2084058.0,4.259542827243965,2019Yala,-23.028130883992148
2019-11-16,2084058.0,4.259542827243965,2019Yala,-23.028130883992148
2019-11-17,2084058.0,4.259542827243965,2019Yala,-23.028130883992148
2019-11-18,2084058.0,4.259542827243965,2019Yala,-23.028130883992148
2019-11-19,2084058.0,4.259542827243965,2019Yala,-23.028130883992148
2019-11-20,2084058.0,4.259542827243965,2019Yala,-23.028130883992148
2019-11-21,2084058.0,4.259542827243965,2019Yala,-23.028130883992148
2019-11-22,2084058.0,4.259542827243965,2019Yala,-23.028130883992148
2019-11-23,2084058.0,4.259542827243965,2019Yala,-23.028130883992148
2019-11-24,2084058.0,4.259542827243965,2019Yala,-23.028130883992148
2019-11-25,2084058.0,4.259542827243965,2019Yala,-23.028130883992148
2019-11-26,2084058.0,4.259542827243965,2019Yala,-23.028130883992148
2019-11-27,2084058.0,4.259542827243965,2019Yala,-23.028130883992148
2019-11-28,2084058.0,4.259542827243965,2019Yala,-23.028130883992148
2019-11-29,2084058.0,4.259542827243965,2019Yala,-23.028130883992148
2019-11-30,2084058.0,4.259542827243965,2019Yala,-23.028130883992148
2019-12-01,2084058.0,4.259542827243965,2019Yala,-23.028130883992148
2019-12-02,2084058.0,4.259542827243965,2019Yala,-23.028130883992148
2019-12-03,2084058.0,4.259542827243965,2019Yala,-23.028130883992148
2019-12-04,2084058.0,4.259542827243965,2019Yala,-23.028130883992148
2019-12-05,2084058.0,4.259542827243965,2019Yala,-23.028130883992148
2019-12-06,2084058.0,4.259542827243965,2019Yala,-23.028130883992148
2019-12-07,2084058.0,4.259542827243965,2019Yala,-23.028130883992148
2019-12-08,2084058.0,4.259542827243965,2019Yala,-23.028130883992148
2019-12-09,2084058.0,4.259542827243965,2019Yala,-23.028130883992148
2019-12-10,2084058.0,4.259542827243965,2019Yala,-23.028130883992148
2019-12-11,2084058.0,4.259542827243965,2019Yala,-23.028130883992148
2019-12-12,2084058.0,4.259542827243965,2019Yala,-23.028130883992148
2019-12-13,2084058.0,4.259542827243965,2019Yala,-23.028130883992148
2019-12-14,2084058.0,4.259542827243965,2019Yala,-23.028130883992148
2019-12-15,2084058.0,4.259542827243965,2019Yala,-23.028130883992148
2019-12-16,2084058.0,4.259542827243965,2019Yala,-23.028130883992148
2019-12-17,2084058.0,4.259542827243965,2019Yala,-23.028130883992148
2019-12-18,2084058.0,4.259542827243965,2019Yala,-23.028130883992148
2019-12-19,2084058.0,4.259542827243965,2019Yala,-23.028130883992148
2019-12-20,2084058.0,4.259542827243965,2019Yala,-23.028130883992148
2019-12-21,2084058.0,4.259542827243965,2019Yala,-23.028130883992148
2019-12-22,2084058.0,4.259542827243965,2019Yala,-23.028130883992148
2019-12-23,2084058.0,4.259542827243965,2019Yala,-23.028130883992148
2019-12-24,2084058.0,4.259542827243965,2019Yala,-23.028130883992148
2019-12-25,2084058.0,4.259542827243965,2019Yala,-23.028130883992148
2019-12-26,2084058.0,4.259542827243965,2019Yala,-23.028130883992148
2019-12-27,2084058.0,4.259542827243965,2019Yala,-23.028130883992148
2019-12-28,2084058.0,4.259542827243965,2019Yala,-23.028130883992148
2019-12-29,2084058.0,4.259542827243965,2019Yala,-23.028130883992148
2019-12-30,2084058.0,4.259542827243965,2019Yala,-23.028130883992148
2019-12-31,2084058.0,4.259542827243965,2019Yala,-23.028130883992148
2020-01-01,2084058.0,4.259542827243965,2019Yala,-23.028130883992148
2020-01-02,2084058.0,4.259542827243965,2019Yala,-23.028130883992148
2020-01-03,2084058.0,4.259542827243965,2019Yala,-23.028130883992148
2020-01-04,2084058.0,4.259542827243965,2019Yala,-23.028130883992148
2020-01-05,2084058.0,4.259542827243965,2019Yala,-23.028130883992148
2020-01-06,2084058.0,4.259542827243965,2019Yala,-23.028130883992148
2020-01-07,2084058.0,4.259542827243965,2019Yala,-23.028130883992148
2020-01-08,2084058.0,4.259542827243965,2019Yala,-23.028130883992148
2020-01-09,2084058.0,4.259542827243965,2019Yala,-23.028130883992148
2020-01-10,2084058.0,4.259542827243965,2019Yala,-23.028130883992148
2020-01-11,2084058.0,4.259542827243965,2019Yala,-23.028130883992148
2020-01-12,2084058.0,4.259542827243965,2019Yala,-23.028130883992148
2020-01-13,2084058.0,4.259542827243965,2019Yala,-23.028130883992148
2020-01-14,2084058.0,4.259542827243965,2019Yala,-23.028130883992148
2020-01-15,2084058.0,4.259542827243965,2019Yala,-23.028130883992148
2020-01-16,2084058.0,4.259542827243965,2019Yala,-23.028130883992148
2020-01-17,2084058.0,4.259542827243965,2019Yala,-23.028130883992148
2020-01-18,2084058.0,4.259542827243965,2019Yala,-23.028130883992148
2020-01-19,2084058.0,4.259542827243965,2019Yala,-23.028130883992148
2020-01-20,2084058.0,4.259542827243965,2019Yala,-23.028130883992148
2020-01-21,2084058.0,4.259542827243965,2019Yala,-23.028130883992148
2020-01-22,2084058.0,4.259542827243965,2019Yala,-23.028130883992148
2020-01-23,2084058.0,4.259542827243965,2019Yala,-23.028130883992148
2020-01-24,2084058.0,4.259542827243965,2019Yala,-23.028130883992148
2020-01-25,2084058.0,4.259542827243965,2019Yala,-23.028130883992148
2020-01-26,2084058.0,4.259542827243965,2019Yala,-23.028130883992148
2020-01-27,2084058.0,4.259542827243965,2019Yala,-23.028130883992148
2020-01-28,2084058.0,4.259542827243965,2019Yala,-23.028130883992148
2020-01-29,2084058.0,4.259542827243965,2019Yala,-23.028130883992148
2020-01-30,2084058.0,4.259542827243965,2019Yala,-23.028130883992148
2020-01-31,2084058.0,4.259542827243965,2019Yala,-23.028130883992148
2020-02-01,2084058.0,4.259542827243965,2019Yala,-23.028130883992148
2020-02-02,2084058.0,4.259542827243965,2019Yala,-23.028130883992148
2020-02-03,2084058.0,4.259542827243965,2019Yala,-23.028130883992148
2020-02-04,2084058.0,4.259542827243965,2019Yala,-23.028130883992148
2020-02-05,2084058.0,4.259542827243965,2019Yala,-23.028130883992148
2020-02-06,2084058.0,4.259542827243965,2019Yala,-23.028130883992148
2020-02-07,2084058.0,4.259542827243965,2019Yala,-23.028130883992148
2020-02-08,2084058.0,4.259542827243965,2019Yala,-23.028130883992148
2020-02-09,2084058.0,4.259542827243965,2019Yala,-23.028130883992148
2020-02-10,2084058.0,4.259542827243965,2019Yala,-23.028130883992148
2020-02-11,2084058.0,4.259542827243965,2019Yala,-23.028130883992148
2020-02-12,2084058.0,4.259542827243965,2019Yala,-23.028130883992148
2020-02-13,2084058.0,4.259542827243965,2019Yala,-23.028130883992148
2020-02-14,2084058.0,4.259542827243965,2019Yala,-23.028130883992148
2020-02-15,2084058.0,4.259542827243965,2019Yala,-23.028130883992148
2020-02-16,2084058.0,4.259542827243965,2019Yala,-23.028130883992148
2020-02-17,2084058.0,4.259542827243965,2019Yala,-23.028130883992148
2020-02-18,2084058.0,4.259542827243965,2019Yala,-23.028130883992148
2020-02-19,2084058.0,4.259542827243965,2019Yala,-23.028130883992148
2020-02-20,2084058.0,4.259542827243965,2019Yala,-23.028130883992148
2020-02-21,2084058.0,4.259542827243965,2019Yala,-23.028130883992148
2020-02-22,2084058.0,4.259542827243965,2019Yala,-23.028130883992148
2020-02-23,2084058.0,4.259542827243965,2019Yala,-23.028130883992148
2020-02-24,2084058.0,4.259542827243965,2019Yala,-23.028130883992148
2020-02-25,2084058.0,4.259542827243965,2019Yala,-23.028130883992148
2020-02-26,2084058.0,4.259542827243965,2019Yala,-23.028130883992148
2020-02-27,2084058.0,4.259542827243965,2019Yala,-23.028130883992148
2020-02-28,2084058.0,4.259542827243965,2019Yala,-23.028130883992148
2020-02-29,2084058.0,4.259542827243965,2019Yala,-65.36283415874084
2020-03-01,6281648.0,4.336435694690088,2019-2020Maha,4.401357127495453
2020-03-02,6281648.0,4.336435694690088,2019-2020Maha,4.401357127495453
2020-03-03,6281648.0,4.336435694690088,2019-2020Maha,4.401357127495453
2020-03-04,6281648.0,4.336435694690088,2019-2020Maha,4.401357127495453
2020-03-05,6281648.0,4.336435694690088,2019-2020Maha,4.401357127495453
2020-03-06,6281648.0,4.336435694690088,2019-2020Maha,4.401357127495453
2020-03-07,6281648.0,4.336435694690088,2019-2020Maha,4.401357127495453
2020-03-08,6281648.0,4.336435694690088,2019-2020Maha,4.401357127495453
2020-03-09,6281648.0,4.336435694690088,2019-2020Maha,4.401357127495453
2020-03-10,6281648.0,4.336435694690088,2019-2020Maha,4.401357127495453
2020-03-11,6281648.0,4.336435694690088,2019-2020Maha,4.401357127495453
2020-03-12,6281648.0,4.336435694690088,2019-2020Maha,4.401357127495453
2020-03-13,6281648.0,4.336435694690088,2019-2020Maha,4.401357127495453
2020-03-14,6281648.0,4.336435694690088,2019-2020Maha,4.401357127495453
2020-03-15,6281648.0,4.336435694690088,2019-2020Maha,4.401357127495453
2020-03-16,6281648.0,4.336435694690088,2019-2020Maha,4.401357127495453
2020-03-17,6281648.0,4.336435694690088,2019-2020Maha,4.401357127495453
2020-03-18,6281648.0,4.336435694690088,2019-2020Maha,4.401357127495453
2020-03-19,6281648.0,4.336435694690088,2019-2020Maha,4.401357127495453
2020-03-20,6281648.0,4.336435694690088,2019-2020Maha,4.401357127495453
2020-03-21,6281648.0,4.336435694690088,2019-2020Maha,4.401357127495453
2020-03-22,6281648.0,4.336435694690088,2019-2020Maha,4.401357127495453
2020-03-23,6281648.0,4.336435694690088,2019-2020Maha,4.401357127495453
2020-03-24,6281648.0,4.336435694690088,2019-2020Maha,4.401357127495453
2020-03-25,6281648.0,4.336435694690088,2019-2020Maha,4.401357127495453
2020-03-26,6281648.0,4.336435694690088,2019-2020Maha,4.401357127495453
2020-03-27,6281648.0,4.336435694690088,2019-2020Maha,4.401357127495453
2020-03-28,6281648.0,4.336435694690088,2019-2020Maha,4.401357127495453
2020-03-29,6281648.0,4.336435694690088,2019-2020Maha,4.401357127495453
2020-03-30,6281648.0,4.336435694690088,2019-2020Maha,4.401357127495453
2020-03-31,6281648.0,4.336435694690088,2019-2020Maha,4.401357127495453
2020-04-01,6281648.0,4.336435694690088,2019-2020Maha,4.401357127495453
2020-04-02,6281648.0,4.336435694690088,2019-2020Maha,4.401357127495453
2020-04-03,6281648.0,4.336435694690088,2019-2020Maha,4.401357127495453
2020-04-04,6281648.0,4.336435694690088,2019-2020Maha,4.401357127495453
2020-04-05,6281648.0,4.336435694690088,2019-2020Maha,4.401357127495453
2020-04-06,6281648.0,4.336435694690088,2019-2020Maha,4.401357127495453
2020-04-07,6281648.0,4.336435694690088,2019-2020Maha,4.401357127495453
2020-04-08,6281648.0,4.336435694690088,2019-2020Maha,4.401357127495453
2020-04-09,6281648.0,4.336435694690088,2019-2020Maha,4.401357127495453
2020-04-10,6281648.0,4.336435694690088,2019-2020Maha,4.401357127495453
2020-04-11,6281648.0,4.336435694690088,2019-2020Maha,4.401357127495453
2020-04-12,6281648.0,4.336435694690088,2019-2020Maha,4.401357127495453
2020-04-13,6281648.0,4.336435694690088,2019-2020Maha,4.401357127495453
2020-04-14,6281648.0,4.336435694690088,2019-2020Maha,4.401357127495453
2020-04-15,6281648.0,4.336435694690088,2019-2020Maha,4.401357127495453
2020-04-16,6281648.0,4.336435694690088,2019-2020Maha,4.401357127495453
2020-04-17,6281648.0,4.336435694690088,2019-2020Maha,4.401357127495453
2020-04-18,6281648.0,4.336435694690088,2019-2020Maha,4.401357127495453
2020-04-19,6281648.0,4.336435694690088,2019-2020Maha,4.401357127495453
2020-04-20,6281648.0,4.336435694690088,2019-2020Maha,4.401357127495453
2020-04-21,6281648.0,4.336435694690088,2019-2020Maha,4.401357127495453
2020-04-22,6281648.0,4.336435694690088,2019-2020Maha,4.401357127495453
2020-04-23,6281648.0,4.336435694690088,2019-2020Maha,4.401357127495453
2020-04-24,6281648.0,4.336435694690088,2019-2020Maha,4.401357127495453
2020-04-25,6281648.0,4.336435694690088,2019-2020Maha,4.401357127495453
2020-04-26,6281648.0,4.336435694690088,2019-2020Maha,4.401357127495453
2020-04-27,6281648.0,4.336435694690088,2019-2020Maha,4.401357127495453
2020-04-28,6281648.0,4.336435694690088,2019-2020Maha,4.401357127495453
2020-04-29,6281648.0,4.336435694690088,2019-2020Maha,4.401357127495453
2020-04-30,6281648.0,4.336435694690088,2019-2020Maha,4.401357127495453
2020-05-01,6281648.0,4.336435694690088,2019-2020Maha,4.401357127495453
2020-05-02,6281648.0,4.336435694690088,2019-2020Maha,4.401357127495453
2020-05-03,6281648.0,4.336435694690088,2019-2020Maha,4.401357127495453
2020-05-04,6281648.0,4.336435694690088,2019-2020Maha,4.401357127495453
2020-05-05,6281648.0,4.336435694690088,2019-2020Maha,4.401357127495453
2020-05-06,6281648.0,4.336435694690088,2019-2020Maha,4.401357127495453
2020-05-07,6281648.0,4.336435694690088,2019-2020Maha,4.401357127495453
2020-05-08,6281648.0,4.336435694690088,2019-2020Maha,4.401357127495453
2020-05-09,6281648.0,4.336435694690088,2019-2020Maha,4.401357127495453
2020-05-10,6281648.0,4.336435694690088,2019-2020Maha,4.401357127495453
2020-05-11,6281648.0,4.336435694690088,2019-2020Maha,4.401357127495453
2020-05-12,6281648.0,4.336435694690088,2019-2020Maha,4.401357127495453
2020-05-13,6281648.0,4.336435694690088,2019-2020Maha,4.401357127495453
2020-05-14,6281648.0,4.336435694690088,2019-2020Maha,4.401357127495453
2020-05-15,6281648.0,4.336435694690088,2019-2020Maha,4.401357127495453
2020-05-16,6281648.0,4.336435694690088,2019-2020Maha,4.401357127495453
2020-05-17,6281648.0,4.336435694690088,2019-2020Maha,4.401357127495453
2020-05-18,6281648.0,4.336435694690088,2019-2020Maha,4.401357127495453
2020-05-19,6281648.0,4.336435694690088,2019-2020Maha,4.401357127495453
2020-05-20,6281648.0,4.336435694690088,2019-2020Maha,4.401357127495453
2020-05-21,6281648.0,4.336435694690088,2019-2020Maha,4.401357127495453
2020-05-22,6281648.0,4.336435694690088,2019-2020Maha,4.401357127495453
2020-05-23,6281648.0,4.336435694690088,2019-2020Maha,4.401357127495453
2020-05-24,6281648.0,4.336435694690088,2019-2020Maha,4.401357127495453
2020-05-25,6281648.0,4.336435694690088,2019-2020Maha,4.401357127495453
2020-05-26,6281648.0,4.336435694690088,2019-2020Maha,4.401357127495453
2020-05-27,6281648.0,4.336435694690088,2019-2020Maha,4.401357127495453
2020-05-28,6281648.0,4.336435694690088,2019-2020Maha,4.401357127495453
2020-05-29,6281648.0,4.336435694690088,2019-2020Maha,4.401357127495453
2020-05-30,6281648.0,4.336435694690088,2019-2020Maha,4.401357127495453
2020-05-31,6281648.0,4.336435694690088,2019-2020Maha,4.401357127495453
2020-06-01,6281648.0,4.336435694690088,2019-2020Maha,4.401357127495453
2020-06-02,6281648.0,4.336435694690088,2019-2020Maha,4.401357127495453
2020-06-03,6281648.0,4.336435694690088,2019-2020Maha,4.401357127495453
2020-06-04,6281648.0,4.336435694690088,2019-2020Maha,4.401357127495453
2020-06-05,6281648.0,4.336435694690088,2019-2020Maha,4.401357127495453
2020-06-06,6281648.0,4.336435694690088,2019-2020Maha,4.401357127495453
2020-06-07,6281648.0,4.336435694690088,2019-2020Maha,4.401357127495453
2020-06-08,6281648.0,4.336435694690088,2019-2020Maha,4.401357127495453
2020-06-09,6281648.0,4.336435694690088,2019-2020Maha,4.401357127495453
2020-06-10,6281648.0,4.336435694690088,2019-2020Maha,4.401357127495453
2020-06-11,6281648.0,4.336435694690088,2019-2020Maha,4.401357127495453
2020-06-12,6281648.0,4.336435694690088,2019-2020Maha,4.401357127495453
2020-06-13,6281648.0,4.336435694690088,2019-2020Maha,4.401357127495453
2020-06-14,6281648.0,4.336435694690088,2019-2020Maha,4.401357127495453
2020-06-15,6281648.0,4.336435694690088,2019-2020Maha,4.401357127495453
2020-06-16,6281648.0,4.336435694690088,2019-2020Maha,4.401357127495453
2020-06-17,6281648.0,4.336435694690088,2019-2020Maha,4.401357127495453
2020-06-18,6281648.0,4.336435694690088,2019-2020Maha,4.401357127495453
2020-06-19,6281648.0,4.336435694690088,2019-2020Maha,4.401357127495453
2020-06-20,6281648.0,4.336435694690088,2019-2020Maha,4.401357127495453
2020-06-21,6281648.0,4.336435694690088,2019-2020Maha,4.401357127495453
2020-06-22,6281648.0,4.336435694690088,2019-2020Maha,4.401357127495453
2020-06-23,6281648.0,4.336435694690088,2019-2020Maha,4.401357127495453
2020-06-24,6281648.0,4.336435694690088,2019-2020Maha,4.401357127495453
2020-06-25,6281648.0,4.336435694690088,2019-2020Maha,4.401357127495453
2020-06-26,6281648.0,4.336435694690088,2019-2020Maha,4.401357127495453
2020-06-27,6281648.0,4.336435694690088,2019-2020Maha,4.401357127495453
2020-06-28,6281648.0,4.336435694690088,2019-2020Maha,4.401357127495453
2020-06-29,6281648.0,4.336435694690088,2019-2020Maha,4.401357127495453
2020-06-30,6281648.0,4.336435694690088,2019-2020Maha,4.401357127495453
2020-07-01,6281648.0,4.336435694690088,2019-2020Maha,4.401357127495453
2020-07-02,6281648.0,4.336435694690088,2019-2020Maha,4.401357127495453
2020-07-03,6281648.0,4.336435694690088,2019-2020Maha,4.401357127495453
2020-07-04,6281648.0,4.336435694690088,2019-2020Maha,4.401357127495453
2020-07-05,6281648.0,4.336435694690088,2019-2020Maha,4.401357127495453
2020-07-06,6281648.0,4.336435694690088,2019-2020Maha,4.401357127495453
2020-07-07,6281648.0,4.336435694690088,2019-2020Maha,4.401357127495453
2020-07-08,6281648.0,4.336435694690088,2019-2020Maha,4.401357127495453
2020-07-09,6281648.0,4.336435694690088,2019-2020Maha,4.401357127495453
2020-07-10,6281648.0,4.336435694690088,2019-2020Maha,4.401357127495453
2020-07-11,6281648.0,4.336435694690088,2019-2020Maha,4.401357127495453
2020-07-12,6281648.0,4.336435694690088,2019-2020Maha,4.401357127495453
2020-07-13,6281648.0,4.336435694690088,2019-2020Maha,4.401357127495453
2020-07-14,6281648.0,4.336435694690088,2019-2020Maha,4.401357127495453
2020-07-15,6281648.0,4.336435694690088,2019-2020Maha,4.401357127495453
2020-07-16,6281648.0,4.336435694690088,2019-2020Maha,4.401357127495453
2020-07-17,6281648.0,4.336435694690088,2019-2020Maha,4.401357127495453
2020-07-18,6281648.0,4.336435694690088,2019-2020Maha,4.401357127495453
2020-07-19,6281648.0,4.336435694690088,2019-2020Maha,4.401357127495453
2020-07-20,6281648.0,4.336435694690088,2019-2020Maha,4.401357127495453
2020-07-21,6281648.0,4.336435694690088,2019-2020Maha,4.401357127495453
2020-07-22,6281648.0,4.336435694690088,2019-2020Maha,4.401357127495453
2020-07-23,6281648.0,4.336435694690088,2019-2020Maha,4.401357127495453
2020-07-24,6281648.0,4.336435694690088,2019-2020Maha,4.401357127495453
2020-07-25,6281648.0,4.336435694690088,2019-2020Maha,4.401357127495453
2020-07-26,6281648.0,4.336435694690088,2019-2020Maha,4.401357127495453
2020-07-27,6281648.0,4.336435694690088,2019-2020Maha,4.401357127495453
2020-07-28,6281648.0,4.336435694690088,2019-2020Maha,4.401357127495453
2020-07-29,6281648.0,4.336435694690088,2019-2020Maha,4.401357127495453
2020-07-30,6281648.0,4.336435694690088,2019-2020Maha,4.401357127495453
2020-07-31,6281648.0,4.336435694690088,2019-2020Maha,4.401357127495453
2020-08-01,6281648.0,4.336435694690088,2019-2020Maha,4.401357127495453
2020-08-02,6281648.0,4.336435694690088,2019-2020Maha,4.401357127495453
2020-08-03,6281648.0,4.336435694690088,2019-2020Maha,4.401357127495453
2020-08-04,6281648.0,4.336435694690088,2019-2020Maha,4.401357127495453
2020-08-05,6281648.0,4.336435694690088,2019-2020Maha,4.401357127495453
2020-08-06,6281648.0,4.336435694690088,2019-2020Maha,4.401357127495453
2020-08-07,6281648.0,4.336435694690088,2019-2020Maha,4.401357127495453
2020-08-08,6281648.0,4.336435694690088,2019-2020Maha,4.401357127495453
2020-08-09,6281648.0,4.336435694690088,2019-2020Maha,4.401357127495453
2020-08-10,6281648.0,4.336435694690088,2019-2020Maha,4.401357127495453
2020-08-11,6281648.0,4.336435694690088,2019-2020Maha,4.401357127495453
2020-08-12,6281648.0,4.336435694690088,2019-2020Maha,4.401357127495453
2020-08-13,6281648.0,4.336435694690088,2019-2020Maha,4.401357127495453
2020-08-14,6281648.0,4.336435694690088,2019-2020Maha,4.401357127495453
2020-08-15,6281648.0,4.336435694690088,2019-2020Maha,4.401357127495453
2020-08-16,6281648.0,4.336435694690088,2019-2020Maha,4.401357127495453
2020-08-17,6281648.0,4.336435694690088,2019-2020Maha,4.401357127495453
2020-08-18,6281648.0,4.336435694690088,2019-2020Maha,4.401357127495453
2020-08-19,6281648.0,4.336435694690088,2019-2020Maha,4.401357127495453
2020-08-20,6281648.0,4.336435694690088,2019-2020Maha,4.401357127495453
2020-08-21,6281648.0,4.336435694690088,2019-2020Maha,4.401357127495453
2020-08-22,6281648.0,4.336435694690088,2019-2020Maha,4.401357127495453
2020-08-23,6281648.0,4.336435694690088,2019-2020Maha,4.401357127495453
2020-08-24,6281648.0,4.336435694690088,2019-2020Maha,4.401357127495453
2020-08-25,6281648.0,4.336435694690088,2019-2020Maha,4.401357127495453
2020-08-26,6281648.0,4.336435694690088,2019-2020Maha,4.401357127495453
2020-08-27,6281648.0,4.336435694690088,2019-2020Maha,4.401357127495453
2020-08-28,6281648.0,4.336435694690088,2019-2020Maha,4.401357127495453
2020-08-29,6281648.0,4.336435694690088,2019-2020Maha,4.401357127495453
2020-08-30,6281648.0,4.336435694690088,2019-2020Maha,4.401357127495453
2020-08-31,6281648.0,4.336435694690088,2019-2020Maha,201.41426006377944
2020-09-01,3064976.0,4.195849840789182,2020Yala,47.06769197402376
2020-09-02,3064976.0,4.195849840789182,2020Yala,47.06769197402376
2020-09-03,3064976.0,4.195849840789182,2020Yala,47.06769197402376
2020-09-04,3064976.0,4.195849840789182,2020Yala,47.06769197402376
2020-09-05,3064976.0,4.195849840789182,2020Yala,47.06769197402376
2020-09-06,3064976.0,4.195849840789182,2020Yala,47.06769197402376
2020-09-07,3064976.0,4.195849840789182,2020Yala,47.06769197402376
2020-09-08,3064976.0,4.195849840789182,2020Yala,47.06769197402376
2020-09-09,3064976.0,4.195849840789182,2020Yala,47.06769197402376
2020-09-10,3064976.0,4.195849840789182,2020Yala,47.06769197402376
2020-09-11,3064976.0,4.195849840789182,2020Yala,47.06769197402376
2020-09-12,3064976.0,4.195849840789182,2020Yala,47.06769197402376
2020-09-13,3064976.0,4.195849840789182,2020Yala,47.06769197402376
2020-09-14,3064976.0,4.195849840789182,2020Yala,47.06769197402376
2020-09-15,3064976.0,4.195849840789182,2020Yala,47.06769197402376
2020-09-16,3064976.0,4.195849840789182,2020Yala,47.06769197402376
2020-09-17,3064976.0,4.195849840789182,2020Yala,47.06769197402376
2020-09-18,3064976.0,4.195849840789182,2020Yala,47.06769197402376
2020-09-19,3064976.0,4.195849840789182,2020Yala,47.06769197402376
2020-09-20,3064976.0,4.195849840789182,2020Yala,47.06769197402376
2020-09-21,3064976.0,4.195849840789182,2020Yala,47.06769197402376
2020-09-22,3064976.0,4.195849840789182,2020Yala,47.06769197402376
2020-09-23,3064976.0,4.195849840789182,2020Yala,47.06769197402376
2020-09-24,3064976.0,4.195849840789182,2020Yala,47.06769197402376
2020-09-25,3064976.0,4.195849840789182,2020Yala,47.06769197402376
2020-09-26,3064976.0,4.195849840789182,2020Yala,47.06769197402376
2020-09-27,3064976.0,4.195849840789182,2020Yala,47.06769197402376
2020-09-28,3064976.0,4.195849840789182,2020Yala,47.06769197402376
2020-09-29,3064976.0,4.195849840789182,2020Yala,47.06769197402376
2020-09-30,3064976.0,4.195849840789182,2020Yala,47.06769197402376
2020-10-01,3064976.0,4.195849840789182,2020Yala,47.06769197402376
2020-10-02,3064976.0,4.195849840789182,2020Yala,47.06769197402376
2020-10-03,3064976.0,4.195849840789182,2020Yala,47.06769197402376
2020-10-04,3064976.0,4.195849840789182,2020Yala,47.06769197402376
2020-10-05,3064976.0,4.195849840789182,2020Yala,47.06769197402376
2020-10-06,3064976.0,4.195849840789182,2020Yala,47.06769197402376
2020-10-07,3064976.0,4.195849840789182,2020Yala,47.06769197402376
2020-10-08,3064976.0,4.195849840789182,2020Yala,47.06769197402376
2020-10-09,3064976.0,4.195849840789182,2020Yala,47.06769197402376
2020-10-10,3064976.0,4.195849840789182,2020Yala,47.06769197402376
2020-10-11,3064976.0,4.195849840789182,2020Yala,47.06769197402376
2020-10-12,3064976.0,4.195849840789182,2020Yala,47.06769197402376
2020-10-13,3064976.0,4.195849840789182,2020Yala,47.06769197402376
2020-10-14,3064976.0,4.195849840789182,2020Yala,47.06769197402376
2020-10-15,3064976.0,4.195849840789182,2020Yala,47.06769197402376
2020-10-16,3064976.0,4.195849840789182,2020Yala,47.06769197402376
2020-10-17,3064976.0,4.195849840789182,2020Yala,47.06769197402376
2020-10-18,3064976.0,4.195849840789182,2020Yala,47.06769197402376
2020-10-19,3064976.0,4.195849840789182,2020Yala,47.06769197402376
2020-10-20,3064976.0,4.195849840789182,2020Yala,47.06769197402376
2020-10-21,3064976.0,4.195849840789182,2020Yala,47.06769197402376
2020-10-22,3064976.0,4.195849840789182,2020Yala,47.06769197402376
2020-10-23,3064976.0,4.195849840789182,2020Yala,47.06769197402376
2020-10-24,3064976.0,4.195849840789182,2020Yala,47.06769197402376
2020-10-25,3064976.0,4.195849840789182,2020Yala,47.06769197402376
2020-10-26,3064976.0,4.195849840789182,2020Yala,47.06769197402376
2020-10-27,3064976.0,4.195849840789182,2020Yala,47.06769197402376
2020-10-28,3064976.0,4.195849840789182,2020Yala,47.06769197402376
2020-10-29,3064976.0,4.195849840789182,2020Yala,47.06769197402376
2020-10-30,3064976.0,4.195849840789182,2020Yala,47.06769197402376
2020-10-31,3064976.0,4.195849840789182,2020Yala,47.06769197402376
2020-11-01,3064976.0,4.195849840789182,2020Yala,47.06769197402376
2020-11-02,3064976.0,4.195849840789182,2020Yala,47.06769197402376
2020-11-03,3064976.0,4.195849840789182,2020Yala,47.06769197402376
2020-11-04,3064976.0,4.195849840789182,2020Yala,47.06769197402376
2020-11-05,3064976.0,4.195849840789182,2020Yala,47.06769197402376
2020-11-06,3064976.0,4.195849840789182,2020Yala,47.06769197402376
2020-11-07,3064976.0,4.195849840789182,2020Yala,47.06769197402376
2020-11-08,3064976.0,4.195849840789182,2020Yala,47.06769197402376
2020-11-09,3064976.0,4.195849840789182,2020Yala,47.06769197402376
2020-11-10,3064976.0,4.195849840789182,2020Yala,47.06769197402376
2020-11-11,3064976.0,4.195849840789182,2020Yala,47.06769197402376
2020-11-12,3064976.0,4.195849840789182,2020Yala,47.06769197402376
2020-11-13,3064976.0,4.195849840789182,2020Yala,47.06769197402376
2020-11-14,3064976.0,4.195849840789182,2020Yala,47.06769197402376
2020-11-15,3064976.0,4.195849840789182,2020Yala,47.06769197402376
2020-11-16,3064976.0,4.195849840789182,2020Yala,47.06769197402376
2020-11-17,3064976.0,4.195849840789182,2020Yala,47.06769197402376
2020-11-18,3064976.0,4.195849840789182,2020Yala,47.06769197402376
2020-11-19,3064976.0,4.195849840789182,2020Yala,47.06769197402376
2020-11-20,3064976.0,4.195849840789182,2020Yala,47.06769197402376
2020-11-21,3064976.0,4.195849840789182,2020Yala,47.06769197402376
2020-11-22,3064976.0,4.195849840789182,2020Yala,47.06769197402376
2020-11-23,3064976.0,4.195849840789182,2020Yala,47.06769197402376
2020-11-24,3064976.0,4.195849840789182,2020Yala,47.06769197402376
2020-11-25,3064976.0,4.195849840789182,2020Yala,47.06769197402376
2020-11-26,3064976.0,4.195849840789182,2020Yala,47.06769197402376
2020-11-27,3064976.0,4.195849840789182,2020Yala,47.06769197402376
2020-11-28,3064976.0,4.195849840789182,2020Yala,47.06769197402376
2020-11-29,3064976.0,4.195849840789182,2020Yala,47.06769197402376
2020-11-30,3064976.0,4.195849840789182,2020Yala,47.06769197402376
2020-12-01,3064976.0,4.195849840789182,2020Yala,47.06769197402376
2020-12-02,3064976.0,4.195849840789182,2020Yala,47.06769197402376
2020-12-03,3064976.0,4.195849840789182,2020Yala,47.06769197402376
2020-12-04,3064976.0,4.195849840789182,2020Yala,47.06769197402376
2020-12-05,3064976.0,4.195849840789182,2020Yala,47.06769197402376
2020-12-06,3064976.0,4.195849840789182,2020Yala,47.06769197402376
2020-12-07,3064976.0,4.195849840789182,2020Yala,47.06769197402376
2020-12-08,3064976.0,4.195849840789182,2020Yala,47.06769197402376
2020-12-09,3064976.0,4.195849840789182,2020Yala,47.06769197402376
2020-12-10,3064976.0,4.195849840789182,2020Yala,47.06769197402376
2020-12-11,3064976.0,4.195849840789182,2020Yala,47.06769197402376
2020-12-12,3064976.0,4.195849840789182,2020Yala,47.06769197402376
2020-12-13,3064976.0,4.195849840789182,2020Yala,47.06769197402376
2020-12-14,3064976.0,4.195849840789182,2020Yala,47.06769197402376
2020-12-15,3064976.0,4.195849840789182,2020Yala,47.06769197402376
2020-12-16,3064976.0,4.195849840789182,2020Yala,47.06769197402376
2020-12-17,3064976.0,4.195849840789182,2020Yala,47.06769197402376
2020-12-18,3064976.0,4.195849840789182,2020Yala,47.06769197402376
2020-12-19,3064976.0,4.195849840789182,2020Yala,47.06769197402376
2020-12-20,3064976.0,4.195849840789182,2020Yala,47.06769197402376
2020-12-21,3064976.0,4.195849840789182,2020Yala,47.06769197402376
2020-12-22,3064976.0,4.195849840789182,2020Yala,47.06769197402376
2020-12-23,3064976.0,4.195849840789182,2020Yala,47.06769197402376
2020-12-24,3064976.0,4.195849840789182,2020Yala,47.06769197402376
2020-12-25,3064976.0,4.195849840789182,2020Yala,47.06769197402376
2020-12-26,3064976.0,4.195849840789182,2020Yala,47.06769197402376
2020-12-27,3064976.0,4.195849840789182,2020Yala,47.06769197402376
2020-12-28,3064976.0,4.195849840789182,2020Yala,47.06769197402376
2020-12-29,3064976.0,4.195849840789182,2020Yala,47.06769197402376
2020-12-30,3064976.0,4.195849840789182,2020Yala,47.06769197402376
2020-12-31,3064976.0,4.195849840789182,2020Yala,47.06769197402376
2021-01-01,3064976.0,4.195849840789182,2020Yala,47.06769197402376
2021-01-02,3064976.0,4.195849840789182,2020Yala,47.06769197402376
2021-01-03,3064976.0,4.195849840789182,2020Yala,47.06769197402376
2021-01-04,3064976.0,4.195849840789182,2020Yala,47.06769197402376
2021-01-05,3064976.0,4.195849840789182,2020Yala,47.06769197402376
2021-01-06,3064976.0,4.195849840789182,2020Yala,47.06769197402376
2021-01-07,3064976.0,4.195849840789182,2020Yala,47.06769197402376
2021-01-08,3064976.0,4.195849840789182,2020Yala,47.06769197402376
2021-01-09,3064976.0,4.195849840789182,2020Yala,47.06769197402376
2021-01-10,3064976.0,4.195849840789182,2020Yala,47.06769197402376
2021-01-11,3064976.0,4.195849840789182,2020Yala,47.06769197402376
2021-01-12,3064976.0,4.195849840789182,2020Yala,47.06769197402376
2021-01-13,3064976.0,4.195849840789182,2020Yala,47.06769197402376
2021-01-14,3064976.0,4.195849840789182,2020Yala,47.06769197402376
2021-01-15,3064976.0,4.195849840789182,2020Yala,47.06769197402376
2021-01-16,3064976.0,4.195849840789182,2020Yala,47.06769197402376
2021-01-17,3064976.0,4.195849840789182,2020Yala,47.06769197402376
2021-01-18,3064976.0,4.195849840789182,2020Yala,47.06769197402376
2021-01-19,3064976.0,4.195849840789182,2020Yala,47.06769197402376
2021-01-20,3064976.0,4.195849840789182,2020Yala,47.06769197402376
2021-01-21,3064976.0,4.195849840789182,2020Yala,47.06769197402376
2021-01-22,3064976.0,4.195849840789182,2020Yala,47.06769197402376
2021-01-23,3064976.0,4.195849840789182,2020Yala,47.06769197402376
2021-01-24,3064976.0,4.195849840789182,2020Yala,47.06769197402376
2021-01-25,3064976.0,4.195849840789182,2020Yala,47.06769197402376
2021-01-26,3064976.0,4.195849840789182,2020Yala,47.06769197402376
2021-01-27,3064976.0,4.195849840789182,2020Yala,47.06769197402376
2021-01-28,3064976.0,4.195849840789182,2020Yala,47.06769197402376
2021-01-29,3064976.0,4.195849840789182,2020Yala,47.06769197402376
2021-01-30,3064976.0,4.195849840789182,2020Yala,47.06769197402376
2021-01-31,3064976.0,4.195849840789182,2020Yala,47.06769197402376
2021-02-01,3064976.0,4.195849840789182,2020Yala,47.06769197402376
2021-02-02,3064976.0,4.195849840789182,2020Yala,47.06769197402376
2021-02-03,3064976.0,4.195849840789182,2020Yala,47.06769197402376
2021-02-04,3064976.0,4.195849840789182,2020Yala,47.06769197402376
2021-02-05,3064976.0,4.195849840789182,2020Yala,47.06769197402376
2021-02-06,3064976.0,4.195849840789182,2020Yala,47.06769197402376
2021-02-07,3064976.0,4.195849840789182,2020Yala,47.06769197402376
2021-02-08,3064976.0,4.195849840789182,2020Yala,47.06769197402376
2021-02-09,3064976.0,4.195849840789182,2020Yala,47.06769197402376
2021-02-10,3064976.0,4.195849840789182,2020Yala,47.06769197402376
2021-02-11,3064976.0,4.195849840789182,2020Yala,47.06769197402376
2021-02-12,3064976.0,4.195849840789182,2020Yala,47.06769197402376
2021-02-13,3064976.0,4.195849840789182,2020Yala,47.06769197402376
2021-02-14,3064976.0,4.195849840789182,2020Yala,47.06769197402376
2021-02-15,3064976.0,4.195849840789182,2020Yala,47.06769197402376
2021-02-16,3064976.0,4.195849840789182,2020Yala,47.06769197402376
2021-02-17,3064976.0,4.195849840789182,2020Yala,47.06769197402376
2021-02-18,3064976.0,4.195849840789182,2020Yala,47.06769197402376
2021-02-19,3064976.0,4.195849840789182,2020Yala,47.06769197402376
2021-02-20,3064976.0,4.195849840789182,2020Yala,47.06769197402376
2021-02-21,3064976.0,4.195849840789182,2020Yala,47.06769197402376
2021-02-22,3064976.0,4.195849840789182,2020Yala,47.06769197402376
2021-02-23,3064976.0,4.195849840789182,2020Yala,47.06769197402376
2021-02-24,3064976.0,4.195849840789182,2020Yala,47.06769197402376
2021-02-25,3064976.0,4.195849840789182,2020Yala,47.06769197402376
2021-02-26,3064976.0,4.195849840789182,2020Yala,47.06769197402376
2021-02-27,3064976.0,4.195849840789182,2020Yala,47.06769197402376
2021-02-28,3064976.0,4.195849840789182,2020Yala,47.06769197402376
2021-03-01,6031094.0,4.036730934758717,2020-2021Maha,-3.9886666683647376
2021-03-02,6031094.0,4.036730934758717,2020-2021Maha,-3.9886666683647376
2021-03-03,6031094.0,4.036730934758717,2020-2021Maha,-3.9886666683647376
2021-03-04,6031094.0,4.036730934758717,2020-2021Maha,-3.9886666683647376
2021-03-05,6031094.0,4.036730934758717,2020-2021Maha,-3.9886666683647376
2021-03-06,6031094.0,4.036730934758717,2020-2021Maha,-3.9886666683647376
2021-03-07,6031094.0,4.036730934758717,2020-2021Maha,-3.9886666683647376
2021-03-08,6031094.0,4.036730934758717,2020-2021Maha,-3.9886666683647376
2021-03-09,6031094.0,4.036730934758717,2020-2021Maha,-3.9886666683647376
2021-03-10,6031094.0,4.036730934758717,2020-2021Maha,-3.9886666683647376
2021-03-11,6031094.0,4.036730934758717,2020-2021Maha,-3.9886666683647376
2021-03-12,6031094.0,4.036730934758717,2020-2021Maha,-3.9886666683647376
2021-03-13,6031094.0,4.036730934758717,2020-2021Maha,-3.9886666683647376
2021-03-14,6031094.0,4.036730934758717,2020-2021Maha,-3.9886666683647376
2021-03-15,6031094.0,4.036730934758717,2020-2021Maha,-3.9886666683647376
2021-03-16,6031094.0,4.036730934758717,2020-2021Maha,-3.9886666683647376
2021-03-17,6031094.0,4.036730934758717,2020-2021Maha,-3.9886666683647376
2021-03-18,6031094.0,4.036730934758717,2020-2021Maha,-3.9886666683647376
2021-03-19,6031094.0,4.036730934758717,2020-2021Maha,-3.9886666683647376
2021-03-20,6031094.0,4.036730934758717,2020-2021Maha,-3.9886666683647376
2021-03-21,6031094.0,4.036730934758717,2020-2021Maha,-3.9886666683647376
2021-03-22,6031094.0,4.036730934758717,2020-2021Maha,-3.9886666683647376
2021-03-23,6031094.0,4.036730934758717,2020-2021Maha,-3.9886666683647376
2021-03-24,6031094.0,4.036730934758717,2020-2021Maha,-3.9886666683647376
2021-03-25,6031094.0,4.036730934758717,2020-2021Maha,-3.9886666683647376
2021-03-26,6031094.0,4.036730934758717,2020-2021Maha,-3.9886666683647376
2021-03-27,6031094.0,4.036730934758717,2020-2021Maha,-3.9886666683647376
2021-03-28,6031094.0,4.036730934758717,2020-2021Maha,-3.9886666683647376
2021-03-29,6031094.0,4.036730934758717,2020-2021Maha,-3.9886666683647376
2021-03-30,6031094.0,4.036730934758717,2020-2021Maha,-3.9886666683647376
2021-03-31,6031094.0,4.036730934758717,2020-2021Maha,-3.9886666683647376
2021-04-01,6031094.0,4.036730934758717,2020-2021Maha,-3.9886666683647376
2021-04-02,6031094.0,4.036730934758717,2020-2021Maha,-3.9886666683647376
2021-04-03,6031094.0,4.036730934758717,2020-2021Maha,-3.9886666683647376
2021-04-04,6031094.0,4.036730934758717,2020-2021Maha,-3.9886666683647376
2021-04-05,6031094.0,4.036730934758717,2020-2021Maha,-3.9886666683647376
2021-04-06,6031094.0,4.036730934758717,2020-2021Maha,-3.9886666683647376
2021-04-07,6031094.0,4.036730934758717,2020-2021Maha,-3.9886666683647376
2021-04-08,6031094.0,4.036730934758717,2020-2021Maha,-3.9886666683647376
2021-04-09,6031094.0,4.036730934758717,2020-2021Maha,-3.9886666683647376
2021-04-10,6031094.0,4.036730934758717,2020-2021Maha,-3.9886666683647376
2021-04-11,6031094.0,4.036730934758717,2020-2021Maha,-3.9886666683647376
2021-04-12,6031094.0,4.036730934758717,2020-2021Maha,-3.9886666683647376
2021-04-13,6031094.0,4.036730934758717,2020-2021Maha,-3.9886666683647376
2021-04-14,6031094.0,4.036730934758717,2020-2021Maha,-3.9886666683647376
2021-04-15,6031094.0,4.036730934758717,2020-2021Maha,-3.9886666683647376
2021-04-16,6031094.0,4.036730934758717,2020-2021Maha,-3.9886666683647376
2021-04-17,6031094.0,4.036730934758717,2020-2021Maha,-3.9886666683647376
2021-04-18,6031094.0,4.036730934758717,2020-2021Maha,-3.9886666683647376
2021-04-19,6031094.0,4.036730934758717,2020-2021Maha,-3.9886666683647376
2021-04-20,6031094.0,4.036730934758717,2020-2021Maha,-3.9886666683647376
2021-04-21,6031094.0,4.036730934758717,2020-2021Maha,-3.9886666683647376
2021-04-22,6031094.0,4.036730934758717,2020-2021Maha,-3.9886666683647376
2021-04-23,6031094.0,4.036730934758717,2020-2021Maha,-3.9886666683647376
2021-04-24,6031094.0,4.036730934758717,2020-2021Maha,-3.9886666683647376
2021-04-25,6031094.0,4.036730934758717,2020-2021Maha,-3.9886666683647376
2021-04-26,6031094.0,4.036730934758717,2020-2021Maha,-3.9886666683647376
2021-04-27,6031094.0,4.036730934758717,2020-2021Maha,-3.9886666683647376
2021-04-28,6031094.0,4.036730934758717,2020-2021Maha,-3.9886666683647376
2021-04-29,6031094.0,4.036730934758717,2020-2021Maha,-3.9886666683647376
2021-04-30,6031094.0,4.036730934758717,2020-2021Maha,-3.9886666683647376
2021-05-01,6031094.0,4.036730934758717,2020-2021Maha,-3.9886666683647376
2021-05-02,6031094.0,4.036730934758717,2020-2021Maha,-3.9886666683647376
2021-05-03,6031094.0,4.036730934758717,2020-2021Maha,-3.9886666683647376
2021-05-04,6031094.0,4.036730934758717,2020-2021Maha,-3.9886666683647376
2021-05-05,6031094.0,4.036730934758717,2020-2021Maha,-3.9886666683647376
2021-05-06,6031094.0,4.036730934758717,2020-2021Maha,-3.9886666683647376
2021-05-07,6031094.0,4.036730934758717,2020-2021Maha,-3.9886666683647376
2021-05-08,6031094.0,4.036730934758717,2020-2021Maha,-3.9886666683647376
2021-05-09,6031094.0,4.036730934758717,2020-2021Maha,-3.9886666683647376
2021-05-10,6031094.0,4.036730934758717,2020-2021Maha,-3.9886666683647376
2021-05-11,6031094.0,4.036730934758717,2020-2021Maha,-3.9886666683647376
2021-05-12,6031094.0,4.036730934758717,2020-2021Maha,-3.9886666683647376
2021-05-13,6031094.0,4.036730934758717,2020-2021Maha,-3.9886666683647376
2021-05-14,6031094.0,4.036730934758717,2020-2021Maha,-3.9886666683647376
2021-05-15,6031094.0,4.036730934758717,2020-2021Maha,-3.9886666683647376
2021-05-16,6031094.0,4.036730934758717,2020-2021Maha,-3.9886666683647376
2021-05-17,6031094.0,4.036730934758717,2020-2021Maha,-3.9886666683647376
2021-05-18,6031094.0,4.036730934758717,2020-2021Maha,-3.9886666683647376
2021-05-19,6031094.0,4.036730934758717,2020-2021Maha,-3.9886666683647376
2021-05-20,6031094.0,4.036730934758717,2020-2021Maha,-3.9886666683647376
2021-05-21,6031094.0,4.036730934758717,2020-2021Maha,-3.9886666683647376
2021-05-22,6031094.0,4.036730934758717,2020-2021Maha,-3.9886666683647376
2021-05-23,6031094.0,4.036730934758717,2020-2021Maha,-3.9886666683647376
2021-05-24,6031094.0,4.036730934758717,2020-2021Maha,-3.9886666683647376
2021-05-25,6031094.0,4.036730934758717,2020-2021Maha,-3.9886666683647376
2021-05-26,6031094.0,4.036730934758717,2020-2021Maha,-3.9886666683647376
2021-05-27,6031094.0,4.036730934758717,2020-2021Maha,-3.9886666683647376
2021-05-28,6031094.0,4.036730934758717,2020-2021Maha,-3.9886666683647376
2021-05-29,6031094.0,4.036730934758717,2020-2021Maha,-3.9886666683647376
2021-05-30,6031094.0,4.036730934758717,2020-2021Maha,-3.9886666683647376
2021-05-31,6031094.0,4.036730934758717,2020-2021Maha,-3.9886666683647376
2021-06-01,6031094.0,4.036730934758717,2020-2021Maha,-3.9886666683647376
2021-06-02,6031094.0,4.036730934758717,2020-2021Maha,-3.9886666683647376
2021-06-03,6031094.0,4.036730934758717,2020-2021Maha,-3.9886666683647376
2021-06-04,6031094.0,4.036730934758717,2020-2021Maha,-3.9886666683647376
2021-06-05,6031094.0,4.036730934758717,2020-2021Maha,-3.9886666683647376
2021-06-06,6031094.0,4.036730934758717,2020-2021Maha,-3.9886666683647376
2021-06-07,6031094.0,4.036730934758717,2020-2021Maha,-3.9886666683647376
2021-06-08,6031094.0,4.036730934758717,2020-2021Maha,-3.9886666683647376
2021-06-09,6031094.0,4.036730934758717,2020-2021Maha,-3.9886666683647376
2021-06-10,6031094.0,4.036730934758717,2020-2021Maha,-3.9886666683647376
2021-06-11,6031094.0,4.036730934758717,2020-2021Maha,-3.9886666683647376
2021-06-12,6031094.0,4.036730934758717,2020-2021Maha,-3.9886666683647376
2021-06-13,6031094.0,4.036730934758717,2020-2021Maha,-3.9886666683647376
2021-06-14,6031094.0,4.036730934758717,2020-2021Maha,-3.9886666683647376
2021-06-15,6031094.0,4.036730934758717,2020-2021Maha,-3.9886666683647376
2021-06-16,6031094.0,4.036730934758717,2020-2021Maha,-3.9886666683647376
2021-06-17,6031094.0,4.036730934758717,2020-2021Maha,-3.9886666683647376
2021-06-18,6031094.0,4.036730934758717,2020-2021Maha,-3.9886666683647376
2021-06-19,6031094.0,4.036730934758717,2020-2021Maha,-3.9886666683647376
2021-06-20,6031094.0,4.036730934758717,2020-2021Maha,-3.9886666683647376
2021-06-21,6031094.0,4.036730934758717,2020-2021Maha,-3.9886666683647376
2021-06-22,6031094.0,4.036730934758717,2020-2021Maha,-3.9886666683647376
2021-06-23,6031094.0,4.036730934758717,2020-2021Maha,-3.9886666683647376
2021-06-24,6031094.0,4.036730934758717,2020-2021Maha,-3.9886666683647376
2021-06-25,6031094.0,4.036730934758717,2020-2021Maha,-3.9886666683647376
2021-06-26,6031094.0,4.036730934758717,2020-2021Maha,-3.9886666683647376
2021-06-27,6031094.0,4.036730934758717,2020-2021Maha,-3.9886666683647376
2021-06-28,6031094.0,4.036730934758717,2020-2021Maha,-3.9886666683647376
2021-06-29,6031094.0,4.036730934758717,2020-2021Maha,-3.9886666683647376
2021-06-30,6031094.0,4.036730934758717,2020-2021Maha,-3.9886666683647376
2021-07-01,6031094.0,4.036730934758717,2020-2021Maha,-3.9886666683647376
2021-07-02,6031094.0,4.036730934758717,2020-2021Maha,-3.9886666683647376
2021-07-03,6031094.0,4.036730934758717,2020-2021Maha,-3.9886666683647376
2021-07-04,6031094.0,4.036730934758717,2020-2021Maha,-3.9886666683647376
2021-07-05,6031094.0,4.036730934758717,2020-2021Maha,-3.9886666683647376
2021-07-06,6031094.0,4.036730934758717,2020-2021Maha,-3.9886666683647376
2021-07-07,6031094.0,4.036730934758717,2020-2021Maha,-3.9886666683647376
2021-07-08,6031094.0,4.036730934758717,2020-2021Maha,-3.9886666683647376
2021-07-09,6031094.0,4.036730934758717,2020-2021Maha,-3.9886666683647376
2021-07-10,6031094.0,4.036730934758717,2020-2021Maha,-3.9886666683647376
2021-07-11,6031094.0,4.036730934758717,2020-2021Maha,-3.9886666683647376
2021-07-12,6031094.0,4.036730934758717,2020-2021Maha,-3.9886666683647376
2021-07-13,6031094.0,4.036730934758717,2020-2021Maha,-3.9886666683647376
2021-07-14,6031094.0,4.036730934758717,2020-2021Maha,-3.9886666683647376
2021-07-15,6031094.0,4.036730934758717,2020-2021Maha,-3.9886666683647376
2021-07-16,6031094.0,4.036730934758717,2020-2021Maha,-3.9886666683647376
2021-07-17,6031094.0,4.036730934758717,2020-2021Maha,-3.9886666683647376
2021-07-18,6031094.0,4.036730934758717,2020-2021Maha,-3.9886666683647376
2021-07-19,6031094.0,4.036730934758717,2020-2021Maha,-3.9886666683647376
2021-07-20,6031094.0,4.036730934758717,2020-2021Maha,-3.9886666683647376
2021-07-21,6031094.0,4.036730934758717,2020-2021Maha,-3.9886666683647376
2021-07-22,6031094.0,4.036730934758717,2020-2021Maha,-3.9886666683647376
2021-07-23,6031094.0,4.036730934758717,2020-2021Maha,-3.9886666683647376
2021-07-24,6031094.0,4.036730934758717,2020-2021Maha,-3.9886666683647376
2021-07-25,6031094.0,4.036730934758717,2020-2021Maha,-3.9886666683647376
2021-07-26,6031094.0,4.036730934758717,2020-2021Maha,-3.9886666683647376
2021-07-27,6031094.0,4.036730934758717,2020-2021Maha,-3.9886666683647376
2021-07-28,6031094.0,4.036730934758717,2020-2021Maha,-3.9886666683647376
2021-07-29,6031094.0,4.036730934758717,2020-2021Maha,-3.9886666683647376
2021-07-30,6031094.0,4.036730934758717,2020-2021Maha,-3.9886666683647376
2021-07-31,6031094.0,4.036730934758717,2020-2021Maha,-3.9886666683647376
2021-08-01,6031094.0,4.036730934758717,2020-2021Maha,-3.9886666683647376
2021-08-02,6031094.0,4.036730934758717,2020-2021Maha,-3.9886666683647376
2021-08-03,6031094.0,4.036730934758717,2020-2021Maha,-3.9886666683647376
2021-08-04,6031094.0,4.036730934758717,2020-2021Maha,-3.9886666683647376
2021-08-05,6031094.0,4.036730934758717,2020-2021Maha,-3.9886666683647376
2021-08-06,6031094.0,4.036730934758717,2020-2021Maha,-3.9886666683647376
2021-08-07,6031094.0,4.036730934758717,2020-2021Maha,-3.9886666683647376
2021-08-08,6031094.0,4.036730934758717,2020-2021Maha,-3.9886666683647376
2021-08-09,6031094.0,4.036730934758717,2020-2021Maha,-3.9886666683647376
2021-08-10,6031094.0,4.036730934758717,2020-2021Maha,-3.9886666683647376
2021-08-11,6031094.0,4.036730934758717,2020-2021Maha,-3.9886666683647376
2021-08-12,6031094.0,4.036730934758717,2020-2021Maha,-3.9886666683647376
2021-08-13,6031094.0,4.036730934758717,2020-2021Maha,-3.9886666683647376
2021-08-14,6031094.0,4.036730934758717,2020-2021Maha,-3.9886666683647376
2021-08-15,6031094.0,4.036730934758717,2020-2021Maha,-3.9886666683647376
2021-08-16,6031094.0,4.036730934758717,2020-2021Maha,-3.9886666683647376
2021-08-17,6031094.0,4.036730934758717,2020-2021Maha,-3.9886666683647376
2021-08-18,6031094.0,4.036730934758717,2020-2021Maha,-3.9886666683647376
2021-08-19,6031094.0,4.036730934758717,2020-2021Maha,-3.9886666683647376
2021-08-20,6031094.0,4.036730934758717,2020-2021Maha,-3.9886666683647376
2021-08-21,6031094.0,4.036730934758717,2020-2021Maha,-3.9886666683647376
2021-08-22,6031094.0,4.036730934758717,2020-2021Maha,-3.9886666683647376
2021-08-23,6031094.0,4.036730934758717,2020-2021Maha,-3.9886666683647376
2021-08-24,6031094.0,4.036730934758717,2020-2021Maha,-3.9886666683647376
2021-08-25,6031094.0,4.036730934758717,2020-2021Maha,-3.9886666683647376
2021-08-26,6031094.0,4.036730934758717,2020-2021Maha,-3.9886666683647376
2021-08-27,6031094.0,4.036730934758717,2020-2021Maha,-3.9886666683647376
2021-08-28,6031094.0,4.036730934758717,2020-2021Maha,-3.9886666683647376
2021-08-29,6031094.0,4.036730934758717,2020-2021Maha,-3.9886666683647376
2021-08-30,6031094.0,4.036730934758717,2020-2021Maha,-3.9886666683647376
2021-08-31,6031094.0,4.036730934758717,2020-2021Maha,-3.9886666683647376
2021-09-01,3298644.0,4.111576727385134,2021Yala,7.623811736209363
2021-09-02,3298644.0,4.111576727385134,2021Yala,7.623811736209363
2021-09-03,3298644.0,4.111576727385134,2021Yala,7.623811736209363
2021-09-04,3298644.0,4.111576727385134,2021Yala,7.623811736209363
2021-09-05,3298644.0,4.111576727385134,2021Yala,7.623811736209363
2021-09-06,3298644.0,4.111576727385134,2021Yala,7.623811736209363
2021-09-07,3298644.0,4.111576727385134,2021Yala,7.623811736209363
2021-09-08,3298644.0,4.111576727385134,2021Yala,7.623811736209363
2021-09-09,3298644.0,4.111576727385134,2021Yala,7.623811736209363
2021-09-10,3298644.0,4.111576727385134,2021Yala,7.623811736209363
2021-09-11,3298644.0,4.111576727385134,2021Yala,7.623811736209363
2021-09-12,3298644.0,4.111576727385134,2021Yala,7.623811736209363
2021-09-13,3298644.0,4.111576727385134,2021Yala,7.623811736209363
2021-09-14,3298644.0,4.111576727385134,2021Yala,7.623811736209363
2021-09-15,3298644.0,4.111576727385134,2021Yala,7.623811736209363
2021-09-16,3298644.0,4.111576727385134,2021Yala,7.623811736209363
2021-09-17,3298644.0,4.111576727385134,2021Yala,7.623811736209363
2021-09-18,3298644.0,4.111576727385134,2021Yala,7.623811736209363
2021-09-19,3298644.0,4.111576727385134,2021Yala,7.623811736209363
2021-09-20,3298644.0,4.111576727385134,2021Yala,7.623811736209363
2021-09-21,3298644.0,4.111576727385134,2021Yala,7.623811736209363
2021-09-22,3298644.0,4.111576727385134,2021Yala,7.623811736209363
2021-09-23,3298644.0,4.111576727385134,2021Yala,7.623811736209363
2021-09-24,3298644.0,4.111576727385134,2021Yala,7.623811736209363
2021-09-25,3298644.0,4.111576727385134,2021Yala,7.623811736209363
2021-09-26,3298644.0,4.111576727385134,2021Yala,7.623811736209363
2021-09-27,3298644.0,4.111576727385134,2021Yala,7.623811736209363
2021-09-28,3298644.0,4.111576727385134,2021Yala,7.623811736209363
2021-09-29,3298644.0,4.111576727385134,2021Yala,7.623811736209363
2021-09-30,3298644.0,4.111576727385134,2021Yala,7.623811736209363
2021-10-01,3298644.0,4.111576727385134,2021Yala,7.623811736209363
2021-10-02,3298644.0,4.111576727385134,2021Yala,7.623811736209363
2021-10-03,3298644.0,4.111576727385134,2021Yala,7.623811736209363
2021-10-04,3298644.0,4.111576727385134,2021Yala,7.623811736209363
2021-10-05,3298644.0,4.111576727385134,2021Yala,7.623811736209363
2021-10-06,3298644.0,4.111576727385134,2021Yala,7.623811736209363
2021-10-07,3298644.0,4.111576727385134,2021Yala,7.623811736209363
2021-10-08,3298644.0,4.111576727385134,2021Yala,7.623811736209363
2021-10-09,3298644.0,4.111576727385134,2021Yala,7.623811736209363
2021-10-10,3298644.0,4.111576727385134,2021Yala,7.623811736209363
2021-10-11,3298644.0,4.111576727385134,2021Yala,7.623811736209363
2021-10-12,3298644.0,4.111576727385134,2021Yala,7.623811736209363
2021-10-13,3298644.0,4.111576727385134,2021Yala,7.623811736209363
2021-10-14,3298644.0,4.111576727385134,2021Yala,7.623811736209363
2021-10-15,3298644.0,4.111576727385134,2021Yala,7.623811736209363
2021-10-16,3298644.0,4.111576727385134,2021Yala,7.623811736209363
2021-10-17,3298644.0,4.111576727385134,2021Yala,7.623811736209363
2021-10-18,3298644.0,4.111576727385134,2021Yala,7.623811736209363
2021-10-19,3298644.0,4.111576727385134,2021Yala,7.623811736209363
2021-10-20,3298644.0,4.111576727385134,2021Yala,7.623811736209363
2021-10-21,3298644.0,4.111576727385134,2021Yala,7.623811736209363
2021-10-22,3298644.0,4.111576727385134,2021Yala,7.623811736209363
2021-10-23,3298644.0,4.111576727385134,2021Yala,7.623811736209363
2021-10-24,3298644.0,4.111576727385134,2021Yala,7.623811736209363
2021-10-25,3298644.0,4.111576727385134,2021Yala,7.623811736209363
2021-10-26,3298644.0,4.111576727385134,2021Yala,7.623811736209363
2021-10-27,3298644.0,4.111576727385134,2021Yala,7.623811736209363
2021-10-28,3298644.0,4.111576727385134,2021Yala,7.623811736209363
2021-10-29,3298644.0,4.111576727385134,2021Yala,7.623811736209363
2021-10-30,3298644.0,4.111576727385134,2021Yala,7.623811736209363
2021-10-31,3298644.0,4.111576727385134,2021Yala,7.623811736209363
2021-11-01,3298644.0,4.111576727385134,2021Yala,7.623811736209363
2021-11-02,3298644.0,4.111576727385134,2021Yala,7.623811736209363
2021-11-03,3298644.0,4.111576727385134,2021Yala,7.623811736209363
2021-11-04,3298644.0,4.111576727385134,2021Yala,7.623811736209363
2021-11-05,3298644.0,4.111576727385134,2021Yala,7.623811736209363
2021-11-06,3298644.0,4.111576727385134,2021Yala,7.623811736209363
2021-11-07,3298644.0,4.111576727385134,2021Yala,7.623811736209363
2021-11-08,3298644.0,4.111576727385134,2021Yala,7.623811736209363
2021-11-09,3298644.0,4.111576727385134,2021Yala,7.623811736209363
2021-11-10,3298644.0,4.111576727385134,2021Yala,7.623811736209363
2021-11-11,3298644.0,4.111576727385134,2021Yala,7.623811736209363
2021-11-12,3298644.0,4.111576727385134,2021Yala,7.623811736209363
2021-11-13,3298644.0,4.111576727385134,2021Yala,7.623811736209363
2021-11-14,3298644.0,4.111576727385134,2021Yala,7.623811736209363
2021-11-15,3298644.0,4.111576727385134,2021Yala,7.623811736209363
2021-11-16,3298644.0,4.111576727385134,2021Yala,7.623811736209363
2021-11-17,3298644.0,4.111576727385134,2021Yala,7.623811736209363
2021-11-18,3298644.0,4.111576727385134,2021Yala,7.623811736209363
2021-11-19,3298644.0,4.111576727385134,2021Yala,7.623811736209363
2021-11-20,3298644.0,4.111576727385134,2021Yala,7.623811736209363
2021-11-21,3298644.0,4.111576727385134,2021Yala,7.623811736209363
2021-11-22,3298644.0,4.111576727385134,2021Yala,7.623811736209363
2021-11-23,3298644.0,4.111576727385134,2021Yala,7.623811736209363
2021-11-24,3298644.0,4.111576727385134,2021Yala,7.623811736209363
2021-11-25,3298644.0,4.111576727385134,2021Yala,7.623811736209363
2021-11-26,3298644.0,4.111576727385134,2021Yala,7.623811736209363
2021-11-27,3298644.0,4.111576727385134,2021Yala,7.623811736209363
2021-11-28,3298644.0,4.111576727385134,2021Yala,7.623811736209363
2021-11-29,3298644.0,4.111576727385134,2021Yala,7.623811736209363
2021-11-30,3298644.0,4.111576727385134,2021Yala,7.623811736209363
2021-12-01,3298644.0,4.111576727385134,2021Yala,7.623811736209363
2021-12-02,3298644.0,4.111576727385134,2021Yala,7.623811736209363
2021-12-03,3298644.0,4.111576727385134,2021Yala,7.623811736209363
2021-12-04,3298644.0,4.111576727385134,2021Yala,7.623811736209363
2021-12-05,3298644.0,4.111576727385134,2021Yala,7.623811736209363
2021-12-06,3298644.0,4.111576727385134,2021Yala,7.623811736209363
2021-12-07,3298644.0,4.111576727385134,2021Yala,7.623811736209363
2021-12-08,3298644.0,4.111576727385134,2021Yala,7.623811736209363
2021-12-09,3298644.0,4.111576727385134,2021Yala,7.623811736209363
2021-12-10,3298644.0,4.111576727385134,2021Yala,7.623811736209363
2021-12-11,3298644.0,4.111576727385134,2021Yala,7.623811736209363
2021-12-12,3298644.0,4.111576727385134,2021Yala,7.623811736209363
2021-12-13,3298644.0,4.111576727385134,2021Yala,7.623811736209363
2021-12-14,3298644.0,4.111576727385134,2021Yala,7.623811736209363
2021-12-15,3298644.0,4.111576727385134,2021Yala,7.623811736209363
2021-12-16,3298644.0,4.111576727385134,2021Yala,7.623811736209363
2021-12-17,3298644.0,4.111576727385134,2021Yala,7.623811736209363
2021-12-18,3298644.0,4.111576727385134,2021Yala,7.623811736209363
2021-12-19,3298644.0,4.111576727385134,2021Yala,7.623811736209363
2021-12-20,3298644.0,4.111576727385134,2021Yala,7.623811736209363
2021-12-21,3298644.0,4.111576727385134,2021Yala,7.623811736209363
2021-12-22,3298644.0,4.111576727385134,2021Yala,7.623811736209363
2021-12-23,3298644.0,4.111576727385134,2021Yala,7.623811736209363
2021-12-24,3298644.0,4.111576727385134,2021Yala,7.623811736209363
2021-12-25,3298644.0,4.111576727385134,2021Yala,7.623811736209363
2021-12-26,3298644.0,4.111576727385134,2021Yala,7.623811736209363
2021-12-27,3298644.0,4.111576727385134,2021Yala,7.623811736209363
2021-12-28,3298644.0,4.111576727385134,2021Yala,7.623811736209363
2021-12-29,3298644.0,4.111576727385134,2021Yala,7.623811736209363
2021-12-30,3298644.0,4.111576727385134,2021Yala,7.623811736209363
2021-12-31,3298644.0,4.111576727385134,2021Yala,7.623811736209363
2022-01-01,3298644.0,4.111576727385134,2021Yala,7.623811736209363
2022-01-02,3298644.0,4.111576727385134,2021Yala,7.623811736209363
2022-01-03,3298644.0,4.111576727385134,2021Yala,7.623811736209363
2022-01-04,3298644.0,4.111576727385134,2021Yala,7.623811736209363
2022-01-05,3298644.0,4.111576727385134,2021Yala,7.623811736209363
2022-01-06,3298644.0,4.111576727385134,2021Yala,7.623811736209363
2022-01-07,3298644.0,4.111576727385134,2021Yala,7.623811736209363
2022-01-08,3298644.0,4.111576727385134,2021Yala,7.623811736209363
2022-01-09,3298644.0,4.111576727385134,2021Yala,7.623811736209363
2022-01-10,3298644.0,4.111576727385134,2021Yala,7.623811736209363
2022-01-11,3298644.0,4.111576727385134,2021Yala,7.623811736209363
2022-01-12,3298644.0,4.111576727385134,2021Yala,7.623811736209363
2022-01-13,3298644.0,4.111576727385134,2021Yala,7.623811736209363
2022-01-14,3298644.0,4.111576727385134,2021Yala,7.623811736209363
2022-01-15,3298644.0,4.111576727385134,2021Yala,7.623811736209363
2022-01-16,3298644.0,4.111576727385134,2021Yala,7.623811736209363
2022-01-17,3298644.0,4.111576727385134,2021Yala,7.623811736209363
2022-01-18,3298644.0,4.111576727385134,2021Yala,7.623811736209363
2022-01-19,3298644.0,4.111576727385134,2021Yala,7.623811736209363
2022-01-20,3298644.0,4.111576727385134,2021Yala,7.623811736209363
2022-01-21,3298644.0,4.111576727385134,2021Yala,7.623811736209363
2022-01-22,3298644.0,4.111576727385134,2021Yala,7.623811736209363
2022-01-23,3298644.0,4.111576727385134,2021Yala,7.623811736209363
2022-01-24,3298644.0,4.111576727385134,2021Yala,7.623811736209363
2022-01-25,3298644.0,4.111576727385134,2021Yala,7.623811736209363
2022-01-26,3298644.0,4.111576727385134,2021Yala,7.623811736209363
2022-01-27,3298644.0,4.111576727385134,2021Yala,7.623811736209363
2022-01-28,3298644.0,4.111576727385134,2021Yala,7.623811736209363
2022-01-29,3298644.0,4.111576727385134,2021Yala,7.623811736209363
2022-01-30,3298644.0,4.111576727385134,2021Yala,7.623811736209363
2022-01-31,3298644.0,4.111576727385134,2021Yala,7.623811736209363
2022-02-01,3298644.0,4.111576727385134,2021Yala,7.623811736209363
2022-02-02,3298644.0,4.111576727385134,2021Yala,7.623811736209363
2022-02-03,3298644.0,4.111576727385134,2021Yala,7.623811736209363
2022-02-04,3298644.0,4.111576727385134,2021Yala,7.623811736209363
2022-02-05,3298644.0,4.111576727385134,2021Yala,7.623811736209363
2022-02-06,3298644.0,4.111576727385134,2021Yala,7.623811736209363
2022-02-07,3298644.0,4.111576727385134,2021Yala,7.623811736209363
2022-02-08,3298644.0,4.111576727385134,2021Yala,7.623811736209363
2022-02-09,3298644.0,4.111576727385134,2021Yala,7.623811736209363
2022-02-10,3298644.0,4.111576727385134,2021Yala,7.623811736209363
2022-02-11,3298644.0,4.111576727385134,2021Yala,7.623811736209363
2022-02-12,3298644.0,4.111576727385134,2021Yala,7.623811736209363
2022-02-13,3298644.0,4.111576727385134,2021Yala,7.623811736209363
2022-02-14,3298644.0,4.111576727385134,2021Yala,7.623811736209363
2022-02-15,3298644.0,4.111576727385134,2021Yala,7.623811736209363
2022-02-16,3298644.0,4.111576727385134,2021Yala,7.623811736209363
2022-02-17,3298644.0,4.111576727385134,2021Yala,7.623811736209363
2022-02-18,3298644.0,4.111576727385134,2021Yala,7.623811736209363
2022-02-19,3298644.0,4.111576727385134,2021Yala,7.623811736209363
2022-02-20,3298644.0,4.111576727385134,2021Yala,7.623811736209363
2022-02-21,3298644.0,4.111576727385134,2021Yala,7.623811736209363
2022-02-22,3298644.0,4.111576727385134,2021Yala,7.623811736209363
2022-02-23,3298644.0,4.111576727385134,2021Yala,7.623811736209363
2022-02-24,3298644.0,4.111576727385134,2021Yala,7.623811736209363
2022-02-25,3298644.0,4.111576727385134,2021Yala,7.623811736209363
2022-02-26,3298644.0,4.111576727385134,2021Yala,7.623811736209363
2022-02-27,3298644.0,4.111576727385134,2021Yala,7.623811736209363
2022-02-28,3298644.0,4.111576727385134,2021Yala,7.623811736209363
2022-03-01,5686791.0,2.520465853457469,2021-2022Maha,-5.708798436900498
2022-03-02,5686791.0,2.520465853457469,2021-2022Maha,-5.708798436900498
2022-03-03,5686791.0,2.520465853457469,2021-2022Maha,-5.708798436900498
2022-03-04,5686791.0,2.520465853457469,2021-2022Maha,-5.708798436900498
2022-03-05,5686791.0,2.520465853457469,2021-2022Maha,-5.708798436900498
2022-03-06,5686791.0,2.520465853457469,2021-2022Maha,-5.708798436900498
2022-03-07,5686791.0,2.520465853457469,2021-2022Maha,-5.708798436900498
2022-03-08,5686791.0,2.520465853457469,2021-2022Maha,-5.708798436900498
2022-03-09,5686791.0,2.520465853457469,2021-2022Maha,-5.708798436900498
2022-03-10,5686791.0,2.520465853457469,2021-2022Maha,-5.708798436900498
2022-03-11,5686791.0,2.520465853457469,2021-2022Maha,-5.708798436900498
2022-03-12,5686791.0,2.520465853457469,2021-2022Maha,-5.708798436900498
2022-03-13,5686791.0,2.520465853457469,2021-2022Maha,-5.708798436900498
2022-03-14,5686791.0,2.520465853457469,2021-2022Maha,-5.708798436900498
2022-03-15,5686791.0,2.520465853457469,2021-2022Maha,-5.708798436900498
2022-03-16,5686791.0,2.520465853457469,2021-2022Maha,-5.708798436900498
2022-03-17,5686791.0,2.520465853457469,2021-2022Maha,-5.708798436900498
2022-03-18,5686791.0,2.520465853457469,2021-2022Maha,-5.708798436900498
2022-03-19,5686791.0,2.520465853457469,2021-2022Maha,-5.708798436900498
2022-03-20,5686791.0,2.520465853457469,2021-2022Maha,-5.708798436900498
2022-03-21,5686791.0,2.520465853457469,2021-2022Maha,-5.708798436900498
2022-03-22,5686791.0,2.520465853457469,2021-2022Maha,-5.708798436900498
2022-03-23,5686791.0,2.520465853457469,2021-2022Maha,-5.708798436900498
2022-03-24,5686791.0,2.520465853457469,2021-2022Maha,-5.708798436900498
2022-03-25,5686791.0,2.520465853457469,2021-2022Maha,-5.708798436900498
2022-03-26,5686791.0,2.520465853457469,2021-2022Maha,-5.708798436900498
2022-03-27,5686791.0,2.520465853457469,2021-2022Maha,-5.708798436900498
2022-03-28,5686791.0,2.520465853457469,2021-2022Maha,-5.708798436900498
2022-03-29,5686791.0,2.520465853457469,2021-2022Maha,-5.708798436900498
2022-03-30,5686791.0,2.520465853457469,2021-2022Maha,-5.708798436900498
2022-03-31,5686791.0,2.520465853457469,2021-2022Maha,-5.708798436900498
2022-04-01,5686791.0,2.520465853457469,2021-2022Maha,-5.708798436900498
2022-04-02,5686791.0,2.520465853457469,2021-2022Maha,-5.708798436900498
2022-04-03,5686791.0,2.520465853457469,2021-2022Maha,-5.708798436900498
2022-04-04,5686791.0,2.520465853457469,2021-2022Maha,-5.708798436900498
2022-04-05,5686791.0,2.520465853457469,2021-2022Maha,-5.708798436900498
2022-04-06,5686791.0,2.520465853457469,2021-2022Maha,-5.708798436900498
2022-04-07,5686791.0,2.520465853457469,2021-2022Maha,-5.708798436900498
2022-04-08,5686791.0,2.520465853457469,2021-2022Maha,-5.708798436900498
2022-04-09,5686791.0,2.520465853457469,2021-2022Maha,-5.708798436900498
2022-04-10,5686791.0,2.520465853457469,2021-2022Maha,-5.708798436900498
2022-04-11,5686791.0,2.520465853457469,2021-2022Maha,-5.708798436900498
2022-04-12,5686791.0,2.520465853457469,2021-2022Maha,-5.708798436900498
2022-04-13,5686791.0,2.520465853457469,2021-2022Maha,-5.708798436900498
2022-04-14,5686791.0,2.520465853457469,2021-2022Maha,-5.708798436900498
2022-04-15,5686791.0,2.520465853457469,2021-2022Maha,-5.708798436900498
2022-04-16,5686791.0,2.520465853457469,2021-2022Maha,-5.708798436900498
2022-04-17,5686791.0,2.520465853457469,2021-2022Maha,-5.708798436900498
2022-04-18,5686791.0,2.520465853457469,2021-2022Maha,-5.708798436900498
2022-04-19,5686791.0,2.520465853457469,2021-2022Maha,-5.708798436900498
2022-04-20,5686791.0,2.520465853457469,2021-2022Maha,-5.708798436900498
2022-04-21,5686791.0,2.520465853457469,2021-2022Maha,-5.708798436900498
2022-04-22,5686791.0,2.520465853457469,2021-2022Maha,-5.708798436900498
2022-04-23,5686791.0,2.520465853457469,2021-2022Maha,-5.708798436900498
2022-04-24,5686791.0,2.520465853457469,2021-2022Maha,-5.708798436900498
2022-04-25,5686791.0,2.520465853457469,2021-2022Maha,-5.708798436900498
2022-04-26,5686791.0,2.520465853457469,2021-2022Maha,-5.708798436900498
2022-04-27,5686791.0,2.520465853457469,2021-2022Maha,-5.708798436900498
2022-04-28,5686791.0,2.520465853457469,2021-2022Maha,-5.708798436900498
2022-04-29,5686791.0,2.520465853457469,2021-2022Maha,-5.708798436900498
2022-04-30,5686791.0,2.520465853457469,2021-2022Maha,-5.708798436900498
2022-05-01,5686791.0,2.520465853457469,2021-2022Maha,-5.708798436900498
2022-05-02,5686791.0,2.520465853457469,2021-2022Maha,-5.708798436900498
2022-05-03,5686791.0,2.520465853457469,2021-2022Maha,-5.708798436900498
2022-05-04,5686791.0,2.520465853457469,2021-2022Maha,-5.708798436900498
2022-05-05,5686791.0,2.520465853457469,2021-2022Maha,-5.708798436900498
2022-05-06,5686791.0,2.520465853457469,2021-2022Maha,-5.708798436900498
2022-05-07,5686791.0,2.520465853457469,2021-2022Maha,-5.708798436900498
2022-05-08,5686791.0,2.520465853457469,2021-2022Maha,-5.708798436900498
2022-05-09,5686791.0,2.520465853457469,2021-2022Maha,-5.708798436900498
2022-05-10,5686791.0,2.520465853457469,2021-2022Maha,-5.708798436900498
2022-05-11,5686791.0,2.520465853457469,2021-2022Maha,-5.708798436900498
2022-05-12,5686791.0,2.520465853457469,2021-2022Maha,-5.708798436900498
2022-05-13,5686791.0,2.520465853457469,2021-2022Maha,-5.708798436900498
2022-05-14,5686791.0,2.520465853457469,2021-2022Maha,-5.708798436900498
2022-05-15,5686791.0,2.520465853457469,2021-2022Maha,-5.708798436900498
2022-05-16,5686791.0,2.520465853457469,2021-2022Maha,-5.708798436900498
2022-05-17,5686791.0,2.520465853457469,2021-2022Maha,-5.708798436900498
2022-05-18,5686791.0,2.520465853457469,2021-2022Maha,-5.708798436900498
2022-05-19,5686791.0,2.520465853457469,2021-2022Maha,-5.708798436900498
2022-05-20,5686791.0,2.520465853457469,2021-2022Maha,-5.708798436900498
2022-05-21,5686791.0,2.520465853457469,2021-2022Maha,-5.708798436900498
2022-05-22,5686791.0,2.520465853457469,2021-2022Maha,-5.708798436900498
2022-05-23,5686791.0,2.520465853457469,2021-2022Maha,-5.708798436900498
2022-05-24,5686791.0,2.520465853457469,2021-2022Maha,-5.708798436900498
2022-05-25,5686791.0,2.520465853457469,2021-2022Maha,-5.708798436900498
2022-05-26,5686791.0,2.520465853457469,2021-2022Maha,-5.708798436900498
2022-05-27,5686791.0,2.520465853457469,2021-2022Maha,-5.708798436900498
2022-05-28,5686791.0,2.520465853457469,2021-2022Maha,-5.708798436900498
2022-05-29,5686791.0,2.520465853457469,2021-2022Maha,-5.708798436900498
2022-05-30,5686791.0,2.520465853457469,2021-2022Maha,-5.708798436900498
2022-05-31,5686791.0,2.520465853457469,2021-2022Maha,-5.708798436900498
2022-06-01,5686791.0,2.520465853457469,2021-2022Maha,-5.708798436900498
2022-06-02,5686791.0,2.520465853457469,2021-2022Maha,-5.708798436900498
2022-06-03,5686791.0,2.520465853457469,2021-2022Maha,-5.708798436900498
2022-06-04,5686791.0,2.520465853457469,2021-2022Maha,-5.708798436900498
2022-06-05,5686791.0,2.520465853457469,2021-2022Maha,-5.708798436900498
2022-06-06,5686791.0,2.520465853457469,2021-2022Maha,-5.708798436900498
2022-06-07,5686791.0,2.520465853457469,2021-2022Maha,-5.708798436900498
2022-06-08,5686791.0,2.520465853457469,2021-2022Maha,-5.708798436900498
2022-06-09,5686791.0,2.520465853457469,2021-2022Maha,-5.708798436900498
2022-06-10,5686791.0,2.520465853457469,2021-2022Maha,-5.708798436900498
2022-06-11,5686791.0,2.520465853457469,2021-2022Maha,-5.708798436900498
2022-06-12,5686791.0,2.520465853457469,2021-2022Maha,-5.708798436900498
2022-06-13,5686791.0,2.520465853457469,2021-2022Maha,-5.708798436900498
2022-06-14,5686791.0,2.520465853457469,2021-2022Maha,-5.708798436900498
2022-06-15,5686791.0,2.520465853457469,2021-2022Maha,-5.708798436900498
2022-06-16,5686791.0,2.520465853457469,2021-2022Maha,-5.708798436900498
2022-06-17,5686791.0,2.520465853457469,2021-2022Maha,-5.708798436900498
2022-06-18,5686791.0,2.520465853457469,2021-2022Maha,-5.708798436900498
2022-06-19,5686791.0,2.520465853457469,2021-2022Maha,-5.708798436900498
2022-06-20,5686791.0,2.520465853457469,2021-2022Maha,-5.708798436900498
2022-06-21,5686791.0,2.520465853457469,2021-2022Maha,-5.708798436900498
2022-06-22,5686791.0,2.520465853457469,2021-2022Maha,-5.708798436900498
2022-06-23,5686791.0,2.520465853457469,2021-2022Maha,-5.708798436900498
2022-06-24,5686791.0,2.520465853457469,2021-2022Maha,-5.708798436900498
2022-06-25,5686791.0,2.520465853457469,2021-2022Maha,-5.708798436900498
2022-06-26,5686791.0,2.520465853457469,2021-2022Maha,-5.708798436900498
2022-06-27,5686791.0,2.520465853457469,2021-2022Maha,-5.708798436900498
2022-06-28,5686791.0,2.520465853457469,2021-2022Maha,-5.708798436900498
2022-06-29,5686791.0,2.520465853457469,2021-2022Maha,-5.708798436900498
2022-06-30,5686791.0,2.520465853457469,2021-2022Maha,-5.708798436900498
2022-07-01,5686791.0,2.520465853457469,2021-2022Maha,-5.708798436900498
2022-07-02,5686791.0,2.520465853457469,2021-2022Maha,-5.708798436900498
2022-07-03,5686791.0,2.520465853457469,2021-2022Maha,-5.708798436900498
2022-07-04,5686791.0,2.520465853457469,2021-2022Maha,-5.708798436900498
2022-07-05,5686791.0,2.520465853457469,2021-2022Maha,-5.708798436900498
2022-07-06,5686791.0,2.520465853457469,2021-2022Maha,-5.708798436900498
2022-07-07,5686791.0,2.520465853457469,2021-2022Maha,-5.708798436900498
2022-07-08,5686791.0,2.520465853457469,2021-2022Maha,-5.708798436900498
2022-07-09,5686791.0,2.520465853457469,2021-2022Maha,-5.708798436900498
2022-07-10,5686791.0,2.520465853457469,2021-2022Maha,-5.708798436900498
2022-07-11,5686791.0,2.520465853457469,2021-2022Maha,-5.708798436900498
2022-07-12,5686791.0,2.520465853457469,2021-2022Maha,-5.708798436900498
2022-07-13,5686791.0,2.520465853457469,2021-2022Maha,-5.708798436900498
2022-07-14,5686791.0,2.520465853457469,2021-2022Maha,-5.708798436900498
2022-07-15,5686791.0,2.520465853457469,2021-2022Maha,-5.708798436900498
2022-07-16,5686791.0,2.520465853457469,2021-2022Maha,-5.708798436900498
2022-07-17,5686791.0,2.520465853457469,2021-2022Maha,-5.708798436900498
2022-07-18,5686791.0,2.520465853457469,2021-2022Maha,-5.708798436900498
2022-07-19,5686791.0,2.520465853457469,2021-2022Maha,-5.708798436900498
2022-07-20,5686791.0,2.520465853457469,2021-2022Maha,-5.708798436900498
2022-07-21,5686791.0,2.520465853457469,2021-2022Maha,-5.708798436900498
2022-07-22,5686791.0,2.520465853457469,2021-2022Maha,-5.708798436900498
2022-07-23,5686791.0,2.520465853457469,2021-2022Maha,-5.708798436900498
2022-07-24,5686791.0,2.520465853457469,2021-2022Maha,-5.708798436900498
2022-07-25,5686791.0,2.520465853457469,2021-2022Maha,-5.708798436900498
2022-07-26,5686791.0,2.520465853457469,2021-2022Maha,-5.708798436900498
2022-07-27,5686791.0,2.520465853457469,2021-2022Maha,-5.708798436900498
2022-07-28,5686791.0,2.520465853457469,2021-2022Maha,-5.708798436900498
2022-07-29,5686791.0,2.520465853457469,2021-2022Maha,-5.708798436900498
2022-07-30,5686791.0,2.520465853457469,2021-2022Maha,-5.708798436900498
2022-07-31,5686791.0,2.520465853457469,2021-2022Maha,-5.708798436900498
2022-08-01,5686791.0,2.520465853457469,2021-2022Maha,-5.708798436900498
2022-08-02,5686791.0,2.520465853457469,2021-2022Maha,-5.708798436900498
2022-08-03,5686791.0,2.520465853457469,2021-2022Maha,-5.708798436900498
2022-08-04,5686791.0,2.520465853457469,2021-2022Maha,-5.708798436900498
2022-08-05,5686791.0,2.520465853457469,2021-2022Maha,-5.708798436900498
2022-08-06,5686791.0,2.520465853457469,2021-2022Maha,-5.708798436900498
2022-08-07,5686791.0,2.520465853457469,2021-2022Maha,-5.708798436900498
2022-08-08,5686791.0,2.520465853457469,2021-2022Maha,-5.708798436900498
2022-08-09,5686791.0,2.520465853457469,2021-2022Maha,-5.708798436900498
2022-08-10,5686791.0,2.520465853457469,2021-2022Maha,-5.708798436900498
2022-08-11,5686791.0,2.520465853457469,2021-2022Maha,-5.708798436900498
2022-08-12,5686791.0,2.520465853457469,2021-2022Maha,-5.708798436900498
2022-08-13,5686791.0,2.520465853457469,2021-2022Maha,-5.708798436900498
2022-08-14,5686791.0,2.520465853457469,2021-2022Maha,-5.708798436900498
2022-08-15,5686791.0,2.520465853457469,2021-2022Maha,-5.708798436900498
2022-08-16,5686791.0,2.520465853457469,2021-2022Maha,-5.708798436900498
2022-08-17,5686791.0,2.520465853457469,2021-2022Maha,-5.708798436900498
2022-08-18,5686791.0,2.520465853457469,2021-2022Maha,-5.708798436900498
2022-08-19,5686791.0,2.520465853457469,2021-2022Maha,-5.708798436900498
2022-08-20,5686791.0,2.520465853457469,2021-2022Maha,-5.708798436900498
2022-08-21,5686791.0,2.520465853457469,2021-2022Maha,-5.708798436900498
2022-08-22,5686791.0,2.520465853457469,2021-2022Maha,-5.708798436900498
2022-08-23,5686791.0,2.520465853457469,2021-2022Maha,-5.708798436900498
2022-08-24,5686791.0,2.520465853457469,2021-2022Maha,-5.708798436900498
2022-08-25,5686791.0,2.520465853457469,2021-2022Maha,-5.708798436900498
2022-08-26,5686791.0,2.520465853457469,2021-2022Maha,-5.708798436900498
2022-08-27,5686791.0,2.520465853457469,2021-2022Maha,-5.708798436900498
2022-08-28,5686791.0,2.520465853457469,2021-2022Maha,-5.708798436900498
2022-08-29,5686791.0,2.520465853457469,2021-2022Maha,-5.708798436900498
2022-08-30,5686791.0,2.520465853457469,2021-2022Maha,-5.708798436900498
2022-08-31,5686791.0,2.520465853457469,2021-2022Maha,-5.708798436900498
2022-09-01,3434073.0,2.930438967695029,2022Yala,4.105596117677446
2022-09-02,3434073.0,2.930438967695029,2022Yala,4.105596117677446
2022-09-03,3434073.0,2.930438967695029,2022Yala,4.105596117677446
2022-09-04,3434073.0,2.930438967695029,2022Yala,4.105596117677446
2022-09-05,3434073.0,2.930438967695029,2022Yala,4.105596117677446
2022-09-06,3434073.0,2.930438967695029,2022Yala,4.105596117677446
2022-09-07,3434073.0,2.930438967695029,2022Yala,4.105596117677446
2022-09-08,3434073.0,2.930438967695029,2022Yala,4.105596117677446
2022-09-09,3434073.0,2.930438967695029,2022Yala,4.105596117677446
2022-09-10,3434073.0,2.930438967695029,2022Yala,4.105596117677446
2022-09-11,3434073.0,2.930438967695029,2022Yala,4.105596117677446
2022-09-12,3434073.0,2.930438967695029,2022Yala,4.105596117677446
2022-09-13,3434073.0,2.930438967695029,2022Yala,4.105596117677446
2022-09-14,3434073.0,2.930438967695029,2022Yala,4.105596117677446
2022-09-15,3434073.0,2.930438967695029,2022Yala,4.105596117677446
2022-09-16,3434073.0,2.930438967695029,2022Yala,4.105596117677446
2022-09-17,3434073.0,2.930438967695029,2022Yala,4.105596117677446
2022-09-18,3434073.0,2.930438967695029,2022Yala,4.105596117677446
2022-09-19,3434073.0,2.930438967695029,2022Yala,4.105596117677446
2022-09-20,3434073.0,2.930438967695029,2022Yala,4.105596117677446
2022-09-21,3434073.0,2.930438967695029,2022Yala,4.105596117677446
2022-09-22,3434073.0,2.930438967695029,2022Yala,4.105596117677446
2022-09-23,3434073.0,2.930438967695029,2022Yala,4.105596117677446
2022-09-24,3434073.0,2.930438967695029,2022Yala,4.105596117677446
2022-09-25,3434073.0,2.930438967695029,2022Yala,4.105596117677446
2022-09-26,3434073.0,2.930438967695029,2022Yala,4.105596117677446
2022-09-27,3434073.0,2.930438967695029,2022Yala,4.105596117677446
2022-09-28,3434073.0,2.930438967695029,2022Yala,4.105596117677446
2022-09-29,3434073.0,2.930438967695029,2022Yala,4.105596117677446
2022-09-30,3434073.0,2.930438967695029,2022Yala,4.105596117677446
2022-10-01,3434073.0,2.930438967695029,2022Yala,4.105596117677446
2022-10-02,3434073.0,2.930438967695029,2022Yala,4.105596117677446
2022-10-03,3434073.0,2.930438967695029,2022Yala,4.105596117677446
2022-10-04,3434073.0,2.930438967695029,2022Yala,4.105596117677446
2022-10-05,3434073.0,2.930438967695029,2022Yala,4.105596117677446
2022-10-06,3434073.0,2.930438967695029,2022Yala,4.105596117677446
2022-10-07,3434073.0,2.930438967695029,2022Yala,4.105596117677446
2022-10-08,3434073.0,2.930438967695029,2022Yala,4.105596117677446
2022-10-09,3434073.0,2.930438967695029,2022Yala,4.105596117677446
2022-10-10,3434073.0,2.930438967695029,2022Yala,4.105596117677446
2022-10-11,3434073.0,2.930438967695029,2022Yala,4.105596117677446
2022-10-12,3434073.0,2.930438967695029,2022Yala,4.105596117677446
2022-10-13,3434073.0,2.930438967695029,2022Yala,4.105596117677446
2022-10-14,3434073.0,2.930438967695029,2022Yala,4.105596117677446
2022-10-15,3434073.0,2.930438967695029,2022Yala,4.105596117677446
2022-10-16,3434073.0,2.930438967695029,2022Yala,4.105596117677446
2022-10-17,3434073.0,2.930438967695029,2022Yala,4.105596117677446
2022-10-18,3434073.0,2.930438967695029,2022Yala,4.105596117677446
2022-10-19,3434073.0,2.930438967695029,2022Yala,4.105596117677446
2022-10-20,3434073.0,2.930438967695029,2022Yala,4.105596117677446
2022-10-21,3434073.0,2.930438967695029,2022Yala,4.105596117677446
2022-10-22,3434073.0,2.930438967695029,2022Yala,4.105596117677446
2022-10-23,3434073.0,2.930438967695029,2022Yala,4.105596117677446
2022-10-24,3434073.0,2.930438967695029,2022Yala,4.105596117677446
2022-10-25,3434073.0,2.930438967695029,2022Yala,4.105596117677446
2022-10-26,3434073.0,2.930438967695029,2022Yala,4.105596117677446
2022-10-27,3434073.0,2.930438967695029,2022Yala,4.105596117677446
2022-10-28,3434073.0,2.930438967695029,2022Yala,4.105596117677446
2022-10-29,3434073.0,2.930438967695029,2022Yala,4.105596117677446
2022-10-30,3434073.0,2.930438967695029,2022Yala,4.105596117677446
2022-10-31,3434073.0,2.930438967695029,2022Yala,4.105596117677446
2022-11-01,3434073.0,2.930438967695029,2022Yala,4.105596117677446
2022-11-02,3434073.0,2.930438967695029,2022Yala,4.105596117677446
2022-11-03,3434073.0,2.930438967695029,2022Yala,4.105596117677446
2022-11-04,3434073.0,2.930438967695029,2022Yala,4.105596117677446
2022-11-05,3434073.0,2.930438967695029,2022Yala,4.105596117677446
2022-11-06,3434073.0,2.930438967695029,2022Yala,4.105596117677446
2022-11-07,3434073.0,2.930438967695029,2022Yala,4.105596117677446
2022-11-08,3434073.0,2.930438967695029,2022Yala,4.105596117677446
2022-11-09,3434073.0,2.930438967695029,2022Yala,4.105596117677446
2022-11-10,3434073.0,2.930438967695029,2022Yala,4.105596117677446
2022-11-11,3434073.0,2.930438967695029,2022Yala,4.105596117677446
2022-11-12,3434073.0,2.930438967695029,2022Yala,4.105596117677446
2022-11-13,3434073.0,2.930438967695029,2022Yala,4.105596117677446
2022-11-14,3434073.0,2.930438967695029,2022Yala,4.105596117677446
2022-11-15,3434073.0,2.930438967695029,2022Yala,4.105596117677446
2022-11-16,3434073.0,2.930438967695029,2022Yala,4.105596117677446
2022-11-17,3434073.0,2.930438967695029,2022Yala,4.105596117677446
2022-11-18,3434073.0,2.930438967695029,2022Yala,4.105596117677446
2022-11-19,3434073.0,2.930438967695029,2022Yala,4.105596117677446
2022-11-20,3434073.0,2.930438967695029,2022Yala,4.105596117677446
2022-11-21,3434073.0,2.930438967695029,2022Yala,4.105596117677446
2022-11-22,3434073.0,2.930438967695029,2022Yala,4.105596117677446
2022-11-23,3434073.0,2.930438967695029,2022Yala,4.105596117677446
2022-11-24,3434073.0,2.930438967695029,2022Yala,4.105596117677446
2022-11-25,3434073.0,2.930438967695029,2022Yala,4.105596117677446
2022-11-26,3434073.0,2.930438967695029,2022Yala,4.105596117677446
2022-11-27,3434073.0,2.930438967695029,2022Yala,4.105596117677446
2022-11-28,3434073.0,2.930438967695029,2022Yala,4.105596117677446
2022-11-29,3434073.0,2.930438967695029,2022Yala,4.105596117677446
2022-11-30,3434073.0,2.930438967695029,2022Yala,4.105596117677446
2022-12-01,3434073.0,2.930438967695029,2022Yala,4.105596117677446
2022-12-02,3434073.0,2.930438967695029,2022Yala,4.105596117677446
2022-12-03,3434073.0,2.930438967695029,2022Yala,4.105596117677446
2022-12-04,3434073.0,2.930438967695029,2022Yala,4.105596117677446
2022-12-05,3434073.0,2.930438967695029,2022Yala,4.105596117677446
2022-12-06,3434073.0,2.930438967695029,2022Yala,4.105596117677446
2022-12-07,3434073.0,2.930438967695029,2022Yala,4.105596117677446
2022-12-08,3434073.0,2.930438967695029,2022Yala,4.105596117677446
2022-12-09,3434073.0,2.930438967695029,2022Yala,4.105596117677446
2022-12-10,3434073.0,2.930438967695029,2022Yala,4.105596117677446
2022-12-11,3434073.0,2.930438967695029,2022Yala,4.105596117677446
2022-12-12,3434073.0,2.930438967695029,2022Yala,4.105596117677446
2022-12-13,3434073.0,2.930438967695029,2022Yala,4.105596117677446
2022-12-14,3434073.0,2.930438967695029,2022Yala,4.105596117677446
2022-12-15,3434073.0,2.930438967695029,2022Yala,4.105596117677446
2022-12-16,3434073.0,2.930438967695029,2022Yala,4.105596117677446
2022-12-17,3434073.0,2.930438967695029,2022Yala,4.105596117677446
2022-12-18,3434073.0,2.930438967695029,2022Yala,4.105596117677446
2022-12-19,3434073.0,2.930438967695029,2022Yala,4.105596117677446
2022-12-20,3434073.0,2.930438967695029,2022Yala,4.105596117677446
2022-12-21,3434073.0,2.930438967695029,2022Yala,4.105596117677446
2022-12-22,3434073.0,2.930438967695029,2022Yala,4.105596117677446
2022-12-23,3434073.0,2.930438967695029,2022Yala,4.105596117677446
2022-12-24,3434073.0,2.930438967695029,2022Yala,4.105596117677446
2022-12-25,3434073.0,2.930438967695029,2022Yala,4.105596117677446
2022-12-26,3434073.0,2.930438967695029,2022Yala,4.105596117677446
2022-12-27,3434073.0,2.930438967695029,2022Yala,4.105596117677446
2022-12-28,3434073.0,2.930438967695029,2022Yala,4.105596117677446
2022-12-29,3434073.0,2.930438967695029,2022Yala,4.105596117677446
2022-12-30,3434073.0,2.930438967695029,2022Yala,4.105596117677446
2022-12-31,3434073.0,2.930438967695029,2022Yala,4.105596117677446
2023-01-01,3434073.0,2.930438967695029,2022Yala,4.105596117677446
2023-01-02,3434073.0,2.930438967695029,2022Yala,4.105596117677446
2023-01-03,3434073.0,2.930438967695029,2022Yala,4.105596117677446
2023-01-04,3434073.0,2.930438967695029,2022Yala,4.105596117677446
2023-01-05,3434073.0,2.930438967695029,2022Yala,4.105596117677446
2023-01-06,3434073.0,2.930438967695029,2022Yala,4.105596117677446
2023-01-07,3434073.0,2.930438967695029,2022Yala,4.105596117677446
2023-01-08,3434073.0,2.930438967695029,2022Yala,4.105596117677446
2023-01-09,3434073.0,2.930438967695029,2022Yala,4.105596117677446
2023-01-10,3434073.0,2.930438967695029,2022Yala,4.105596117677446
2023-01-11,3434073.0,2.930438967695029,2022Yala,4.105596117677446
2023-01-12,3434073.0,2.930438967695029,2022Yala,4.105596117677446
2023-01-13,3434073.0,2.930438967695029,2022Yala,4.105596117677446
2023-01-14,3434073.0,2.930438967695029,2022Yala,4.105596117677446
2023-01-15,3434073.0,2.930438967695029,2022Yala,4.105596117677446
2023-01-16,3434073.0,2.930438967695029,2022Yala,4.105596117677446
2023-01-17,3434073.0,2.930438967695029,2022Yala,4.105596117677446
2023-01-18,3434073.0,2.930438967695029,2022Yala,4.105596117677446
2023-01-19,3434073.0,2.930438967695029,2022Yala,4.105596117677446
2023-01-20,3434073.0,2.930438967695029,2022Yala,4.105596117677446
2023-01-21,3434073.0,2.930438967695029,2022Yala,4.105596117677446
2023-01-22,3434073.0,2.930438967695029,2022Yala,4.105596117677446
2023-01-23,3434073.0,2.930438967695029,2022Yala,4.105596117677446
2023-01-24,3434073.0,2.930438967695029,2022Yala,4.105596117677446
2023-01-25,3434073.0,2.930438967695029,2022Yala,4.105596117677446
2023-01-26,3434073.0,2.930438967695029,2022Yala,4.105596117677446
2023-01-27,3434073.0,2.930438967695029,2022Yala,4.105596117677446
2023-01-28,3434073.0,2.930438967695029,2022Yala,4.105596117677446
2023-01-29,3434073.0,2.930438967695029,2022Yala,4.105596117677446
2023-01-30,3434073.0,2.930438967695029,2022Yala,4.105596117677446
2023-01-31,3434073.0,2.930438967695029,2022Yala,4.105596117677446
2023-02-01,3434073.0,2.930438967695029,2022Yala,4.105596117677446
2023-02-02,3434073.0,2.930438967695029,2022Yala,4.105596117677446
2023-02-03,3434073.0,2.930438967695029,2022Yala,4.105596117677446
2023-02-04,3434073.0,2.930438967695029,2022Yala,4.105596117677446
2023-02-05,3434073.0,2.930438967695029,2022Yala,4.105596117677446
2023-02-06,3434073.0,2.930438967695029,2022Yala,4.105596117677446
2023-02-07,3434073.0,2.930438967695029,2022Yala,4.105596117677446
2023-02-08,3434073.0,2.930438967695029,2022Yala,4.105596117677446
2023-02-09,3434073.0,2.930438967695029,2022Yala,4.105596117677446
2023-02-10,3434073.0,2.930438967695029,2022Yala,4.105596117677446
2023-02-11,3434073.0,2.930438967695029,2022Yala,4.105596117677446
2023-02-12,3434073.0,2.930438967695029,2022Yala,4.105596117677446
2023-02-13,3434073.0,2.930438967695029,2022Yala,4.105596117677446
2023-02-14,3434073.0,2.930438967695029,2022Yala,4.105596117677446
2023-02-15,3434073.0,2.930438967695029,2022Yala,4.105596117677446
2023-02-16,3434073.0,2.930438967695029,2022Yala,4.105596117677446
2023-02-17,3434073.0,2.930438967695029,2022Yala,4.105596117677446
2023-02-18,3434073.0,2.930438967695029,2022Yala,4.105596117677446
2023-02-19,3434073.0,2.930438967695029,2022Yala,4.105596117677446
2023-02-20,3434073.0,2.930438967695029,2022Yala,4.105596117677446
2023-02-21,3434073.0,2.930438967695029,2022Yala,4.105596117677446
2023-02-22,3434073.0,2.930438967695029,2022Yala,4.105596117677446
2023-02-23,3434073.0,2.930438967695029,2022Yala,4.105596117677446
2023-02-24,3434073.0,2.930438967695029,2022Yala,4.105596117677446
2023-02-25,3434073.0,2.930438967695029,2022Yala,4.105596117677446
2023-02-26,3434073.0,2.930438967695029,2022Yala,4.105596117677446
2023-02-27,3434073.0,2.930438967695029,2022Yala,4.105596117677446
2023-02-28,3434073.0,2.930438967695029,2022Yala,4.105596117677446
2023-03-01,7858377.0,3.3692177684483475,2022-2023Maha,38.186492171068
2023-03-02,7858377.0,3.3692177684483475,2022-2023Maha,38.186492171068
2023-03-03,7858377.0,3.3692177684483475,2022-2023Maha,38.186492171068
2023-03-04,7858377.0,3.3692177684483475,2022-2023Maha,38.186492171068
2023-03-05,7858377.0,3.3692177684483475,2022-2023Maha,38.186492171068
2023-03-06,7858377.0,3.3692177684483475,2022-2023Maha,38.186492171068
2023-03-07,7858377.0,3.3692177684483475,2022-2023Maha,38.186492171068
2023-03-08,7858377.0,3.3692177684483475,2022-2023Maha,38.186492171068
2023-03-09,7858377.0,3.3692177684483475,2022-2023Maha,38.186492171068
2023-03-10,7858377.0,3.3692177684483475,2022-2023Maha,38.186492171068
2023-03-11,7858377.0,3.3692177684483475,2022-2023Maha,38.186492171068
2023-03-12,7858377.0,3.3692177684483475,2022-2023Maha,38.186492171068
2023-03-13,7858377.0,3.3692177684483475,2022-2023Maha,38.186492171068
2023-03-14,7858377.0,3.3692177684483475,2022-2023Maha,38.186492171068
2023-03-15,7858377.0,3.3692177684483475,2022-2023Maha,38.186492171068
2023-03-16,7858377.0,3.3692177684483475,2022-2023Maha,38.186492171068
2023-03-17,7858377.0,3.3692177684483475,2022-2023Maha,38.186492171068
2023-03-18,7858377.0,3.3692177684483475,2022-2023Maha,38.186492171068
2023-03-19,7858377.0,3.3692177684483475,2022-2023Maha,38.186492171068
2023-03-20,7858377.0,3.3692177684483475,2022-2023Maha,38.186492171068
2023-03-21,7858377.0,3.3692177684483475,2022-2023Maha,38.186492171068
2023-03-22,7858377.0,3.3692177684483475,2022-2023Maha,38.186492171068
2023-03-23,7858377.0,3.3692177684483475,2022-2023Maha,38.186492171068
2023-03-24,7858377.0,3.3692177684483475,2022-2023Maha,38.186492171068
2023-03-25,7858377.0,3.3692177684483475,2022-2023Maha,38.186492171068
2023-03-26,7858377.0,3.3692177684483475,2022-2023Maha,38.186492171068
2023-03-27,7858377.0,3.3692177684483475,2022-2023Maha,38.186492171068
2023-03-28,7858377.0,3.3692177684483475,2022-2023Maha,38.186492171068
2023-03-29,7858377.0,3.3692177684483475,2022-2023Maha,38.186492171068
2023-03-30,7858377.0,3.3692177684483475,2022-2023Maha,38.186492171068
2023-03-31,7858377.0,3.3692177684483475,2022-2023Maha,38.186492171068
2023-04-01,7858377.0,3.3692177684483475,2022-2023Maha,38.186492171068
2023-04-02,7858377.0,3.3692177684483475,2022-2023Maha,38.186492171068
2023-04-03,7858377.0,3.3692177684483475,2022-2023Maha,38.186492171068
2023-04-04,7858377.0,3.3692177684483475,2022-2023Maha,38.186492171068
2023-04-05,7858377.0,3.3692177684483475,2022-2023Maha,38.186492171068
2023-04-06,7858377.0,3.3692177684483475,2022-2023Maha,38.186492171068
2023-04-07,7858377.0,3.3692177684483475,2022-2023Maha,38.186492171068
2023-04-08,7858377.0,3.3692177684483475,2022-2023Maha,38.186492171068
2023-04-09,7858377.0,3.3692177684483475,2022-2023Maha,38.186492171068
2023-04-10,7858377.0,3.3692177684483475,2022-2023Maha,38.186492171068
2023-04-11,7858377.0,3.3692177684483475,2022-2023Maha,38.186492171068
2023-04-12,7858377.0,3.3692177684483475,2022-2023Maha,38.186492171068
2023-04-13,7858377.0,3.3692177684483475,2022-2023Maha,38.186492171068
2023-04-14,7858377.0,3.3692177684483475,2022-2023Maha,38.186492171068
2023-04-15,7858377.0,3.3692177684483475,2022-2023Maha,38.186492171068
2023-04-16,7858377.0,3.3692177684483475,2022-2023Maha,38.186492171068
2023-04-17,7858377.0,3.3692177684483475,2022-2023Maha,38.186492171068
2023-04-18,7858377.0,3.3692177684483475,2022-2023Maha,38.186492171068
2023-04-19,7858377.0,3.3692177684483475,2022-2023Maha,38.186492171068
2023-04-20,7858377.0,3.3692177684483475,2022-2023Maha,38.186492171068
2023-04-21,7858377.0,3.3692177684483475,2022-2023Maha,38.186492171068
2023-04-22,7858377.0,3.3692177684483475,2022-2023Maha,38.186492171068
2023-04-23,7858377.0,3.3692177684483475,2022-2023Maha,38.186492171068
2023-04-24,7858377.0,3.3692177684483475,2022-2023Maha,38.186492171068
2023-04-25,7858377.0,3.3692177684483475,2022-2023Maha,38.186492171068
2023-04-26,7858377.0,3.3692177684483475,2022-2023Maha,38.186492171068
2023-04-27,7858377.0,3.3692177684483475,2022-2023Maha,38.186492171068
2023-04-28,7858377.0,3.3692177684483475,2022-2023Maha,38.186492171068
2023-04-29,7858377.0,3.3692177684483475,2022-2023Maha,38.186492171068
2023-04-30,7858377.0,3.3692177684483475,2022-2023Maha,38.186492171068
2023-05-01,7858377.0,3.3692177684483475,2022-2023Maha,38.186492171068
2023-05-02,7858377.0,3.3692177684483475,2022-2023Maha,38.186492171068
2023-05-03,7858377.0,3.3692177684483475,2022-2023Maha,38.186492171068
2023-05-04,7858377.0,3.3692177684483475,2022-2023Maha,38.186492171068
2023-05-05,7858377.0,3.3692177684483475,2022-2023Maha,38.186492171068
2023-05-06,7858377.0,3.3692177684483475,2022-2023Maha,38.186492171068
2023-05-07,7858377.0,3.3692177684483475,2022-2023Maha,38.186492171068
2023-05-08,7858377.0,3.3692177684483475,2022-2023Maha,38.186492171068
2023-05-09,7858377.0,3.3692177684483475,2022-2023Maha,38.186492171068
2023-05-10,7858377.0,3.3692177684483475,2022-2023Maha,38.186492171068
2023-05-11,7858377.0,3.3692177684483475,2022-2023Maha,38.186492171068
2023-05-12,7858377.0,3.3692177684483475,2022-2023Maha,38.186492171068
2023-05-13,7858377.0,3.3692177684483475,2022-2023Maha,38.186492171068
2023-05-14,7858377.0,3.3692177684483475,2022-2023Maha,38.186492171068
2023-05-15,7858377.0,3.3692177684483475,2022-2023Maha,38.186492171068
2023-05-16,7858377.0,3.3692177684483475,2022-2023Maha,38.186492171068
2023-05-17,7858377.0,3.3692177684483475,2022-2023Maha,38.186492171068
2023-05-18,7858377.0,3.3692177684483475,2022-2023Maha,38.186492171068
2023-05-19,7858377.0,3.3692177684483475,2022-2023Maha,38.186492171068
2023-05-20,7858377.0,3.3692177684483475,2022-2023Maha,38.186492171068
2023-05-21,7858377.0,3.3692177684483475,2022-2023Maha,38.186492171068
2023-05-22,7858377.0,3.3692177684483475,2022-2023Maha,38.186492171068
2023-05-23,7858377.0,3.3692177684483475,2022-2023Maha,38.186492171068
2023-05-24,7858377.0,3.3692177684483475,2022-2023Maha,38.186492171068
2023-05-25,7858377.0,3.3692177684483475,2022-2023Maha,38.186492171068
2023-05-26,7858377.0,3.3692177684483475,2022-2023Maha,38.186492171068
2023-05-27,7858377.0,3.3692177684483475,2022-2023Maha,38.186492171068
2023-05-28,7858377.0,3.3692177684483475,2022-2023Maha,38.186492171068
2023-05-29,7858377.0,3.3692177684483475,2022-2023Maha,38.186492171068
2023-05-30,7858377.0,3.3692177684483475,2022-2023Maha,38.186492171068
2023-05-31,7858377.0,3.3692177684483475,2022-2023Maha,38.186492171068
2023-06-01,7858377.0,3.3692177684483475,2022-2023Maha,38.186492171068
2023-06-02,7858377.0,3.3692177684483475,2022-2023Maha,38.186492171068
2023-06-03,7858377.0,3.3692177684483475,2022-2023Maha,38.186492171068
2023-06-04,7858377.0,3.3692177684483475,2022-2023Maha,38.186492171068
2023-06-05,7858377.0,3.3692177684483475,2022-2023Maha,38.186492171068
2023-06-06,7858377.0,3.3692177684483475,2022-2023Maha,38.186492171068
2023-06-07,7858377.0,3.3692177684483475,2022-2023Maha,38.186492171068
2023-06-08,7858377.0,3.3692177684483475,2022-2023Maha,38.186492171068
2023-06-09,7858377.0,3.3692177684483475,2022-2023Maha,38.186492171068
2023-06-10,7858377.0,3.3692177684483475,2022-2023Maha,38.186492171068
2023-06-11,7858377.0,3.3692177684483475,2022-2023Maha,38.186492171068
2023-06-12,7858377.0,3.3692177684483475,2022-2023Maha,38.186492171068
2023-06-13,7858377.0,3.3692177684483475,2022-2023Maha,38.186492171068
2023-06-14,7858377.0,3.3692177684483475,2022-2023Maha,38.186492171068
2023-06-15,7858377.0,3.3692177684483475,2022-2023Maha,38.186492171068
2023-06-16,7858377.0,3.3692177684483475,2022-2023Maha,38.186492171068
2023-06-17,7858377.0,3.3692177684483475,2022-2023Maha,38.186492171068
2023-06-18,7858377.0,3.3692177684483475,2022-2023Maha,38.186492171068
2023-06-19,7858377.0,3.3692177684483475,2022-2023Maha,38.186492171068
2023-06-20,7858377.0,3.3692177684483475,2022-2023Maha,38.186492171068
2023-06-21,7858377.0,3.3692177684483475,2022-2023Maha,38.186492171068
2023-06-22,7858377.0,3.3692177684483475,2022-2023Maha,38.186492171068
2023-06-23,7858377.0,3.3692177684483475,2022-2023Maha,38.186492171068
2023-06-24,7858377.0,3.3692177684483475,2022-2023Maha,38.186492171068
2023-06-25,7858377.0,3.3692177684483475,2022-2023Maha,38.186492171068
2023-06-26,7858377.0,3.3692177684483475,2022-2023Maha,38.186492171068
2023-06-27,7858377.0,3.3692177684483475,2022-2023Maha,38.186492171068
2023-06-28,7858377.0,3.3692177684483475,2022-2023Maha,38.186492171068
2023-06-29,7858377.0,3.3692177684483475,2022-2023Maha,38.186492171068
2023-06-30,7858377.0,3.3692177684483475,2022-2023Maha,38.186492171068
2023-07-01,7858377.0,3.3692177684483475,2022-2023Maha,38.186492171068
2023-07-02,7858377.0,3.3692177684483475,2022-2023Maha,38.186492171068
2023-07-03,7858377.0,3.3692177684483475,2022-2023Maha,38.186492171068
2023-07-04,7858377.0,3.3692177684483475,2022-2023Maha,38.186492171068
2023-07-05,7858377.0,3.3692177684483475,2022-2023Maha,38.186492171068
2023-07-06,7858377.0,3.3692177684483475,2022-2023Maha,38.186492171068
2023-07-07,7858377.0,3.3692177684483475,2022-2023Maha,38.186492171068
2023-07-08,7858377.0,3.3692177684483475,2022-2023Maha,38.186492171068
2023-07-09,7858377.0,3.3692177684483475,2022-2023Maha,38.186492171068
2023-07-10,7858377.0,3.3692177684483475,2022-2023Maha,38.186492171068
2023-07-11,7858377.0,3.3692177684483475,2022-2023Maha,38.186492171068
2023-07-12,7858377.0,3.3692177684483475,2022-2023Maha,38.186492171068
2023-07-13,7858377.0,3.3692177684483475,2022-2023Maha,38.186492171068
2023-07-14,7858377.0,3.3692177684483475,2022-2023Maha,38.186492171068
2023-07-15,7858377.0,3.3692177684483475,2022-2023Maha,38.186492171068
2023-07-16,7858377.0,3.3692177684483475,2022-2023Maha,38.186492171068
2023-07-17,7858377.0,3.3692177684483475,2022-2023Maha,38.186492171068
2023-07-18,7858377.0,3.3692177684483475,2022-2023Maha,38.186492171068
2023-07-19,7858377.0,3.3692177684483475,2022-2023Maha,38.186492171068
2023-07-20,7858377.0,3.3692177684483475,2022-2023Maha,38.186492171068
2023-07-21,7858377.0,3.3692177684483475,2022-2023Maha,38.186492171068
2023-07-22,7858377.0,3.3692177684483475,2022-2023Maha,38.186492171068
2023-07-23,7858377.0,3.3692177684483475,2022-2023Maha,38.186492171068
2023-07-24,7858377.0,3.3692177684483475,2022-2023Maha,38.186492171068
2023-07-25,7858377.0,3.3692177684483475,2022-2023Maha,38.186492171068
2023-07-26,7858377.0,3.3692177684483475,2022-2023Maha,38.186492171068
2023-07-27,7858377.0,3.3692177684483475,2022-2023Maha,38.186492171068
2023-07-28,7858377.0,3.3692177684483475,2022-2023Maha,38.186492171068
2023-07-29,7858377.0,3.3692177684483475,2022-2023Maha,38.186492171068
2023-07-30,7858377.0,3.3692177684483475,2022-2023Maha,38.186492171068
2023-07-31,7858377.0,3.3692177684483475,2022-2023Maha,38.186492171068
2023-08-01,7858377.0,3.3692177684483475,2022-2023Maha,38.186492171068
2023-08-02,7858377.0,3.3692177684483475,2022-2023Maha,38.186492171068
2023-08-03,7858377.0,3.3692177684483475,2022-2023Maha,38.186492171068
2023-08-04,7858377.0,3.3692177684483475,2022-2023Maha,38.186492171068
2023-08-05,7858377.0,3.3692177684483475,2022-2023Maha,38.186492171068
2023-08-06,7858377.0,3.3692177684483475,2022-2023Maha,38.186492171068
2023-08-07,7858377.0,3.3692177684483475,2022-2023Maha,38.186492171068
2023-08-08,7858377.0,3.3692177684483475,2022-2023Maha,38.186492171068
2023-08-09,7858377.0,3.3692177684483475,2022-2023Maha,38.186492171068
2023-08-10,7858377.0,3.3692177684483475,2022-2023Maha,38.186492171068
2023-08-11,7858377.0,3.3692177684483475,2022-2023Maha,38.186492171068
2023-08-12,7858377.0,3.3692177684483475,2022-2023Maha,38.186492171068
2023-08-13,7858377.0,3.3692177684483475,2022-2023Maha,38.186492171068
2023-08-14,7858377.0,3.3692177684483475,2022-2023Maha,38.186492171068
2023-08-15,7858377.0,3.3692177684483475,2022-2023Maha,38.186492171068
2023-08-16,7858377.0,3.3692177684483475,2022-2023Maha,38.186492171068
2023-08-17,7858377.0,3.3692177684483475,2022-2023Maha,38.186492171068
2023-08-18,7858377.0,3.3692177684483475,2022-2023Maha,38.186492171068
2023-08-19,7858377.0,3.3692177684483475,2022-2023Maha,38.186492171068
2023-08-20,7858377.0,3.3692177684483475,2022-2023Maha,38.186492171068
2023-08-21,7858377.0,3.3692177684483475,2022-2023Maha,38.186492171068
2023-08-22,7858377.0,3.3692177684483475,2022-2023Maha,38.186492171068
2023-08-23,7858377.0,3.3692177684483475,2022-2023Maha,38.186492171068
2023-08-24,7858377.0,3.3692177684483475,2022-2023Maha,38.186492171068
2023-08-25,7858377.0,3.3692177684483475,2022-2023Maha,38.186492171068
2023-08-26,7858377.0,3.3692177684483475,2022-2023Maha,38.186492171068
2023-08-27,7858377.0,3.3692177684483475,2022-2023Maha,38.186492171068
2023-08-28,7858377.0,3.3692177684483475,2022-2023Maha,38.186492171068
2023-08-29,7858377.0,3.3692177684483475,2022-2023Maha,38.186492171068
2023-08-30,7858377.0,3.3692177684483475,2022-2023Maha,38.186492171068
2023-08-31,7858377.0,3.3692177684483475,2022-2023Maha,38.186492171068
2023-09-01,5131779.0,3.720840139820287,2023Yala,49.43709699822922
2023-09-02,5131779.0,3.720840139820287,2023Yala,49.43709699822922
2023-09-03,5131779.0,3.720840139820287,2023Yala,49.43709699822922
2023-09-04,5131779.0,3.720840139820287,2023Yala,49.43709699822922
2023-09-05,5131779.0,3.720840139820287,2023Yala,49.43709699822922
2023-09-06,5131779.0,3.720840139820287,2023Yala,49.43709699822922
2023-09-07,5131779.0,3.720840139820287,2023Yala,49.43709699822922
2023-09-08,5131779.0,3.720840139820287,2023Yala,49.43709699822922
2023-09-09,5131779.0,3.720840139820287,2023Yala,49.43709699822922
2023-09-10,5131779.0,3.720840139820287,2023Yala,49.43709699822922
2023-09-11,5131779.0,3.720840139820287,2023Yala,49.43709699822922
2023-09-12,5131779.0,3.720840139820287,2023Yala,49.43709699822922
2023-09-13,5131779.0,3.720840139820287,2023Yala,49.43709699822922
2023-09-14,5131779.0,3.720840139820287,2023Yala,49.43709699822922
2023-09-15,5131779.0,3.720840139820287,2023Yala,49.43709699822922
2023-09-16,5131779.0,3.720840139820287,2023Yala,49.43709699822922
2023-09-17,5131779.0,3.720840139820287,2023Yala,49.43709699822922
2023-09-18,5131779.0,3.720840139820287,2023Yala,49.43709699822922
2023-09-19,5131779.0,3.720840139820287,2023Yala,49.43709699822922
2023-09-20,5131779.0,3.720840139820287,2023Yala,49.43709699822922
2023-09-21,5131779.0,3.720840139820287,2023Yala,49.43709699822922
2023-09-22,5131779.0,3.720840139820287,2023Yala,49.43709699822922
2023-09-23,5131779.0,3.720840139820287,2023Yala,49.43709699822922
2023-09-24,5131779.0,3.720840139820287,2023Yala,49.43709699822922
2023-09-25,5131779.0,3.720840139820287,2023Yala,49.43709699822922
2023-09-26,5131779.0,3.720840139820287,2023Yala,49.43709699822922
2023-09-27,5131779.0,3.720840139820287,2023Yala,49.43709699822922
2023-09-28,5131779.0,3.720840139820287,2023Yala,49.43709699822922
2023-09-29,5131779.0,3.720840139820287,2023Yala,49.43709699822922
2023-09-30,5131779.0,3.720840139820287,2023Yala,49.43709699822922
2023-10-01,5131779.0,3.720840139820287,2023Yala,49.43709699822922
2023-10-02,5131779.0,3.720840139820287,2023Yala,49.43709699822922
2023-10-03,5131779.0,3.720840139820287,2023Yala,49.43709699822922
2023-10-04,5131779.0,3.720840139820287,2023Yala,49.43709699822922
2023-10-05,5131779.0,3.720840139820287,2023Yala,49.43709699822922
2023-10-06,5131779.0,3.720840139820287,2023Yala,49.43709699822922
2023-10-07,5131779.0,3.720840139820287,2023Yala,49.43709699822922
2023-10-08,5131779.0,3.720840139820287,2023Yala,49.43709699822922
2023-10-09,5131779.0,3.720840139820287,2023Yala,49.43709699822922
2023-10-10,5131779.0,3.720840139820287,2023Yala,49.43709699822922
2023-10-11,5131779.0,3.720840139820287,2023Yala,49.43709699822922
2023-10-12,5131779.0,3.720840139820287,2023Yala,49.43709699822922
2023-10-13,5131779.0,3.720840139820287,2023Yala,49.43709699822922
2023-10-14,5131779.0,3.720840139820287,2023Yala,49.43709699822922
2023-10-15,5131779.0,3.720840139820287,2023Yala,49.43709699822922
2023-10-16,5131779.0,3.720840139820287,2023Yala,49.43709699822922
2023-10-17,5131779.0,3.720840139820287,2023Yala,49.43709699822922
2023-10-18,5131779.0,3.720840139820287,2023Yala,49.43709699822922
2023-10-19,5131779.0,3.720840139820287,2023Yala,49.43709699822922
2023-10-20,5131779.0,3.720840139820287,2023Yala,49.43709699822922
2023-10-21,5131779.0,3.720840139820287,2023Yala,49.43709699822922
2023-10-22,5131779.0,3.720840139820287,2023Yala,49.43709699822922
2023-10-23,5131779.0,3.720840139820287,2023Yala,49.43709699822922
2023-10-24,5131779.0,3.720840139820287,2023Yala,49.43709699822922
2023-10-25,5131779.0,3.720840139820287,2023Yala,49.43709699822922
2023-10-26,5131779.0,3.720840139820287,2023Yala,49.43709699822922
2023-10-27,5131779.0,3.720840139820287,2023Yala,49.43709699822922
2023-10-28,5131779.0,3.720840139820287,2023Yala,49.43709699822922
2023-10-29,5131779.0,3.720840139820287,2023Yala,49.43709699822922
2023-10-30,5131779.0,3.720840139820287,2023Yala,49.43709699822922
2023-10-31,5131779.0,3.720840139820287,2023Yala,49.43709699822922
2023-11-01,5131779.0,3.720840139820287,2023Yala,49.43709699822922
2023-11-02,5131779.0,3.720840139820287,2023Yala,49.43709699822922
2023-11-03,5131779.0,3.720840139820287,2023Yala,49.43709699822922
2023-11-04,5131779.0,3.720840139820287,2023Yala,49.43709699822922
2023-11-05,5131779.0,3.720840139820287,2023Yala,49.43709699822922
2023-11-06,5131779.0,3.720840139820287,2023Yala,49.43709699822922
2023-11-07,5131779.0,3.720840139820287,2023Yala,49.43709699822922
2023-11-08,5131779.0,3.720840139820287,2023Yala,49.43709699822922
2023-11-09,5131779.0,3.720840139820287,2023Yala,49.43709699822922
2023-11-10,5131779.0,3.720840139820287,2023Yala,49.43709699822922
2023-11-11,5131779.0,3.720840139820287,2023Yala,49.43709699822922
2023-11-12,5131779.0,3.720840139820287,2023Yala,49.43709699822922
2023-11-13,5131779.0,3.720840139820287,2023Yala,49.43709699822922
2023-11-14,5131779.0,3.720840139820287,2023Yala,49.43709699822922
2023-11-15,5131779.0,3.720840139820287,2023Yala,49.43709699822922
2023-11-16,5131779.0,3.720840139820287,2023Yala,49.43709699822922
2023-11-17,5131779.0,3.720840139820287,2023Yala,49.43709699822922
2023-11-18,5131779.0,3.720840139820287,2023Yala,49.43709699822922
2023-11-19,5131779.0,3.720840139820287,2023Yala,49.43709699822922
2023-11-20,5131779.0,3.720840139820287,2023Yala,49.43709699822922
2023-11-21,5131779.0,3.720840139820287,2023Yala,49.43709699822922
2023-11-22,5131779.0,3.720840139820287,2023Yala,49.43709699822922
2023-11-23,5131779.0,3.720840139820287,2023Yala,49.43709699822922
2023-11-24,5131779.0,3.720840139820287,2023Yala,49.43709699822922
2023-11-25,5131779.0,3.720840139820287,2023Yala,49.43709699822922
2023-11-26,5131779.0,3.720840139820287,2023Yala,49.43709699822922
2023-11-27,5131779.0,3.720840139820287,2023Yala,49.43709699822922
2023-11-28,5131779.0,3.720840139820287,2023Yala,49.43709699822922
2023-11-29,5131779.0,3.720840139820287,2023Yala,49.43709699822922
2023-11-30,5131779.0,3.720840139820287,2023Yala,49.43709699822922
2023-12-01,5131779.0,3.720840139820287,2023Yala,49.43709699822922
2023-12-02,5131779.0,3.720840139820287,2023Yala,49.43709699822922
2023-12-03,5131779.0,3.720840139820287,2023Yala,49.43709699822922
2023-12-04,5131779.0,3.720840139820287,2023Yala,49.43709699822922
2023-12-05,5131779.0,3.720840139820287,2023Yala,49.43709699822922
2023-12-06,5131779.0,3.720840139820287,2023Yala,49.43709699822922
2023-12-07,5131779.0,3.720840139820287,2023Yala,49.43709699822922
2023-12-08,5131779.0,3.720840139820287,2023Yala,49.43709699822922
2023-12-09,5131779.0,3.720840139820287,2023Yala,49.43709699822922
2023-12-10,5131779.0,3.720840139820287,2023Yala,49.43709699822922
2023-12-11,5131779.0,3.720840139820287,2023Yala,49.43709699822922
2023-12-12,5131779.0,3.720840139820287,2023Yala,49.43709699822922
2023-12-13,5131779.0,3.720840139820287,2023Yala,49.43709699822922
2023-12-14,5131779.0,3.720840139820287,2023Yala,49.43709699822922
2023-12-15,5131779.0,3.720840139820287,2023Yala,49.43709699822922
2023-12-16,5131779.0,3.720840139820287,2023Yala,49.43709699822922
2023-12-17,5131779.0,3.720840139820287,2023Yala,49.43709699822922
2023-12-18,5131779.0,3.720840139820287,2023Yala,49.43709699822922
2023-12-19,5131779.0,3.720840139820287,2023Yala,49.43709699822922
2023-12-20,5131779.0,3.720840139820287,2023Yala,49.43709699822922
2023-12-21,5131779.0,3.720840139820287,2023Yala,49.43709699822922
2023-12-22,5131779.0,3.720840139820287,2023Yala,49.43709699822922
2023-12-23,5131779.0,3.720840139820287,2023Yala,49.43709699822922
2023-12-24,5131779.0,3.720840139820287,2023Yala,49.43709699822922
2023-12-25,5131779.0,3.720840139820287,2023Yala,49.43709699822922
2023-12-26,5131779.0,3.720840139820287,2023Yala,49.43709699822922
2023-12-27,5131779.0,3.720840139820287,2023Yala,49.43709699822922
2023-12-28,5131779.0,3.720840139820287,2023Yala,49.43709699822922
2023-12-29,5131779.0,3.720840139820287,2023Yala,49.43709699822922
2023-12-30,5131779.0,3.720840139820287,2023Yala,49.43709699822922
2023-12-31,5131779.0,3.720840139820287,2023Yala,49.43709699822922
2024-01-01,5131779.0,3.720840139820287,2023Yala,49.43709699822922
2024-01-02,5131779.0,3.720840139820287,2023Yala,49.43709699822922
2024-01-03,5131779.0,3.720840139820287,2023Yala,49.43709699822922
2024-01-04,5131779.0,3.720840139820287,2023Yala,49.43709699822922
2024-01-05,5131779.0,3.720840139820287,2023Yala,49.43709699822922
2024-01-06,5131779.0,3.720840139820287,2023Yala,49.43709699822922
2024-01-07,5131779.0,3.720840139820287,2023Yala,49.43709699822922
2024-01-08,5131779.0,3.720840139820287,2023Yala,49.43709699822922
2024-01-09,5131779.0,3.720840139820287,2023Yala,49.43709699822922
2024-01-10,5131779.0,3.720840139820287,2023Yala,49.43709699822922
2024-01-11,5131779.0,3.720840139820287,2023Yala,49.43709699822922
2024-01-12,5131779.0,3.720840139820287,2023Yala,49.43709699822922
2024-01-13,5131779.0,3.720840139820287,2023Yala,49.43709699822922
2024-01-14,5131779.0,3.720840139820287,2023Yala,49.43709699822922
2024-01-15,5131779.0,3.720840139820287,2023Yala,49.43709699822922
2024-01-16,5131779.0,3.720840139820287,2023Yala,49.43709699822922
2024-01-17,5131779.0,3.720840139820287,2023Yala,49.43709699822922
2024-01-18,5131779.0,3.720840139820287,2023Yala,49.43709699822922
2024-01-19,5131779.0,3.720840139820287,2023Yala,49.43709699822922
2024-01-20,5131779.0,3.720840139820287,2023Yala,49.43709699822922
2024-01-21,5131779.0,3.720840139820287,2023Yala,49.43709699822922
2024-01-22,5131779.0,3.720840139820287,2023Yala,49.43709699822922
2024-01-23,5131779.0,3.720840139820287,2023Yala,49.43709699822922
2024-01-24,5131779.0,3.720840139820287,2023Yala,49.43709699822922
2024-01-25,5131779.0,3.720840139820287,2023Yala,49.43709699822922
2024-01-26,5131779.0,3.720840139820287,2023Yala,49.43709699822922
2024-01-27,5131779.0,3.720840139820287,2023Yala,49.43709699822922
2024-01-28,5131779.0,3.720840139820287,2023Yala,49.43709699822922
2024-01-29,5131779.0,3.720840139820287,2023Yala,49.43709699822922
2024-01-30,5131779.0,3.720840139820287,2023Yala,49.43709699822922
2024-01-31,5131779.0,3.720840139820287,2023Yala,49.43709699822922
2024-02-01,5131779.0,3.720840139820287,2023Yala,49.43709699822922
2024-02-02,5131779.0,3.720840139820287,2023Yala,49.43709699822922
2024-02-03,5131779.0,3.720840139820287,2023Yala,49.43709699822922
2024-02-04,5131779.0,3.720840139820287,2023Yala,49.43709699822922
2024-02-05,5131779.0,3.720840139820287,2023Yala,49.43709699822922
2024-02-06,5131779.0,3.720840139820287,2023Yala,49.43709699822922
2024-02-07,5131779.0,3.720840139820287,2023Yala,49.43709699822922
2024-02-08,5131779.0,3.720840139820287,2023Yala,49.43709699822922
2024-02-09,5131779.0,3.720840139820287,2023Yala,49.43709699822922
2024-02-10,5131779.0,3.720840139820287,2023Yala,49.43709699822922
2024-02-11,5131779.0,3.720840139820287,2023Yala,49.43709699822922
2024-02-12,5131779.0,3.720840139820287,2023Yala,49.43709699822922
2024-02-13,5131779.0,3.720840139820287,2023Yala,49.43709699822922
2024-02-14,5131779.0,3.720840139820287,2023Yala,49.43709699822922
2024-02-15,5131779.0,3.720840139820287,2023Yala,49.43709699822922
2024-02-16,5131779.0,3.720840139820287,2023Yala,49.43709699822922
2024-02-17,5131779.0,3.720840139820287,2023Yala,49.43709699822922
2024-02-18,5131779.0,3.720840139820287,2023Yala,49.43709699822922
2024-02-19,5131779.0,3.720840139820287,2023Yala,49.43709699822922
2024-02-20,5131779.0,3.720840139820287,2023Yala,49.43709699822922
2024-02-21,5131779.0,3.720840139820287,2023Yala,49.43709699822922
2024-02-22,5131779.0,3.720840139820287,2023Yala,49.43709699822922
2024-02-23,5131779.0,3.720840139820287,2023Yala,49.43709699822922
2024-02-24,5131779.0,3.720840139820287,2023Yala,49.43709699822922
2024-02-25,5131779.0,3.720840139820287,2023Yala,49.43709699822922
2024-02-26,5131779.0,3.720840139820287,2023Yala,49.43709699822922
2024-02-27,5131779.0,3.720840139820287,2023Yala,49.43709699822922
2024-02-28,5131779.0,3.720840139820287,2023Yala,49.43709699822922
2024-02-29,5131779.0,3.720840139820287,2023Yala,-34.69670645732573
2024-03-01,7974354.0,3.4940572116610626,2023-2024Maha,1.475839095019249
2024-03-02,7974354.0,3.4940572116610626,2023-2024Maha,1.475839095019249
2024-03-03,7974354.0,3.4940572116610626,2023-2024Maha,1.475839095019249
2024-03-04,7974354.0,3.4940572116610626,2023-2024Maha,1.475839095019249
2024-03-05,7974354.0,3.4940572116610626,2023-2024Maha,1.475839095019249
2024-03-06,7974354.0,3.4940572116610626,2023-2024Maha,1.475839095019249
2024-03-07,7974354.0,3.4940572116610626,2023-2024Maha,1.475839095019249
2024-03-08,7974354.0,3.4940572116610626,2023-2024Maha,1.475839095019249
2024-03-09,7974354.0,3.4940572116610626,2023-2024Maha,1.475839095019249
2024-03-10,7974354.0,3.4940572116610626,2023-2024Maha,1.475839095019249
2024-03-11,7974354.0,3.4940572116610626,2023-2024Maha,1.475839095019249
2024-03-12,7974354.0,3.4940572116610626,2023-2024Maha,1.475839095019249
2024-03-13,7974354.0,3.4940572116610626,2023-2024Maha,1.475839095019249
2024-03-14,7974354.0,3.4940572116610626,2023-2024Maha,1.475839095019249
2024-03-15,7974354.0,3.4940572116610626,2023-2024Maha,1.475839095019249
2024-03-16,7974354.0,3.4940572116610626,2023-2024Maha,1.475839095019249
2024-03-17,7974354.0,3.4940572116610626,2023-2024Maha,1.475839095019249
2024-03-18,7974354.0,3.4940572116610626,2023-2024Maha,1.475839095019249
2024-03-19,7974354.0,3.4940572116610626,2023-2024Maha,1.475839095019249
2024-03-20,7974354.0,3.4940572116610626,2023-2024Maha,1.475839095019249
2024-03-21,7974354.0,3.4940572116610626,2023-2024Maha,1.475839095019249
2024-03-22,7974354.0,3.4940572116610626,2023-2024Maha,1.475839095019249
2024-03-23,7974354.0,3.4940572116610626,2023-2024Maha,1.475839095019249
2024-03-24,7974354.0,3.4940572116610626,2023-2024Maha,1.475839095019249
2024-03-25,7974354.0,3.4940572116610626,2023-2024Maha,1.475839095019249
2024-03-26,7974354.0,3.4940572116610626,2023-2024Maha,1.475839095019249
2024-03-27,7974354.0,3.4940572116610626,2023-2024Maha,1.475839095019249
2024-03-28,7974354.0,3.4940572116610626,2023-2024Maha,1.475839095019249
2024-03-29,7974354.0,3.4940572116610626,2023-2024Maha,1.475839095019249
2024-03-30,7974354.0,3.4940572116610626,2023-2024Maha,1.475839095019249
2024-03-31,7974354.0,3.4940572116610626,2023-2024Maha,1.475839095019249
2024-04-01,7974354.0,3.4940572116610626,2023-2024Maha,1.475839095019249
2024-04-02,7974354.0,3.4940572116610626,2023-2024Maha,1.475839095019249
2024-04-03,7974354.0,3.4940572116610626,2023-2024Maha,1.475839095019249
2024-04-04,7974354.0,3.4940572116610626,2023-2024Maha,1.475839095019249
2024-04-05,7974354.0,3.4940572116610626,2023-2024Maha,1.475839095019249
2024-04-06,7974354.0,3.4940572116610626,2023-2024Maha,1.475839095019249
2024-04-07,7974354.0,3.4940572116610626,2023-2024Maha,1.475839095019249
2024-04-08,7974354.0,3.4940572116610626,2023-2024Maha,1.475839095019249
2024-04-09,7974354.0,3.4940572116610626,2023-2024Maha,1.475839095019249
2024-04-10,7974354.0,3.4940572116610626,2023-2024Maha,1.475839095019249
2024-04-11,7974354.0,3.4940572116610626,2023-2024Maha,1.475839095019249
2024-04-12,7974354.0,3.4940572116610626,2023-2024Maha,1.475839095019249
2024-04-13,7974354.0,3.4940572116610626,2023-2024Maha,1.475839095019249
2024-04-14,7974354.0,3.4940572116610626,2023-2024Maha,1.475839095019249
2024-04-15,7974354.0,3.4940572116610626,2023-2024Maha,1.475839095019249
2024-04-16,7974354.0,3.4940572116610626,2023-2024Maha,1.475839095019249
2024-04-17,7974354.0,3.4940572116610626,2023-2024Maha,1.475839095019249
2024-04-18,7974354.0,3.4940572116610626,2023-2024Maha,1.475839095019249
2024-04-19,7974354.0,3.4940572116610626,2023-2024Maha,1.475839095019249
2024-04-20,7974354.0,3.4940572116610626,2023-2024Maha,1.475839095019249
2024-04-21,7974354.0,3.4940572116610626,2023-2024Maha,1.475839095019249
2024-04-22,7974354.0,3.4940572116610626,2023-2024Maha,1.475839095019249
2024-04-23,7974354.0,3.4940572116610626,2023-2024Maha,1.475839095019249
2024-04-24,7974354.0,3.4940572116610626,2023-2024Maha,1.475839095019249
2024-04-25,7974354.0,3.4940572116610626,2023-2024Maha,1.475839095019249
2024-04-26,7974354.0,3.4940572116610626,2023-2024Maha,1.475839095019249
2024-04-27,7974354.0,3.4940572116610626,2023-2024Maha,1.475839095019249
2024-04-28,7974354.0,3.4940572116610626,2023-2024Maha,1.475839095019249
2024-04-29,7974354.0,3.4940572116610626,2023-2024Maha,1.475839095019249
2024-04-30,7974354.0,3.4940572116610626,2023-2024Maha,1.475839095019249
2024-05-01,7974354.0,3.4940572116610626,2023-2024Maha,1.475839095019249
2024-05-02,7974354.0,3.4940572116610626,2023-2024Maha,1.475839095019249
2024-05-03,7974354.0,3.4940572116610626,2023-2024Maha,1.475839095019249
2024-05-04,7974354.0,3.4940572116610626,2023-2024Maha,1.475839095019249
2024-05-05,7974354.0,3.4940572116610626,2023-2024Maha,1.475839095019249
2024-05-06,7974354.0,3.4940572116610626,2023-2024Maha,1.475839095019249
2024-05-07,7974354.0,3.4940572116610626,2023-2024Maha,1.475839095019249
2024-05-08,7974354.0,3.4940572116610626,2023-2024Maha,1.475839095019249
2024-05-09,7974354.0,3.4940572116610626,2023-2024Maha,1.475839095019249
2024-05-10,7974354.0,3.4940572116610626,2023-2024Maha,1.475839095019249
2024-05-11,7974354.0,3.4940572116610626,2023-2024Maha,1.475839095019249
2024-05-12,7974354.0,3.4940572116610626,2023-2024Maha,1.475839095019249
2024-05-13,7974354.0,3.4940572116610626,2023-2024Maha,1.475839095019249
2024-05-14,7974354.0,3.4940572116610626,2023-2024Maha,1.475839095019249
2024-05-15,7974354.0,3.4940572116610626,2023-2024Maha,1.475839095019249
2024-05-16,7974354.0,3.4940572116610626,2023-2024Maha,1.475839095019249
2024-05-17,7974354.0,3.4940572116610626,2023-2024Maha,1.475839095019249
2024-05-18,7974354.0,3.4940572116610626,2023-2024Maha,1.475839095019249
2024-05-19,7974354.0,3.4940572116610626,2023-2024Maha,1.475839095019249
2024-05-20,7974354.0,3.4940572116610626,2023-2024Maha,1.475839095019249
2024-05-21,7974354.0,3.4940572116610626,2023-2024Maha,1.475839095019249
2024-05-22,7974354.0,3.4940572116610626,2023-2024Maha,1.475839095019249
2024-05-23,7974354.0,3.4940572116610626,2023-2024Maha,1.475839095019249
2024-05-24,7974354.0,3.4940572116610626,2023-2024Maha,1.475839095019249
2024-05-25,7974354.0,3.4940572116610626,2023-2024Maha,1.475839095019249
2024-05-26,7974354.0,3.4940572116610626,2023-2024Maha,1.475839095019249
2024-05-27,7974354.0,3.4940572116610626,2023-2024Maha,1.475839095019249
2024-05-28,7974354.0,3.4940572116610626,2023-2024Maha,1.475839095019249
2024-05-29,7974354.0,3.4940572116610626,2023-2024Maha,1.475839095019249
2024-05-30,7974354.0,3.4940572116610626,2023-2024Maha,1.475839095019249
2024-05-31,7974354.0,3.4940572116610626,2023-2024Maha,1.475839095019249
2024-06-01,7974354.0,3.4940572116610626,2023-2024Maha,1.475839095019249
2024-06-02,7974354.0,3.4940572116610626,2023-2024Maha,1.475839095019249
2024-06-03,7974354.0,3.4940572116610626,2023-2024Maha,1.475839095019249
2024-06-04,7974354.0,3.4940572116610626,2023-2024Maha,1.475839095019249
2024-06-05,7974354.0,3.4940572116610626,2023-2024Maha,1.475839095019249
2024-06-06,7974354.0,3.4940572116610626,2023-2024Maha,1.475839095019249
2024-06-07,7974354.0,3.4940572116610626,2023-2024Maha,1.475839095019249
2024-06-08,7974354.0,3.4940572116610626,2023-2024Maha,1.475839095019249
2024-06-09,7974354.0,3.4940572116610626,2023-2024Maha,1.475839095019249
2024-06-10,7974354.0,3.4940572116610626,2023-2024Maha,1.475839095019249
2024-06-11,7974354.0,3.4940572116610626,2023-2024Maha,1.475839095019249
2024-06-12,7974354.0,3.4940572116610626,2023-2024Maha,1.475839095019249
2024-06-13,7974354.0,3.4940572116610626,2023-2024Maha,1.475839095019249
2024-06-14,7974354.0,3.4940572116610626,2023-2024Maha,1.475839095019249
2024-06-15,7974354.0,3.4940572116610626,2023-2024Maha,1.475839095019249
2024-06-16,7974354.0,3.4940572116610626,2023-2024Maha,1.475839095019249
2024-06-17,7974354.0,3.4940572116610626,2023-2024Maha,1.475839095019249
2024-06-18,7974354.0,3.4940572116610626,2023-2024Maha,1.475839095019249
2024-06-19,7974354.0,3.4940572116610626,2023-2024Maha,1.475839095019249
2024-06-20,7974354.0,3.4940572116610626,2023-2024Maha,1.475839095019249
2024-06-21,7974354.0,3.4940572116610626,2023-2024Maha,1.475839095019249
2024-06-22,7974354.0,3.4940572116610626,2023-2024Maha,1.475839095019249
2024-06-23,7974354.0,3.4940572116610626,2023-2024Maha,1.475839095019249
2024-06-24,7974354.0,3.4940572116610626,2023-2024Maha,1.475839095019249
2024-06-25,7974354.0,3.4940572116610626,2023-2024Maha,1.475839095019249
2024-06-26,7974354.0,3.4940572116610626,2023-2024Maha,1.475839095019249
2024-06-27,7974354.0,3.4940572116610626,2023-2024Maha,1.475839095019249
2024-06-28,7974354.0,3.4940572116610626,2023-2024Maha,1.475839095019249
2024-06-29,7974354.0,3.4940572116610626,2023-2024Maha,1.475839095019249
2024-06-30,7974354.0,3.4940572116610626,2023-2024Maha,1.475839095019249
2024-07-01,7974354.0,3.4940572116610626,2023-2024Maha,1.475839095019249
2024-07-02,7974354.0,3.4940572116610626,2023-2024Maha,1.475839095019249
2024-07-03,7974354.0,3.4940572116610626,2023-2024Maha,1.475839095019249
2024-07-04,7974354.0,3.4940572116610626,2023-2024Maha,1.475839095019249
2024-07-05,7974354.0,3.4940572116610626,2023-2024Maha,1.475839095019249
2024-07-06,7974354.0,3.4940572116610626,2023-2024Maha,1.475839095019249
2024-07-07,7974354.0,3.4940572116610626,2023-2024Maha,1.475839095019249
2024-07-08,7974354.0,3.4940572116610626,2023-2024Maha,1.475839095019249
2024-07-09,7974354.0,3.4940572116610626,2023-2024Maha,1.475839095019249
2024-07-10,7974354.0,3.4940572116610626,2023-2024Maha,1.475839095019249
2024-07-11,7974354.0,3.4940572116610626,2023-2024Maha,1.475839095019249
2024-07-12,7974354.0,3.4940572116610626,2023-2024Maha,1.475839095019249
2024-07-13,7974354.0,3.4940572116610626,2023-2024Maha,1.475839095019249
2024-07-14,7974354.0,3.4940572116610626,2023-2024Maha,1.475839095019249
2024-07-15,7974354.0,3.4940572116610626,2023-2024Maha,1.475839095019249
2024-07-16,7974354.0,3.4940572116610626,2023-2024Maha,1.475839095019249
2024-07-17,7974354.0,3.4940572116610626,2023-2024Maha,1.475839095019249
2024-07-18,7974354.0,3.4940572116610626,2023-2024Maha,1.475839095019249
2024-07-19,7974354.0,3.4940572116610626,2023-2024Maha,1.475839095019249
2024-07-20,7974354.0,3.4940572116610626,2023-2024Maha,1.475839095019249
2024-07-21,7974354.0,3.4940572116610626,2023-2024Maha,1.475839095019249
2024-07-22,7974354.0,3.4940572116610626,2023-2024Maha,1.475839095019249
2024-07-23,7974354.0,3.4940572116610626,2023-2024Maha,1.475839095019249
2024-07-24,7974354.0,3.4940572116610626,2023-2024Maha,1.475839095019249
2024-07-25,7974354.0,3.4940572116610626,2023-2024Maha,1.475839095019249
2024-07-26,7974354.0,3.4940572116610626,2023-2024Maha,1.475839095019249
2024-07-27,7974354.0,3.4940572116610626,2023-2024Maha,1.475839095019249
2024-07-28,7974354.0,3.4940572116610626,2023-2024Maha,1.475839095019249
2024-07-29,7974354.0,3.4940572116610626,2023-2024Maha,1.475839095019249
2024-07-30,7974354.0,3.4940572116610626,2023-2024Maha,1.475839095019249
2024-07-31,7974354.0,3.4940572116610626,2023-2024Maha,1.475839095019249
2024-08-01,7974354.0,3.4940572116610626,2023-2024Maha,1.475839095019249
2024-08-02,7974354.0,3.4940572116610626,2023-2024Maha,1.475839095019249
2024-08-03,7974354.0,3.4940572116610626,2023-2024Maha,1.475839095019249
2024-08-04,7974354.0,3.4940572116610626,2023-2024Maha,1.475839095019249
2024-08-05,7974354.0,3.4940572116610626,2023-2024Maha,1.475839095019249
2024-08-06,7974354.0,3.4940572116610626,2023-2024Maha,1.475839095019249
2024-08-07,7974354.0,3.4940572116610626,2023-2024Maha,1.475839095019249
2024-08-08,7974354.0,3.4940572116610626,2023-2024Maha,1.475839095019249
2024-08-09,7974354.0,3.4940572116610626,2023-2024Maha,1.475839095019249
2024-08-10,7974354.0,3.4940572116610626,2023-2024Maha,1.475839095019249
2024-08-11,7974354.0,3.4940572116610626,2023-2024Maha,1.475839095019249
2024-08-12,7974354.0,3.4940572116610626,2023-2024Maha,1.475839095019249
2024-08-13,7974354.0,3.4940572116610626,2023-2024Maha,1.475839095019249
2024-08-14,7974354.0,3.4940572116610626,2023-2024Maha,1.475839095019249
2024-08-15,7974354.0,3.4940572116610626,2023-2024Maha,1.475839095019249
2024-08-16,7974354.0,3.4940572116610626,2023-2024Maha,1.475839095019249
2024-08-17,7974354.0,3.4940572116610626,2023-2024Maha,1.475839095019249
2024-08-18,7974354.0,3.4940572116610626,2023-2024Maha,1.475839095019249
2024-08-19,7974354.0,3.4940572116610626,2023-2024Maha,1.475839095019249
2024-08-20,7974354.0,3.4940572116610626,2023-2024Maha,1.475839095019249
2024-08-21,7974354.0,3.4940572116610626,2023-2024Maha,1.475839095019249
2024-08-22,7974354.0,3.4940572116610626,2023-2024Maha,1.475839095019249
2024-08-23,7974354.0,3.4940572116610626,2023-2024Maha,1.475839095019249
2024-08-24,7974354.0,3.4940572116610626,2023-2024Maha,1.475839095019249
2024-08-25,7974354.0,3.4940572116610626,2023-2024Maha,1.475839095019249
2024-08-26,7974354.0,3.4940572116610626,2023-2024Maha,1.475839095019249
2024-08-27,7974354.0,3.4940572116610626,2023-2024Maha,1.475839095019249
2024-08-28,7974354.0,3.4940572116610626,2023-2024Maha,1.475839095019249
2024-08-29,7974354.0,3.4940572116610626,2023-2024Maha,1.475839095019249
2024-08-30,7974354.0,3.4940572116610626,2023-2024Maha,1.475839095019249
2024-08-31,7974354.0,3.4940572116610626,2023-2024Maha,55.39160981016524
2024-09-01,5557436.0,3.9692342414407826,2024Yala,8.29453099987354
2024-09-02,5557436.0,3.9692342414407826,2024Yala,8.29453099987354
2024-09-03,5557436.0,3.9692342414407826,2024Yala,8.29453099987354
2024-09-04,5557436.0,3.9692342414407826,2024Yala,8.29453099987354
2024-09-05,5557436.0,3.9692342414407826,2024Yala,8.29453099987354
2024-09-06,5557436.0,3.9692342414407826,2024Yala,8.29453099987354
2024-09-07,5557436.0,3.9692342414407826,2024Yala,8.29453099987354
2024-09-08,5557436.0,3.9692342414407826,2024Yala,8.29453099987354
2024-09-09,5557436.0,3.9692342414407826,2024Yala,8.29453099987354
2024-09-10,5557436.0,3.9692342414407826,2024Yala,8.29453099987354
2024-09-11,5557436.0,3.9692342414407826,2024Yala,8.29453099987354
2024-09-12,5557436.0,3.9692342414407826,2024Yala,8.29453099987354
2024-09-13,5557436.0,3.9692342414407826,2024Yala,8.29453099987354
2024-09-14,5557436.0,3.9692342414407826,2024Yala,8.29453099987354
2024-09-15,5557436.0,3.9692342414407826,2024Yala,8.29453099987354
2024-09-16,5557436.0,3.9692342414407826,2024Yala,8.29453099987354
2024-09-17,5557436.0,3.9692342414407826,2024Yala,8.29453099987354
2024-09-18,5557436.0,3.9692342414407826,2024Yala,8.29453099987354
2024-09-19,5557436.0,3.9692342414407826,2024Yala,8.29453099987354
2024-09-20,5557436.0,3.9692342414407826,2024Yala,8.29453099987354
2024-09-21,5557436.0,3.9692342414407826,2024Yala,8.29453099987354
2024-09-22,5557436.0,3.9692342414407826,2024Yala,8.29453099987354
2024-09-23,5557436.0,3.9692342414407826,2024Yala,8.29453099987354
2024-09-24,5557436.0,3.9692342414407826,2024Yala,8.29453099987354
2024-09-25,5557436.0,3.9692342414407826,2024Yala,8.29453099987354
2024-09-26,5557436.0,3.9692342414407826,2024Yala,8.29453099987354
2024-09-27,5557436.0,3.9692342414407826,2024Yala,8.29453099987354
2024-09-28,5557436.0,3.9692342414407826,2024Yala,8.29453099987354
2024-09-29,5557436.0,3.9692342414407826,2024Yala,8.29453099987354
2024-09-30,5557436.0,3.9692342414407826,2024Yala,8.29453099987354
2024-10-01,5557436.0,3.9692342414407826,2024Yala,8.29453099987354
2024-10-02,5557436.0,3.9692342414407826,2024Yala,8.29453099987354
2024-10-03,5557436.0,3.9692342414407826,2024Yala,8.29453099987354
2024-10-04,5557436.0,3.9692342414407826,2024Yala,8.29453099987354
2024-10-05,5557436.0,3.9692342414407826,2024Yala,8.29453099987354
2024-10-06,5557436.0,3.9692342414407826,2024Yala,8.29453099987354
2024-10-07,5557436.0,3.9692342414407826,2024Yala,8.29453099987354
2024-10-08,5557436.0,3.9692342414407826,2024Yala,8.29453099987354
2024-10-09,5557436.0,3.9692342414407826,2024Yala,8.29453099987354
2024-10-10,5557436.0,3.9692342414407826,2024Yala,8.29453099987354
2024-10-11,5557436.0,3.9692342414407826,2024Yala,8.29453099987354
2024-10-12,5557436.0,3.9692342414407826,2024Yala,8.29453099987354
2024-10-13,5557436.0,3.9692342414407826,2024Yala,8.29453099987354
2024-10-14,5557436.0,3.9692342414407826,2024Yala,8.29453099987354
2024-10-15,5557436.0,3.9692342414407826,2024Yala,8.29453099987354
2024-10-16,5557436.0,3.9692342414407826,2024Yala,8.29453099987354
2024-10-17,5557436.0,3.9692342414407826,2024Yala,8.29453099987354
2024-10-18,5557436.0,3.9692342414407826,2024Yala,8.29453099987354
2024-10-19,5557436.0,3.9692342414407826,2024Yala,8.29453099987354
2024-10-20,5557436.0,3.9692342414407826,2024Yala,8.29453099987354
2024-10-21,5557436.0,3.9692342414407826,2024Yala,8.29453099987354
2024-10-22,5557436.0,3.9692342414407826,2024Yala,8.29453099987354
2024-10-23,5557436.0,3.9692342414407826,2024Yala,8.29453099987354
2024-10-24,5557436.0,3.9692342414407826,2024Yala,8.29453099987354
2024-10-25,5557436.0,3.9692342414407826,2024Yala,8.29453099987354
2024-10-26,5557436.0,3.9692342414407826,2024Yala,8.29453099987354
2024-10-27,5557436.0,3.9692342414407826,2024Yala,8.29453099987354
2024-10-28,5557436.0,3.9692342414407826,2024Yala,8.29453099987354
2024-10-29,5557436.0,3.9692342414407826,2024Yala,8.29453099987354
2024-10-30,5557436.0,3.9692342414407826,2024Yala,8.29453099987354
2024-10-31,5557436.0,3.9692342414407826,2024Yala,8.29453099987354
2024-11-01,5557436.0,3.9692342414407826,2024Yala,8.29453099987354
2024-11-02,5557436.0,3.9692342414407826,2024Yala,8.29453099987354
2024-11-03,5557436.0,3.9692342414407826,2024Yala,8.29453099987354
2024-11-04,5557436.0,3.9692342414407826,2024Yala,8.29453099987354
2024-11-05,5557436.0,3.9692342414407826,2024Yala,8.29453099987354
2024-11-06,5557436.0,3.9692342414407826,2024Yala,8.29453099987354
2024-11-07,5557436.0,3.9692342414407826,2024Yala,8.29453099987354
2024-11-08,5557436.0,3.9692342414407826,2024Yala,8.29453099987354
2024-11-09,5557436.0,3.9692342414407826,2024Yala,8.29453099987354
2024-11-10,5557436.0,3.9692342414407826,2024Yala,8.29453099987354
2024-11-11,5557436.0,3.9692342414407826,2024Yala,8.29453099987354
2024-11-12,5557436.0,3.9692342414407826,2024Yala,8.29453099987354
2024-11-13,5557436.0,3.9692342414407826,2024Yala,8.29453099987354
2024-11-14,5557436.0,3.9692342414407826,2024Yala,8.29453099987354
2024-11-15,5557436.0,3.9692342414407826,2024Yala,8.29453099987354
2024-11-16,5557436.0,3.9692342414407826,2024Yala,8.29453099987354
2024-11-17,5557436.0,3.9692342414407826,2024Yala,8.29453099987354
2024-11-18,5557436.0,3.9692342414407826,2024Yala,8.29453099987354
2024-11-19,5557436.0,3.9692342414407826,2024Yala,8.29453099987354
2024-11-20,5557436.0,3.9692342414407826,2024Yala,8.29453099987354
2024-11-21,5557436.0,3.9692342414407826,2024Yala,8.29453099987354
2024-11-22,5557436.0,3.9692342414407826,2024Yala,8.29453099987354
2024-11-23,5557436.0,3.9692342414407826,2024Yala,8.29453099987354
2024-11-24,5557436.0,3.9692342414407826,2024Yala,8.29453099987354
2024-11-25,5557436.0,3.9692342414407826,2024Yala,8.29453099987354
2024-11-26,5557436.0,3.9692342414407826,2024Yala,8.29453099987354
2024-11-27,5557436.0,3.9692342414407826,2024Yala,8.29453099987354
2024-11-28,5557436.0,3.9692342414407826,2024Yala,8.29453099987354
2024-11-29,5557436.0,3.9692342414407826,2024Yala,8.29453099987354
2024-11-30,5557436.0,3.9692342414407826,2024Yala,8.29453099987354
2024-12-01,5557436.0,3.9692342414407826,2024Yala,8.29453099987354
2024-12-02,5557436.0,3.9692342414407826,2024Yala,8.29453099987354
2024-12-03,5557436.0,3.9692342414407826,2024Yala,8.29453099987354
2024-12-04,5557436.0,3.9692342414407826,2024Yala,8.29453099987354
2024-12-05,5557436.0,3.9692342414407826,2024Yala,8.29453099987354
2024-12-06,5557436.0,3.9692342414407826,2024Yala,8.29453099987354
2024-12-07,5557436.0,3.9692342414407826,2024Yala,8.29453099987354
2024-12-08,5557436.0,3.9692342414407826,2024Yala,8.29453099987354
2024-12-09,5557436.0,3.9692342414407826,2024Yala,8.29453099987354
2024-12-10,5557436.0,3.9692342414407826,2024Yala,8.29453099987354
2024-12-11,5557436.0,3.9692342414407826,2024Yala,8.29453099987354
2024-12-12,5557436.0,3.9692342414407826,2024Yala,8.29453099987354
2024-12-13,5557436.0,3.9692342414407826,2024Yala,8.29453099987354
2024-12-14,5557436.0,3.9692342414407826,2024Yala,8.29453099987354
2024-12-15,5557436.0,3.9692342414407826,2024Yala,8.29453099987354
2024-12-16,5557436.0,3.9692342414407826,2024Yala,8.29453099987354
2024-12-17,5557436.0,3.9692342414407826,2024Yala,8.29453099987354
2024-12-18,5557436.0,3.9692342414407826,2024Yala,8.29453099987354
2024-12-19,5557436.0,3.9692342414407826,2024Yala,8.29453099987354
2024-12-20,5557436.0,3.9692342414407826,2024Yala,8.29453099987354
2024-12-21,5557436.0,3.9692342414407826,2024Yala,8.29453099987354
2024-12-22,5557436.0,3.9692342414407826,2024Yala,8.29453099987354
2024-12-23,5557436.0,3.9692342414407826,2024Yala,8.29453099987354
2024-12-24,5557436.0,3.9692342414407826,2024Yala,8.29453099987354
2024-12-25,5557436.0,3.9692342414407826,2024Yala,8.29453099987354
2024-12-26,5557436.0,3.9692342414407826,2024Yala,8.29453099987354
2024-12-27,5557436.0,3.9692342414407826,2024Yala,8.29453099987354
2024-12-28,5557436.0,3.9692342414407826,2024Yala,8.29453099987354
2024-12-29,5557436.0,3.9692342414407826,2024Yala,8.29453099987354
2024-12-30,5557436.0,3.9692342414407826,2024Yala,8.29453099987354
2024-12-31,5557436.0,3.9692342414407826,2024Yala,8.29453099987354
2025-01-01,5557436.0,3.9692342414407826,2024Yala,8.29453099987354
2025-01-02,5557436.0,3.9692342414407826,2024Yala,8.29453099987354
2025-01-03,5557436.0,3.9692342414407826,2024Yala,8.29453099987354
2025-01-04,5557436.0,3.9692342414407826,2024Yala,8.29453099987354
2025-01-05,5557436.0,3.9692342414407826,2024Yala,8.29453099987354
2025-01-06,5557436.0,3.9692342414407826,2024Yala,8.29453099987354
2025-01-07,5557436.0,3.9692342414407826,2024Yala,8.29453099987354
2025-01-08,5557436.0,3.9692342414407826,2024Yala,8.29453099987354
2025-01-09,5557436.0,3.9692342414407826,2024Yala,8.29453099987354
2025-01-10,5557436.0,3.9692342414407826,2024Yala,8.29453099987354
2025-01-11,5557436.0,3.9692342414407826,2024Yala,8.29453099987354
2025-01-12,5557436.0,3.9692342414407826,2024Yala,8.29453099987354
2025-01-13,5557436.0,3.9692342414407826,2024Yala,8.29453099987354
2025-01-14,5557436.0,3.9692342414407826,2024Yala,8.29453099987354
2025-01-15,5557436.0,3.9692342414407826,2024Yala,8.29453099987354
2025-01-16,5557436.0,3.9692342414407826,2024Yala,8.29453099987354
2025-01-17,5557436.0,3.9692342414407826,2024Yala,8.29453099987354
2025-01-18,5557436.0,3.9692342414407826,2024Yala,8.29453099987354
2025-01-19,5557436.0,3.9692342414407826,2024Yala,8.29453099987354
2025-01-20,5557436.0,3.9692342414407826,2024Yala,8.29453099987354
2025-01-21,5557436.0,3.9692342414407826,2024Yala,8.29453099987354
2025-01-22,5557436.0,3.9692342414407826,2024Yala,8.29453099987354
2025-01-23,5557436.0,3.9692342414407826,2024Yala,8.29453099987354
2025-01-24,5557436.0,3.9692342414407826,2024Yala,8.29453099987354
2025-01-25,5557436.0,3.9692342414407826,2024Yala,8.29453099987354
2025-01-26,5557436.0,3.9692342414407826,2024Yala,8.29453099987354
2025-01-27,5557436.0,3.9692342414407826,2024Yala,8.29453099987354
2025-01-28,5557436.0,3.9692342414407826,2024Yala,8.29453099987354
2025-01-29,5557436.0,3.9692342414407826,2024Yala,8.29453099987354
2025-01-30,5557436.0,3.9692342414407826,2024Yala,8.29453099987354
2025-01-31,5557436.0,3.9692342414407826,2024Yala,8.29453099987354
2025-02-01,5557436.0,3.9692342414407826,2024Yala,8.29453099987354
2025-02-02,5557436.0,3.9692342414407826,2024Yala,8.29453099987354
2025-02-03,5557436.0,3.9692342414407826,2024Yala,8.29453099987354
2025-02-04,5557436.0,3.9692342414407826,2024Yala,8.29453099987354
2025-02-05,5557436.0,3.9692342414407826,2024Yala,8.29453099987354
2025-02-06,5557436.0,3.9692342414407826,2024Yala,8.29453099987354
2025-02-07,5557436.0,3.9692342414407826,2024Yala,8.29453099987354
2025-02-08,5557436.0,3.9692342414407826,2024Yala,8.29453099987354
2025-02-09,5557436.0,3.9692342414407826,2024Yala,8.29453099987354
2025-02-10,5557436.0,3.9692342414407826,2024Yala,8.29453099987354
2025-02-11,5557436.0,3.9692342414407826,2024Yala,8.29453099987354
2025-02-12,5557436.0,3.9692342414407826,2024Yala,8.29453099987354
2025-02-13,5557436.0,3.9692342414407826,2024Yala,8.29453099987354
2025-02-14,5557436.0,3.9692342414407826,2024Yala,8.29453099987354
2025-02-15,5557436.0,3.9692342414407826,2024Yala,8.29453099987354
2025-02-16,5557436.0,3.9692342414407826,2024Yala,8.29453099987354
2025-02-17,5557436.0,3.9692342414407826,2024Yala,8.29453099987354
2025-02-18,5557436.0,3.9692342414407826,2024Yala,8.29453099987354
2025-02-19,5557436.0,3.9692342414407826,2024Yala,8.29453099987354
2025-02-20,5557436.0,3.9692342414407826,2024Yala,8.29453099987354
2025-02-21,5557436.0,3.9692342414407826,2024Yala,8.29453099987354
2025-02-22,5557436.0,3.9692342414407826,2024Yala,8.29453099987354
2025-02-23,5557436.0,3.9692342414407826,2024Yala,8.29453099987354
2025-02-24,5557436.0,3.9692342414407826,2024Yala,8.29453099987354
2025-02-25,5557436.0,3.9692342414407826,2024Yala,8.29453099987354
2025-02-26,5557436.0,3.9692342414407826,2024Yala,8.29453099987354
2025-02-27,5557436.0,3.9692342414407826,2024Yala,8.29453099987354
2025-02-28,5557436.0,3.9692342414407826,2024Yala,8.29453099987354
2025-03-01,10748660.0,3.5325687572878586,2024-2025Maha,34.79035417790581
2025-03-02,10748660.0,3.5325687572878586,2024-2025Maha,34.79035417790581
2025-03-03,10748660.0,3.5325687572878586,2024-2025Maha,34.79035417790581
2025-03-04,10748660.0,3.5325687572878586,2024-2025Maha,34.79035417790581
2025-03-05,10748660.0,3.5325687572878586,2024-2025Maha,34.79035417790581
2025-03-06,10748660.0,3.5325687572878586,2024-2025Maha,34.79035417790581
2025-03-07,10748660.0,3.5325687572878586,2024-2025Maha,34.79035417790581
2025-03-08,10748660.0,3.5325687572878586,2024-2025Maha,34.79035417790581
2025-03-09,10748660.0,3.5325687572878586,2024-2025Maha,34.79035417790581
2025-03-10,10748660.0,3.5325687572878586,2024-2025Maha,34.79035417790581
2025-03-11,10748660.0,3.5325687572878586,2024-2025Maha,34.79035417790581
2025-03-12,10748660.0,3.5325687572878586,2024-2025Maha,34.79035417790581
2025-03-13,10748660.0,3.5325687572878586,2024-2025Maha,34.79035417790581
2025-03-14,10748660.0,3.5325687572878586,2024-2025Maha,34.79035417790581
2025-03-15,10748660.0,3.5325687572878586,2024-2025Maha,34.79035417790581
2025-03-16,10748660.0,3.5325687572878586,2024-2025Maha,34.79035417790581
2025-03-17,10748660.0,3.5325687572878586,2024-2025Maha,34.79035417790581
2025-03-18,10748660.0,3.5325687572878586,2024-2025Maha,34.79035417790581
2025-03-19,10748660.0,3.5325687572878586,2024-2025Maha,34.79035417790581
2025-03-20,10748660.0,3.5325687572878586,2024-2025Maha,34.79035417790581
2025-03-21,10748660.0,3.5325687572878586,2024-2025Maha,34.79035417790581
2025-03-22,10748660.0,3.5325687572878586,2024-2025Maha,34.79035417790581
2025-03-23,10748660.0,3.5325687572878586,2024-2025Maha,34.79035417790581
2025-03-24,10748660.0,3.5325687572878586,2024-2025Maha,34.79035417790581
2025-03-25,10748660.0,3.5325687572878586,2024-2025Maha,34.79035417790581
2025-03-26,10748660.0,3.5325687572878586,2024-2025Maha,34.79035417790581
2025-03-27,10748660.0,3.5325687572878586,2024-2025Maha,34.79035417790581
2025-03-28,10748660.0,3.5325687572878586,2024-2025Maha,34.79035417790581
2025-03-29,10748660.0,3.5325687572878586,2024-2025Maha,34.79035417790581
2025-03-30,10748660.0,3.5325687572878586,2024-2025Maha,34.79035417790581
2025-03-31,10748660.0,3.5325687572878586,2024-2025Maha,34.79035417790581
2025-04-01,10748660.0,3.5325687572878586,2024-2025Maha,34.79035417790581
2025-04-02,10748660.0,3.5325687572878586,2024-2025Maha,34.79035417790581
2025-04-03,10748660.0,3.5325687572878586,2024-2025Maha,34.79035417790581
2025-04-04,10748660.0,3.5325687572878586,2024-2025Maha,34.79035417790581
2025-04-05,10748660.0,3.5325687572878586,2024-2025Maha,34.79035417790581
2025-04-06,10748660.0,3.5325687572878586,2024-2025Maha,34.79035417790581
2025-04-07,10748660.0,3.5325687572878586,2024-2025Maha,34.79035417790581
2025-04-08,10748660.0,3.5325687572878586,2024-2025Maha,34.79035417790581
2025-04-09,10748660.0,3.5325687572878586,2024-2025Maha,34.79035417790581
2025-04-10,10748660.0,3.5325687572878586,2024-2025Maha,34.79035417790581
2025-04-11,10748660.0,3.5325687572878586,2024-2025Maha,34.79035417790581
2025-04-12,10748660.0,3.5325687572878586,2024-2025Maha,34.79035417790581
2025-04-13,10748660.0,3.5325687572878586,2024-2025Maha,34.79035417790581
2025-04-14,10748660.0,3.5325687572878586,2024-2025Maha,34.79035417790581
2025-04-15,10748660.0,3.5325687572878586,2024-2025Maha,34.79035417790581
2025-04-16,10748660.0,3.5325687572878586,2024-2025Maha,34.79035417790581
2025-04-17,10748660.0,3.5325687572878586,2024-2025Maha,34.79035417790581
2025-04-18,10748660.0,3.5325687572878586,2024-2025Maha,34.79035417790581
2025-04-19,10748660.0,3.5325687572878586,2024-2025Maha,34.79035417790581
2025-04-20,10748660.0,3.5325687572878586,2024-2025Maha,34.79035417790581
2025-04-21,10748660.0,3.5325687572878586,2024-2025Maha,34.79035417790581
2025-04-22,10748660.0,3.5325687572878586,2024-2025Maha,34.79035417790581
2025-04-23,10748660.0,3.5325687572878586,2024-2025Maha,34.79035417790581
2025-04-24,10748660.0,3.5325687572878586,2024-2025Maha,34.79035417790581
2025-04-25,10748660.0,3.5325687572878586,2024-2025Maha,34.79035417790581
2025-04-26,10748660.0,3.5325687572878586,2024-2025Maha,34.79035417790581
2025-04-27,10748660.0,3.5325687572878586,2024-2025Maha,34.79035417790581
2025-04-28,10748660.0,3.5325687572878586,2024-2025Maha,34.79035417790581
2025-04-29,10748660.0,3.5325687572878586,2024-2025Maha,34.79035417790581
2025-04-30,10748660.0,3.5325687572878586,2024-2025Maha,34.79035417790581
2025-05-01,10748660.0,3.5325687572878586,2024-2025Maha,34.79035417790581
2025-05-02,10748660.0,3.5325687572878586,2024-2025Maha,34.79035417790581
2025-05-03,10748660.0,3.5325687572878586,2024-2025Maha,34.79035417790581
2025-05-04,10748660.0,3.5325687572878586,2024-2025Maha,34.79035417790581
2025-05-05,10748660.0,3.5325687572878586,2024-2025Maha,34.79035417790581
2025-05-06,10748660.0,3.5325687572878586,2024-2025Maha,34.79035417790581
2025-05-07,10748660.0,3.5325687572878586,2024-2025Maha,34.79035417790581
2025-05-08,10748660.0,3.5325687572878586,2024-2025Maha,34.79035417790581
2025-05-09,10748660.0,3.5325687572878586,2024-2025Maha,34.79035417790581
2025-05-10,10748660.0,3.5325687572878586,2024-2025Maha,34.79035417790581
2025-05-11,10748660.0,3.5325687572878586,2024-2025Maha,34.79035417790581
2025-05-12,10748660.0,3.5325687572878586,2024-2025Maha,34.79035417790581
2025-05-13,10748660.0,3.5325687572878586,2024-2025Maha,34.79035417790581
2025-05-14,10748660.0,3.5325687572878586,2024-2025Maha,34.79035417790581
2025-05-15,10748660.0,3.5325687572878586,2024-2025Maha,34.79035417790581
2025-05-16,10748660.0,3.5325687572878586,2024-2025Maha,34.79035417790581
2025-05-17,10748660.0,3.5325687572878586,2024-2025Maha,34.79035417790581
2025-05-18,10748660.0,3.5325687572878586,2024-2025Maha,34.79035417790581
2025-05-19,10748660.0,3.5325687572878586,2024-2025Maha,34.79035417790581
2025-05-20,10748660.0,3.5325687572878586,2024-2025Maha,34.79035417790581
2025-05-21,10748660.0,3.5325687572878586,2024-2025Maha,34.79035417790581
2025-05-22,10748660.0,3.5325687572878586,2024-2025Maha,34.79035417790581
2025-05-23,10748660.0,3.5325687572878586,2024-2025Maha,34.79035417790581
2025-05-24,10748660.0,3.5325687572878586,2024-2025Maha,34.79035417790581
2025-05-25,10748660.0,3.5325687572878586,2024-2025Maha,34.79035417790581
2025-05-26,10748660.0,3.5325687572878586,2024-2025Maha,34.79035417790581
2025-05-27,10748660.0,3.5325687572878586,2024-2025Maha,34.79035417790581
2025-05-28,10748660.0,3.5325687572878586,2024-2025Maha,34.79035417790581
2025-05-29,10748660.0,3.5325687572878586,2024-2025Maha,34.79035417790581
2025-05-30,10748660.0,3.5325687572878586,2024-2025Maha,34.79035417790581
2025-05-31,10748660.0,3.5325687572878586,2024-2025Maha,34.79035417790581
2025-06-01,10748660.0,3.5325687572878586,2024-2025Maha,34.79035417790581
2025-06-02,10748660.0,3.5325687572878586,2024-2025Maha,34.79035417790581
2025-06-03,10748660.0,3.5325687572878586,2024-2025Maha,34.79035417790581
2025-06-04,10748660.0,3.5325687572878586,2024-2025Maha,34.79035417790581
2025-06-05,10748660.0,3.5325687572878586,2024-2025Maha,34.79035417790581
2025-06-06,10748660.0,3.5325687572878586,2024-2025Maha,34.79035417790581
2025-06-07,10748660.0,3.5325687572878586,2024-2025Maha,34.79035417790581
2025-06-08,10748660.0,3.5325687572878586,2024-2025Maha,34.79035417790581
2025-06-09,10748660.0,3.5325687572878586,2024-2025Maha,34.79035417790581
2025-06-10,10748660.0,3.5325687572878586,2024-2025Maha,34.79035417790581
2025-06-11,10748660.0,3.5325687572878586,2024-2025Maha,34.79035417790581
2025-06-12,10748660.0,3.5325687572878586,2024-2025Maha,34.79035417790581
2025-06-13,10748660.0,3.5325687572878586,2024-2025Maha,34.79035417790581
2025-06-14,10748660.0,3.5325687572878586,2024-2025Maha,34.79035417790581
2025-06-15,10748660.0,3.5325687572878586,2024-2025Maha,34.79035417790581
2025-06-16,10748660.0,3.5325687572878586,2024-2025Maha,34.79035417790581
2025-06-17,10748660.0,3.5325687572878586,2024-2025Maha,34.79035417790581
2025-06-18,10748660.0,3.5325687572878586,2024-2025Maha,34.79035417790581
2025-06-19,10748660.0,3.5325687572878586,2024-2025Maha,34.79035417790581
2025-06-20,10748660.0,3.5325687572878586,2024-2025Maha,34.79035417790581
2025-06-21,10748660.0,3.5325687572878586,2024-2025Maha,34.79035417790581
2025-06-22,10748660.0,3.5325687572878586,2024-2025Maha,34.79035417790581
2025-06-23,10748660.0,3.5325687572878586,2024-2025Maha,34.79035417790581
2025-06-24,10748660.0,3.5325687572878586,2024-2025Maha,34.79035417790581
2025-06-25,10748660.0,3.5325687572878586,2024-2025Maha,34.79035417790581
2025-06-26,10748660.0,3.5325687572878586,2024-2025Maha,34.79035417790581
2025-06-27,10748660.0,3.5325687572878586,2024-2025Maha,34.79035417790581
2025-06-28,10748660.0,3.5325687572878586,2024-2025Maha,34.79035417790581
2025-06-29,10748660.0,3.5325687572878586,2024-2025Maha,34.79035417790581
2025-06-30,10748660.0,3.5325687572878586,2024-2025Maha,34.79035417790581
2025-07-01,10748660.0,3.5325687572878586,2024-2025Maha,34.79035417790581
2025-07-02,10748660.0,3.5325687572878586,2024-2025Maha,34.79035417790581
2025-07-03,10748660.0,3.5325687572878586,2024-2025Maha,34.79035417790581
2025-07-04,10748660.0,3.5325687572878586,2024-2025Maha,34.79035417790581
2025-07-05,10748660.0,3.5325687572878586,2024-2025Maha,34.79035417790581
2025-07-06,10748660.0,3.5325687572878586,2024-2025Maha,34.79035417790581
2025-07-07,10748660.0,3.5325687572878586,2024-2025Maha,34.79035417790581
2025-07-08,10748660.0,3.5325687572878586,2024-2025Maha,34.79035417790581
2025-07-09,10748660.0,3.5325687572878586,2024-2025Maha,34.79035417790581
2025-07-10,10748660.0,3.5325687572878586,2024-2025Maha,34.79035417790581
2025-07-11,10748660.0,3.5325687572878586,2024-2025Maha,34.79035417790581
2025-07-12,10748660.0,3.5325687572878586,2024-2025Maha,34.79035417790581
2025-07-13,10748660.0,3.5325687572878586,2024-2025Maha,34.79035417790581
2025-07-14,10748660.0,3.5325687572878586,2024-2025Maha,34.79035417790581
2025-07-15,10748660.0,3.5325687572878586,2024-2025Maha,34.79035417790581
2025-07-16,10748660.0,3.5325687572878586,2024-2025Maha,34.79035417790581
2025-07-17,10748660.0,3.5325687572878586,2024-2025Maha,34.79035417790581
2025-07-18,10748660.0,3.5325687572878586,2024-2025Maha,34.79035417790581
2025-07-19,10748660.0,3.5325687572878586,2024-2025Maha,34.79035417790581
2025-07-20,10748660.0,3.5325687572878586,2024-2025Maha,34.79035417790581
2025-07-21,10748660.0,3.5325687572878586,2024-2025Maha,34.79035417790581
2025-07-22,10748660.0,3.5325687572878586,2024-2025Maha,34.79035417790581
2025-07-23,10748660.0,3.5325687572878586,2024-2025Maha,34.79035417790581
2025-07-24,10748660.0,3.5325687572878586,2024-2025Maha,34.79035417790581
2025-07-25,10748660.0,3.5325687572878586,2024-2025Maha,34.79035417790581
2025-07-26,10748660.0,3.5325687572878586,2024-2025Maha,34.79035417790581
2025-07-27,10748660.0,3.5325687572878586,2024-2025Maha,34.79035417790581
2025-07-28,10748660.0,3.5325687572878586,2024-2025Maha,34.79035417790581
2025-07-29,10748660.0,3.5325687572878586,2024-2025Maha,34.79035417790581
2025-07-30,10748660.0,3.5325687572878586,2024-2025Maha,34.79035417790581
2025-07-31,10748660.0,3.5325687572878586,2024-2025Maha,34.79035417790581
2025-08-01,10748660.0,3.5325687572878586,2024-2025Maha,34.79035417790581
2025-08-02,10748660.0,3.5325687572878586,2024-2025Maha,34.79035417790581
2025-08-03,10748660.0,3.5325687572878586,2024-2025Maha,34.79035417790581
2025-08-04,10748660.0,3.5325687572878586,2024-2025Maha,34.79035417790581
2025-08-05,10748660.0,3.5325687572878586,2024-2025Maha,34.79035417790581
2025-08-06,10748660.0,3.5325687572878586,2024-2025Maha,34.79035417790581
2025-08-07,10748660.0,3.5325687572878586,2024-2025Maha,34.79035417790581
2025-08-08,10748660.0,3.5325687572878586,2024-2025Maha,34.79035417790581
2025-08-09,10748660.0,3.5325687572878586,2024-2025Maha,34.79035417790581
2025-08-10,10748660.0,3.5325687572878586,2024-2025Maha,34.79035417790581
2025-08-11,10748660.0,3.5325687572878586,2024-2025Maha,34.79035417790581
2025-08-12,10748660.0,3.5325687572878586,2024-2025Maha,34.79035417790581
2025-08-13,10748660.0,3.5325687572878586,2024-2025Maha,34.79035417790581
2025-08-14,10748660.0,3.5325687572878586,2024-2025Maha,34.79035417790581
2025-08-15,10748660.0,3.5325687572878586,2024-2025Maha,34.79035417790581
2025-08-16,10748660.0,3.5325687572878586,2024-2025Maha,34.79035417790581
2025-08-17,10748660.0,3.5325687572878586,2024-2025Maha,34.79035417790581
2025-08-18,10748660.0,3.5325687572878586,2024-2025Maha,34.79035417790581
2025-08-19,10748660.0,3.5325687572878586,2024-2025Maha,34.79035417790581
2025-08-20,10748660.0,3.5325687572878586,2024-2025Maha,34.79035417790581
2025-08-21,10748660.0,3.5325687572878586,2024-2025Maha,34.79035417790581
2025-08-22,10748660.0,3.5325687572878586,2024-2025Maha,34.79035417790581
2025-08-23,10748660.0,3.5325687572878586,2024-2025Maha,34.79035417790581
2025-08-24,10748660.0,3.5325687572878586,2024-2025Maha,34.79035417790581
2025-08-25,10748660.0,3.5325687572878586,2024-2025Maha,34.79035417790581
2025-08-26,10748660.0,3.5325687572878586,2024-2025Maha,34.79035417790581
2025-08-27,10748660.0,3.5325687572878586,2024-2025Maha,34.79035417790581
2025-08-28,10748660.0,3.5325687572878586,2024-2025Maha,34.79035417790581
2025-08-29,10748660.0,3.5325687572878586,2024-2025Maha,34.79035417790581
2025-08-30,10748660.0,3.5325687572878586,2024-2025Maha,34.79035417790581
2025-08-31,10748660.0,3.5325687572878586,2024-2025Maha,34.79035417790581
2025-09-01,8060984.0,4.266940225665,2025Yala,45.04861594447511
2025-09-02,8060984.0,4.266940225665,2025Yala,45.04861594447511
2025-09-03,8060984.0,4.266940225665,2025Yala,45.04861594447511
2025-09-04,8060984.0,4.266940225665,2025Yala,45.04861594447511
2025-09-05,8060984.0,4.266940225665,2025Yala,45.04861594447511
2025-09-06,8060984.0,4.266940225665,2025Yala,45.04861594447511
2025-09-07,8060984.0,4.266940225665,2025Yala,45.04861594447511
2025-09-08,8060984.0,4.266940225665,2025Yala,45.04861594447511
2025-09-09,8060984.0,4.266940225665,2025Yala,45.04861594447511
2025-09-10,8060984.0,4.266940225665,2025Yala,45.04861594447511
2025-09-11,8060984.0,4.266940225665,2025Yala,45.04861594447511
2025-09-12,8060984.0,4.266940225665,2025Yala,45.04861594447511
2025-09-13,8060984.0,4.266940225665,2025Yala,45.04861594447511
2025-09-14,8060984.0,4.266940225665,2025Yala,45.04861594447511
2025-09-15,8060984.0,4.266940225665,2025Yala,45.04861594447511
2025-09-16,8060984.0,4.266940225665,2025Yala,45.04861594447511
2025-09-17,8060984.0,4.266940225665,2025Yala,45.04861594447511
2025-09-18,8060984.0,4.266940225665,2025Yala,45.04861594447511
2025-09-19,8060984.0,4.266940225665,2025Yala,45.04861594447511
2025-09-20,8060984.0,4.266940225665,2025Yala,45.04861594447511
2025-09-21,8060984.0,4.266940225665,2025Yala,45.04861594447511
2025-09-22,8060984.0,4.266940225665,2025Yala,45.04861594447511
2025-09-23,8060984.0,4.266940225665,2025Yala,45.04861594447511
2025-09-24,8060984.0,4.266940225665,2025Yala,45.04861594447511
2025-09-25,8060984.0,4.266940225665,2025Yala,45.04861594447511
2025-09-26,8060984.0,4.266940225665,2025Yala,45.04861594447511
2025-09-27,8060984.0,4.266940225665,2025Yala,45.04861594447511
2025-09-28,8060984.0,4.266940225665,2025Yala,45.04861594447511
2025-09-29,8060984.0,4.266940225665,2025Yala,45.04861594447511
2025-09-30,8060984.0,4.266940225665,2025Yala,45.04861594447511
2025-10-01,8060984.0,4.266940225665,2025Yala,45.04861594447511
2025-10-02,8060984.0,4.266940225665,2025Yala,45.04861594447511
2025-10-03,8060984.0,4.266940225665,2025Yala,45.04861594447511
2025-10-04,8060984.0,4.266940225665,2025Yala,45.04861594447511
2025-10-05,8060984.0,4.266940225665,2025Yala,45.04861594447511
2025-10-06,8060984.0,4.266940225665,2025Yala,45.04861594447511
2025-10-07,8060984.0,4.266940225665,2025Yala,45.04861594447511
2025-10-08,8060984.0,4.266940225665,2025Yala,45.04861594447511
2025-10-09,8060984.0,4.266940225665,2025Yala,45.04861594447511
2025-10-10,8060984.0,4.266940225665,2025Yala,45.04861594447511
2025-10-11,8060984.0,4.266940225665,2025Yala,45.04861594447511
2025-10-12,8060984.0,4.266940225665,2025Yala,45.04861594447511
2025-10-13,8060984.0,4.266940225665,2025Yala,45.04861594447511
2025-10-14,8060984.0,4.266940225665,2025Yala,45.04861594447511
2025-10-15,8060984.0,4.266940225665,2025Yala,45.04861594447511
2025-10-16,8060984.0,4.266940225665,2025Yala,45.04861594447511
2025-10-17,8060984.0,4.266940225665,2025Yala,45.04861594447511
2025-10-18,8060984.0,4.266940225665,2025Yala,45.04861594447511
2025-10-19,8060984.0,4.266940225665,2025Yala,45.04861594447511
2025-10-20,8060984.0,4.266940225665,2025Yala,45.04861594447511
2025-10-21,8060984.0,4.266940225665,2025Yala,45.04861594447511
2025-10-22,8060984.0,4.266940225665,2025Yala,45.04861594447511
2025-10-23,8060984.0,4.266940225665,2025Yala,45.04861594447511
2025-10-24,8060984.0,4.266940225665,2025Yala,45.04861594447511
2025-10-25,8060984.0,4.266940225665,2025Yala,45.04861594447511
2025-10-26,8060984.0,4.266940225665,2025Yala,45.04861594447511
2025-10-27,8060984.0,4.266940225665,2025Yala,45.04861594447511
2025-10-28,8060984.0,4.266940225665,2025Yala,45.04861594447511
2025-10-29,8060984.0,4.266940225665,2025Yala,45.04861594447511
2025-10-30,8060984.0,4.266940225665,2025Yala,45.04861594447511
2025-10-31,8060984.0,4.266940225665,2025Yala,45.04861594447511
2025-11-01,8060984.0,4.266940225665,2025Yala,45.04861594447511
2025-11-02,8060984.0,4.266940225665,2025Yala,45.04861594447511
2025-11-03,8060984.0,4.266940225665,2025Yala,45.04861594447511
2025-11-04,8060984.0,4.266940225665,2025Yala,45.04861594447511
2025-11-05,8060984.0,4.266940225665,2025Yala,45.04861594447511
2025-11-06,8060984.0,4.266940225665,2025Yala,45.04861594447511
2025-11-07,8060984.0,4.266940225665,2025Yala,45.04861594447511
2025-11-08,8060984.0,4.266940225665,2025Yala,45.04861594447511
2025-11-09,8060984.0,4.266940225665,2025Yala,45.04861594447511
2025-11-10,8060984.0,4.266940225665,2025Yala,45.04861594447511
2025-11-11,8060984.0,4.266940225665,2025Yala,45.04861594447511
2025-11-12,8060984.0,4.266940225665,2025Yala,45.04861594447511
2025-11-13,8060984.0,4.266940225665,2025Yala,45.04861594447511
2025-11-14,8060984.0,4.266940225665,2025Yala,45.04861594447511
2025-11-15,8060984.0,4.266940225665,2025Yala,45.04861594447511
2025-11-16,8060984.0,4.266940225665,2025Yala,45.04861594447511
2025-11-17,8060984.0,4.266940225665,2025Yala,45.04861594447511
2025-11-18,8060984.0,4.266940225665,2025Yala,45.04861594447511
2025-11-19,8060984.0,4.266940225665,2025Yala,45.04861594447511
2025-11-20,8060984.0,4.266940225665,2025Yala,45.04861594447511
2025-11-21,8060984.0,4.266940225665,2025Yala,45.04861594447511
2025-11-22,8060984.0,4.266940225665,2025Yala,45.04861594447511
2025-11-23,8060984.0,4.266940225665,2025Yala,45.04861594447511
2025-11-24,8060984.0,4.266940225665,2025Yala,45.04861594447511
2025-11-25,8060984.0,4.266940225665,2025Yala,45.04861594447511
2025-11-26,8060984.0,4.266940225665,2025Yala,45.04861594447511
2025-11-27,8060984.0,4.266940225665,2025Yala,45.04861594447511
2025-11-28,8060984.0,4.266940225665,2025Yala,45.04861594447511
2025-11-29,8060984.0,4.266940225665,2025Yala,45.04861594447511
2025-11-30,8060984.0,4.266940225665,2025Yala,45.04861594447511
2025-12-01,8060984.0,4.266940225665,2025Yala,45.04861594447511
2025-12-02,8060984.0,4.266940225665,2025Yala,45.04861594447511
2025-12-03,8060984.0,4.266940225665,2025Yala,45.04861594447511
2025-12-04,8060984.0,4.266940225665,2025Yala,45.04861594447511
2025-12-05,8060984.0,4.266940225665,2025Yala,45.04861594447511
2025-12-06,8060984.0,4.266940225665,2025Yala,45.04861594447511
2025-12-07,8060984.0,4.266940225665,2025Yala,45.04861594447511
2025-12-08,8060984.0,4.266940225665,2025Yala,45.04861594447511
2025-12-09,8060984.0,4.266940225665,2025Yala,45.04861594447511
2025-12-10,8060984.0,4.266940225665,2025Yala,45.04861594447511
2025-12-11,8060984.0,4.266940225665,2025Yala,45.04861594447511
2025-12-12,8060984.0,4.266940225665,2025Yala,45.04861594447511
2025-12-13,8060984.0,4.266940225665,2025Yala,45.04861594447511
2025-12-14,8060984.0,4.266940225665,2025Yala,45.04861594447511
2025-12-15,8060984.0,4.266940225665,2025Yala,45.04861594447511
2025-12-16,8060984.0,4.266940225665,2025Yala,45.04861594447511
2025-12-17,8060984.0,4.266940225665,2025Yala,45.04861594447511
2025-12-18,8060984.0,4.266940225665,2025Yala,45.04861594447511
2025-12-19,8060984.0,4.266940225665,2025Yala,45.04861594447511
2025-12-20,8060984.0,4.266940225665,2025Yala,45.04861594447511
2025-12-21,8060984.0,4.266940225665,2025Yala,45.04861594447511
2025-12-22,8060984.0,4.266940225665,2025Yala,45.04861594447511
2025-12-23,8060984.0,4.266940225665,2025Yala,45.04861594447511
2025-12-24,8060984.0,4.266940225665,2025Yala,45.04861594447511
2025-12-25,8060984.0,4.266940225665,2025Yala,45.04861594447511
2025-12-26,8060984.0,4.266940225665,2025Yala,45.04861594447511
2025-12-27,8060984.0,4.266940225665,2025Yala,45.04861594447511
2025-12-28,8060984.0,4.266940225665,2025Yala,45.04861594447511
2025-12-29,8060984.0,4.266940225665,2025Yala,45.04861594447511
2025-12-30,8060984.0,4.266940225665,2025Yala,45.04861594447511
2025-12-31,8060984.0,4.266940225665,2025Yala,45.04861594447511
2026-01-01,8060984.0,4.266940225665,2025Yala,45.04861594447511
2026-01-02,8060984.0,4.266940225665,2025Yala,45.04861594447511
2026-01-03,8060984.0,4.266940225665,2025Yala,45.04861594447511
2026-01-04,8060984.0,4.266940225665,2025Yala,45.04861594447511
2026-01-05,8060984.0,4.266940225665,2025Yala,45.04861594447511
2026-01-06,8060984.0,4.266940225665,2025Yala,45.04861594447511
2026-01-07,8060984.0,4.266940225665,2025Yala,45.04861594447511
2026-01-08,8060984.0,4.266940225665,2025Yala,45.04861594447511
2026-01-09,8060984.0,4.266940225665,2025Yala,45.04861594447511
2026-01-10,8060984.0,4.266940225665,2025Yala,45.04861594447511
2026-01-11,8060984.0,4.266940225665,2025Yala,45.04861594447511
2026-01-12,8060984.0,4.266940225665,2025Yala,45.04861594447511
2026-01-13,8060984.0,4.266940225665,2025Yala,45.04861594447511
2026-01-14,8060984.0,4.266940225665,2025Yala,45.04861594447511
2026-01-15,8060984.0,4.266940225665,2025Yala,45.04861594447511
2026-01-16,8060984.0,4.266940225665,2025Yala,45.04861594447511
2026-01-17,8060984.0,4.266940225665,2025Yala,45.04861594447511
2026-01-18,8060984.0,4.266940225665,2025Yala,45.04861594447511
2026-01-19,8060984.0,4.266940225665,2025Yala,45.04861594447511
2026-01-20,8060984.0,4.266940225665,2025Yala,45.04861594447511
2026-01-21,8060984.0,4.266940225665,2025Yala,45.04861594447511
2026-01-22,8060984.0,4.266940225665,2025Yala,45.04861594447511
2026-01-23,8060984.0,4.266940225665,2025Yala,45.04861594447511
2026-01-24,8060984.0,4.266940225665,2025Yala,45.04861594447511
2026-01-25,8060984.0,4.266940225665,2025Yala,45.04861594447511
2026-01-26,8060984.0,4.266940225665,2025Yala,45.04861594447511
2026-01-27,8060984.0,4.266940225665,2025Yala,45.04861594447511
2026-01-28,8060984.0,4.266940225665,2025Yala,45.04861594447511
2026-01-29,8060984.0,4.266940225665,2025Yala,45.04861594447511
2026-01-30,8060984.0,4.266940225665,2025Yala,45.04861594447511
2026-01-31,8060984.0,4.266940225665,2025Yala,45.04861594447511
2026-02-01,8060984.0,4.266940225665,2025Yala,45.04861594447511
2026-02-02,8060984.0,4.266940225665,2025Yala,45.04861594447511
2026-02-03,8060984.0,4.266940225665,2025Yala,45.04861594447511
2026-02-04,8060984.0,4.266940225665,2025Yala,45.04861594447511
2026-02-05,8060984.0,4.266940225665,2025Yala,45.04861594447511
2026-02-06,8060984.0,4.266940225665,2025Yala,45.04861594447511
2026-02-07,8060984.0,4.266940225665,2025Yala,45.04861594447511
2026-02-08,8060984.0,4.266940225665,2025Yala,45.04861594447511
2026-02-09,8060984.0,4.266940225665,2025Yala,45.04861594447511
2026-02-10,8060984.0,4.266940225665,2025Yala,45.04861594447511
2026-02-11,8060984.0,4.266940225665,2025Yala,45.04861594447511
2026-02-12,8060984.0,4.266940225665,2025Yala,45.04861594447511
2026-02-13,8060984.0,4.266940225665,2025Yala,45.04861594447511
2026-02-14,8060984.0,4.266940225665,2025Yala,45.04861594447511
2026-02-15,8060984.0,4.266940225665,2025Yala,45.04861594447511
2026-02-16,8060984.0,4.266940225665,2025Yala,45.04861594447511
2026-02-17,8060984.0,4.266940225665,2025Yala,45.04861594447511
2026-02-18,8060984.0,4.266940225665,2025Yala,45.04861594447511
2026-02-19,8060984.0,4.266940225665,2025Yala,45.04861594447511
2026-02-20,8060984.0,4.266940225665,2025Yala,45.04861594447511
2026-02-21,8060984.0,4.266940225665,2025Yala,45.04861594447511
2026-02-22,8060984.0,4.266940225665,2025Yala,45.04861594447511
2026-02-23,8060984.0,4.266940225665,2025Yala,45.04861594447511
2026-02-24,8060984.0,4.266940225665,2025Yala,45.04861594447511
2026-02-25,8060984.0,4.266940225665,2025Yala,45.04861594447511
2026-02-26,8060984.0,4.266940225665,2025Yala,45.04861594447511
2026-02-27,8060984.0,4.266940225665,2025Yala,45.04861594447511
2026-02-28,8060984.0,4.266940225665,2025Yala,45.04861594447511
2026-03-01,8060984.0,4.266940225665,2025Yala,-25.00475408097381
2026-03-02,8060984.0,4.266940225665,2025Yala,-25.00475408097381
2026-03-03,8060984.0,4.266940225665,2025Yala,-25.00475408097381
2026-03-04,8060984.0,4.266940225665,2025Yala,-25.00475408097381
2026-03-05,8060984.0,4.266940225665,2025Yala,-25.00475408097381
2026-03-06,8060984.0,4.266940225665,2025Yala,-25.00475408097381
2026-03-07,8060984.0,4.266940225665,2025Yala,-25.00475408097381
2026-03-08,8060984.0,4.266940225665,2025Yala,-25.00475408097381
2026-03-09,8060984.0,4.266940225665,2025Yala,-25.00475408097381
2026-03-10,8060984.0,4.266940225665,2025Yala,-25.00475408097381
2026-03-11,8060984.0,4.266940225665,2025Yala,-25.00475408097381
2026-03-12,8060984.0,4.266940225665,2025Yala,-25.00475408097381
2026-03-13,8060984.0,4.266940225665,2025Yala,-25.00475408097381
2026-03-14,8060984.0,4.266940225665,2025Yala,-25.00475408097381
2026-03-15,8060984.0,4.266940225665,2025Yala,-25.00475408097381
2026-03-16,8060984.0,4.266940225665,2025Yala,-25.00475408097381
2026-03-17,8060984.0,4.266940225665,2025Yala,-25.00475408097381
2026-03-18,8060984.0,4.266940225665,2025Yala,-25.00475408097381
2026-03-19,8060984.0,4.266940225665,2025Yala,-25.00475408097381
2026-03-20,8060984.0,4.266940225665,2025Yala,-25.00475408097381
2026-03-21,8060984.0,4.266940225665,2025Yala,-25.00475408097381
2026-03-22,8060984.0,4.266940225665,2025Yala,-25.00475408097381
2026-03-23,8060984.0,4.266940225665,2025Yala,-25.00475408097381
2026-03-24,8060984.0,4.266940225665,2025Yala,-25.00475408097381
2026-03-25,8060984.0,4.266940225665,2025Yala,-25.00475408097381
2026-03-26,8060984.0,4.266940225665,2025Yala,-25.00475408097381
2026-03-27,8060984.0,4.266940225665,2025Yala,-25.00475408097381
2026-03-28,8060984.0,4.266940225665,2025Yala,-25.00475408097381
2026-03-29,8060984.0,4.266940225665,2025Yala,-25.00475408097381
2026-03-30,8060984.0,4.266940225665,2025Yala,-25.00475408097381
2026-03-31,8060984.0,4.266940225665,2025Yala,-25.00475408097381
2026-04-01,8060984.0,4.266940225665,2025Yala,-25.00475408097381
2026-04-02,8060984.0,4.266940225665,2025Yala,-25.00475408097381
2026-04-03,8060984.0,4.266940225665,2025Yala,-25.00475408097381
2026-04-04,8060984.0,4.266940225665,2025Yala,-25.00475408097381
2026-04-05,8060984.0,4.266940225665,2025Yala,-25.00475408097381
2026-04-06,8060984.0,4.266940225665,2025Yala,-25.00475408097381
2026-04-07,8060984.0,4.266940225665,2025Yala,-25.00475408097381
2026-04-08,8060984.0,4.266940225665,2025Yala,-25.00475408097381
2026-04-09,8060984.0,4.266940225665,2025Yala,-25.00475408097381
2026-04-10,8060984.0,4.266940225665,2025Yala,-25.00475408097381
2026-04-11,8060984.0,4.266940225665,2025Yala,-25.00475408097381
2026-04-12,8060984.0,4.266940225665,2025Yala,-25.00475408097381
2026-04-13,8060984.0,4.266940225665,2025Yala,-25.00475408097381
2026-04-14,8060984.0,4.266940225665,2025Yala,-25.00475408097381
2026-04-15,8060984.0,4.266940225665,2025Yala,-25.00475408097381
2026-04-16,8060984.0,4.266940225665,2025Yala,-25.00475408097381
2026-04-17,8060984.0,4.266940225665,2025Yala,-25.00475408097381
2026-04-18,8060984.0,4.266940225665,2025Yala,-25.00475408097381
2026-04-19,8060984.0,4.266940225665,2025Yala,-25.00475408097381
2026-04-20,8060984.0,4.266940225665,2025Yala,-25.00475408097381
2026-04-21,8060984.0,4.266940225665,2025Yala,-25.00475408097381
2026-04-22,8060984.0,4.266940225665,2025Yala,-25.00475408097381
2026-04-23,8060984.0,4.266940225665,2025Yala,-25.00475408097381
2026-04-24,8060984.0,4.266940225665,2025Yala,-25.00475408097381
2026-04-25,8060984.0,4.266940225665,2025Yala,-25.00475408097381
2026-04-26,8060984.0,4.266940225665,2025Yala,-25.00475408097381
2026-04-27,8060984.0,4.266940225665,2025Yala,-25.00475408097381
2026-04-28,8060984.0,4.266940225665,2025Yala,-25.00475408097381
2026-04-29,8060984.0,4.266940225665,2025Yala,-25.00475408097381
2026-04-30,8060984.0,4.266940225665,2025Yala,-25.00475408097381
2026-05-01,8060984.0,4.266940225665,2025Yala,-25.00475408097381
2026-05-02,8060984.0,4.266940225665,2025Yala,-25.00475408097381
2026-05-03,8060984.0,4.266940225665,2025Yala,-25.00475408097381
2026-05-04,8060984.0,4.266940225665,2025Yala,-25.00475408097381
2026-05-05,8060984.0,4.266940225665,2025Yala,-25.00475408097381
2026-05-06,8060984.0,4.266940225665,2025Yala,-25.00475408097381
2026-05-07,8060984.0,4.266940225665,2025Yala,-25.00475408097381
2026-05-08,8060984.0,4.266940225665,2025Yala,-25.00475408097381
2026-05-09,8060984.0,4.266940225665,2025Yala,-25.00475408097381
2026-05-10,8060984.0,4.266940225665,2025Yala,-25.00475408097381
2026-05-11,8060984.0,4.266940225665,2025Yala,-25.00475408097381
2026-05-12,8060984.0,4.266940225665,2025Yala,-25.00475408097381
2026-05-13,8060984.0,4.266940225665,2025Yala,-25.00475408097381
2026-05-14,8060984.0,4.266940225665,2025Yala,-25.00475408097381
2026-05-15,8060984.0,4.266940225665,2025Yala,-25.00475408097381
2026-05-16,8060984.0,4.266940225665,2025Yala,-25.00475408097381
2026-05-17,8060984.0,4.266940225665,2025Yala,-25.00475408097381
2026-05-18,8060984.0,4.266940225665,2025Yala,-25.00475408097381
2026-05-19,8060984.0,4.266940225665,2025Yala,-25.00475408097381
2026-05-20,8060984.0,4.266940225665,2025Yala,-25.00475408097381
2026-05-21,8060984.0,4.266940225665,2025Yala,-25.00475408097381
2026-05-22,8060984.0,4.266940225665,2025Yala,-25.00475408097381
2026-05-23,8060984.0,4.266940225665,2025Yala,-25.00475408097381
2026-05-24,8060984.0,4.266940225665,2025Yala,-25.00475408097381
2026-05-25,8060984.0,4.266940225665,2025Yala,-25.00475408097381
2026-05-26,8060984.0,4.266940225665,2025Yala,-25.00475408097381
2026-05-27,8060984.0,4.266940225665,2025Yala,-25.00475408097381
2026-05-28,8060984.0,4.266940225665,2025Yala,-25.00475408097381
2026-05-29,8060984.0,4.266940225665,2025Yala,-25.00475408097381
2026-05-30,8060984.0,4.266940225665,2025Yala,-25.00475408097381
2026-05-31,8060984.0,4.266940225665,2025Yala,-25.00475408097381
2026-06-01,8060984.0,4.266940225665,2025Yala,-25.00475408097381
2026-06-02,8060984.0,4.266940225665,2025Yala,-25.00475408097381
2026-06-03,8060984.0,4.266940225665,2025Yala,-25.00475408097381
2026-06-04,8060984.0,4.266940225665,2025Yala,-25.00475408097381
2026-06-05,8060984.0,4.266940225665,2025Yala,-25.00475408097381
2026-06-06,8060984.0,4.266940225665,2025Yala,-25.00475408097381
2026-06-07,8060984.0,4.266940225665,2025Yala,-25.00475408097381
2026-06-08,8060984.0,4.266940225665,2025Yala,-25.00475408097381
2026-06-09,8060984.0,4.266940225665,2025Yala,-25.00475408097381
2026-06-10,8060984.0,4.266940225665,2025Yala,-25.00475408097381
2026-06-11,8060984.0,4.266940225665,2025Yala,-25.00475408097381
2026-06-12,8060984.0,4.266940225665,2025Yala,-25.00475408097381
2026-06-13,8060984.0,4.266940225665,2025Yala,-25.00475408097381
2026-06-14,8060984.0,4.266940225665,2025Yala,-25.00475408097381
2026-06-15,8060984.0,4.266940225665,2025Yala,-25.00475408097381
2026-06-16,8060984.0,4.266940225665,2025Yala,-25.00475408097381
2026-06-17,8060984.0,4.266940225665,2025Yala,-25.00475408097381
2026-06-18,8060984.0,4.266940225665,2025Yala,-25.00475408097381
2026-06-19,8060984.0,4.266940225665,2025Yala,-25.00475408097381
2026-06-20,8060984.0,4.266940225665,2025Yala,-25.00475408097381
2026-06-21,8060984.0,4.266940225665,2025Yala,-25.00475408097381
2026-06-22,8060984.0,4.266940225665,2025Yala,-25.00475408097381
2026-06-23,8060984.0,4.266940225665,2025Yala,-25.00475408097381
2026-06-24,8060984.0,4.266940225665,2025Yala,-25.00475408097381
2026-06-25,8060984.0,4.266940225665,2025Yala,-25.00475408097381
2026-06-26,8060984.0,4.266940225665,2025Yala,-25.00475408097381
2026-06-27,8060984.0,4.266940225665,2025Yala,-25.00475408097381
2026-06-28,8060984.0,4.266940225665,2025Yala,-25.00475408097381
2026-06-29,8060984.0,4.266940225665,2025Yala,-25.00475408097381
2026-06-30,8060984.0,4.266940225665,2025Yala,-25.00475408097381
2026-07-01,8060984.0,4.266940225665,2025Yala,-25.00475408097381
2026-07-02,8060984.0,4.266940225665,2025Yala,-25.00475408097381
2026-07-03,8060984.0,4.266940225665,2025Yala,-25.00475408097381
2026-07-04,8060984.0,4.266940225665,2025Yala,-25.00475408097381
2026-07-05,8060984.0,4.266940225665,2025Yala,-25.00475408097381
2026-07-06,8060984.0,4.266940225665,2025Yala,-25.00475408097381
2026-07-07,8060984.0,4.266940225665,2025Yala,-25.00475408097381
2026-07-08,8060984.0,4.266940225665,2025Yala,-25.00475408097381
2026-07-09,8060984.0,4.266940225665,2025Yala,-25.00475408097381
2026-07-10,8060984.0,4.266940225665,2025Yala,-25.00475408097381
2026-07-11,8060984.0,4.266940225665,2025Yala,-25.00475408097381
2026-07-12,8060984.0,4.266940225665,2025Yala,-25.00475408097381
2026-07-13,8060984.0,4.266940225665,2025Yala,-25.00475408097381
2026-07-14,8060984.0,4.266940225665,2025Yala,-25.00475408097381
2026-07-15,8060984.0,4.266940225665,2025Yala,-25.00475408097381
2026-07-16,8060984.0,4.266940225665,2025Yala,-25.00475408097381
2026-07-17,8060984.0,4.266940225665,2025Yala,-25.00475408097381
2026-07-18,8060984.0,4.266940225665,2025Yala,-25.00475408097381
2026-07-19,8060984.0,4.266940225665,2025Yala,-25.00475408097381
2026-07-20,8060984.0,4.266940225665,2025Yala,-25.00475408097381
2026-07-21,8060984.0,4.266940225665,2025Yala,-25.00475408097381
2026-07-22,8060984.0,4.266940225665,2025Yala,-25.00475408097381
2026-07-23,8060984.0,4.266940225665,2025Yala,-25.00475408097381
2026-07-24,8060984.0,4.266940225665,2025Yala,-25.00475408097381
2026-07-25,8060984.0,4.266940225665,2025Yala,-25.00475408097381
2026-07-26,8060984.0,4.266940225665,2025Yala,-25.00475408097381
2026-07-27,8060984.0,4.266940225665,2025Yala,-25.00475408097381
2026-07-28,8060984.0,4.266940225665,2025Yala,-25.00475408097381
2026-07-29,8060984.0,4.266940225665,2025Yala,-25.00475408097381
2026-07-30,8060984.0,4.266940225665,2025Yala,-25.00475408097381
2026-07-31,8060984.0,4.266940225665,2025Yala,-25.00475408097381
2026-08-01,8060984.0,4.266940225665,2025Yala,-25.00475408097381
2026-08-02,8060984.0,4.266940225665,2025Yala,-25.00475408097381
2026-08-03,8060984.0,4.266940225665,2025Yala,-25.00475408097381
2026-08-04,8060984.0,4.266940225665,2025Yala,-25.00475408097381
2026-08-05,8060984.0,4.266940225665,2025Yala,-25.00475408097381
2026-08-06,8060984.0,4.266940225665,2025Yala,-25.00475408097381
2026-08-07,8060984.0,4.266940225665,2025Yala,-25.00475408097381
2026-08-08,8060984.0,4.266940225665,2025Yala,-25.00475408097381
2026-08-09,8060984.0,4.266940225665,2025Yala,-25.00475408097381
2026-08-10,8060984.0,4.266940225665,2025Yala,-25.00475408097381
2026-08-11,8060984.0,4.266940225665,2025Yala,-25.00475408097381
2026-08-12,8060984.0,4.266940225665,2025Yala,-25.00475408097381
2026-08-13,8060984.0,4.266940225665,2025Yala,-25.00475408097381
2026-08-14,8060984.0,4.266940225665,2025Yala,-25.00475408097381
2026-08-15,8060984.0,4.266940225665,2025Yala,-25.00475408097381
2026-08-16,8060984.0,4.266940225665,2025Yala,-25.00475408097381
2026-08-17,8060984.0,4.266940225665,2025Yala,-25.00475408097381
2026-08-18,8060984.0,4.266940225665,2025Yala,-25.00475408097381
2026-08-19,8060984.0,4.266940225665,2025Yala,-25.00475408097381
2026-08-20,8060984.0,4.266940225665,2025Yala,-25.00475408097381
2026-08-21,8060984.0,4.266940225665,2025Yala,-25.00475408097381
2026-08-22,8060984.0,4.266940225665,2025Yala,-25.00475408097381
2026-08-23,8060984.0,4.266940225665,2025Yala,-25.00475408097381
2026-08-24,8060984.0,4.266940225665,2025Yala,-25.00475408097381
2026-08-25,8060984.0,4.266940225665,2025Yala,-25.00475408097381
2026-08-26,8060984.0,4.266940225665,2025Yala,-25.00475408097381
2026-08-27,8060984.0,4.266940225665,2025Yala,-25.00475408097381
2026-08-28,8060984.0,4.266940225665,2025Yala,-25.00475408097381
2026-08-29,8060984.0,4.266940225665,2025Yala,-25.00475408097381
2026-08-30,8060984.0,4.266940225665,2025Yala,-25.00475408097381
2026-08-31,8060984.0,4.266940225665,2025Yala,-25.00475408097381
2026-09-01,8060984.0,4.266940225665,2025Yala,0.0
2026-09-02,8060984.0,4.266940225665,2025Yala,0.0
2026-09-03,8060984.0,4.266940225665,2025Yala,0.0
2026-09-04,8060984.0,4.266940225665,2025Yala,0.0
2026-09-05,8060984.0,4.266940225665,2025Yala,0.0
2026-09-06,8060984.0,4.266940225665,2025Yala,0.0
2026-09-07,8060984.0,4.266940225665,2025Yala,0.0
2026-09-08,8060984.0,4.266940225665,2025Yala,0.0
2026-09-09,8060984.0,4.266940225665,2025Yala,0.0
2026-09-10,8060984.0,4.266940225665,2025Yala,0.0
2026-09-11,8060984.0,4.266940225665,2025Yala,0.0
2026-09-12,8060984.0,4.266940225665,2025Yala,0.0
2026-09-13,8060984.0,4.266940225665,2025Yala,0.0
2026-09-14,8060984.0,4.266940225665,2025Yala,0.0
2026-09-15,8060984.0,4.266940225665,2025Yala,0.0
2026-09-16,8060984.0,4.266940225665,2025Yala,0.0
2026-09-17,8060984.0,4.266940225665,2025Yala,0.0
2026-09-18,8060984.0,4.266940225665,2025Yala,0.0
2026-09-19,8060984.0,4.266940225665,2025Yala,0.0
2026-09-20,8060984.0,4.266940225665,2025Yala,0.0
2026-09-21,8060984.0,4.266940225665,2025Yala,0.0
2026-09-22,8060984.0,4.266940225665,2025Yala,0.0
2026-09-23,8060984.0,4.266940225665,2025Yala,0.0
2026-09-24,8060984.0,4.266940225665,2025Yala,0.0
2026-09-25,8060984.0,4.266940225665,2025Yala,0.0
2026-09-26,8060984.0,4.266940225665,2025Yala,0.0
2026-09-27,8060984.0,4.266940225665,2025Yala,0.0
2026-09-28,8060984.0,4.266940225665,2025Yala,0.0
2026-09-29,8060984.0,4.266940225665,2025Yala,0.0
2026-09-30,8060984.0,4.266940225665,2025Yala,0.0
2026-10-01,8060984.0,4.266940225665,2025Yala,0.0
2026-10-02,8060984.0,4.266940225665,2025Yala,0.0
2026-10-03,8060984.0,4.266940225665,2025Yala,0.0
2026-10-04,8060984.0,4.266940225665,2025Yala,0.0
2026-10-05,8060984.0,4.266940225665,2025Yala,0.0
2026-10-06,8060984.0,4.266940225665,2025Yala,0.0
2026-10-07,8060984.0,4.266940225665,2025Yala,0.0
2026-10-08,8060984.0,4.266940225665,2025Yala,0.0
2026-10-09,8060984.0,4.266940225665,2025Yala,0.0
2026-10-10,8060984.0,4.266940225665,2025Yala,0.0
2026-10-11,8060984.0,4.266940225665,2025Yala,0.0
2026-10-12,8060984.0,4.266940225665,2025Yala,0.0
2026-10-13,8060984.0,4.266940225665,2025Yala,0.0
2026-10-14,8060984.0,4.266940225665,2025Yala,0.0
2026-10-15,8060984.0,4.266940225665,2025Yala,0.0
2026-10-16,8060984.0,4.266940225665,2025Yala,0.0
2026-10-17,8060984.0,4.266940225665,2025Yala,0.0
2026-10-18,8060984.0,4.266940225665,2025Yala,0.0
2026-10-19,8060984.0,4.266940225665,2025Yala,0.0
2026-10-20,8060984.0,4.266940225665,2025Yala,0.0
2026-10-21,8060984.0,4.266940225665,2025Yala,0.0
2026-10-22,8060984.0,4.266940225665,2025Yala,0.0
2026-10-23,8060984.0,4.266940225665,2025Yala,0.0
2026-10-24,8060984.0,4.266940225665,2025Yala,0.0
2026-10-25,8060984.0,4.266940225665,2025Yala,0.0
2026-10-26,8060984.0,4.266940225665,2025Yala,0.0
2026-10-27,8060984.0,4.266940225665,2025Yala,0.0
2026-10-28,8060984.0,4.266940225665,2025Yala,0.0
2026-10-29,8060984.0,4.266940225665,2025Yala,0.0
2026-10-30,8060984.0,4.266940225665,2025Yala,0.0
2026-10-31,8060984.0,4.266940225665,2025Yala,0.0
2026-11-01,8060984.0,4.266940225665,2025Yala,0.0
2026-11-02,8060984.0,4.266940225665,2025Yala,0.0
2026-11-03,8060984.0,4.266940225665,2025Yala,0.0
2026-11-04,8060984.0,4.266940225665,2025Yala,0.0
2026-11-05,8060984.0,4.266940225665,2025Yala,0.0
2026-11-06,8060984.0,4.266940225665,2025Yala,0.0
2026-11-07,8060984.0,4.266940225665,2025Yala,0.0
2026-11-08,8060984.0,4.266940225665,2025Yala,0.0
2026-11-09,8060984.0,4.266940225665,2025Yala,0.0
2026-11-10,8060984.0,4.266940225665,2025Yala,0.0
2026-11-11,8060984.0,4.266940225665,2025Yala,0.0
2026-11-12,8060984.0,4.266940225665,2025Yala,0.0
2026-11-13,8060984.0,4.266940225665,2025Yala,0.0
2026-11-14,8060984.0,4.266940225665,2025Yala,0.0
2026-11-15,8060984.0,4.266940225665,2025Yala,0.0
2026-11-16,8060984.0,4.266940225665,2025Yala,0.0
2026-11-17,8060984.0,4.266940225665,2025Yala,0.0
2026-11-18,8060984.0,4.266940225665,2025Yala,0.0
2026-11-19,8060984.0,4.266940225665,2025Yala,0.0
2026-11-20,8060984.0,4.266940225665,2025Yala,0.0
2026-11-21,8060984.0,4.266940225665,2025Yala,0.0
2026-11-22,8060984.0,4.266940225665,2025Yala,0.0
2026-11-23,8060984.0,4.266940225665,2025Yala,0.0
2026-11-24,8060984.0,4.266940225665,2025Yala,0.0
2026-11-25,8060984.0,4.266940225665,2025Yala,0.0
2026-11-26,8060984.0,4.266940225665,2025Yala,0.0
2026-11-27,8060984.0,4.266940225665,2025Yala,0.0
2026-11-28,8060984.0,4.266940225665,2025Yala,0.0
2026-11-29,8060984.0,4.266940225665,2025Yala,0.0
2026-11-30,8060984.0,4.266940225665,2025Yala,0.0
2026-12-01,8060984.0,4.266940225665,2025Yala,0.0
2026-12-02,8060984.0,4.266940225665,2025Yala,0.0
2026-12-03,8060984.0,4.266940225665,2025Yala,0.0
2026-12-04,8060984.0,4.266940225665,2025Yala,0.0
2026-12-05,8060984.0,4.266940225665,2025Yala,0.0
2026-12-06,8060984.0,4.266940225665,2025Yala,0.0
2026-12-07,8060984.0,4.266940225665,2025Yala,0.0
2026-12-08,8060984.0,4.266940225665,2025Yala,0.0
2026-12-09,8060984.0,4.266940225665,2025Yala,0.0
2026-12-10,8060984.0,4.266940225665,2025Yala,0.0
2026-12-11,8060984.0,4.266940225665,2025Yala,0.0
2026-12-12,8060984.0,4.266940225665,2025Yala,0.0
2026-12-13,8060984.0,4.266940225665,2025Yala,0.0
2026-12-14,8060984.0,4.266940225665,2025Yala,0.0
2026-12-15,8060984.0,4.266940225665,2025Yala,0.0
2026-12-16,8060984.0,4.266940225665,2025Yala,0.0
2026-12-17,8060984.0,4.266940225665,2025Yala,0.0
2026-12-18,8060984.0,4.266940225665,2025Yala,0.0
2026-12-19,8060984.0,4.266940225665,2025Yala,0.0
2026-12-20,8060984.0,4.266940225665,2025Yala,0.0
2026-12-21,8060984.0,4.266940225665,2025Yala,0.0
2026-12-22,8060984.0,4.266940225665,2025Yala,0.0
2026-12-23,8060984.0,4.266940225665,2025Yala,0.0
2026-12-24,8060984.0,4.266940225665,2025Yala,0.0
2026-12-25,8060984.0,4.266940225665,2025Yala,0.0
2026-12-26,8060984.0,4.266940225665,2025Yala,0.0
2026-12-27,8060984.0,4.266940225665,2025Yala,0.0
2026-12-28,8060984.0,4.266940225665,2025Yala,0.0
2026-12-29,8060984.0,4.266940225665,2025Yala,0.0
2026-12-30,8060984.0,4.266940225665,2025Yala,0.0
2026-12-31,8060984.0,4.266940225665,2025Yala,0.0
