Report_Date,Imported Rice,Keeri Samba,Nadu,Nadu 1,Nadu 2,Ponne Samba,Raw White,Raw red,Samba 1,Samba 2
2015-06-22,,,,70.0,64.2,,59.2,64.4,83.4,79.6
2015-06-23,,,,70.0,64.2,,59.2,64.4,83.4,79.6
2015-06-24,,,,71.0,64.4,,59.2,64.8,83.5,79.2
2015-06-25,,,,70.5,63.6,,59.4,64.8,83.5,79.0
2015-06-26,,,,70.5,63.8,,59.0,64.8,83.4,79.0
2015-06-29,,,,68.5,63.2,,58.4,64.2,85.5,79.6
2015-06-30,,,,68.75,62.4,,58.4,64.2,84.7,79.6
2015-07-01,,,,68.6,62.6,,58.8,64.2,84.7,79.6
2015-07-02,,,,68.6,62.6,,58.8,64.2,84.7,79.6
2015-07-03,,,,68.75,62.4,,58.8,61.6,84.5,79.6
2015-07-06,,,,68.4,61.6,,58.4,62.2,84.5,79.4
2015-07-09,,,,67.7,61.6,,59.2,61.8,84.5,79.4
2015-07-10,,,,67.9,61.6,,59.2,62.2,84.5,79.4
2015-07-13,,,,68.75,59.8,,57.6,60.8,85.3,80.2
2015-07-14,,,,69.0,59.4,,58.4,60.6,85.3,80.2
2015-07-15,,,,69.0,59.8,,58.2,60.6,85.3,80.2
2015-07-16,,,,69.0,59.8,,57.4,61.0,85.3,80.2
2015-07-17,,,,69.75,59.8,,57.4,61.0,85.3,80.2
2015-07-20,,,,69.75,58.6,,57.0,62.2,85.5,80.5
2015-07-21,,,,69.75,57.8,,57.0,62.2,85.9,80.5
2015-07-22,,,,69.75,57.8,,56.6,60.2,85.5,80.0
2015-07-24,,,,70.0,58.0,,55.6,60.0,85.875,80.2
2015-07-27,,,,70.25,59.0,,55.0,59.8,85.7,80.2
2015-07-28,,,,70.25,59.0,,55.0,59.8,85.7,80.2
2015-07-29,,,,71.3334,59.0,,55.0,59.4,86.125,80.4
2015-07-30,,,,71.3334,59.0,,55.0,59.8,86.125,80.2
2015-08-03,,,,73.3334,58.4,,54.6,59.2,86.625,81.25
2015-08-04,,,,73.3334,58.6,,54.8,59.2,86.625,81.25
2015-08-05,,,,73.3334,58.2,,54.8,59.2,86.625,80.8
2015-08-06,,,,73.3334,58.4,,55.4,59.0,86.625,81.25
2015-08-07,,,,73.3334,58.2,,54.6,59.0,86.625,81.0
2015-08-10,,,,73.6666,58.0,,55.8,59.0,86.625,81.75
2015-08-11,,,,73.6666,58.2,,55.8,58.8,86.625,81.75
2015-08-12,,,,73.6666,58.0,,55.8,59.0,86.625,81.4
2015-08-13,,,,73.6666,58.0,,56.0,59.2,86.625,81.4
2015-08-14,,,,73.6666,58.6,,56.6,59.0,86.625,81.4
2015-08-20,,,,73.6666,58.4,,57.0,58.4,86.625,81.4
2015-08-21,,,,73.6666,58.6,,56.8,59.0,86.625,81.25
2015-08-24,,,,73.6666,58.8,,58.8,59.6,86.625,81.4
2015-08-25,,,,73.6666,58.2,,58.4,59.6,86.625,81.2
2015-08-26,,,,73.6666,58.8,,58.8,59.6,87.125,81.2
2015-08-27,,,,73.6666,58.2,,58.8,60.0,87.125,81.4
2015-08-28,,,,73.6666,58.4,,58.2,59.0,87.125,81.4
2015-08-31,,,,73.6666,59.0,,57.2,57.8,87.3,81.8
2015-09-01,,,,73.6666,59.0,,57.2,58.2,87.3,81.8
2015-09-02,,,,73.6666,59.4,,57.4,57.2,87.1,81.8
2015-09-03,,,,73.3334,59.0,,57.4,57.0,87.3,81.8
2015-09-04,,,,73.6666,59.2,,57.2,57.6,87.125,81.8
2015-09-07,,,,73.5,59.2,,57.4,57.8,87.1,82.2
2015-09-09,,,,73.5,58.8,,57.6,57.8,87.1,82.25
2015-09-10,,,,73.75,59.0,,57.8,58.0,87.2,82.25
2015-09-11,,,,73.5,59.6,,57.6,57.6,87.1,82.5
2015-09-14,,,,73.5,61.2,,57.2,58.2,87.4,82.5
2015-09-16,,,,73.5,61.2,,57.6,58.4,87.125,83.0
2015-09-17,,,,73.5,61.2,,57.4,58.6,87.1,82.4
2015-09-18,,,,73.5,62.2,,57.6,57.8,86.9,82.5
2015-09-21,,,,73.5,61.8,,57.8,57.2,87.3,82.5
2015-09-22,,,,73.5,61.6,,58.0,57.2,87.4,83.0
2015-09-23,,,,73.5,61.4,,57.6,57.4,87.375,82.5
2015-09-25,,,,73.5,61.4,,57.6,57.8,87.3,82.6
2015-09-28,,,,73.5,60.6,,57.2,57.6,87.375,83.2
2015-09-29,,,,73.5,60.6,,57.6,57.6,87.375,83.2
2015-10-01,,,,73.5,60.6,,57.4,57.2,87.375,83.0
2015-10-02,,,,73.5,60.6,,57.6,57.2,87.3,83.0
2015-10-05,,,,73.5,61.0,,57.8,57.2,87.3,83.2
2015-10-06,,,,73.5,61.2,,58.0,57.6,87.3,83.6
2015-10-07,,,,73.5,61.4,,57.8,57.2,87.3,83.2
2015-10-08,,,,73.5,61.4,,57.6,55.6,87.3,83.5
2015-10-09,,,,73.5,61.4,,57.8,56.8,87.375,83.5
2015-10-12,,,,73.5,61.4,,58.0,57.0,87.5,83.75
2015-10-13,,,,73.5,61.8,,57.8,57.2,87.375,84.0
2015-10-14,,,,73.75,65.4,,59.2,57.6,89.125,84.5
2015-10-15,,,,73.75,65.6,,59.0,58.2,89.125,84.5
2015-10-16,,,,73.75,65.0,,60.6,58.2,89.375,84.5
2015-10-19,,,,74.75,65.8,,62.6,57.0,90.125,84.6
2015-10-20,,,,74.75,65.6,,62.6,57.0,90.125,84.6
2015-10-21,,,,74.75,66.0,,62.8,57.0,90.125,84.6
2015-10-22,,,,75.0,65.8,,62.6,57.2,90.125,84.6
2015-10-23,,,,74.25,66.4,,63.0,57.4,90.75,86.6
2015-10-26,,,,74.25,66.6,,63.8,56.0,90.625,86.0
2015-10-28,,,,74.25,66.0,,64.4,57.0,90.625,86.2
2015-10-29,,,,74.25,66.2,,64.4,57.0,90.625,85.8
2015-10-30,,,,74.25,66.2,,64.6,57.0,90.625,85.8
2015-11-02,,,,74.5,66.2,,64.4,57.4,90.625,86.4
2015-11-03,,,,74.5,66.2,,64.4,57.4,90.625,86.4
2015-11-04,,,,74.5,66.4,,64.6,57.4,90.625,86.4
2015-11-05,,,,74.5,66.4,,64.6,57.4,90.625,86.4
2015-11-16,,,,75.0,69.2,,64.0,58.0,91.1,88.25
2015-11-17,,,,75.0,70.0,,63.4,58.4,91.1,88.4
2015-11-18,,,,75.0,69.2,,63.4,57.8,91.1,88.25
2015-11-19,,,,75.0,69.4,,63.4,57.8,91.1,88.25
2015-11-20,,,,75.0,69.4,,65.2,58.6,91.0,88.0
2015-11-23,,,,75.2,69.4,,65.0,59.0,91.3,87.75
2015-11-24,,,,74.8,69.2,,65.2,59.0,91.1,87.6
2015-11-26,,,,75.2,68.6,,65.0,59.0,91.1,87.4
2015-11-27,,,,76.5,69.4,,65.2,59.2,91.4,87.8
2015-11-30,,,,76.4,69.4,,64.8,60.2,91.4,87.75
2015-12-01,,,,76.4,69.4,,65.0,60.0,91.4,87.6
2015-12-02,,,,76.4,69.4,,64.8,59.8,91.4,87.6
2015-12-03,,,,76.4,69.2,,65.0,60.2,91.4,87.6
2015-12-04,,,,75.8,69.2,,65.2,62.4,91.4,87.6
2015-12-07,,,,75.8,69.2,,65.2,60.4,91.4,87.6
2015-12-08,,,,76.0,69.0,,65.2,60.4,91.4,87.6
2015-12-09,,,,76.0,69.4,,65.2,61.2,91.4,87.6
2015-12-10,,,,76.0,69.0,,65.2,60.6,91.4,87.75
2015-12-11,,,,76.4,69.2,,64.8,61.4,91.4,87.8
2015-12-14,,,,76.4,69.0,,64.8,60.6,91.4,87.6
2015-12-15,,,,76.4,69.0,,65.6,62.4,91.4,87.6
2015-12-16,,,,76.4,69.0,,65.6,62.6,91.4,87.6
2015-12-17,,,,76.2,69.0,,65.4,64.0,91.4,87.6
2015-12-18,,,,76.0,69.0,,65.6,62.8,91.4,87.6
2015-12-20,,,,76.4,68.8,,65.4,62.4,91.4,87.6
2015-12-21,,,,76.4,68.8,,65.4,62.4,91.4,87.6
2015-12-22,,,,76.6,68.6,,65.2,61.8,91.6,87.8
2015-12-23,,,,76.6,68.8,,65.2,61.8,92.0,88.2
2015-12-28,,,,76.4,68.0,,65.6,61.4,92.0,88.2
2015-12-29,,,,76.3,67.8,,65.8,61.8,91.9,88.2
2015-12-30,,,,76.6,68.8,,65.6,61.4,92.0,88.4
2015-12-31,,,,76.4,68.2,,64.8,60.2,92.0,88.2
2016-01-04,,,,76.4,68.2,,64.6,62.2,92.0,88.0
2016-01-05,,,,76.4,68.0,,64.6,62.2,92.0,88.25
2016-01-06,,,,76.2,68.0,,65.0,62.0,92.0,88.0
2016-01-07,,,,76.4,68.0,,64.6,61.4,91.6,88.2
2016-01-08,,,,76.4,67.8,,64.2,61.0,92.0,87.8
2016-01-11,,,,76.0,67.8,,64.0,59.6,92.0,88.0
2016-01-12,,,,75.8,68.0,,63.6,60.0,92.0,88.2
2016-01-13,,,,75.8,68.0,,63.6,60.0,92.0,88.2
2016-04-07,,,,68.0,62.4,,62.6,51.2,86.8,69.8
2016-04-08,,,,67.0,60.8,,62.6,50.6,84.8,69.2
2016-04-11,,,,65.8,61.0,,60.8,50.4,83.6,70.4
2016-04-18,,,,66.4,61.0,,60.8,50.4,81.6,70.4
2016-04-19,,,,66.4,60.8,,61.0,50.8,80.8,70.4
2016-04-20,,,,65.6,62.0,,61.8,50.8,81.6,69.6
2016-04-22,,,,65.2,61.0,,62.0,50.8,82.8,70.8
2016-04-25,,,,65.4,61.6,,61.8,50.6,82.8,70.8
2016-04-26,,,,65.6,61.8,,61.8,51.0,83.6,70.8
2016-04-27,,,,65.2,61.6,,63.0,50.6,85.6,71.0
2016-04-28,,,,65.2,61.6,,63.0,50.6,85.6,71.0
2016-04-29,,,,64.4,62.0,,61.6,51.0,87.6,71.2
2016-05-02,,,,65.6,62.2,,60.8,55.0,90.4,72.6
2016-05-03,,,,65.6,62.2,,61.6,51.0,90.4,72.4
2016-05-04,,,,66.4,62.4,,62.4,52.4,90.4,72.6
2016-05-05,,,,66.6,62.2,,62.4,52.4,91.8,72.8
2016-05-06,,,,66.6,62.4,,62.4,52.4,91.8,72.8
2016-05-09,,,,66.6,62.2,,62.4,52.4,92.0,72.8
2016-05-10,,,,66.6,62.2,,62.6,52.2,91.8,73.0
2016-05-11,,,,66.6,62.2,,62.8,52.2,92.0,73.0
2016-05-12,,,,66.4,62.2,,63.0,52.8,92.4,73.2
2016-05-13,,,,66.8,62.4,,63.0,53.0,92.6,73.8
2016-05-16,,,,66.8,62.4,,63.4,53.0,92.4,73.6
2016-05-17,,,,67.8,62.6,,63.6,53.4,92.0,74.8
2016-05-18,,,,68.0,62.6,,63.6,54.4,91.8,76.4
2016-05-19,,,,68.0,62.6,,64.0,54.4,92.0,76.4
2016-05-20,,,,67.8,62.6,,64.4,54.4,92.0,76.2
2016-05-23,,,,68.0,62.6,,63.6,54.4,92.0,76.2
2016-05-24,,,,69.6,63.2,,62.8,55.4,91.8,79.2
2016-05-25,,,,70.4,64.0,,62.8,55.4,91.4,79.8
2016-05-26,,,,70.4,64.4,,63.6,55.2,91.2,80.4
2016-05-27,,,,70.8,64.4,,64.0,55.2,91.2,80.6
2016-05-30,,,,71.2,64.6,,64.0,55.2,91.2,80.2
2016-05-31,,,,71.0,64.4,,63.4,54.4,91.2,81.2
2016-06-01,,,,72.0,65.0,,63.2,54.4,91.2,81.0
2016-06-02,,,,71.6,64.68,,63.2,54.4,90.8,80.8
2016-06-03,,,,70.8,64.4,,63.2,53.6,90.8,79.8
2016-06-06,,,,70.8,64.2,,63.0,53.6,91.2,77.2
2016-06-07,,,,70.2,64.0,,63.0,54.4,91.2,79.6
2016-06-08,,,,70.2,64.2,,63.8,54.4,89.6,79.2
2016-06-09,,,,70.2,64.2,,63.0,54.0,90.4,79.4
2016-06-10,,,,69.2,64.2,,62.88,53.6,89.6,79.2
2016-06-13,,,,69.2,64.2,,63.0,52.8,90.0,79.4
2016-06-14,,,,69.0,63.6,,63.0,54.0,90.4,79.0
2016-06-15,,,,67.8,63.6,,63.0,53.0,90.4,77.0
2016-06-16,,,,68.8,64.0,,63.0,53.0,89.2,78.0
2016-06-17,,,,68.0,64.0,,63.4,53.2,89.2,77.6
2016-06-20,,,,68.2,63.6,,62.6,52.6,89.2,77.0
2016-06-21,,,,68.2,63.6,,63.0,52.6,90.4,77.0
2016-06-22,,,,68.0,63.6,,63.0,53.0,89.2,77.0
2016-06-23,,,,67.2,63.6,,63.0,53.0,89.2,76.8
2016-06-24,,,,67.6,63.4,,63.0,53.0,90.0,75.8
2016-06-27,,,,68.0,63.6,,63.0,53.0,90.0,76.2
2016-06-28,,,,68.0,63.6,,63.0,53.0,90.0,75.8
2016-06-29,,,,67.2,63.4,,62.8,53.0,90.0,75.6
2016-06-30,,,,67.2,63.0,,63.2,53.0,90.4,75.4
2016-07-01,,,,67.2,63.0,,63.0,53.0,89.2,75.6
2016-07-04,,,,66.8,63.2,,63.0,52.8,90.0,75.4
2016-07-05,,,,66.0,62.0,,61.8,52.2,89.6,74.2
2016-07-06,,,,65.2,62.2,,59.0,52.4,90.8,73.4
2016-07-07,,,,65.2,62.2,,59.0,52.4,90.8,73.4
2016-07-08,,,,65.4,62.2,,59.8,52.4,90.4,72.4
2016-07-11,,,,65.2,62.2,,58.75,51.8,90.8,73.2
2016-07-12,,,,66.0,62.2,,59.0,51.6,90.4,72.6
2016-07-13,,,,65.2,61.0,,59.0,51.6,89.6,73.0
2016-07-14,,,,65.0,61.0,,59.0,51.0,89.6,73.0
2016-07-15,,,,65.2,61.6,,59.4,51.0,90.0,73.8
2016-07-18,,,,65.2,61.4,,59.6,51.0,89.6,73.4
2016-07-20,,,,64.6,60.8,,59.2,51.4,90.0,73.8
2016-07-21,,,,64.8,61.2,,59.2,51.8,90.4,73.4
2016-07-22,,,,64.8,60.8,,58.6,51.4,90.4,73.0
2016-07-25,,,,64.4,60.8,,59.0,51.4,89.6,73.2
2016-07-26,,,,64.4,60.8,,58.8,51.0,90.0,73.0
2016-07-27,,,,64.6,61.4,,58.6,51.8,89.6,72.8
2016-07-28,,,,64.6,61.2,,58.8,52.2,89.6,73.0
2016-07-29,,,,65.0,61.4,,59.2,51.4,90.4,73.2
2016-08-01,,,,65.0,61.4,,59.2,51.4,90.4,73.2
2016-08-02,,,,65.0,61.8,,59.2,51.6,90.2,72.8
2016-08-03,,,,65.0,61.6,,59.0,52.0,90.8,73.2
2016-08-04,,,,65.2,61.6,,58.8,52.0,90.4,72.8
2016-08-05,,,,65.2,61.6,,59.0,52.2,89.6,73.0
2016-08-08,,,,64.6,61.8,,59.0,54.2,89.6,72.0
2016-08-09,,,,65.0,62.2,,58.8,54.2,89.6,72.2
2016-08-10,,,,64.4,61.2,,58.8,54.2,90.0,71.6
2016-08-11,,,,63.8,61.2,,59.0,54.6,90.4,71.4
2016-08-12,,,,64.0,61.2,,59.0,54.0,90.4,71.4
2016-08-15,,,,64.0,61.2,,59.0,55.2,89.6,71.4
2016-08-16,,,,63.4,61.2,,59.2,58.0,90.0,71.2
2016-08-18,,,,64.0,61.2,,60.0,54.0,90.8,70.6
2016-08-19,,,,64.0,61.2,,60.0,58.4,90.8,70.6
2016-08-22,,,,64.0,61.2,,60.0,59.0,91.2,70.0
2016-08-23,,,,64.4,61.2,,60.0,58.8,91.2,70.0
2016-08-24,,,,63.2,61.4,,59.0,57.6,91.0,70.0
2016-08-29,,,,62.8,60.6,,59.38,59.2,90.8,70.0
2016-08-30,,,,62.8,60.6,,59.4,59.0,90.8,70.0
2016-08-31,,,,63.0,60.4,,59.2,59.2,91.2,70.0
2016-09-01,,,,63.0,60.6,,59.4,59.2,90.4,70.0
2016-09-02,,,,62.8,60.6,,59.4,59.2,90.4,70.0
2016-09-05,,,,62.8,60.6,,59.6,59.2,90.8,70.0
2016-09-06,,,,62.8,60.6,,59.8,59.2,90.4,70.0
2016-09-07,,,,63.0,60.8,,59.8,59.2,90.4,70.0
2016-09-08,,,,62.8,60.6,,60.6,59.0,90.4,70.0
2016-09-09,,,,62.8,60.4,,60.4,59.2,90.0,69.2
2016-09-13,,,,62.8,60.6,,60.4,59.2,90.0,69.0
2016-09-14,,,,62.8,60.4,,60.6,59.2,90.0,68.8
2016-09-15,,,,62.8,60.6,,60.2,59.2,90.4,68.8
2016-09-19,,,,62.8,60.8,,60.08,59.2,89.6,69.2
2016-09-20,,,,62.8,60.6,,60.0,59.2,90.0,69.2
2016-09-21,,,,63.0,60.6,,60.8,59.2,90.0,69.4
2016-09-22,,,,63.0,60.6,,60.4,59.2,90.0,69.6
2016-09-23,,,,63.2,60.8,,60.8,58.8,90.4,70.4
2016-09-26,,,,64.4,61.6,,64.2,60.0,90.0,72.6
2016-09-27,,,,64.4,61.8,,63.2,59.8,90.0,72.6
2016-09-28,,,,64.6,61.6,,64.4,60.0,90.0,73.0
2016-09-29,,,,64.6,61.6,,64.4,61.8,90.0,73.0
2016-09-30,,,,64.6,61.6,,64.4,61.8,90.0,73.0
2016-10-03,,,,65.2,63.6,,65.8,63.4,90.0,73.4
2016-10-04,,,,66.6,63.6,,65.6,63.2,90.0,73.8
2016-10-05,,,,67.2,63.8,,65.6,63.2,90.0,74.6
2016-10-06,,,,67.2,64.6,,66.8,65.0,90.0,76.4
2016-10-07,,,,67.2,64.6,,66.8,64.8,90.0,76.4
2016-10-10,,,,67.2,64.6,,66.8,64.8,90.4,76.6
2016-10-11,,,,69.0,66.6,,67.8,66.2,91.2,77.8
2016-10-12,,,,69.0,66.6,,67.4,66.2,90.0,77.8
2016-10-13,,,,69.0,66.8,,68.2,66.2,90.0,78.4
2016-10-14,,,,72.6,69.2,,68.2,65.6,90.0,78.2
2016-10-17,,,,72.8,70.4,,67.2,65.2,90.0,77.6
2016-10-18,,,,72.8,70.4,,67.2,65.2,90.0,77.6
2016-10-19,,,,72.6,70.4,,66.2,65.2,90.0,77.6
2016-10-20,,,,72.6,70.4,,66.2,64.6,90.0,78.4
2016-10-21,,,,72.4,70.4,,66.2,64.8,90.0,78.4
2016-10-24,,,,72.6,70.6,,66.8,65.2,90.4,78.0
2016-10-25,,,,72.6,70.6,,66.8,65.4,90.4,78.0
2016-10-26,,,,72.6,70.4,,66.8,65.4,90.4,78.2
2016-10-27,,,,72.6,70.4,,66.6,66.8,90.4,76.8
2016-10-28,,,,72.6,70.4,,66.6,66.8,90.4,76.8
2016-10-31,,,,72.6,70.6,,66.6,67.0,90.8,78.0
2016-11-01,,,,72.6,70.6,,66.6,67.0,90.4,78.6
2016-11-02,,,,72.6,70.6,,66.6,67.0,90.4,78.4
2016-11-03,,,,72.6,70.6,,67.8,67.0,90.8,78.4
2016-11-04,,,,72.8,70.6,,68.8,67.2,90.8,79.0
2016-11-07,,,,73.0,70.6,,68.4,66.8,90.8,78.6
2016-11-08,,,,73.8,71.8,,69.0,68.4,90.8,79.4
2016-11-09,,,,75.0,72.6,,69.2,69.0,90.8,80.6
2016-11-10,,,,74.8,72.4,,69.4,69.0,90.8,80.6
2016-11-11,,,,75.2,72.6,,69.4,69.0,90.8,80.6
2016-11-15,,,,75.0,72.6,,69.2,69.0,90.8,80.6
2016-11-16,,,,76.4,73.2,,71.2,69.2,91.6,81.2
2016-11-17,,,,77.2,74.0,,72.4,69.2,91.6,81.6
2016-11-18,,,,77.6,74.4,,74.4,70.4,91.6,81.6
2016-11-21,,,,78.6,75.6,,78.2,74.2,91.6,83.6
2016-11-22,,,,78.64,75.6,,78.0,74.2,91.6,83.4
2016-11-23,,,,79.2,76.6,,78.2,74.8,91.2,83.6
2016-11-24,,,,79.2,76.6,,78.2,75.0,91.6,83.8
2016-11-25,,,,79.2,76.6,,78.0,74.6,90.8,83.6
2016-11-28,,,,81.0,78.6,,79.0,75.0,91.2,83.6
2016-11-29,,,,81.2,78.6,,79.0,74.8,91.2,82.8
2016-11-30,,,,81.2,78.4,,79.0,74.8,90.8,83.0
2016-12-01,,,,81.0,78.4,,79.2,74.8,90.8,83.04
2016-12-02,,,,81.2,78.6,,79.2,74.8,91.2,83.0
2016-12-05,,,,81.2,78.6,,79.2,75.8,91.2,83.2
2016-12-06,,,,81.2,78.6,,79.2,75.8,91.2,83.2
2016-12-07,,,,81.2,78.4,,79.2,75.8,91.2,83.0
2016-12-08,,,,81.2,78.6,,78.8,75.8,91.2,83.0
2016-12-09,,,,82.8,80.6,,81.0,75.4,91.2,84.2
2016-12-14,,,,85.0,82.6,,85.0,75.2,91.6,85.0
2016-12-15,,,,84.8,82.6,,84.4,75.2,92.0,85.0
2016-12-16,,,,84.2,81.4,,83.0,75.2,92.0,84.2
2016-12-19,,,,85.2,82.6,,83.2,79.2,91.6,84.0
2016-12-20,,,,86.2,82.8,,83.2,79.2,92.0,84.0
2016-12-21,,,,86.2,83.2,,83.4,79.2,92.0,84.0
2016-12-22,,,,86.0,83.0,,83.6,78.8,91.6,84.0
2016-12-23,,,,86.0,83.4,,83.6,79.2,91.6,83.8
2016-12-26,,,,86.0,83.4,,83.6,79.0,91.6,83.8
2016-12-27,,,,86.0,83.6,,84.4,79.0,91.6,83.4
2016-12-28,,,,86.0,83.4,,84.4,79.2,91.6,83.4
2016-12-29,,,,86.4,84.4,,85.0,79.2,91.6,83.4
2016-12-30,,,,86.4,84.4,,85.0,79.2,91.6,83.4
2017-01-02,,,,87.0,84.4,,85.6,80.4,91.2,83.8
2017-01-03,,,,87.0,84.4,,85.6,79.8,91.2,83.8
2017-01-04,,,,89.0,86.4,,87.0,80.4,91.2,83.6
2017-01-05,,,,89.0,86.4,,86.8,80.6,91.2,83.64
2017-01-06,,,,89.0,86.6,,87.0,80.6,90.8,83.6
2017-01-09,,,,89.0,86.2,,87.2,80.4,91.2,83.6
2017-01-10,,,,89.4,86.4,,87.0,80.6,91.6,84.2
2017-01-11,,,,89.0,86.4,,87.0,80.6,91.2,84.4
2017-01-13,,,,89.0,86.4,,87.0,66.4,91.2,84.4
2017-01-16,,,,89.0,86.4,,87.0,80.6,90.8,84.4
2017-01-17,,,,89.6,86.6,,87.0,80.72,91.2,84.6
2017-01-18,,,,89.6,86.6,,87.0,80.6,90.8,84.8
2017-01-19,,,,89.6,86.6,,87.0,80.8,92.0,84.6
2017-01-20,,,,90.8,86.8,,88.2,82.0,91.2,100.6
2017-01-23,,,,91.6,87.6,,88.4,84.0,93.4,88.8
2017-01-24,,,,92.0,88.0,,88.8,83.8,93.4,89.0
2017-01-25,,,,91.4,88.0,,88.8,83.8,93.4,89.0
2017-01-26,,,,91.6,88.0,,89.0,83.8,93.4,89.0
2017-01-27,,,,91.6,88.0,,89.0,83.8,93.4,89.0
2017-01-30,,,,92.4,90.4,,89.0,97.4,93.4,89.8
2017-01-31,,,,93.0,90.4,,89.0,97.4,94.2,91.0
2017-05-05,,,,84.2,80.6,,79.0,75.6,91.0,87.6
2017-05-08,,,,86.0,81.2,,79.2,76.6,91.6,88.0
2017-05-09,,,,85.2,81.2,,79.4,75.4,91.8,87.6
2017-05-12,,,,85.2,81.2,,79.4,75.4,91.8,87.6
2017-05-15,,,,85.6,82.4,,80.0,82.4,93.8,90.4
2017-05-16,,,,86.0,82.4,,82.4,82.4,94.4,90.8
2017-05-17,,,,88.0,84.2,,80.8,84.2,94.8,91.2
2017-05-18,,,,88.6,85.6,,81.8,85.6,95.0,90.6
2017-05-19,,,,88.2,85.6,,80.4,85.6,95.0,90.8
2017-05-23,,,,88.4,85.2,,81.8,85.2,94.8,91.0
2017-05-24,,,,89.2,85.8,,82.2,85.8,95.0,91.2
2017-05-25,,,,88.0,85.4,,82.8,85.4,95.4,91.2
2017-05-26,,,,88.2,85.6,,82.6,85.6,95.4,91.2
2017-05-29,,,,89.0,85.6,,83.6,81.2,95.2,91.0
2017-05-30,,,,89.0,85.6,,83.6,80.8,95.4,91.2
2017-05-31,,,,87.4,85.6,,83.2,79.2,95.2,91.6
2017-06-02,,,,87.6,84.8,,83.2,80.2,95.4,91.0
2017-06-05,,,,87.8,85.6,,83.4,82.6,95.4,91.6
2017-06-06,,,,88.8,86.4,,83.6,80.8,95.2,91.8
2017-06-07,,,,88.6,86.0,,83.2,81.6,95.2,92.0
2017-06-09,,,,88.8,86.6,,84.2,81.8,95.6,91.6
2017-06-12,,,,88.8,86.4,,82.8,83.8,95.6,92.4
2017-06-13,,,,89.4,86.6,,82.6,83.2,96.0,92.4
2017-06-14,,,,90.4,86.4,,82.6,82.4,96.0,92.2
2017-06-15,,,,90.4,86.2,,84.4,82.2,96.2,92.0
2017-06-16,,,,89.2,86.4,,83.6,83.4,96.0,92.6
2017-06-19,,,,89.6,86.4,,85.4,83.0,96.4,92.6
2017-06-20,,,,88.8,86.6,,83.8,81.6,95.4,92.4
2017-06-21,,,,90.0,85.4,,84.8,81.6,95.6,92.4
2017-06-22,,,,89.8,85.6,,84.4,82.0,96.0,92.6
2017-06-23,,,,90.0,85.6,,85.0,81.6,95.8,92.2
2017-06-27,,,,88.8,85.6,,85.8,82.2,95.4,92.2
2017-06-28,,,,89.6,85.6,,85.4,82.4,95.4,92.2
2017-06-29,,,,85.4,81.6,,,84.4,95.4,91.8
2017-06-30,,,,85.6,83.0,,,84.0,95.4,91.8
2017-07-03,,,,85.6,83.0,,,84.4,95.6,92.2
2017-07-04,,,,85.6,81.6,,,83.8,95.4,91.8
2017-07-05,,,,85.6,81.2,,,83.6,95.8,91.6
2017-07-06,,,,85.4,81.6,,,84.0,96.6,91.8
2017-07-07,,,,85.4,82.2,,,85.6,96.0,92.0
2017-07-10,,,,85.6,81.8,,,83.8,95.2,91.8
2017-07-11,,,,85.4,81.8,,,84.2,95.4,91.8
2017-07-12,,,,85.4,80.8,,,84.8,96.4,91.8
2017-07-13,,,,85.4,82.4,,,84.6,95.4,91.4
2017-07-14,,,,85.6,81.6,,,84.8,95.8,91.8
2017-07-17,,,,85.0,80.2,,,84.4,95.4,92.2
2017-07-18,,,,85.2,80.0,,,84.4,95.8,91.8
2017-07-19,,,,85.0,80.0,,,84.0,95.4,92.2
2017-07-20,,,,85.2,80.0,,,84.6,95.2,91.8
2017-07-21,,,,85.0,79.4,,,83.4,95.4,92.2
2017-07-24,,,,85.0,79.8,,,83.0,95.4,92.0
2017-07-25,,,,85.2,79.6,,,83.4,95.4,91.2
2017-07-26,,,,85.0,79.4,,,83.6,95.4,91.6
2017-07-27,,,,84.8,77.4,,,83.6,95.4,91.8
2017-07-28,,,,85.0,78.8,,,83.6,95.2,91.8
2017-07-31,,,,85.0,79.0,,,82.8,95.4,91.2
2017-08-01,,,,85.0,79.0,,,84.6,95.4,90.8
2017-08-02,,,,85.2,79.0,,,84.8,96.2,90.8
2017-08-03,,,,85.6,79.2,,,84.0,96.4,91.6
2017-08-04,,,,85.6,79.0,,,83.4,96.0,91.6
2017-08-08,,,,85.2,79.8,,,84.0,96.4,91.8
2017-08-09,,,,84.8,80.2,,,84.8,96.2,91.8
2017-08-10,,,,84.8,79.6,,,83.2,96.4,91.8
2017-08-11,,,,84.8,79.6,,,83.2,96.4,91.8
2017-08-14,,,,84.8,76.4,,,85.2,96.0,91.4
2017-08-15,,,,85.0,76.4,,,84.8,95.8,91.6
2017-08-16,,,,85.2,76.4,,,83.2,96.6,91.6
2017-08-17,,,,85.0,76.6,,,85.2,96.8,91.4
2017-08-18,,,,85.2,76.4,,,83.2,96.2,91.6
2017-08-21,,,,86.2,79.0,,,85.2,96.4,91.8
2017-08-22,,,,85.8,79.4,,,85.2,96.4,91.8
2017-08-23,,,,85.4,73.4,,,83.2,95.8,91.6
2017-08-24,,,,85.6,77.4,,,83.6,96.2,91.6
2017-08-25,,,,85.4,76.6,,,83.2,95.8,91.6
2017-08-28,,,,85.6,76.6,,,85.2,96.2,91.8
2017-08-29,62.0,,,85.2,77.6,,80.6666,83.2,95.6,91.2
2017-08-30,62.333400000000005,,,85.4,76.6,,79.3334,85.2,96.2,91.8
2017-08-31,62.666599999999995,,,85.2,77.0,,78.6666,85.2,96.4,91.6
2017-09-04,62.666599999999995,,,85.4,78.8,,81.0,85.0,98.2,93.6
2017-09-06,65.3334,,,85.6,77.4,,81.3334,86.6,97.6,92.6
2017-09-07,65.3334,,,85.6,77.4,,80.6666,86.6,97.8,92.4
2017-09-08,67.5,,,85.6,78.0,,81.3334,86.0,98.6,93.0
2017-09-11,67.0,,,85.6,76.0,,82.6666,84.8,99.4,95.4
2017-09-12,67.0,,,86.4,76.0,,82.6666,84.8,99.2,95.4
2017-09-13,68.0,,,86.4,77.6,,84.3334,85.2,101.0,97.0
2017-09-14,67.0,,,86.4,77.8,,84.3334,85.2,101.2,96.8
2017-09-15,68.0,,,86.4,78.0,,84.3334,85.6,101.2,97.8
2017-09-18,68.0,,,86.4,79.0,,83.6666,84.8,103.0,98.8
2017-09-19,68.0,,,86.6,79.2,,83.6666,85.8,103.0,98.8
2017-09-20,68.0,,,86.4,78.6,,84.3334,87.4,102.2,99.0
2017-09-21,68.0,,,86.6,78.8,,84.3334,87.8,102.2,98.6
2017-09-22,68.0,,,86.6,78.6,,83.6666,86.4,102.2,99.0
2017-09-25,69.25,,,89.0,80.4,,85.3334,85.8,103.2,99.2
2017-09-26,69.25,,,90.4,80.4,,84.6666,86.0,103.2,99.4
2017-09-27,68.0,,,89.4,80.8,,85.3334,85.4,103.0,99.4
2017-09-28,68.0,,,89.0,81.0,,85.3334,85.6,103.0,99.4
2017-09-29,67.75,,,89.4,81.0,,84.6666,85.4,103.0,99.8
2017-10-02,67.75,,,90.8,80.6,,83.6666,88.2,103.0,99.6
2017-10-03,67.75,,,91.0,80.6,,83.6666,88.4,103.0,99.6
2017-10-04,67.25,,,93.2,81.2,,80.6666,86.6,103.0,99.4
2017-10-06,65.75,,,93.2,80.8,,79.6666,86.0,103.0,99.8
2017-10-09,65.0,,,93.2,81.2,,80.3334,85.8,103.4,100.2
2017-10-10,65.0,,,93.2,81.0,,79.6666,86.0,103.0,100.2
2017-10-11,66.0,,,93.2,80.8,,83.3334,86.4,103.6,101.0
2017-10-12,65.75,,,91.2,82.0,,81.3334,86.0,103.6,101.2
2017-10-13,68.0,,,90.8,81.6,,81.6666,85.2,103.6,101.2
2017-10-16,68.0,,,92.8,82.2,,78.6666,86.4,103.6,101.2
2017-10-17,68.0,,,93.0,82.4,,78.6666,86.0,103.6,101.2
2017-10-19,66.0,,,92.8,82.2,,79.3334,85.8,103.4,101.6
2017-10-20,66.0,,,92.8,82.2,,79.3334,85.8,103.4,101.6
2017-10-23,,,72.6666,95.8,93.0,,76.2,81.6,103.6,101.6
2017-10-24,,,72.6666,96.0,93.0,,75.5,81.8,103.6,101.0
2017-10-25,,,72.6666,95.6,93.0,,76.7,82.6,103.6,101.6
2017-10-26,,,72.6666,96.2,92.8,,76.0,81.6,104.8,101.4
2017-10-27,,,73.0,96.2,93.0,,76.7,81.6,104.8,101.2
2017-10-30,66.0,,,92.4,81.8,,75.3334,86.0,104.8,101.2
2017-10-31,,,73.3334,95.8,93.2,,76.2,81.8,104.8,101.2
2017-11-01,67.0,,,92.2,82.0,,75.3334,84.8,105.2,101.2
2017-11-02,67.25,,,92.4,81.6,,75.3334,86.2,105.2,101.4
2017-11-06,66.0,,,93.0,81.8,,75.6666,86.4,105.2,101.8
2017-11-07,67.0,,,92.8,82.2,,76.0,87.2,105.2,101.8
2017-11-08,65.0,,,92.8,81.8,,74.3334,86.6,105.2,101.8
2017-11-09,65.25,,,93.0,81.6,,74.0,86.8,105.2,101.8
2017-11-10,65.25,,,93.4,81.6,,74.0,86.8,105.6,101.8
2017-11-13,63.0,,,92.6,81.6,,73.6666,86.8,105.6,101.8
2017-11-14,63.0,,,92.6,81.6,,73.6666,86.8,105.6,101.8
2017-11-15,,,,92.4,81.8,,,82.4,106.0,101.8
2017-11-16,64.75,,,92.4,82.2,,73.0,86.6,105.4,101.8
2017-11-17,67.25,,,92.4,81.8,,72.6666,86.8,105.6,101.8
2017-11-20,64.0,,,92.4,82.6,,72.6666,86.6,106.6,102.4
2017-11-21,63.333400000000005,,,92.4,82.2,,73.3334,87.2,106.4,102.4
2017-11-22,66.6666,,,92.4,81.8,,73.0,86.8,106.4,102.2
2017-11-23,66.6666,,,92.4,82.2,,73.0,86.4,106.6,102.4
2017-11-24,67.0,,,92.4,82.6,,73.3334,86.0,106.8,102.4
2017-11-27,66.6666,,,93.0,81.8,,76.6666,88.8,106.8,101.8
2017-11-28,66.6666,,,93.0,81.8,,77.3334,86.6,106.6,101.8
2017-11-29,67.3334,,,93.0,81.8,,77.0,86.6,106.6,102.2
2017-11-30,67.0,,,93.0,81.8,,77.3334,89.2,106.2,102.2
2017-12-04,,,72.6666,96.2,93.0,,77.5,81.8,107.2,102.2
2017-12-05,,,73.3334,96.2,92.8,,77.2,82.2,107.2,101.8
2017-12-06,,,73.3334,96.2,92.6,,76.9,81.8,107.2,103.4
2017-12-07,,,73.0,96.4,92.6,,77.36670000000001,82.6,107.0,102.4
2017-12-08,,,72.6666,96.2,92.4,,76.3,81.8,107.2,101.8
2017-12-11,,,73.3334,96.2,92.6,,76.86670000000001,81.8,107.2,102.6
2017-12-12,,,72.6666,96.4,93.0,,77.2667,82.2,107.2,102.0
2017-12-13,,,73.3334,96.0,93.0,,77.36670000000001,81.8,107.2,102.8
2017-12-14,,,73.3334,96.2,92.8,,76.7333,82.2,106.8,102.8
2017-12-15,,,73.0,96.2,93.0,,77.16669999999999,81.8,107.2,102.8
2017-12-18,,,72.3334,96.4,92.2,,76.8,81.8,107.0,102.6
2017-12-19,,,72.3334,96.4,92.2,,76.36670000000001,81.8,107.0,102.6
2017-12-20,,,73.6666,96.0,92.6,,76.4,81.8,107.0,102.4
2017-12-21,,,73.0,96.4,92.6,,76.5667,82.6,107.0,103.4
2017-12-22,,,72.6666,96.4,92.4,,77.0333,82.2,107.2,102.4
2017-12-26,,,73.0,96.8,92.8,,77.16669999999999,81.8,107.6,102.8
2017-12-27,,,73.0,96.2,92.4,,76.8,81.8,107.6,102.8
2017-12-28,,,73.3334,96.2,92.0,,77.36670000000001,81.8,107.6,103.2
2017-12-29,,,73.3334,96.2,92.6,,77.16669999999999,81.8,107.6,102.8
2018-01-02,,,72.6666,96.2,92.0,,76.86670000000001,81.8,107.6,103.0
2018-01-03,,,73.0,96.2,91.8,,77.36670000000001,82.2,107.6,102.8
2018-01-04,,,72.6666,95.8,91.8,,77.0,82.8,107.6,102.8
2018-01-05,,,73.0,96.2,91.6,,73.6667,82.2,107.6,102.8
2018-01-08,,,72.3334,96.2,90.4,,76.83330000000001,81.8,107.6,102.0
2018-01-09,,,73.0,96.2,90.4,,77.13329999999999,82.6,107.6,102.4
2018-01-10,,,72.3334,96.2,89.0,,76.7,81.0,107.6,102.6
2018-01-11,,,72.0,96.2,90.0,,76.6,82.6,107.6,102.6
2018-01-12,,,72.3334,96.2,89.6,,76.33330000000001,81.8,107.6,102.4
2018-01-15,,,72.0,96.2,89.6,,76.375,81.0,107.6,102.2
2018-01-16,,,72.0,96.2,89.8,,75.625,81.0,107.6,102.6
2018-01-17,,,72.6666,96.2,89.6,,74.95830000000001,81.0,107.6,102.2
2018-01-18,,,72.6666,96.2,88.8,,74.33330000000001,81.0,107.6,101.4
2018-01-19,,,72.3334,96.2,88.4,,76.0,81.0,107.6,101.0
2018-01-22,,,72.0,96.2,83.0,,74.2333,80.6,107.6,97.6
2018-01-23,,,72.3334,96.2,83.0,,77.16669999999999,79.8,107.8,97.6
2018-01-24,,,72.6666,96.2,81.8,,74.7667,77.6,107.6,97.6
2018-01-25,,,72.6666,96.2,80.6,,74.86670000000001,77.6,107.6,95.4
2018-01-26,,,72.6666,96.2,80.6,,74.16669999999999,77.6,107.6,95.4
2018-01-29,,,72.3334,96.6,78.2,,74.63329999999999,77.2,107.6,92.2
2018-01-30,,,72.3334,96.2,78.2,,73.83330000000001,77.2,107.0,91.0
2018-02-01,,,71.3334,96.2,81.6,,74.45830000000001,75.6,107.0,91.6
2018-02-02,,,71.6666,96.2,81.6,,75.33330000000001,75.6,107.0,91.0
2018-02-05,,,72.6666,96.2,81.0,,72.5333,74.4,107.0,89.6
2018-02-07,,,72.3334,96.2,81.4,,72.0333,74.4,107.0,91.0
2018-02-08,,,72.3334,96.2,77.8,,70.6666,74.4,107.0,86.8
2018-02-09,,,72.3334,96.2,77.2,,70.3334,74.4,107.0,87.4
2018-02-12,,,72.3334,96.2,78.6,,70.83330000000001,74.2,107.6,83.8
2018-02-14,,,72.3334,96.2,75.8,,71.20830000000001,74.2,107.6,87.8
2018-02-15,,,72.3334,96.2,75.8,,71.20830000000001,74.2,107.6,87.8
2018-02-16,,,72.3334,96.2,76.6,,70.70830000000001,74.0,107.6,88.2
2018-02-19,,,72.3334,96.2,77.8,,72.7333,74.6,107.6,88.0
2018-02-20,,,73.0,96.2,77.8,,70.9333,74.0,107.6,87.6
2018-02-21,,,72.3334,96.2,76.8,,70.9333,74.2,107.2,87.8
2018-02-22,,,72.3334,96.2,76.8,,70.9333,74.0,107.2,87.8
2018-02-23,,,72.6666,96.2,77.8,,71.13329999999999,73.2,107.2,87.8
2018-02-26,,,72.3334,95.8,78.0,,70.7333,73.4,107.2,86.4
2018-02-27,,,72.3334,96.2,78.4,,70.36670000000001,71.4,107.4,89.0
2018-02-28,,,72.6666,96.2,78.6,,70.4,73.0,107.2,90.2
2018-03-02,,,72.3334,96.2,79.6,,71.0333,74.2,107.2,89.8
2018-03-05,,,72.6666,95.8,78.6,,71.2333,74.2,109.0,90.75
2018-03-06,,,72.6666,96.2,78.6,,71.2333,73.6,109.0,90.25
2018-03-07,,,72.6666,96.2,79.4,,70.9333,74.2,109.0,93.8
2018-03-08,,,73.0,96.2,79.4,,138.0,74.4,109.0,93.4
2018-03-09,,,72.6666,96.2,77.8,,73.0333,73.8,109.4,93.0
2018-03-12,,,72.3334,96.2,79.4,,72.4333,73.6,109.4,90.4
2018-03-13,,,72.3334,96.2,79.2,,73.2,74.2,109.4,90.4
2018-03-14,,,72.3334,96.4,77.6,,73.45830000000001,74.2,109.4,92.2
2018-03-15,,,72.3334,96.2,77.8,,73.86670000000001,73.6,109.4,92.2
2018-03-16,70.6666,,,78.0,73.6,,77.6666,76.4,109.4,93.6
2018-03-19,,,74.6666,96.2,77.2,,72.5333,74.2,109.4,93.6
2018-03-20,,,72.6666,96.2,77.2,,72.5333,73.6,109.4,94.2
2018-03-21,,,72.6666,96.0,77.2,,72.63329999999999,74.4,109.4,92.8
2018-03-22,,,72.6666,96.0,77.2,,72.86670000000001,74.2,109.4,92.8
2018-03-23,,,73.0,96.2,76.4,,72.66669999999999,74.8,109.4,92.8
2018-03-26,,,72.3334,97.0,76.2,,71.33330000000001,74.4,109.6,93.0
2018-03-27,,,72.3334,97.0,77.0,,71.8,73.6,109.4,92.8
2018-03-28,67.3334,,,77.2,73.6,,73.6666,76.6,109.4,93.0
2018-04-02,66.3334,,,76.4,74.6,,73.3334,75.6,109.6,93.0
2018-04-03,66.3334,,,77.2,74.4,,73.6666,76.0,109.6,92.6
2018-04-04,66.3334,,,76.8,74.0,,73.6666,76.6,109.6,93.2
2018-04-05,66.3334,,,77.0,75.0,,73.6666,76.2,109.6,92.6
2018-04-06,65.3334,,,77.0,74.8,,73.6666,76.0,109.6,93.0
2018-04-09,65.3334,,,76.6,73.6,,73.6666,76.4,109.4,93.8
2018-04-10,65.3334,,,77.0,73.6,,73.6666,76.4,109.6,94.6
2018-04-11,65.3334,,,77.0,73.2,,72.6666,76.4,109.6,95.4
2018-04-12,65.3334,,,76.4,72.8,,73.0,76.4,109.6,94.0
2018-04-17,65.3334,,,77.0,71.3334,,73.0,75.6666,109.3334,93.0
2018-04-18,,,,76.8,72.8,,,75.25,109.6,93.4
2018-04-19,,,,77.0,70.8,,,74.6,109.4,93.4
2018-04-20,,,,76.6,72.0,,,74.6,109.4,94.4
2018-04-23,67.6666,,,77.0,71.8,,72.3334,74.2,109.4,93.4
2018-04-24,67.0,,,76.8,72.4,,72.6666,75.4,109.6,94.2
2018-04-25,67.6666,,,77.2,71.4,,72.3334,75.6,109.4,93.4
2018-04-26,67.3334,,,77.6,71.8,,72.3334,76.4,109.6,94.6
2018-04-27,67.0,,,79.2,71.8,,72.0,76.2,109.6,95.4
2018-05-01,,,71.3334,96.6,79.2,,72.0333,72.4,109.6,96.0
2018-05-02,67.6666,,,79.6,72.8,,73.6666,76.2,109.4,96.0
2018-05-03,73.6666,,,79.6,71.2,,74.6666,76.6,109.4,97.2
2018-05-04,78.6666,,,79.6,70.0,,79.6666,76.6,109.6,97.4
2018-05-08,74.3334,,,79.2,70.0,,80.3334,76.4,109.6,97.2
2018-05-09,74.3334,,,79.6,70.0,,80.3334,76.6,109.6,98.4
2018-05-10,74.3334,,,79.6,69.8,,80.3334,76.2,109.6,97.6
2018-05-11,74.3334,,,79.2,70.0,,80.3334,76.4,109.6,97.6
2018-05-14,76.0,,,79.6,69.6,,83.6666,76.2,109.6,97.8
2018-05-15,76.0,,,79.6,69.6,,83.6666,76.4,109.4,97.6
2018-05-16,,,73.6666,96.8,79.6,,76.1,69.6,109.6,97.8
2018-05-17,,,73.3334,96.4,79.0,,75.0333,69.6,109.4,98.0
2018-05-21,73.6666,,,80.2,68.8,,83.6666,76.2,110.4,99.6
2018-05-22,73.6666,,,79.8,68.8,,83.3334,76.0,110.4,99.6
2018-05-23,73.3334,,,79.8,68.4,,83.6666,76.2,110.2,99.6
2018-05-24,73.6666,,,79.8,68.4,,83.3334,76.0,111.0,99.6
2018-05-25,73.6666,,,79.8,69.4,,83.6666,76.2,110.4,99.6
2018-05-28,73.3334,,,80.6,68.6,,83.3334,76.2,111.4,100.8
2018-05-30,74.3334,,,80.0,68.2,,83.6666,76.2,111.2,101.2
2018-05-31,75.0,,,80.2,67.4,,83.3334,76.2,111.6,100.8
2018-06-05,71.5,,,79.8,67.8,,80.3334,73.8,111.4,100.8
2018-06-06,73.5,,,79.8,68.8,,80.3334,76.2,111.6,100.8
2018-06-07,73.5,,,79.8,67.2,,81.6666,76.4,111.6,100.8
2018-06-08,73.5,,,79.8,65.6,,79.6666,75.8,111.4,100.6
2018-06-11,73.5,,,79.8,66.4,,80.3334,75.8,111.4,99.8
2018-06-12,,,,79.8,66.2,,80.3334,76.2,111.4,100.0
2018-06-13,,,,79.8,66.2,,80.3334,76.4,112.8,100.0
2018-06-14,,,,79.8,65.4,,80.3334,76.2,113.2,99.8
2018-06-18,,,,79.8,65.0,,80.6666,76.2,113.0,99.4
2018-06-19,74.0,,,79.4,64.6,,81.3334,76.2,113.2,99.6
2018-06-20,74.0,,,79.0,64.6,,80.6666,76.4,113.4,99.4
2018-06-21,74.0,,,79.0,65.2,,81.3334,76.4,113.0,99.6
2018-06-22,,,,77.6,64.8,,89.3334,76.2,113.6,99.8
2018-06-25,,,,76.8,65.2,,89.3334,76.4,113.6,99.6
2018-06-26,,,,76.0,64.8,,92.0,76.0,113.4,99.8
2018-06-28,74.0,,,75.8,64.8,,94.0,75.8,113.6,99.4
2018-06-29,,,,75.8,64.4,,94.0,76.0,113.4,99.6
2018-07-02,,,,75.2,64.0,,94.0,74.2,113.2,99.8
2018-07-03,,,,75.4,63.2,,96.0,74.2,113.2,99.92
2018-07-04,,,,75.0,62.4,,96.0,74.0,112.8,99.6
2018-07-05,74.0,,,74.6,62.6,,74.0,73.8,113.2,99.8
2018-07-06,,,,74.4,62.4,,74.0,73.8,112.8,99.4
2018-07-09,,,,74.2,64.4,,74.0,73.4,113.2,99.0
2018-07-10,,,,74.4,64.0,,74.0,73.6,113.2,99.6
2018-07-11,,,,74.6,63.6,,,73.8,113.2,99.8
2018-07-12,,,,73.6,64.6,,,73.6,113.2,99.4
2018-07-13,,,,73.8,64.2,,,74.6,113.2,99.8
2018-07-16,,,,73.0,63.4,,,72.4,113.0,99.6
2018-07-17,,,,72.6,63.6,,,72.4,113.0,99.8
2018-07-18,,,,73.0,62.6,,,72.8,113.2,99.8
2018-07-19,,,,72.6,64.0,,,72.8,113.2,99.4
2018-07-20,,,,72.8,64.0,,,72.4,113.2,99.6
2018-07-23,,,,89.0,63.8,,,72.8,113.2,99.4
2018-07-24,,,,73.0,62.4,,,73.2,113.4,99.2
2018-07-25,,,,73.0,62.8,,,71.8,112.8,99.0
2018-07-26,,,,73.0,62.2,,,71.6,113.0,99.4
2018-07-30,,,,72.8,62.6,,,71.6,113.4,99.0
2018-07-31,,,,73.2,63.0,,,71.8,113.6,99.0
2018-08-01,,,,73.6,62.8,,,72.4,113.6,99.0
2018-08-02,,,,72.8,62.6,,,73.4,113.64,99.0
2018-08-03,,,,72.8,63.4,,,73.2,113.2,99.0
2018-08-06,,,,72.8,62.6,,,73.2,113.2,99.0
2018-08-07,,,,74.8,63.8,,,73.8,113.0,98.6
2018-08-08,,,,74.8,64.2,,,74.0,113.0,98.4
2018-08-09,,,,88.8,73.4,,73.6,63.8,113.0,98.6
2018-08-10,,,,88.8,73.0,,75.0,63.8,113.2,97.8
2018-08-13,,,,88.8,74.2,,74.4,63.4,113.0,99.0
2018-08-14,,,,88.8,74.6,,74.0,65.0,113.0,97.4
2018-08-15,,,,88.8,74.4,,74.0,64.8,113.0,97.2
2018-08-16,,,,88.8,74.8,,74.0,65.0,113.0,95.8
2018-08-17,,,,88.8,75.0,,73.6,64.2,112.8,97.4
2018-08-20,,,,88.8,75.8,,74.8,65.6,113.0,95.6
2018-08-21,,,,88.8,75.2,,75.0,65.4,113.0,94.4
2018-08-23,,,,73.2,66.0,,,74.8,113.0,94.4
2018-08-24,,,,73.2,65.8,,,75.0,113.0,93.4
2018-08-27,,,,73.4,66.4,,,74.0,113.0,94.4
2018-08-28,,,,73.6,65.8,,,75.0,113.0,94.0
2018-08-29,,,,74.2,66.0,,,74.6,113.0,93.0
2018-09-03,,,,73.6,65.8,,,74.8,112.8,88.6
2018-09-04,,,,74.0,65.6,,,73.6,113.2,89.4
2018-09-05,,,,73.6,65.6,,,74.0,113.0,88.2
2018-09-06,,,,73.6,65.8,,,74.2,113.0,87.6
2018-09-07,,,,88.6,73.2,,73.6,65.4,113.2,88.2
2018-09-10,,,,88.6,68.8,,74.2,65.8,113.0,86.6
2018-09-11,,,,72.0,65.6,,,74.0,113.0,89.2
2018-09-12,,,,73.6,65.8,,,74.0,113.2,88.8
2018-09-13,,,,88.6,73.8,,73.8,65.8,113.0,89.0
2018-09-14,,,,88.2,73.6,,73.6,65.6,113.0,89.2
2018-09-17,,,,88.6,75.4,,72.8,65.4,113.4,89.2
2018-09-18,,,,74.8,66.4,,,73.8,113.0,88.6
2018-09-19,,,,74.6,65.8,,,72.8,113.0,89.8
2018-09-20,,,,87.2,75.0,,72.8,65.8,113.2,92.6
2018-09-21,,,,87.2,75.4,,73.4,66.0,113.0,89.2
2018-09-25,,,,87.0,74.8,,73.4,65.6,113.0,89.0
2018-09-26,,,,75.2,65.6,,,72.8,113.0,89.6
2018-09-27,,,,75.0,65.0,,,74.0,112.2,88.8
2018-09-28,,,,87.2,75.0,,74.0,65.0,112.0,89.0
2018-10-01,,,,75.4,65.2,,,72.6,112.2,92.2
2018-10-02,,,,75.0,65.6,,,73.4,112.0,90.2
2018-10-03,,,,86.8,75.2,,72.6,65.4,112.2,92.4
2018-10-04,,,,87.0,74.6,,73.4,64.6,111.8,90.4
2018-10-05,,,,86.8,74.6,,72.8,64.6,112.0,90.2
2018-10-08,,,,87.2,75.0,,73.8,65.6,111.8,91.2
2018-10-09,,,,87.2,76.2,,74.4,65.2,112.6,91.6
2018-10-10,,,,87.0,77.0,,75.0,65.0,112.5,94.0
2018-10-11,,,,87.2,76.4,,75.0,65.0,112.6,92.0
2018-10-12,,,,87.0,75.8,,75.0,65.2,112.6,94.8
2018-10-15,,,,87.0,76.4,,74.8,65.2,112.6,93.2
2018-10-16,,,,85.6,76.8,,75.4,65.6,108.2,95.6
2018-10-17,,,,85.6,76.8,,75.4,65.6,108.2,95.6
2018-10-18,,,,85.4,77.0,,75.4,65.4,106.8,96.8
2018-10-19,,,,85.4,77.0,,75.8,65.6,107.0,95.8
2018-10-22,,,,85.6,78.8,,77.6,66.2,106.0,96.2
2018-10-23,,,,85.4,78.8,,76.6,67.6,106.0,97.2
2018-10-25,,,,85.4,78.8,,76.6,67.6,106.0,97.2
2018-10-29,,,,85.6,78.4,,77.2,67.4,105.6,97.0
2018-10-30,,,,85.4,79.6,,77.0,67.4,104.6,96.6
2018-10-31,,,,85.6,79.2,,76.6,67.4,104.8,96.8
2018-11-01,,,,85.4,79.6,,77.8,67.4,105.6,96.6
2018-11-02,,,,85.6,79.8,,78.0,67.4,105.8,96.8
2018-11-05,,,,85.6,79.6,,78.0,68.4,106.0,96.4
2018-11-07,,,,85.4,80.8,,78.6,67.6,105.6,95.8
2018-11-08,,,,85.6,80.8,,78.6,67.8,105.4,96.6
2018-11-09,,,,85.6,81.0,,78.0,68.4,105.4,95.8
2018-11-12,,,,85.6,80.8,,77.8,68.4,105.4,96.6
2018-11-13,,,,85.6,81.0,,78.4,67.8,105.4,95.4
2018-11-14,,,,85.4,80.4,,78.6,68.6,105.6,95.6
2018-11-15,,,,85.4,80.8,,78.4,68.6,105.6,95.6
2018-11-16,,,,85.6,81.6,,78.6,68.8,105.4,95.8
2018-11-19,,,,86.6,80.6,,78.6,69.2,106.6,95.4
2018-11-21,,,,86.4,80.6,,78.6,69.0,106.4,95.2
2018-11-23,,,,86.6,81.0,,78.6,69.0,106.6,95.4
2018-11-26,,,,86.6,81.0,,79.2,69.6,107.0,96.0
2018-11-27,,,,86.6,81.0,,79.0,70.4,107.2,96.0
2018-11-28,,,,86.6,81.2,,79.2,70.2,107.6,95.6
2018-11-29,,,,86.6,82.0,,79.4,70.4,107.4,96.0
2018-11-30,,,,86.4,81.6,,78.6,70.4,107.6,96.0
2018-12-03,,,,81.2,70.4,,,79.0,107.4,95.6
2018-12-04,,,,87.6,81.2,,79.2,69.6,107.6,95.8
2018-12-05,,,,87.6,81.6,,79.2,69.6,107.6,95.4
2018-12-06,,,,87.6,82.4,,79.4,70.6,107.6,95.4
2018-12-07,,,,87.6,82.0,,79.2,69.6,107.6,94.8
2018-12-10,,,,87.6,82.0,,79.2,70.0,107.6,95.4
2018-12-11,,,,87.6,81.6,,79.2,70.4,107.6,95.2
2018-12-12,,,,87.6,82.0,,80.4,70.6,107.6,95.2
2018-12-13,,,,87.2,81.2,,79.6,70.2,107.6,95.6
2018-12-14,,,,87.6,81.6,,80.4,70.6,107.6,95.2
2018-12-17,,,,87.8,82.2,,80.4,71.0,107.6,95.4
2018-12-18,,,,88.0,81.6,,80.8,71.4,107.6,95.4
2018-12-19,,,,88.0,82.4,,80.4,70.6,107.6,95.2
2018-12-20,,,,88.0,82.4,,80.4,70.6,107.6,95.2
2018-12-21,,,,88.0,82.0,,80.4,70.6,107.6,95.2
2018-12-26,,,,87.6,82.0,,81.6,71.0,107.6,95.8
2018-12-27,,,,87.6,82.6,,81.4,70.4,107.6,95.4
2018-12-28,,,,87.6,81.8,,82.2,71.0,107.4,95.2
2018-12-31,,,,87.6,82.4,,82.4,72.2,107.6,95.6
2019-01-01,,,,87.6,81.6,,81.6,70.4,107.6,95.2
2019-01-02,,,,87.4,82.0,,82.0,70.8,107.4,95.2
2019-01-03,,,,87.6,81.8,,81.4,71.2,107.6,95.0
2019-01-04,,,,87.6,82.2,,81.4,70.4,107.6,95.2
2019-01-07,,,,87.6,81.6,,81.4,69.6,107.6,94.8
2019-01-08,,,,87.6,81.8,,81.6,70.6,107.6,94.8
2019-01-09,,,,87.6,81.6,,81.2,70.6,107.6,94.6
2019-01-10,,,,86.0,82.2,,81.2,71.0,107.6,94.6
2019-01-11,,,,87.6,81.6,,81.4,69.8,107.6,94.8
2019-01-14,,,,88.6,81.6,,79.6,70.2,108.4,94.4
2019-01-16,,,,88.6,82.0,,80.6,70.2,108.6,94.2
2019-01-17,,,,88.4,80.8,,79.8,70.6,108.6,94.4
2019-01-18,,,,88.6,80.8,,80.4,70.4,108.6,93.6
2019-01-21,,,,88.6,80.4,,80.4,70.6,108.6,93.8
2019-01-22,,,,88.6,80.8,,80.2,70.4,108.8,93.8
2019-01-23,,,,88.6,80.8,,80.4,71.0,108.6,94.0
2019-01-24,,,,88.6,81.2,,80.8,70.6,108.6,94.2
2019-01-25,,,,88.6,80.8,,80.2,70.4,108.6,93.2
2019-01-28,,,,88.6,80.8,,79.8,70.0,108.6,94.0
2019-01-29,,,,88.6,78.2,,78.0,69.6,108.4,87.75
2019-01-30,,,,88.6,78.2,,78.8,70.2,108.6,91.0
2019-01-31,,,,88.6,78.2,,78.6,69.6,108.6,90.6
2019-02-01,,,,88.6,78.2,,77.4,70.6,108.6,89.8
2019-02-05,,,,88.6,77.8,,78.2,69.8,108.6,90.4
2019-02-06,,,,88.4,75.8,,75.0,68.0,108.4,88.0
2019-02-07,,,,88.6,73.8,,73.6,68.4,108.8,84.6
2019-02-08,,,,88.6,73.8,,74.0,69.4,109.0,88.0
2019-02-11,,,,88.6,74.2,,74.2,68.4,109.2,87.6
2019-02-12,,,,88.6,73.8,,74.2,68.4,109.2,87.6
2019-02-13,,,,89.4,72.0,,74.2,68.0,108.4,86.8
2019-02-14,,,,89.4,72.0,,74.2,68.0,108.4,86.8
2019-02-15,,,,89.4,73.2,,73.6,66.8,108.6,86.8
2019-02-18,,,,89.4,72.2,,73.0,67.4,109.2,83.0
2019-02-21,,,,89.4,73.4,,71.2,67.4,108.2,81.4
2019-02-22,,,,89.6,72.8,,70.0,68.0,108.2,80.4
2019-02-25,,,,89.6,71.4,,70.4,67.2,107.8,84.4
2019-02-26,,,,89.6,71.4,,70.8,67.2,107.8,84.2
2019-02-27,,,,89.6,69.2,,70.8,67.2,108.4,84.2
2019-02-28,,,,89.6,74.8,,70.4,67.2,108.4,84.2
2019-03-01,,,,89.6,72.6,,70.8,67.6,108.4,84.0
2019-03-05,,,,89.4,72.0,,69.4,67.4,108.4,79.0
2019-03-06,,,,87.8,70.6,,68.4,66.2,108.6,79.6
2019-03-07,,,,87.8,71.2,,67.8,65.8,108.6,80.72
2019-03-08,,,,69.8,65.0,,,67.8,108.6,80.0
2019-03-11,,,,70.2,64.6,,,67.4,108.4,82.4
2019-03-12,,,,70.4,63.4,,,66.8,108.4,82.0
2019-03-13,,,,88.0,69.8,,66.4,63.4,108.6,78.2
2019-03-14,,,,88.2,69.6,,66.6,62.6,108.8,78.0
2019-03-15,,,,87.8,69.8,,66.2,64.2,108.4,78.6
2019-03-18,,,,87.8,69.8,,66.2,64.2,108.4,78.6
2019-03-19,,,,87.8,69.0,,66.0,63.4,108.6,77.4
2019-03-21,,,,87.6,69.2,,67.4,63.8,108.0,76.4
2019-03-22,,,,88.2,69.0,,67.8,63.6,108.2,74.8
2019-03-25,,,,88.4,70.6,,67.6,62.2,108.6,75.4
2019-03-26,,,,87.6,70.4,,68.0,62.8,108.6,75.8
2019-03-27,,,,87.8,71.0,,68.2,63.4,108.4,75.6
2019-03-28,,,,87.8,70.6,,68.0,63.6,108.4,75.6
2019-03-29,,,,88.2,70.4,,68.6,63.0,108.6,74.4
2019-04-01,,,,87.6,71.8,,69.4,63.2,108.6,75.6
2019-04-02,,,,85.8,72.2,,69.4,63.6,108.4,75.0
2019-04-03,,,,86.6,72.0,,70.2,63.6,93.6,75.2
2019-04-04,,,,86.6,73.2,,70.8,63.2,93.6,77.4
2019-04-05,,,,86.4,73.0,,70.6,64.2,93.6,77.2
2019-04-08,,,,86.4,76.0,,71.0,64.0,93.6,78.2
2019-04-09,,,,86.4,76.2,,73.6,64.0,93.4,78.4
2019-04-10,,,,86.4,75.8,,73.6,63.8,93.6,78.0
2019-04-11,,,,85.6,76.0,,73.8,63.0,92.6,77.6
2019-04-12,,,,85.6,75.2,,73.6,63.6,92.6,77.2
2019-04-17,,,,85.6,75.2,,73.6,63.6,92.6,77.2
2019-04-23,,,,86.5,76.8,,74.5,62.75,93.5,78.0
2019-04-24,,,,86.6,77.2,,75.0,64.8,93.4,78.2
2019-04-25,,,,86.4,77.8,,74.0,66.0,93.4,78.2
2019-04-26,,,,86.6,76.8,,74.0,65.4,93.4,78.2
2019-04-29,,,,86.6,81.2,,74.8,65.0,92.6,80.6
2019-04-30,,,,86.6,81.2,,74.8,64.6,92.6,80.8
2019-05-02,,,,86.6,81.2,,75.8,67.0,92.6,81.0
2019-05-03,,,,86.6,81.2,,75.6,67.0,93.4,81.2
2019-05-06,,,,86.6,81.2,,76.4,67.0,93.4,81.4
2019-05-07,,,,86.6,81.4,,76.6,67.2,93.6,82.0
2019-05-08,,,,86.4,80.8,,75.8,65.4,93.6,80.4
2019-05-09,,,,86.4,81.0,,75.8,64.4,93.6,80.0
2019-05-10,,,,86.4,81.0,,75.8,64.4,93.6,79.6
2019-05-13,,,,86.6,81.0,,75.8,66.2,92.8,79.6
2019-05-14,,,,86.6,81.2,,76.0,66.4,92.8,79.6
2019-05-15,,,,86.4,81.0,,75.6,66.4,93.0,80.4
2019-05-16,,,,86.0,81.0,,75.8,66.2,93.0,80.0
2019-05-17,,,,86.12,81.0,,77.0,66.0,93.2,80.4
2019-05-21,,,,86.12,81.0,,77.0,66.0,93.2,80.4
2019-09-04,,,,88.2,78.8,,79.2,71.8,91.2,79.2
2019-09-05,,,,88.6,80.0,,80.0,72.0,89.8,80.0
2019-09-06,,,,88.6,80.0,,80.0,72.0,89.8,80.0
2019-09-09,,,,88.4,80.0,,79.2,73.2,90.2,80.0
2019-09-10,,,,88.4,80.0,,79.2,73.2,90.2,80.0
2019-09-12,,,,90.2,80.2,,80.8,72.8,90.2,79.6
2019-09-16,,,,91.0,83.4,,80.4,74.4,91.0,81.6
2019-09-17,,,,91.0,81.2,,80.8,75.6,91.0,80.8
2019-09-18,,,,91.0,81.6,,81.2,75.2,91.0,82.0
2019-09-19,,,,91.0,82.0,,81.2,75.2,91.0,81.2
2019-09-20,,,,91.0,81.6,,81.2,75.2,91.0,82.0
2019-09-23,,,,93.6666,85.0,,82.8,76.8,93.6666,85.6
2019-09-24,,,,93.5,84.6,,82.8,76.8,93.6666,84.8
2019-09-25,,,,93.6666,86.0,,83.6,76.8,93.6666,87.0
2019-09-26,,,,93.6666,86.4,,83.2,77.2,93.6666,87.0
2019-09-27,,,,93.6666,86.4,,82.8,76.8,93.6666,87.0
2019-09-30,,,,94.6666,87.4,,83.2,77.6,94.3334,86.0
2019-10-01,,,,95.0,87.2,,82.8,77.2,95.0,86.4
2019-10-02,,,,95.0,86.8,,83.2,77.2,95.0,86.8
2019-10-03,,,,95.0,86.8,,82.8,77.2,95.0,86.8
2019-10-04,,,,95.0,87.0,,82.8,77.2,95.0,87.0
2019-10-07,,,,95.0,88.8,,84.8,79.6,95.0,88.4
2019-10-08,,,,95.0,88.4,,84.8,79.2,95.0,88.8
2019-10-09,,,,95.0,88.4,,84.6,79.6,95.0,88.4
2019-10-10,,,,95.0,88.4,,84.8,79.2,95.0,88.8
2019-10-11,,,,95.0,88.4,,84.8,78.8,95.0,88.8
2019-10-14,,,,95.0,88.4,,85.0,81.2,95.0,88.8
2019-10-15,,,,95.0,88.4,,84.8,81.6,95.0,88.4
2019-10-16,,,,95.5,88.6,,84.8,81.6,95.5,88.8
2019-10-17,,,,95.5,88.4,,84.8,81.6,95.5,88.4
2019-10-18,,,,95.0,89.2,,86.4,82.8,95.0,89.6
2019-10-21,,,,95.0,90.8,,87.0,84.6,95.0,90.8
2019-10-22,,,,95.0,90.8,,87.4,85.2,95.0,90.4
2019-10-23,,,,96.0,90.8,,87.0,85.0,96.0,90.4
2019-10-24,,,,96.0,90.4,,86.8,85.0,96.0,90.0
2019-10-25,,,,96.0,90.0,,87.2,85.4,96.0,90.0
2019-10-28,,,,96.0,90.6,,86.4,88.0,96.0,90.0
2019-10-29,,,,96.0,90.8,,86.8,88.0,96.0,90.0
2019-10-30,,,,96.0,90.8,,86.8,88.0,96.0,89.6
2019-10-31,,,,97.0,91.2,,87.0,85.6,97.0,90.8
2019-11-01,,,,97.0,90.8,,87.0,85.2,97.0,90.8
2019-11-04,,,,97.0,90.8,,87.0,85.2,97.0,90.8
2019-11-05,,,,97.0,91.8,,87.6,86.6,97.0,90.8
2019-11-06,,,,97.0,91.4,,88.0,87.0,97.0,91.2
2019-11-07,,,,97.0,92.2,,88.0,87.2,97.0,90.8
2019-11-08,,,,97.0,92.2,,88.0,86.4,97.0,90.8
2019-11-11,,,,97.0,91.2,,87.2,88.6,97.0,91.6
2019-11-13,,,,97.0,90.8,,87.6,89.0,97.0,91.6
2019-11-14,,,,97.0,90.8,,87.6,88.8,97.0,91.6
2019-11-15,,,,97.0,91.6,,87.6,89.0,97.0,91.6
2019-11-18,,,,97.0,92.8,,90.8,89.6,97.0,92.8
2019-11-19,,,,97.0,93.6,,91.6,89.2,97.0,92.8
2019-11-20,,,,97.0,94.0,,91.6,89.4,97.0,92.4
2019-11-21,,,,97.0,93.6,,91.2,89.2,97.0,92.4
2019-11-22,,,,97.0,93.2,,91.4,90.4,97.0,92.8
2019-11-25,,,,97.0,93.2,,91.4,90.4,97.0,92.8
2019-12-04,,,,100.0,98.0,,94.5,96.0,100.0,96.0
2019-12-09,,,,102.0,96.8,,96.0,100.0,102.0,95.6
2019-12-10,,,,102.0,96.8,,95.2,100.0,102.0,96.4
2019-12-12,,,,102.0,96.8,,95.2,100.0,102.0,96.4
2019-12-13,,,,102.0,96.4,,96.4,100.0,102.0,96.4
2019-12-16,,,,96.0,97.2,,95.0,100.0,96.0,95.6
2019-12-17,,,,96.0,96.8,,95.0,100.0,96.0,95.6
2019-12-18,,,,96.0,97.2,,94.8,100.0,96.0,95.6
2019-12-19,,,,96.0,96.4,,95.0,100.0,96.0,95.6
2019-12-20,,,,96.0,96.2,,95.0,100.8,97.0,95.2
2019-12-23,,,,96.0,96.6,,94.8,100.8,97.0,95.0
2019-12-24,,,,96.0,96.4,,95.8,103.2,97.0,94.8
2019-12-26,,,,96.0,95.6,,95.6,102.2,96.0,95.0
2019-12-27,,,,96.0,96.2,,95.2,100.8,96.0,94.6
2019-12-30,,,,96.0,96.2,,95.2,100.8,96.0,94.6
2019-12-31,,,,96.0,97.0,,97.0,102.6,96.0,95.4
2020-01-01,,,,102.6,97.0,,97.0,96.0,96.0,95.4
2020-01-02,,,,96.0,96.8,,97.0,105.0,96.0,95.2
2020-01-03,,,,96.0,96.8,,97.0,104.4,96.0,95.4
2020-01-06,,,,96.0,96.8,,96.8,104.0,96.0,95.6
2020-01-07,,,,96.0,96.8,,96.4,105.4,96.0,95.4
2020-01-08,,,,96.0,96.8,,95.2,106.0,96.0,95.4
2020-01-09,,,,96.0,97.2,,96.0,105.6,96.0,95.4
2020-01-13,,,,96.0,96.8,,96.0,105.8,96.0,95.4
2020-01-14,,,,96.0,94.8,,95.6,106.0,96.0,95.4
2020-01-16,,,,96.0,94.0,,94.0,106.0,96.0,94.4
2020-01-17,,,,96.0,94.2,,94.2,105.6,96.0,93.8
2020-01-20,,,,96.0,92.6,,92.8,103.2,96.0,92.8
2020-01-21,,,,96.0,91.8,,91.6,103.2,96.0,92.8
2020-01-22,,,,96.0,92.0,,91.2,100.4,96.0,92.0
2020-01-23,,,,96.0,92.4,,91.2,100.8,96.0,93.2
2020-01-24,,,,96.0,92.0,,90.8,100.4,96.0,92.0
2020-01-27,,,,96.0,88.8,,89.2,95.0,96.0,92.6
2020-01-28,,,,96.0,89.2,,88.8,98.0,96.0,91.6
2020-01-29,,,,96.0,90.0,,88.8,97.6,96.0,92.4
2020-01-30,,,,96.0,90.0,,88.8,97.6,96.0,92.4
2020-01-31,,,,96.0,88.8,,89.6,97.24,96.0,91.2
2020-02-03,,,,96.0,88.8,,88.4,97.2,96.0,90.4
2020-02-05,,,,96.0,87.4,,89.2,98.0,96.0,90.0
2020-02-06,,,,96.0,87.6,,88.8,96.6,96.0,89.6
2020-02-07,,,,96.0,86.2,,86.4,96.0,96.0,87.6
2020-02-10,,,,96.0,86.8,,85.0,94.4,96.0,88.4
2020-02-11,,,,96.0,87.2,,85.8,94.4,96.0,88.0
2020-02-12,,,,96.0,85.8,,86.0,92.4,96.0,86.2
2020-02-13,,,,96.0,86.0,,86.0,93.6,96.0,70.8
2020-02-14,,,,96.0,86.8,,85.6,92.0,96.0,88.0
2020-02-17,,,,96.0,86.4,,86.4,88.4,96.0,88.4
2020-02-18,,,,96.0,86.4,,86.4,88.8,96.0,88.4
2020-02-19,,,,96.0,85.8,,84.8,89.2,96.0,88.4
2020-02-20,,,,96.0,86.0,,84.0,89.6,96.0,88.8
2020-02-24,,,,96.0,86.0,,84.4,90.4,96.0,89.2
2020-02-25,,,,96.0,86.0,,85.2,89.2,96.0,88.0
2020-02-26,,,,96.0,85.2,,86.0,88.8,96.0,88.4
2020-02-27,,,,96.0,86.0,,85.8,88.8,96.0,88.4
2020-02-28,,,,96.0,86.0,,86.0,88.8,96.0,88.4
2020-03-02,,,,96.0,83.8,,83.8,84.2,96.0,88.4
2020-03-03,,,,96.0,84.8,,83.2,84.2,96.0,88.0
2020-03-04,,,,96.0,84.4,,84.0,83.8,96.0,88.0
2020-03-05,,,,96.0,84.4,,84.0,83.8,96.0,88.0
2020-03-06,,,,,83.0,,82.0,85.2,96.0,87.6
2020-03-10,,,,96.0,83.2,,83.2,86.0,96.0,87.6
2020-03-11,,,,96.0,82.8,,82.4,84.6,96.0,87.8
2020-03-12,,,,96.0,83.2,,82.4,84.6,96.0,87.2
2020-03-13,,,,96.0,83.6,,82.0,84.8,96.0,87.2
2020-06-15,,,,99.0,93.2,,89.2,93.0,99.0,95.6
2020-06-16,,,,95.0,93.2,,89.2,90.8,97.0,95.6
2020-06-17,,,,95.0,93.4,,89.2,91.6,97.0,96.0
2020-06-18,,,,95.0,93.0,,89.2,91.2,97.0,95.8
2020-06-19,,,,95.0,92.8,,87.2,91.2,97.0,96.0
2020-06-22,,,,95.0,92.8,,89.6,91.4,97.0,96.0
2020-06-23,,,,95.0,92.8,,89.2,91.6,97.0,95.0
2020-06-24,,,,95.0,92.0,,88.8,91.6,97.0,95.2
2020-06-25,,,,95.0,92.4,,88.8,90.8,97.0,95.2
2020-06-26,,,,95.0,91.6,,88.8,90.8,97.0,95.2
2020-06-29,,,,95.0,91.6,,88.8,90.8,97.0,95.0
2020-06-30,,,,95.0,89.6,,88.6,89.2,97.0,93.4
2020-07-01,,,,95.0,89.6,,89.0,89.2,97.0,94.6
2020-07-02,,,,95.0,90.4,,89.0,89.2,97.0,94.4
2020-07-03,,,,95.0,90.4,,89.0,89.2,97.0,93.8
2020-07-06,,,,95.0,89.6,,87.2,89.2,97.0,94.4
2020-07-07,,,,95.0,88.8,,86.8,89.0,97.0,95.0
2020-07-08,,,,95.0,89.0,,86.0,89.0,97.0,94.6
2020-07-09,,,,95.0,88.2,,86.8,88.8,97.0,94.0
2020-07-10,,,,95.0,89.2,,87.0,89.6,97.0,95.0
2020-07-13,,,,95.0,88.6,,86.0,88.8,97.0,93.8
2020-07-14,,,,95.0,89.6,,85.8,89.8,97.0,95.2
2020-07-15,,,,95.0,90.0,,85.8,89.4,97.0,96.0
2020-07-16,,,,95.0,88.4,,86.2,89.4,97.0,95.4
2020-07-17,,,,95.0,88.4,,86.4,89.0,97.0,95.6
2020-07-20,,,,95.0,88.4,,86.8,89.8,97.0,96.0
2020-07-21,,,,95.0,88.4,,87.4,89.8,97.0,96.2
2020-07-22,,,,95.0,87.2,,86.6,89.2,97.0,95.6
2020-07-23,,,,95.0,88.0,,86.8,89.0,97.0,96.0
2020-07-24,,,,95.0,88.8,,86.4,89.0,97.0,96.4
2020-07-27,,,,95.0,87.4,,87.4,89.0,97.0,96.6
2020-07-28,,,,95.0,89.2,,85.2,88.0,97.0,96.2
2020-07-29,,,,95.0,89.6,,84.8,88.4,97.0,96.4
2020-07-30,,,,95.0,89.0,,85.0,87.6,97.0,96.4
2020-07-31,,,,95.0,88.0,,85.2,87.6,97.0,96.2
2020-08-04,,,,95.0,88.4,,85.2,88.0,97.0,96.2
2020-08-06,,,,95.0,87.2,,84.8,87.6,97.0,96.4
2020-08-07,,,,95.0,87.2,,84.8,87.6,97.0,96.2
2020-08-10,,,,95.0,87.4,,85.2,88.0,97.0,96.2
2020-08-11,,,,95.0,87.8,,85.0,88.4,97.0,95.6
2020-08-12,,,,95.0,87.0,,84.8,88.6,97.0,96.0
2020-08-13,,,,95.0,87.0,,84.6,87.6,97.0,96.0
2020-08-14,,,,95.0,87.8,,85.0,88.4,97.0,96.0
2020-08-17,,,,95.0,87.8,,84.8,88.0,97.0,95.8
2020-08-18,,,,95.0,88.6,,83.8,88.0,97.0,96.0
2020-08-19,,,,95.0,87.6,,84.4,88.0,97.0,96.2
2020-08-20,,,,95.0,87.6,,84.2,88.0,97.0,96.0
2020-08-21,,,,95.0,87.2,,84.2,87.8,97.0,96.0
2020-08-24,,,,95.0,88.6,,84.6,88.8,97.0,96.4
2020-08-25,,,,95.0,87.6,,85.0,88.4,97.0,96.6
2020-08-26,,,,95.0,87.6,,85.2,88.4,97.0,95.6
2020-08-27,,,,,88.4,,85.8,86.8,,95.6
2020-08-28,,,,,87.8,,83.8,88.0,,96.0
2020-08-31,,,,,88.2,,85.0,88.8,,96.4
2020-09-02,,,,,88.2,,85.0,88.8,,96.4
2021-01-12,,,,98.4,98.0,,,95.6,131.0,127.4
2021-01-13,,,,99.2,98.0,,,96.4,131.6,127.2
2021-01-15,,,,98.4,100.0,,,97.0,132.4,128.8
2021-01-18,,,,98.0,99.6,,,97.6,132.4,128.2
2021-01-19,,,,97.4,99.6,,,97.4,132.0,125.8
2021-01-20,,,,97.0,99.6,,,97.4,132.4,126.6
2021-01-21,,,,96.0,99.6,,,97.2,132.4,124.6
2021-01-22,,,,96.8,99.5,,,97.0,133.0,124.8
2021-01-25,,,,95.2,98.0,,,96.0,133.0,121.0
2021-01-26,,,,95.8,98.4,,,96.0,133.0,121.4
2021-01-27,,,,92.6,97.2,,,91.6,133.0,109.6
2021-01-29,,,,92.8,97.0,,,93.0,133.0,113.6
2021-02-01,,,,103.75,91.2,,92.0,97.25,132.2,108.2
2021-02-02,,,,91.0,97.25,,,92.0,132.2,108.2
2021-02-03,,,,91.4,98.0,,,93.4,121.4,105.4
2021-02-08,,,,90.4,94.6666,,,93.0,126.75,105.2
2021-02-09,,,,90.4,95.3334,,,92.2,126.75,105.2
2021-02-10,,,,89.4,96.6666,,,91.8,131.0,105.2
2021-02-11,,,,90.8,96.6666,,,91.8,128.75,103.2
2021-02-12,,,,90.4,96.6666,,,92.2,128.75,103.2
2021-02-15,,,,92.0,95.0,,,91.8,136.0,103.8
2021-02-16,,,,92.2,95.0,,,91.4,136.0,103.8
2021-02-17,,,,92.0,95.25,,,91.6,130.8,102.8
2021-02-18,,,,92.0,95.25,,,92.0,130.8,103.2
2021-02-19,,,,95.6,95.25,,,91.6,130.8,102.8
2021-02-22,,,,92.6,95.0,,,92.4,127.6,104.0
2021-02-23,,,,92.6,95.25,,,92.4,128.0,104.0
2021-02-24,,,,93.0,95.0,,,93.4,129.75,103.6
2021-02-25,,,,92.8,95.0,,,93.0,133.0,103.2
2021-03-01,,,,91.6,95.4,,,91.6,129.5,104.0
2021-03-02,,,,91.6,95.4,,,91.6,129.5,103.2
2021-03-03,,,,92.0,95.4,,,91.6,129.5,104.0
2021-03-04,,,,92.0,95.4,,,91.6,129.5,104.0
2021-03-05,,,,92.0,95.4,,,91.6,129.5,104.0
2021-03-08,,,,93.0,95.0,,,92.6,125.6,100.2
2021-03-09,,,,93.4,95.0,,,92.6,125.6,104.2
2021-03-10,,,,94.2,95.0,,,93.4,136.0,106.8
2021-03-12,,,,93.8,95.75,,,93.2,136.0,106.8
2021-03-15,,,,93.6,94.2,,,92.8,136.0,107.4
2021-03-16,,,,93.6,94.8,,,92.8,136.0,107.4
2021-03-17,,,,92.8,95.4,,,93.8,132.5,109.0
2021-03-18,,,,94.0,95.4,,,93.8,132.5,109.2
2021-03-19,,,,94.0,95.4,,,93.8,132.5,109.6
2021-03-22,,,,94.6,95.6,,,93.8,133.5,113.8
2021-03-23,,,,94.6,95.6,,,93.8,133.5,113.8
2021-03-24,,,,94.0,95.6,,,93.8,133.5,113.2
2021-03-25,,,,94.6,95.6,,,93.8,136.0,113.8
2021-03-26,,,,95.0,95.8,,,93.8,136.0,113.8
2021-03-29,,,,94.2,95.25,,,93.8,128.0,114.0
2021-03-30,,,,94.6,95.4,,,94.0,130.8,114.2
2021-03-31,,,,94.6,95.4,,,94.0,130.8,114.2
2021-04-01,,,,,,,,,136.0,
2021-04-05,,,,95.0,95.4,,,94.4,134.0,114.6
2021-04-06,,,,95.2,95.4,,,94.4,132.0,116.4
2021-04-07,,,,94.2,95.4,,,94.8,132.0,116.4
2021-04-08,,,,94.6,95.4,,,94.8,132.0,116.4
2021-04-09,,,,96.0,95.8,,,94.4,132.0,117.2
2021-04-19,,,,103.0,95.6,,,96.0,130.5,120.8
2021-04-20,,,,103.2,95.6,,,96.0,130.5,120.8
2021-04-21,,,,103.8,95.6,,,96.8,130.25,120.8
2021-04-22,,,,104.2,95.6,,,97.2,130.5,120.8
2021-04-23,,,,103.0,95.25,,,95.8,140.0,121.8
2021-04-27,,,,107.8,96.25,,,99.2,150.6666,128.4
2021-04-28,,,,107.75,95.75,,,99.2,150.6666,128.4
2021-04-29,,,,108.4,96.0,,,100.8,152.0,132.4
2021-04-30,,,,108.4,96.0,,,100.8,152.0,132.6
2021-05-03,,,,110.4,96.4,,,102.0,152.75,138.4
2021-05-04,,,,110.4,96.4,,,102.8,152.75,138.4
2021-05-05,,,,111.4,96.0,,,101.75,153.25,139.2
2021-05-06,,,,111.4,96.0,,,102.2,153.25,138.8
2021-05-07,,,,111.4,96.0,,,104.0,153.0,138.2
2021-05-10,,,,115.3334,110.8,,103.8,96.0,153.5,138.0
2021-05-11,,,,115.3334,110.8,,103.8,96.5,153.5,138.4
2021-05-12,,,,111.4,96.0,,,103.8,153.3334,138.4
2021-05-13,,,,115.4,111.6,,104.4,96.8,153.75,138.0
2021-05-17,,,,116.0,113.0,,104.4,98.0,153.3334,139.6
2021-05-18,,,,116.0,113.0,,104.2,98.0,153.3334,139.6
2021-05-19,,,,116.6666,113.4,,104.6,97.5,152.8,139.4
2021-05-20,,,,116.5,113.4,,104.6,97.5,152.8,139.4
2021-05-21,,,,114.0,97.4,,,106.6,152.8,141.6
2021-06-18,,,,115.8,98.5,,,108.4,150.0,141.6
2021-06-21,,,,115.8,107.6,,,98.4,150.0,141.6
2021-06-22,,,,114.8,98.0,,,107.8,152.6666,140.4
2021-06-23,,,,115.0,98.0,,,107.8,152.6666,140.4
2021-06-25,,,,115.0,98.0,,,107.0,152.0,137.4
2021-06-28,,,,112.8,97.2,,,106.0,146.5,134.8
2021-06-29,,,,112.2,97.0,,,106.0,146.5,134.8
2021-06-30,,,,112.2,97.2,,,106.0,146.5,134.8
2021-07-01,,,,111.8,97.2,,,105.8,146.5,134.2
2021-07-02,,,,108.4,97.2,,,105.6,149.0,127.6
2021-07-05,,,,105.4,96.0,,,104.0,152.0,117.8
2021-07-06,,,,105.4,96.2,,,104.8,152.0,118.2
2021-07-07,,,,105.0,96.0,,,102.4,147.75,121.6
2021-07-08,,,,104.8,96.0,,,102.4,147.75,120.0
2021-07-09,,,,104.6,96.0,,,102.4,146.5,123.8
2021-07-12,,,,120.2,105.6,,102.6,95.6,142.0,126.4
2021-07-13,,,,120.2,105.8,,102.2,95.6,142.0,126.4
2021-07-14,,,,119.4,105.8,,101.6,96.0,141.3334,124.0
2021-07-15,,,,119.4,105.8,,101.6,96.0,141.3334,123.6
2021-07-16,,,,104.0,95.6,,,100.0,140.0,118.2
2021-07-19,,,,120.0,104.2,,99.2,95.0,142.0,118.0
2021-07-20,,,,120.0,104.2,,99.2,94.8,141.5,118.0
2021-07-22,,,,119.5,104.4,,98.2,94.6,142.0,118.2
2021-07-26,,,,117.0,99.0,,94.8,93.8,141.3334,115.0
2021-07-27,,,,117.0,99.0,,94.8,93.8,141.3334,115.0
2021-07-28,,,,117.0,97.6,,94.4,93.8,141.3334,115.0
2021-07-29,,,,117.0,97.6,,94.4,93.8,141.3334,115.0
2021-07-30,,,,119.5,99.2,,94.0,93.8,140.3334,113.2
2021-08-02,,,,98.2,93.6,,,94.4,141.3334,112.0
2021-08-03,,,,98.2,93.6,,,94.4,140.6666,112.2
2021-08-04,,,,98.2,92.8,,,94.0,140.5,114.2
2021-08-05,,,,98.2,92.8,,,94.0,140.5,114.2
2021-08-06,,,,96.4,92.2,,,92.4,140.75,110.8
2021-08-09,,,,116.8,99.6,,93.6,92.6,141.0,112.2
2021-08-11,,,,101.6,92.0,,,94.4,141.0,111.6
2021-08-12,,,,116.5,101.6,,94.4,91.8,141.0,111.6
2021-08-13,,,,116.5,101.6,,94.4,91.8,141.0,111.6
2021-08-16,,,,117.25,108.2,,94.8,92.6,136.0,116.8
2021-08-17,,,,101.6,92.0,,,94.4,141.0,111.6
2021-09-09,,,,,95.25,,93.5,93.4,,100.6
2021-09-10,,,,,95.4,,93.5,93.5,,100.2
2021-09-13,,,,,95.8,,93.6,93.4,,100.8
2021-09-14,,,,,95.8,,93.4,93.2,,100.8
2021-09-15,,,,,96.4,,93.0,92.75,,101.2
2021-09-16,,,,,95.5,,93.0,92.5,,101.25
2021-09-17,,,,,95.5,,93.0,92.5,,101.25
2021-09-21,,,,,97.0,,94.0,93.75,,102.5
2021-09-22,,,,,97.75,,94.2,93.75,,113.0
2021-09-23,,,,,105.2,,94.6,94.4,,115.5
2021-09-24,,,,,105.2,,94.6,94.4,,115.2
2021-09-27,,,,,106.2,,95.8,94.0,,117.0
2021-09-28,,,,,106.2,,95.8,94.0,,117.0
2021-09-29,,,,,109.2,,101.6,100.5,,126.0
2021-09-30,,,,,109.6,,101.6,100.5,,126.0
2021-10-01,,,,,110.4,,104.2,100.5,,127.2
2021-10-04,,,,110.8,98.2,,,105.8,140.0,126.4
2021-10-05,,,,115.0,110.8,,105.8,98.2,140.0,126.4
2021-10-06,,,,115.0,110.4,,105.8,97.8,140.0,126.4
2021-10-07,,,,114.0,109.6,,105.8,98.8,138.5,127.6
2021-10-08,,,,109.6,98.8,,,105.8,138.5,127.6
2021-10-11,,,,116.0,110.4,,107.0,99.2,140.3334,127.4
2021-10-12,,,,116.0,110.4,,107.0,98.8,140.3334,127.4
2021-10-13,,,,110.4,99.6,,,107.0,141.3334,128.0
2021-10-14,,,,110.4,99.6,,,106.8,141.3334,129.0
2021-10-15,,,,112.8,100.4,,,108.8,142.75,129.0
2021-10-18,,,,112.6,100.4,,,108.6,141.6666,131.6
2021-10-21,,,,116.8,100.4,,,111.2,150.0,131.8
2021-10-22,,,,117.0,100.4,,,111.2,150.0,132.2
2021-10-25,,,,119.2,102.0,,,113.4,151.3334,137.4
2021-10-26,,,,120.0,102.0,,,113.4,151.3334,137.75
2021-10-27,,,,128.6666,120.4,,114.0,101.6,154.6666,139.6
2021-10-28,,203.6,,126.0,120.4,,114.0,101.6,154.6666,141.0
2021-10-29,,202.2,,132.0,124.6,,118.4,102.0,157.0,143.6
2021-11-01,,210.0,,137.0,129.4,,120.8,102.6,159.6666,148.2
2021-11-02,,210.0,,137.0,129.4,,120.8,103.0,159.6666,148.6
2021-11-03,,213.75,,137.0,130.8,,121.6,106.0,162.0,148.8
2021-11-08,,218.0,,137.0,131.0,,121.6,106.8,162.0,149.8
2021-11-09,,223.0,,137.0,131.8,,121.6,107.4,162.0,149.8
2021-11-10,,220.0,,137.0,131.2,,121.6,107.4,162.0,150.2
2021-11-11,,219.4,,137.0,130.0,,121.6,109.2,162.0,148.6
2021-11-12,,219.4,,137.0,130.4,,121.6,107.8,162.0,148.6
2021-11-15,,221.0,,137.0,130.4,,121.6,110.0,162.0,148.6
2021-11-16,,221.0,,137.0,129.4,,121.8,110.0,162.0,148.6
2021-11-17,,219.2,,137.0,129.0,,120.4,109.2,162.0,145.4
2021-11-19,,221.0,,137.0,129.6,,118.8,109.2,162.0,147.0
2021-11-22,,216.6,,137.0,129.6,,118.6,110.8,162.0,144.8
2021-11-23,,216.6,,137.0,129.6,,119.2,110.8,162.0,141.8
2021-11-24,,216.0,,137.0,128.4,,118.0,110.4,162.0,144.4
2021-11-25,,216.0,,137.0,126.6,,117.0,110.4,162.0,142.2
2021-11-26,138.0,215.0,,137.0,127.6,116.0,117.6,110.0,162.0,143.6
2021-11-29,138.0,214.8,,134.67,126.6,120.0,117.4,110.0,161.0,141.8
2021-11-30,138.0,212.8,,134.67,126.6,120.0,117.4,110.0,161.0,142.4
2021-12-01,138.0,212.8,106.0,134.67,126.6,120.0,117.0,110.0,161.0,139.6
2021-12-02,138.0,212.8,106.0,133.33,126.2,120.0,116.6,110.0,161.0,139.6
2021-12-03,135.67,220.0,106.5,135.0,126.4,117.0,117.0,110.4,152.25,141.6
2021-12-06,135.67,219.0,106.5,134.67,127.2,117.0,117.2,110.8,153.0,142.0
2021-12-07,136.0,219.0,106.5,134.67,127.2,117.0,117.0,110.8,153.0,142.0
2021-12-08,135.5,219.0,106.5,134.67,127.2,118.0,117.8,110.8,153.0,142.0
2021-12-09,130.0,215.6,106.0,136.0,128.6,120.0,117.6,110.0,153.0,140.8
2021-12-10,130.0,215.6,106.0,134.67,128.2,120.0,117.6,110.0,150.75,140.8
2021-12-13,122.0,216.4,105.33,134.67,127.6,120.0,117.6,110.0,153.0,140.4
2021-12-14,122.0,216.4,105.33,134.67,127.6,120.0,117.6,110.0,153.75,140.4
2021-12-15,123.0,213.0,105.33,135.33,128.2,120.0,118.0,110.5,161.0,141.8
2021-12-16,123.0,212.8,105.33,135.33,128.2,120.0,118.0,110.5,161.0,141.8
2021-12-17,123.0,212.8,105.33,135.5,128.2,117.5,118.4,110.5,156.67,141.8
2021-12-20,123.0,214.0,105.0,137.33,128.2,120.0,117.0,110.4,161.0,140.8
2021-12-21,122.67,214.0,105.0,137.67,128.2,116.0,117.0,110.4,161.0,140.8
2021-12-22,116.0,214.0,104.0,135.0,127.8,112.0,118.6,110.4,160.67,140.8
2021-12-23,116.0,214.0,104.0,135.0,127.8,112.0,119.6,110.4,160.67,140.4
2021-12-24,116.0,215.0,104.0,135.0,127.8,112.0,120.0,110.4,160.67,140.4
2021-12-27,118.0,210.6,104.0,137.5,130.0,114.0,123.0,112.0,162.0,141.8
2021-12-28,120.0,210.6,104.0,137.5,131.2,114.0,123.0,112.0,162.0,141.8
2021-12-29,120.0,214.4,104.0,151.0,134.0,114.0,130.4,130.67,164.67,143.4
2021-12-30,,213.4,,151.0,133.8,,131.4,131.0,166.0,143.4
2021-12-31,124.0,213.4,104.0,151.0,136.4,114.0,132.6,130.67,166.0,145.8
2022-01-03,,217.0,,142.33,138.6,,132.8,135.0,164.67,146.0
2022-01-05,,222.0,,162.0,145.4,,141.6,147.33,165.0,151.0
2022-01-06,124.0,222.0,,162.0,148.0,,141.6,147.33,165.0,151.0
2022-01-07,124.0,218.0,,163.5,151.0,,145.6,147.33,165.0,153.2
2022-01-10,130.0,218.0,120.0,164.0,150.4,120.0,150.8,145.0,165.0,152.0
2022-01-11,130.0,218.0,120.0,164.0,150.4,120.0,150.8,147.33,165.0,152.0
2022-01-12,128.0,228.33,122.0,167.5,155.0,122.0,152.5,153.33,165.5,158.0
2022-01-13,127.0,227.5,122.0,165.0,153.8,122.0,153.0,156.67,165.0,156.4
2022-01-18,126.0,230.0,120.0,171.0,156.4,120.0,153.2,160.0,176.0,157.0
2022-01-19,126.0,230.0,122.0,171.0,156.4,122.0,153.2,160.0,176.0,158.0
2022-01-20,126.0,224.0,122.0,171.5,155.8,122.0,152.0,160.0,176.0,157.0
2022-01-21,126.0,224.0,122.0,171.5,155.8,122.0,152.0,160.0,176.0,157.0
2022-01-24,124.0,220.0,118.0,158.5,150.4,120.0,146.6,158.25,176.0,154.6
2022-01-25,124.0,220.0,120.0,162.0,150.4,118.0,147.2,158.25,176.0,152.8
2022-01-26,124.0,220.0,120.0,158.5,149.4,114.5,147.0,158.25,160.0,151.6
2022-01-27,124.0,217.0,120.0,160.67,149.8,114.5,146.6,158.6,160.0,151.6
2022-01-28,124.0,217.0,120.0,158.5,149.8,114.5,146.6,157.6,160.0,150.8
2022-01-31,122.0,217.0,118.0,160.0,144.8,117.0,145.0,154.0,164.0,148.4
2022-02-01,122.0,217.0,118.0,160.0,144.8,117.0,145.0,152.5,164.0,148.4
2022-02-02,122.0,217.0,118.0,160.0,144.8,117.0,145.0,152.5,164.0,148.4
2022-02-03,122.0,206.0,115.0,153.33,139.4,116.0,141.0,138.0,162.0,142.33
2022-02-08,122.0,199.2,112.0,152.67,140.8,114.0,139.4,140.0,160.0,146.6
2022-02-09,122.0,199.0,112.0,152.67,141.4,114.0,141.6,147.5,157.0,143.4
2022-02-10,122.0,199.2,112.0,152.67,142.4,114.0,141.6,147.5,157.0,144.8
2022-02-11,122.0,199.0,112.0,154.0,142.4,114.0,142.4,147.0,157.0,146.8
2022-02-14,122.0,199.0,112.0,155.0,144.8,113.0,145.8,152.5,162.5,152.4
2022-02-15,122.0,199.0,112.0,154.5,144.8,113.0,144.8,151.25,160.0,152.4
2022-02-17,122.0,199.5,112.0,155.0,146.0,113.0,143.6,150.5,161.67,150.6
2022-02-18,122.0,199.0,112.0,154.0,146.2,113.0,143.8,150.5,161.67,150.6
2022-02-21,122.0,202.5,113.0,154.0,145.8,113.0,143.2,150.5,158.5,150.4
2022-02-22,122.0,203.0,113.0,154.5,146.4,113.0,143.8,151.0,158.0,151.0
2022-02-23,121.0,203.0,111.0,154.5,147.0,112.0,144.8,151.0,158.0,151.4
2022-02-24,121.0,202.5,111.0,154.5,147.0,112.0,145.4,150.5,158.0,151.4
2022-02-25,120.0,203.0,111.0,154.5,145.4,111.0,144.6,150.5,158.0,150.4
2022-02-28,120.0,208.0,106.0,154.33,146.0,110.0,144.8,151.0,158.0,151.8
2022-03-02,120.0,212.0,108.0,154.33,145.8,110.0,145.0,151.0,158.0,152.2
2022-03-03,120.0,210.0,108.0,154.33,146.8,110.0,144.8,152.25,158.0,152.6
2022-03-04,120.0,210.0,108.0,154.33,146.8,110.0,144.8,152.25,158.0,152.6
2022-03-07,122.0,207.5,106.5,154.5,149.25,114.0,145.2,153.75,158.0,153.2
2022-03-08,122.0,208.0,107.67,154.5,149.4,114.0,144.4,153.75,158.0,153.2
2022-03-09,122.0,208.0,107.67,154.67,149.4,114.0,147.0,154.0,158.0,153.8
2022-03-10,129.0,205.4,118.0,158.33,149.6,119.0,146.4,157.8,167.5,155.0
2022-03-11,130.0,204.4,120.0,157.33,150.0,120.0,147.2,157.8,168.33,155.0
2022-03-14,130.0,217.5,120.0,166.0,155.4,120.0,149.2,165.0,170.0,160.0
2022-03-15,145.0,216.0,132.5,166.0,155.6,137.5,150.75,165.0,170.0,161.0
2022-03-16,145.0,216.0,132.5,166.0,155.6,137.5,150.75,165.0,170.0,161.0
2022-03-18,150.0,215.0,140.0,172.33,162.0,145.0,159.0,171.0,174.0,169.4
2022-03-21,155.0,218.6,145.0,182.0,170.6,150.0,168.0,171.0,188.0,176.4
2022-03-22,157.5,218.6,147.5,182.0,169.0,152.5,168.0,171.0,188.0,176.4
2022-03-23,155.0,220.4,145.0,181.33,173.0,150.0,168.0,175.0,189.0,179.2
2022-03-24,155.0,220.8,145.0,181.33,173.0,150.0,168.0,175.0,189.0,179.6
2022-03-25,,221.8,150.0,198.33,175.6,155.0,159.8,180.0,202.5,180.8
2022-03-28,152.5,231.0,140.0,198.33,183.0,145.0,176.4,181.25,202.5,189.5
2022-03-29,150.0,231.0,140.0,198.33,182.4,145.0,178.4,182.5,202.5,190.4
2022-03-30,180.0,236.0,165.0,201.33,182.4,170.0,182.4,187.0,206.67,191.4
2022-03-31,180.0,236.0,165.0,199.5,182.4,170.0,183.4,187.0,206.67,191.4
2022-04-01,180.0,237.0,162.5,199.5,189.2,170.0,189.8,190.0,203.33,193.2
2022-04-04,185.0,247.5,162.5,208.33,191.6,170.0,193.0,192.0,213.33,196.8
2022-04-05,185.0,246.0,162.5,208.33,192.4,170.0,192.0,193.0,213.33,197.8
2022-04-06,185.0,246.0,162.5,208.33,192.4,170.0,192.0,192.5,213.33,196.8
2022-04-07,182.33,242.0,166.0,208.33,194.8,172.33,193.4,195.5,213.33,200.2
2022-04-08,183.5,240.0,169.0,206.33,194.0,174.5,195.0,194.8,212.67,196.6
2022-04-12,180.0,241.6,160.0,204.67,196.4,170.0,192.2,196.0,210.0,198.8
2022-04-18,180.0,242.2,160.0,205.0,196.6,172.5,195.2,198.4,210.0,199.2
2022-04-19,180.0,238.0,160.0,203.0,196.4,170.0,191.8,197.25,213.0,198.8
2022-04-20,180.0,238.0,160.0,203.0,196.4,170.0,191.8,197.25,213.0,198.8
2022-04-21,190.0,240.0,165.0,202.67,196.6,175.0,195.0,197.0,212.67,198.6
2022-04-22,190.0,240.0,165.0,202.67,196.6,175.0,195.0,197.0,212.67,198.6
2022-04-25,190.0,243.0,165.0,204.67,198.4,175.0,194.0,197.0,218.0,204.0
2022-04-26,,244.0,,204.67,198.4,,194.0,197.0,220.67,204.0
2022-04-27,182.0,244.0,164.0,210.0,203.6,172.0,195.2,195.5,222.0,207.2
2022-04-29,184.5,244.0,164.5,210.0,204.6,174.5,195.8,195.5,222.0,207.4
2022-05-04,190.0,244.0,170.0,216.0,207.2,185.0,197.6,197.0,224.0,209.2
2022-05-05,190.0,244.0,170.0,215.67,207.2,185.0,197.6,197.0,224.0,209.6
2022-05-09,194.0,245.0,174.0,214.67,207.4,186.0,196.4,199.25,226.0,209.6
2022-05-12,194.0,246.0,174.0,215.0,207.8,186.0,196.6,199.25,226.0,210.4
2022-05-13,196.0,246.0,180.0,215.0,207.0,186.0,196.6,199.25,226.0,210.4
2022-05-17,202.0,246.0,182.0,214.33,207.6,200.0,198.0,206.0,235.33,211.2
2022-05-18,202.0,246.0,182.0,214.33,207.6,200.0,198.0,206.0,224.0,211.2
2022-05-19,198.0,246.0,180.0,214.33,207.6,185.0,198.8,204.5,223.67,211.2
2022-05-20,202.0,246.0,180.0,214.33,207.6,200.0,198.2,204.33,223.67,211.8
2022-05-23,200.0,246.8,180.0,214.67,208.8,196.0,195.6,206.0,223.33,213.4
2022-05-24,200.0,246.8,177.5,214.33,208.8,196.0,195.6,205.33,223.33,213.4
2022-05-25,200.0,244.8,177.5,214.67,208.8,196.0,195.6,200.6,222.75,213.4
2022-05-26,200.0,245.8,180.0,214.67,207.6,196.0,195.6,200.6,222.75,213.2
2022-05-27,200.0,245.8,180.0,214.67,208.4,196.0,196.4,200.6,223.0,213.2
2022-05-30,205.0,246.0,182.0,218.33,210.8,202.0,197.6,204.67,223.33,214.6
2022-05-31,205.0,247.0,182.0,218.33,211.2,202.0,198.8,204.67,223.33,215.2
2022-06-01,205.0,246.0,190.0,220.0,214.0,202.0,196.4,203.33,225.0,217.2
2022-06-02,216.0,249.2,190.0,218.67,212.0,214.0,201.4,205.0,225.67,217.0
2022-06-03,216.0,248.5,190.0,218.67,212.4,214.0,201.8,205.0,225.67,217.6
2022-06-06,216.0,255.0,194.0,225.0,223.4,216.0,214.4,217.5,243.33,228.0
2022-06-07,216.0,256.25,194.0,227.5,225.2,216.0,214.4,217.5,243.33,228.0
2022-06-08,220.0,256.25,200.0,233.33,232.0,220.0,224.0,223.75,243.33,234.0
2022-06-09,222.0,258.33,200.0,245.0,242.0,221.0,226.0,226.67,250.0,249.0
2022-06-10,222.0,250.0,40.0,248.25,241.0,221.0,226.0,226.67,258.0,263.0
2022-06-13,236.0,261.0,,260.0,247.0,,245.0,246.0,265.8,272.5
2022-06-15,236.0,260.8,,259.67,248.75,,242.5,242.5,265.2,272.5
2022-06-16,236.0,260.8,,259.67,249.0,,242.5,242.5,266.6,272.5
2022-06-17,230.0,260.0,,259.5,252.75,,240.0,240.0,264.4,273.6
2022-06-20,240.0,267.0,230.0,234.67,259.5,240.0,247.5,258.67,241.33,261.0
2022-06-21,240.0,267.0,230.0,234.67,259.6,240.0,248.0,258.67,241.33,261.6
2022-06-22,230.0,266.25,230.0,220.0,254.8,220.0,240.0,256.67,230.0,255.2
2022-06-23,230.0,266.0,220.0,220.0,254.8,230.0,240.0,256.67,230.0,256.2
2022-06-24,230.0,256.67,220.0,220.0,253.5,230.0,238.75,256.67,230.0,255.25
2022-06-27,220.0,256.67,200.0,220.0,253.8,220.0,240.0,256.67,230.0,255.2
2022-06-28,200.0,252.8,200.0,250.0,240.0,220.0,220.0,220.0,253.0,255.0
2022-06-29,200.0,251.8,,250.0,242.0,,220.0,220.0,253.0,255.0
2022-06-30,200.0,252.8,,250.0,242.0,,220.0,220.0,253.0,255.0
2022-07-01,200.0,250.0,,250.0,240.0,,220.0,220.0,253.0,255.0
2022-07-04,200.0,250.0,,250.0,240.0,,220.0,220.0,253.0,255.0
2022-07-05,220.0,260.0,205.0,244.0,238.0,220.0,233.0,251.25,248.0,238.0
2022-07-06,220.0,260.0,205.0,244.0,238.0,220.0,233.0,248.33,248.0,238.0
2022-07-07,210.0,260.0,195.0,248.0,237.0,210.0,232.0,251.67,250.0,237.0
2022-07-11,210.0,258.67,197.5,240.0,233.6,210.0,229.6,248.33,250.0,237.8
2022-07-12,210.0,258.67,195.0,240.0,233.6,210.0,229.6,248.33,250.0,237.8
2022-07-14,200.0,258.67,190.0,240.0,233.6,200.0,228.0,248.33,250.0,237.8
2022-07-15,204.0,258.67,190.0,240.0,235.2,204.0,229.75,250.33,250.0,237.8
2022-07-18,202.0,258.67,190.0,240.0,235.2,202.0,229.75,251.0,250.0,237.8
2022-07-19,204.0,258.67,190.0,235.0,230.4,204.0,227.4,245.0,247.5,236.6
2022-07-20,204.0,258.67,190.0,237.5,229.4,204.0,227.4,245.0,247.5,236.6
2022-07-21,200.0,258.67,190.0,237.5,229.4,200.0,227.4,245.0,247.5,236.6
2022-07-22,200.0,258.67,190.0,244.0,225.8,200.0,223.4,247.5,255.0,233.4
2022-07-25,200.0,258.67,190.0,244.0,223.8,200.0,223.4,247.5,255.0,233.4
2022-07-26,202.0,258.67,184.0,243.0,224.4,202.0,221.0,245.0,253.0,229.4
2022-07-27,200.0,258.67,184.0,243.0,223.4,200.0,221.0,245.0,253.0,228.0
2022-07-28,200.0,258.67,180.0,243.0,223.4,200.0,221.0,245.0,253.0,229.4
2022-07-29,200.0,255.33,180.0,244.0,223.0,200.0,221.4,241.25,254.0,229.4
2022-08-01,198.0,255.33,180.0,244.0,223.0,198.0,221.0,241.25,254.0,229.4
2022-08-02,198.0,255.0,180.0,222.0,222.0,198.0,220.4,236.25,232.0,226.6
2022-08-03,198.0,255.0,180.0,222.0,222.0,198.0,220.4,236.25,232.0,226.6
2022-08-04,195.0,255.0,180.0,222.0,219.2,195.0,220.4,236.25,232.0,226.6
2022-08-05,195.0,256.8,185.0,222.0,220.2,195.0,215.6,233.5,232.0,227.2
2022-08-08,195.0,255.67,180.0,226.0,219.2,195.0,215.8,235.0,236.0,225.0
2022-08-09,195.0,255.75,180.0,226.0,219.2,195.0,216.0,236.0,236.0,225.0
2022-08-10,194.0,255.33,184.5,226.0,218.8,194.0,215.0,231.33,236.0,225.0
2022-08-12,194.0,255.33,184.5,226.0,218.8,194.0,215.0,231.33,236.0,225.0
2022-08-15,192.5,247.25,180.0,220.0,214.2,192.5,208.8,225.0,230.0,217.8
2022-08-16,192.5,247.25,180.0,220.0,212.6,192.5,208.0,225.0,230.0,218.0
2022-08-17,192.5,247.25,180.0,220.0,212.6,192.5,208.0,225.0,230.0,218.0
2022-08-18,192.0,246.25,179.0,220.0,209.8,192.0,204.8,220.25,230.0,212.0
2022-08-19,190.0,246.25,180.0,220.0,204.0,190.0,204.0,225.0,230.0,207.4
2022-08-22,185.0,247.5,180.0,220.0,204.0,185.0,202.0,223.33,227.5,206.0
2022-08-23,185.0,247.5,180.0,220.0,204.0,185.0,202.0,223.33,226.67,206.0
2022-08-24,185.0,252.5,170.0,217.5,207.0,185.0,205.0,220.0,227.5,210.0
2022-08-25,185.0,252.5,170.0,217.5,204.0,185.0,204.0,218.75,228.33,209.0
2022-08-26,185.0,251.67,170.0,217.5,204.0,185.0,204.0,218.75,227.5,210.0
2022-08-29,190.0,246.25,170.0,215.0,205.0,190.0,205.2,216.0,225.0,207.8
2022-08-30,190.0,246.25,170.0,215.0,205.0,190.0,205.2,216.0,225.0,207.8
2022-08-31,190.0,246.25,170.0,215.0,205.0,190.0,205.2,216.25,225.0,207.8
2022-09-01,195.0,246.25,180.0,218.33,204.6,195.0,200.4,212.5,226.67,207.4
2022-09-02,195.0,246.25,180.0,218.33,204.6,195.0,200.4,212.5,228.33,207.4
2022-09-05,194.0,243.33,180.0,218.0,204.6,194.0,200.6,210.0,226.5,208.6
2022-09-06,194.0,243.33,180.0,218.0,204.8,194.0,200.6,211.0,226.5,209.0
2022-09-07,190.0,242.5,180.0,216.5,204.8,190.0,200.6,211.0,226.5,209.0
2022-09-08,192.0,243.33,180.0,216.5,204.8,192.0,200.6,211.0,226.5,209.0
2022-09-09,194.0,245.0,180.0,219.33,202.8,194.0,200.8,211.0,227.67,208.4
2022-09-12,194.0,244.0,180.0,219.33,203.2,194.0,202.8,210.0,227.67,210.0
2022-09-13,194.0,243.75,180.0,219.33,203.2,194.0,202.4,210.0,227.67,210.0
2022-09-14,195.0,246.75,180.0,218.67,203.8,195.0,200.4,211.33,227.67,211.6
2022-09-15,195.0,246.75,180.0,218.67,203.6,195.0,200.4,211.33,227.67,211.6
2022-09-16,195.0,246.75,180.0,218.67,203.6,195.0,200.4,211.33,227.67,211.6
2022-09-19,193.5,246.67,180.0,218.0,204.8,192.0,200.0,210.75,227.0,208.6
2022-09-20,193.5,246.67,180.0,218.0,204.8,192.0,200.0,210.75,227.0,208.2
2022-09-21,193.5,246.67,180.0,218.0,206.4,192.0,201.4,210.5,227.0,208.2
2022-09-22,193.5,246.67,180.0,218.0,206.4,190.0,201.4,211.33,227.0,208.2
2022-09-23,193.5,246.67,180.0,218.0,206.4,180.0,201.4,211.33,227.0,208.2
2022-09-26,192.0,249.0,180.0,219.33,204.4,180.0,200.2,211.33,228.67,210.4
2022-09-27,192.0,246.67,175.0,218.67,204.4,187.5,199.2,211.33,228.67,210.4
2022-09-28,192.0,246.67,177.5,218.67,206.6,190.0,199.2,211.33,228.67,211.8
2022-09-29,192.0,246.67,177.5,218.67,206.6,190.0,199.2,211.33,228.67,212.4
2022-09-30,192.0,246.67,177.5,218.67,206.0,190.0,199.2,212.25,228.67,212.4
2022-10-03,187.5,244.6,175.0,218.0,204.4,187.5,199.0,212.0,227.67,208.6
2022-10-04,187.5,244.6,175.0,218.0,204.4,187.5,199.0,212.0,227.67,208.6
2022-10-05,198.0,244.6,170.0,218.0,205.0,187.5,199.6,212.0,227.67,210.4
2022-10-06,187.5,246.2,175.0,218.0,204.4,187.5,198.4,212.0,227.67,210.8
2022-10-07,187.5,245.75,175.0,218.0,204.4,187.5,198.0,212.0,227.67,210.8
2022-10-10,187.5,240.8,175.0,218.0,204.6,187.5,197.4,210.8,227.0,209.0
2022-10-11,187.5,240.8,175.0,218.0,204.6,187.5,197.4,210.8,227.0,209.0
2022-10-12,187.5,241.8,172.5,218.0,205.6,187.5,197.4,210.8,227.0,210.4
2022-10-13,187.5,241.8,170.0,218.0,205.6,185.0,197.4,210.8,227.0,210.4
2022-10-14,187.5,241.8,170.0,218.0,204.2,180.0,197.0,210.8,227.0,210.4
2022-10-17,187.5,241.8,170.0,218.0,204.8,180.0,197.4,210.8,227.0,210.8
2022-10-18,187.5,242.25,170.0,218.0,204.8,180.0,197.4,210.8,227.0,210.8
2022-10-19,187.5,241.8,170.0,216.0,204.8,180.0,197.4,210.8,225.67,210.5
2022-10-20,187.5,239.2,170.0,212.67,203.4,180.0,196.2,210.75,223.33,208.2
2022-10-21,187.5,239.2,170.0,214.67,203.4,180.0,196.2,209.33,221.0,208.2
2022-10-25,180.0,238.0,150.0,214.67,203.2,180.0,193.4,209.6,221.67,205.2
2022-10-26,180.0,238.0,150.0,214.67,203.2,180.0,193.4,209.6,221.67,205.2
2022-10-27,180.0,237.0,150.0,214.67,202.6,180.0,191.6,209.2,223.0,206.8
2022-10-28,180.0,237.0,150.0,214.67,202.6,180.0,191.6,209.2,223.0,206.8
2022-10-31,180.0,235.0,150.0,214.67,203.0,180.0,190.4,210.4,223.0,206.8
2022-11-01,180.0,235.0,150.0,214.67,203.0,170.0,190.4,210.5,223.5,207.2
2022-11-02,180.0,235.0,150.0,214.67,203.0,170.0,190.4,210.5,223.5,207.2
2022-11-03,180.0,235.0,150.0,214.67,203.0,170.0,190.4,210.5,223.5,207.2
2022-11-04,185.0,235.0,150.0,214.0,201.0,172.5,190.4,210.8,222.0,207.2
2022-11-08,185.0,233.75,160.0,214.67,200.0,180.0,190.4,209.6,222.0,204.8
2022-11-09,185.0,233.75,160.0,214.0,200.4,180.0,190.4,209.6,222.0,206.0
2022-11-10,185.0,233.75,160.0,214.0,200.8,180.0,190.4,209.6,222.0,206.0
2022-11-11,185.0,234.0,160.0,214.6,198.6,170.0,189.4,208.6,222.0,205.6
2022-11-14,185.0,234.0,160.0,214.25,198.6,170.0,190.4,208.6,222.0,205.6
2022-11-15,185.0,235.2,160.0,216.6,199.0,170.0,188.6,207.5,227.33,204.6
2022-11-16,190.0,235.2,160.0,216.8,199.0,170.0,188.6,207.5,227.0,205.0
2022-11-17,190.0,235.2,160.0,217.0,199.8,177.5,188.6,207.5,227.0,205.0
2022-11-18,190.0,235.2,160.0,216.67,199.0,177.5,188.6,207.0,226.67,203.8
2022-11-21,190.0,233.0,165.0,216.67,195.8,175.0,188.6,207.5,226.67,202.6
2022-11-22,190.0,232.0,165.0,216.67,195.8,175.0,188.6,207.5,226.67,202.6
2022-11-23,190.0,232.0,165.0,216.67,195.8,175.0,188.6,207.5,226.67,202.6
2022-11-24,184.0,232.0,165.0,216.67,192.2,174.0,187.2,205.75,226.67,201.2
2022-11-25,184.0,232.0,165.0,216.67,192.2,174.0,187.2,205.75,226.67,201.2
2022-11-28,184.0,232.0,163.5,216.67,192.2,174.0,182.6,206.0,226.67,202.2
2022-11-29,184.0,232.0,163.5,216.67,192.2,174.0,182.6,206.0,226.67,202.2
2022-11-30,184.0,232.0,163.5,216.67,192.2,174.0,182.6,205.4,226.67,202.2
2022-12-01,184.0,232.0,162.33,216.67,192.2,172.0,182.6,205.4,226.67,202.2
2022-12-02,184.0,231.0,162.0,216.67,192.2,172.0,182.4,205.4,226.67,202.2
2022-12-05,189.0,226.0,161.0,213.0,188.2,169.0,179.2,203.4,218.75,196.8
2022-12-06,189.0,226.0,161.0,213.0,188.2,169.0,179.2,203.4,218.75,196.8
2022-12-08,189.0,225.0,161.0,213.0,181.4,170.0,178.6,203.4,218.75,195.4
2022-12-09,189.0,225.0,161.0,213.0,182.4,170.0,178.6,203.4,218.75,195.4
2022-12-12,190.0,224.0,165.0,213.0,185.0,170.0,175.4,202.6,217.0,194.0
2022-12-13,190.0,224.0,165.0,210.5,184.8,170.0,175.4,202.0,218.0,194.4
2022-12-14,200.0,224.0,170.0,210.5,185.0,180.0,175.4,201.0,218.0,194.0
2022-12-15,200.0,223.8,170.0,210.67,188.2,180.0,178.4,200.0,214.5,195.2
2022-12-16,200.0,223.8,170.0,208.0,188.2,180.0,178.4,200.0,214.5,195.2
2022-12-19,200.0,227.5,170.0,210.0,192.4,180.0,183.4,201.0,217.5,200.6
2022-12-20,190.0,224.0,165.0,213.0,185.0,170.0,175.4,202.6,217.0,194.0
2022-12-21,200.0,227.5,170.0,210.0,193.4,180.0,184.6,201.25,217.5,201.2
2022-12-22,200.0,225.0,170.0,210.67,193.2,180.0,180.4,200.0,219.33,200.0
2022-12-23,200.0,225.0,170.0,210.67,193.2,180.0,184.4,200.0,219.33,200.0
2022-12-26,200.0,218.75,170.0,209.67,191.2,180.0,185.6,199.2,219.33,198.6
2022-12-27,200.0,218.75,170.0,209.67,192.2,180.0,185.6,199.2,220.0,198.8
2022-12-28,200.0,218.75,170.0,209.67,192.2,180.0,185.6,199.2,220.0,198.8
2022-12-29,200.0,218.0,170.0,209.67,190.4,180.0,180.8,199.2,220.33,200.4
2022-12-30,200.0,218.0,170.0,207.25,190.4,180.0,180.8,199.2,220.33,200.4
2023-01-02,200.0,220.0,170.0,207.25,190.4,180.0,181.8,199.2,217.75,200.4
2023-01-03,200.0,218.0,170.0,209.0,189.6,180.0,179.6,199.0,218.67,198.8
2023-01-04,200.0,218.0,173.0,209.0,189.6,180.0,179.6,199.0,218.67,199.2
2023-01-05,200.0,218.0,173.0,209.0,189.6,180.0,180.4,199.0,218.67,199.2
2023-01-09,200.0,218.4,172.0,216.75,188.8,180.0,178.8,199.0,225.5,195.6
2023-01-10,200.0,218.4,170.0,216.75,188.8,180.0,179.2,199.0,225.5,195.6
2023-01-11,200.0,218.4,170.0,215.67,189.2,180.0,180.0,199.2,225.5,196.4
2023-01-12,200.0,222.0,172.0,211.75,189.0,180.0,178.8,199.0,221.25,195.2
2023-01-16,200.0,220.4,172.0,211.75,188.8,180.0,181.0,199.0,221.25,195.6
2023-01-17,200.0,220.4,172.0,211.75,188.8,180.0,181.0,197.5,221.25,195.6
2023-01-18,200.0,219.6,172.0,211.75,185.8,180.0,176.2,195.5,221.25,194.0
2023-01-19,200.0,219.6,172.0,211.75,186.2,182.0,176.6,195.5,221.25,194.0
2023-01-20,200.0,219.6,171.0,211.75,186.2,182.0,176.6,195.5,221.25,194.0
2023-01-23,200.0,220.0,170.0,211.75,182.8,180.0,177.0,194.5,220.25,193.8
2023-01-24,200.0,220.0,170.0,211.75,182.8,180.0,177.0,194.5,220.25,193.8
2023-01-25,200.0,220.0,170.0,211.75,182.8,180.0,177.0,194.5,220.25,193.8
2023-01-26,200.0,219.0,170.0,210.5,179.8,180.0,177.2,194.5,220.25,192.2
2023-01-27,200.0,219.2,170.0,210.5,180.8,180.0,173.8,194.5,220.25,164.2
2023-01-30,200.0,216.8,170.0,209.5,177.8,180.0,174.0,190.0,216.67,187.0
2023-01-31,200.0,216.8,170.0,209.5,177.8,180.0,174.0,190.0,216.67,187.0
2023-02-01,190.0,216.2,167.5,206.4,175.8,176.0,174.0,188.75,216.25,187.0
2023-02-02,190.0,216.2,167.5,209.25,175.8,176.0,174.0,188.75,216.67,187.0
2023-02-03,190.0,217.0,167.5,209.25,174.6,176.0,171.2,184.0,217.33,187.8
2023-02-06,200.0,217.6,167.5,209.0,176.8,180.0,170.2,182.5,217.5,188.6
2023-02-07,200.0,217.6,,209.0,176.8,180.0,170.2,182.5,217.5,188.6
2023-02-08,200.0,217.6,,202.5,176.8,180.0,170.2,182.5,215.0,188.6
2023-02-09,200.0,217.6,,202.5,176.8,180.0,170.2,182.5,215.0,188.0
2023-02-10,175.0,217.6,,201.25,176.8,180.0,170.2,182.0,215.0,188.0
2023-02-13,200.0,216.0,,204.33,171.4,180.0,164.0,168.75,211.5,188.4
2023-02-14,200.0,216.0,,199.5,171.4,180.0,164.0,168.75,211.5,188.4
2023-02-15,200.0,216.0,,199.5,171.4,180.0,164.0,167.5,211.5,188.4
2023-02-16,195.0,216.0,,198.25,171.4,175.0,165.0,167.5,211.2,187.4
2023-02-17,195.0,226.0,165.0,201.0,172.4,175.0,164.6,175.0,218.5,189.8
2023-02-20,195.0,229.0,165.0,201.0,171.0,180.0,167.0,170.25,218.5,189.2
2023-02-21,195.0,231.0,,201.0,172.4,180.0,167.0,170.25,220.5,189.2
2023-02-22,195.0,237.5,,206.0,171.8,180.0,167.8,167.8,219.0,189.8
2023-02-23,190.0,237.5,,206.0,172.2,170.0,168.8,174.0,218.0,189.8
2023-02-24,190.0,237.5,,206.0,172.2,170.0,168.8,173.2,218.0,189.8
2023-02-27,190.0,246.0,,207.6,173.8,175.0,168.8,170.0,213.8,192.0
2023-02-28,190.0,246.0,,207.6,173.8,175.0,168.8,170.0,213.8,192.0
2023-03-01,190.0,246.0,,207.6,174.0,175.0,169.0,170.0,213.8,192.2
2023-03-02,190.0,244.8,,200.25,174.2,175.0,169.0,170.0,215.8,192.2
2023-03-03,190.0,244.8,,200.25,174.2,175.0,169.0,170.0,215.8,192.2
2023-03-07,164.0,246.5,,200.25,177.4,175.0,169.0,170.0,218.0,191.6
2023-03-08,164.0,246.5,,200.25,177.4,,169.0,170.0,218.0,191.6
2023-03-09,164.0,246.5,,200.25,177.4,,169.0,170.0,218.0,191.6
2023-03-10,200.0,246.75,164.0,200.25,175.4,180.0,173.0,167.5,219.4,195.6
2023-03-13,200.0,247.25,164.0,200.5,175.0,180.0,167.0,166.8,219.4,191.0
2023-03-14,200.0,247.25,164.0,200.5,175.0,180.0,167.0,166.8,218.8,191.0
2023-03-15,200.0,247.8,164.0,200.5,177.4,180.0,169.6,166.8,218.8,191.0
2023-03-16,200.0,247.8,164.0,200.5,177.4,180.0,169.6,166.8,218.8,191.0
2023-03-17,200.0,244.4,169.0,200.5,175.0,180.0,170.4,165.6,218.8,189.8
2023-03-20,200.0,244.4,169.0,200.5,175.0,180.0,170.4,165.6,218.8,189.8
2023-03-21,200.0,244.4,169.0,200.5,175.0,180.0,170.4,165.6,219.8,189.8
2023-03-22,200.0,244.2,164.0,203.4,175.0,180.0,168.8,163.0,219.8,188.6
2023-03-23,,244.2,,198.4,175.0,,168.8,163.0,219.8,188.6
2023-03-24,,244.2,,198.4,175.0,,168.8,163.0,219.8,188.6
2023-03-27,,241.2,,198.4,175.0,,169.4,165.4,219.8,187.2
2023-03-28,,242.0,,198.4,175.0,,169.4,165.4,219.8,187.2
2023-03-29,,241.2,,198.4,175.0,,169.4,165.4,219.8,187.2
2023-03-30,,241.2,,198.4,175.0,,169.4,165.4,219.8,187.2
2023-03-31,,243.0,,198.4,170.4,,167.0,163.4,219.8,186.6
2023-04-03,,243.0,,198.4,170.4,,167.0,162.4,219.8,185.8
2023-04-04,,243.0,,202.6,170.8,,167.0,162.2,218.8,185.8
2023-04-06,,243.0,,202.6,170.8,,168.2,162.2,218.8,186.8
2023-04-10,,246.2,,202.6,170.8,,167.2,160.0,218.8,184.0
2023-04-11,,246.8,,202.6,170.8,,167.2,160.0,218.8,184.0
2023-04-17,,246.2,,199.5,172.8,,167.2,160.0,218.6,186.4
2023-04-18,,246.2,,199.5,172.8,,167.2,160.0,217.6,186.4
2023-04-19,,245.0,,199.5,172.0,,166.4,162.5,218.4,186.8
2023-04-20,,245.0,,199.5,172.0,,166.4,162.5,218.4,186.8
2023-04-21,,245.0,,199.5,172.0,,166.4,162.5,218.4,186.8
2023-04-24,,244.5,,199.5,171.8,,166.2,160.25,218.4,186.6
2023-04-25,,244.5,,199.5,171.8,,166.2,160.25,218.4,186.6
2023-04-26,,244.5,,199.5,171.8,,166.2,160.25,218.4,186.6
2023-04-27,,244.5,,199.5,171.8,,166.2,160.2,218.4,186.6
2023-04-28,,250.0,,200.4,172.6,,166.2,158.0,219.2,192.0
2023-05-02,,250.4,,197.0,174.0,,163.8,158.4,219.2,194.4
2023-05-03,,250.4,,197.0,174.0,,163.8,158.4,219.2,194.4
2023-05-04,,250.4,,197.0,174.0,,163.8,158.4,219.2,194.4
2023-05-08,,259.0,,197.0,173.2,,164.4,158.0,219.2,198.4
2023-05-09,,259.0,,197.0,173.2,,164.4,158.0,219.2,198.4
2023-05-10,,259.0,,197.0,173.6,,164.4,158.0,218.2,197.8
2023-05-11,,259.0,,197.0,174.4,,164.4,158.0,218.2,197.8
2023-05-12,,259.0,,197.0,174.2,,165.6,155.5,220.2,198.2
2023-05-15,,259.0,,197.0,174.2,,165.6,155.5,220.0,199.0
2023-05-16,,259.0,,214.75,174.6,,164.4,153.25,225.0,200.0
2023-05-17,,259.0,,214.75,174.6,,164.4,153.25,225.0,200.0
2023-05-18,,259.0,,214.75,174.6,,164.4,153.25,225.0,200.0
2023-05-19,,259.0,,214.75,174.6,,164.4,153.25,225.0,200.0
2023-05-22,,259.2,,214.75,174.8,,158.0,155.0,225.0,200.0
2023-05-23,,259.2,,214.75,174.8,,158.0,155.0,225.0,200.0
2023-05-24,,259.2,,214.75,175.2,,160.8,153.75,225.0,200.0
2023-05-25,,259.2,,214.75,175.8,,160.8,153.75,225.25,200.0
2023-05-26,,259.2,,214.75,175.8,,160.8,153.75,225.25,200.0
2023-05-29,,258.0,,214.75,173.2,,159.4,153.5,225.0,196.6
2023-05-30,,258.0,,214.75,173.2,,159.4,153.5,225.0,196.6
2023-05-31,,258.0,,214.75,173.2,,159.4,153.5,225.0,196.6
2023-06-01,,258.0,,214.75,173.2,,159.4,153.5,225.0,196.6
2023-06-02,,258.0,,214.75,171.0,,159.0,152.4,225.0,197.4
2023-06-05,,258.0,,214.75,171.0,,158.6,152.4,225.0,197.4
2023-06-06,,258.0,,214.0,171.0,,158.6,151.75,225.0,197.4
2023-06-07,,258.0,,214.0,171.0,,158.6,151.75,225.0,197.4
2023-06-08,,257.8,,214.0,170.0,,157.2,142.75,225.0,196.6
2023-06-09,,257.8,,214.0,170.0,,157.2,143.2,225.0,196.6
2023-06-12,,257.5,,214.0,171.0,,158.2,142.2,225.0,197.4
2023-06-13,,257.5,,214.0,171.0,,158.2,142.2,225.25,197.4
2023-06-14,,257.0,,214.0,167.4,,153.8,140.0,225.0,195.8
2023-06-15,,257.0,,214.0,167.4,,153.8,140.0,225.0,195.8
2023-06-16,,257.0,,214.0,167.4,,153.8,140.0,225.0,195.8
2023-06-19,,256.0,,214.0,169.6,,153.6,142.5,225.0,195.6
2023-06-20,,256.0,,214.0,169.6,,153.6,142.5,225.0,195.6
2023-06-21,,256.0,,214.0,169.6,,153.6,142.5,225.0,195.6
2023-06-22,,256.0,,214.0,169.6,,153.6,142.5,225.0,195.6
2023-06-23,,256.0,,214.0,169.6,,153.6,142.5,225.0,195.6
2023-06-26,,254.5,,214.0,165.8,,150.6,138.0,225.0,195.0
2023-06-27,,254.5,,214.0,165.8,,150.6,136.8,225.0,195.0
2023-06-28,,255.25,,214.0,162.4,,148.4,138.0,225.0,194.0
2023-06-30,,255.25,,214.0,162.4,,148.4,138.0,225.0,194.0
2023-07-04,,255.0,,214.0,164.8,,152.4,134.0,225.0,196.0
2023-07-05,,255.0,,214.0,164.8,,152.4,134.0,225.0,196.0
2023-07-06,,255.0,,214.0,164.8,,152.4,134.0,225.0,196.0
2023-07-07,,255.0,,214.0,164.8,,152.4,134.0,225.0,196.0
2023-07-10,,256.5,,214.0,168.0,,156.4,140.0,225.0,195.0
2023-07-11,,256.5,,214.0,168.0,,156.4,140.0,225.0,195.0
2023-07-12,,256.5,,214.0,168.0,,156.4,140.0,225.0,195.8
2023-07-13,,256.8,,214.0,166.8,,157.8,138.25,225.0,195.2
2023-07-14,,256.8,,214.0,166.8,,157.8,138.25,225.0,195.2
2023-07-17,,256.8,,214.0,165.8,,157.8,138.25,225.0,195.8
2023-07-18,,256.4,,214.0,164.6,,156.8,139.75,225.4,196.0
2023-07-19,,256.4,,214.0,164.6,,156.8,139.75,225.4,196.0
2023-07-20,,256.4,,214.0,164.6,,156.8,139.75,225.4,196.0
2023-07-21,,256.4,,214.0,164.6,,156.8,139.75,225.4,196.0
2023-07-24,,257.0,,214.0,164.2,,156.2,144.5,225.0,195.8
2023-07-25,,257.0,,214.0,164.2,,156.2,144.5,225.0,195.8
2023-07-26,,257.0,,214.0,164.2,,156.2,144.5,225.0,195.8
2023-07-27,,257.0,,214.0,164.2,,156.0,144.5,225.0,195.8
2023-07-28,,257.0,,214.0,164.2,,156.0,144.5,225.0,195.8
2023-07-31,,257.5,,214.0,164.8,,154.6,145.0,225.0,193.8
2023-08-02,,257.5,,214.0,164.8,,154.6,145.0,225.0,193.8
2023-08-03,,257.5,,214.0,164.8,,154.6,145.0,225.0,193.8
2023-08-04,,255.0,,214.0,165.8,,156.8,145.25,225.0,195.8
2023-08-07,,255.0,,214.0,165.8,,156.8,145.2,225.0,195.8
2023-08-08,,255.0,,214.0,166.6,,157.4,146.0,225.0,196.8
2023-08-09,,256.0,,214.0,166.6,,157.4,146.0,225.0,196.8
2023-08-10,,256.5,,214.0,166.6,,156.4,147.0,225.0,198.0
2023-08-11,,256.5,,214.0,166.6,,156.4,147.0,225.0,198.0
2023-08-14,,259.5,,214.0,167.0,,158.0,143.75,225.0,199.0
2023-08-15,,259.5,,214.0,167.0,,158.0,143.75,225.0,199.0
2023-08-16,,259.5,,214.0,167.0,,158.0,143.75,225.0,199.0
2023-08-17,,260.0,,214.0,168.0,,160.8,147.25,225.0,199.0
2023-08-18,,260.0,,214.0,168.0,,160.8,147.25,225.0,199.0
2023-08-21,,260.0,,214.0,168.0,,160.8,147.25,225.0,199.0
2023-08-22,,263.5,,212.0,173.2,,172.8,155.0,225.75,205.8
2023-08-23,,263.5,,212.0,173.2,,172.8,155.0,225.75,205.8
2023-08-24,,272.5,,212.0,178.4,,180.2,156.75,225.75,207.0
2023-08-25,,270.0,,212.0,178.4,,180.2,156.75,225.75,207.0
2023-08-28,,272.5,,212.0,184.2,,183.8,162.5,226.0,205.8
2023-08-29,,272.5,,212.0,184.2,,183.8,162.5,226.0,205.8
2023-08-31,,273.33,,212.0,187.6,,189.2,165.0,226.0,206.2
2023-09-01,,287.5,,210.0,190.0,,189.2,169.75,226.0,206.8
2023-09-04,,286.25,,209.0,191.4,,187.0,172.0,223.0,209.4
2023-09-05,,286.25,,209.0,191.4,,187.0,172.0,223.0,209.4
2023-09-06,,290.0,,209.0,190.25,,188.2,177.25,223.6,211.8
2023-09-07,,291.0,,209.0,190.25,,188.2,177.25,223.25,211.8
2023-09-08,,291.0,,209.0,190.25,,188.4,177.25,223.25,211.8
2023-09-11,,292.5,,209.5,191.8,,187.2,181.6,224.75,210.0
2023-09-12,,292.5,,209.5,191.8,,187.2,181.6,224.5,210.0
2023-09-13,,291.67,,208.5,191.8,,187.2,180.6,224.75,210.0
2023-09-14,,288.75,,209.5,191.6,,187.0,177.75,224.75,210.2
2023-09-15,,288.75,,208.5,191.6,,187.0,177.75,224.75,210.2
2023-09-18,,289.75,,212.0,193.0,,186.0,176.5,226.75,211.4
2023-09-19,,289.75,,212.0,193.0,,186.0,176.5,226.75,211.4
2023-09-20,,288.8,,212.0,193.0,,186.0,176.5,226.75,211.4
2023-09-21,,287.5,,212.0,191.8,,185.0,178.5,224.75,212.4
2023-09-22,,287.5,,212.0,191.8,,185.0,178.5,224.75,212.2
2023-09-25,,287.5,,209.6,190.0,,184.4,176.0,224.75,210.6
2023-09-26,,287.5,,209.6,190.0,,184.4,176.0,224.75,210.6
2023-10-02,,287.25,,211.0,191.4,,184.8,174.5,225.25,211.4
2023-10-03,,287.25,,212.0,191.4,,184.8,174.5,225.25,211.4
2023-10-04,,287.25,,209.5,191.4,,185.6,174.5,225.25,211.4
2023-10-05,,287.25,,209.5,191.4,,185.6,174.5,225.25,211.4
2023-10-06,,287.25,,209.5,191.4,,185.6,174.5,225.25,211.8
2023-10-09,,281.0,,209.5,191.8,,183.4,172.5,226.5,212.2
2023-10-10,,281.0,,209.5,191.8,,183.4,172.5,226.5,212.2
2023-10-11,,281.0,,209.5,191.8,,183.4,172.5,226.5,212.2
2023-10-12,,281.0,,209.5,191.8,,183.4,172.5,226.5,212.2
2023-10-13,,284.5,,209.5,191.8,,183.4,172.5,226.5,212.2
2023-10-16,,282.5,,211.25,193.4,,183.8,173.5,227.25,215.2
2023-10-17,,282.5,,211.25,193.4,,183.8,173.5,227.25,215.2
2023-10-18,,282.5,,211.25,193.4,,183.8,173.5,227.25,215.2
2023-10-19,,282.5,,211.25,193.4,,183.8,173.5,226.5,215.6
2023-10-20,,282.5,,211.25,193.4,,183.8,173.5,226.5,215.6
2023-10-23,,287.5,,210.5,193.8,,185.0,176.0,226.5,215.6
2023-10-24,,287.5,,210.5,193.8,,185.0,176.0,226.5,215.6
2023-10-25,,287.5,,210.5,194.2,,185.0,176.0,226.5,215.6
2023-10-26,,287.5,,210.5,194.2,,185.0,176.0,226.5,215.6
2023-10-27,,287.5,,210.5,194.2,,185.8,176.0,226.5,215.6
2023-10-30,,292.5,,212.0,198.6,,188.2,175.75,228.0,221.4
2023-10-31,,292.5,,212.0,198.6,,188.2,175.75,228.0,221.4
2023-11-01,,292.5,,212.0,199.4,,188.2,175.75,228.0,221.4
2023-11-02,,296.0,,212.0,199.4,,188.8,175.75,228.0,221.4
2023-11-03,,297.6,,210.0,200.4,,195.0,176.75,233.5,222.0
2023-11-06,,304.67,,211.0,202.8,,195.4,182.25,234.5,222.2
2023-11-07,,304.67,,211.0,202.8,,195.4,182.25,234.5,222.2
2023-11-08,,304.67,,211.0,202.8,,195.4,182.25,234.5,222.2
2023-11-09,,303.33,,212.0,202.4,,195.6,187.75,234.5,222.2
2023-11-10,,303.33,,212.0,202.4,,195.6,187.75,234.5,222.2
2023-11-13,,303.33,,212.4,202.8,,196.8,187.75,234.0,223.0
2023-11-14,,306.67,,212.4,203.4,,196.0,187.75,234.0,224.2
2023-11-15,,304.67,,212.4,205.2,,197.0,185.8,236.4,226.0
2023-11-16,,304.67,,212.6,205.2,,197.0,185.8,236.4,226.0
2023-11-17,,304.67,,212.6,205.2,,197.0,185.8,236.4,226.0
2023-11-20,,306.8,,212.0,207.8,,197.6,187.25,237.75,227.2
2023-11-21,,306.8,,212.0,207.8,,197.6,187.25,237.75,227.2
2023-11-22,,306.8,,212.0,207.8,,197.6,187.25,237.75,227.2
2023-11-23,,306.8,,212.0,207.8,,197.6,187.25,237.75,227.2
2023-11-24,,306.8,,212.0,207.8,,197.6,187.25,237.75,227.2
2023-11-27,,306.33,,211.5,206.6,,196.6,187.25,237.75,226.2
2023-11-28,,306.33,,212.5,206.6,,196.6,187.25,237.75,226.2
2023-12-01,,306.33,,212.5,205.8,,196.6,187.25,237.75,226.2
2023-12-04,,304.67,,212.5,205.6,,196.6,187.25,237.25,227.0
2023-12-05,,304.67,,212.5,205.6,,196.2,187.25,237.25,227.0
2023-12-06,,304.67,,212.5,205.6,,196.0,187.25,237.25,227.0
2023-12-07,,306.33,,212.5,206.0,,194.4,187.0,236.5,228.8
2023-12-08,,306.33,,212.5,206.0,,194.4,186.6,236.5,228.8
2023-12-11,,306.33,,212.5,205.4,,194.4,186.6,236.5,227.0
2023-12-12,,306.33,,212.5,205.4,,194.4,186.6,236.5,227.0
2023-12-13,,306.33,,212.5,203.4,,193.2,186.6,236.5,227.0
2023-12-14,,306.33,,212.5,203.4,,194.4,186.6,236.5,227.0
2023-12-15,,306.33,,212.5,203.4,,194.4,186.6,236.5,227.0
2023-12-18,,317.75,,212.8,204.2,,195.0,186.6,242.75,227.0
2023-12-19,,317.75,,212.8,204.2,,195.4,186.6,242.75,227.0
2023-12-20,,317.75,,212.0,204.0,,194.2,184.4,247.2,226.8
2023-12-21,,317.75,,212.0,204.0,,194.2,186.4,247.2,226.8
2023-12-22,,317.75,,212.0,204.0,,194.2,186.4,247.2,226.8
2023-12-27,,311.67,,211.6,203.6,,194.2,183.0,244.2,225.6
2023-12-28,,311.67,,211.6,203.6,,194.2,183.0,244.0,225.4
2023-12-29,,311.67,,211.6,203.6,,194.2,183.0,244.0,225.4
2024-01-01,,312.5,,212.4,203.4,,193.0,183.0,247.6,226.6
2024-01-02,,312.5,,212.4,203.4,,193.0,183.0,247.6,226.6
2024-01-03,,312.5,,212.4,203.8,,193.6,183.0,247.6,226.6
2024-01-04,,312.5,,212.0,203.8,,194.0,184.4,250.8,226.6
2024-01-05,,312.5,,212.0,203.8,,194.0,184.4,250.8,226.6
2024-01-08,,312.5,,212.0,203.8,,194.0,184.4,250.8,226.6
2024-01-09,,312.5,,212.0,203.8,,194.0,184.4,250.8,226.6
2024-01-10,,330.0,,212.0,205.0,,194.0,184.4,247.8,226.6
2024-01-11,,330.0,,212.0,205.0,,194.0,184.4,247.8,226.6
2024-01-12,,324.6,,212.4,205.0,,194.0,183.0,247.4,227.4
2024-01-16,,324.6,,214.0,202.0,,190.4,181.2,251.8,229.2
2024-01-17,,321.6,,213.8,202.0,,190.8,181.2,251.8,229.2
2024-01-18,,327.0,,213.8,202.0,,190.8,181.2,251.8,229.2
2024-01-19,,327.6,,213.8,200.8,,190.8,181.2,251.8,230.2
2024-01-22,,331.0,,212.2,200.6,,190.2,179.6,246.5,228.4
2024-01-23,,331.5,,212.2,200.6,,190.2,179.6,246.5,228.4
2024-01-24,,331.5,,212.2,200.6,,190.2,179.6,246.5,229.2
2024-01-26,,331.5,,212.2,200.6,,190.2,179.6,246.5,229.2
2024-01-29,,350.0,,212.4,199.6,,189.0,176.0,246.8,227.8
2024-01-30,,212.4,,199.6,176.8,,,189.0,246.8,227.8
2024-01-31,,212.4,,199.6,176.8,,,189.0,244.4,227.8
2024-02-01,,212.4,,199.6,176.8,,,189.0,244.4,227.8
2024-02-02,,212.4,,194.2,176.8,,,189.0,244.4,227.8
2024-02-05,,341.0,,210.4,191.0,,186.2,170.0,242.4,225.4
2024-02-06,,341.0,,210.4,191.0,,186.2,170.0,242.4,225.4
2024-02-07,,341.0,,208.8,189.4,,186.2,170.0,242.4,225.4
2024-02-08,,320.0,,208.8,189.4,,186.2,170.0,242.4,225.2
2024-02-09,,320.0,,205.2,183.4,,184.6,170.0,242.4,224.2
2024-02-12,,320.0,,204.6,187.6,,184.6,175.6,240.6,224.2
2024-02-13,,320.0,,204.6,187.6,,184.6,175.6,240.4,224.2
2024-02-14,,320.0,,204.6,187.6,,184.6,175.6,242.4,224.2
2024-02-15,,320.0,,204.6,187.6,,184.8,174.2,240.4,224.2
2024-02-16,,320.0,,204.6,187.6,,185.0,174.2,242.4,224.2
2024-02-19,,315.6,,202.8,186.6,,184.2,174.0,240.2,225.4
2024-02-20,,315.6,,202.8,186.6,,184.2,174.0,240.2,225.4
2024-02-21,,315.6,,202.8,186.6,,184.2,174.0,240.2,225.4
2024-02-22,,315.6,,202.8,186.6,,184.2,174.0,240.2,225.4
2024-02-26,,309.2,,202.8,185.8,,183.6,171.6,241.4,224.8
2024-02-27,,309.2,,202.8,185.8,,183.8,171.6,241.4,224.8
2024-02-28,,309.2,,202.8,185.8,,183.6,171.6,241.4,224.4
2024-02-29,,309.2,,202.8,185.8,,183.6,171.6,241.4,224.4
2024-03-01,,309.2,,202.8,185.8,,183.6,171.6,241.4,224.4
2024-05-06,,322.25,,209.0,205.0,,200.4,183.0,236.0,230.4
2024-05-07,,302.0,,209.8,203.4,,199.6,183.8,232.6,225.8
2024-05-08,,304.0,,207.4,203.8,,198.4,185.2,228.2,225.6
2024-07-23,,296.4,,205.0,198.8,,199.2,196.8,229.6,225.2
2024-07-24,,293.2,,207.2,198.4,,208.0,197.0,235.2,229.6
2024-07-25,,287.5,,209.2,203.6,,202.0,198.2,231.6,226.8
2024-07-26,,296.67,,210.8,206.8,,207.8,198.75,231.5,226.6
2024-07-29,,290.0,,207.5,203.4,,200.75,195.75,231.25,225.6
2024-07-30,,293.33,,209.8,201.8,,204.0,196.5,231.5,223.8
2024-07-31,,290.0,,209.0,202.0,,192.75,194.0,226.75,223.0
2024-08-01,,293.33,,206.0,204.4,,196.5,195.5,224.25,212.0
2024-08-02,,293.33,,209.25,202.8,,196.4,194.8,224.25,218.4
2024-08-05,,290.0,,207.0,201.0,,194.2,194.2,229.5,221.25
2024-08-06,,290.0,,207.75,201.4,,195.4,193.0,227.25,221.0
2024-08-07,,290.0,,207.75,202.2,,196.6,191.8,228.0,222.0
2024-08-08,,290.0,,207.4,201.2,,196.8,193.4,228.4,221.0
2024-08-09,,290.0,,208.0,200.4,,199.0,191.8,226.8,221.6
2024-08-12,,251.67,,206.0,199.0,,197.2,191.6,225.4,221.0
2024-08-13,,250.0,,207.0,198.2,,199.2,193.4,225.2,221.8
2024-08-14,,253.33,,209.8,200.8,,198.2,192.8,225.0,219.8
2024-08-15,,253.33,,207.8,199.8,,198.8,192.6,226.2,220.6
2024-08-16,,256.67,,208.2,199.4,,198.2,191.8,227.6,221.0
2024-08-20,,253.33,,212.2,199.2,,194.8,193.2,220.8,214.2
2024-08-21,,260.0,,210.8,200.8,,199.4,194.4,223.6,212.4
2024-08-22,,256.67,,212.2,203.0,,200.8,194.0,223.6,215.0
2024-08-23,,255.0,,210.8,201.0,,200.4,194.6,222.6,213.8
2024-08-26,,251.5,,212.8,204.6,,199.2,196.0,222.8,214.2
2024-08-27,,251.5,,213.0,205.2,,198.6,195.6,221.8,213.6
2024-08-28,,254.75,,213.2,205.8,,200.6,197.2,224.8,215.4
2024-08-29,,252.5,,213.4,205.8,,201.0,197.2,225.0,215.4
2024-08-30,,250.0,,214.6,204.8,,200.8,197.4,223.0,213.2
2024-09-02,,250.0,,218.4,208.2,,203.4,202.0,226.4,214.6
2024-09-03,,250.0,,219.2,208.4,,204.0,200.8,225.8,214.6
2024-09-04,,248.75,,218.4,208.8,,204.6,201.8,226.8,214.8
2024-09-05,,252.5,,219.6,210.4,,208.2,204.8,225.2,213.8
2024-09-06,,250.0,,218.6,210.6,,208.4,204.8,226.0,213.2
2024-09-09,,250.0,,217.2,210.6,,209.0,206.0,226.6,216.0
2024-09-10,,250.0,,218.0,211.0,,208.8,205.8,225.0,215.8
2024-09-11,,250.0,,217.2,211.0,,208.0,207.2,225.8,215.6
2024-09-12,,250.0,,219.6,215.2,,208.0,207.0,230.0,216.2
2024-09-13,,250.0,,226.0,216.0,,207.8,209.6,235.2,217.0
2024-09-18,,251.5,,224.4,215.4,,210.0,209.6,235.0,218.4
2024-09-19,,251.5,,224.6,214.8,,210.8,209.4,236.6,217.6
2024-09-20,,251.5,,225.4,214.8,,209.4,208.8,235.0,218.4
2024-09-24,,251.5,,225.4,215.4,,210.8,209.6,235.0,218.8
2024-09-25,,251.5,,224.4,215.2,,211.4,208.4,236.4,217.8
2024-09-26,,251.5,,226.4,215.0,,210.8,208.2,237.0,218.2
2024-09-27,,251.5,,226.6,215.6,,210.6,208.4,236.8,218.2
2024-09-30,,248.2,,228.8,215.0,,206.8,207.2,235.8,218.6
2024-10-01,,247.4,,222.2,215.0,,207.4,207.4,229.2,218.8
2024-10-02,,254.4,,220.8,214.4,,205.8,207.8,229.2,218.8
2024-10-03,,254.2,,220.2,214.6,,207.0,205.8,229.2,218.4
2024-10-04,,254.2,,221.6,214.4,,206.6,207.4,229.2,218.8
2024-10-07,,251.6,,218.2,212.6,,206.8,207.2,227.0,217.0
2024-10-08,,251.4,,218.4,213.2,,207.4,207.4,227.6,217.2
2024-10-09,,251.6,,218.0,213.0,,208.0,206.6,228.2,216.6
2024-10-10,,253.2,,217.4,213.0,,208.4,206.8,228.2,217.8
2024-10-11,,253.2,,218.4,212.6,,209.2,207.4,228.4,216.4
2024-10-14,,253.4,,218.6,213.0,,209.0,206.2,228.0,217.8
2024-10-15,,253.2,,218.6,213.0,,209.2,207.0,227.8,217.4
2024-10-16,,253.2,,220.4,213.0,,209.2,209.2,228.6,217.6
2024-10-18,,253.2,,222.2,213.4,,209.0,209.0,232.6,217.2
2024-10-21,,248.0,,227.8,222.0,,212.0,208.0,236.2,221.2
2024-10-22,,248.2,,227.8,221.8,,212.2,208.2,236.2,221.6
2024-10-23,,247.4,,228.2,221.2,,211.2,209.2,234.2,220.4
2024-10-24,,247.2,,227.6,220.2,,210.8,209.0,233.2,222.2
2024-10-25,,247.2,,220.0,217.4,,210.6,208.8,229.6,221.6
2024-10-28,,246.4,,223.8,219.0,,210.8,209.0,230.8,221.6
2024-10-29,,247.2,,222.4,218.4,,210.6,209.0,230.8,222.0
2024-11-01,,247.4,,220.6,217.8,,210.4,208.4,230.4,221.6
2024-11-04,,247.6,,224.4,220.2,,212.0,209.6,230.6,221.6
2024-11-05,,248.4,,225.6,220.2,,211.8,210.2,230.8,222.0
2024-11-06,,248.4,,225.6,220.4,,212.4,209.2,230.4,221.6
2024-11-07,,248.2,,225.6,220.2,,211.4,209.6,230.2,221.2
2024-11-08,,246.4,,225.0,220.4,,211.2,209.6,230.2,222.0
2024-11-11,,247.8,,226.2,221.8,,215.6,213.4,231.0,223.0
2024-11-12,,247.2,,226.8,221.6,,214.8,213.2,231.0,223.2
2024-11-13,,247.8,,225.0,221.8,,214.6,213.2,231.0,223.0
2024-11-14,,247.8,,225.6,221.6,,214.4,213.4,231.0,222.4
2024-11-18,,248.8,,231.2,225.0,,222.6,221.2,234.0,223.6
2024-11-19,,248.2,,232.0,224.8,,219.2,220.6,234.0,223.8
2024-11-20,,248.8,,231.2,225.0,,218.8,219.6,231.8,223.8
2024-11-21,,254.0,,235.8,226.0,,219.6,220.2,231.6,223.8
2024-11-22,,254.0,,236.0,226.2,,219.6,220.2,231.0,223.6
2024-11-25,,247.8,,234.8,231.6,,220.6,219.8,238.0,231.4
2024-11-26,,248.0,,235.0,230.6,,221.0,219.8,238.8,231.8
2024-11-27,,248.0,,235.0,231.4,,221.4,220.2,238.2,231.6
2024-11-28,,251.0,,238.8,232.6,,221.6,226.5,239.2,231.8
2024-11-29,,251.0,,237.8,232.8,,221.6,226.25,238.6,231.8
2024-12-03,,257.5,,242.5,238.5,,232.0,240.0,242.0,236.5
2024-12-09,,253.0,,241.67,224.67,,,222.5,238.75,235.0
2024-12-10,,253.0,,243.25,224.67,,,222.5,239.25,235.0
2024-12-11,,255.5,,229.4,225.0,,,216.25,238.2,235.0
2024-12-12,,255.5,,229.5,225.0,,,216.25,238.0,235.0
2024-12-13,,254.25,,229.5,225.0,,,215.0,238.0,235.0
2024-12-16,,255.0,,227.75,225.0,,,217.0,237.4,235.0
2024-12-17,,255.0,,227.5,225.0,,,216.4,237.4,235.0
2024-12-18,,255.0,,227.25,225.0,,,215.6,237.25,235.0
2024-12-19,,256.75,,228.0,225.0,,,217.5,237.5,235.0
2024-12-20,,257.25,,228.0,225.0,,,216.75,237.5,235.0
2024-12-23,212.0,255.75,,230.5,225.75,,219.33,220.5,239.75,235.75
2024-12-24,211.67,256.25,,231.5,225.67,,219.33,221.5,239.5,236.0
2024-12-26,216.0,256.0,,232.0,225.67,,220.0,222.0,239.25,236.25
2024-12-27,215.67,256.0,,232.25,226.0,,220.0,221.25,239.25,236.25
2024-12-30,217.33,256.0,,237.0,229.33,,220.0,230.5,239.25,235.75
2024-12-31,216.67,255.75,,237.0,229.67,,220.0,231.0,239.25,236.25
2025-01-01,217.0,256.25,,238.0,229.33,,220.0,231.0,239.0,236.67
2025-01-02,217.67,256.0,,237.67,228.67,,220.0,233.67,239.5,236.33
2025-01-03,217.33,255.75,,237.0,228.67,,220.0,233.67,239.25,236.33
2025-01-06,216.0,255.5,,235.67,229.67,,218.0,232.0,239.0,235.33
2025-01-07,216.0,255.5,,235.33,229.33,,218.0,232.0,239.33,235.33
2025-01-08,216.33,255.5,,236.0,229.33,,218.33,231.67,238.67,235.33
2025-01-09,217.67,255.25,,236.67,229.67,,219.67,233.67,240.33,236.0
2025-01-10,217.0,255.5,,236.33,230.0,,219.67,233.67,240.33,236.0
2025-01-15,217.33,256.0,,238.0,232.67,,219.33,232.67,245.33,236.33
2025-01-16,217.0,256.0,,238.0,232.67,,219.33,233.33,244.67,236.33
2025-01-17,217.33,256.25,,238.33,232.67,,219.33,232.33,244.0,236.67
2025-01-20,216.67,257.5,,232.0,227.33,,218.67,230.67,242.67,236.67
2025-01-21,216.67,257.5,,232.0,227.0,,218.67,230.67,243.33,236.33
2025-01-22,217.33,257.5,,233.33,227.5,,219.33,231.33,242.5,239.0
2025-01-23,216.67,258.5,,233.33,229.0,,218.67,231.33,243.5,239.5
2025-01-24,217.0,257.67,,232.67,229.0,,218.67,230.67,243.0,239.5
2025-01-27,217.33,256.5,,234.67,228.0,,219.33,229.5,243.5,239.0
2025-01-28,217.33,256.75,,234.67,228.0,,219.33,229.5,244.0,239.0
2025-01-29,217.33,259.0,,234.67,226.67,,219.33,227.0,244.0,239.0
2025-01-30,217.33,,,,,,,,,
2025-02-03,218.67,257.67,,234.33,226.33,216.67,218.25,243.33,243.0,238.67
2025-02-05,218.67,258.67,,233.33,225.33,216.67,218.0,243.33,241.0,237.33
2025-02-06,218.67,259.33,,232.67,225.33,216.67,218.33,246.67,242.33,236.67
2025-02-07,218.67,259.33,,233.33,225.0,216.67,218.67,243.33,241.67,236.67
2025-02-10,218.67,260.0,,230.67,225.25,,218.67,226.67,240.67,237.33
2025-02-11,,260.0,,231.33,225.0,,218.33,223.33,241.67,236.67
2025-02-13,,260.0,,230.67,225.5,,218.0,223.33,240.67,236.67
2025-02-14,,260.0,,230.67,225.0,,218.75,226.67,240.67,237.0
2025-02-17,,259.5,,228.0,221.6,,215.5,220.67,240.0,236.67
2025-02-18,,259.0,,228.75,222.0,,216.0,220.67,241.33,236.67
2025-02-19,,259.5,,228.25,221.75,,216.0,220.67,241.33,236.33
2025-02-20,,259.5,,228.25,221.25,,215.25,220.0,240.67,236.0
2025-02-21,,259.0,,228.0,221.0,,215.0,220.0,241.33,236.0
2025-02-24,,275.0,,228.0,220.5,,214.75,220.0,240.67,235.33
2025-02-25,,274.33,,228.0,221.75,,214.5,220.0,241.33,235.33
2025-02-27,,274.0,,228.0,221.0,,215.0,220.0,241.33,235.67
2025-02-28,,273.67,,228.25,221.25,,215.0,220.0,240.67,235.67
2025-03-03,,270.67,,228.75,221.0,,214.75,220.0,239.67,232.33
2025-03-04,,270.67,,228.5,221.0,,214.75,220.0,239.33,232.25
2025-03-05,,270.5,,228.5,221.75,,214.5,220.0,239.5,232.0
2025-03-06,,270.5,,228.25,221.0,,214.75,220.0,239.5,231.75
2025-03-10,,273.33,,226.5,221.0,,213.8,218.0,239.5,234.33
2025-03-11,,273.33,,227.0,220.8,,214.2,218.0,240.5,234.67
2025-03-12,,274.0,,227.0,220.8,,213.6,218.0,240.75,234.5
2025-03-14,,273.33,,227.25,221.2,,214.6,218.0,238.25,234.5
2025-03-17,,273.75,,227.6,220.0,,213.6,218.0,243.75,235.5
2025-03-18,,273.75,,228.6,219.2,,213.8,218.0,243.75,235.5
2025-03-19,,273.0,,228.6,220.4,,214.2,218.0,245.0,235.2
2025-03-20,,273.0,,229.2,220.8,,214.4,218.0,245.0,235.8
2025-03-21,,270.5,,228.2,221.6,,213.8,218.0,242.6,236.0
2025-03-24,,270.5,,227.8,219.2,,214.2,218.0,239.6,235.6
2025-03-25,,270.5,,227.8,218.8,,213.2,218.0,240.2,235.6
2025-03-26,,270.0,,228.75,219.2,,212.8,218.0,240.6,235.6
2025-03-27,,271.0,,228.6,218.4,,214.6,218.0,240.6,235.6
2025-03-28,,271.25,,229.2,218.4,,213.6,218.0,240.6,235.5
2025-04-01,,271.5,,229.0,218.8,,212.4,218.0,239.8,236.0
2025-04-02,,271.25,,229.0,218.2,,212.4,218.0,240.0,235.5
2025-04-03,,271.25,,228.6,218.8,,212.6,218.0,240.6,235.5
2025-04-04,,272.5,,228.6,218.4,,212.0,218.0,239.6,235.4
2025-04-07,,270.0,,227.2,214.2,,212.4,215.25,238.0,234.25
2025-04-08,,270.0,,227.8,213.2,,212.6,215.25,238.6,234.5
2025-04-09,,270.0,,228.0,214.0,,213.0,215.75,239.0,234.5
2025-04-10,,270.0,,228.4,213.4,,213.2,215.75,239.2,234.5
2025-04-11,,270.0,,229.0,212.6,,213.4,215.5,238.6,234.5
2025-04-16,,270.0,,229.0,213.0,,210.67,214.0,239.33,235.0
2025-04-17,,270.0,,229.33,212.67,,212.0,214.0,239.33,234.67
2025-04-21,,265.0,,229.5,216.75,,211.6,214.25,237.75,234.5
2025-04-22,,265.0,,229.4,216.2,,211.6,214.5,238.4,234.6
2025-04-23,,265.0,,229.2,216.4,,211.6,214.25,238.6,234.5
2025-04-24,,262.5,,229.2,216.2,,211.6,214.5,238.4,234.5
2025-04-25,,262.5,,229.2,216.2,,212.4,214.5,238.6,234.5
2025-04-28,,264.0,,229.2,218.4,,212.8,212.2,238.2,234.5
2025-04-29,,264.0,,228.6,218.2,,213.2,212.2,237.8,234.5
2025-05-02,,263.75,,229.4,218.6,,213.0,211.2,238.8,234.5
2025-05-06,,268.75,,229.2,218.8,,211.6,212.8,238.8,234.8
2025-05-07,,268.75,,229.2,218.8,,211.4,212.6,239.4,235.2
2025-05-08,,270.0,,229.2,218.2,,211.8,213.2,239.8,235.2
2025-05-09,,270.0,,229.2,217.8,,211.6,213.2,239.8,235.6
2025-05-14,,262.5,,228.2,220.0,,213.4,211.8,241.4,235.8
2025-05-15,,262.5,,227.0,220.0,,212.8,212.25,241.0,236.2
2025-05-16,,262.5,,228.2,219.6,,212.0,212.25,242.0,236.2
2025-05-19,,269.75,,228.6,221.8,,212.6,212.0,241.0,236.4
2025-05-20,,268.4,,229.2,222.0,,211.8,211.5,241.2,236.4
2025-05-21,,267.6,,229.0,221.8,,213.8,211.25,241.4,236.4
2025-05-22,,268.8,,229.0,221.0,,212.6,212.0,241.2,236.6
2025-05-23,,268.2,,229.4,221.6,,212.4,212.0,241.8,236.4
2025-05-26,,269.25,,228.8,223.4,,213.0,211.4,241.8,237.8
2025-05-27,,269.0,,228.8,222.8,,213.0,210.8,241.8,238.0
2025-05-28,,270.2,,228.6,223.0,,212.6,211.4,241.8,238.4
2025-05-29,,270.2,,229.2,223.0,,212.6,211.2,241.8,238.4
2025-05-30,,270.8,,228.8,223.4,,212.5,211.25,241.8,237.8
2025-06-02,,270.8,,229.0,223.0,,211.6,211.2,241.0,237.8
2025-06-03,,270.5,,229.2,223.0,,212.4,211.4,242.0,238.0
2025-06-04,,272.25,,229.2,223.0,,212.2,211.4,241.75,238.25
2025-06-05,,271.25,,229.0,223.2,,213.2,211.2,242.75,237.6
2025-06-06,,271.6,,229.2,223.0,,211.6,212.0,243.2,238.0
2025-06-09,,268.4,,226.75,221.6,,211.0,211.0,243.4,236.4
2025-06-11,,269.0,,227.4,221.6,,211.2,211.0,242.6,236.0
2025-06-12,,269.4,,226.8,221.4,,210.4,211.25,242.4,236.4
2025-06-13,,268.0,,227.2,220.8,,211.0,211.4,241.8,236.2
2025-06-16,,267.2,,226.8,220.8,,208.0,208.4,241.8,237.8
2025-06-17,,266.0,,227.2,221.2,,209.2,208.4,241.8,237.6
2025-06-18,,268.8,,226.2,219.0,,209.4,208.4,240.6,235.0
2025-06-19,,268.2,,226.4,220.0,,210.4,208.4,240.2,235.0
2025-06-20,,269.2,,227.2,219.0,,209.4,208.6,239.6,234.8
2025-06-23,,270.0,,224.4,217.8,,209.4,206.8,240.8,234.2
2025-06-24,,270.0,,224.8,217.6,,208.8,206.8,240.8,233.4
2025-06-25,,270.6,,225.6,217.4,,209.0,207.0,242.2,234.4
2025-06-26,,270.2,,225.2,217.0,,209.6,207.8,242.6,234.4
2025-06-27,,270.0,,226.2,217.0,,208.8,207.8,241.6,234.6
2025-06-30,,267.6,,223.6,214.4,,204.6,201.4,240.6,234.8
2025-07-01,,268.0,,223.0,214.6,,203.4,201.4,241.8,234.6
2025-07-07,,267.2,,222.8,209.8,,201.6,200.8,243.0,233.6
2025-07-08,,268.4,,223.0,210.2,,200.0,200.8,244.0,233.6
2025-07-09,,268.8,,223.0,209.2,,200.4,200.8,242.6,233.6
2025-07-11,,267.2,,222.8,209.0,,200.2,201.0,242.2,232.2
2025-07-14,,268.4,,222.8,207.4,,199.6,195.8,243.2,232.2
2025-07-15,,269.2,,222.8,207.0,,198.4,197.4,242.6,232.6
2025-07-16,,270.4,,222.8,207.6,,198.0,196.8,243.0,232.6
2025-07-17,,268.8,,222.8,207.2,,200.0,197.0,243.6,232.8
2025-07-18,,268.8,,223.4,206.6,,197.4,195.8,242.8,232.2
2025-07-21,,263.8,,222.4,202.2,,194.4,194.4,242.6,230.8
2025-07-22,,261.6,,222.8,202.4,,196.6,195.2,243.6,231.0
2025-07-23,,262.0,,223.2,202.2,,196.0,193.8,243.2,230.6
2025-07-24,,263.6,,222.8,201.0,,194.0,193.0,244.0,230.8
2025-07-25,,261.6,,223.8,202.2,,195.6,193.8,243.6,230.2
2025-07-28,,266.8,,221.8,195.6,,189.4,190.8,241.4,233.8
2025-07-29,,265.0,,223.4,195.8,,190.2,191.8,242.0,232.2
2025-07-30,,264.8,,222.4,194.4,,191.8,191.8,240.8,233.0
2025-07-31,,265.0,,223.8,194.0,,191.8,192.2,241.0,231.6
2025-08-01,,265.0,,222.6,193.0,,191.0,192.4,242.2,231.2
2025-08-04,,262.4,,221.8,190.6,,189.2,193.0,240.2,233.0
2025-08-05,,261.6,,223.0,191.4,,188.2,193.2,241.2,232.6
2025-08-06,,263.6,,223.6,193.4,,187.6,192.6,240.2,231.8
2025-08-07,,265.4,,222.4,191.8,,189.0,191.4,242.0,231.6
2025-08-11,,259.4,,221.8,188.4,,187.6,189.2,239.0,227.2
2025-08-12,,259.2,,223.4,188.4,,187.6,189.2,239.2,227.2
2025-08-13,,259.4,,223.2,187.4,,186.6,189.2,240.6,226.6
2025-08-14,,259.2,,223.4,185.8,,185.4,189.0,241.2,227.6
2025-08-15,,259.4,,223.4,188.2,,185.8,188.0,241.8,226.6
2025-08-18,,260.0,,222.8,186.8,,184.8,188.0,241.4,229.8
2025-08-19,,260.2,,222.8,187.4,,185.0,188.4,242.0,229.6
2025-08-20,,260.4,,222.4,185.6,,182.2,185.4,239.8,225.4
2025-08-21,,260.2,,222.8,184.8,,182.2,186.4,240.0,225.4
2025-08-22,,260.8,,222.4,185.2,,184.6,187.6,241.4,225.2
2025-08-25,,269.0,,218.0,188.4,,186.2,189.0,240.0,225.6
2025-08-26,,269.2,,219.6,189.4,,189.6,188.2,240.8,226.6
2025-08-27,,268.6,,219.2,190.4,,192.0,190.6,241.8,226.0
2025-08-28,,268.6,,220.4,190.6,,191.8,190.2,241.2,227.6
2025-08-29,,268.8,,221.2,189.8,,189.2,191.4,243.6,226.6
2025-09-01,,277.6,,222.4,187.0,,184.8,187.4,240.6,227.4
2025-09-02,,277.8,,223.0,187.6,,185.4,186.6,240.8,226.8
2025-09-03,,278.0,,222.4,188.0,,185.6,188.2,241.4,229.4
2025-09-04,,278.4,,222.6,187.0,,186.0,189.0,243.4,228.6
2025-09-08,,287.6,,222.4,191.0,,187.0,185.8,240.8,229.6
2025-09-09,,287.6,,222.4,192.0,,186.8,185.8,242.8,230.0
2025-09-10,,286.6,,222.8,194.0,,185.4,186.4,243.6,229.6
2025-09-11,,286.6,,222.6,194.6,,185.8,186.6,243.4,229.0
2025-09-12,,287.4,,222.8,196.2,,187.2,188.6,243.8,229.2
2025-09-15,,299.0,,222.4,195.8,,186.8,187.8,245.6,234.2
2025-09-16,,298.0,,222.4,195.8,,187.2,189.0,245.6,234.8
2025-09-17,,298.0,,222.4,197.6,,187.4,188.4,245.4,235.2
2025-09-18,,299.5,,222.8,197.8,,189.4,188.6,246.2,235.4
2025-09-19,,299.5,,223.0,199.4,,190.2,189.8,246.0,236.0
2025-09-22,,303.0,,224.8,202.4,,195.4,192.0,247.4,236.6
2025-09-23,,303.0,,223.8,201.2,,194.6,191.0,247.0,236.0
2025-09-24,,303.6,,224.8,202.8,,195.0,192.2,247.8,236.4
2025-09-25,,301.6,,224.8,202.2,,197.6,193.8,248.4,236.4
2025-09-26,,303.0,,224.8,202.2,,196.2,193.6,248.8,236.0
2025-09-29,,304.0,,225.4,202.6,,199.2,193.0,248.0,239.6
2025-09-30,,304.0,,225.6,204.0,,200.4,192.6,247.0,237.2
2025-10-01,,306.0,,224.8,205.6,,202.0,193.2,249.6,238.8
2025-10-02,,304.0,,225.4,205.2,,202.0,193.8,249.0,238.0
2025-10-03,,304.0,,225.8,207.2,,200.8,194.0,248.8,240.0
2025-10-08,,305.2,,225.6,210.0,,200.2,198.4,250.2,241.6
2025-10-09,,304.4,,226.0,210.6,,200.8,199.0,250.0,242.2
2025-10-10,,304.8,,226.0,211.6,,202.2,199.0,250.6,243.0
2025-10-13,,305.0,,226.2,215.0,,204.8,201.8,252.2,242.4
2025-10-14,,306.8,,226.0,214.2,,203.4,202.0,252.4,242.0
2025-10-15,,305.6,,226.0,211.8,,201.0,202.0,251.2,238.8
2025-10-16,,304.4,,226.2,212.6,,199.6,202.0,252.0,239.0
2025-10-17,,305.6,,225.8,213.0,,201.0,202.0,253.0,238.4
2025-10-21,,305.2,,225.8,210.0,,200.4,202.4,253.8,241.0
2025-10-22,,304.0,,225.8,210.0,,200.4,201.6,252.4,240.8
2025-10-23,,305.6,,226.0,210.0,,200.0,201.4,253.0,242.0
2025-10-24,,306.0,,226.0,211.8,,201.4,201.2,253.6,241.8
2025-10-27,,310.0,,225.8,209.8,,199.8,200.2,253.2,241.0
2025-10-28,,310.0,,226.6,210.4,,202.6,201.0,254.4,240.6
2025-10-29,,310.0,,226.4,212.2,,202.2,201.4,255.2,240.8
2025-10-30,,310.0,,225.8,210.8,,201.0,202.0,255.2,241.0
2025-10-31,,310.0,,226.2,212.0,,203.0,201.6,255.2,241.0
2025-11-03,,303.8,,226.4,207.4,,199.2,203.0,254.8,239.4
2025-11-04,236.0,303.8,,226.2,207.2,,200.6,202.6,255.8,239.4
2025-11-06,236.0,304.0,,226.2,205.6,,200.8,202.2,255.6,240.4
2025-11-07,236.0,306.6,,226.0,207.6,,203.0,201.6,255.6,240.8
2025-11-10,236.0,305.2,,226.2,210.4,,199.6,204.4,253.2,238.6
2025-11-11,236.0,304.8,,226.0,205.8,,200.0,204.0,252.4,238.6
2025-11-12,236.0,306.6,,226.2,208.4,,200.6,203.6,255.4,239.6
2025-11-13,236.0,305.6,,226.2,209.0,,200.8,203.2,255.2,238.6
2025-11-14,236.0,305.2,,226.2,207.4,,200.4,203.2,255.6,239.2
2025-11-17,230.0,304.8,,226.2,213.4,,200.4,205.6,253.6,239.2
2025-11-18,230.0,305.0,,226.4,212.2,,199.8,205.6,253.8,239.2
2025-11-19,230.0,306.0,,226.2,211.6,,200.2,203.6,255.8,239.4
2025-11-20,230.0,306.4,,226.2,210.8,,200.0,204.8,256.0,239.6
2025-11-21,230.0,,,,,,,,,
2025-11-24,230.0,313.0,,226.2,206.2,,199.8,203.0,256.8,243.4
2025-11-25,230.0,314.0,,226.2,205.0,,200.6,203.0,257.2,244.0
2025-11-26,230.0,314.4,,226.2,206.6,,200.2,203.4,258.4,244.6
2025-11-27,230.0,315.0,,226.4,207.4,,201.8,201.2,259.0,244.0
2025-12-01,230.0,313.2,,226.2,210.8,,201.2,202.4,261.6,245.8
2025-12-02,230.0,313.2,,225.8,211.8,,200.0,202.4,261.2,247.0
2025-12-03,230.0,313.6,,226.0,212.2,,201.4,203.2,261.6,247.0
2025-12-05,230.0,313.6,,226.2,213.2,,200.4,202.6,262.4,246.8
2025-12-08,232.0,313.8,,226.0,208.6,,207.6,204.2,261.4,252.4
2025-12-09,232.0,315.8,,226.0,208.4,,207.8,203.4,261.6,251.6
2025-12-10,231.0,317.6,,226.4,213.8,,209.0,203.2,263.0,252.6
2025-12-11,232.0,318.2,,226.4,215.4,,209.0,204.0,262.8,253.2
2025-12-12,232.0,,,,,,,,,
2025-12-15,231.0,321.8,,225.8,222.0,,207.4,207.4,262.8,253.0
2025-12-16,231.0,322.0,,226.4,223.0,,207.4,207.4,263.2,252.4
2025-12-17,232.0,323.2,,227.2,223.4,,207.4,206.8,263.4,254.0
2025-12-18,232.0,323.4,,227.6,223.2,,208.6,207.6,263.2,254.6
2025-12-19,232.0,324.4,,227.6,223.4,,208.0,206.8,263.2,253.0
2025-12-22,231.2,332.0,,227.8,222.0,,210.0,210.8,263.6,253.4
2025-12-23,231.2,331.6,,227.8,221.8,,209.6,209.4,263.6,255.4
2025-12-24,231.0,332.8,,227.2,222.2,,211.2,210.4,263.2,254.6
2025-12-26,232.0,333.2,,227.4,223.4,,211.4,211.2,263.6,256.0
2025-12-29,230.0,334.8,,227.6,220.4,,209.4,209.8,264.2,253.8
2025-12-30,230.0,334.8,,227.0,220.6,,209.2,209.6,263.8,255.0
2025-12-31,231.0,334.6,,227.6,221.6,,210.2,208.6,263.6,254.6
2026-01-01,230.0,333.6,,227.6,221.8,,209.8,209.6,263.2,254.4
2026-01-02,231.0,335.8,,227.6,221.4,,208.6,208.2,264.0,255.2
2026-01-05,232.0,333.8,,227.6,220.8,,209.6,208.2,263.6,255.6
2026-01-06,232.0,333.6,,227.6,221.4,,208.4,208.8,264.0,255.0
2026-01-07,230.0,333.6,,227.6,219.6,,211.0,210.6,263.6,255.2
2026-01-08,230.0,334.8,,227.4,220.8,,211.0,210.4,263.6,256.0
2026-01-09,230.0,335.0,,227.6,222.2,,211.6,211.0,264.0,255.6
2026-01-12,230.0,336.4,,227.6,222.6,,211.2,210.4,264.2,257.0
2026-01-13,230.0,330.0,,227.6,219.2,,204.8,206.4,264.0,254.0
2026-01-16,231.0,329.2,,227.2,219.8,,207.2,207.8,264.0,256.4
2026-01-19,234.0,337.6,,226.2,215.0,,200.0,204.2,272.4,255.4
2026-01-20,234.0,337.4,,226.8,217.4,,199.0,203.8,270.2,253.8
2026-01-21,234.0,337.0,,227.6,206.6,,198.4,204.8,272.4,254.4
2026-01-22,234.0,337.4,,227.4,207.4,,200.2,205.0,273.2,251.2
2026-01-23,234.0,338.6,,227.6,205.6,,197.4,204.6,276.0,250.4
2026-01-26,234.0,338.6,,227.6,209.0,,198.0,199.0,278.0,244.2
2026-01-27,234.0,338.6,,227.6,209.4,,199.0,199.6,275.8,245.0
2026-01-28,234.0,341.2,,225.8,207.4,,197.8,194.8,274.4,248.6
2026-01-29,234.0,341.2,,226.4,207.2,,198.0,198.0,274.8,248.2
2026-01-30,234.0,340.6,,227.6,205.4,,198.6,196.8,275.8,246.4
2026-02-02,234.0,341.2,,227.4,207.4,,193.6,193.4,275.2,240.8
2026-02-03,234.0,341.8,,227.4,203.6,,193.8,194.4,275.6,243.2
2026-02-05,234.0,341.8,,227.6,208.0,,200.0,197.2,276.8,246.4
2026-02-06,234.0,341.2,,227.4,206.6,,198.2,200.0,275.8,242.8
2026-02-09,234.0,332.8,,227.4,206.6,,194.2,195.0,273.6,241.0
2026-02-10,234.0,333.6,,227.6,203.8,,194.4,194.8,277.0,244.6
2026-02-11,250.0,334.8,,227.6,205.0,,196.4,195.4,278.0,242.8
2026-02-12,254.0,333.4,,227.6,202.2,,190.2,192.2,275.6,241.6
2026-02-13,255.0,333.4,,227.6,201.6,,191.8,192.6,276.6,242.4
2026-02-16,,332.6,,227.6,202.4,,190.4,180.6,282.8,243.0
2026-02-17,,334.0,,227.6,201.8,,190.0,182.6,283.2,242.2
2026-02-18,,335.0,,227.6,202.0,,192.4,183.6,282.6,245.8
2026-02-19,,331.4,,227.6,197.4,,189.4,189.0,282.6,237.4
2026-02-20,,327.0,,227.6,193.8,,189.4,187.0,282.6,236.8
2026-02-23,,332.2,,227.6,194.6,,191.4,189.4,282.6,239.0
2026-02-24,,326.4,,227.6,195.0,,189.4,190.2,282.6,236.8
2026-02-25,,326.6,,227.6,194.6,,186.8,191.4,282.8,241.8
2026-02-26,,327.0,,227.6,195.0,,189.2,186.8,282.6,241.4
2026-02-27,,323.4,,227.6,194.2,,192.8,190.0,282.8,240.0
2026-03-03,,323.0,,227.6,195.4,,194.8,183.2,282.6,234.6
2026-03-04,,322.0,,227.6,195.0,,194.2,185.0,282.8,235.0
2026-03-05,,323.6,,227.4,194.4,,194.6,184.0,282.8,235.6
2026-03-06,,323.4,,227.6,195.0,,191.8,185.4,282.8,238.4
2026-03-10,,330.0,,227.4,197.4,,190.0,185.8,282.6,239.4
2026-03-11,,329.6,,227.6,195.0,,190.0,188.0,282.8,240.0
2026-03-12,,331.6,,227.6,197.6,,190.0,184.2,282.8,239.6
2026-03-13,,332.6,,227.6,195.2,,192.4,185.2,283.8,240.0
2026-03-16,,335.0,,227.4,201.0,,193.6,183.4,283.4,239.4
2026-03-17,,338.0,,227.6,203.0,,193.0,183.4,282.8,240.8
2026-03-18,,335.6,,227.6,202.0,,189.8,184.6,282.8,240.0
2026-03-19,,336.6,,227.4,205.0,,194.6,184.4,283.6,241.4
2026-03-20,,336.2,,227.6,205.6,,194.2,185.0,283.6,241.2
2026-03-23,,347.0,,227.67,202.8,,193.4,183.8,281.67,240.6
2026-03-24,,349.0,,227.67,203.6,,195.0,182.6,283.0,240.0
2026-03-25,,351.0,,227.33,205.0,,196.0,184.8,282.67,240.8
2026-03-26,,351.4,,227.33,205.8,,197.2,184.8,283.0,241.6
2026-03-27,,349.8,,227.67,206.2,,196.0,183.8,283.0,243.6
2026-03-30,,344.0,,227.33,207.4,,196.2,195.4,283.33,243.4
2026-04-02,,345.0,,227.67,207.0,,197.0,194.8,283.0,244.6
2026-04-07,,347.4,,227.6,207.8,,198.6,190.6,282.8,244.6
2026-04-08,,343.6,,227.5,206.2,,197.4,191.0,283.5,245.0
2026-04-09,,345.0,,227.5,207.4,,195.8,191.4,283.5,246.0
2026-04-10,,344.4,,227.5,207.2,,196.2,190.2,283.5,246.6
2026-04-20,,350.8,,227.67,208.2,,195.8,190.4,283.75,245.4
2026-04-21,,351.2,,227.67,209.0,,197.6,190.8,283.5,245.8
2026-04-22,,351.4,,227.33,207.6,,196.6,192.4,283.5,246.0
2026-04-23,,351.6,,227.67,209.6,,197.2,192.4,283.33,247.8
2026-04-24,,353.8,,227.67,207.8,,198.2,192.0,282.33,248.0
2026-04-27,,346.6,,227.67,208.2,,195.0,190.4,283.33,242.6
2026-04-28,,344.6,,227.67,208.2,,195.8,190.2,283.0,245.2
2026-04-29,,344.0,,227.67,207.0,,197.0,192.4,283.0,245.8
2026-04-30,,348.8,,227.67,207.2,,195.0,192.0,283.0,246.2
2026-05-04,,345.0,,227.67,201.0,,191.6,189.4,283.0,241.2
2026-05-05,,343.6,,227.67,201.8,,191.8,191.4,283.0,241.8
2026-05-06,,345.0,,227.67,202.4,,193.0,191.6,283.0,243.0
2026-05-07,,343.2,,227.67,204.8,,194.8,191.0,282.67,242.4
2026-05-08,,345.0,,227.67,204.6,,195.2,193.2,283.0,243.0
2026-05-11,,345.8,,227.67,201.8,,193.4,187.4,283.0,238.2
2026-05-12,,346.0,,227.67,202.0,,191.6,189.4,283.0,238.4
2026-05-13,,346.6,,227.67,205.0,,193.6,189.6,283.0,239.2
2026-05-14,,346.4,,227.33,204.6,,193.6,191.0,283.0,240.4
2026-05-15,,346.0,,227.67,202.6,,194.8,193.4,283.33,241.2
2026-05-18,,348.8,,227.67,201.8,,190.8,189.6,283.0,241.8
2026-05-19,,349.6,,227.67,202.0,,193.6,190.4,283.0,241.8
2026-05-20,,349.8,,227.67,203.0,,194.8,190.4,283.0,241.0
2026-05-21,,345.6,,227.67,202.0,,192.0,190.4,283.0,241.0
2026-05-25,,345.0,,227.67,198.0,,189.8,183.4,283.0,237.4
2026-05-26,,345.0,,227.67,199.8,,190.0,184.0,283.33,238.2
2026-05-27,,346.0,,227.67,200.6,,190.8,184.2,283.0,238.6
2026-05-29,,346.6,,227.67,202.0,,192.8,187.0,283.0,238.2
2026-06-01,,349.6,,227.67,197.2,,189.0,182.2,283.33,236.6
2026-06-02,,350.0,,227.67,200.4,,190.6,185.4,283.0,237.4
2026-06-03,,345.0,,227.67,201.4,,189.0,184.2,283.33,237.8
2026-06-04,,343.0,,227.67,201.6,,190.0,182.2,283.0,240.2
2026-06-05,,346.0,,227.67,202.8,,190.0,187.2,283.33,239.4
2026-06-08,,346.0,,227.67,200.0,,186.4,183.2,283.0,238.2
2026-06-09,,346.6,,227.67,200.4,,189.0,185.0,283.0,239.4
2026-06-10,,342.0,,227.67,201.8,,190.0,183.4,283.0,238.6
2026-06-11,,345.0,,227.67,200.0,,186.2,184.2,283.0,240.0
2026-06-12,,346.0,,227.67,201.0,,189.4,183.2,282.33,241.0
2026-06-15,,345.4,,227.67,196.4,,183.8,182.4,283.0,237.2
2026-06-16,,345.6,,227.67,196.2,,186.0,184.4,283.0,236.8
2026-06-17,,346.0,,227.67,197.2,,188.2,184.8,283.0,236.2
2026-06-18,,345.6,,227.67,199.4,,188.8,185.2,283.33,236.2
2026-06-19,,348.75,,227.67,200.0,,186.0,184.4,283.33,236.8
2026-06-22,,342.0,,227.67,192.8,,186.2,178.2,283.33,237.6
2026-06-23,,345.0,,227.67,195.4,,186.0,180.0,283.0,237.6
2026-06-24,,346.0,,227.67,197.2,,187.2,182.0,283.33,239.8
2026-06-25,,342.8,,227.67,194.6,,183.8,177.6,284.67,238.2
2026-06-26,,346.0,,227.67,195.6,,186.4,180.0,283.0,236.4
2026-06-30,,346.0,,227.67,192.4,,181.8,177.0,283.33,233.0
2026-07-06,,342.0,,227.67,191.0,,181.4,176.2,283.0,232.6
2026-07-07,,342.2,,227.67,191.2,,182.0,174.8,283.0,234.4
2026-07-08,,341.6,,227.67,191.2,,182.4,177.0,283.0,231.6
2026-07-09,,342.6,,227.67,191.2,,182.8,177.2,283.0,231.8
2026-07-10,,342.4,,227.67,192.0,,183.2,177.0,283.0,230.0
2026-07-13,,344.8,,227.67,190.8,,182.4,173.8,283.0,226.4
2026-07-14,,343.6,,227.33,191.6,,181.0,173.6,283.0,225.8
2026-07-15,,343.6,,227.33,191.6,,178.6,175.0,283.0,227.4
2026-07-16,,345.0,,227.33,190.8,,181.2,174.8,283.0,227.6
2026-07-17,,343.6,,227.33,192.2,,181.0,175.8,283.0,227.6
2026-07-20,,343.8,,227.33,189.6,,180.4,174.0,283.0,229.6
2026-07-21,,343.6,,227.33,189.4,,180.2,173.8,283.0,229.4
2026-07-22,,343.6,,227.33,190.8,,180.0,173.0,283.0,230.0
2026-07-23,,343.8,,227.33,190.6,,180.0,174.0,283.0,230.2
2026-07-24,,343.6,,227.33,190.8,,182.2,173.4,283.0,230.0
2026-07-27,,341.6,,227.33,188.4,,181.8,174.4,282.33,230.4
2026-07-28,,342.0,,227.33,188.6,,182.6,174.4,283.67,231.0
2026-07-30,,342.0,,227.33,189.2,,180.6,175.2,283.67,231.0
2026-07-31,,342.0,,227.33,188.6,,181.0,175.0,283.0,231.2
2026-08-03,,301.2,,227.33,188.6,,180.6,175.6,282.33,228.2
2026-08-04,,300.8,,227.33,187.8,,181.0,176.8,283.67,230.0
2026-08-05,,300.8,,227.33,187.6,,180.0,175.0,283.33,230.6
2026-08-06,,301.2,,227.33,188.6,,180.0,174.6,284.33,231.2
2026-08-07,,290.2,,227.33,188.6,,180.6,174.6,283.33,227.6
