Report_Date,Imported Rice,Keeri Samba,Nadu,Nadu 1,Nadu 2,Ponne Samba,Raw White,Raw red,Samba 1,Samba 2
2015-06-22,,,,68.4,66.4,,59.0,67.4,90.6,82.8
2015-06-23,,,,68.8,66.0,,59.4,63.2,90.4,82.0
2015-06-24,,,,68.6,65.0,,59.4,66.4,89.4,82.4
2015-06-25,,,,68.2,65.4,,59.4,67.2,90.6,82.4
2015-06-26,,,,68.2,65.2,,59.2,67.2,89.6,82.8
2015-06-29,,,,68.4,65.2,,59.0,66.0,90.6,82.6
2015-06-30,,,,68.2,65.0,,58.2,67.6,90.4,82.6
2015-07-01,,,,68.2,65.8,,59.4,67.0,90.2,83.0
2015-07-02,,,,68.2,65.8,,59.4,67.0,90.2,83.0
2015-07-03,,,,67.8,64.25,,58.0,66.2,89.6,83.0
2015-07-06,,,,68.4,64.6,,58.8,66.8,90.2,82.4
2015-07-09,,,,67.3334,64.2,,57.2,65.4,89.8,82.4
2015-07-10,,,,66.4,63.8,,58.0,63.8,88.6,82.4
2015-07-13,,,,66.8,63.6,,58.6,63.8,89.4,81.6
2015-07-14,,,,66.2,61.6,,57.4,62.2,89.6,81.2
2015-07-15,,,,67.6,61.8,,54.5,63.6,89.2,82.0
2015-07-16,,,,66.3334,60.6,,57.0,63.6,89.6,83.0
2015-07-17,,,,66.0,61.4,,56.0,62.0,89.4,81.8
2015-07-20,,,,66.5,60.6,,56.4,61.6,89.0,82.2
2015-07-21,,,,67.0,60.6,,55.2,60.2,90.4,82.4
2015-07-22,,,,66.0,61.0,,56.4,62.0,88.8,82.8
2015-07-24,,,,65.6,59.6,,54.4,62.0,89.8,80.8
2015-07-27,,,,65.2,60.2,,53.8,61.0,89.2,80.8
2015-07-28,,,,64.0,61.0,,54.4,61.4,88.8,81.8
2015-07-29,,,,64.75,59.6,,54.2,59.0,88.8,81.6
2015-07-30,,,,63.333400000000005,59.6,,53.0,60.4,89.0,81.8
2015-08-03,,,,62.8,59.0,,54.4,58.8,88.8,82.2
2015-08-04,,,,61.0,58.0,,51.8,58.8,89.2,83.2
2015-08-05,,,,63.0,58.0,,55.2,59.2,89.2,82.6
2015-08-06,,,,62.5,55.8,,53.4,58.6,88.6,82.8
2015-08-07,,,,62.4,57.8,,54.0,57.8,88.4,83.8
2015-08-10,,,,62.4,57.6,,54.0,57.6,89.2,82.4
2015-08-11,,,,63.333400000000005,56.6,,52.8,58.6,88.6,83.8
2015-08-12,,,,62.4,58.0,,54.2,56.6,88.6,84.0
2015-08-13,,,,62.0,58.4,,55.8,57.6,89.4,82.6
2015-08-14,,,,62.4,59.0,,55.4,58.4,88.8,84.2
2015-08-20,,,,64.25,61.0,,56.8,58.0,89.4,83.8
2015-08-21,,,,64.0,61.0,,56.8,58.8,89.2,83.6
2015-08-24,,,,65.6,61.8,,57.8,58.4,90.0,83.4
2015-08-25,,,,65.4,62.0,,58.0,58.6,90.0,83.4
2015-08-26,,,,67.0,62.6,,58.0,59.0,90.6,83.4
2015-08-27,,,,68.0,63.0,,57.4,60.2,91.4,83.6
2015-08-28,,,,68.0,63.8,,57.6,59.2,91.4,83.8
2015-08-31,,,,69.0,63.8,,58.2,59.6,91.4,83.8
2015-09-01,,,,67.25,63.4,,57.4,59.4,90.8,84.0
2015-09-02,,,,67.6666,63.2,,58.6,59.4,91.8,85.0
2015-09-03,,,,66.8,63.2,,58.0,59.4,92.2,84.0
2015-09-04,,,,68.0,64.0,,58.2,59.4,92.2,85.0
2015-09-07,,,,68.0,63.6,,58.2,59.0,92.8,85.4
2015-09-09,,,,68.3334,64.2,,58.0,59.2,92.4,84.4
2015-09-10,,,,68.75,63.6,,58.6,59.0,92.2,84.4
2015-09-11,,,,68.75,63.6,,57.8,59.0,91.8,84.0
2015-09-14,,,,63.0,64.4,,58.0,59.4,90.0,83.6
2015-09-16,,,,68.0,63.8,,58.2,58.8,92.4,84.6
2015-09-17,,,,67.75,63.8,,58.0,59.6,92.8,84.2
2015-09-18,,,,68.0,63.8,,57.8,59.6,93.0,84.2
2015-09-21,,,,67.0,63.2,,58.0,58.6,94.2,84.4
2015-09-22,,,,67.0,63.0,,58.0,59.2,94.0,85.6
2015-09-23,,,,67.6666,63.4,,58.0,59.2,92.8,84.4
2015-09-25,,,,67.0,63.4,,56.2,59.0,92.4,84.4
2015-09-28,,,,67.0,63.6,,58.0,59.0,91.2,84.0
2015-09-29,,,,67.0,63.6,,58.0,58.75,90.6,84.2
2015-10-01,,,,67.0,63.2,,57.0,59.0,89.8,84.2
2015-10-02,,,,67.0,62.6,,56.6,59.0,90.2,84.0
2015-10-05,,,,67.0,63.6,,57.0,59.8,92.2,84.0
2015-10-06,,,,67.0,62.8,,57.6,58.8,92.6,84.4
2015-10-07,,,,67.0,63.2,,57.2,59.4,91.6,84.4
2015-10-08,,,,68.0,63.6,,57.2,59.4,92.4,84.0
2015-10-09,,,,68.6666,63.4,,58.8,59.4,93.2,84.6
2015-10-12,,,,69.25,64.8,,59.8,59.5,95.0,85.6
2015-10-13,,,,70.6666,64.6666,,60.4,59.2,94.2,85.5
2015-10-14,,,,69.4,63.5,,61.2,59.4,94.6,85.2
2015-10-15,,,,68.0,66.2,,94.69999999999999,61.2,96.8,85.8
2015-10-16,,,,70.0,64.4,,95.19999999999999,59.8,94.6,85.6
2015-10-19,,,,69.6666,66.25,,62.6,59.0,93.6,87.0
2015-10-20,,,,71.0,66.25,,63.6,59.4,93.8,86.75
2015-10-21,,,,73.5,67.8,,64.6,59.6,93.0,86.6
2015-10-22,,,,73.5,69.2,,64.4,59.4,93.6,87.0
2015-10-23,,,,73.5,68.8,,64.6,59.0,93.2,87.2
2015-10-26,,,,74.0,69.0,,64.2,59.0,95.2,87.4
2015-10-28,,,,73.5,69.6,,64.4,58.6,94.6,88.0
2015-10-29,,,,73.5,69.2,,64.0,59.2,94.4,87.2
2015-10-30,,,,73.0,69.2,,63.0,59.0,94.8,87.6
2015-11-02,,,,73.0,69.2,,63.8,59.4,94.8,87.0
2015-11-03,,,,73.5,69.6,,62.6,59.4,95.2,87.2
2015-11-04,,,,73.5,69.4,,62.8,59.6,94.0,87.0
2015-11-05,,,,73.5,69.4,,65.0,60.0,93.6,86.6
2015-11-06,,,,73.0,69.4,,64.8,59.4,95.4,87.4
2015-11-09,,,,74.0,69.6,,64.6,60.2,95.2,87.0
2015-11-11,,,,74.25,69.8,,65.0,59.8,96.4,88.8
2015-11-12,,,,73.0,69.0,,64.4,60.2,96.6,89.4
2015-11-13,,,,73.0,69.8,,65.25,60.2,95.8,89.4
2015-11-16,,,,73.8,70.2,,65.0,60.4,98.0,91.8
2015-11-17,,,,73.6666,70.2,,65.6,60.4,97.6,91.8
2015-11-18,,,,73.8,70.4,,65.2,60.0,97.0,91.8
2015-11-19,,,,74.0,70.4,,65.6,60.0,96.4,91.8
2015-11-20,,,,74.0,70.8,,66.0,60.4,96.0,91.8
2015-11-23,,,,74.25,70.5,,66.5,61.6,96.4,91.0
2015-11-24,,,,73.4,70.0,,66.0,61.4,96.6,90.6
2015-11-26,,,,74.0,70.8,,66.4,62.8,95.8,92.2
2015-11-27,,,,74.0,71.0,,66.8,63.6,97.4,91.2
2015-11-30,,,,73.6666,70.8,,67.0,63.2,96.8,91.8
2015-12-01,,,,74.3334,71.0,,67.0,63.4,97.0,92.4
2015-12-02,,,,75.0,71.2,,66.8,63.6,97.0,91.2
2015-12-03,,,,74.6666,71.6,,67.0,63.8,97.0,91.4
2015-12-04,,,,75.0,71.4,,67.0,63.4,97.0,91.8
2015-12-07,,,,75.0,71.6,,67.6,64.2,96.8,91.0
2015-12-08,,,,75.0,71.6,,66.6,64.2,97.0,92.0
2015-12-09,,,,75.0,71.8,,66.8,64.6,96.8,91.4
2015-12-10,,,,74.6666,72.2,,67.0,63.8,97.2,91.4
2015-12-11,,,,74.6666,72.4,,67.0,63.8,97.0,91.4
2015-12-14,,,,74.6,71.6,,65.8,62.8,97.0,92.8
2015-12-15,,,,74.6666,71.4,,66.0,63.0,97.0,91.4
2015-12-16,,,,74.0,71.2,,66.2,62.8,97.0,92.4
2015-12-17,,,,74.0,71.2,,66.0,63.0,97.0,92.2
2015-12-18,,,,74.6666,71.0,,64.8,64.4,96.8,91.4
2015-12-20,,,,74.6666,71.0,,63.6,62.0,96.6,91.4
2015-12-21,,,,74.6666,71.0,,63.6,62.0,96.6,91.4
2015-12-22,,,,74.0,71.0,,64.4,62.0,97.2,91.4
2015-12-23,,,,74.2,70.6,,63.8,62.4,96.8,90.8
2015-12-28,,,,74.0,70.8,,63.8,62.0,97.0,90.2
2015-12-29,,,,74.3334,70.8,,64.4,61.8,97.0,90.0
2015-12-30,,,,74.0,71.2,,64.6,61.6,96.8,90.8
2015-12-31,,,,74.0,71.2,,64.0,62.0,96.6,90.8
2016-01-04,,,,74.0,71.0,,63.2,62.0,96.6,91.2
2016-01-05,,,,74.0,71.0,,62.8,61.4,97.0,91.4
2016-01-06,,,,73.5,70.8,,63.2,62.0,96.6,91.2
2016-01-07,,,,74.0,71.0,,62.6,61.6,96.4,91.0
2016-01-08,,,,74.0,70.8,,63.2,62.0,96.6,89.8
2016-01-11,,,,74.0,71.0,,62.6,61.8,96.4,90.4
2016-01-12,,,,73.3334,71.2,,62.2,61.0,96.2,89.6
2016-01-13,,,,74.0,70.4,,62.8,61.4,96.0,90.8
2016-01-14,,,,74.0,70.2,,62.8,61.6,96.4,90.2
2016-01-18,,,,74.0,70.8,,63.4,60.6,96.2,90.6
2016-01-19,,,,74.0,70.4,,62.4,60.2,96.0,90.4
2016-01-20,,,,74.0,70.6,,62.4,60.2,95.8,90.4
2016-01-21,,,,74.0,69.4,,62.8,60.4,96.0,89.8
2016-01-22,,,,73.0,69.0,,61.8,59.8,95.8,90.0
2016-01-25,,,,73.5,69.0,,60.6,59.2,96.0,89.6
2016-01-26,,,,73.3334,68.0,,61.6,58.8,96.0,89.2
2016-01-27,,,,73.3334,68.0,,61.6,58.8,96.0,89.2
2016-01-28,,,,72.75,69.0,,60.6,59.4,95.4,89.8
2016-01-29,,,,72.6666,67.4,,60.0,58.8,95.6,89.8
2016-02-01,,,,74.0,68.0,,59.6,59.0,96.0,89.6
2016-02-02,,,,71.3334,65.6,,55.2,58.6,93.8,89.6
2016-02-03,,,,70.5,68.4,,58.6,58.2,95.8,87.6
2016-02-05,,,,71.0,64.2,,54.8,55.4,93.6,85.6
2016-02-08,,,,71.6666,64.2,,56.0,55.4,93.6,85.6
2016-02-09,,,,71.0,64.4,,57.0,58.0,93.6,85.4
2016-02-10,,,,70.0,63.6,,57.2,56.8,94.2,83.8
2016-02-11,,,,70.0,64.6,,56.6,56.2,94.2,82.2
2016-02-12,,,,70.0,63.4,,56.8,54.4,94.2,83.2
2016-02-15,,,,68.6666,61.8,,56.4,54.6,93.6,82.0
2016-02-16,,,,67.3334,60.8,,55.6,51.0,90.6,82.0
2016-02-17,,,,67.6666,61.2,,55.4,53.6,91.0,82.4
2016-02-18,,,,68.0,60.2,,54.8,52.0,92.0,80.8
2016-02-19,,,,67.75,60.6,,53.8,53.4,91.2,83.0
2016-02-23,,,,68.3334,61.4,,53.8,52.6,94.0,80.0
2016-02-24,,,,64.8,61.4,,52.8,53.0,93.6,84.8
2016-02-25,,,,67.25,60.6,,53.0,52.4,93.0,80.0
2016-02-26,,,,67.0,60.4,,53.2,52.8,91.4,80.8
2016-02-29,,,,67.0,61.75,,53.0,54.4,90.6,80.6
2016-03-01,,,,65.75,61.0,,52.8,53.8,89.8,80.6
2016-03-02,,,,67.0,60.4,,52.4,53.6,87.8,80.4
2016-03-03,,,,67.0,60.6,,52.6,53.0,87.8,80.4
2016-03-04,,,,67.0,60.4,,52.8,52.8,88.2,80.4
2016-03-08,,,,66.0,58.8,,53.0,52.8,87.6,79.8
2016-03-09,,,,65.5,59.0,,53.2,53.4,88.0,79.6
2016-03-10,,,,66.3334,58.8,,53.2,52.0,86.4,79.2
2016-03-11,,,,65.6666,57.8,,53.2,52.2,87.0,79.8
2016-03-14,,,,65.6666,58.8,,53.4,53.4,88.2,79.2
2016-03-15,,,,65.6666,59.0,,52.0,52.4,86.8,78.8
2016-03-16,,,,66.0,59.2,,54.4,53.4,88.2,78.4
2016-03-17,,,,65.0,59.0,,53.8,53.2,87.8,78.4
2016-03-18,,,,65.6666,59.2,,53.6,52.6,86.4,78.2
2016-03-21,,,,65.0,59.0,,53.0,52.4,86.2,77.4
2016-03-23,,,,65.6666,60.4,,55.6,52.8,86.6,78.2
2016-03-24,,,,66.0,60.8,,56.4,52.8,86.0,76.8
2016-03-28,,,,68.5,64.0,,59.2,52.4,84.6,76.4
2016-03-29,,,,69.0,63.6,,60.0,52.4,84.8,78.2
2016-03-30,,,,69.3334,63.4,,61.4,52.6,84.8,75.6
2016-03-31,,,,69.3334,64.2,,61.4,52.6,84.6,77.8
2016-04-01,,,,69.3334,64.0,,62.2,53.2,84.2,77.4
2016-04-04,,,,69.3334,63.0,,62.8,53.2,84.4,77.2
2016-04-05,,,,69.6666,64.4,,60.6,53.2,85.2,76.6
2016-04-06,,,,69.6666,63.0,,62.8,52.2,84.4,77.2
2016-04-07,,,,69.3334,65.0,,64.0,52.6,84.4,77.4
2016-04-08,,,,69.0,64.6,,63.2,52.8,84.4,77.4
2016-04-11,,,,70.0,64.6,,64.0,53.6,84.4,77.4
2016-04-18,,,,70.0,64.4,,63.2,53.8,85.2,78.4
2016-04-19,,,,71.5,65.8,,64.6,52.6,84.6,77.6
2016-04-20,,,,71.5,65.25,,64.3,52.0,84.2,77.0
2016-04-22,,,,72.0,66.4,,64.2,52.25,84.4,77.0
2016-04-25,,,,72.3334,66.5,,63.8,52.8,85.0,77.2
2016-04-26,,,,73.6666,69.2,,64.0,52.4,84.8,77.2
2016-04-27,,,,73.3334,68.8,,64.2,52.6,85.0,76.8
2016-04-28,,,,73.3334,68.8,,64.8,52.2,84.6,77.2
2016-04-29,,,,74.0,69.6,,63.6,54.0,85.4,76.4
2016-05-02,,,,74.6666,69.6,,65.6,54.2,85.2,77.4
2016-05-03,,,,74.0,69.8,,64.0,54.4,84.6,77.4
2016-05-04,,,,74.3334,69.2,,64.0,54.0,84.8,77.8
2016-05-05,,,,74.3334,69.4,,64.6,54.8,85.0,77.4
2016-05-06,,,,74.3334,69.6,,64.8,54.8,85.4,77.8
2016-05-09,,,,74.0,69.6,,63.6,54.8,85.2,77.0
2016-05-10,,,,74.0,70.2,,63.4,54.6,86.2,79.0
2016-05-11,,,,74.0,70.2,,64.2,54.6,86.6,78.4
2016-05-12,,,,74.0,70.2,,64.2,55.0,86.6,79.2
2016-05-13,,,,74.0,70.2,,64.4,54.8,86.2,79.2
2016-05-16,,,,74.0,69.8,,64.2,54.8,86.8,81.2
2016-05-17,,,,74.0,66.4,,65.2,55.0,87.2,79.4
2016-05-18,,,,73.6666,69.8,,64.2,55.0,87.2,79.6
2016-05-19,,,,74.0,69.8,,64.4,55.0,87.0,80.0
2016-05-20,,,,74.5,70.0,,65.0,54.8,88.0,80.6
2016-05-23,,,,72.25,69.2,,65.4,55.6,87.2,81.0
2016-05-24,,,,75.5,69.6,,64.0,55.0,88.0,80.4
2016-05-25,,,,76.5,70.2,,64.6,55.4,87.4,81.4
2016-05-26,,,,76.0,70.8,,64.6,55.6,88.8,81.0
2016-05-27,,,,75.0,70.6,,64.4,55.4,87.8,80.8
2016-05-30,,,,75.0,71.0,,64.8,55.4,88.4,82.6
2016-05-31,,,,73.5,70.25,,64.2,55.25,87.8,81.5
2016-06-01,,,,74.75,70.8,,64.6,55.2,88.0,80.8
2016-06-02,,,,74.5,70.8,,63.6,55.0,87.2,81.4
2016-06-03,,,,74.0,70.6,,64.4,54.8,87.8,83.2
2016-06-06,,,,74.0,70.6,,64.8,54.6,88.6,82.0
2016-06-07,,,,74.0,70.6,,65.2,55.4,87.8,81.2
2016-06-08,,,,74.25,70.8,,64.2,55.4,87.2,80.2
2016-06-09,,,,74.0,70.6,,64.2,54.0,87.6,82.2
2016-06-10,,,,73.3334,70.2,,63.8,54.8,87.2,80.4
2016-06-13,,,,74.6,69.6,,65.0,54.6,87.2,80.0
2016-06-14,,,,73.0,69.0,,63.2,54.6,87.2,80.8
2016-06-15,,,,73.3334,69.4,,64.0,55.0,87.2,80.2
2016-06-16,,,,73.3334,68.6,,63.8,55.0,87.4,82.0
2016-06-17,,,,73.3334,69.4,,63.0,54.6,87.6,81.2
2016-06-20,,,,73.3334,69.0,,63.4,54.4,87.6,81.0
2016-06-21,,,,73.0,69.2,,62.8,54.4,86.6,78.6
2016-06-22,,,,73.3334,69.0,,61.8,54.4,86.8,78.8
2016-06-23,,,,73.3334,69.0,,64.4,54.4,86.8,79.0
2016-06-24,,,,73.3334,68.4,,62.0,53.8,86.8,78.4
2016-06-27,,,,73.3334,68.6,,62.2,54.0,86.2,79.4
2016-06-28,,,,73.3334,68.0,,61.2,53.8,86.4,79.0
2016-06-29,,,,73.3334,68.4,,59.6,53.8,86.4,78.4
2016-06-30,,,,73.3334,68.4,,59.6,53.8,86.4,78.4
2016-07-01,,,,73.3334,68.8,,60.6,53.8,86.4,78.2
2016-07-04,,,,73.0,68.6,,59.8,53.8,86.4,79.0
2016-07-05,,,,72.3334,67.8,,59.2,53.8,86.4,74.2
2016-07-06,,,,72.6666,68.6,,59.8,53.6,86.4,78.2
2016-07-07,,,,72.6666,68.6,,59.8,53.6,86.4,78.2
2016-07-08,,,,72.6666,68.4,,59.5,53.8,86.2,77.4
2016-07-11,,,,72.0,67.2,,61.4,54.0,86.0,78.8
2016-07-12,,,,71.6666,68.2,,60.4,53.6,85.8,78.4
2016-07-13,,,,72.6666,68.4,,61.0,53.2,86.2,78.2
2016-07-14,,,,72.0,67.6,,60.2,53.0,85.8,77.8
2016-07-15,,,,71.6666,67.2,,60.8,53.8,85.8,77.8
2016-07-18,,,,71.25,67.4,,61.0,53.8,86.0,79.2
2016-07-20,,,,70.75,67.8,,60.8,55.0,85.8,78.6
2016-07-21,,,,71.0,68.4,,60.8,55.2,85.8,78.4
2016-07-22,,,,71.5,67.6,,61.4,55.8,86.0,77.6
2016-07-25,,,,71.3334,67.8,,60.8,55.6,85.8,78.4
2016-07-26,,,,71.5,67.6,,59.8,56.8,85.8,77.8
2016-07-27,,,,71.0,67.2,,60.8,57.6,85.8,77.6
2016-07-28,,,,71.3334,67.4,,59.8,56.8,85.8,77.2
2016-07-29,,,,71.0,67.2,,60.2,57.8,85.4,76.8
2016-08-01,,,,71.0,67.8,,60.4,59.2,85.6,77.0
2016-08-02,,,,70.75,66.8,,60.6,59.6,85.6,77.0
2016-08-03,,,,71.0,67.2,,60.2,59.4,85.8,77.2
2016-08-04,,,,71.0,67.2,,60.2,59.4,85.4,77.2
2016-08-05,,,,71.0,67.6,,60.5,59.4,85.4,76.4
2016-08-08,,,,70.3334,67.2,,59.8,59.4,85.2,76.8
2016-08-09,,,,71.0,67.0,,60.2,59.4,85.4,75.2
2016-08-10,,,,70.75,67.8,,59.4,59.333400000000005,85.4,76.8
2016-08-11,,,,71.3334,67.2,,59.6,59.8,84.2,76.4
2016-08-12,,,,71.0,66.6,,60.0,60.0,84.6,76.6
2016-08-15,,,,71.0,67.4,,60.2,59.8,85.0,75.8
2016-08-16,,,,71.0,66.4,,59.4,60.4,84.2,75.2
2016-08-18,,,,70.6666,66.8,,59.6,60.6,85.4,76.0
2016-08-19,,,,71.0,66.6,,59.4,60.0,84.6,75.6
2016-08-22,,,,71.0,66.0,,60.4,60.4,85.8,75.2
2016-08-23,,,,72.6,67.0,,62.0,59.8,84.4,75.6
2016-08-24,,,,70.3334,66.8,,60.2,60.4,84.6,74.2
2016-08-29,,,,70.0,64.8,,59.4,60.6,83.8,74.2
2016-08-30,,,,69.0,65.8,,59.8,61.0,82.8,73.4
2016-08-31,,,,69.3334,66.2,,59.6,61.0,83.2,72.8
2016-09-01,,,,78.5,66.4,,60.6,60.2,83.4,73.8
2016-09-02,,,,68.3334,66.2,,61.0,61.0,84.2,74.4
2016-09-05,,,,68.6666,65.8,,61.0,61.0,84.0,73.6
2016-09-06,,,,68.75,65.6,,61.0,61.0,83.0,73.6
2016-09-07,,,,69.0,65.0,,61.0,61.0,83.6,74.6
2016-09-08,,,,69.0,65.8,,61.4,61.0,83.6,75.0
2016-09-09,,,,68.75,65.2,,60.8,61.4,83.6,74.6
2016-09-13,,,,68.6666,65.6,,60.8,61.2,83.8,74.0
2016-09-14,,,,68.6666,65.6,,60.8,61.2,83.8,73.8
2016-09-15,,,,68.6666,65.8,,61.4,61.2,84.0,74.6
2016-09-19,,,,69.5,68.0,,60.2,60.6,83.8,71.75
2016-09-20,,,,71.0,67.8,,61.8,61.4,84.0,75.6
2016-09-21,,,,71.5,67.2,,61.8,62.2,84.6,77.0
2016-09-22,,,,71.0,69.0,,62.6,62.2,85.2,75.4
2016-09-23,,,,71.6666,68.0,,63.2,62.4,84.8,75.4
2016-09-26,,,,71.3334,68.4,,63.0,62.6,85.8,78.0
2016-09-27,,,,74.0,69.8,,65.0,64.6,86.8,79.0
2016-09-28,,,,73.0,69.6,,65.8,64.4,87.2,79.8
2016-09-29,,,,73.3334,69.8,,65.4,65.8,86.8,82.0
2016-09-30,,,,73.3334,69.8,,65.4,65.8,86.8,82.0
2016-10-03,,,,74.6666,71.4,,66.2,65.8,86.8,81.2
2016-10-04,,,,74.5,71.8,,66.0,66.2,87.4,80.8
2016-10-05,,,,74.5,73.2,,67.6,66.2,87.2,81.2
2016-10-06,,,,73.75,72.6,,67.6,66.6,87.6,82.4
2016-10-07,,,,76.5,71.6,,67.2,67.6,89.6,82.2
2016-10-10,,,,74.5,72.0,,67.0,67.2,89.4,82.0
2016-10-11,,,,73.25,72.2,,67.6666,67.4,88.8334,81.8
2016-10-12,,,,78.6,74.4,,67.4,67.2,87.6,83.0
2016-10-13,,,,79.3334,73.4,,67.4,66.8,88.4,81.8
2016-10-14,,,,77.6666,74.0,,68.4,67.6,89.4,81.4
2016-10-17,,,,77.6666,74.6,,67.8,67.6,88.6,81.6
2016-10-18,,,,78.0,74.2,,68.4,67.4,89.8,83.8
2016-10-19,,,,78.0,74.2,,68.0,67.4,89.4,82.4
2016-10-20,,,,78.0,74.4,,68.0,67.4,89.4,84.2
2016-10-21,,,,78.6666,75.0,,68.0,67.6,88.6,81.8
2016-10-24,,,,79.3334,74.6,,69.8,69.0,89.4,83.4
2016-10-25,,,,79.3334,74.4,,68.4,67.8,88.2,82.6
2016-10-26,,,,78.5,75.2,,68.4,67.4,89.2,82.4
2016-10-27,,,,79.0,75.0,,68.6,67.8,88.2,83.8
2016-10-28,,,,76.5,74.8,,68.4,67.8,89.4,82.6
2016-10-31,,,,78.3334,75.0,,68.4,67.4,88.0,82.8
2016-11-01,,,,79.5,75.4,,68.8,68.0,88.8,83.6
2016-11-02,,,,79.25,75.6,,69.4,68.2,89.2,83.6
2016-11-03,,,,79.5,76.6,,69.4,69.0,88.8,83.2
2016-11-04,,,,79.5,75.6,,69.6,69.2,88.2,84.2
2016-11-07,,,,79.6666,77.6,,70.1666,69.2,89.8,85.2
2016-11-08,,,,79.6666,77.0,,71.4,71.4,90.2,86.2
2016-11-09,,,,79.6666,76.8,,69.8,69.8,90.6,86.6
2016-11-10,,,,79.6666,77.4,,69.8,69.8,90.2,86.2
2016-11-11,,,,79.6666,77.0,,69.8,69.8,91.4,86.6
2016-11-15,,,,79.5,75.8,,70.0,70.0,90.2,87.0
2016-11-16,,,,81.6666,78.6,,71.0,71.0,91.2,87.2
2016-11-17,,,,82.3334,78.6,,71.2,71.2,92.2,86.8334
2016-11-18,,,,82.25,78.0,,71.0,71.0,92.5,87.1666
2016-11-21,,,,83.5,79.8,,71.5,71.5,91.8,87.4
2016-11-22,,,,84.0,81.8,,72.2,72.2,94.0,87.5
2016-11-23,,,,88.0,83.1666,,71.6666,71.6666,94.3334,87.5
2016-11-24,,,,88.0,82.2,,71.8,71.8,93.0,87.8
2016-11-25,,,,88.0,82.4,,71.6,71.6,94.2,87.2
2016-11-28,,,,90.0,81.4,,71.4,71.4,93.6,88.2
2016-11-29,,,,88.0,82.6,,71.6,71.6,93.8,88.2
2016-11-30,,,,88.0,82.8,,71.4,71.4,94.4,87.6
2016-12-01,,,,88.5,83.8,,71.8,71.8,94.8,88.4
2016-12-02,,,,88.0,83.8,,72.0,72.0,94.8,86.2
2016-12-05,,,,90.0,84.0,,71.6,71.6,94.2,87.2
2016-12-06,,,,88.5,83.8,,73.8,73.8,94.2,87.0
2016-12-07,,,,88.5,83.2,,74.6,74.6,94.2,86.8
2016-12-08,,,,88.5,83.6,,75.0,75.0,95.0,86.4
2016-12-09,,,,88.3334,84.4,,75.8,75.8,94.4,86.8
2016-12-14,,,,89.0,86.0,,78.4,78.4,94.4,87.8
2016-12-15,,,,89.0,85.8,,78.0,78.0,94.4,87.8
2016-12-16,,,,89.3334,87.6,,78.2,78.2,94.2,87.8
2016-12-19,,,,89.6666,87.0,,79.0,79.0,93.4,86.4
2016-12-20,,,,89.5,87.6666,,79.2,79.2,94.2,87.0
2016-12-21,,,,89.5,87.6666,,79.6,79.6,94.2,86.4
2016-12-22,,,,89.5,87.6,,79.2,79.2,94.6,87.2
2016-12-23,,,,91.5,88.4,,79.6,79.6,94.2,87.8
2016-12-26,,,,94.0,88.4,,80.6,80.6,94.2,87.8
2016-12-27,,,,94.0,90.4,,80.6,80.6,94.4,87.6
2016-12-28,,,,94.0,92.4,,82.6,82.6,94.6,87.6
2016-12-29,,,,94.0,88.2,,82.0,82.0,93.6,87.6
2016-12-30,,,,94.0,87.4,,81.8,81.8,95.0,86.8
2017-01-02,,,,94.0,89.4,,82.2,82.2,94.2,86.6
2017-01-03,,,,94.0,89.2,,81.8,81.8,94.0,87.2
2017-01-04,,,,94.0,90.0,,81.4,81.4,94.6,87.6
2017-01-05,,,,94.0,89.4,,82.4,82.4,94.6,87.2
2017-01-06,,,,94.0,90.0,,82.4,82.4,94.4,88.6
2017-01-09,,,,94.0,90.0,,82.2,82.2,93.8,86.8
2017-01-10,,,,94.3334,90.4,,81.8,81.8,95.2,88.2
2017-01-11,,,,94.3334,90.0,,82.4,82.4,94.8,87.2
2017-01-13,,,,94.3334,89.2,,82.2,82.2,94.2,87.6
2017-01-16,,,,94.0,89.2,,82.0,82.0,94.0,86.8
2017-01-17,,,,94.0,90.0,,82.4,82.4,94.0,87.2
2017-01-18,,,,93.5,89.2,,82.5333,81.2,93.2,87.0
2017-01-19,,,,94.0,89.4,,85.05,84.8,93.4,87.0
2017-01-20,,,,94.0,90.0,,85.3,85.8,92.2,86.0
2017-01-23,,,,94.0,90.0,,86.9,85.8,94.2,88.4
2017-01-24,,,,94.5,89.3334,,85.7,89.75,95.4,90.2
2017-01-25,,,,94.0,88.0,,87.175,89.75,94.8,89.8
2017-01-26,,,,94.0,91.75,,86.5,89.75,96.4,90.8
2017-01-27,,,,94.5,90.6666,,87.275,90.0,96.4,92.0
2017-01-30,,,,,90.0,,86.19999999999999,98.0,97.6,92.4
2017-01-31,,,,,93.0,,86.4,98.6,98.4,93.8
2017-03-01,,,68.75,77.75,69.25,,71.525,74.4,89.6666,85.6
2017-03-02,,,68.5,77.75,,,72.425,74.4,89.75,85.0
2017-03-03,,,69.0,77.5,,,71.7,74.8,89.75,85.8
2017-03-06,,,68.0,78.0,,,71.65,74.8,89.25,86.0
2017-03-07,,,67.4,78.25,,,71.33330000000001,74.8,89.75,86.0
2017-03-08,,,68.0,78.0,,,71.0,74.6,89.4,85.4
2017-03-09,,,68.4,78.2,,,71.0,74.2,89.8,84.4
2017-03-10,,,67.4,77.8,76.0,,71.36670000000001,74.8,89.0,86.0
2017-03-13,,,67.75,77.6,76.0,,70.16669999999999,75.0,88.2,85.0
2017-03-14,,,67.75,77.75,,,70.6,75.2,89.0,85.0
2017-03-15,,,67.0,77.6,,,70.19999999999999,74.6,88.75,85.0
2017-03-16,,,68.2,77.75,,,70.30000000000001,74.4,89.25,85.6
2017-03-17,,,67.5,77.4,,,70.125,75.0,89.4,84.8
2017-03-20,,,67.4,78.0,,,69.5,75.6,89.0,85.0
2017-03-21,,,69.2,78.0,,,69.95,75.6,89.0,85.6
2017-03-22,,,68.25,78.0,,,70.25,75.4,88.0,85.2
2017-03-23,,,68.75,78.0,77.6,,69.8,75.4,88.4,85.0
2017-03-24,,,68.8,,78.2,,70.5,75.6,88.2,85.2
2017-03-27,,,68.0,,79.0,,71.80000000000001,75.4,88.2,85.4
2017-03-28,,,70.5,,79.0,,72.7,75.4,88.0,84.8
2017-03-29,,,69.0,79.4,79.0,,72.6,75.6,88.5,85.2
2017-03-30,,,67.4,,78.0,,71.80000000000001,75.6,88.4,85.6
2017-03-31,,,68.8,,79.2,,70.9,75.6,88.2,85.4
2017-04-03,,,68.0,,79.4,,71.9,75.2,88.4,85.25
2017-04-04,,,68.0,,78.8,,70.9,75.4,88.4,85.4
2017-04-05,,,68.0,,79.0,,70.125,75.2,89.0,85.8
2017-04-06,,,68.0,,79.0,,70.3,75.6,88.0,84.8
2017-04-07,,,67.6,,79.0,,70.6,76.2,72.6,85.5
2017-04-11,,,66.6,,79.4,,70.8,75.2,91.2,85.25
2017-04-12,,,68.4,,78.6,,71.63329999999999,75.8,89.2,85.25
2017-04-17,,,68.0,,78.8,,71.66669999999999,75.6,88.2,85.25
2017-04-18,,,68.0,,78.8,,71.66669999999999,75.6,89.0,85.4
2017-04-19,,,68.0,,79.0,,72.16669999999999,75.6,90.4,86.2
2017-04-20,,,67.0,,78.6,,71.83330000000001,75.8,90.0,86.2
2017-04-21,,,68.3334,,78.6,,71.95,76.4,90.2,86.2
2017-04-24,,,68.3334,,78.2,,71.675,75.8,91.6,86.6
2017-04-25,,,68.3334,,78.2,,71.675,75.8,91.6,86.6
2017-04-26,,,70.5,,80.0,,71.625,76.2,89.4,86.75
2017-04-27,,,70.25,,81.6666,,72.075,76.0,88.6,86.8
2017-04-28,,,70.25,,83.0,,71.7,77.6666,94.0,87.6666
2017-05-02,,,70.4,,82.0,,72.4,77.2,92.8,87.75
2017-05-03,,,69.4,,86.0,,71.7,77.0,93.5,88.8
2017-05-04,,,69.8,,84.4,,72.1,77.2,91.75,88.5
2017-05-05,,,70.2,,84.4,,72.1,77.2,88.75,86.3334
2017-05-08,,,71.0,,84.0,,72.69999999999999,76.8,95.0,89.2
2017-05-09,,,71.0,,82.8,,72.8,77.0,92.75,88.75
2017-05-12,,,70.8,88.6666,84.6666,,72.45,78.0,95.3334,90.2
2017-05-15,,,71.6,88.6666,84.6666,,73.9,78.0,94.6,89.2
2017-05-16,,,71.8,88.6666,82.0,,73.4,78.2,92.2,88.6
2017-05-17,,,70.75,,86.4,,76.6,78.6666,95.0,90.2
2017-05-18,,,72.2,,85.6,,76.3,78.6,94.8,90.0
2017-05-19,,,72.2,,85.6,,77.8,78.6,94.4,91.0
2017-05-23,,,74.5,,84.2,,78.5,79.8,95.2,89.8
2017-05-24,,,74.0,,84.2,,78.5,79.0,95.2,91.6
2017-05-25,,,73.8,,84.8,,77.69999999999999,80.6,,91.4
2017-05-26,,,73.5,,85.2,,76.9,81.2,99.3334,91.8
2017-05-29,,,73.25,,89.1666,,78.6,81.8334,97.0,94.0
2017-05-30,,,71.5,,84.8,,78.55,83.0,97.3334,92.8
2017-05-31,,,72.8,,86.4,,79.05,83.0,99.25,94.2
2017-06-02,,,75.8,92.5,87.0,,77.2333,81.6,99.75,94.1666
2017-06-05,,,73.8,,90.0,,76.425,81.4,98.5,93.6666
2017-06-06,,,71.8,,85.0,,78.6,82.4,99.25,94.75
2017-06-07,,,75.0,89.25,90.2,,78.19999999999999,82.6,99.6,95.4
2017-06-09,,,76.2,,89.8,,77.0,81.4,98.4,93.8
2017-06-12,,,76.4,,90.4,,78.80000000000001,81.4,99.4,94.2
2017-06-13,,,75.4,,88.4,,78.5,88.6,99.0,93.0
2017-06-14,,,76.0,,87.4,,76.9,82.4,99.2,93.2
2017-06-15,,,76.4,,89.6,,76.2167,81.4,99.2,94.2
2017-06-16,,,77.25,,87.6,,80.6,83.0,98.6,93.2
2017-06-19,,,77.6,96.0,90.2,,79.3,81.2,98.2,89.4
2017-06-20,,,78.25,,91.75,,78.15,82.2,98.8,93.8
2017-06-21,,,78.4,,91.0,,77.8,82.6,99.2,93.0
2017-06-22,,,78.2,,89.2,,78.275,81.0,98.75,94.4
2017-06-23,,,78.4,,89.2,,79.7,80.0,98.6,93.4
2017-06-27,,,78.8,,89.8,,76.5,84.4,98.4,94.0
2017-06-28,,,78.2,,89.8,,78.0,81.4,98.2,94.2
2017-06-29,79.2,,71.17,81.8,84.8,,207.5,79.25,98.6666,93.8
2017-06-30,78.8,,70.67,81.0,85.4,,204.2,79.0,98.4,93.8
2017-07-03,78.25,,68.83,81.0,85.4,,198.2,78.0,100.2,93.0
2017-07-04,78.25,,67.33,80.6,84.6666,,192.0,79.6,99.4,93.4
2017-07-05,78.25,,67.33,80.2,84.3334,,195.9,79.4,98.6,93.8
2017-07-06,78.25,,68.83,80.3334,84.5,,185.41830000000002,79.0,98.4,93.5
2017-07-07,68.0,,291.67,82.5,80.8334,,212.25,83.3334,98.0,93.8334
2017-07-10,78.6666,,66.5,80.6666,83.6666,,164.085,79.1666,98.0,94.5
2017-07-11,75.3334,,66.83,80.5,80.1666,,144.16500000000002,78.6666,98.0,92.8334
2017-07-12,75.3334,,67.17,80.8334,83.5,,139.8317,78.8334,97.3334,93.6666
2017-07-13,78.8,,69.67,80.0,84.3334,,141.125,79.3334,98.3334,93.1666
2017-07-14,77.2,,68.5,80.3334,84.5,,135.3333,79.1666,98.3334,94.0
2017-07-17,78.0,,68.5,80.0,83.8334,,135.0,77.8334,98.5,94.0
2017-07-18,78.8,,192.0,79.8334,83.1666,,111.375,77.8334,98.0,94.0
2017-07-19,77.8334,,126.67,79.5,84.0,,104.5,77.8334,98.2,93.1666
2017-07-20,77.1666,,110.0,79.6666,84.0,,96.5,78.6666,98.2,93.6666
2017-07-21,76.5,,71.67,80.0,84.3334,,87.3,78.8334,97.2,93.0
2017-07-24,69.5,,129.0,88.8334,79.3334,,83.75,84.6666,98.8334,94.1666
2017-07-25,76.6,,72.83,78.6666,83.8334,,108.88499999999999,77.5,98.5,93.3334
2017-07-26,78.4,,72.83,79.0,81.5,,105.45,78.5,98.8334,93.0
2017-07-27,75.0,,72.83,79.3334,83.5,,100.11500000000001,77.3334,99.1666,93.8334
2017-07-28,74.3334,,95.5,79.1666,83.8334,,76.5,77.1666,98.1666,93.8334
2017-07-31,76.4,,104.17,78.0,84.6666,,79.5817,76.3334,98.8334,93.3334
2017-08-01,73.0,,131.25,78.3334,84.3334,,79.375,77.1666,98.6666,94.0
2017-08-02,75.1666,,133.33,78.5,82.5,,77.41499999999999,75.8334,98.8334,94.0
2017-08-03,68.6666,,112.5,87.8334,77.6666,,83.16669999999999,84.6666,98.4,93.5
2017-08-04,73.5,,92.67,78.5,84.0,,91.125,75.6666,98.1666,94.0
2017-08-08,72.3334,,84.67,77.0,83.5,,84.235,75.6666,97.3334,92.0
2017-08-09,75.0,,86.33,77.3334,84.3334,,86.66669999999999,75.1666,97.6666,93.3334
2017-08-10,72.4,,112.83,77.6666,84.1666,,102.3,74.5,98.0,93.6666
2017-08-11,71.3334,,141.25,77.5,83.3334,,93.6683,74.6666,97.5,92.6666
2017-08-14,70.3334,,131.67,78.1666,83.8334,,89.035,75.0,97.8334,93.5
2017-08-15,71.6666,,144.0,77.1666,83.1666,,94.33500000000001,74.1666,97.5,92.6666
2017-08-16,70.5,,125.0,77.6666,83.5,,83.3,75.3334,97.3334,92.3334
2017-08-17,71.3334,,127.5,77.5,84.1666,,82.815,75.5,97.0,92.3334
2017-08-18,70.6,,125.0,76.8334,83.6666,,81.9,76.1666,96.3334,92.6666
2017-08-21,71.0,,143.75,76.8334,83.5,,86.9,77.0,98.0,92.6666
2017-08-22,71.4,,142.5,76.8,83.0,,84.9,76.4,97.2,92.8
2017-08-23,70.8,,135.0,77.0,83.6,,84.5,78.6,98.0,93.8
2017-08-24,70.2,,141.67,77.0,83.4,,83.6,76.8,97.4,92.8
2017-08-25,70.8,,143.75,76.6666,84.0,,83.5,77.8334,97.5,93.8334
2017-08-28,71.2,,122.5,77.0,83.5,,82.91669999999999,79.6666,98.1666,93.8334
2017-08-29,71.4,,107.5,77.0,84.0,,79.7517,80.1666,98.5,93.8334
2017-08-30,68.4,,105.0,77.0,84.0,,78.0333,81.4,98.0,93.3334
2017-08-31,71.4,,94.0,77.5,83.8334,,77.2,81.0,98.8334,94.3334
2017-09-04,72.0,,121.67,78.0,84.8334,,79.91669999999999,83.3334,99.1666,94.5
2017-09-06,73.0,,123.5,77.3334,83.0,,97.375,82.6666,98.8334,94.1666
2017-09-07,71.5,,118.33,77.8334,84.0,,90.41499999999999,82.6666,99.3334,94.3334
2017-09-08,72.0,,115.0,77.0,84.5,,90.375,84.4,100.0,95.1666
2017-09-11,73.0,,312.5,78.0,83.8334,,194.9167,84.3334,101.6666,94.8334
2017-09-12,72.6,,96.67,78.8334,85.3334,,87.0,83.4,100.3334,96.1666
2017-09-13,73.2,,95.0,78.8334,85.3334,,87.08500000000001,83.2,100.3334,95.6666
2017-09-14,73.0,,103.33,80.0,85.5,,197.1667,83.4,102.1666,97.1666
2017-09-15,72.8,,328.0,79.3334,85.1666,,189.7483,82.8334,101.6666,96.5
2017-09-18,73.0,,296.0,80.6666,84.5,,183.665,82.3334,104.8334,98.3334
2017-09-19,73.8,,285.0,80.8334,88.6666,,181.3333,83.6666,104.1666,97.8334
2017-09-20,73.0,,280.0,80.8334,85.5,,182.5833,82.1666,105.1666,99.1666
2017-09-21,73.6,,273.33,81.8334,87.5,,181.2483,83.3334,105.5,98.3334
2017-09-22,73.8,,266.67,81.6666,88.1666,,180.1667,82.3334,105.6666,99.0
2017-09-25,73.5,,271.67,83.8334,86.8334,,188.58169999999998,83.5,105.0,99.8334
2017-09-26,73.5,,275.0,84.3334,88.8334,,192.0,82.6666,105.5,101.0
2017-09-27,73.1666,,275.0,84.0,88.1666,,192.0,82.0,105.5,101.3334
2017-09-28,73.8334,,273.33,84.6666,86.8334,,190.335,81.0,105.5,100.5
2017-09-29,72.3334,,303.33,84.8,86.8334,,190.5017,80.5,105.8334,101.5
2017-10-02,74.0,,296.67,83.6666,88.5,,184.165,81.0,106.0,101.5
2017-10-03,73.5,,300.0,84.8334,89.6666,,185.91830000000002,79.6666,106.3334,101.6666
2017-10-04,72.1666,,281.25,84.0,88.0,,190.66830000000002,79.6666,106.8334,102.3334
2017-10-06,73.6666,,295.0,84.3334,89.6666,,183.915,81.1666,106.6666,102.6666
2017-10-09,72.6666,,290.83,86.0,91.6666,,182.7517,80.5,106.6666,102.8334
2017-10-10,71.6666,,280.0,84.5,89.3334,,175.915,79.0,106.0,101.0
2017-10-11,72.0,,108.33,84.0,87.3334,,177.5833,77.8334,106.1666,102.0
2017-10-12,72.1666,,105.0,84.1666,90.1666,,173.1667,79.5,106.3334,102.8334
2017-10-13,73.1666,,125.0,84.3334,88.5,,171.9167,78.0,106.6666,101.6666
2017-10-16,72.0,,105.83,84.5,89.6666,,178.08169999999998,70.3334,106.5,102.3334
2017-10-17,72.0,,281.67,84.1666,89.1666,,175.9167,76.0,106.1666,102.3334
2017-10-19,72.8334,,112.5,84.1666,89.1666,,173.415,75.5,106.5,101.6666
2017-10-20,71.3334,,115.83,84.1666,89.1666,,176.0,75.3334,107.0,101.5
2017-10-23,,,71.3334,,91.3334,,76.75,84.1666,107.0,101.6666
2017-10-24,,,71.6666,,93.1666,,76.91669999999999,84.3334,106.5,101.3334
2017-10-25,,,71.6666,,92.3334,,78.83330000000001,84.1666,107.0,102.3334
2017-10-26,,,71.5,,91.6666,,75.6667,84.1666,107.0,102.1666
2017-10-27,,,71.6666,,92.3334,,76.66669999999999,83.8334,106.6666,102.5
2017-10-30,71.0,,165.83,84.1666,88.8334,,210.0,72.5,106.8334,101.6666
2017-10-31,,,71.0,,93.0,,77.2167,84.0,106.6666,103.0
2017-11-01,71.1666,,146.67,84.0,90.3334,,105.5,72.3334,107.5,102.3334
2017-11-02,71.1666,,95.0,83.1666,90.5,,111.5017,71.5,108.1666,103.1666
2017-11-06,70.1666,,95.0,84.6666,90.0,,115.33330000000001,71.0,108.6666,102.3334
2017-11-07,71.1666,,160.5,84.3334,90.1666,,218.625,72.0,108.6666,103.3334
2017-11-08,71.4,,161.67,84.3334,90.1666,,239.7083,72.1666,108.6666,102.8334
2017-11-09,71.6,,88.33,84.0,90.5,,99.25,71.3334,107.6666,102.8334
2017-11-10,71.4,,86.67,84.0,89.6666,,81.5017,71.8334,108.6666,103.3334
2017-11-13,71.0,,91.67,82.6666,89.6666,,81.4983,71.8334,108.3334,103.3334
2017-11-14,71.3334,,75.0,82.5,89.8334,,80.75,72.1666,108.3334,103.0
2017-11-15,71.5,,75.0,82.5,90.4,,84.9983,92.1666,108.3334,102.5
2017-11-16,71.1666,,77.5,83.0,90.3334,,87.75,72.6,108.6666,102.5
2017-11-17,71.1666,,67.5,82.6666,89.5,,90.5,71.8,108.0,103.6666
2017-11-20,71.4,,72.5,81.5,89.1666,,90.63329999999999,72.0,108.0,102.6666
2017-11-21,72.2,,85.0,82.5,90.8334,,94.91669999999999,72.0,107.6666,103.3334
2017-11-22,72.0,,76.67,82.5,89.5,,95.58330000000001,72.0,108.6666,103.3334
2017-11-23,71.8,,117.6,81.6666,90.3334,,227.165,72.8334,107.5,103.3334
2017-11-24,71.8334,,127.0,82.0,90.3334,,227.33169999999998,72.5,109.6,103.5
2017-11-27,72.5,,128.83,82.1666,90.8334,,239.58169999999998,72.5,110.0,104.6666
2017-11-28,72.3334,,122.5,82.1666,91.3334,,226.5017,73.1666,109.25,104.5
2017-11-29,72.3334,,115.83,82.3334,90.6,,224.83169999999998,90.6,108.6,105.0
2017-11-30,71.1666,,92.5,82.3334,90.5,,90.7483,74.0,111.4,105.1666
2017-12-04,,,71.6666,,93.4,,78.0834,82.0,110.4,105.0
2017-12-05,,,71.6666,,93.0,,78.41669999999999,82.0,108.3334,104.8334
2017-12-06,,,73.3334,,94.0,,78.66669999999999,82.1666,109.25,104.3334
2017-12-07,,,71.8334,,95.2,,78.8,82.0,108.3334,104.6666
2017-12-08,,,71.6666,,94.4,,79.66669999999999,82.1666,112.4,105.1666
2017-12-11,,,73.1666,,94.3334,,90.5,81.5,112.4,105.3334
2017-12-12,,,71.8334,,94.6,,79.08330000000001,82.0,109.25,105.0
2017-12-13,,,71.8,,94.2,,79.5,81.8,109.2,104.6
2017-12-14,,,72.4,,95.4,,78.0,81.4,113.6,106.2
2017-12-15,,,72.0,,95.2,,79.19999999999999,81.8,110.0,105.8
2017-12-18,,,71.6666,,94.6,,78.85,81.8,110.0,105.6
2017-12-19,,,72.5,,93.2,,78.6,82.0,110.0,105.0
2017-12-20,,,71.8334,,92.8,,78.80000000000001,81.4,110.0,105.4
2017-12-21,,,71.6666,,93.2,,79.0,81.4,110.75,104.0
2017-12-22,,,71.3334,,94.0,,78.33330000000001,81.3334,110.0,105.8334
2017-12-26,,,71.3334,,94.8334,,78.8167,80.8334,110.5,105.5
2017-12-27,,,70.6666,,95.0,,78.5834,80.6666,110.0,105.8334
2017-12-28,,,70.4,,95.0,,78.1,80.8,110.5,105.8
2017-12-29,,,70.75,,94.8,,79.19999999999999,80.6,110.5,106.0
2018-01-02,,,72.2,,94.6666,,78.63329999999999,80.6,110.5,105.4
2018-01-03,,,70.4,,94.75,,79.19999999999999,80.8,110.5,105.8
2018-01-04,,,72.0,,92.8,,78.3,79.0,110.0,105.4
2018-01-05,,,70.8,,94.0,,78.3,80.6,110.4,105.8
2018-01-08,,,70.0,,93.5,,78.2,80.2,110.4,105.4
2018-01-09,,,73.2,,93.8,,78.0,80.4,109.0,106.2
2018-01-10,,,72.6,,94.2,,78.4,80.4,110.0,105.5
2018-01-11,,,72.2,,91.8,,83.725,80.4,110.8,105.75
2018-01-12,,,73.2,,92.8,,79.4,80.8,110.5,106.4
2018-01-15,,,70.6,,95.0,,67.2,79.2,110.5,106.0
2018-01-16,,,70.6,,92.5,,77.0,79.4,110.5,105.8
2018-01-17,,,70.6,,92.3334,,76.5,77.6,110.5,105.8
2018-01-18,,,71.4,,91.25,,75.4,79.2,110.5,105.8
2018-01-19,,,69.6,,90.25,,76.8,78.8,110.5,105.8
2018-01-22,,,70.2,,88.0,,71.69999999999999,75.8,110.5,105.4
2018-01-23,,,70.8334,,87.2,,72.5,75.6,110.5,105.4
2018-01-24,,,72.2,,87.2,,73.0,75.2,109.0,105.2
2018-01-25,,,71.3334,,79.6,,72.69999999999999,77.2,110.5,105.4
2018-01-26,,,70.8,,80.0,,72.0,75.0,110.5,104.8
2018-01-29,,,70.75,,76.2,,71.0,74.2,110.0,103.6
2018-01-30,,,70.5,,75.6,,69.0,74.8,110.5,104.2
2018-02-01,,,71.0,,74.0,,67.6,73.4,110.0,104.4
2018-02-02,,,72.2,,74.6,,73.8,74.0,110.5,103.8
2018-02-05,,,71.4,,73.4,,68.9,73.2,109.0,95.75
2018-02-07,,,71.6,,72.8,,70.0,72.0,108.2,97.0
2018-02-08,,,71.4,,73.8,,67.3,71.8,110.5,96.8
2018-02-09,,,72.8,,75.0,,67.7,71.6,110.25,96.6
2018-02-12,,,70.8,,73.2,,67.69999999999999,73.2,107.0,96.8
2018-02-14,,,70.4,,78.0,,67.5,72.2,107.8,97.6
2018-02-15,,,70.8,,72.8,,66.5,72.6,107.8,97.6
2018-02-16,,,70.8,,72.0,,66.7,72.0,108.2,97.2
2018-02-19,,,71.0,,73.8,,67.69999999999999,72.6,107.8,96.8
2018-02-20,,,71.0,,73.8,,73.19999999999999,71.4,107.6,97.0
2018-02-21,,,70.4,,75.4,,67.5,73.2,107.2,97.2
2018-02-22,,,70.6,,73.8,,69.0,72.8,106.4,96.8
2018-02-23,,,70.4,,74.8,,69.1,72.8,107.75,97.4
2018-02-26,,,70.6,,79.8,,70.2,74.2,109.0,99.0
2018-02-27,,,70.8,82.5,77.2,,70.3,73.8,107.4,97.2
2018-02-28,,,71.0,83.3334,77.2,,71.6,74.4,108.6,98.2
2018-03-02,,,70.8,83.0,78.6,,71.30000000000001,74.6,108.25,99.8
2018-03-05,,,72.25,83.6666,77.6,,72.5,74.6,108.6,100.8
2018-03-06,,,72.25,84.3334,75.8,,72.2,74.4,107.8,101.8
2018-03-07,,,71.0,83.0,78.2,,71.6,74.8,107.6,101.4
2018-03-08,,,71.75,83.3334,77.6,,71.4,73.2,106.6,102.4
2018-03-09,,,71.4,83.3334,78.0,,71.8,73.0,107.0,99.6
2018-03-12,,,72.2,84.5,79.6,,71.0,74.6,107.0,101.4
2018-03-13,,,72.75,84.5,78.2,,71.6,73.4,107.6,101.0
2018-03-14,,,71.2,84.5,79.6,,71.8,73.8,107.8,99.8
2018-03-15,,,72.2,,79.6,,71.8,74.4,107.8,101.8
2018-03-16,70.75,,82.5,73.2,75.8,,58.3,73.0,107.2,99.6
2018-03-19,,,70.0,,80.0,,72.2,74.2,107.4,99.8
2018-03-20,,,70.0,,78.4,,72.1,73.8,107.8,100.6
2018-03-21,,,70.0,,80.8,,72.69999999999999,74.0,107.8,102.4
2018-03-22,,,70.6666,,80.8,,72.5,74.0,108.0,102.8
2018-03-23,,,70.8,,80.6,,72.30000000000001,74.2,108.2,103.4
2018-03-26,,,70.4,,79.8,,74.0,72.6,107.8,100.8
2018-03-27,,,73.5,,79.4,,73.9,73.0,107.8,100.6
2018-03-28,71.6666,,66.6,73.6,76.4,,60.5,73.4,112.0,99.6
2018-04-02,71.6666,,86.25,73.6,75.8,,58.1,73.0,112.2,103.0
2018-04-03,72.6666,,40.8,72.4,75.6,,95.6,72.2,108.8,102.6
2018-04-04,70.3334,,77.5,72.0,76.2,,56.400000000000006,72.2,109.2,102.4
2018-04-05,70.8,,85.0,72.0,75.4,,55.9,71.8,107.8,102.4
2018-04-06,70.0,,85.0,71.0,75.2,,54.8,70.4,108.6,102.0
2018-04-09,57.8,,95.0,71.2,74.0,,53.5,71.2,108.6,101.4
2018-04-10,72.2,,91.67,72.0,75.2,,53.2,71.4,108.6,104.0
2018-04-11,73.0,,115.0,71.2,75.4,,54.099999999999994,70.8,108.2,101.6
2018-04-12,72.0,,100.0,71.6,74.6,,56.5,69.6,111.0,103.8
2018-04-17,72.0,,85.0,71.6,74.6,,56.5,69.6,111.0,103.8
2018-04-18,73.0,,40.67,71.2,75.2,,95.83500000000001,70.2,108.6,101.2
2018-04-19,73.0,,39.0,71.0,75.4,,94.6,70.0,108.2,101.2
2018-04-20,73.0,,39.0,71.2,75.4,,97.3,70.2,108.6,102.0
2018-04-23,248.0,,110.0,71.2,75.6,,54.900000000000006,69.6,108.6,102.2
2018-04-24,248.0,,201.0,70.8,75.2,,65.1,69.6,108.6,101.8
2018-04-25,250.0,,100.0,70.8,75.0,,55.5,69.8,107.8,100.8
2018-04-26,248.0,,59.2,71.2,75.2,,55.699999999999996,70.0,108.6,101.4
2018-04-27,248.0,,58.6,71.0,75.0,,89.965,70.2,107.8,101.6
2018-05-01,,,,,79.4,,72.8,70.4,108.2,101.6
2018-05-02,248.0,,67.6,70.2,75.2,,86.13499999999999,74.4,108.2,101.6
2018-05-03,247.0,,69.8,70.8,75.2,,91.83500000000001,82.0,108.6,102.2
2018-05-04,248.0,,78.0,70.8,75.6,,90.83500000000001,85.0,109.0,103.4
2018-05-08,248.0,,126.25,71.2,75.6,,74.41499999999999,85.0,108.6,103.2
2018-05-09,249.0,,83.6,71.4,75.6,,101.925,84.8,109.2,103.2
2018-05-10,249.0,,83.0,71.0,75.0,,102.55,82.2,109.2,102.4
2018-05-11,249.0,,82.0,70.6,75.0,,103.125,83.6,109.2,102.8
2018-05-14,248.0,,80.8,71.0,74.6,,102.85,83.8,108.6,103.0
2018-05-15,248.0,,81.0,71.0,74.4,,102.5,83.6,108.2,102.6
2018-05-16,,,,,79.6,,75.65,70.6,109.0,102.8
2018-05-17,,,,,79.2,,75.4,70.8,108.8,102.8
2018-05-21,248.0,,105.0,69.8,74.6,,74.625,81.2,108.2,103.8
2018-05-22,248.0,,105.0,69.4,74.8,,74.8,80.8,108.4,103.4
2018-05-23,248.0,,101.0,69.2,74.8,,73.2,81.0,109.2,103.2
2018-05-24,248.0,,69.2,69.4,74.8,,104.0,81.0,107.8,102.6
2018-05-25,247.0,,67.6,69.6,74.8,,102.0,80.2,107.8,103.2
2018-05-28,247.0,,142.0,69.4,75.2,,75.0,81.6,107.6,103.2
2018-05-30,248.0,,75.8,69.6,74.8,,108.8,80.0,107.8,103.0
2018-05-31,249.0,,75.0,69.2,74.6,,103.63499999999999,79.2,108.4,102.6
2018-06-05,249.0,,77.6,67.4,74.2,,105.55,79.0,108.4,102.6
2018-06-06,249.0,,135.0,67.6,74.6,,78.5,78.8,108.4,102.8
2018-06-07,249.0,,81.6,67.2,74.4,,104.4333,79.0,108.4,102.2
2018-06-08,249.0,,81.0,66.2,74.6,,104.83330000000001,78.4,108.4,101.8
2018-06-11,248.0,,174.0,66.8,74.0,,78.2,78.2,107.8,102.6
2018-06-12,248.0,,81.6,67.4,73.8,,122.83330000000001,78.4,107.8,102.6
2018-06-13,247.0,,81.2,67.2,73.8,,110.125,79.6,108.0,102.6
2018-06-14,248.0,,81.8,67.8,73.8,,102.25,80.8,108.6,103.2
2018-06-18,248.0,,81.4,66.4,74.2,,110.125,88.2,108.8,103.6
2018-06-19,248.0,,82.4,66.8,74.2,,106.08330000000001,88.0,108.6,103.4
2018-06-20,248.0,,129.0,66.8,73.8,,79.4333,90.0,107.8,103.2
2018-06-21,248.0,,86.2,67.4,73.8,,98.08330000000001,90.0,108.2,103.6
2018-06-22,248.0,,94.6,66.0,73.6,,101.08330000000001,90.0,109.2,102.8
2018-06-25,248.0,,91.8,66.8,73.0,,105.0,90.0,108.2,102.6
2018-06-26,248.0,,90.4,66.8,73.0,,105.0,90.0,108.2,102.6
2018-06-28,136.0,,135.0,66.4,73.4,,175.8,90.8,108.6,102.2
2018-06-29,138.0,,106.25,66.0,72.4,,189.5,91.8,108.0,101.8
2018-07-02,136.0,,139.2,65.4,71.6,,174.0,91.2,108.2,101.8
2018-07-03,254.0,,137.0,65.8,70.6,,79.5,91.6,107.6,100.6
2018-07-04,127.5,,141.67,65.4,71.4,,175.5,91.4,108.0,101.2
2018-07-05,135.0,,138.33,65.0,71.2,,176.8,93.4,108.2,101.4
2018-07-06,130.0,,82.4,64.8,71.8,,204.33499999999998,93.4,108.2,101.6
2018-07-09,120.0,,81.4,69.2,70.6,,206.33499999999998,93.8,108.2,101.0
2018-07-10,122.5,,81.2,64.8,70.4,,200.5,94.0,107.8,100.8
2018-07-11,122.5,,81.4,65.4,70.8,,204.0,95.0,107.8,101.2
2018-07-12,115.0,,81.0,65.0,70.4,,207.0,93.8,108.2,101.4
2018-07-13,117.0,,82.8,65.2,70.4,,219.875,94.2,108.0,101.4
2018-07-16,115.0,,85.2,63.8,70.8,,223.0,94.2,108.2,101.2
2018-07-17,95.0,,89.33,63.4,70.4,,224.25,94.2,108.2,101.0
2018-07-18,97.5,,89.33,62.6,69.8,,224.75,93.8,107.8,101.0
2018-07-19,96.25,,89.33,62.2,69.4,,225.75,93.2,107.2,100.8
2018-07-20,95.0,,88.33,62.8,70.2,,223.0,93.6,107.8,100.8
2018-07-23,255.0,,98.75,76.8,62.4,,90.6,69.2,108.2,101.0
2018-07-24,249.0,,98.75,76.0,62.4,,90.95,69.2,107.2,100.0
2018-07-25,248.0,,97.0,76.4,62.2,,93.5,69.2,108.2,101.0
2018-07-26,248.0,,127.5,76.2,63.2,,92.5,69.0,108.2,102.0
2018-07-30,248.0,,115.0,76.2,62.6,,93.4333,69.2,107.8,100.8
2018-07-31,248.0,,114.0,76.4,63.4,,94.1,69.6,108.2,101.0
2018-08-01,248.0,,114.0,76.2,64.8,,93.5,69.6,108.2,101.0
2018-08-02,248.0,,114.0,76.4,64.4,,93.4,66.8,108.0,102.0
2018-08-03,248.0,,114.0,76.6,64.8,,95.15,70.2,108.2,101.6
2018-08-06,106.0,,88.6,66.0,70.4,,197.75,100.0,107.8,101.8
2018-08-07,105.0,,89.2,67.2,73.2,,195.8,100.8,108.2,100.8
2018-08-08,104.0,,88.8,66.8,72.2,,196.0,101.4,108.2,101.4
2018-08-09,,,,92.0,76.6,,71.6,66.0,108.0,102.2
2018-08-10,,,,92.0,77.0,,73.2,67.8,108.0,101.0
2018-08-13,,,,92.0,77.4,,71.6,67.8,108.2,101.8
2018-08-14,,,,92.0,78.2,,74.0,67.4,108.2,101.8
2018-08-15,,,,92.0,78.6,,73.8,67.12,107.6,102.8
2018-08-16,,,,92.0,77.0,,74.8,68.2,112.2,104.0
2018-08-17,,,,,77.4,,73.8,66.8,108.2,102.4
2018-08-20,,,,90.0,78.0,,73.6,67.4,108.2,102.2
2018-08-21,,,,90.0,78.4,,74.0,67.2,108.6,102.6
2018-08-23,243.0,,95.0,77.4,67.4,,95.4,73.4,108.6,102.0
2018-08-24,243.0,,97.0,78.4,68.0,,94.4,74.0,108.2,101.8
2018-08-27,241.0,,98.0,79.2,66.4,,94.6,72.8,109.0,102.0
2018-08-28,72.0,,78.6,77.0,67.2,,172.5,73.0,109.0,102.0
2018-08-29,241.0,,106.0,77.2,67.6,,95.175,72.8,109.0,101.6
2018-09-03,242.0,,99.0,76.4,67.0,,96.3,72.0,108.2,99.6
2018-09-04,242.0,,103.0,77.6,67.0,,97.05,72.4,108.2,99.8
2018-09-05,241.0,,100.0,78.0,67.4,,96.1,71.6,108.2,101.0
2018-09-06,89.0,,76.8,66.4,72.4,,160.0,115.0,108.6,101.6
2018-09-07,,,,90.0,76.6,,72.0,67.0,108.2,100.0
2018-09-10,,,,90.0,77.6,,71.6,67.2,109.2,99.4
2018-09-11,241.0,,102.0,77.0,67.4,,96.3,71.6,108.6,99.8
2018-09-12,241.0,,102.0,76.8,66.8,,96.0,72.4,108.6,100.6
2018-09-13,,,,90.0,77.0,,71.6,66.8,108.6,100.2
2018-09-14,,,,90.0,77.2,,71.6,67.2,108.6,98.6
2018-09-17,,,,90.0,77.0,,72.0,67.0,109.0,98.4
2018-09-18,239.0,,101.0,76.8,66.8,,107.8,71.6,108.6,98.2
2018-09-19,86.25,,87.0,66.8,72.0,,156.0,125.0,108.6,97.8
2018-09-20,,,,90.0,76.8,,71.2,66.8,109.2,97.8
2018-09-21,,,,90.0,77.4,,71.8,66.8,108.6,99.0
2018-09-25,,,,90.0,77.6,,71.6,66.6,108.6,98.4
2018-09-26,242.0,,98.0,76.4,67.0,,99.2,72.2,108.2,97.6
2018-09-27,242.0,,97.0,77.0,67.0,,100.0,72.2,108.2,97.2
2018-09-28,,,,90.0,76.6,,71.4,66.8,108.2,98.2
2018-10-01,243.0,,97.0,77.8,67.8,,102.13329999999999,72.0,108.2,97.6
2018-10-02,247.0,,96.0,79.0,66.8,,101.3,71.6,108.0,96.8
2018-10-03,,,,90.0,78.6,,71.0,67.2,107.8,97.0
2018-10-04,,,,90.0,79.0,,72.6,66.8,107.2,97.2
2018-10-05,,,,90.0,79.0,,74.2,68.0,107.4,97.0
2018-10-08,,,,90.0,79.0,,74.0,68.6,107.4,97.6
2018-10-09,,,,90.0,79.8,,75.2,68.8,108.8,98.8
2018-10-10,,,,90.0,80.4,,75.8,69.0,108.8,98.2
2018-10-11,,,,90.0,80.2,,73.6,68.6,108.6,98.6
2018-10-12,,,,90.0,79.8,,75.4,68.6,107.8,97.6
2018-10-15,,,,88.0,80.4,,76.8,68.8,107.8,98.8
2018-10-16,,,,86.0,80.4,,78.4,68.8,108.0,98.4
2018-10-17,,,,86.0,80.4,,78.4,68.8,108.2,98.4
2018-10-18,,,,86.0,80.6,,78.6,68.8,108.4,98.4
2018-10-19,,,,86.0,80.0,,77.0,69.6,107.8,98.4
2018-10-22,,,,86.0,79.8,,77.6,68.6,107.8,98.8
2018-10-23,,,,86.0,80.4,,77.8,69.2,107.8,99.2
2018-10-25,,,,86.0,79.8,,77.8334,68.8,107.8334,99.3334
2018-10-26,,,,86.0,79.8,,79.2,69.4,108.2,100.0
2018-10-29,,,,84.0,80.0,,78.2,70.0,108.2,100.4
2018-10-30,,,,86.0,81.2,,78.2,69.6,107.8,99.6
2018-10-31,,,,86.0,80.4,,78.8,69.8,108.2,99.8
2018-11-01,,,,86.0,81.4,,79.0,69.8,108.4,99.8
2018-11-02,,,,86.0,80.4,,79.0,69.6,107.8,99.2
2018-11-05,,,,86.0,81.2,,78.8,69.6,107.6,99.6
2018-11-07,,,,86.0,80.8,,78.4,70.0,107.8,99.2
2018-11-08,,,,86.0,81.2,,78.6,69.6,107.6,99.2
2018-11-09,,,,86.0,81.0,,78.8,70.4,107.8,99.6
2018-11-12,,,,86.0,81.0,,78.6,70.4,107.8,100.0
2018-11-13,,,,86.0,81.0,,78.4,70.4,107.6,99.2
2018-11-14,,,,86.0,81.0,,78.6,70.8,108.4,101.4
2018-11-15,,,,86.0,81.2,,78.6,70.0,107.4,99.6
2018-11-16,,,,86.0,80.8,,78.2,70.2,108.4,99.6
2018-11-19,,,,86.0,82.0,,77.8,70.4,107.2,99.6
2018-11-21,,,,86.0,82.0,,78.2,70.4,107.2,100.0
2018-11-23,,,,87.0,82.2,,78.8,70.8,107.2,99.8
2018-11-26,,,,87.0,83.6,,80.8,70.8,107.0,100.8
2018-11-27,,,,88.0,83.2,,81.6,70.8,107.0,100.0
2018-11-28,,,,88.0,82.4,,80.8,70.8,107.2,99.8
2018-11-29,,,,88.0,84.6,,80.4,70.8,107.2,99.6
2018-11-30,,,,88.0,84.0,,80.4,70.4,107.6,99.6
2018-12-03,110.0,,91.0,84.6,70.8,,184.5,80.8,107.4,99.8
2018-12-04,,,,88.0,84.2,,80.8,70.8,107.6,100.4
2018-12-05,,,,88.0,84.8,,80.8,70.8,107.4,100.0
2018-12-06,,,,88.0,85.0,,80.8,70.8,107.8,99.6
2018-12-07,,,,88.0,84.8,,80.8,70.8,107.4,99.6
2018-12-10,,,,88.0,83.8,,80.8,71.2,107.8,99.6
2018-12-11,,,,88.0,85.0,,81.0,70.8,107.6,99.6
2018-12-12,,,,88.0,84.6,,81.0,70.8,107.0,100.6
2018-12-13,,,,,85.4,,81.4,70.8,106.6,100.0
2018-12-14,,,,,85.4,,80.8,70.8,109.2,99.6
2018-12-17,,,,,85.4,,81.2,71.2,108.4,100.8
2018-12-18,,,,,85.6,,81.2,71.2,108.4,101.6
2018-12-19,,,,90.0,84.8,,81.2,71.2,108.4,101.4
2018-12-20,,,,90.0,85.2,,81.2,70.8,108.4,101.4
2018-12-21,,,,90.0,85.2,,81.2,70.8,108.4,101.2
2018-12-24,,,,90.0,85.6,,81.2,71.2,107.8,101.0
2018-12-26,,,,90.0,85.4,,81.2,71.2,108.4,101.2
2018-12-27,,,,90.0,87.8,,81.2,71.2,108.4,100.4
2018-12-28,,,,90.0,85.6,,81.2,70.8,108.2,100.6
2018-12-31,,,,90.0,85.4,,81.0,71.2,107.8,100.8
2019-01-01,,,,90.0,85.6,,81.2,71.2,108.2,101.0
2019-01-02,,,,90.0,85.4,,81.0,71.0,107.8,100.8
2019-01-03,,,,90.0,85.4,,81.0,71.2,107.8,101.2
2019-01-04,,,,90.0,87.8,,81.2,71.0,107.8,100.2
2019-01-07,,,,90.0,85.4,,80.6,71.0,106.4,100.4
2019-01-08,,,,,85.4,,80.6,68.8,107.8,100.6
2019-01-09,,,,90.0,85.0,,80.6,70.8,107.8,100.0
2019-01-10,,,,90.0,85.4,,81.0,71.2,107.8,100.6
2019-01-11,,,,90.0,85.6,,80.8,70.8,107.8,100.2
2019-01-14,,,,90.0,85.4,,80.0,70.8,108.4,100.8
2019-01-16,,,,90.0,85.8,,80.8,70.6,107.8,100.8
2019-01-17,,,,90.0,85.4,,80.8,70.2,108.2,99.8
2019-01-18,,,,90.0,84.8,,80.8,70.2,107.8,99.8
2019-01-21,,,,90.0,84.4,,80.4,70.4,108.2,100.4
2019-01-22,,,,90.0,81.8,,80.2,71.0,107.0,101.4
2019-01-23,,,,90.0,83.8,,77.2,71.4,109.0,100.6
2019-01-24,,,,90.0,83.0,,77.6,69.6,107.4,97.8
2019-01-25,,,,90.0,83.6,,79.2,69.6,106.8,99.4
2019-01-28,,,,90.0,82.4,,76.8,70.4,107.8,97.2
2019-01-29,,,,90.0,80.8,,78.0,69.2,109.0,98.4
2019-01-30,,,,90.0,77.8,,76.2,69.0,106.2,96.0
2019-01-31,,,,90.0,78.0,,76.4,70.8,109.2,97.2
2019-02-01,,,,90.0,78.0,,77.2,68.8,108.4,95.6
2019-02-05,,,,90.0,78.0,,77.2,68.8,108.4,95.6
2019-02-06,,,,90.0,78.6,,77.0,68.8,107.8,96.8
2019-02-07,,,,90.0,79.4,,75.8,68.2,107.4,93.6
2019-02-08,,,,90.0,78.6,,75.6,68.8,107.4,93.6
2019-02-11,,,,90.0,77.6,,74.8,69.0,107.2,92.0
2019-02-12,,,,90.0,78.8,,75.8,69.2,106.4,92.8
2019-02-13,,,,90.0,77.8,,76.0,69.2,108.0,94.2
2019-02-14,,,,90.0,78.6,,76.2,68.8,106.8,90.8
2019-02-15,,,,85.0,74.2,,74.8,68.6,106.0,89.2
2019-02-18,,,,90.0,75.2,,68.8,68.0,105.6,86.0
2019-02-21,,,,90.0,74.75,,70.4,68.25,107.0,89.2
2019-02-22,,,,90.0,73.0,,72.4,66.2,105.4,85.0
2019-02-25,,,,90.0,77.2,,70.8,66.2,105.4,86.2
2019-02-26,,,,85.0,74.4,,70.4,66.2,105.4,86.2
2019-02-27,,,,90.0,72.4,,72.0,66.4,105.6,82.4
2019-02-28,,,,90.0,74.2,,69.6,66.4,104.4,84.4
2019-03-01,,,,90.0,72.8,,69.6,66.2,104.0,84.0
2019-03-05,,,,90.0,74.4,,69.6,66.0,105.4,82.5
2019-03-06,,,,90.0,74.4,,68.4,65.8,105.6,80.4
2019-03-07,,,,90.0,74.4,,68.8,66.8,105.4,81.0
2019-03-08,92.0,,82.5,74.2,66.0,,152.6,68.8,105.6,81.4
2019-03-11,78.0,,51.2,74.2,66.4,,184.25,67.2,105.6,80.8
2019-03-12,77.0,,51.2,74.6,65.4,,183.25,66.8,105.6,80.8
2019-03-13,,,,90.0,74.2,,69.2,66.0,102.8,79.6
2019-03-14,,,,90.0,74.0,,67.4,66.6,102.8,79.6
2019-03-15,,,,90.0,74.0,,66.8,65.8,104.4,75.2
2019-03-18,,,,90.0,74.4,,67.0,65.2,104.4,80.0
2019-03-19,,,,90.0,74.2,,66.6,65.8,103.2,80.4
2019-03-21,,,,90.0,74.2,,66.8,66.0,104.4,80.0
2019-03-22,,,,90.0,74.8,,67.2,65.2,104.4,79.2
2019-03-25,,,,90.0,75.0,,67.2,64.8,104.2,79.6
2019-03-26,,,,90.0,75.4,,68.2,65.0,104.4,79.6
2019-03-27,,,,90.0,74.25,,67.2,66.0,103.8,80.6
2019-03-28,,,,90.0,76.0,,69.0,65.2,105.8,80.8
2019-03-29,,,,90.0,76.2,,69.2,66.0,106.2,81.4
2019-04-01,,,,90.0,76.6,,69.2,66.6,106.2,80.8
2019-04-02,,,,85.0,76.2,,68.2,64.6,106.0,80.0
2019-04-03,,,,85.0,76.4,,67.6,65.6,101.8,80.4
2019-04-04,,,,88.0,76.6,,71.8,65.8,101.8,80.0
2019-04-05,,,,88.0,77.2,,71.0,66.0,98.4,80.0
2019-04-08,,,,88.0,77.4,,74.6,65.6,102.0,82.4
2019-04-09,,,,90.0,77.6,,74.4,64.8,95.4,80.6
2019-04-10,,,,90.0,79.2,,75.8,66.0,98.0,81.0
2019-04-11,,,,90.0,79.4,,75.6,66.2,96.4,80.0
2019-04-12,,,,90.0,79.6,,76.2,66.4,98.0,80.4
2019-04-17,,,,90.0,78.6,,73.8,66.4,100.0,80.6
2019-04-18,,,,90.0,80.0,,75.0,66.0,101.4,82.8
2019-04-23,,,,90.0,77.8,,77.2,65.4,109.2,84.2
2019-04-24,,,,90.0,78.6,,78.4,66.4,106.8,84.6
2019-04-25,,,,90.0,79.6,,77.2,66.4,106.6,83.4
2019-04-26,,,,90.0,82.2,,72.0,67.0,106.2,83.0
2019-04-29,,,,90.0,82.8,,79.2,66.6,106.4,86.6
2019-04-30,,,,84.0,82.8,,79.2,65.0,102.8,84.6
2019-05-02,,,,87.0,81.6,,79.6,66.4,100.2,84.2
2019-05-03,,,,85.0,83.0,,79.6,66.2,99.4,82.8
2019-05-06,,,,85.5,83.2,,80.0,67.2,98.6,82.4
2019-05-07,,,,85.0,81.4,,79.2,66.6,100.2,84.0
2019-05-08,,,,85.0,82.4,,79.2,68.6,96.2,83.6
2019-05-09,,,,86.2,83.0,,79.2,66.8,97.2,84.6
2019-05-10,,,,85.4,83.0,,78.6,67.4,97.2,84.0
2019-05-13,,,,85.4,82.8,,80.2,68.8,100.8,84.2
2019-05-14,,,,85.0,83.2,,79.2,67.6,95.8,84.2
2019-05-15,,,,85.0,83.4,,79.6,67.4,96.2,85.4
2019-05-16,,,,85.4,83.6,,79.4,68.4,95.2,84.2
2019-05-17,,,,85.6,82.4,,80.0,67.2,95.4,83.6
2019-05-21,,,,85.6,83.2,,79.6,68.4,95.8,84.4
2019-05-22,,,,87.0,84.2,,78.6,68.6,94.8,84.2
2019-05-23,,,,85.6,83.4,,78.8,68.8,95.6,84.4
2019-05-27,,,,87.0,84.6,,79.2,68.8,95.6,84.6
2019-05-28,,,,87.0,84.6,,79.2,69.0,94.8,83.2
2019-05-29,,,,86.8,84.6,,79.2,68.8,95.2,84.4
2019-05-30,,,,86.75,84.4,,79.0,68.4,95.2,84.4
2019-05-31,,,,86.75,84.0,,78.8,68.4,94.2,84.0
2019-06-03,,,,86.5,84.0,,78.4,68.8,95.0,84.4
2019-06-04,,,,86.5,84.0,,78.4,68.8,95.0,84.4
2019-06-06,,,,86.5,82.0,,78.2,69.0,94.8,82.8
2019-06-07,,,,87.3334,81.0,,79.0,68.2,94.24,81.8
2019-06-10,,,,87.3334,80.8,,77.8,68.2,94.6,81.6
2019-06-11,,,,86.6666,80.8,,77.8,68.2,95.2,81.6
2019-06-12,,,,86.5,79.6,,78.8,67.8,94.8,81.6
2019-06-13,,,,86.0,79.6,,76.4,67.8,94.8,81.2
2019-06-14,,,,86.25,80.0,,78.4,66.8,94.4,80.8
2019-06-17,,,,86.25,79.0,,77.2,68.8,94.4,81.2
2019-06-18,,,,,79.0,,77.2,67.0,94.4,80.0
2019-06-19,,,,,78.8,,77.4,67.0,94.4,80.4
2019-06-20,,,,,79.2,,77.0,67.2,94.4,80.4
2019-06-21,,,,,79.2,,76.8,66.8,94.2,80.4
2019-06-24,,,,,79.0,,77.0,67.0,94.2,80.8
2019-06-25,,,,,78.8,,76.8,66.8,94.6,80.0
2019-06-26,,,,,79.2,,76.6,66.4,94.0,80.0
2019-06-27,,,,,79.6,,76.6,66.4,94.0,79.6
2019-06-28,,,,,79.6,,76.6,66.4,94.0,79.6
2019-07-01,,,,,79.2,,77.2,66.8,93.2,80.0
2019-07-02,,,,,78.8,,77.0,66.6,93.2,80.0
2019-07-03,,,,,78.6,,76.2,66.8,93.6,79.8
2019-07-04,,,,,79.0,,76.4,66.4,93.2,80.0
2019-07-05,,,,,78.8,,76.6,66.4,93.0,80.4
2019-07-08,,,,,79.0,,76.4,66.4,92.0,79.6
2019-07-09,,,,,79.0,,76.6,66.6,91.0,79.6
2019-07-10,,,,,78.8,,76.8,66.6,91.6,80.4
2019-07-11,,,,,78.8,,76.6,66.4,91.6,80.0
2019-07-12,,,,,78.8,,76.4,66.6,91.0,79.6
2019-07-15,,,,,78.8,,76.6,68.8,87.4,80.4
2019-07-17,,,,,78.8,,76.4,68.8,90.2,80.0
2019-07-18,,,,,79.0,,76.8,68.6,91.0,80.0
2019-07-19,,,,,78.8,,76.4,69.0,90.2,79.6
2019-07-23,,,,,79.2,,76.6,69.6,88.6,80.0
2019-07-24,,,,,77.4,,77.6,70.0,91.4,82.6
2019-07-25,,,,,79.6,,77.6,69.2,90.2,80.0
2019-07-26,,,,,79.2,,77.6,69.2,90.2,80.0
2019-07-29,,,,,80.8,,79.0,70.8,89.4,81.4
2019-07-30,,,,,80.2,,79.0,70.0,90.2,80.6
2019-08-02,,,,87.0,80.8,,79.2,71.2,89.2,81.4
2019-08-06,,,,87.5,82.0,,80.4,71.8,90.4,82.0
2019-08-07,,,,87.5,81.6,,81.6,72.0,91.2,81.2
2019-08-08,,,,87.0,82.0,,80.8,72.4,90.2,81.0
2019-08-09,,,,87.0,82.0,,82.0,72.4,90.2,82.0
2019-08-13,,,,87.5,81.4,,80.8,73.0,90.2,82.0
2019-08-15,,,,87.5,82.0,,81.0,71.2,90.2,81.2
2019-08-16,,,,87.5,82.0,,82.0,71.4,90.2,81.2
2019-08-19,,,,87.5,82.6,,81.4,71.8,90.2,81.4
2019-08-20,,,,87.5,82.6,,81.2,72.8,90.2,82.4
2019-08-21,,,,87.5,82.8,,81.4,72.8,90.2,82.6
2019-08-22,,,,88.0,82.6,,81.4,72.6,90.0,82.4
2019-08-23,,,,88.0,82.6,,81.2,72.4,90.2,82.4
2019-08-26,,,,86.4,83.4,,81.2,71.0,91.4,83.0
2019-08-27,,,,88.0,83.0,,81.6,72.6,90.6,83.0
2019-08-28,,,,88.0,83.4,,81.0,72.4,90.4,83.2
2019-08-29,,,,88.0,83.8,,82.6,72.6,90.4,84.2
2019-08-30,,,,88.0,84.0,,82.6,72.6,91.4,84.0
2019-09-03,,,,88.0,84.6,,83.2,73.4,91.4,84.6
2019-09-04,,,,88.0,84.6,,82.8,73.8,91.4,84.0
2019-09-05,,,,88.0,84.6,,83.8,73.8,91.6,84.6
2019-09-06,,,,88.0,84.6,,83.8,73.8,91.6,84.6
2019-09-09,,,,89.0,85.6,,84.2,74.6,91.8,85.2
2019-09-10,,,,90.0,86.6,,84.2,74.6,91.8,86.4
2019-09-12,,,,90.0,86.8,,84.4,77.8,95.0,85.8
2019-09-16,,,,90.0,87.2,,83.8,76.6,93.2,86.6
2019-09-17,,,,92.0,85.8,,84.6,79.2,93.4,86.2
2019-09-18,,,,91.0,86.8,,83.8,78.2,93.4,87.0
2019-09-19,,,,91.0,86.8,,84.2,79.0,94.0,86.6
2019-09-20,,,,92.5,87.4,,84.8,79.2,94.2,87.6
2019-09-23,,,,91.0,87.6,,85.8,79.4,94.6,87.4
2019-09-24,,,,91.0,87.4,,86.0,79.6,95.4,88.0
2019-09-25,,,,92.0,88.2,,85.6,79.2,95.8,87.8
2019-09-26,,,,92.0,87.6,,87.8,79.0,95.6,88.8
2019-09-27,,,,92.0,88.0,,86.6,79.8,95.4,88.4
2019-09-30,,,,93.0,88.6,,86.4,79.6,95.6,88.6
2019-10-01,,,,94.5,88.6,,87.2,79.0,95.6,89.2
2019-10-02,,,,94.5,88.2,,87.2,79.0,95.8,89.6
2019-10-03,,,,94.5,89.0,,87.6,79.4,96.4,89.0
2019-10-04,,,,94.5,88.6,,86.8,79.4,95.8,89.2
2019-10-07,,,,94.5,89.4,,87.4,79.8,96.2,89.2
2019-10-08,,,,95.0,88.6,,86.6,80.8,96.4,89.6
2019-10-09,,,,94.5,88.6,,86.8,80.8,96.4,89.6
2019-10-10,,,,95.5,89.2,,87.6,80.8,97.2,91.2
2019-10-11,,,,95.5,89.2,,87.6,80.8,97.4,89.8
2019-10-14,,,,95.5,88.6,,88.2,81.2,96.4,91.0
2019-10-15,,,,95.5,89.4,,88.8,82.8,98.0,90.8
2019-10-16,,,,95.5,89.4,,88.8,84.4,98.8,90.4
2019-10-17,,,,95.5,90.8,,89.0,84.6,98.8,91.2
2019-10-18,,,,95.5,91.2,,89.0,84.6,98.6,90.8
2019-10-21,,,,95.5,90.8,,89.0,84.6,98.8,90.8
2019-10-22,,,,95.5,90.8,,88.4,84.4,98.4,91.2
2019-10-23,,,,95.5,91.2,,89.2,84.6,98.6,90.8
2019-10-24,,,,95.5,90.8,,89.0,84.6,98.6,91.2
2019-10-25,,,,95.5,90.8,,89.0,84.6,99.0,91.2
2019-10-28,,,,95.5,91.2,,90.0,86.8,99.2,91.4
2019-10-29,,,,97.0,91.8,,89.6,86.8,98.6,91.2
2019-10-30,,,,97.0,91.6,,89.4,88.8,98.8,91.2
2019-10-31,,,,96.0,90.8,,89.6,89.0,99.2,90.8
2019-11-01,,,,97.0,92.2,,89.2,89.0,99.0,91.2
2019-11-04,,,,97.5,92.6,,90.8,89.2,98.8,91.4
2019-11-05,,,,97.5,92.0,,90.8,89.6,99.0,91.4
2019-11-06,,,,97.5,92.0,,89.6,89.8,99.0,91.2
2019-11-07,,,,97.0,92.8,,90.8,89.2,99.0,91.6
2019-11-08,,,,97.5,92.8,,90.6,89.2,99.4,92.2
2019-11-11,,,,97.5,93.0,,91.4,89.8,99.4,92.8
2019-11-13,,,,97.5,93.2,,91.4,89.8,99.6,92.8
2019-11-14,,,,97.5,94.0,,90.6,89.4,99.2,93.6
2019-11-15,,,,97.5,93.8,,91.2,89.2,99.4,93.4
2019-11-18,,,,97.5,92.8,,91.8,89.6,99.4,92.2
2019-11-19,,,,97.5,93.2,,91.4,89.8,99.4,93.0
2019-11-20,,,,97.5,93.8,,91.8,90.4,99.2,92.6
2019-11-21,,,,98.0,94.6,,94.0,90.2,99.4,94.6
2019-11-22,,,,98.0,95.0,,94.6,90.0,99.4,94.8
2019-11-25,,,,100.0,96.6,,96.0,95.0,101.4,96.0
2019-11-26,,,,100.0,97.4,,96.8,96.8,102.2,97.2
2019-11-27,,,,100.0,98.8,,97.4,98.0,102.6,98.4
2019-11-28,,,,,99.0,,97.4,97.6,104.4,99.2
2019-11-29,,,,,98.8,,97.6,99.0,104.2,98.8
2019-12-02,,,,,100.2,,98.8,98.8,104.2,99.2
2019-12-03,,,,,100.4,,99.6,101.2,104.8,99.4
2019-12-04,,,,,100.8,,99.0,101.2,105.0,99.4
2019-12-05,,,,,100.8,,100.4,102.0,105.2,99.2
2019-12-06,,,,,101.2,,101.4,102.4,105.4,99.0
2019-12-09,,,,,101.6,,102.0,102.4,105.6,99.2
2019-12-10,,,,,101.6,,101.4,102.6,105.0,99.0
2019-12-12,,,,,102.0,,102.0,102.6,105.2,100.2
2019-12-13,,,,,103.0,,101.0,103.2,105.4,99.4
2019-12-16,,,,,100.8,,102.2,104.8,105.0,99.2
2019-12-17,,,,,100.6,,101.0,105.6,105.6,99.0
2019-12-18,,,,,100.4,,107.2,108.2,105.4,99.0
2019-12-19,,,,103.0,100.8,,102.0,105.0,105.4,98.8
2019-12-20,,,,,97.4,,101.0,103.8,105.4,97.4
2019-12-23,,,,,96.8,,102.8,101.2,,97.0
2019-12-24,,,,,96.5,,100.8,104.5,,96.8
2019-12-26,,,,,96.4,,100.8,104.5,,96.0
2019-12-27,,,,,96.2,,100.8,,,96.25
2019-12-30,,,,,95.8,,101.0,,,95.75
2019-12-31,,,,,95.75,,102.6666,,,96.0
2020-01-01,,,,,96.0,,101.4,,,95.8
2020-01-02,,,,,96.2,,101.6,,,95.8
2020-01-03,,,,,96.2,,101.2,,,95.6
2020-01-06,,,,,95.4,,100.4,110.0,,95.4
2020-01-07,,,,,96.0,,101.2,110.0,,95.8
2020-01-08,,,,,95.8,,101.2,109.0,,95.2
2020-01-09,,,,,96.0,,100.8,109.0,,95.2
2020-01-13,,,,,96.6666,,99.8,105.5,,95.8
2020-01-14,,,,,95.8,,100.4,101.6666,,95.4
2020-01-16,,,,,96.25,,99.2,103.8,,95.6
2020-01-17,,,,,94.2,,100.2,101.0,,94.4
2020-01-20,,,,,95.0,,96.0,103.6666,,95.2
2020-01-21,,,,,93.4,,93.4,102.5,,93.8
2020-01-22,,,,,93.4,,92.4,103.0,,92.6
2020-01-23,,,,,92.8,,92.4,100.0,,93.0
2020-01-24,,,,,93.4,,93.8,99.6,,93.2
2020-01-27,,,,,92.0,,91.0,97.2,,92.8
2020-01-28,,,,,91.8,,90.0,93.0,,93.2
2020-01-29,,,,,92.0,,92.4,94.8,,93.2
2020-01-30,,,,,93.0,,95.8,97.4,,95.2
2020-01-31,,,,,90.8,,91.6,94.6,,92.0
2020-02-03,,,,,90.2,,87.6,92.2,,91.8
2020-02-05,,,,,90.8,,87.6,89.8,,92.6
2020-02-06,,,,,91.4,,90.2,89.6,,91.4
2020-02-07,,,,,90.0,,88.0,90.2,,92.0
2020-02-10,,,,,90.8,,89.2,89.6,,92.2
2020-02-11,,,,96.0,90.8,,88.6,88.0,96.0,93.4
2020-02-12,,,,96.0,91.6,,89.0,87.6,96.0,93.2
2020-02-13,,,,96.0,91.8,,87.2,90.2,96.0,93.8
2020-02-14,,,,96.0,91.6,,87.4,89.2,96.0,93.4
2020-02-17,,,,96.0,91.2,,89.0,87.8,96.0,93.4
2020-02-18,,,,96.0,91.0,,88.8,87.2,96.0,93.0
2020-02-19,,,,96.0,91.4,,88.0,87.6,96.0,93.0
2020-02-20,,,,96.0,91.4,,88.0,86.8,96.0,93.8
2020-02-24,,,,96.0,91.4,,88.2,86.8,96.0,94.4
2020-02-25,,,,96.3334,91.8,,88.8,86.2,96.3334,94.6
2020-02-26,,,,96.3334,91.4,,89.0,86.0,96.3334,94.2
2020-02-27,,,,96.3334,92.0,,88.2,85.6,96.3334,94.6
2020-02-28,,,,96.6666,91.4,,87.8,85.8,96.6666,94.0
2020-03-02,,,,97.5,91.8,,87.0,85.0,97.5,94.2
2020-03-03,,,,97.0,91.0,,86.6,85.2,97.5,94.8
2020-03-04,,,,97.0,90.8,,86.6,84.6,97.0,94.6
2020-03-05,,,,97.0,91.0,,86.2,84.8,97.0,94.0
2020-03-06,,,,97.0,91.2,,86.8,84.8,97.0,94.0
2020-03-10,,,,97.0,91.0,,86.4,85.0,97.0,94.8
2020-03-11,,,,97.0,91.0,,86.4,84.4,97.0,94.4
2020-03-12,,,,97.0,91.0,,86.4,84.6,97.0,94.8
2020-03-13,,,,97.0,91.4,,86.4,84.8,97.0,95.4
2020-06-15,,,,96.0,95.0,,91.3334,91.0,97.5,95.6666
2020-06-16,,,,96.0,94.6666,,91.75,91.6666,98.0,95.6666
2020-06-17,,,,96.0,94.6666,,92.0,92.0,98.0,95.6666
2020-06-18,,,,96.0,94.6666,,92.25,92.0,98.0,95.6666
2020-06-19,,,,96.0,94.6666,,92.25,92.0,98.0,95.6666
2020-06-22,,,,96.0,94.6666,,91.0,90.0,98.0,95.6666
2020-06-23,,,,96.0,94.6666,,91.0,89.3334,98.0,95.6666
2020-06-24,,,,96.0,94.6666,,91.0,90.0,98.0,96.0
2020-06-25,,,,96.0,94.6666,,90.6666,90.0,98.0,95.5
2020-06-26,,,,96.0,94.6666,,91.0,90.0,98.0,95.3334
2020-06-29,,,,96.0,94.8,,90.4,89.8,98.0,95.8
2020-06-30,,,,96.0,94.4,,90.4,89.8,98.0,95.8
2020-07-01,,,,96.0,93.4,,88.8,88.8,98.0,96.4
2020-07-02,,,,96.0,94.0,,89.6,89.0,98.0,95.6
2020-07-03,,,,96.0,94.2,,89.6,89.4,98.0,96.0
2020-07-06,,,,96.0,93.8,,89.4,89.0,98.0,95.8
2020-07-07,,,,96.0,93.8,,90.0,89.0,97.6666,95.6
2020-07-08,,,,96.0,93.6,,89.2,88.8,97.6666,95.8
2020-07-09,,,,96.0,93.6,,89.4,89.0,97.6666,95.6
2020-07-10,,,,96.0,92.8,,89.4,89.0,97.6666,95.4
2020-07-13,,,,96.0,92.8,,88.8,89.2,97.6666,95.6
2020-07-14,,,,95.6666,93.0,,89.0,89.2,97.6666,95.2
2020-07-15,,,,95.6666,92.6,,88.8,89.4,97.6666,95.2
2020-07-16,,,,95.6666,92.8,,88.8,89.2,97.6666,95.2
2020-07-17,,,,96.0,92.6,,88.8,89.6,98.0,95.8
2020-07-20,,,,95.6666,92.8,,88.0,89.6,97.6666,95.8
2020-07-21,,,,95.5,92.8,,88.8,89.6,97.3334,95.8
2020-07-22,,,,96.0,92.8,,89.0,88.6,98.0,96.4
2020-07-23,,,,96.0,93.2,,88.8,89.2,98.0,97.2
2020-07-24,,,,96.0,92.2,,88.8,89.2,98.0,97.6
2020-07-27,,,,96.0,92.6,,88.8,89.4,98.0,97.6
2020-07-28,,,,96.0,92.6,,88.6,89.2,98.0,97.6
2020-07-29,,,,96.0,93.4,,88.6,89.6,98.0,98.0
2020-07-30,,,,96.0,93.6,,88.6,89.4,98.0,98.0
2020-07-31,,,,96.0,93.6,,88.6,89.4,98.0,98.0
2020-08-04,,,,96.0,93.6,,88.8,89.4,98.0,98.0
2020-08-06,,,,,91.8,,88.2,89.2,98.0,98.0
2020-08-07,,,,96.0,92.4,,88.6,88.8,98.0,98.0
2020-08-10,,,,96.0,92.8,,88.6,89.2,,98.0
2020-08-11,,,,96.0,92.0,,88.0,88.4,,98.0
2020-08-12,,,,96.0,92.4,,88.2,88.8,,98.0
2020-08-13,,,,96.0,92.0,,88.2,88.8,,98.0
2020-08-14,,,,96.0,92.0,,88.6,88.8,,98.0
2020-08-17,,,,96.0,91.4,,88.6,88.8,,98.0
2020-08-18,,,,96.0,91.4,,88.6,88.8,,98.0
2020-08-19,,,,96.0,91.8,,88.6,89.0,,98.0
2020-08-20,,,,95.6666,91.4,,88.4,89.2,,98.0
2020-08-21,,,,95.6666,91.4,,88.2,88.8,98.0,98.8
2020-08-24,,,,95.6666,91.6,,88.6,89.2,,99.2
2020-08-25,,,,95.5,91.8,,88.6,88.8,,99.0
2020-08-26,,,,95.5,92.0,,88.6,89.0,,99.6
2020-08-27,,,,95.5,91.4,,88.8,89.2,,99.6
2020-08-28,,,,95.5,92.0,,89.0,89.2,,100.4
2020-08-31,,,,95.5,92.0,,89.4,89.2,,101.6
2020-09-02,,,,95.5,92.6,,88.8,89.2,,102.6
2020-09-03,138.0,,116.0,89.2,89.0,,117.375,396.0,102.6,95.5
2020-09-04,134.0,,118.0,89.2,89.0,,120.75,404.0,104.0,96.0
2020-09-07,146.0,,143.0,89.2,89.0,,124.25,400.0,103.25,96.0
2020-09-08,,,,96.0,92.4,,89.0,89.8,,103.4
2020-09-09,,,,96.0,92.6,,88.6,90.0,,104.0
2020-09-10,,,,96.0,92.6,,89.2,89.8,,104.2
2020-09-11,,,,96.0,92.6,,89.0,89.8,,103.6
2020-09-14,,,,96.0,92.6,,89.0,89.6,,103.8
2020-09-15,,,,96.0,92.6,,89.4,89.6,,104.0
2020-09-16,,,,95.5,92.6,,89.2,91.2,,104.25
2020-09-17,,,,95.5,92.6,,89.2,91.2,,104.25
2020-09-18,,,,96.0,92.4,,89.6,90.8,,105.0
2020-09-21,,,,96.0,92.6,,89.4,91.2,,104.8
2020-09-22,,,,96.0,92.8,,89.6,91.4,,106.2
2020-09-23,,,,96.0,92.8,,89.6,91.4,,106.2
2020-09-24,,,,96.0,92.8,,89.6,91.0,,106.2
2020-09-25,,,,,92.8,,89.8,90.8,,106.2
2020-09-28,154.0,,127.0,90.0,444.0,,135.3,187.0,106.2,92.8
2020-09-29,,,,,92.6,,89.4,90.8,,106.8
2020-09-30,158.0,,112.5,90.0,450.0,,167.5,188.0,106.2,92.6
2020-10-01,,,,,93.6,,89.2,91.2,,106.8
2020-10-02,,,,,93.6,,89.2,91.2,,106.8
2020-10-05,,,,98.0,93.0,,89.8,91.2,,106.2
2020-10-06,178.0,,128.0,90.4,468.0,,135.0,224.0,106.2,92.8
2020-10-07,210.0,,137.0,93.6,472.0,,139.0,260.0,108.75,93.8
2020-10-08,261.0,,152.0,93.0,473.0,,153.0,296.0,110.0,94.2
2020-10-09,222.0,,158.0,93.0,490.0,,159.5,284.0,110.0,94.8
2020-10-12,210.0,,158.0,92.4,479.0,,128.0,256.0,110.5,95.6
2020-10-13,232.0,,128.0,92.8,484.0,,123.0,244.0,110.5,94.6
2020-10-14,117.5,,116.0,92.4,478.0,,238.0,226.0,110.5,94.6
2020-10-15,194.0,,127.0,92.6,484.0,,99.0,227.0,111.3334,94.6
2020-10-16,164.0,,127.0,94.0,474.0,,98.5,200.0,111.2,95.4
2020-10-19,116.25,,115.0,94.2,477.0,,256.0,271.25,111.0,95.6
2020-10-20,116.25,,124.0,94.0,488.0,,257.5,265.0,111.0,95.6
2020-10-21,116.25,,122.0,94.2,491.0,,257.5,246.0,111.5,96.8
2020-10-22,184.0,,132.0,94.0,492.0,,122.0,274.0,111.5,96.0
2020-10-23,,,,,97.2,,94.2,93.2,,111.5
2020-10-26,,,,,97.2,,94.2,93.2,,111.5
2020-11-12,,,,,94.0,,92.6,92.8,,97.5
2020-11-13,,,,,94.0,,93.0,93.0,,98.0
2020-11-16,,,,,94.0,,93.0,93.0,,98.0
2021-01-12,80.0,,87.0,97.2,100.2,,392.0,483.0,132.25,107.3334
2021-01-13,82.0,,110.0,97.4,100.0,,419.0,483.0,132.0,107.5
2021-01-15,96.0,,109.0,97.4,101.2,,447.0,487.0,133.6666,75.3334
2021-01-18,84.0,,88.0,97.6,101.2,,465.0,477.0,133.5,108.0
2021-01-19,71.0,,86.0,97.6,100.4,,425.0,479.0,133.75,108.0
2021-01-20,76.0,,89.0,96.6,100.4,,434.0,471.0,133.3334,108.0
2021-01-21,67.0,,88.0,96.4,101.2,,436.0,474.0,132.6666,108.0
2021-01-22,66.0,,84.0,95.0,100.0,,440.0,471.0,132.0,106.6666
2021-01-25,70.0,,132.0,96.2,98.2,,289.5,464.0,132.6666,107.0
2021-01-26,85.6,,125.0,95.0,96.6,,285.5,461.0,132.0,104.6666
2021-01-27,82.0,,128.0,94.0,94.0,,291.0,464.0,127.6666,105.0
2021-01-29,107.0,,136.0,93.6,94.2,,282.5,464.0,128.75,104.75
2021-02-01,,,,104.8,98.8,,94.4,93.8,,130.0
2021-02-02,470.0,,142.5,94.0,96.0,,322.5,466.0,127.0,105.0
2021-02-03,444.0,,142.5,93.75,94.2,,313.5,468.0,125.4,104.6666
2021-02-08,103.0,,152.0,93.8,94.0,,232.5,466.0,125.0,104.6666
2021-02-09,108.0,,143.0,92.6,92.2,,232.0,466.0,118.6,98.3334
2021-02-10,97.0,,143.0,93.0,92.6,,224.0,466.0,118.6,97.6666
2021-02-11,97.0,,143.0,92.8,94.0,,223.5,467.0,118.6,98.0
2021-02-12,104.0,,143.0,92.6,92.2,,212.5,467.0,118.25,98.0
2021-02-15,350.0,,120.0,93.0,92.4,,221.25,471.0,118.2,98.0
2021-02-16,325.0,,118.0,93.0,92.6,,230.625,488.0,117.6,98.0
2021-02-17,296.0,,125.0,93.8,93.4,,220.25,508.0,117.6,98.0
2021-02-18,262.0,,126.25,94.2,94.0,,224.75,507.0,119.6,98.6666
2021-02-19,239.0,,122.5,94.2,93.6,,203.5,503.0,119.5,100.0
2021-02-22,133.0,,139.0,93.6,496.0,,167.0,242.0,118.2,95.6
2021-02-23,134.0,,129.0,93.4,496.0,,165.0,242.0,119.2,95.6
2021-02-24,220.0,,112.5,93.4,496.0,,181.5,208.0,118.6,95.6
2021-02-25,204.0,,102.5,94.0,93.6,,180.5,504.0,120.2,104.6666
2021-03-01,222.0,,117.5,94.2,94.2,,141.0,504.0,119.2,103.5
2021-03-02,208.0,,123.0,93.8,93.6,,142.25,496.0,118.6,104.0
2021-03-03,170.0,,126.25,94.0,93.8,,138.0,501.0,119.6,105.6666
2021-03-04,174.0,,117.5,93.8,93.4,,140.5,498.0,119.6,105.6666
2021-03-05,194.0,,105.0,93.8,93.6,,129.75,498.0,119.6,105.6666
2021-03-08,164.0,,105.0,94.2,95.4,,131.0,499.0,118.6,104.75
2021-03-09,170.0,,102.5,93.8,95.8,,130.0,504.0,119.6,105.5
2021-03-10,170.0,,102.5,94.0,96.4,,130.0,516.0,119.6,105.5
2021-03-12,169.0,,102.5,94.4,96.6,,164.75,508.0,119.2,105.8
2021-03-15,210.0,,78.0,93.6,97.0,,159.25,497.0,122.4,105.6666
2021-03-16,222.0,,70.0,94.0,97.0,,142.25,498.0,122.6,106.0
2021-03-17,208.0,,68.0,93.6,96.4,,139.25,496.0,122.6,106.0
2021-03-18,188.0,,65.0,93.8,96.0,,130.25,504.0,123.2,106.25
2021-03-19,184.0,,60.0,93.8,96.2,,132.25,504.0,123.2,106.0
2021-03-22,176.0,,62.0,93.6,96.4,,118.75,500.0,123.4,109.0
2021-03-23,164.0,,59.0,93.8,96.4,,117.75,504.0,123.8,108.0
2021-03-24,160.0,,95.0,93.8,96.2,,139.0,502.0,123.6,108.5
2021-03-25,164.0,,53.0,93.8,95.6,,120.75,504.0,124.2,106.5
2021-03-26,156.0,,53.4,93.8,96.4,,119.75,504.0,124.6,107.0
2021-03-29,178.0,,58.0,93.8,96.6,,124.25,504.0,124.6,108.0
2021-03-30,178.0,,102.5,93.8,96.4,,156.0,504.0,125.0,106.3334
2021-03-31,178.0,,102.5,93.8,96.4,,156.0,504.0,102.5,122.5
2021-04-01,188.0,,122.5,97.0,10.08,,143.875,174.0,124.6,99.6
2021-04-05,354.0,,102.5,96.4,504.0,,211.25,224.0,125.2,99.4
2021-04-06,322.0,,102.5,96.4,502.0,,212.0,254.0,125.2,99.4
2021-04-07,294.0,,100.0,96.4,502.0,,205.0,242.0,125.2,99.4
2021-04-08,258.0,,100.0,97.8,496.0,,198.0,238.0,125.2,100.0
2021-04-09,268.0,,101.25,97.0,498.0,,198.5,240.0,125.4,99.4
2021-04-19,63.0,,123.0,98.4,500.0,,164.5,260.0,126.8,102.4
2021-04-20,238.0,,101.25,98.8,496.0,,182.5,134.0,127.2,102.6
2021-04-21,58.0,,116.0,98.8,496.0,,151.0,216.0,127.4,103.0
2021-04-22,56.8,,112.0,99.0,496.0,,155.0,228.0,127.2,103.0
2021-04-23,56.8,,112.0,99.0,496.0,,155.0,228.0,100.0,112.5
2021-04-27,97.0,,118.0,99.0,497.5,,452.1,234.0,128.8,103.4
2021-04-28,64.0,,112.0,101.0,495.0,,154.0,238.0,129.6,103.8
2021-04-29,69.6,,112.5,103.0,495.0,,513.375,228.0,131.6,107.6
2021-04-30,69.6,,155.0,104.6,497.5,,162.75,252.0,132.4,107.6
2021-05-03,78.0,,145.0,105.8,497.5,,182.6,254.0,132.4,111.2
2021-05-04,132.0,,118.0,107.4,492.5,,466.0,207.0,139.6,115.0
2021-05-05,67.0,,125.0,109.2,491.25,,143.0,264.0,139.2,115.0
2021-05-06,168.0,,101.25,109.2,495.0,,189.0,125.0,142.4,112.4
2021-05-07,65.0,,122.0,109.2,495.0,,166.5,246.0,142.4,114.2
2021-05-10,,,,,113.8,,108.6,96.2,,140.0
2021-05-11,,,,,113.8,,108.6,96.4,,139.6
2021-05-12,67.0,,125.0,109.4,495.0,,198.0,284.0,140.8,114.0
2021-05-13,,,,,114.6,,108.4,97.0,,138.6
2021-05-17,,,,,114.8,,109.2,96.8,,142.0
2021-05-18,,,,,115.0,,109.6,98.4,,142.4
2021-05-19,,,,,115.2,,111.6,98.8,,142.8
2021-05-20,,,,,115.4,,111.6,98.8,,143.4
2021-05-21,134.0,,832.0,110.8,482.0,,300.5,322.0,143.4,115.4
2021-06-08,74.8,,124.0,113.2,475.0,,532.0,164.0,147.6,118.0
2021-06-09,143.0,,800.0,114.0,466.0,,134.0,265.0,146.6,117.2
2021-06-18,155.0,,766.0,113.6,468.0,,139.0,260.0,144.6,118.4
2021-06-21,152.5,,766.0,111.8,503.0,,138.0,244.0,143.0,116.6
2021-06-22,85.4,,124.0,111.2,502.0,,509.0,267.5,142.8,116.6
2021-06-23,85.0,,128.0,111.2,496.0,,506.0,276.0,141.0,116.6
2021-06-25,154.0,,768.0,111.2,504.0,,134.1,272.0,140.6,115.2
2021-06-28,155.0,,755.0,111.2,510.0,,131.2,285.0,142.0,115.8
2021-06-29,155.0,,755.0,111.2,518.0,,131.3,278.0,142.0,116.0
2021-06-30,152.5,,752.5,111.2,524.0,,131.0,274.0,138.0,110.8
2021-07-01,72.0,,132.5,110.6666,525.0,,505.5,175.0,137.0,110.6666
2021-07-02,78.0,,132.5,110.6666,525.0,,504.0,255.0,137.0,111.6666
2021-07-05,83.0,,136.8,109.4,524.0,,501.0,255.0,138.6,110.8
2021-07-06,150.0,,732.0,110.4,524.0,,136.1,247.5,138.6,111.2
2021-07-07,284.0,,155.0,110.0,524.0,,209.5,254.0,138.6,111.2
2021-07-08,276.0,,155.0,108.4,524.0,,201.5,244.0,135.2,110.0
2021-07-09,264.0,,155.0,109.2,10.44,,202.5,208.0,133.0,110.0
2021-07-12,,,,,109.2,,104.2,94.0,,131.6
2021-07-13,,,,,108.2,,102.0,93.8,,127.6
2021-07-14,,,,,108.6,,103.6,92.8,,128.0
2021-07-15,,,,,107.6,,103.0,92.6,,126.0
2021-07-16,226.0,,175.0,103.0,492.0,,191.0,164.0,126.0,107.6
2021-07-19,,,,,104.2,,102.6,92.6,,123.0
2021-07-20,,,,,103.2,,102.0,92.6,,123.0
2021-07-22,,,,,103.0,,101.4,91.4,,121.6
2021-07-26,,,,,102.2,,100.6,91.4,,121.6
2021-07-27,,,,,103.6,,98.6,91.0,,120.0
2021-07-28,,,,,102.0,,99.2,91.4,,119.0
2021-07-29,,,,,100.2,,98.8,91.0,,118.6
2021-07-30,,,,,101.4,,98.4,90.4,,118.0
2021-08-02,194.0,,91.0,101.2,90.4,,348.0,97.0,127.5,118.0
2021-08-03,150.0,,218.0,99.6,90.4,,304.5,97.0,127.5,117.6
2021-08-04,148.0,,206.0,99.2,89.6,,306.3,96.6,127.5,116.2
2021-08-05,158.0,,192.0,98.2,90.0,,295.2,96.2,124.6,114.2
2021-08-06,132.0,,88.0,97.6,89.2,,329.0,96.4,123.75,114.6
2021-08-09,,,,109.5,103.4,,97.8,90.6,128.25,119.2
2021-08-11,138.0,,88.0,102.6,91.0,,339.0,97.8,127.5,117.6
2021-08-12,,,,109.5,102.0,,97.8,90.8,126.0,117.6
2021-08-13,,,,108.6666,103.0,,97.2,90.8,126.0,117.6
2021-08-16,,,,109.2,104.2,,97.2,92.0,127.0,117.6
2021-08-17,174.0,,100.0,103.8,92.0,,355.0,101.2,127.0,117.2
2021-08-18,148.0,,98.8,102.4,92.0,,360.0,98.2,126.25,119.2
2021-08-19,136.0,,97.2,104.4,93.6,,360.0,98.2,126.25,119.6
2021-08-20,,,,108.5,105.2,,98.4,92.6,126.25,119.2
2021-08-24,,,,,108.2,,100.4,92.0,126.25,117.2
2021-08-25,,,,,107.2,,98.8,91.6,127.0,117.2
2021-09-01,,,,,110.8,,100.8,94.2,126.25,119.2
2021-09-02,,,,,110.2,,100.4,94.2,127.0,119.2
2021-09-06,,,,,105.0,,95.0,94.3334,127.0,116.0
2021-09-09,,,,,94.5,,93.0,91.5,,102.0
2021-09-10,,,,,97.8,,93.6,91.6,,102.0
2021-09-13,,,,,97.6,,93.0,93.8,,103.0
2021-09-14,,,,,97.6,,92.6,93.8,,103.0
2021-09-15,,,,,97.6,,93.4,92.6,,102.6
2021-09-16,,,,,97.6,,93.6,92.6,,102.6
2021-09-17,,,,,97.6,,93.8,92.6,,103.0
2021-09-21,,,,,98.0,,95.0,93.6,,103.0
2021-09-22,,,,107.3334,105.0,,98.2,93.8,,118.8
2021-09-23,,,,109.0,105.6,,98.8,93.6,,118.2
2021-09-24,,,,108.0,105.6,,98.8,93.8,,118.2
2021-09-27,,,,108.0,105.6,,99.2,93.2,,119.2
2021-09-28,,,,110.6666,107.0,,99.2,93.6,,126.0
2021-09-29,,,,113.8,110.0,,101.2,94.0,,131.0
2021-09-30,,,,115.0,110.8,,104.0,94.2,,129.6
2021-10-01,,,,115.75,111.6,,108.4,96.4,,134.0
2021-10-04,188.0,,138.0,98.8,111.8,,179.125,10.12,135.0,115.0
2021-10-05,,,,115.0,113.0,,111.4,99.2,,135.0
2021-10-06,,,,115.0,113.2,,111.4,99.2,,135.6
2021-10-07,,,,115.0,112.2,,111.8,99.6,,135.6
2021-10-08,177.0,,140.0,99.2,112.4,,174.5,10.24,135.4,115.0
2021-10-11,,,,118.4,114.6,,112.6,100.0,,137.8
2021-10-12,,,,118.4,115.0,,113.4,99.4,,139.0
2021-10-13,188.0,,151.0,99.8,113.6,,175.0,10.12,139.2,117.8
2021-10-14,184.0,,152.0,100.0,113.0,,169.5,507.0,139.4,118.6
2021-10-15,188.0,,150.0,100.0,113.4,,178.0,506.0,139.2,118.6
2021-10-18,192.0,,152.0,100.0,113.0,,180.5,504.0,139.6,119.2
2021-10-21,194.0,,159.0,101.8,115.6,,172.5,512.0,144.0,122.0
2021-10-22,232.5,,165.0,101.8,115.6,,179.375,505.0,144.0,123.6
2021-10-25,196.0,,204.0,102.0,116.0,,185.5,510.0,144.0,125.0
2021-10-26,227.0,,188.0,102.4,119.0,,184.5,10.1,144.6,126.5
2021-10-27,200.0,,191.0,125.0,101.8,,344.25,120.8,148.8,218.75
2021-10-28,239.0,128.5,175.0,125.6,103.2,,342.0,121.8,149.2,218.0
2021-10-29,196.0,130.0,200.0,127.8,103.0,,336.5,122.2,149.2,219.0
2021-11-01,244.0,135.0,178.0,131.0,108.6,,322.75,127.0,158.0,237.0
2021-11-02,180.0,135.0,158.0,131.0,109.6,,341.5,130.0,159.0,231.0
2021-11-03,175.0,135.0,192.0,134.2,108.4,,331.5,131.6,159.0,231.0
2021-11-08,188.0,135.5,144.0,129.2,109.0,,336.0,129.0,149.6,226.0
2021-11-09,505.0,131.4,231.0,127.0,107.6,,233.165,127.6,151.0,221.0
2021-11-10,502.0,132.6,226.0,127.4,107.6,,210.5,127.2,149.6,217.6
2021-11-11,277.5,216.0,176.0,134.2,128.6,,201.8,107.2,155.0,148.0
2021-11-12,151.0,214.0,500.0,131.5,126.8,,164.6,106.2,150.0,145.2
2021-11-15,145.0,214.0,232.0,130.0,126.2,,200.5,108.2,153.0,148.6
2021-11-16,145.0,215.0,208.0,131.25,126.8,,200.8,108.2,150.0,145.2
2021-11-17,145.0,214.0,197.5,128.25,123.2,,309.0,108.2,149.0,142.0
2021-11-19,143.0,209.0,111.0,131.25,125.6,129.0,116.0,300.8,150.0,145.8
2021-11-22,143.0,209.0,111.0,131.25,125.6,129.0,116.0,107.6,188.75,210.0
2021-11-23,138.2,208.0,109.6,128.8,125.4,126.25,115.9,300.75,146.25,139.6
2021-11-24,138.2,208.0,109.2,128.8,126.0,125.75,115.4,299.425,147.0,137.8
2021-11-25,139.0,208.0,109.5,130.0,126.8,127.0,115.8,303.75,145.0,140.0
2021-11-26,137.6,208.0,107.0,131.0,125.2,126.25,116.8,310.0,145.0,144.0
2021-11-29,137.4,211.0,111.0,130.0,126.8,122.5,117.85,312.9,145.0,143.0
2021-11-30,137.8,212.0,110.8,130.0,126.4,120.0,118.25,314.375,145.0,142.0
2021-12-01,137.2,213.0,108.6,130.0,126.2,120.6,117.2,314.575,145.0,142.0
2021-12-02,134.0,212.0,106.6,130.0,126.8,121.6,117.8,311.025,145.0,142.6
2021-12-03,128.6,212.0,105.6,130.0,128.0,120.6,117.1,310.2,145.0,143.0
2021-12-06,124.6,208.0,101.6,130.0,126.6,117.6,117.3,317.3,145.0,141.0
2021-12-07,123.4,208.0,105.4,130.0,128.2,120.2,117.6,326.25,145.0,142.0
2021-12-08,121.4,211.0,102.6,130.0,128.2,119.2,116.9,327.5,145.0,141.8
2021-12-09,121.0,212.0,103.0,130.0,127.6,119.0,116.3,332.3,145.6,142.4
2021-12-10,121.6,209.2,102.6,130.6,127.6,117.6,116.1,332.5,145.0,142.4
2021-12-13,119.6,211.0,101.4,133.0,127.8,116.6,116.3,332.3,145.0,142.4
2021-12-14,119.6,208.6,102.0,132.6,128.0,116.8,116.4,336.05,145.0,142.0
2021-12-15,119.2,208.6,99.6,132.6,128.0,116.2,115.8,344.175,145.0,141.4
2021-12-16,117.6,208.6,101.0,133.6,130.0,116.6,118.8,392.3,145.0,141.4
2021-12-17,117.4,209.0,101.6,134.2,129.6,115.6,117.1,404.8,145.0,141.8
2021-12-20,116.2,208.6,100.2,134.2,128.8,114.8,116.4,410.0,145.0,143.0
2021-12-21,115.2,211.0,108.0,135.0,128.2,101.2,168.5,225.0,146.6,143.0
2021-12-22,118.2,212.0,106.0,135.0,128.6,115.8,118.8,422.7,146.25,145.0
2021-12-23,116.2,212.0,225.0,135.0,128.6,737.5,231.8,169.7,146.2,143.4
2021-12-24,116.2,212.6,105.6,136.5,128.6,112.6,117.13499999999999,425.2,146.0,143.0
2021-12-27,117.0,213.0,107.8,141.4,136.8,107.6,436.0,182.5,148.0,145.0
2021-12-28,118.0,215.0,109.2,143.33,136.6,111.4,414.55,233.335,150.0,147.6
2021-12-29,122.0,219.0,112.4,147.0,140.6,114.25,413.5,179.25,151.0,149.6
2021-12-30,122.4,217.5,114.0,146.67,140.6,115.2,416.5,180.335,152.5,150.0
2021-12-31,126.25,219.0,116.5,147.5,143.6,116.6,419.625,186.625,157.0,152.0
2022-01-03,126.5,221.0,119.0,156.25,153.0,118.2,423.7,231.5,163.0,159.0
2022-01-05,128.2,223.0,121.4,158.0,153.0,117.6,456.925,225.0,161.0,157.0
2022-01-06,128.8,226.0,119.6,157.5,148.75,118.6,463.0,222.5,165.0,160.0
2022-01-07,128.8,226.0,120.2,153.0,147.5,120.2,445.5,230.0,163.75,160.0
2022-01-10,126.2,227.0,118.2,157.5,152.0,118.0,444.5,222.5,165.0,159.0
2022-01-11,125.8,229.0,118.2,160.0,155.0,118.0,444.5,215.75,164.0,160.0
2022-01-12,126.2,231.0,117.4,158.75,152.5,117.6,445.5,208.0,164.0,162.0
2022-01-13,122.8,231.0,116.8,161.25,152.0,115.0,452.0,205.5,165.0,160.0
2022-01-18,124.0,231.0,115.4,160.0,158.0,114.8,457.0,192.0,167.0,165.0
2022-01-19,124.2,233.0,115.0,160.0,158.0,114.4,455.5,260.0,168.0,166.0
2022-01-20,123.2,233.0,114.8,162.0,156.6,115.0,457.5,241.3,168.0,163.0
2022-01-21,123.2,234.0,115.0,162.0,158.0,115.0,456.5,209.5,168.33,164.0
2022-01-24,120.4,232.0,112.4,159.6,153.0,113.6,467.5,299.3,165.0,161.0
2022-01-25,121.0,233.0,110.8,155.6,152.0,112.8,470.5,286.0,164.0,160.0
2022-01-26,121.4,231.0,110.4,156.67,151.0,110.8,479.0,265.0,162.5,158.0
2022-01-27,118.8,223.0,108.2,155.0,147.5,110.4,503.5,256.5,160.0,158.75
2022-01-28,118.8,225.0,109.6,156.0,151.0,110.8,507.0,255.0,163.33,160.0
2022-01-31,117.6,225.0,107.0,158.75,151.67,110.6,506.5,245.0,162.5,159.0
2022-02-01,118.2,223.75,106.8,157.6,151.0,110.6,511.0,232.5,162.5,158.75
2022-02-02,117.8,225.0,107.6,152.5,148.75,110.8,511.0,243.0,161.67,157.0
2022-02-03,118.6,212.0,110.4,156.67,145.0,111.4,512.5,241.0,160.0,152.5
2022-02-08,120.8,208.0,112.6,153.75,148.33,111.6,532.5,317.5,159.0,154.0
2022-02-09,121.4,213.0,111.2,158.0,153.0,112.4,540.5,324.5,161.25,155.0
2022-02-10,121.2,208.0,112.0,156.0,150.0,112.4,545.0,309.3,163.0,153.0
2022-02-11,121.4,207.0,110.0,157.5,150.0,113.0,549.0,292.0,162.0,154.0
2022-02-14,121.0,207.0,110.4,156.0,149.0,113.4,554.0,261.5,160.0,156.0
2022-02-15,120.6,207.0,109.4,155.0,149.0,112.6,553.5,320.0,161.0,158.0
2022-02-17,120.0,211.0,109.2,156.25,148.75,112.4,557.0,291.55,162.0,156.0
2022-02-18,120.4,211.0,932.0,155.0,150.6,109.4,279.0,245.5,161.25,157.0
2022-02-21,118.8,208.0,107.0,155.0,149.0,112.8,531.0,197.0,160.0,157.0
2022-02-22,119.0,205.0,107.4,153.0,147.6,110.6,518.3,180.5,160.0,157.0
2022-02-23,119.2,207.0,105.4,152.0,146.6,111.2,515.3,177.5,159.2,156.0
2022-02-24,118.8,208.0,105.6,151.0,146.6,111.6,518.8,167.0,160.0,157.6
2022-02-25,118.8,207.0,105.8,152.0,146.6,111.2,515.5,174.5,160.0,157.0
2022-02-28,120.0,208.0,105.4,154.0,150.0,111.2,506.0,150.0,159.0,156.0
2022-03-02,120.6,203.6,105.8,153.0,148.6,111.6,502.3,154.0,159.6,152.0
2022-03-03,121.0,204.0,105.8,155.0,149.6,111.6,501.2,215.0,160.0,153.0
2022-03-04,121.0,206.0,105.4,153.75,150.6,111.8,499.8,208.83499999999998,159.5,153.6
2022-03-07,122.4,207.0,106.4,153.33,149.6,113.0,498.5,205.0,159.5,154.0
2022-03-08,124.6,207.0,107.2,154.6,149.6,114.0,499.8,174.0,161.6,157.0
2022-03-09,129.6,207.0,117.6,155.0,152.0,117.6,503.0,208.0,160.6,155.0
2022-03-10,130.0,209.0,115.0,156.0,151.0,119.6,532.3,202.5,160.0,157.0
2022-03-11,133.0,215.0,120.0,155.0,152.5,122.6,537.0,166.5,162.5,160.0
2022-03-14,139.0,213.75,127.6,162.0,156.0,128.2,90.7,211.0,171.25,163.0
2022-03-15,145.0,226.25,129.0,163.0,155.0,135.0,90.075,168.8,166.25,162.5
2022-03-16,145.0,226.25,129.0,163.0,155.0,135.0,90.075,168.8,166.25,162.5
2022-03-18,150.0,222.0,138.2,168.6,162.0,145.6,94.7,205.0,172.0,168.6
2022-03-21,150.6,229.0,137.0,176.0,165.0,142.0,98.8,201.5,181.0,177.0
2022-03-22,149.6,232.0,135.2,178.0,169.0,143.0,100.48,185.8,188.75,181.0
2022-03-23,150.6,239.0,136.0,183.75,179.0,144.6,103.425,209.0,187.0,182.0
2022-03-24,148.6,242.0,137.2,187.5,183.0,144.6,101.0,196.5,197.0,192.0
2022-03-25,,234.0,144.4,185.0,175.0,150.6,162.0,188.6,196.75,187.0
2022-03-28,160.0,234.0,145.0,195.0,187.0,152.0,107.3,220.0,199.0,195.0
2022-03-29,173.75,237.0,159.0,196.25,188.0,160.0,107.6,250.5,200.0,192.0
2022-03-30,187.0,241.0,167.0,197.5,188.0,171.25,110.4,258.0,200.0,194.0
2022-03-31,196.0,243.0,171.0,197.5,189.0,172.0,111.375,257.5,200.0,196.0
2022-04-01,192.0,242.0,173.0,202.5,192.0,177.0,112.75,261.5,202.5,196.25
2022-04-04,182.0,243.0,169.0,198.0,199.0,170.0,114.82,252.0,203.0,198.0
2022-04-05,182.0,238.0,163.0,201.25,195.0,172.0,114.52,242.6,203.75,198.0
2022-04-06,178.0,243.0,158.0,205.75,192.0,171.0,114.9,245.8,205.0,197.0
2022-04-07,176.6,246.0,162.0,203.25,190.0,170.0,115.1,229.8,206.25,197.0
2022-04-08,164.0,243.0,147.0,200.0,193.0,160.0,113.84,198.8,206.67,197.0
2022-04-12,173.0,242.5,151.0,197.5,190.0,169.0,114.6,258.3,205.0,196.6
2022-04-18,173.0,216.0,151.0,236.0,178.0,169.0,28.0,28.75,298.0,188.0
2022-04-19,176.0,240.0,155.0,202.0,194.0,174.0,114.39999999999999,255.3,205.0,201.0
2022-04-20,178.0,240.0,158.0,202.0,194.0,174.0,114.425,242.0,206.0,199.0
2022-04-21,178.0,240.0,158.6,200.0,196.0,173.0,113.88,251.8,205.0,200.6
2022-04-22,175.6,244.0,155.6,202.0,197.0,169.6,114.08,193.0,207.0,200.6
2022-04-25,176.0,245.0,156.2,203.33,199.0,173.0,114.375,193.3,205.0,202.5
2022-04-26,178.0,245.0,158.2,202.5,198.6,174.0,114.8,186.3,206.25,201.0
2022-04-27,177.0,248.0,155.6,206.25,200.0,174.0,115.25,193.3,215.0,212.0
2022-04-29,177.0,255.0,156.0,206.6,201.6,175.6,115.75,232.0,216.0,213.0
2022-05-04,186.0,248.0,164.0,212.0,204.0,181.0,114.0,194.3,221.0,212.0
2022-05-05,188.0,254.0,166.0,212.0,207.0,182.0,115.525,200.5,220.0,215.0
2022-05-09,206.0,257.5,183.0,216.0,210.0,198.0,120.7,203.0,222.0,217.0
2022-05-12,206.0,257.5,183.0,216.0,210.0,198.0,213.0,202.0,235.0,217.0
2022-05-13,,,,,,,,,225.0,
2022-05-17,198.6,250.0,178.0,216.6,211.0,197.0,122.0,213.25,222.0,219.0
2022-05-18,198.2,250.0,179.0,216.6,211.0,196.0,121.25,267.5,222.0,217.0
2022-05-19,195.0,252.0,174.4,216.5,211.0,194.0,119.35,272.3,222.0,219.0
2022-05-20,194.0,254.0,173.0,215.2,208.0,193.0,119.475,278.05,223.0,217.0
2022-05-23,188.0,252.0,173.0,213.0,207.0,189.0,117.875,295.75,222.0,219.0
2022-05-24,188.0,254.0,171.4,212.0,205.0,188.0,118.4,297.75,222.0,219.0
2022-05-25,198.0,254.0,174.4,212.0,207.0,197.0,118.15,215.0,222.0,219.0
2022-05-26,198.6,254.0,177.6,213.0,207.0,198.0,118.3,317.5,223.0,219.0
2022-05-27,204.0,251.0,184.0,213.0,206.0,202.0,119.1,316.5,223.0,219.0
2022-05-30,208.6,254.0,187.0,213.0,208.0,208.0,120.42,316.0,223.0,220.0
2022-05-31,210.0,254.0,187.6,219.6,214.0,210.0,122.4,308.0,225.0,220.0
2022-06-01,211.0,254.0,188.0,219.6,211.0,211.0,120.2,333.5,223.75,220.0
2022-06-02,212.0,252.0,191.0,219.6,214.0,212.0,122.4,353.0,223.75,220.0
2022-06-03,212.0,253.0,188.6,219.6,213.0,212.0,123.5,344.5,223.0,219.0
2022-06-06,213.0,254.0,190.6,221.0,218.0,214.0,125.8,325.5,226.6,222.0
2022-06-07,210.0,256.0,188.2,223.0,218.6,210.0,128.4,291.0,230.0,223.0
2022-06-08,212.0,257.0,190.0,223.0,218.0,213.0,129.7,263.0,227.0,224.0
2022-06-09,232.0,266.0,211.0,240.0,237.6,223.0,137.7,256.5,242.5,240.0
2022-06-10,237.0,263.33,221.0,253.33,241.67,229.0,143.325,257.5,255.0,246.67
2022-06-13,207.5,223.0,600.0,35.5,257.5,16.75,445.5,197.5,239.0,236.0
2022-06-15,220.0,250.0,265.0,260.0,260.0,34.5,209.5,271.5,250.0,260.0
2022-06-16,200.0,213.0,615.0,35.5,287.5,16.5,455.5,114.375,233.0,227.0
2022-06-17,35.5,255.0,183.0,257.5,223.0,290.0,259.0,212.5,250.0,261.67
2022-06-20,220.0,205.0,617.5,34.25,290.0,825.0,449.0,112.875,225.0,223.0
2022-06-21,220.0,200.0,620.0,34.8,290.0,825.0,460.0,109.875,220.0,220.0
2022-06-22,217.5,200.0,620.0,35.0,287.5,825.0,454.0,109.875,216.0,219.0
2022-06-23,242.5,199.0,625.0,35.5,275.0,825.0,449.0,104.875,219.0,219.0
2022-06-24,,39.75,,,,,,,315.0,41.75
2022-06-27,315.0,213.0,837.5,186.0,35.0,272.5,378.125,445.5,258.25,208.0
2022-06-28,320.0,210.0,830.0,185.0,35.0,247.5,391.25,431.25,257.67,207.0
2022-06-29,320.0,209.0,835.0,183.6,35.5,227.5,389.0,433.75,258.33,206.6
2022-06-30,335.0,208.6,830.0,183.0,35.0,220.0,398.75,427.5,259.33,207.0
2022-07-01,335.0,209.6,837.5,183.0,35.0,210.0,428.75,425.625,254.6,203.0
2022-07-04,355.0,210.0,830.0,179.2,35.25,177.5,443.75,422.5,255.6,202.0
2022-07-05,325.0,208.0,822.5,179.6,34.25,172.5,441.25,411.875,255.6,201.0
2022-07-06,325.0,207.6,835.0,178.6,34.5,172.5,440.25,416.75,256.2,202.0
2022-07-07,335.0,206.0,825.0,180.0,35.5,172.5,455.0,407.375,255.4,201.0
2022-07-11,192.5,204.0,185.0,179.6,34.8,375.0,547.5,550.0,254.4,200.0
2022-07-12,205.0,199.2,195.0,177.6,33.3,385.0,548.75,545.0,254.4,198.6
2022-07-14,190.0,198.75,195.0,178.25,33.75,385.0,546.25,535.0,253.75,198.75
2022-07-15,198.0,198.6,214.0,177.6,33.0,405.0,542.5,535.5,254.6,198.0
2022-07-18,,198.6,,177.6,,,,,254.6,198.0
2022-07-19,272.5,198.6,385.0,177.6,32.5,197.5,249.75,539.5,257.2,197.4
2022-07-20,270.0,198.2,385.0,177.6,32.5,182.5,245.5,532.5,244.4,197.0
2022-07-21,280.0,197.6,385.0,176.2,32.25,170.0,236.25,529.0,255.6,197.0
2022-07-22,158.0,197.6,206.0,174.0,31.5,435.0,531.0,481.5,254.6,194.0
2022-07-25,146.0,193.2,178.0,172.0,31.25,425.0,530.0,491.5,251.0,192.8
2022-07-26,148.0,193.6,395.0,172.4,31.5,365.0,216.0,535.0,249.0,192.4
2022-07-27,154.0,193.4,385.0,173.0,31.3,355.0,220.25,537.0,250.2,192.6
2022-07-28,325.0,192.4,177.5,171.2,31.5,345.0,477.0,502.0,248.0,191.6
2022-07-29,325.0,191.4,235.0,166.6,29.75,345.0,471.0,495.0,248.0,188.2
2022-08-01,325.0,186.4,250.0,164.6,29.3,355.0,469.0,534.0,249.4,186.0
2022-08-02,328.75,187.0,208.0,163.8,29.15,365.0,462.0,523.0,252.0,184.4
2022-08-03,325.0,188.0,200.0,174.6,28.8,355.0,455.5,494.0,252.0,189.0
2022-08-04,325.0,190.0,225.0,182.4,28.5,355.0,455.3,507.0,252.4,190.0
2022-08-05,325.0,188.0,248.0,183.0,28.75,355.0,462.55,517.0,250.0,190.0
2022-08-08,335.0,192.0,163.0,178.6,29.5,365.0,451.5,504.0,249.6,188.6
2022-08-09,328.75,183.0,163.0,180.0,29.5,355.0,455.5,509.0,250.0,188.6
2022-08-10,,183.0,,180.0,,,,,332.5,355.0
2022-08-12,328.75,182.0,180.0,173.6,29.5,355.0,472.5,508.75,249.0,184.6
2022-08-15,330.0,183.0,170.0,177.0,29.25,365.0,476.25,533.75,249.6,183.4
2022-08-16,179.0,248.0,170.0,221.25,216.2,179.0,121.75,280.5,235.0,230.0
2022-08-17,177.0,247.0,164.6,222.33,216.2,179.0,120.75,315.5,235.0,230.0
2022-08-18,177.0,247.0,165.6,223.0,213.6,177.0,121.25,303.0,230.0,225.0
2022-08-19,176.6,246.0,164.2,221.6,211.6,177.0,121.0,311.45,230.0,225.0
2022-08-22,176.2,245.0,163.0,219.0,214.0,173.0,118.0875,221.5,230.0,225.0
2022-08-23,176.2,247.0,164.6,217.5,211.0,175.0,118.25,232.8,230.0,225.0
2022-08-24,175.0,246.0,163.4,217.5,210.6,174.2,118.25,281.5,230.0,225.0
2022-08-25,182.4,242.0,168.6,217.6,211.0,179.6,118.625,237.0,230.0,225.0
2022-08-26,177.6,245.0,166.0,217.0,211.0,178.2,118.875,262.5,230.0,225.0
2022-08-29,185.0,245.0,165.2,215.0,211.6,177.0,118.9375,292.5,230.0,225.0
2022-08-30,187.6,246.0,170.0,217.5,213.0,183.0,118.8,315.0,230.0,225.0
2022-08-31,188.0,246.0,171.0,216.67,211.6,183.0,117.55,317.5,230.0,225.0
2022-09-01,187.0,246.4,170.0,217.0,211.0,183.6,118.0,323.5,230.0,225.0
2022-09-02,189.6,245.0,170.0,218.75,211.0,188.0,118.5,309.0,230.0,225.0
2022-09-05,188.8,248.0,167.0,218.0,212.0,182.0,117.75,322.0,230.0,225.0
2022-09-06,187.0,248.0,165.2,217.5,211.0,176.6,118.0,336.0,230.0,225.0
2022-09-07,187.0,246.0,165.0,217.5,211.0,174.6,118.125,335.25,230.0,225.0
2022-09-08,186.0,246.0,164.6,218.0,209.6,176.6,117.9,326.2,230.0,225.0
2022-09-09,193.0,245.0,185.0,213.0,208.6,188.0,119.05,281.5,230.0,225.0
2022-09-12,188.2,245.0,176.0,218.33,212.0,186.0,120.15,243.0,230.0,225.0
2022-09-13,188.2,244.0,176.0,218.0,212.0,182.5,118.65,258.5,230.0,225.0
2022-09-14,188.6,246.0,175.0,217.6,211.0,182.6,119.75,350.0,230.0,225.0
2022-09-15,188.2,243.0,173.4,217.0,211.25,181.6,119.15,342.5,230.0,225.0
2022-09-16,186.0,243.0,172.4,216.67,208.6,183.0,119.1,242.5,230.0,225.0
2022-09-19,185.6,244.0,171.4,214.0,206.6,181.6,118.7,290.2,230.0,225.0
2022-09-20,185.0,243.4,169.6,213.4,207.0,180.6,118.2,262.3,230.0,225.0
2022-09-21,184.8,244.0,169.2,213.0,206.6,178.2,118.0,334.5,230.0,225.0
2022-09-22,187.2,242.0,163.0,212.4,207.0,178.2,117.75,248.0,230.0,220.0
2022-09-23,184.6,243.0,160.0,215.4,208.0,176.2,117.5,257.0,230.0,220.0
2022-09-26,184.6,243.0,160.0,214.6,206.6,173.2,117.65,250.0,225.0,220.0
2022-09-27,184.6,243.4,159.8,213.0,207.6,174.6,117.65,271.0,225.0,215.0
2022-09-28,184.6,244.0,159.6,213.0,209.0,174.4,117.7,261.0,225.0,220.0
2022-09-29,181.4,242.0,160.0,213.8,208.0,172.6,116.75,202.2,230.0,220.0
2022-09-30,181.6,242.0,160.4,214.0,208.0,174.2,117.14999999999999,252.3,230.0,220.0
2022-10-03,182.2,243.4,160.0,213.8,207.0,174.4,116.95,352.2,230.0,218.0
2022-10-04,185.2,240.0,159.6,214.6,208.6,173.0,116.75,356.5,230.0,220.0
2022-10-05,186.6,241.6,160.0,215.0,208.0,174.6,116.95,356.0,230.0,220.0
2022-10-06,183.4,240.0,158.6,214.6,208.0,173.4,117.55,311.3,230.0,220.0
2022-10-07,184.0,239.0,156.6,214.4,207.6,173.0,116.7,363.7,230.0,220.0
2022-10-10,183.6,241.0,158.0,213.6,208.0,173.0,116.55,361.0,230.0,220.0
2022-10-11,182.8,240.0,157.6,213.4,208.6,172.4,116.45,364.0,230.0,220.0
2022-10-12,184.4,240.0,157.0,213.0,208.6,172.4,116.07499999999999,357.45,230.0,220.0
2022-10-13,183.4,240.0,157.6,212.6,209.0,173.0,116.625,363.8,230.0,220.0
2022-10-14,181.0,239.0,154.4,212.6,208.2,171.6,116.625,361.3,230.0,220.0
2022-10-17,181.4,240.0,152.4,213.4,208.0,171.0,116.8,353.7,230.0,220.0
2022-10-18,181.4,238.6,149.2,213.4,208.2,170.0,116.64999999999999,351.0,225.0,220.0
2022-10-19,180.0,238.6,148.2,213.4,208.6,169.6,116.7,344.75,230.0,220.0
2022-10-20,179.6,239.0,145.6,213.0,208.0,170.4,116.2,351.4,230.0,220.0
2022-10-21,179.6,238.6,146.2,213.0,208.6,170.2,115.94999999999999,345.45,230.0,220.0
2022-10-25,177.6,237.0,145.0,214.0,207.6,164.0,115.08,342.05,225.0,220.0
2022-10-26,178.4,237.0,146.4,213.4,207.6,167.4,113.94,344.55,225.0,220.0
2022-10-27,178.6,237.0,145.0,213.4,207.6,165.0,114.42,351.0,225.0,220.0
2022-10-28,175.6,236.6,145.6,212.4,207.2,162.6,114.1,359.0,225.0,220.0
2022-10-31,178.6,237.4,149.2,212.4,207.6,162.6,115.38,388.8,225.0,220.0
2022-11-01,188.0,235.0,157.0,212.0,207.6,167.0,114.8,395.8,225.0,220.0
2022-11-02,188.0,235.0,158.6,212.4,207.0,167.0,115.08,396.8,225.0,220.0
2022-11-03,188.6,235.0,159.6,211.4,205.2,172.6,114.83,390.8,225.0,220.0
2022-11-04,187.6,235.0,158.6,211.4,206.2,171.6,114.47,393.0,225.0,220.0
2022-11-08,187.0,234.0,155.0,210.8,205.6,166.0,114.02,401.3,220.0,215.0
2022-11-09,187.0,234.0,155.4,210.8,206.0,163.0,114.08,401.3,225.0,215.0
2022-11-10,187.2,234.0,155.0,210.4,205.2,163.4,113.82,398.3,220.0,215.0
2022-11-11,187.6,234.0,155.0,210.8,205.6,163.4,114.5,391.1,225.0,215.0
2022-11-14,186.6,234.0,154.2,210.0,204.4,162.6,114.42,391.4,223.0,215.0
2022-11-15,189.8,232.0,157.0,207.6,202.0,165.0,113.53999999999999,391.5,225.0,215.0
2022-11-16,193.0,232.0,163.4,206.6,202.0,168.0,113.3,399.3,225.0,215.0
2022-11-17,190.0,232.0,159.2,207.6,202.0,166.2,113.5,400.3,225.0,215.0
2022-11-18,189.0,233.0,160.6,207.8,201.8,166.6,113.34,391.2,225.0,215.0
2022-11-21,191.4,234.0,163.0,207.6,201.0,168.0,110.72,385.5,225.0,215.0
2022-11-22,190.6,233.0,161.6,208.0,199.6,167.6,111.82000000000001,385.5,225.0,210.0
2022-11-23,191.4,233.6,161.4,204.6,196.4,167.6,111.69,389.7,225.0,210.0
2022-11-24,190.4,230.0,163.0,207.6,199.0,167.6,112.82,392.5,225.0,215.0
2022-11-25,188.2,231.0,159.8,204.0,196.0,167.6,110.68,382.5,220.0,212.0
2022-11-28,190.6,231.0,159.8,204.6,195.6,167.6,110.8,379.8,220.0,212.0
2022-11-29,189.6,228.0,158.6,202.0,196.6,167.6,111.08,382.5,220.0,210.0
2022-11-30,189.2,226.0,158.4,202.6,192.0,165.0,109.08,379.0,220.0,210.0
2022-12-01,188.6,226.0,158.6,201.2,192.4,166.0,109.12,365.8,220.0,210.0
2022-12-02,188.6,225.0,158.2,199.0,193.0,166.0,109.88,332.5,220.0,210.0
2022-12-05,189.2,222.0,158.6,198.0,192.0,166.6,109.66,329.8,220.0,205.0
2022-12-06,187.6,219.0,158.0,197.4,191.6,166.6,107.65,342.0,215.0,200.0
2022-12-08,187.2,219.6,157.6,197.2,192.0,166.0,106.88,346.5,215.0,205.0
2022-12-09,187.2,222.0,156.6,197.0,193.0,162.4,109.1,343.0,215.0,210.0
2022-12-12,187.2,222.0,,197.0,192.0,156.6,188.0,194.0,215.0,210.0
2022-12-13,202.0,223.0,168.0,197.6,192.0,180.0,108.28,384.7,215.0,210.0
2022-12-14,209.0,216.0,166.0,197.4,192.6,176.6,108.74,398.3,218.0,210.0
2022-12-15,212.0,217.0,167.0,198.2,193.6,177.0,108.44,395.7,218.0,210.0
2022-12-16,211.4,219.0,167.6,198.4,192.6,178.6,107.42,399.5,220.0,210.0
2022-12-19,211.4,54.75,167.6,198.4,192.6,178.6,186.0,195.0,415.0,60.0
2022-12-21,207.0,225.0,167.6,202.0,197.0,175.0,111.5,394.5,213.0,209.0
2022-12-22,206.6,224.0,167.6,204.4,198.0,178.6,111.55,394.3,215.0,208.6
2022-12-23,207.0,224.0,167.2,203.0,199.6,179.0,111.39999999999999,394.3,213.0,207.0
2022-12-26,204.6,224.0,167.6,205.2,199.0,178.0,112.22,387.0,212.4,206.6
2022-12-27,210.0,225.0,171.6,201.0,197.0,179.0,112.1,387.0,213.4,207.0
2022-12-28,210.0,224.0,172.6,202.0,197.0,178.6,111.6,391.8,214.0,206.6
2022-12-29,209.0,224.0,170.0,202.0,197.0,178.0,111.1,384.8,214.0,207.0
2022-12-30,209.4,224.0,171.4,205.0,197.0,179.6,111.68,392.0,214.0,206.6
2023-01-02,207.0,222.6,172.4,205.0,197.8,180.0,110.39999999999999,399.7,214.0,205.2
2023-01-03,209.0,223.0,167.8,204.4,198.0,174.0,110.86,400.0,215.0,207.0
2023-01-04,210.0,224.0,168.6,205.0,198.0,174.6,110.92,404.0,214.0,208.6
2023-01-05,208.4,224.0,168.4,205.0,197.6,175.0,110.1,410.5,214.0,208.6
2023-01-09,209.6,223.0,168.0,204.6,198.0,173.0,109.52,400.0,213.0,205.0
2023-01-10,207.0,223.0,168.0,201.0,194.0,175.0,109.6,387.5,214.0,207.0
2023-01-11,206.0,223.0,167.6,200.0,193.0,176.0,108.98,395.5,214.0,205.0
2023-01-12,204.0,223.0,167.2,201.0,196.0,175.0,110.6,390.6,214.0,206.0
2023-01-16,202.4,223.0,167.2,204.0,196.0,175.0,107.5,358.0,215.0,206.0
2023-01-17,206.0,223.0,167.2,201.6,195.0,175.6,107.2,332.0,214.4,206.0
2023-01-18,205.6,222.0,167.4,202.0,195.6,174.6,107.62,322.8,214.4,205.6
2023-01-19,202.4,223.0,167.2,201.0,193.0,174.6,107.38,317.5,215.0,205.6
2023-01-20,201.6,219.6,168.2,196.6,193.0,176.2,106.08,294.3,213.0,206.0
2023-01-23,200.4,219.6,165.0,192.0,188.0,173.0,105.44,278.5,211.0,206.6
2023-01-24,199.6,219.0,162.4,192.0,187.0,172.0,105.26,283.0,210.4,207.0
2023-01-25,200.4,220.0,162.6,192.0,187.0,170.6,104.58,287.0,210.0,206.6
2023-01-26,199.0,221.0,163.6,194.0,190.0,169.4,105.78,279.5,210.0,205.6
2023-01-27,199.0,221.0,162.6,194.6,189.6,172.4,105.92,183.0,211.0,206.0
2023-01-30,198.6,219.0,163.6,188.0,180.0,168.8,101.9,288.0,212.0,205.6
2023-01-31,197.2,219.0,162.4,187.0,177.0,167.6,101.0,273.0,212.0,206.0
2023-02-01,197.2,219.6,162.4,189.0,178.0,168.0,100.6,275.5,212.0,206.6
2023-02-02,194.6,219.0,161.6,189.0,183.0,166.0,100.55,257.5,210.0,205.6
2023-02-03,194.2,219.0,160.6,188.0,183.0,164.0,98.8,247.5,210.0,204.6
2023-02-06,194.0,219.0,161.2,188.0,183.0,166.2,99.42,239.5,213.0,206.6
2023-02-07,191.6,219.0,159.0,187.0,178.0,165.6,98.2,252.5,212.4,206.0
2023-02-08,189.6,219.0,158.2,184.4,181.0,165.6,97.42,247.8,212.4,204.6
2023-02-09,189.2,219.0,158.4,188.0,176.0,163.6,98.35,255.5,211.4,204.6
2023-02-10,189.2,218.6,158.4,187.8,176.0,163.4,98.4,248.7,211.0,204.2
2023-02-13,188.6,218.0,156.0,187.6,174.6,163.0,97.58,237.9,210.0,203.6
2023-02-14,190.6,222.0,156.6,186.0,177.0,163.8,99.7,218.2,209.0,206.0
2023-02-15,191.6,220.6,164.4,186.0,180.0,164.4,98.7,267.0,210.4,206.4
2023-02-16,189.2,222.0,156.6,185.0,175.0,164.4,97.2,252.0,213.0,209.0
2023-02-17,188.6,223.0,157.2,184.4,176.0,165.6,96.64,188.0,213.4,207.6
2023-02-20,189.6,226.0,157.6,188.0,176.0,166.2,99.08,197.5,215.0,206.6
2023-02-21,193.0,230.0,159.6,188.0,176.0,168.6,98.9,200.5,210.0,205.0
2023-02-22,191.6,231.0,161.6,187.0,179.0,167.2,100.08,227.5,210.4,205.0
2023-02-23,192.4,231.0,162.6,188.6,179.4,169.4,99.55,266.2,211.4,208.6
2023-02-24,201.0,242.0,168.6,187.0,178.0,172.0,97.78999999999999,240.5,214.0,205.0
2023-02-27,202.4,241.0,168.0,187.6,180.0,171.0,98.7,219.0,213.75,206.0
2023-02-28,203.0,246.0,171.6,187.0,182.0,169.0,100.2,222.5,217.0,210.0
2023-03-01,203.0,246.0,170.6,188.0,182.0,169.0,98.82,223.0,216.25,209.0
2023-03-02,207.0,246.0,173.0,188.0,180.75,170.8,100.64,167.0,218.75,212.0
2023-03-03,209.0,245.0,173.4,188.0,181.6,173.0,99.9,214.5,217.5,211.0
2023-03-07,206.2,246.0,173.0,189.0,183.0,173.25,100.4,201.5,216.25,212.5
2023-03-08,206.6,246.0,172.0,187.0,183.0,173.6,100.28,201.5,216.0,212.5
2023-03-09,210.6,246.0,173.0,190.0,186.6,170.0,99.6,230.0,218.0,213.75
2023-03-10,210.75,244.0,174.2,187.0,184.0,172.0,98.08,200.5,219.0,213.0
2023-03-13,206.6,246.0,174.2,188.0,184.0,170.75,97.52,206.8,218.0,213.0
2023-03-14,206.6,246.0,174.2,187.0,183.0,169.2,97.4,227.5,218.0,212.6
2023-03-15,206.0,246.0,173.8,188.75,183.0,170.2,97.34,220.0,218.33,213.75
2023-03-16,205.0,247.0,174.2,188.0,183.0,168.4,97.46000000000001,222.8,218.33,214.0
2023-03-17,209.0,244.0,175.0,188.0,184.0,171.4,98.8,211.3,217.5,210.6
2023-03-20,207.25,243.0,176.6,185.0,185.0,168.2,99.4,215.3,214.5,211.0
2023-03-21,205.6,243.0,176.0,185.6,184.0,167.0,98.25,210.5,215.0,211.6
2023-03-22,205.4,244.0,175.0,186.0,183.4,168.6,98.25,201.0,215.0,212.0
2023-03-23,204.8,244.0,176.2,186.6,184.0,167.4,97.02,233.3,215.0,211.6
2023-03-24,206.6,242.0,175.0,188.0,183.0,169.6,97.78,206.8,213.33,207.5
2023-03-27,204.8,243.0,173.0,188.0,183.4,168.6,97.7,224.3,214.0,210.6
2023-03-28,205.0,243.0,175.2,187.0,182.4,171.0,98.25999999999999,214.8,211.6,205.6
2023-03-29,205.2,243.0,176.0,188.0,182.6,168.6,97.48,237.2,213.0,205.6
2023-03-30,205.6,243.0,173.6,189.0,184.0,168.6,98.48,235.7,213.4,206.4
2023-03-31,205.0,243.4,174.6,188.6,184.0,168.6,98.12,233.9,213.0,205.8
2023-04-03,205.0,243.0,176.4,185.0,182.0,170.0,96.8,204.5,213.0,207.6
2023-04-04,205.6,244.0,175.0,185.0,181.0,170.0,96.28,209.7,213.0,206.6
2023-04-06,203.6,243.0,177.0,185.0,181.0,169.0,97.24,215.5,211.4,206.0
2023-04-10,212.5,241.0,178.75,185.0,180.0,177.0,96.9,216.0,211.4,211.25
2023-04-11,202.6,250.0,177.0,185.0,183.0,170.0,94.36,240.5,208.0,201.67
2023-04-17,199.33,244.6,178.33,191.4,180.6,171.25,95.21,267.175,212.75,200.6
2023-04-18,203.33,246.0,178.67,183.0,178.0,179.5,95.92,204.5,211.75,203.6
2023-04-19,203.6,244.0,21.6,184.0,179.0,178.75,214.5,273.0,211.4,203.0
2023-04-20,202.6,250.0,21.6,185.0,181.0,178.5,209.5,273.0,211.4,203.6
2023-04-21,202.0,249.0,21.6,183.0,179.4,177.67,210.0,225.5,210.4,203.0
2023-04-24,204.33,252.0,22.2,184.0,178.0,179.2,195.5,215.0,208.75,203.0
2023-04-25,179.2,252.6,212.0,184.0,178.0,22.32,217.5,127.5,208.75,201.0
2023-04-26,203.75,253.0,178.6,184.0,178.0,173.0,95.6,184.5,210.0,203.0
2023-04-27,203.25,254.0,21.72,183.4,177.4,178.75,191.0,222.0,211.0,203.6
2023-04-28,205.6,243.0,175.2,187.0,182.4,171.0,98.03999999999999,243.8,211.6,205.6
2023-05-02,209.5,260.0,22.04,183.0,180.0,178.6,216.0,272.5,210.0,204.0
2023-05-03,210.0,260.0,21.92,184.0,178.6,176.67,287.5,222.0,209.4,203.0
2023-05-04,208.75,259.2,178.25,184.0,179.0,175.0,94.6,200.0,209.6,203.0
2023-05-08,207.5,262.0,176.75,184.0,180.0,176.75,94.75999999999999,202.5,209.5,203.0
2023-05-09,208.0,262.5,21.8,184.0,179.0,177.0,249.5,121.5,209.6,203.0
2023-05-10,208.6,261.0,22.1,183.0,178.0,179.25,245.0,121.5,209.6,201.0
2023-05-11,208.33,261.0,21.76,184.0,179.0,179.0,246.5,124.5,210.0,203.0
2023-05-12,208.4,260.2,21.04,183.0,180.0,184.5,224.3,228.5,209.0,202.0
2023-05-15,210.0,259.6,21.84,183.0,177.0,187.67,227.0,125.5,209.0,201.0
2023-05-16,206.75,258.6,190.0,183.0,179.0,176.0,91.58,174.5,209.0,201.0
2023-05-17,208.25,260.0,20.8,183.0,180.0,188.33,228.0,127.1,208.0,201.0
2023-05-18,208.33,262.0,21.04,183.0,179.0,188.33,224.5,125.5,209.0,201.0
2023-05-19,209.0,262.0,19.44,183.0,178.0,187.67,221.0,125.30000000000001,208.6,201.0
2023-05-22,176.67,258.6,22.2,190.0,178.75,184.0,225.75,124.0,218.6,207.0
2023-05-23,211.25,259.6,20.0,183.0,178.0,186.0,217.5,121.0,214.0,200.6
2023-05-24,210.0,260.0,19.68,182.0,179.0,183.75,212.5,119.0,212.0,204.0
2023-05-25,208.75,261.25,972.0,184.0,179.6,183.33,201.5,122.5,211.0,205.0
2023-05-26,207.5,257.0,960.0,187.0,179.0,183.33,209.2,122.7,212.0,202.0
2023-05-29,210.0,258.6,983.0,183.0,177.0,181.5,206.8,114.0,209.0,201.0
2023-05-30,210.0,260.4,980.0,183.0,177.6,181.2,267.3,181.0,212.0,201.0
2023-05-31,210.0,261.6,960.0,183.0,177.0,182.0,247.8,227.5,210.0,200.0
2023-06-01,211.0,258.2,183.0,181.0,177.0,176.0,91.1,271.0,211.0,202.0
2023-06-02,210.0,259.6,960.0,182.6,177.0,180.75,280.5,118.5,209.0,200.0
2023-06-05,210.0,258.4,968.0,184.0,178.6,181.25,219.3,256.0,210.0,201.6
2023-06-06,207.5,257.6,964.0,183.0,176.0,183.6,275.5,253.0,209.0,199.0
2023-06-07,213.0,257.0,930.0,186.0,175.0,183.33,243.0,117.0,212.4,197.0
2023-06-08,206.25,257.6,920.0,181.0,175.0,182.0,239.5,119.0,208.0,198.0
2023-06-09,206.25,258.6,930.0,181.0,174.0,183.25,269.5,227.5,208.0,199.0
2023-06-12,207.5,257.6,954.0,182.0,177.0,185.0,243.8,277.5,208.0,199.0
2023-06-13,209.0,257.6,960.0,181.0,176.0,181.67,282.8,239.0,206.0,197.0
2023-06-14,208.0,257.6,956.0,178.0,173.0,182.5,275.3,280.5,207.0,197.0
2023-06-15,213.0,258.0,990.0,188.0,175.0,182.0,253.0,122.0,211.0,200.0
2023-06-16,207.4,257.6,960.0,179.0,173.0,183.75,251.5,124.5,207.0,196.0
2023-06-19,211.67,257.0,392.0,178.0,171.0,960.0,256.5,114.0,204.0,194.0
2023-06-20,210.67,257.6,380.0,177.6,172.0,956.0,233.0,111.0,203.0,194.0
2023-06-21,216.0,257.0,980.0,182.0,170.0,188.0,256.8,116.5,212.0,203.0
2023-06-22,208.75,256.0,924.0,175.0,170.0,186.25,264.0,247.5,205.0,189.0
2023-06-23,208.75,257.6,940.0,177.0,170.0,186.0,302.5,244.5,201.0,193.0
2023-06-26,208.0,257.6,19.2,176.6,169.0,189.5,292.5,313.5,201.0,195.0
2023-06-27,208.0,258.6,20.4,177.6,169.0,187.0,318.0,262.0,201.0,195.0
2023-06-28,206.25,257.2,20.88,178.0,168.6,186.6,315.3,266.5,201.0,195.0
2023-06-30,207.5,257.0,21.68,177.0,169.0,188.0,309.3,267.5,202.5,195.0
2023-07-04,208.0,257.6,21.8,180.0,173.0,188.0,256.5,305.0,203.0,195.0
2023-07-05,206.67,257.6,22.48,179.0,173.4,188.75,226.5,299.0,202.6,194.0
2023-07-06,211.67,257.2,22.48,180.0,171.0,189.33,311.0,266.3,202.5,195.0
2023-07-07,210.0,258.0,22.6,179.0,170.6,190.0,318.3,274.2,204.0,195.0
2023-07-10,223.33,257.6,22.6,183.0,173.0,191.0,298.0,135.5,212.0,202.0
2023-07-11,223.33,259.0,21.76,184.0,169.6,190.8,323.5,130.8,214.0,202.0
2023-07-12,220.0,258.6,21.8,187.0,170.8,191.4,302.0,271.2,216.6,203.0
2023-07-13,210.0,258.0,22.4,179.0,171.0,189.0,347.0,288.0,209.6,201.0
2023-07-14,204.0,258.0,22.2,181.0,172.0,189.0,343.2,288.0,210.6,197.0
2023-07-17,212.0,258.6,21.8,182.0,171.0,190.0,346.5,289.8,207.0,196.0
2023-07-18,218.4,257.0,22.2,176.0,170.0,190.0,350.0,298.0,207.0,199.0
2023-07-19,212.0,258.4,21.76,182.0,172.8,188.2,338.7,298.7,207.0,198.0
2023-07-20,211.2,258.6,21.4,173.8,169.0,188.4,356.5,314.8,205.8,200.0
2023-07-21,212.0,257.6,21.52,177.2,170.0,186.0,339.0,286.5,207.0,198.0
2023-07-24,215.0,259.0,330.0,178.0,170.8,21.52,293.6,123.0,207.0,197.0
2023-07-25,216.0,257.0,22.6,176.0,170.0,183.33,248.5,125.0,207.0,197.0
2023-07-26,212.5,258.2,21.4,177.0,170.0,188.33,248.0,130.5,203.0,200.0
2023-07-27,211.67,257.6,21.4,177.0,170.0,188.33,249.0,130.5,207.0,198.0
2023-07-28,218.33,257.0,21.4,177.0,170.0,186.67,249.0,131.5,208.0,199.0
2023-07-31,220.0,258.0,21.4,178.0,170.0,186.67,233.5,130.0,207.0,198.0
2023-08-02,220.0,260.0,21.4,177.0,170.0,186.67,218.5,129.6,208.0,200.0
2023-08-03,21.4,258.0,113.0,178.0,170.0,304.0,250.5,159.7,207.0,199.0
2023-08-04,225.0,258.0,21.4,177.0,170.0,189.0,235.5,130.0,207.0,199.0
2023-08-07,220.0,259.0,21.4,177.0,170.0,189.0,235.5,129.5,206.0,195.6
2023-08-08,21.4,260.0,122.0,177.0,170.0,288.0,258.5,158.5,207.0,198.0
2023-08-09,20.8,260.0,147.0,177.0,170.0,270.0,273.5,161.5,208.0,198.0
2023-08-10,20.4,260.0,126.0,177.0,170.0,248.0,258.5,177.0,208.0,198.0
2023-08-11,20.4,260.0,150.0,177.0,170.0,256.0,256.5,175.5,207.0,199.0
2023-08-14,21.4,260.0,248.0,177.0,170.0,160.0,168.5,250.5,208.0,198.0
2023-08-15,20.6,260.0,262.0,178.0,170.0,160.0,158.5,240.5,208.0,198.0
2023-08-16,20.52,260.0,298.0,178.0,160.0,192.0,159.5,247.0,208.0,198.0
2023-08-17,20.6,260.0,280.0,178.0,170.0,178.0,159.0,231.1,208.0,199.0
2023-08-18,20.6,260.0,298.0,178.0,170.0,204.0,159.5,232.0,208.0,199.0
2023-08-21,20.6,260.0,292.0,182.0,174.0,212.0,170.0,222.0,213.0,204.0
2023-08-22,20.6,260.0,288.0,188.0,179.0,208.0,171.0,207.0,213.0,204.0
2023-08-23,20.6,260.0,288.0,188.0,180.0,192.0,172.0,223.0,213.0,204.0
2023-08-24,20.6,260.0,288.0,193.0,185.0,200.0,171.0,221.0,217.0,210.0
2023-08-25,20.6,260.0,288.0,196.0,185.0,208.0,175.5,220.5,217.0,210.0
2023-08-28,20.6,272.0,268.0,198.0,190.0,216.0,178.0,219.0,218.0,210.0
2023-08-29,20.6,276.0,268.0,201.0,190.0,216.0,181.0,221.5,217.0,210.0
2023-08-31,20.6,282.0,288.0,202.0,195.0,208.0,172.5,213.0,222.0,214.0
2023-09-01,20.6,285.0,282.0,202.0,194.0,232.0,172.0,209.0,222.0,215.0
2023-09-04,19.6,286.0,270.0,206.0,195.0,212.0,165.0,207.0,223.0,215.0
2023-09-05,980.0,286.0,270.0,205.0,194.0,212.0,172.5,208.5,222.0,215.0
2023-09-06,980.0,286.0,270.0,203.0,195.0,212.0,171.5,210.0,222.0,215.0
2023-09-07,19.6,286.0,270.0,200.0,195.0,212.0,170.5,217.0,223.0,215.0
2023-09-08,20.4,286.0,280.0,202.0,193.0,226.0,170.5,208.0,223.0,215.0
2023-09-11,20.4,288.0,300.0,200.0,195.0,230.0,173.0,191.0,223.0,215.0
2023-09-12,20.4,287.0,292.0,201.0,195.0,212.0,170.5,184.5,222.0,215.0
2023-09-13,20.4,282.0,292.0,200.0,195.0,212.0,166.5,176.5,222.0,215.0
2023-09-14,20.4,282.0,292.0,200.0,195.0,212.0,168.0,171.0,222.0,215.0
2023-09-15,20.4,286.0,296.0,200.0,195.0,212.0,167.0,177.0,223.0,215.0
2023-09-18,20.4,285.0,288.0,200.0,195.0,212.0,163.5,181.5,222.0,215.0
2023-09-19,20.4,286.0,282.0,202.0,195.0,212.0,163.0,171.0,223.0,215.0
2023-09-20,20.4,286.0,282.0,202.0,195.0,216.0,162.0,176.0,223.0,215.0
2023-09-21,20.4,285.0,304.0,202.0,195.0,220.0,163.0,175.0,223.0,215.0
2023-09-22,20.4,284.0,296.0,200.0,195.0,224.0,162.0,166.5,222.0,215.0
2023-09-25,20.4,284.0,294.0,202.0,195.0,224.0,163.0,166.0,223.0,215.0
2023-09-26,20.4,286.0,288.0,201.0,195.0,224.0,166.0,175.5,223.0,215.0
2023-10-02,20.4,286.0,296.0,200.0,195.0,230.0,171.5,175.0,222.0,215.0
2023-10-03,20.4,286.0,300.0,200.0,195.0,220.0,173.0,185.0,223.0,215.0
2023-10-04,20.4,286.0,320.0,200.0,195.0,238.0,192.5,184.0,222.0,215.0
2023-10-05,20.4,287.0,320.0,200.0,195.0,244.0,181.5,195.5,223.0,215.0
2023-10-06,20.4,286.0,350.0,200.0,196.0,248.0,191.5,204.0,222.0,215.0
2023-10-09,20.8,286.0,340.0,200.0,195.0,256.0,173.0,192.0,223.0,215.0
2023-10-10,20.8,285.0,346.0,200.0,195.0,258.0,180.0,195.0,222.0,215.0
2023-10-11,20.4,286.0,336.0,200.0,195.0,242.0,163.0,189.0,223.0,215.0
2023-10-12,20.8,286.0,332.0,200.0,195.0,242.0,172.0,188.0,222.0,215.0
2023-10-13,20.8,287.5,364.0,200.0,195.0,248.0,201.0,193.0,222.0,215.0
2023-10-16,20.4,285.0,370.0,200.0,195.0,264.0,169.0,193.0,223.0,215.0
2023-10-17,20.4,285.0,370.0,200.0,195.0,242.0,168.0,188.0,223.0,215.0
2023-10-18,20.4,285.0,374.0,200.0,195.0,242.0,187.0,174.0,223.0,215.0
2023-10-19,20.4,285.0,384.0,200.0,195.0,252.0,189.5,181.5,224.0,216.0
2023-10-20,20.4,285.0,398.0,200.0,196.0,242.0,184.5,183.0,225.0,220.0
2023-10-23,20.4,286.67,488.0,202.0,195.0,370.0,182.0,192.5,227.0,220.0
2023-10-24,20.4,295.0,488.0,202.0,195.8,374.0,196.0,181.0,227.6,220.0
2023-10-25,20.4,290.0,488.0,201.0,195.4,374.0,199.5,185.3,226.2,220.0
2023-10-26,20.4,292.5,468.0,201.0,196.0,392.0,198.8,177.1,226.6,220.0
2023-10-27,20.8,297.5,492.0,203.0,196.0,392.0,203.0,191.0,226.2,220.0
2023-10-30,20.4,305.0,562.0,207.0,200.0,476.0,214.0,180.0,227.0,220.0
2023-10-31,20.4,305.0,546.0,207.0,200.0,480.0,214.0,187.0,227.6,220.0
2023-11-01,20.4,305.0,516.0,207.0,200.0,480.0,208.5,187.3,227.6,220.0
2023-11-02,20.4,303.33,488.0,207.0,200.0,468.0,210.0,191.3,228.8,220.8
2023-11-03,20.4,303.33,478.0,207.0,200.4,390.0,204.0,197.5,228.2,220.8
2023-11-06,20.4,305.0,458.0,207.0,200.0,404.0,205.0,203.0,229.0,224.25
2023-11-07,20.4,305.0,442.0,210.0,205.0,414.0,210.5,210.0,228.6,225.0
2023-11-08,20.4,305.0,442.0,210.0,205.0,398.0,202.5,208.25,228.6,225.0
2023-11-09,20.4,305.0,442.0,210.0,205.0,410.0,208.0,210.0,228.8,225.0
2023-11-10,20.4,305.0,422.0,210.0,205.0,386.0,204.0,210.0,228.8,225.0
2023-11-13,20.4,311.67,204.0,210.0,205.0,448.0,229.0,234.5,229.2,225.0
2023-11-14,20.4,310.0,210.0,210.0,205.0,446.0,230.5,229.875,229.6,225.0
2023-11-15,20.4,305.0,204.0,211.25,205.0,440.0,228.25,230.5,229.6,225.0
2023-11-16,20.4,305.0,196.0,212.0,205.4,436.0,223.25,224.5,230.0,225.0
2023-11-17,20.4,305.0,446.0,212.0,205.4,365.0,205.5,231.5,229.6,225.0
2023-11-20,20.4,306.67,456.0,212.0,205.0,365.0,210.7,231.3,230.0,225.0
2023-11-21,20.8,310.0,220.0,211.0,205.0,446.0,229.5,239.0,230.0,225.4
2023-11-22,20.8,310.0,212.0,212.6,205.2,441.0,225.5,231.125,230.6,225.25
2023-11-23,20.8,307.5,208.0,212.0,205.2,442.0,226.5,239.5,231.2,225.4
2023-11-24,21.12,310.0,212.0,212.0,205.0,438.0,225.0,238.0,231.0,225.0
2023-11-27,20.6,310.0,204.0,212.6,205.4,392.0,228.25,231.3,229.6,225.0
2023-11-28,20.6,310.0,204.0,212.6,205.5,388.0,228.25,231.3,229.6,225.0
2023-12-01,20.6,310.0,224.0,212.5,205.4,392.0,259.5,265.8,230.75,225.5
2023-12-04,20.6,315.0,218.0,212.0,205.4,412.0,267.5,265.5,231.2,225.0
2023-12-05,20.6,315.0,222.0,212.0,205.5,412.0,264.5,265.5,231.2,225.4
2023-12-06,20.6,315.0,202.0,212.5,206.5,392.0,256.0,268.875,232.6,225.8
2023-12-07,20.6,315.0,204.0,211.25,205.5,392.0,259.875,269.5,232.0,226.0
2023-12-08,20.44,316.67,204.0,210.0,205.0,408.0,269.5,197.5,231.0,221.6
2023-12-11,20.6,315.0,380.0,212.5,205.5,392.0,263.25,195.5,231.6,225.4
2023-12-12,20.6,315.0,412.0,212.5,205.5,412.0,258.5,197.0,232.0,225.4
2023-12-13,21.2,315.0,412.0,212.5,205.5,388.0,259.25,197.5,232.5,225.8
2023-12-14,21.2,315.0,408.0,214.0,205.0,410.0,263.5,200.0,233.4,225.4
2023-12-15,21.2,315.0,408.0,212.5,206.0,398.0,257.25,195.5,232.0,226.0
2023-12-18,21.2,315.0,418.0,212.0,206.0,385.0,306.25,260.5,232.5,226.0
2023-12-19,21.2,315.0,458.0,212.5,205.5,396.0,273.25,188.5,232.5,226.0
2023-12-20,21.2,315.0,480.0,212.5,205.75,418.0,273.25,182.5,232.5,226.0
2023-12-21,21.2,320.0,450.0,212.5,206.5,418.0,279.25,178.0,232.5,226.0
2023-12-22,21.2,315.0,447.0,211.25,206.5,434.0,278.5,178.0,232.0,226.0
2023-12-27,21.2,317.5,414.0,211.25,205.5,484.0,264.25,170.125,237.0,228.5
2023-12-28,21.2,320.0,346.0,212.5,205.5,418.0,177.25,575.625,237.0,228.5
2023-12-29,20.8,320.0,408.0,211.25,206.5,455.0,279.25,176.0,237.2,228.5
2024-01-01,20.8,325.0,405.0,212.5,206.0,430.0,186.5,565.5,237.0,229.25
2024-01-02,20.6,325.0,405.0,212.5,206.0,395.0,289.25,174.0,238.0,229.5
2024-01-03,20.6,330.0,374.0,212.5,205.75,365.0,291.75,174.375,237.4,229.5
2024-01-04,20.6,335.0,366.0,211.25,206.0,365.0,290.0,173.5,238.0,229.5
2024-01-05,20.6,335.0,384.0,212.6,205.75,325.0,270.0,171.0,237.6,230.5
2024-01-08,20.6,338.33,436.0,212.5,205.75,285.0,254.0,171.625,239.0,230.5
2024-01-09,20.6,335.0,402.0,212.5,205.75,282.0,254.5,172.0,239.0,230.5
2024-01-10,20.6,335.0,330.0,212.0,206.5,288.0,274.0,169.5,241.0,230.5
2024-01-11,20.0,340.0,360.0,211.0,206.75,282.0,266.0,169.75,241.0,233.0
2024-01-12,20.44,340.0,360.0,212.0,206.5,280.0,260.0,174.5,241.25,235.0
2024-01-16,19.6,342.5,330.0,211.0,206.5,284.0,265.0,170.0,242.5,236.5
2024-01-17,980.0,345.0,304.0,212.5,206.5,272.0,260.0,167.0,241.25,236.5
2024-01-18,960.0,345.0,288.0,211.0,207.0,282.0,256.0,184.5,242.5,236.5
2024-01-19,960.0,345.0,298.0,212.0,206.5,300.0,256.0,191.0,242.5,236.5
2024-01-22,930.0,211.0,350.0,205.75,180.0,302.0,291.75,200.0,241.25,236.5
2024-01-23,940.0,208.0,334.0,200.75,181.0,294.0,301.33500000000004,202.0,242.0,236.5
2024-01-24,920.0,208.0,336.0,200.75,177.0,292.0,310.75,199.0,242.5,236.5
2024-01-26,920.0,207.5,346.0,201.0,178.75,268.0,284.75,200.125,242.5,236.5
2024-01-29,948.0,207.0,304.0,200.75,178.0,268.0,311.75,198.0,242.5,236.5
2024-01-30,948.0,207.0,248.0,200.75,176.0,190.0,282.75,271.125,238.75,231.0
2024-01-31,278.33,337.5,242.0,207.5,201.5,948.0,239.125,241.0,239.0,230.75
2024-02-01,273.75,325.0,230.0,205.0,196.0,922.0,253.5,244.5,238.75,229.5
2024-02-02,275.0,330.0,224.0,200.0,190.75,928.0,261.5,244.5,237.5,229.5
2024-02-05,275.0,325.0,212.0,198.75,190.75,910.0,249.5,250.5,237.5,228.75
2024-02-06,271.67,325.0,218.0,197.5,190.75,910.0,242.0,250.0,237.5,229.5
2024-02-07,267.5,325.0,226.0,197.5,191.0,910.0,245.0,240.5,237.5,229.5
2024-02-08,262.5,325.0,230.0,197.5,190.75,910.0,256.5,259.5,237.5,229.5
2024-02-09,263.75,325.0,228.0,197.5,190.75,910.0,257.0,260.0,237.5,230.75
2024-02-12,262.5,325.0,258.0,198.75,190.75,930.0,268.5,249.5,237.5,231.5
2024-02-13,262.5,325.0,258.0,198.75,190.75,910.0,267.0,241.0,237.5,230.75
2024-02-14,260.0,325.0,250.0,198.75,190.75,880.0,290.25,241.5,237.5,229.5
2024-02-15,260.0,325.0,250.0,199.0,190.75,880.0,286.5,241.0,237.5,229.5
2024-02-16,255.0,325.0,242.0,199.0,190.75,880.0,283.0,239.5,235.75,229.5
2024-02-19,255.0,325.0,222.0,199.0,190.75,840.0,268.0,239.5,236.25,229.5
2024-02-20,255.0,325.0,206.0,202.6,193.0,840.0,262.0,239.5,237.5,228.75
2024-02-21,255.0,330.0,212.0,204.0,193.75,840.0,280.25,239.25,237.5,229.5
2024-02-22,255.0,327.5,232.0,205.2,193.33,870.0,286.0,239.0,238.25,229.5
2024-02-26,253.33,320.0,218.0,204.6,192.5,860.0,280.0,248.5,236.25,229.5
2024-02-27,253.33,320.0,236.0,202.5,193.75,860.0,205.5,267.0,237.0,229.0
2024-02-28,253.33,320.0,224.0,202.5,193.75,860.0,205.5,262.5,237.5,229.5
2024-02-29,253.33,320.0,224.0,202.5,195.75,860.0,207.5,256.0,237.0,229.5
2024-03-01,253.33,320.0,212.0,203.75,193.75,860.0,205.0,255.0,237.0,229.5
2024-03-04,253.33,320.0,224.0,203.25,194.33,860.0,213.0,255.0,237.0,229.5
2024-03-05,253.33,320.0,242.0,204.5,194.33,860.0,209.25,256.0,237.0,229.33
2024-03-06,253.33,320.0,242.0,204.5,194.33,860.0,209.25,259.25,236.6,229.5
2024-03-07,253.33,320.0,252.0,203.6,194.5,860.0,213.0,280.5,236.25,229.33
2024-03-11,253.33,320.0,292.0,204.2,194.5,860.0,277.5,371.5,237.5,229.5
2024-03-12,252.5,320.0,292.0,204.6,194.5,860.0,267.5,357.5,237.5,229.5
2024-03-13,253.33,320.0,282.0,204.6,194.5,860.0,240.5,342.5,237.0,229.0
2024-03-14,252.5,320.0,242.0,204.6,194.5,810.0,212.5,317.5,236.6,229.5
2024-03-15,253.33,320.0,246.0,203.6,194.5,810.0,212.5,314.5,237.0,229.5
2024-03-18,253.33,320.0,262.0,204.6,194.5,780.0,212.5,325.5,237.6,229.5
2024-03-19,250.75,317.5,276.0,206.2,194.5,790.0,212.5,318.5,237.0,229.33
2024-03-20,250.75,317.5,284.0,203.6,194.33,790.0,205.5,322.5,237.0,229.5
2024-03-21,250.75,317.5,268.0,204.5,194.33,790.0,210.5,322.5,238.25,229.5
2024-03-22,250.75,317.5,232.0,205.2,194.33,810.0,202.5,310.5,236.25,229.5
2024-03-25,252.0,317.5,238.0,206.6,198.75,810.0,204.0,330.5,237.0,229.33
2024-03-26,250.0,317.5,242.0,207.6,198.33,810.0,205.8,337.25,236.25,229.33
2024-03-27,250.0,317.5,248.0,207.6,198.75,810.0,206.5,340.5,237.0,229.33
2024-03-28,251.25,317.5,268.0,206.6,198.75,790.0,201.0,339.5,237.0,229.5
2024-04-01,250.0,317.5,284.0,207.6,198.75,690.0,216.5,296.625,236.25,229.5
2024-04-02,250.0,317.5,284.0,208.6,198.75,710.0,212.875,288.25,237.0,229.5
2024-04-03,247.5,317.5,276.0,207.0,198.75,690.0,210.875,293.5,236.25,229.5
2024-04-04,246.25,317.5,268.0,207.0,198.75,690.0,214.125,298.0,237.0,229.5
2024-04-05,250.75,317.5,268.0,206.6,198.75,690.0,215.375,252.0,237.0,229.5
2024-04-08,247.5,317.5,288.0,206.25,198.75,660.0,218.5,263.5,236.25,229.5
2024-04-09,247.5,317.5,292.0,207.0,198.75,660.0,229.0,303.0,237.0,229.5
2024-04-10,246.0,316.25,310.0,207.6,198.75,660.0,241.5,231.8,237.0,229.5
2024-04-16,246.25,315.0,388.0,208.25,198.75,660.0,273.5,226.5,237.67,229.33
2024-04-17,246.67,317.5,352.0,207.0,198.75,660.0,267.125,227.125,237.0,229.33
2024-04-18,245.0,315.0,360.0,207.0,198.75,660.0,268.5,235.375,236.67,229.33
2024-04-19,243.75,317.5,364.0,208.33,198.33,660.0,259.5,314.375,236.25,228.33
2024-04-22,243.33,317.5,268.0,207.6,198.75,660.0,271.0,244.0,236.25,229.33
2024-04-24,242.5,313.75,268.0,207.6,198.75,660.0,271.5,244.5,236.6,229.5
2024-04-25,247.0,315.0,272.0,207.0,198.33,680.0,274.5,244.5,237.6,229.5
2024-04-26,245.0,316.0,262.0,207.6,200.0,680.0,270.5,244.0,237.6,229.5
2024-04-29,243.33,317.5,266.0,207.6,198.75,660.0,271.0,246.0,236.25,229.33
2024-04-30,248.75,315.0,262.0,207.0,200.0,680.0,271.5,244.0,237.6,229.5
2024-05-02,252.5,313.75,238.0,207.0,200.75,715.0,263.5,238.5,236.6,229.5
2024-05-03,256.25,312.5,260.0,209.0,201.0,725.0,256.5,238.0,236.6,229.5
2024-05-06,257.5,315.0,238.0,209.0,200.75,725.0,258.0,238.0,236.25,229.33
2024-05-07,267.5,313.75,232.0,209.0,201.0,725.0,258.0,231.0,237.6,229.5
2024-05-08,267.5,313.75,232.0,209.0,200.75,725.0,261.5,225.66500000000002,237.6,229.5
2024-05-09,267.5,313.75,218.0,209.0,201.0,725.0,262.5,228.5,236.0,229.5
2024-05-10,265.0,312.0,212.0,209.0,201.0,725.0,267.0,226.0,236.6,229.5
2024-05-13,264.0,312.0,368.0,209.0,201.0,740.0,236.5,172.5,236.6,229.33
2024-05-14,264.0,312.0,228.0,209.0,201.0,770.0,283.0,230.5,236.6,229.33
2024-05-15,265.0,312.0,212.0,209.0,201.5,770.0,279.5,224.0,236.8,229.5
2024-05-16,265.0,312.0,212.0,210.0,201.5,780.0,274.5,227.0,237.5,229.75
2024-05-17,266.25,312.0,208.0,209.0,200.75,780.0,285.5,223.0,236.6,229.5
2024-05-20,266.25,312.0,388.0,209.6,201.0,790.0,273.5,164.0,236.6,229.5
2024-05-21,266.25,312.0,388.0,209.0,201.0,810.0,283.5,166.0,236.6,229.5
2024-05-22,266.25,312.0,392.0,209.0,201.0,810.0,283.0,166.0,236.6,229.5
2024-05-27,266.25,312.0,432.0,212.5,204.33,780.0,286.0,166.0,237.6,229.5
2024-05-28,263.75,312.0,442.0,212.5,204.5,760.0,281.5,179.0,236.6,229.5
2024-05-29,268.0,312.0,426.0,212.0,204.5,770.0,284.0,170.0,237.6,229.5
2024-05-30,268.75,312.0,438.0,212.0,205.5,770.0,276.5,184.0,237.0,229.5
2024-05-31,267.0,312.0,438.0,212.0,205.5,770.0,288.75,189.0,237.6,229.33
2024-06-03,266.67,312.0,426.0,212.0,205.5,752.0,295.5,185.0,237.0,229.5
2024-06-04,267.5,309.0,408.0,212.0,205.5,780.0,286.0,185.8,237.0,229.5
2024-06-05,264.5,306.0,392.0,212.4,206.0,780.0,286.5,179.8,236.6,229.5
2024-06-06,267.0,308.0,412.0,211.0,205.5,770.0,286.0,181.0,238.0,229.33
2024-06-07,266.25,308.0,388.0,212.0,206.0,770.0,283.0,185.8,236.6,229.5
2024-06-10,267.5,308.0,408.0,211.4,205.5,770.0,286.0,187.5,236.6,229.5
2024-06-11,266.25,308.0,408.0,212.0,206.0,740.0,285.0,196.0,237.0,229.5
2024-06-12,268.33,308.0,396.0,212.0,205.67,740.0,286.0,196.5,237.0,229.5
2024-06-13,268.33,308.0,388.0,212.0,205.5,740.0,286.5,191.0,237.0,229.5
2024-06-14,272.5,308.0,392.0,212.0,205.4,740.0,286.0,186.8,236.6,229.5
2024-06-18,270.0,310.0,388.0,212.4,205.67,740.0,287.0,199.0,237.0,229.5
2024-06-19,275.0,310.0,398.0,212.4,205.67,740.0,283.0,200.0,236.6,229.5
2024-06-20,280.0,310.0,430.0,211.4,206.25,760.0,283.0,202.5,236.6,229.5
2024-06-24,281.67,312.0,388.0,211.75,205.67,740.0,283.0,203.0,236.0,229.5
2024-06-25,282.5,303.0,404.0,211.75,205.67,740.0,286.0,201.5,236.6,229.33
2024-06-26,282.5,302.5,392.0,211.4,206.33,740.0,281.0,199.0,236.6,229.5
2024-06-27,285.0,302.5,412.0,212.4,206.0,740.0,288.0,198.5,236.6,229.5
2024-06-28,286.25,305.83,250.0,211.4,205.67,740.0,308.0,283.0,236.6,229.5
2024-07-01,285.0,302.0,396.0,212.4,205.5,740.0,281.0,193.0,237.6,229.33
2024-07-02,285.0,297.5,396.0,212.0,205.5,740.0,283.5,180.5,236.6,229.5
2024-07-03,282.0,290.0,400.0,211.0,206.0,740.0,277.5,189.0,236.6,229.5
2024-07-04,282.5,287.5,396.0,211.4,205.67,740.0,274.0,193.5,237.0,229.5
2024-07-05,281.25,287.5,292.0,212.4,205.67,740.0,298.0,266.0,237.6,229.5
2024-07-08,282.5,287.5,292.0,212.4,206.0,740.0,298.0,263.0,237.0,229.5
2024-07-09,285.0,290.0,372.0,211.8,206.0,740.0,273.0,187.0,237.0,229.5
2024-07-10,285.0,290.0,392.0,211.8,206.0,740.0,271.0,188.0,237.6,229.5
2024-07-11,283.75,290.0,170.0,212.0,206.5,740.0,295.5,268.8,237.0,229.5
2024-07-12,283.75,290.0,378.0,211.4,206.0,740.0,237.5,189.5,237.0,229.5
2024-07-15,281.67,287.5,268.0,211.4,206.0,740.0,286.0,252.0,236.6,229.33
2024-07-16,283.33,287.5,258.0,211.4,206.0,760.0,262.0,252.0,237.0,229.5
2024-07-17,281.67,283.0,208.0,211.4,206.33,760.0,246.5,236.0,236.6,229.5
2024-07-18,283.75,283.0,196.0,212.4,206.33,760.0,240.0,218.0,237.0,229.5
2024-07-19,284.0,292.5,196.0,212.4,205.0,790.0,245.5,219.5,237.6,229.0
2024-07-22,282.5,287.5,196.0,211.4,206.33,760.0,251.5,219.0,236.6,229.33
2024-07-23,282.5,285.0,188.0,211.4,206.33,760.0,253.5,223.0,236.0,229.33
2024-07-24,281.67,287.5,192.0,211.4,206.33,740.0,252.0,216.5,237.0,229.33
2024-07-25,281.67,290.0,188.0,211.4,206.33,740.0,270.5,213.8,236.0,229.33
2024-07-26,281.67,287.5,188.0,211.4,206.33,740.0,273.8,213.5,236.0,229.5
2024-07-29,278.33,287.5,184.0,212.6,206.33,740.0,296.0,254.3,236.6,227.5
2024-07-30,280.0,287.5,184.0,212.0,206.33,740.0,300.0,228.3,235.75,228.75
2024-07-31,281.25,285.0,344.0,212.4,206.33,740.0,217.0,178.5,236.0,229.5
2024-08-01,280.0,285.0,362.0,212.4,206.33,740.0,247.0,186.8,236.0,228.75
2024-08-02,280.0,273.75,378.0,212.0,205.67,740.0,236.0,193.8,236.0,227.5
2024-08-05,278.33,280.0,208.0,212.0,205.67,740.0,256.0,182.5,232.0,226.0
2024-08-06,276.67,280.0,212.0,211.4,206.33,740.0,254.5,182.0,232.0,224.5
2024-08-07,278.33,280.0,206.0,211.4,206.33,740.0,234.5,193.5,232.0,224.5
2024-08-08,276.67,280.0,188.0,211.4,206.33,740.0,241.0,192.8,232.0,224.5
2024-08-09,278.33,280.0,188.0,211.4,205.67,740.0,241.0,190.0,232.0,224.5
2024-08-12,278.33,270.0,188.0,211.4,205.67,740.0,245.0,179.5,232.0,223.33
2024-08-13,273.33,270.0,188.0,211.4,205.67,740.0,236.0,193.0,232.0,223.33
2024-08-14,275.0,270.0,188.0,211.4,205.67,740.0,240.0,194.0,232.0,222.5
2024-08-15,275.0,270.0,172.0,211.4,206.33,740.0,243.0,197.0,233.0,223.33
2024-08-16,277.5,270.0,180.0,211.4,206.33,740.0,247.0,196.5,232.0,222.5
2024-08-20,276.67,270.0,176.0,211.6,206.33,740.0,243.0,201.0,232.0,222.5
2024-08-21,276.67,270.0,204.0,212.4,206.33,740.0,250.5,197.0,232.0,222.5
2024-08-22,276.67,270.0,192.0,211.6,206.33,740.0,243.5,197.5,232.0,221.67
2024-08-23,276.67,270.0,192.0,213.6,207.33,740.0,244.0,207.0,232.0,223.33
2024-08-26,276.67,270.0,184.0,216.6,209.0,752.0,243.0,209.5,233.0,222.5
2024-08-27,276.67,270.0,184.0,216.6,209.0,740.0,251.0,210.5,232.0,222.5
2024-08-28,276.67,270.0,304.0,216.6,209.0,740.0,215.4,232.5,232.0,222.5
2024-08-29,276.67,270.0,180.0,217.0,209.0,740.0,243.0,213.5,232.0,222.5
2024-08-30,276.67,270.0,180.0,217.0,209.0,740.0,252.5,206.5,232.0,222.5
2024-09-02,278.33,270.0,190.0,217.4,211.0,710.0,258.5,206.5,232.0,222.5
2024-09-03,278.33,270.0,180.0,218.0,211.0,710.0,253.0,214.0,232.0,222.5
2024-09-04,278.33,270.0,180.0,212.0,211.5,710.0,247.5,214.5,232.0,222.5
2024-09-05,277.5,270.0,180.0,217.5,211.0,710.0,240.5,218.0,232.0,222.5
2024-09-06,277.5,270.0,175.0,218.0,211.0,710.0,250.5,223.0,232.0,222.5
2024-09-09,272.5,270.0,175.0,222.0,216.0,710.0,257.0,219.5,233.0,223.33
2024-09-10,272.5,270.0,175.0,222.0,216.0,710.0,259.0,218.5,232.0,223.33
2024-09-11,275.0,270.0,175.0,222.0,216.0,710.0,257.0,206.0,233.0,223.33
2024-09-12,272.5,270.0,175.0,222.0,216.0,710.0,250.0,206.5,232.0,223.75
2024-09-13,275.0,270.0,175.0,222.4,216.0,710.0,248.0,205.5,232.0,223.75
2024-09-18,277.5,270.0,175.0,222.0,216.0,680.0,246.0,229.3,233.0,222.5
2024-09-19,277.5,270.0,175.0,222.0,216.0,700.0,260.0,231.3,232.0,223.33
2024-09-20,275.0,270.0,175.0,222.0,216.0,700.0,260.5,226.8,232.0,223.33
2024-09-24,277.5,270.0,170.0,225.75,219.5,700.0,280.625,215.5,232.0,222.5
2024-09-25,277.5,270.0,160.0,226.6,219.33,700.0,270.625,214.0,232.0,223.75
2024-09-26,277.5,272.5,150.0,227.6,219.33,700.0,249.7,212.8,232.0,225.75
2024-09-27,277.5,270.0,164.0,226.6,219.5,700.0,248.5,212.0,232.0,223.75
2024-09-30,277.5,270.0,170.0,221.0,216.5,720.0,259.0,209.3,227.0,219.33
2024-10-01,277.5,277.5,170.0,221.0,216.5,720.0,253.0,208.0,227.0,219.33
2024-10-02,277.5,277.5,170.0,222.0,216.5,720.0,246.0,208.0,227.0,219.5
2024-10-03,277.5,250.0,170.0,219.2,214.25,720.0,252.8,209.0,228.0,220.75
2024-10-04,277.5,270.0,170.0,219.2,215.0,720.0,254.3,207.0,228.0,220.75
2024-10-07,277.5,250.0,190.0,219.2,214.0,720.0,272.3,220.0,227.0,219.5
2024-10-08,277.5,250.0,178.0,219.6,214.0,720.0,263.8,206.8,228.0,221.5
2024-10-09,277.5,250.0,190.0,219.2,214.0,720.0,264.3,211.0,228.0,219.33
2024-10-10,277.5,250.0,192.0,219.2,214.0,720.0,260.3,209.5,227.0,219.33
2024-10-11,277.5,250.0,198.0,219.2,214.0,690.0,260.3,209.8,227.6,219.33
2024-10-14,277.5,250.0,232.0,219.2,214.0,690.0,285.3,210.0,228.0,219.33
2024-10-15,277.5,250.0,220.0,218.8,214.33,690.0,285.3,291.8,227.0,219.33
2024-10-16,277.5,250.0,220.0,219.2,214.5,690.0,287.0,294.8,228.0,219.2
2024-10-18,277.5,250.0,220.0,222.0,217.0,720.0,298.8,217.7,227.0,219.5
2024-10-21,277.5,250.0,262.0,223.75,217.0,720.0,290.0,218.3,227.0,219.5
2024-10-22,277.5,250.0,256.0,227.0,219.33,720.0,286.875,283.1,227.0,219.33
2024-10-23,277.5,250.0,236.0,227.5,219.33,720.0,284.5,278.1,227.0,219.33
2024-10-24,271.67,250.0,232.0,226.25,219.33,680.0,275.5,282.5,227.0,219.33
2024-10-25,271.67,250.0,220.0,226.6,219.33,710.0,265.7,282.6,226.6,219.33
2024-10-28,278.33,250.0,170.0,227.0,219.33,710.0,279.2,283.3,228.0,219.33
2024-10-29,277.5,248.0,220.0,227.6,219.2,710.0,290.7,221.3,227.6,219.33
2024-11-01,277.5,252.0,232.0,227.5,219.5,680.0,274.0,285.5,227.6,219.33
2024-11-04,277.5,252.0,238.0,227.6,219.5,680.0,266.25,277.75,227.0,219.33
2024-11-05,273.75,250.0,236.0,227.5,219.33,690.0,287.4,277.5,227.0,219.5
2024-11-06,277.5,250.0,220.0,227.5,219.5,670.0,278.2,270.125,227.5,219.5
2024-11-07,277.5,250.0,232.0,227.5,220.0,670.0,290.125,284.125,227.0,219.5
2024-11-08,277.5,250.0,230.0,227.5,219.0,670.0,293.0,282.375,227.0,219.5
2024-11-11,276.67,250.0,240.0,227.0,212.67,670.0,286.25,299.75,228.0,219.33
2024-11-12,276.67,250.0,220.0,227.5,219.33,670.0,254.375,287.75,227.5,219.33
2024-11-13,276.67,250.0,208.0,228.25,219.33,670.0,244.625,287.75,227.5,219.33
2024-11-14,276.67,250.0,220.0,228.25,217.67,670.0,294.625,237.5,227.5,219.33
2024-11-18,276.67,250.0,280.0,229.5,221.67,670.0,294.625,238.375,227.0,219.33
2024-11-19,276.67,250.0,252.0,231.25,226.0,670.0,292.125,241.875,228.0,219.33
2024-11-20,276.67,250.0,240.0,231.25,225.0,670.0,293.375,242.875,227.5,219.33
2024-11-21,277.5,250.0,236.0,231.25,226.0,670.0,291.625,255.875,227.5,219.33
2024-11-22,277.5,250.0,236.0,228.75,220.67,670.0,293.375,241.875,227.5,219.33
2024-11-25,277.5,250.0,240.0,235.0,229.33,670.0,282.125,244.125,227.5,219.33
2024-11-26,277.5,250.0,240.0,236.25,229.33,670.0,274.125,241.125,227.5,219.33
2024-11-27,277.5,250.0,220.0,236.25,228.33,670.0,283.5,238.125,227.5,219.33
2024-11-28,277.5,250.0,242.0,237.5,229.0,670.0,283.125,236.75,228.25,218.67
2024-11-29,277.5,250.0,224.0,237.5,229.0,670.0,284.875,238.75,231.25,224.0
2024-12-02,277.5,265.0,240.0,242.5,236.5,670.0,284.75,239.25,233.25,227.0
2024-12-03,670.0,265.0,332.0,242.5,237.25,232.0,237.625,282.375,237.5,230.75
2024-12-04,680.0,267.5,332.0,242.5,237.25,240.0,249.25,274.75,238.25,231.5
2024-12-05,680.0,267.5,328.0,247.5,239.0,240.0,238.25,267.25,242.5,236.5
2024-12-06,680.0,267.5,338.0,252.5,246.0,244.0,240.125,250.75,251.25,246.0
2024-12-09,690.0,267.5,308.0,247.5,239.0,274.0,313.125,235.75,242.5,236.5
2024-12-10,680.0,256.25,380.0,228.75,220.5,256.0,217.75,279.75,236.25,231.5
2024-12-11,680.0,255.0,370.0,227.5,221.5,236.0,215.75,285.75,231.25,226.5
2024-12-12,680.0,255.0,354.0,227.5,221.0,240.0,217.75,285.75,232.5,226.5
2024-12-13,217.5,255.0,710.0,227.5,221.5,217.5,236.5,294.0,238.25,229.0
2024-12-16,217.5,255.0,710.0,227.5,221.0,217.5,234.0,303.0,237.5,231.5
2024-12-17,227.5,255.0,212.5,227.5,221.0,217.5,464.0,251.0,237.5,231.5
2024-12-18,227.5,255.0,212.5,227.5,221.0,217.5,464.0,244.0,237.5,231.0
2024-12-19,217.5,255.0,710.0,227.5,221.0,217.5,255.75,307.0,236.0,231.5
2024-12-20,227.5,255.0,217.5,227.5,221.5,216.0,464.0,266.335,237.5,231.5
2024-12-23,216.0,255.0,710.0,227.5,221.0,217.5,248.75,315.0,237.5,231.5
2024-12-24,217.0,253.75,722.0,227.5,221.0,217.5,248.75,317.5,237.5,230.0
2024-12-26,217.6,255.0,710.0,227.5,221.0,217.5,267.75,314.335,237.5,231.5
2024-12-27,217.6,255.0,710.0,227.5,221.0,217.5,258.75,329.75,237.5,231.5
2024-12-30,217.6,255.0,710.0,227.5,221.0,217.5,258.75,329.75,237.5,231.5
2024-12-31,217.6,255.0,710.0,227.5,221.0,217.5,258.75,337.75,237.5,231.5
2025-01-01,217.6,255.0,710.0,227.5,221.5,217.5,252.75,324.75,237.5,231.5
2025-01-02,217.6,255.0,710.0,227.5,221.0,217.5,252.75,312.335,237.5,231.0
2025-01-03,217.6,255.0,730.0,227.5,221.0,217.5,252.75,314.335,237.5,231.0
2025-01-06,217.6,255.0,730.0,227.5,221.0,217.5,257.75,334.335,237.5,231.0
2025-01-07,217.6,255.0,730.0,227.5,221.0,217.5,255.25,324.335,237.5,231.0
2025-01-08,217.6,255.0,690.0,227.5,221.0,217.5,330.25,204.33499999999998,237.5,231.0
2025-01-09,217.6,255.0,720.0,227.5,221.0,217.5,251.25,318.335,237.5,231.0
2025-01-10,217.6,255.0,710.0,228.75,221.0,217.5,268.5,318.335,238.75,231.0
2025-01-15,217.6,255.0,730.0,227.5,221.0,213.5,308.75,190.33499999999998,237.5,231.0
2025-01-16,217.6,255.0,690.0,227.5,223.5,213.5,327.75,196.33499999999998,237.5,231.0
2025-01-17,216.6,255.0,690.0,227.5,221.0,215.0,348.75,212.33499999999998,236.67,231.0
2025-01-20,211.75,237.5,504.0,231.5,236.67,730.0,217.3,298.75,246.67,255.0
2025-01-21,208.0,227.5,173.0,216.6,211.75,354.0,526.0,615.0,255.0,241.67
2025-01-22,232.0,227.5,178.0,216.6,211.75,408.0,559.0,615.0,255.0,241.67
2025-01-23,246.0,227.5,590.0,216.6,211.75,202.0,539.0,456.5,255.0,232.5
2025-01-24,492.0,227.5,196.0,216.6,211.75,166.0,525.0,600.0,256.25,232.5
2025-01-27,440.0,227.5,183.0,216.6,211.75,178.0,424.0,619.0,256.25,232.5
2025-01-28,640.0,230.67,462.0,222.5,227.5,270.0,196.875,200.3,256.25,237.5
2025-01-29,640.0,230.67,182.0,222.5,227.5,438.0,289.875,200.3,256.25,237.5
2025-01-30,211.75,221.0,412.0,255.0,227.5,640.0,199.3,297.75,256.25,227.5
2025-01-31,211.75,231.5,372.0,247.5,230.0,590.0,184.3,297.75,256.25,237.5
2025-02-03,210.5,222.5,306.0,223.75,222.5,578.0,177.3,274.75,256.25,228.75
2025-02-05,207.5,221.5,215.0,222.5,222.5,580.0,262.5,175.75,261.0,227.75
2025-02-06,207.5,221.5,232.0,222.5,222.5,592.0,298.3,177.75,261.0,227.0
2025-02-07,207.5,221.5,204.0,222.5,217.5,580.0,292.3,175.75,262.5,227.0
2025-02-10,227.5,257.5,207.5,227.0,220.5,216.6,398.5,262.75,236.67,232.0
2025-02-11,227.5,257.5,207.5,227.0,221.0,216.6,400.0,268.75,236.67,232.0
2025-02-13,227.5,257.5,207.5,227.0,221.0,216.6,398.75,265.375,236.67,232.0
2025-02-14,227.5,257.5,207.5,227.0,221.0,216.6,398.75,261.375,238.33,232.0
2025-02-17,227.5,257.5,207.5,227.0,221.5,217.5,398.75,264.75,238.33,232.0
2025-02-18,227.5,257.5,207.5,227.0,221.0,212.5,398.75,258.75,238.33,231.0
2025-02-19,227.5,257.5,207.5,228.25,221.0,214.75,398.75,254.75,236.67,231.0
2025-02-20,227.5,257.5,207.5,227.0,221.0,214.75,399.375,255.375,236.67,231.0
2025-02-21,227.5,257.5,207.5,227.0,221.0,214.75,399.375,261.375,236.67,231.0
2025-02-24,227.5,257.5,207.5,227.0,221.0,212.8,399.375,233.375,238.33,232.0
2025-02-25,227.5,257.5,207.5,227.0,221.0,214.4,400.625,227.25,238.33,231.0
2025-02-27,227.5,258.75,207.5,227.0,221.0,217.0,401.25,224.0,238.33,231.0
2025-02-28,227.5,265.0,207.5,227.0,221.0,216.4,401.25,187.75,238.33,231.0
2025-03-03,227.5,265.0,207.5,227.0,221.0,217.0,420.625,236.75,236.67,231.0
2025-03-04,227.5,265.0,207.5,227.0,221.0,217.0,406.25,194.375,238.33,232.0
2025-03-05,227.5,265.0,207.5,227.0,221.0,216.4,415.25,192.75,236.67,232.0
2025-03-06,227.5,265.0,207.5,227.0,221.0,216.4,415.25,198.75,236.67,232.0
2025-03-07,227.5,266.25,207.5,227.0,221.0,216.4,415.25,198.75,238.33,232.0
2025-03-10,227.5,267.5,207.5,227.5,221.0,218.0,421.25,252.75,236.67,232.0
2025-03-11,227.5,270.0,208.25,226.25,221.5,218.0,421.25,194.125,236.67,232.0
2025-03-12,227.5,272.5,208.25,227.5,221.0,218.0,421.25,194.125,238.75,231.33
2025-03-14,230.75,272.5,208.25,228.25,221.0,218.0,421.25,194.125,242.5,236.5
2025-03-17,230.0,272.5,217.0,227.5,221.0,218.0,420.375,253.0,242.5,234.0
2025-03-18,228.75,272.5,218.75,226.25,221.0,218.0,421.0,253.375,241.75,234.0
2025-03-19,228.75,272.5,207.5,227.5,221.0,218.0,420.375,171.625,241.25,236.5
2025-03-20,231.25,272.5,207.5,227.5,221.0,218.0,420.375,193.125,241.25,236.5
2025-03-21,230.0,272.5,207.5,228.75,221.0,218.0,420.375,188.75,241.25,236.5
2025-03-24,230.0,270.0,207.5,227.5,221.0,218.0,420.375,173.75,241.25,236.5
2025-03-25,232.5,267.5,207.5,227.5,221.0,218.0,420.375,179.75,242.5,236.5
2025-03-26,232.5,267.5,207.5,227.5,221.0,218.0,414.375,188.75,242.5,236.5
2025-03-27,232.5,267.5,207.5,227.5,221.0,218.0,414.375,198.75,242.5,236.5
2025-03-28,232.5,267.5,207.5,227.5,221.0,218.0,405.375,174.75,242.5,236.5
2025-04-01,232.5,267.5,207.5,227.5,221.0,218.0,405.375,178.75,242.5,236.5
2025-04-02,232.5,267.5,207.5,227.5,221.0,218.0,395.375,184.75,242.5,236.5
2025-04-03,232.5,272.5,209.0,227.5,221.0,218.0,392.375,184.75,242.5,236.5
2025-04-04,232.5,272.5,207.5,227.5,221.0,218.0,392.375,197.75,242.5,236.5
2025-04-07,232.5,280.0,207.5,227.5,221.0,218.0,384.75,193.75,242.5,236.5
2025-04-08,232.5,280.0,207.5,227.5,221.0,218.0,391.0,210.75,242.5,236.5
2025-04-09,232.5,280.0,207.5,227.5,221.0,218.0,379.0,213.125,241.25,236.5
2025-04-10,232.5,280.0,207.5,227.5,221.0,218.0,385.0,203.125,241.25,236.5
2025-04-11,232.5,280.0,207.5,227.5,221.0,218.0,381.0,213.125,241.25,236.5
2025-04-16,232.5,286.0,,304.0,38.0,,,37.0,388.0,126.0
2025-04-17,230.0,267.5,207.5,227.5,221.0,218.0,373.75,277.75,241.25,236.5
2025-04-21,227.5,267.5,207.5,227.5,220.0,218.0,371.25,272.75,241.25,233.5
2025-04-22,228.75,267.5,207.5,227.5,221.0,218.0,385.875,275.25,241.25,236.5
2025-04-23,230.0,270.0,207.5,227.5,221.0,218.0,366.25,209.875,241.25,236.5
2025-04-24,230.0,270.0,207.5,227.5,221.0,218.0,366.25,194.875,241.25,236.5
2025-04-25,230.0,270.0,207.5,227.5,221.0,218.0,365.875,205.875,241.25,236.5
2025-04-28,230.6,270.0,207.5,227.5,221.0,218.0,365.875,259.875,241.25,236.5
2025-04-29,230.0,270.0,207.5,227.5,221.0,218.0,365.875,259.875,241.25,236.5
2025-05-02,230.0,270.0,207.5,227.5,221.0,218.0,365.875,196.875,241.25,236.5
2025-05-05,229.0,270.0,206.25,227.5,221.0,218.0,366.125,259.875,241.25,236.5
2025-05-06,230.0,270.0,207.5,227.5,221.0,218.0,366.25,243.875,241.25,236.5
2025-05-07,228.75,267.5,207.5,227.5,221.0,218.0,366.25,259.875,241.25,236.5
2025-05-08,231.25,267.5,520.0,227.5,221.0,207.5,250.5,167.875,241.25,236.5
2025-05-09,230.0,267.5,520.0,227.5,221.0,207.5,235.5,267.5,241.25,236.5
2025-05-14,231.25,270.0,212.5,227.75,221.0,218.0,393.375,212.875,241.25,236.5
2025-05-15,232.5,282.5,570.0,227.0,221.0,207.5,199.875,252.25,241.25,236.5
2025-05-16,232.5,290.0,570.0,227.0,221.0,207.5,211.875,254.25,241.25,236.5
2025-05-19,232.5,285.0,570.0,227.0,221.0,207.5,275.5,153.75,241.25,236.5
2025-05-20,232.5,285.0,570.0,227.0,221.0,207.5,209.5,262.25,241.25,236.5
2025-05-21,232.5,285.0,520.0,227.0,221.0,207.5,216.5,262.25,241.25,236.5
2025-05-22,232.5,285.0,520.0,227.75,221.0,207.5,215.875,262.25,241.25,236.5
2025-05-23,232.5,285.0,520.0,227.75,221.0,207.5,207.875,271.25,241.25,236.5
2025-05-26,233.75,285.0,520.0,228.25,221.0,205.0,271.25,154.25,242.5,236.5
2025-05-27,232.5,285.0,560.0,228.25,221.0,207.5,287.25,153.25,242.5,236.5
2025-05-28,232.5,285.0,560.0,227.5,221.0,207.5,212.5,284.625,241.25,236.5
2025-05-29,232.5,285.0,560.0,227.5,221.0,207.5,208.5,262.25,241.25,236.5
2025-05-30,232.5,285.0,530.0,227.0,221.0,207.5,294.5,152.25,241.25,236.5
2025-06-02,232.5,285.0,530.0,227.0,221.0,207.5,266.5,155.75,246.25,239.0
2025-06-03,236.25,285.0,530.0,227.6,220.0,207.5,266.25,152.5,243.0,236.5
2025-06-04,236.25,285.0,530.0,227.6,220.8,207.5,217.5,266.875,244.0,236.5
2025-06-05,236.25,285.0,530.0,226.6,221.0,207.5,209.875,287.25,244.0,236.5
2025-06-06,237.5,285.0,530.0,227.0,221.0,207.5,220.875,295.25,244.0,236.5
2025-06-09,237.5,285.0,530.0,227.0,221.0,207.5,224.875,275.25,243.0,236.5
2025-06-11,237.5,285.0,530.0,227.0,221.0,207.5,222.5,275.875,243.0,236.5
2025-06-12,237.5,285.0,530.0,227.0,221.0,207.5,211.5,276.5,243.0,236.5
2025-06-13,237.5,285.0,530.0,227.0,221.0,207.5,209.5,281.5,243.0,236.5
2025-06-16,237.5,285.0,530.0,227.0,221.0,207.5,305.5,271.5,243.0,236.5
2025-06-17,232.5,285.0,530.0,227.0,221.0,207.5,294.2,250.25,241.0,236.5
2025-06-18,233.75,285.0,520.0,227.5,221.0,207.5,218.5,260.25,242.5,236.5
2025-06-19,233.75,285.0,520.0,227.0,221.0,207.5,272.25,283.5,241.25,236.5
2025-06-20,233.75,285.0,520.0,227.0,221.0,207.5,300.25,278.5,241.25,236.5
2025-06-23,233.75,285.0,568.0,227.0,221.0,207.5,327.625,274.625,241.25,236.5
2025-06-24,233.75,285.0,568.0,226.25,221.0,207.5,306.625,271.625,241.25,236.5
2025-06-25,232.5,285.0,568.0,223.6,216.5,207.5,289.75,278.625,242.5,236.5
2025-06-26,233.75,285.0,590.0,221.75,216.5,207.5,297.5,262.0,242.5,236.5
2025-06-27,233.75,285.0,690.0,221.75,216.5,207.5,296.5,268.0,242.5,236.5
2025-06-30,233.75,285.0,670.0,221.75,216.5,207.5,333.5,281.0,242.5,236.5
2025-07-01,233.75,285.0,690.0,222.5,216.5,207.5,286.5,273.0,242.5,236.5
2025-07-07,237.5,285.0,625.0,223.5,218.5,207.5,313.125,268.125,237.0,231.5
2025-07-08,237.5,280.0,625.0,217.0,210.5,207.5,315.0,265.0,237.0,231.0
2025-07-09,242.5,280.0,615.0,217.0,211.0,207.5,286.25,243.75,237.0,231.0
2025-07-11,242.5,280.0,575.0,217.0,211.0,207.5,305.0,259.375,237.0,229.0
2025-07-14,247.5,280.0,615.0,212.0,206.5,207.5,313.125,252.5,236.0,231.0
2025-07-15,247.5,280.0,575.0,217.6,211.0,207.5,308.75,261.25,237.0,231.0
2025-07-16,247.5,280.0,575.0,212.0,206.5,207.5,303.75,248.75,237.0,231.0
2025-07-17,247.5,280.0,625.0,212.0,206.5,207.5,281.25,253.75,237.0,231.0
2025-07-18,207.5,280.0,375.0,208.0,201.0,525.0,253.5,139.25,237.0,231.0
2025-07-21,207.5,280.0,310.0,212.0,206.5,530.0,254.5,141.75,237.0,231.0
2025-07-22,207.5,280.0,330.0,212.0,207.25,530.0,242.5,139.75,236.0,231.0
2025-07-23,207.5,280.0,285.0,212.4,205.25,530.0,242.5,139.75,237.0,231.0
2025-07-24,207.5,280.0,290.0,212.4,206.5,560.0,230.0,139.25,237.0,231.0
2025-07-25,207.5,280.0,275.0,207.5,201.0,575.0,248.125,136.875,237.0,231.0
2025-07-28,207.5,284.5,285.0,212.5,203.0,547.5,224.375,138.125,237.0,231.0
2025-07-29,207.5,285.0,250.0,212.5,206.0,560.0,211.25,141.25,237.0,231.0
2025-07-30,207.5,265.0,245.0,207.5,201.0,575.0,213.75,143.75,237.0,231.0
2025-07-31,207.5,280.0,265.0,207.5,201.0,575.0,213.125,148.125,237.0,231.0
2025-08-01,207.5,280.0,270.0,207.5,201.0,575.0,215.625,148.125,237.0,231.0
2025-08-04,207.5,280.0,235.0,207.5,197.5,575.0,208.125,148.125,233.0,226.5
2025-08-05,207.5,277.5,220.0,207.5,201.0,575.0,206.25,146.875,233.0,226.5
2025-08-06,207.5,280.0,235.0,207.5,201.0,575.0,208.75,146.875,233.0,226.5
2025-08-07,207.5,277.5,215.0,207.5,201.0,575.0,198.75,146.875,233.0,226.5
2025-08-11,207.5,273.0,215.0,207.5,201.0,575.0,202.5,155.625,233.0,226.5
2025-08-12,207.5,282.0,190.0,207.5,192.5,575.0,213.125,152.0,233.0,226.5
2025-08-13,207.5,282.0,190.0,207.5,197.5,575.0,219.125,152.0,233.0,226.5
2025-08-14,207.5,282.0,190.0,207.5,198.25,575.0,153.75,221.5,233.0,226.5
2025-08-15,202.5,282.0,190.0,207.5,198.25,575.0,213.75,153.0,233.0,226.5
2025-08-18,202.5,283.0,225.0,207.5,201.0,575.0,145.625,223.0,227.0,221.0
2025-08-19,207.5,274.0,225.0,217.5,201.0,575.0,143.75,214.0,232.0,222.5
2025-08-20,202.5,273.0,190.0,202.5,191.25,575.0,211.875,200.625,227.5,221.0
2025-08-21,202.5,273.0,190.0,202.5,192.5,575.0,206.875,210.625,227.5,221.0
2025-08-22,202.5,273.0,190.0,202.5,192.5,625.0,214.5,203.75,227.5,221.0
2025-08-25,202.5,284.0,235.0,202.5,192.5,625.0,206.5,146.75,227.6,221.0
2025-08-26,202.5,284.0,165.0,202.5,192.5,625.0,214.0,207.5,228.0,221.0
2025-08-27,207.5,284.0,230.0,202.0,192.5,625.0,204.0,153.5,228.0,221.0
2025-08-28,202.5,286.0,165.0,202.5,192.5,625.0,212.5,202.5,230.0,221.0
2025-08-29,202.5,292.0,165.0,202.5,192.5,625.0,211.0,146.375,232.5,226.5
2025-09-01,205.0,288.0,275.0,214.0,206.2,624.0,242.5,207.5,237.0,227.0
2025-09-02,203.75,296.0,300.0,208.0,198.0,624.0,232.0,156.5,233.0,226.2
2025-09-03,203.75,296.0,295.0,204.0,196.5,624.0,158.5,215.5,237.0,230.8
2025-09-04,203.75,296.0,285.0,207.0,192.5,624.0,154.0,210.5,237.0,231.2
2025-09-08,203.75,282.0,310.0,222.5,212.5,678.0,211.0,155.25,242.0,232.0
2025-09-09,205.0,294.0,290.0,212.0,201.25,670.0,211.875,145.5,237.0,231.0
2025-09-10,207.5,302.5,280.0,213.0,202.5,670.0,215.0,153.5,240.75,235.5
2025-09-11,207.5,300.0,295.0,213.0,202.5,670.0,214.5,155.0,242.5,236.25
2025-09-12,207.5,300.0,260.0,213.0,202.5,630.0,209.5,150.5,242.5,236.25
2025-09-15,207.5,302.5,290.0,213.0,202.5,630.0,214.0,169.0,242.5,236.5
2025-09-16,207.5,305.0,170.0,213.0,202.5,620.0,233.0,216.0,243.0,232.5
2025-09-17,207.5,305.0,280.0,213.0,206.5,620.0,210.5,159.75,245.0,236.5
2025-09-18,207.5,310.0,265.0,213.0,206.5,620.0,205.5,159.25,247.0,239.0
2025-09-19,207.5,312.5,270.0,213.0,206.5,620.0,205.5,157.5,247.0,239.0
2025-09-22,207.5,300.0,263.75,215.0,206.5,620.0,203.0,166.25,247.0,239.0
2025-09-23,206.25,314.0,260.0,213.0,201.25,624.0,202.5,166.5,248.0,238.8
2025-09-24,207.5,314.0,190.0,213.0,206.5,624.0,225.0,209.5,248.0,238.8
2025-09-25,207.5,302.0,175.0,213.0,206.5,624.0,212.5,202.0,248.0,238.8
2025-09-26,207.5,306.0,260.0,213.0,206.5,624.0,202.5,160.5,248.0,238.8
2025-09-29,207.5,306.0,255.0,213.0,206.5,624.0,205.0,160.0,248.0,239.2
2025-09-30,207.5,314.0,165.0,213.0,206.5,624.0,220.5,204.0,248.0,239.2
2025-10-01,207.5,314.0,245.0,214.0,206.5,624.0,214.5,162.0,248.0,240.8
2025-10-02,207.5,314.0,235.0,219.0,210.5,624.0,207.0,162.0,248.0,240.8
2025-10-03,207.5,314.0,245.0,219.0,209.5,640.0,213.0,159.5,247.0,240.8
2025-10-07,208.0,306.0,265.0,216.0,211.0,668.0,221.0,162.5,247.5,240.5
2025-10-08,208.0,306.0,265.0,219.0,211.0,660.0,231.0,164.5,247.5,241.0
2025-10-09,660.0,316.0,260.0,218.0,211.0,285.0,168.5,171.5,247.5,241.0
2025-10-10,660.0,316.0,270.0,218.0,211.0,300.0,170.0,171.75,248.0,241.0
2025-10-13,656.0,318.0,265.0,218.0,210.5,280.0,172.75,177.5,248.0,241.0
2025-10-14,632.0,318.0,265.0,218.0,211.0,285.0,177.5,178.0,248.6,241.0
2025-10-15,670.0,318.0,260.0,218.0,211.0,290.0,181.5,182.25,248.6,241.0
2025-10-16,652.0,318.0,265.0,218.0,211.0,265.0,181.5,179.25,248.6,241.0
2025-10-17,644.0,318.0,275.0,224.0,211.0,310.0,182.5,182.75,248.6,241.0
2025-10-21,670.0,318.0,260.0,224.0,211.0,210.0,182.5,178.0,248.6,241.0
2025-10-22,634.0,318.0,260.0,224.0,211.0,247.5,178.0,172.125,247.0,241.0
2025-10-23,654.0,318.0,265.0,224.0,211.0,247.5,173.0,167.75,247.0,241.0
2025-10-24,704.0,318.0,265.0,222.0,210.5,247.5,166.25,167.25,242.0,236.0
2025-10-27,233.33,312.0,270.0,219.0,210.4,725.0,239.0,173.75,242.4,236.0
2025-10-28,232.5,322.0,315.0,219.0,210.4,725.0,249.0,171.0,243.0,236.0
2025-10-29,232.5,320.0,285.0,219.0,210.8,725.0,246.5,170.5,242.4,236.0
2025-10-30,232.0,320.0,290.0,219.0,211.0,725.0,249.0,170.0,241.0,236.0
2025-10-31,232.0,320.0,280.0,219.0,210.5,800.0,244.0,171.0,242.0,236.0
2025-11-03,230.25,322.0,275.0,219.0,210.75,825.0,239.0,176.0,242.0,236.0
2025-11-04,230.25,314.0,240.0,217.0,210.75,850.0,236.5,174.0,242.0,236.0
2025-11-06,230.25,314.0,270.0,218.0,210.75,825.0,239.0,175.0,242.0,236.5
2025-11-07,227.5,318.0,260.0,220.2,210.75,850.0,238.0,175.0,242.0,236.5
2025-11-10,227.5,318.0,250.0,221.2,210.75,825.0,234.0,174.5,241.0,236.5
2025-11-11,227.0,318.0,255.0,220.2,210.75,850.0,246.5,185.25,242.0,236.5
2025-11-12,226.25,318.0,255.0,218.6,210.6,825.0,249.0,184.0,242.5,236.5
2025-11-13,226.25,318.0,230.0,217.0,210.6,825.0,236.5,184.0,242.5,236.5
2025-11-14,226.25,318.0,215.0,218.6,211.2,925.0,239.0,183.75,239.5,233.5
2025-11-17,225.0,318.0,215.0,218.6,211.2,880.0,249.0,184.375,239.5,233.5
2025-11-18,225.0,318.0,260.0,218.6,211.2,870.0,256.5,181.25,241.0,235.75
2025-11-19,225.0,318.0,240.0,218.6,210.75,870.0,246.5,171.25,241.0,235.75
2025-11-20,227.5,318.0,165.0,218.2,210.75,870.0,218.5,246.25,241.0,235.75
2025-11-21,228.25,318.0,165.0,218.2,210.75,870.0,216.0,248.75,242.0,236.5
2025-11-24,228.25,322.0,215.0,220.2,211.5,875.0,230.5,171.5,241.0,236.5
2025-11-25,228.25,322.0,160.0,220.2,211.5,875.0,225.5,249.75,241.0,236.5
2025-11-26,228.25,322.0,210.0,220.2,211.5,875.0,239.0,163.5,241.0,236.5
2025-11-27,231.25,318.0,225.0,217.0,210.75,875.0,238.0,161.5,242.0,236.5
2025-12-01,231.5,322.0,310.0,220.0,211.2,825.0,181.5,204.0,242.0,236.5
2025-12-02,232.5,322.0,165.0,219.6,211.2,825.0,228.0,299.0,243.0,236.5
2025-12-03,232.5,322.0,325.0,220.0,211.2,825.0,287.0,188.0,243.0,236.5
2025-12-05,232.5,322.0,295.0,222.0,215.8,825.0,293.5,195.25,247.0,241.0
2025-12-08,232.5,316.0,275.0,223.0,216.2,825.0,293.5,216.8,250.6,243.5
2025-12-09,232.5,324.0,280.0,223.0,216.2,825.0,296.0,209.0,252.0,246.5
2025-12-10,232.5,324.0,215.0,223.0,216.2,825.0,276.0,199.0,251.0,246.5
2025-12-11,232.5,324.0,240.0,227.0,220.4,825.0,274.0,199.0,252.0,246.5
2025-12-12,232.5,324.0,285.0,225.0,216.8,825.0,249.5,205.25,252.0,246.5
2025-12-15,232.5,324.0,225.0,227.0,220.8,825.0,276.5,186.0,257.0,251.0
2025-12-16,232.5,324.0,225.0,227.0,220.0,825.0,276.5,186.0,257.0,251.0
2025-12-17,232.5,326.0,285.0,223.0,217.0,825.0,272.5,186.5,252.0,246.25
2025-12-18,232.5,326.0,200.0,227.0,221.0,775.0,256.7,194.5,262.0,251.67
2025-12-19,232.5,326.0,200.0,227.6,221.0,775.0,271.0,191.7,262.0,256.0
2025-12-22,232.5,342.0,235.0,226.6,221.0,815.0,265.5,189.0,264.0,256.0
2025-12-23,232.5,342.0,195.0,227.6,221.0,815.0,249.0,178.75,262.0,256.0
2025-12-24,232.5,336.67,170.0,228.25,221.0,775.0,240.0,176.25,262.5,256.0
2025-12-26,232.5,336.67,185.0,227.0,221.0,775.0,275.625,188.75,266.6,260.67
2025-12-29,232.5,333.33,185.0,227.0,221.0,775.0,255.625,198.75,266.6,261.33
2025-12-30,232.5,345.0,195.0,226.25,221.0,775.0,271.25,206.25,266.6,261.0
2025-12-31,233.75,343.33,185.0,227.0,221.0,775.0,264.375,201.25,266.6,260.67
2026-01-01,227.5,345.0,200.0,227.5,221.0,775.0,258.0,193.75,267.5,261.0
2026-01-02,228.75,345.0,185.0,226.25,221.0,775.0,258.0,198.75,267.5,261.0
2026-01-05,229.25,355.0,245.0,227.5,221.0,775.0,265.5,188.75,266.25,261.0
2026-01-06,230.5,345.0,245.0,227.0,221.0,775.0,250.5,181.875,266.25,261.0
2026-01-07,230.5,350.0,235.0,227.5,221.0,775.0,272.5,181.25,266.25,261.0
2026-01-08,228.75,350.0,165.0,227.5,221.0,775.0,244.2,174.625,266.25,261.0
2026-01-09,228.75,350.0,175.0,227.5,221.0,755.0,259.0,175.5,266.25,261.0
2026-01-12,228.75,350.0,190.0,226.25,221.0,775.0,259.0,174.0,266.25,261.0
2026-01-13,232.5,350.0,175.0,223.5,219.5,775.0,256.9,175.4,263.5,259.5
2026-01-16,232.5,350.0,185.0,223.8,219.0,740.0,250.0,170.5,261.4,256.5
2026-01-19,232.5,350.0,185.0,223.8,219.0,740.0,250.0,170.5,261.4,256.5
2026-01-20,235.0,350.0,185.0,224.4,219.5,725.0,250.0,169.0,262.4,256.5
2026-01-21,233.75,350.0,185.0,224.4,219.0,725.0,245.0,168.5,261.4,256.5
2026-01-22,237.5,350.0,195.0,224.4,219.0,725.0,249.0,161.5,261.4,256.5
2026-01-23,237.5,350.0,310.0,223.8,219.5,775.0,169.5,308.0,261.0,256.5
2026-01-26,237.5,350.0,270.0,220.8,216.5,775.0,169.5,308.0,258.0,250.5
2026-01-27,237.5,350.0,245.0,220.8,216.5,797.5,173.5,309.5,257.0,250.5
2026-01-28,237.5,347.5,235.0,221.2,216.5,790.0,175.5,308.5,257.0,250.5
2026-01-29,237.5,350.0,170.0,221.8,216.5,815.0,216.0,188.5,248.0,241.0
2026-01-30,238.75,345.0,155.0,221.4,216.5,825.0,208.5,186.0,247.0,241.0
2026-02-02,238.75,350.0,140.0,217.0,207.5,800.0,200.0,179.0,248.0,241.0
2026-02-03,238.75,350.0,110.0,217.0,207.5,825.0,197.5,175.5,248.0,241.0
2026-02-05,240.0,325.0,190.0,213.8,209.0,800.0,176.5,266.5,247.0,241.0
2026-02-06,242.5,325.0,210.0,213.4,203.5,800.0,171.5,270.5,247.0,241.0
2026-02-09,242.5,325.0,210.0,213.4,203.5,800.0,171.5,246.0,247.0,241.0
2026-02-10,242.5,325.0,195.0,208.0,200.5,850.0,160.0,243.5,248.0,241.0
2026-02-11,875.0,325.0,135.0,208.0,201.0,185.0,238.0,268.5,247.0,240.5
2026-02-12,875.0,315.0,130.0,208.0,201.0,190.0,231.0,256.5,247.0,241.0
2026-02-13,875.0,320.0,132.0,207.0,201.0,190.0,231.5,252.5,247.5,241.0
2026-02-16,875.0,315.0,142.0,208.0,200.5,195.0,229.0,241.0,247.0,240.5
2026-02-17,875.0,315.0,130.0,208.0,200.5,192.5,228.0,241.0,247.0,240.5
2026-02-18,887.5,315.0,136.0,202.0,192.5,190.0,224.5,243.5,242.0,235.75
2026-02-19,875.0,315.0,135.0,202.0,192.5,175.0,232.5,248.5,241.0,236.5
2026-02-20,915.0,315.0,139.0,202.0,192.5,180.0,230.5,251.0,242.0,236.5
2026-02-23,950.0,310.0,128.0,202.0,192.5,200.0,248.0,264.0,241.0,236.5
2026-02-24,900.0,310.0,130.0,202.0,192.5,190.0,240.5,255.0,241.0,236.5
2026-02-25,900.0,310.0,128.2,202.0,192.5,190.0,238.5,264.0,241.0,236.5
2026-02-26,875.0,310.0,121.0,202.0,192.5,190.0,242.0,264.0,241.0,236.5
2026-02-27,870.0,310.0,210.0,202.0,192.5,163.33,156.0,231.0,242.0,236.5
2026-03-03,925.0,310.0,142.0,202.0,192.5,220.0,216.0,241.5,241.0,236.5
2026-03-04,925.0,310.0,150.0,202.0,192.5,210.0,215.5,243.5,242.0,236.5
2026-03-05,925.0,310.0,210.0,202.0,192.5,170.0,169.5,223.5,242.0,236.5
2026-03-06,875.0,310.0,146.0,202.0,192.5,210.0,227.5,259.5,242.0,236.5
2026-03-09,875.0,330.0,210.0,202.0,192.5,245.0,159.0,220.5,242.0,236.5
2026-03-10,875.0,330.0,205.0,202.0,192.5,245.0,165.0,220.5,242.0,236.5
2026-03-11,875.0,325.0,195.0,202.0,196.5,205.0,164.5,222.0,242.0,236.5
2026-03-12,875.0,327.5,195.0,202.0,192.5,175.0,162.0,223.0,242.0,236.5
2026-03-13,875.0,327.5,195.0,202.0,192.5,145.0,163.0,225.0,244.0,236.5
2026-03-16,867.5,330.0,190.0,204.0,192.5,180.0,169.0,223.6,243.0,236.5
2026-03-17,875.0,330.0,210.0,204.0,196.5,165.0,160.5,229.0,243.0,236.5
2026-03-18,875.0,330.0,210.0,204.0,192.5,170.0,169.0,224.0,243.0,236.5
2026-03-19,875.0,335.0,210.0,207.0,200.5,175.0,168.0,233.0,252.0,241.25
2026-03-20,875.0,335.0,215.0,206.25,200.5,175.0,162.0,221.0,248.0,241.0
2026-03-23,950.0,335.0,240.0,207.5,201.0,175.0,179.0,216.5,247.0,241.0
2026-03-24,950.0,335.0,240.0,207.5,201.0,185.0,177.5,225.5,246.0,241.0
2026-03-25,975.0,335.0,230.0,207.5,201.0,205.0,182.0,231.0,253.0,246.5
2026-03-26,960.0,335.0,216.67,207.5,201.0,160.0,215.0,179.0,253.0,246.5
2026-03-27,975.0,335.0,230.0,207.5,201.0,215.0,180.5,230.0,253.0,246.5
2026-03-30,975.0,335.0,255.0,211.0,206.5,185.0,219.0,169.5,253.0,245.0
2026-03-31,975.0,335.0,230.0,211.0,206.5,190.0,179.0,230.0,252.0,246.5
2026-04-02,975.0,335.0,235.0,211.0,206.5,175.0,175.25,234.0,252.0,246.5
2026-04-06,975.0,335.0,230.0,211.0,206.5,265.0,163.0,224.0,252.0,246.5
2026-04-07,950.0,345.0,230.0,211.0,206.5,270.0,159.5,223.25,252.0,246.5
2026-04-08,975.0,345.0,230.0,211.0,206.5,250.0,157.0,217.25,252.0,246.5
2026-04-09,960.0,345.0,230.0,211.0,206.5,260.0,158.0,217.0,252.0,246.5
2026-04-10,975.0,345.0,230.0,211.0,206.5,265.0,157.5,216.0,252.0,246.5
2026-04-20,950.0,345.0,305.0,211.0,206.5,185.0,169.0,225.0,256.0,251.0
2026-04-21,975.0,345.0,273.33,211.0,206.5,285.0,166.5,222.0,257.0,251.0
2026-04-22,930.0,345.0,285.0,211.0,206.5,285.0,169.5,216.0,257.0,251.0
2026-04-23,204.0,345.0,325.0,211.0,206.5,930.0,239.5,162.25,257.0,251.0
2026-04-24,204.0,345.0,265.0,207.0,201.0,930.0,239.5,156.0,256.0,251.0
2026-04-27,204.0,345.0,260.0,207.0,201.0,930.0,232.0,159.75,256.0,251.0
2026-04-28,205.0,345.0,260.0,212.0,206.5,960.0,240.0,165.25,257.0,251.0
2026-04-29,205.0,345.0,225.0,211.0,206.5,925.0,230.0,165.25,257.0,251.0
2026-04-30,205.0,345.0,240.0,211.0,206.5,925.0,231.25,165.25,257.0,251.0
2026-05-04,205.0,345.0,235.0,210.8,206.5,925.0,220.0,169.0,252.0,246.5
2026-05-05,205.0,345.0,240.0,210.8,206.5,930.0,231.25,165.25,257.0,247.5
2026-05-06,205.0,345.0,240.0,210.8,206.5,930.0,232.5,180.25,253.0,246.5
2026-05-07,205.0,345.0,240.0,210.8,206.0,930.0,231.25,190.25,257.0,251.0
2026-05-08,205.0,345.0,260.0,210.8,206.5,925.0,242.5,199.0,253.0,246.5
2026-05-11,202.0,345.0,260.0,210.8,206.5,925.0,233.5,226.5,253.0,246.5
2026-05-12,198.0,345.0,270.0,210.8,206.5,925.0,243.0,210.5,253.0,246.5
2026-05-13,197.0,345.0,292.0,210.8,206.5,925.0,191.0,189.5,253.0,246.5
2026-05-14,196.0,345.0,292.0,210.8,207.0,925.0,190.5,212.5,253.0,246.5
2026-05-15,198.0,345.0,290.0,208.0,200.5,917.5,170.875,216.5,253.0,246.5
2026-05-18,198.0,345.0,316.0,208.0,201.0,917.5,171.5,232.0,253.0,246.5
2026-05-19,226.67,345.0,292.0,208.0,201.0,917.5,171.75,220.0,253.0,246.5
2026-05-20,226.67,345.0,292.0,208.0,201.0,925.0,175.75,219.0,253.0,246.5
2026-05-21,226.67,345.0,213.33,208.0,201.0,925.0,241.0,175.0,253.0,246.5
2026-05-22,226.67,345.0,213.33,208.0,201.0,925.0,241.0,175.0,253.0,246.5
2026-05-25,226.67,335.0,260.0,207.0,200.5,977.5,247.0,197.0,241.25,235.75
2026-05-26,226.67,335.0,250.0,203.0,196.5,977.5,242.25,190.0,241.25,236.5
2026-05-27,226.67,335.0,292.0,203.0,196.5,19.55,190.0,230.5,241.25,236.5
2026-05-29,228.33,335.0,358.0,203.0,196.5,20.5,181.25,244.0,241.25,236.5
2026-06-01,226.67,335.0,255.0,202.0,196.5,20.5,260.0,176.25,242.5,236.5
2026-06-02,226.67,335.0,225.0,202.0,196.5,20.5,241.5,172.5,242.5,236.5
2026-06-03,226.67,335.0,185.0,202.0,196.5,20.2,245.5,172.5,242.5,236.5
2026-06-04,226.67,335.0,175.0,202.0,196.5,20.2,235.5,189.5,242.5,236.5
2026-06-05,226.67,335.0,200.0,202.0,196.5,20.0,247.5,185.75,242.5,236.5
2026-06-08,226.67,330.0,332.0,203.0,196.5,20.0,186.5,235.0,242.5,236.5
2026-06-09,226.67,335.0,285.0,203.0,196.5,20.0,259.0,180.75,242.5,236.5
2026-06-10,226.67,330.0,330.0,203.0,196.5,20.2,186.0,232.0,241.25,236.5
2026-06-11,226.67,330.0,338.0,203.0,196.5,20.2,177.5,234.5,241.25,236.5
2026-06-12,226.67,330.0,334.0,203.0,196.5,20.35,176.0,236.0,241.25,236.5
2026-06-15,227.67,330.0,280.0,203.0,196.5,20.2,174.0,235.0,241.25,236.5
2026-06-16,227.67,330.0,312.0,203.0,196.5,21.0,172.0,233.0,242.5,236.5
2026-06-17,227.67,330.0,312.0,203.0,196.5,20.0,278.0,168.0,241.25,236.5
2026-06-18,227.67,330.0,235.0,203.0,196.5,20.0,278.5,165.5,241.25,236.5
2026-06-19,227.67,330.0,370.0,199.0,190.67,20.0,264.0,172.0,237.5,231.0
2026-06-22,227.67,325.0,338.0,198.0,190.67,20.0,177.0,213.5,237.5,231.0
2026-06-23,231.67,320.0,334.0,198.0,190.67,19.6,176.5,217.5,237.6,231.6
2026-06-24,228.33,300.0,365.0,198.0,190.67,20.0,252.0,165.5,237.0,231.0
2026-06-25,226.67,300.0,365.0,199.0,193.5,19.5,250.5,169.5,237.0,231.5
2026-06-26,226.67,302.0,376.0,198.0,190.5,19.5,252.0,167.5,237.0,231.0
2026-06-30,226.67,300.0,376.0,198.0,190.5,21.5,255.0,170.5,237.0,231.0
2026-07-01,226.67,296.0,388.0,198.0,191.0,21.5,263.0,170.5,238.0,231.0
2026-07-02,226.67,300.0,380.0,199.0,191.0,20.5,259.0,174.5,238.0,231.0
2026-07-03,226.67,300.0,380.0,199.0,191.0,22.0,264.5,169.0,237.0,231.0
2026-07-06,226.67,300.0,358.0,197.6,191.0,22.0,252.75,175.5,237.0,230.4
2026-07-07,226.67,300.0,366.0,198.0,191.0,22.0,244.0,175.0,237.0,230.8
2026-07-08,226.67,300.0,362.0,198.0,191.0,22.0,247.0,178.0,237.0,230.8
2026-07-09,226.67,296.0,404.0,198.0,191.0,23.5,245.0,174.0,237.0,230.8
2026-07-10,226.67,296.0,380.0,198.0,191.0,23.0,247.0,175.5,237.0,230.8
2026-07-13,226.67,292.0,390.0,198.0,191.0,22.75,256.0,169.75,237.0,230.8
2026-07-14,226.0,302.0,340.0,198.0,191.0,23.25,247.25,166.75,232.0,226.0
2026-07-15,227.5,295.0,335.0,197.5,191.0,23.0,246.0,170.0,232.0,226.5
2026-07-16,227.0,302.0,310.0,198.0,191.0,23.0,231.0,165.5,232.0,226.0
2026-07-17,222.5,302.0,310.0,198.0,191.0,23.0,231.0,170.5,232.0,226.0
2026-07-20,223.5,292.0,310.0,198.0,191.0,22.0,235.0,170.5,232.0,226.0
2026-07-21,223.5,292.0,310.0,198.0,191.0,23.5,231.0,171.5,232.0,226.0
2026-07-22,223.5,292.0,310.0,198.0,191.0,22.5,237.0,178.5,232.0,226.0
2026-07-23,223.5,285.0,335.0,197.5,191.0,23.5,237.0,177.5,232.0,226.5
2026-07-24,222.5,292.0,335.0,198.0,191.0,23.5,244.0,186.5,232.0,226.0
2026-07-27,222.5,292.0,340.0,198.0,191.0,22.5,248.0,195.0,232.0,226.0
2026-07-28,222.5,292.0,335.0,198.0,191.0,22.5,245.5,190.5,232.0,226.0
2026-07-30,222.5,292.0,335.0,198.0,191.0,23.0,246.5,179.0,232.0,226.0
2026-07-31,222.5,292.0,290.0,198.0,191.0,22.5,219.5,176.0,232.0,226.0
2026-08-03,222.5,292.0,290.0,198.0,191.0,22.5,210.5,176.0,228.0,221.33
2026-08-04,222.5,292.0,290.0,198.0,191.0,22.5,210.5,171.0,228.0,221.33
2026-08-05,222.5,292.0,280.0,198.0,191.0,22.5,210.5,175.0,228.0,221.33
2026-08-06,222.5,292.0,290.0,198.0,191.0,22.5,210.5,171.0,228.0,221.33
2026-08-07,222.5,280.0,285.0,198.0,191.0,22.0,196.5,183.0,228.0,221.33
