Report_Date,Item,Original_Price,Price_per_kg,Market
2015-06-22,Imported Rice,,,Pettah
2015-06-23,Imported Rice,,,Pettah
2015-06-24,Imported Rice,,,Pettah
2015-06-25,Imported Rice,,,Pettah
2015-06-26,Imported Rice,,,Pettah
2015-06-29,Imported Rice,,,Pettah
2015-06-30,Imported Rice,,,Pettah
2015-07-01,Imported Rice,,,Pettah
2015-07-02,Imported Rice,,,Pettah
2015-07-03,Imported Rice,,,Pettah
2015-07-06,Imported Rice,,,Pettah
2015-07-09,Imported Rice,,,Pettah
2015-07-10,Imported Rice,,,Pettah
2015-07-13,Imported Rice,,,Pettah
2015-07-14,Imported Rice,,,Pettah
2015-07-15,Imported Rice,,,Pettah
2015-07-16,Imported Rice,,,Pettah
2015-07-17,Imported Rice,,,Pettah
2015-07-20,Imported Rice,,,Pettah
2015-07-21,Imported Rice,,,Pettah
2015-07-22,Imported Rice,,,Pettah
2015-07-24,Imported Rice,,,Pettah
2015-07-27,Imported Rice,,,Pettah
2015-07-28,Imported Rice,,,Pettah
2015-07-29,Imported Rice,,,Pettah
2015-07-30,Imported Rice,,,Pettah
2015-08-03,Imported Rice,,,Pettah
2015-08-04,Imported Rice,,,Pettah
2015-08-05,Imported Rice,,,Pettah
2015-08-06,Imported Rice,,,Pettah
2015-08-07,Imported Rice,,,Pettah
2015-08-10,Imported Rice,,,Pettah
2015-08-11,Imported Rice,,,Pettah
2015-08-12,Imported Rice,,,Pettah
2015-08-13,Imported Rice,,,Pettah
2015-08-14,Imported Rice,,,Pettah
2015-08-20,Imported Rice,,,Pettah
2015-08-21,Imported Rice,,,Pettah
2015-08-24,Imported Rice,,,Pettah
2015-08-25,Imported Rice,,,Pettah
2015-08-26,Imported Rice,,,Pettah
2015-08-27,Imported Rice,,,Pettah
2015-08-28,Imported Rice,,,Pettah
2015-08-31,Imported Rice,,,Pettah
2015-09-01,Imported Rice,,,Pettah
2015-09-02,Imported Rice,,,Pettah
2015-09-03,Imported Rice,,,Pettah
2015-09-04,Imported Rice,,,Pettah
2015-09-07,Imported Rice,,,Pettah
2015-09-09,Imported Rice,,,Pettah
2015-09-10,Imported Rice,,,Pettah
2015-09-11,Imported Rice,,,Pettah
2015-09-14,Imported Rice,,,Pettah
2015-09-16,Imported Rice,,,Pettah
2015-09-17,Imported Rice,,,Pettah
2015-09-18,Imported Rice,,,Pettah
2015-09-21,Imported Rice,,,Pettah
2015-09-22,Imported Rice,,,Pettah
2015-09-23,Imported Rice,,,Pettah
2015-09-25,Imported Rice,,,Pettah
2015-09-28,Imported Rice,,,Pettah
2015-09-29,Imported Rice,,,Pettah
2015-10-01,Imported Rice,,,Pettah
2015-10-02,Imported Rice,,,Pettah
2015-10-05,Imported Rice,,,Pettah
2015-10-06,Imported Rice,,,Pettah
2015-10-07,Imported Rice,,,Pettah
2015-10-08,Imported Rice,,,Pettah
2015-10-09,Imported Rice,,,Pettah
2015-10-12,Imported Rice,,,Pettah
2015-10-13,Imported Rice,,,Pettah
2015-10-14,Imported Rice,,,Pettah
2015-10-15,Imported Rice,,,Pettah
2015-10-16,Imported Rice,,,Pettah
2015-10-19,Imported Rice,,,Pettah
2015-10-20,Imported Rice,,,Pettah
2015-10-21,Imported Rice,,,Pettah
2015-10-22,Imported Rice,,,Pettah
2015-10-23,Imported Rice,,,Pettah
2015-10-26,Imported Rice,,,Pettah
2015-10-28,Imported Rice,,,Pettah
2015-10-29,Imported Rice,,,Pettah
2015-10-30,Imported Rice,,,Pettah
2015-11-02,Imported Rice,,,Pettah
2015-11-03,Imported Rice,,,Pettah
2015-11-04,Imported Rice,,,Pettah
2015-11-05,Imported Rice,,,Pettah
2015-11-06,Imported Rice,,,Pettah
2015-11-09,Imported Rice,,,Pettah
2015-11-11,Imported Rice,,,Pettah
2015-11-12,Imported Rice,,,Pettah
2015-11-13,Imported Rice,,,Pettah
2015-11-16,Imported Rice,,,Pettah
2015-11-17,Imported Rice,,,Pettah
2015-11-18,Imported Rice,,,Pettah
2015-11-19,Imported Rice,,,Pettah
2015-11-20,Imported Rice,,,Pettah
2015-11-23,Imported Rice,,,Pettah
2015-11-24,Imported Rice,,,Pettah
2015-11-26,Imported Rice,,,Pettah
2015-11-27,Imported Rice,,,Pettah
2015-11-30,Imported Rice,,,Pettah
2015-12-01,Imported Rice,,,Pettah
2015-12-02,Imported Rice,,,Pettah
2015-12-03,Imported Rice,,,Pettah
2015-12-04,Imported Rice,,,Pettah
2015-12-07,Imported Rice,,,Pettah
2015-12-08,Imported Rice,,,Pettah
2015-12-09,Imported Rice,,,Pettah
2015-12-10,Imported Rice,,,Pettah
2015-12-11,Imported Rice,,,Pettah
2015-12-14,Imported Rice,,,Pettah
2015-12-15,Imported Rice,,,Pettah
2015-12-16,Imported Rice,,,Pettah
2015-12-17,Imported Rice,,,Pettah
2015-12-18,Imported Rice,,,Pettah
2015-12-20,Imported Rice,,,Pettah
2015-12-21,Imported Rice,,,Pettah
2015-12-22,Imported Rice,,,Pettah
2015-12-23,Imported Rice,,,Pettah
2015-12-28,Imported Rice,,,Pettah
2015-12-29,Imported Rice,,,Pettah
2015-12-30,Imported Rice,,,Pettah
2015-12-31,Imported Rice,,,Pettah
2016-01-04,Imported Rice,,,Pettah
2016-01-05,Imported Rice,,,Pettah
2016-01-06,Imported Rice,,,Pettah
2016-01-07,Imported Rice,,,Pettah
2016-01-08,Imported Rice,,,Pettah
2016-01-11,Imported Rice,,,Pettah
2016-01-12,Imported Rice,,,Pettah
2016-01-13,Imported Rice,,,Pettah
2016-01-14,Imported Rice,,,Pettah
2016-01-18,Imported Rice,,,Pettah
2016-01-19,Imported Rice,,,Pettah
2016-01-20,Imported Rice,,,Pettah
2016-01-21,Imported Rice,,,Pettah
2016-01-22,Imported Rice,,,Pettah
2016-01-25,Imported Rice,,,Pettah
2016-01-26,Imported Rice,,,Pettah
2016-01-27,Imported Rice,,,Pettah
2016-01-28,Imported Rice,,,Pettah
2016-01-29,Imported Rice,,,Pettah
2016-02-01,Imported Rice,,,Pettah
2016-02-02,Imported Rice,,,Pettah
2016-02-03,Imported Rice,,,Pettah
2016-02-05,Imported Rice,,,Pettah
2016-02-08,Imported Rice,,,Pettah
2016-02-09,Imported Rice,,,Pettah
2016-02-10,Imported Rice,,,Pettah
2016-02-11,Imported Rice,,,Pettah
2016-02-12,Imported Rice,,,Pettah
2016-02-15,Imported Rice,,,Pettah
2016-02-16,Imported Rice,,,Pettah
2016-02-17,Imported Rice,,,Pettah
2016-02-18,Imported Rice,,,Pettah
2016-02-19,Imported Rice,,,Pettah
2016-02-23,Imported Rice,,,Pettah
2016-02-24,Imported Rice,,,Pettah
2016-02-25,Imported Rice,,,Pettah
2016-02-26,Imported Rice,,,Pettah
2016-02-29,Imported Rice,,,Pettah
2016-03-01,Imported Rice,,,Pettah
2016-03-02,Imported Rice,,,Pettah
2016-03-03,Imported Rice,,,Pettah
2016-03-04,Imported Rice,,,Pettah
2016-03-08,Imported Rice,,,Pettah
2016-03-09,Imported Rice,,,Pettah
2016-03-10,Imported Rice,,,Pettah
2016-03-11,Imported Rice,,,Pettah
2016-03-14,Imported Rice,,,Pettah
2016-03-15,Imported Rice,,,Pettah
2016-03-16,Imported Rice,,,Pettah
2016-03-17,Imported Rice,,,Pettah
2016-03-18,Imported Rice,,,Pettah
2016-03-21,Imported Rice,,,Pettah
2016-03-23,Imported Rice,,,Pettah
2016-03-24,Imported Rice,,,Pettah
2016-03-28,Imported Rice,,,Pettah
2016-03-29,Imported Rice,,,Pettah
2016-03-30,Imported Rice,,,Pettah
2016-03-31,Imported Rice,,,Pettah
2016-04-01,Imported Rice,,,Pettah
2016-04-04,Imported Rice,,,Pettah
2016-04-05,Imported Rice,,,Pettah
2016-04-06,Imported Rice,,,Pettah
2016-04-07,Imported Rice,,,Pettah
2016-04-08,Imported Rice,,,Pettah
2016-04-11,Imported Rice,,,Pettah
2016-04-18,Imported Rice,,,Pettah
2016-04-19,Imported Rice,,,Pettah
2016-04-20,Imported Rice,,,Pettah
2016-04-22,Imported Rice,,,Pettah
2016-04-25,Imported Rice,,,Pettah
2016-04-26,Imported Rice,,,Pettah
2016-04-27,Imported Rice,,,Pettah
2016-04-28,Imported Rice,,,Pettah
2016-04-29,Imported Rice,,,Pettah
2016-05-02,Imported Rice,,,Pettah
2016-05-03,Imported Rice,,,Pettah
2016-05-04,Imported Rice,,,Pettah
2016-05-05,Imported Rice,,,Pettah
2016-05-06,Imported Rice,,,Pettah
2016-05-09,Imported Rice,,,Pettah
2016-05-10,Imported Rice,,,Pettah
2016-05-11,Imported Rice,,,Pettah
2016-05-12,Imported Rice,,,Pettah
2016-05-13,Imported Rice,,,Pettah
2016-05-16,Imported Rice,,,Pettah
2016-05-17,Imported Rice,,,Pettah
2016-05-18,Imported Rice,,,Pettah
2016-05-19,Imported Rice,,,Pettah
2016-05-20,Imported Rice,,,Pettah
2016-05-23,Imported Rice,,,Pettah
2016-05-24,Imported Rice,,,Pettah
2016-05-25,Imported Rice,,,Pettah
2016-05-26,Imported Rice,,,Pettah
2016-05-27,Imported Rice,,,Pettah
2016-05-30,Imported Rice,,,Pettah
2016-05-31,Imported Rice,,,Pettah
2016-06-01,Imported Rice,,,Pettah
2016-06-02,Imported Rice,,,Pettah
2016-06-03,Imported Rice,,,Pettah
2016-06-06,Imported Rice,,,Pettah
2016-06-07,Imported Rice,,,Pettah
2016-06-08,Imported Rice,,,Pettah
2016-06-09,Imported Rice,,,Pettah
2016-06-10,Imported Rice,,,Pettah
2016-06-13,Imported Rice,,,Pettah
2016-06-14,Imported Rice,,,Pettah
2016-06-15,Imported Rice,,,Pettah
2016-06-16,Imported Rice,,,Pettah
2016-06-17,Imported Rice,,,Pettah
2016-06-20,Imported Rice,,,Pettah
2016-06-21,Imported Rice,,,Pettah
2016-06-22,Imported Rice,,,Pettah
2016-06-23,Imported Rice,,,Pettah
2016-06-24,Imported Rice,,,Pettah
2016-06-27,Imported Rice,,,Pettah
2016-06-28,Imported Rice,,,Pettah
2016-06-29,Imported Rice,,,Pettah
2016-06-30,Imported Rice,,,Pettah
2016-07-01,Imported Rice,,,Pettah
2016-07-04,Imported Rice,,,Pettah
2016-07-05,Imported Rice,,,Pettah
2016-07-06,Imported Rice,,,Pettah
2016-07-07,Imported Rice,,,Pettah
2016-07-08,Imported Rice,,,Pettah
2016-07-11,Imported Rice,,,Pettah
2016-07-12,Imported Rice,,,Pettah
2016-07-13,Imported Rice,,,Pettah
2016-07-14,Imported Rice,,,Pettah
2016-07-15,Imported Rice,,,Pettah
2016-07-18,Imported Rice,,,Pettah
2016-07-20,Imported Rice,,,Pettah
2016-07-21,Imported Rice,,,Pettah
2016-07-22,Imported Rice,,,Pettah
2016-07-25,Imported Rice,,,Pettah
2016-07-26,Imported Rice,,,Pettah
2016-07-27,Imported Rice,,,Pettah
2016-07-28,Imported Rice,,,Pettah
2016-07-29,Imported Rice,,,Pettah
2016-08-01,Imported Rice,,,Pettah
2016-08-02,Imported Rice,,,Pettah
2016-08-03,Imported Rice,,,Pettah
2016-08-04,Imported Rice,,,Pettah
2016-08-05,Imported Rice,,,Pettah
2016-08-08,Imported Rice,,,Pettah
2016-08-09,Imported Rice,,,Pettah
2016-08-10,Imported Rice,,,Pettah
2016-08-11,Imported Rice,,,Pettah
2016-08-12,Imported Rice,,,Pettah
2016-08-15,Imported Rice,,,Pettah
2016-08-16,Imported Rice,,,Pettah
2016-08-18,Imported Rice,,,Pettah
2016-08-19,Imported Rice,,,Pettah
2016-08-22,Imported Rice,,,Pettah
2016-08-23,Imported Rice,,,Pettah
2016-08-24,Imported Rice,,,Pettah
2016-08-29,Imported Rice,,,Pettah
2016-08-30,Imported Rice,,,Pettah
2016-08-31,Imported Rice,,,Pettah
2016-09-01,Imported Rice,,,Pettah
2016-09-02,Imported Rice,,,Pettah
2016-09-05,Imported Rice,,,Pettah
2016-09-06,Imported Rice,,,Pettah
2016-09-07,Imported Rice,,,Pettah
2016-09-08,Imported Rice,,,Pettah
2016-09-09,Imported Rice,,,Pettah
2016-09-13,Imported Rice,,,Pettah
2016-09-14,Imported Rice,,,Pettah
2016-09-15,Imported Rice,,,Pettah
2016-09-19,Imported Rice,,,Pettah
2016-09-20,Imported Rice,,,Pettah
2016-09-21,Imported Rice,,,Pettah
2016-09-22,Imported Rice,,,Pettah
2016-09-23,Imported Rice,,,Pettah
2016-09-26,Imported Rice,,,Pettah
2016-09-27,Imported Rice,,,Pettah
2016-09-28,Imported Rice,,,Pettah
2016-09-29,Imported Rice,,,Pettah
2016-09-30,Imported Rice,,,Pettah
2016-10-03,Imported Rice,,,Pettah
2016-10-04,Imported Rice,,,Pettah
2016-10-05,Imported Rice,,,Pettah
2016-10-06,Imported Rice,,,Pettah
2016-10-07,Imported Rice,,,Pettah
2016-10-10,Imported Rice,,,Pettah
2016-10-11,Imported Rice,,,Pettah
2016-10-12,Imported Rice,,,Pettah
2016-10-13,Imported Rice,,,Pettah
2016-10-14,Imported Rice,,,Pettah
2016-10-17,Imported Rice,,,Pettah
2016-10-18,Imported Rice,,,Pettah
2016-10-19,Imported Rice,,,Pettah
2016-10-20,Imported Rice,,,Pettah
2016-10-21,Imported Rice,,,Pettah
2016-10-24,Imported Rice,,,Pettah
2016-10-25,Imported Rice,,,Pettah
2016-10-26,Imported Rice,,,Pettah
2016-10-27,Imported Rice,,,Pettah
2016-10-28,Imported Rice,,,Pettah
2016-10-31,Imported Rice,,,Pettah
2016-11-01,Imported Rice,,,Pettah
2016-11-02,Imported Rice,,,Pettah
2016-11-03,Imported Rice,,,Pettah
2016-11-04,Imported Rice,,,Pettah
2016-11-07,Imported Rice,,,Pettah
2016-11-08,Imported Rice,,,Pettah
2016-11-09,Imported Rice,,,Pettah
2016-11-10,Imported Rice,,,Pettah
2016-11-11,Imported Rice,,,Pettah
2016-11-15,Imported Rice,,,Pettah
2016-11-16,Imported Rice,,,Pettah
2016-11-17,Imported Rice,,,Pettah
2016-11-18,Imported Rice,,,Pettah
2016-11-21,Imported Rice,,,Pettah
2016-11-22,Imported Rice,,,Pettah
2016-11-23,Imported Rice,,,Pettah
2016-11-24,Imported Rice,,,Pettah
2016-11-25,Imported Rice,,,Pettah
2016-11-28,Imported Rice,,,Pettah
2016-11-29,Imported Rice,,,Pettah
2016-11-30,Imported Rice,,,Pettah
2016-12-01,Imported Rice,,,Pettah
2016-12-02,Imported Rice,,,Pettah
2016-12-05,Imported Rice,,,Pettah
2016-12-06,Imported Rice,,,Pettah
2016-12-07,Imported Rice,,,Pettah
2016-12-08,Imported Rice,,,Pettah
2016-12-09,Imported Rice,,,Pettah
2016-12-14,Imported Rice,,,Pettah
2016-12-15,Imported Rice,,,Pettah
2016-12-16,Imported Rice,,,Pettah
2016-12-19,Imported Rice,,,Pettah
2016-12-20,Imported Rice,,,Pettah
2016-12-21,Imported Rice,,,Pettah
2016-12-22,Imported Rice,,,Pettah
2016-12-23,Imported Rice,,,Pettah
2016-12-26,Imported Rice,,,Pettah
2016-12-27,Imported Rice,,,Pettah
2016-12-28,Imported Rice,,,Pettah
2016-12-29,Imported Rice,,,Pettah
2016-12-30,Imported Rice,,,Pettah
2017-01-02,Imported Rice,,,Pettah
2017-01-03,Imported Rice,,,Pettah
2017-01-04,Imported Rice,,,Pettah
2017-01-05,Imported Rice,,,Pettah
2017-01-06,Imported Rice,,,Pettah
2017-01-09,Imported Rice,,,Pettah
2017-01-10,Imported Rice,,,Pettah
2017-01-11,Imported Rice,,,Pettah
2017-01-13,Imported Rice,,,Pettah
2017-01-16,Imported Rice,,,Pettah
2017-01-17,Imported Rice,,,Pettah
2017-01-18,Imported Rice,,,Pettah
2017-01-19,Imported Rice,,,Pettah
2017-01-20,Imported Rice,,,Pettah
2017-01-23,Imported Rice,,,Pettah
2017-01-24,Imported Rice,,,Pettah
2017-01-25,Imported Rice,,,Pettah
2017-01-26,Imported Rice,,,Pettah
2017-01-27,Imported Rice,,,Pettah
2017-01-30,Imported Rice,,,Pettah
2017-01-31,Imported Rice,,,Pettah
2017-03-01,Imported Rice,,,Pettah
2017-03-02,Imported Rice,,,Pettah
2017-03-03,Imported Rice,,,Pettah
2017-03-06,Imported Rice,,,Pettah
2017-03-07,Imported Rice,,,Pettah
2017-03-08,Imported Rice,,,Pettah
2017-03-09,Imported Rice,,,Pettah
2017-03-10,Imported Rice,,,Pettah
2017-03-13,Imported Rice,,,Pettah
2017-03-14,Imported Rice,,,Pettah
2017-03-15,Imported Rice,,,Pettah
2017-03-16,Imported Rice,,,Pettah
2017-03-17,Imported Rice,,,Pettah
2017-03-20,Imported Rice,,,Pettah
2017-03-21,Imported Rice,,,Pettah
2017-03-22,Imported Rice,,,Pettah
2017-03-23,Imported Rice,,,Pettah
2017-03-24,Imported Rice,,,Pettah
2017-03-27,Imported Rice,,,Pettah
2017-03-28,Imported Rice,,,Pettah
2017-03-29,Imported Rice,,,Pettah
2017-03-30,Imported Rice,,,Pettah
2017-03-31,Imported Rice,,,Pettah
2017-04-03,Imported Rice,,,Pettah
2017-04-04,Imported Rice,,,Pettah
2017-04-05,Imported Rice,,,Pettah
2017-04-06,Imported Rice,,,Pettah
2017-04-07,Imported Rice,,,Pettah
2017-04-11,Imported Rice,,,Pettah
2017-04-12,Imported Rice,,,Pettah
2017-04-17,Imported Rice,,,Pettah
2017-04-18,Imported Rice,,,Pettah
2017-04-19,Imported Rice,,,Pettah
2017-04-20,Imported Rice,,,Pettah
2017-04-21,Imported Rice,,,Pettah
2017-04-24,Imported Rice,,,Pettah
2017-04-25,Imported Rice,,,Pettah
2017-04-26,Imported Rice,,,Pettah
2017-04-27,Imported Rice,,,Pettah
2017-04-28,Imported Rice,,,Pettah
2017-05-02,Imported Rice,,,Pettah
2017-05-03,Imported Rice,,,Pettah
2017-05-04,Imported Rice,,,Pettah
2017-05-05,Imported Rice,,,Pettah
2017-05-08,Imported Rice,,,Pettah
2017-05-09,Imported Rice,,,Pettah
2017-05-12,Imported Rice,,,Pettah
2017-05-15,Imported Rice,,,Pettah
2017-05-16,Imported Rice,,,Pettah
2017-05-17,Imported Rice,,,Pettah
2017-05-18,Imported Rice,,,Pettah
2017-05-19,Imported Rice,,,Pettah
2017-05-23,Imported Rice,,,Pettah
2017-05-24,Imported Rice,,,Pettah
2017-05-25,Imported Rice,,,Pettah
2017-05-26,Imported Rice,,,Pettah
2017-05-29,Imported Rice,,,Pettah
2017-05-30,Imported Rice,,,Pettah
2017-05-31,Imported Rice,,,Pettah
2017-06-02,Imported Rice,,,Pettah
2017-06-05,Imported Rice,,,Pettah
2017-06-06,Imported Rice,,,Pettah
2017-06-07,Imported Rice,,,Pettah
2017-06-09,Imported Rice,,,Pettah
2017-06-12,Imported Rice,,,Pettah
2017-06-13,Imported Rice,,,Pettah
2017-06-14,Imported Rice,,,Pettah
2017-06-15,Imported Rice,,,Pettah
2017-06-16,Imported Rice,,,Pettah
2017-06-19,Imported Rice,,,Pettah
2017-06-20,Imported Rice,,,Pettah
2017-06-21,Imported Rice,,,Pettah
2017-06-22,Imported Rice,,,Pettah
2017-06-23,Imported Rice,,,Pettah
2017-06-27,Imported Rice,,,Pettah
2017-06-28,Imported Rice,,,Pettah
2017-06-29,Imported Rice,3960.0,79.2,Pettah
2017-06-30,Imported Rice,3940.0,78.8,Pettah
2017-07-03,Imported Rice,3912.5,78.25,Pettah
2017-07-04,Imported Rice,3912.5,78.25,Pettah
2017-07-05,Imported Rice,3912.5,78.25,Pettah
2017-07-06,Imported Rice,3912.5,78.25,Pettah
2017-07-07,Imported Rice,3400.0,68.0,Pettah
2017-07-10,Imported Rice,3933.33,78.6666,Pettah
2017-07-11,Imported Rice,3766.67,75.3334,Pettah
2017-07-12,Imported Rice,3766.67,75.3334,Pettah
2017-07-13,Imported Rice,3940.0,78.8,Pettah
2017-07-14,Imported Rice,3860.0,77.2,Pettah
2017-07-17,Imported Rice,3900.0,78.0,Pettah
2017-07-18,Imported Rice,3940.0,78.8,Pettah
2017-07-19,Imported Rice,3891.67,77.8334,Pettah
2017-07-20,Imported Rice,3858.33,77.1666,Pettah
2017-07-21,Imported Rice,3825.0,76.5,Pettah
2017-07-24,Imported Rice,3475.0,69.5,Pettah
2017-07-25,Imported Rice,3830.0,76.6,Pettah
2017-07-26,Imported Rice,3920.0,78.4,Pettah
2017-07-27,Imported Rice,3750.0,75.0,Pettah
2017-07-28,Imported Rice,3716.67,74.3334,Pettah
2017-07-31,Imported Rice,3820.0,76.4,Pettah
2017-08-01,Imported Rice,3650.0,73.0,Pettah
2017-08-02,Imported Rice,3758.33,75.1666,Pettah
2017-08-03,Imported Rice,3433.33,68.6666,Pettah
2017-08-04,Imported Rice,3675.0,73.5,Pettah
2017-08-08,Imported Rice,3616.67,72.3334,Pettah
2017-08-09,Imported Rice,3750.0,75.0,Pettah
2017-08-10,Imported Rice,3620.0,72.4,Pettah
2017-08-11,Imported Rice,3566.67,71.3334,Pettah
2017-08-14,Imported Rice,3516.67,70.3334,Pettah
2017-08-15,Imported Rice,3583.33,71.6666,Pettah
2017-08-16,Imported Rice,3525.0,70.5,Pettah
2017-08-17,Imported Rice,3566.67,71.3334,Pettah
2017-08-18,Imported Rice,3530.0,70.6,Pettah
2017-08-21,Imported Rice,3550.0,71.0,Pettah
2017-08-22,Imported Rice,3570.0,71.4,Pettah
2017-08-23,Imported Rice,3540.0,70.8,Pettah
2017-08-24,Imported Rice,3510.0,70.2,Pettah
2017-08-25,Imported Rice,3540.0,70.8,Pettah
2017-08-28,Imported Rice,3560.0,71.2,Pettah
2017-08-29,Imported Rice,3570.0,71.4,Pettah
2017-08-30,Imported Rice,3420.0,68.4,Pettah
2017-08-31,Imported Rice,3570.0,71.4,Pettah
2017-09-04,Imported Rice,3600.0,72.0,Pettah
2017-09-06,Imported Rice,3650.0,73.0,Pettah
2017-09-07,Imported Rice,3575.0,71.5,Pettah
2017-09-08,Imported Rice,3600.0,72.0,Pettah
2017-09-11,Imported Rice,3650.0,73.0,Pettah
2017-09-12,Imported Rice,3630.0,72.6,Pettah
2017-09-13,Imported Rice,3660.0,73.2,Pettah
2017-09-14,Imported Rice,3650.0,73.0,Pettah
2017-09-15,Imported Rice,3640.0,72.8,Pettah
2017-09-18,Imported Rice,3650.0,73.0,Pettah
2017-09-19,Imported Rice,3690.0,73.8,Pettah
2017-09-20,Imported Rice,3650.0,73.0,Pettah
2017-09-21,Imported Rice,3680.0,73.6,Pettah
2017-09-22,Imported Rice,3690.0,73.8,Pettah
2017-09-25,Imported Rice,3675.0,73.5,Pettah
2017-09-26,Imported Rice,3675.0,73.5,Pettah
2017-09-27,Imported Rice,3658.33,73.1666,Pettah
2017-09-28,Imported Rice,3691.67,73.8334,Pettah
2017-09-29,Imported Rice,3616.67,72.3334,Pettah
2017-10-02,Imported Rice,3700.0,74.0,Pettah
2017-10-03,Imported Rice,3675.0,73.5,Pettah
2017-10-04,Imported Rice,3608.33,72.1666,Pettah
2017-10-06,Imported Rice,3683.33,73.6666,Pettah
2017-10-09,Imported Rice,3633.33,72.6666,Pettah
2017-10-10,Imported Rice,3583.33,71.6666,Pettah
2017-10-11,Imported Rice,3600.0,72.0,Pettah
2017-10-12,Imported Rice,3608.33,72.1666,Pettah
2017-10-13,Imported Rice,3658.33,73.1666,Pettah
2017-10-16,Imported Rice,3600.0,72.0,Pettah
2017-10-17,Imported Rice,3600.0,72.0,Pettah
2017-10-19,Imported Rice,3641.67,72.8334,Pettah
2017-10-20,Imported Rice,3566.67,71.3334,Pettah
2017-10-23,Imported Rice,,,Pettah
2017-10-24,Imported Rice,,,Pettah
2017-10-25,Imported Rice,,,Pettah
2017-10-26,Imported Rice,,,Pettah
2017-10-27,Imported Rice,,,Pettah
2017-10-30,Imported Rice,3550.0,71.0,Pettah
2017-10-31,Imported Rice,,,Pettah
2017-11-01,Imported Rice,3558.33,71.1666,Pettah
2017-11-02,Imported Rice,3558.33,71.1666,Pettah
2017-11-06,Imported Rice,3508.33,70.1666,Pettah
2017-11-07,Imported Rice,3558.33,71.1666,Pettah
2017-11-08,Imported Rice,3570.0,71.4,Pettah
2017-11-09,Imported Rice,3580.0,71.6,Pettah
2017-11-10,Imported Rice,3570.0,71.4,Pettah
2017-11-13,Imported Rice,3550.0,71.0,Pettah
2017-11-14,Imported Rice,3566.67,71.3334,Pettah
2017-11-15,Imported Rice,3575.0,71.5,Pettah
2017-11-16,Imported Rice,3558.33,71.1666,Pettah
2017-11-17,Imported Rice,3558.33,71.1666,Pettah
2017-11-20,Imported Rice,3570.0,71.4,Pettah
2017-11-21,Imported Rice,3610.0,72.2,Pettah
2017-11-22,Imported Rice,3600.0,72.0,Pettah
2017-11-23,Imported Rice,3590.0,71.8,Pettah
2017-11-24,Imported Rice,3591.67,71.8334,Pettah
2017-11-27,Imported Rice,3625.0,72.5,Pettah
2017-11-28,Imported Rice,3616.67,72.3334,Pettah
2017-11-29,Imported Rice,3616.67,72.3334,Pettah
2017-11-30,Imported Rice,3558.33,71.1666,Pettah
2017-12-04,Imported Rice,,,Pettah
2017-12-05,Imported Rice,,,Pettah
2017-12-06,Imported Rice,,,Pettah
2017-12-07,Imported Rice,,,Pettah
2017-12-08,Imported Rice,,,Pettah
2017-12-11,Imported Rice,,,Pettah
2017-12-12,Imported Rice,,,Pettah
2017-12-13,Imported Rice,,,Pettah
2017-12-14,Imported Rice,,,Pettah
2017-12-15,Imported Rice,,,Pettah
2017-12-18,Imported Rice,,,Pettah
2017-12-19,Imported Rice,,,Pettah
2017-12-20,Imported Rice,,,Pettah
2017-12-21,Imported Rice,,,Pettah
2017-12-22,Imported Rice,,,Pettah
2017-12-26,Imported Rice,,,Pettah
2017-12-27,Imported Rice,,,Pettah
2017-12-28,Imported Rice,,,Pettah
2017-12-29,Imported Rice,,,Pettah
2018-01-02,Imported Rice,,,Pettah
2018-01-03,Imported Rice,,,Pettah
2018-01-04,Imported Rice,,,Pettah
2018-01-05,Imported Rice,,,Pettah
2018-01-08,Imported Rice,,,Pettah
2018-01-09,Imported Rice,,,Pettah
2018-01-10,Imported Rice,,,Pettah
2018-01-11,Imported Rice,,,Pettah
2018-01-12,Imported Rice,,,Pettah
2018-01-15,Imported Rice,,,Pettah
2018-01-16,Imported Rice,,,Pettah
2018-01-17,Imported Rice,,,Pettah
2018-01-18,Imported Rice,,,Pettah
2018-01-19,Imported Rice,,,Pettah
2018-01-22,Imported Rice,,,Pettah
2018-01-23,Imported Rice,,,Pettah
2018-01-24,Imported Rice,,,Pettah
2018-01-25,Imported Rice,,,Pettah
2018-01-26,Imported Rice,,,Pettah
2018-01-29,Imported Rice,,,Pettah
2018-01-30,Imported Rice,,,Pettah
2018-02-01,Imported Rice,,,Pettah
2018-02-02,Imported Rice,,,Pettah
2018-02-05,Imported Rice,,,Pettah
2018-02-07,Imported Rice,,,Pettah
2018-02-08,Imported Rice,,,Pettah
2018-02-09,Imported Rice,,,Pettah
2018-02-12,Imported Rice,,,Pettah
2018-02-14,Imported Rice,,,Pettah
2018-02-15,Imported Rice,,,Pettah
2018-02-16,Imported Rice,,,Pettah
2018-02-19,Imported Rice,,,Pettah
2018-02-20,Imported Rice,,,Pettah
2018-02-21,Imported Rice,,,Pettah
2018-02-22,Imported Rice,,,Pettah
2018-02-23,Imported Rice,,,Pettah
2018-02-26,Imported Rice,,,Pettah
2018-02-27,Imported Rice,,,Pettah
2018-02-28,Imported Rice,,,Pettah
2018-03-02,Imported Rice,,,Pettah
2018-03-05,Imported Rice,,,Pettah
2018-03-06,Imported Rice,,,Pettah
2018-03-07,Imported Rice,,,Pettah
2018-03-08,Imported Rice,,,Pettah
2018-03-09,Imported Rice,,,Pettah
2018-03-12,Imported Rice,,,Pettah
2018-03-13,Imported Rice,,,Pettah
2018-03-14,Imported Rice,,,Pettah
2018-03-15,Imported Rice,,,Pettah
2018-03-16,Imported Rice,3537.5,70.75,Pettah
2018-03-19,Imported Rice,,,Pettah
2018-03-20,Imported Rice,,,Pettah
2018-03-21,Imported Rice,,,Pettah
2018-03-22,Imported Rice,,,Pettah
2018-03-23,Imported Rice,,,Pettah
2018-03-26,Imported Rice,,,Pettah
2018-03-27,Imported Rice,,,Pettah
2018-03-28,Imported Rice,3583.33,71.6666,Pettah
2018-04-02,Imported Rice,3583.33,71.6666,Pettah
2018-04-03,Imported Rice,3633.33,72.6666,Pettah
2018-04-04,Imported Rice,3516.67,70.3334,Pettah
2018-04-05,Imported Rice,3540.0,70.8,Pettah
2018-04-06,Imported Rice,3500.0,70.0,Pettah
2018-04-09,Imported Rice,2890.0,57.8,Pettah
2018-04-10,Imported Rice,3610.0,72.2,Pettah
2018-04-11,Imported Rice,3650.0,73.0,Pettah
2018-04-12,Imported Rice,3600.0,72.0,Pettah
2018-04-17,Imported Rice,3600.0,72.0,Pettah
2018-04-18,Imported Rice,3650.0,73.0,Pettah
2018-04-19,Imported Rice,3650.0,73.0,Pettah
2018-04-20,Imported Rice,3650.0,73.0,Pettah
2018-04-23,Imported Rice,248.0,248.0,Pettah
2018-04-24,Imported Rice,248.0,248.0,Pettah
2018-04-25,Imported Rice,250.0,250.0,Pettah
2018-04-26,Imported Rice,248.0,248.0,Pettah
2018-04-27,Imported Rice,248.0,248.0,Pettah
2018-05-01,Imported Rice,,,Pettah
2018-05-02,Imported Rice,248.0,248.0,Pettah
2018-05-03,Imported Rice,247.0,247.0,Pettah
2018-05-04,Imported Rice,248.0,248.0,Pettah
2018-05-08,Imported Rice,248.0,248.0,Pettah
2018-05-09,Imported Rice,249.0,249.0,Pettah
2018-05-10,Imported Rice,249.0,249.0,Pettah
2018-05-11,Imported Rice,249.0,249.0,Pettah
2018-05-14,Imported Rice,248.0,248.0,Pettah
2018-05-15,Imported Rice,248.0,248.0,Pettah
2018-05-16,Imported Rice,,,Pettah
2018-05-17,Imported Rice,,,Pettah
2018-05-21,Imported Rice,248.0,248.0,Pettah
2018-05-22,Imported Rice,248.0,248.0,Pettah
2018-05-23,Imported Rice,248.0,248.0,Pettah
2018-05-24,Imported Rice,248.0,248.0,Pettah
2018-05-25,Imported Rice,247.0,247.0,Pettah
2018-05-28,Imported Rice,247.0,247.0,Pettah
2018-05-30,Imported Rice,248.0,248.0,Pettah
2018-05-31,Imported Rice,249.0,249.0,Pettah
2018-06-05,Imported Rice,249.0,249.0,Pettah
2018-06-06,Imported Rice,249.0,249.0,Pettah
2018-06-07,Imported Rice,249.0,249.0,Pettah
2018-06-08,Imported Rice,249.0,249.0,Pettah
2018-06-11,Imported Rice,248.0,248.0,Pettah
2018-06-12,Imported Rice,248.0,248.0,Pettah
2018-06-13,Imported Rice,247.0,247.0,Pettah
2018-06-14,Imported Rice,248.0,248.0,Pettah
2018-06-18,Imported Rice,248.0,248.0,Pettah
2018-06-19,Imported Rice,248.0,248.0,Pettah
2018-06-20,Imported Rice,248.0,248.0,Pettah
2018-06-21,Imported Rice,248.0,248.0,Pettah
2018-06-22,Imported Rice,248.0,248.0,Pettah
2018-06-25,Imported Rice,248.0,248.0,Pettah
2018-06-26,Imported Rice,248.0,248.0,Pettah
2018-06-28,Imported Rice,136.0,136.0,Pettah
2018-06-29,Imported Rice,138.0,138.0,Pettah
2018-07-02,Imported Rice,136.0,136.0,Pettah
2018-07-03,Imported Rice,254.0,254.0,Pettah
2018-07-04,Imported Rice,127.5,127.5,Pettah
2018-07-05,Imported Rice,135.0,135.0,Pettah
2018-07-06,Imported Rice,130.0,130.0,Pettah
2018-07-09,Imported Rice,120.0,120.0,Pettah
2018-07-10,Imported Rice,122.5,122.5,Pettah
2018-07-11,Imported Rice,122.5,122.5,Pettah
2018-07-12,Imported Rice,115.0,115.0,Pettah
2018-07-13,Imported Rice,117.0,117.0,Pettah
2018-07-16,Imported Rice,115.0,115.0,Pettah
2018-07-17,Imported Rice,95.0,95.0,Pettah
2018-07-18,Imported Rice,97.5,97.5,Pettah
2018-07-19,Imported Rice,96.25,96.25,Pettah
2018-07-20,Imported Rice,95.0,95.0,Pettah
2018-07-23,Imported Rice,255.0,255.0,Pettah
2018-07-24,Imported Rice,249.0,249.0,Pettah
2018-07-25,Imported Rice,248.0,248.0,Pettah
2018-07-26,Imported Rice,248.0,248.0,Pettah
2018-07-30,Imported Rice,248.0,248.0,Pettah
2018-07-31,Imported Rice,248.0,248.0,Pettah
2018-08-01,Imported Rice,248.0,248.0,Pettah
2018-08-02,Imported Rice,248.0,248.0,Pettah
2018-08-03,Imported Rice,248.0,248.0,Pettah
2018-08-06,Imported Rice,106.0,106.0,Pettah
2018-08-07,Imported Rice,105.0,105.0,Pettah
2018-08-08,Imported Rice,104.0,104.0,Pettah
2018-08-09,Imported Rice,,,Pettah
2018-08-10,Imported Rice,,,Pettah
2018-08-13,Imported Rice,,,Pettah
2018-08-14,Imported Rice,,,Pettah
2018-08-15,Imported Rice,,,Pettah
2018-08-16,Imported Rice,,,Pettah
2018-08-17,Imported Rice,,,Pettah
2018-08-20,Imported Rice,,,Pettah
2018-08-21,Imported Rice,,,Pettah
2018-08-23,Imported Rice,243.0,243.0,Pettah
2018-08-24,Imported Rice,243.0,243.0,Pettah
2018-08-27,Imported Rice,241.0,241.0,Pettah
2018-08-28,Imported Rice,72.0,72.0,Pettah
2018-08-29,Imported Rice,241.0,241.0,Pettah
2018-09-03,Imported Rice,242.0,242.0,Pettah
2018-09-04,Imported Rice,242.0,242.0,Pettah
2018-09-05,Imported Rice,241.0,241.0,Pettah
2018-09-06,Imported Rice,89.0,89.0,Pettah
2018-09-07,Imported Rice,,,Pettah
2018-09-10,Imported Rice,,,Pettah
2018-09-11,Imported Rice,241.0,241.0,Pettah
2018-09-12,Imported Rice,241.0,241.0,Pettah
2018-09-13,Imported Rice,,,Pettah
2018-09-14,Imported Rice,,,Pettah
2018-09-17,Imported Rice,,,Pettah
2018-09-18,Imported Rice,239.0,239.0,Pettah
2018-09-19,Imported Rice,86.25,86.25,Pettah
2018-09-20,Imported Rice,,,Pettah
2018-09-21,Imported Rice,,,Pettah
2018-09-25,Imported Rice,,,Pettah
2018-09-26,Imported Rice,242.0,242.0,Pettah
2018-09-27,Imported Rice,242.0,242.0,Pettah
2018-09-28,Imported Rice,,,Pettah
2018-10-01,Imported Rice,243.0,243.0,Pettah
2018-10-02,Imported Rice,247.0,247.0,Pettah
2018-10-03,Imported Rice,,,Pettah
2018-10-04,Imported Rice,,,Pettah
2018-10-05,Imported Rice,,,Pettah
2018-10-08,Imported Rice,,,Pettah
2018-10-09,Imported Rice,,,Pettah
2018-10-10,Imported Rice,,,Pettah
2018-10-11,Imported Rice,,,Pettah
2018-10-12,Imported Rice,,,Pettah
2018-10-15,Imported Rice,,,Pettah
2018-10-16,Imported Rice,,,Pettah
2018-10-17,Imported Rice,,,Pettah
2018-10-18,Imported Rice,,,Pettah
2018-10-19,Imported Rice,,,Pettah
2018-10-22,Imported Rice,,,Pettah
2018-10-23,Imported Rice,,,Pettah
2018-10-25,Imported Rice,,,Pettah
2018-10-26,Imported Rice,,,Pettah
2018-10-29,Imported Rice,,,Pettah
2018-10-30,Imported Rice,,,Pettah
2018-10-31,Imported Rice,,,Pettah
2018-11-01,Imported Rice,,,Pettah
2018-11-02,Imported Rice,,,Pettah
2018-11-05,Imported Rice,,,Pettah
2018-11-07,Imported Rice,,,Pettah
2018-11-08,Imported Rice,,,Pettah
2018-11-09,Imported Rice,,,Pettah
2018-11-12,Imported Rice,,,Pettah
2018-11-13,Imported Rice,,,Pettah
2018-11-14,Imported Rice,,,Pettah
2018-11-15,Imported Rice,,,Pettah
2018-11-16,Imported Rice,,,Pettah
2018-11-19,Imported Rice,,,Pettah
2018-11-21,Imported Rice,,,Pettah
2018-11-23,Imported Rice,,,Pettah
2018-11-26,Imported Rice,,,Pettah
2018-11-27,Imported Rice,,,Pettah
2018-11-28,Imported Rice,,,Pettah
2018-11-29,Imported Rice,,,Pettah
2018-11-30,Imported Rice,,,Pettah
2018-12-03,Imported Rice,110.0,110.0,Pettah
2018-12-04,Imported Rice,,,Pettah
2018-12-05,Imported Rice,,,Pettah
2018-12-06,Imported Rice,,,Pettah
2018-12-07,Imported Rice,,,Pettah
2018-12-10,Imported Rice,,,Pettah
2018-12-11,Imported Rice,,,Pettah
2018-12-12,Imported Rice,,,Pettah
2018-12-13,Imported Rice,,,Pettah
2018-12-14,Imported Rice,,,Pettah
2018-12-17,Imported Rice,,,Pettah
2018-12-18,Imported Rice,,,Pettah
2018-12-19,Imported Rice,,,Pettah
2018-12-20,Imported Rice,,,Pettah
2018-12-21,Imported Rice,,,Pettah
2018-12-24,Imported Rice,,,Pettah
2018-12-26,Imported Rice,,,Pettah
2018-12-27,Imported Rice,,,Pettah
2018-12-28,Imported Rice,,,Pettah
2018-12-31,Imported Rice,,,Pettah
2019-01-01,Imported Rice,,,Pettah
2019-01-02,Imported Rice,,,Pettah
2019-01-03,Imported Rice,,,Pettah
2019-01-04,Imported Rice,,,Pettah
2019-01-07,Imported Rice,,,Pettah
2019-01-08,Imported Rice,,,Pettah
2019-01-09,Imported Rice,,,Pettah
2019-01-10,Imported Rice,,,Pettah
2019-01-11,Imported Rice,,,Pettah
2019-01-14,Imported Rice,,,Pettah
2019-01-16,Imported Rice,,,Pettah
2019-01-17,Imported Rice,,,Pettah
2019-01-18,Imported Rice,,,Pettah
2019-01-21,Imported Rice,,,Pettah
2019-01-22,Imported Rice,,,Pettah
2019-01-23,Imported Rice,,,Pettah
2019-01-24,Imported Rice,,,Pettah
2019-01-25,Imported Rice,,,Pettah
2019-01-28,Imported Rice,,,Pettah
2019-01-29,Imported Rice,,,Pettah
2019-01-30,Imported Rice,,,Pettah
2019-01-31,Imported Rice,,,Pettah
2019-02-01,Imported Rice,,,Pettah
2019-02-05,Imported Rice,,,Pettah
2019-02-06,Imported Rice,,,Pettah
2019-02-07,Imported Rice,,,Pettah
2019-02-08,Imported Rice,,,Pettah
2019-02-11,Imported Rice,,,Pettah
2019-02-12,Imported Rice,,,Pettah
2019-02-13,Imported Rice,,,Pettah
2019-02-14,Imported Rice,,,Pettah
2019-02-15,Imported Rice,,,Pettah
2019-02-18,Imported Rice,,,Pettah
2019-02-21,Imported Rice,,,Pettah
2019-02-22,Imported Rice,,,Pettah
2019-02-25,Imported Rice,,,Pettah
2019-02-26,Imported Rice,,,Pettah
2019-02-27,Imported Rice,,,Pettah
2019-02-28,Imported Rice,,,Pettah
2019-03-01,Imported Rice,,,Pettah
2019-03-05,Imported Rice,,,Pettah
2019-03-06,Imported Rice,,,Pettah
2019-03-07,Imported Rice,,,Pettah
2019-03-08,Imported Rice,92.0,92.0,Pettah
2019-03-11,Imported Rice,78.0,78.0,Pettah
2019-03-12,Imported Rice,77.0,77.0,Pettah
2019-03-13,Imported Rice,,,Pettah
2019-03-14,Imported Rice,,,Pettah
2019-03-15,Imported Rice,,,Pettah
2019-03-18,Imported Rice,,,Pettah
2019-03-19,Imported Rice,,,Pettah
2019-03-21,Imported Rice,,,Pettah
2019-03-22,Imported Rice,,,Pettah
2019-03-25,Imported Rice,,,Pettah
2019-03-26,Imported Rice,,,Pettah
2019-03-27,Imported Rice,,,Pettah
2019-03-28,Imported Rice,,,Pettah
2019-03-29,Imported Rice,,,Pettah
2019-04-01,Imported Rice,,,Pettah
2019-04-02,Imported Rice,,,Pettah
2019-04-03,Imported Rice,,,Pettah
2019-04-04,Imported Rice,,,Pettah
2019-04-05,Imported Rice,,,Pettah
2019-04-08,Imported Rice,,,Pettah
2019-04-09,Imported Rice,,,Pettah
2019-04-10,Imported Rice,,,Pettah
2019-04-11,Imported Rice,,,Pettah
2019-04-12,Imported Rice,,,Pettah
2019-04-17,Imported Rice,,,Pettah
2019-04-18,Imported Rice,,,Pettah
2019-04-23,Imported Rice,,,Pettah
2019-04-24,Imported Rice,,,Pettah
2019-04-25,Imported Rice,,,Pettah
2019-04-26,Imported Rice,,,Pettah
2019-04-29,Imported Rice,,,Pettah
2019-04-30,Imported Rice,,,Pettah
2019-05-02,Imported Rice,,,Pettah
2019-05-03,Imported Rice,,,Pettah
2019-05-06,Imported Rice,,,Pettah
2019-05-07,Imported Rice,,,Pettah
2019-05-08,Imported Rice,,,Pettah
2019-05-09,Imported Rice,,,Pettah
2019-05-10,Imported Rice,,,Pettah
2019-05-13,Imported Rice,,,Pettah
2019-05-14,Imported Rice,,,Pettah
2019-05-15,Imported Rice,,,Pettah
2019-05-16,Imported Rice,,,Pettah
2019-05-17,Imported Rice,,,Pettah
2019-05-21,Imported Rice,,,Pettah
2019-05-22,Imported Rice,,,Pettah
2019-05-23,Imported Rice,,,Pettah
2019-05-27,Imported Rice,,,Pettah
2019-05-28,Imported Rice,,,Pettah
2019-05-29,Imported Rice,,,Pettah
2019-05-30,Imported Rice,,,Pettah
2019-05-31,Imported Rice,,,Pettah
2019-06-03,Imported Rice,,,Pettah
2019-06-04,Imported Rice,,,Pettah
2019-06-06,Imported Rice,,,Pettah
2019-06-07,Imported Rice,,,Pettah
2019-06-10,Imported Rice,,,Pettah
2019-06-11,Imported Rice,,,Pettah
2019-06-12,Imported Rice,,,Pettah
2019-06-13,Imported Rice,,,Pettah
2019-06-14,Imported Rice,,,Pettah
2019-06-17,Imported Rice,,,Pettah
2019-06-18,Imported Rice,,,Pettah
2019-06-19,Imported Rice,,,Pettah
2019-06-20,Imported Rice,,,Pettah
2019-06-21,Imported Rice,,,Pettah
2019-06-24,Imported Rice,,,Pettah
2019-06-25,Imported Rice,,,Pettah
2019-06-26,Imported Rice,,,Pettah
2019-06-27,Imported Rice,,,Pettah
2019-06-28,Imported Rice,,,Pettah
2019-07-01,Imported Rice,,,Pettah
2019-07-02,Imported Rice,,,Pettah
2019-07-03,Imported Rice,,,Pettah
2019-07-04,Imported Rice,,,Pettah
2019-07-05,Imported Rice,,,Pettah
2019-07-08,Imported Rice,,,Pettah
2019-07-09,Imported Rice,,,Pettah
2019-07-10,Imported Rice,,,Pettah
2019-07-11,Imported Rice,,,Pettah
2019-07-12,Imported Rice,,,Pettah
2019-07-15,Imported Rice,,,Pettah
2019-07-17,Imported Rice,,,Pettah
2019-07-18,Imported Rice,,,Pettah
2019-07-19,Imported Rice,,,Pettah
2019-07-23,Imported Rice,,,Pettah
2019-07-24,Imported Rice,,,Pettah
2019-07-25,Imported Rice,,,Pettah
2019-07-26,Imported Rice,,,Pettah
2019-07-29,Imported Rice,,,Pettah
2019-07-30,Imported Rice,,,Pettah
2019-08-02,Imported Rice,,,Pettah
2019-08-06,Imported Rice,,,Pettah
2019-08-07,Imported Rice,,,Pettah
2019-08-08,Imported Rice,,,Pettah
2019-08-09,Imported Rice,,,Pettah
2019-08-13,Imported Rice,,,Pettah
2019-08-15,Imported Rice,,,Pettah
2019-08-16,Imported Rice,,,Pettah
2019-08-19,Imported Rice,,,Pettah
2019-08-20,Imported Rice,,,Pettah
2019-08-21,Imported Rice,,,Pettah
2019-08-22,Imported Rice,,,Pettah
2019-08-23,Imported Rice,,,Pettah
2019-08-26,Imported Rice,,,Pettah
2019-08-27,Imported Rice,,,Pettah
2019-08-28,Imported Rice,,,Pettah
2019-08-29,Imported Rice,,,Pettah
2019-08-30,Imported Rice,,,Pettah
2019-09-03,Imported Rice,,,Pettah
2019-09-04,Imported Rice,,,Pettah
2019-09-05,Imported Rice,,,Pettah
2019-09-06,Imported Rice,,,Pettah
2019-09-09,Imported Rice,,,Pettah
2019-09-10,Imported Rice,,,Pettah
2019-09-12,Imported Rice,,,Pettah
2019-09-16,Imported Rice,,,Pettah
2019-09-17,Imported Rice,,,Pettah
2019-09-18,Imported Rice,,,Pettah
2019-09-19,Imported Rice,,,Pettah
2019-09-20,Imported Rice,,,Pettah
2019-09-23,Imported Rice,,,Pettah
2019-09-24,Imported Rice,,,Pettah
2019-09-25,Imported Rice,,,Pettah
2019-09-26,Imported Rice,,,Pettah
2019-09-27,Imported Rice,,,Pettah
2019-09-30,Imported Rice,,,Pettah
2019-10-01,Imported Rice,,,Pettah
2019-10-02,Imported Rice,,,Pettah
2019-10-03,Imported Rice,,,Pettah
2019-10-04,Imported Rice,,,Pettah
2019-10-07,Imported Rice,,,Pettah
2019-10-08,Imported Rice,,,Pettah
2019-10-09,Imported Rice,,,Pettah
2019-10-10,Imported Rice,,,Pettah
2019-10-11,Imported Rice,,,Pettah
2019-10-14,Imported Rice,,,Pettah
2019-10-15,Imported Rice,,,Pettah
2019-10-16,Imported Rice,,,Pettah
2019-10-17,Imported Rice,,,Pettah
2019-10-18,Imported Rice,,,Pettah
2019-10-21,Imported Rice,,,Pettah
2019-10-22,Imported Rice,,,Pettah
2019-10-23,Imported Rice,,,Pettah
2019-10-24,Imported Rice,,,Pettah
2019-10-25,Imported Rice,,,Pettah
2019-10-28,Imported Rice,,,Pettah
2019-10-29,Imported Rice,,,Pettah
2019-10-30,Imported Rice,,,Pettah
2019-10-31,Imported Rice,,,Pettah
2019-11-01,Imported Rice,,,Pettah
2019-11-04,Imported Rice,,,Pettah
2019-11-05,Imported Rice,,,Pettah
2019-11-06,Imported Rice,,,Pettah
2019-11-07,Imported Rice,,,Pettah
2019-11-08,Imported Rice,,,Pettah
2019-11-11,Imported Rice,,,Pettah
2019-11-13,Imported Rice,,,Pettah
2019-11-14,Imported Rice,,,Pettah
2019-11-15,Imported Rice,,,Pettah
2019-11-18,Imported Rice,,,Pettah
2019-11-19,Imported Rice,,,Pettah
2019-11-20,Imported Rice,,,Pettah
2019-11-21,Imported Rice,,,Pettah
2019-11-22,Imported Rice,,,Pettah
2019-11-25,Imported Rice,,,Pettah
2019-11-26,Imported Rice,,,Pettah
2019-11-27,Imported Rice,,,Pettah
2019-11-28,Imported Rice,,,Pettah
2019-11-29,Imported Rice,,,Pettah
2019-12-02,Imported Rice,,,Pettah
2019-12-03,Imported Rice,,,Pettah
2019-12-04,Imported Rice,,,Pettah
2019-12-05,Imported Rice,,,Pettah
2019-12-06,Imported Rice,,,Pettah
2019-12-09,Imported Rice,,,Pettah
2019-12-10,Imported Rice,,,Pettah
2019-12-12,Imported Rice,,,Pettah
2019-12-13,Imported Rice,,,Pettah
2019-12-16,Imported Rice,,,Pettah
2019-12-17,Imported Rice,,,Pettah
2019-12-18,Imported Rice,,,Pettah
2019-12-19,Imported Rice,,,Pettah
2019-12-20,Imported Rice,,,Pettah
2019-12-23,Imported Rice,,,Pettah
2019-12-24,Imported Rice,,,Pettah
2019-12-26,Imported Rice,,,Pettah
2019-12-27,Imported Rice,,,Pettah
2019-12-30,Imported Rice,,,Pettah
2019-12-31,Imported Rice,,,Pettah
2020-01-01,Imported Rice,,,Pettah
2020-01-02,Imported Rice,,,Pettah
2020-01-03,Imported Rice,,,Pettah
2020-01-06,Imported Rice,,,Pettah
2020-01-07,Imported Rice,,,Pettah
2020-01-08,Imported Rice,,,Pettah
2020-01-09,Imported Rice,,,Pettah
2020-01-13,Imported Rice,,,Pettah
2020-01-14,Imported Rice,,,Pettah
2020-01-16,Imported Rice,,,Pettah
2020-01-17,Imported Rice,,,Pettah
2020-01-20,Imported Rice,,,Pettah
2020-01-21,Imported Rice,,,Pettah
2020-01-22,Imported Rice,,,Pettah
2020-01-23,Imported Rice,,,Pettah
2020-01-24,Imported Rice,,,Pettah
2020-01-27,Imported Rice,,,Pettah
2020-01-28,Imported Rice,,,Pettah
2020-01-29,Imported Rice,,,Pettah
2020-01-30,Imported Rice,,,Pettah
2020-01-31,Imported Rice,,,Pettah
2020-02-03,Imported Rice,,,Pettah
2020-02-05,Imported Rice,,,Pettah
2020-02-06,Imported Rice,,,Pettah
2020-02-07,Imported Rice,,,Pettah
2020-02-10,Imported Rice,,,Pettah
2020-02-11,Imported Rice,,,Pettah
2020-02-12,Imported Rice,,,Pettah
2020-02-13,Imported Rice,,,Pettah
2020-02-14,Imported Rice,,,Pettah
2020-02-17,Imported Rice,,,Pettah
2020-02-18,Imported Rice,,,Pettah
2020-02-19,Imported Rice,,,Pettah
2020-02-20,Imported Rice,,,Pettah
2020-02-24,Imported Rice,,,Pettah
2020-02-25,Imported Rice,,,Pettah
2020-02-26,Imported Rice,,,Pettah
2020-02-27,Imported Rice,,,Pettah
2020-02-28,Imported Rice,,,Pettah
2020-03-02,Imported Rice,,,Pettah
2020-03-03,Imported Rice,,,Pettah
2020-03-04,Imported Rice,,,Pettah
2020-03-05,Imported Rice,,,Pettah
2020-03-06,Imported Rice,,,Pettah
2020-03-10,Imported Rice,,,Pettah
2020-03-11,Imported Rice,,,Pettah
2020-03-12,Imported Rice,,,Pettah
2020-03-13,Imported Rice,,,Pettah
2020-06-15,Imported Rice,,,Pettah
2020-06-16,Imported Rice,,,Pettah
2020-06-17,Imported Rice,,,Pettah
2020-06-18,Imported Rice,,,Pettah
2020-06-19,Imported Rice,,,Pettah
2020-06-22,Imported Rice,,,Pettah
2020-06-23,Imported Rice,,,Pettah
2020-06-24,Imported Rice,,,Pettah
2020-06-25,Imported Rice,,,Pettah
2020-06-26,Imported Rice,,,Pettah
2020-06-29,Imported Rice,,,Pettah
2020-06-30,Imported Rice,,,Pettah
2020-07-01,Imported Rice,,,Pettah
2020-07-02,Imported Rice,,,Pettah
2020-07-03,Imported Rice,,,Pettah
2020-07-06,Imported Rice,,,Pettah
2020-07-07,Imported Rice,,,Pettah
2020-07-08,Imported Rice,,,Pettah
2020-07-09,Imported Rice,,,Pettah
2020-07-10,Imported Rice,,,Pettah
2020-07-13,Imported Rice,,,Pettah
2020-07-14,Imported Rice,,,Pettah
2020-07-15,Imported Rice,,,Pettah
2020-07-16,Imported Rice,,,Pettah
2020-07-17,Imported Rice,,,Pettah
2020-07-20,Imported Rice,,,Pettah
2020-07-21,Imported Rice,,,Pettah
2020-07-22,Imported Rice,,,Pettah
2020-07-23,Imported Rice,,,Pettah
2020-07-24,Imported Rice,,,Pettah
2020-07-27,Imported Rice,,,Pettah
2020-07-28,Imported Rice,,,Pettah
2020-07-29,Imported Rice,,,Pettah
2020-07-30,Imported Rice,,,Pettah
2020-07-31,Imported Rice,,,Pettah
2020-08-04,Imported Rice,,,Pettah
2020-08-06,Imported Rice,,,Pettah
2020-08-07,Imported Rice,,,Pettah
2020-08-10,Imported Rice,,,Pettah
2020-08-11,Imported Rice,,,Pettah
2020-08-12,Imported Rice,,,Pettah
2020-08-13,Imported Rice,,,Pettah
2020-08-14,Imported Rice,,,Pettah
2020-08-17,Imported Rice,,,Pettah
2020-08-18,Imported Rice,,,Pettah
2020-08-19,Imported Rice,,,Pettah
2020-08-20,Imported Rice,,,Pettah
2020-08-21,Imported Rice,,,Pettah
2020-08-24,Imported Rice,,,Pettah
2020-08-25,Imported Rice,,,Pettah
2020-08-26,Imported Rice,,,Pettah
2020-08-27,Imported Rice,,,Pettah
2020-08-28,Imported Rice,,,Pettah
2020-08-31,Imported Rice,,,Pettah
2020-09-02,Imported Rice,,,Pettah
2020-09-03,Imported Rice,138.0,138.0,Pettah
2020-09-04,Imported Rice,134.0,134.0,Pettah
2020-09-07,Imported Rice,146.0,146.0,Pettah
2020-09-08,Imported Rice,,,Pettah
2020-09-09,Imported Rice,,,Pettah
2020-09-10,Imported Rice,,,Pettah
2020-09-11,Imported Rice,,,Pettah
2020-09-14,Imported Rice,,,Pettah
2020-09-15,Imported Rice,,,Pettah
2020-09-16,Imported Rice,,,Pettah
2020-09-17,Imported Rice,,,Pettah
2020-09-18,Imported Rice,,,Pettah
2020-09-21,Imported Rice,,,Pettah
2020-09-22,Imported Rice,,,Pettah
2020-09-23,Imported Rice,,,Pettah
2020-09-24,Imported Rice,,,Pettah
2020-09-25,Imported Rice,,,Pettah
2020-09-28,Imported Rice,154.0,154.0,Pettah
2020-09-29,Imported Rice,,,Pettah
2020-09-30,Imported Rice,158.0,158.0,Pettah
2020-10-01,Imported Rice,,,Pettah
2020-10-02,Imported Rice,,,Pettah
2020-10-05,Imported Rice,,,Pettah
2020-10-06,Imported Rice,178.0,178.0,Pettah
2020-10-07,Imported Rice,210.0,210.0,Pettah
2020-10-08,Imported Rice,261.0,261.0,Pettah
2020-10-09,Imported Rice,222.0,222.0,Pettah
2020-10-12,Imported Rice,210.0,210.0,Pettah
2020-10-13,Imported Rice,232.0,232.0,Pettah
2020-10-14,Imported Rice,117.5,117.5,Pettah
2020-10-15,Imported Rice,194.0,194.0,Pettah
2020-10-16,Imported Rice,164.0,164.0,Pettah
2020-10-19,Imported Rice,116.25,116.25,Pettah
2020-10-20,Imported Rice,116.25,116.25,Pettah
2020-10-21,Imported Rice,116.25,116.25,Pettah
2020-10-22,Imported Rice,184.0,184.0,Pettah
2020-10-23,Imported Rice,,,Pettah
2020-10-26,Imported Rice,,,Pettah
2020-10-27,Imported Rice,,,Pettah
2020-10-28,Imported Rice,,,Pettah
2020-10-29,Imported Rice,,,Pettah
2020-11-02,Imported Rice,,,Pettah
2020-11-03,Imported Rice,,,Pettah
2020-11-04,Imported Rice,,,Pettah
2020-11-05,Imported Rice,,,Pettah
2020-11-06,Imported Rice,,,Pettah
2020-11-09,Imported Rice,,,Pettah
2020-11-10,Imported Rice,,,Pettah
2020-11-11,Imported Rice,,,Pettah
2020-11-12,Imported Rice,,,Pettah
2020-11-13,Imported Rice,,,Pettah
2020-11-16,Imported Rice,,,Pettah
2020-11-17,Imported Rice,,,Pettah
2020-11-18,Imported Rice,,,Pettah
2020-11-19,Imported Rice,,,Pettah
2020-11-20,Imported Rice,,,Pettah
2020-11-23,Imported Rice,,,Pettah
2020-11-24,Imported Rice,,,Pettah
2020-11-25,Imported Rice,,,Pettah
2020-11-26,Imported Rice,,,Pettah
2020-11-27,Imported Rice,,,Pettah
2020-11-30,Imported Rice,,,Pettah
2020-12-01,Imported Rice,,,Pettah
2020-12-02,Imported Rice,,,Pettah
2020-12-03,Imported Rice,,,Pettah
2020-12-04,Imported Rice,,,Pettah
2020-12-07,Imported Rice,,,Pettah
2020-12-08,Imported Rice,,,Pettah
2020-12-09,Imported Rice,,,Pettah
2020-12-11,Imported Rice,,,Pettah
2020-12-14,Imported Rice,,,Pettah
2020-12-15,Imported Rice,,,Pettah
2020-12-16,Imported Rice,,,Pettah
2020-12-17,Imported Rice,,,Pettah
2020-12-18,Imported Rice,,,Pettah
2020-12-21,Imported Rice,,,Pettah
2020-12-22,Imported Rice,,,Pettah
2020-12-23,Imported Rice,,,Pettah
2020-12-24,Imported Rice,,,Pettah
2020-12-28,Imported Rice,,,Pettah
2020-12-30,Imported Rice,,,Pettah
2020-12-31,Imported Rice,,,Pettah
2021-01-01,Imported Rice,,,Pettah
2021-01-04,Imported Rice,,,Pettah
2021-01-05,Imported Rice,,,Pettah
2021-01-06,Imported Rice,,,Pettah
2021-01-07,Imported Rice,,,Pettah
2021-01-08,Imported Rice,,,Pettah
2021-01-11,Imported Rice,,,Pettah
2021-01-12,Imported Rice,80.0,80.0,Pettah
2021-01-13,Imported Rice,82.0,82.0,Pettah
2021-01-15,Imported Rice,96.0,96.0,Pettah
2021-01-18,Imported Rice,84.0,84.0,Pettah
2021-01-19,Imported Rice,71.0,71.0,Pettah
2021-01-20,Imported Rice,76.0,76.0,Pettah
2021-01-21,Imported Rice,67.0,67.0,Pettah
2021-01-22,Imported Rice,66.0,66.0,Pettah
2021-01-25,Imported Rice,70.0,70.0,Pettah
2021-01-26,Imported Rice,85.6,85.6,Pettah
2021-01-27,Imported Rice,82.0,82.0,Pettah
2021-01-29,Imported Rice,107.0,107.0,Pettah
2021-02-01,Imported Rice,,,Pettah
2021-02-02,Imported Rice,470.0,470.0,Pettah
2021-02-03,Imported Rice,444.0,444.0,Pettah
2021-02-08,Imported Rice,103.0,103.0,Pettah
2021-02-09,Imported Rice,108.0,108.0,Pettah
2021-02-10,Imported Rice,97.0,97.0,Pettah
2021-02-11,Imported Rice,97.0,97.0,Pettah
2021-02-12,Imported Rice,104.0,104.0,Pettah
2021-02-15,Imported Rice,350.0,350.0,Pettah
2021-02-16,Imported Rice,325.0,325.0,Pettah
2021-02-17,Imported Rice,296.0,296.0,Pettah
2021-02-18,Imported Rice,262.0,262.0,Pettah
2021-02-19,Imported Rice,239.0,239.0,Pettah
2021-02-22,Imported Rice,133.0,133.0,Pettah
2021-02-23,Imported Rice,134.0,134.0,Pettah
2021-02-24,Imported Rice,220.0,220.0,Pettah
2021-02-25,Imported Rice,204.0,204.0,Pettah
2021-03-01,Imported Rice,222.0,222.0,Pettah
2021-03-02,Imported Rice,208.0,208.0,Pettah
2021-03-03,Imported Rice,170.0,170.0,Pettah
2021-03-04,Imported Rice,174.0,174.0,Pettah
2021-03-05,Imported Rice,194.0,194.0,Pettah
2021-03-08,Imported Rice,164.0,164.0,Pettah
2021-03-09,Imported Rice,170.0,170.0,Pettah
2021-03-10,Imported Rice,170.0,170.0,Pettah
2021-03-12,Imported Rice,169.0,169.0,Pettah
2021-03-15,Imported Rice,210.0,210.0,Pettah
2021-03-16,Imported Rice,222.0,222.0,Pettah
2021-03-17,Imported Rice,208.0,208.0,Pettah
2021-03-18,Imported Rice,188.0,188.0,Pettah
2021-03-19,Imported Rice,184.0,184.0,Pettah
2021-03-22,Imported Rice,176.0,176.0,Pettah
2021-03-23,Imported Rice,164.0,164.0,Pettah
2021-03-24,Imported Rice,160.0,160.0,Pettah
2021-03-25,Imported Rice,164.0,164.0,Pettah
2021-03-26,Imported Rice,156.0,156.0,Pettah
2021-03-29,Imported Rice,178.0,178.0,Pettah
2021-03-30,Imported Rice,178.0,178.0,Pettah
2021-03-31,Imported Rice,178.0,178.0,Pettah
2021-04-01,Imported Rice,188.0,188.0,Pettah
2021-04-05,Imported Rice,354.0,354.0,Pettah
2021-04-06,Imported Rice,322.0,322.0,Pettah
2021-04-07,Imported Rice,294.0,294.0,Pettah
2021-04-08,Imported Rice,258.0,258.0,Pettah
2021-04-09,Imported Rice,268.0,268.0,Pettah
2021-04-19,Imported Rice,63.0,63.0,Pettah
2021-04-20,Imported Rice,238.0,238.0,Pettah
2021-04-21,Imported Rice,58.0,58.0,Pettah
2021-04-22,Imported Rice,56.8,56.8,Pettah
2021-04-23,Imported Rice,56.8,56.8,Pettah
2021-04-27,Imported Rice,97.0,97.0,Pettah
2021-04-28,Imported Rice,64.0,64.0,Pettah
2021-04-29,Imported Rice,69.6,69.6,Pettah
2021-04-30,Imported Rice,69.6,69.6,Pettah
2021-05-03,Imported Rice,78.0,78.0,Pettah
2021-05-04,Imported Rice,132.0,132.0,Pettah
2021-05-05,Imported Rice,67.0,67.0,Pettah
2021-05-06,Imported Rice,168.0,168.0,Pettah
2021-05-07,Imported Rice,65.0,65.0,Pettah
2021-05-10,Imported Rice,,,Pettah
2021-05-11,Imported Rice,,,Pettah
2021-05-12,Imported Rice,67.0,67.0,Pettah
2021-05-13,Imported Rice,,,Pettah
2021-05-17,Imported Rice,,,Pettah
2021-05-18,Imported Rice,,,Pettah
2021-05-19,Imported Rice,,,Pettah
2021-05-20,Imported Rice,,,Pettah
2021-05-21,Imported Rice,134.0,134.0,Pettah
2021-06-08,Imported Rice,74.8,74.8,Pettah
2021-06-09,Imported Rice,143.0,143.0,Pettah
2021-06-18,Imported Rice,155.0,155.0,Pettah
2021-06-21,Imported Rice,152.5,152.5,Pettah
2021-06-22,Imported Rice,85.4,85.4,Pettah
2021-06-23,Imported Rice,85.0,85.0,Pettah
2021-06-25,Imported Rice,154.0,154.0,Pettah
2021-06-28,Imported Rice,155.0,155.0,Pettah
2021-06-29,Imported Rice,155.0,155.0,Pettah
2021-06-30,Imported Rice,152.5,152.5,Pettah
2021-07-01,Imported Rice,72.0,72.0,Pettah
2021-07-02,Imported Rice,78.0,78.0,Pettah
2021-07-05,Imported Rice,83.0,83.0,Pettah
2021-07-06,Imported Rice,150.0,150.0,Pettah
2021-07-07,Imported Rice,284.0,284.0,Pettah
2021-07-08,Imported Rice,276.0,276.0,Pettah
2021-07-09,Imported Rice,264.0,264.0,Pettah
2021-07-12,Imported Rice,,,Pettah
2021-07-13,Imported Rice,,,Pettah
2021-07-14,Imported Rice,,,Pettah
2021-07-15,Imported Rice,,,Pettah
2021-07-16,Imported Rice,226.0,226.0,Pettah
2021-07-19,Imported Rice,,,Pettah
2021-07-20,Imported Rice,,,Pettah
2021-07-22,Imported Rice,,,Pettah
2021-07-26,Imported Rice,,,Pettah
2021-07-27,Imported Rice,,,Pettah
2021-07-28,Imported Rice,,,Pettah
2021-07-29,Imported Rice,,,Pettah
2021-07-30,Imported Rice,,,Pettah
2021-08-02,Imported Rice,194.0,194.0,Pettah
2021-08-03,Imported Rice,150.0,150.0,Pettah
2021-08-04,Imported Rice,148.0,148.0,Pettah
2021-08-05,Imported Rice,158.0,158.0,Pettah
2021-08-06,Imported Rice,132.0,132.0,Pettah
2021-08-09,Imported Rice,,,Pettah
2021-08-11,Imported Rice,138.0,138.0,Pettah
2021-08-12,Imported Rice,,,Pettah
2021-08-13,Imported Rice,,,Pettah
2021-08-16,Imported Rice,,,Pettah
2021-08-17,Imported Rice,174.0,174.0,Pettah
2021-08-18,Imported Rice,148.0,148.0,Pettah
2021-08-19,Imported Rice,136.0,136.0,Pettah
2021-08-20,Imported Rice,,,Pettah
2021-08-24,Imported Rice,,,Pettah
2021-08-25,Imported Rice,,,Pettah
2021-09-01,Imported Rice,,,Pettah
2021-09-02,Imported Rice,,,Pettah
2021-09-06,Imported Rice,,,Pettah
2021-09-09,Imported Rice,,,Pettah
2021-09-10,Imported Rice,,,Pettah
2021-09-13,Imported Rice,,,Pettah
2021-09-14,Imported Rice,,,Pettah
2021-09-15,Imported Rice,,,Pettah
2021-09-16,Imported Rice,,,Pettah
2021-09-17,Imported Rice,,,Pettah
2021-09-21,Imported Rice,,,Pettah
2021-09-22,Imported Rice,,,Pettah
2021-09-23,Imported Rice,,,Pettah
2021-09-24,Imported Rice,,,Pettah
2021-09-27,Imported Rice,,,Pettah
2021-09-28,Imported Rice,,,Pettah
2021-09-29,Imported Rice,,,Pettah
2021-09-30,Imported Rice,,,Pettah
2021-10-01,Imported Rice,,,Pettah
2021-10-04,Imported Rice,188.0,188.0,Pettah
2021-10-05,Imported Rice,,,Pettah
2021-10-06,Imported Rice,,,Pettah
2021-10-07,Imported Rice,,,Pettah
2021-10-08,Imported Rice,177.0,177.0,Pettah
2021-10-11,Imported Rice,,,Pettah
2021-10-12,Imported Rice,,,Pettah
2021-10-13,Imported Rice,188.0,188.0,Pettah
2021-10-14,Imported Rice,184.0,184.0,Pettah
2021-10-15,Imported Rice,188.0,188.0,Pettah
2021-10-18,Imported Rice,192.0,192.0,Pettah
2021-10-21,Imported Rice,194.0,194.0,Pettah
2021-10-22,Imported Rice,232.5,232.5,Pettah
2021-10-25,Imported Rice,196.0,196.0,Pettah
2021-10-26,Imported Rice,227.0,227.0,Pettah
2021-10-27,Imported Rice,200.0,200.0,Pettah
2021-10-28,Imported Rice,239.0,239.0,Pettah
2021-10-29,Imported Rice,196.0,196.0,Pettah
2021-11-01,Imported Rice,244.0,244.0,Pettah
2021-11-02,Imported Rice,180.0,180.0,Pettah
2021-11-03,Imported Rice,175.0,175.0,Pettah
2021-11-08,Imported Rice,188.0,188.0,Pettah
2021-11-09,Imported Rice,505.0,505.0,Pettah
2021-11-10,Imported Rice,502.0,502.0,Pettah
2021-11-11,Imported Rice,277.5,277.5,Pettah
2021-11-12,Imported Rice,151.0,151.0,Pettah
2021-11-15,Imported Rice,145.0,145.0,Pettah
2021-11-16,Imported Rice,145.0,145.0,Pettah
2021-11-17,Imported Rice,145.0,145.0,Pettah
2021-11-19,Imported Rice,143.0,143.0,Pettah
2021-11-22,Imported Rice,143.0,143.0,Pettah
2021-11-23,Imported Rice,138.2,138.2,Pettah
2021-11-24,Imported Rice,138.2,138.2,Pettah
2021-11-25,Imported Rice,139.0,139.0,Pettah
2021-11-26,Imported Rice,137.6,137.6,Pettah
2021-11-29,Imported Rice,137.4,137.4,Pettah
2021-11-30,Imported Rice,137.8,137.8,Pettah
2021-12-01,Imported Rice,137.2,137.2,Pettah
2021-12-02,Imported Rice,134.0,134.0,Pettah
2021-12-03,Imported Rice,128.6,128.6,Pettah
2021-12-06,Imported Rice,124.6,124.6,Pettah
2021-12-07,Imported Rice,123.4,123.4,Pettah
2021-12-08,Imported Rice,121.4,121.4,Pettah
2021-12-09,Imported Rice,121.0,121.0,Pettah
2021-12-10,Imported Rice,121.6,121.6,Pettah
2021-12-13,Imported Rice,119.6,119.6,Pettah
2021-12-14,Imported Rice,119.6,119.6,Pettah
2021-12-15,Imported Rice,119.2,119.2,Pettah
2021-12-16,Imported Rice,117.6,117.6,Pettah
2021-12-17,Imported Rice,117.4,117.4,Pettah
2021-12-20,Imported Rice,116.2,116.2,Pettah
2021-12-21,Imported Rice,115.2,115.2,Pettah
2021-12-22,Imported Rice,118.2,118.2,Pettah
2021-12-23,Imported Rice,116.2,116.2,Pettah
2021-12-24,Imported Rice,116.2,116.2,Pettah
2021-12-27,Imported Rice,117.0,117.0,Pettah
2021-12-28,Imported Rice,118.0,118.0,Pettah
2021-12-29,Imported Rice,122.0,122.0,Pettah
2021-12-30,Imported Rice,122.4,122.4,Pettah
2021-12-31,Imported Rice,126.25,126.25,Pettah
2022-01-03,Imported Rice,126.5,126.5,Pettah
2022-01-05,Imported Rice,128.2,128.2,Pettah
2022-01-06,Imported Rice,128.8,128.8,Pettah
2022-01-07,Imported Rice,128.8,128.8,Pettah
2022-01-10,Imported Rice,126.2,126.2,Pettah
2022-01-11,Imported Rice,125.8,125.8,Pettah
2022-01-12,Imported Rice,126.2,126.2,Pettah
2022-01-13,Imported Rice,122.8,122.8,Pettah
2022-01-18,Imported Rice,124.0,124.0,Pettah
2022-01-19,Imported Rice,124.2,124.2,Pettah
2022-01-20,Imported Rice,123.2,123.2,Pettah
2022-01-21,Imported Rice,123.2,123.2,Pettah
2022-01-24,Imported Rice,120.4,120.4,Pettah
2022-01-25,Imported Rice,121.0,121.0,Pettah
2022-01-26,Imported Rice,121.4,121.4,Pettah
2022-01-27,Imported Rice,118.8,118.8,Pettah
2022-01-28,Imported Rice,118.8,118.8,Pettah
2022-01-31,Imported Rice,117.6,117.6,Pettah
2022-02-01,Imported Rice,118.2,118.2,Pettah
2022-02-02,Imported Rice,117.8,117.8,Pettah
2022-02-03,Imported Rice,118.6,118.6,Pettah
2022-02-08,Imported Rice,120.8,120.8,Pettah
2022-02-09,Imported Rice,121.4,121.4,Pettah
2022-02-10,Imported Rice,121.2,121.2,Pettah
2022-02-11,Imported Rice,121.4,121.4,Pettah
2022-02-14,Imported Rice,121.0,121.0,Pettah
2022-02-15,Imported Rice,120.6,120.6,Pettah
2022-02-17,Imported Rice,120.0,120.0,Pettah
2022-02-18,Imported Rice,120.4,120.4,Pettah
2022-02-21,Imported Rice,118.8,118.8,Pettah
2022-02-22,Imported Rice,119.0,119.0,Pettah
2022-02-23,Imported Rice,119.2,119.2,Pettah
2022-02-24,Imported Rice,118.8,118.8,Pettah
2022-02-25,Imported Rice,118.8,118.8,Pettah
2022-02-28,Imported Rice,120.0,120.0,Pettah
2022-03-02,Imported Rice,120.6,120.6,Pettah
2022-03-03,Imported Rice,121.0,121.0,Pettah
2022-03-04,Imported Rice,121.0,121.0,Pettah
2022-03-07,Imported Rice,122.4,122.4,Pettah
2022-03-08,Imported Rice,124.6,124.6,Pettah
2022-03-09,Imported Rice,129.6,129.6,Pettah
2022-03-10,Imported Rice,130.0,130.0,Pettah
2022-03-11,Imported Rice,133.0,133.0,Pettah
2022-03-14,Imported Rice,139.0,139.0,Pettah
2022-03-15,Imported Rice,145.0,145.0,Pettah
2022-03-16,Imported Rice,145.0,145.0,Pettah
2022-03-18,Imported Rice,150.0,150.0,Pettah
2022-03-21,Imported Rice,150.6,150.6,Pettah
2022-03-22,Imported Rice,149.6,149.6,Pettah
2022-03-23,Imported Rice,150.6,150.6,Pettah
2022-03-24,Imported Rice,148.6,148.6,Pettah
2022-03-25,Imported Rice,,,Pettah
2022-03-28,Imported Rice,160.0,160.0,Pettah
2022-03-29,Imported Rice,173.75,173.75,Pettah
2022-03-30,Imported Rice,187.0,187.0,Pettah
2022-03-31,Imported Rice,196.0,196.0,Pettah
2022-04-01,Imported Rice,192.0,192.0,Pettah
2022-04-04,Imported Rice,182.0,182.0,Pettah
2022-04-05,Imported Rice,182.0,182.0,Pettah
2022-04-06,Imported Rice,178.0,178.0,Pettah
2022-04-07,Imported Rice,176.6,176.6,Pettah
2022-04-08,Imported Rice,164.0,164.0,Pettah
2022-04-12,Imported Rice,173.0,173.0,Pettah
2022-04-18,Imported Rice,173.0,173.0,Pettah
2022-04-19,Imported Rice,176.0,176.0,Pettah
2022-04-20,Imported Rice,178.0,178.0,Pettah
2022-04-21,Imported Rice,178.0,178.0,Pettah
2022-04-22,Imported Rice,175.6,175.6,Pettah
2022-04-25,Imported Rice,176.0,176.0,Pettah
2022-04-26,Imported Rice,178.0,178.0,Pettah
2022-04-27,Imported Rice,177.0,177.0,Pettah
2022-04-29,Imported Rice,177.0,177.0,Pettah
2022-05-04,Imported Rice,186.0,186.0,Pettah
2022-05-05,Imported Rice,188.0,188.0,Pettah
2022-05-09,Imported Rice,206.0,206.0,Pettah
2022-05-12,Imported Rice,206.0,206.0,Pettah
2022-05-13,Imported Rice,,,Pettah
2022-05-17,Imported Rice,198.6,198.6,Pettah
2022-05-18,Imported Rice,198.2,198.2,Pettah
2022-05-19,Imported Rice,195.0,195.0,Pettah
2022-05-20,Imported Rice,194.0,194.0,Pettah
2022-05-23,Imported Rice,188.0,188.0,Pettah
2022-05-24,Imported Rice,188.0,188.0,Pettah
2022-05-25,Imported Rice,198.0,198.0,Pettah
2022-05-26,Imported Rice,198.6,198.6,Pettah
2022-05-27,Imported Rice,204.0,204.0,Pettah
2022-05-30,Imported Rice,208.6,208.6,Pettah
2022-05-31,Imported Rice,210.0,210.0,Pettah
2022-06-01,Imported Rice,211.0,211.0,Pettah
2022-06-02,Imported Rice,212.0,212.0,Pettah
2022-06-03,Imported Rice,212.0,212.0,Pettah
2022-06-06,Imported Rice,213.0,213.0,Pettah
2022-06-07,Imported Rice,210.0,210.0,Pettah
2022-06-08,Imported Rice,212.0,212.0,Pettah
2022-06-09,Imported Rice,232.0,232.0,Pettah
2022-06-10,Imported Rice,237.0,237.0,Pettah
2022-06-13,Imported Rice,207.5,207.5,Pettah
2022-06-15,Imported Rice,220.0,220.0,Pettah
2022-06-16,Imported Rice,200.0,200.0,Pettah
2022-06-17,Imported Rice,1775.0,35.5,Pettah
2022-06-20,Imported Rice,220.0,220.0,Pettah
2022-06-21,Imported Rice,220.0,220.0,Pettah
2022-06-22,Imported Rice,217.5,217.5,Pettah
2022-06-23,Imported Rice,242.5,242.5,Pettah
2022-06-24,Imported Rice,,,Pettah
2022-06-27,Imported Rice,315.0,315.0,Pettah
2022-06-28,Imported Rice,320.0,320.0,Pettah
2022-06-29,Imported Rice,320.0,320.0,Pettah
2022-06-30,Imported Rice,335.0,335.0,Pettah
2022-07-01,Imported Rice,335.0,335.0,Pettah
2022-07-04,Imported Rice,355.0,355.0,Pettah
2022-07-05,Imported Rice,325.0,325.0,Pettah
2022-07-06,Imported Rice,325.0,325.0,Pettah
2022-07-07,Imported Rice,335.0,335.0,Pettah
2022-07-11,Imported Rice,192.5,192.5,Pettah
2022-07-12,Imported Rice,205.0,205.0,Pettah
2022-07-14,Imported Rice,190.0,190.0,Pettah
2022-07-15,Imported Rice,198.0,198.0,Pettah
2022-07-18,Imported Rice,,,Pettah
2022-07-19,Imported Rice,272.5,272.5,Pettah
2022-07-20,Imported Rice,270.0,270.0,Pettah
2022-07-21,Imported Rice,280.0,280.0,Pettah
2022-07-22,Imported Rice,158.0,158.0,Pettah
2022-07-25,Imported Rice,146.0,146.0,Pettah
2022-07-26,Imported Rice,148.0,148.0,Pettah
2022-07-27,Imported Rice,154.0,154.0,Pettah
2022-07-28,Imported Rice,325.0,325.0,Pettah
2022-07-29,Imported Rice,325.0,325.0,Pettah
2022-08-01,Imported Rice,325.0,325.0,Pettah
2022-08-02,Imported Rice,328.75,328.75,Pettah
2022-08-03,Imported Rice,325.0,325.0,Pettah
2022-08-04,Imported Rice,325.0,325.0,Pettah
2022-08-05,Imported Rice,325.0,325.0,Pettah
2022-08-08,Imported Rice,335.0,335.0,Pettah
2022-08-09,Imported Rice,328.75,328.75,Pettah
2022-08-10,Imported Rice,,,Pettah
2022-08-12,Imported Rice,328.75,328.75,Pettah
2022-08-15,Imported Rice,330.0,330.0,Pettah
2022-08-16,Imported Rice,179.0,179.0,Pettah
2022-08-17,Imported Rice,177.0,177.0,Pettah
2022-08-18,Imported Rice,177.0,177.0,Pettah
2022-08-19,Imported Rice,176.6,176.6,Pettah
2022-08-22,Imported Rice,176.2,176.2,Pettah
2022-08-23,Imported Rice,176.2,176.2,Pettah
2022-08-24,Imported Rice,175.0,175.0,Pettah
2022-08-25,Imported Rice,182.4,182.4,Pettah
2022-08-26,Imported Rice,177.6,177.6,Pettah
2022-08-29,Imported Rice,185.0,185.0,Pettah
2022-08-30,Imported Rice,187.6,187.6,Pettah
2022-08-31,Imported Rice,188.0,188.0,Pettah
2022-09-01,Imported Rice,187.0,187.0,Pettah
2022-09-02,Imported Rice,189.6,189.6,Pettah
2022-09-05,Imported Rice,188.8,188.8,Pettah
2022-09-06,Imported Rice,187.0,187.0,Pettah
2022-09-07,Imported Rice,187.0,187.0,Pettah
2022-09-08,Imported Rice,186.0,186.0,Pettah
2022-09-09,Imported Rice,193.0,193.0,Pettah
2022-09-12,Imported Rice,188.2,188.2,Pettah
2022-09-13,Imported Rice,188.2,188.2,Pettah
2022-09-14,Imported Rice,188.6,188.6,Pettah
2022-09-15,Imported Rice,188.2,188.2,Pettah
2022-09-16,Imported Rice,186.0,186.0,Pettah
2022-09-19,Imported Rice,185.6,185.6,Pettah
2022-09-20,Imported Rice,185.0,185.0,Pettah
2022-09-21,Imported Rice,184.8,184.8,Pettah
2022-09-22,Imported Rice,187.2,187.2,Pettah
2022-09-23,Imported Rice,184.6,184.6,Pettah
2022-09-26,Imported Rice,184.6,184.6,Pettah
2022-09-27,Imported Rice,184.6,184.6,Pettah
2022-09-28,Imported Rice,184.6,184.6,Pettah
2022-09-29,Imported Rice,181.4,181.4,Pettah
2022-09-30,Imported Rice,181.6,181.6,Pettah
2022-10-03,Imported Rice,182.2,182.2,Pettah
2022-10-04,Imported Rice,185.2,185.2,Pettah
2022-10-05,Imported Rice,186.6,186.6,Pettah
2022-10-06,Imported Rice,183.4,183.4,Pettah
2022-10-07,Imported Rice,184.0,184.0,Pettah
2022-10-10,Imported Rice,183.6,183.6,Pettah
2022-10-11,Imported Rice,182.8,182.8,Pettah
2022-10-12,Imported Rice,184.4,184.4,Pettah
2022-10-13,Imported Rice,183.4,183.4,Pettah
2022-10-14,Imported Rice,181.0,181.0,Pettah
2022-10-17,Imported Rice,181.4,181.4,Pettah
2022-10-18,Imported Rice,181.4,181.4,Pettah
2022-10-19,Imported Rice,180.0,180.0,Pettah
2022-10-20,Imported Rice,179.6,179.6,Pettah
2022-10-21,Imported Rice,179.6,179.6,Pettah
2022-10-25,Imported Rice,177.6,177.6,Pettah
2022-10-26,Imported Rice,178.4,178.4,Pettah
2022-10-27,Imported Rice,178.6,178.6,Pettah
2022-10-28,Imported Rice,175.6,175.6,Pettah
2022-10-31,Imported Rice,178.6,178.6,Pettah
2022-11-01,Imported Rice,188.0,188.0,Pettah
2022-11-02,Imported Rice,188.0,188.0,Pettah
2022-11-03,Imported Rice,188.6,188.6,Pettah
2022-11-04,Imported Rice,187.6,187.6,Pettah
2022-11-08,Imported Rice,187.0,187.0,Pettah
2022-11-09,Imported Rice,187.0,187.0,Pettah
2022-11-10,Imported Rice,187.2,187.2,Pettah
2022-11-11,Imported Rice,187.6,187.6,Pettah
2022-11-14,Imported Rice,186.6,186.6,Pettah
2022-11-15,Imported Rice,189.8,189.8,Pettah
2022-11-16,Imported Rice,193.0,193.0,Pettah
2022-11-17,Imported Rice,190.0,190.0,Pettah
2022-11-18,Imported Rice,189.0,189.0,Pettah
2022-11-21,Imported Rice,191.4,191.4,Pettah
2022-11-22,Imported Rice,190.6,190.6,Pettah
2022-11-23,Imported Rice,191.4,191.4,Pettah
2022-11-24,Imported Rice,190.4,190.4,Pettah
2022-11-25,Imported Rice,188.2,188.2,Pettah
2022-11-28,Imported Rice,190.6,190.6,Pettah
2022-11-29,Imported Rice,189.6,189.6,Pettah
2022-11-30,Imported Rice,189.2,189.2,Pettah
2022-12-01,Imported Rice,188.6,188.6,Pettah
2022-12-02,Imported Rice,188.6,188.6,Pettah
2022-12-05,Imported Rice,189.2,189.2,Pettah
2022-12-06,Imported Rice,187.6,187.6,Pettah
2022-12-08,Imported Rice,187.2,187.2,Pettah
2022-12-09,Imported Rice,187.2,187.2,Pettah
2022-12-12,Imported Rice,187.2,187.2,Pettah
2022-12-13,Imported Rice,202.0,202.0,Pettah
2022-12-14,Imported Rice,209.0,209.0,Pettah
2022-12-15,Imported Rice,212.0,212.0,Pettah
2022-12-16,Imported Rice,211.4,211.4,Pettah
2022-12-19,Imported Rice,211.4,211.4,Pettah
2022-12-20,Imported Rice,,,Pettah
2022-12-21,Imported Rice,207.0,207.0,Pettah
2022-12-22,Imported Rice,206.6,206.6,Pettah
2022-12-23,Imported Rice,207.0,207.0,Pettah
2022-12-26,Imported Rice,204.6,204.6,Pettah
2022-12-27,Imported Rice,210.0,210.0,Pettah
2022-12-28,Imported Rice,210.0,210.0,Pettah
2022-12-29,Imported Rice,209.0,209.0,Pettah
2022-12-30,Imported Rice,209.4,209.4,Pettah
2023-01-02,Imported Rice,207.0,207.0,Pettah
2023-01-03,Imported Rice,209.0,209.0,Pettah
2023-01-04,Imported Rice,210.0,210.0,Pettah
2023-01-05,Imported Rice,208.4,208.4,Pettah
2023-01-09,Imported Rice,209.6,209.6,Pettah
2023-01-10,Imported Rice,207.0,207.0,Pettah
2023-01-11,Imported Rice,206.0,206.0,Pettah
2023-01-12,Imported Rice,204.0,204.0,Pettah
2023-01-16,Imported Rice,202.4,202.4,Pettah
2023-01-17,Imported Rice,206.0,206.0,Pettah
2023-01-18,Imported Rice,205.6,205.6,Pettah
2023-01-19,Imported Rice,202.4,202.4,Pettah
2023-01-20,Imported Rice,201.6,201.6,Pettah
2023-01-23,Imported Rice,200.4,200.4,Pettah
2023-01-24,Imported Rice,199.6,199.6,Pettah
2023-01-25,Imported Rice,200.4,200.4,Pettah
2023-01-26,Imported Rice,199.0,199.0,Pettah
2023-01-27,Imported Rice,199.0,199.0,Pettah
2023-01-30,Imported Rice,198.6,198.6,Pettah
2023-01-31,Imported Rice,197.2,197.2,Pettah
2023-02-01,Imported Rice,197.2,197.2,Pettah
2023-02-02,Imported Rice,194.6,194.6,Pettah
2023-02-03,Imported Rice,194.2,194.2,Pettah
2023-02-06,Imported Rice,194.0,194.0,Pettah
2023-02-07,Imported Rice,191.6,191.6,Pettah
2023-02-08,Imported Rice,189.6,189.6,Pettah
2023-02-09,Imported Rice,189.2,189.2,Pettah
2023-02-10,Imported Rice,189.2,189.2,Pettah
2023-02-13,Imported Rice,188.6,188.6,Pettah
2023-02-14,Imported Rice,190.6,190.6,Pettah
2023-02-15,Imported Rice,191.6,191.6,Pettah
2023-02-16,Imported Rice,189.2,189.2,Pettah
2023-02-17,Imported Rice,188.6,188.6,Pettah
2023-02-20,Imported Rice,189.6,189.6,Pettah
2023-02-21,Imported Rice,193.0,193.0,Pettah
2023-02-22,Imported Rice,191.6,191.6,Pettah
2023-02-23,Imported Rice,192.4,192.4,Pettah
2023-02-24,Imported Rice,201.0,201.0,Pettah
2023-02-27,Imported Rice,202.4,202.4,Pettah
2023-02-28,Imported Rice,203.0,203.0,Pettah
2023-03-01,Imported Rice,203.0,203.0,Pettah
2023-03-02,Imported Rice,207.0,207.0,Pettah
2023-03-03,Imported Rice,209.0,209.0,Pettah
2023-03-07,Imported Rice,206.2,206.2,Pettah
2023-03-08,Imported Rice,206.6,206.6,Pettah
2023-03-09,Imported Rice,210.6,210.6,Pettah
2023-03-10,Imported Rice,210.75,210.75,Pettah
2023-03-13,Imported Rice,206.6,206.6,Pettah
2023-03-14,Imported Rice,206.6,206.6,Pettah
2023-03-15,Imported Rice,206.0,206.0,Pettah
2023-03-16,Imported Rice,205.0,205.0,Pettah
2023-03-17,Imported Rice,209.0,209.0,Pettah
2023-03-20,Imported Rice,207.25,207.25,Pettah
2023-03-21,Imported Rice,205.6,205.6,Pettah
2023-03-22,Imported Rice,205.4,205.4,Pettah
2023-03-23,Imported Rice,204.8,204.8,Pettah
2023-03-24,Imported Rice,206.6,206.6,Pettah
2023-03-27,Imported Rice,204.8,204.8,Pettah
2023-03-28,Imported Rice,205.0,205.0,Pettah
2023-03-29,Imported Rice,205.2,205.2,Pettah
2023-03-30,Imported Rice,205.6,205.6,Pettah
2023-03-31,Imported Rice,205.0,205.0,Pettah
2023-04-03,Imported Rice,205.0,205.0,Pettah
2023-04-04,Imported Rice,205.6,205.6,Pettah
2023-04-06,Imported Rice,203.6,203.6,Pettah
2023-04-10,Imported Rice,212.5,212.5,Pettah
2023-04-11,Imported Rice,202.6,202.6,Pettah
2023-04-17,Imported Rice,199.33,199.33,Pettah
2023-04-18,Imported Rice,203.33,203.33,Pettah
2023-04-19,Imported Rice,203.6,203.6,Pettah
2023-04-20,Imported Rice,202.6,202.6,Pettah
2023-04-21,Imported Rice,202.0,202.0,Pettah
2023-04-24,Imported Rice,204.33,204.33,Pettah
2023-04-25,Imported Rice,179.2,179.2,Pettah
2023-04-26,Imported Rice,203.75,203.75,Pettah
2023-04-27,Imported Rice,203.25,203.25,Pettah
2023-04-28,Imported Rice,205.6,205.6,Pettah
2023-05-02,Imported Rice,209.5,209.5,Pettah
2023-05-03,Imported Rice,210.0,210.0,Pettah
2023-05-04,Imported Rice,208.75,208.75,Pettah
2023-05-08,Imported Rice,207.5,207.5,Pettah
2023-05-09,Imported Rice,208.0,208.0,Pettah
2023-05-10,Imported Rice,208.6,208.6,Pettah
2023-05-11,Imported Rice,208.33,208.33,Pettah
2023-05-12,Imported Rice,208.4,208.4,Pettah
2023-05-15,Imported Rice,210.0,210.0,Pettah
2023-05-16,Imported Rice,206.75,206.75,Pettah
2023-05-17,Imported Rice,208.25,208.25,Pettah
2023-05-18,Imported Rice,208.33,208.33,Pettah
2023-05-19,Imported Rice,209.0,209.0,Pettah
2023-05-22,Imported Rice,176.67,176.67,Pettah
2023-05-23,Imported Rice,211.25,211.25,Pettah
2023-05-24,Imported Rice,210.0,210.0,Pettah
2023-05-25,Imported Rice,208.75,208.75,Pettah
2023-05-26,Imported Rice,207.5,207.5,Pettah
2023-05-29,Imported Rice,210.0,210.0,Pettah
2023-05-30,Imported Rice,210.0,210.0,Pettah
2023-05-31,Imported Rice,210.0,210.0,Pettah
2023-06-01,Imported Rice,211.0,211.0,Pettah
2023-06-02,Imported Rice,210.0,210.0,Pettah
2023-06-05,Imported Rice,210.0,210.0,Pettah
2023-06-06,Imported Rice,207.5,207.5,Pettah
2023-06-07,Imported Rice,213.0,213.0,Pettah
2023-06-08,Imported Rice,206.25,206.25,Pettah
2023-06-09,Imported Rice,206.25,206.25,Pettah
2023-06-12,Imported Rice,207.5,207.5,Pettah
2023-06-13,Imported Rice,209.0,209.0,Pettah
2023-06-14,Imported Rice,208.0,208.0,Pettah
2023-06-15,Imported Rice,213.0,213.0,Pettah
2023-06-16,Imported Rice,207.4,207.4,Pettah
2023-06-19,Imported Rice,211.67,211.67,Pettah
2023-06-20,Imported Rice,210.67,210.67,Pettah
2023-06-21,Imported Rice,216.0,216.0,Pettah
2023-06-22,Imported Rice,208.75,208.75,Pettah
2023-06-23,Imported Rice,208.75,208.75,Pettah
2023-06-26,Imported Rice,208.0,208.0,Pettah
2023-06-27,Imported Rice,208.0,208.0,Pettah
2023-06-28,Imported Rice,206.25,206.25,Pettah
2023-06-30,Imported Rice,207.5,207.5,Pettah
2023-07-04,Imported Rice,208.0,208.0,Pettah
2023-07-05,Imported Rice,206.67,206.67,Pettah
2023-07-06,Imported Rice,211.67,211.67,Pettah
2023-07-07,Imported Rice,210.0,210.0,Pettah
2023-07-10,Imported Rice,223.33,223.33,Pettah
2023-07-11,Imported Rice,223.33,223.33,Pettah
2023-07-12,Imported Rice,220.0,220.0,Pettah
2023-07-13,Imported Rice,210.0,210.0,Pettah
2023-07-14,Imported Rice,204.0,204.0,Pettah
2023-07-17,Imported Rice,212.0,212.0,Pettah
2023-07-18,Imported Rice,218.4,218.4,Pettah
2023-07-19,Imported Rice,212.0,212.0,Pettah
2023-07-20,Imported Rice,211.2,211.2,Pettah
2023-07-21,Imported Rice,212.0,212.0,Pettah
2023-07-24,Imported Rice,215.0,215.0,Pettah
2023-07-25,Imported Rice,216.0,216.0,Pettah
2023-07-26,Imported Rice,212.5,212.5,Pettah
2023-07-27,Imported Rice,211.67,211.67,Pettah
2023-07-28,Imported Rice,218.33,218.33,Pettah
2023-07-31,Imported Rice,220.0,220.0,Pettah
2023-08-02,Imported Rice,220.0,220.0,Pettah
2023-08-03,Imported Rice,1070.0,21.4,Pettah
2023-08-04,Imported Rice,225.0,225.0,Pettah
2023-08-07,Imported Rice,220.0,220.0,Pettah
2023-08-08,Imported Rice,1070.0,21.4,Pettah
2023-08-09,Imported Rice,1040.0,20.8,Pettah
2023-08-10,Imported Rice,1020.0,20.4,Pettah
2023-08-11,Imported Rice,1020.0,20.4,Pettah
2023-08-14,Imported Rice,1070.0,21.4,Pettah
2023-08-15,Imported Rice,1030.0,20.6,Pettah
2023-08-16,Imported Rice,1026.0,20.52,Pettah
2023-08-17,Imported Rice,1030.0,20.6,Pettah
2023-08-18,Imported Rice,1030.0,20.6,Pettah
2023-08-21,Imported Rice,1030.0,20.6,Pettah
2023-08-22,Imported Rice,1030.0,20.6,Pettah
2023-08-23,Imported Rice,1030.0,20.6,Pettah
2023-08-24,Imported Rice,1030.0,20.6,Pettah
2023-08-25,Imported Rice,1030.0,20.6,Pettah
2023-08-28,Imported Rice,1030.0,20.6,Pettah
2023-08-29,Imported Rice,1030.0,20.6,Pettah
2023-08-31,Imported Rice,1030.0,20.6,Pettah
2023-09-01,Imported Rice,1030.0,20.6,Pettah
2023-09-04,Imported Rice,980.0,19.6,Pettah
2023-09-05,Imported Rice,980.0,980.0,Pettah
2023-09-06,Imported Rice,980.0,980.0,Pettah
2023-09-07,Imported Rice,980.0,19.6,Pettah
2023-09-08,Imported Rice,1020.0,20.4,Pettah
2023-09-11,Imported Rice,1020.0,20.4,Pettah
2023-09-12,Imported Rice,1020.0,20.4,Pettah
2023-09-13,Imported Rice,1020.0,20.4,Pettah
2023-09-14,Imported Rice,1020.0,20.4,Pettah
2023-09-15,Imported Rice,1020.0,20.4,Pettah
2023-09-18,Imported Rice,1020.0,20.4,Pettah
2023-09-19,Imported Rice,1020.0,20.4,Pettah
2023-09-20,Imported Rice,1020.0,20.4,Pettah
2023-09-21,Imported Rice,1020.0,20.4,Pettah
2023-09-22,Imported Rice,1020.0,20.4,Pettah
2023-09-25,Imported Rice,1020.0,20.4,Pettah
2023-09-26,Imported Rice,1020.0,20.4,Pettah
2023-10-02,Imported Rice,1020.0,20.4,Pettah
2023-10-03,Imported Rice,1020.0,20.4,Pettah
2023-10-04,Imported Rice,1020.0,20.4,Pettah
2023-10-05,Imported Rice,1020.0,20.4,Pettah
2023-10-06,Imported Rice,1020.0,20.4,Pettah
2023-10-09,Imported Rice,1040.0,20.8,Pettah
2023-10-10,Imported Rice,1040.0,20.8,Pettah
2023-10-11,Imported Rice,1020.0,20.4,Pettah
2023-10-12,Imported Rice,1040.0,20.8,Pettah
2023-10-13,Imported Rice,1040.0,20.8,Pettah
2023-10-16,Imported Rice,1020.0,20.4,Pettah
2023-10-17,Imported Rice,1020.0,20.4,Pettah
2023-10-18,Imported Rice,1020.0,20.4,Pettah
2023-10-19,Imported Rice,1020.0,20.4,Pettah
2023-10-20,Imported Rice,1020.0,20.4,Pettah
2023-10-23,Imported Rice,1020.0,20.4,Pettah
2023-10-24,Imported Rice,1020.0,20.4,Pettah
2023-10-25,Imported Rice,1020.0,20.4,Pettah
2023-10-26,Imported Rice,1020.0,20.4,Pettah
2023-10-27,Imported Rice,1040.0,20.8,Pettah
2023-10-30,Imported Rice,1020.0,20.4,Pettah
2023-10-31,Imported Rice,1020.0,20.4,Pettah
2023-11-01,Imported Rice,1020.0,20.4,Pettah
2023-11-02,Imported Rice,1020.0,20.4,Pettah
2023-11-03,Imported Rice,1020.0,20.4,Pettah
2023-11-06,Imported Rice,1020.0,20.4,Pettah
2023-11-07,Imported Rice,1020.0,20.4,Pettah
2023-11-08,Imported Rice,1020.0,20.4,Pettah
2023-11-09,Imported Rice,1020.0,20.4,Pettah
2023-11-10,Imported Rice,1020.0,20.4,Pettah
2023-11-13,Imported Rice,1020.0,20.4,Pettah
2023-11-14,Imported Rice,1020.0,20.4,Pettah
2023-11-15,Imported Rice,1020.0,20.4,Pettah
2023-11-16,Imported Rice,1020.0,20.4,Pettah
2023-11-17,Imported Rice,1020.0,20.4,Pettah
2023-11-20,Imported Rice,1020.0,20.4,Pettah
2023-11-21,Imported Rice,1040.0,20.8,Pettah
2023-11-22,Imported Rice,1040.0,20.8,Pettah
2023-11-23,Imported Rice,1040.0,20.8,Pettah
2023-11-24,Imported Rice,1056.0,21.12,Pettah
2023-11-27,Imported Rice,1030.0,20.6,Pettah
2023-11-28,Imported Rice,1030.0,20.6,Pettah
2023-12-01,Imported Rice,1030.0,20.6,Pettah
2023-12-04,Imported Rice,1030.0,20.6,Pettah
2023-12-05,Imported Rice,1030.0,20.6,Pettah
2023-12-06,Imported Rice,1030.0,20.6,Pettah
2023-12-07,Imported Rice,1030.0,20.6,Pettah
2023-12-08,Imported Rice,1022.0,20.44,Pettah
2023-12-11,Imported Rice,1030.0,20.6,Pettah
2023-12-12,Imported Rice,1030.0,20.6,Pettah
2023-12-13,Imported Rice,1060.0,21.2,Pettah
2023-12-14,Imported Rice,1060.0,21.2,Pettah
2023-12-15,Imported Rice,1060.0,21.2,Pettah
2023-12-18,Imported Rice,1060.0,21.2,Pettah
2023-12-19,Imported Rice,1060.0,21.2,Pettah
2023-12-20,Imported Rice,1060.0,21.2,Pettah
2023-12-21,Imported Rice,1060.0,21.2,Pettah
2023-12-22,Imported Rice,1060.0,21.2,Pettah
2023-12-27,Imported Rice,1060.0,21.2,Pettah
2023-12-28,Imported Rice,1060.0,21.2,Pettah
2023-12-29,Imported Rice,1040.0,20.8,Pettah
2024-01-01,Imported Rice,1040.0,20.8,Pettah
2024-01-02,Imported Rice,1030.0,20.6,Pettah
2024-01-03,Imported Rice,1030.0,20.6,Pettah
2024-01-04,Imported Rice,1030.0,20.6,Pettah
2024-01-05,Imported Rice,1030.0,20.6,Pettah
2024-01-08,Imported Rice,1030.0,20.6,Pettah
2024-01-09,Imported Rice,1030.0,20.6,Pettah
2024-01-10,Imported Rice,1030.0,20.6,Pettah
2024-01-11,Imported Rice,1000.0,20.0,Pettah
2024-01-12,Imported Rice,1022.0,20.44,Pettah
2024-01-16,Imported Rice,980.0,19.6,Pettah
2024-01-17,Imported Rice,980.0,980.0,Pettah
2024-01-18,Imported Rice,960.0,960.0,Pettah
2024-01-19,Imported Rice,960.0,960.0,Pettah
2024-01-22,Imported Rice,930.0,930.0,Pettah
2024-01-23,Imported Rice,940.0,940.0,Pettah
2024-01-24,Imported Rice,920.0,920.0,Pettah
2024-01-26,Imported Rice,920.0,920.0,Pettah
2024-01-29,Imported Rice,948.0,948.0,Pettah
2024-01-30,Imported Rice,948.0,948.0,Pettah
2024-01-31,Imported Rice,278.33,278.33,Pettah
2024-02-01,Imported Rice,273.75,273.75,Pettah
2024-02-02,Imported Rice,275.0,275.0,Pettah
2024-02-05,Imported Rice,275.0,275.0,Pettah
2024-02-06,Imported Rice,271.67,271.67,Pettah
2024-02-07,Imported Rice,267.5,267.5,Pettah
2024-02-08,Imported Rice,262.5,262.5,Pettah
2024-02-09,Imported Rice,263.75,263.75,Pettah
2024-02-12,Imported Rice,262.5,262.5,Pettah
2024-02-13,Imported Rice,262.5,262.5,Pettah
2024-02-14,Imported Rice,260.0,260.0,Pettah
2024-02-15,Imported Rice,260.0,260.0,Pettah
2024-02-16,Imported Rice,255.0,255.0,Pettah
2024-02-19,Imported Rice,255.0,255.0,Pettah
2024-02-20,Imported Rice,255.0,255.0,Pettah
2024-02-21,Imported Rice,255.0,255.0,Pettah
2024-02-22,Imported Rice,255.0,255.0,Pettah
2024-02-26,Imported Rice,253.33,253.33,Pettah
2024-02-27,Imported Rice,253.33,253.33,Pettah
2024-02-28,Imported Rice,253.33,253.33,Pettah
2024-02-29,Imported Rice,253.33,253.33,Pettah
2024-03-01,Imported Rice,253.33,253.33,Pettah
2024-03-04,Imported Rice,253.33,253.33,Pettah
2024-03-05,Imported Rice,253.33,253.33,Pettah
2024-03-06,Imported Rice,253.33,253.33,Pettah
2024-03-07,Imported Rice,253.33,253.33,Pettah
2024-03-11,Imported Rice,253.33,253.33,Pettah
2024-03-12,Imported Rice,252.5,252.5,Pettah
2024-03-13,Imported Rice,253.33,253.33,Pettah
2024-03-14,Imported Rice,252.5,252.5,Pettah
2024-03-15,Imported Rice,253.33,253.33,Pettah
2024-03-18,Imported Rice,253.33,253.33,Pettah
2024-03-19,Imported Rice,250.75,250.75,Pettah
2024-03-20,Imported Rice,250.75,250.75,Pettah
2024-03-21,Imported Rice,250.75,250.75,Pettah
2024-03-22,Imported Rice,250.75,250.75,Pettah
2024-03-25,Imported Rice,252.0,252.0,Pettah
2024-03-26,Imported Rice,250.0,250.0,Pettah
2024-03-27,Imported Rice,250.0,250.0,Pettah
2024-03-28,Imported Rice,251.25,251.25,Pettah
2024-04-01,Imported Rice,250.0,250.0,Pettah
2024-04-02,Imported Rice,250.0,250.0,Pettah
2024-04-03,Imported Rice,247.5,247.5,Pettah
2024-04-04,Imported Rice,246.25,246.25,Pettah
2024-04-05,Imported Rice,250.75,250.75,Pettah
2024-04-08,Imported Rice,247.5,247.5,Pettah
2024-04-09,Imported Rice,247.5,247.5,Pettah
2024-04-10,Imported Rice,246.0,246.0,Pettah
2024-04-16,Imported Rice,246.25,246.25,Pettah
2024-04-17,Imported Rice,246.67,246.67,Pettah
2024-04-18,Imported Rice,245.0,245.0,Pettah
2024-04-19,Imported Rice,243.75,243.75,Pettah
2024-04-22,Imported Rice,243.33,243.33,Pettah
2024-04-24,Imported Rice,242.5,242.5,Pettah
2024-04-25,Imported Rice,247.0,247.0,Pettah
2024-04-26,Imported Rice,245.0,245.0,Pettah
2024-04-29,Imported Rice,243.33,243.33,Pettah
2024-04-30,Imported Rice,248.75,248.75,Pettah
2024-05-02,Imported Rice,252.5,252.5,Pettah
2024-05-03,Imported Rice,256.25,256.25,Pettah
2024-05-06,Imported Rice,257.5,257.5,Pettah
2024-05-07,Imported Rice,267.5,267.5,Pettah
2024-05-08,Imported Rice,267.5,267.5,Pettah
2024-05-09,Imported Rice,267.5,267.5,Pettah
2024-05-10,Imported Rice,265.0,265.0,Pettah
2024-05-13,Imported Rice,264.0,264.0,Pettah
2024-05-14,Imported Rice,264.0,264.0,Pettah
2024-05-15,Imported Rice,265.0,265.0,Pettah
2024-05-16,Imported Rice,265.0,265.0,Pettah
2024-05-17,Imported Rice,266.25,266.25,Pettah
2024-05-20,Imported Rice,266.25,266.25,Pettah
2024-05-21,Imported Rice,266.25,266.25,Pettah
2024-05-22,Imported Rice,266.25,266.25,Pettah
2024-05-27,Imported Rice,266.25,266.25,Pettah
2024-05-28,Imported Rice,263.75,263.75,Pettah
2024-05-29,Imported Rice,268.0,268.0,Pettah
2024-05-30,Imported Rice,268.75,268.75,Pettah
2024-05-31,Imported Rice,267.0,267.0,Pettah
2024-06-03,Imported Rice,266.67,266.67,Pettah
2024-06-04,Imported Rice,267.5,267.5,Pettah
2024-06-05,Imported Rice,264.5,264.5,Pettah
2024-06-06,Imported Rice,267.0,267.0,Pettah
2024-06-07,Imported Rice,266.25,266.25,Pettah
2024-06-10,Imported Rice,267.5,267.5,Pettah
2024-06-11,Imported Rice,266.25,266.25,Pettah
2024-06-12,Imported Rice,268.33,268.33,Pettah
2024-06-13,Imported Rice,268.33,268.33,Pettah
2024-06-14,Imported Rice,272.5,272.5,Pettah
2024-06-18,Imported Rice,270.0,270.0,Pettah
2024-06-19,Imported Rice,275.0,275.0,Pettah
2024-06-20,Imported Rice,280.0,280.0,Pettah
2024-06-24,Imported Rice,281.67,281.67,Pettah
2024-06-25,Imported Rice,282.5,282.5,Pettah
2024-06-26,Imported Rice,282.5,282.5,Pettah
2024-06-27,Imported Rice,285.0,285.0,Pettah
2024-06-28,Imported Rice,286.25,286.25,Pettah
2024-07-01,Imported Rice,285.0,285.0,Pettah
2024-07-02,Imported Rice,285.0,285.0,Pettah
2024-07-03,Imported Rice,282.0,282.0,Pettah
2024-07-04,Imported Rice,282.5,282.5,Pettah
2024-07-05,Imported Rice,281.25,281.25,Pettah
2024-07-08,Imported Rice,282.5,282.5,Pettah
2024-07-09,Imported Rice,285.0,285.0,Pettah
2024-07-10,Imported Rice,285.0,285.0,Pettah
2024-07-11,Imported Rice,283.75,283.75,Pettah
2024-07-12,Imported Rice,283.75,283.75,Pettah
2024-07-15,Imported Rice,281.67,281.67,Pettah
2024-07-16,Imported Rice,283.33,283.33,Pettah
2024-07-17,Imported Rice,281.67,281.67,Pettah
2024-07-18,Imported Rice,283.75,283.75,Pettah
2024-07-19,Imported Rice,284.0,284.0,Pettah
2024-07-22,Imported Rice,282.5,282.5,Pettah
2024-07-23,Imported Rice,282.5,282.5,Pettah
2024-07-24,Imported Rice,281.67,281.67,Pettah
2024-07-25,Imported Rice,281.67,281.67,Pettah
2024-07-26,Imported Rice,281.67,281.67,Pettah
2024-07-29,Imported Rice,278.33,278.33,Pettah
2024-07-30,Imported Rice,280.0,280.0,Pettah
2024-07-31,Imported Rice,281.25,281.25,Pettah
2024-08-01,Imported Rice,280.0,280.0,Pettah
2024-08-02,Imported Rice,280.0,280.0,Pettah
2024-08-05,Imported Rice,278.33,278.33,Pettah
2024-08-06,Imported Rice,276.67,276.67,Pettah
2024-08-07,Imported Rice,278.33,278.33,Pettah
2024-08-08,Imported Rice,276.67,276.67,Pettah
2024-08-09,Imported Rice,278.33,278.33,Pettah
2024-08-12,Imported Rice,278.33,278.33,Pettah
2024-08-13,Imported Rice,273.33,273.33,Pettah
2024-08-14,Imported Rice,275.0,275.0,Pettah
2024-08-15,Imported Rice,275.0,275.0,Pettah
2024-08-16,Imported Rice,277.5,277.5,Pettah
2024-08-20,Imported Rice,276.67,276.67,Pettah
2024-08-21,Imported Rice,276.67,276.67,Pettah
2024-08-22,Imported Rice,276.67,276.67,Pettah
2024-08-23,Imported Rice,276.67,276.67,Pettah
2024-08-26,Imported Rice,276.67,276.67,Pettah
2024-08-27,Imported Rice,276.67,276.67,Pettah
2024-08-28,Imported Rice,276.67,276.67,Pettah
2024-08-29,Imported Rice,276.67,276.67,Pettah
2024-08-30,Imported Rice,276.67,276.67,Pettah
2024-09-02,Imported Rice,278.33,278.33,Pettah
2024-09-03,Imported Rice,278.33,278.33,Pettah
2024-09-04,Imported Rice,278.33,278.33,Pettah
2024-09-05,Imported Rice,277.5,277.5,Pettah
2024-09-06,Imported Rice,277.5,277.5,Pettah
2024-09-09,Imported Rice,272.5,272.5,Pettah
2024-09-10,Imported Rice,272.5,272.5,Pettah
2024-09-11,Imported Rice,275.0,275.0,Pettah
2024-09-12,Imported Rice,272.5,272.5,Pettah
2024-09-13,Imported Rice,275.0,275.0,Pettah
2024-09-18,Imported Rice,277.5,277.5,Pettah
2024-09-19,Imported Rice,277.5,277.5,Pettah
2024-09-20,Imported Rice,275.0,275.0,Pettah
2024-09-24,Imported Rice,277.5,277.5,Pettah
2024-09-25,Imported Rice,277.5,277.5,Pettah
2024-09-26,Imported Rice,277.5,277.5,Pettah
2024-09-27,Imported Rice,277.5,277.5,Pettah
2024-09-30,Imported Rice,277.5,277.5,Pettah
2024-10-01,Imported Rice,277.5,277.5,Pettah
2024-10-02,Imported Rice,277.5,277.5,Pettah
2024-10-03,Imported Rice,277.5,277.5,Pettah
2024-10-04,Imported Rice,277.5,277.5,Pettah
2024-10-07,Imported Rice,277.5,277.5,Pettah
2024-10-08,Imported Rice,277.5,277.5,Pettah
2024-10-09,Imported Rice,277.5,277.5,Pettah
2024-10-10,Imported Rice,277.5,277.5,Pettah
2024-10-11,Imported Rice,277.5,277.5,Pettah
2024-10-14,Imported Rice,277.5,277.5,Pettah
2024-10-15,Imported Rice,277.5,277.5,Pettah
2024-10-16,Imported Rice,277.5,277.5,Pettah
2024-10-18,Imported Rice,277.5,277.5,Pettah
2024-10-21,Imported Rice,277.5,277.5,Pettah
2024-10-22,Imported Rice,277.5,277.5,Pettah
2024-10-23,Imported Rice,277.5,277.5,Pettah
2024-10-24,Imported Rice,271.67,271.67,Pettah
2024-10-25,Imported Rice,271.67,271.67,Pettah
2024-10-28,Imported Rice,278.33,278.33,Pettah
2024-10-29,Imported Rice,277.5,277.5,Pettah
2024-11-01,Imported Rice,277.5,277.5,Pettah
2024-11-04,Imported Rice,277.5,277.5,Pettah
2024-11-05,Imported Rice,273.75,273.75,Pettah
2024-11-06,Imported Rice,277.5,277.5,Pettah
2024-11-07,Imported Rice,277.5,277.5,Pettah
2024-11-08,Imported Rice,277.5,277.5,Pettah
2024-11-11,Imported Rice,276.67,276.67,Pettah
2024-11-12,Imported Rice,276.67,276.67,Pettah
2024-11-13,Imported Rice,276.67,276.67,Pettah
2024-11-14,Imported Rice,276.67,276.67,Pettah
2024-11-18,Imported Rice,276.67,276.67,Pettah
2024-11-19,Imported Rice,276.67,276.67,Pettah
2024-11-20,Imported Rice,276.67,276.67,Pettah
2024-11-21,Imported Rice,277.5,277.5,Pettah
2024-11-22,Imported Rice,277.5,277.5,Pettah
2024-11-25,Imported Rice,277.5,277.5,Pettah
2024-11-26,Imported Rice,277.5,277.5,Pettah
2024-11-27,Imported Rice,277.5,277.5,Pettah
2024-11-28,Imported Rice,277.5,277.5,Pettah
2024-11-29,Imported Rice,277.5,277.5,Pettah
2024-12-02,Imported Rice,277.5,277.5,Pettah
2024-12-03,Imported Rice,670.0,670.0,Pettah
2024-12-04,Imported Rice,680.0,680.0,Pettah
2024-12-05,Imported Rice,680.0,680.0,Pettah
2024-12-06,Imported Rice,680.0,680.0,Pettah
2024-12-09,Imported Rice,690.0,690.0,Pettah
2024-12-10,Imported Rice,680.0,680.0,Pettah
2024-12-11,Imported Rice,680.0,680.0,Pettah
2024-12-12,Imported Rice,680.0,680.0,Pettah
2024-12-13,Imported Rice,217.5,217.5,Pettah
2024-12-16,Imported Rice,217.5,217.5,Pettah
2024-12-17,Imported Rice,227.5,227.5,Pettah
2024-12-18,Imported Rice,227.5,227.5,Pettah
2024-12-19,Imported Rice,217.5,217.5,Pettah
2024-12-20,Imported Rice,227.5,227.5,Pettah
2024-12-23,Imported Rice,216.0,216.0,Pettah
2024-12-24,Imported Rice,217.0,217.0,Pettah
2024-12-26,Imported Rice,217.6,217.6,Pettah
2024-12-27,Imported Rice,217.6,217.6,Pettah
2024-12-30,Imported Rice,217.6,217.6,Pettah
2024-12-31,Imported Rice,217.6,217.6,Pettah
2025-01-01,Imported Rice,217.6,217.6,Pettah
2025-01-02,Imported Rice,217.6,217.6,Pettah
2025-01-03,Imported Rice,217.6,217.6,Pettah
2025-01-06,Imported Rice,217.6,217.6,Pettah
2025-01-07,Imported Rice,217.6,217.6,Pettah
2025-01-08,Imported Rice,217.6,217.6,Pettah
2025-01-09,Imported Rice,217.6,217.6,Pettah
2025-01-10,Imported Rice,217.6,217.6,Pettah
2025-01-15,Imported Rice,217.6,217.6,Pettah
2025-01-16,Imported Rice,217.6,217.6,Pettah
2025-01-17,Imported Rice,216.6,216.6,Pettah
2025-01-20,Imported Rice,211.75,211.75,Pettah
2025-01-21,Imported Rice,208.0,208.0,Pettah
2025-01-22,Imported Rice,232.0,232.0,Pettah
2025-01-23,Imported Rice,246.0,246.0,Pettah
2025-01-24,Imported Rice,492.0,492.0,Pettah
2025-01-27,Imported Rice,440.0,440.0,Pettah
2025-01-28,Imported Rice,640.0,640.0,Pettah
2025-01-29,Imported Rice,640.0,640.0,Pettah
2025-01-30,Imported Rice,211.75,211.75,Pettah
2025-01-31,Imported Rice,211.75,211.75,Pettah
2025-02-03,Imported Rice,210.5,210.5,Pettah
2025-02-05,Imported Rice,207.5,207.5,Pettah
2025-02-06,Imported Rice,207.5,207.5,Pettah
2025-02-07,Imported Rice,207.5,207.5,Pettah
2025-02-10,Imported Rice,227.5,227.5,Pettah
2025-02-11,Imported Rice,227.5,227.5,Pettah
2025-02-13,Imported Rice,227.5,227.5,Pettah
2025-02-14,Imported Rice,227.5,227.5,Pettah
2025-02-17,Imported Rice,227.5,227.5,Pettah
2025-02-18,Imported Rice,227.5,227.5,Pettah
2025-02-19,Imported Rice,227.5,227.5,Pettah
2025-02-20,Imported Rice,227.5,227.5,Pettah
2025-02-21,Imported Rice,227.5,227.5,Pettah
2025-02-24,Imported Rice,227.5,227.5,Pettah
2025-02-25,Imported Rice,227.5,227.5,Pettah
2025-02-27,Imported Rice,227.5,227.5,Pettah
2025-02-28,Imported Rice,227.5,227.5,Pettah
2025-03-03,Imported Rice,227.5,227.5,Pettah
2025-03-04,Imported Rice,227.5,227.5,Pettah
2025-03-05,Imported Rice,227.5,227.5,Pettah
2025-03-06,Imported Rice,227.5,227.5,Pettah
2025-03-07,Imported Rice,227.5,227.5,Pettah
2025-03-10,Imported Rice,227.5,227.5,Pettah
2025-03-11,Imported Rice,227.5,227.5,Pettah
2025-03-12,Imported Rice,227.5,227.5,Pettah
2025-03-14,Imported Rice,230.75,230.75,Pettah
2025-03-17,Imported Rice,230.0,230.0,Pettah
2025-03-18,Imported Rice,228.75,228.75,Pettah
2025-03-19,Imported Rice,228.75,228.75,Pettah
2025-03-20,Imported Rice,231.25,231.25,Pettah
2025-03-21,Imported Rice,230.0,230.0,Pettah
2025-03-24,Imported Rice,230.0,230.0,Pettah
2025-03-25,Imported Rice,232.5,232.5,Pettah
2025-03-26,Imported Rice,232.5,232.5,Pettah
2025-03-27,Imported Rice,232.5,232.5,Pettah
2025-03-28,Imported Rice,232.5,232.5,Pettah
2025-04-01,Imported Rice,232.5,232.5,Pettah
2025-04-02,Imported Rice,232.5,232.5,Pettah
2025-04-03,Imported Rice,232.5,232.5,Pettah
2025-04-04,Imported Rice,232.5,232.5,Pettah
2025-04-07,Imported Rice,232.5,232.5,Pettah
2025-04-08,Imported Rice,232.5,232.5,Pettah
2025-04-09,Imported Rice,232.5,232.5,Pettah
2025-04-10,Imported Rice,232.5,232.5,Pettah
2025-04-11,Imported Rice,232.5,232.5,Pettah
2025-04-16,Imported Rice,232.5,232.5,Pettah
2025-04-17,Imported Rice,230.0,230.0,Pettah
2025-04-21,Imported Rice,227.5,227.5,Pettah
2025-04-22,Imported Rice,228.75,228.75,Pettah
2025-04-23,Imported Rice,230.0,230.0,Pettah
2025-04-24,Imported Rice,230.0,230.0,Pettah
2025-04-25,Imported Rice,230.0,230.0,Pettah
2025-04-28,Imported Rice,230.6,230.6,Pettah
2025-04-29,Imported Rice,230.0,230.0,Pettah
2025-05-02,Imported Rice,230.0,230.0,Pettah
2025-05-05,Imported Rice,229.0,229.0,Pettah
2025-05-06,Imported Rice,230.0,230.0,Pettah
2025-05-07,Imported Rice,228.75,228.75,Pettah
2025-05-08,Imported Rice,231.25,231.25,Pettah
2025-05-09,Imported Rice,230.0,230.0,Pettah
2025-05-14,Imported Rice,231.25,231.25,Pettah
2025-05-15,Imported Rice,232.5,232.5,Pettah
2025-05-16,Imported Rice,232.5,232.5,Pettah
2025-05-19,Imported Rice,232.5,232.5,Pettah
2025-05-20,Imported Rice,232.5,232.5,Pettah
2025-05-21,Imported Rice,232.5,232.5,Pettah
2025-05-22,Imported Rice,232.5,232.5,Pettah
2025-05-23,Imported Rice,232.5,232.5,Pettah
2025-05-26,Imported Rice,233.75,233.75,Pettah
2025-05-27,Imported Rice,232.5,232.5,Pettah
2025-05-28,Imported Rice,232.5,232.5,Pettah
2025-05-29,Imported Rice,232.5,232.5,Pettah
2025-05-30,Imported Rice,232.5,232.5,Pettah
2025-06-02,Imported Rice,232.5,232.5,Pettah
2025-06-03,Imported Rice,236.25,236.25,Pettah
2025-06-04,Imported Rice,236.25,236.25,Pettah
2025-06-05,Imported Rice,236.25,236.25,Pettah
2025-06-06,Imported Rice,237.5,237.5,Pettah
2025-06-09,Imported Rice,237.5,237.5,Pettah
2025-06-11,Imported Rice,237.5,237.5,Pettah
2025-06-12,Imported Rice,237.5,237.5,Pettah
2025-06-13,Imported Rice,237.5,237.5,Pettah
2025-06-16,Imported Rice,237.5,237.5,Pettah
2025-06-17,Imported Rice,232.5,232.5,Pettah
2025-06-18,Imported Rice,233.75,233.75,Pettah
2025-06-19,Imported Rice,233.75,233.75,Pettah
2025-06-20,Imported Rice,233.75,233.75,Pettah
2025-06-23,Imported Rice,233.75,233.75,Pettah
2025-06-24,Imported Rice,233.75,233.75,Pettah
2025-06-25,Imported Rice,232.5,232.5,Pettah
2025-06-26,Imported Rice,233.75,233.75,Pettah
2025-06-27,Imported Rice,233.75,233.75,Pettah
2025-06-30,Imported Rice,233.75,233.75,Pettah
2025-07-01,Imported Rice,233.75,233.75,Pettah
2025-07-07,Imported Rice,237.5,237.5,Pettah
2025-07-08,Imported Rice,237.5,237.5,Pettah
2025-07-09,Imported Rice,242.5,242.5,Pettah
2025-07-11,Imported Rice,242.5,242.5,Pettah
2025-07-14,Imported Rice,247.5,247.5,Pettah
2025-07-15,Imported Rice,247.5,247.5,Pettah
2025-07-16,Imported Rice,247.5,247.5,Pettah
2025-07-17,Imported Rice,247.5,247.5,Pettah
2025-07-18,Imported Rice,207.5,207.5,Pettah
2025-07-21,Imported Rice,207.5,207.5,Pettah
2025-07-22,Imported Rice,207.5,207.5,Pettah
2025-07-23,Imported Rice,207.5,207.5,Pettah
2025-07-24,Imported Rice,207.5,207.5,Pettah
2025-07-25,Imported Rice,207.5,207.5,Pettah
2025-07-28,Imported Rice,207.5,207.5,Pettah
2025-07-29,Imported Rice,207.5,207.5,Pettah
2025-07-30,Imported Rice,207.5,207.5,Pettah
2025-07-31,Imported Rice,207.5,207.5,Pettah
2025-08-01,Imported Rice,207.5,207.5,Pettah
2025-08-04,Imported Rice,207.5,207.5,Pettah
2025-08-05,Imported Rice,207.5,207.5,Pettah
2025-08-06,Imported Rice,207.5,207.5,Pettah
2025-08-07,Imported Rice,207.5,207.5,Pettah
2025-08-11,Imported Rice,207.5,207.5,Pettah
2025-08-12,Imported Rice,207.5,207.5,Pettah
2025-08-13,Imported Rice,207.5,207.5,Pettah
2025-08-14,Imported Rice,207.5,207.5,Pettah
2025-08-15,Imported Rice,202.5,202.5,Pettah
2025-08-18,Imported Rice,202.5,202.5,Pettah
2025-08-19,Imported Rice,207.5,207.5,Pettah
2025-08-20,Imported Rice,202.5,202.5,Pettah
2025-08-21,Imported Rice,202.5,202.5,Pettah
2025-08-22,Imported Rice,202.5,202.5,Pettah
2025-08-25,Imported Rice,202.5,202.5,Pettah
2025-08-26,Imported Rice,202.5,202.5,Pettah
2025-08-27,Imported Rice,207.5,207.5,Pettah
2025-08-28,Imported Rice,202.5,202.5,Pettah
2025-08-29,Imported Rice,202.5,202.5,Pettah
2025-09-01,Imported Rice,205.0,205.0,Pettah
2025-09-02,Imported Rice,203.75,203.75,Pettah
2025-09-03,Imported Rice,203.75,203.75,Pettah
2025-09-04,Imported Rice,203.75,203.75,Pettah
2025-09-08,Imported Rice,203.75,203.75,Pettah
2025-09-09,Imported Rice,205.0,205.0,Pettah
2025-09-10,Imported Rice,207.5,207.5,Pettah
2025-09-11,Imported Rice,207.5,207.5,Pettah
2025-09-12,Imported Rice,207.5,207.5,Pettah
2025-09-15,Imported Rice,207.5,207.5,Pettah
2025-09-16,Imported Rice,207.5,207.5,Pettah
2025-09-17,Imported Rice,207.5,207.5,Pettah
2025-09-18,Imported Rice,207.5,207.5,Pettah
2025-09-19,Imported Rice,207.5,207.5,Pettah
2025-09-22,Imported Rice,207.5,207.5,Pettah
2025-09-23,Imported Rice,206.25,206.25,Pettah
2025-09-24,Imported Rice,207.5,207.5,Pettah
2025-09-25,Imported Rice,207.5,207.5,Pettah
2025-09-26,Imported Rice,207.5,207.5,Pettah
2025-09-29,Imported Rice,207.5,207.5,Pettah
2025-09-30,Imported Rice,207.5,207.5,Pettah
2025-10-01,Imported Rice,207.5,207.5,Pettah
2025-10-02,Imported Rice,207.5,207.5,Pettah
2025-10-03,Imported Rice,207.5,207.5,Pettah
2025-10-07,Imported Rice,208.0,208.0,Pettah
2025-10-08,Imported Rice,208.0,208.0,Pettah
2025-10-09,Imported Rice,660.0,660.0,Pettah
2025-10-10,Imported Rice,660.0,660.0,Pettah
2025-10-13,Imported Rice,656.0,656.0,Pettah
2025-10-14,Imported Rice,632.0,632.0,Pettah
2025-10-15,Imported Rice,670.0,670.0,Pettah
2025-10-16,Imported Rice,652.0,652.0,Pettah
2025-10-17,Imported Rice,644.0,644.0,Pettah
2025-10-21,Imported Rice,670.0,670.0,Pettah
2025-10-22,Imported Rice,634.0,634.0,Pettah
2025-10-23,Imported Rice,654.0,654.0,Pettah
2025-10-24,Imported Rice,704.0,704.0,Pettah
2025-10-27,Imported Rice,233.33,233.33,Pettah
2025-10-28,Imported Rice,232.5,232.5,Pettah
2025-10-29,Imported Rice,232.5,232.5,Pettah
2025-10-30,Imported Rice,232.0,232.0,Pettah
2025-10-31,Imported Rice,232.0,232.0,Pettah
2025-11-03,Imported Rice,230.25,230.25,Pettah
2025-11-04,Imported Rice,230.25,230.25,Pettah
2025-11-06,Imported Rice,230.25,230.25,Pettah
2025-11-07,Imported Rice,227.5,227.5,Pettah
2025-11-10,Imported Rice,227.5,227.5,Pettah
2025-11-11,Imported Rice,227.0,227.0,Pettah
2025-11-12,Imported Rice,226.25,226.25,Pettah
2025-11-13,Imported Rice,226.25,226.25,Pettah
2025-11-14,Imported Rice,226.25,226.25,Pettah
2025-11-17,Imported Rice,225.0,225.0,Pettah
2025-11-18,Imported Rice,225.0,225.0,Pettah
2025-11-19,Imported Rice,225.0,225.0,Pettah
2025-11-20,Imported Rice,227.5,227.5,Pettah
2025-11-21,Imported Rice,228.25,228.25,Pettah
2025-11-24,Imported Rice,228.25,228.25,Pettah
2025-11-25,Imported Rice,228.25,228.25,Pettah
2025-11-26,Imported Rice,228.25,228.25,Pettah
2025-11-27,Imported Rice,231.25,231.25,Pettah
2025-12-01,Imported Rice,231.5,231.5,Pettah
2025-12-02,Imported Rice,232.5,232.5,Pettah
2025-12-03,Imported Rice,232.5,232.5,Pettah
2025-12-05,Imported Rice,232.5,232.5,Pettah
2025-12-08,Imported Rice,232.5,232.5,Pettah
2025-12-09,Imported Rice,232.5,232.5,Pettah
2025-12-10,Imported Rice,232.5,232.5,Pettah
2025-12-11,Imported Rice,232.5,232.5,Pettah
2025-12-12,Imported Rice,232.5,232.5,Pettah
2025-12-15,Imported Rice,232.5,232.5,Pettah
2025-12-16,Imported Rice,232.5,232.5,Pettah
2025-12-17,Imported Rice,232.5,232.5,Pettah
2025-12-18,Imported Rice,232.5,232.5,Pettah
2025-12-19,Imported Rice,232.5,232.5,Pettah
2025-12-22,Imported Rice,232.5,232.5,Pettah
2025-12-23,Imported Rice,232.5,232.5,Pettah
2025-12-24,Imported Rice,232.5,232.5,Pettah
2025-12-26,Imported Rice,232.5,232.5,Pettah
2025-12-29,Imported Rice,232.5,232.5,Pettah
2025-12-30,Imported Rice,232.5,232.5,Pettah
2025-12-31,Imported Rice,233.75,233.75,Pettah
2026-01-01,Imported Rice,227.5,227.5,Pettah
2026-01-02,Imported Rice,228.75,228.75,Pettah
2026-01-05,Imported Rice,229.25,229.25,Pettah
2026-01-06,Imported Rice,230.5,230.5,Pettah
2026-01-07,Imported Rice,230.5,230.5,Pettah
2026-01-08,Imported Rice,228.75,228.75,Pettah
2026-01-09,Imported Rice,228.75,228.75,Pettah
2026-01-12,Imported Rice,228.75,228.75,Pettah
2026-01-13,Imported Rice,232.5,232.5,Pettah
2026-01-16,Imported Rice,232.5,232.5,Pettah
2026-01-19,Imported Rice,232.5,232.5,Pettah
2026-01-20,Imported Rice,235.0,235.0,Pettah
2026-01-21,Imported Rice,233.75,233.75,Pettah
2026-01-22,Imported Rice,237.5,237.5,Pettah
2026-01-23,Imported Rice,237.5,237.5,Pettah
2026-01-26,Imported Rice,237.5,237.5,Pettah
2026-01-27,Imported Rice,237.5,237.5,Pettah
2026-01-28,Imported Rice,237.5,237.5,Pettah
2026-01-29,Imported Rice,237.5,237.5,Pettah
2026-01-30,Imported Rice,238.75,238.75,Pettah
2026-02-02,Imported Rice,238.75,238.75,Pettah
2026-02-03,Imported Rice,238.75,238.75,Pettah
2026-02-05,Imported Rice,240.0,240.0,Pettah
2026-02-06,Imported Rice,242.5,242.5,Pettah
2026-02-09,Imported Rice,242.5,242.5,Pettah
2026-02-10,Imported Rice,242.5,242.5,Pettah
2026-02-11,Imported Rice,875.0,875.0,Pettah
2026-02-12,Imported Rice,875.0,875.0,Pettah
2026-02-13,Imported Rice,875.0,875.0,Pettah
2026-02-16,Imported Rice,875.0,875.0,Pettah
2026-02-17,Imported Rice,875.0,875.0,Pettah
2026-02-18,Imported Rice,887.5,887.5,Pettah
2026-02-19,Imported Rice,875.0,875.0,Pettah
2026-02-20,Imported Rice,915.0,915.0,Pettah
2026-02-23,Imported Rice,950.0,950.0,Pettah
2026-02-24,Imported Rice,900.0,900.0,Pettah
2026-02-25,Imported Rice,900.0,900.0,Pettah
2026-02-26,Imported Rice,875.0,875.0,Pettah
2026-02-27,Imported Rice,870.0,870.0,Pettah
2026-03-03,Imported Rice,925.0,925.0,Pettah
2026-03-04,Imported Rice,925.0,925.0,Pettah
2026-03-05,Imported Rice,925.0,925.0,Pettah
2026-03-06,Imported Rice,875.0,875.0,Pettah
2026-03-09,Imported Rice,875.0,875.0,Pettah
2026-03-10,Imported Rice,875.0,875.0,Pettah
2026-03-11,Imported Rice,875.0,875.0,Pettah
2026-03-12,Imported Rice,875.0,875.0,Pettah
2026-03-13,Imported Rice,875.0,875.0,Pettah
2026-03-16,Imported Rice,867.5,867.5,Pettah
2026-03-17,Imported Rice,875.0,875.0,Pettah
2026-03-18,Imported Rice,875.0,875.0,Pettah
2026-03-19,Imported Rice,875.0,875.0,Pettah
2026-03-20,Imported Rice,875.0,875.0,Pettah
2026-03-23,Imported Rice,950.0,950.0,Pettah
2026-03-24,Imported Rice,950.0,950.0,Pettah
2026-03-25,Imported Rice,975.0,975.0,Pettah
2026-03-26,Imported Rice,960.0,960.0,Pettah
2026-03-27,Imported Rice,975.0,975.0,Pettah
2026-03-30,Imported Rice,975.0,975.0,Pettah
2026-03-31,Imported Rice,975.0,975.0,Pettah
2026-04-02,Imported Rice,975.0,975.0,Pettah
2026-04-06,Imported Rice,975.0,975.0,Pettah
2026-04-07,Imported Rice,950.0,950.0,Pettah
2026-04-08,Imported Rice,975.0,975.0,Pettah
2026-04-09,Imported Rice,960.0,960.0,Pettah
2026-04-10,Imported Rice,975.0,975.0,Pettah
2026-04-20,Imported Rice,950.0,950.0,Pettah
2026-04-21,Imported Rice,975.0,975.0,Pettah
2026-04-22,Imported Rice,930.0,930.0,Pettah
2026-04-23,Imported Rice,204.0,204.0,Pettah
2026-04-24,Imported Rice,204.0,204.0,Pettah
2026-04-27,Imported Rice,204.0,204.0,Pettah
2026-04-28,Imported Rice,205.0,205.0,Pettah
2026-04-29,Imported Rice,205.0,205.0,Pettah
2026-04-30,Imported Rice,205.0,205.0,Pettah
2026-05-04,Imported Rice,205.0,205.0,Pettah
2026-05-05,Imported Rice,205.0,205.0,Pettah
2026-05-06,Imported Rice,205.0,205.0,Pettah
2026-05-07,Imported Rice,205.0,205.0,Pettah
2026-05-08,Imported Rice,205.0,205.0,Pettah
2026-05-11,Imported Rice,202.0,202.0,Pettah
2026-05-12,Imported Rice,198.0,198.0,Pettah
2026-05-13,Imported Rice,197.0,197.0,Pettah
2026-05-14,Imported Rice,196.0,196.0,Pettah
2026-05-15,Imported Rice,198.0,198.0,Pettah
2026-05-18,Imported Rice,198.0,198.0,Pettah
2026-05-19,Imported Rice,226.67,226.67,Pettah
2026-05-20,Imported Rice,226.67,226.67,Pettah
2026-05-21,Imported Rice,226.67,226.67,Pettah
2026-05-22,Imported Rice,226.67,226.67,Pettah
2026-05-25,Imported Rice,226.67,226.67,Pettah
2026-05-26,Imported Rice,226.67,226.67,Pettah
2026-05-27,Imported Rice,226.67,226.67,Pettah
2026-05-29,Imported Rice,228.33,228.33,Pettah
2026-06-01,Imported Rice,226.67,226.67,Pettah
2026-06-02,Imported Rice,226.67,226.67,Pettah
2026-06-03,Imported Rice,226.67,226.67,Pettah
2026-06-04,Imported Rice,226.67,226.67,Pettah
2026-06-05,Imported Rice,226.67,226.67,Pettah
2026-06-08,Imported Rice,226.67,226.67,Pettah
2026-06-09,Imported Rice,226.67,226.67,Pettah
2026-06-10,Imported Rice,226.67,226.67,Pettah
2026-06-11,Imported Rice,226.67,226.67,Pettah
2026-06-12,Imported Rice,226.67,226.67,Pettah
2026-06-15,Imported Rice,227.67,227.67,Pettah
2026-06-16,Imported Rice,227.67,227.67,Pettah
2026-06-17,Imported Rice,227.67,227.67,Pettah
2026-06-18,Imported Rice,227.67,227.67,Pettah
2026-06-19,Imported Rice,227.67,227.67,Pettah
2026-06-22,Imported Rice,227.67,227.67,Pettah
2026-06-23,Imported Rice,231.67,231.67,Pettah
2026-06-24,Imported Rice,228.33,228.33,Pettah
2026-06-25,Imported Rice,226.67,226.67,Pettah
2026-06-26,Imported Rice,226.67,226.67,Pettah
2026-06-30,Imported Rice,226.67,226.67,Pettah
2026-07-01,Imported Rice,226.67,226.67,Pettah
2026-07-02,Imported Rice,226.67,226.67,Pettah
2026-07-03,Imported Rice,226.67,226.67,Pettah
2026-07-06,Imported Rice,226.67,226.67,Pettah
2026-07-07,Imported Rice,226.67,226.67,Pettah
2026-07-08,Imported Rice,226.67,226.67,Pettah
2026-07-09,Imported Rice,226.67,226.67,Pettah
2026-07-10,Imported Rice,226.67,226.67,Pettah
2026-07-13,Imported Rice,226.67,226.67,Pettah
2026-07-14,Imported Rice,226.0,226.0,Pettah
2026-07-15,Imported Rice,227.5,227.5,Pettah
2026-07-16,Imported Rice,227.0,227.0,Pettah
2026-07-17,Imported Rice,222.5,222.5,Pettah
2026-07-20,Imported Rice,223.5,223.5,Pettah
2026-07-21,Imported Rice,223.5,223.5,Pettah
2026-07-22,Imported Rice,223.5,223.5,Pettah
2026-07-23,Imported Rice,223.5,223.5,Pettah
2026-07-24,Imported Rice,222.5,222.5,Pettah
2026-07-27,Imported Rice,222.5,222.5,Pettah
2026-07-28,Imported Rice,222.5,222.5,Pettah
2026-07-30,Imported Rice,222.5,222.5,Pettah
2026-07-31,Imported Rice,222.5,222.5,Pettah
2026-08-03,Imported Rice,222.5,222.5,Pettah
2026-08-04,Imported Rice,222.5,222.5,Pettah
2026-08-05,Imported Rice,222.5,222.5,Pettah
2026-08-06,Imported Rice,222.5,222.5,Pettah
2026-08-07,Imported Rice,222.5,222.5,Pettah
2021-10-28,Keeri Samba,6425.0,128.5,Pettah
2021-10-29,Keeri Samba,6500.0,130.0,Pettah
2021-11-01,Keeri Samba,6750.0,135.0,Pettah
2021-11-02,Keeri Samba,6750.0,135.0,Pettah
2021-11-03,Keeri Samba,6750.0,135.0,Pettah
2021-11-08,Keeri Samba,135.5,135.5,Pettah
2021-11-09,Keeri Samba,131.4,131.4,Pettah
2021-11-10,Keeri Samba,132.6,132.6,Pettah
2021-11-11,Keeri Samba,216.0,216.0,Pettah
2021-11-12,Keeri Samba,214.0,214.0,Pettah
2021-11-15,Keeri Samba,214.0,214.0,Pettah
2021-11-16,Keeri Samba,215.0,215.0,Pettah
2021-11-17,Keeri Samba,214.0,214.0,Pettah
2021-11-19,Keeri Samba,209.0,209.0,Pettah
2021-11-22,Keeri Samba,209.0,209.0,Pettah
2021-11-23,Keeri Samba,208.0,208.0,Pettah
2021-11-24,Keeri Samba,208.0,208.0,Pettah
2021-11-25,Keeri Samba,208.0,208.0,Pettah
2021-11-26,Keeri Samba,208.0,208.0,Pettah
2021-11-29,Keeri Samba,211.0,211.0,Pettah
2021-11-30,Keeri Samba,212.0,212.0,Pettah
2021-12-01,Keeri Samba,213.0,213.0,Pettah
2021-12-02,Keeri Samba,212.0,212.0,Pettah
2021-12-03,Keeri Samba,212.0,212.0,Pettah
2021-12-06,Keeri Samba,208.0,208.0,Pettah
2021-12-07,Keeri Samba,208.0,208.0,Pettah
2021-12-08,Keeri Samba,211.0,211.0,Pettah
2021-12-09,Keeri Samba,212.0,212.0,Pettah
2021-12-10,Keeri Samba,209.2,209.2,Pettah
2021-12-13,Keeri Samba,211.0,211.0,Pettah
2021-12-14,Keeri Samba,208.6,208.6,Pettah
2021-12-15,Keeri Samba,208.6,208.6,Pettah
2021-12-16,Keeri Samba,208.6,208.6,Pettah
2021-12-17,Keeri Samba,209.0,209.0,Pettah
2021-12-20,Keeri Samba,208.6,208.6,Pettah
2021-12-21,Keeri Samba,211.0,211.0,Pettah
2021-12-22,Keeri Samba,212.0,212.0,Pettah
2021-12-23,Keeri Samba,212.0,212.0,Pettah
2021-12-24,Keeri Samba,212.6,212.6,Pettah
2021-12-27,Keeri Samba,213.0,213.0,Pettah
2021-12-28,Keeri Samba,215.0,215.0,Pettah
2021-12-29,Keeri Samba,219.0,219.0,Pettah
2021-12-30,Keeri Samba,217.5,217.5,Pettah
2021-12-31,Keeri Samba,219.0,219.0,Pettah
2022-01-03,Keeri Samba,221.0,221.0,Pettah
2022-01-05,Keeri Samba,223.0,223.0,Pettah
2022-01-06,Keeri Samba,226.0,226.0,Pettah
2022-01-07,Keeri Samba,226.0,226.0,Pettah
2022-01-10,Keeri Samba,227.0,227.0,Pettah
2022-01-11,Keeri Samba,229.0,229.0,Pettah
2022-01-12,Keeri Samba,231.0,231.0,Pettah
2022-01-13,Keeri Samba,231.0,231.0,Pettah
2022-01-18,Keeri Samba,231.0,231.0,Pettah
2022-01-19,Keeri Samba,233.0,233.0,Pettah
2022-01-20,Keeri Samba,233.0,233.0,Pettah
2022-01-21,Keeri Samba,234.0,234.0,Pettah
2022-01-24,Keeri Samba,232.0,232.0,Pettah
2022-01-25,Keeri Samba,233.0,233.0,Pettah
2022-01-26,Keeri Samba,231.0,231.0,Pettah
2022-01-27,Keeri Samba,223.0,223.0,Pettah
2022-01-28,Keeri Samba,225.0,225.0,Pettah
2022-01-31,Keeri Samba,225.0,225.0,Pettah
2022-02-01,Keeri Samba,223.75,223.75,Pettah
2022-02-02,Keeri Samba,225.0,225.0,Pettah
2022-02-03,Keeri Samba,212.0,212.0,Pettah
2022-02-08,Keeri Samba,208.0,208.0,Pettah
2022-02-09,Keeri Samba,213.0,213.0,Pettah
2022-02-10,Keeri Samba,208.0,208.0,Pettah
2022-02-11,Keeri Samba,207.0,207.0,Pettah
2022-02-14,Keeri Samba,207.0,207.0,Pettah
2022-02-15,Keeri Samba,207.0,207.0,Pettah
2022-02-17,Keeri Samba,211.0,211.0,Pettah
2022-02-18,Keeri Samba,211.0,211.0,Pettah
2022-02-21,Keeri Samba,208.0,208.0,Pettah
2022-02-22,Keeri Samba,205.0,205.0,Pettah
2022-02-23,Keeri Samba,207.0,207.0,Pettah
2022-02-24,Keeri Samba,208.0,208.0,Pettah
2022-02-25,Keeri Samba,207.0,207.0,Pettah
2022-02-28,Keeri Samba,208.0,208.0,Pettah
2022-03-02,Keeri Samba,203.6,203.6,Pettah
2022-03-03,Keeri Samba,204.0,204.0,Pettah
2022-03-04,Keeri Samba,206.0,206.0,Pettah
2022-03-07,Keeri Samba,207.0,207.0,Pettah
2022-03-08,Keeri Samba,207.0,207.0,Pettah
2022-03-09,Keeri Samba,207.0,207.0,Pettah
2022-03-10,Keeri Samba,209.0,209.0,Pettah
2022-03-11,Keeri Samba,215.0,215.0,Pettah
2022-03-14,Keeri Samba,213.75,213.75,Pettah
2022-03-15,Keeri Samba,226.25,226.25,Pettah
2022-03-16,Keeri Samba,226.25,226.25,Pettah
2022-03-18,Keeri Samba,222.0,222.0,Pettah
2022-03-21,Keeri Samba,229.0,229.0,Pettah
2022-03-22,Keeri Samba,232.0,232.0,Pettah
2022-03-23,Keeri Samba,239.0,239.0,Pettah
2022-03-24,Keeri Samba,242.0,242.0,Pettah
2022-03-25,Keeri Samba,234.0,234.0,Pettah
2022-03-28,Keeri Samba,234.0,234.0,Pettah
2022-03-29,Keeri Samba,237.0,237.0,Pettah
2022-03-30,Keeri Samba,241.0,241.0,Pettah
2022-03-31,Keeri Samba,243.0,243.0,Pettah
2022-04-01,Keeri Samba,242.0,242.0,Pettah
2022-04-04,Keeri Samba,243.0,243.0,Pettah
2022-04-05,Keeri Samba,238.0,238.0,Pettah
2022-04-06,Keeri Samba,243.0,243.0,Pettah
2022-04-07,Keeri Samba,246.0,246.0,Pettah
2022-04-08,Keeri Samba,243.0,243.0,Pettah
2022-04-12,Keeri Samba,242.5,242.5,Pettah
2022-04-18,Keeri Samba,216.0,216.0,Pettah
2022-04-19,Keeri Samba,240.0,240.0,Pettah
2022-04-20,Keeri Samba,240.0,240.0,Pettah
2022-04-21,Keeri Samba,240.0,240.0,Pettah
2022-04-22,Keeri Samba,244.0,244.0,Pettah
2022-04-25,Keeri Samba,245.0,245.0,Pettah
2022-04-26,Keeri Samba,245.0,245.0,Pettah
2022-04-27,Keeri Samba,248.0,248.0,Pettah
2022-04-29,Keeri Samba,255.0,255.0,Pettah
2022-05-04,Keeri Samba,248.0,248.0,Pettah
2022-05-05,Keeri Samba,254.0,254.0,Pettah
2022-05-09,Keeri Samba,257.5,257.5,Pettah
2022-05-12,Keeri Samba,257.5,257.5,Pettah
2022-05-13,Keeri Samba,,,Pettah
2022-05-17,Keeri Samba,250.0,250.0,Pettah
2022-05-18,Keeri Samba,250.0,250.0,Pettah
2022-05-19,Keeri Samba,252.0,252.0,Pettah
2022-05-20,Keeri Samba,254.0,254.0,Pettah
2022-05-23,Keeri Samba,252.0,252.0,Pettah
2022-05-24,Keeri Samba,254.0,254.0,Pettah
2022-05-25,Keeri Samba,254.0,254.0,Pettah
2022-05-26,Keeri Samba,254.0,254.0,Pettah
2022-05-27,Keeri Samba,251.0,251.0,Pettah
2022-05-30,Keeri Samba,254.0,254.0,Pettah
2022-05-31,Keeri Samba,254.0,254.0,Pettah
2022-06-01,Keeri Samba,254.0,254.0,Pettah
2022-06-02,Keeri Samba,252.0,252.0,Pettah
2022-06-03,Keeri Samba,253.0,253.0,Pettah
2022-06-06,Keeri Samba,254.0,254.0,Pettah
2022-06-07,Keeri Samba,256.0,256.0,Pettah
2022-06-08,Keeri Samba,257.0,257.0,Pettah
2022-06-09,Keeri Samba,266.0,266.0,Pettah
2022-06-10,Keeri Samba,263.33,263.33,Pettah
2022-06-13,Keeri Samba,223.0,223.0,Pettah
2022-06-15,Keeri Samba,250.0,250.0,Pettah
2022-06-16,Keeri Samba,213.0,213.0,Pettah
2022-06-17,Keeri Samba,255.0,255.0,Pettah
2022-06-20,Keeri Samba,205.0,205.0,Pettah
2022-06-21,Keeri Samba,200.0,200.0,Pettah
2022-06-22,Keeri Samba,200.0,200.0,Pettah
2022-06-23,Keeri Samba,199.0,199.0,Pettah
2022-06-24,Keeri Samba,39.75,39.75,Pettah
2022-06-27,Keeri Samba,213.0,213.0,Pettah
2022-06-28,Keeri Samba,210.0,210.0,Pettah
2022-06-29,Keeri Samba,209.0,209.0,Pettah
2022-06-30,Keeri Samba,208.6,208.6,Pettah
2022-07-01,Keeri Samba,209.6,209.6,Pettah
2022-07-04,Keeri Samba,210.0,210.0,Pettah
2022-07-05,Keeri Samba,208.0,208.0,Pettah
2022-07-06,Keeri Samba,207.6,207.6,Pettah
2022-07-07,Keeri Samba,206.0,206.0,Pettah
2022-07-11,Keeri Samba,204.0,204.0,Pettah
2022-07-12,Keeri Samba,199.2,199.2,Pettah
2022-07-14,Keeri Samba,198.75,198.75,Pettah
2022-07-15,Keeri Samba,198.6,198.6,Pettah
2022-07-18,Keeri Samba,198.6,198.6,Pettah
2022-07-19,Keeri Samba,198.6,198.6,Pettah
2022-07-20,Keeri Samba,198.2,198.2,Pettah
2022-07-21,Keeri Samba,197.6,197.6,Pettah
2022-07-22,Keeri Samba,197.6,197.6,Pettah
2022-07-25,Keeri Samba,193.2,193.2,Pettah
2022-07-26,Keeri Samba,193.6,193.6,Pettah
2022-07-27,Keeri Samba,193.4,193.4,Pettah
2022-07-28,Keeri Samba,192.4,192.4,Pettah
2022-07-29,Keeri Samba,191.4,191.4,Pettah
2022-08-01,Keeri Samba,186.4,186.4,Pettah
2022-08-02,Keeri Samba,187.0,187.0,Pettah
2022-08-03,Keeri Samba,188.0,188.0,Pettah
2022-08-04,Keeri Samba,190.0,190.0,Pettah
2022-08-05,Keeri Samba,188.0,188.0,Pettah
2022-08-08,Keeri Samba,192.0,192.0,Pettah
2022-08-09,Keeri Samba,183.0,183.0,Pettah
2022-08-10,Keeri Samba,183.0,183.0,Pettah
2022-08-12,Keeri Samba,182.0,182.0,Pettah
2022-08-15,Keeri Samba,183.0,183.0,Pettah
2022-08-16,Keeri Samba,248.0,248.0,Pettah
2022-08-17,Keeri Samba,247.0,247.0,Pettah
2022-08-18,Keeri Samba,247.0,247.0,Pettah
2022-08-19,Keeri Samba,246.0,246.0,Pettah
2022-08-22,Keeri Samba,245.0,245.0,Pettah
2022-08-23,Keeri Samba,247.0,247.0,Pettah
2022-08-24,Keeri Samba,246.0,246.0,Pettah
2022-08-25,Keeri Samba,242.0,242.0,Pettah
2022-08-26,Keeri Samba,245.0,245.0,Pettah
2022-08-29,Keeri Samba,245.0,245.0,Pettah
2022-08-30,Keeri Samba,246.0,246.0,Pettah
2022-08-31,Keeri Samba,246.0,246.0,Pettah
2022-09-01,Keeri Samba,246.4,246.4,Pettah
2022-09-02,Keeri Samba,245.0,245.0,Pettah
2022-09-05,Keeri Samba,248.0,248.0,Pettah
2022-09-06,Keeri Samba,248.0,248.0,Pettah
2022-09-07,Keeri Samba,246.0,246.0,Pettah
2022-09-08,Keeri Samba,246.0,246.0,Pettah
2022-09-09,Keeri Samba,245.0,245.0,Pettah
2022-09-12,Keeri Samba,245.0,245.0,Pettah
2022-09-13,Keeri Samba,244.0,244.0,Pettah
2022-09-14,Keeri Samba,246.0,246.0,Pettah
2022-09-15,Keeri Samba,243.0,243.0,Pettah
2022-09-16,Keeri Samba,243.0,243.0,Pettah
2022-09-19,Keeri Samba,244.0,244.0,Pettah
2022-09-20,Keeri Samba,243.4,243.4,Pettah
2022-09-21,Keeri Samba,244.0,244.0,Pettah
2022-09-22,Keeri Samba,242.0,242.0,Pettah
2022-09-23,Keeri Samba,243.0,243.0,Pettah
2022-09-26,Keeri Samba,243.0,243.0,Pettah
2022-09-27,Keeri Samba,243.4,243.4,Pettah
2022-09-28,Keeri Samba,244.0,244.0,Pettah
2022-09-29,Keeri Samba,242.0,242.0,Pettah
2022-09-30,Keeri Samba,242.0,242.0,Pettah
2022-10-03,Keeri Samba,243.4,243.4,Pettah
2022-10-04,Keeri Samba,240.0,240.0,Pettah
2022-10-05,Keeri Samba,241.6,241.6,Pettah
2022-10-06,Keeri Samba,240.0,240.0,Pettah
2022-10-07,Keeri Samba,239.0,239.0,Pettah
2022-10-10,Keeri Samba,241.0,241.0,Pettah
2022-10-11,Keeri Samba,240.0,240.0,Pettah
2022-10-12,Keeri Samba,240.0,240.0,Pettah
2022-10-13,Keeri Samba,240.0,240.0,Pettah
2022-10-14,Keeri Samba,239.0,239.0,Pettah
2022-10-17,Keeri Samba,240.0,240.0,Pettah
2022-10-18,Keeri Samba,238.6,238.6,Pettah
2022-10-19,Keeri Samba,238.6,238.6,Pettah
2022-10-20,Keeri Samba,239.0,239.0,Pettah
2022-10-21,Keeri Samba,238.6,238.6,Pettah
2022-10-25,Keeri Samba,237.0,237.0,Pettah
2022-10-26,Keeri Samba,237.0,237.0,Pettah
2022-10-27,Keeri Samba,237.0,237.0,Pettah
2022-10-28,Keeri Samba,236.6,236.6,Pettah
2022-10-31,Keeri Samba,237.4,237.4,Pettah
2022-11-01,Keeri Samba,235.0,235.0,Pettah
2022-11-02,Keeri Samba,235.0,235.0,Pettah
2022-11-03,Keeri Samba,235.0,235.0,Pettah
2022-11-04,Keeri Samba,235.0,235.0,Pettah
2022-11-08,Keeri Samba,234.0,234.0,Pettah
2022-11-09,Keeri Samba,234.0,234.0,Pettah
2022-11-10,Keeri Samba,234.0,234.0,Pettah
2022-11-11,Keeri Samba,234.0,234.0,Pettah
2022-11-14,Keeri Samba,234.0,234.0,Pettah
2022-11-15,Keeri Samba,232.0,232.0,Pettah
2022-11-16,Keeri Samba,232.0,232.0,Pettah
2022-11-17,Keeri Samba,232.0,232.0,Pettah
2022-11-18,Keeri Samba,233.0,233.0,Pettah
2022-11-21,Keeri Samba,234.0,234.0,Pettah
2022-11-22,Keeri Samba,233.0,233.0,Pettah
2022-11-23,Keeri Samba,233.6,233.6,Pettah
2022-11-24,Keeri Samba,230.0,230.0,Pettah
2022-11-25,Keeri Samba,231.0,231.0,Pettah
2022-11-28,Keeri Samba,231.0,231.0,Pettah
2022-11-29,Keeri Samba,228.0,228.0,Pettah
2022-11-30,Keeri Samba,226.0,226.0,Pettah
2022-12-01,Keeri Samba,226.0,226.0,Pettah
2022-12-02,Keeri Samba,225.0,225.0,Pettah
2022-12-05,Keeri Samba,222.0,222.0,Pettah
2022-12-06,Keeri Samba,219.0,219.0,Pettah
2022-12-08,Keeri Samba,219.6,219.6,Pettah
2022-12-09,Keeri Samba,222.0,222.0,Pettah
2022-12-12,Keeri Samba,222.0,222.0,Pettah
2022-12-13,Keeri Samba,223.0,223.0,Pettah
2022-12-14,Keeri Samba,216.0,216.0,Pettah
2022-12-15,Keeri Samba,217.0,217.0,Pettah
2022-12-16,Keeri Samba,219.0,219.0,Pettah
2022-12-19,Keeri Samba,54.75,54.75,Pettah
2022-12-20,Keeri Samba,,,Pettah
2022-12-21,Keeri Samba,225.0,225.0,Pettah
2022-12-22,Keeri Samba,224.0,224.0,Pettah
2022-12-23,Keeri Samba,224.0,224.0,Pettah
2022-12-26,Keeri Samba,224.0,224.0,Pettah
2022-12-27,Keeri Samba,225.0,225.0,Pettah
2022-12-28,Keeri Samba,224.0,224.0,Pettah
2022-12-29,Keeri Samba,224.0,224.0,Pettah
2022-12-30,Keeri Samba,224.0,224.0,Pettah
2023-01-02,Keeri Samba,222.6,222.6,Pettah
2023-01-03,Keeri Samba,223.0,223.0,Pettah
2023-01-04,Keeri Samba,224.0,224.0,Pettah
2023-01-05,Keeri Samba,224.0,224.0,Pettah
2023-01-09,Keeri Samba,223.0,223.0,Pettah
2023-01-10,Keeri Samba,223.0,223.0,Pettah
2023-01-11,Keeri Samba,223.0,223.0,Pettah
2023-01-12,Keeri Samba,223.0,223.0,Pettah
2023-01-16,Keeri Samba,223.0,223.0,Pettah
2023-01-17,Keeri Samba,223.0,223.0,Pettah
2023-01-18,Keeri Samba,222.0,222.0,Pettah
2023-01-19,Keeri Samba,223.0,223.0,Pettah
2023-01-20,Keeri Samba,219.6,219.6,Pettah
2023-01-23,Keeri Samba,219.6,219.6,Pettah
2023-01-24,Keeri Samba,219.0,219.0,Pettah
2023-01-25,Keeri Samba,220.0,220.0,Pettah
2023-01-26,Keeri Samba,221.0,221.0,Pettah
2023-01-27,Keeri Samba,221.0,221.0,Pettah
2023-01-30,Keeri Samba,219.0,219.0,Pettah
2023-01-31,Keeri Samba,219.0,219.0,Pettah
2023-02-01,Keeri Samba,219.6,219.6,Pettah
2023-02-02,Keeri Samba,219.0,219.0,Pettah
2023-02-03,Keeri Samba,219.0,219.0,Pettah
2023-02-06,Keeri Samba,219.0,219.0,Pettah
2023-02-07,Keeri Samba,219.0,219.0,Pettah
2023-02-08,Keeri Samba,219.0,219.0,Pettah
2023-02-09,Keeri Samba,219.0,219.0,Pettah
2023-02-10,Keeri Samba,218.6,218.6,Pettah
2023-02-13,Keeri Samba,218.0,218.0,Pettah
2023-02-14,Keeri Samba,222.0,222.0,Pettah
2023-02-15,Keeri Samba,220.6,220.6,Pettah
2023-02-16,Keeri Samba,222.0,222.0,Pettah
2023-02-17,Keeri Samba,223.0,223.0,Pettah
2023-02-20,Keeri Samba,226.0,226.0,Pettah
2023-02-21,Keeri Samba,230.0,230.0,Pettah
2023-02-22,Keeri Samba,231.0,231.0,Pettah
2023-02-23,Keeri Samba,231.0,231.0,Pettah
2023-02-24,Keeri Samba,242.0,242.0,Pettah
2023-02-27,Keeri Samba,241.0,241.0,Pettah
2023-02-28,Keeri Samba,246.0,246.0,Pettah
2023-03-01,Keeri Samba,246.0,246.0,Pettah
2023-03-02,Keeri Samba,246.0,246.0,Pettah
2023-03-03,Keeri Samba,245.0,245.0,Pettah
2023-03-07,Keeri Samba,246.0,246.0,Pettah
2023-03-08,Keeri Samba,246.0,246.0,Pettah
2023-03-09,Keeri Samba,246.0,246.0,Pettah
2023-03-10,Keeri Samba,244.0,244.0,Pettah
2023-03-13,Keeri Samba,246.0,246.0,Pettah
2023-03-14,Keeri Samba,246.0,246.0,Pettah
2023-03-15,Keeri Samba,246.0,246.0,Pettah
2023-03-16,Keeri Samba,247.0,247.0,Pettah
2023-03-17,Keeri Samba,244.0,244.0,Pettah
2023-03-20,Keeri Samba,243.0,243.0,Pettah
2023-03-21,Keeri Samba,243.0,243.0,Pettah
2023-03-22,Keeri Samba,244.0,244.0,Pettah
2023-03-23,Keeri Samba,244.0,244.0,Pettah
2023-03-24,Keeri Samba,242.0,242.0,Pettah
2023-03-27,Keeri Samba,243.0,243.0,Pettah
2023-03-28,Keeri Samba,243.0,243.0,Pettah
2023-03-29,Keeri Samba,243.0,243.0,Pettah
2023-03-30,Keeri Samba,243.0,243.0,Pettah
2023-03-31,Keeri Samba,243.4,243.4,Pettah
2023-04-03,Keeri Samba,243.0,243.0,Pettah
2023-04-04,Keeri Samba,244.0,244.0,Pettah
2023-04-06,Keeri Samba,243.0,243.0,Pettah
2023-04-10,Keeri Samba,241.0,241.0,Pettah
2023-04-11,Keeri Samba,250.0,250.0,Pettah
2023-04-17,Keeri Samba,244.6,244.6,Pettah
2023-04-18,Keeri Samba,246.0,246.0,Pettah
2023-04-19,Keeri Samba,244.0,244.0,Pettah
2023-04-20,Keeri Samba,250.0,250.0,Pettah
2023-04-21,Keeri Samba,249.0,249.0,Pettah
2023-04-24,Keeri Samba,252.0,252.0,Pettah
2023-04-25,Keeri Samba,252.6,252.6,Pettah
2023-04-26,Keeri Samba,253.0,253.0,Pettah
2023-04-27,Keeri Samba,254.0,254.0,Pettah
2023-04-28,Keeri Samba,243.0,243.0,Pettah
2023-05-02,Keeri Samba,260.0,260.0,Pettah
2023-05-03,Keeri Samba,260.0,260.0,Pettah
2023-05-04,Keeri Samba,259.2,259.2,Pettah
2023-05-08,Keeri Samba,262.0,262.0,Pettah
2023-05-09,Keeri Samba,262.5,262.5,Pettah
2023-05-10,Keeri Samba,261.0,261.0,Pettah
2023-05-11,Keeri Samba,261.0,261.0,Pettah
2023-05-12,Keeri Samba,260.2,260.2,Pettah
2023-05-15,Keeri Samba,259.6,259.6,Pettah
2023-05-16,Keeri Samba,258.6,258.6,Pettah
2023-05-17,Keeri Samba,260.0,260.0,Pettah
2023-05-18,Keeri Samba,262.0,262.0,Pettah
2023-05-19,Keeri Samba,262.0,262.0,Pettah
2023-05-22,Keeri Samba,258.6,258.6,Pettah
2023-05-23,Keeri Samba,259.6,259.6,Pettah
2023-05-24,Keeri Samba,260.0,260.0,Pettah
2023-05-25,Keeri Samba,261.25,261.25,Pettah
2023-05-26,Keeri Samba,257.0,257.0,Pettah
2023-05-29,Keeri Samba,258.6,258.6,Pettah
2023-05-30,Keeri Samba,260.4,260.4,Pettah
2023-05-31,Keeri Samba,261.6,261.6,Pettah
2023-06-01,Keeri Samba,258.2,258.2,Pettah
2023-06-02,Keeri Samba,259.6,259.6,Pettah
2023-06-05,Keeri Samba,258.4,258.4,Pettah
2023-06-06,Keeri Samba,257.6,257.6,Pettah
2023-06-07,Keeri Samba,257.0,257.0,Pettah
2023-06-08,Keeri Samba,257.6,257.6,Pettah
2023-06-09,Keeri Samba,258.6,258.6,Pettah
2023-06-12,Keeri Samba,257.6,257.6,Pettah
2023-06-13,Keeri Samba,257.6,257.6,Pettah
2023-06-14,Keeri Samba,257.6,257.6,Pettah
2023-06-15,Keeri Samba,258.0,258.0,Pettah
2023-06-16,Keeri Samba,257.6,257.6,Pettah
2023-06-19,Keeri Samba,257.0,257.0,Pettah
2023-06-20,Keeri Samba,257.6,257.6,Pettah
2023-06-21,Keeri Samba,257.0,257.0,Pettah
2023-06-22,Keeri Samba,256.0,256.0,Pettah
2023-06-23,Keeri Samba,257.6,257.6,Pettah
2023-06-26,Keeri Samba,257.6,257.6,Pettah
2023-06-27,Keeri Samba,258.6,258.6,Pettah
2023-06-28,Keeri Samba,257.2,257.2,Pettah
2023-06-30,Keeri Samba,257.0,257.0,Pettah
2023-07-04,Keeri Samba,257.6,257.6,Pettah
2023-07-05,Keeri Samba,257.6,257.6,Pettah
2023-07-06,Keeri Samba,257.2,257.2,Pettah
2023-07-07,Keeri Samba,258.0,258.0,Pettah
2023-07-10,Keeri Samba,257.6,257.6,Pettah
2023-07-11,Keeri Samba,259.0,259.0,Pettah
2023-07-12,Keeri Samba,258.6,258.6,Pettah
2023-07-13,Keeri Samba,258.0,258.0,Pettah
2023-07-14,Keeri Samba,258.0,258.0,Pettah
2023-07-17,Keeri Samba,258.6,258.6,Pettah
2023-07-18,Keeri Samba,257.0,257.0,Pettah
2023-07-19,Keeri Samba,258.4,258.4,Pettah
2023-07-20,Keeri Samba,258.6,258.6,Pettah
2023-07-21,Keeri Samba,257.6,257.6,Pettah
2023-07-24,Keeri Samba,259.0,259.0,Pettah
2023-07-25,Keeri Samba,257.0,257.0,Pettah
2023-07-26,Keeri Samba,258.2,258.2,Pettah
2023-07-27,Keeri Samba,257.6,257.6,Pettah
2023-07-28,Keeri Samba,257.0,257.0,Pettah
2023-07-31,Keeri Samba,258.0,258.0,Pettah
2023-08-02,Keeri Samba,260.0,260.0,Pettah
2023-08-03,Keeri Samba,258.0,258.0,Pettah
2023-08-04,Keeri Samba,258.0,258.0,Pettah
2023-08-07,Keeri Samba,259.0,259.0,Pettah
2023-08-08,Keeri Samba,260.0,260.0,Pettah
2023-08-09,Keeri Samba,260.0,260.0,Pettah
2023-08-10,Keeri Samba,260.0,260.0,Pettah
2023-08-11,Keeri Samba,260.0,260.0,Pettah
2023-08-14,Keeri Samba,260.0,260.0,Pettah
2023-08-15,Keeri Samba,260.0,260.0,Pettah
2023-08-16,Keeri Samba,260.0,260.0,Pettah
2023-08-17,Keeri Samba,260.0,260.0,Pettah
2023-08-18,Keeri Samba,260.0,260.0,Pettah
2023-08-21,Keeri Samba,260.0,260.0,Pettah
2023-08-22,Keeri Samba,260.0,260.0,Pettah
2023-08-23,Keeri Samba,260.0,260.0,Pettah
2023-08-24,Keeri Samba,260.0,260.0,Pettah
2023-08-25,Keeri Samba,260.0,260.0,Pettah
2023-08-28,Keeri Samba,272.0,272.0,Pettah
2023-08-29,Keeri Samba,276.0,276.0,Pettah
2023-08-31,Keeri Samba,282.0,282.0,Pettah
2023-09-01,Keeri Samba,285.0,285.0,Pettah
2023-09-04,Keeri Samba,286.0,286.0,Pettah
2023-09-05,Keeri Samba,286.0,286.0,Pettah
2023-09-06,Keeri Samba,286.0,286.0,Pettah
2023-09-07,Keeri Samba,286.0,286.0,Pettah
2023-09-08,Keeri Samba,286.0,286.0,Pettah
2023-09-11,Keeri Samba,288.0,288.0,Pettah
2023-09-12,Keeri Samba,287.0,287.0,Pettah
2023-09-13,Keeri Samba,282.0,282.0,Pettah
2023-09-14,Keeri Samba,282.0,282.0,Pettah
2023-09-15,Keeri Samba,286.0,286.0,Pettah
2023-09-18,Keeri Samba,285.0,285.0,Pettah
2023-09-19,Keeri Samba,286.0,286.0,Pettah
2023-09-20,Keeri Samba,286.0,286.0,Pettah
2023-09-21,Keeri Samba,285.0,285.0,Pettah
2023-09-22,Keeri Samba,284.0,284.0,Pettah
2023-09-25,Keeri Samba,284.0,284.0,Pettah
2023-09-26,Keeri Samba,286.0,286.0,Pettah
2023-10-02,Keeri Samba,286.0,286.0,Pettah
2023-10-03,Keeri Samba,286.0,286.0,Pettah
2023-10-04,Keeri Samba,286.0,286.0,Pettah
2023-10-05,Keeri Samba,287.0,287.0,Pettah
2023-10-06,Keeri Samba,286.0,286.0,Pettah
2023-10-09,Keeri Samba,286.0,286.0,Pettah
2023-10-10,Keeri Samba,285.0,285.0,Pettah
2023-10-11,Keeri Samba,286.0,286.0,Pettah
2023-10-12,Keeri Samba,286.0,286.0,Pettah
2023-10-13,Keeri Samba,287.5,287.5,Pettah
2023-10-16,Keeri Samba,285.0,285.0,Pettah
2023-10-17,Keeri Samba,285.0,285.0,Pettah
2023-10-18,Keeri Samba,285.0,285.0,Pettah
2023-10-19,Keeri Samba,285.0,285.0,Pettah
2023-10-20,Keeri Samba,285.0,285.0,Pettah
2023-10-23,Keeri Samba,286.67,286.67,Pettah
2023-10-24,Keeri Samba,295.0,295.0,Pettah
2023-10-25,Keeri Samba,290.0,290.0,Pettah
2023-10-26,Keeri Samba,292.5,292.5,Pettah
2023-10-27,Keeri Samba,297.5,297.5,Pettah
2023-10-30,Keeri Samba,305.0,305.0,Pettah
2023-10-31,Keeri Samba,305.0,305.0,Pettah
2023-11-01,Keeri Samba,305.0,305.0,Pettah
2023-11-02,Keeri Samba,303.33,303.33,Pettah
2023-11-03,Keeri Samba,303.33,303.33,Pettah
2023-11-06,Keeri Samba,305.0,305.0,Pettah
2023-11-07,Keeri Samba,305.0,305.0,Pettah
2023-11-08,Keeri Samba,305.0,305.0,Pettah
2023-11-09,Keeri Samba,305.0,305.0,Pettah
2023-11-10,Keeri Samba,305.0,305.0,Pettah
2023-11-13,Keeri Samba,311.67,311.67,Pettah
2023-11-14,Keeri Samba,310.0,310.0,Pettah
2023-11-15,Keeri Samba,305.0,305.0,Pettah
2023-11-16,Keeri Samba,305.0,305.0,Pettah
2023-11-17,Keeri Samba,305.0,305.0,Pettah
2023-11-20,Keeri Samba,306.67,306.67,Pettah
2023-11-21,Keeri Samba,310.0,310.0,Pettah
2023-11-22,Keeri Samba,310.0,310.0,Pettah
2023-11-23,Keeri Samba,307.5,307.5,Pettah
2023-11-24,Keeri Samba,310.0,310.0,Pettah
2023-11-27,Keeri Samba,310.0,310.0,Pettah
2023-11-28,Keeri Samba,310.0,310.0,Pettah
2023-12-01,Keeri Samba,310.0,310.0,Pettah
2023-12-04,Keeri Samba,315.0,315.0,Pettah
2023-12-05,Keeri Samba,315.0,315.0,Pettah
2023-12-06,Keeri Samba,315.0,315.0,Pettah
2023-12-07,Keeri Samba,315.0,315.0,Pettah
2023-12-08,Keeri Samba,316.67,316.67,Pettah
2023-12-11,Keeri Samba,315.0,315.0,Pettah
2023-12-12,Keeri Samba,315.0,315.0,Pettah
2023-12-13,Keeri Samba,315.0,315.0,Pettah
2023-12-14,Keeri Samba,315.0,315.0,Pettah
2023-12-15,Keeri Samba,315.0,315.0,Pettah
2023-12-18,Keeri Samba,315.0,315.0,Pettah
2023-12-19,Keeri Samba,315.0,315.0,Pettah
2023-12-20,Keeri Samba,315.0,315.0,Pettah
2023-12-21,Keeri Samba,320.0,320.0,Pettah
2023-12-22,Keeri Samba,315.0,315.0,Pettah
2023-12-27,Keeri Samba,317.5,317.5,Pettah
2023-12-28,Keeri Samba,320.0,320.0,Pettah
2023-12-29,Keeri Samba,320.0,320.0,Pettah
2024-01-01,Keeri Samba,325.0,325.0,Pettah
2024-01-02,Keeri Samba,325.0,325.0,Pettah
2024-01-03,Keeri Samba,330.0,330.0,Pettah
2024-01-04,Keeri Samba,335.0,335.0,Pettah
2024-01-05,Keeri Samba,335.0,335.0,Pettah
2024-01-08,Keeri Samba,338.33,338.33,Pettah
2024-01-09,Keeri Samba,335.0,335.0,Pettah
2024-01-10,Keeri Samba,335.0,335.0,Pettah
2024-01-11,Keeri Samba,340.0,340.0,Pettah
2024-01-12,Keeri Samba,340.0,340.0,Pettah
2024-01-16,Keeri Samba,342.5,342.5,Pettah
2024-01-17,Keeri Samba,345.0,345.0,Pettah
2024-01-18,Keeri Samba,345.0,345.0,Pettah
2024-01-19,Keeri Samba,345.0,345.0,Pettah
2024-01-22,Keeri Samba,211.0,211.0,Pettah
2024-01-23,Keeri Samba,208.0,208.0,Pettah
2024-01-24,Keeri Samba,208.0,208.0,Pettah
2024-01-26,Keeri Samba,207.5,207.5,Pettah
2024-01-29,Keeri Samba,207.0,207.0,Pettah
2024-01-30,Keeri Samba,207.0,207.0,Pettah
2024-01-31,Keeri Samba,337.5,337.5,Pettah
2024-02-01,Keeri Samba,325.0,325.0,Pettah
2024-02-02,Keeri Samba,330.0,330.0,Pettah
2024-02-05,Keeri Samba,325.0,325.0,Pettah
2024-02-06,Keeri Samba,325.0,325.0,Pettah
2024-02-07,Keeri Samba,325.0,325.0,Pettah
2024-02-08,Keeri Samba,325.0,325.0,Pettah
2024-02-09,Keeri Samba,325.0,325.0,Pettah
2024-02-12,Keeri Samba,325.0,325.0,Pettah
2024-02-13,Keeri Samba,325.0,325.0,Pettah
2024-02-14,Keeri Samba,325.0,325.0,Pettah
2024-02-15,Keeri Samba,325.0,325.0,Pettah
2024-02-16,Keeri Samba,325.0,325.0,Pettah
2024-02-19,Keeri Samba,325.0,325.0,Pettah
2024-02-20,Keeri Samba,325.0,325.0,Pettah
2024-02-21,Keeri Samba,330.0,330.0,Pettah
2024-02-22,Keeri Samba,327.5,327.5,Pettah
2024-02-26,Keeri Samba,320.0,320.0,Pettah
2024-02-27,Keeri Samba,320.0,320.0,Pettah
2024-02-28,Keeri Samba,320.0,320.0,Pettah
2024-02-29,Keeri Samba,320.0,320.0,Pettah
2024-03-01,Keeri Samba,320.0,320.0,Pettah
2024-03-04,Keeri Samba,320.0,320.0,Pettah
2024-03-05,Keeri Samba,320.0,320.0,Pettah
2024-03-06,Keeri Samba,320.0,320.0,Pettah
2024-03-07,Keeri Samba,320.0,320.0,Pettah
2024-03-11,Keeri Samba,320.0,320.0,Pettah
2024-03-12,Keeri Samba,320.0,320.0,Pettah
2024-03-13,Keeri Samba,320.0,320.0,Pettah
2024-03-14,Keeri Samba,320.0,320.0,Pettah
2024-03-15,Keeri Samba,320.0,320.0,Pettah
2024-03-18,Keeri Samba,320.0,320.0,Pettah
2024-03-19,Keeri Samba,317.5,317.5,Pettah
2024-03-20,Keeri Samba,317.5,317.5,Pettah
2024-03-21,Keeri Samba,317.5,317.5,Pettah
2024-03-22,Keeri Samba,317.5,317.5,Pettah
2024-03-25,Keeri Samba,317.5,317.5,Pettah
2024-03-26,Keeri Samba,317.5,317.5,Pettah
2024-03-27,Keeri Samba,317.5,317.5,Pettah
2024-03-28,Keeri Samba,317.5,317.5,Pettah
2024-04-01,Keeri Samba,317.5,317.5,Pettah
2024-04-02,Keeri Samba,317.5,317.5,Pettah
2024-04-03,Keeri Samba,317.5,317.5,Pettah
2024-04-04,Keeri Samba,317.5,317.5,Pettah
2024-04-05,Keeri Samba,317.5,317.5,Pettah
2024-04-08,Keeri Samba,317.5,317.5,Pettah
2024-04-09,Keeri Samba,317.5,317.5,Pettah
2024-04-10,Keeri Samba,316.25,316.25,Pettah
2024-04-16,Keeri Samba,315.0,315.0,Pettah
2024-04-17,Keeri Samba,317.5,317.5,Pettah
2024-04-18,Keeri Samba,315.0,315.0,Pettah
2024-04-19,Keeri Samba,317.5,317.5,Pettah
2024-04-22,Keeri Samba,317.5,317.5,Pettah
2024-04-24,Keeri Samba,313.75,313.75,Pettah
2024-04-25,Keeri Samba,315.0,315.0,Pettah
2024-04-26,Keeri Samba,316.0,316.0,Pettah
2024-04-29,Keeri Samba,317.5,317.5,Pettah
2024-04-30,Keeri Samba,315.0,315.0,Pettah
2024-05-02,Keeri Samba,313.75,313.75,Pettah
2024-05-03,Keeri Samba,312.5,312.5,Pettah
2024-05-06,Keeri Samba,315.0,315.0,Pettah
2024-05-07,Keeri Samba,313.75,313.75,Pettah
2024-05-08,Keeri Samba,313.75,313.75,Pettah
2024-05-09,Keeri Samba,313.75,313.75,Pettah
2024-05-10,Keeri Samba,312.0,312.0,Pettah
2024-05-13,Keeri Samba,312.0,312.0,Pettah
2024-05-14,Keeri Samba,312.0,312.0,Pettah
2024-05-15,Keeri Samba,312.0,312.0,Pettah
2024-05-16,Keeri Samba,312.0,312.0,Pettah
2024-05-17,Keeri Samba,312.0,312.0,Pettah
2024-05-20,Keeri Samba,312.0,312.0,Pettah
2024-05-21,Keeri Samba,312.0,312.0,Pettah
2024-05-22,Keeri Samba,312.0,312.0,Pettah
2024-05-27,Keeri Samba,312.0,312.0,Pettah
2024-05-28,Keeri Samba,312.0,312.0,Pettah
2024-05-29,Keeri Samba,312.0,312.0,Pettah
2024-05-30,Keeri Samba,312.0,312.0,Pettah
2024-05-31,Keeri Samba,312.0,312.0,Pettah
2024-06-03,Keeri Samba,312.0,312.0,Pettah
2024-06-04,Keeri Samba,309.0,309.0,Pettah
2024-06-05,Keeri Samba,306.0,306.0,Pettah
2024-06-06,Keeri Samba,308.0,308.0,Pettah
2024-06-07,Keeri Samba,308.0,308.0,Pettah
2024-06-10,Keeri Samba,308.0,308.0,Pettah
2024-06-11,Keeri Samba,308.0,308.0,Pettah
2024-06-12,Keeri Samba,308.0,308.0,Pettah
2024-06-13,Keeri Samba,308.0,308.0,Pettah
2024-06-14,Keeri Samba,308.0,308.0,Pettah
2024-06-18,Keeri Samba,310.0,310.0,Pettah
2024-06-19,Keeri Samba,310.0,310.0,Pettah
2024-06-20,Keeri Samba,310.0,310.0,Pettah
2024-06-24,Keeri Samba,312.0,312.0,Pettah
2024-06-25,Keeri Samba,303.0,303.0,Pettah
2024-06-26,Keeri Samba,302.5,302.5,Pettah
2024-06-27,Keeri Samba,302.5,302.5,Pettah
2024-06-28,Keeri Samba,305.83,305.83,Pettah
2024-07-01,Keeri Samba,302.0,302.0,Pettah
2024-07-02,Keeri Samba,297.5,297.5,Pettah
2024-07-03,Keeri Samba,290.0,290.0,Pettah
2024-07-04,Keeri Samba,287.5,287.5,Pettah
2024-07-05,Keeri Samba,287.5,287.5,Pettah
2024-07-08,Keeri Samba,287.5,287.5,Pettah
2024-07-09,Keeri Samba,290.0,290.0,Pettah
2024-07-10,Keeri Samba,290.0,290.0,Pettah
2024-07-11,Keeri Samba,290.0,290.0,Pettah
2024-07-12,Keeri Samba,290.0,290.0,Pettah
2024-07-15,Keeri Samba,287.5,287.5,Pettah
2024-07-16,Keeri Samba,287.5,287.5,Pettah
2024-07-17,Keeri Samba,283.0,283.0,Pettah
2024-07-18,Keeri Samba,283.0,283.0,Pettah
2024-07-19,Keeri Samba,292.5,292.5,Pettah
2024-07-22,Keeri Samba,287.5,287.5,Pettah
2024-07-23,Keeri Samba,285.0,285.0,Pettah
2024-07-24,Keeri Samba,287.5,287.5,Pettah
2024-07-25,Keeri Samba,290.0,290.0,Pettah
2024-07-26,Keeri Samba,287.5,287.5,Pettah
2024-07-29,Keeri Samba,287.5,287.5,Pettah
2024-07-30,Keeri Samba,287.5,287.5,Pettah
2024-07-31,Keeri Samba,285.0,285.0,Pettah
2024-08-01,Keeri Samba,285.0,285.0,Pettah
2024-08-02,Keeri Samba,273.75,273.75,Pettah
2024-08-05,Keeri Samba,280.0,280.0,Pettah
2024-08-06,Keeri Samba,280.0,280.0,Pettah
2024-08-07,Keeri Samba,280.0,280.0,Pettah
2024-08-08,Keeri Samba,280.0,280.0,Pettah
2024-08-09,Keeri Samba,280.0,280.0,Pettah
2024-08-12,Keeri Samba,270.0,270.0,Pettah
2024-08-13,Keeri Samba,270.0,270.0,Pettah
2024-08-14,Keeri Samba,270.0,270.0,Pettah
2024-08-15,Keeri Samba,270.0,270.0,Pettah
2024-08-16,Keeri Samba,270.0,270.0,Pettah
2024-08-20,Keeri Samba,270.0,270.0,Pettah
2024-08-21,Keeri Samba,270.0,270.0,Pettah
2024-08-22,Keeri Samba,270.0,270.0,Pettah
2024-08-23,Keeri Samba,270.0,270.0,Pettah
2024-08-26,Keeri Samba,270.0,270.0,Pettah
2024-08-27,Keeri Samba,270.0,270.0,Pettah
2024-08-28,Keeri Samba,270.0,270.0,Pettah
2024-08-29,Keeri Samba,270.0,270.0,Pettah
2024-08-30,Keeri Samba,270.0,270.0,Pettah
2024-09-02,Keeri Samba,270.0,270.0,Pettah
2024-09-03,Keeri Samba,270.0,270.0,Pettah
2024-09-04,Keeri Samba,270.0,270.0,Pettah
2024-09-05,Keeri Samba,270.0,270.0,Pettah
2024-09-06,Keeri Samba,270.0,270.0,Pettah
2024-09-09,Keeri Samba,270.0,270.0,Pettah
2024-09-10,Keeri Samba,270.0,270.0,Pettah
2024-09-11,Keeri Samba,270.0,270.0,Pettah
2024-09-12,Keeri Samba,270.0,270.0,Pettah
2024-09-13,Keeri Samba,270.0,270.0,Pettah
2024-09-18,Keeri Samba,270.0,270.0,Pettah
2024-09-19,Keeri Samba,270.0,270.0,Pettah
2024-09-20,Keeri Samba,270.0,270.0,Pettah
2024-09-24,Keeri Samba,270.0,270.0,Pettah
2024-09-25,Keeri Samba,270.0,270.0,Pettah
2024-09-26,Keeri Samba,272.5,272.5,Pettah
2024-09-27,Keeri Samba,270.0,270.0,Pettah
2024-09-30,Keeri Samba,270.0,270.0,Pettah
2024-10-01,Keeri Samba,277.5,277.5,Pettah
2024-10-02,Keeri Samba,277.5,277.5,Pettah
2024-10-03,Keeri Samba,250.0,250.0,Pettah
2024-10-04,Keeri Samba,270.0,270.0,Pettah
2024-10-07,Keeri Samba,250.0,250.0,Pettah
2024-10-08,Keeri Samba,250.0,250.0,Pettah
2024-10-09,Keeri Samba,250.0,250.0,Pettah
2024-10-10,Keeri Samba,250.0,250.0,Pettah
2024-10-11,Keeri Samba,250.0,250.0,Pettah
2024-10-14,Keeri Samba,250.0,250.0,Pettah
2024-10-15,Keeri Samba,250.0,250.0,Pettah
2024-10-16,Keeri Samba,250.0,250.0,Pettah
2024-10-18,Keeri Samba,250.0,250.0,Pettah
2024-10-21,Keeri Samba,250.0,250.0,Pettah
2024-10-22,Keeri Samba,250.0,250.0,Pettah
2024-10-23,Keeri Samba,250.0,250.0,Pettah
2024-10-24,Keeri Samba,250.0,250.0,Pettah
2024-10-25,Keeri Samba,250.0,250.0,Pettah
2024-10-28,Keeri Samba,250.0,250.0,Pettah
2024-10-29,Keeri Samba,248.0,248.0,Pettah
2024-11-01,Keeri Samba,252.0,252.0,Pettah
2024-11-04,Keeri Samba,252.0,252.0,Pettah
2024-11-05,Keeri Samba,250.0,250.0,Pettah
2024-11-06,Keeri Samba,250.0,250.0,Pettah
2024-11-07,Keeri Samba,250.0,250.0,Pettah
2024-11-08,Keeri Samba,250.0,250.0,Pettah
2024-11-11,Keeri Samba,250.0,250.0,Pettah
2024-11-12,Keeri Samba,250.0,250.0,Pettah
2024-11-13,Keeri Samba,250.0,250.0,Pettah
2024-11-14,Keeri Samba,250.0,250.0,Pettah
2024-11-18,Keeri Samba,250.0,250.0,Pettah
2024-11-19,Keeri Samba,250.0,250.0,Pettah
2024-11-20,Keeri Samba,250.0,250.0,Pettah
2024-11-21,Keeri Samba,250.0,250.0,Pettah
2024-11-22,Keeri Samba,250.0,250.0,Pettah
2024-11-25,Keeri Samba,250.0,250.0,Pettah
2024-11-26,Keeri Samba,250.0,250.0,Pettah
2024-11-27,Keeri Samba,250.0,250.0,Pettah
2024-11-28,Keeri Samba,250.0,250.0,Pettah
2024-11-29,Keeri Samba,250.0,250.0,Pettah
2024-12-02,Keeri Samba,265.0,265.0,Pettah
2024-12-03,Keeri Samba,265.0,265.0,Pettah
2024-12-04,Keeri Samba,267.5,267.5,Pettah
2024-12-05,Keeri Samba,267.5,267.5,Pettah
2024-12-06,Keeri Samba,267.5,267.5,Pettah
2024-12-09,Keeri Samba,267.5,267.5,Pettah
2024-12-10,Keeri Samba,256.25,256.25,Pettah
2024-12-11,Keeri Samba,255.0,255.0,Pettah
2024-12-12,Keeri Samba,255.0,255.0,Pettah
2024-12-13,Keeri Samba,255.0,255.0,Pettah
2024-12-16,Keeri Samba,255.0,255.0,Pettah
2024-12-17,Keeri Samba,255.0,255.0,Pettah
2024-12-18,Keeri Samba,255.0,255.0,Pettah
2024-12-19,Keeri Samba,255.0,255.0,Pettah
2024-12-20,Keeri Samba,255.0,255.0,Pettah
2024-12-23,Keeri Samba,255.0,255.0,Pettah
2024-12-24,Keeri Samba,253.75,253.75,Pettah
2024-12-26,Keeri Samba,255.0,255.0,Pettah
2024-12-27,Keeri Samba,255.0,255.0,Pettah
2024-12-30,Keeri Samba,255.0,255.0,Pettah
2024-12-31,Keeri Samba,255.0,255.0,Pettah
2025-01-01,Keeri Samba,255.0,255.0,Pettah
2025-01-02,Keeri Samba,255.0,255.0,Pettah
2025-01-03,Keeri Samba,255.0,255.0,Pettah
2025-01-06,Keeri Samba,255.0,255.0,Pettah
2025-01-07,Keeri Samba,255.0,255.0,Pettah
2025-01-08,Keeri Samba,255.0,255.0,Pettah
2025-01-09,Keeri Samba,255.0,255.0,Pettah
2025-01-10,Keeri Samba,255.0,255.0,Pettah
2025-01-15,Keeri Samba,255.0,255.0,Pettah
2025-01-16,Keeri Samba,255.0,255.0,Pettah
2025-01-17,Keeri Samba,255.0,255.0,Pettah
2025-01-20,Keeri Samba,237.5,237.5,Pettah
2025-01-21,Keeri Samba,227.5,227.5,Pettah
2025-01-22,Keeri Samba,227.5,227.5,Pettah
2025-01-23,Keeri Samba,227.5,227.5,Pettah
2025-01-24,Keeri Samba,227.5,227.5,Pettah
2025-01-27,Keeri Samba,227.5,227.5,Pettah
2025-01-28,Keeri Samba,230.67,230.67,Pettah
2025-01-29,Keeri Samba,230.67,230.67,Pettah
2025-01-30,Keeri Samba,221.0,221.0,Pettah
2025-01-31,Keeri Samba,231.5,231.5,Pettah
2025-02-03,Keeri Samba,222.5,222.5,Pettah
2025-02-05,Keeri Samba,221.5,221.5,Pettah
2025-02-06,Keeri Samba,221.5,221.5,Pettah
2025-02-07,Keeri Samba,221.5,221.5,Pettah
2025-02-10,Keeri Samba,257.5,257.5,Pettah
2025-02-11,Keeri Samba,257.5,257.5,Pettah
2025-02-13,Keeri Samba,257.5,257.5,Pettah
2025-02-14,Keeri Samba,257.5,257.5,Pettah
2025-02-17,Keeri Samba,257.5,257.5,Pettah
2025-02-18,Keeri Samba,257.5,257.5,Pettah
2025-02-19,Keeri Samba,257.5,257.5,Pettah
2025-02-20,Keeri Samba,257.5,257.5,Pettah
2025-02-21,Keeri Samba,257.5,257.5,Pettah
2025-02-24,Keeri Samba,257.5,257.5,Pettah
2025-02-25,Keeri Samba,257.5,257.5,Pettah
2025-02-27,Keeri Samba,258.75,258.75,Pettah
2025-02-28,Keeri Samba,265.0,265.0,Pettah
2025-03-03,Keeri Samba,265.0,265.0,Pettah
2025-03-04,Keeri Samba,265.0,265.0,Pettah
2025-03-05,Keeri Samba,265.0,265.0,Pettah
2025-03-06,Keeri Samba,265.0,265.0,Pettah
2025-03-07,Keeri Samba,266.25,266.25,Pettah
2025-03-10,Keeri Samba,267.5,267.5,Pettah
2025-03-11,Keeri Samba,270.0,270.0,Pettah
2025-03-12,Keeri Samba,272.5,272.5,Pettah
2025-03-14,Keeri Samba,272.5,272.5,Pettah
2025-03-17,Keeri Samba,272.5,272.5,Pettah
2025-03-18,Keeri Samba,272.5,272.5,Pettah
2025-03-19,Keeri Samba,272.5,272.5,Pettah
2025-03-20,Keeri Samba,272.5,272.5,Pettah
2025-03-21,Keeri Samba,272.5,272.5,Pettah
2025-03-24,Keeri Samba,270.0,270.0,Pettah
2025-03-25,Keeri Samba,267.5,267.5,Pettah
2025-03-26,Keeri Samba,267.5,267.5,Pettah
2025-03-27,Keeri Samba,267.5,267.5,Pettah
2025-03-28,Keeri Samba,267.5,267.5,Pettah
2025-04-01,Keeri Samba,267.5,267.5,Pettah
2025-04-02,Keeri Samba,267.5,267.5,Pettah
2025-04-03,Keeri Samba,272.5,272.5,Pettah
2025-04-04,Keeri Samba,272.5,272.5,Pettah
2025-04-07,Keeri Samba,280.0,280.0,Pettah
2025-04-08,Keeri Samba,280.0,280.0,Pettah
2025-04-09,Keeri Samba,280.0,280.0,Pettah
2025-04-10,Keeri Samba,280.0,280.0,Pettah
2025-04-11,Keeri Samba,280.0,280.0,Pettah
2025-04-16,Keeri Samba,286.0,286.0,Pettah
2025-04-17,Keeri Samba,267.5,267.5,Pettah
2025-04-21,Keeri Samba,267.5,267.5,Pettah
2025-04-22,Keeri Samba,267.5,267.5,Pettah
2025-04-23,Keeri Samba,270.0,270.0,Pettah
2025-04-24,Keeri Samba,270.0,270.0,Pettah
2025-04-25,Keeri Samba,270.0,270.0,Pettah
2025-04-28,Keeri Samba,270.0,270.0,Pettah
2025-04-29,Keeri Samba,270.0,270.0,Pettah
2025-05-02,Keeri Samba,270.0,270.0,Pettah
2025-05-05,Keeri Samba,270.0,270.0,Pettah
2025-05-06,Keeri Samba,270.0,270.0,Pettah
2025-05-07,Keeri Samba,267.5,267.5,Pettah
2025-05-08,Keeri Samba,267.5,267.5,Pettah
2025-05-09,Keeri Samba,267.5,267.5,Pettah
2025-05-14,Keeri Samba,270.0,270.0,Pettah
2025-05-15,Keeri Samba,282.5,282.5,Pettah
2025-05-16,Keeri Samba,290.0,290.0,Pettah
2025-05-19,Keeri Samba,285.0,285.0,Pettah
2025-05-20,Keeri Samba,285.0,285.0,Pettah
2025-05-21,Keeri Samba,285.0,285.0,Pettah
2025-05-22,Keeri Samba,285.0,285.0,Pettah
2025-05-23,Keeri Samba,285.0,285.0,Pettah
2025-05-26,Keeri Samba,285.0,285.0,Pettah
2025-05-27,Keeri Samba,285.0,285.0,Pettah
2025-05-28,Keeri Samba,285.0,285.0,Pettah
2025-05-29,Keeri Samba,285.0,285.0,Pettah
2025-05-30,Keeri Samba,285.0,285.0,Pettah
2025-06-02,Keeri Samba,285.0,285.0,Pettah
2025-06-03,Keeri Samba,285.0,285.0,Pettah
2025-06-04,Keeri Samba,285.0,285.0,Pettah
2025-06-05,Keeri Samba,285.0,285.0,Pettah
2025-06-06,Keeri Samba,285.0,285.0,Pettah
2025-06-09,Keeri Samba,285.0,285.0,Pettah
2025-06-11,Keeri Samba,285.0,285.0,Pettah
2025-06-12,Keeri Samba,285.0,285.0,Pettah
2025-06-13,Keeri Samba,285.0,285.0,Pettah
2025-06-16,Keeri Samba,285.0,285.0,Pettah
2025-06-17,Keeri Samba,285.0,285.0,Pettah
2025-06-18,Keeri Samba,285.0,285.0,Pettah
2025-06-19,Keeri Samba,285.0,285.0,Pettah
2025-06-20,Keeri Samba,285.0,285.0,Pettah
2025-06-23,Keeri Samba,285.0,285.0,Pettah
2025-06-24,Keeri Samba,285.0,285.0,Pettah
2025-06-25,Keeri Samba,285.0,285.0,Pettah
2025-06-26,Keeri Samba,285.0,285.0,Pettah
2025-06-27,Keeri Samba,285.0,285.0,Pettah
2025-06-30,Keeri Samba,285.0,285.0,Pettah
2025-07-01,Keeri Samba,285.0,285.0,Pettah
2025-07-07,Keeri Samba,285.0,285.0,Pettah
2025-07-08,Keeri Samba,280.0,280.0,Pettah
2025-07-09,Keeri Samba,280.0,280.0,Pettah
2025-07-11,Keeri Samba,280.0,280.0,Pettah
2025-07-14,Keeri Samba,280.0,280.0,Pettah
2025-07-15,Keeri Samba,280.0,280.0,Pettah
2025-07-16,Keeri Samba,280.0,280.0,Pettah
2025-07-17,Keeri Samba,280.0,280.0,Pettah
2025-07-18,Keeri Samba,280.0,280.0,Pettah
2025-07-21,Keeri Samba,280.0,280.0,Pettah
2025-07-22,Keeri Samba,280.0,280.0,Pettah
2025-07-23,Keeri Samba,280.0,280.0,Pettah
2025-07-24,Keeri Samba,280.0,280.0,Pettah
2025-07-25,Keeri Samba,280.0,280.0,Pettah
2025-07-28,Keeri Samba,284.5,284.5,Pettah
2025-07-29,Keeri Samba,285.0,285.0,Pettah
2025-07-30,Keeri Samba,265.0,265.0,Pettah
2025-07-31,Keeri Samba,280.0,280.0,Pettah
2025-08-01,Keeri Samba,280.0,280.0,Pettah
2025-08-04,Keeri Samba,280.0,280.0,Pettah
2025-08-05,Keeri Samba,277.5,277.5,Pettah
2025-08-06,Keeri Samba,280.0,280.0,Pettah
2025-08-07,Keeri Samba,277.5,277.5,Pettah
2025-08-11,Keeri Samba,273.0,273.0,Pettah
2025-08-12,Keeri Samba,282.0,282.0,Pettah
2025-08-13,Keeri Samba,282.0,282.0,Pettah
2025-08-14,Keeri Samba,282.0,282.0,Pettah
2025-08-15,Keeri Samba,282.0,282.0,Pettah
2025-08-18,Keeri Samba,283.0,283.0,Pettah
2025-08-19,Keeri Samba,274.0,274.0,Pettah
2025-08-20,Keeri Samba,273.0,273.0,Pettah
2025-08-21,Keeri Samba,273.0,273.0,Pettah
2025-08-22,Keeri Samba,273.0,273.0,Pettah
2025-08-25,Keeri Samba,284.0,284.0,Pettah
2025-08-26,Keeri Samba,284.0,284.0,Pettah
2025-08-27,Keeri Samba,284.0,284.0,Pettah
2025-08-28,Keeri Samba,286.0,286.0,Pettah
2025-08-29,Keeri Samba,292.0,292.0,Pettah
2025-09-01,Keeri Samba,288.0,288.0,Pettah
2025-09-02,Keeri Samba,296.0,296.0,Pettah
2025-09-03,Keeri Samba,296.0,296.0,Pettah
2025-09-04,Keeri Samba,296.0,296.0,Pettah
2025-09-08,Keeri Samba,282.0,282.0,Pettah
2025-09-09,Keeri Samba,294.0,294.0,Pettah
2025-09-10,Keeri Samba,302.5,302.5,Pettah
2025-09-11,Keeri Samba,300.0,300.0,Pettah
2025-09-12,Keeri Samba,300.0,300.0,Pettah
2025-09-15,Keeri Samba,302.5,302.5,Pettah
2025-09-16,Keeri Samba,305.0,305.0,Pettah
2025-09-17,Keeri Samba,305.0,305.0,Pettah
2025-09-18,Keeri Samba,310.0,310.0,Pettah
2025-09-19,Keeri Samba,312.5,312.5,Pettah
2025-09-22,Keeri Samba,300.0,300.0,Pettah
2025-09-23,Keeri Samba,314.0,314.0,Pettah
2025-09-24,Keeri Samba,314.0,314.0,Pettah
2025-09-25,Keeri Samba,302.0,302.0,Pettah
2025-09-26,Keeri Samba,306.0,306.0,Pettah
2025-09-29,Keeri Samba,306.0,306.0,Pettah
2025-09-30,Keeri Samba,314.0,314.0,Pettah
2025-10-01,Keeri Samba,314.0,314.0,Pettah
2025-10-02,Keeri Samba,314.0,314.0,Pettah
2025-10-03,Keeri Samba,314.0,314.0,Pettah
2025-10-07,Keeri Samba,306.0,306.0,Pettah
2025-10-08,Keeri Samba,306.0,306.0,Pettah
2025-10-09,Keeri Samba,316.0,316.0,Pettah
2025-10-10,Keeri Samba,316.0,316.0,Pettah
2025-10-13,Keeri Samba,318.0,318.0,Pettah
2025-10-14,Keeri Samba,318.0,318.0,Pettah
2025-10-15,Keeri Samba,318.0,318.0,Pettah
2025-10-16,Keeri Samba,318.0,318.0,Pettah
2025-10-17,Keeri Samba,318.0,318.0,Pettah
2025-10-21,Keeri Samba,318.0,318.0,Pettah
2025-10-22,Keeri Samba,318.0,318.0,Pettah
2025-10-23,Keeri Samba,318.0,318.0,Pettah
2025-10-24,Keeri Samba,318.0,318.0,Pettah
2025-10-27,Keeri Samba,312.0,312.0,Pettah
2025-10-28,Keeri Samba,322.0,322.0,Pettah
2025-10-29,Keeri Samba,320.0,320.0,Pettah
2025-10-30,Keeri Samba,320.0,320.0,Pettah
2025-10-31,Keeri Samba,320.0,320.0,Pettah
2025-11-03,Keeri Samba,322.0,322.0,Pettah
2025-11-04,Keeri Samba,314.0,314.0,Pettah
2025-11-06,Keeri Samba,314.0,314.0,Pettah
2025-11-07,Keeri Samba,318.0,318.0,Pettah
2025-11-10,Keeri Samba,318.0,318.0,Pettah
2025-11-11,Keeri Samba,318.0,318.0,Pettah
2025-11-12,Keeri Samba,318.0,318.0,Pettah
2025-11-13,Keeri Samba,318.0,318.0,Pettah
2025-11-14,Keeri Samba,318.0,318.0,Pettah
2025-11-17,Keeri Samba,318.0,318.0,Pettah
2025-11-18,Keeri Samba,318.0,318.0,Pettah
2025-11-19,Keeri Samba,318.0,318.0,Pettah
2025-11-20,Keeri Samba,318.0,318.0,Pettah
2025-11-21,Keeri Samba,318.0,318.0,Pettah
2025-11-24,Keeri Samba,322.0,322.0,Pettah
2025-11-25,Keeri Samba,322.0,322.0,Pettah
2025-11-26,Keeri Samba,322.0,322.0,Pettah
2025-11-27,Keeri Samba,318.0,318.0,Pettah
2025-12-01,Keeri Samba,322.0,322.0,Pettah
2025-12-02,Keeri Samba,322.0,322.0,Pettah
2025-12-03,Keeri Samba,322.0,322.0,Pettah
2025-12-05,Keeri Samba,322.0,322.0,Pettah
2025-12-08,Keeri Samba,316.0,316.0,Pettah
2025-12-09,Keeri Samba,324.0,324.0,Pettah
2025-12-10,Keeri Samba,324.0,324.0,Pettah
2025-12-11,Keeri Samba,324.0,324.0,Pettah
2025-12-12,Keeri Samba,324.0,324.0,Pettah
2025-12-15,Keeri Samba,324.0,324.0,Pettah
2025-12-16,Keeri Samba,324.0,324.0,Pettah
2025-12-17,Keeri Samba,326.0,326.0,Pettah
2025-12-18,Keeri Samba,326.0,326.0,Pettah
2025-12-19,Keeri Samba,326.0,326.0,Pettah
2025-12-22,Keeri Samba,342.0,342.0,Pettah
2025-12-23,Keeri Samba,342.0,342.0,Pettah
2025-12-24,Keeri Samba,336.67,336.67,Pettah
2025-12-26,Keeri Samba,336.67,336.67,Pettah
2025-12-29,Keeri Samba,333.33,333.33,Pettah
2025-12-30,Keeri Samba,345.0,345.0,Pettah
2025-12-31,Keeri Samba,343.33,343.33,Pettah
2026-01-01,Keeri Samba,345.0,345.0,Pettah
2026-01-02,Keeri Samba,345.0,345.0,Pettah
2026-01-05,Keeri Samba,355.0,355.0,Pettah
2026-01-06,Keeri Samba,345.0,345.0,Pettah
2026-01-07,Keeri Samba,350.0,350.0,Pettah
2026-01-08,Keeri Samba,350.0,350.0,Pettah
2026-01-09,Keeri Samba,350.0,350.0,Pettah
2026-01-12,Keeri Samba,350.0,350.0,Pettah
2026-01-13,Keeri Samba,350.0,350.0,Pettah
2026-01-16,Keeri Samba,350.0,350.0,Pettah
2026-01-19,Keeri Samba,350.0,350.0,Pettah
2026-01-20,Keeri Samba,350.0,350.0,Pettah
2026-01-21,Keeri Samba,350.0,350.0,Pettah
2026-01-22,Keeri Samba,350.0,350.0,Pettah
2026-01-23,Keeri Samba,350.0,350.0,Pettah
2026-01-26,Keeri Samba,350.0,350.0,Pettah
2026-01-27,Keeri Samba,350.0,350.0,Pettah
2026-01-28,Keeri Samba,347.5,347.5,Pettah
2026-01-29,Keeri Samba,350.0,350.0,Pettah
2026-01-30,Keeri Samba,345.0,345.0,Pettah
2026-02-02,Keeri Samba,350.0,350.0,Pettah
2026-02-03,Keeri Samba,350.0,350.0,Pettah
2026-02-05,Keeri Samba,325.0,325.0,Pettah
2026-02-06,Keeri Samba,325.0,325.0,Pettah
2026-02-09,Keeri Samba,325.0,325.0,Pettah
2026-02-10,Keeri Samba,325.0,325.0,Pettah
2026-02-11,Keeri Samba,325.0,325.0,Pettah
2026-02-12,Keeri Samba,315.0,315.0,Pettah
2026-02-13,Keeri Samba,320.0,320.0,Pettah
2026-02-16,Keeri Samba,315.0,315.0,Pettah
2026-02-17,Keeri Samba,315.0,315.0,Pettah
2026-02-18,Keeri Samba,315.0,315.0,Pettah
2026-02-19,Keeri Samba,315.0,315.0,Pettah
2026-02-20,Keeri Samba,315.0,315.0,Pettah
2026-02-23,Keeri Samba,310.0,310.0,Pettah
2026-02-24,Keeri Samba,310.0,310.0,Pettah
2026-02-25,Keeri Samba,310.0,310.0,Pettah
2026-02-26,Keeri Samba,310.0,310.0,Pettah
2026-02-27,Keeri Samba,310.0,310.0,Pettah
2026-03-03,Keeri Samba,310.0,310.0,Pettah
2026-03-04,Keeri Samba,310.0,310.0,Pettah
2026-03-05,Keeri Samba,310.0,310.0,Pettah
2026-03-06,Keeri Samba,310.0,310.0,Pettah
2026-03-09,Keeri Samba,330.0,330.0,Pettah
2026-03-10,Keeri Samba,330.0,330.0,Pettah
2026-03-11,Keeri Samba,325.0,325.0,Pettah
2026-03-12,Keeri Samba,327.5,327.5,Pettah
2026-03-13,Keeri Samba,327.5,327.5,Pettah
2026-03-16,Keeri Samba,330.0,330.0,Pettah
2026-03-17,Keeri Samba,330.0,330.0,Pettah
2026-03-18,Keeri Samba,330.0,330.0,Pettah
2026-03-19,Keeri Samba,335.0,335.0,Pettah
2026-03-20,Keeri Samba,335.0,335.0,Pettah
2026-03-23,Keeri Samba,335.0,335.0,Pettah
2026-03-24,Keeri Samba,335.0,335.0,Pettah
2026-03-25,Keeri Samba,335.0,335.0,Pettah
2026-03-26,Keeri Samba,335.0,335.0,Pettah
2026-03-27,Keeri Samba,335.0,335.0,Pettah
2026-03-30,Keeri Samba,335.0,335.0,Pettah
2026-03-31,Keeri Samba,335.0,335.0,Pettah
2026-04-02,Keeri Samba,335.0,335.0,Pettah
2026-04-06,Keeri Samba,335.0,335.0,Pettah
2026-04-07,Keeri Samba,345.0,345.0,Pettah
2026-04-08,Keeri Samba,345.0,345.0,Pettah
2026-04-09,Keeri Samba,345.0,345.0,Pettah
2026-04-10,Keeri Samba,345.0,345.0,Pettah
2026-04-20,Keeri Samba,345.0,345.0,Pettah
2026-04-21,Keeri Samba,345.0,345.0,Pettah
2026-04-22,Keeri Samba,345.0,345.0,Pettah
2026-04-23,Keeri Samba,345.0,345.0,Pettah
2026-04-24,Keeri Samba,345.0,345.0,Pettah
2026-04-27,Keeri Samba,345.0,345.0,Pettah
2026-04-28,Keeri Samba,345.0,345.0,Pettah
2026-04-29,Keeri Samba,345.0,345.0,Pettah
2026-04-30,Keeri Samba,345.0,345.0,Pettah
2026-05-04,Keeri Samba,345.0,345.0,Pettah
2026-05-05,Keeri Samba,345.0,345.0,Pettah
2026-05-06,Keeri Samba,345.0,345.0,Pettah
2026-05-07,Keeri Samba,345.0,345.0,Pettah
2026-05-08,Keeri Samba,345.0,345.0,Pettah
2026-05-11,Keeri Samba,345.0,345.0,Pettah
2026-05-12,Keeri Samba,345.0,345.0,Pettah
2026-05-13,Keeri Samba,345.0,345.0,Pettah
2026-05-14,Keeri Samba,345.0,345.0,Pettah
2026-05-15,Keeri Samba,345.0,345.0,Pettah
2026-05-18,Keeri Samba,345.0,345.0,Pettah
2026-05-19,Keeri Samba,345.0,345.0,Pettah
2026-05-20,Keeri Samba,345.0,345.0,Pettah
2026-05-21,Keeri Samba,345.0,345.0,Pettah
2026-05-22,Keeri Samba,345.0,345.0,Pettah
2026-05-25,Keeri Samba,335.0,335.0,Pettah
2026-05-26,Keeri Samba,335.0,335.0,Pettah
2026-05-27,Keeri Samba,335.0,335.0,Pettah
2026-05-29,Keeri Samba,335.0,335.0,Pettah
2026-06-01,Keeri Samba,335.0,335.0,Pettah
2026-06-02,Keeri Samba,335.0,335.0,Pettah
2026-06-03,Keeri Samba,335.0,335.0,Pettah
2026-06-04,Keeri Samba,335.0,335.0,Pettah
2026-06-05,Keeri Samba,335.0,335.0,Pettah
2026-06-08,Keeri Samba,330.0,330.0,Pettah
2026-06-09,Keeri Samba,335.0,335.0,Pettah
2026-06-10,Keeri Samba,330.0,330.0,Pettah
2026-06-11,Keeri Samba,330.0,330.0,Pettah
2026-06-12,Keeri Samba,330.0,330.0,Pettah
2026-06-15,Keeri Samba,330.0,330.0,Pettah
2026-06-16,Keeri Samba,330.0,330.0,Pettah
2026-06-17,Keeri Samba,330.0,330.0,Pettah
2026-06-18,Keeri Samba,330.0,330.0,Pettah
2026-06-19,Keeri Samba,330.0,330.0,Pettah
2026-06-22,Keeri Samba,325.0,325.0,Pettah
2026-06-23,Keeri Samba,320.0,320.0,Pettah
2026-06-24,Keeri Samba,300.0,300.0,Pettah
2026-06-25,Keeri Samba,300.0,300.0,Pettah
2026-06-26,Keeri Samba,302.0,302.0,Pettah
2026-06-30,Keeri Samba,300.0,300.0,Pettah
2026-07-01,Keeri Samba,296.0,296.0,Pettah
2026-07-02,Keeri Samba,300.0,300.0,Pettah
2026-07-03,Keeri Samba,300.0,300.0,Pettah
2026-07-06,Keeri Samba,300.0,300.0,Pettah
2026-07-07,Keeri Samba,300.0,300.0,Pettah
2026-07-08,Keeri Samba,300.0,300.0,Pettah
2026-07-09,Keeri Samba,296.0,296.0,Pettah
2026-07-10,Keeri Samba,296.0,296.0,Pettah
2026-07-13,Keeri Samba,292.0,292.0,Pettah
2026-07-14,Keeri Samba,302.0,302.0,Pettah
2026-07-15,Keeri Samba,295.0,295.0,Pettah
2026-07-16,Keeri Samba,302.0,302.0,Pettah
2026-07-17,Keeri Samba,302.0,302.0,Pettah
2026-07-20,Keeri Samba,292.0,292.0,Pettah
2026-07-21,Keeri Samba,292.0,292.0,Pettah
2026-07-22,Keeri Samba,292.0,292.0,Pettah
2026-07-23,Keeri Samba,285.0,285.0,Pettah
2026-07-24,Keeri Samba,292.0,292.0,Pettah
2026-07-27,Keeri Samba,292.0,292.0,Pettah
2026-07-28,Keeri Samba,292.0,292.0,Pettah
2026-07-30,Keeri Samba,292.0,292.0,Pettah
2026-07-31,Keeri Samba,292.0,292.0,Pettah
2026-08-03,Keeri Samba,292.0,292.0,Pettah
2026-08-04,Keeri Samba,292.0,292.0,Pettah
2026-08-05,Keeri Samba,292.0,292.0,Pettah
2026-08-06,Keeri Samba,292.0,292.0,Pettah
2026-08-07,Keeri Samba,280.0,280.0,Pettah
2015-06-22,Nadu,,,Pettah
2015-06-23,Nadu,,,Pettah
2015-06-24,Nadu,,,Pettah
2015-06-25,Nadu,,,Pettah
2015-06-26,Nadu,,,Pettah
2015-06-29,Nadu,,,Pettah
2015-06-30,Nadu,,,Pettah
2015-07-01,Nadu,,,Pettah
2015-07-02,Nadu,,,Pettah
2015-07-03,Nadu,,,Pettah
2015-07-06,Nadu,,,Pettah
2015-07-09,Nadu,,,Pettah
2015-07-10,Nadu,,,Pettah
2015-07-13,Nadu,,,Pettah
2015-07-14,Nadu,,,Pettah
2015-07-15,Nadu,,,Pettah
2015-07-16,Nadu,,,Pettah
2015-07-17,Nadu,,,Pettah
2015-07-20,Nadu,,,Pettah
2015-07-21,Nadu,,,Pettah
2015-07-22,Nadu,,,Pettah
2015-07-24,Nadu,,,Pettah
2015-07-27,Nadu,,,Pettah
2015-07-28,Nadu,,,Pettah
2015-07-29,Nadu,,,Pettah
2015-07-30,Nadu,,,Pettah
2015-08-03,Nadu,,,Pettah
2015-08-04,Nadu,,,Pettah
2015-08-05,Nadu,,,Pettah
2015-08-06,Nadu,,,Pettah
2015-08-07,Nadu,,,Pettah
2015-08-10,Nadu,,,Pettah
2015-08-11,Nadu,,,Pettah
2015-08-12,Nadu,,,Pettah
2015-08-13,Nadu,,,Pettah
2015-08-14,Nadu,,,Pettah
2015-08-20,Nadu,,,Pettah
2015-08-21,Nadu,,,Pettah
2015-08-24,Nadu,,,Pettah
2015-08-25,Nadu,,,Pettah
2015-08-26,Nadu,,,Pettah
2015-08-27,Nadu,,,Pettah
2015-08-28,Nadu,,,Pettah
2015-08-31,Nadu,,,Pettah
2015-09-01,Nadu,,,Pettah
2015-09-02,Nadu,,,Pettah
2015-09-03,Nadu,,,Pettah
2015-09-04,Nadu,,,Pettah
2015-09-07,Nadu,,,Pettah
2015-09-09,Nadu,,,Pettah
2015-09-10,Nadu,,,Pettah
2015-09-11,Nadu,,,Pettah
2015-09-14,Nadu,,,Pettah
2015-09-16,Nadu,,,Pettah
2015-09-17,Nadu,,,Pettah
2015-09-18,Nadu,,,Pettah
2015-09-21,Nadu,,,Pettah
2015-09-22,Nadu,,,Pettah
2015-09-23,Nadu,,,Pettah
2015-09-25,Nadu,,,Pettah
2015-09-28,Nadu,,,Pettah
2015-09-29,Nadu,,,Pettah
2015-10-01,Nadu,,,Pettah
2015-10-02,Nadu,,,Pettah
2015-10-05,Nadu,,,Pettah
2015-10-06,Nadu,,,Pettah
2015-10-07,Nadu,,,Pettah
2015-10-08,Nadu,,,Pettah
2015-10-09,Nadu,,,Pettah
2015-10-12,Nadu,,,Pettah
2015-10-13,Nadu,,,Pettah
2015-10-14,Nadu,,,Pettah
2015-10-15,Nadu,,,Pettah
2015-10-16,Nadu,,,Pettah
2015-10-19,Nadu,,,Pettah
2015-10-20,Nadu,,,Pettah
2015-10-21,Nadu,,,Pettah
2015-10-22,Nadu,,,Pettah
2015-10-23,Nadu,,,Pettah
2015-10-26,Nadu,,,Pettah
2015-10-28,Nadu,,,Pettah
2015-10-29,Nadu,,,Pettah
2015-10-30,Nadu,,,Pettah
2015-11-02,Nadu,,,Pettah
2015-11-03,Nadu,,,Pettah
2015-11-04,Nadu,,,Pettah
2015-11-05,Nadu,,,Pettah
2015-11-06,Nadu,,,Pettah
2015-11-09,Nadu,,,Pettah
2015-11-11,Nadu,,,Pettah
2015-11-12,Nadu,,,Pettah
2015-11-13,Nadu,,,Pettah
2015-11-16,Nadu,,,Pettah
2015-11-17,Nadu,,,Pettah
2015-11-18,Nadu,,,Pettah
2015-11-19,Nadu,,,Pettah
2015-11-20,Nadu,,,Pettah
2015-11-23,Nadu,,,Pettah
2015-11-24,Nadu,,,Pettah
2015-11-26,Nadu,,,Pettah
2015-11-27,Nadu,,,Pettah
2015-11-30,Nadu,,,Pettah
2015-12-01,Nadu,,,Pettah
2015-12-02,Nadu,,,Pettah
2015-12-03,Nadu,,,Pettah
2015-12-04,Nadu,,,Pettah
2015-12-07,Nadu,,,Pettah
2015-12-08,Nadu,,,Pettah
2015-12-09,Nadu,,,Pettah
2015-12-10,Nadu,,,Pettah
2015-12-11,Nadu,,,Pettah
2015-12-14,Nadu,,,Pettah
2015-12-15,Nadu,,,Pettah
2015-12-16,Nadu,,,Pettah
2015-12-17,Nadu,,,Pettah
2015-12-18,Nadu,,,Pettah
2015-12-20,Nadu,,,Pettah
2015-12-21,Nadu,,,Pettah
2015-12-22,Nadu,,,Pettah
2015-12-23,Nadu,,,Pettah
2015-12-28,Nadu,,,Pettah
2015-12-29,Nadu,,,Pettah
2015-12-30,Nadu,,,Pettah
2015-12-31,Nadu,,,Pettah
2016-01-04,Nadu,,,Pettah
2016-01-05,Nadu,,,Pettah
2016-01-06,Nadu,,,Pettah
2016-01-07,Nadu,,,Pettah
2016-01-08,Nadu,,,Pettah
2016-01-11,Nadu,,,Pettah
2016-01-12,Nadu,,,Pettah
2016-01-13,Nadu,,,Pettah
2016-01-14,Nadu,,,Pettah
2016-01-18,Nadu,,,Pettah
2016-01-19,Nadu,,,Pettah
2016-01-20,Nadu,,,Pettah
2016-01-21,Nadu,,,Pettah
2016-01-22,Nadu,,,Pettah
2016-01-25,Nadu,,,Pettah
2016-01-26,Nadu,,,Pettah
2016-01-27,Nadu,,,Pettah
2016-01-28,Nadu,,,Pettah
2016-01-29,Nadu,,,Pettah
2016-02-01,Nadu,,,Pettah
2016-02-02,Nadu,,,Pettah
2016-02-03,Nadu,,,Pettah
2016-02-05,Nadu,,,Pettah
2016-02-08,Nadu,,,Pettah
2016-02-09,Nadu,,,Pettah
2016-02-10,Nadu,,,Pettah
2016-02-11,Nadu,,,Pettah
2016-02-12,Nadu,,,Pettah
2016-02-15,Nadu,,,Pettah
2016-02-16,Nadu,,,Pettah
2016-02-17,Nadu,,,Pettah
2016-02-18,Nadu,,,Pettah
2016-02-19,Nadu,,,Pettah
2016-02-23,Nadu,,,Pettah
2016-02-24,Nadu,,,Pettah
2016-02-25,Nadu,,,Pettah
2016-02-26,Nadu,,,Pettah
2016-02-29,Nadu,,,Pettah
2016-03-01,Nadu,,,Pettah
2016-03-02,Nadu,,,Pettah
2016-03-03,Nadu,,,Pettah
2016-03-04,Nadu,,,Pettah
2016-03-08,Nadu,,,Pettah
2016-03-09,Nadu,,,Pettah
2016-03-10,Nadu,,,Pettah
2016-03-11,Nadu,,,Pettah
2016-03-14,Nadu,,,Pettah
2016-03-15,Nadu,,,Pettah
2016-03-16,Nadu,,,Pettah
2016-03-17,Nadu,,,Pettah
2016-03-18,Nadu,,,Pettah
2016-03-21,Nadu,,,Pettah
2016-03-23,Nadu,,,Pettah
2016-03-24,Nadu,,,Pettah
2016-03-28,Nadu,,,Pettah
2016-03-29,Nadu,,,Pettah
2016-03-30,Nadu,,,Pettah
2016-03-31,Nadu,,,Pettah
2016-04-01,Nadu,,,Pettah
2016-04-04,Nadu,,,Pettah
2016-04-05,Nadu,,,Pettah
2016-04-06,Nadu,,,Pettah
2016-04-07,Nadu,,,Pettah
2016-04-08,Nadu,,,Pettah
2016-04-11,Nadu,,,Pettah
2016-04-18,Nadu,,,Pettah
2016-04-19,Nadu,,,Pettah
2016-04-20,Nadu,,,Pettah
2016-04-22,Nadu,,,Pettah
2016-04-25,Nadu,,,Pettah
2016-04-26,Nadu,,,Pettah
2016-04-27,Nadu,,,Pettah
2016-04-28,Nadu,,,Pettah
2016-04-29,Nadu,,,Pettah
2016-05-02,Nadu,,,Pettah
2016-05-03,Nadu,,,Pettah
2016-05-04,Nadu,,,Pettah
2016-05-05,Nadu,,,Pettah
2016-05-06,Nadu,,,Pettah
2016-05-09,Nadu,,,Pettah
2016-05-10,Nadu,,,Pettah
2016-05-11,Nadu,,,Pettah
2016-05-12,Nadu,,,Pettah
2016-05-13,Nadu,,,Pettah
2016-05-16,Nadu,,,Pettah
2016-05-17,Nadu,,,Pettah
2016-05-18,Nadu,,,Pettah
2016-05-19,Nadu,,,Pettah
2016-05-20,Nadu,,,Pettah
2016-05-23,Nadu,,,Pettah
2016-05-24,Nadu,,,Pettah
2016-05-25,Nadu,,,Pettah
2016-05-26,Nadu,,,Pettah
2016-05-27,Nadu,,,Pettah
2016-05-30,Nadu,,,Pettah
2016-05-31,Nadu,,,Pettah
2016-06-01,Nadu,,,Pettah
2016-06-02,Nadu,,,Pettah
2016-06-03,Nadu,,,Pettah
2016-06-06,Nadu,,,Pettah
2016-06-07,Nadu,,,Pettah
2016-06-08,Nadu,,,Pettah
2016-06-09,Nadu,,,Pettah
2016-06-10,Nadu,,,Pettah
2016-06-13,Nadu,,,Pettah
2016-06-14,Nadu,,,Pettah
2016-06-15,Nadu,,,Pettah
2016-06-16,Nadu,,,Pettah
2016-06-17,Nadu,,,Pettah
2016-06-20,Nadu,,,Pettah
2016-06-21,Nadu,,,Pettah
2016-06-22,Nadu,,,Pettah
2016-06-23,Nadu,,,Pettah
2016-06-24,Nadu,,,Pettah
2016-06-27,Nadu,,,Pettah
2016-06-28,Nadu,,,Pettah
2016-06-29,Nadu,,,Pettah
2016-06-30,Nadu,,,Pettah
2016-07-01,Nadu,,,Pettah
2016-07-04,Nadu,,,Pettah
2016-07-05,Nadu,,,Pettah
2016-07-06,Nadu,,,Pettah
2016-07-07,Nadu,,,Pettah
2016-07-08,Nadu,,,Pettah
2016-07-11,Nadu,,,Pettah
2016-07-12,Nadu,,,Pettah
2016-07-13,Nadu,,,Pettah
2016-07-14,Nadu,,,Pettah
2016-07-15,Nadu,,,Pettah
2016-07-18,Nadu,,,Pettah
2016-07-20,Nadu,,,Pettah
2016-07-21,Nadu,,,Pettah
2016-07-22,Nadu,,,Pettah
2016-07-25,Nadu,,,Pettah
2016-07-26,Nadu,,,Pettah
2016-07-27,Nadu,,,Pettah
2016-07-28,Nadu,,,Pettah
2016-07-29,Nadu,,,Pettah
2016-08-01,Nadu,,,Pettah
2016-08-02,Nadu,,,Pettah
2016-08-03,Nadu,,,Pettah
2016-08-04,Nadu,,,Pettah
2016-08-05,Nadu,,,Pettah
2016-08-08,Nadu,,,Pettah
2016-08-09,Nadu,,,Pettah
2016-08-10,Nadu,,,Pettah
2016-08-11,Nadu,,,Pettah
2016-08-12,Nadu,,,Pettah
2016-08-15,Nadu,,,Pettah
2016-08-16,Nadu,,,Pettah
2016-08-18,Nadu,,,Pettah
2016-08-19,Nadu,,,Pettah
2016-08-22,Nadu,,,Pettah
2016-08-23,Nadu,,,Pettah
2016-08-24,Nadu,,,Pettah
2016-08-29,Nadu,,,Pettah
2016-08-30,Nadu,,,Pettah
2016-08-31,Nadu,,,Pettah
2016-09-01,Nadu,,,Pettah
2016-09-02,Nadu,,,Pettah
2016-09-05,Nadu,,,Pettah
2016-09-06,Nadu,,,Pettah
2016-09-07,Nadu,,,Pettah
2016-09-08,Nadu,,,Pettah
2016-09-09,Nadu,,,Pettah
2016-09-13,Nadu,,,Pettah
2016-09-14,Nadu,,,Pettah
2016-09-15,Nadu,,,Pettah
2016-09-19,Nadu,,,Pettah
2016-09-20,Nadu,,,Pettah
2016-09-21,Nadu,,,Pettah
2016-09-22,Nadu,,,Pettah
2016-09-23,Nadu,,,Pettah
2016-09-26,Nadu,,,Pettah
2016-09-27,Nadu,,,Pettah
2016-09-28,Nadu,,,Pettah
2016-09-29,Nadu,,,Pettah
2016-09-30,Nadu,,,Pettah
2016-10-03,Nadu,,,Pettah
2016-10-04,Nadu,,,Pettah
2016-10-05,Nadu,,,Pettah
2016-10-06,Nadu,,,Pettah
2016-10-07,Nadu,,,Pettah
2016-10-10,Nadu,,,Pettah
2016-10-11,Nadu,,,Pettah
2016-10-12,Nadu,,,Pettah
2016-10-13,Nadu,,,Pettah
2016-10-14,Nadu,,,Pettah
2016-10-17,Nadu,,,Pettah
2016-10-18,Nadu,,,Pettah
2016-10-19,Nadu,,,Pettah
2016-10-20,Nadu,,,Pettah
2016-10-21,Nadu,,,Pettah
2016-10-24,Nadu,,,Pettah
2016-10-25,Nadu,,,Pettah
2016-10-26,Nadu,,,Pettah
2016-10-27,Nadu,,,Pettah
2016-10-28,Nadu,,,Pettah
2016-10-31,Nadu,,,Pettah
2016-11-01,Nadu,,,Pettah
2016-11-02,Nadu,,,Pettah
2016-11-03,Nadu,,,Pettah
2016-11-04,Nadu,,,Pettah
2016-11-07,Nadu,,,Pettah
2016-11-08,Nadu,,,Pettah
2016-11-09,Nadu,,,Pettah
2016-11-10,Nadu,,,Pettah
2016-11-11,Nadu,,,Pettah
2016-11-15,Nadu,,,Pettah
2016-11-16,Nadu,,,Pettah
2016-11-17,Nadu,,,Pettah
2016-11-18,Nadu,,,Pettah
2016-11-21,Nadu,,,Pettah
2016-11-22,Nadu,,,Pettah
2016-11-23,Nadu,,,Pettah
2016-11-24,Nadu,,,Pettah
2016-11-25,Nadu,,,Pettah
2016-11-28,Nadu,,,Pettah
2016-11-29,Nadu,,,Pettah
2016-11-30,Nadu,,,Pettah
2016-12-01,Nadu,,,Pettah
2016-12-02,Nadu,,,Pettah
2016-12-05,Nadu,,,Pettah
2016-12-06,Nadu,,,Pettah
2016-12-07,Nadu,,,Pettah
2016-12-08,Nadu,,,Pettah
2016-12-09,Nadu,,,Pettah
2016-12-14,Nadu,,,Pettah
2016-12-15,Nadu,,,Pettah
2016-12-16,Nadu,,,Pettah
2016-12-19,Nadu,,,Pettah
2016-12-20,Nadu,,,Pettah
2016-12-21,Nadu,,,Pettah
2016-12-22,Nadu,,,Pettah
2016-12-23,Nadu,,,Pettah
2016-12-26,Nadu,,,Pettah
2016-12-27,Nadu,,,Pettah
2016-12-28,Nadu,,,Pettah
2016-12-29,Nadu,,,Pettah
2016-12-30,Nadu,,,Pettah
2017-01-02,Nadu,,,Pettah
2017-01-03,Nadu,,,Pettah
2017-01-04,Nadu,,,Pettah
2017-01-05,Nadu,,,Pettah
2017-01-06,Nadu,,,Pettah
2017-01-09,Nadu,,,Pettah
2017-01-10,Nadu,,,Pettah
2017-01-11,Nadu,,,Pettah
2017-01-13,Nadu,,,Pettah
2017-01-16,Nadu,,,Pettah
2017-01-17,Nadu,,,Pettah
2017-01-18,Nadu,,,Pettah
2017-01-19,Nadu,,,Pettah
2017-01-20,Nadu,,,Pettah
2017-01-23,Nadu,,,Pettah
2017-01-24,Nadu,,,Pettah
2017-01-25,Nadu,,,Pettah
2017-01-26,Nadu,,,Pettah
2017-01-27,Nadu,,,Pettah
2017-01-30,Nadu,,,Pettah
2017-01-31,Nadu,,,Pettah
2017-03-01,Nadu,3437.5,68.75,Pettah
2017-03-02,Nadu,3425.0,68.5,Pettah
2017-03-03,Nadu,3450.0,69.0,Pettah
2017-03-06,Nadu,3400.0,68.0,Pettah
2017-03-07,Nadu,3370.0,67.4,Pettah
2017-03-08,Nadu,3400.0,68.0,Pettah
2017-03-09,Nadu,3420.0,68.4,Pettah
2017-03-10,Nadu,3370.0,67.4,Pettah
2017-03-13,Nadu,3387.5,67.75,Pettah
2017-03-14,Nadu,3387.5,67.75,Pettah
2017-03-15,Nadu,3350.0,67.0,Pettah
2017-03-16,Nadu,3410.0,68.2,Pettah
2017-03-17,Nadu,3375.0,67.5,Pettah
2017-03-20,Nadu,3370.0,67.4,Pettah
2017-03-21,Nadu,3460.0,69.2,Pettah
2017-03-22,Nadu,3412.5,68.25,Pettah
2017-03-23,Nadu,3437.5,68.75,Pettah
2017-03-24,Nadu,3440.0,68.8,Pettah
2017-03-27,Nadu,3400.0,68.0,Pettah
2017-03-28,Nadu,3525.0,70.5,Pettah
2017-03-29,Nadu,3450.0,69.0,Pettah
2017-03-30,Nadu,3370.0,67.4,Pettah
2017-03-31,Nadu,3440.0,68.8,Pettah
2017-04-03,Nadu,3400.0,68.0,Pettah
2017-04-04,Nadu,3400.0,68.0,Pettah
2017-04-05,Nadu,3400.0,68.0,Pettah
2017-04-06,Nadu,3400.0,68.0,Pettah
2017-04-07,Nadu,3380.0,67.6,Pettah
2017-04-11,Nadu,3330.0,66.6,Pettah
2017-04-12,Nadu,3420.0,68.4,Pettah
2017-04-17,Nadu,3400.0,68.0,Pettah
2017-04-18,Nadu,3400.0,68.0,Pettah
2017-04-19,Nadu,3400.0,68.0,Pettah
2017-04-20,Nadu,3350.0,67.0,Pettah
2017-04-21,Nadu,3416.67,68.3334,Pettah
2017-04-24,Nadu,3416.67,68.3334,Pettah
2017-04-25,Nadu,3416.67,68.3334,Pettah
2017-04-26,Nadu,3525.0,70.5,Pettah
2017-04-27,Nadu,3512.5,70.25,Pettah
2017-04-28,Nadu,3512.5,70.25,Pettah
2017-05-02,Nadu,3520.0,70.4,Pettah
2017-05-03,Nadu,3470.0,69.4,Pettah
2017-05-04,Nadu,3490.0,69.8,Pettah
2017-05-05,Nadu,3510.0,70.2,Pettah
2017-05-08,Nadu,3550.0,71.0,Pettah
2017-05-09,Nadu,3550.0,71.0,Pettah
2017-05-12,Nadu,3540.0,70.8,Pettah
2017-05-15,Nadu,3580.0,71.6,Pettah
2017-05-16,Nadu,3590.0,71.8,Pettah
2017-05-17,Nadu,3537.5,70.75,Pettah
2017-05-18,Nadu,3610.0,72.2,Pettah
2017-05-19,Nadu,3610.0,72.2,Pettah
2017-05-23,Nadu,3725.0,74.5,Pettah
2017-05-24,Nadu,3700.0,74.0,Pettah
2017-05-25,Nadu,3690.0,73.8,Pettah
2017-05-26,Nadu,3675.0,73.5,Pettah
2017-05-29,Nadu,3662.5,73.25,Pettah
2017-05-30,Nadu,3575.0,71.5,Pettah
2017-05-31,Nadu,3640.0,72.8,Pettah
2017-06-02,Nadu,3790.0,75.8,Pettah
2017-06-05,Nadu,3690.0,73.8,Pettah
2017-06-06,Nadu,3590.0,71.8,Pettah
2017-06-07,Nadu,3750.0,75.0,Pettah
2017-06-09,Nadu,3810.0,76.2,Pettah
2017-06-12,Nadu,3820.0,76.4,Pettah
2017-06-13,Nadu,3770.0,75.4,Pettah
2017-06-14,Nadu,3800.0,76.0,Pettah
2017-06-15,Nadu,3820.0,76.4,Pettah
2017-06-16,Nadu,3862.5,77.25,Pettah
2017-06-19,Nadu,3880.0,77.6,Pettah
2017-06-20,Nadu,3912.5,78.25,Pettah
2017-06-21,Nadu,3920.0,78.4,Pettah
2017-06-22,Nadu,3910.0,78.2,Pettah
2017-06-23,Nadu,3920.0,78.4,Pettah
2017-06-27,Nadu,3940.0,78.8,Pettah
2017-06-28,Nadu,3910.0,78.2,Pettah
2017-06-29,Nadu,71.17,71.17,Pettah
2017-06-30,Nadu,70.67,70.67,Pettah
2017-07-03,Nadu,68.83,68.83,Pettah
2017-07-04,Nadu,67.33,67.33,Pettah
2017-07-05,Nadu,67.33,67.33,Pettah
2017-07-06,Nadu,68.83,68.83,Pettah
2017-07-07,Nadu,291.67,291.67,Pettah
2017-07-10,Nadu,66.5,66.5,Pettah
2017-07-11,Nadu,66.83,66.83,Pettah
2017-07-12,Nadu,67.17,67.17,Pettah
2017-07-13,Nadu,69.67,69.67,Pettah
2017-07-14,Nadu,68.5,68.5,Pettah
2017-07-17,Nadu,68.5,68.5,Pettah
2017-07-18,Nadu,192.0,192.0,Pettah
2017-07-19,Nadu,126.67,126.67,Pettah
2017-07-20,Nadu,110.0,110.0,Pettah
2017-07-21,Nadu,71.67,71.67,Pettah
2017-07-24,Nadu,129.0,129.0,Pettah
2017-07-25,Nadu,72.83,72.83,Pettah
2017-07-26,Nadu,72.83,72.83,Pettah
2017-07-27,Nadu,72.83,72.83,Pettah
2017-07-28,Nadu,95.5,95.5,Pettah
2017-07-31,Nadu,104.17,104.17,Pettah
2017-08-01,Nadu,131.25,131.25,Pettah
2017-08-02,Nadu,133.33,133.33,Pettah
2017-08-03,Nadu,112.5,112.5,Pettah
2017-08-04,Nadu,92.67,92.67,Pettah
2017-08-08,Nadu,84.67,84.67,Pettah
2017-08-09,Nadu,86.33,86.33,Pettah
2017-08-10,Nadu,112.83,112.83,Pettah
2017-08-11,Nadu,141.25,141.25,Pettah
2017-08-14,Nadu,131.67,131.67,Pettah
2017-08-15,Nadu,144.0,144.0,Pettah
2017-08-16,Nadu,125.0,125.0,Pettah
2017-08-17,Nadu,127.5,127.5,Pettah
2017-08-18,Nadu,125.0,125.0,Pettah
2017-08-21,Nadu,143.75,143.75,Pettah
2017-08-22,Nadu,142.5,142.5,Pettah
2017-08-23,Nadu,135.0,135.0,Pettah
2017-08-24,Nadu,141.67,141.67,Pettah
2017-08-25,Nadu,143.75,143.75,Pettah
2017-08-28,Nadu,122.5,122.5,Pettah
2017-08-29,Nadu,107.5,107.5,Pettah
2017-08-30,Nadu,105.0,105.0,Pettah
2017-08-31,Nadu,94.0,94.0,Pettah
2017-09-04,Nadu,121.67,121.67,Pettah
2017-09-06,Nadu,123.5,123.5,Pettah
2017-09-07,Nadu,118.33,118.33,Pettah
2017-09-08,Nadu,115.0,115.0,Pettah
2017-09-11,Nadu,312.5,312.5,Pettah
2017-09-12,Nadu,96.67,96.67,Pettah
2017-09-13,Nadu,95.0,95.0,Pettah
2017-09-14,Nadu,103.33,103.33,Pettah
2017-09-15,Nadu,328.0,328.0,Pettah
2017-09-18,Nadu,296.0,296.0,Pettah
2017-09-19,Nadu,285.0,285.0,Pettah
2017-09-20,Nadu,280.0,280.0,Pettah
2017-09-21,Nadu,273.33,273.33,Pettah
2017-09-22,Nadu,266.67,266.67,Pettah
2017-09-25,Nadu,271.67,271.67,Pettah
2017-09-26,Nadu,275.0,275.0,Pettah
2017-09-27,Nadu,275.0,275.0,Pettah
2017-09-28,Nadu,273.33,273.33,Pettah
2017-09-29,Nadu,303.33,303.33,Pettah
2017-10-02,Nadu,296.67,296.67,Pettah
2017-10-03,Nadu,300.0,300.0,Pettah
2017-10-04,Nadu,281.25,281.25,Pettah
2017-10-06,Nadu,295.0,295.0,Pettah
2017-10-09,Nadu,290.83,290.83,Pettah
2017-10-10,Nadu,280.0,280.0,Pettah
2017-10-11,Nadu,108.33,108.33,Pettah
2017-10-12,Nadu,105.0,105.0,Pettah
2017-10-13,Nadu,125.0,125.0,Pettah
2017-10-16,Nadu,105.83,105.83,Pettah
2017-10-17,Nadu,281.67,281.67,Pettah
2017-10-19,Nadu,112.5,112.5,Pettah
2017-10-20,Nadu,115.83,115.83,Pettah
2017-10-23,Nadu,3566.67,71.3334,Pettah
2017-10-24,Nadu,3583.33,71.6666,Pettah
2017-10-25,Nadu,3583.33,71.6666,Pettah
2017-10-26,Nadu,3575.0,71.5,Pettah
2017-10-27,Nadu,3583.33,71.6666,Pettah
2017-10-30,Nadu,165.83,165.83,Pettah
2017-10-31,Nadu,3550.0,71.0,Pettah
2017-11-01,Nadu,146.67,146.67,Pettah
2017-11-02,Nadu,95.0,95.0,Pettah
2017-11-06,Nadu,95.0,95.0,Pettah
2017-11-07,Nadu,160.5,160.5,Pettah
2017-11-08,Nadu,161.67,161.67,Pettah
2017-11-09,Nadu,88.33,88.33,Pettah
2017-11-10,Nadu,86.67,86.67,Pettah
2017-11-13,Nadu,91.67,91.67,Pettah
2017-11-14,Nadu,75.0,75.0,Pettah
2017-11-15,Nadu,75.0,75.0,Pettah
2017-11-16,Nadu,77.5,77.5,Pettah
2017-11-17,Nadu,67.5,67.5,Pettah
2017-11-20,Nadu,72.5,72.5,Pettah
2017-11-21,Nadu,85.0,85.0,Pettah
2017-11-22,Nadu,76.67,76.67,Pettah
2017-11-23,Nadu,117.6,117.6,Pettah
2017-11-24,Nadu,127.0,127.0,Pettah
2017-11-27,Nadu,128.83,128.83,Pettah
2017-11-28,Nadu,122.5,122.5,Pettah
2017-11-29,Nadu,115.83,115.83,Pettah
2017-11-30,Nadu,92.5,92.5,Pettah
2017-12-04,Nadu,3583.33,71.6666,Pettah
2017-12-05,Nadu,3583.33,71.6666,Pettah
2017-12-06,Nadu,3666.67,73.3334,Pettah
2017-12-07,Nadu,3591.67,71.8334,Pettah
2017-12-08,Nadu,3583.33,71.6666,Pettah
2017-12-11,Nadu,3658.33,73.1666,Pettah
2017-12-12,Nadu,3591.67,71.8334,Pettah
2017-12-13,Nadu,3590.0,71.8,Pettah
2017-12-14,Nadu,3620.0,72.4,Pettah
2017-12-15,Nadu,3600.0,72.0,Pettah
2017-12-18,Nadu,3583.33,71.6666,Pettah
2017-12-19,Nadu,3625.0,72.5,Pettah
2017-12-20,Nadu,3591.67,71.8334,Pettah
2017-12-21,Nadu,3583.33,71.6666,Pettah
2017-12-22,Nadu,3566.67,71.3334,Pettah
2017-12-26,Nadu,3566.67,71.3334,Pettah
2017-12-27,Nadu,3533.33,70.6666,Pettah
2017-12-28,Nadu,3520.0,70.4,Pettah
2017-12-29,Nadu,3537.5,70.75,Pettah
2018-01-02,Nadu,3610.0,72.2,Pettah
2018-01-03,Nadu,3520.0,70.4,Pettah
2018-01-04,Nadu,3600.0,72.0,Pettah
2018-01-05,Nadu,3540.0,70.8,Pettah
2018-01-08,Nadu,3500.0,70.0,Pettah
2018-01-09,Nadu,3660.0,73.2,Pettah
2018-01-10,Nadu,3630.0,72.6,Pettah
2018-01-11,Nadu,3610.0,72.2,Pettah
2018-01-12,Nadu,3660.0,73.2,Pettah
2018-01-15,Nadu,3530.0,70.6,Pettah
2018-01-16,Nadu,3530.0,70.6,Pettah
2018-01-17,Nadu,3530.0,70.6,Pettah
2018-01-18,Nadu,3570.0,71.4,Pettah
2018-01-19,Nadu,3480.0,69.6,Pettah
2018-01-22,Nadu,3510.0,70.2,Pettah
2018-01-23,Nadu,3541.67,70.8334,Pettah
2018-01-24,Nadu,3610.0,72.2,Pettah
2018-01-25,Nadu,3566.67,71.3334,Pettah
2018-01-26,Nadu,3540.0,70.8,Pettah
2018-01-29,Nadu,3537.5,70.75,Pettah
2018-01-30,Nadu,3525.0,70.5,Pettah
2018-02-01,Nadu,3550.0,71.0,Pettah
2018-02-02,Nadu,3610.0,72.2,Pettah
2018-02-05,Nadu,3570.0,71.4,Pettah
2018-02-07,Nadu,3580.0,71.6,Pettah
2018-02-08,Nadu,3570.0,71.4,Pettah
2018-02-09,Nadu,3640.0,72.8,Pettah
2018-02-12,Nadu,3540.0,70.8,Pettah
2018-02-14,Nadu,3520.0,70.4,Pettah
2018-02-15,Nadu,3540.0,70.8,Pettah
2018-02-16,Nadu,3540.0,70.8,Pettah
2018-02-19,Nadu,3550.0,71.0,Pettah
2018-02-20,Nadu,3550.0,71.0,Pettah
2018-02-21,Nadu,3520.0,70.4,Pettah
2018-02-22,Nadu,3530.0,70.6,Pettah
2018-02-23,Nadu,3520.0,70.4,Pettah
2018-02-26,Nadu,3530.0,70.6,Pettah
2018-02-27,Nadu,3540.0,70.8,Pettah
2018-02-28,Nadu,3550.0,71.0,Pettah
2018-03-02,Nadu,3540.0,70.8,Pettah
2018-03-05,Nadu,3612.5,72.25,Pettah
2018-03-06,Nadu,3612.5,72.25,Pettah
2018-03-07,Nadu,3550.0,71.0,Pettah
2018-03-08,Nadu,3587.5,71.75,Pettah
2018-03-09,Nadu,3570.0,71.4,Pettah
2018-03-12,Nadu,3610.0,72.2,Pettah
2018-03-13,Nadu,3637.5,72.75,Pettah
2018-03-14,Nadu,3560.0,71.2,Pettah
2018-03-15,Nadu,3610.0,72.2,Pettah
2018-03-16,Nadu,82.5,82.5,Pettah
2018-03-19,Nadu,3500.0,70.0,Pettah
2018-03-20,Nadu,3500.0,70.0,Pettah
2018-03-21,Nadu,3500.0,70.0,Pettah
2018-03-22,Nadu,3533.33,70.6666,Pettah
2018-03-23,Nadu,3540.0,70.8,Pettah
2018-03-26,Nadu,3520.0,70.4,Pettah
2018-03-27,Nadu,3675.0,73.5,Pettah
2018-03-28,Nadu,66.6,66.6,Pettah
2018-04-02,Nadu,86.25,86.25,Pettah
2018-04-03,Nadu,40.8,40.8,Pettah
2018-04-04,Nadu,77.5,77.5,Pettah
2018-04-05,Nadu,85.0,85.0,Pettah
2018-04-06,Nadu,85.0,85.0,Pettah
2018-04-09,Nadu,95.0,95.0,Pettah
2018-04-10,Nadu,91.67,91.67,Pettah
2018-04-11,Nadu,115.0,115.0,Pettah
2018-04-12,Nadu,100.0,100.0,Pettah
2018-04-17,Nadu,85.0,85.0,Pettah
2018-04-18,Nadu,40.67,40.67,Pettah
2018-04-19,Nadu,39.0,39.0,Pettah
2018-04-20,Nadu,39.0,39.0,Pettah
2018-04-23,Nadu,110.0,110.0,Pettah
2018-04-24,Nadu,201.0,201.0,Pettah
2018-04-25,Nadu,100.0,100.0,Pettah
2018-04-26,Nadu,59.2,59.2,Pettah
2018-04-27,Nadu,58.6,58.6,Pettah
2018-05-01,Nadu,,,Pettah
2018-05-02,Nadu,67.6,67.6,Pettah
2018-05-03,Nadu,69.8,69.8,Pettah
2018-05-04,Nadu,78.0,78.0,Pettah
2018-05-08,Nadu,126.25,126.25,Pettah
2018-05-09,Nadu,83.6,83.6,Pettah
2018-05-10,Nadu,83.0,83.0,Pettah
2018-05-11,Nadu,82.0,82.0,Pettah
2018-05-14,Nadu,80.8,80.8,Pettah
2018-05-15,Nadu,81.0,81.0,Pettah
2018-05-16,Nadu,,,Pettah
2018-05-17,Nadu,,,Pettah
2018-05-21,Nadu,105.0,105.0,Pettah
2018-05-22,Nadu,105.0,105.0,Pettah
2018-05-23,Nadu,101.0,101.0,Pettah
2018-05-24,Nadu,69.2,69.2,Pettah
2018-05-25,Nadu,67.6,67.6,Pettah
2018-05-28,Nadu,142.0,142.0,Pettah
2018-05-30,Nadu,75.8,75.8,Pettah
2018-05-31,Nadu,75.0,75.0,Pettah
2018-06-05,Nadu,77.6,77.6,Pettah
2018-06-06,Nadu,135.0,135.0,Pettah
2018-06-07,Nadu,81.6,81.6,Pettah
2018-06-08,Nadu,81.0,81.0,Pettah
2018-06-11,Nadu,174.0,174.0,Pettah
2018-06-12,Nadu,81.6,81.6,Pettah
2018-06-13,Nadu,81.2,81.2,Pettah
2018-06-14,Nadu,81.8,81.8,Pettah
2018-06-18,Nadu,81.4,81.4,Pettah
2018-06-19,Nadu,82.4,82.4,Pettah
2018-06-20,Nadu,129.0,129.0,Pettah
2018-06-21,Nadu,86.2,86.2,Pettah
2018-06-22,Nadu,94.6,94.6,Pettah
2018-06-25,Nadu,91.8,91.8,Pettah
2018-06-26,Nadu,90.4,90.4,Pettah
2018-06-28,Nadu,135.0,135.0,Pettah
2018-06-29,Nadu,106.25,106.25,Pettah
2018-07-02,Nadu,139.2,139.2,Pettah
2018-07-03,Nadu,137.0,137.0,Pettah
2018-07-04,Nadu,141.67,141.67,Pettah
2018-07-05,Nadu,138.33,138.33,Pettah
2018-07-06,Nadu,82.4,82.4,Pettah
2018-07-09,Nadu,81.4,81.4,Pettah
2018-07-10,Nadu,81.2,81.2,Pettah
2018-07-11,Nadu,81.4,81.4,Pettah
2018-07-12,Nadu,81.0,81.0,Pettah
2018-07-13,Nadu,82.8,82.8,Pettah
2018-07-16,Nadu,85.2,85.2,Pettah
2018-07-17,Nadu,89.33,89.33,Pettah
2018-07-18,Nadu,89.33,89.33,Pettah
2018-07-19,Nadu,89.33,89.33,Pettah
2018-07-20,Nadu,88.33,88.33,Pettah
2018-07-23,Nadu,98.75,98.75,Pettah
2018-07-24,Nadu,98.75,98.75,Pettah
2018-07-25,Nadu,97.0,97.0,Pettah
2018-07-26,Nadu,127.5,127.5,Pettah
2018-07-30,Nadu,115.0,115.0,Pettah
2018-07-31,Nadu,114.0,114.0,Pettah
2018-08-01,Nadu,114.0,114.0,Pettah
2018-08-02,Nadu,114.0,114.0,Pettah
2018-08-03,Nadu,114.0,114.0,Pettah
2018-08-06,Nadu,88.6,88.6,Pettah
2018-08-07,Nadu,89.2,89.2,Pettah
2018-08-08,Nadu,88.8,88.8,Pettah
2018-08-09,Nadu,,,Pettah
2018-08-10,Nadu,,,Pettah
2018-08-13,Nadu,,,Pettah
2018-08-14,Nadu,,,Pettah
2018-08-15,Nadu,,,Pettah
2018-08-16,Nadu,,,Pettah
2018-08-17,Nadu,,,Pettah
2018-08-20,Nadu,,,Pettah
2018-08-21,Nadu,,,Pettah
2018-08-23,Nadu,95.0,95.0,Pettah
2018-08-24,Nadu,97.0,97.0,Pettah
2018-08-27,Nadu,98.0,98.0,Pettah
2018-08-28,Nadu,78.6,78.6,Pettah
2018-08-29,Nadu,106.0,106.0,Pettah
2018-09-03,Nadu,99.0,99.0,Pettah
2018-09-04,Nadu,103.0,103.0,Pettah
2018-09-05,Nadu,100.0,100.0,Pettah
2018-09-06,Nadu,76.8,76.8,Pettah
2018-09-07,Nadu,,,Pettah
2018-09-10,Nadu,,,Pettah
2018-09-11,Nadu,102.0,102.0,Pettah
2018-09-12,Nadu,102.0,102.0,Pettah
2018-09-13,Nadu,,,Pettah
2018-09-14,Nadu,,,Pettah
2018-09-17,Nadu,,,Pettah
2018-09-18,Nadu,101.0,101.0,Pettah
2018-09-19,Nadu,87.0,87.0,Pettah
2018-09-20,Nadu,,,Pettah
2018-09-21,Nadu,,,Pettah
2018-09-25,Nadu,,,Pettah
2018-09-26,Nadu,98.0,98.0,Pettah
2018-09-27,Nadu,97.0,97.0,Pettah
2018-09-28,Nadu,,,Pettah
2018-10-01,Nadu,97.0,97.0,Pettah
2018-10-02,Nadu,96.0,96.0,Pettah
2018-10-03,Nadu,,,Pettah
2018-10-04,Nadu,,,Pettah
2018-10-05,Nadu,,,Pettah
2018-10-08,Nadu,,,Pettah
2018-10-09,Nadu,,,Pettah
2018-10-10,Nadu,,,Pettah
2018-10-11,Nadu,,,Pettah
2018-10-12,Nadu,,,Pettah
2018-10-15,Nadu,,,Pettah
2018-10-16,Nadu,,,Pettah
2018-10-17,Nadu,,,Pettah
2018-10-18,Nadu,,,Pettah
2018-10-19,Nadu,,,Pettah
2018-10-22,Nadu,,,Pettah
2018-10-23,Nadu,,,Pettah
2018-10-25,Nadu,,,Pettah
2018-10-26,Nadu,,,Pettah
2018-10-29,Nadu,,,Pettah
2018-10-30,Nadu,,,Pettah
2018-10-31,Nadu,,,Pettah
2018-11-01,Nadu,,,Pettah
2018-11-02,Nadu,,,Pettah
2018-11-05,Nadu,,,Pettah
2018-11-07,Nadu,,,Pettah
2018-11-08,Nadu,,,Pettah
2018-11-09,Nadu,,,Pettah
2018-11-12,Nadu,,,Pettah
2018-11-13,Nadu,,,Pettah
2018-11-14,Nadu,,,Pettah
2018-11-15,Nadu,,,Pettah
2018-11-16,Nadu,,,Pettah
2018-11-19,Nadu,,,Pettah
2018-11-21,Nadu,,,Pettah
2018-11-23,Nadu,,,Pettah
2018-11-26,Nadu,,,Pettah
2018-11-27,Nadu,,,Pettah
2018-11-28,Nadu,,,Pettah
2018-11-29,Nadu,,,Pettah
2018-11-30,Nadu,,,Pettah
2018-12-03,Nadu,91.0,91.0,Pettah
2018-12-04,Nadu,,,Pettah
2018-12-05,Nadu,,,Pettah
2018-12-06,Nadu,,,Pettah
2018-12-07,Nadu,,,Pettah
2018-12-10,Nadu,,,Pettah
2018-12-11,Nadu,,,Pettah
2018-12-12,Nadu,,,Pettah
2018-12-13,Nadu,,,Pettah
2018-12-14,Nadu,,,Pettah
2018-12-17,Nadu,,,Pettah
2018-12-18,Nadu,,,Pettah
2018-12-19,Nadu,,,Pettah
2018-12-20,Nadu,,,Pettah
2018-12-21,Nadu,,,Pettah
2018-12-24,Nadu,,,Pettah
2018-12-26,Nadu,,,Pettah
2018-12-27,Nadu,,,Pettah
2018-12-28,Nadu,,,Pettah
2018-12-31,Nadu,,,Pettah
2019-01-01,Nadu,,,Pettah
2019-01-02,Nadu,,,Pettah
2019-01-03,Nadu,,,Pettah
2019-01-04,Nadu,,,Pettah
2019-01-07,Nadu,,,Pettah
2019-01-08,Nadu,,,Pettah
2019-01-09,Nadu,,,Pettah
2019-01-10,Nadu,,,Pettah
2019-01-11,Nadu,,,Pettah
2019-01-14,Nadu,,,Pettah
2019-01-16,Nadu,,,Pettah
2019-01-17,Nadu,,,Pettah
2019-01-18,Nadu,,,Pettah
2019-01-21,Nadu,,,Pettah
2019-01-22,Nadu,,,Pettah
2019-01-23,Nadu,,,Pettah
2019-01-24,Nadu,,,Pettah
2019-01-25,Nadu,,,Pettah
2019-01-28,Nadu,,,Pettah
2019-01-29,Nadu,,,Pettah
2019-01-30,Nadu,,,Pettah
2019-01-31,Nadu,,,Pettah
2019-02-01,Nadu,,,Pettah
2019-02-05,Nadu,,,Pettah
2019-02-06,Nadu,,,Pettah
2019-02-07,Nadu,,,Pettah
2019-02-08,Nadu,,,Pettah
2019-02-11,Nadu,,,Pettah
2019-02-12,Nadu,,,Pettah
2019-02-13,Nadu,,,Pettah
2019-02-14,Nadu,,,Pettah
2019-02-15,Nadu,,,Pettah
2019-02-18,Nadu,,,Pettah
2019-02-21,Nadu,,,Pettah
2019-02-22,Nadu,,,Pettah
2019-02-25,Nadu,,,Pettah
2019-02-26,Nadu,,,Pettah
2019-02-27,Nadu,,,Pettah
2019-02-28,Nadu,,,Pettah
2019-03-01,Nadu,,,Pettah
2019-03-05,Nadu,,,Pettah
2019-03-06,Nadu,,,Pettah
2019-03-07,Nadu,,,Pettah
2019-03-08,Nadu,82.5,82.5,Pettah
2019-03-11,Nadu,51.2,51.2,Pettah
2019-03-12,Nadu,51.2,51.2,Pettah
2019-03-13,Nadu,,,Pettah
2019-03-14,Nadu,,,Pettah
2019-03-15,Nadu,,,Pettah
2019-03-18,Nadu,,,Pettah
2019-03-19,Nadu,,,Pettah
2019-03-21,Nadu,,,Pettah
2019-03-22,Nadu,,,Pettah
2019-03-25,Nadu,,,Pettah
2019-03-26,Nadu,,,Pettah
2019-03-27,Nadu,,,Pettah
2019-03-28,Nadu,,,Pettah
2019-03-29,Nadu,,,Pettah
2019-04-01,Nadu,,,Pettah
2019-04-02,Nadu,,,Pettah
2019-04-03,Nadu,,,Pettah
2019-04-04,Nadu,,,Pettah
2019-04-05,Nadu,,,Pettah
2019-04-08,Nadu,,,Pettah
2019-04-09,Nadu,,,Pettah
2019-04-10,Nadu,,,Pettah
2019-04-11,Nadu,,,Pettah
2019-04-12,Nadu,,,Pettah
2019-04-17,Nadu,,,Pettah
2019-04-18,Nadu,,,Pettah
2019-04-23,Nadu,,,Pettah
2019-04-24,Nadu,,,Pettah
2019-04-25,Nadu,,,Pettah
2019-04-26,Nadu,,,Pettah
2019-04-29,Nadu,,,Pettah
2019-04-30,Nadu,,,Pettah
2019-05-02,Nadu,,,Pettah
2019-05-03,Nadu,,,Pettah
2019-05-06,Nadu,,,Pettah
2019-05-07,Nadu,,,Pettah
2019-05-08,Nadu,,,Pettah
2019-05-09,Nadu,,,Pettah
2019-05-10,Nadu,,,Pettah
2019-05-13,Nadu,,,Pettah
2019-05-14,Nadu,,,Pettah
2019-05-15,Nadu,,,Pettah
2019-05-16,Nadu,,,Pettah
2019-05-17,Nadu,,,Pettah
2019-05-21,Nadu,,,Pettah
2019-05-22,Nadu,,,Pettah
2019-05-23,Nadu,,,Pettah
2019-05-27,Nadu,,,Pettah
2019-05-28,Nadu,,,Pettah
2019-05-29,Nadu,,,Pettah
2019-05-30,Nadu,,,Pettah
2019-05-31,Nadu,,,Pettah
2019-06-03,Nadu,,,Pettah
2019-06-04,Nadu,,,Pettah
2019-06-06,Nadu,,,Pettah
2019-06-07,Nadu,,,Pettah
2019-06-10,Nadu,,,Pettah
2019-06-11,Nadu,,,Pettah
2019-06-12,Nadu,,,Pettah
2019-06-13,Nadu,,,Pettah
2019-06-14,Nadu,,,Pettah
2019-06-17,Nadu,,,Pettah
2019-06-18,Nadu,,,Pettah
2019-06-19,Nadu,,,Pettah
2019-06-20,Nadu,,,Pettah
2019-06-21,Nadu,,,Pettah
2019-06-24,Nadu,,,Pettah
2019-06-25,Nadu,,,Pettah
2019-06-26,Nadu,,,Pettah
2019-06-27,Nadu,,,Pettah
2019-06-28,Nadu,,,Pettah
2019-07-01,Nadu,,,Pettah
2019-07-02,Nadu,,,Pettah
2019-07-03,Nadu,,,Pettah
2019-07-04,Nadu,,,Pettah
2019-07-05,Nadu,,,Pettah
2019-07-08,Nadu,,,Pettah
2019-07-09,Nadu,,,Pettah
2019-07-10,Nadu,,,Pettah
2019-07-11,Nadu,,,Pettah
2019-07-12,Nadu,,,Pettah
2019-07-15,Nadu,,,Pettah
2019-07-17,Nadu,,,Pettah
2019-07-18,Nadu,,,Pettah
2019-07-19,Nadu,,,Pettah
2019-07-23,Nadu,,,Pettah
2019-07-24,Nadu,,,Pettah
2019-07-25,Nadu,,,Pettah
2019-07-26,Nadu,,,Pettah
2019-07-29,Nadu,,,Pettah
2019-07-30,Nadu,,,Pettah
2019-08-02,Nadu,,,Pettah
2019-08-06,Nadu,,,Pettah
2019-08-07,Nadu,,,Pettah
2019-08-08,Nadu,,,Pettah
2019-08-09,Nadu,,,Pettah
2019-08-13,Nadu,,,Pettah
2019-08-15,Nadu,,,Pettah
2019-08-16,Nadu,,,Pettah
2019-08-19,Nadu,,,Pettah
2019-08-20,Nadu,,,Pettah
2019-08-21,Nadu,,,Pettah
2019-08-22,Nadu,,,Pettah
2019-08-23,Nadu,,,Pettah
2019-08-26,Nadu,,,Pettah
2019-08-27,Nadu,,,Pettah
2019-08-28,Nadu,,,Pettah
2019-08-29,Nadu,,,Pettah
2019-08-30,Nadu,,,Pettah
2019-09-03,Nadu,,,Pettah
2019-09-04,Nadu,,,Pettah
2019-09-05,Nadu,,,Pettah
2019-09-06,Nadu,,,Pettah
2019-09-09,Nadu,,,Pettah
2019-09-10,Nadu,,,Pettah
2019-09-12,Nadu,,,Pettah
2019-09-16,Nadu,,,Pettah
2019-09-17,Nadu,,,Pettah
2019-09-18,Nadu,,,Pettah
2019-09-19,Nadu,,,Pettah
2019-09-20,Nadu,,,Pettah
2019-09-23,Nadu,,,Pettah
2019-09-24,Nadu,,,Pettah
2019-09-25,Nadu,,,Pettah
2019-09-26,Nadu,,,Pettah
2019-09-27,Nadu,,,Pettah
2019-09-30,Nadu,,,Pettah
2019-10-01,Nadu,,,Pettah
2019-10-02,Nadu,,,Pettah
2019-10-03,Nadu,,,Pettah
2019-10-04,Nadu,,,Pettah
2019-10-07,Nadu,,,Pettah
2019-10-08,Nadu,,,Pettah
2019-10-09,Nadu,,,Pettah
2019-10-10,Nadu,,,Pettah
2019-10-11,Nadu,,,Pettah
2019-10-14,Nadu,,,Pettah
2019-10-15,Nadu,,,Pettah
2019-10-16,Nadu,,,Pettah
2019-10-17,Nadu,,,Pettah
2019-10-18,Nadu,,,Pettah
2019-10-21,Nadu,,,Pettah
2019-10-22,Nadu,,,Pettah
2019-10-23,Nadu,,,Pettah
2019-10-24,Nadu,,,Pettah
2019-10-25,Nadu,,,Pettah
2019-10-28,Nadu,,,Pettah
2019-10-29,Nadu,,,Pettah
2019-10-30,Nadu,,,Pettah
2019-10-31,Nadu,,,Pettah
2019-11-01,Nadu,,,Pettah
2019-11-04,Nadu,,,Pettah
2019-11-05,Nadu,,,Pettah
2019-11-06,Nadu,,,Pettah
2019-11-07,Nadu,,,Pettah
2019-11-08,Nadu,,,Pettah
2019-11-11,Nadu,,,Pettah
2019-11-13,Nadu,,,Pettah
2019-11-14,Nadu,,,Pettah
2019-11-15,Nadu,,,Pettah
2019-11-18,Nadu,,,Pettah
2019-11-19,Nadu,,,Pettah
2019-11-20,Nadu,,,Pettah
2019-11-21,Nadu,,,Pettah
2019-11-22,Nadu,,,Pettah
2019-11-25,Nadu,,,Pettah
2019-11-26,Nadu,,,Pettah
2019-11-27,Nadu,,,Pettah
2019-11-28,Nadu,,,Pettah
2019-11-29,Nadu,,,Pettah
2019-12-02,Nadu,,,Pettah
2019-12-03,Nadu,,,Pettah
2019-12-04,Nadu,,,Pettah
2019-12-05,Nadu,,,Pettah
2019-12-06,Nadu,,,Pettah
2019-12-09,Nadu,,,Pettah
2019-12-10,Nadu,,,Pettah
2019-12-12,Nadu,,,Pettah
2019-12-13,Nadu,,,Pettah
2019-12-16,Nadu,,,Pettah
2019-12-17,Nadu,,,Pettah
2019-12-18,Nadu,,,Pettah
2019-12-19,Nadu,,,Pettah
2019-12-20,Nadu,,,Pettah
2019-12-23,Nadu,,,Pettah
2019-12-24,Nadu,,,Pettah
2019-12-26,Nadu,,,Pettah
2019-12-27,Nadu,,,Pettah
2019-12-30,Nadu,,,Pettah
2019-12-31,Nadu,,,Pettah
2020-01-01,Nadu,,,Pettah
2020-01-02,Nadu,,,Pettah
2020-01-03,Nadu,,,Pettah
2020-01-06,Nadu,,,Pettah
2020-01-07,Nadu,,,Pettah
2020-01-08,Nadu,,,Pettah
2020-01-09,Nadu,,,Pettah
2020-01-13,Nadu,,,Pettah
2020-01-14,Nadu,,,Pettah
2020-01-16,Nadu,,,Pettah
2020-01-17,Nadu,,,Pettah
2020-01-20,Nadu,,,Pettah
2020-01-21,Nadu,,,Pettah
2020-01-22,Nadu,,,Pettah
2020-01-23,Nadu,,,Pettah
2020-01-24,Nadu,,,Pettah
2020-01-27,Nadu,,,Pettah
2020-01-28,Nadu,,,Pettah
2020-01-29,Nadu,,,Pettah
2020-01-30,Nadu,,,Pettah
2020-01-31,Nadu,,,Pettah
2020-02-03,Nadu,,,Pettah
2020-02-05,Nadu,,,Pettah
2020-02-06,Nadu,,,Pettah
2020-02-07,Nadu,,,Pettah
2020-02-10,Nadu,,,Pettah
2020-02-11,Nadu,,,Pettah
2020-02-12,Nadu,,,Pettah
2020-02-13,Nadu,,,Pettah
2020-02-14,Nadu,,,Pettah
2020-02-17,Nadu,,,Pettah
2020-02-18,Nadu,,,Pettah
2020-02-19,Nadu,,,Pettah
2020-02-20,Nadu,,,Pettah
2020-02-24,Nadu,,,Pettah
2020-02-25,Nadu,,,Pettah
2020-02-26,Nadu,,,Pettah
2020-02-27,Nadu,,,Pettah
2020-02-28,Nadu,,,Pettah
2020-03-02,Nadu,,,Pettah
2020-03-03,Nadu,,,Pettah
2020-03-04,Nadu,,,Pettah
2020-03-05,Nadu,,,Pettah
2020-03-06,Nadu,,,Pettah
2020-03-10,Nadu,,,Pettah
2020-03-11,Nadu,,,Pettah
2020-03-12,Nadu,,,Pettah
2020-03-13,Nadu,,,Pettah
2020-06-15,Nadu,,,Pettah
2020-06-16,Nadu,,,Pettah
2020-06-17,Nadu,,,Pettah
2020-06-18,Nadu,,,Pettah
2020-06-19,Nadu,,,Pettah
2020-06-22,Nadu,,,Pettah
2020-06-23,Nadu,,,Pettah
2020-06-24,Nadu,,,Pettah
2020-06-25,Nadu,,,Pettah
2020-06-26,Nadu,,,Pettah
2020-06-29,Nadu,,,Pettah
2020-06-30,Nadu,,,Pettah
2020-07-01,Nadu,,,Pettah
2020-07-02,Nadu,,,Pettah
2020-07-03,Nadu,,,Pettah
2020-07-06,Nadu,,,Pettah
2020-07-07,Nadu,,,Pettah
2020-07-08,Nadu,,,Pettah
2020-07-09,Nadu,,,Pettah
2020-07-10,Nadu,,,Pettah
2020-07-13,Nadu,,,Pettah
2020-07-14,Nadu,,,Pettah
2020-07-15,Nadu,,,Pettah
2020-07-16,Nadu,,,Pettah
2020-07-17,Nadu,,,Pettah
2020-07-20,Nadu,,,Pettah
2020-07-21,Nadu,,,Pettah
2020-07-22,Nadu,,,Pettah
2020-07-23,Nadu,,,Pettah
2020-07-24,Nadu,,,Pettah
2020-07-27,Nadu,,,Pettah
2020-07-28,Nadu,,,Pettah
2020-07-29,Nadu,,,Pettah
2020-07-30,Nadu,,,Pettah
2020-07-31,Nadu,,,Pettah
2020-08-04,Nadu,,,Pettah
2020-08-06,Nadu,,,Pettah
2020-08-07,Nadu,,,Pettah
2020-08-10,Nadu,,,Pettah
2020-08-11,Nadu,,,Pettah
2020-08-12,Nadu,,,Pettah
2020-08-13,Nadu,,,Pettah
2020-08-14,Nadu,,,Pettah
2020-08-17,Nadu,,,Pettah
2020-08-18,Nadu,,,Pettah
2020-08-19,Nadu,,,Pettah
2020-08-20,Nadu,,,Pettah
2020-08-21,Nadu,,,Pettah
2020-08-24,Nadu,,,Pettah
2020-08-25,Nadu,,,Pettah
2020-08-26,Nadu,,,Pettah
2020-08-27,Nadu,,,Pettah
2020-08-28,Nadu,,,Pettah
2020-08-31,Nadu,,,Pettah
2020-09-02,Nadu,,,Pettah
2020-09-03,Nadu,116.0,116.0,Pettah
2020-09-04,Nadu,118.0,118.0,Pettah
2020-09-07,Nadu,143.0,143.0,Pettah
2020-09-08,Nadu,,,Pettah
2020-09-09,Nadu,,,Pettah
2020-09-10,Nadu,,,Pettah
2020-09-11,Nadu,,,Pettah
2020-09-14,Nadu,,,Pettah
2020-09-15,Nadu,,,Pettah
2020-09-16,Nadu,,,Pettah
2020-09-17,Nadu,,,Pettah
2020-09-18,Nadu,,,Pettah
2020-09-21,Nadu,,,Pettah
2020-09-22,Nadu,,,Pettah
2020-09-23,Nadu,,,Pettah
2020-09-24,Nadu,,,Pettah
2020-09-25,Nadu,,,Pettah
2020-09-28,Nadu,127.0,127.0,Pettah
2020-09-29,Nadu,,,Pettah
2020-09-30,Nadu,112.5,112.5,Pettah
2020-10-01,Nadu,,,Pettah
2020-10-02,Nadu,,,Pettah
2020-10-05,Nadu,,,Pettah
2020-10-06,Nadu,128.0,128.0,Pettah
2020-10-07,Nadu,137.0,137.0,Pettah
2020-10-08,Nadu,152.0,152.0,Pettah
2020-10-09,Nadu,158.0,158.0,Pettah
2020-10-12,Nadu,158.0,158.0,Pettah
2020-10-13,Nadu,128.0,128.0,Pettah
2020-10-14,Nadu,116.0,116.0,Pettah
2020-10-15,Nadu,127.0,127.0,Pettah
2020-10-16,Nadu,127.0,127.0,Pettah
2020-10-19,Nadu,115.0,115.0,Pettah
2020-10-20,Nadu,124.0,124.0,Pettah
2020-10-21,Nadu,122.0,122.0,Pettah
2020-10-22,Nadu,132.0,132.0,Pettah
2020-10-23,Nadu,,,Pettah
2020-10-26,Nadu,,,Pettah
2020-10-27,Nadu,,,Pettah
2020-10-28,Nadu,,,Pettah
2020-10-29,Nadu,,,Pettah
2020-11-02,Nadu,,,Pettah
2020-11-03,Nadu,,,Pettah
2020-11-04,Nadu,,,Pettah
2020-11-05,Nadu,,,Pettah
2020-11-06,Nadu,,,Pettah
2020-11-09,Nadu,,,Pettah
2020-11-10,Nadu,,,Pettah
2020-11-11,Nadu,,,Pettah
2020-11-12,Nadu,,,Pettah
2020-11-13,Nadu,,,Pettah
2020-11-16,Nadu,,,Pettah
2020-11-17,Nadu,,,Pettah
2020-11-18,Nadu,,,Pettah
2020-11-19,Nadu,,,Pettah
2020-11-20,Nadu,,,Pettah
2020-11-23,Nadu,,,Pettah
2020-11-24,Nadu,,,Pettah
2020-11-25,Nadu,,,Pettah
2020-11-26,Nadu,,,Pettah
2020-11-27,Nadu,,,Pettah
2020-11-30,Nadu,,,Pettah
2020-12-01,Nadu,,,Pettah
2020-12-02,Nadu,,,Pettah
2020-12-03,Nadu,,,Pettah
2020-12-04,Nadu,,,Pettah
2020-12-07,Nadu,,,Pettah
2020-12-08,Nadu,,,Pettah
2020-12-09,Nadu,,,Pettah
2020-12-11,Nadu,,,Pettah
2020-12-14,Nadu,,,Pettah
2020-12-15,Nadu,,,Pettah
2020-12-16,Nadu,,,Pettah
2020-12-17,Nadu,,,Pettah
2020-12-18,Nadu,,,Pettah
2020-12-21,Nadu,,,Pettah
2020-12-22,Nadu,,,Pettah
2020-12-23,Nadu,,,Pettah
2020-12-24,Nadu,,,Pettah
2020-12-28,Nadu,,,Pettah
2020-12-30,Nadu,,,Pettah
2020-12-31,Nadu,,,Pettah
2021-01-01,Nadu,,,Pettah
2021-01-04,Nadu,,,Pettah
2021-01-05,Nadu,,,Pettah
2021-01-06,Nadu,,,Pettah
2021-01-07,Nadu,,,Pettah
2021-01-08,Nadu,,,Pettah
2021-01-11,Nadu,,,Pettah
2021-01-12,Nadu,87.0,87.0,Pettah
2021-01-13,Nadu,110.0,110.0,Pettah
2021-01-15,Nadu,109.0,109.0,Pettah
2021-01-18,Nadu,88.0,88.0,Pettah
2021-01-19,Nadu,86.0,86.0,Pettah
2021-01-20,Nadu,89.0,89.0,Pettah
2021-01-21,Nadu,88.0,88.0,Pettah
2021-01-22,Nadu,84.0,84.0,Pettah
2021-01-25,Nadu,132.0,132.0,Pettah
2021-01-26,Nadu,125.0,125.0,Pettah
2021-01-27,Nadu,128.0,128.0,Pettah
2021-01-29,Nadu,136.0,136.0,Pettah
2021-02-01,Nadu,,,Pettah
2021-02-02,Nadu,142.5,142.5,Pettah
2021-02-03,Nadu,142.5,142.5,Pettah
2021-02-08,Nadu,152.0,152.0,Pettah
2021-02-09,Nadu,143.0,143.0,Pettah
2021-02-10,Nadu,143.0,143.0,Pettah
2021-02-11,Nadu,143.0,143.0,Pettah
2021-02-12,Nadu,143.0,143.0,Pettah
2021-02-15,Nadu,120.0,120.0,Pettah
2021-02-16,Nadu,118.0,118.0,Pettah
2021-02-17,Nadu,125.0,125.0,Pettah
2021-02-18,Nadu,126.25,126.25,Pettah
2021-02-19,Nadu,122.5,122.5,Pettah
2021-02-22,Nadu,139.0,139.0,Pettah
2021-02-23,Nadu,129.0,129.0,Pettah
2021-02-24,Nadu,112.5,112.5,Pettah
2021-02-25,Nadu,102.5,102.5,Pettah
2021-03-01,Nadu,117.5,117.5,Pettah
2021-03-02,Nadu,123.0,123.0,Pettah
2021-03-03,Nadu,126.25,126.25,Pettah
2021-03-04,Nadu,117.5,117.5,Pettah
2021-03-05,Nadu,105.0,105.0,Pettah
2021-03-08,Nadu,105.0,105.0,Pettah
2021-03-09,Nadu,102.5,102.5,Pettah
2021-03-10,Nadu,102.5,102.5,Pettah
2021-03-12,Nadu,102.5,102.5,Pettah
2021-03-15,Nadu,78.0,78.0,Pettah
2021-03-16,Nadu,70.0,70.0,Pettah
2021-03-17,Nadu,68.0,68.0,Pettah
2021-03-18,Nadu,65.0,65.0,Pettah
2021-03-19,Nadu,60.0,60.0,Pettah
2021-03-22,Nadu,62.0,62.0,Pettah
2021-03-23,Nadu,59.0,59.0,Pettah
2021-03-24,Nadu,95.0,95.0,Pettah
2021-03-25,Nadu,53.0,53.0,Pettah
2021-03-26,Nadu,53.4,53.4,Pettah
2021-03-29,Nadu,58.0,58.0,Pettah
2021-03-30,Nadu,102.5,102.5,Pettah
2021-03-31,Nadu,102.5,102.5,Pettah
2021-04-01,Nadu,122.5,122.5,Pettah
2021-04-05,Nadu,102.5,102.5,Pettah
2021-04-06,Nadu,102.5,102.5,Pettah
2021-04-07,Nadu,100.0,100.0,Pettah
2021-04-08,Nadu,100.0,100.0,Pettah
2021-04-09,Nadu,101.25,101.25,Pettah
2021-04-19,Nadu,123.0,123.0,Pettah
2021-04-20,Nadu,101.25,101.25,Pettah
2021-04-21,Nadu,116.0,116.0,Pettah
2021-04-22,Nadu,112.0,112.0,Pettah
2021-04-23,Nadu,112.0,112.0,Pettah
2021-04-27,Nadu,118.0,118.0,Pettah
2021-04-28,Nadu,112.0,112.0,Pettah
2021-04-29,Nadu,112.5,112.5,Pettah
2021-04-30,Nadu,155.0,155.0,Pettah
2021-05-03,Nadu,145.0,145.0,Pettah
2021-05-04,Nadu,118.0,118.0,Pettah
2021-05-05,Nadu,125.0,125.0,Pettah
2021-05-06,Nadu,101.25,101.25,Pettah
2021-05-07,Nadu,122.0,122.0,Pettah
2021-05-10,Nadu,,,Pettah
2021-05-11,Nadu,,,Pettah
2021-05-12,Nadu,125.0,125.0,Pettah
2021-05-13,Nadu,,,Pettah
2021-05-17,Nadu,,,Pettah
2021-05-18,Nadu,,,Pettah
2021-05-19,Nadu,,,Pettah
2021-05-20,Nadu,,,Pettah
2021-05-21,Nadu,832.0,832.0,Pettah
2021-06-08,Nadu,124.0,124.0,Pettah
2021-06-09,Nadu,800.0,800.0,Pettah
2021-06-18,Nadu,766.0,766.0,Pettah
2021-06-21,Nadu,766.0,766.0,Pettah
2021-06-22,Nadu,124.0,124.0,Pettah
2021-06-23,Nadu,128.0,128.0,Pettah
2021-06-25,Nadu,768.0,768.0,Pettah
2021-06-28,Nadu,755.0,755.0,Pettah
2021-06-29,Nadu,755.0,755.0,Pettah
2021-06-30,Nadu,752.5,752.5,Pettah
2021-07-01,Nadu,132.5,132.5,Pettah
2021-07-02,Nadu,132.5,132.5,Pettah
2021-07-05,Nadu,136.8,136.8,Pettah
2021-07-06,Nadu,732.0,732.0,Pettah
2021-07-07,Nadu,155.0,155.0,Pettah
2021-07-08,Nadu,155.0,155.0,Pettah
2021-07-09,Nadu,155.0,155.0,Pettah
2021-07-12,Nadu,,,Pettah
2021-07-13,Nadu,,,Pettah
2021-07-14,Nadu,,,Pettah
2021-07-15,Nadu,,,Pettah
2021-07-16,Nadu,175.0,175.0,Pettah
2021-07-19,Nadu,,,Pettah
2021-07-20,Nadu,,,Pettah
2021-07-22,Nadu,,,Pettah
2021-07-26,Nadu,,,Pettah
2021-07-27,Nadu,,,Pettah
2021-07-28,Nadu,,,Pettah
2021-07-29,Nadu,,,Pettah
2021-07-30,Nadu,,,Pettah
2021-08-02,Nadu,91.0,91.0,Pettah
2021-08-03,Nadu,218.0,218.0,Pettah
2021-08-04,Nadu,206.0,206.0,Pettah
2021-08-05,Nadu,192.0,192.0,Pettah
2021-08-06,Nadu,88.0,88.0,Pettah
2021-08-09,Nadu,,,Pettah
2021-08-11,Nadu,88.0,88.0,Pettah
2021-08-12,Nadu,,,Pettah
2021-08-13,Nadu,,,Pettah
2021-08-16,Nadu,,,Pettah
2021-08-17,Nadu,100.0,100.0,Pettah
2021-08-18,Nadu,98.8,98.8,Pettah
2021-08-19,Nadu,97.2,97.2,Pettah
2021-08-20,Nadu,,,Pettah
2021-08-24,Nadu,,,Pettah
2021-08-25,Nadu,,,Pettah
2021-09-01,Nadu,,,Pettah
2021-09-02,Nadu,,,Pettah
2021-09-06,Nadu,,,Pettah
2021-09-09,Nadu,,,Pettah
2021-09-10,Nadu,,,Pettah
2021-09-13,Nadu,,,Pettah
2021-09-14,Nadu,,,Pettah
2021-09-15,Nadu,,,Pettah
2021-09-16,Nadu,,,Pettah
2021-09-17,Nadu,,,Pettah
2021-09-21,Nadu,,,Pettah
2021-09-22,Nadu,,,Pettah
2021-09-23,Nadu,,,Pettah
2021-09-24,Nadu,,,Pettah
2021-09-27,Nadu,,,Pettah
2021-09-28,Nadu,,,Pettah
2021-09-29,Nadu,,,Pettah
2021-09-30,Nadu,,,Pettah
2021-10-01,Nadu,,,Pettah
2021-10-04,Nadu,138.0,138.0,Pettah
2021-10-05,Nadu,,,Pettah
2021-10-06,Nadu,,,Pettah
2021-10-07,Nadu,,,Pettah
2021-10-08,Nadu,140.0,140.0,Pettah
2021-10-11,Nadu,,,Pettah
2021-10-12,Nadu,,,Pettah
2021-10-13,Nadu,151.0,151.0,Pettah
2021-10-14,Nadu,152.0,152.0,Pettah
2021-10-15,Nadu,150.0,150.0,Pettah
2021-10-18,Nadu,152.0,152.0,Pettah
2021-10-21,Nadu,159.0,159.0,Pettah
2021-10-22,Nadu,165.0,165.0,Pettah
2021-10-25,Nadu,204.0,204.0,Pettah
2021-10-26,Nadu,188.0,188.0,Pettah
2021-10-27,Nadu,191.0,191.0,Pettah
2021-10-28,Nadu,175.0,175.0,Pettah
2021-10-29,Nadu,200.0,200.0,Pettah
2021-11-01,Nadu,178.0,178.0,Pettah
2021-11-02,Nadu,158.0,158.0,Pettah
2021-11-03,Nadu,192.0,192.0,Pettah
2021-11-08,Nadu,144.0,144.0,Pettah
2021-11-09,Nadu,231.0,231.0,Pettah
2021-11-10,Nadu,226.0,226.0,Pettah
2021-11-11,Nadu,176.0,176.0,Pettah
2021-11-12,Nadu,500.0,500.0,Pettah
2021-11-15,Nadu,232.0,232.0,Pettah
2021-11-16,Nadu,208.0,208.0,Pettah
2021-11-17,Nadu,197.5,197.5,Pettah
2021-11-19,Nadu,111.0,111.0,Pettah
2021-11-22,Nadu,111.0,111.0,Pettah
2021-11-23,Nadu,109.6,109.6,Pettah
2021-11-24,Nadu,109.2,109.2,Pettah
2021-11-25,Nadu,109.5,109.5,Pettah
2021-11-26,Nadu,107.0,107.0,Pettah
2021-11-29,Nadu,111.0,111.0,Pettah
2021-11-30,Nadu,110.8,110.8,Pettah
2021-12-01,Nadu,108.6,108.6,Pettah
2021-12-02,Nadu,106.6,106.6,Pettah
2021-12-03,Nadu,105.6,105.6,Pettah
2021-12-06,Nadu,101.6,101.6,Pettah
2021-12-07,Nadu,105.4,105.4,Pettah
2021-12-08,Nadu,102.6,102.6,Pettah
2021-12-09,Nadu,103.0,103.0,Pettah
2021-12-10,Nadu,102.6,102.6,Pettah
2021-12-13,Nadu,101.4,101.4,Pettah
2021-12-14,Nadu,102.0,102.0,Pettah
2021-12-15,Nadu,99.6,99.6,Pettah
2021-12-16,Nadu,101.0,101.0,Pettah
2021-12-17,Nadu,101.6,101.6,Pettah
2021-12-20,Nadu,100.2,100.2,Pettah
2021-12-21,Nadu,108.0,108.0,Pettah
2021-12-22,Nadu,106.0,106.0,Pettah
2021-12-23,Nadu,225.0,225.0,Pettah
2021-12-24,Nadu,105.6,105.6,Pettah
2021-12-27,Nadu,107.8,107.8,Pettah
2021-12-28,Nadu,109.2,109.2,Pettah
2021-12-29,Nadu,112.4,112.4,Pettah
2021-12-30,Nadu,114.0,114.0,Pettah
2021-12-31,Nadu,116.5,116.5,Pettah
2022-01-03,Nadu,119.0,119.0,Pettah
2022-01-05,Nadu,121.4,121.4,Pettah
2022-01-06,Nadu,119.6,119.6,Pettah
2022-01-07,Nadu,120.2,120.2,Pettah
2022-01-10,Nadu,118.2,118.2,Pettah
2022-01-11,Nadu,118.2,118.2,Pettah
2022-01-12,Nadu,117.4,117.4,Pettah
2022-01-13,Nadu,116.8,116.8,Pettah
2022-01-18,Nadu,115.4,115.4,Pettah
2022-01-19,Nadu,115.0,115.0,Pettah
2022-01-20,Nadu,114.8,114.8,Pettah
2022-01-21,Nadu,115.0,115.0,Pettah
2022-01-24,Nadu,112.4,112.4,Pettah
2022-01-25,Nadu,110.8,110.8,Pettah
2022-01-26,Nadu,110.4,110.4,Pettah
2022-01-27,Nadu,108.2,108.2,Pettah
2022-01-28,Nadu,109.6,109.6,Pettah
2022-01-31,Nadu,107.0,107.0,Pettah
2022-02-01,Nadu,106.8,106.8,Pettah
2022-02-02,Nadu,107.6,107.6,Pettah
2022-02-03,Nadu,110.4,110.4,Pettah
2022-02-08,Nadu,112.6,112.6,Pettah
2022-02-09,Nadu,111.2,111.2,Pettah
2022-02-10,Nadu,112.0,112.0,Pettah
2022-02-11,Nadu,110.0,110.0,Pettah
2022-02-14,Nadu,110.4,110.4,Pettah
2022-02-15,Nadu,109.4,109.4,Pettah
2022-02-17,Nadu,109.2,109.2,Pettah
2022-02-18,Nadu,932.0,932.0,Pettah
2022-02-21,Nadu,107.0,107.0,Pettah
2022-02-22,Nadu,107.4,107.4,Pettah
2022-02-23,Nadu,105.4,105.4,Pettah
2022-02-24,Nadu,105.6,105.6,Pettah
2022-02-25,Nadu,105.8,105.8,Pettah
2022-02-28,Nadu,105.4,105.4,Pettah
2022-03-02,Nadu,105.8,105.8,Pettah
2022-03-03,Nadu,105.8,105.8,Pettah
2022-03-04,Nadu,105.4,105.4,Pettah
2022-03-07,Nadu,106.4,106.4,Pettah
2022-03-08,Nadu,107.2,107.2,Pettah
2022-03-09,Nadu,117.6,117.6,Pettah
2022-03-10,Nadu,115.0,115.0,Pettah
2022-03-11,Nadu,120.0,120.0,Pettah
2022-03-14,Nadu,127.6,127.6,Pettah
2022-03-15,Nadu,129.0,129.0,Pettah
2022-03-16,Nadu,129.0,129.0,Pettah
2022-03-18,Nadu,138.2,138.2,Pettah
2022-03-21,Nadu,137.0,137.0,Pettah
2022-03-22,Nadu,135.2,135.2,Pettah
2022-03-23,Nadu,136.0,136.0,Pettah
2022-03-24,Nadu,137.2,137.2,Pettah
2022-03-25,Nadu,144.4,144.4,Pettah
2022-03-28,Nadu,145.0,145.0,Pettah
2022-03-29,Nadu,159.0,159.0,Pettah
2022-03-30,Nadu,167.0,167.0,Pettah
2022-03-31,Nadu,171.0,171.0,Pettah
2022-04-01,Nadu,173.0,173.0,Pettah
2022-04-04,Nadu,169.0,169.0,Pettah
2022-04-05,Nadu,163.0,163.0,Pettah
2022-04-06,Nadu,158.0,158.0,Pettah
2022-04-07,Nadu,162.0,162.0,Pettah
2022-04-08,Nadu,147.0,147.0,Pettah
2022-04-12,Nadu,151.0,151.0,Pettah
2022-04-18,Nadu,151.0,151.0,Pettah
2022-04-19,Nadu,155.0,155.0,Pettah
2022-04-20,Nadu,158.0,158.0,Pettah
2022-04-21,Nadu,158.6,158.6,Pettah
2022-04-22,Nadu,155.6,155.6,Pettah
2022-04-25,Nadu,156.2,156.2,Pettah
2022-04-26,Nadu,158.2,158.2,Pettah
2022-04-27,Nadu,155.6,155.6,Pettah
2022-04-29,Nadu,156.0,156.0,Pettah
2022-05-04,Nadu,164.0,164.0,Pettah
2022-05-05,Nadu,166.0,166.0,Pettah
2022-05-09,Nadu,183.0,183.0,Pettah
2022-05-12,Nadu,183.0,183.0,Pettah
2022-05-13,Nadu,,,Pettah
2022-05-17,Nadu,178.0,178.0,Pettah
2022-05-18,Nadu,179.0,179.0,Pettah
2022-05-19,Nadu,174.4,174.4,Pettah
2022-05-20,Nadu,173.0,173.0,Pettah
2022-05-23,Nadu,173.0,173.0,Pettah
2022-05-24,Nadu,171.4,171.4,Pettah
2022-05-25,Nadu,174.4,174.4,Pettah
2022-05-26,Nadu,177.6,177.6,Pettah
2022-05-27,Nadu,184.0,184.0,Pettah
2022-05-30,Nadu,187.0,187.0,Pettah
2022-05-31,Nadu,187.6,187.6,Pettah
2022-06-01,Nadu,188.0,188.0,Pettah
2022-06-02,Nadu,191.0,191.0,Pettah
2022-06-03,Nadu,188.6,188.6,Pettah
2022-06-06,Nadu,190.6,190.6,Pettah
2022-06-07,Nadu,188.2,188.2,Pettah
2022-06-08,Nadu,190.0,190.0,Pettah
2022-06-09,Nadu,211.0,211.0,Pettah
2022-06-10,Nadu,221.0,221.0,Pettah
2022-06-13,Nadu,600.0,600.0,Pettah
2022-06-15,Nadu,265.0,265.0,Pettah
2022-06-16,Nadu,615.0,615.0,Pettah
2022-06-17,Nadu,183.0,183.0,Pettah
2022-06-20,Nadu,617.5,617.5,Pettah
2022-06-21,Nadu,620.0,620.0,Pettah
2022-06-22,Nadu,620.0,620.0,Pettah
2022-06-23,Nadu,625.0,625.0,Pettah
2022-06-24,Nadu,,,Pettah
2022-06-27,Nadu,837.5,837.5,Pettah
2022-06-28,Nadu,830.0,830.0,Pettah
2022-06-29,Nadu,835.0,835.0,Pettah
2022-06-30,Nadu,830.0,830.0,Pettah
2022-07-01,Nadu,837.5,837.5,Pettah
2022-07-04,Nadu,830.0,830.0,Pettah
2022-07-05,Nadu,822.5,822.5,Pettah
2022-07-06,Nadu,835.0,835.0,Pettah
2022-07-07,Nadu,825.0,825.0,Pettah
2022-07-11,Nadu,185.0,185.0,Pettah
2022-07-12,Nadu,195.0,195.0,Pettah
2022-07-14,Nadu,195.0,195.0,Pettah
2022-07-15,Nadu,214.0,214.0,Pettah
2022-07-18,Nadu,,,Pettah
2022-07-19,Nadu,385.0,385.0,Pettah
2022-07-20,Nadu,385.0,385.0,Pettah
2022-07-21,Nadu,385.0,385.0,Pettah
2022-07-22,Nadu,206.0,206.0,Pettah
2022-07-25,Nadu,178.0,178.0,Pettah
2022-07-26,Nadu,395.0,395.0,Pettah
2022-07-27,Nadu,385.0,385.0,Pettah
2022-07-28,Nadu,177.5,177.5,Pettah
2022-07-29,Nadu,235.0,235.0,Pettah
2022-08-01,Nadu,250.0,250.0,Pettah
2022-08-02,Nadu,208.0,208.0,Pettah
2022-08-03,Nadu,200.0,200.0,Pettah
2022-08-04,Nadu,225.0,225.0,Pettah
2022-08-05,Nadu,248.0,248.0,Pettah
2022-08-08,Nadu,163.0,163.0,Pettah
2022-08-09,Nadu,163.0,163.0,Pettah
2022-08-10,Nadu,,,Pettah
2022-08-12,Nadu,180.0,180.0,Pettah
2022-08-15,Nadu,170.0,170.0,Pettah
2022-08-16,Nadu,170.0,170.0,Pettah
2022-08-17,Nadu,164.6,164.6,Pettah
2022-08-18,Nadu,165.6,165.6,Pettah
2022-08-19,Nadu,164.2,164.2,Pettah
2022-08-22,Nadu,163.0,163.0,Pettah
2022-08-23,Nadu,164.6,164.6,Pettah
2022-08-24,Nadu,163.4,163.4,Pettah
2022-08-25,Nadu,168.6,168.6,Pettah
2022-08-26,Nadu,166.0,166.0,Pettah
2022-08-29,Nadu,165.2,165.2,Pettah
2022-08-30,Nadu,170.0,170.0,Pettah
2022-08-31,Nadu,171.0,171.0,Pettah
2022-09-01,Nadu,170.0,170.0,Pettah
2022-09-02,Nadu,170.0,170.0,Pettah
2022-09-05,Nadu,167.0,167.0,Pettah
2022-09-06,Nadu,165.2,165.2,Pettah
2022-09-07,Nadu,165.0,165.0,Pettah
2022-09-08,Nadu,164.6,164.6,Pettah
2022-09-09,Nadu,185.0,185.0,Pettah
2022-09-12,Nadu,176.0,176.0,Pettah
2022-09-13,Nadu,176.0,176.0,Pettah
2022-09-14,Nadu,175.0,175.0,Pettah
2022-09-15,Nadu,173.4,173.4,Pettah
2022-09-16,Nadu,172.4,172.4,Pettah
2022-09-19,Nadu,171.4,171.4,Pettah
2022-09-20,Nadu,169.6,169.6,Pettah
2022-09-21,Nadu,169.2,169.2,Pettah
2022-09-22,Nadu,163.0,163.0,Pettah
2022-09-23,Nadu,160.0,160.0,Pettah
2022-09-26,Nadu,160.0,160.0,Pettah
2022-09-27,Nadu,159.8,159.8,Pettah
2022-09-28,Nadu,159.6,159.6,Pettah
2022-09-29,Nadu,160.0,160.0,Pettah
2022-09-30,Nadu,160.4,160.4,Pettah
2022-10-03,Nadu,160.0,160.0,Pettah
2022-10-04,Nadu,159.6,159.6,Pettah
2022-10-05,Nadu,160.0,160.0,Pettah
2022-10-06,Nadu,158.6,158.6,Pettah
2022-10-07,Nadu,156.6,156.6,Pettah
2022-10-10,Nadu,158.0,158.0,Pettah
2022-10-11,Nadu,157.6,157.6,Pettah
2022-10-12,Nadu,157.0,157.0,Pettah
2022-10-13,Nadu,157.6,157.6,Pettah
2022-10-14,Nadu,154.4,154.4,Pettah
2022-10-17,Nadu,152.4,152.4,Pettah
2022-10-18,Nadu,149.2,149.2,Pettah
2022-10-19,Nadu,148.2,148.2,Pettah
2022-10-20,Nadu,145.6,145.6,Pettah
2022-10-21,Nadu,146.2,146.2,Pettah
2022-10-25,Nadu,145.0,145.0,Pettah
2022-10-26,Nadu,146.4,146.4,Pettah
2022-10-27,Nadu,145.0,145.0,Pettah
2022-10-28,Nadu,145.6,145.6,Pettah
2022-10-31,Nadu,149.2,149.2,Pettah
2022-11-01,Nadu,157.0,157.0,Pettah
2022-11-02,Nadu,158.6,158.6,Pettah
2022-11-03,Nadu,159.6,159.6,Pettah
2022-11-04,Nadu,158.6,158.6,Pettah
2022-11-08,Nadu,155.0,155.0,Pettah
2022-11-09,Nadu,155.4,155.4,Pettah
2022-11-10,Nadu,155.0,155.0,Pettah
2022-11-11,Nadu,155.0,155.0,Pettah
2022-11-14,Nadu,154.2,154.2,Pettah
2022-11-15,Nadu,157.0,157.0,Pettah
2022-11-16,Nadu,163.4,163.4,Pettah
2022-11-17,Nadu,159.2,159.2,Pettah
2022-11-18,Nadu,160.6,160.6,Pettah
2022-11-21,Nadu,163.0,163.0,Pettah
2022-11-22,Nadu,161.6,161.6,Pettah
2022-11-23,Nadu,161.4,161.4,Pettah
2022-11-24,Nadu,163.0,163.0,Pettah
2022-11-25,Nadu,159.8,159.8,Pettah
2022-11-28,Nadu,159.8,159.8,Pettah
2022-11-29,Nadu,158.6,158.6,Pettah
2022-11-30,Nadu,158.4,158.4,Pettah
2022-12-01,Nadu,158.6,158.6,Pettah
2022-12-02,Nadu,158.2,158.2,Pettah
2022-12-05,Nadu,158.6,158.6,Pettah
2022-12-06,Nadu,158.0,158.0,Pettah
2022-12-08,Nadu,157.6,157.6,Pettah
2022-12-09,Nadu,156.6,156.6,Pettah
2022-12-12,Nadu,,,Pettah
2022-12-13,Nadu,168.0,168.0,Pettah
2022-12-14,Nadu,166.0,166.0,Pettah
2022-12-15,Nadu,167.0,167.0,Pettah
2022-12-16,Nadu,167.6,167.6,Pettah
2022-12-19,Nadu,167.6,167.6,Pettah
2022-12-20,Nadu,,,Pettah
2022-12-21,Nadu,167.6,167.6,Pettah
2022-12-22,Nadu,167.6,167.6,Pettah
2022-12-23,Nadu,167.2,167.2,Pettah
2022-12-26,Nadu,167.6,167.6,Pettah
2022-12-27,Nadu,171.6,171.6,Pettah
2022-12-28,Nadu,172.6,172.6,Pettah
2022-12-29,Nadu,170.0,170.0,Pettah
2022-12-30,Nadu,171.4,171.4,Pettah
2023-01-02,Nadu,172.4,172.4,Pettah
2023-01-03,Nadu,167.8,167.8,Pettah
2023-01-04,Nadu,168.6,168.6,Pettah
2023-01-05,Nadu,168.4,168.4,Pettah
2023-01-09,Nadu,168.0,168.0,Pettah
2023-01-10,Nadu,168.0,168.0,Pettah
2023-01-11,Nadu,167.6,167.6,Pettah
2023-01-12,Nadu,167.2,167.2,Pettah
2023-01-16,Nadu,167.2,167.2,Pettah
2023-01-17,Nadu,167.2,167.2,Pettah
2023-01-18,Nadu,167.4,167.4,Pettah
2023-01-19,Nadu,167.2,167.2,Pettah
2023-01-20,Nadu,168.2,168.2,Pettah
2023-01-23,Nadu,165.0,165.0,Pettah
2023-01-24,Nadu,162.4,162.4,Pettah
2023-01-25,Nadu,162.6,162.6,Pettah
2023-01-26,Nadu,163.6,163.6,Pettah
2023-01-27,Nadu,162.6,162.6,Pettah
2023-01-30,Nadu,163.6,163.6,Pettah
2023-01-31,Nadu,162.4,162.4,Pettah
2023-02-01,Nadu,162.4,162.4,Pettah
2023-02-02,Nadu,161.6,161.6,Pettah
2023-02-03,Nadu,160.6,160.6,Pettah
2023-02-06,Nadu,161.2,161.2,Pettah
2023-02-07,Nadu,159.0,159.0,Pettah
2023-02-08,Nadu,158.2,158.2,Pettah
2023-02-09,Nadu,158.4,158.4,Pettah
2023-02-10,Nadu,158.4,158.4,Pettah
2023-02-13,Nadu,156.0,156.0,Pettah
2023-02-14,Nadu,156.6,156.6,Pettah
2023-02-15,Nadu,164.4,164.4,Pettah
2023-02-16,Nadu,156.6,156.6,Pettah
2023-02-17,Nadu,157.2,157.2,Pettah
2023-02-20,Nadu,157.6,157.6,Pettah
2023-02-21,Nadu,159.6,159.6,Pettah
2023-02-22,Nadu,161.6,161.6,Pettah
2023-02-23,Nadu,162.6,162.6,Pettah
2023-02-24,Nadu,168.6,168.6,Pettah
2023-02-27,Nadu,168.0,168.0,Pettah
2023-02-28,Nadu,171.6,171.6,Pettah
2023-03-01,Nadu,170.6,170.6,Pettah
2023-03-02,Nadu,173.0,173.0,Pettah
2023-03-03,Nadu,173.4,173.4,Pettah
2023-03-07,Nadu,173.0,173.0,Pettah
2023-03-08,Nadu,172.0,172.0,Pettah
2023-03-09,Nadu,173.0,173.0,Pettah
2023-03-10,Nadu,174.2,174.2,Pettah
2023-03-13,Nadu,174.2,174.2,Pettah
2023-03-14,Nadu,174.2,174.2,Pettah
2023-03-15,Nadu,173.8,173.8,Pettah
2023-03-16,Nadu,174.2,174.2,Pettah
2023-03-17,Nadu,175.0,175.0,Pettah
2023-03-20,Nadu,176.6,176.6,Pettah
2023-03-21,Nadu,176.0,176.0,Pettah
2023-03-22,Nadu,175.0,175.0,Pettah
2023-03-23,Nadu,176.2,176.2,Pettah
2023-03-24,Nadu,175.0,175.0,Pettah
2023-03-27,Nadu,173.0,173.0,Pettah
2023-03-28,Nadu,175.2,175.2,Pettah
2023-03-29,Nadu,176.0,176.0,Pettah
2023-03-30,Nadu,173.6,173.6,Pettah
2023-03-31,Nadu,174.6,174.6,Pettah
2023-04-03,Nadu,176.4,176.4,Pettah
2023-04-04,Nadu,175.0,175.0,Pettah
2023-04-06,Nadu,177.0,177.0,Pettah
2023-04-10,Nadu,178.75,178.75,Pettah
2023-04-11,Nadu,177.0,177.0,Pettah
2023-04-17,Nadu,178.33,178.33,Pettah
2023-04-18,Nadu,178.67,178.67,Pettah
2023-04-19,Nadu,1080.0,21.6,Pettah
2023-04-20,Nadu,1080.0,21.6,Pettah
2023-04-21,Nadu,1080.0,21.6,Pettah
2023-04-24,Nadu,1110.0,22.2,Pettah
2023-04-25,Nadu,212.0,212.0,Pettah
2023-04-26,Nadu,178.6,178.6,Pettah
2023-04-27,Nadu,1086.0,21.72,Pettah
2023-04-28,Nadu,175.2,175.2,Pettah
2023-05-02,Nadu,1102.0,22.04,Pettah
2023-05-03,Nadu,1096.0,21.92,Pettah
2023-05-04,Nadu,178.25,178.25,Pettah
2023-05-08,Nadu,176.75,176.75,Pettah
2023-05-09,Nadu,1090.0,21.8,Pettah
2023-05-10,Nadu,1105.0,22.1,Pettah
2023-05-11,Nadu,1088.0,21.76,Pettah
2023-05-12,Nadu,1052.0,21.04,Pettah
2023-05-15,Nadu,1092.0,21.84,Pettah
2023-05-16,Nadu,190.0,190.0,Pettah
2023-05-17,Nadu,1040.0,20.8,Pettah
2023-05-18,Nadu,1052.0,21.04,Pettah
2023-05-19,Nadu,972.0,19.44,Pettah
2023-05-22,Nadu,1110.0,22.2,Pettah
2023-05-23,Nadu,1000.0,20.0,Pettah
2023-05-24,Nadu,984.0,19.68,Pettah
2023-05-25,Nadu,972.0,972.0,Pettah
2023-05-26,Nadu,960.0,960.0,Pettah
2023-05-29,Nadu,983.0,983.0,Pettah
2023-05-30,Nadu,980.0,980.0,Pettah
2023-05-31,Nadu,960.0,960.0,Pettah
2023-06-01,Nadu,183.0,183.0,Pettah
2023-06-02,Nadu,960.0,960.0,Pettah
2023-06-05,Nadu,968.0,968.0,Pettah
2023-06-06,Nadu,964.0,964.0,Pettah
2023-06-07,Nadu,930.0,930.0,Pettah
2023-06-08,Nadu,920.0,920.0,Pettah
2023-06-09,Nadu,930.0,930.0,Pettah
2023-06-12,Nadu,954.0,954.0,Pettah
2023-06-13,Nadu,960.0,960.0,Pettah
2023-06-14,Nadu,956.0,956.0,Pettah
2023-06-15,Nadu,990.0,990.0,Pettah
2023-06-16,Nadu,960.0,960.0,Pettah
2023-06-19,Nadu,392.0,392.0,Pettah
2023-06-20,Nadu,380.0,380.0,Pettah
2023-06-21,Nadu,980.0,980.0,Pettah
2023-06-22,Nadu,924.0,924.0,Pettah
2023-06-23,Nadu,940.0,940.0,Pettah
2023-06-26,Nadu,960.0,19.2,Pettah
2023-06-27,Nadu,1020.0,20.4,Pettah
2023-06-28,Nadu,1044.0,20.88,Pettah
2023-06-30,Nadu,1084.0,21.68,Pettah
2023-07-04,Nadu,1090.0,21.8,Pettah
2023-07-05,Nadu,1124.0,22.48,Pettah
2023-07-06,Nadu,1124.0,22.48,Pettah
2023-07-07,Nadu,1130.0,22.6,Pettah
2023-07-10,Nadu,1130.0,22.6,Pettah
2023-07-11,Nadu,1088.0,21.76,Pettah
2023-07-12,Nadu,1090.0,21.8,Pettah
2023-07-13,Nadu,1120.0,22.4,Pettah
2023-07-14,Nadu,1110.0,22.2,Pettah
2023-07-17,Nadu,1090.0,21.8,Pettah
2023-07-18,Nadu,1110.0,22.2,Pettah
2023-07-19,Nadu,1088.0,21.76,Pettah
2023-07-20,Nadu,1070.0,21.4,Pettah
2023-07-21,Nadu,1076.0,21.52,Pettah
2023-07-24,Nadu,330.0,330.0,Pettah
2023-07-25,Nadu,1130.0,22.6,Pettah
2023-07-26,Nadu,1070.0,21.4,Pettah
2023-07-27,Nadu,1070.0,21.4,Pettah
2023-07-28,Nadu,1070.0,21.4,Pettah
2023-07-31,Nadu,1070.0,21.4,Pettah
2023-08-02,Nadu,1070.0,21.4,Pettah
2023-08-03,Nadu,113.0,113.0,Pettah
2023-08-04,Nadu,1070.0,21.4,Pettah
2023-08-07,Nadu,1070.0,21.4,Pettah
2023-08-08,Nadu,122.0,122.0,Pettah
2023-08-09,Nadu,147.0,147.0,Pettah
2023-08-10,Nadu,126.0,126.0,Pettah
2023-08-11,Nadu,150.0,150.0,Pettah
2023-08-14,Nadu,248.0,248.0,Pettah
2023-08-15,Nadu,262.0,262.0,Pettah
2023-08-16,Nadu,298.0,298.0,Pettah
2023-08-17,Nadu,280.0,280.0,Pettah
2023-08-18,Nadu,298.0,298.0,Pettah
2023-08-21,Nadu,292.0,292.0,Pettah
2023-08-22,Nadu,288.0,288.0,Pettah
2023-08-23,Nadu,288.0,288.0,Pettah
2023-08-24,Nadu,288.0,288.0,Pettah
2023-08-25,Nadu,288.0,288.0,Pettah
2023-08-28,Nadu,268.0,268.0,Pettah
2023-08-29,Nadu,268.0,268.0,Pettah
2023-08-31,Nadu,288.0,288.0,Pettah
2023-09-01,Nadu,282.0,282.0,Pettah
2023-09-04,Nadu,270.0,270.0,Pettah
2023-09-05,Nadu,270.0,270.0,Pettah
2023-09-06,Nadu,270.0,270.0,Pettah
2023-09-07,Nadu,270.0,270.0,Pettah
2023-09-08,Nadu,280.0,280.0,Pettah
2023-09-11,Nadu,300.0,300.0,Pettah
2023-09-12,Nadu,292.0,292.0,Pettah
2023-09-13,Nadu,292.0,292.0,Pettah
2023-09-14,Nadu,292.0,292.0,Pettah
2023-09-15,Nadu,296.0,296.0,Pettah
2023-09-18,Nadu,288.0,288.0,Pettah
2023-09-19,Nadu,282.0,282.0,Pettah
2023-09-20,Nadu,282.0,282.0,Pettah
2023-09-21,Nadu,304.0,304.0,Pettah
2023-09-22,Nadu,296.0,296.0,Pettah
2023-09-25,Nadu,294.0,294.0,Pettah
2023-09-26,Nadu,288.0,288.0,Pettah
2023-10-02,Nadu,296.0,296.0,Pettah
2023-10-03,Nadu,300.0,300.0,Pettah
2023-10-04,Nadu,320.0,320.0,Pettah
2023-10-05,Nadu,320.0,320.0,Pettah
2023-10-06,Nadu,350.0,350.0,Pettah
2023-10-09,Nadu,340.0,340.0,Pettah
2023-10-10,Nadu,346.0,346.0,Pettah
2023-10-11,Nadu,336.0,336.0,Pettah
2023-10-12,Nadu,332.0,332.0,Pettah
2023-10-13,Nadu,364.0,364.0,Pettah
2023-10-16,Nadu,370.0,370.0,Pettah
2023-10-17,Nadu,370.0,370.0,Pettah
2023-10-18,Nadu,374.0,374.0,Pettah
2023-10-19,Nadu,384.0,384.0,Pettah
2023-10-20,Nadu,398.0,398.0,Pettah
2023-10-23,Nadu,488.0,488.0,Pettah
2023-10-24,Nadu,488.0,488.0,Pettah
2023-10-25,Nadu,488.0,488.0,Pettah
2023-10-26,Nadu,468.0,468.0,Pettah
2023-10-27,Nadu,492.0,492.0,Pettah
2023-10-30,Nadu,562.0,562.0,Pettah
2023-10-31,Nadu,546.0,546.0,Pettah
2023-11-01,Nadu,516.0,516.0,Pettah
2023-11-02,Nadu,488.0,488.0,Pettah
2023-11-03,Nadu,478.0,478.0,Pettah
2023-11-06,Nadu,458.0,458.0,Pettah
2023-11-07,Nadu,442.0,442.0,Pettah
2023-11-08,Nadu,442.0,442.0,Pettah
2023-11-09,Nadu,442.0,442.0,Pettah
2023-11-10,Nadu,422.0,422.0,Pettah
2023-11-13,Nadu,204.0,204.0,Pettah
2023-11-14,Nadu,210.0,210.0,Pettah
2023-11-15,Nadu,204.0,204.0,Pettah
2023-11-16,Nadu,196.0,196.0,Pettah
2023-11-17,Nadu,446.0,446.0,Pettah
2023-11-20,Nadu,456.0,456.0,Pettah
2023-11-21,Nadu,220.0,220.0,Pettah
2023-11-22,Nadu,212.0,212.0,Pettah
2023-11-23,Nadu,208.0,208.0,Pettah
2023-11-24,Nadu,212.0,212.0,Pettah
2023-11-27,Nadu,204.0,204.0,Pettah
2023-11-28,Nadu,204.0,204.0,Pettah
2023-12-01,Nadu,224.0,224.0,Pettah
2023-12-04,Nadu,218.0,218.0,Pettah
2023-12-05,Nadu,222.0,222.0,Pettah
2023-12-06,Nadu,202.0,202.0,Pettah
2023-12-07,Nadu,204.0,204.0,Pettah
2023-12-08,Nadu,204.0,204.0,Pettah
2023-12-11,Nadu,380.0,380.0,Pettah
2023-12-12,Nadu,412.0,412.0,Pettah
2023-12-13,Nadu,412.0,412.0,Pettah
2023-12-14,Nadu,408.0,408.0,Pettah
2023-12-15,Nadu,408.0,408.0,Pettah
2023-12-18,Nadu,418.0,418.0,Pettah
2023-12-19,Nadu,458.0,458.0,Pettah
2023-12-20,Nadu,480.0,480.0,Pettah
2023-12-21,Nadu,450.0,450.0,Pettah
2023-12-22,Nadu,447.0,447.0,Pettah
2023-12-27,Nadu,414.0,414.0,Pettah
2023-12-28,Nadu,346.0,346.0,Pettah
2023-12-29,Nadu,408.0,408.0,Pettah
2024-01-01,Nadu,405.0,405.0,Pettah
2024-01-02,Nadu,405.0,405.0,Pettah
2024-01-03,Nadu,374.0,374.0,Pettah
2024-01-04,Nadu,366.0,366.0,Pettah
2024-01-05,Nadu,384.0,384.0,Pettah
2024-01-08,Nadu,436.0,436.0,Pettah
2024-01-09,Nadu,402.0,402.0,Pettah
2024-01-10,Nadu,330.0,330.0,Pettah
2024-01-11,Nadu,360.0,360.0,Pettah
2024-01-12,Nadu,360.0,360.0,Pettah
2024-01-16,Nadu,330.0,330.0,Pettah
2024-01-17,Nadu,304.0,304.0,Pettah
2024-01-18,Nadu,288.0,288.0,Pettah
2024-01-19,Nadu,298.0,298.0,Pettah
2024-01-22,Nadu,350.0,350.0,Pettah
2024-01-23,Nadu,334.0,334.0,Pettah
2024-01-24,Nadu,336.0,336.0,Pettah
2024-01-26,Nadu,346.0,346.0,Pettah
2024-01-29,Nadu,304.0,304.0,Pettah
2024-01-30,Nadu,248.0,248.0,Pettah
2024-01-31,Nadu,242.0,242.0,Pettah
2024-02-01,Nadu,230.0,230.0,Pettah
2024-02-02,Nadu,224.0,224.0,Pettah
2024-02-05,Nadu,212.0,212.0,Pettah
2024-02-06,Nadu,218.0,218.0,Pettah
2024-02-07,Nadu,226.0,226.0,Pettah
2024-02-08,Nadu,230.0,230.0,Pettah
2024-02-09,Nadu,228.0,228.0,Pettah
2024-02-12,Nadu,258.0,258.0,Pettah
2024-02-13,Nadu,258.0,258.0,Pettah
2024-02-14,Nadu,250.0,250.0,Pettah
2024-02-15,Nadu,250.0,250.0,Pettah
2024-02-16,Nadu,242.0,242.0,Pettah
2024-02-19,Nadu,222.0,222.0,Pettah
2024-02-20,Nadu,206.0,206.0,Pettah
2024-02-21,Nadu,212.0,212.0,Pettah
2024-02-22,Nadu,232.0,232.0,Pettah
2024-02-26,Nadu,218.0,218.0,Pettah
2024-02-27,Nadu,236.0,236.0,Pettah
2024-02-28,Nadu,224.0,224.0,Pettah
2024-02-29,Nadu,224.0,224.0,Pettah
2024-03-01,Nadu,212.0,212.0,Pettah
2024-03-04,Nadu,224.0,224.0,Pettah
2024-03-05,Nadu,242.0,242.0,Pettah
2024-03-06,Nadu,242.0,242.0,Pettah
2024-03-07,Nadu,252.0,252.0,Pettah
2024-03-11,Nadu,292.0,292.0,Pettah
2024-03-12,Nadu,292.0,292.0,Pettah
2024-03-13,Nadu,282.0,282.0,Pettah
2024-03-14,Nadu,242.0,242.0,Pettah
2024-03-15,Nadu,246.0,246.0,Pettah
2024-03-18,Nadu,262.0,262.0,Pettah
2024-03-19,Nadu,276.0,276.0,Pettah
2024-03-20,Nadu,284.0,284.0,Pettah
2024-03-21,Nadu,268.0,268.0,Pettah
2024-03-22,Nadu,232.0,232.0,Pettah
2024-03-25,Nadu,238.0,238.0,Pettah
2024-03-26,Nadu,242.0,242.0,Pettah
2024-03-27,Nadu,248.0,248.0,Pettah
2024-03-28,Nadu,268.0,268.0,Pettah
2024-04-01,Nadu,284.0,284.0,Pettah
2024-04-02,Nadu,284.0,284.0,Pettah
2024-04-03,Nadu,276.0,276.0,Pettah
2024-04-04,Nadu,268.0,268.0,Pettah
2024-04-05,Nadu,268.0,268.0,Pettah
2024-04-08,Nadu,288.0,288.0,Pettah
2024-04-09,Nadu,292.0,292.0,Pettah
2024-04-10,Nadu,310.0,310.0,Pettah
2024-04-16,Nadu,388.0,388.0,Pettah
2024-04-17,Nadu,352.0,352.0,Pettah
2024-04-18,Nadu,360.0,360.0,Pettah
2024-04-19,Nadu,364.0,364.0,Pettah
2024-04-22,Nadu,268.0,268.0,Pettah
2024-04-24,Nadu,268.0,268.0,Pettah
2024-04-25,Nadu,272.0,272.0,Pettah
2024-04-26,Nadu,262.0,262.0,Pettah
2024-04-29,Nadu,266.0,266.0,Pettah
2024-04-30,Nadu,262.0,262.0,Pettah
2024-05-02,Nadu,238.0,238.0,Pettah
2024-05-03,Nadu,260.0,260.0,Pettah
2024-05-06,Nadu,238.0,238.0,Pettah
2024-05-07,Nadu,232.0,232.0,Pettah
2024-05-08,Nadu,232.0,232.0,Pettah
2024-05-09,Nadu,218.0,218.0,Pettah
2024-05-10,Nadu,212.0,212.0,Pettah
2024-05-13,Nadu,368.0,368.0,Pettah
2024-05-14,Nadu,228.0,228.0,Pettah
2024-05-15,Nadu,212.0,212.0,Pettah
2024-05-16,Nadu,212.0,212.0,Pettah
2024-05-17,Nadu,208.0,208.0,Pettah
2024-05-20,Nadu,388.0,388.0,Pettah
2024-05-21,Nadu,388.0,388.0,Pettah
2024-05-22,Nadu,392.0,392.0,Pettah
2024-05-27,Nadu,432.0,432.0,Pettah
2024-05-28,Nadu,442.0,442.0,Pettah
2024-05-29,Nadu,426.0,426.0,Pettah
2024-05-30,Nadu,438.0,438.0,Pettah
2024-05-31,Nadu,438.0,438.0,Pettah
2024-06-03,Nadu,426.0,426.0,Pettah
2024-06-04,Nadu,408.0,408.0,Pettah
2024-06-05,Nadu,392.0,392.0,Pettah
2024-06-06,Nadu,412.0,412.0,Pettah
2024-06-07,Nadu,388.0,388.0,Pettah
2024-06-10,Nadu,408.0,408.0,Pettah
2024-06-11,Nadu,408.0,408.0,Pettah
2024-06-12,Nadu,396.0,396.0,Pettah
2024-06-13,Nadu,388.0,388.0,Pettah
2024-06-14,Nadu,392.0,392.0,Pettah
2024-06-18,Nadu,388.0,388.0,Pettah
2024-06-19,Nadu,398.0,398.0,Pettah
2024-06-20,Nadu,430.0,430.0,Pettah
2024-06-24,Nadu,388.0,388.0,Pettah
2024-06-25,Nadu,404.0,404.0,Pettah
2024-06-26,Nadu,392.0,392.0,Pettah
2024-06-27,Nadu,412.0,412.0,Pettah
2024-06-28,Nadu,250.0,250.0,Pettah
2024-07-01,Nadu,396.0,396.0,Pettah
2024-07-02,Nadu,396.0,396.0,Pettah
2024-07-03,Nadu,400.0,400.0,Pettah
2024-07-04,Nadu,396.0,396.0,Pettah
2024-07-05,Nadu,292.0,292.0,Pettah
2024-07-08,Nadu,292.0,292.0,Pettah
2024-07-09,Nadu,372.0,372.0,Pettah
2024-07-10,Nadu,392.0,392.0,Pettah
2024-07-11,Nadu,170.0,170.0,Pettah
2024-07-12,Nadu,378.0,378.0,Pettah
2024-07-15,Nadu,268.0,268.0,Pettah
2024-07-16,Nadu,258.0,258.0,Pettah
2024-07-17,Nadu,208.0,208.0,Pettah
2024-07-18,Nadu,196.0,196.0,Pettah
2024-07-19,Nadu,196.0,196.0,Pettah
2024-07-22,Nadu,196.0,196.0,Pettah
2024-07-23,Nadu,188.0,188.0,Pettah
2024-07-24,Nadu,192.0,192.0,Pettah
2024-07-25,Nadu,188.0,188.0,Pettah
2024-07-26,Nadu,188.0,188.0,Pettah
2024-07-29,Nadu,184.0,184.0,Pettah
2024-07-30,Nadu,184.0,184.0,Pettah
2024-07-31,Nadu,344.0,344.0,Pettah
2024-08-01,Nadu,362.0,362.0,Pettah
2024-08-02,Nadu,378.0,378.0,Pettah
2024-08-05,Nadu,208.0,208.0,Pettah
2024-08-06,Nadu,212.0,212.0,Pettah
2024-08-07,Nadu,206.0,206.0,Pettah
2024-08-08,Nadu,188.0,188.0,Pettah
2024-08-09,Nadu,188.0,188.0,Pettah
2024-08-12,Nadu,188.0,188.0,Pettah
2024-08-13,Nadu,188.0,188.0,Pettah
2024-08-14,Nadu,188.0,188.0,Pettah
2024-08-15,Nadu,172.0,172.0,Pettah
2024-08-16,Nadu,180.0,180.0,Pettah
2024-08-20,Nadu,176.0,176.0,Pettah
2024-08-21,Nadu,204.0,204.0,Pettah
2024-08-22,Nadu,192.0,192.0,Pettah
2024-08-23,Nadu,192.0,192.0,Pettah
2024-08-26,Nadu,184.0,184.0,Pettah
2024-08-27,Nadu,184.0,184.0,Pettah
2024-08-28,Nadu,304.0,304.0,Pettah
2024-08-29,Nadu,180.0,180.0,Pettah
2024-08-30,Nadu,180.0,180.0,Pettah
2024-09-02,Nadu,190.0,190.0,Pettah
2024-09-03,Nadu,180.0,180.0,Pettah
2024-09-04,Nadu,180.0,180.0,Pettah
2024-09-05,Nadu,180.0,180.0,Pettah
2024-09-06,Nadu,175.0,175.0,Pettah
2024-09-09,Nadu,175.0,175.0,Pettah
2024-09-10,Nadu,175.0,175.0,Pettah
2024-09-11,Nadu,175.0,175.0,Pettah
2024-09-12,Nadu,175.0,175.0,Pettah
2024-09-13,Nadu,175.0,175.0,Pettah
2024-09-18,Nadu,175.0,175.0,Pettah
2024-09-19,Nadu,175.0,175.0,Pettah
2024-09-20,Nadu,175.0,175.0,Pettah
2024-09-24,Nadu,170.0,170.0,Pettah
2024-09-25,Nadu,160.0,160.0,Pettah
2024-09-26,Nadu,150.0,150.0,Pettah
2024-09-27,Nadu,164.0,164.0,Pettah
2024-09-30,Nadu,170.0,170.0,Pettah
2024-10-01,Nadu,170.0,170.0,Pettah
2024-10-02,Nadu,170.0,170.0,Pettah
2024-10-03,Nadu,170.0,170.0,Pettah
2024-10-04,Nadu,170.0,170.0,Pettah
2024-10-07,Nadu,190.0,190.0,Pettah
2024-10-08,Nadu,178.0,178.0,Pettah
2024-10-09,Nadu,190.0,190.0,Pettah
2024-10-10,Nadu,192.0,192.0,Pettah
2024-10-11,Nadu,198.0,198.0,Pettah
2024-10-14,Nadu,232.0,232.0,Pettah
2024-10-15,Nadu,220.0,220.0,Pettah
2024-10-16,Nadu,220.0,220.0,Pettah
2024-10-18,Nadu,220.0,220.0,Pettah
2024-10-21,Nadu,262.0,262.0,Pettah
2024-10-22,Nadu,256.0,256.0,Pettah
2024-10-23,Nadu,236.0,236.0,Pettah
2024-10-24,Nadu,232.0,232.0,Pettah
2024-10-25,Nadu,220.0,220.0,Pettah
2024-10-28,Nadu,170.0,170.0,Pettah
2024-10-29,Nadu,220.0,220.0,Pettah
2024-11-01,Nadu,232.0,232.0,Pettah
2024-11-04,Nadu,238.0,238.0,Pettah
2024-11-05,Nadu,236.0,236.0,Pettah
2024-11-06,Nadu,220.0,220.0,Pettah
2024-11-07,Nadu,232.0,232.0,Pettah
2024-11-08,Nadu,230.0,230.0,Pettah
2024-11-11,Nadu,240.0,240.0,Pettah
2024-11-12,Nadu,220.0,220.0,Pettah
2024-11-13,Nadu,208.0,208.0,Pettah
2024-11-14,Nadu,220.0,220.0,Pettah
2024-11-18,Nadu,280.0,280.0,Pettah
2024-11-19,Nadu,252.0,252.0,Pettah
2024-11-20,Nadu,240.0,240.0,Pettah
2024-11-21,Nadu,236.0,236.0,Pettah
2024-11-22,Nadu,236.0,236.0,Pettah
2024-11-25,Nadu,240.0,240.0,Pettah
2024-11-26,Nadu,240.0,240.0,Pettah
2024-11-27,Nadu,220.0,220.0,Pettah
2024-11-28,Nadu,242.0,242.0,Pettah
2024-11-29,Nadu,224.0,224.0,Pettah
2024-12-02,Nadu,240.0,240.0,Pettah
2024-12-03,Nadu,332.0,332.0,Pettah
2024-12-04,Nadu,332.0,332.0,Pettah
2024-12-05,Nadu,328.0,328.0,Pettah
2024-12-06,Nadu,338.0,338.0,Pettah
2024-12-09,Nadu,308.0,308.0,Pettah
2024-12-10,Nadu,380.0,380.0,Pettah
2024-12-11,Nadu,370.0,370.0,Pettah
2024-12-12,Nadu,354.0,354.0,Pettah
2024-12-13,Nadu,710.0,710.0,Pettah
2024-12-16,Nadu,710.0,710.0,Pettah
2024-12-17,Nadu,212.5,212.5,Pettah
2024-12-18,Nadu,212.5,212.5,Pettah
2024-12-19,Nadu,710.0,710.0,Pettah
2024-12-20,Nadu,217.5,217.5,Pettah
2024-12-23,Nadu,710.0,710.0,Pettah
2024-12-24,Nadu,722.0,722.0,Pettah
2024-12-26,Nadu,710.0,710.0,Pettah
2024-12-27,Nadu,710.0,710.0,Pettah
2024-12-30,Nadu,710.0,710.0,Pettah
2024-12-31,Nadu,710.0,710.0,Pettah
2025-01-01,Nadu,710.0,710.0,Pettah
2025-01-02,Nadu,710.0,710.0,Pettah
2025-01-03,Nadu,730.0,730.0,Pettah
2025-01-06,Nadu,730.0,730.0,Pettah
2025-01-07,Nadu,730.0,730.0,Pettah
2025-01-08,Nadu,690.0,690.0,Pettah
2025-01-09,Nadu,720.0,720.0,Pettah
2025-01-10,Nadu,710.0,710.0,Pettah
2025-01-15,Nadu,730.0,730.0,Pettah
2025-01-16,Nadu,690.0,690.0,Pettah
2025-01-17,Nadu,690.0,690.0,Pettah
2025-01-20,Nadu,504.0,504.0,Pettah
2025-01-21,Nadu,173.0,173.0,Pettah
2025-01-22,Nadu,178.0,178.0,Pettah
2025-01-23,Nadu,590.0,590.0,Pettah
2025-01-24,Nadu,196.0,196.0,Pettah
2025-01-27,Nadu,183.0,183.0,Pettah
2025-01-28,Nadu,462.0,462.0,Pettah
2025-01-29,Nadu,182.0,182.0,Pettah
2025-01-30,Nadu,412.0,412.0,Pettah
2025-01-31,Nadu,372.0,372.0,Pettah
2025-02-03,Nadu,306.0,306.0,Pettah
2025-02-05,Nadu,215.0,215.0,Pettah
2025-02-06,Nadu,232.0,232.0,Pettah
2025-02-07,Nadu,204.0,204.0,Pettah
2025-02-10,Nadu,207.5,207.5,Pettah
2025-02-11,Nadu,207.5,207.5,Pettah
2025-02-13,Nadu,207.5,207.5,Pettah
2025-02-14,Nadu,207.5,207.5,Pettah
2025-02-17,Nadu,207.5,207.5,Pettah
2025-02-18,Nadu,207.5,207.5,Pettah
2025-02-19,Nadu,207.5,207.5,Pettah
2025-02-20,Nadu,207.5,207.5,Pettah
2025-02-21,Nadu,207.5,207.5,Pettah
2025-02-24,Nadu,207.5,207.5,Pettah
2025-02-25,Nadu,207.5,207.5,Pettah
2025-02-27,Nadu,207.5,207.5,Pettah
2025-02-28,Nadu,207.5,207.5,Pettah
2025-03-03,Nadu,207.5,207.5,Pettah
2025-03-04,Nadu,207.5,207.5,Pettah
2025-03-05,Nadu,207.5,207.5,Pettah
2025-03-06,Nadu,207.5,207.5,Pettah
2025-03-07,Nadu,207.5,207.5,Pettah
2025-03-10,Nadu,207.5,207.5,Pettah
2025-03-11,Nadu,208.25,208.25,Pettah
2025-03-12,Nadu,208.25,208.25,Pettah
2025-03-14,Nadu,208.25,208.25,Pettah
2025-03-17,Nadu,217.0,217.0,Pettah
2025-03-18,Nadu,218.75,218.75,Pettah
2025-03-19,Nadu,207.5,207.5,Pettah
2025-03-20,Nadu,207.5,207.5,Pettah
2025-03-21,Nadu,207.5,207.5,Pettah
2025-03-24,Nadu,207.5,207.5,Pettah
2025-03-25,Nadu,207.5,207.5,Pettah
2025-03-26,Nadu,207.5,207.5,Pettah
2025-03-27,Nadu,207.5,207.5,Pettah
2025-03-28,Nadu,207.5,207.5,Pettah
2025-04-01,Nadu,207.5,207.5,Pettah
2025-04-02,Nadu,207.5,207.5,Pettah
2025-04-03,Nadu,209.0,209.0,Pettah
2025-04-04,Nadu,207.5,207.5,Pettah
2025-04-07,Nadu,207.5,207.5,Pettah
2025-04-08,Nadu,207.5,207.5,Pettah
2025-04-09,Nadu,207.5,207.5,Pettah
2025-04-10,Nadu,207.5,207.5,Pettah
2025-04-11,Nadu,207.5,207.5,Pettah
2025-04-16,Nadu,,,Pettah
2025-04-17,Nadu,207.5,207.5,Pettah
2025-04-21,Nadu,207.5,207.5,Pettah
2025-04-22,Nadu,207.5,207.5,Pettah
2025-04-23,Nadu,207.5,207.5,Pettah
2025-04-24,Nadu,207.5,207.5,Pettah
2025-04-25,Nadu,207.5,207.5,Pettah
2025-04-28,Nadu,207.5,207.5,Pettah
2025-04-29,Nadu,207.5,207.5,Pettah
2025-05-02,Nadu,207.5,207.5,Pettah
2025-05-05,Nadu,206.25,206.25,Pettah
2025-05-06,Nadu,207.5,207.5,Pettah
2025-05-07,Nadu,207.5,207.5,Pettah
2025-05-08,Nadu,520.0,520.0,Pettah
2025-05-09,Nadu,520.0,520.0,Pettah
2025-05-14,Nadu,212.5,212.5,Pettah
2025-05-15,Nadu,570.0,570.0,Pettah
2025-05-16,Nadu,570.0,570.0,Pettah
2025-05-19,Nadu,570.0,570.0,Pettah
2025-05-20,Nadu,570.0,570.0,Pettah
2025-05-21,Nadu,520.0,520.0,Pettah
2025-05-22,Nadu,520.0,520.0,Pettah
2025-05-23,Nadu,520.0,520.0,Pettah
2025-05-26,Nadu,520.0,520.0,Pettah
2025-05-27,Nadu,560.0,560.0,Pettah
2025-05-28,Nadu,560.0,560.0,Pettah
2025-05-29,Nadu,560.0,560.0,Pettah
2025-05-30,Nadu,530.0,530.0,Pettah
2025-06-02,Nadu,530.0,530.0,Pettah
2025-06-03,Nadu,530.0,530.0,Pettah
2025-06-04,Nadu,530.0,530.0,Pettah
2025-06-05,Nadu,530.0,530.0,Pettah
2025-06-06,Nadu,530.0,530.0,Pettah
2025-06-09,Nadu,530.0,530.0,Pettah
2025-06-11,Nadu,530.0,530.0,Pettah
2025-06-12,Nadu,530.0,530.0,Pettah
2025-06-13,Nadu,530.0,530.0,Pettah
2025-06-16,Nadu,530.0,530.0,Pettah
2025-06-17,Nadu,530.0,530.0,Pettah
2025-06-18,Nadu,520.0,520.0,Pettah
2025-06-19,Nadu,520.0,520.0,Pettah
2025-06-20,Nadu,520.0,520.0,Pettah
2025-06-23,Nadu,568.0,568.0,Pettah
2025-06-24,Nadu,568.0,568.0,Pettah
2025-06-25,Nadu,568.0,568.0,Pettah
2025-06-26,Nadu,590.0,590.0,Pettah
2025-06-27,Nadu,690.0,690.0,Pettah
2025-06-30,Nadu,670.0,670.0,Pettah
2025-07-01,Nadu,690.0,690.0,Pettah
2025-07-07,Nadu,625.0,625.0,Pettah
2025-07-08,Nadu,625.0,625.0,Pettah
2025-07-09,Nadu,615.0,615.0,Pettah
2025-07-11,Nadu,575.0,575.0,Pettah
2025-07-14,Nadu,615.0,615.0,Pettah
2025-07-15,Nadu,575.0,575.0,Pettah
2025-07-16,Nadu,575.0,575.0,Pettah
2025-07-17,Nadu,625.0,625.0,Pettah
2025-07-18,Nadu,375.0,375.0,Pettah
2025-07-21,Nadu,310.0,310.0,Pettah
2025-07-22,Nadu,330.0,330.0,Pettah
2025-07-23,Nadu,285.0,285.0,Pettah
2025-07-24,Nadu,290.0,290.0,Pettah
2025-07-25,Nadu,275.0,275.0,Pettah
2025-07-28,Nadu,285.0,285.0,Pettah
2025-07-29,Nadu,250.0,250.0,Pettah
2025-07-30,Nadu,245.0,245.0,Pettah
2025-07-31,Nadu,265.0,265.0,Pettah
2025-08-01,Nadu,270.0,270.0,Pettah
2025-08-04,Nadu,235.0,235.0,Pettah
2025-08-05,Nadu,220.0,220.0,Pettah
2025-08-06,Nadu,235.0,235.0,Pettah
2025-08-07,Nadu,215.0,215.0,Pettah
2025-08-11,Nadu,215.0,215.0,Pettah
2025-08-12,Nadu,190.0,190.0,Pettah
2025-08-13,Nadu,190.0,190.0,Pettah
2025-08-14,Nadu,190.0,190.0,Pettah
2025-08-15,Nadu,190.0,190.0,Pettah
2025-08-18,Nadu,225.0,225.0,Pettah
2025-08-19,Nadu,225.0,225.0,Pettah
2025-08-20,Nadu,190.0,190.0,Pettah
2025-08-21,Nadu,190.0,190.0,Pettah
2025-08-22,Nadu,190.0,190.0,Pettah
2025-08-25,Nadu,235.0,235.0,Pettah
2025-08-26,Nadu,165.0,165.0,Pettah
2025-08-27,Nadu,230.0,230.0,Pettah
2025-08-28,Nadu,165.0,165.0,Pettah
2025-08-29,Nadu,165.0,165.0,Pettah
2025-09-01,Nadu,275.0,275.0,Pettah
2025-09-02,Nadu,300.0,300.0,Pettah
2025-09-03,Nadu,295.0,295.0,Pettah
2025-09-04,Nadu,285.0,285.0,Pettah
2025-09-08,Nadu,310.0,310.0,Pettah
2025-09-09,Nadu,290.0,290.0,Pettah
2025-09-10,Nadu,280.0,280.0,Pettah
2025-09-11,Nadu,295.0,295.0,Pettah
2025-09-12,Nadu,260.0,260.0,Pettah
2025-09-15,Nadu,290.0,290.0,Pettah
2025-09-16,Nadu,170.0,170.0,Pettah
2025-09-17,Nadu,280.0,280.0,Pettah
2025-09-18,Nadu,265.0,265.0,Pettah
2025-09-19,Nadu,270.0,270.0,Pettah
2025-09-22,Nadu,263.75,263.75,Pettah
2025-09-23,Nadu,260.0,260.0,Pettah
2025-09-24,Nadu,190.0,190.0,Pettah
2025-09-25,Nadu,175.0,175.0,Pettah
2025-09-26,Nadu,260.0,260.0,Pettah
2025-09-29,Nadu,255.0,255.0,Pettah
2025-09-30,Nadu,165.0,165.0,Pettah
2025-10-01,Nadu,245.0,245.0,Pettah
2025-10-02,Nadu,235.0,235.0,Pettah
2025-10-03,Nadu,245.0,245.0,Pettah
2025-10-07,Nadu,265.0,265.0,Pettah
2025-10-08,Nadu,265.0,265.0,Pettah
2025-10-09,Nadu,260.0,260.0,Pettah
2025-10-10,Nadu,270.0,270.0,Pettah
2025-10-13,Nadu,265.0,265.0,Pettah
2025-10-14,Nadu,265.0,265.0,Pettah
2025-10-15,Nadu,260.0,260.0,Pettah
2025-10-16,Nadu,265.0,265.0,Pettah
2025-10-17,Nadu,275.0,275.0,Pettah
2025-10-21,Nadu,260.0,260.0,Pettah
2025-10-22,Nadu,260.0,260.0,Pettah
2025-10-23,Nadu,265.0,265.0,Pettah
2025-10-24,Nadu,265.0,265.0,Pettah
2025-10-27,Nadu,270.0,270.0,Pettah
2025-10-28,Nadu,315.0,315.0,Pettah
2025-10-29,Nadu,285.0,285.0,Pettah
2025-10-30,Nadu,290.0,290.0,Pettah
2025-10-31,Nadu,280.0,280.0,Pettah
2025-11-03,Nadu,275.0,275.0,Pettah
2025-11-04,Nadu,240.0,240.0,Pettah
2025-11-06,Nadu,270.0,270.0,Pettah
2025-11-07,Nadu,260.0,260.0,Pettah
2025-11-10,Nadu,250.0,250.0,Pettah
2025-11-11,Nadu,255.0,255.0,Pettah
2025-11-12,Nadu,255.0,255.0,Pettah
2025-11-13,Nadu,230.0,230.0,Pettah
2025-11-14,Nadu,215.0,215.0,Pettah
2025-11-17,Nadu,215.0,215.0,Pettah
2025-11-18,Nadu,260.0,260.0,Pettah
2025-11-19,Nadu,240.0,240.0,Pettah
2025-11-20,Nadu,165.0,165.0,Pettah
2025-11-21,Nadu,165.0,165.0,Pettah
2025-11-24,Nadu,215.0,215.0,Pettah
2025-11-25,Nadu,160.0,160.0,Pettah
2025-11-26,Nadu,210.0,210.0,Pettah
2025-11-27,Nadu,225.0,225.0,Pettah
2025-12-01,Nadu,310.0,310.0,Pettah
2025-12-02,Nadu,165.0,165.0,Pettah
2025-12-03,Nadu,325.0,325.0,Pettah
2025-12-05,Nadu,295.0,295.0,Pettah
2025-12-08,Nadu,275.0,275.0,Pettah
2025-12-09,Nadu,280.0,280.0,Pettah
2025-12-10,Nadu,215.0,215.0,Pettah
2025-12-11,Nadu,240.0,240.0,Pettah
2025-12-12,Nadu,285.0,285.0,Pettah
2025-12-15,Nadu,225.0,225.0,Pettah
2025-12-16,Nadu,225.0,225.0,Pettah
2025-12-17,Nadu,285.0,285.0,Pettah
2025-12-18,Nadu,200.0,200.0,Pettah
2025-12-19,Nadu,200.0,200.0,Pettah
2025-12-22,Nadu,235.0,235.0,Pettah
2025-12-23,Nadu,195.0,195.0,Pettah
2025-12-24,Nadu,170.0,170.0,Pettah
2025-12-26,Nadu,185.0,185.0,Pettah
2025-12-29,Nadu,185.0,185.0,Pettah
2025-12-30,Nadu,195.0,195.0,Pettah
2025-12-31,Nadu,185.0,185.0,Pettah
2026-01-01,Nadu,200.0,200.0,Pettah
2026-01-02,Nadu,185.0,185.0,Pettah
2026-01-05,Nadu,245.0,245.0,Pettah
2026-01-06,Nadu,245.0,245.0,Pettah
2026-01-07,Nadu,235.0,235.0,Pettah
2026-01-08,Nadu,165.0,165.0,Pettah
2026-01-09,Nadu,175.0,175.0,Pettah
2026-01-12,Nadu,190.0,190.0,Pettah
2026-01-13,Nadu,175.0,175.0,Pettah
2026-01-16,Nadu,185.0,185.0,Pettah
2026-01-19,Nadu,185.0,185.0,Pettah
2026-01-20,Nadu,185.0,185.0,Pettah
2026-01-21,Nadu,185.0,185.0,Pettah
2026-01-22,Nadu,195.0,195.0,Pettah
2026-01-23,Nadu,310.0,310.0,Pettah
2026-01-26,Nadu,270.0,270.0,Pettah
2026-01-27,Nadu,245.0,245.0,Pettah
2026-01-28,Nadu,235.0,235.0,Pettah
2026-01-29,Nadu,170.0,170.0,Pettah
2026-01-30,Nadu,155.0,155.0,Pettah
2026-02-02,Nadu,140.0,140.0,Pettah
2026-02-03,Nadu,110.0,110.0,Pettah
2026-02-05,Nadu,190.0,190.0,Pettah
2026-02-06,Nadu,210.0,210.0,Pettah
2026-02-09,Nadu,210.0,210.0,Pettah
2026-02-10,Nadu,195.0,195.0,Pettah
2026-02-11,Nadu,135.0,135.0,Pettah
2026-02-12,Nadu,130.0,130.0,Pettah
2026-02-13,Nadu,132.0,132.0,Pettah
2026-02-16,Nadu,142.0,142.0,Pettah
2026-02-17,Nadu,130.0,130.0,Pettah
2026-02-18,Nadu,136.0,136.0,Pettah
2026-02-19,Nadu,135.0,135.0,Pettah
2026-02-20,Nadu,139.0,139.0,Pettah
2026-02-23,Nadu,128.0,128.0,Pettah
2026-02-24,Nadu,130.0,130.0,Pettah
2026-02-25,Nadu,128.2,128.2,Pettah
2026-02-26,Nadu,121.0,121.0,Pettah
2026-02-27,Nadu,210.0,210.0,Pettah
2026-03-03,Nadu,142.0,142.0,Pettah
2026-03-04,Nadu,150.0,150.0,Pettah
2026-03-05,Nadu,210.0,210.0,Pettah
2026-03-06,Nadu,146.0,146.0,Pettah
2026-03-09,Nadu,210.0,210.0,Pettah
2026-03-10,Nadu,205.0,205.0,Pettah
2026-03-11,Nadu,195.0,195.0,Pettah
2026-03-12,Nadu,195.0,195.0,Pettah
2026-03-13,Nadu,195.0,195.0,Pettah
2026-03-16,Nadu,190.0,190.0,Pettah
2026-03-17,Nadu,210.0,210.0,Pettah
2026-03-18,Nadu,210.0,210.0,Pettah
2026-03-19,Nadu,210.0,210.0,Pettah
2026-03-20,Nadu,215.0,215.0,Pettah
2026-03-23,Nadu,240.0,240.0,Pettah
2026-03-24,Nadu,240.0,240.0,Pettah
2026-03-25,Nadu,230.0,230.0,Pettah
2026-03-26,Nadu,216.67,216.67,Pettah
2026-03-27,Nadu,230.0,230.0,Pettah
2026-03-30,Nadu,255.0,255.0,Pettah
2026-03-31,Nadu,230.0,230.0,Pettah
2026-04-02,Nadu,235.0,235.0,Pettah
2026-04-06,Nadu,230.0,230.0,Pettah
2026-04-07,Nadu,230.0,230.0,Pettah
2026-04-08,Nadu,230.0,230.0,Pettah
2026-04-09,Nadu,230.0,230.0,Pettah
2026-04-10,Nadu,230.0,230.0,Pettah
2026-04-20,Nadu,305.0,305.0,Pettah
2026-04-21,Nadu,273.33,273.33,Pettah
2026-04-22,Nadu,285.0,285.0,Pettah
2026-04-23,Nadu,325.0,325.0,Pettah
2026-04-24,Nadu,265.0,265.0,Pettah
2026-04-27,Nadu,260.0,260.0,Pettah
2026-04-28,Nadu,260.0,260.0,Pettah
2026-04-29,Nadu,225.0,225.0,Pettah
2026-04-30,Nadu,240.0,240.0,Pettah
2026-05-04,Nadu,235.0,235.0,Pettah
2026-05-05,Nadu,240.0,240.0,Pettah
2026-05-06,Nadu,240.0,240.0,Pettah
2026-05-07,Nadu,240.0,240.0,Pettah
2026-05-08,Nadu,260.0,260.0,Pettah
2026-05-11,Nadu,260.0,260.0,Pettah
2026-05-12,Nadu,270.0,270.0,Pettah
2026-05-13,Nadu,292.0,292.0,Pettah
2026-05-14,Nadu,292.0,292.0,Pettah
2026-05-15,Nadu,290.0,290.0,Pettah
2026-05-18,Nadu,316.0,316.0,Pettah
2026-05-19,Nadu,292.0,292.0,Pettah
2026-05-20,Nadu,292.0,292.0,Pettah
2026-05-21,Nadu,213.33,213.33,Pettah
2026-05-22,Nadu,213.33,213.33,Pettah
2026-05-25,Nadu,260.0,260.0,Pettah
2026-05-26,Nadu,250.0,250.0,Pettah
2026-05-27,Nadu,292.0,292.0,Pettah
2026-05-29,Nadu,358.0,358.0,Pettah
2026-06-01,Nadu,255.0,255.0,Pettah
2026-06-02,Nadu,225.0,225.0,Pettah
2026-06-03,Nadu,185.0,185.0,Pettah
2026-06-04,Nadu,175.0,175.0,Pettah
2026-06-05,Nadu,200.0,200.0,Pettah
2026-06-08,Nadu,332.0,332.0,Pettah
2026-06-09,Nadu,285.0,285.0,Pettah
2026-06-10,Nadu,330.0,330.0,Pettah
2026-06-11,Nadu,338.0,338.0,Pettah
2026-06-12,Nadu,334.0,334.0,Pettah
2026-06-15,Nadu,280.0,280.0,Pettah
2026-06-16,Nadu,312.0,312.0,Pettah
2026-06-17,Nadu,312.0,312.0,Pettah
2026-06-18,Nadu,235.0,235.0,Pettah
2026-06-19,Nadu,370.0,370.0,Pettah
2026-06-22,Nadu,338.0,338.0,Pettah
2026-06-23,Nadu,334.0,334.0,Pettah
2026-06-24,Nadu,365.0,365.0,Pettah
2026-06-25,Nadu,365.0,365.0,Pettah
2026-06-26,Nadu,376.0,376.0,Pettah
2026-06-30,Nadu,376.0,376.0,Pettah
2026-07-01,Nadu,388.0,388.0,Pettah
2026-07-02,Nadu,380.0,380.0,Pettah
2026-07-03,Nadu,380.0,380.0,Pettah
2026-07-06,Nadu,358.0,358.0,Pettah
2026-07-07,Nadu,366.0,366.0,Pettah
2026-07-08,Nadu,362.0,362.0,Pettah
2026-07-09,Nadu,404.0,404.0,Pettah
2026-07-10,Nadu,380.0,380.0,Pettah
2026-07-13,Nadu,390.0,390.0,Pettah
2026-07-14,Nadu,340.0,340.0,Pettah
2026-07-15,Nadu,335.0,335.0,Pettah
2026-07-16,Nadu,310.0,310.0,Pettah
2026-07-17,Nadu,310.0,310.0,Pettah
2026-07-20,Nadu,310.0,310.0,Pettah
2026-07-21,Nadu,310.0,310.0,Pettah
2026-07-22,Nadu,310.0,310.0,Pettah
2026-07-23,Nadu,335.0,335.0,Pettah
2026-07-24,Nadu,335.0,335.0,Pettah
2026-07-27,Nadu,340.0,340.0,Pettah
2026-07-28,Nadu,335.0,335.0,Pettah
2026-07-30,Nadu,335.0,335.0,Pettah
2026-07-31,Nadu,290.0,290.0,Pettah
2026-08-03,Nadu,290.0,290.0,Pettah
2026-08-04,Nadu,290.0,290.0,Pettah
2026-08-05,Nadu,280.0,280.0,Pettah
2026-08-06,Nadu,290.0,290.0,Pettah
2026-08-07,Nadu,285.0,285.0,Pettah
2015-06-22,Nadu 1,3420.0,68.4,Pettah
2015-06-23,Nadu 1,3440.0,68.8,Pettah
2015-06-24,Nadu 1,3430.0,68.6,Pettah
2015-06-25,Nadu 1,3410.0,68.2,Pettah
2015-06-26,Nadu 1,3410.0,68.2,Pettah
2015-06-29,Nadu 1,3420.0,68.4,Pettah
2015-06-30,Nadu 1,3410.0,68.2,Pettah
2015-07-01,Nadu 1,3410.0,68.2,Pettah
2015-07-02,Nadu 1,3410.0,68.2,Pettah
2015-07-03,Nadu 1,3390.0,67.8,Pettah
2015-07-06,Nadu 1,3420.0,68.4,Pettah
2015-07-09,Nadu 1,3366.67,67.3334,Pettah
2015-07-10,Nadu 1,3320.0,66.4,Pettah
2015-07-13,Nadu 1,3340.0,66.8,Pettah
2015-07-14,Nadu 1,3310.0,66.2,Pettah
2015-07-15,Nadu 1,3380.0,67.6,Pettah
2015-07-16,Nadu 1,3316.67,66.3334,Pettah
2015-07-17,Nadu 1,3300.0,66.0,Pettah
2015-07-20,Nadu 1,3325.0,66.5,Pettah
2015-07-21,Nadu 1,3350.0,67.0,Pettah
2015-07-22,Nadu 1,3300.0,66.0,Pettah
2015-07-24,Nadu 1,3280.0,65.6,Pettah
2015-07-27,Nadu 1,3260.0,65.2,Pettah
2015-07-28,Nadu 1,3200.0,64.0,Pettah
2015-07-29,Nadu 1,3237.5,64.75,Pettah
2015-07-30,Nadu 1,3166.67,63.333400000000005,Pettah
2015-08-03,Nadu 1,3140.0,62.8,Pettah
2015-08-04,Nadu 1,3050.0,61.0,Pettah
2015-08-05,Nadu 1,3150.0,63.0,Pettah
2015-08-06,Nadu 1,3125.0,62.5,Pettah
2015-08-07,Nadu 1,3120.0,62.4,Pettah
2015-08-10,Nadu 1,3120.0,62.4,Pettah
2015-08-11,Nadu 1,3166.67,63.333400000000005,Pettah
2015-08-12,Nadu 1,3120.0,62.4,Pettah
2015-08-13,Nadu 1,3100.0,62.0,Pettah
2015-08-14,Nadu 1,3120.0,62.4,Pettah
2015-08-20,Nadu 1,3212.5,64.25,Pettah
2015-08-21,Nadu 1,3200.0,64.0,Pettah
2015-08-24,Nadu 1,3280.0,65.6,Pettah
2015-08-25,Nadu 1,3270.0,65.4,Pettah
2015-08-26,Nadu 1,3350.0,67.0,Pettah
2015-08-27,Nadu 1,3400.0,68.0,Pettah
2015-08-28,Nadu 1,3400.0,68.0,Pettah
2015-08-31,Nadu 1,3450.0,69.0,Pettah
2015-09-01,Nadu 1,3362.5,67.25,Pettah
2015-09-02,Nadu 1,3383.33,67.6666,Pettah
2015-09-03,Nadu 1,3340.0,66.8,Pettah
2015-09-04,Nadu 1,3400.0,68.0,Pettah
2015-09-07,Nadu 1,3400.0,68.0,Pettah
2015-09-09,Nadu 1,3416.67,68.3334,Pettah
2015-09-10,Nadu 1,3437.5,68.75,Pettah
2015-09-11,Nadu 1,3437.5,68.75,Pettah
2015-09-14,Nadu 1,3150.0,63.0,Pettah
2015-09-16,Nadu 1,3400.0,68.0,Pettah
2015-09-17,Nadu 1,3387.5,67.75,Pettah
2015-09-18,Nadu 1,3400.0,68.0,Pettah
2015-09-21,Nadu 1,3350.0,67.0,Pettah
2015-09-22,Nadu 1,3350.0,67.0,Pettah
2015-09-23,Nadu 1,3383.33,67.6666,Pettah
2015-09-25,Nadu 1,3350.0,67.0,Pettah
2015-09-28,Nadu 1,3350.0,67.0,Pettah
2015-09-29,Nadu 1,3350.0,67.0,Pettah
2015-10-01,Nadu 1,3350.0,67.0,Pettah
2015-10-02,Nadu 1,3350.0,67.0,Pettah
2015-10-05,Nadu 1,3350.0,67.0,Pettah
2015-10-06,Nadu 1,3350.0,67.0,Pettah
2015-10-07,Nadu 1,3350.0,67.0,Pettah
2015-10-08,Nadu 1,3400.0,68.0,Pettah
2015-10-09,Nadu 1,3433.33,68.6666,Pettah
2015-10-12,Nadu 1,3462.5,69.25,Pettah
2015-10-13,Nadu 1,3533.33,70.6666,Pettah
2015-10-14,Nadu 1,3470.0,69.4,Pettah
2015-10-15,Nadu 1,3400.0,68.0,Pettah
2015-10-16,Nadu 1,3500.0,70.0,Pettah
2015-10-19,Nadu 1,3483.33,69.6666,Pettah
2015-10-20,Nadu 1,3550.0,71.0,Pettah
2015-10-21,Nadu 1,3675.0,73.5,Pettah
2015-10-22,Nadu 1,3675.0,73.5,Pettah
2015-10-23,Nadu 1,3675.0,73.5,Pettah
2015-10-26,Nadu 1,3700.0,74.0,Pettah
2015-10-28,Nadu 1,3675.0,73.5,Pettah
2015-10-29,Nadu 1,3675.0,73.5,Pettah
2015-10-30,Nadu 1,3650.0,73.0,Pettah
2015-11-02,Nadu 1,3650.0,73.0,Pettah
2015-11-03,Nadu 1,3675.0,73.5,Pettah
2015-11-04,Nadu 1,3675.0,73.5,Pettah
2015-11-05,Nadu 1,3675.0,73.5,Pettah
2015-11-06,Nadu 1,3650.0,73.0,Pettah
2015-11-09,Nadu 1,3700.0,74.0,Pettah
2015-11-11,Nadu 1,3712.5,74.25,Pettah
2015-11-12,Nadu 1,3650.0,73.0,Pettah
2015-11-13,Nadu 1,3650.0,73.0,Pettah
2015-11-16,Nadu 1,3690.0,73.8,Pettah
2015-11-17,Nadu 1,3683.33,73.6666,Pettah
2015-11-18,Nadu 1,3690.0,73.8,Pettah
2015-11-19,Nadu 1,3700.0,74.0,Pettah
2015-11-20,Nadu 1,3700.0,74.0,Pettah
2015-11-23,Nadu 1,3712.5,74.25,Pettah
2015-11-24,Nadu 1,3670.0,73.4,Pettah
2015-11-26,Nadu 1,3700.0,74.0,Pettah
2015-11-27,Nadu 1,3700.0,74.0,Pettah
2015-11-30,Nadu 1,3683.33,73.6666,Pettah
2015-12-01,Nadu 1,3716.67,74.3334,Pettah
2015-12-02,Nadu 1,3750.0,75.0,Pettah
2015-12-03,Nadu 1,3733.33,74.6666,Pettah
2015-12-04,Nadu 1,3750.0,75.0,Pettah
2015-12-07,Nadu 1,3750.0,75.0,Pettah
2015-12-08,Nadu 1,3750.0,75.0,Pettah
2015-12-09,Nadu 1,3750.0,75.0,Pettah
2015-12-10,Nadu 1,3733.33,74.6666,Pettah
2015-12-11,Nadu 1,3733.33,74.6666,Pettah
2015-12-14,Nadu 1,3730.0,74.6,Pettah
2015-12-15,Nadu 1,3733.33,74.6666,Pettah
2015-12-16,Nadu 1,3700.0,74.0,Pettah
2015-12-17,Nadu 1,3700.0,74.0,Pettah
2015-12-18,Nadu 1,3733.33,74.6666,Pettah
2015-12-20,Nadu 1,3733.33,74.6666,Pettah
2015-12-21,Nadu 1,3733.33,74.6666,Pettah
2015-12-22,Nadu 1,3700.0,74.0,Pettah
2015-12-23,Nadu 1,3710.0,74.2,Pettah
2015-12-28,Nadu 1,3700.0,74.0,Pettah
2015-12-29,Nadu 1,3716.67,74.3334,Pettah
2015-12-30,Nadu 1,3700.0,74.0,Pettah
2015-12-31,Nadu 1,3700.0,74.0,Pettah
2016-01-04,Nadu 1,3700.0,74.0,Pettah
2016-01-05,Nadu 1,3700.0,74.0,Pettah
2016-01-06,Nadu 1,3675.0,73.5,Pettah
2016-01-07,Nadu 1,3700.0,74.0,Pettah
2016-01-08,Nadu 1,3700.0,74.0,Pettah
2016-01-11,Nadu 1,3700.0,74.0,Pettah
2016-01-12,Nadu 1,3666.67,73.3334,Pettah
2016-01-13,Nadu 1,3700.0,74.0,Pettah
2016-01-14,Nadu 1,3700.0,74.0,Pettah
2016-01-18,Nadu 1,3700.0,74.0,Pettah
2016-01-19,Nadu 1,3700.0,74.0,Pettah
2016-01-20,Nadu 1,3700.0,74.0,Pettah
2016-01-21,Nadu 1,3700.0,74.0,Pettah
2016-01-22,Nadu 1,3650.0,73.0,Pettah
2016-01-25,Nadu 1,3675.0,73.5,Pettah
2016-01-26,Nadu 1,3666.67,73.3334,Pettah
2016-01-27,Nadu 1,3666.67,73.3334,Pettah
2016-01-28,Nadu 1,3637.5,72.75,Pettah
2016-01-29,Nadu 1,3633.33,72.6666,Pettah
2016-02-01,Nadu 1,3700.0,74.0,Pettah
2016-02-02,Nadu 1,3566.67,71.3334,Pettah
2016-02-03,Nadu 1,3525.0,70.5,Pettah
2016-02-05,Nadu 1,3550.0,71.0,Pettah
2016-02-08,Nadu 1,3583.33,71.6666,Pettah
2016-02-09,Nadu 1,3550.0,71.0,Pettah
2016-02-10,Nadu 1,3500.0,70.0,Pettah
2016-02-11,Nadu 1,3500.0,70.0,Pettah
2016-02-12,Nadu 1,3500.0,70.0,Pettah
2016-02-15,Nadu 1,3433.33,68.6666,Pettah
2016-02-16,Nadu 1,3366.67,67.3334,Pettah
2016-02-17,Nadu 1,3383.33,67.6666,Pettah
2016-02-18,Nadu 1,3400.0,68.0,Pettah
2016-02-19,Nadu 1,3387.5,67.75,Pettah
2016-02-23,Nadu 1,3416.67,68.3334,Pettah
2016-02-24,Nadu 1,3240.0,64.8,Pettah
2016-02-25,Nadu 1,3362.5,67.25,Pettah
2016-02-26,Nadu 1,3350.0,67.0,Pettah
2016-02-29,Nadu 1,3350.0,67.0,Pettah
2016-03-01,Nadu 1,3287.5,65.75,Pettah
2016-03-02,Nadu 1,3350.0,67.0,Pettah
2016-03-03,Nadu 1,3350.0,67.0,Pettah
2016-03-04,Nadu 1,3350.0,67.0,Pettah
2016-03-08,Nadu 1,3300.0,66.0,Pettah
2016-03-09,Nadu 1,3275.0,65.5,Pettah
2016-03-10,Nadu 1,3316.67,66.3334,Pettah
2016-03-11,Nadu 1,3283.33,65.6666,Pettah
2016-03-14,Nadu 1,3283.33,65.6666,Pettah
2016-03-15,Nadu 1,3283.33,65.6666,Pettah
2016-03-16,Nadu 1,3300.0,66.0,Pettah
2016-03-17,Nadu 1,3250.0,65.0,Pettah
2016-03-18,Nadu 1,3283.33,65.6666,Pettah
2016-03-21,Nadu 1,3250.0,65.0,Pettah
2016-03-23,Nadu 1,3283.33,65.6666,Pettah
2016-03-24,Nadu 1,3300.0,66.0,Pettah
2016-03-28,Nadu 1,3425.0,68.5,Pettah
2016-03-29,Nadu 1,3450.0,69.0,Pettah
2016-03-30,Nadu 1,3466.67,69.3334,Pettah
2016-03-31,Nadu 1,3466.67,69.3334,Pettah
2016-04-01,Nadu 1,3466.67,69.3334,Pettah
2016-04-04,Nadu 1,3466.67,69.3334,Pettah
2016-04-05,Nadu 1,3483.33,69.6666,Pettah
2016-04-06,Nadu 1,3483.33,69.6666,Pettah
2016-04-07,Nadu 1,3466.67,69.3334,Pettah
2016-04-08,Nadu 1,3450.0,69.0,Pettah
2016-04-11,Nadu 1,3500.0,70.0,Pettah
2016-04-18,Nadu 1,3500.0,70.0,Pettah
2016-04-19,Nadu 1,3575.0,71.5,Pettah
2016-04-20,Nadu 1,3575.0,71.5,Pettah
2016-04-22,Nadu 1,3600.0,72.0,Pettah
2016-04-25,Nadu 1,3616.67,72.3334,Pettah
2016-04-26,Nadu 1,3683.33,73.6666,Pettah
2016-04-27,Nadu 1,3666.67,73.3334,Pettah
2016-04-28,Nadu 1,3666.67,73.3334,Pettah
2016-04-29,Nadu 1,3700.0,74.0,Pettah
2016-05-02,Nadu 1,3733.33,74.6666,Pettah
2016-05-03,Nadu 1,3700.0,74.0,Pettah
2016-05-04,Nadu 1,3716.67,74.3334,Pettah
2016-05-05,Nadu 1,3716.67,74.3334,Pettah
2016-05-06,Nadu 1,3716.67,74.3334,Pettah
2016-05-09,Nadu 1,3700.0,74.0,Pettah
2016-05-10,Nadu 1,3700.0,74.0,Pettah
2016-05-11,Nadu 1,3700.0,74.0,Pettah
2016-05-12,Nadu 1,3700.0,74.0,Pettah
2016-05-13,Nadu 1,3700.0,74.0,Pettah
2016-05-16,Nadu 1,3700.0,74.0,Pettah
2016-05-17,Nadu 1,3700.0,74.0,Pettah
2016-05-18,Nadu 1,3683.33,73.6666,Pettah
2016-05-19,Nadu 1,3700.0,74.0,Pettah
2016-05-20,Nadu 1,3725.0,74.5,Pettah
2016-05-23,Nadu 1,3612.5,72.25,Pettah
2016-05-24,Nadu 1,3775.0,75.5,Pettah
2016-05-25,Nadu 1,3825.0,76.5,Pettah
2016-05-26,Nadu 1,3800.0,76.0,Pettah
2016-05-27,Nadu 1,3750.0,75.0,Pettah
2016-05-30,Nadu 1,3750.0,75.0,Pettah
2016-05-31,Nadu 1,3675.0,73.5,Pettah
2016-06-01,Nadu 1,3737.5,74.75,Pettah
2016-06-02,Nadu 1,3725.0,74.5,Pettah
2016-06-03,Nadu 1,3700.0,74.0,Pettah
2016-06-06,Nadu 1,3700.0,74.0,Pettah
2016-06-07,Nadu 1,3700.0,74.0,Pettah
2016-06-08,Nadu 1,3712.5,74.25,Pettah
2016-06-09,Nadu 1,3700.0,74.0,Pettah
2016-06-10,Nadu 1,3666.67,73.3334,Pettah
2016-06-13,Nadu 1,3730.0,74.6,Pettah
2016-06-14,Nadu 1,3650.0,73.0,Pettah
2016-06-15,Nadu 1,3666.67,73.3334,Pettah
2016-06-16,Nadu 1,3666.67,73.3334,Pettah
2016-06-17,Nadu 1,3666.67,73.3334,Pettah
2016-06-20,Nadu 1,3666.67,73.3334,Pettah
2016-06-21,Nadu 1,3650.0,73.0,Pettah
2016-06-22,Nadu 1,3666.67,73.3334,Pettah
2016-06-23,Nadu 1,3666.67,73.3334,Pettah
2016-06-24,Nadu 1,3666.67,73.3334,Pettah
2016-06-27,Nadu 1,3666.67,73.3334,Pettah
2016-06-28,Nadu 1,3666.67,73.3334,Pettah
2016-06-29,Nadu 1,3666.67,73.3334,Pettah
2016-06-30,Nadu 1,3666.67,73.3334,Pettah
2016-07-01,Nadu 1,3666.67,73.3334,Pettah
2016-07-04,Nadu 1,3650.0,73.0,Pettah
2016-07-05,Nadu 1,3616.67,72.3334,Pettah
2016-07-06,Nadu 1,3633.33,72.6666,Pettah
2016-07-07,Nadu 1,3633.33,72.6666,Pettah
2016-07-08,Nadu 1,3633.33,72.6666,Pettah
2016-07-11,Nadu 1,3600.0,72.0,Pettah
2016-07-12,Nadu 1,3583.33,71.6666,Pettah
2016-07-13,Nadu 1,3633.33,72.6666,Pettah
2016-07-14,Nadu 1,3600.0,72.0,Pettah
2016-07-15,Nadu 1,3583.33,71.6666,Pettah
2016-07-18,Nadu 1,3562.5,71.25,Pettah
2016-07-20,Nadu 1,3537.5,70.75,Pettah
2016-07-21,Nadu 1,3550.0,71.0,Pettah
2016-07-22,Nadu 1,3575.0,71.5,Pettah
2016-07-25,Nadu 1,3566.67,71.3334,Pettah
2016-07-26,Nadu 1,3575.0,71.5,Pettah
2016-07-27,Nadu 1,3550.0,71.0,Pettah
2016-07-28,Nadu 1,3566.67,71.3334,Pettah
2016-07-29,Nadu 1,3550.0,71.0,Pettah
2016-08-01,Nadu 1,3550.0,71.0,Pettah
2016-08-02,Nadu 1,3537.5,70.75,Pettah
2016-08-03,Nadu 1,3550.0,71.0,Pettah
2016-08-04,Nadu 1,3550.0,71.0,Pettah
2016-08-05,Nadu 1,3550.0,71.0,Pettah
2016-08-08,Nadu 1,3516.67,70.3334,Pettah
2016-08-09,Nadu 1,3550.0,71.0,Pettah
2016-08-10,Nadu 1,3537.5,70.75,Pettah
2016-08-11,Nadu 1,3566.67,71.3334,Pettah
2016-08-12,Nadu 1,3550.0,71.0,Pettah
2016-08-15,Nadu 1,3550.0,71.0,Pettah
2016-08-16,Nadu 1,3550.0,71.0,Pettah
2016-08-18,Nadu 1,3533.33,70.6666,Pettah
2016-08-19,Nadu 1,3550.0,71.0,Pettah
2016-08-22,Nadu 1,3550.0,71.0,Pettah
2016-08-23,Nadu 1,3630.0,72.6,Pettah
2016-08-24,Nadu 1,3516.67,70.3334,Pettah
2016-08-29,Nadu 1,3500.0,70.0,Pettah
2016-08-30,Nadu 1,3450.0,69.0,Pettah
2016-08-31,Nadu 1,3466.67,69.3334,Pettah
2016-09-01,Nadu 1,3925.0,78.5,Pettah
2016-09-02,Nadu 1,3416.67,68.3334,Pettah
2016-09-05,Nadu 1,3433.33,68.6666,Pettah
2016-09-06,Nadu 1,3437.5,68.75,Pettah
2016-09-07,Nadu 1,3450.0,69.0,Pettah
2016-09-08,Nadu 1,3450.0,69.0,Pettah
2016-09-09,Nadu 1,3437.5,68.75,Pettah
2016-09-13,Nadu 1,3433.33,68.6666,Pettah
2016-09-14,Nadu 1,3433.33,68.6666,Pettah
2016-09-15,Nadu 1,3433.33,68.6666,Pettah
2016-09-19,Nadu 1,3475.0,69.5,Pettah
2016-09-20,Nadu 1,3550.0,71.0,Pettah
2016-09-21,Nadu 1,3575.0,71.5,Pettah
2016-09-22,Nadu 1,3550.0,71.0,Pettah
2016-09-23,Nadu 1,3583.33,71.6666,Pettah
2016-09-26,Nadu 1,3566.67,71.3334,Pettah
2016-09-27,Nadu 1,3700.0,74.0,Pettah
2016-09-28,Nadu 1,3650.0,73.0,Pettah
2016-09-29,Nadu 1,3666.67,73.3334,Pettah
2016-09-30,Nadu 1,3666.67,73.3334,Pettah
2016-10-03,Nadu 1,3733.33,74.6666,Pettah
2016-10-04,Nadu 1,3725.0,74.5,Pettah
2016-10-05,Nadu 1,3725.0,74.5,Pettah
2016-10-06,Nadu 1,3687.5,73.75,Pettah
2016-10-07,Nadu 1,3825.0,76.5,Pettah
2016-10-10,Nadu 1,3725.0,74.5,Pettah
2016-10-11,Nadu 1,3662.5,73.25,Pettah
2016-10-12,Nadu 1,3930.0,78.6,Pettah
2016-10-13,Nadu 1,3966.67,79.3334,Pettah
2016-10-14,Nadu 1,3883.33,77.6666,Pettah
2016-10-17,Nadu 1,3883.33,77.6666,Pettah
2016-10-18,Nadu 1,3900.0,78.0,Pettah
2016-10-19,Nadu 1,3900.0,78.0,Pettah
2016-10-20,Nadu 1,3900.0,78.0,Pettah
2016-10-21,Nadu 1,3933.33,78.6666,Pettah
2016-10-24,Nadu 1,3966.67,79.3334,Pettah
2016-10-25,Nadu 1,3966.67,79.3334,Pettah
2016-10-26,Nadu 1,3925.0,78.5,Pettah
2016-10-27,Nadu 1,3950.0,79.0,Pettah
2016-10-28,Nadu 1,3825.0,76.5,Pettah
2016-10-31,Nadu 1,3916.67,78.3334,Pettah
2016-11-01,Nadu 1,3975.0,79.5,Pettah
2016-11-02,Nadu 1,3962.5,79.25,Pettah
2016-11-03,Nadu 1,3975.0,79.5,Pettah
2016-11-04,Nadu 1,3975.0,79.5,Pettah
2016-11-07,Nadu 1,3983.33,79.6666,Pettah
2016-11-08,Nadu 1,3983.33,79.6666,Pettah
2016-11-09,Nadu 1,3983.33,79.6666,Pettah
2016-11-10,Nadu 1,3983.33,79.6666,Pettah
2016-11-11,Nadu 1,3983.33,79.6666,Pettah
2016-11-15,Nadu 1,3975.0,79.5,Pettah
2016-11-16,Nadu 1,4083.33,81.6666,Pettah
2016-11-17,Nadu 1,4116.67,82.3334,Pettah
2016-11-18,Nadu 1,4112.5,82.25,Pettah
2016-11-21,Nadu 1,4175.0,83.5,Pettah
2016-11-22,Nadu 1,4200.0,84.0,Pettah
2016-11-23,Nadu 1,4400.0,88.0,Pettah
2016-11-24,Nadu 1,4400.0,88.0,Pettah
2016-11-25,Nadu 1,4400.0,88.0,Pettah
2016-11-28,Nadu 1,4500.0,90.0,Pettah
2016-11-29,Nadu 1,4400.0,88.0,Pettah
2016-11-30,Nadu 1,4400.0,88.0,Pettah
2016-12-01,Nadu 1,4425.0,88.5,Pettah
2016-12-02,Nadu 1,4400.0,88.0,Pettah
2016-12-05,Nadu 1,4500.0,90.0,Pettah
2016-12-06,Nadu 1,4425.0,88.5,Pettah
2016-12-07,Nadu 1,4425.0,88.5,Pettah
2016-12-08,Nadu 1,4425.0,88.5,Pettah
2016-12-09,Nadu 1,4416.67,88.3334,Pettah
2016-12-14,Nadu 1,4450.0,89.0,Pettah
2016-12-15,Nadu 1,4450.0,89.0,Pettah
2016-12-16,Nadu 1,4466.67,89.3334,Pettah
2016-12-19,Nadu 1,4483.33,89.6666,Pettah
2016-12-20,Nadu 1,4475.0,89.5,Pettah
2016-12-21,Nadu 1,4475.0,89.5,Pettah
2016-12-22,Nadu 1,4475.0,89.5,Pettah
2016-12-23,Nadu 1,4575.0,91.5,Pettah
2016-12-26,Nadu 1,4700.0,94.0,Pettah
2016-12-27,Nadu 1,4700.0,94.0,Pettah
2016-12-28,Nadu 1,4700.0,94.0,Pettah
2016-12-29,Nadu 1,4700.0,94.0,Pettah
2016-12-30,Nadu 1,4700.0,94.0,Pettah
2017-01-02,Nadu 1,4700.0,94.0,Pettah
2017-01-03,Nadu 1,4700.0,94.0,Pettah
2017-01-04,Nadu 1,4700.0,94.0,Pettah
2017-01-05,Nadu 1,4700.0,94.0,Pettah
2017-01-06,Nadu 1,4700.0,94.0,Pettah
2017-01-09,Nadu 1,4700.0,94.0,Pettah
2017-01-10,Nadu 1,4716.67,94.3334,Pettah
2017-01-11,Nadu 1,4716.67,94.3334,Pettah
2017-01-13,Nadu 1,4716.67,94.3334,Pettah
2017-01-16,Nadu 1,4700.0,94.0,Pettah
2017-01-17,Nadu 1,4700.0,94.0,Pettah
2017-01-18,Nadu 1,4675.0,93.5,Pettah
2017-01-19,Nadu 1,4700.0,94.0,Pettah
2017-01-20,Nadu 1,4700.0,94.0,Pettah
2017-01-23,Nadu 1,4700.0,94.0,Pettah
2017-01-24,Nadu 1,4725.0,94.5,Pettah
2017-01-25,Nadu 1,4700.0,94.0,Pettah
2017-01-26,Nadu 1,4700.0,94.0,Pettah
2017-01-27,Nadu 1,4725.0,94.5,Pettah
2017-01-30,Nadu 1,,,Pettah
2017-01-31,Nadu 1,,,Pettah
2017-03-01,Nadu 1,3887.5,77.75,Pettah
2017-03-02,Nadu 1,3887.5,77.75,Pettah
2017-03-03,Nadu 1,3875.0,77.5,Pettah
2017-03-06,Nadu 1,3900.0,78.0,Pettah
2017-03-07,Nadu 1,3912.5,78.25,Pettah
2017-03-08,Nadu 1,3900.0,78.0,Pettah
2017-03-09,Nadu 1,3910.0,78.2,Pettah
2017-03-10,Nadu 1,3890.0,77.8,Pettah
2017-03-13,Nadu 1,3880.0,77.6,Pettah
2017-03-14,Nadu 1,3887.5,77.75,Pettah
2017-03-15,Nadu 1,3880.0,77.6,Pettah
2017-03-16,Nadu 1,3887.5,77.75,Pettah
2017-03-17,Nadu 1,3870.0,77.4,Pettah
2017-03-20,Nadu 1,3900.0,78.0,Pettah
2017-03-21,Nadu 1,3900.0,78.0,Pettah
2017-03-22,Nadu 1,3900.0,78.0,Pettah
2017-03-23,Nadu 1,3900.0,78.0,Pettah
2017-03-24,Nadu 1,,,Pettah
2017-03-27,Nadu 1,,,Pettah
2017-03-28,Nadu 1,,,Pettah
2017-03-29,Nadu 1,3970.0,79.4,Pettah
2017-03-30,Nadu 1,,,Pettah
2017-03-31,Nadu 1,,,Pettah
2017-04-03,Nadu 1,,,Pettah
2017-04-04,Nadu 1,,,Pettah
2017-04-05,Nadu 1,,,Pettah
2017-04-06,Nadu 1,,,Pettah
2017-04-07,Nadu 1,,,Pettah
2017-04-11,Nadu 1,,,Pettah
2017-04-12,Nadu 1,,,Pettah
2017-04-17,Nadu 1,,,Pettah
2017-04-18,Nadu 1,,,Pettah
2017-04-19,Nadu 1,,,Pettah
2017-04-20,Nadu 1,,,Pettah
2017-04-21,Nadu 1,,,Pettah
2017-04-24,Nadu 1,,,Pettah
2017-04-25,Nadu 1,,,Pettah
2017-04-26,Nadu 1,,,Pettah
2017-04-27,Nadu 1,,,Pettah
2017-04-28,Nadu 1,,,Pettah
2017-05-02,Nadu 1,,,Pettah
2017-05-03,Nadu 1,,,Pettah
2017-05-04,Nadu 1,,,Pettah
2017-05-05,Nadu 1,,,Pettah
2017-05-08,Nadu 1,,,Pettah
2017-05-09,Nadu 1,,,Pettah
2017-05-12,Nadu 1,4433.33,88.6666,Pettah
2017-05-15,Nadu 1,4433.33,88.6666,Pettah
2017-05-16,Nadu 1,4433.33,88.6666,Pettah
2017-05-17,Nadu 1,,,Pettah
2017-05-18,Nadu 1,,,Pettah
2017-05-19,Nadu 1,,,Pettah
2017-05-23,Nadu 1,,,Pettah
2017-05-24,Nadu 1,,,Pettah
2017-05-25,Nadu 1,,,Pettah
2017-05-26,Nadu 1,,,Pettah
2017-05-29,Nadu 1,,,Pettah
2017-05-30,Nadu 1,,,Pettah
2017-05-31,Nadu 1,,,Pettah
2017-06-02,Nadu 1,4625.0,92.5,Pettah
2017-06-05,Nadu 1,,,Pettah
2017-06-06,Nadu 1,,,Pettah
2017-06-07,Nadu 1,4462.5,89.25,Pettah
2017-06-09,Nadu 1,,,Pettah
2017-06-12,Nadu 1,,,Pettah
2017-06-13,Nadu 1,,,Pettah
2017-06-14,Nadu 1,,,Pettah
2017-06-15,Nadu 1,,,Pettah
2017-06-16,Nadu 1,,,Pettah
2017-06-19,Nadu 1,4800.0,96.0,Pettah
2017-06-20,Nadu 1,,,Pettah
2017-06-21,Nadu 1,,,Pettah
2017-06-22,Nadu 1,,,Pettah
2017-06-23,Nadu 1,,,Pettah
2017-06-27,Nadu 1,,,Pettah
2017-06-28,Nadu 1,,,Pettah
2017-06-29,Nadu 1,4090.0,81.8,Pettah
2017-06-30,Nadu 1,4050.0,81.0,Pettah
2017-07-03,Nadu 1,4050.0,81.0,Pettah
2017-07-04,Nadu 1,4030.0,80.6,Pettah
2017-07-05,Nadu 1,4010.0,80.2,Pettah
2017-07-06,Nadu 1,4016.67,80.3334,Pettah
2017-07-07,Nadu 1,4125.0,82.5,Pettah
2017-07-10,Nadu 1,4033.33,80.6666,Pettah
2017-07-11,Nadu 1,4025.0,80.5,Pettah
2017-07-12,Nadu 1,4041.67,80.8334,Pettah
2017-07-13,Nadu 1,4000.0,80.0,Pettah
2017-07-14,Nadu 1,4016.67,80.3334,Pettah
2017-07-17,Nadu 1,4000.0,80.0,Pettah
2017-07-18,Nadu 1,3991.67,79.8334,Pettah
2017-07-19,Nadu 1,3975.0,79.5,Pettah
2017-07-20,Nadu 1,3983.33,79.6666,Pettah
2017-07-21,Nadu 1,4000.0,80.0,Pettah
2017-07-24,Nadu 1,4441.67,88.8334,Pettah
2017-07-25,Nadu 1,3933.33,78.6666,Pettah
2017-07-26,Nadu 1,3950.0,79.0,Pettah
2017-07-27,Nadu 1,3966.67,79.3334,Pettah
2017-07-28,Nadu 1,3958.33,79.1666,Pettah
2017-07-31,Nadu 1,3900.0,78.0,Pettah
2017-08-01,Nadu 1,3916.67,78.3334,Pettah
2017-08-02,Nadu 1,3925.0,78.5,Pettah
2017-08-03,Nadu 1,4391.67,87.8334,Pettah
2017-08-04,Nadu 1,3925.0,78.5,Pettah
2017-08-08,Nadu 1,3850.0,77.0,Pettah
2017-08-09,Nadu 1,3866.67,77.3334,Pettah
2017-08-10,Nadu 1,3883.33,77.6666,Pettah
2017-08-11,Nadu 1,3875.0,77.5,Pettah
2017-08-14,Nadu 1,3908.33,78.1666,Pettah
2017-08-15,Nadu 1,3858.33,77.1666,Pettah
2017-08-16,Nadu 1,3883.33,77.6666,Pettah
2017-08-17,Nadu 1,3875.0,77.5,Pettah
2017-08-18,Nadu 1,3841.67,76.8334,Pettah
2017-08-21,Nadu 1,3841.67,76.8334,Pettah
2017-08-22,Nadu 1,3840.0,76.8,Pettah
2017-08-23,Nadu 1,3850.0,77.0,Pettah
2017-08-24,Nadu 1,3850.0,77.0,Pettah
2017-08-25,Nadu 1,3833.33,76.6666,Pettah
2017-08-28,Nadu 1,3850.0,77.0,Pettah
2017-08-29,Nadu 1,3850.0,77.0,Pettah
2017-08-30,Nadu 1,3850.0,77.0,Pettah
2017-08-31,Nadu 1,3875.0,77.5,Pettah
2017-09-04,Nadu 1,3900.0,78.0,Pettah
2017-09-06,Nadu 1,3866.67,77.3334,Pettah
2017-09-07,Nadu 1,3891.67,77.8334,Pettah
2017-09-08,Nadu 1,3850.0,77.0,Pettah
2017-09-11,Nadu 1,3900.0,78.0,Pettah
2017-09-12,Nadu 1,3941.67,78.8334,Pettah
2017-09-13,Nadu 1,3941.67,78.8334,Pettah
2017-09-14,Nadu 1,4000.0,80.0,Pettah
2017-09-15,Nadu 1,3966.67,79.3334,Pettah
2017-09-18,Nadu 1,4033.33,80.6666,Pettah
2017-09-19,Nadu 1,4041.67,80.8334,Pettah
2017-09-20,Nadu 1,4041.67,80.8334,Pettah
2017-09-21,Nadu 1,4091.67,81.8334,Pettah
2017-09-22,Nadu 1,4083.33,81.6666,Pettah
2017-09-25,Nadu 1,4191.67,83.8334,Pettah
2017-09-26,Nadu 1,4216.67,84.3334,Pettah
2017-09-27,Nadu 1,4200.0,84.0,Pettah
2017-09-28,Nadu 1,4233.33,84.6666,Pettah
2017-09-29,Nadu 1,4240.0,84.8,Pettah
2017-10-02,Nadu 1,4183.33,83.6666,Pettah
2017-10-03,Nadu 1,4241.67,84.8334,Pettah
2017-10-04,Nadu 1,4200.0,84.0,Pettah
2017-10-06,Nadu 1,4216.67,84.3334,Pettah
2017-10-09,Nadu 1,4300.0,86.0,Pettah
2017-10-10,Nadu 1,4225.0,84.5,Pettah
2017-10-11,Nadu 1,4200.0,84.0,Pettah
2017-10-12,Nadu 1,4208.33,84.1666,Pettah
2017-10-13,Nadu 1,4216.67,84.3334,Pettah
2017-10-16,Nadu 1,4225.0,84.5,Pettah
2017-10-17,Nadu 1,4208.33,84.1666,Pettah
2017-10-19,Nadu 1,4208.33,84.1666,Pettah
2017-10-20,Nadu 1,4208.33,84.1666,Pettah
2017-10-23,Nadu 1,,,Pettah
2017-10-24,Nadu 1,,,Pettah
2017-10-25,Nadu 1,,,Pettah
2017-10-26,Nadu 1,,,Pettah
2017-10-27,Nadu 1,,,Pettah
2017-10-30,Nadu 1,4208.33,84.1666,Pettah
2017-10-31,Nadu 1,,,Pettah
2017-11-01,Nadu 1,4200.0,84.0,Pettah
2017-11-02,Nadu 1,4158.33,83.1666,Pettah
2017-11-06,Nadu 1,4233.33,84.6666,Pettah
2017-11-07,Nadu 1,4216.67,84.3334,Pettah
2017-11-08,Nadu 1,4216.67,84.3334,Pettah
2017-11-09,Nadu 1,4200.0,84.0,Pettah
2017-11-10,Nadu 1,4200.0,84.0,Pettah
2017-11-13,Nadu 1,4133.33,82.6666,Pettah
2017-11-14,Nadu 1,4125.0,82.5,Pettah
2017-11-15,Nadu 1,4125.0,82.5,Pettah
2017-11-16,Nadu 1,4150.0,83.0,Pettah
2017-11-17,Nadu 1,4133.33,82.6666,Pettah
2017-11-20,Nadu 1,4075.0,81.5,Pettah
2017-11-21,Nadu 1,4125.0,82.5,Pettah
2017-11-22,Nadu 1,4125.0,82.5,Pettah
2017-11-23,Nadu 1,4083.33,81.6666,Pettah
2017-11-24,Nadu 1,4100.0,82.0,Pettah
2017-11-27,Nadu 1,4108.33,82.1666,Pettah
2017-11-28,Nadu 1,4108.33,82.1666,Pettah
2017-11-29,Nadu 1,4116.67,82.3334,Pettah
2017-11-30,Nadu 1,4116.67,82.3334,Pettah
2017-12-04,Nadu 1,,,Pettah
2017-12-05,Nadu 1,,,Pettah
2017-12-06,Nadu 1,,,Pettah
2017-12-07,Nadu 1,,,Pettah
2017-12-08,Nadu 1,,,Pettah
2017-12-11,Nadu 1,,,Pettah
2017-12-12,Nadu 1,,,Pettah
2017-12-13,Nadu 1,,,Pettah
2017-12-14,Nadu 1,,,Pettah
2017-12-15,Nadu 1,,,Pettah
2017-12-18,Nadu 1,,,Pettah
2017-12-19,Nadu 1,,,Pettah
2017-12-20,Nadu 1,,,Pettah
2017-12-21,Nadu 1,,,Pettah
2017-12-22,Nadu 1,,,Pettah
2017-12-26,Nadu 1,,,Pettah
2017-12-27,Nadu 1,,,Pettah
2017-12-28,Nadu 1,,,Pettah
2017-12-29,Nadu 1,,,Pettah
2018-01-02,Nadu 1,,,Pettah
2018-01-03,Nadu 1,,,Pettah
2018-01-04,Nadu 1,,,Pettah
2018-01-05,Nadu 1,,,Pettah
2018-01-08,Nadu 1,,,Pettah
2018-01-09,Nadu 1,,,Pettah
2018-01-10,Nadu 1,,,Pettah
2018-01-11,Nadu 1,,,Pettah
2018-01-12,Nadu 1,,,Pettah
2018-01-15,Nadu 1,,,Pettah
2018-01-16,Nadu 1,,,Pettah
2018-01-17,Nadu 1,,,Pettah
2018-01-18,Nadu 1,,,Pettah
2018-01-19,Nadu 1,,,Pettah
2018-01-22,Nadu 1,,,Pettah
2018-01-23,Nadu 1,,,Pettah
2018-01-24,Nadu 1,,,Pettah
2018-01-25,Nadu 1,,,Pettah
2018-01-26,Nadu 1,,,Pettah
2018-01-29,Nadu 1,,,Pettah
2018-01-30,Nadu 1,,,Pettah
2018-02-01,Nadu 1,,,Pettah
2018-02-02,Nadu 1,,,Pettah
2018-02-05,Nadu 1,,,Pettah
2018-02-07,Nadu 1,,,Pettah
2018-02-08,Nadu 1,,,Pettah
2018-02-09,Nadu 1,,,Pettah
2018-02-12,Nadu 1,,,Pettah
2018-02-14,Nadu 1,,,Pettah
2018-02-15,Nadu 1,,,Pettah
2018-02-16,Nadu 1,,,Pettah
2018-02-19,Nadu 1,,,Pettah
2018-02-20,Nadu 1,,,Pettah
2018-02-21,Nadu 1,,,Pettah
2018-02-22,Nadu 1,,,Pettah
2018-02-23,Nadu 1,,,Pettah
2018-02-26,Nadu 1,,,Pettah
2018-02-27,Nadu 1,4125.0,82.5,Pettah
2018-02-28,Nadu 1,4166.67,83.3334,Pettah
2018-03-02,Nadu 1,4150.0,83.0,Pettah
2018-03-05,Nadu 1,4183.33,83.6666,Pettah
2018-03-06,Nadu 1,4216.67,84.3334,Pettah
2018-03-07,Nadu 1,4150.0,83.0,Pettah
2018-03-08,Nadu 1,4166.67,83.3334,Pettah
2018-03-09,Nadu 1,4166.67,83.3334,Pettah
2018-03-12,Nadu 1,4225.0,84.5,Pettah
2018-03-13,Nadu 1,4225.0,84.5,Pettah
2018-03-14,Nadu 1,4225.0,84.5,Pettah
2018-03-15,Nadu 1,,,Pettah
2018-03-16,Nadu 1,3660.0,73.2,Pettah
2018-03-19,Nadu 1,,,Pettah
2018-03-20,Nadu 1,,,Pettah
2018-03-21,Nadu 1,,,Pettah
2018-03-22,Nadu 1,,,Pettah
2018-03-23,Nadu 1,,,Pettah
2018-03-26,Nadu 1,,,Pettah
2018-03-27,Nadu 1,,,Pettah
2018-03-28,Nadu 1,3680.0,73.6,Pettah
2018-04-02,Nadu 1,3680.0,73.6,Pettah
2018-04-03,Nadu 1,3620.0,72.4,Pettah
2018-04-04,Nadu 1,3600.0,72.0,Pettah
2018-04-05,Nadu 1,3600.0,72.0,Pettah
2018-04-06,Nadu 1,3550.0,71.0,Pettah
2018-04-09,Nadu 1,3560.0,71.2,Pettah
2018-04-10,Nadu 1,3600.0,72.0,Pettah
2018-04-11,Nadu 1,3560.0,71.2,Pettah
2018-04-12,Nadu 1,3580.0,71.6,Pettah
2018-04-17,Nadu 1,3580.0,71.6,Pettah
2018-04-18,Nadu 1,3560.0,71.2,Pettah
2018-04-19,Nadu 1,3550.0,71.0,Pettah
2018-04-20,Nadu 1,3560.0,71.2,Pettah
2018-04-23,Nadu 1,3560.0,71.2,Pettah
2018-04-24,Nadu 1,3540.0,70.8,Pettah
2018-04-25,Nadu 1,3540.0,70.8,Pettah
2018-04-26,Nadu 1,3560.0,71.2,Pettah
2018-04-27,Nadu 1,3550.0,71.0,Pettah
2018-05-01,Nadu 1,,,Pettah
2018-05-02,Nadu 1,3510.0,70.2,Pettah
2018-05-03,Nadu 1,3540.0,70.8,Pettah
2018-05-04,Nadu 1,3540.0,70.8,Pettah
2018-05-08,Nadu 1,3560.0,71.2,Pettah
2018-05-09,Nadu 1,3570.0,71.4,Pettah
2018-05-10,Nadu 1,3550.0,71.0,Pettah
2018-05-11,Nadu 1,3530.0,70.6,Pettah
2018-05-14,Nadu 1,3550.0,71.0,Pettah
2018-05-15,Nadu 1,3550.0,71.0,Pettah
2018-05-16,Nadu 1,,,Pettah
2018-05-17,Nadu 1,,,Pettah
2018-05-21,Nadu 1,3490.0,69.8,Pettah
2018-05-22,Nadu 1,3470.0,69.4,Pettah
2018-05-23,Nadu 1,3460.0,69.2,Pettah
2018-05-24,Nadu 1,3470.0,69.4,Pettah
2018-05-25,Nadu 1,3480.0,69.6,Pettah
2018-05-28,Nadu 1,3470.0,69.4,Pettah
2018-05-30,Nadu 1,3480.0,69.6,Pettah
2018-05-31,Nadu 1,3460.0,69.2,Pettah
2018-06-05,Nadu 1,3370.0,67.4,Pettah
2018-06-06,Nadu 1,3380.0,67.6,Pettah
2018-06-07,Nadu 1,3360.0,67.2,Pettah
2018-06-08,Nadu 1,3310.0,66.2,Pettah
2018-06-11,Nadu 1,3340.0,66.8,Pettah
2018-06-12,Nadu 1,3370.0,67.4,Pettah
2018-06-13,Nadu 1,3360.0,67.2,Pettah
2018-06-14,Nadu 1,3390.0,67.8,Pettah
2018-06-18,Nadu 1,3320.0,66.4,Pettah
2018-06-19,Nadu 1,3340.0,66.8,Pettah
2018-06-20,Nadu 1,3340.0,66.8,Pettah
2018-06-21,Nadu 1,3370.0,67.4,Pettah
2018-06-22,Nadu 1,3300.0,66.0,Pettah
2018-06-25,Nadu 1,3340.0,66.8,Pettah
2018-06-26,Nadu 1,3340.0,66.8,Pettah
2018-06-28,Nadu 1,3320.0,66.4,Pettah
2018-06-29,Nadu 1,3300.0,66.0,Pettah
2018-07-02,Nadu 1,3270.0,65.4,Pettah
2018-07-03,Nadu 1,3290.0,65.8,Pettah
2018-07-04,Nadu 1,3270.0,65.4,Pettah
2018-07-05,Nadu 1,3250.0,65.0,Pettah
2018-07-06,Nadu 1,3240.0,64.8,Pettah
2018-07-09,Nadu 1,3460.0,69.2,Pettah
2018-07-10,Nadu 1,3240.0,64.8,Pettah
2018-07-11,Nadu 1,3270.0,65.4,Pettah
2018-07-12,Nadu 1,3250.0,65.0,Pettah
2018-07-13,Nadu 1,3260.0,65.2,Pettah
2018-07-16,Nadu 1,3190.0,63.8,Pettah
2018-07-17,Nadu 1,3170.0,63.4,Pettah
2018-07-18,Nadu 1,3130.0,62.6,Pettah
2018-07-19,Nadu 1,3110.0,62.2,Pettah
2018-07-20,Nadu 1,3140.0,62.8,Pettah
2018-07-23,Nadu 1,3840.0,76.8,Pettah
2018-07-24,Nadu 1,3800.0,76.0,Pettah
2018-07-25,Nadu 1,3820.0,76.4,Pettah
2018-07-26,Nadu 1,3810.0,76.2,Pettah
2018-07-30,Nadu 1,3810.0,76.2,Pettah
2018-07-31,Nadu 1,3820.0,76.4,Pettah
2018-08-01,Nadu 1,3810.0,76.2,Pettah
2018-08-02,Nadu 1,3820.0,76.4,Pettah
2018-08-03,Nadu 1,3830.0,76.6,Pettah
2018-08-06,Nadu 1,3300.0,66.0,Pettah
2018-08-07,Nadu 1,3360.0,67.2,Pettah
2018-08-08,Nadu 1,3340.0,66.8,Pettah
2018-08-09,Nadu 1,4600.0,92.0,Pettah
2018-08-10,Nadu 1,4600.0,92.0,Pettah
2018-08-13,Nadu 1,4600.0,92.0,Pettah
2018-08-14,Nadu 1,4600.0,92.0,Pettah
2018-08-15,Nadu 1,4600.0,92.0,Pettah
2018-08-16,Nadu 1,4600.0,92.0,Pettah
2018-08-17,Nadu 1,,,Pettah
2018-08-20,Nadu 1,4500.0,90.0,Pettah
2018-08-21,Nadu 1,4500.0,90.0,Pettah
2018-08-23,Nadu 1,3870.0,77.4,Pettah
2018-08-24,Nadu 1,3920.0,78.4,Pettah
2018-08-27,Nadu 1,3960.0,79.2,Pettah
2018-08-28,Nadu 1,3850.0,77.0,Pettah
2018-08-29,Nadu 1,3860.0,77.2,Pettah
2018-09-03,Nadu 1,3820.0,76.4,Pettah
2018-09-04,Nadu 1,3880.0,77.6,Pettah
2018-09-05,Nadu 1,3900.0,78.0,Pettah
2018-09-06,Nadu 1,3320.0,66.4,Pettah
2018-09-07,Nadu 1,4500.0,90.0,Pettah
2018-09-10,Nadu 1,4500.0,90.0,Pettah
2018-09-11,Nadu 1,3850.0,77.0,Pettah
2018-09-12,Nadu 1,3840.0,76.8,Pettah
2018-09-13,Nadu 1,4500.0,90.0,Pettah
2018-09-14,Nadu 1,4500.0,90.0,Pettah
2018-09-17,Nadu 1,4500.0,90.0,Pettah
2018-09-18,Nadu 1,3840.0,76.8,Pettah
2018-09-19,Nadu 1,3340.0,66.8,Pettah
2018-09-20,Nadu 1,4500.0,90.0,Pettah
2018-09-21,Nadu 1,4500.0,90.0,Pettah
2018-09-25,Nadu 1,4500.0,90.0,Pettah
2018-09-26,Nadu 1,3820.0,76.4,Pettah
2018-09-27,Nadu 1,3850.0,77.0,Pettah
2018-09-28,Nadu 1,4500.0,90.0,Pettah
2018-10-01,Nadu 1,3890.0,77.8,Pettah
2018-10-02,Nadu 1,3950.0,79.0,Pettah
2018-10-03,Nadu 1,4500.0,90.0,Pettah
2018-10-04,Nadu 1,4500.0,90.0,Pettah
2018-10-05,Nadu 1,4500.0,90.0,Pettah
2018-10-08,Nadu 1,4500.0,90.0,Pettah
2018-10-09,Nadu 1,4500.0,90.0,Pettah
2018-10-10,Nadu 1,4500.0,90.0,Pettah
2018-10-11,Nadu 1,4500.0,90.0,Pettah
2018-10-12,Nadu 1,4500.0,90.0,Pettah
2018-10-15,Nadu 1,4400.0,88.0,Pettah
2018-10-16,Nadu 1,4300.0,86.0,Pettah
2018-10-17,Nadu 1,4300.0,86.0,Pettah
2018-10-18,Nadu 1,4300.0,86.0,Pettah
2018-10-19,Nadu 1,4300.0,86.0,Pettah
2018-10-22,Nadu 1,4300.0,86.0,Pettah
2018-10-23,Nadu 1,4300.0,86.0,Pettah
2018-10-25,Nadu 1,4300.0,86.0,Pettah
2018-10-26,Nadu 1,4300.0,86.0,Pettah
2018-10-29,Nadu 1,4200.0,84.0,Pettah
2018-10-30,Nadu 1,4300.0,86.0,Pettah
2018-10-31,Nadu 1,4300.0,86.0,Pettah
2018-11-01,Nadu 1,4300.0,86.0,Pettah
2018-11-02,Nadu 1,4300.0,86.0,Pettah
2018-11-05,Nadu 1,4300.0,86.0,Pettah
2018-11-07,Nadu 1,4300.0,86.0,Pettah
2018-11-08,Nadu 1,4300.0,86.0,Pettah
2018-11-09,Nadu 1,4300.0,86.0,Pettah
2018-11-12,Nadu 1,4300.0,86.0,Pettah
2018-11-13,Nadu 1,4300.0,86.0,Pettah
2018-11-14,Nadu 1,4300.0,86.0,Pettah
2018-11-15,Nadu 1,4300.0,86.0,Pettah
2018-11-16,Nadu 1,4300.0,86.0,Pettah
2018-11-19,Nadu 1,4300.0,86.0,Pettah
2018-11-21,Nadu 1,4300.0,86.0,Pettah
2018-11-23,Nadu 1,4350.0,87.0,Pettah
2018-11-26,Nadu 1,4350.0,87.0,Pettah
2018-11-27,Nadu 1,4400.0,88.0,Pettah
2018-11-28,Nadu 1,4400.0,88.0,Pettah
2018-11-29,Nadu 1,4400.0,88.0,Pettah
2018-11-30,Nadu 1,4400.0,88.0,Pettah
2018-12-03,Nadu 1,4230.0,84.6,Pettah
2018-12-04,Nadu 1,4400.0,88.0,Pettah
2018-12-05,Nadu 1,4400.0,88.0,Pettah
2018-12-06,Nadu 1,4400.0,88.0,Pettah
2018-12-07,Nadu 1,4400.0,88.0,Pettah
2018-12-10,Nadu 1,4400.0,88.0,Pettah
2018-12-11,Nadu 1,4400.0,88.0,Pettah
2018-12-12,Nadu 1,4400.0,88.0,Pettah
2018-12-13,Nadu 1,,,Pettah
2018-12-14,Nadu 1,,,Pettah
2018-12-17,Nadu 1,,,Pettah
2018-12-18,Nadu 1,,,Pettah
2018-12-19,Nadu 1,4500.0,90.0,Pettah
2018-12-20,Nadu 1,4500.0,90.0,Pettah
2018-12-21,Nadu 1,4500.0,90.0,Pettah
2018-12-24,Nadu 1,4500.0,90.0,Pettah
2018-12-26,Nadu 1,4500.0,90.0,Pettah
2018-12-27,Nadu 1,4500.0,90.0,Pettah
2018-12-28,Nadu 1,4500.0,90.0,Pettah
2018-12-31,Nadu 1,4500.0,90.0,Pettah
2019-01-01,Nadu 1,4500.0,90.0,Pettah
2019-01-02,Nadu 1,4500.0,90.0,Pettah
2019-01-03,Nadu 1,4500.0,90.0,Pettah
2019-01-04,Nadu 1,4500.0,90.0,Pettah
2019-01-07,Nadu 1,4500.0,90.0,Pettah
2019-01-08,Nadu 1,,,Pettah
2019-01-09,Nadu 1,4500.0,90.0,Pettah
2019-01-10,Nadu 1,4500.0,90.0,Pettah
2019-01-11,Nadu 1,4500.0,90.0,Pettah
2019-01-14,Nadu 1,4500.0,90.0,Pettah
2019-01-16,Nadu 1,4500.0,90.0,Pettah
2019-01-17,Nadu 1,4500.0,90.0,Pettah
2019-01-18,Nadu 1,4500.0,90.0,Pettah
2019-01-21,Nadu 1,4500.0,90.0,Pettah
2019-01-22,Nadu 1,4500.0,90.0,Pettah
2019-01-23,Nadu 1,4500.0,90.0,Pettah
2019-01-24,Nadu 1,4500.0,90.0,Pettah
2019-01-25,Nadu 1,4500.0,90.0,Pettah
2019-01-28,Nadu 1,4500.0,90.0,Pettah
2019-01-29,Nadu 1,4500.0,90.0,Pettah
2019-01-30,Nadu 1,4500.0,90.0,Pettah
2019-01-31,Nadu 1,4500.0,90.0,Pettah
2019-02-01,Nadu 1,4500.0,90.0,Pettah
2019-02-05,Nadu 1,4500.0,90.0,Pettah
2019-02-06,Nadu 1,4500.0,90.0,Pettah
2019-02-07,Nadu 1,4500.0,90.0,Pettah
2019-02-08,Nadu 1,4500.0,90.0,Pettah
2019-02-11,Nadu 1,4500.0,90.0,Pettah
2019-02-12,Nadu 1,4500.0,90.0,Pettah
2019-02-13,Nadu 1,4500.0,90.0,Pettah
2019-02-14,Nadu 1,4500.0,90.0,Pettah
2019-02-15,Nadu 1,4250.0,85.0,Pettah
2019-02-18,Nadu 1,4500.0,90.0,Pettah
2019-02-21,Nadu 1,4500.0,90.0,Pettah
2019-02-22,Nadu 1,4500.0,90.0,Pettah
2019-02-25,Nadu 1,4500.0,90.0,Pettah
2019-02-26,Nadu 1,4250.0,85.0,Pettah
2019-02-27,Nadu 1,4500.0,90.0,Pettah
2019-02-28,Nadu 1,4500.0,90.0,Pettah
2019-03-01,Nadu 1,4500.0,90.0,Pettah
2019-03-05,Nadu 1,4500.0,90.0,Pettah
2019-03-06,Nadu 1,4500.0,90.0,Pettah
2019-03-07,Nadu 1,4500.0,90.0,Pettah
2019-03-08,Nadu 1,3710.0,74.2,Pettah
2019-03-11,Nadu 1,3710.0,74.2,Pettah
2019-03-12,Nadu 1,3730.0,74.6,Pettah
2019-03-13,Nadu 1,4500.0,90.0,Pettah
2019-03-14,Nadu 1,4500.0,90.0,Pettah
2019-03-15,Nadu 1,4500.0,90.0,Pettah
2019-03-18,Nadu 1,4500.0,90.0,Pettah
2019-03-19,Nadu 1,4500.0,90.0,Pettah
2019-03-21,Nadu 1,4500.0,90.0,Pettah
2019-03-22,Nadu 1,4500.0,90.0,Pettah
2019-03-25,Nadu 1,4500.0,90.0,Pettah
2019-03-26,Nadu 1,4500.0,90.0,Pettah
2019-03-27,Nadu 1,4500.0,90.0,Pettah
2019-03-28,Nadu 1,4500.0,90.0,Pettah
2019-03-29,Nadu 1,4500.0,90.0,Pettah
2019-04-01,Nadu 1,4500.0,90.0,Pettah
2019-04-02,Nadu 1,4250.0,85.0,Pettah
2019-04-03,Nadu 1,4250.0,85.0,Pettah
2019-04-04,Nadu 1,4400.0,88.0,Pettah
2019-04-05,Nadu 1,4400.0,88.0,Pettah
2019-04-08,Nadu 1,4400.0,88.0,Pettah
2019-04-09,Nadu 1,4500.0,90.0,Pettah
2019-04-10,Nadu 1,4500.0,90.0,Pettah
2019-04-11,Nadu 1,4500.0,90.0,Pettah
2019-04-12,Nadu 1,4500.0,90.0,Pettah
2019-04-17,Nadu 1,4500.0,90.0,Pettah
2019-04-18,Nadu 1,4500.0,90.0,Pettah
2019-04-23,Nadu 1,4500.0,90.0,Pettah
2019-04-24,Nadu 1,4500.0,90.0,Pettah
2019-04-25,Nadu 1,4500.0,90.0,Pettah
2019-04-26,Nadu 1,4500.0,90.0,Pettah
2019-04-29,Nadu 1,4500.0,90.0,Pettah
2019-04-30,Nadu 1,4200.0,84.0,Pettah
2019-05-02,Nadu 1,4350.0,87.0,Pettah
2019-05-03,Nadu 1,4250.0,85.0,Pettah
2019-05-06,Nadu 1,4275.0,85.5,Pettah
2019-05-07,Nadu 1,4250.0,85.0,Pettah
2019-05-08,Nadu 1,4250.0,85.0,Pettah
2019-05-09,Nadu 1,4310.0,86.2,Pettah
2019-05-10,Nadu 1,4270.0,85.4,Pettah
2019-05-13,Nadu 1,4270.0,85.4,Pettah
2019-05-14,Nadu 1,4250.0,85.0,Pettah
2019-05-15,Nadu 1,4250.0,85.0,Pettah
2019-05-16,Nadu 1,4270.0,85.4,Pettah
2019-05-17,Nadu 1,4280.0,85.6,Pettah
2019-05-21,Nadu 1,4280.0,85.6,Pettah
2019-05-22,Nadu 1,4350.0,87.0,Pettah
2019-05-23,Nadu 1,4280.0,85.6,Pettah
2019-05-27,Nadu 1,4350.0,87.0,Pettah
2019-05-28,Nadu 1,4350.0,87.0,Pettah
2019-05-29,Nadu 1,4340.0,86.8,Pettah
2019-05-30,Nadu 1,4337.5,86.75,Pettah
2019-05-31,Nadu 1,4337.5,86.75,Pettah
2019-06-03,Nadu 1,4325.0,86.5,Pettah
2019-06-04,Nadu 1,4325.0,86.5,Pettah
2019-06-06,Nadu 1,4325.0,86.5,Pettah
2019-06-07,Nadu 1,4366.67,87.3334,Pettah
2019-06-10,Nadu 1,4366.67,87.3334,Pettah
2019-06-11,Nadu 1,4333.33,86.6666,Pettah
2019-06-12,Nadu 1,4325.0,86.5,Pettah
2019-06-13,Nadu 1,4300.0,86.0,Pettah
2019-06-14,Nadu 1,4312.5,86.25,Pettah
2019-06-17,Nadu 1,4312.5,86.25,Pettah
2019-06-18,Nadu 1,,,Pettah
2019-06-19,Nadu 1,,,Pettah
2019-06-20,Nadu 1,,,Pettah
2019-06-21,Nadu 1,,,Pettah
2019-06-24,Nadu 1,,,Pettah
2019-06-25,Nadu 1,,,Pettah
2019-06-26,Nadu 1,,,Pettah
2019-06-27,Nadu 1,,,Pettah
2019-06-28,Nadu 1,,,Pettah
2019-07-01,Nadu 1,,,Pettah
2019-07-02,Nadu 1,,,Pettah
2019-07-03,Nadu 1,,,Pettah
2019-07-04,Nadu 1,,,Pettah
2019-07-05,Nadu 1,,,Pettah
2019-07-08,Nadu 1,,,Pettah
2019-07-09,Nadu 1,,,Pettah
2019-07-10,Nadu 1,,,Pettah
2019-07-11,Nadu 1,,,Pettah
2019-07-12,Nadu 1,,,Pettah
2019-07-15,Nadu 1,,,Pettah
2019-07-17,Nadu 1,,,Pettah
2019-07-18,Nadu 1,,,Pettah
2019-07-19,Nadu 1,,,Pettah
2019-07-23,Nadu 1,,,Pettah
2019-07-24,Nadu 1,,,Pettah
2019-07-25,Nadu 1,,,Pettah
2019-07-26,Nadu 1,,,Pettah
2019-07-29,Nadu 1,,,Pettah
2019-07-30,Nadu 1,,,Pettah
2019-08-02,Nadu 1,4350.0,87.0,Pettah
2019-08-06,Nadu 1,4375.0,87.5,Pettah
2019-08-07,Nadu 1,4375.0,87.5,Pettah
2019-08-08,Nadu 1,4350.0,87.0,Pettah
2019-08-09,Nadu 1,4350.0,87.0,Pettah
2019-08-13,Nadu 1,4375.0,87.5,Pettah
2019-08-15,Nadu 1,4375.0,87.5,Pettah
2019-08-16,Nadu 1,4375.0,87.5,Pettah
2019-08-19,Nadu 1,4375.0,87.5,Pettah
2019-08-20,Nadu 1,4375.0,87.5,Pettah
2019-08-21,Nadu 1,4375.0,87.5,Pettah
2019-08-22,Nadu 1,4400.0,88.0,Pettah
2019-08-23,Nadu 1,4400.0,88.0,Pettah
2019-08-26,Nadu 1,4320.0,86.4,Pettah
2019-08-27,Nadu 1,4400.0,88.0,Pettah
2019-08-28,Nadu 1,4400.0,88.0,Pettah
2019-08-29,Nadu 1,4400.0,88.0,Pettah
2019-08-30,Nadu 1,4400.0,88.0,Pettah
2019-09-03,Nadu 1,4400.0,88.0,Pettah
2019-09-04,Nadu 1,4400.0,88.0,Pettah
2019-09-05,Nadu 1,4400.0,88.0,Pettah
2019-09-06,Nadu 1,4400.0,88.0,Pettah
2019-09-09,Nadu 1,4450.0,89.0,Pettah
2019-09-10,Nadu 1,4500.0,90.0,Pettah
2019-09-12,Nadu 1,4500.0,90.0,Pettah
2019-09-16,Nadu 1,4500.0,90.0,Pettah
2019-09-17,Nadu 1,4600.0,92.0,Pettah
2019-09-18,Nadu 1,4550.0,91.0,Pettah
2019-09-19,Nadu 1,4550.0,91.0,Pettah
2019-09-20,Nadu 1,4625.0,92.5,Pettah
2019-09-23,Nadu 1,4550.0,91.0,Pettah
2019-09-24,Nadu 1,4550.0,91.0,Pettah
2019-09-25,Nadu 1,4600.0,92.0,Pettah
2019-09-26,Nadu 1,4600.0,92.0,Pettah
2019-09-27,Nadu 1,4600.0,92.0,Pettah
2019-09-30,Nadu 1,4650.0,93.0,Pettah
2019-10-01,Nadu 1,4725.0,94.5,Pettah
2019-10-02,Nadu 1,4725.0,94.5,Pettah
2019-10-03,Nadu 1,4725.0,94.5,Pettah
2019-10-04,Nadu 1,4725.0,94.5,Pettah
2019-10-07,Nadu 1,4725.0,94.5,Pettah
2019-10-08,Nadu 1,4750.0,95.0,Pettah
2019-10-09,Nadu 1,4725.0,94.5,Pettah
2019-10-10,Nadu 1,4775.0,95.5,Pettah
2019-10-11,Nadu 1,4775.0,95.5,Pettah
2019-10-14,Nadu 1,4775.0,95.5,Pettah
2019-10-15,Nadu 1,4775.0,95.5,Pettah
2019-10-16,Nadu 1,4775.0,95.5,Pettah
2019-10-17,Nadu 1,4775.0,95.5,Pettah
2019-10-18,Nadu 1,4775.0,95.5,Pettah
2019-10-21,Nadu 1,4775.0,95.5,Pettah
2019-10-22,Nadu 1,4775.0,95.5,Pettah
2019-10-23,Nadu 1,4775.0,95.5,Pettah
2019-10-24,Nadu 1,4775.0,95.5,Pettah
2019-10-25,Nadu 1,4775.0,95.5,Pettah
2019-10-28,Nadu 1,4775.0,95.5,Pettah
2019-10-29,Nadu 1,4850.0,97.0,Pettah
2019-10-30,Nadu 1,4850.0,97.0,Pettah
2019-10-31,Nadu 1,4800.0,96.0,Pettah
2019-11-01,Nadu 1,4850.0,97.0,Pettah
2019-11-04,Nadu 1,4875.0,97.5,Pettah
2019-11-05,Nadu 1,4875.0,97.5,Pettah
2019-11-06,Nadu 1,4875.0,97.5,Pettah
2019-11-07,Nadu 1,4850.0,97.0,Pettah
2019-11-08,Nadu 1,4875.0,97.5,Pettah
2019-11-11,Nadu 1,4875.0,97.5,Pettah
2019-11-13,Nadu 1,4875.0,97.5,Pettah
2019-11-14,Nadu 1,4875.0,97.5,Pettah
2019-11-15,Nadu 1,4875.0,97.5,Pettah
2019-11-18,Nadu 1,4875.0,97.5,Pettah
2019-11-19,Nadu 1,4875.0,97.5,Pettah
2019-11-20,Nadu 1,4875.0,97.5,Pettah
2019-11-21,Nadu 1,4900.0,98.0,Pettah
2019-11-22,Nadu 1,4900.0,98.0,Pettah
2019-11-25,Nadu 1,5000.0,100.0,Pettah
2019-11-26,Nadu 1,5000.0,100.0,Pettah
2019-11-27,Nadu 1,5000.0,100.0,Pettah
2019-11-28,Nadu 1,,,Pettah
2019-11-29,Nadu 1,,,Pettah
2019-12-02,Nadu 1,,,Pettah
2019-12-03,Nadu 1,,,Pettah
2019-12-04,Nadu 1,,,Pettah
2019-12-05,Nadu 1,,,Pettah
2019-12-06,Nadu 1,,,Pettah
2019-12-09,Nadu 1,,,Pettah
2019-12-10,Nadu 1,,,Pettah
2019-12-12,Nadu 1,,,Pettah
2019-12-13,Nadu 1,,,Pettah
2019-12-16,Nadu 1,,,Pettah
2019-12-17,Nadu 1,,,Pettah
2019-12-18,Nadu 1,,,Pettah
2019-12-19,Nadu 1,5150.0,103.0,Pettah
2019-12-20,Nadu 1,,,Pettah
2019-12-23,Nadu 1,,,Pettah
2019-12-24,Nadu 1,,,Pettah
2019-12-26,Nadu 1,,,Pettah
2019-12-27,Nadu 1,,,Pettah
2019-12-30,Nadu 1,,,Pettah
2019-12-31,Nadu 1,,,Pettah
2020-01-01,Nadu 1,,,Pettah
2020-01-02,Nadu 1,,,Pettah
2020-01-03,Nadu 1,,,Pettah
2020-01-06,Nadu 1,,,Pettah
2020-01-07,Nadu 1,,,Pettah
2020-01-08,Nadu 1,,,Pettah
2020-01-09,Nadu 1,,,Pettah
2020-01-13,Nadu 1,,,Pettah
2020-01-14,Nadu 1,,,Pettah
2020-01-16,Nadu 1,,,Pettah
2020-01-17,Nadu 1,,,Pettah
2020-01-20,Nadu 1,,,Pettah
2020-01-21,Nadu 1,,,Pettah
2020-01-22,Nadu 1,,,Pettah
2020-01-23,Nadu 1,,,Pettah
2020-01-24,Nadu 1,,,Pettah
2020-01-27,Nadu 1,,,Pettah
2020-01-28,Nadu 1,,,Pettah
2020-01-29,Nadu 1,,,Pettah
2020-01-30,Nadu 1,,,Pettah
2020-01-31,Nadu 1,,,Pettah
2020-02-03,Nadu 1,,,Pettah
2020-02-05,Nadu 1,,,Pettah
2020-02-06,Nadu 1,,,Pettah
2020-02-07,Nadu 1,,,Pettah
2020-02-10,Nadu 1,,,Pettah
2020-02-11,Nadu 1,4800.0,96.0,Pettah
2020-02-12,Nadu 1,4800.0,96.0,Pettah
2020-02-13,Nadu 1,4800.0,96.0,Pettah
2020-02-14,Nadu 1,4800.0,96.0,Pettah
2020-02-17,Nadu 1,4800.0,96.0,Pettah
2020-02-18,Nadu 1,4800.0,96.0,Pettah
2020-02-19,Nadu 1,4800.0,96.0,Pettah
2020-02-20,Nadu 1,4800.0,96.0,Pettah
2020-02-24,Nadu 1,4800.0,96.0,Pettah
2020-02-25,Nadu 1,4816.67,96.3334,Pettah
2020-02-26,Nadu 1,4816.67,96.3334,Pettah
2020-02-27,Nadu 1,4816.67,96.3334,Pettah
2020-02-28,Nadu 1,4833.33,96.6666,Pettah
2020-03-02,Nadu 1,4875.0,97.5,Pettah
2020-03-03,Nadu 1,4850.0,97.0,Pettah
2020-03-04,Nadu 1,4850.0,97.0,Pettah
2020-03-05,Nadu 1,4850.0,97.0,Pettah
2020-03-06,Nadu 1,4850.0,97.0,Pettah
2020-03-10,Nadu 1,4850.0,97.0,Pettah
2020-03-11,Nadu 1,4850.0,97.0,Pettah
2020-03-12,Nadu 1,4850.0,97.0,Pettah
2020-03-13,Nadu 1,4850.0,97.0,Pettah
2020-06-15,Nadu 1,4800.0,96.0,Pettah
2020-06-16,Nadu 1,4800.0,96.0,Pettah
2020-06-17,Nadu 1,4800.0,96.0,Pettah
2020-06-18,Nadu 1,4800.0,96.0,Pettah
2020-06-19,Nadu 1,4800.0,96.0,Pettah
2020-06-22,Nadu 1,4800.0,96.0,Pettah
2020-06-23,Nadu 1,4800.0,96.0,Pettah
2020-06-24,Nadu 1,4800.0,96.0,Pettah
2020-06-25,Nadu 1,4800.0,96.0,Pettah
2020-06-26,Nadu 1,4800.0,96.0,Pettah
2020-06-29,Nadu 1,4800.0,96.0,Pettah
2020-06-30,Nadu 1,4800.0,96.0,Pettah
2020-07-01,Nadu 1,4800.0,96.0,Pettah
2020-07-02,Nadu 1,4800.0,96.0,Pettah
2020-07-03,Nadu 1,4800.0,96.0,Pettah
2020-07-06,Nadu 1,4800.0,96.0,Pettah
2020-07-07,Nadu 1,4800.0,96.0,Pettah
2020-07-08,Nadu 1,4800.0,96.0,Pettah
2020-07-09,Nadu 1,4800.0,96.0,Pettah
2020-07-10,Nadu 1,4800.0,96.0,Pettah
2020-07-13,Nadu 1,4800.0,96.0,Pettah
2020-07-14,Nadu 1,4783.33,95.6666,Pettah
2020-07-15,Nadu 1,4783.33,95.6666,Pettah
2020-07-16,Nadu 1,4783.33,95.6666,Pettah
2020-07-17,Nadu 1,4800.0,96.0,Pettah
2020-07-20,Nadu 1,4783.33,95.6666,Pettah
2020-07-21,Nadu 1,4775.0,95.5,Pettah
2020-07-22,Nadu 1,4800.0,96.0,Pettah
2020-07-23,Nadu 1,4800.0,96.0,Pettah
2020-07-24,Nadu 1,4800.0,96.0,Pettah
2020-07-27,Nadu 1,4800.0,96.0,Pettah
2020-07-28,Nadu 1,4800.0,96.0,Pettah
2020-07-29,Nadu 1,4800.0,96.0,Pettah
2020-07-30,Nadu 1,4800.0,96.0,Pettah
2020-07-31,Nadu 1,4800.0,96.0,Pettah
2020-08-04,Nadu 1,4800.0,96.0,Pettah
2020-08-06,Nadu 1,,,Pettah
2020-08-07,Nadu 1,4800.0,96.0,Pettah
2020-08-10,Nadu 1,4800.0,96.0,Pettah
2020-08-11,Nadu 1,4800.0,96.0,Pettah
2020-08-12,Nadu 1,4800.0,96.0,Pettah
2020-08-13,Nadu 1,4800.0,96.0,Pettah
2020-08-14,Nadu 1,4800.0,96.0,Pettah
2020-08-17,Nadu 1,4800.0,96.0,Pettah
2020-08-18,Nadu 1,4800.0,96.0,Pettah
2020-08-19,Nadu 1,4800.0,96.0,Pettah
2020-08-20,Nadu 1,4783.33,95.6666,Pettah
2020-08-21,Nadu 1,4783.33,95.6666,Pettah
2020-08-24,Nadu 1,4783.33,95.6666,Pettah
2020-08-25,Nadu 1,4775.0,95.5,Pettah
2020-08-26,Nadu 1,4775.0,95.5,Pettah
2020-08-27,Nadu 1,4775.0,95.5,Pettah
2020-08-28,Nadu 1,4775.0,95.5,Pettah
2020-08-31,Nadu 1,4775.0,95.5,Pettah
2020-09-02,Nadu 1,4775.0,95.5,Pettah
2020-09-03,Nadu 1,4460.0,89.2,Pettah
2020-09-04,Nadu 1,4460.0,89.2,Pettah
2020-09-07,Nadu 1,4460.0,89.2,Pettah
2020-09-08,Nadu 1,4800.0,96.0,Pettah
2020-09-09,Nadu 1,4800.0,96.0,Pettah
2020-09-10,Nadu 1,4800.0,96.0,Pettah
2020-09-11,Nadu 1,4800.0,96.0,Pettah
2020-09-14,Nadu 1,4800.0,96.0,Pettah
2020-09-15,Nadu 1,4800.0,96.0,Pettah
2020-09-16,Nadu 1,4775.0,95.5,Pettah
2020-09-17,Nadu 1,4775.0,95.5,Pettah
2020-09-18,Nadu 1,4800.0,96.0,Pettah
2020-09-21,Nadu 1,4800.0,96.0,Pettah
2020-09-22,Nadu 1,4800.0,96.0,Pettah
2020-09-23,Nadu 1,4800.0,96.0,Pettah
2020-09-24,Nadu 1,4800.0,96.0,Pettah
2020-09-25,Nadu 1,,,Pettah
2020-09-28,Nadu 1,4500.0,90.0,Pettah
2020-09-29,Nadu 1,,,Pettah
2020-09-30,Nadu 1,4500.0,90.0,Pettah
2020-10-01,Nadu 1,,,Pettah
2020-10-02,Nadu 1,,,Pettah
2020-10-05,Nadu 1,4900.0,98.0,Pettah
2020-10-06,Nadu 1,4520.0,90.4,Pettah
2020-10-07,Nadu 1,4680.0,93.6,Pettah
2020-10-08,Nadu 1,4650.0,93.0,Pettah
2020-10-09,Nadu 1,4650.0,93.0,Pettah
2020-10-12,Nadu 1,4620.0,92.4,Pettah
2020-10-13,Nadu 1,4640.0,92.8,Pettah
2020-10-14,Nadu 1,4620.0,92.4,Pettah
2020-10-15,Nadu 1,4630.0,92.6,Pettah
2020-10-16,Nadu 1,4700.0,94.0,Pettah
2020-10-19,Nadu 1,4710.0,94.2,Pettah
2020-10-20,Nadu 1,4700.0,94.0,Pettah
2020-10-21,Nadu 1,4710.0,94.2,Pettah
2020-10-22,Nadu 1,4700.0,94.0,Pettah
2020-10-23,Nadu 1,,,Pettah
2020-10-26,Nadu 1,,,Pettah
2020-10-27,Nadu 1,,,Pettah
2020-10-28,Nadu 1,,,Pettah
2020-10-29,Nadu 1,,,Pettah
2020-11-02,Nadu 1,,,Pettah
2020-11-03,Nadu 1,,,Pettah
2020-11-04,Nadu 1,,,Pettah
2020-11-05,Nadu 1,,,Pettah
2020-11-06,Nadu 1,,,Pettah
2020-11-09,Nadu 1,,,Pettah
2020-11-10,Nadu 1,,,Pettah
2020-11-11,Nadu 1,,,Pettah
2020-11-12,Nadu 1,,,Pettah
2020-11-13,Nadu 1,,,Pettah
2020-11-16,Nadu 1,,,Pettah
2020-11-17,Nadu 1,,,Pettah
2020-11-18,Nadu 1,,,Pettah
2020-11-19,Nadu 1,,,Pettah
2020-11-20,Nadu 1,,,Pettah
2020-11-23,Nadu 1,,,Pettah
2020-11-24,Nadu 1,,,Pettah
2020-11-25,Nadu 1,,,Pettah
2020-11-26,Nadu 1,,,Pettah
2020-11-27,Nadu 1,,,Pettah
2020-11-30,Nadu 1,,,Pettah
2020-12-01,Nadu 1,,,Pettah
2020-12-02,Nadu 1,,,Pettah
2020-12-03,Nadu 1,,,Pettah
2020-12-04,Nadu 1,,,Pettah
2020-12-07,Nadu 1,,,Pettah
2020-12-08,Nadu 1,,,Pettah
2020-12-09,Nadu 1,,,Pettah
2020-12-11,Nadu 1,,,Pettah
2020-12-14,Nadu 1,,,Pettah
2020-12-15,Nadu 1,,,Pettah
2020-12-16,Nadu 1,,,Pettah
2020-12-17,Nadu 1,,,Pettah
2020-12-18,Nadu 1,,,Pettah
2020-12-21,Nadu 1,,,Pettah
2020-12-22,Nadu 1,,,Pettah
2020-12-23,Nadu 1,,,Pettah
2020-12-24,Nadu 1,,,Pettah
2020-12-28,Nadu 1,,,Pettah
2020-12-30,Nadu 1,,,Pettah
2020-12-31,Nadu 1,,,Pettah
2021-01-01,Nadu 1,,,Pettah
2021-01-04,Nadu 1,,,Pettah
2021-01-05,Nadu 1,,,Pettah
2021-01-06,Nadu 1,,,Pettah
2021-01-07,Nadu 1,,,Pettah
2021-01-08,Nadu 1,,,Pettah
2021-01-11,Nadu 1,,,Pettah
2021-01-12,Nadu 1,4860.0,97.2,Pettah
2021-01-13,Nadu 1,4870.0,97.4,Pettah
2021-01-15,Nadu 1,4870.0,97.4,Pettah
2021-01-18,Nadu 1,4880.0,97.6,Pettah
2021-01-19,Nadu 1,4880.0,97.6,Pettah
2021-01-20,Nadu 1,4830.0,96.6,Pettah
2021-01-21,Nadu 1,4820.0,96.4,Pettah
2021-01-22,Nadu 1,4750.0,95.0,Pettah
2021-01-25,Nadu 1,4810.0,96.2,Pettah
2021-01-26,Nadu 1,4750.0,95.0,Pettah
2021-01-27,Nadu 1,4700.0,94.0,Pettah
2021-01-29,Nadu 1,4680.0,93.6,Pettah
2021-02-01,Nadu 1,5240.0,104.8,Pettah
2021-02-02,Nadu 1,4700.0,94.0,Pettah
2021-02-03,Nadu 1,4687.5,93.75,Pettah
2021-02-08,Nadu 1,4690.0,93.8,Pettah
2021-02-09,Nadu 1,4630.0,92.6,Pettah
2021-02-10,Nadu 1,4650.0,93.0,Pettah
2021-02-11,Nadu 1,4640.0,92.8,Pettah
2021-02-12,Nadu 1,4630.0,92.6,Pettah
2021-02-15,Nadu 1,4650.0,93.0,Pettah
2021-02-16,Nadu 1,4650.0,93.0,Pettah
2021-02-17,Nadu 1,4690.0,93.8,Pettah
2021-02-18,Nadu 1,4710.0,94.2,Pettah
2021-02-19,Nadu 1,4710.0,94.2,Pettah
2021-02-22,Nadu 1,4680.0,93.6,Pettah
2021-02-23,Nadu 1,4670.0,93.4,Pettah
2021-02-24,Nadu 1,4670.0,93.4,Pettah
2021-02-25,Nadu 1,4700.0,94.0,Pettah
2021-03-01,Nadu 1,4710.0,94.2,Pettah
2021-03-02,Nadu 1,4690.0,93.8,Pettah
2021-03-03,Nadu 1,4700.0,94.0,Pettah
2021-03-04,Nadu 1,4690.0,93.8,Pettah
2021-03-05,Nadu 1,4690.0,93.8,Pettah
2021-03-08,Nadu 1,4710.0,94.2,Pettah
2021-03-09,Nadu 1,4690.0,93.8,Pettah
2021-03-10,Nadu 1,4700.0,94.0,Pettah
2021-03-12,Nadu 1,4720.0,94.4,Pettah
2021-03-15,Nadu 1,4680.0,93.6,Pettah
2021-03-16,Nadu 1,4700.0,94.0,Pettah
2021-03-17,Nadu 1,4680.0,93.6,Pettah
2021-03-18,Nadu 1,4690.0,93.8,Pettah
2021-03-19,Nadu 1,4690.0,93.8,Pettah
2021-03-22,Nadu 1,4680.0,93.6,Pettah
2021-03-23,Nadu 1,4690.0,93.8,Pettah
2021-03-24,Nadu 1,4690.0,93.8,Pettah
2021-03-25,Nadu 1,4690.0,93.8,Pettah
2021-03-26,Nadu 1,4690.0,93.8,Pettah
2021-03-29,Nadu 1,4690.0,93.8,Pettah
2021-03-30,Nadu 1,4690.0,93.8,Pettah
2021-03-31,Nadu 1,4690.0,93.8,Pettah
2021-04-01,Nadu 1,4850.0,97.0,Pettah
2021-04-05,Nadu 1,4820.0,96.4,Pettah
2021-04-06,Nadu 1,4820.0,96.4,Pettah
2021-04-07,Nadu 1,4820.0,96.4,Pettah
2021-04-08,Nadu 1,4890.0,97.8,Pettah
2021-04-09,Nadu 1,4850.0,97.0,Pettah
2021-04-19,Nadu 1,4920.0,98.4,Pettah
2021-04-20,Nadu 1,4940.0,98.8,Pettah
2021-04-21,Nadu 1,4940.0,98.8,Pettah
2021-04-22,Nadu 1,4950.0,99.0,Pettah
2021-04-23,Nadu 1,4950.0,99.0,Pettah
2021-04-27,Nadu 1,4950.0,99.0,Pettah
2021-04-28,Nadu 1,5050.0,101.0,Pettah
2021-04-29,Nadu 1,5150.0,103.0,Pettah
2021-04-30,Nadu 1,5230.0,104.6,Pettah
2021-05-03,Nadu 1,5290.0,105.8,Pettah
2021-05-04,Nadu 1,5370.0,107.4,Pettah
2021-05-05,Nadu 1,5460.0,109.2,Pettah
2021-05-06,Nadu 1,5460.0,109.2,Pettah
2021-05-07,Nadu 1,5460.0,109.2,Pettah
2021-05-10,Nadu 1,,,Pettah
2021-05-11,Nadu 1,,,Pettah
2021-05-12,Nadu 1,5470.0,109.4,Pettah
2021-05-13,Nadu 1,,,Pettah
2021-05-17,Nadu 1,,,Pettah
2021-05-18,Nadu 1,,,Pettah
2021-05-19,Nadu 1,,,Pettah
2021-05-20,Nadu 1,,,Pettah
2021-05-21,Nadu 1,5540.0,110.8,Pettah
2021-06-08,Nadu 1,5660.0,113.2,Pettah
2021-06-09,Nadu 1,5700.0,114.0,Pettah
2021-06-18,Nadu 1,5680.0,113.6,Pettah
2021-06-21,Nadu 1,5590.0,111.8,Pettah
2021-06-22,Nadu 1,5560.0,111.2,Pettah
2021-06-23,Nadu 1,5560.0,111.2,Pettah
2021-06-25,Nadu 1,5560.0,111.2,Pettah
2021-06-28,Nadu 1,5560.0,111.2,Pettah
2021-06-29,Nadu 1,5560.0,111.2,Pettah
2021-06-30,Nadu 1,5560.0,111.2,Pettah
2021-07-01,Nadu 1,5533.33,110.6666,Pettah
2021-07-02,Nadu 1,5533.33,110.6666,Pettah
2021-07-05,Nadu 1,5470.0,109.4,Pettah
2021-07-06,Nadu 1,5520.0,110.4,Pettah
2021-07-07,Nadu 1,5500.0,110.0,Pettah
2021-07-08,Nadu 1,5420.0,108.4,Pettah
2021-07-09,Nadu 1,5460.0,109.2,Pettah
2021-07-12,Nadu 1,,,Pettah
2021-07-13,Nadu 1,,,Pettah
2021-07-14,Nadu 1,,,Pettah
2021-07-15,Nadu 1,,,Pettah
2021-07-16,Nadu 1,5150.0,103.0,Pettah
2021-07-19,Nadu 1,,,Pettah
2021-07-20,Nadu 1,,,Pettah
2021-07-22,Nadu 1,,,Pettah
2021-07-26,Nadu 1,,,Pettah
2021-07-27,Nadu 1,,,Pettah
2021-07-28,Nadu 1,,,Pettah
2021-07-29,Nadu 1,,,Pettah
2021-07-30,Nadu 1,,,Pettah
2021-08-02,Nadu 1,5060.0,101.2,Pettah
2021-08-03,Nadu 1,4980.0,99.6,Pettah
2021-08-04,Nadu 1,4960.0,99.2,Pettah
2021-08-05,Nadu 1,4910.0,98.2,Pettah
2021-08-06,Nadu 1,4880.0,97.6,Pettah
2021-08-09,Nadu 1,5475.0,109.5,Pettah
2021-08-11,Nadu 1,5130.0,102.6,Pettah
2021-08-12,Nadu 1,5475.0,109.5,Pettah
2021-08-13,Nadu 1,5433.33,108.6666,Pettah
2021-08-16,Nadu 1,5460.0,109.2,Pettah
2021-08-17,Nadu 1,5190.0,103.8,Pettah
2021-08-18,Nadu 1,5120.0,102.4,Pettah
2021-08-19,Nadu 1,5220.0,104.4,Pettah
2021-08-20,Nadu 1,5425.0,108.5,Pettah
2021-08-24,Nadu 1,,,Pettah
2021-08-25,Nadu 1,,,Pettah
2021-09-01,Nadu 1,,,Pettah
2021-09-02,Nadu 1,,,Pettah
2021-09-06,Nadu 1,,,Pettah
2021-09-09,Nadu 1,,,Pettah
2021-09-10,Nadu 1,,,Pettah
2021-09-13,Nadu 1,,,Pettah
2021-09-14,Nadu 1,,,Pettah
2021-09-15,Nadu 1,,,Pettah
2021-09-16,Nadu 1,,,Pettah
2021-09-17,Nadu 1,,,Pettah
2021-09-21,Nadu 1,,,Pettah
2021-09-22,Nadu 1,5366.67,107.3334,Pettah
2021-09-23,Nadu 1,5450.0,109.0,Pettah
2021-09-24,Nadu 1,5400.0,108.0,Pettah
2021-09-27,Nadu 1,5400.0,108.0,Pettah
2021-09-28,Nadu 1,5533.33,110.6666,Pettah
2021-09-29,Nadu 1,5690.0,113.8,Pettah
2021-09-30,Nadu 1,5750.0,115.0,Pettah
2021-10-01,Nadu 1,5787.5,115.75,Pettah
2021-10-04,Nadu 1,4940.0,98.8,Pettah
2021-10-05,Nadu 1,5750.0,115.0,Pettah
2021-10-06,Nadu 1,5750.0,115.0,Pettah
2021-10-07,Nadu 1,5750.0,115.0,Pettah
2021-10-08,Nadu 1,4960.0,99.2,Pettah
2021-10-11,Nadu 1,5920.0,118.4,Pettah
2021-10-12,Nadu 1,5920.0,118.4,Pettah
2021-10-13,Nadu 1,4990.0,99.8,Pettah
2021-10-14,Nadu 1,5000.0,100.0,Pettah
2021-10-15,Nadu 1,5000.0,100.0,Pettah
2021-10-18,Nadu 1,5000.0,100.0,Pettah
2021-10-21,Nadu 1,5090.0,101.8,Pettah
2021-10-22,Nadu 1,5090.0,101.8,Pettah
2021-10-25,Nadu 1,5100.0,102.0,Pettah
2021-10-26,Nadu 1,5120.0,102.4,Pettah
2021-10-27,Nadu 1,6250.0,125.0,Pettah
2021-10-28,Nadu 1,6280.0,125.6,Pettah
2021-10-29,Nadu 1,6390.0,127.8,Pettah
2021-11-01,Nadu 1,6550.0,131.0,Pettah
2021-11-02,Nadu 1,6550.0,131.0,Pettah
2021-11-03,Nadu 1,6710.0,134.2,Pettah
2021-11-08,Nadu 1,129.2,129.2,Pettah
2021-11-09,Nadu 1,127.0,127.0,Pettah
2021-11-10,Nadu 1,127.4,127.4,Pettah
2021-11-11,Nadu 1,134.2,134.2,Pettah
2021-11-12,Nadu 1,131.5,131.5,Pettah
2021-11-15,Nadu 1,130.0,130.0,Pettah
2021-11-16,Nadu 1,131.25,131.25,Pettah
2021-11-17,Nadu 1,128.25,128.25,Pettah
2021-11-19,Nadu 1,131.25,131.25,Pettah
2021-11-22,Nadu 1,131.25,131.25,Pettah
2021-11-23,Nadu 1,128.8,128.8,Pettah
2021-11-24,Nadu 1,128.8,128.8,Pettah
2021-11-25,Nadu 1,130.0,130.0,Pettah
2021-11-26,Nadu 1,131.0,131.0,Pettah
2021-11-29,Nadu 1,130.0,130.0,Pettah
2021-11-30,Nadu 1,130.0,130.0,Pettah
2021-12-01,Nadu 1,130.0,130.0,Pettah
2021-12-02,Nadu 1,130.0,130.0,Pettah
2021-12-03,Nadu 1,130.0,130.0,Pettah
2021-12-06,Nadu 1,130.0,130.0,Pettah
2021-12-07,Nadu 1,130.0,130.0,Pettah
2021-12-08,Nadu 1,130.0,130.0,Pettah
2021-12-09,Nadu 1,130.0,130.0,Pettah
2021-12-10,Nadu 1,130.6,130.6,Pettah
2021-12-13,Nadu 1,133.0,133.0,Pettah
2021-12-14,Nadu 1,132.6,132.6,Pettah
2021-12-15,Nadu 1,132.6,132.6,Pettah
2021-12-16,Nadu 1,133.6,133.6,Pettah
2021-12-17,Nadu 1,134.2,134.2,Pettah
2021-12-20,Nadu 1,134.2,134.2,Pettah
2021-12-21,Nadu 1,135.0,135.0,Pettah
2021-12-22,Nadu 1,135.0,135.0,Pettah
2021-12-23,Nadu 1,135.0,135.0,Pettah
2021-12-24,Nadu 1,136.5,136.5,Pettah
2021-12-27,Nadu 1,141.4,141.4,Pettah
2021-12-28,Nadu 1,143.33,143.33,Pettah
2021-12-29,Nadu 1,147.0,147.0,Pettah
2021-12-30,Nadu 1,146.67,146.67,Pettah
2021-12-31,Nadu 1,147.5,147.5,Pettah
2022-01-03,Nadu 1,156.25,156.25,Pettah
2022-01-05,Nadu 1,158.0,158.0,Pettah
2022-01-06,Nadu 1,157.5,157.5,Pettah
2022-01-07,Nadu 1,153.0,153.0,Pettah
2022-01-10,Nadu 1,157.5,157.5,Pettah
2022-01-11,Nadu 1,160.0,160.0,Pettah
2022-01-12,Nadu 1,158.75,158.75,Pettah
2022-01-13,Nadu 1,161.25,161.25,Pettah
2022-01-18,Nadu 1,160.0,160.0,Pettah
2022-01-19,Nadu 1,160.0,160.0,Pettah
2022-01-20,Nadu 1,162.0,162.0,Pettah
2022-01-21,Nadu 1,162.0,162.0,Pettah
2022-01-24,Nadu 1,159.6,159.6,Pettah
2022-01-25,Nadu 1,155.6,155.6,Pettah
2022-01-26,Nadu 1,156.67,156.67,Pettah
2022-01-27,Nadu 1,155.0,155.0,Pettah
2022-01-28,Nadu 1,156.0,156.0,Pettah
2022-01-31,Nadu 1,158.75,158.75,Pettah
2022-02-01,Nadu 1,157.6,157.6,Pettah
2022-02-02,Nadu 1,152.5,152.5,Pettah
2022-02-03,Nadu 1,156.67,156.67,Pettah
2022-02-08,Nadu 1,153.75,153.75,Pettah
2022-02-09,Nadu 1,158.0,158.0,Pettah
2022-02-10,Nadu 1,156.0,156.0,Pettah
2022-02-11,Nadu 1,157.5,157.5,Pettah
2022-02-14,Nadu 1,156.0,156.0,Pettah
2022-02-15,Nadu 1,155.0,155.0,Pettah
2022-02-17,Nadu 1,156.25,156.25,Pettah
2022-02-18,Nadu 1,155.0,155.0,Pettah
2022-02-21,Nadu 1,155.0,155.0,Pettah
2022-02-22,Nadu 1,153.0,153.0,Pettah
2022-02-23,Nadu 1,152.0,152.0,Pettah
2022-02-24,Nadu 1,151.0,151.0,Pettah
2022-02-25,Nadu 1,152.0,152.0,Pettah
2022-02-28,Nadu 1,154.0,154.0,Pettah
2022-03-02,Nadu 1,153.0,153.0,Pettah
2022-03-03,Nadu 1,155.0,155.0,Pettah
2022-03-04,Nadu 1,153.75,153.75,Pettah
2022-03-07,Nadu 1,153.33,153.33,Pettah
2022-03-08,Nadu 1,154.6,154.6,Pettah
2022-03-09,Nadu 1,155.0,155.0,Pettah
2022-03-10,Nadu 1,156.0,156.0,Pettah
2022-03-11,Nadu 1,155.0,155.0,Pettah
2022-03-14,Nadu 1,162.0,162.0,Pettah
2022-03-15,Nadu 1,163.0,163.0,Pettah
2022-03-16,Nadu 1,163.0,163.0,Pettah
2022-03-18,Nadu 1,168.6,168.6,Pettah
2022-03-21,Nadu 1,176.0,176.0,Pettah
2022-03-22,Nadu 1,178.0,178.0,Pettah
2022-03-23,Nadu 1,183.75,183.75,Pettah
2022-03-24,Nadu 1,187.5,187.5,Pettah
2022-03-25,Nadu 1,185.0,185.0,Pettah
2022-03-28,Nadu 1,195.0,195.0,Pettah
2022-03-29,Nadu 1,196.25,196.25,Pettah
2022-03-30,Nadu 1,197.5,197.5,Pettah
2022-03-31,Nadu 1,197.5,197.5,Pettah
2022-04-01,Nadu 1,202.5,202.5,Pettah
2022-04-04,Nadu 1,198.0,198.0,Pettah
2022-04-05,Nadu 1,201.25,201.25,Pettah
2022-04-06,Nadu 1,205.75,205.75,Pettah
2022-04-07,Nadu 1,203.25,203.25,Pettah
2022-04-08,Nadu 1,200.0,200.0,Pettah
2022-04-12,Nadu 1,197.5,197.5,Pettah
2022-04-18,Nadu 1,236.0,236.0,Pettah
2022-04-19,Nadu 1,202.0,202.0,Pettah
2022-04-20,Nadu 1,202.0,202.0,Pettah
2022-04-21,Nadu 1,200.0,200.0,Pettah
2022-04-22,Nadu 1,202.0,202.0,Pettah
2022-04-25,Nadu 1,203.33,203.33,Pettah
2022-04-26,Nadu 1,202.5,202.5,Pettah
2022-04-27,Nadu 1,206.25,206.25,Pettah
2022-04-29,Nadu 1,206.6,206.6,Pettah
2022-05-04,Nadu 1,212.0,212.0,Pettah
2022-05-05,Nadu 1,212.0,212.0,Pettah
2022-05-09,Nadu 1,216.0,216.0,Pettah
2022-05-12,Nadu 1,216.0,216.0,Pettah
2022-05-13,Nadu 1,,,Pettah
2022-05-17,Nadu 1,216.6,216.6,Pettah
2022-05-18,Nadu 1,216.6,216.6,Pettah
2022-05-19,Nadu 1,216.5,216.5,Pettah
2022-05-20,Nadu 1,215.2,215.2,Pettah
2022-05-23,Nadu 1,213.0,213.0,Pettah
2022-05-24,Nadu 1,212.0,212.0,Pettah
2022-05-25,Nadu 1,212.0,212.0,Pettah
2022-05-26,Nadu 1,213.0,213.0,Pettah
2022-05-27,Nadu 1,213.0,213.0,Pettah
2022-05-30,Nadu 1,213.0,213.0,Pettah
2022-05-31,Nadu 1,219.6,219.6,Pettah
2022-06-01,Nadu 1,219.6,219.6,Pettah
2022-06-02,Nadu 1,219.6,219.6,Pettah
2022-06-03,Nadu 1,219.6,219.6,Pettah
2022-06-06,Nadu 1,221.0,221.0,Pettah
2022-06-07,Nadu 1,223.0,223.0,Pettah
2022-06-08,Nadu 1,223.0,223.0,Pettah
2022-06-09,Nadu 1,240.0,240.0,Pettah
2022-06-10,Nadu 1,253.33,253.33,Pettah
2022-06-13,Nadu 1,1775.0,35.5,Pettah
2022-06-15,Nadu 1,260.0,260.0,Pettah
2022-06-16,Nadu 1,1775.0,35.5,Pettah
2022-06-17,Nadu 1,257.5,257.5,Pettah
2022-06-20,Nadu 1,1712.5,34.25,Pettah
2022-06-21,Nadu 1,1740.0,34.8,Pettah
2022-06-22,Nadu 1,1750.0,35.0,Pettah
2022-06-23,Nadu 1,1775.0,35.5,Pettah
2022-06-24,Nadu 1,,,Pettah
2022-06-27,Nadu 1,186.0,186.0,Pettah
2022-06-28,Nadu 1,185.0,185.0,Pettah
2022-06-29,Nadu 1,183.6,183.6,Pettah
2022-06-30,Nadu 1,183.0,183.0,Pettah
2022-07-01,Nadu 1,183.0,183.0,Pettah
2022-07-04,Nadu 1,179.2,179.2,Pettah
2022-07-05,Nadu 1,179.6,179.6,Pettah
2022-07-06,Nadu 1,178.6,178.6,Pettah
2022-07-07,Nadu 1,180.0,180.0,Pettah
2022-07-11,Nadu 1,179.6,179.6,Pettah
2022-07-12,Nadu 1,177.6,177.6,Pettah
2022-07-14,Nadu 1,178.25,178.25,Pettah
2022-07-15,Nadu 1,177.6,177.6,Pettah
2022-07-18,Nadu 1,177.6,177.6,Pettah
2022-07-19,Nadu 1,177.6,177.6,Pettah
2022-07-20,Nadu 1,177.6,177.6,Pettah
2022-07-21,Nadu 1,176.2,176.2,Pettah
2022-07-22,Nadu 1,174.0,174.0,Pettah
2022-07-25,Nadu 1,172.0,172.0,Pettah
2022-07-26,Nadu 1,172.4,172.4,Pettah
2022-07-27,Nadu 1,173.0,173.0,Pettah
2022-07-28,Nadu 1,171.2,171.2,Pettah
2022-07-29,Nadu 1,166.6,166.6,Pettah
2022-08-01,Nadu 1,164.6,164.6,Pettah
2022-08-02,Nadu 1,163.8,163.8,Pettah
2022-08-03,Nadu 1,174.6,174.6,Pettah
2022-08-04,Nadu 1,182.4,182.4,Pettah
2022-08-05,Nadu 1,183.0,183.0,Pettah
2022-08-08,Nadu 1,178.6,178.6,Pettah
2022-08-09,Nadu 1,180.0,180.0,Pettah
2022-08-10,Nadu 1,180.0,180.0,Pettah
2022-08-12,Nadu 1,173.6,173.6,Pettah
2022-08-15,Nadu 1,177.0,177.0,Pettah
2022-08-16,Nadu 1,221.25,221.25,Pettah
2022-08-17,Nadu 1,222.33,222.33,Pettah
2022-08-18,Nadu 1,223.0,223.0,Pettah
2022-08-19,Nadu 1,221.6,221.6,Pettah
2022-08-22,Nadu 1,219.0,219.0,Pettah
2022-08-23,Nadu 1,217.5,217.5,Pettah
2022-08-24,Nadu 1,217.5,217.5,Pettah
2022-08-25,Nadu 1,217.6,217.6,Pettah
2022-08-26,Nadu 1,217.0,217.0,Pettah
2022-08-29,Nadu 1,215.0,215.0,Pettah
2022-08-30,Nadu 1,217.5,217.5,Pettah
2022-08-31,Nadu 1,216.67,216.67,Pettah
2022-09-01,Nadu 1,217.0,217.0,Pettah
2022-09-02,Nadu 1,218.75,218.75,Pettah
2022-09-05,Nadu 1,218.0,218.0,Pettah
2022-09-06,Nadu 1,217.5,217.5,Pettah
2022-09-07,Nadu 1,217.5,217.5,Pettah
2022-09-08,Nadu 1,218.0,218.0,Pettah
2022-09-09,Nadu 1,213.0,213.0,Pettah
2022-09-12,Nadu 1,218.33,218.33,Pettah
2022-09-13,Nadu 1,218.0,218.0,Pettah
2022-09-14,Nadu 1,217.6,217.6,Pettah
2022-09-15,Nadu 1,217.0,217.0,Pettah
2022-09-16,Nadu 1,216.67,216.67,Pettah
2022-09-19,Nadu 1,214.0,214.0,Pettah
2022-09-20,Nadu 1,213.4,213.4,Pettah
2022-09-21,Nadu 1,213.0,213.0,Pettah
2022-09-22,Nadu 1,212.4,212.4,Pettah
2022-09-23,Nadu 1,215.4,215.4,Pettah
2022-09-26,Nadu 1,214.6,214.6,Pettah
2022-09-27,Nadu 1,213.0,213.0,Pettah
2022-09-28,Nadu 1,213.0,213.0,Pettah
2022-09-29,Nadu 1,213.8,213.8,Pettah
2022-09-30,Nadu 1,214.0,214.0,Pettah
2022-10-03,Nadu 1,213.8,213.8,Pettah
2022-10-04,Nadu 1,214.6,214.6,Pettah
2022-10-05,Nadu 1,215.0,215.0,Pettah
2022-10-06,Nadu 1,214.6,214.6,Pettah
2022-10-07,Nadu 1,214.4,214.4,Pettah
2022-10-10,Nadu 1,213.6,213.6,Pettah
2022-10-11,Nadu 1,213.4,213.4,Pettah
2022-10-12,Nadu 1,213.0,213.0,Pettah
2022-10-13,Nadu 1,212.6,212.6,Pettah
2022-10-14,Nadu 1,212.6,212.6,Pettah
2022-10-17,Nadu 1,213.4,213.4,Pettah
2022-10-18,Nadu 1,213.4,213.4,Pettah
2022-10-19,Nadu 1,213.4,213.4,Pettah
2022-10-20,Nadu 1,213.0,213.0,Pettah
2022-10-21,Nadu 1,213.0,213.0,Pettah
2022-10-25,Nadu 1,214.0,214.0,Pettah
2022-10-26,Nadu 1,213.4,213.4,Pettah
2022-10-27,Nadu 1,213.4,213.4,Pettah
2022-10-28,Nadu 1,212.4,212.4,Pettah
2022-10-31,Nadu 1,212.4,212.4,Pettah
2022-11-01,Nadu 1,212.0,212.0,Pettah
2022-11-02,Nadu 1,212.4,212.4,Pettah
2022-11-03,Nadu 1,211.4,211.4,Pettah
2022-11-04,Nadu 1,211.4,211.4,Pettah
2022-11-08,Nadu 1,210.8,210.8,Pettah
2022-11-09,Nadu 1,210.8,210.8,Pettah
2022-11-10,Nadu 1,210.4,210.4,Pettah
2022-11-11,Nadu 1,210.8,210.8,Pettah
2022-11-14,Nadu 1,210.0,210.0,Pettah
2022-11-15,Nadu 1,207.6,207.6,Pettah
2022-11-16,Nadu 1,206.6,206.6,Pettah
2022-11-17,Nadu 1,207.6,207.6,Pettah
2022-11-18,Nadu 1,207.8,207.8,Pettah
2022-11-21,Nadu 1,207.6,207.6,Pettah
2022-11-22,Nadu 1,208.0,208.0,Pettah
2022-11-23,Nadu 1,204.6,204.6,Pettah
2022-11-24,Nadu 1,207.6,207.6,Pettah
2022-11-25,Nadu 1,204.0,204.0,Pettah
2022-11-28,Nadu 1,204.6,204.6,Pettah
2022-11-29,Nadu 1,202.0,202.0,Pettah
2022-11-30,Nadu 1,202.6,202.6,Pettah
2022-12-01,Nadu 1,201.2,201.2,Pettah
2022-12-02,Nadu 1,199.0,199.0,Pettah
2022-12-05,Nadu 1,198.0,198.0,Pettah
2022-12-06,Nadu 1,197.4,197.4,Pettah
2022-12-08,Nadu 1,197.2,197.2,Pettah
2022-12-09,Nadu 1,197.0,197.0,Pettah
2022-12-12,Nadu 1,197.0,197.0,Pettah
2022-12-13,Nadu 1,197.6,197.6,Pettah
2022-12-14,Nadu 1,197.4,197.4,Pettah
2022-12-15,Nadu 1,198.2,198.2,Pettah
2022-12-16,Nadu 1,198.4,198.4,Pettah
2022-12-19,Nadu 1,198.4,198.4,Pettah
2022-12-20,Nadu 1,,,Pettah
2022-12-21,Nadu 1,202.0,202.0,Pettah
2022-12-22,Nadu 1,204.4,204.4,Pettah
2022-12-23,Nadu 1,203.0,203.0,Pettah
2022-12-26,Nadu 1,205.2,205.2,Pettah
2022-12-27,Nadu 1,201.0,201.0,Pettah
2022-12-28,Nadu 1,202.0,202.0,Pettah
2022-12-29,Nadu 1,202.0,202.0,Pettah
2022-12-30,Nadu 1,205.0,205.0,Pettah
2023-01-02,Nadu 1,205.0,205.0,Pettah
2023-01-03,Nadu 1,204.4,204.4,Pettah
2023-01-04,Nadu 1,205.0,205.0,Pettah
2023-01-05,Nadu 1,205.0,205.0,Pettah
2023-01-09,Nadu 1,204.6,204.6,Pettah
2023-01-10,Nadu 1,201.0,201.0,Pettah
2023-01-11,Nadu 1,200.0,200.0,Pettah
2023-01-12,Nadu 1,201.0,201.0,Pettah
2023-01-16,Nadu 1,204.0,204.0,Pettah
2023-01-17,Nadu 1,201.6,201.6,Pettah
2023-01-18,Nadu 1,202.0,202.0,Pettah
2023-01-19,Nadu 1,201.0,201.0,Pettah
2023-01-20,Nadu 1,196.6,196.6,Pettah
2023-01-23,Nadu 1,192.0,192.0,Pettah
2023-01-24,Nadu 1,192.0,192.0,Pettah
2023-01-25,Nadu 1,192.0,192.0,Pettah
2023-01-26,Nadu 1,194.0,194.0,Pettah
2023-01-27,Nadu 1,194.6,194.6,Pettah
2023-01-30,Nadu 1,188.0,188.0,Pettah
2023-01-31,Nadu 1,187.0,187.0,Pettah
2023-02-01,Nadu 1,189.0,189.0,Pettah
2023-02-02,Nadu 1,189.0,189.0,Pettah
2023-02-03,Nadu 1,188.0,188.0,Pettah
2023-02-06,Nadu 1,188.0,188.0,Pettah
2023-02-07,Nadu 1,187.0,187.0,Pettah
2023-02-08,Nadu 1,184.4,184.4,Pettah
2023-02-09,Nadu 1,188.0,188.0,Pettah
2023-02-10,Nadu 1,187.8,187.8,Pettah
2023-02-13,Nadu 1,187.6,187.6,Pettah
2023-02-14,Nadu 1,186.0,186.0,Pettah
2023-02-15,Nadu 1,186.0,186.0,Pettah
2023-02-16,Nadu 1,185.0,185.0,Pettah
2023-02-17,Nadu 1,184.4,184.4,Pettah
2023-02-20,Nadu 1,188.0,188.0,Pettah
2023-02-21,Nadu 1,188.0,188.0,Pettah
2023-02-22,Nadu 1,187.0,187.0,Pettah
2023-02-23,Nadu 1,188.6,188.6,Pettah
2023-02-24,Nadu 1,187.0,187.0,Pettah
2023-02-27,Nadu 1,187.6,187.6,Pettah
2023-02-28,Nadu 1,187.0,187.0,Pettah
2023-03-01,Nadu 1,188.0,188.0,Pettah
2023-03-02,Nadu 1,188.0,188.0,Pettah
2023-03-03,Nadu 1,188.0,188.0,Pettah
2023-03-07,Nadu 1,189.0,189.0,Pettah
2023-03-08,Nadu 1,187.0,187.0,Pettah
2023-03-09,Nadu 1,190.0,190.0,Pettah
2023-03-10,Nadu 1,187.0,187.0,Pettah
2023-03-13,Nadu 1,188.0,188.0,Pettah
2023-03-14,Nadu 1,187.0,187.0,Pettah
2023-03-15,Nadu 1,188.75,188.75,Pettah
2023-03-16,Nadu 1,188.0,188.0,Pettah
2023-03-17,Nadu 1,188.0,188.0,Pettah
2023-03-20,Nadu 1,185.0,185.0,Pettah
2023-03-21,Nadu 1,185.6,185.6,Pettah
2023-03-22,Nadu 1,186.0,186.0,Pettah
2023-03-23,Nadu 1,186.6,186.6,Pettah
2023-03-24,Nadu 1,188.0,188.0,Pettah
2023-03-27,Nadu 1,188.0,188.0,Pettah
2023-03-28,Nadu 1,187.0,187.0,Pettah
2023-03-29,Nadu 1,188.0,188.0,Pettah
2023-03-30,Nadu 1,189.0,189.0,Pettah
2023-03-31,Nadu 1,188.6,188.6,Pettah
2023-04-03,Nadu 1,185.0,185.0,Pettah
2023-04-04,Nadu 1,185.0,185.0,Pettah
2023-04-06,Nadu 1,185.0,185.0,Pettah
2023-04-10,Nadu 1,185.0,185.0,Pettah
2023-04-11,Nadu 1,185.0,185.0,Pettah
2023-04-17,Nadu 1,191.4,191.4,Pettah
2023-04-18,Nadu 1,183.0,183.0,Pettah
2023-04-19,Nadu 1,184.0,184.0,Pettah
2023-04-20,Nadu 1,185.0,185.0,Pettah
2023-04-21,Nadu 1,183.0,183.0,Pettah
2023-04-24,Nadu 1,184.0,184.0,Pettah
2023-04-25,Nadu 1,184.0,184.0,Pettah
2023-04-26,Nadu 1,184.0,184.0,Pettah
2023-04-27,Nadu 1,183.4,183.4,Pettah
2023-04-28,Nadu 1,187.0,187.0,Pettah
2023-05-02,Nadu 1,183.0,183.0,Pettah
2023-05-03,Nadu 1,184.0,184.0,Pettah
2023-05-04,Nadu 1,184.0,184.0,Pettah
2023-05-08,Nadu 1,184.0,184.0,Pettah
2023-05-09,Nadu 1,184.0,184.0,Pettah
2023-05-10,Nadu 1,183.0,183.0,Pettah
2023-05-11,Nadu 1,184.0,184.0,Pettah
2023-05-12,Nadu 1,183.0,183.0,Pettah
2023-05-15,Nadu 1,183.0,183.0,Pettah
2023-05-16,Nadu 1,183.0,183.0,Pettah
2023-05-17,Nadu 1,183.0,183.0,Pettah
2023-05-18,Nadu 1,183.0,183.0,Pettah
2023-05-19,Nadu 1,183.0,183.0,Pettah
2023-05-22,Nadu 1,190.0,190.0,Pettah
2023-05-23,Nadu 1,183.0,183.0,Pettah
2023-05-24,Nadu 1,182.0,182.0,Pettah
2023-05-25,Nadu 1,184.0,184.0,Pettah
2023-05-26,Nadu 1,187.0,187.0,Pettah
2023-05-29,Nadu 1,183.0,183.0,Pettah
2023-05-30,Nadu 1,183.0,183.0,Pettah
2023-05-31,Nadu 1,183.0,183.0,Pettah
2023-06-01,Nadu 1,181.0,181.0,Pettah
2023-06-02,Nadu 1,182.6,182.6,Pettah
2023-06-05,Nadu 1,184.0,184.0,Pettah
2023-06-06,Nadu 1,183.0,183.0,Pettah
2023-06-07,Nadu 1,186.0,186.0,Pettah
2023-06-08,Nadu 1,181.0,181.0,Pettah
2023-06-09,Nadu 1,181.0,181.0,Pettah
2023-06-12,Nadu 1,182.0,182.0,Pettah
2023-06-13,Nadu 1,181.0,181.0,Pettah
2023-06-14,Nadu 1,178.0,178.0,Pettah
2023-06-15,Nadu 1,188.0,188.0,Pettah
2023-06-16,Nadu 1,179.0,179.0,Pettah
2023-06-19,Nadu 1,178.0,178.0,Pettah
2023-06-20,Nadu 1,177.6,177.6,Pettah
2023-06-21,Nadu 1,182.0,182.0,Pettah
2023-06-22,Nadu 1,175.0,175.0,Pettah
2023-06-23,Nadu 1,177.0,177.0,Pettah
2023-06-26,Nadu 1,176.6,176.6,Pettah
2023-06-27,Nadu 1,177.6,177.6,Pettah
2023-06-28,Nadu 1,178.0,178.0,Pettah
2023-06-30,Nadu 1,177.0,177.0,Pettah
2023-07-04,Nadu 1,180.0,180.0,Pettah
2023-07-05,Nadu 1,179.0,179.0,Pettah
2023-07-06,Nadu 1,180.0,180.0,Pettah
2023-07-07,Nadu 1,179.0,179.0,Pettah
2023-07-10,Nadu 1,183.0,183.0,Pettah
2023-07-11,Nadu 1,184.0,184.0,Pettah
2023-07-12,Nadu 1,187.0,187.0,Pettah
2023-07-13,Nadu 1,179.0,179.0,Pettah
2023-07-14,Nadu 1,181.0,181.0,Pettah
2023-07-17,Nadu 1,182.0,182.0,Pettah
2023-07-18,Nadu 1,176.0,176.0,Pettah
2023-07-19,Nadu 1,182.0,182.0,Pettah
2023-07-20,Nadu 1,173.8,173.8,Pettah
2023-07-21,Nadu 1,177.2,177.2,Pettah
2023-07-24,Nadu 1,178.0,178.0,Pettah
2023-07-25,Nadu 1,176.0,176.0,Pettah
2023-07-26,Nadu 1,177.0,177.0,Pettah
2023-07-27,Nadu 1,177.0,177.0,Pettah
2023-07-28,Nadu 1,177.0,177.0,Pettah
2023-07-31,Nadu 1,178.0,178.0,Pettah
2023-08-02,Nadu 1,177.0,177.0,Pettah
2023-08-03,Nadu 1,178.0,178.0,Pettah
2023-08-04,Nadu 1,177.0,177.0,Pettah
2023-08-07,Nadu 1,177.0,177.0,Pettah
2023-08-08,Nadu 1,177.0,177.0,Pettah
2023-08-09,Nadu 1,177.0,177.0,Pettah
2023-08-10,Nadu 1,177.0,177.0,Pettah
2023-08-11,Nadu 1,177.0,177.0,Pettah
2023-08-14,Nadu 1,177.0,177.0,Pettah
2023-08-15,Nadu 1,178.0,178.0,Pettah
2023-08-16,Nadu 1,178.0,178.0,Pettah
2023-08-17,Nadu 1,178.0,178.0,Pettah
2023-08-18,Nadu 1,178.0,178.0,Pettah
2023-08-21,Nadu 1,182.0,182.0,Pettah
2023-08-22,Nadu 1,188.0,188.0,Pettah
2023-08-23,Nadu 1,188.0,188.0,Pettah
2023-08-24,Nadu 1,193.0,193.0,Pettah
2023-08-25,Nadu 1,196.0,196.0,Pettah
2023-08-28,Nadu 1,198.0,198.0,Pettah
2023-08-29,Nadu 1,201.0,201.0,Pettah
2023-08-31,Nadu 1,202.0,202.0,Pettah
2023-09-01,Nadu 1,202.0,202.0,Pettah
2023-09-04,Nadu 1,206.0,206.0,Pettah
2023-09-05,Nadu 1,205.0,205.0,Pettah
2023-09-06,Nadu 1,203.0,203.0,Pettah
2023-09-07,Nadu 1,200.0,200.0,Pettah
2023-09-08,Nadu 1,202.0,202.0,Pettah
2023-09-11,Nadu 1,200.0,200.0,Pettah
2023-09-12,Nadu 1,201.0,201.0,Pettah
2023-09-13,Nadu 1,200.0,200.0,Pettah
2023-09-14,Nadu 1,200.0,200.0,Pettah
2023-09-15,Nadu 1,200.0,200.0,Pettah
2023-09-18,Nadu 1,200.0,200.0,Pettah
2023-09-19,Nadu 1,202.0,202.0,Pettah
2023-09-20,Nadu 1,202.0,202.0,Pettah
2023-09-21,Nadu 1,202.0,202.0,Pettah
2023-09-22,Nadu 1,200.0,200.0,Pettah
2023-09-25,Nadu 1,202.0,202.0,Pettah
2023-09-26,Nadu 1,201.0,201.0,Pettah
2023-10-02,Nadu 1,200.0,200.0,Pettah
2023-10-03,Nadu 1,200.0,200.0,Pettah
2023-10-04,Nadu 1,200.0,200.0,Pettah
2023-10-05,Nadu 1,200.0,200.0,Pettah
2023-10-06,Nadu 1,200.0,200.0,Pettah
2023-10-09,Nadu 1,200.0,200.0,Pettah
2023-10-10,Nadu 1,200.0,200.0,Pettah
2023-10-11,Nadu 1,200.0,200.0,Pettah
2023-10-12,Nadu 1,200.0,200.0,Pettah
2023-10-13,Nadu 1,200.0,200.0,Pettah
2023-10-16,Nadu 1,200.0,200.0,Pettah
2023-10-17,Nadu 1,200.0,200.0,Pettah
2023-10-18,Nadu 1,200.0,200.0,Pettah
2023-10-19,Nadu 1,200.0,200.0,Pettah
2023-10-20,Nadu 1,200.0,200.0,Pettah
2023-10-23,Nadu 1,202.0,202.0,Pettah
2023-10-24,Nadu 1,202.0,202.0,Pettah
2023-10-25,Nadu 1,201.0,201.0,Pettah
2023-10-26,Nadu 1,201.0,201.0,Pettah
2023-10-27,Nadu 1,203.0,203.0,Pettah
2023-10-30,Nadu 1,207.0,207.0,Pettah
2023-10-31,Nadu 1,207.0,207.0,Pettah
2023-11-01,Nadu 1,207.0,207.0,Pettah
2023-11-02,Nadu 1,207.0,207.0,Pettah
2023-11-03,Nadu 1,207.0,207.0,Pettah
2023-11-06,Nadu 1,207.0,207.0,Pettah
2023-11-07,Nadu 1,210.0,210.0,Pettah
2023-11-08,Nadu 1,210.0,210.0,Pettah
2023-11-09,Nadu 1,210.0,210.0,Pettah
2023-11-10,Nadu 1,210.0,210.0,Pettah
2023-11-13,Nadu 1,210.0,210.0,Pettah
2023-11-14,Nadu 1,210.0,210.0,Pettah
2023-11-15,Nadu 1,211.25,211.25,Pettah
2023-11-16,Nadu 1,212.0,212.0,Pettah
2023-11-17,Nadu 1,212.0,212.0,Pettah
2023-11-20,Nadu 1,212.0,212.0,Pettah
2023-11-21,Nadu 1,211.0,211.0,Pettah
2023-11-22,Nadu 1,212.6,212.6,Pettah
2023-11-23,Nadu 1,212.0,212.0,Pettah
2023-11-24,Nadu 1,212.0,212.0,Pettah
2023-11-27,Nadu 1,212.6,212.6,Pettah
2023-11-28,Nadu 1,212.6,212.6,Pettah
2023-12-01,Nadu 1,212.5,212.5,Pettah
2023-12-04,Nadu 1,212.0,212.0,Pettah
2023-12-05,Nadu 1,212.0,212.0,Pettah
2023-12-06,Nadu 1,212.5,212.5,Pettah
2023-12-07,Nadu 1,211.25,211.25,Pettah
2023-12-08,Nadu 1,210.0,210.0,Pettah
2023-12-11,Nadu 1,212.5,212.5,Pettah
2023-12-12,Nadu 1,212.5,212.5,Pettah
2023-12-13,Nadu 1,212.5,212.5,Pettah
2023-12-14,Nadu 1,214.0,214.0,Pettah
2023-12-15,Nadu 1,212.5,212.5,Pettah
2023-12-18,Nadu 1,212.0,212.0,Pettah
2023-12-19,Nadu 1,212.5,212.5,Pettah
2023-12-20,Nadu 1,212.5,212.5,Pettah
2023-12-21,Nadu 1,212.5,212.5,Pettah
2023-12-22,Nadu 1,211.25,211.25,Pettah
2023-12-27,Nadu 1,211.25,211.25,Pettah
2023-12-28,Nadu 1,212.5,212.5,Pettah
2023-12-29,Nadu 1,211.25,211.25,Pettah
2024-01-01,Nadu 1,212.5,212.5,Pettah
2024-01-02,Nadu 1,212.5,212.5,Pettah
2024-01-03,Nadu 1,212.5,212.5,Pettah
2024-01-04,Nadu 1,211.25,211.25,Pettah
2024-01-05,Nadu 1,212.6,212.6,Pettah
2024-01-08,Nadu 1,212.5,212.5,Pettah
2024-01-09,Nadu 1,212.5,212.5,Pettah
2024-01-10,Nadu 1,212.0,212.0,Pettah
2024-01-11,Nadu 1,211.0,211.0,Pettah
2024-01-12,Nadu 1,212.0,212.0,Pettah
2024-01-16,Nadu 1,211.0,211.0,Pettah
2024-01-17,Nadu 1,212.5,212.5,Pettah
2024-01-18,Nadu 1,211.0,211.0,Pettah
2024-01-19,Nadu 1,212.0,212.0,Pettah
2024-01-22,Nadu 1,205.75,205.75,Pettah
2024-01-23,Nadu 1,200.75,200.75,Pettah
2024-01-24,Nadu 1,200.75,200.75,Pettah
2024-01-26,Nadu 1,201.0,201.0,Pettah
2024-01-29,Nadu 1,200.75,200.75,Pettah
2024-01-30,Nadu 1,200.75,200.75,Pettah
2024-01-31,Nadu 1,207.5,207.5,Pettah
2024-02-01,Nadu 1,205.0,205.0,Pettah
2024-02-02,Nadu 1,200.0,200.0,Pettah
2024-02-05,Nadu 1,198.75,198.75,Pettah
2024-02-06,Nadu 1,197.5,197.5,Pettah
2024-02-07,Nadu 1,197.5,197.5,Pettah
2024-02-08,Nadu 1,197.5,197.5,Pettah
2024-02-09,Nadu 1,197.5,197.5,Pettah
2024-02-12,Nadu 1,198.75,198.75,Pettah
2024-02-13,Nadu 1,198.75,198.75,Pettah
2024-02-14,Nadu 1,198.75,198.75,Pettah
2024-02-15,Nadu 1,199.0,199.0,Pettah
2024-02-16,Nadu 1,199.0,199.0,Pettah
2024-02-19,Nadu 1,199.0,199.0,Pettah
2024-02-20,Nadu 1,202.6,202.6,Pettah
2024-02-21,Nadu 1,204.0,204.0,Pettah
2024-02-22,Nadu 1,205.2,205.2,Pettah
2024-02-26,Nadu 1,204.6,204.6,Pettah
2024-02-27,Nadu 1,202.5,202.5,Pettah
2024-02-28,Nadu 1,202.5,202.5,Pettah
2024-02-29,Nadu 1,202.5,202.5,Pettah
2024-03-01,Nadu 1,203.75,203.75,Pettah
2024-03-04,Nadu 1,203.25,203.25,Pettah
2024-03-05,Nadu 1,204.5,204.5,Pettah
2024-03-06,Nadu 1,204.5,204.5,Pettah
2024-03-07,Nadu 1,203.6,203.6,Pettah
2024-03-11,Nadu 1,204.2,204.2,Pettah
2024-03-12,Nadu 1,204.6,204.6,Pettah
2024-03-13,Nadu 1,204.6,204.6,Pettah
2024-03-14,Nadu 1,204.6,204.6,Pettah
2024-03-15,Nadu 1,203.6,203.6,Pettah
2024-03-18,Nadu 1,204.6,204.6,Pettah
2024-03-19,Nadu 1,206.2,206.2,Pettah
2024-03-20,Nadu 1,203.6,203.6,Pettah
2024-03-21,Nadu 1,204.5,204.5,Pettah
2024-03-22,Nadu 1,205.2,205.2,Pettah
2024-03-25,Nadu 1,206.6,206.6,Pettah
2024-03-26,Nadu 1,207.6,207.6,Pettah
2024-03-27,Nadu 1,207.6,207.6,Pettah
2024-03-28,Nadu 1,206.6,206.6,Pettah
2024-04-01,Nadu 1,207.6,207.6,Pettah
2024-04-02,Nadu 1,208.6,208.6,Pettah
2024-04-03,Nadu 1,207.0,207.0,Pettah
2024-04-04,Nadu 1,207.0,207.0,Pettah
2024-04-05,Nadu 1,206.6,206.6,Pettah
2024-04-08,Nadu 1,206.25,206.25,Pettah
2024-04-09,Nadu 1,207.0,207.0,Pettah
2024-04-10,Nadu 1,207.6,207.6,Pettah
2024-04-16,Nadu 1,208.25,208.25,Pettah
2024-04-17,Nadu 1,207.0,207.0,Pettah
2024-04-18,Nadu 1,207.0,207.0,Pettah
2024-04-19,Nadu 1,208.33,208.33,Pettah
2024-04-22,Nadu 1,207.6,207.6,Pettah
2024-04-24,Nadu 1,207.6,207.6,Pettah
2024-04-25,Nadu 1,207.0,207.0,Pettah
2024-04-26,Nadu 1,207.6,207.6,Pettah
2024-04-29,Nadu 1,207.6,207.6,Pettah
2024-04-30,Nadu 1,207.0,207.0,Pettah
2024-05-02,Nadu 1,207.0,207.0,Pettah
2024-05-03,Nadu 1,209.0,209.0,Pettah
2024-05-06,Nadu 1,209.0,209.0,Pettah
2024-05-07,Nadu 1,209.0,209.0,Pettah
2024-05-08,Nadu 1,209.0,209.0,Pettah
2024-05-09,Nadu 1,209.0,209.0,Pettah
2024-05-10,Nadu 1,209.0,209.0,Pettah
2024-05-13,Nadu 1,209.0,209.0,Pettah
2024-05-14,Nadu 1,209.0,209.0,Pettah
2024-05-15,Nadu 1,209.0,209.0,Pettah
2024-05-16,Nadu 1,210.0,210.0,Pettah
2024-05-17,Nadu 1,209.0,209.0,Pettah
2024-05-20,Nadu 1,209.6,209.6,Pettah
2024-05-21,Nadu 1,209.0,209.0,Pettah
2024-05-22,Nadu 1,209.0,209.0,Pettah
2024-05-27,Nadu 1,212.5,212.5,Pettah
2024-05-28,Nadu 1,212.5,212.5,Pettah
2024-05-29,Nadu 1,212.0,212.0,Pettah
2024-05-30,Nadu 1,212.0,212.0,Pettah
2024-05-31,Nadu 1,212.0,212.0,Pettah
2024-06-03,Nadu 1,212.0,212.0,Pettah
2024-06-04,Nadu 1,212.0,212.0,Pettah
2024-06-05,Nadu 1,212.4,212.4,Pettah
2024-06-06,Nadu 1,211.0,211.0,Pettah
2024-06-07,Nadu 1,212.0,212.0,Pettah
2024-06-10,Nadu 1,211.4,211.4,Pettah
2024-06-11,Nadu 1,212.0,212.0,Pettah
2024-06-12,Nadu 1,212.0,212.0,Pettah
2024-06-13,Nadu 1,212.0,212.0,Pettah
2024-06-14,Nadu 1,212.0,212.0,Pettah
2024-06-18,Nadu 1,212.4,212.4,Pettah
2024-06-19,Nadu 1,212.4,212.4,Pettah
2024-06-20,Nadu 1,211.4,211.4,Pettah
2024-06-24,Nadu 1,211.75,211.75,Pettah
2024-06-25,Nadu 1,211.75,211.75,Pettah
2024-06-26,Nadu 1,211.4,211.4,Pettah
2024-06-27,Nadu 1,212.4,212.4,Pettah
2024-06-28,Nadu 1,211.4,211.4,Pettah
2024-07-01,Nadu 1,212.4,212.4,Pettah
2024-07-02,Nadu 1,212.0,212.0,Pettah
2024-07-03,Nadu 1,211.0,211.0,Pettah
2024-07-04,Nadu 1,211.4,211.4,Pettah
2024-07-05,Nadu 1,212.4,212.4,Pettah
2024-07-08,Nadu 1,212.4,212.4,Pettah
2024-07-09,Nadu 1,211.8,211.8,Pettah
2024-07-10,Nadu 1,211.8,211.8,Pettah
2024-07-11,Nadu 1,212.0,212.0,Pettah
2024-07-12,Nadu 1,211.4,211.4,Pettah
2024-07-15,Nadu 1,211.4,211.4,Pettah
2024-07-16,Nadu 1,211.4,211.4,Pettah
2024-07-17,Nadu 1,211.4,211.4,Pettah
2024-07-18,Nadu 1,212.4,212.4,Pettah
2024-07-19,Nadu 1,212.4,212.4,Pettah
2024-07-22,Nadu 1,211.4,211.4,Pettah
2024-07-23,Nadu 1,211.4,211.4,Pettah
2024-07-24,Nadu 1,211.4,211.4,Pettah
2024-07-25,Nadu 1,211.4,211.4,Pettah
2024-07-26,Nadu 1,211.4,211.4,Pettah
2024-07-29,Nadu 1,212.6,212.6,Pettah
2024-07-30,Nadu 1,212.0,212.0,Pettah
2024-07-31,Nadu 1,212.4,212.4,Pettah
2024-08-01,Nadu 1,212.4,212.4,Pettah
2024-08-02,Nadu 1,212.0,212.0,Pettah
2024-08-05,Nadu 1,212.0,212.0,Pettah
2024-08-06,Nadu 1,211.4,211.4,Pettah
2024-08-07,Nadu 1,211.4,211.4,Pettah
2024-08-08,Nadu 1,211.4,211.4,Pettah
2024-08-09,Nadu 1,211.4,211.4,Pettah
2024-08-12,Nadu 1,211.4,211.4,Pettah
2024-08-13,Nadu 1,211.4,211.4,Pettah
2024-08-14,Nadu 1,211.4,211.4,Pettah
2024-08-15,Nadu 1,211.4,211.4,Pettah
2024-08-16,Nadu 1,211.4,211.4,Pettah
2024-08-20,Nadu 1,211.6,211.6,Pettah
2024-08-21,Nadu 1,212.4,212.4,Pettah
2024-08-22,Nadu 1,211.6,211.6,Pettah
2024-08-23,Nadu 1,213.6,213.6,Pettah
2024-08-26,Nadu 1,216.6,216.6,Pettah
2024-08-27,Nadu 1,216.6,216.6,Pettah
2024-08-28,Nadu 1,216.6,216.6,Pettah
2024-08-29,Nadu 1,217.0,217.0,Pettah
2024-08-30,Nadu 1,217.0,217.0,Pettah
2024-09-02,Nadu 1,217.4,217.4,Pettah
2024-09-03,Nadu 1,218.0,218.0,Pettah
2024-09-04,Nadu 1,212.0,212.0,Pettah
2024-09-05,Nadu 1,217.5,217.5,Pettah
2024-09-06,Nadu 1,218.0,218.0,Pettah
2024-09-09,Nadu 1,222.0,222.0,Pettah
2024-09-10,Nadu 1,222.0,222.0,Pettah
2024-09-11,Nadu 1,222.0,222.0,Pettah
2024-09-12,Nadu 1,222.0,222.0,Pettah
2024-09-13,Nadu 1,222.4,222.4,Pettah
2024-09-18,Nadu 1,222.0,222.0,Pettah
2024-09-19,Nadu 1,222.0,222.0,Pettah
2024-09-20,Nadu 1,222.0,222.0,Pettah
2024-09-24,Nadu 1,225.75,225.75,Pettah
2024-09-25,Nadu 1,226.6,226.6,Pettah
2024-09-26,Nadu 1,227.6,227.6,Pettah
2024-09-27,Nadu 1,226.6,226.6,Pettah
2024-09-30,Nadu 1,221.0,221.0,Pettah
2024-10-01,Nadu 1,221.0,221.0,Pettah
2024-10-02,Nadu 1,222.0,222.0,Pettah
2024-10-03,Nadu 1,219.2,219.2,Pettah
2024-10-04,Nadu 1,219.2,219.2,Pettah
2024-10-07,Nadu 1,219.2,219.2,Pettah
2024-10-08,Nadu 1,219.6,219.6,Pettah
2024-10-09,Nadu 1,219.2,219.2,Pettah
2024-10-10,Nadu 1,219.2,219.2,Pettah
2024-10-11,Nadu 1,219.2,219.2,Pettah
2024-10-14,Nadu 1,219.2,219.2,Pettah
2024-10-15,Nadu 1,218.8,218.8,Pettah
2024-10-16,Nadu 1,219.2,219.2,Pettah
2024-10-18,Nadu 1,222.0,222.0,Pettah
2024-10-21,Nadu 1,223.75,223.75,Pettah
2024-10-22,Nadu 1,227.0,227.0,Pettah
2024-10-23,Nadu 1,227.5,227.5,Pettah
2024-10-24,Nadu 1,226.25,226.25,Pettah
2024-10-25,Nadu 1,226.6,226.6,Pettah
2024-10-28,Nadu 1,227.0,227.0,Pettah
2024-10-29,Nadu 1,227.6,227.6,Pettah
2024-11-01,Nadu 1,227.5,227.5,Pettah
2024-11-04,Nadu 1,227.6,227.6,Pettah
2024-11-05,Nadu 1,227.5,227.5,Pettah
2024-11-06,Nadu 1,227.5,227.5,Pettah
2024-11-07,Nadu 1,227.5,227.5,Pettah
2024-11-08,Nadu 1,227.5,227.5,Pettah
2024-11-11,Nadu 1,227.0,227.0,Pettah
2024-11-12,Nadu 1,227.5,227.5,Pettah
2024-11-13,Nadu 1,228.25,228.25,Pettah
2024-11-14,Nadu 1,228.25,228.25,Pettah
2024-11-18,Nadu 1,229.5,229.5,Pettah
2024-11-19,Nadu 1,231.25,231.25,Pettah
2024-11-20,Nadu 1,231.25,231.25,Pettah
2024-11-21,Nadu 1,231.25,231.25,Pettah
2024-11-22,Nadu 1,228.75,228.75,Pettah
2024-11-25,Nadu 1,235.0,235.0,Pettah
2024-11-26,Nadu 1,236.25,236.25,Pettah
2024-11-27,Nadu 1,236.25,236.25,Pettah
2024-11-28,Nadu 1,237.5,237.5,Pettah
2024-11-29,Nadu 1,237.5,237.5,Pettah
2024-12-02,Nadu 1,242.5,242.5,Pettah
2024-12-03,Nadu 1,242.5,242.5,Pettah
2024-12-04,Nadu 1,242.5,242.5,Pettah
2024-12-05,Nadu 1,247.5,247.5,Pettah
2024-12-06,Nadu 1,252.5,252.5,Pettah
2024-12-09,Nadu 1,247.5,247.5,Pettah
2024-12-10,Nadu 1,228.75,228.75,Pettah
2024-12-11,Nadu 1,227.5,227.5,Pettah
2024-12-12,Nadu 1,227.5,227.5,Pettah
2024-12-13,Nadu 1,227.5,227.5,Pettah
2024-12-16,Nadu 1,227.5,227.5,Pettah
2024-12-17,Nadu 1,227.5,227.5,Pettah
2024-12-18,Nadu 1,227.5,227.5,Pettah
2024-12-19,Nadu 1,227.5,227.5,Pettah
2024-12-20,Nadu 1,227.5,227.5,Pettah
2024-12-23,Nadu 1,227.5,227.5,Pettah
2024-12-24,Nadu 1,227.5,227.5,Pettah
2024-12-26,Nadu 1,227.5,227.5,Pettah
2024-12-27,Nadu 1,227.5,227.5,Pettah
2024-12-30,Nadu 1,227.5,227.5,Pettah
2024-12-31,Nadu 1,227.5,227.5,Pettah
2025-01-01,Nadu 1,227.5,227.5,Pettah
2025-01-02,Nadu 1,227.5,227.5,Pettah
2025-01-03,Nadu 1,227.5,227.5,Pettah
2025-01-06,Nadu 1,227.5,227.5,Pettah
2025-01-07,Nadu 1,227.5,227.5,Pettah
2025-01-08,Nadu 1,227.5,227.5,Pettah
2025-01-09,Nadu 1,227.5,227.5,Pettah
2025-01-10,Nadu 1,228.75,228.75,Pettah
2025-01-15,Nadu 1,227.5,227.5,Pettah
2025-01-16,Nadu 1,227.5,227.5,Pettah
2025-01-17,Nadu 1,227.5,227.5,Pettah
2025-01-20,Nadu 1,231.5,231.5,Pettah
2025-01-21,Nadu 1,216.6,216.6,Pettah
2025-01-22,Nadu 1,216.6,216.6,Pettah
2025-01-23,Nadu 1,216.6,216.6,Pettah
2025-01-24,Nadu 1,216.6,216.6,Pettah
2025-01-27,Nadu 1,216.6,216.6,Pettah
2025-01-28,Nadu 1,222.5,222.5,Pettah
2025-01-29,Nadu 1,222.5,222.5,Pettah
2025-01-30,Nadu 1,255.0,255.0,Pettah
2025-01-31,Nadu 1,247.5,247.5,Pettah
2025-02-03,Nadu 1,223.75,223.75,Pettah
2025-02-05,Nadu 1,222.5,222.5,Pettah
2025-02-06,Nadu 1,222.5,222.5,Pettah
2025-02-07,Nadu 1,222.5,222.5,Pettah
2025-02-10,Nadu 1,227.0,227.0,Pettah
2025-02-11,Nadu 1,227.0,227.0,Pettah
2025-02-13,Nadu 1,227.0,227.0,Pettah
2025-02-14,Nadu 1,227.0,227.0,Pettah
2025-02-17,Nadu 1,227.0,227.0,Pettah
2025-02-18,Nadu 1,227.0,227.0,Pettah
2025-02-19,Nadu 1,228.25,228.25,Pettah
2025-02-20,Nadu 1,227.0,227.0,Pettah
2025-02-21,Nadu 1,227.0,227.0,Pettah
2025-02-24,Nadu 1,227.0,227.0,Pettah
2025-02-25,Nadu 1,227.0,227.0,Pettah
2025-02-27,Nadu 1,227.0,227.0,Pettah
2025-02-28,Nadu 1,227.0,227.0,Pettah
2025-03-03,Nadu 1,227.0,227.0,Pettah
2025-03-04,Nadu 1,227.0,227.0,Pettah
2025-03-05,Nadu 1,227.0,227.0,Pettah
2025-03-06,Nadu 1,227.0,227.0,Pettah
2025-03-07,Nadu 1,227.0,227.0,Pettah
2025-03-10,Nadu 1,227.5,227.5,Pettah
2025-03-11,Nadu 1,226.25,226.25,Pettah
2025-03-12,Nadu 1,227.5,227.5,Pettah
2025-03-14,Nadu 1,228.25,228.25,Pettah
2025-03-17,Nadu 1,227.5,227.5,Pettah
2025-03-18,Nadu 1,226.25,226.25,Pettah
2025-03-19,Nadu 1,227.5,227.5,Pettah
2025-03-20,Nadu 1,227.5,227.5,Pettah
2025-03-21,Nadu 1,228.75,228.75,Pettah
2025-03-24,Nadu 1,227.5,227.5,Pettah
2025-03-25,Nadu 1,227.5,227.5,Pettah
2025-03-26,Nadu 1,227.5,227.5,Pettah
2025-03-27,Nadu 1,227.5,227.5,Pettah
2025-03-28,Nadu 1,227.5,227.5,Pettah
2025-04-01,Nadu 1,227.5,227.5,Pettah
2025-04-02,Nadu 1,227.5,227.5,Pettah
2025-04-03,Nadu 1,227.5,227.5,Pettah
2025-04-04,Nadu 1,227.5,227.5,Pettah
2025-04-07,Nadu 1,227.5,227.5,Pettah
2025-04-08,Nadu 1,227.5,227.5,Pettah
2025-04-09,Nadu 1,227.5,227.5,Pettah
2025-04-10,Nadu 1,227.5,227.5,Pettah
2025-04-11,Nadu 1,227.5,227.5,Pettah
2025-04-16,Nadu 1,304.0,304.0,Pettah
2025-04-17,Nadu 1,227.5,227.5,Pettah
2025-04-21,Nadu 1,227.5,227.5,Pettah
2025-04-22,Nadu 1,227.5,227.5,Pettah
2025-04-23,Nadu 1,227.5,227.5,Pettah
2025-04-24,Nadu 1,227.5,227.5,Pettah
2025-04-25,Nadu 1,227.5,227.5,Pettah
2025-04-28,Nadu 1,227.5,227.5,Pettah
2025-04-29,Nadu 1,227.5,227.5,Pettah
2025-05-02,Nadu 1,227.5,227.5,Pettah
2025-05-05,Nadu 1,227.5,227.5,Pettah
2025-05-06,Nadu 1,227.5,227.5,Pettah
2025-05-07,Nadu 1,227.5,227.5,Pettah
2025-05-08,Nadu 1,227.5,227.5,Pettah
2025-05-09,Nadu 1,227.5,227.5,Pettah
2025-05-14,Nadu 1,227.75,227.75,Pettah
2025-05-15,Nadu 1,227.0,227.0,Pettah
2025-05-16,Nadu 1,227.0,227.0,Pettah
2025-05-19,Nadu 1,227.0,227.0,Pettah
2025-05-20,Nadu 1,227.0,227.0,Pettah
2025-05-21,Nadu 1,227.0,227.0,Pettah
2025-05-22,Nadu 1,227.75,227.75,Pettah
2025-05-23,Nadu 1,227.75,227.75,Pettah
2025-05-26,Nadu 1,228.25,228.25,Pettah
2025-05-27,Nadu 1,228.25,228.25,Pettah
2025-05-28,Nadu 1,227.5,227.5,Pettah
2025-05-29,Nadu 1,227.5,227.5,Pettah
2025-05-30,Nadu 1,227.0,227.0,Pettah
2025-06-02,Nadu 1,227.0,227.0,Pettah
2025-06-03,Nadu 1,227.6,227.6,Pettah
2025-06-04,Nadu 1,227.6,227.6,Pettah
2025-06-05,Nadu 1,226.6,226.6,Pettah
2025-06-06,Nadu 1,227.0,227.0,Pettah
2025-06-09,Nadu 1,227.0,227.0,Pettah
2025-06-11,Nadu 1,227.0,227.0,Pettah
2025-06-12,Nadu 1,227.0,227.0,Pettah
2025-06-13,Nadu 1,227.0,227.0,Pettah
2025-06-16,Nadu 1,227.0,227.0,Pettah
2025-06-17,Nadu 1,227.0,227.0,Pettah
2025-06-18,Nadu 1,227.5,227.5,Pettah
2025-06-19,Nadu 1,227.0,227.0,Pettah
2025-06-20,Nadu 1,227.0,227.0,Pettah
2025-06-23,Nadu 1,227.0,227.0,Pettah
2025-06-24,Nadu 1,226.25,226.25,Pettah
2025-06-25,Nadu 1,223.6,223.6,Pettah
2025-06-26,Nadu 1,221.75,221.75,Pettah
2025-06-27,Nadu 1,221.75,221.75,Pettah
2025-06-30,Nadu 1,221.75,221.75,Pettah
2025-07-01,Nadu 1,222.5,222.5,Pettah
2025-07-07,Nadu 1,223.5,223.5,Pettah
2025-07-08,Nadu 1,217.0,217.0,Pettah
2025-07-09,Nadu 1,217.0,217.0,Pettah
2025-07-11,Nadu 1,217.0,217.0,Pettah
2025-07-14,Nadu 1,212.0,212.0,Pettah
2025-07-15,Nadu 1,217.6,217.6,Pettah
2025-07-16,Nadu 1,212.0,212.0,Pettah
2025-07-17,Nadu 1,212.0,212.0,Pettah
2025-07-18,Nadu 1,208.0,208.0,Pettah
2025-07-21,Nadu 1,212.0,212.0,Pettah
2025-07-22,Nadu 1,212.0,212.0,Pettah
2025-07-23,Nadu 1,212.4,212.4,Pettah
2025-07-24,Nadu 1,212.4,212.4,Pettah
2025-07-25,Nadu 1,207.5,207.5,Pettah
2025-07-28,Nadu 1,212.5,212.5,Pettah
2025-07-29,Nadu 1,212.5,212.5,Pettah
2025-07-30,Nadu 1,207.5,207.5,Pettah
2025-07-31,Nadu 1,207.5,207.5,Pettah
2025-08-01,Nadu 1,207.5,207.5,Pettah
2025-08-04,Nadu 1,207.5,207.5,Pettah
2025-08-05,Nadu 1,207.5,207.5,Pettah
2025-08-06,Nadu 1,207.5,207.5,Pettah
2025-08-07,Nadu 1,207.5,207.5,Pettah
2025-08-11,Nadu 1,207.5,207.5,Pettah
2025-08-12,Nadu 1,207.5,207.5,Pettah
2025-08-13,Nadu 1,207.5,207.5,Pettah
2025-08-14,Nadu 1,207.5,207.5,Pettah
2025-08-15,Nadu 1,207.5,207.5,Pettah
2025-08-18,Nadu 1,207.5,207.5,Pettah
2025-08-19,Nadu 1,217.5,217.5,Pettah
2025-08-20,Nadu 1,202.5,202.5,Pettah
2025-08-21,Nadu 1,202.5,202.5,Pettah
2025-08-22,Nadu 1,202.5,202.5,Pettah
2025-08-25,Nadu 1,202.5,202.5,Pettah
2025-08-26,Nadu 1,202.5,202.5,Pettah
2025-08-27,Nadu 1,202.0,202.0,Pettah
2025-08-28,Nadu 1,202.5,202.5,Pettah
2025-08-29,Nadu 1,202.5,202.5,Pettah
2025-09-01,Nadu 1,214.0,214.0,Pettah
2025-09-02,Nadu 1,208.0,208.0,Pettah
2025-09-03,Nadu 1,204.0,204.0,Pettah
2025-09-04,Nadu 1,207.0,207.0,Pettah
2025-09-08,Nadu 1,222.5,222.5,Pettah
2025-09-09,Nadu 1,212.0,212.0,Pettah
2025-09-10,Nadu 1,213.0,213.0,Pettah
2025-09-11,Nadu 1,213.0,213.0,Pettah
2025-09-12,Nadu 1,213.0,213.0,Pettah
2025-09-15,Nadu 1,213.0,213.0,Pettah
2025-09-16,Nadu 1,213.0,213.0,Pettah
2025-09-17,Nadu 1,213.0,213.0,Pettah
2025-09-18,Nadu 1,213.0,213.0,Pettah
2025-09-19,Nadu 1,213.0,213.0,Pettah
2025-09-22,Nadu 1,215.0,215.0,Pettah
2025-09-23,Nadu 1,213.0,213.0,Pettah
2025-09-24,Nadu 1,213.0,213.0,Pettah
2025-09-25,Nadu 1,213.0,213.0,Pettah
2025-09-26,Nadu 1,213.0,213.0,Pettah
2025-09-29,Nadu 1,213.0,213.0,Pettah
2025-09-30,Nadu 1,213.0,213.0,Pettah
2025-10-01,Nadu 1,214.0,214.0,Pettah
2025-10-02,Nadu 1,219.0,219.0,Pettah
2025-10-03,Nadu 1,219.0,219.0,Pettah
2025-10-07,Nadu 1,216.0,216.0,Pettah
2025-10-08,Nadu 1,219.0,219.0,Pettah
2025-10-09,Nadu 1,218.0,218.0,Pettah
2025-10-10,Nadu 1,218.0,218.0,Pettah
2025-10-13,Nadu 1,218.0,218.0,Pettah
2025-10-14,Nadu 1,218.0,218.0,Pettah
2025-10-15,Nadu 1,218.0,218.0,Pettah
2025-10-16,Nadu 1,218.0,218.0,Pettah
2025-10-17,Nadu 1,224.0,224.0,Pettah
2025-10-21,Nadu 1,224.0,224.0,Pettah
2025-10-22,Nadu 1,224.0,224.0,Pettah
2025-10-23,Nadu 1,224.0,224.0,Pettah
2025-10-24,Nadu 1,222.0,222.0,Pettah
2025-10-27,Nadu 1,219.0,219.0,Pettah
2025-10-28,Nadu 1,219.0,219.0,Pettah
2025-10-29,Nadu 1,219.0,219.0,Pettah
2025-10-30,Nadu 1,219.0,219.0,Pettah
2025-10-31,Nadu 1,219.0,219.0,Pettah
2025-11-03,Nadu 1,219.0,219.0,Pettah
2025-11-04,Nadu 1,217.0,217.0,Pettah
2025-11-06,Nadu 1,218.0,218.0,Pettah
2025-11-07,Nadu 1,220.2,220.2,Pettah
2025-11-10,Nadu 1,221.2,221.2,Pettah
2025-11-11,Nadu 1,220.2,220.2,Pettah
2025-11-12,Nadu 1,218.6,218.6,Pettah
2025-11-13,Nadu 1,217.0,217.0,Pettah
2025-11-14,Nadu 1,218.6,218.6,Pettah
2025-11-17,Nadu 1,218.6,218.6,Pettah
2025-11-18,Nadu 1,218.6,218.6,Pettah
2025-11-19,Nadu 1,218.6,218.6,Pettah
2025-11-20,Nadu 1,218.2,218.2,Pettah
2025-11-21,Nadu 1,218.2,218.2,Pettah
2025-11-24,Nadu 1,220.2,220.2,Pettah
2025-11-25,Nadu 1,220.2,220.2,Pettah
2025-11-26,Nadu 1,220.2,220.2,Pettah
2025-11-27,Nadu 1,217.0,217.0,Pettah
2025-12-01,Nadu 1,220.0,220.0,Pettah
2025-12-02,Nadu 1,219.6,219.6,Pettah
2025-12-03,Nadu 1,220.0,220.0,Pettah
2025-12-05,Nadu 1,222.0,222.0,Pettah
2025-12-08,Nadu 1,223.0,223.0,Pettah
2025-12-09,Nadu 1,223.0,223.0,Pettah
2025-12-10,Nadu 1,223.0,223.0,Pettah
2025-12-11,Nadu 1,227.0,227.0,Pettah
2025-12-12,Nadu 1,225.0,225.0,Pettah
2025-12-15,Nadu 1,227.0,227.0,Pettah
2025-12-16,Nadu 1,227.0,227.0,Pettah
2025-12-17,Nadu 1,223.0,223.0,Pettah
2025-12-18,Nadu 1,227.0,227.0,Pettah
2025-12-19,Nadu 1,227.6,227.6,Pettah
2025-12-22,Nadu 1,226.6,226.6,Pettah
2025-12-23,Nadu 1,227.6,227.6,Pettah
2025-12-24,Nadu 1,228.25,228.25,Pettah
2025-12-26,Nadu 1,227.0,227.0,Pettah
2025-12-29,Nadu 1,227.0,227.0,Pettah
2025-12-30,Nadu 1,226.25,226.25,Pettah
2025-12-31,Nadu 1,227.0,227.0,Pettah
2026-01-01,Nadu 1,227.5,227.5,Pettah
2026-01-02,Nadu 1,226.25,226.25,Pettah
2026-01-05,Nadu 1,227.5,227.5,Pettah
2026-01-06,Nadu 1,227.0,227.0,Pettah
2026-01-07,Nadu 1,227.5,227.5,Pettah
2026-01-08,Nadu 1,227.5,227.5,Pettah
2026-01-09,Nadu 1,227.5,227.5,Pettah
2026-01-12,Nadu 1,226.25,226.25,Pettah
2026-01-13,Nadu 1,223.5,223.5,Pettah
2026-01-16,Nadu 1,223.8,223.8,Pettah
2026-01-19,Nadu 1,223.8,223.8,Pettah
2026-01-20,Nadu 1,224.4,224.4,Pettah
2026-01-21,Nadu 1,224.4,224.4,Pettah
2026-01-22,Nadu 1,224.4,224.4,Pettah
2026-01-23,Nadu 1,223.8,223.8,Pettah
2026-01-26,Nadu 1,220.8,220.8,Pettah
2026-01-27,Nadu 1,220.8,220.8,Pettah
2026-01-28,Nadu 1,221.2,221.2,Pettah
2026-01-29,Nadu 1,221.8,221.8,Pettah
2026-01-30,Nadu 1,221.4,221.4,Pettah
2026-02-02,Nadu 1,217.0,217.0,Pettah
2026-02-03,Nadu 1,217.0,217.0,Pettah
2026-02-05,Nadu 1,213.8,213.8,Pettah
2026-02-06,Nadu 1,213.4,213.4,Pettah
2026-02-09,Nadu 1,213.4,213.4,Pettah
2026-02-10,Nadu 1,208.0,208.0,Pettah
2026-02-11,Nadu 1,208.0,208.0,Pettah
2026-02-12,Nadu 1,208.0,208.0,Pettah
2026-02-13,Nadu 1,207.0,207.0,Pettah
2026-02-16,Nadu 1,208.0,208.0,Pettah
2026-02-17,Nadu 1,208.0,208.0,Pettah
2026-02-18,Nadu 1,202.0,202.0,Pettah
2026-02-19,Nadu 1,202.0,202.0,Pettah
2026-02-20,Nadu 1,202.0,202.0,Pettah
2026-02-23,Nadu 1,202.0,202.0,Pettah
2026-02-24,Nadu 1,202.0,202.0,Pettah
2026-02-25,Nadu 1,202.0,202.0,Pettah
2026-02-26,Nadu 1,202.0,202.0,Pettah
2026-02-27,Nadu 1,202.0,202.0,Pettah
2026-03-03,Nadu 1,202.0,202.0,Pettah
2026-03-04,Nadu 1,202.0,202.0,Pettah
2026-03-05,Nadu 1,202.0,202.0,Pettah
2026-03-06,Nadu 1,202.0,202.0,Pettah
2026-03-09,Nadu 1,202.0,202.0,Pettah
2026-03-10,Nadu 1,202.0,202.0,Pettah
2026-03-11,Nadu 1,202.0,202.0,Pettah
2026-03-12,Nadu 1,202.0,202.0,Pettah
2026-03-13,Nadu 1,202.0,202.0,Pettah
2026-03-16,Nadu 1,204.0,204.0,Pettah
2026-03-17,Nadu 1,204.0,204.0,Pettah
2026-03-18,Nadu 1,204.0,204.0,Pettah
2026-03-19,Nadu 1,207.0,207.0,Pettah
2026-03-20,Nadu 1,206.25,206.25,Pettah
2026-03-23,Nadu 1,207.5,207.5,Pettah
2026-03-24,Nadu 1,207.5,207.5,Pettah
2026-03-25,Nadu 1,207.5,207.5,Pettah
2026-03-26,Nadu 1,207.5,207.5,Pettah
2026-03-27,Nadu 1,207.5,207.5,Pettah
2026-03-30,Nadu 1,211.0,211.0,Pettah
2026-03-31,Nadu 1,211.0,211.0,Pettah
2026-04-02,Nadu 1,211.0,211.0,Pettah
2026-04-06,Nadu 1,211.0,211.0,Pettah
2026-04-07,Nadu 1,211.0,211.0,Pettah
2026-04-08,Nadu 1,211.0,211.0,Pettah
2026-04-09,Nadu 1,211.0,211.0,Pettah
2026-04-10,Nadu 1,211.0,211.0,Pettah
2026-04-20,Nadu 1,211.0,211.0,Pettah
2026-04-21,Nadu 1,211.0,211.0,Pettah
2026-04-22,Nadu 1,211.0,211.0,Pettah
2026-04-23,Nadu 1,211.0,211.0,Pettah
2026-04-24,Nadu 1,207.0,207.0,Pettah
2026-04-27,Nadu 1,207.0,207.0,Pettah
2026-04-28,Nadu 1,212.0,212.0,Pettah
2026-04-29,Nadu 1,211.0,211.0,Pettah
2026-04-30,Nadu 1,211.0,211.0,Pettah
2026-05-04,Nadu 1,210.8,210.8,Pettah
2026-05-05,Nadu 1,210.8,210.8,Pettah
2026-05-06,Nadu 1,210.8,210.8,Pettah
2026-05-07,Nadu 1,210.8,210.8,Pettah
2026-05-08,Nadu 1,210.8,210.8,Pettah
2026-05-11,Nadu 1,210.8,210.8,Pettah
2026-05-12,Nadu 1,210.8,210.8,Pettah
2026-05-13,Nadu 1,210.8,210.8,Pettah
2026-05-14,Nadu 1,210.8,210.8,Pettah
2026-05-15,Nadu 1,208.0,208.0,Pettah
2026-05-18,Nadu 1,208.0,208.0,Pettah
2026-05-19,Nadu 1,208.0,208.0,Pettah
2026-05-20,Nadu 1,208.0,208.0,Pettah
2026-05-21,Nadu 1,208.0,208.0,Pettah
2026-05-22,Nadu 1,208.0,208.0,Pettah
2026-05-25,Nadu 1,207.0,207.0,Pettah
2026-05-26,Nadu 1,203.0,203.0,Pettah
2026-05-27,Nadu 1,203.0,203.0,Pettah
2026-05-29,Nadu 1,203.0,203.0,Pettah
2026-06-01,Nadu 1,202.0,202.0,Pettah
2026-06-02,Nadu 1,202.0,202.0,Pettah
2026-06-03,Nadu 1,202.0,202.0,Pettah
2026-06-04,Nadu 1,202.0,202.0,Pettah
2026-06-05,Nadu 1,202.0,202.0,Pettah
2026-06-08,Nadu 1,203.0,203.0,Pettah
2026-06-09,Nadu 1,203.0,203.0,Pettah
2026-06-10,Nadu 1,203.0,203.0,Pettah
2026-06-11,Nadu 1,203.0,203.0,Pettah
2026-06-12,Nadu 1,203.0,203.0,Pettah
2026-06-15,Nadu 1,203.0,203.0,Pettah
2026-06-16,Nadu 1,203.0,203.0,Pettah
2026-06-17,Nadu 1,203.0,203.0,Pettah
2026-06-18,Nadu 1,203.0,203.0,Pettah
2026-06-19,Nadu 1,199.0,199.0,Pettah
2026-06-22,Nadu 1,198.0,198.0,Pettah
2026-06-23,Nadu 1,198.0,198.0,Pettah
2026-06-24,Nadu 1,198.0,198.0,Pettah
2026-06-25,Nadu 1,199.0,199.0,Pettah
2026-06-26,Nadu 1,198.0,198.0,Pettah
2026-06-30,Nadu 1,198.0,198.0,Pettah
2026-07-01,Nadu 1,198.0,198.0,Pettah
2026-07-02,Nadu 1,199.0,199.0,Pettah
2026-07-03,Nadu 1,199.0,199.0,Pettah
2026-07-06,Nadu 1,197.6,197.6,Pettah
2026-07-07,Nadu 1,198.0,198.0,Pettah
2026-07-08,Nadu 1,198.0,198.0,Pettah
2026-07-09,Nadu 1,198.0,198.0,Pettah
2026-07-10,Nadu 1,198.0,198.0,Pettah
2026-07-13,Nadu 1,198.0,198.0,Pettah
2026-07-14,Nadu 1,198.0,198.0,Pettah
2026-07-15,Nadu 1,197.5,197.5,Pettah
2026-07-16,Nadu 1,198.0,198.0,Pettah
2026-07-17,Nadu 1,198.0,198.0,Pettah
2026-07-20,Nadu 1,198.0,198.0,Pettah
2026-07-21,Nadu 1,198.0,198.0,Pettah
2026-07-22,Nadu 1,198.0,198.0,Pettah
2026-07-23,Nadu 1,197.5,197.5,Pettah
2026-07-24,Nadu 1,198.0,198.0,Pettah
2026-07-27,Nadu 1,198.0,198.0,Pettah
2026-07-28,Nadu 1,198.0,198.0,Pettah
2026-07-30,Nadu 1,198.0,198.0,Pettah
2026-07-31,Nadu 1,198.0,198.0,Pettah
2026-08-03,Nadu 1,198.0,198.0,Pettah
2026-08-04,Nadu 1,198.0,198.0,Pettah
2026-08-05,Nadu 1,198.0,198.0,Pettah
2026-08-06,Nadu 1,198.0,198.0,Pettah
2026-08-07,Nadu 1,198.0,198.0,Pettah
2015-06-22,Nadu 2,3320.0,66.4,Pettah
2015-06-23,Nadu 2,3300.0,66.0,Pettah
2015-06-24,Nadu 2,3250.0,65.0,Pettah
2015-06-25,Nadu 2,3270.0,65.4,Pettah
2015-06-26,Nadu 2,3260.0,65.2,Pettah
2015-06-29,Nadu 2,3260.0,65.2,Pettah
2015-06-30,Nadu 2,3250.0,65.0,Pettah
2015-07-01,Nadu 2,3290.0,65.8,Pettah
2015-07-02,Nadu 2,3290.0,65.8,Pettah
2015-07-03,Nadu 2,3212.5,64.25,Pettah
2015-07-06,Nadu 2,3230.0,64.6,Pettah
2015-07-09,Nadu 2,3210.0,64.2,Pettah
2015-07-10,Nadu 2,3190.0,63.8,Pettah
2015-07-13,Nadu 2,3180.0,63.6,Pettah
2015-07-14,Nadu 2,3080.0,61.6,Pettah
2015-07-15,Nadu 2,3090.0,61.8,Pettah
2015-07-16,Nadu 2,3030.0,60.6,Pettah
2015-07-17,Nadu 2,3070.0,61.4,Pettah
2015-07-20,Nadu 2,3030.0,60.6,Pettah
2015-07-21,Nadu 2,3030.0,60.6,Pettah
2015-07-22,Nadu 2,3050.0,61.0,Pettah
2015-07-24,Nadu 2,2980.0,59.6,Pettah
2015-07-27,Nadu 2,3010.0,60.2,Pettah
2015-07-28,Nadu 2,3050.0,61.0,Pettah
2015-07-29,Nadu 2,2980.0,59.6,Pettah
2015-07-30,Nadu 2,2980.0,59.6,Pettah
2015-08-03,Nadu 2,2950.0,59.0,Pettah
2015-08-04,Nadu 2,2900.0,58.0,Pettah
2015-08-05,Nadu 2,2900.0,58.0,Pettah
2015-08-06,Nadu 2,2790.0,55.8,Pettah
2015-08-07,Nadu 2,2890.0,57.8,Pettah
2015-08-10,Nadu 2,2880.0,57.6,Pettah
2015-08-11,Nadu 2,2830.0,56.6,Pettah
2015-08-12,Nadu 2,2900.0,58.0,Pettah
2015-08-13,Nadu 2,2920.0,58.4,Pettah
2015-08-14,Nadu 2,2950.0,59.0,Pettah
2015-08-20,Nadu 2,3050.0,61.0,Pettah
2015-08-21,Nadu 2,3050.0,61.0,Pettah
2015-08-24,Nadu 2,3090.0,61.8,Pettah
2015-08-25,Nadu 2,3100.0,62.0,Pettah
2015-08-26,Nadu 2,3130.0,62.6,Pettah
2015-08-27,Nadu 2,3150.0,63.0,Pettah
2015-08-28,Nadu 2,3190.0,63.8,Pettah
2015-08-31,Nadu 2,3190.0,63.8,Pettah
2015-09-01,Nadu 2,3170.0,63.4,Pettah
2015-09-02,Nadu 2,3160.0,63.2,Pettah
2015-09-03,Nadu 2,3160.0,63.2,Pettah
2015-09-04,Nadu 2,3200.0,64.0,Pettah
2015-09-07,Nadu 2,3180.0,63.6,Pettah
2015-09-09,Nadu 2,3210.0,64.2,Pettah
2015-09-10,Nadu 2,3180.0,63.6,Pettah
2015-09-11,Nadu 2,3180.0,63.6,Pettah
2015-09-14,Nadu 2,3220.0,64.4,Pettah
2015-09-16,Nadu 2,3190.0,63.8,Pettah
2015-09-17,Nadu 2,3190.0,63.8,Pettah
2015-09-18,Nadu 2,3190.0,63.8,Pettah
2015-09-21,Nadu 2,3160.0,63.2,Pettah
2015-09-22,Nadu 2,3150.0,63.0,Pettah
2015-09-23,Nadu 2,3170.0,63.4,Pettah
2015-09-25,Nadu 2,3170.0,63.4,Pettah
2015-09-28,Nadu 2,3180.0,63.6,Pettah
2015-09-29,Nadu 2,3180.0,63.6,Pettah
2015-10-01,Nadu 2,3160.0,63.2,Pettah
2015-10-02,Nadu 2,3130.0,62.6,Pettah
2015-10-05,Nadu 2,3180.0,63.6,Pettah
2015-10-06,Nadu 2,3140.0,62.8,Pettah
2015-10-07,Nadu 2,3160.0,63.2,Pettah
2015-10-08,Nadu 2,3180.0,63.6,Pettah
2015-10-09,Nadu 2,3170.0,63.4,Pettah
2015-10-12,Nadu 2,3240.0,64.8,Pettah
2015-10-13,Nadu 2,3233.33,64.6666,Pettah
2015-10-14,Nadu 2,3175.0,63.5,Pettah
2015-10-15,Nadu 2,3310.0,66.2,Pettah
2015-10-16,Nadu 2,3220.0,64.4,Pettah
2015-10-19,Nadu 2,3312.5,66.25,Pettah
2015-10-20,Nadu 2,3312.5,66.25,Pettah
2015-10-21,Nadu 2,3390.0,67.8,Pettah
2015-10-22,Nadu 2,3460.0,69.2,Pettah
2015-10-23,Nadu 2,3440.0,68.8,Pettah
2015-10-26,Nadu 2,3450.0,69.0,Pettah
2015-10-28,Nadu 2,3480.0,69.6,Pettah
2015-10-29,Nadu 2,3460.0,69.2,Pettah
2015-10-30,Nadu 2,3460.0,69.2,Pettah
2015-11-02,Nadu 2,3460.0,69.2,Pettah
2015-11-03,Nadu 2,3480.0,69.6,Pettah
2015-11-04,Nadu 2,3470.0,69.4,Pettah
2015-11-05,Nadu 2,3470.0,69.4,Pettah
2015-11-06,Nadu 2,3470.0,69.4,Pettah
2015-11-09,Nadu 2,3480.0,69.6,Pettah
2015-11-11,Nadu 2,3490.0,69.8,Pettah
2015-11-12,Nadu 2,3450.0,69.0,Pettah
2015-11-13,Nadu 2,3490.0,69.8,Pettah
2015-11-16,Nadu 2,3510.0,70.2,Pettah
2015-11-17,Nadu 2,3510.0,70.2,Pettah
2015-11-18,Nadu 2,3520.0,70.4,Pettah
2015-11-19,Nadu 2,3520.0,70.4,Pettah
2015-11-20,Nadu 2,3540.0,70.8,Pettah
2015-11-23,Nadu 2,3525.0,70.5,Pettah
2015-11-24,Nadu 2,3500.0,70.0,Pettah
2015-11-26,Nadu 2,3540.0,70.8,Pettah
2015-11-27,Nadu 2,3550.0,71.0,Pettah
2015-11-30,Nadu 2,3540.0,70.8,Pettah
2015-12-01,Nadu 2,3550.0,71.0,Pettah
2015-12-02,Nadu 2,3560.0,71.2,Pettah
2015-12-03,Nadu 2,3580.0,71.6,Pettah
2015-12-04,Nadu 2,3570.0,71.4,Pettah
2015-12-07,Nadu 2,3580.0,71.6,Pettah
2015-12-08,Nadu 2,3580.0,71.6,Pettah
2015-12-09,Nadu 2,3590.0,71.8,Pettah
2015-12-10,Nadu 2,3610.0,72.2,Pettah
2015-12-11,Nadu 2,3620.0,72.4,Pettah
2015-12-14,Nadu 2,3580.0,71.6,Pettah
2015-12-15,Nadu 2,3570.0,71.4,Pettah
2015-12-16,Nadu 2,3560.0,71.2,Pettah
2015-12-17,Nadu 2,3560.0,71.2,Pettah
2015-12-18,Nadu 2,3550.0,71.0,Pettah
2015-12-20,Nadu 2,3550.0,71.0,Pettah
2015-12-21,Nadu 2,3550.0,71.0,Pettah
2015-12-22,Nadu 2,3550.0,71.0,Pettah
2015-12-23,Nadu 2,3530.0,70.6,Pettah
2015-12-28,Nadu 2,3540.0,70.8,Pettah
2015-12-29,Nadu 2,3540.0,70.8,Pettah
2015-12-30,Nadu 2,3560.0,71.2,Pettah
2015-12-31,Nadu 2,3560.0,71.2,Pettah
2016-01-04,Nadu 2,3550.0,71.0,Pettah
2016-01-05,Nadu 2,3550.0,71.0,Pettah
2016-01-06,Nadu 2,3540.0,70.8,Pettah
2016-01-07,Nadu 2,3550.0,71.0,Pettah
2016-01-08,Nadu 2,3540.0,70.8,Pettah
2016-01-11,Nadu 2,3550.0,71.0,Pettah
2016-01-12,Nadu 2,3560.0,71.2,Pettah
2016-01-13,Nadu 2,3520.0,70.4,Pettah
2016-01-14,Nadu 2,3510.0,70.2,Pettah
2016-01-18,Nadu 2,3540.0,70.8,Pettah
2016-01-19,Nadu 2,3520.0,70.4,Pettah
2016-01-20,Nadu 2,3530.0,70.6,Pettah
2016-01-21,Nadu 2,3470.0,69.4,Pettah
2016-01-22,Nadu 2,3450.0,69.0,Pettah
2016-01-25,Nadu 2,3450.0,69.0,Pettah
2016-01-26,Nadu 2,3400.0,68.0,Pettah
2016-01-27,Nadu 2,3400.0,68.0,Pettah
2016-01-28,Nadu 2,3450.0,69.0,Pettah
2016-01-29,Nadu 2,3370.0,67.4,Pettah
2016-02-01,Nadu 2,3400.0,68.0,Pettah
2016-02-02,Nadu 2,3280.0,65.6,Pettah
2016-02-03,Nadu 2,3420.0,68.4,Pettah
2016-02-05,Nadu 2,3210.0,64.2,Pettah
2016-02-08,Nadu 2,3210.0,64.2,Pettah
2016-02-09,Nadu 2,3220.0,64.4,Pettah
2016-02-10,Nadu 2,3180.0,63.6,Pettah
2016-02-11,Nadu 2,3230.0,64.6,Pettah
2016-02-12,Nadu 2,3170.0,63.4,Pettah
2016-02-15,Nadu 2,3090.0,61.8,Pettah
2016-02-16,Nadu 2,3040.0,60.8,Pettah
2016-02-17,Nadu 2,3060.0,61.2,Pettah
2016-02-18,Nadu 2,3010.0,60.2,Pettah
2016-02-19,Nadu 2,3030.0,60.6,Pettah
2016-02-23,Nadu 2,3070.0,61.4,Pettah
2016-02-24,Nadu 2,3070.0,61.4,Pettah
2016-02-25,Nadu 2,3030.0,60.6,Pettah
2016-02-26,Nadu 2,3020.0,60.4,Pettah
2016-02-29,Nadu 2,3087.5,61.75,Pettah
2016-03-01,Nadu 2,3050.0,61.0,Pettah
2016-03-02,Nadu 2,3020.0,60.4,Pettah
2016-03-03,Nadu 2,3030.0,60.6,Pettah
2016-03-04,Nadu 2,3020.0,60.4,Pettah
2016-03-08,Nadu 2,2940.0,58.8,Pettah
2016-03-09,Nadu 2,2950.0,59.0,Pettah
2016-03-10,Nadu 2,2940.0,58.8,Pettah
2016-03-11,Nadu 2,2890.0,57.8,Pettah
2016-03-14,Nadu 2,2940.0,58.8,Pettah
2016-03-15,Nadu 2,2950.0,59.0,Pettah
2016-03-16,Nadu 2,2960.0,59.2,Pettah
2016-03-17,Nadu 2,2950.0,59.0,Pettah
2016-03-18,Nadu 2,2960.0,59.2,Pettah
2016-03-21,Nadu 2,2950.0,59.0,Pettah
2016-03-23,Nadu 2,3020.0,60.4,Pettah
2016-03-24,Nadu 2,3040.0,60.8,Pettah
2016-03-28,Nadu 2,3200.0,64.0,Pettah
2016-03-29,Nadu 2,3180.0,63.6,Pettah
2016-03-30,Nadu 2,3170.0,63.4,Pettah
2016-03-31,Nadu 2,3210.0,64.2,Pettah
2016-04-01,Nadu 2,3200.0,64.0,Pettah
2016-04-04,Nadu 2,3150.0,63.0,Pettah
2016-04-05,Nadu 2,3220.0,64.4,Pettah
2016-04-06,Nadu 2,3150.0,63.0,Pettah
2016-04-07,Nadu 2,3250.0,65.0,Pettah
2016-04-08,Nadu 2,3230.0,64.6,Pettah
2016-04-11,Nadu 2,3230.0,64.6,Pettah
2016-04-18,Nadu 2,3220.0,64.4,Pettah
2016-04-19,Nadu 2,3290.0,65.8,Pettah
2016-04-20,Nadu 2,3262.5,65.25,Pettah
2016-04-22,Nadu 2,3320.0,66.4,Pettah
2016-04-25,Nadu 2,3325.0,66.5,Pettah
2016-04-26,Nadu 2,3460.0,69.2,Pettah
2016-04-27,Nadu 2,3440.0,68.8,Pettah
2016-04-28,Nadu 2,3440.0,68.8,Pettah
2016-04-29,Nadu 2,3480.0,69.6,Pettah
2016-05-02,Nadu 2,3480.0,69.6,Pettah
2016-05-03,Nadu 2,3490.0,69.8,Pettah
2016-05-04,Nadu 2,3460.0,69.2,Pettah
2016-05-05,Nadu 2,3470.0,69.4,Pettah
2016-05-06,Nadu 2,3480.0,69.6,Pettah
2016-05-09,Nadu 2,3480.0,69.6,Pettah
2016-05-10,Nadu 2,3510.0,70.2,Pettah
2016-05-11,Nadu 2,3510.0,70.2,Pettah
2016-05-12,Nadu 2,3510.0,70.2,Pettah
2016-05-13,Nadu 2,3510.0,70.2,Pettah
2016-05-16,Nadu 2,3490.0,69.8,Pettah
2016-05-17,Nadu 2,3320.0,66.4,Pettah
2016-05-18,Nadu 2,3490.0,69.8,Pettah
2016-05-19,Nadu 2,3490.0,69.8,Pettah
2016-05-20,Nadu 2,3500.0,70.0,Pettah
2016-05-23,Nadu 2,3460.0,69.2,Pettah
2016-05-24,Nadu 2,3480.0,69.6,Pettah
2016-05-25,Nadu 2,3510.0,70.2,Pettah
2016-05-26,Nadu 2,3540.0,70.8,Pettah
2016-05-27,Nadu 2,3530.0,70.6,Pettah
2016-05-30,Nadu 2,3550.0,71.0,Pettah
2016-05-31,Nadu 2,3512.5,70.25,Pettah
2016-06-01,Nadu 2,3540.0,70.8,Pettah
2016-06-02,Nadu 2,3540.0,70.8,Pettah
2016-06-03,Nadu 2,3530.0,70.6,Pettah
2016-06-06,Nadu 2,3530.0,70.6,Pettah
2016-06-07,Nadu 2,3530.0,70.6,Pettah
2016-06-08,Nadu 2,3540.0,70.8,Pettah
2016-06-09,Nadu 2,3530.0,70.6,Pettah
2016-06-10,Nadu 2,3510.0,70.2,Pettah
2016-06-13,Nadu 2,3480.0,69.6,Pettah
2016-06-14,Nadu 2,3450.0,69.0,Pettah
2016-06-15,Nadu 2,3470.0,69.4,Pettah
2016-06-16,Nadu 2,3430.0,68.6,Pettah
2016-06-17,Nadu 2,3470.0,69.4,Pettah
2016-06-20,Nadu 2,3450.0,69.0,Pettah
2016-06-21,Nadu 2,3460.0,69.2,Pettah
2016-06-22,Nadu 2,3450.0,69.0,Pettah
2016-06-23,Nadu 2,3450.0,69.0,Pettah
2016-06-24,Nadu 2,3420.0,68.4,Pettah
2016-06-27,Nadu 2,3430.0,68.6,Pettah
2016-06-28,Nadu 2,3400.0,68.0,Pettah
2016-06-29,Nadu 2,3420.0,68.4,Pettah
2016-06-30,Nadu 2,3420.0,68.4,Pettah
2016-07-01,Nadu 2,3440.0,68.8,Pettah
2016-07-04,Nadu 2,3430.0,68.6,Pettah
2016-07-05,Nadu 2,3390.0,67.8,Pettah
2016-07-06,Nadu 2,3430.0,68.6,Pettah
2016-07-07,Nadu 2,3430.0,68.6,Pettah
2016-07-08,Nadu 2,3420.0,68.4,Pettah
2016-07-11,Nadu 2,3360.0,67.2,Pettah
2016-07-12,Nadu 2,3410.0,68.2,Pettah
2016-07-13,Nadu 2,3420.0,68.4,Pettah
2016-07-14,Nadu 2,3380.0,67.6,Pettah
2016-07-15,Nadu 2,3360.0,67.2,Pettah
2016-07-18,Nadu 2,3370.0,67.4,Pettah
2016-07-20,Nadu 2,3390.0,67.8,Pettah
2016-07-21,Nadu 2,3420.0,68.4,Pettah
2016-07-22,Nadu 2,3380.0,67.6,Pettah
2016-07-25,Nadu 2,3390.0,67.8,Pettah
2016-07-26,Nadu 2,3380.0,67.6,Pettah
2016-07-27,Nadu 2,3360.0,67.2,Pettah
2016-07-28,Nadu 2,3370.0,67.4,Pettah
2016-07-29,Nadu 2,3360.0,67.2,Pettah
2016-08-01,Nadu 2,3390.0,67.8,Pettah
2016-08-02,Nadu 2,3340.0,66.8,Pettah
2016-08-03,Nadu 2,3360.0,67.2,Pettah
2016-08-04,Nadu 2,3360.0,67.2,Pettah
2016-08-05,Nadu 2,3380.0,67.6,Pettah
2016-08-08,Nadu 2,3360.0,67.2,Pettah
2016-08-09,Nadu 2,3350.0,67.0,Pettah
2016-08-10,Nadu 2,3390.0,67.8,Pettah
2016-08-11,Nadu 2,3360.0,67.2,Pettah
2016-08-12,Nadu 2,3330.0,66.6,Pettah
2016-08-15,Nadu 2,3370.0,67.4,Pettah
2016-08-16,Nadu 2,3320.0,66.4,Pettah
2016-08-18,Nadu 2,3340.0,66.8,Pettah
2016-08-19,Nadu 2,3330.0,66.6,Pettah
2016-08-22,Nadu 2,3300.0,66.0,Pettah
2016-08-23,Nadu 2,3350.0,67.0,Pettah
2016-08-24,Nadu 2,3340.0,66.8,Pettah
2016-08-29,Nadu 2,3240.0,64.8,Pettah
2016-08-30,Nadu 2,3290.0,65.8,Pettah
2016-08-31,Nadu 2,3310.0,66.2,Pettah
2016-09-01,Nadu 2,3320.0,66.4,Pettah
2016-09-02,Nadu 2,3310.0,66.2,Pettah
2016-09-05,Nadu 2,3290.0,65.8,Pettah
2016-09-06,Nadu 2,3280.0,65.6,Pettah
2016-09-07,Nadu 2,3250.0,65.0,Pettah
2016-09-08,Nadu 2,3290.0,65.8,Pettah
2016-09-09,Nadu 2,3260.0,65.2,Pettah
2016-09-13,Nadu 2,3280.0,65.6,Pettah
2016-09-14,Nadu 2,3280.0,65.6,Pettah
2016-09-15,Nadu 2,3290.0,65.8,Pettah
2016-09-19,Nadu 2,3400.0,68.0,Pettah
2016-09-20,Nadu 2,3390.0,67.8,Pettah
2016-09-21,Nadu 2,3360.0,67.2,Pettah
2016-09-22,Nadu 2,3450.0,69.0,Pettah
2016-09-23,Nadu 2,3400.0,68.0,Pettah
2016-09-26,Nadu 2,3420.0,68.4,Pettah
2016-09-27,Nadu 2,3490.0,69.8,Pettah
2016-09-28,Nadu 2,3480.0,69.6,Pettah
2016-09-29,Nadu 2,3490.0,69.8,Pettah
2016-09-30,Nadu 2,3490.0,69.8,Pettah
2016-10-03,Nadu 2,3570.0,71.4,Pettah
2016-10-04,Nadu 2,3590.0,71.8,Pettah
2016-10-05,Nadu 2,3660.0,73.2,Pettah
2016-10-06,Nadu 2,3630.0,72.6,Pettah
2016-10-07,Nadu 2,3580.0,71.6,Pettah
2016-10-10,Nadu 2,3600.0,72.0,Pettah
2016-10-11,Nadu 2,3610.0,72.2,Pettah
2016-10-12,Nadu 2,3720.0,74.4,Pettah
2016-10-13,Nadu 2,3670.0,73.4,Pettah
2016-10-14,Nadu 2,3700.0,74.0,Pettah
2016-10-17,Nadu 2,3730.0,74.6,Pettah
2016-10-18,Nadu 2,3710.0,74.2,Pettah
2016-10-19,Nadu 2,3710.0,74.2,Pettah
2016-10-20,Nadu 2,3720.0,74.4,Pettah
2016-10-21,Nadu 2,3750.0,75.0,Pettah
2016-10-24,Nadu 2,3730.0,74.6,Pettah
2016-10-25,Nadu 2,3720.0,74.4,Pettah
2016-10-26,Nadu 2,3760.0,75.2,Pettah
2016-10-27,Nadu 2,3750.0,75.0,Pettah
2016-10-28,Nadu 2,3740.0,74.8,Pettah
2016-10-31,Nadu 2,3750.0,75.0,Pettah
2016-11-01,Nadu 2,3770.0,75.4,Pettah
2016-11-02,Nadu 2,3780.0,75.6,Pettah
2016-11-03,Nadu 2,3830.0,76.6,Pettah
2016-11-04,Nadu 2,3780.0,75.6,Pettah
2016-11-07,Nadu 2,3880.0,77.6,Pettah
2016-11-08,Nadu 2,3850.0,77.0,Pettah
2016-11-09,Nadu 2,3840.0,76.8,Pettah
2016-11-10,Nadu 2,3870.0,77.4,Pettah
2016-11-11,Nadu 2,3850.0,77.0,Pettah
2016-11-15,Nadu 2,3790.0,75.8,Pettah
2016-11-16,Nadu 2,3930.0,78.6,Pettah
2016-11-17,Nadu 2,3930.0,78.6,Pettah
2016-11-18,Nadu 2,3900.0,78.0,Pettah
2016-11-21,Nadu 2,3990.0,79.8,Pettah
2016-11-22,Nadu 2,4090.0,81.8,Pettah
2016-11-23,Nadu 2,4158.33,83.1666,Pettah
2016-11-24,Nadu 2,4110.0,82.2,Pettah
2016-11-25,Nadu 2,4120.0,82.4,Pettah
2016-11-28,Nadu 2,4070.0,81.4,Pettah
2016-11-29,Nadu 2,4130.0,82.6,Pettah
2016-11-30,Nadu 2,4140.0,82.8,Pettah
2016-12-01,Nadu 2,4190.0,83.8,Pettah
2016-12-02,Nadu 2,4190.0,83.8,Pettah
2016-12-05,Nadu 2,4200.0,84.0,Pettah
2016-12-06,Nadu 2,4190.0,83.8,Pettah
2016-12-07,Nadu 2,4160.0,83.2,Pettah
2016-12-08,Nadu 2,4180.0,83.6,Pettah
2016-12-09,Nadu 2,4220.0,84.4,Pettah
2016-12-14,Nadu 2,4300.0,86.0,Pettah
2016-12-15,Nadu 2,4290.0,85.8,Pettah
2016-12-16,Nadu 2,4380.0,87.6,Pettah
2016-12-19,Nadu 2,4350.0,87.0,Pettah
2016-12-20,Nadu 2,4383.33,87.6666,Pettah
2016-12-21,Nadu 2,4383.33,87.6666,Pettah
2016-12-22,Nadu 2,4380.0,87.6,Pettah
2016-12-23,Nadu 2,4420.0,88.4,Pettah
2016-12-26,Nadu 2,4420.0,88.4,Pettah
2016-12-27,Nadu 2,4520.0,90.4,Pettah
2016-12-28,Nadu 2,4620.0,92.4,Pettah
2016-12-29,Nadu 2,4410.0,88.2,Pettah
2016-12-30,Nadu 2,4370.0,87.4,Pettah
2017-01-02,Nadu 2,4470.0,89.4,Pettah
2017-01-03,Nadu 2,4460.0,89.2,Pettah
2017-01-04,Nadu 2,4500.0,90.0,Pettah
2017-01-05,Nadu 2,4470.0,89.4,Pettah
2017-01-06,Nadu 2,4500.0,90.0,Pettah
2017-01-09,Nadu 2,4500.0,90.0,Pettah
2017-01-10,Nadu 2,4520.0,90.4,Pettah
2017-01-11,Nadu 2,4500.0,90.0,Pettah
2017-01-13,Nadu 2,4460.0,89.2,Pettah
2017-01-16,Nadu 2,4460.0,89.2,Pettah
2017-01-17,Nadu 2,4500.0,90.0,Pettah
2017-01-18,Nadu 2,4460.0,89.2,Pettah
2017-01-19,Nadu 2,4470.0,89.4,Pettah
2017-01-20,Nadu 2,4500.0,90.0,Pettah
2017-01-23,Nadu 2,4500.0,90.0,Pettah
2017-01-24,Nadu 2,4466.67,89.3334,Pettah
2017-01-25,Nadu 2,4400.0,88.0,Pettah
2017-01-26,Nadu 2,4587.5,91.75,Pettah
2017-01-27,Nadu 2,4533.33,90.6666,Pettah
2017-01-30,Nadu 2,4500.0,90.0,Pettah
2017-01-31,Nadu 2,4650.0,93.0,Pettah
2017-03-01,Nadu 2,3462.5,69.25,Pettah
2017-03-02,Nadu 2,,,Pettah
2017-03-03,Nadu 2,,,Pettah
2017-03-06,Nadu 2,,,Pettah
2017-03-07,Nadu 2,,,Pettah
2017-03-08,Nadu 2,,,Pettah
2017-03-09,Nadu 2,,,Pettah
2017-03-10,Nadu 2,3800.0,76.0,Pettah
2017-03-13,Nadu 2,3800.0,76.0,Pettah
2017-03-14,Nadu 2,,,Pettah
2017-03-15,Nadu 2,,,Pettah
2017-03-16,Nadu 2,,,Pettah
2017-03-17,Nadu 2,,,Pettah
2017-03-20,Nadu 2,,,Pettah
2017-03-21,Nadu 2,,,Pettah
2017-03-22,Nadu 2,,,Pettah
2017-03-23,Nadu 2,3880.0,77.6,Pettah
2017-03-24,Nadu 2,3910.0,78.2,Pettah
2017-03-27,Nadu 2,3950.0,79.0,Pettah
2017-03-28,Nadu 2,3950.0,79.0,Pettah
2017-03-29,Nadu 2,3950.0,79.0,Pettah
2017-03-30,Nadu 2,3900.0,78.0,Pettah
2017-03-31,Nadu 2,3960.0,79.2,Pettah
2017-04-03,Nadu 2,3970.0,79.4,Pettah
2017-04-04,Nadu 2,3940.0,78.8,Pettah
2017-04-05,Nadu 2,3950.0,79.0,Pettah
2017-04-06,Nadu 2,3950.0,79.0,Pettah
2017-04-07,Nadu 2,3950.0,79.0,Pettah
2017-04-11,Nadu 2,3970.0,79.4,Pettah
2017-04-12,Nadu 2,3930.0,78.6,Pettah
2017-04-17,Nadu 2,3940.0,78.8,Pettah
2017-04-18,Nadu 2,3940.0,78.8,Pettah
2017-04-19,Nadu 2,3950.0,79.0,Pettah
2017-04-20,Nadu 2,3930.0,78.6,Pettah
2017-04-21,Nadu 2,3930.0,78.6,Pettah
2017-04-24,Nadu 2,3910.0,78.2,Pettah
2017-04-25,Nadu 2,3910.0,78.2,Pettah
2017-04-26,Nadu 2,4000.0,80.0,Pettah
2017-04-27,Nadu 2,4083.33,81.6666,Pettah
2017-04-28,Nadu 2,4150.0,83.0,Pettah
2017-05-02,Nadu 2,4100.0,82.0,Pettah
2017-05-03,Nadu 2,4300.0,86.0,Pettah
2017-05-04,Nadu 2,4220.0,84.4,Pettah
2017-05-05,Nadu 2,4220.0,84.4,Pettah
2017-05-08,Nadu 2,4200.0,84.0,Pettah
2017-05-09,Nadu 2,4140.0,82.8,Pettah
2017-05-12,Nadu 2,4233.33,84.6666,Pettah
2017-05-15,Nadu 2,4233.33,84.6666,Pettah
2017-05-16,Nadu 2,4100.0,82.0,Pettah
2017-05-17,Nadu 2,4320.0,86.4,Pettah
2017-05-18,Nadu 2,4280.0,85.6,Pettah
2017-05-19,Nadu 2,4280.0,85.6,Pettah
2017-05-23,Nadu 2,4210.0,84.2,Pettah
2017-05-24,Nadu 2,4210.0,84.2,Pettah
2017-05-25,Nadu 2,4240.0,84.8,Pettah
2017-05-26,Nadu 2,4260.0,85.2,Pettah
2017-05-29,Nadu 2,4458.33,89.1666,Pettah
2017-05-30,Nadu 2,4240.0,84.8,Pettah
2017-05-31,Nadu 2,4320.0,86.4,Pettah
2017-06-02,Nadu 2,4350.0,87.0,Pettah
2017-06-05,Nadu 2,4500.0,90.0,Pettah
2017-06-06,Nadu 2,4250.0,85.0,Pettah
2017-06-07,Nadu 2,4510.0,90.2,Pettah
2017-06-09,Nadu 2,4490.0,89.8,Pettah
2017-06-12,Nadu 2,4520.0,90.4,Pettah
2017-06-13,Nadu 2,4420.0,88.4,Pettah
2017-06-14,Nadu 2,4370.0,87.4,Pettah
2017-06-15,Nadu 2,4480.0,89.6,Pettah
2017-06-16,Nadu 2,4380.0,87.6,Pettah
2017-06-19,Nadu 2,4510.0,90.2,Pettah
2017-06-20,Nadu 2,4587.5,91.75,Pettah
2017-06-21,Nadu 2,4550.0,91.0,Pettah
2017-06-22,Nadu 2,4460.0,89.2,Pettah
2017-06-23,Nadu 2,4460.0,89.2,Pettah
2017-06-27,Nadu 2,4490.0,89.8,Pettah
2017-06-28,Nadu 2,4490.0,89.8,Pettah
2017-06-29,Nadu 2,4240.0,84.8,Pettah
2017-06-30,Nadu 2,4270.0,85.4,Pettah
2017-07-03,Nadu 2,4270.0,85.4,Pettah
2017-07-04,Nadu 2,4233.33,84.6666,Pettah
2017-07-05,Nadu 2,4216.67,84.3334,Pettah
2017-07-06,Nadu 2,4225.0,84.5,Pettah
2017-07-07,Nadu 2,4041.67,80.8334,Pettah
2017-07-10,Nadu 2,4183.33,83.6666,Pettah
2017-07-11,Nadu 2,4008.33,80.1666,Pettah
2017-07-12,Nadu 2,4175.0,83.5,Pettah
2017-07-13,Nadu 2,4216.67,84.3334,Pettah
2017-07-14,Nadu 2,4225.0,84.5,Pettah
2017-07-17,Nadu 2,4191.67,83.8334,Pettah
2017-07-18,Nadu 2,4158.33,83.1666,Pettah
2017-07-19,Nadu 2,4200.0,84.0,Pettah
2017-07-20,Nadu 2,4200.0,84.0,Pettah
2017-07-21,Nadu 2,4216.67,84.3334,Pettah
2017-07-24,Nadu 2,3966.67,79.3334,Pettah
2017-07-25,Nadu 2,4191.67,83.8334,Pettah
2017-07-26,Nadu 2,4075.0,81.5,Pettah
2017-07-27,Nadu 2,4175.0,83.5,Pettah
2017-07-28,Nadu 2,4191.67,83.8334,Pettah
2017-07-31,Nadu 2,4233.33,84.6666,Pettah
2017-08-01,Nadu 2,4216.67,84.3334,Pettah
2017-08-02,Nadu 2,4125.0,82.5,Pettah
2017-08-03,Nadu 2,3883.33,77.6666,Pettah
2017-08-04,Nadu 2,4200.0,84.0,Pettah
2017-08-08,Nadu 2,4175.0,83.5,Pettah
2017-08-09,Nadu 2,4216.67,84.3334,Pettah
2017-08-10,Nadu 2,4208.33,84.1666,Pettah
2017-08-11,Nadu 2,4166.67,83.3334,Pettah
2017-08-14,Nadu 2,4191.67,83.8334,Pettah
2017-08-15,Nadu 2,4158.33,83.1666,Pettah
2017-08-16,Nadu 2,4175.0,83.5,Pettah
2017-08-17,Nadu 2,4208.33,84.1666,Pettah
2017-08-18,Nadu 2,4183.33,83.6666,Pettah
2017-08-21,Nadu 2,4175.0,83.5,Pettah
2017-08-22,Nadu 2,4150.0,83.0,Pettah
2017-08-23,Nadu 2,4180.0,83.6,Pettah
2017-08-24,Nadu 2,4170.0,83.4,Pettah
2017-08-25,Nadu 2,4200.0,84.0,Pettah
2017-08-28,Nadu 2,4175.0,83.5,Pettah
2017-08-29,Nadu 2,4200.0,84.0,Pettah
2017-08-30,Nadu 2,4200.0,84.0,Pettah
2017-08-31,Nadu 2,4191.67,83.8334,Pettah
2017-09-04,Nadu 2,4241.67,84.8334,Pettah
2017-09-06,Nadu 2,4150.0,83.0,Pettah
2017-09-07,Nadu 2,4200.0,84.0,Pettah
2017-09-08,Nadu 2,4225.0,84.5,Pettah
2017-09-11,Nadu 2,4191.67,83.8334,Pettah
2017-09-12,Nadu 2,4266.67,85.3334,Pettah
2017-09-13,Nadu 2,4266.67,85.3334,Pettah
2017-09-14,Nadu 2,4275.0,85.5,Pettah
2017-09-15,Nadu 2,4258.33,85.1666,Pettah
2017-09-18,Nadu 2,4225.0,84.5,Pettah
2017-09-19,Nadu 2,4433.33,88.6666,Pettah
2017-09-20,Nadu 2,4275.0,85.5,Pettah
2017-09-21,Nadu 2,4375.0,87.5,Pettah
2017-09-22,Nadu 2,4408.33,88.1666,Pettah
2017-09-25,Nadu 2,4341.67,86.8334,Pettah
2017-09-26,Nadu 2,4441.67,88.8334,Pettah
2017-09-27,Nadu 2,4408.33,88.1666,Pettah
2017-09-28,Nadu 2,4341.67,86.8334,Pettah
2017-09-29,Nadu 2,4341.67,86.8334,Pettah
2017-10-02,Nadu 2,4425.0,88.5,Pettah
2017-10-03,Nadu 2,4483.33,89.6666,Pettah
2017-10-04,Nadu 2,4400.0,88.0,Pettah
2017-10-06,Nadu 2,4483.33,89.6666,Pettah
2017-10-09,Nadu 2,4583.33,91.6666,Pettah
2017-10-10,Nadu 2,4466.67,89.3334,Pettah
2017-10-11,Nadu 2,4366.67,87.3334,Pettah
2017-10-12,Nadu 2,4508.33,90.1666,Pettah
2017-10-13,Nadu 2,4425.0,88.5,Pettah
2017-10-16,Nadu 2,4483.33,89.6666,Pettah
2017-10-17,Nadu 2,4458.33,89.1666,Pettah
2017-10-19,Nadu 2,4458.33,89.1666,Pettah
2017-10-20,Nadu 2,4458.33,89.1666,Pettah
2017-10-23,Nadu 2,4566.67,91.3334,Pettah
2017-10-24,Nadu 2,4658.33,93.1666,Pettah
2017-10-25,Nadu 2,4616.67,92.3334,Pettah
2017-10-26,Nadu 2,4583.33,91.6666,Pettah
2017-10-27,Nadu 2,4616.67,92.3334,Pettah
2017-10-30,Nadu 2,4441.67,88.8334,Pettah
2017-10-31,Nadu 2,4650.0,93.0,Pettah
2017-11-01,Nadu 2,4516.67,90.3334,Pettah
2017-11-02,Nadu 2,4525.0,90.5,Pettah
2017-11-06,Nadu 2,4500.0,90.0,Pettah
2017-11-07,Nadu 2,4508.33,90.1666,Pettah
2017-11-08,Nadu 2,4508.33,90.1666,Pettah
2017-11-09,Nadu 2,4525.0,90.5,Pettah
2017-11-10,Nadu 2,4483.33,89.6666,Pettah
2017-11-13,Nadu 2,4483.33,89.6666,Pettah
2017-11-14,Nadu 2,4491.67,89.8334,Pettah
2017-11-15,Nadu 2,4520.0,90.4,Pettah
2017-11-16,Nadu 2,4516.67,90.3334,Pettah
2017-11-17,Nadu 2,4475.0,89.5,Pettah
2017-11-20,Nadu 2,4458.33,89.1666,Pettah
2017-11-21,Nadu 2,4541.67,90.8334,Pettah
2017-11-22,Nadu 2,4475.0,89.5,Pettah
2017-11-23,Nadu 2,4516.67,90.3334,Pettah
2017-11-24,Nadu 2,4516.67,90.3334,Pettah
2017-11-27,Nadu 2,4541.67,90.8334,Pettah
2017-11-28,Nadu 2,4566.67,91.3334,Pettah
2017-11-29,Nadu 2,4530.0,90.6,Pettah
2017-11-30,Nadu 2,4525.0,90.5,Pettah
2017-12-04,Nadu 2,4670.0,93.4,Pettah
2017-12-05,Nadu 2,4650.0,93.0,Pettah
2017-12-06,Nadu 2,4700.0,94.0,Pettah
2017-12-07,Nadu 2,4760.0,95.2,Pettah
2017-12-08,Nadu 2,4720.0,94.4,Pettah
2017-12-11,Nadu 2,4716.67,94.3334,Pettah
2017-12-12,Nadu 2,4730.0,94.6,Pettah
2017-12-13,Nadu 2,4710.0,94.2,Pettah
2017-12-14,Nadu 2,4770.0,95.4,Pettah
2017-12-15,Nadu 2,4760.0,95.2,Pettah
2017-12-18,Nadu 2,4730.0,94.6,Pettah
2017-12-19,Nadu 2,4660.0,93.2,Pettah
2017-12-20,Nadu 2,4640.0,92.8,Pettah
2017-12-21,Nadu 2,4660.0,93.2,Pettah
2017-12-22,Nadu 2,4700.0,94.0,Pettah
2017-12-26,Nadu 2,4741.67,94.8334,Pettah
2017-12-27,Nadu 2,4750.0,95.0,Pettah
2017-12-28,Nadu 2,4750.0,95.0,Pettah
2017-12-29,Nadu 2,4740.0,94.8,Pettah
2018-01-02,Nadu 2,4733.33,94.6666,Pettah
2018-01-03,Nadu 2,4737.5,94.75,Pettah
2018-01-04,Nadu 2,4640.0,92.8,Pettah
2018-01-05,Nadu 2,4700.0,94.0,Pettah
2018-01-08,Nadu 2,4675.0,93.5,Pettah
2018-01-09,Nadu 2,4690.0,93.8,Pettah
2018-01-10,Nadu 2,4710.0,94.2,Pettah
2018-01-11,Nadu 2,4590.0,91.8,Pettah
2018-01-12,Nadu 2,4640.0,92.8,Pettah
2018-01-15,Nadu 2,4750.0,95.0,Pettah
2018-01-16,Nadu 2,4625.0,92.5,Pettah
2018-01-17,Nadu 2,4616.67,92.3334,Pettah
2018-01-18,Nadu 2,4562.5,91.25,Pettah
2018-01-19,Nadu 2,4512.5,90.25,Pettah
2018-01-22,Nadu 2,4400.0,88.0,Pettah
2018-01-23,Nadu 2,4360.0,87.2,Pettah
2018-01-24,Nadu 2,4360.0,87.2,Pettah
2018-01-25,Nadu 2,3980.0,79.6,Pettah
2018-01-26,Nadu 2,4000.0,80.0,Pettah
2018-01-29,Nadu 2,3810.0,76.2,Pettah
2018-01-30,Nadu 2,3780.0,75.6,Pettah
2018-02-01,Nadu 2,3700.0,74.0,Pettah
2018-02-02,Nadu 2,3730.0,74.6,Pettah
2018-02-05,Nadu 2,3670.0,73.4,Pettah
2018-02-07,Nadu 2,3640.0,72.8,Pettah
2018-02-08,Nadu 2,3690.0,73.8,Pettah
2018-02-09,Nadu 2,3750.0,75.0,Pettah
2018-02-12,Nadu 2,3660.0,73.2,Pettah
2018-02-14,Nadu 2,3900.0,78.0,Pettah
2018-02-15,Nadu 2,3640.0,72.8,Pettah
2018-02-16,Nadu 2,3600.0,72.0,Pettah
2018-02-19,Nadu 2,3690.0,73.8,Pettah
2018-02-20,Nadu 2,3690.0,73.8,Pettah
2018-02-21,Nadu 2,3770.0,75.4,Pettah
2018-02-22,Nadu 2,3690.0,73.8,Pettah
2018-02-23,Nadu 2,3740.0,74.8,Pettah
2018-02-26,Nadu 2,3990.0,79.8,Pettah
2018-02-27,Nadu 2,3860.0,77.2,Pettah
2018-02-28,Nadu 2,3860.0,77.2,Pettah
2018-03-02,Nadu 2,3930.0,78.6,Pettah
2018-03-05,Nadu 2,3880.0,77.6,Pettah
2018-03-06,Nadu 2,3790.0,75.8,Pettah
2018-03-07,Nadu 2,3910.0,78.2,Pettah
2018-03-08,Nadu 2,3880.0,77.6,Pettah
2018-03-09,Nadu 2,3900.0,78.0,Pettah
2018-03-12,Nadu 2,3980.0,79.6,Pettah
2018-03-13,Nadu 2,3910.0,78.2,Pettah
2018-03-14,Nadu 2,3980.0,79.6,Pettah
2018-03-15,Nadu 2,3980.0,79.6,Pettah
2018-03-16,Nadu 2,3790.0,75.8,Pettah
2018-03-19,Nadu 2,4000.0,80.0,Pettah
2018-03-20,Nadu 2,3920.0,78.4,Pettah
2018-03-21,Nadu 2,4040.0,80.8,Pettah
2018-03-22,Nadu 2,4040.0,80.8,Pettah
2018-03-23,Nadu 2,4030.0,80.6,Pettah
2018-03-26,Nadu 2,3990.0,79.8,Pettah
2018-03-27,Nadu 2,3970.0,79.4,Pettah
2018-03-28,Nadu 2,3820.0,76.4,Pettah
2018-04-02,Nadu 2,3790.0,75.8,Pettah
2018-04-03,Nadu 2,3780.0,75.6,Pettah
2018-04-04,Nadu 2,3810.0,76.2,Pettah
2018-04-05,Nadu 2,3770.0,75.4,Pettah
2018-04-06,Nadu 2,3760.0,75.2,Pettah
2018-04-09,Nadu 2,3700.0,74.0,Pettah
2018-04-10,Nadu 2,3760.0,75.2,Pettah
2018-04-11,Nadu 2,3770.0,75.4,Pettah
2018-04-12,Nadu 2,3730.0,74.6,Pettah
2018-04-17,Nadu 2,3730.0,74.6,Pettah
2018-04-18,Nadu 2,3760.0,75.2,Pettah
2018-04-19,Nadu 2,3770.0,75.4,Pettah
2018-04-20,Nadu 2,3770.0,75.4,Pettah
2018-04-23,Nadu 2,3780.0,75.6,Pettah
2018-04-24,Nadu 2,3760.0,75.2,Pettah
2018-04-25,Nadu 2,3750.0,75.0,Pettah
2018-04-26,Nadu 2,3760.0,75.2,Pettah
2018-04-27,Nadu 2,3750.0,75.0,Pettah
2018-05-01,Nadu 2,3970.0,79.4,Pettah
2018-05-02,Nadu 2,3760.0,75.2,Pettah
2018-05-03,Nadu 2,3760.0,75.2,Pettah
2018-05-04,Nadu 2,3780.0,75.6,Pettah
2018-05-08,Nadu 2,3780.0,75.6,Pettah
2018-05-09,Nadu 2,3780.0,75.6,Pettah
2018-05-10,Nadu 2,3750.0,75.0,Pettah
2018-05-11,Nadu 2,3750.0,75.0,Pettah
2018-05-14,Nadu 2,3730.0,74.6,Pettah
2018-05-15,Nadu 2,3720.0,74.4,Pettah
2018-05-16,Nadu 2,3980.0,79.6,Pettah
2018-05-17,Nadu 2,3960.0,79.2,Pettah
2018-05-21,Nadu 2,3730.0,74.6,Pettah
2018-05-22,Nadu 2,3740.0,74.8,Pettah
2018-05-23,Nadu 2,3740.0,74.8,Pettah
2018-05-24,Nadu 2,3740.0,74.8,Pettah
2018-05-25,Nadu 2,3740.0,74.8,Pettah
2018-05-28,Nadu 2,3760.0,75.2,Pettah
2018-05-30,Nadu 2,3740.0,74.8,Pettah
2018-05-31,Nadu 2,3730.0,74.6,Pettah
2018-06-05,Nadu 2,3710.0,74.2,Pettah
2018-06-06,Nadu 2,3730.0,74.6,Pettah
2018-06-07,Nadu 2,3720.0,74.4,Pettah
2018-06-08,Nadu 2,3730.0,74.6,Pettah
2018-06-11,Nadu 2,3700.0,74.0,Pettah
2018-06-12,Nadu 2,3690.0,73.8,Pettah
2018-06-13,Nadu 2,3690.0,73.8,Pettah
2018-06-14,Nadu 2,3690.0,73.8,Pettah
2018-06-18,Nadu 2,3710.0,74.2,Pettah
2018-06-19,Nadu 2,3710.0,74.2,Pettah
2018-06-20,Nadu 2,3690.0,73.8,Pettah
2018-06-21,Nadu 2,3690.0,73.8,Pettah
2018-06-22,Nadu 2,3680.0,73.6,Pettah
2018-06-25,Nadu 2,3650.0,73.0,Pettah
2018-06-26,Nadu 2,3650.0,73.0,Pettah
2018-06-28,Nadu 2,3670.0,73.4,Pettah
2018-06-29,Nadu 2,3620.0,72.4,Pettah
2018-07-02,Nadu 2,3580.0,71.6,Pettah
2018-07-03,Nadu 2,3530.0,70.6,Pettah
2018-07-04,Nadu 2,3570.0,71.4,Pettah
2018-07-05,Nadu 2,3560.0,71.2,Pettah
2018-07-06,Nadu 2,3590.0,71.8,Pettah
2018-07-09,Nadu 2,3530.0,70.6,Pettah
2018-07-10,Nadu 2,3520.0,70.4,Pettah
2018-07-11,Nadu 2,3540.0,70.8,Pettah
2018-07-12,Nadu 2,3520.0,70.4,Pettah
2018-07-13,Nadu 2,3520.0,70.4,Pettah
2018-07-16,Nadu 2,3540.0,70.8,Pettah
2018-07-17,Nadu 2,3520.0,70.4,Pettah
2018-07-18,Nadu 2,3490.0,69.8,Pettah
2018-07-19,Nadu 2,3470.0,69.4,Pettah
2018-07-20,Nadu 2,3510.0,70.2,Pettah
2018-07-23,Nadu 2,3120.0,62.4,Pettah
2018-07-24,Nadu 2,3120.0,62.4,Pettah
2018-07-25,Nadu 2,3110.0,62.2,Pettah
2018-07-26,Nadu 2,3160.0,63.2,Pettah
2018-07-30,Nadu 2,3130.0,62.6,Pettah
2018-07-31,Nadu 2,3170.0,63.4,Pettah
2018-08-01,Nadu 2,3240.0,64.8,Pettah
2018-08-02,Nadu 2,3220.0,64.4,Pettah
2018-08-03,Nadu 2,3240.0,64.8,Pettah
2018-08-06,Nadu 2,3520.0,70.4,Pettah
2018-08-07,Nadu 2,3660.0,73.2,Pettah
2018-08-08,Nadu 2,3610.0,72.2,Pettah
2018-08-09,Nadu 2,3830.0,76.6,Pettah
2018-08-10,Nadu 2,3850.0,77.0,Pettah
2018-08-13,Nadu 2,3870.0,77.4,Pettah
2018-08-14,Nadu 2,3910.0,78.2,Pettah
2018-08-15,Nadu 2,3930.0,78.6,Pettah
2018-08-16,Nadu 2,3850.0,77.0,Pettah
2018-08-17,Nadu 2,3870.0,77.4,Pettah
2018-08-20,Nadu 2,3900.0,78.0,Pettah
2018-08-21,Nadu 2,3920.0,78.4,Pettah
2018-08-23,Nadu 2,3370.0,67.4,Pettah
2018-08-24,Nadu 2,3400.0,68.0,Pettah
2018-08-27,Nadu 2,3320.0,66.4,Pettah
2018-08-28,Nadu 2,3360.0,67.2,Pettah
2018-08-29,Nadu 2,3380.0,67.6,Pettah
2018-09-03,Nadu 2,3350.0,67.0,Pettah
2018-09-04,Nadu 2,3350.0,67.0,Pettah
2018-09-05,Nadu 2,3370.0,67.4,Pettah
2018-09-06,Nadu 2,3620.0,72.4,Pettah
2018-09-07,Nadu 2,3830.0,76.6,Pettah
2018-09-10,Nadu 2,3880.0,77.6,Pettah
2018-09-11,Nadu 2,3370.0,67.4,Pettah
2018-09-12,Nadu 2,3340.0,66.8,Pettah
2018-09-13,Nadu 2,3850.0,77.0,Pettah
2018-09-14,Nadu 2,3860.0,77.2,Pettah
2018-09-17,Nadu 2,3850.0,77.0,Pettah
2018-09-18,Nadu 2,3340.0,66.8,Pettah
2018-09-19,Nadu 2,3600.0,72.0,Pettah
2018-09-20,Nadu 2,3840.0,76.8,Pettah
2018-09-21,Nadu 2,3870.0,77.4,Pettah
2018-09-25,Nadu 2,3880.0,77.6,Pettah
2018-09-26,Nadu 2,3350.0,67.0,Pettah
2018-09-27,Nadu 2,3350.0,67.0,Pettah
2018-09-28,Nadu 2,3830.0,76.6,Pettah
2018-10-01,Nadu 2,3390.0,67.8,Pettah
2018-10-02,Nadu 2,3340.0,66.8,Pettah
2018-10-03,Nadu 2,3930.0,78.6,Pettah
2018-10-04,Nadu 2,3950.0,79.0,Pettah
2018-10-05,Nadu 2,3950.0,79.0,Pettah
2018-10-08,Nadu 2,3950.0,79.0,Pettah
2018-10-09,Nadu 2,3990.0,79.8,Pettah
2018-10-10,Nadu 2,4020.0,80.4,Pettah
2018-10-11,Nadu 2,4010.0,80.2,Pettah
2018-10-12,Nadu 2,3990.0,79.8,Pettah
2018-10-15,Nadu 2,4020.0,80.4,Pettah
2018-10-16,Nadu 2,4020.0,80.4,Pettah
2018-10-17,Nadu 2,4020.0,80.4,Pettah
2018-10-18,Nadu 2,4030.0,80.6,Pettah
2018-10-19,Nadu 2,4000.0,80.0,Pettah
2018-10-22,Nadu 2,3990.0,79.8,Pettah
2018-10-23,Nadu 2,4020.0,80.4,Pettah
2018-10-25,Nadu 2,3990.0,79.8,Pettah
2018-10-26,Nadu 2,3990.0,79.8,Pettah
2018-10-29,Nadu 2,4000.0,80.0,Pettah
2018-10-30,Nadu 2,4060.0,81.2,Pettah
2018-10-31,Nadu 2,4020.0,80.4,Pettah
2018-11-01,Nadu 2,4070.0,81.4,Pettah
2018-11-02,Nadu 2,4020.0,80.4,Pettah
2018-11-05,Nadu 2,4060.0,81.2,Pettah
2018-11-07,Nadu 2,4040.0,80.8,Pettah
2018-11-08,Nadu 2,4060.0,81.2,Pettah
2018-11-09,Nadu 2,4050.0,81.0,Pettah
2018-11-12,Nadu 2,4050.0,81.0,Pettah
2018-11-13,Nadu 2,4050.0,81.0,Pettah
2018-11-14,Nadu 2,4050.0,81.0,Pettah
2018-11-15,Nadu 2,4060.0,81.2,Pettah
2018-11-16,Nadu 2,4040.0,80.8,Pettah
2018-11-19,Nadu 2,4100.0,82.0,Pettah
2018-11-21,Nadu 2,4100.0,82.0,Pettah
2018-11-23,Nadu 2,4110.0,82.2,Pettah
2018-11-26,Nadu 2,4180.0,83.6,Pettah
2018-11-27,Nadu 2,4160.0,83.2,Pettah
2018-11-28,Nadu 2,4120.0,82.4,Pettah
2018-11-29,Nadu 2,4230.0,84.6,Pettah
2018-11-30,Nadu 2,4200.0,84.0,Pettah
2018-12-03,Nadu 2,3540.0,70.8,Pettah
2018-12-04,Nadu 2,4210.0,84.2,Pettah
2018-12-05,Nadu 2,4240.0,84.8,Pettah
2018-12-06,Nadu 2,4250.0,85.0,Pettah
2018-12-07,Nadu 2,4240.0,84.8,Pettah
2018-12-10,Nadu 2,4190.0,83.8,Pettah
2018-12-11,Nadu 2,4250.0,85.0,Pettah
2018-12-12,Nadu 2,4230.0,84.6,Pettah
2018-12-13,Nadu 2,4270.0,85.4,Pettah
2018-12-14,Nadu 2,4270.0,85.4,Pettah
2018-12-17,Nadu 2,4270.0,85.4,Pettah
2018-12-18,Nadu 2,4280.0,85.6,Pettah
2018-12-19,Nadu 2,4240.0,84.8,Pettah
2018-12-20,Nadu 2,4260.0,85.2,Pettah
2018-12-21,Nadu 2,4260.0,85.2,Pettah
2018-12-24,Nadu 2,4280.0,85.6,Pettah
2018-12-26,Nadu 2,4270.0,85.4,Pettah
2018-12-27,Nadu 2,4390.0,87.8,Pettah
2018-12-28,Nadu 2,4280.0,85.6,Pettah
2018-12-31,Nadu 2,4270.0,85.4,Pettah
2019-01-01,Nadu 2,4280.0,85.6,Pettah
2019-01-02,Nadu 2,4270.0,85.4,Pettah
2019-01-03,Nadu 2,4270.0,85.4,Pettah
2019-01-04,Nadu 2,4390.0,87.8,Pettah
2019-01-07,Nadu 2,4270.0,85.4,Pettah
2019-01-08,Nadu 2,4270.0,85.4,Pettah
2019-01-09,Nadu 2,4250.0,85.0,Pettah
2019-01-10,Nadu 2,4270.0,85.4,Pettah
2019-01-11,Nadu 2,4280.0,85.6,Pettah
2019-01-14,Nadu 2,4270.0,85.4,Pettah
2019-01-16,Nadu 2,4290.0,85.8,Pettah
2019-01-17,Nadu 2,4270.0,85.4,Pettah
2019-01-18,Nadu 2,4240.0,84.8,Pettah
2019-01-21,Nadu 2,4220.0,84.4,Pettah
2019-01-22,Nadu 2,4090.0,81.8,Pettah
2019-01-23,Nadu 2,4190.0,83.8,Pettah
2019-01-24,Nadu 2,4150.0,83.0,Pettah
2019-01-25,Nadu 2,4180.0,83.6,Pettah
2019-01-28,Nadu 2,4120.0,82.4,Pettah
2019-01-29,Nadu 2,4040.0,80.8,Pettah
2019-01-30,Nadu 2,3890.0,77.8,Pettah
2019-01-31,Nadu 2,3900.0,78.0,Pettah
2019-02-01,Nadu 2,3900.0,78.0,Pettah
2019-02-05,Nadu 2,3900.0,78.0,Pettah
2019-02-06,Nadu 2,3930.0,78.6,Pettah
2019-02-07,Nadu 2,3970.0,79.4,Pettah
2019-02-08,Nadu 2,3930.0,78.6,Pettah
2019-02-11,Nadu 2,3880.0,77.6,Pettah
2019-02-12,Nadu 2,3940.0,78.8,Pettah
2019-02-13,Nadu 2,3890.0,77.8,Pettah
2019-02-14,Nadu 2,3930.0,78.6,Pettah
2019-02-15,Nadu 2,3710.0,74.2,Pettah
2019-02-18,Nadu 2,3760.0,75.2,Pettah
2019-02-21,Nadu 2,3737.5,74.75,Pettah
2019-02-22,Nadu 2,3650.0,73.0,Pettah
2019-02-25,Nadu 2,3860.0,77.2,Pettah
2019-02-26,Nadu 2,3720.0,74.4,Pettah
2019-02-27,Nadu 2,3620.0,72.4,Pettah
2019-02-28,Nadu 2,3710.0,74.2,Pettah
2019-03-01,Nadu 2,3640.0,72.8,Pettah
2019-03-05,Nadu 2,3720.0,74.4,Pettah
2019-03-06,Nadu 2,3720.0,74.4,Pettah
2019-03-07,Nadu 2,3720.0,74.4,Pettah
2019-03-08,Nadu 2,3300.0,66.0,Pettah
2019-03-11,Nadu 2,3320.0,66.4,Pettah
2019-03-12,Nadu 2,3270.0,65.4,Pettah
2019-03-13,Nadu 2,3710.0,74.2,Pettah
2019-03-14,Nadu 2,3700.0,74.0,Pettah
2019-03-15,Nadu 2,3700.0,74.0,Pettah
2019-03-18,Nadu 2,3720.0,74.4,Pettah
2019-03-19,Nadu 2,3710.0,74.2,Pettah
2019-03-21,Nadu 2,3710.0,74.2,Pettah
2019-03-22,Nadu 2,3740.0,74.8,Pettah
2019-03-25,Nadu 2,3750.0,75.0,Pettah
2019-03-26,Nadu 2,3770.0,75.4,Pettah
2019-03-27,Nadu 2,3712.5,74.25,Pettah
2019-03-28,Nadu 2,3800.0,76.0,Pettah
2019-03-29,Nadu 2,3810.0,76.2,Pettah
2019-04-01,Nadu 2,3830.0,76.6,Pettah
2019-04-02,Nadu 2,3810.0,76.2,Pettah
2019-04-03,Nadu 2,3820.0,76.4,Pettah
2019-04-04,Nadu 2,3830.0,76.6,Pettah
2019-04-05,Nadu 2,3860.0,77.2,Pettah
2019-04-08,Nadu 2,3870.0,77.4,Pettah
2019-04-09,Nadu 2,3880.0,77.6,Pettah
2019-04-10,Nadu 2,3960.0,79.2,Pettah
2019-04-11,Nadu 2,3970.0,79.4,Pettah
2019-04-12,Nadu 2,3980.0,79.6,Pettah
2019-04-17,Nadu 2,3930.0,78.6,Pettah
2019-04-18,Nadu 2,4000.0,80.0,Pettah
2019-04-23,Nadu 2,3890.0,77.8,Pettah
2019-04-24,Nadu 2,3930.0,78.6,Pettah
2019-04-25,Nadu 2,3980.0,79.6,Pettah
2019-04-26,Nadu 2,4110.0,82.2,Pettah
2019-04-29,Nadu 2,4140.0,82.8,Pettah
2019-04-30,Nadu 2,4140.0,82.8,Pettah
2019-05-02,Nadu 2,4080.0,81.6,Pettah
2019-05-03,Nadu 2,4150.0,83.0,Pettah
2019-05-06,Nadu 2,4160.0,83.2,Pettah
2019-05-07,Nadu 2,4070.0,81.4,Pettah
2019-05-08,Nadu 2,4120.0,82.4,Pettah
2019-05-09,Nadu 2,4150.0,83.0,Pettah
2019-05-10,Nadu 2,4150.0,83.0,Pettah
2019-05-13,Nadu 2,4140.0,82.8,Pettah
2019-05-14,Nadu 2,4160.0,83.2,Pettah
2019-05-15,Nadu 2,4170.0,83.4,Pettah
2019-05-16,Nadu 2,4180.0,83.6,Pettah
2019-05-17,Nadu 2,4120.0,82.4,Pettah
2019-05-21,Nadu 2,4160.0,83.2,Pettah
2019-05-22,Nadu 2,4210.0,84.2,Pettah
2019-05-23,Nadu 2,4170.0,83.4,Pettah
2019-05-27,Nadu 2,4230.0,84.6,Pettah
2019-05-28,Nadu 2,4230.0,84.6,Pettah
2019-05-29,Nadu 2,4230.0,84.6,Pettah
2019-05-30,Nadu 2,4220.0,84.4,Pettah
2019-05-31,Nadu 2,4200.0,84.0,Pettah
2019-06-03,Nadu 2,4200.0,84.0,Pettah
2019-06-04,Nadu 2,4200.0,84.0,Pettah
2019-06-06,Nadu 2,4100.0,82.0,Pettah
2019-06-07,Nadu 2,4050.0,81.0,Pettah
2019-06-10,Nadu 2,4040.0,80.8,Pettah
2019-06-11,Nadu 2,4040.0,80.8,Pettah
2019-06-12,Nadu 2,3980.0,79.6,Pettah
2019-06-13,Nadu 2,3980.0,79.6,Pettah
2019-06-14,Nadu 2,4000.0,80.0,Pettah
2019-06-17,Nadu 2,3950.0,79.0,Pettah
2019-06-18,Nadu 2,3950.0,79.0,Pettah
2019-06-19,Nadu 2,3940.0,78.8,Pettah
2019-06-20,Nadu 2,3960.0,79.2,Pettah
2019-06-21,Nadu 2,3960.0,79.2,Pettah
2019-06-24,Nadu 2,3950.0,79.0,Pettah
2019-06-25,Nadu 2,3940.0,78.8,Pettah
2019-06-26,Nadu 2,3960.0,79.2,Pettah
2019-06-27,Nadu 2,3980.0,79.6,Pettah
2019-06-28,Nadu 2,3980.0,79.6,Pettah
2019-07-01,Nadu 2,3960.0,79.2,Pettah
2019-07-02,Nadu 2,3940.0,78.8,Pettah
2019-07-03,Nadu 2,3930.0,78.6,Pettah
2019-07-04,Nadu 2,3950.0,79.0,Pettah
2019-07-05,Nadu 2,3940.0,78.8,Pettah
2019-07-08,Nadu 2,3950.0,79.0,Pettah
2019-07-09,Nadu 2,3950.0,79.0,Pettah
2019-07-10,Nadu 2,3940.0,78.8,Pettah
2019-07-11,Nadu 2,3940.0,78.8,Pettah
2019-07-12,Nadu 2,3940.0,78.8,Pettah
2019-07-15,Nadu 2,3940.0,78.8,Pettah
2019-07-17,Nadu 2,3940.0,78.8,Pettah
2019-07-18,Nadu 2,3950.0,79.0,Pettah
2019-07-19,Nadu 2,3940.0,78.8,Pettah
2019-07-23,Nadu 2,3960.0,79.2,Pettah
2019-07-24,Nadu 2,3870.0,77.4,Pettah
2019-07-25,Nadu 2,3980.0,79.6,Pettah
2019-07-26,Nadu 2,3960.0,79.2,Pettah
2019-07-29,Nadu 2,4040.0,80.8,Pettah
2019-07-30,Nadu 2,4010.0,80.2,Pettah
2019-08-02,Nadu 2,4040.0,80.8,Pettah
2019-08-06,Nadu 2,4100.0,82.0,Pettah
2019-08-07,Nadu 2,4080.0,81.6,Pettah
2019-08-08,Nadu 2,4100.0,82.0,Pettah
2019-08-09,Nadu 2,4100.0,82.0,Pettah
2019-08-13,Nadu 2,4070.0,81.4,Pettah
2019-08-15,Nadu 2,4100.0,82.0,Pettah
2019-08-16,Nadu 2,4100.0,82.0,Pettah
2019-08-19,Nadu 2,4130.0,82.6,Pettah
2019-08-20,Nadu 2,4130.0,82.6,Pettah
2019-08-21,Nadu 2,4140.0,82.8,Pettah
2019-08-22,Nadu 2,4130.0,82.6,Pettah
2019-08-23,Nadu 2,4130.0,82.6,Pettah
2019-08-26,Nadu 2,4170.0,83.4,Pettah
2019-08-27,Nadu 2,4150.0,83.0,Pettah
2019-08-28,Nadu 2,4170.0,83.4,Pettah
2019-08-29,Nadu 2,4190.0,83.8,Pettah
2019-08-30,Nadu 2,4200.0,84.0,Pettah
2019-09-03,Nadu 2,4230.0,84.6,Pettah
2019-09-04,Nadu 2,4230.0,84.6,Pettah
2019-09-05,Nadu 2,4230.0,84.6,Pettah
2019-09-06,Nadu 2,4230.0,84.6,Pettah
2019-09-09,Nadu 2,4280.0,85.6,Pettah
2019-09-10,Nadu 2,4330.0,86.6,Pettah
2019-09-12,Nadu 2,4340.0,86.8,Pettah
2019-09-16,Nadu 2,4360.0,87.2,Pettah
2019-09-17,Nadu 2,4290.0,85.8,Pettah
2019-09-18,Nadu 2,4340.0,86.8,Pettah
2019-09-19,Nadu 2,4340.0,86.8,Pettah
2019-09-20,Nadu 2,4370.0,87.4,Pettah
2019-09-23,Nadu 2,4380.0,87.6,Pettah
2019-09-24,Nadu 2,4370.0,87.4,Pettah
2019-09-25,Nadu 2,4410.0,88.2,Pettah
2019-09-26,Nadu 2,4380.0,87.6,Pettah
2019-09-27,Nadu 2,4400.0,88.0,Pettah
2019-09-30,Nadu 2,4430.0,88.6,Pettah
2019-10-01,Nadu 2,4430.0,88.6,Pettah
2019-10-02,Nadu 2,4410.0,88.2,Pettah
2019-10-03,Nadu 2,4450.0,89.0,Pettah
2019-10-04,Nadu 2,4430.0,88.6,Pettah
2019-10-07,Nadu 2,4470.0,89.4,Pettah
2019-10-08,Nadu 2,4430.0,88.6,Pettah
2019-10-09,Nadu 2,4430.0,88.6,Pettah
2019-10-10,Nadu 2,4460.0,89.2,Pettah
2019-10-11,Nadu 2,4460.0,89.2,Pettah
2019-10-14,Nadu 2,4430.0,88.6,Pettah
2019-10-15,Nadu 2,4470.0,89.4,Pettah
2019-10-16,Nadu 2,4470.0,89.4,Pettah
2019-10-17,Nadu 2,4540.0,90.8,Pettah
2019-10-18,Nadu 2,4560.0,91.2,Pettah
2019-10-21,Nadu 2,4540.0,90.8,Pettah
2019-10-22,Nadu 2,4540.0,90.8,Pettah
2019-10-23,Nadu 2,4560.0,91.2,Pettah
2019-10-24,Nadu 2,4540.0,90.8,Pettah
2019-10-25,Nadu 2,4540.0,90.8,Pettah
2019-10-28,Nadu 2,4560.0,91.2,Pettah
2019-10-29,Nadu 2,4590.0,91.8,Pettah
2019-10-30,Nadu 2,4580.0,91.6,Pettah
2019-10-31,Nadu 2,4540.0,90.8,Pettah
2019-11-01,Nadu 2,4610.0,92.2,Pettah
2019-11-04,Nadu 2,4630.0,92.6,Pettah
2019-11-05,Nadu 2,4600.0,92.0,Pettah
2019-11-06,Nadu 2,4600.0,92.0,Pettah
2019-11-07,Nadu 2,4640.0,92.8,Pettah
2019-11-08,Nadu 2,4640.0,92.8,Pettah
2019-11-11,Nadu 2,4650.0,93.0,Pettah
2019-11-13,Nadu 2,4660.0,93.2,Pettah
2019-11-14,Nadu 2,4700.0,94.0,Pettah
2019-11-15,Nadu 2,4690.0,93.8,Pettah
2019-11-18,Nadu 2,4640.0,92.8,Pettah
2019-11-19,Nadu 2,4660.0,93.2,Pettah
2019-11-20,Nadu 2,4690.0,93.8,Pettah
2019-11-21,Nadu 2,4730.0,94.6,Pettah
2019-11-22,Nadu 2,4750.0,95.0,Pettah
2019-11-25,Nadu 2,4830.0,96.6,Pettah
2019-11-26,Nadu 2,4870.0,97.4,Pettah
2019-11-27,Nadu 2,4940.0,98.8,Pettah
2019-11-28,Nadu 2,4950.0,99.0,Pettah
2019-11-29,Nadu 2,4940.0,98.8,Pettah
2019-12-02,Nadu 2,5010.0,100.2,Pettah
2019-12-03,Nadu 2,5020.0,100.4,Pettah
2019-12-04,Nadu 2,5040.0,100.8,Pettah
2019-12-05,Nadu 2,5040.0,100.8,Pettah
2019-12-06,Nadu 2,5060.0,101.2,Pettah
2019-12-09,Nadu 2,5080.0,101.6,Pettah
2019-12-10,Nadu 2,5080.0,101.6,Pettah
2019-12-12,Nadu 2,5100.0,102.0,Pettah
2019-12-13,Nadu 2,5150.0,103.0,Pettah
2019-12-16,Nadu 2,5040.0,100.8,Pettah
2019-12-17,Nadu 2,5030.0,100.6,Pettah
2019-12-18,Nadu 2,5020.0,100.4,Pettah
2019-12-19,Nadu 2,5040.0,100.8,Pettah
2019-12-20,Nadu 2,4870.0,97.4,Pettah
2019-12-23,Nadu 2,4840.0,96.8,Pettah
2019-12-24,Nadu 2,4825.0,96.5,Pettah
2019-12-26,Nadu 2,4820.0,96.4,Pettah
2019-12-27,Nadu 2,4810.0,96.2,Pettah
2019-12-30,Nadu 2,4790.0,95.8,Pettah
2019-12-31,Nadu 2,4787.5,95.75,Pettah
2020-01-01,Nadu 2,4800.0,96.0,Pettah
2020-01-02,Nadu 2,4810.0,96.2,Pettah
2020-01-03,Nadu 2,4810.0,96.2,Pettah
2020-01-06,Nadu 2,4770.0,95.4,Pettah
2020-01-07,Nadu 2,4800.0,96.0,Pettah
2020-01-08,Nadu 2,4790.0,95.8,Pettah
2020-01-09,Nadu 2,4800.0,96.0,Pettah
2020-01-13,Nadu 2,4833.33,96.6666,Pettah
2020-01-14,Nadu 2,4790.0,95.8,Pettah
2020-01-16,Nadu 2,4812.5,96.25,Pettah
2020-01-17,Nadu 2,4710.0,94.2,Pettah
2020-01-20,Nadu 2,4750.0,95.0,Pettah
2020-01-21,Nadu 2,4670.0,93.4,Pettah
2020-01-22,Nadu 2,4670.0,93.4,Pettah
2020-01-23,Nadu 2,4640.0,92.8,Pettah
2020-01-24,Nadu 2,4670.0,93.4,Pettah
2020-01-27,Nadu 2,4600.0,92.0,Pettah
2020-01-28,Nadu 2,4590.0,91.8,Pettah
2020-01-29,Nadu 2,4600.0,92.0,Pettah
2020-01-30,Nadu 2,4650.0,93.0,Pettah
2020-01-31,Nadu 2,4540.0,90.8,Pettah
2020-02-03,Nadu 2,4510.0,90.2,Pettah
2020-02-05,Nadu 2,4540.0,90.8,Pettah
2020-02-06,Nadu 2,4570.0,91.4,Pettah
2020-02-07,Nadu 2,4500.0,90.0,Pettah
2020-02-10,Nadu 2,4540.0,90.8,Pettah
2020-02-11,Nadu 2,4540.0,90.8,Pettah
2020-02-12,Nadu 2,4580.0,91.6,Pettah
2020-02-13,Nadu 2,4590.0,91.8,Pettah
2020-02-14,Nadu 2,4580.0,91.6,Pettah
2020-02-17,Nadu 2,4560.0,91.2,Pettah
2020-02-18,Nadu 2,4550.0,91.0,Pettah
2020-02-19,Nadu 2,4570.0,91.4,Pettah
2020-02-20,Nadu 2,4570.0,91.4,Pettah
2020-02-24,Nadu 2,4570.0,91.4,Pettah
2020-02-25,Nadu 2,4590.0,91.8,Pettah
2020-02-26,Nadu 2,4570.0,91.4,Pettah
2020-02-27,Nadu 2,4600.0,92.0,Pettah
2020-02-28,Nadu 2,4570.0,91.4,Pettah
2020-03-02,Nadu 2,4590.0,91.8,Pettah
2020-03-03,Nadu 2,4550.0,91.0,Pettah
2020-03-04,Nadu 2,4540.0,90.8,Pettah
2020-03-05,Nadu 2,4550.0,91.0,Pettah
2020-03-06,Nadu 2,4560.0,91.2,Pettah
2020-03-10,Nadu 2,4550.0,91.0,Pettah
2020-03-11,Nadu 2,4550.0,91.0,Pettah
2020-03-12,Nadu 2,4550.0,91.0,Pettah
2020-03-13,Nadu 2,4570.0,91.4,Pettah
2020-06-15,Nadu 2,4750.0,95.0,Pettah
2020-06-16,Nadu 2,4733.33,94.6666,Pettah
2020-06-17,Nadu 2,4733.33,94.6666,Pettah
2020-06-18,Nadu 2,4733.33,94.6666,Pettah
2020-06-19,Nadu 2,4733.33,94.6666,Pettah
2020-06-22,Nadu 2,4733.33,94.6666,Pettah
2020-06-23,Nadu 2,4733.33,94.6666,Pettah
2020-06-24,Nadu 2,4733.33,94.6666,Pettah
2020-06-25,Nadu 2,4733.33,94.6666,Pettah
2020-06-26,Nadu 2,4733.33,94.6666,Pettah
2020-06-29,Nadu 2,4740.0,94.8,Pettah
2020-06-30,Nadu 2,4720.0,94.4,Pettah
2020-07-01,Nadu 2,4670.0,93.4,Pettah
2020-07-02,Nadu 2,4700.0,94.0,Pettah
2020-07-03,Nadu 2,4710.0,94.2,Pettah
2020-07-06,Nadu 2,4690.0,93.8,Pettah
2020-07-07,Nadu 2,4690.0,93.8,Pettah
2020-07-08,Nadu 2,4680.0,93.6,Pettah
2020-07-09,Nadu 2,4680.0,93.6,Pettah
2020-07-10,Nadu 2,4640.0,92.8,Pettah
2020-07-13,Nadu 2,4640.0,92.8,Pettah
2020-07-14,Nadu 2,4650.0,93.0,Pettah
2020-07-15,Nadu 2,4630.0,92.6,Pettah
2020-07-16,Nadu 2,4640.0,92.8,Pettah
2020-07-17,Nadu 2,4630.0,92.6,Pettah
2020-07-20,Nadu 2,4640.0,92.8,Pettah
2020-07-21,Nadu 2,4640.0,92.8,Pettah
2020-07-22,Nadu 2,4640.0,92.8,Pettah
2020-07-23,Nadu 2,4660.0,93.2,Pettah
2020-07-24,Nadu 2,4610.0,92.2,Pettah
2020-07-27,Nadu 2,4630.0,92.6,Pettah
2020-07-28,Nadu 2,4630.0,92.6,Pettah
2020-07-29,Nadu 2,4670.0,93.4,Pettah
2020-07-30,Nadu 2,4680.0,93.6,Pettah
2020-07-31,Nadu 2,4680.0,93.6,Pettah
2020-08-04,Nadu 2,4680.0,93.6,Pettah
2020-08-06,Nadu 2,4590.0,91.8,Pettah
2020-08-07,Nadu 2,4620.0,92.4,Pettah
2020-08-10,Nadu 2,4640.0,92.8,Pettah
2020-08-11,Nadu 2,4600.0,92.0,Pettah
2020-08-12,Nadu 2,4620.0,92.4,Pettah
2020-08-13,Nadu 2,4600.0,92.0,Pettah
2020-08-14,Nadu 2,4600.0,92.0,Pettah
2020-08-17,Nadu 2,4570.0,91.4,Pettah
2020-08-18,Nadu 2,4570.0,91.4,Pettah
2020-08-19,Nadu 2,4590.0,91.8,Pettah
2020-08-20,Nadu 2,4570.0,91.4,Pettah
2020-08-21,Nadu 2,4570.0,91.4,Pettah
2020-08-24,Nadu 2,4580.0,91.6,Pettah
2020-08-25,Nadu 2,4590.0,91.8,Pettah
2020-08-26,Nadu 2,4600.0,92.0,Pettah
2020-08-27,Nadu 2,4570.0,91.4,Pettah
2020-08-28,Nadu 2,4600.0,92.0,Pettah
2020-08-31,Nadu 2,4600.0,92.0,Pettah
2020-09-02,Nadu 2,4630.0,92.6,Pettah
2020-09-03,Nadu 2,4450.0,89.0,Pettah
2020-09-04,Nadu 2,4450.0,89.0,Pettah
2020-09-07,Nadu 2,4450.0,89.0,Pettah
2020-09-08,Nadu 2,4620.0,92.4,Pettah
2020-09-09,Nadu 2,4630.0,92.6,Pettah
2020-09-10,Nadu 2,4630.0,92.6,Pettah
2020-09-11,Nadu 2,4630.0,92.6,Pettah
2020-09-14,Nadu 2,4630.0,92.6,Pettah
2020-09-15,Nadu 2,4630.0,92.6,Pettah
2020-09-16,Nadu 2,4630.0,92.6,Pettah
2020-09-17,Nadu 2,4630.0,92.6,Pettah
2020-09-18,Nadu 2,4620.0,92.4,Pettah
2020-09-21,Nadu 2,4630.0,92.6,Pettah
2020-09-22,Nadu 2,4640.0,92.8,Pettah
2020-09-23,Nadu 2,4640.0,92.8,Pettah
2020-09-24,Nadu 2,4640.0,92.8,Pettah
2020-09-25,Nadu 2,4640.0,92.8,Pettah
2020-09-28,Nadu 2,444.0,444.0,Pettah
2020-09-29,Nadu 2,4630.0,92.6,Pettah
2020-09-30,Nadu 2,450.0,450.0,Pettah
2020-10-01,Nadu 2,4680.0,93.6,Pettah
2020-10-02,Nadu 2,4680.0,93.6,Pettah
2020-10-05,Nadu 2,4650.0,93.0,Pettah
2020-10-06,Nadu 2,468.0,468.0,Pettah
2020-10-07,Nadu 2,472.0,472.0,Pettah
2020-10-08,Nadu 2,473.0,473.0,Pettah
2020-10-09,Nadu 2,490.0,490.0,Pettah
2020-10-12,Nadu 2,479.0,479.0,Pettah
2020-10-13,Nadu 2,484.0,484.0,Pettah
2020-10-14,Nadu 2,478.0,478.0,Pettah
2020-10-15,Nadu 2,484.0,484.0,Pettah
2020-10-16,Nadu 2,474.0,474.0,Pettah
2020-10-19,Nadu 2,477.0,477.0,Pettah
2020-10-20,Nadu 2,488.0,488.0,Pettah
2020-10-21,Nadu 2,491.0,491.0,Pettah
2020-10-22,Nadu 2,492.0,492.0,Pettah
2020-10-23,Nadu 2,4860.0,97.2,Pettah
2020-10-26,Nadu 2,4860.0,97.2,Pettah
2020-10-27,Nadu 2,,,Pettah
2020-10-28,Nadu 2,,,Pettah
2020-10-29,Nadu 2,,,Pettah
2020-11-02,Nadu 2,,,Pettah
2020-11-03,Nadu 2,,,Pettah
2020-11-04,Nadu 2,,,Pettah
2020-11-05,Nadu 2,,,Pettah
2020-11-06,Nadu 2,,,Pettah
2020-11-09,Nadu 2,,,Pettah
2020-11-10,Nadu 2,,,Pettah
2020-11-11,Nadu 2,,,Pettah
2020-11-12,Nadu 2,4700.0,94.0,Pettah
2020-11-13,Nadu 2,4700.0,94.0,Pettah
2020-11-16,Nadu 2,4700.0,94.0,Pettah
2020-11-17,Nadu 2,,,Pettah
2020-11-18,Nadu 2,,,Pettah
2020-11-19,Nadu 2,,,Pettah
2020-11-20,Nadu 2,,,Pettah
2020-11-23,Nadu 2,,,Pettah
2020-11-24,Nadu 2,,,Pettah
2020-11-25,Nadu 2,,,Pettah
2020-11-26,Nadu 2,,,Pettah
2020-11-27,Nadu 2,,,Pettah
2020-11-30,Nadu 2,,,Pettah
2020-12-01,Nadu 2,,,Pettah
2020-12-02,Nadu 2,,,Pettah
2020-12-03,Nadu 2,,,Pettah
2020-12-04,Nadu 2,,,Pettah
2020-12-07,Nadu 2,,,Pettah
2020-12-08,Nadu 2,,,Pettah
2020-12-09,Nadu 2,,,Pettah
2020-12-11,Nadu 2,,,Pettah
2020-12-14,Nadu 2,,,Pettah
2020-12-15,Nadu 2,,,Pettah
2020-12-16,Nadu 2,,,Pettah
2020-12-17,Nadu 2,,,Pettah
2020-12-18,Nadu 2,,,Pettah
2020-12-21,Nadu 2,,,Pettah
2020-12-22,Nadu 2,,,Pettah
2020-12-23,Nadu 2,,,Pettah
2020-12-24,Nadu 2,,,Pettah
2020-12-28,Nadu 2,,,Pettah
2020-12-30,Nadu 2,,,Pettah
2020-12-31,Nadu 2,,,Pettah
2021-01-01,Nadu 2,,,Pettah
2021-01-04,Nadu 2,,,Pettah
2021-01-05,Nadu 2,,,Pettah
2021-01-06,Nadu 2,,,Pettah
2021-01-07,Nadu 2,,,Pettah
2021-01-08,Nadu 2,,,Pettah
2021-01-11,Nadu 2,,,Pettah
2021-01-12,Nadu 2,5010.0,100.2,Pettah
2021-01-13,Nadu 2,5000.0,100.0,Pettah
2021-01-15,Nadu 2,5060.0,101.2,Pettah
2021-01-18,Nadu 2,5060.0,101.2,Pettah
2021-01-19,Nadu 2,5020.0,100.4,Pettah
2021-01-20,Nadu 2,5020.0,100.4,Pettah
2021-01-21,Nadu 2,5060.0,101.2,Pettah
2021-01-22,Nadu 2,5000.0,100.0,Pettah
2021-01-25,Nadu 2,4910.0,98.2,Pettah
2021-01-26,Nadu 2,4830.0,96.6,Pettah
2021-01-27,Nadu 2,4700.0,94.0,Pettah
2021-01-29,Nadu 2,4710.0,94.2,Pettah
2021-02-01,Nadu 2,4940.0,98.8,Pettah
2021-02-02,Nadu 2,4800.0,96.0,Pettah
2021-02-03,Nadu 2,4710.0,94.2,Pettah
2021-02-08,Nadu 2,4700.0,94.0,Pettah
2021-02-09,Nadu 2,4610.0,92.2,Pettah
2021-02-10,Nadu 2,4630.0,92.6,Pettah
2021-02-11,Nadu 2,4700.0,94.0,Pettah
2021-02-12,Nadu 2,4610.0,92.2,Pettah
2021-02-15,Nadu 2,4620.0,92.4,Pettah
2021-02-16,Nadu 2,4630.0,92.6,Pettah
2021-02-17,Nadu 2,4670.0,93.4,Pettah
2021-02-18,Nadu 2,4700.0,94.0,Pettah
2021-02-19,Nadu 2,4680.0,93.6,Pettah
2021-02-22,Nadu 2,496.0,496.0,Pettah
2021-02-23,Nadu 2,496.0,496.0,Pettah
2021-02-24,Nadu 2,496.0,496.0,Pettah
2021-02-25,Nadu 2,4680.0,93.6,Pettah
2021-03-01,Nadu 2,4710.0,94.2,Pettah
2021-03-02,Nadu 2,4680.0,93.6,Pettah
2021-03-03,Nadu 2,4690.0,93.8,Pettah
2021-03-04,Nadu 2,4670.0,93.4,Pettah
2021-03-05,Nadu 2,4680.0,93.6,Pettah
2021-03-08,Nadu 2,4770.0,95.4,Pettah
2021-03-09,Nadu 2,4790.0,95.8,Pettah
2021-03-10,Nadu 2,4820.0,96.4,Pettah
2021-03-12,Nadu 2,4830.0,96.6,Pettah
2021-03-15,Nadu 2,4850.0,97.0,Pettah
2021-03-16,Nadu 2,4850.0,97.0,Pettah
2021-03-17,Nadu 2,4820.0,96.4,Pettah
2021-03-18,Nadu 2,4800.0,96.0,Pettah
2021-03-19,Nadu 2,4810.0,96.2,Pettah
2021-03-22,Nadu 2,4820.0,96.4,Pettah
2021-03-23,Nadu 2,4820.0,96.4,Pettah
2021-03-24,Nadu 2,4810.0,96.2,Pettah
2021-03-25,Nadu 2,4780.0,95.6,Pettah
2021-03-26,Nadu 2,4820.0,96.4,Pettah
2021-03-29,Nadu 2,4830.0,96.6,Pettah
2021-03-30,Nadu 2,4820.0,96.4,Pettah
2021-03-31,Nadu 2,4820.0,96.4,Pettah
2021-04-01,Nadu 2,504.0,10.08,Pettah
2021-04-05,Nadu 2,504.0,504.0,Pettah
2021-04-06,Nadu 2,502.0,502.0,Pettah
2021-04-07,Nadu 2,502.0,502.0,Pettah
2021-04-08,Nadu 2,496.0,496.0,Pettah
2021-04-09,Nadu 2,498.0,498.0,Pettah
2021-04-19,Nadu 2,500.0,500.0,Pettah
2021-04-20,Nadu 2,496.0,496.0,Pettah
2021-04-21,Nadu 2,496.0,496.0,Pettah
2021-04-22,Nadu 2,496.0,496.0,Pettah
2021-04-23,Nadu 2,496.0,496.0,Pettah
2021-04-27,Nadu 2,497.5,497.5,Pettah
2021-04-28,Nadu 2,495.0,495.0,Pettah
2021-04-29,Nadu 2,495.0,495.0,Pettah
2021-04-30,Nadu 2,497.5,497.5,Pettah
2021-05-03,Nadu 2,497.5,497.5,Pettah
2021-05-04,Nadu 2,492.5,492.5,Pettah
2021-05-05,Nadu 2,491.25,491.25,Pettah
2021-05-06,Nadu 2,495.0,495.0,Pettah
2021-05-07,Nadu 2,495.0,495.0,Pettah
2021-05-10,Nadu 2,5690.0,113.8,Pettah
2021-05-11,Nadu 2,5690.0,113.8,Pettah
2021-05-12,Nadu 2,495.0,495.0,Pettah
2021-05-13,Nadu 2,5730.0,114.6,Pettah
2021-05-17,Nadu 2,5740.0,114.8,Pettah
2021-05-18,Nadu 2,5750.0,115.0,Pettah
2021-05-19,Nadu 2,5760.0,115.2,Pettah
2021-05-20,Nadu 2,5770.0,115.4,Pettah
2021-05-21,Nadu 2,482.0,482.0,Pettah
2021-06-08,Nadu 2,475.0,475.0,Pettah
2021-06-09,Nadu 2,466.0,466.0,Pettah
2021-06-18,Nadu 2,468.0,468.0,Pettah
2021-06-21,Nadu 2,503.0,503.0,Pettah
2021-06-22,Nadu 2,502.0,502.0,Pettah
2021-06-23,Nadu 2,496.0,496.0,Pettah
2021-06-25,Nadu 2,504.0,504.0,Pettah
2021-06-28,Nadu 2,510.0,510.0,Pettah
2021-06-29,Nadu 2,518.0,518.0,Pettah
2021-06-30,Nadu 2,524.0,524.0,Pettah
2021-07-01,Nadu 2,525.0,525.0,Pettah
2021-07-02,Nadu 2,525.0,525.0,Pettah
2021-07-05,Nadu 2,524.0,524.0,Pettah
2021-07-06,Nadu 2,524.0,524.0,Pettah
2021-07-07,Nadu 2,524.0,524.0,Pettah
2021-07-08,Nadu 2,524.0,524.0,Pettah
2021-07-09,Nadu 2,522.0,10.44,Pettah
2021-07-12,Nadu 2,5460.0,109.2,Pettah
2021-07-13,Nadu 2,5410.0,108.2,Pettah
2021-07-14,Nadu 2,5430.0,108.6,Pettah
2021-07-15,Nadu 2,5380.0,107.6,Pettah
2021-07-16,Nadu 2,492.0,492.0,Pettah
2021-07-19,Nadu 2,5210.0,104.2,Pettah
2021-07-20,Nadu 2,5160.0,103.2,Pettah
2021-07-22,Nadu 2,5150.0,103.0,Pettah
2021-07-26,Nadu 2,5110.0,102.2,Pettah
2021-07-27,Nadu 2,5180.0,103.6,Pettah
2021-07-28,Nadu 2,5100.0,102.0,Pettah
2021-07-29,Nadu 2,5010.0,100.2,Pettah
2021-07-30,Nadu 2,5070.0,101.4,Pettah
2021-08-02,Nadu 2,4520.0,90.4,Pettah
2021-08-03,Nadu 2,4520.0,90.4,Pettah
2021-08-04,Nadu 2,4480.0,89.6,Pettah
2021-08-05,Nadu 2,4500.0,90.0,Pettah
2021-08-06,Nadu 2,4460.0,89.2,Pettah
2021-08-09,Nadu 2,5170.0,103.4,Pettah
2021-08-11,Nadu 2,4550.0,91.0,Pettah
2021-08-12,Nadu 2,5100.0,102.0,Pettah
2021-08-13,Nadu 2,5150.0,103.0,Pettah
2021-08-16,Nadu 2,5210.0,104.2,Pettah
2021-08-17,Nadu 2,4600.0,92.0,Pettah
2021-08-18,Nadu 2,4600.0,92.0,Pettah
2021-08-19,Nadu 2,4680.0,93.6,Pettah
2021-08-20,Nadu 2,5260.0,105.2,Pettah
2021-08-24,Nadu 2,5410.0,108.2,Pettah
2021-08-25,Nadu 2,5360.0,107.2,Pettah
2021-09-01,Nadu 2,5540.0,110.8,Pettah
2021-09-02,Nadu 2,5510.0,110.2,Pettah
2021-09-06,Nadu 2,5250.0,105.0,Pettah
2021-09-09,Nadu 2,4725.0,94.5,Pettah
2021-09-10,Nadu 2,4890.0,97.8,Pettah
2021-09-13,Nadu 2,4880.0,97.6,Pettah
2021-09-14,Nadu 2,4880.0,97.6,Pettah
2021-09-15,Nadu 2,4880.0,97.6,Pettah
2021-09-16,Nadu 2,4880.0,97.6,Pettah
2021-09-17,Nadu 2,4880.0,97.6,Pettah
2021-09-21,Nadu 2,4900.0,98.0,Pettah
2021-09-22,Nadu 2,5250.0,105.0,Pettah
2021-09-23,Nadu 2,5280.0,105.6,Pettah
2021-09-24,Nadu 2,5280.0,105.6,Pettah
2021-09-27,Nadu 2,5280.0,105.6,Pettah
2021-09-28,Nadu 2,5350.0,107.0,Pettah
2021-09-29,Nadu 2,5500.0,110.0,Pettah
2021-09-30,Nadu 2,5540.0,110.8,Pettah
2021-10-01,Nadu 2,5580.0,111.6,Pettah
2021-10-04,Nadu 2,5590.0,111.8,Pettah
2021-10-05,Nadu 2,5650.0,113.0,Pettah
2021-10-06,Nadu 2,5660.0,113.2,Pettah
2021-10-07,Nadu 2,5610.0,112.2,Pettah
2021-10-08,Nadu 2,5620.0,112.4,Pettah
2021-10-11,Nadu 2,5730.0,114.6,Pettah
2021-10-12,Nadu 2,5750.0,115.0,Pettah
2021-10-13,Nadu 2,5680.0,113.6,Pettah
2021-10-14,Nadu 2,5650.0,113.0,Pettah
2021-10-15,Nadu 2,5670.0,113.4,Pettah
2021-10-18,Nadu 2,5650.0,113.0,Pettah
2021-10-21,Nadu 2,5780.0,115.6,Pettah
2021-10-22,Nadu 2,5780.0,115.6,Pettah
2021-10-25,Nadu 2,5800.0,116.0,Pettah
2021-10-26,Nadu 2,5950.0,119.0,Pettah
2021-10-27,Nadu 2,5090.0,101.8,Pettah
2021-10-28,Nadu 2,5160.0,103.2,Pettah
2021-10-29,Nadu 2,5150.0,103.0,Pettah
2021-11-01,Nadu 2,5430.0,108.6,Pettah
2021-11-02,Nadu 2,5480.0,109.6,Pettah
2021-11-03,Nadu 2,5420.0,108.4,Pettah
2021-11-08,Nadu 2,109.0,109.0,Pettah
2021-11-09,Nadu 2,107.6,107.6,Pettah
2021-11-10,Nadu 2,107.6,107.6,Pettah
2021-11-11,Nadu 2,128.6,128.6,Pettah
2021-11-12,Nadu 2,126.8,126.8,Pettah
2021-11-15,Nadu 2,126.2,126.2,Pettah
2021-11-16,Nadu 2,126.8,126.8,Pettah
2021-11-17,Nadu 2,123.2,123.2,Pettah
2021-11-19,Nadu 2,125.6,125.6,Pettah
2021-11-22,Nadu 2,125.6,125.6,Pettah
2021-11-23,Nadu 2,125.4,125.4,Pettah
2021-11-24,Nadu 2,126.0,126.0,Pettah
2021-11-25,Nadu 2,126.8,126.8,Pettah
2021-11-26,Nadu 2,125.2,125.2,Pettah
2021-11-29,Nadu 2,126.8,126.8,Pettah
2021-11-30,Nadu 2,126.4,126.4,Pettah
2021-12-01,Nadu 2,126.2,126.2,Pettah
2021-12-02,Nadu 2,126.8,126.8,Pettah
2021-12-03,Nadu 2,128.0,128.0,Pettah
2021-12-06,Nadu 2,126.6,126.6,Pettah
2021-12-07,Nadu 2,128.2,128.2,Pettah
2021-12-08,Nadu 2,128.2,128.2,Pettah
2021-12-09,Nadu 2,127.6,127.6,Pettah
2021-12-10,Nadu 2,127.6,127.6,Pettah
2021-12-13,Nadu 2,127.8,127.8,Pettah
2021-12-14,Nadu 2,128.0,128.0,Pettah
2021-12-15,Nadu 2,128.0,128.0,Pettah
2021-12-16,Nadu 2,130.0,130.0,Pettah
2021-12-17,Nadu 2,129.6,129.6,Pettah
2021-12-20,Nadu 2,128.8,128.8,Pettah
2021-12-21,Nadu 2,128.2,128.2,Pettah
2021-12-22,Nadu 2,128.6,128.6,Pettah
2021-12-23,Nadu 2,128.6,128.6,Pettah
2021-12-24,Nadu 2,128.6,128.6,Pettah
2021-12-27,Nadu 2,136.8,136.8,Pettah
2021-12-28,Nadu 2,136.6,136.6,Pettah
2021-12-29,Nadu 2,140.6,140.6,Pettah
2021-12-30,Nadu 2,140.6,140.6,Pettah
2021-12-31,Nadu 2,143.6,143.6,Pettah
2022-01-03,Nadu 2,153.0,153.0,Pettah
2022-01-05,Nadu 2,153.0,153.0,Pettah
2022-01-06,Nadu 2,148.75,148.75,Pettah
2022-01-07,Nadu 2,147.5,147.5,Pettah
2022-01-10,Nadu 2,152.0,152.0,Pettah
2022-01-11,Nadu 2,155.0,155.0,Pettah
2022-01-12,Nadu 2,152.5,152.5,Pettah
2022-01-13,Nadu 2,152.0,152.0,Pettah
2022-01-18,Nadu 2,158.0,158.0,Pettah
2022-01-19,Nadu 2,158.0,158.0,Pettah
2022-01-20,Nadu 2,156.6,156.6,Pettah
2022-01-21,Nadu 2,158.0,158.0,Pettah
2022-01-24,Nadu 2,153.0,153.0,Pettah
2022-01-25,Nadu 2,152.0,152.0,Pettah
2022-01-26,Nadu 2,151.0,151.0,Pettah
2022-01-27,Nadu 2,147.5,147.5,Pettah
2022-01-28,Nadu 2,151.0,151.0,Pettah
2022-01-31,Nadu 2,151.67,151.67,Pettah
2022-02-01,Nadu 2,151.0,151.0,Pettah
2022-02-02,Nadu 2,148.75,148.75,Pettah
2022-02-03,Nadu 2,145.0,145.0,Pettah
2022-02-08,Nadu 2,148.33,148.33,Pettah
2022-02-09,Nadu 2,153.0,153.0,Pettah
2022-02-10,Nadu 2,150.0,150.0,Pettah
2022-02-11,Nadu 2,150.0,150.0,Pettah
2022-02-14,Nadu 2,149.0,149.0,Pettah
2022-02-15,Nadu 2,149.0,149.0,Pettah
2022-02-17,Nadu 2,148.75,148.75,Pettah
2022-02-18,Nadu 2,150.6,150.6,Pettah
2022-02-21,Nadu 2,149.0,149.0,Pettah
2022-02-22,Nadu 2,147.6,147.6,Pettah
2022-02-23,Nadu 2,146.6,146.6,Pettah
2022-02-24,Nadu 2,146.6,146.6,Pettah
2022-02-25,Nadu 2,146.6,146.6,Pettah
2022-02-28,Nadu 2,150.0,150.0,Pettah
2022-03-02,Nadu 2,148.6,148.6,Pettah
2022-03-03,Nadu 2,149.6,149.6,Pettah
2022-03-04,Nadu 2,150.6,150.6,Pettah
2022-03-07,Nadu 2,149.6,149.6,Pettah
2022-03-08,Nadu 2,149.6,149.6,Pettah
2022-03-09,Nadu 2,152.0,152.0,Pettah
2022-03-10,Nadu 2,151.0,151.0,Pettah
2022-03-11,Nadu 2,152.5,152.5,Pettah
2022-03-14,Nadu 2,156.0,156.0,Pettah
2022-03-15,Nadu 2,155.0,155.0,Pettah
2022-03-16,Nadu 2,155.0,155.0,Pettah
2022-03-18,Nadu 2,162.0,162.0,Pettah
2022-03-21,Nadu 2,165.0,165.0,Pettah
2022-03-22,Nadu 2,169.0,169.0,Pettah
2022-03-23,Nadu 2,179.0,179.0,Pettah
2022-03-24,Nadu 2,183.0,183.0,Pettah
2022-03-25,Nadu 2,175.0,175.0,Pettah
2022-03-28,Nadu 2,187.0,187.0,Pettah
2022-03-29,Nadu 2,188.0,188.0,Pettah
2022-03-30,Nadu 2,188.0,188.0,Pettah
2022-03-31,Nadu 2,189.0,189.0,Pettah
2022-04-01,Nadu 2,192.0,192.0,Pettah
2022-04-04,Nadu 2,199.0,199.0,Pettah
2022-04-05,Nadu 2,195.0,195.0,Pettah
2022-04-06,Nadu 2,192.0,192.0,Pettah
2022-04-07,Nadu 2,190.0,190.0,Pettah
2022-04-08,Nadu 2,193.0,193.0,Pettah
2022-04-12,Nadu 2,190.0,190.0,Pettah
2022-04-18,Nadu 2,178.0,178.0,Pettah
2022-04-19,Nadu 2,194.0,194.0,Pettah
2022-04-20,Nadu 2,194.0,194.0,Pettah
2022-04-21,Nadu 2,196.0,196.0,Pettah
2022-04-22,Nadu 2,197.0,197.0,Pettah
2022-04-25,Nadu 2,199.0,199.0,Pettah
2022-04-26,Nadu 2,198.6,198.6,Pettah
2022-04-27,Nadu 2,200.0,200.0,Pettah
2022-04-29,Nadu 2,201.6,201.6,Pettah
2022-05-04,Nadu 2,204.0,204.0,Pettah
2022-05-05,Nadu 2,207.0,207.0,Pettah
2022-05-09,Nadu 2,210.0,210.0,Pettah
2022-05-12,Nadu 2,210.0,210.0,Pettah
2022-05-13,Nadu 2,,,Pettah
2022-05-17,Nadu 2,211.0,211.0,Pettah
2022-05-18,Nadu 2,211.0,211.0,Pettah
2022-05-19,Nadu 2,211.0,211.0,Pettah
2022-05-20,Nadu 2,208.0,208.0,Pettah
2022-05-23,Nadu 2,207.0,207.0,Pettah
2022-05-24,Nadu 2,205.0,205.0,Pettah
2022-05-25,Nadu 2,207.0,207.0,Pettah
2022-05-26,Nadu 2,207.0,207.0,Pettah
2022-05-27,Nadu 2,206.0,206.0,Pettah
2022-05-30,Nadu 2,208.0,208.0,Pettah
2022-05-31,Nadu 2,214.0,214.0,Pettah
2022-06-01,Nadu 2,211.0,211.0,Pettah
2022-06-02,Nadu 2,214.0,214.0,Pettah
2022-06-03,Nadu 2,213.0,213.0,Pettah
2022-06-06,Nadu 2,218.0,218.0,Pettah
2022-06-07,Nadu 2,218.6,218.6,Pettah
2022-06-08,Nadu 2,218.0,218.0,Pettah
2022-06-09,Nadu 2,237.6,237.6,Pettah
2022-06-10,Nadu 2,241.67,241.67,Pettah
2022-06-13,Nadu 2,257.5,257.5,Pettah
2022-06-15,Nadu 2,260.0,260.0,Pettah
2022-06-16,Nadu 2,287.5,287.5,Pettah
2022-06-17,Nadu 2,223.0,223.0,Pettah
2022-06-20,Nadu 2,290.0,290.0,Pettah
2022-06-21,Nadu 2,290.0,290.0,Pettah
2022-06-22,Nadu 2,287.5,287.5,Pettah
2022-06-23,Nadu 2,275.0,275.0,Pettah
2022-06-24,Nadu 2,,,Pettah
2022-06-27,Nadu 2,1750.0,35.0,Pettah
2022-06-28,Nadu 2,1750.0,35.0,Pettah
2022-06-29,Nadu 2,1775.0,35.5,Pettah
2022-06-30,Nadu 2,1750.0,35.0,Pettah
2022-07-01,Nadu 2,1750.0,35.0,Pettah
2022-07-04,Nadu 2,1762.5,35.25,Pettah
2022-07-05,Nadu 2,1712.5,34.25,Pettah
2022-07-06,Nadu 2,1725.0,34.5,Pettah
2022-07-07,Nadu 2,1775.0,35.5,Pettah
2022-07-11,Nadu 2,1740.0,34.8,Pettah
2022-07-12,Nadu 2,1665.0,33.3,Pettah
2022-07-14,Nadu 2,1687.5,33.75,Pettah
2022-07-15,Nadu 2,1650.0,33.0,Pettah
2022-07-18,Nadu 2,,,Pettah
2022-07-19,Nadu 2,1625.0,32.5,Pettah
2022-07-20,Nadu 2,1625.0,32.5,Pettah
2022-07-21,Nadu 2,1612.5,32.25,Pettah
2022-07-22,Nadu 2,1575.0,31.5,Pettah
2022-07-25,Nadu 2,1562.5,31.25,Pettah
2022-07-26,Nadu 2,1575.0,31.5,Pettah
2022-07-27,Nadu 2,1565.0,31.3,Pettah
2022-07-28,Nadu 2,1575.0,31.5,Pettah
2022-07-29,Nadu 2,1487.5,29.75,Pettah
2022-08-01,Nadu 2,1465.0,29.3,Pettah
2022-08-02,Nadu 2,1457.5,29.15,Pettah
2022-08-03,Nadu 2,1440.0,28.8,Pettah
2022-08-04,Nadu 2,1425.0,28.5,Pettah
2022-08-05,Nadu 2,1437.5,28.75,Pettah
2022-08-08,Nadu 2,1475.0,29.5,Pettah
2022-08-09,Nadu 2,1475.0,29.5,Pettah
2022-08-10,Nadu 2,,,Pettah
2022-08-12,Nadu 2,1475.0,29.5,Pettah
2022-08-15,Nadu 2,1462.5,29.25,Pettah
2022-08-16,Nadu 2,216.2,216.2,Pettah
2022-08-17,Nadu 2,216.2,216.2,Pettah
2022-08-18,Nadu 2,213.6,213.6,Pettah
2022-08-19,Nadu 2,211.6,211.6,Pettah
2022-08-22,Nadu 2,214.0,214.0,Pettah
2022-08-23,Nadu 2,211.0,211.0,Pettah
2022-08-24,Nadu 2,210.6,210.6,Pettah
2022-08-25,Nadu 2,211.0,211.0,Pettah
2022-08-26,Nadu 2,211.0,211.0,Pettah
2022-08-29,Nadu 2,211.6,211.6,Pettah
2022-08-30,Nadu 2,213.0,213.0,Pettah
2022-08-31,Nadu 2,211.6,211.6,Pettah
2022-09-01,Nadu 2,211.0,211.0,Pettah
2022-09-02,Nadu 2,211.0,211.0,Pettah
2022-09-05,Nadu 2,212.0,212.0,Pettah
2022-09-06,Nadu 2,211.0,211.0,Pettah
2022-09-07,Nadu 2,211.0,211.0,Pettah
2022-09-08,Nadu 2,209.6,209.6,Pettah
2022-09-09,Nadu 2,208.6,208.6,Pettah
2022-09-12,Nadu 2,212.0,212.0,Pettah
2022-09-13,Nadu 2,212.0,212.0,Pettah
2022-09-14,Nadu 2,211.0,211.0,Pettah
2022-09-15,Nadu 2,211.25,211.25,Pettah
2022-09-16,Nadu 2,208.6,208.6,Pettah
2022-09-19,Nadu 2,206.6,206.6,Pettah
2022-09-20,Nadu 2,207.0,207.0,Pettah
2022-09-21,Nadu 2,206.6,206.6,Pettah
2022-09-22,Nadu 2,207.0,207.0,Pettah
2022-09-23,Nadu 2,208.0,208.0,Pettah
2022-09-26,Nadu 2,206.6,206.6,Pettah
2022-09-27,Nadu 2,207.6,207.6,Pettah
2022-09-28,Nadu 2,209.0,209.0,Pettah
2022-09-29,Nadu 2,208.0,208.0,Pettah
2022-09-30,Nadu 2,208.0,208.0,Pettah
2022-10-03,Nadu 2,207.0,207.0,Pettah
2022-10-04,Nadu 2,208.6,208.6,Pettah
2022-10-05,Nadu 2,208.0,208.0,Pettah
2022-10-06,Nadu 2,208.0,208.0,Pettah
2022-10-07,Nadu 2,207.6,207.6,Pettah
2022-10-10,Nadu 2,208.0,208.0,Pettah
2022-10-11,Nadu 2,208.6,208.6,Pettah
2022-10-12,Nadu 2,208.6,208.6,Pettah
2022-10-13,Nadu 2,209.0,209.0,Pettah
2022-10-14,Nadu 2,208.2,208.2,Pettah
2022-10-17,Nadu 2,208.0,208.0,Pettah
2022-10-18,Nadu 2,208.2,208.2,Pettah
2022-10-19,Nadu 2,208.6,208.6,Pettah
2022-10-20,Nadu 2,208.0,208.0,Pettah
2022-10-21,Nadu 2,208.6,208.6,Pettah
2022-10-25,Nadu 2,207.6,207.6,Pettah
2022-10-26,Nadu 2,207.6,207.6,Pettah
2022-10-27,Nadu 2,207.6,207.6,Pettah
2022-10-28,Nadu 2,207.2,207.2,Pettah
2022-10-31,Nadu 2,207.6,207.6,Pettah
2022-11-01,Nadu 2,207.6,207.6,Pettah
2022-11-02,Nadu 2,207.0,207.0,Pettah
2022-11-03,Nadu 2,205.2,205.2,Pettah
2022-11-04,Nadu 2,206.2,206.2,Pettah
2022-11-08,Nadu 2,205.6,205.6,Pettah
2022-11-09,Nadu 2,206.0,206.0,Pettah
2022-11-10,Nadu 2,205.2,205.2,Pettah
2022-11-11,Nadu 2,205.6,205.6,Pettah
2022-11-14,Nadu 2,204.4,204.4,Pettah
2022-11-15,Nadu 2,202.0,202.0,Pettah
2022-11-16,Nadu 2,202.0,202.0,Pettah
2022-11-17,Nadu 2,202.0,202.0,Pettah
2022-11-18,Nadu 2,201.8,201.8,Pettah
2022-11-21,Nadu 2,201.0,201.0,Pettah
2022-11-22,Nadu 2,199.6,199.6,Pettah
2022-11-23,Nadu 2,196.4,196.4,Pettah
2022-11-24,Nadu 2,199.0,199.0,Pettah
2022-11-25,Nadu 2,196.0,196.0,Pettah
2022-11-28,Nadu 2,195.6,195.6,Pettah
2022-11-29,Nadu 2,196.6,196.6,Pettah
2022-11-30,Nadu 2,192.0,192.0,Pettah
2022-12-01,Nadu 2,192.4,192.4,Pettah
2022-12-02,Nadu 2,193.0,193.0,Pettah
2022-12-05,Nadu 2,192.0,192.0,Pettah
2022-12-06,Nadu 2,191.6,191.6,Pettah
2022-12-08,Nadu 2,192.0,192.0,Pettah
2022-12-09,Nadu 2,193.0,193.0,Pettah
2022-12-12,Nadu 2,192.0,192.0,Pettah
2022-12-13,Nadu 2,192.0,192.0,Pettah
2022-12-14,Nadu 2,192.6,192.6,Pettah
2022-12-15,Nadu 2,193.6,193.6,Pettah
2022-12-16,Nadu 2,192.6,192.6,Pettah
2022-12-19,Nadu 2,192.6,192.6,Pettah
2022-12-20,Nadu 2,,,Pettah
2022-12-21,Nadu 2,197.0,197.0,Pettah
2022-12-22,Nadu 2,198.0,198.0,Pettah
2022-12-23,Nadu 2,199.6,199.6,Pettah
2022-12-26,Nadu 2,199.0,199.0,Pettah
2022-12-27,Nadu 2,197.0,197.0,Pettah
2022-12-28,Nadu 2,197.0,197.0,Pettah
2022-12-29,Nadu 2,197.0,197.0,Pettah
2022-12-30,Nadu 2,197.0,197.0,Pettah
2023-01-02,Nadu 2,197.8,197.8,Pettah
2023-01-03,Nadu 2,198.0,198.0,Pettah
2023-01-04,Nadu 2,198.0,198.0,Pettah
2023-01-05,Nadu 2,197.6,197.6,Pettah
2023-01-09,Nadu 2,198.0,198.0,Pettah
2023-01-10,Nadu 2,194.0,194.0,Pettah
2023-01-11,Nadu 2,193.0,193.0,Pettah
2023-01-12,Nadu 2,196.0,196.0,Pettah
2023-01-16,Nadu 2,196.0,196.0,Pettah
2023-01-17,Nadu 2,195.0,195.0,Pettah
2023-01-18,Nadu 2,195.6,195.6,Pettah
2023-01-19,Nadu 2,193.0,193.0,Pettah
2023-01-20,Nadu 2,193.0,193.0,Pettah
2023-01-23,Nadu 2,188.0,188.0,Pettah
2023-01-24,Nadu 2,187.0,187.0,Pettah
2023-01-25,Nadu 2,187.0,187.0,Pettah
2023-01-26,Nadu 2,190.0,190.0,Pettah
2023-01-27,Nadu 2,189.6,189.6,Pettah
2023-01-30,Nadu 2,180.0,180.0,Pettah
2023-01-31,Nadu 2,177.0,177.0,Pettah
2023-02-01,Nadu 2,178.0,178.0,Pettah
2023-02-02,Nadu 2,183.0,183.0,Pettah
2023-02-03,Nadu 2,183.0,183.0,Pettah
2023-02-06,Nadu 2,183.0,183.0,Pettah
2023-02-07,Nadu 2,178.0,178.0,Pettah
2023-02-08,Nadu 2,181.0,181.0,Pettah
2023-02-09,Nadu 2,176.0,176.0,Pettah
2023-02-10,Nadu 2,176.0,176.0,Pettah
2023-02-13,Nadu 2,174.6,174.6,Pettah
2023-02-14,Nadu 2,177.0,177.0,Pettah
2023-02-15,Nadu 2,180.0,180.0,Pettah
2023-02-16,Nadu 2,175.0,175.0,Pettah
2023-02-17,Nadu 2,176.0,176.0,Pettah
2023-02-20,Nadu 2,176.0,176.0,Pettah
2023-02-21,Nadu 2,176.0,176.0,Pettah
2023-02-22,Nadu 2,179.0,179.0,Pettah
2023-02-23,Nadu 2,179.4,179.4,Pettah
2023-02-24,Nadu 2,178.0,178.0,Pettah
2023-02-27,Nadu 2,180.0,180.0,Pettah
2023-02-28,Nadu 2,182.0,182.0,Pettah
2023-03-01,Nadu 2,182.0,182.0,Pettah
2023-03-02,Nadu 2,180.75,180.75,Pettah
2023-03-03,Nadu 2,181.6,181.6,Pettah
2023-03-07,Nadu 2,183.0,183.0,Pettah
2023-03-08,Nadu 2,183.0,183.0,Pettah
2023-03-09,Nadu 2,186.6,186.6,Pettah
2023-03-10,Nadu 2,184.0,184.0,Pettah
2023-03-13,Nadu 2,184.0,184.0,Pettah
2023-03-14,Nadu 2,183.0,183.0,Pettah
2023-03-15,Nadu 2,183.0,183.0,Pettah
2023-03-16,Nadu 2,183.0,183.0,Pettah
2023-03-17,Nadu 2,184.0,184.0,Pettah
2023-03-20,Nadu 2,185.0,185.0,Pettah
2023-03-21,Nadu 2,184.0,184.0,Pettah
2023-03-22,Nadu 2,183.4,183.4,Pettah
2023-03-23,Nadu 2,184.0,184.0,Pettah
2023-03-24,Nadu 2,183.0,183.0,Pettah
2023-03-27,Nadu 2,183.4,183.4,Pettah
2023-03-28,Nadu 2,182.4,182.4,Pettah
2023-03-29,Nadu 2,182.6,182.6,Pettah
2023-03-30,Nadu 2,184.0,184.0,Pettah
2023-03-31,Nadu 2,184.0,184.0,Pettah
2023-04-03,Nadu 2,182.0,182.0,Pettah
2023-04-04,Nadu 2,181.0,181.0,Pettah
2023-04-06,Nadu 2,181.0,181.0,Pettah
2023-04-10,Nadu 2,180.0,180.0,Pettah
2023-04-11,Nadu 2,183.0,183.0,Pettah
2023-04-17,Nadu 2,180.6,180.6,Pettah
2023-04-18,Nadu 2,178.0,178.0,Pettah
2023-04-19,Nadu 2,179.0,179.0,Pettah
2023-04-20,Nadu 2,181.0,181.0,Pettah
2023-04-21,Nadu 2,179.4,179.4,Pettah
2023-04-24,Nadu 2,178.0,178.0,Pettah
2023-04-25,Nadu 2,178.0,178.0,Pettah
2023-04-26,Nadu 2,178.0,178.0,Pettah
2023-04-27,Nadu 2,177.4,177.4,Pettah
2023-04-28,Nadu 2,182.4,182.4,Pettah
2023-05-02,Nadu 2,180.0,180.0,Pettah
2023-05-03,Nadu 2,178.6,178.6,Pettah
2023-05-04,Nadu 2,179.0,179.0,Pettah
2023-05-08,Nadu 2,180.0,180.0,Pettah
2023-05-09,Nadu 2,179.0,179.0,Pettah
2023-05-10,Nadu 2,178.0,178.0,Pettah
2023-05-11,Nadu 2,179.0,179.0,Pettah
2023-05-12,Nadu 2,180.0,180.0,Pettah
2023-05-15,Nadu 2,177.0,177.0,Pettah
2023-05-16,Nadu 2,179.0,179.0,Pettah
2023-05-17,Nadu 2,180.0,180.0,Pettah
2023-05-18,Nadu 2,179.0,179.0,Pettah
2023-05-19,Nadu 2,178.0,178.0,Pettah
2023-05-22,Nadu 2,178.75,178.75,Pettah
2023-05-23,Nadu 2,178.0,178.0,Pettah
2023-05-24,Nadu 2,179.0,179.0,Pettah
2023-05-25,Nadu 2,179.6,179.6,Pettah
2023-05-26,Nadu 2,179.0,179.0,Pettah
2023-05-29,Nadu 2,177.0,177.0,Pettah
2023-05-30,Nadu 2,177.6,177.6,Pettah
2023-05-31,Nadu 2,177.0,177.0,Pettah
2023-06-01,Nadu 2,177.0,177.0,Pettah
2023-06-02,Nadu 2,177.0,177.0,Pettah
2023-06-05,Nadu 2,178.6,178.6,Pettah
2023-06-06,Nadu 2,176.0,176.0,Pettah
2023-06-07,Nadu 2,175.0,175.0,Pettah
2023-06-08,Nadu 2,175.0,175.0,Pettah
2023-06-09,Nadu 2,174.0,174.0,Pettah
2023-06-12,Nadu 2,177.0,177.0,Pettah
2023-06-13,Nadu 2,176.0,176.0,Pettah
2023-06-14,Nadu 2,173.0,173.0,Pettah
2023-06-15,Nadu 2,175.0,175.0,Pettah
2023-06-16,Nadu 2,173.0,173.0,Pettah
2023-06-19,Nadu 2,171.0,171.0,Pettah
2023-06-20,Nadu 2,172.0,172.0,Pettah
2023-06-21,Nadu 2,170.0,170.0,Pettah
2023-06-22,Nadu 2,170.0,170.0,Pettah
2023-06-23,Nadu 2,170.0,170.0,Pettah
2023-06-26,Nadu 2,169.0,169.0,Pettah
2023-06-27,Nadu 2,169.0,169.0,Pettah
2023-06-28,Nadu 2,168.6,168.6,Pettah
2023-06-30,Nadu 2,169.0,169.0,Pettah
2023-07-04,Nadu 2,173.0,173.0,Pettah
2023-07-05,Nadu 2,173.4,173.4,Pettah
2023-07-06,Nadu 2,171.0,171.0,Pettah
2023-07-07,Nadu 2,170.6,170.6,Pettah
2023-07-10,Nadu 2,173.0,173.0,Pettah
2023-07-11,Nadu 2,169.6,169.6,Pettah
2023-07-12,Nadu 2,170.8,170.8,Pettah
2023-07-13,Nadu 2,171.0,171.0,Pettah
2023-07-14,Nadu 2,172.0,172.0,Pettah
2023-07-17,Nadu 2,171.0,171.0,Pettah
2023-07-18,Nadu 2,170.0,170.0,Pettah
2023-07-19,Nadu 2,172.8,172.8,Pettah
2023-07-20,Nadu 2,169.0,169.0,Pettah
2023-07-21,Nadu 2,170.0,170.0,Pettah
2023-07-24,Nadu 2,170.8,170.8,Pettah
2023-07-25,Nadu 2,170.0,170.0,Pettah
2023-07-26,Nadu 2,170.0,170.0,Pettah
2023-07-27,Nadu 2,170.0,170.0,Pettah
2023-07-28,Nadu 2,170.0,170.0,Pettah
2023-07-31,Nadu 2,170.0,170.0,Pettah
2023-08-02,Nadu 2,170.0,170.0,Pettah
2023-08-03,Nadu 2,170.0,170.0,Pettah
2023-08-04,Nadu 2,170.0,170.0,Pettah
2023-08-07,Nadu 2,170.0,170.0,Pettah
2023-08-08,Nadu 2,170.0,170.0,Pettah
2023-08-09,Nadu 2,170.0,170.0,Pettah
2023-08-10,Nadu 2,170.0,170.0,Pettah
2023-08-11,Nadu 2,170.0,170.0,Pettah
2023-08-14,Nadu 2,170.0,170.0,Pettah
2023-08-15,Nadu 2,170.0,170.0,Pettah
2023-08-16,Nadu 2,160.0,160.0,Pettah
2023-08-17,Nadu 2,170.0,170.0,Pettah
2023-08-18,Nadu 2,170.0,170.0,Pettah
2023-08-21,Nadu 2,174.0,174.0,Pettah
2023-08-22,Nadu 2,179.0,179.0,Pettah
2023-08-23,Nadu 2,180.0,180.0,Pettah
2023-08-24,Nadu 2,185.0,185.0,Pettah
2023-08-25,Nadu 2,185.0,185.0,Pettah
2023-08-28,Nadu 2,190.0,190.0,Pettah
2023-08-29,Nadu 2,190.0,190.0,Pettah
2023-08-31,Nadu 2,195.0,195.0,Pettah
2023-09-01,Nadu 2,194.0,194.0,Pettah
2023-09-04,Nadu 2,195.0,195.0,Pettah
2023-09-05,Nadu 2,194.0,194.0,Pettah
2023-09-06,Nadu 2,195.0,195.0,Pettah
2023-09-07,Nadu 2,195.0,195.0,Pettah
2023-09-08,Nadu 2,193.0,193.0,Pettah
2023-09-11,Nadu 2,195.0,195.0,Pettah
2023-09-12,Nadu 2,195.0,195.0,Pettah
2023-09-13,Nadu 2,195.0,195.0,Pettah
2023-09-14,Nadu 2,195.0,195.0,Pettah
2023-09-15,Nadu 2,195.0,195.0,Pettah
2023-09-18,Nadu 2,195.0,195.0,Pettah
2023-09-19,Nadu 2,195.0,195.0,Pettah
2023-09-20,Nadu 2,195.0,195.0,Pettah
2023-09-21,Nadu 2,195.0,195.0,Pettah
2023-09-22,Nadu 2,195.0,195.0,Pettah
2023-09-25,Nadu 2,195.0,195.0,Pettah
2023-09-26,Nadu 2,195.0,195.0,Pettah
2023-10-02,Nadu 2,195.0,195.0,Pettah
2023-10-03,Nadu 2,195.0,195.0,Pettah
2023-10-04,Nadu 2,195.0,195.0,Pettah
2023-10-05,Nadu 2,195.0,195.0,Pettah
2023-10-06,Nadu 2,196.0,196.0,Pettah
2023-10-09,Nadu 2,195.0,195.0,Pettah
2023-10-10,Nadu 2,195.0,195.0,Pettah
2023-10-11,Nadu 2,195.0,195.0,Pettah
2023-10-12,Nadu 2,195.0,195.0,Pettah
2023-10-13,Nadu 2,195.0,195.0,Pettah
2023-10-16,Nadu 2,195.0,195.0,Pettah
2023-10-17,Nadu 2,195.0,195.0,Pettah
2023-10-18,Nadu 2,195.0,195.0,Pettah
2023-10-19,Nadu 2,195.0,195.0,Pettah
2023-10-20,Nadu 2,196.0,196.0,Pettah
2023-10-23,Nadu 2,195.0,195.0,Pettah
2023-10-24,Nadu 2,195.8,195.8,Pettah
2023-10-25,Nadu 2,195.4,195.4,Pettah
2023-10-26,Nadu 2,196.0,196.0,Pettah
2023-10-27,Nadu 2,196.0,196.0,Pettah
2023-10-30,Nadu 2,200.0,200.0,Pettah
2023-10-31,Nadu 2,200.0,200.0,Pettah
2023-11-01,Nadu 2,200.0,200.0,Pettah
2023-11-02,Nadu 2,200.0,200.0,Pettah
2023-11-03,Nadu 2,200.4,200.4,Pettah
2023-11-06,Nadu 2,200.0,200.0,Pettah
2023-11-07,Nadu 2,205.0,205.0,Pettah
2023-11-08,Nadu 2,205.0,205.0,Pettah
2023-11-09,Nadu 2,205.0,205.0,Pettah
2023-11-10,Nadu 2,205.0,205.0,Pettah
2023-11-13,Nadu 2,205.0,205.0,Pettah
2023-11-14,Nadu 2,205.0,205.0,Pettah
2023-11-15,Nadu 2,205.0,205.0,Pettah
2023-11-16,Nadu 2,205.4,205.4,Pettah
2023-11-17,Nadu 2,205.4,205.4,Pettah
2023-11-20,Nadu 2,205.0,205.0,Pettah
2023-11-21,Nadu 2,205.0,205.0,Pettah
2023-11-22,Nadu 2,205.2,205.2,Pettah
2023-11-23,Nadu 2,205.2,205.2,Pettah
2023-11-24,Nadu 2,205.0,205.0,Pettah
2023-11-27,Nadu 2,205.4,205.4,Pettah
2023-11-28,Nadu 2,205.5,205.5,Pettah
2023-12-01,Nadu 2,205.4,205.4,Pettah
2023-12-04,Nadu 2,205.4,205.4,Pettah
2023-12-05,Nadu 2,205.5,205.5,Pettah
2023-12-06,Nadu 2,206.5,206.5,Pettah
2023-12-07,Nadu 2,205.5,205.5,Pettah
2023-12-08,Nadu 2,205.0,205.0,Pettah
2023-12-11,Nadu 2,205.5,205.5,Pettah
2023-12-12,Nadu 2,205.5,205.5,Pettah
2023-12-13,Nadu 2,205.5,205.5,Pettah
2023-12-14,Nadu 2,205.0,205.0,Pettah
2023-12-15,Nadu 2,206.0,206.0,Pettah
2023-12-18,Nadu 2,206.0,206.0,Pettah
2023-12-19,Nadu 2,205.5,205.5,Pettah
2023-12-20,Nadu 2,205.75,205.75,Pettah
2023-12-21,Nadu 2,206.5,206.5,Pettah
2023-12-22,Nadu 2,206.5,206.5,Pettah
2023-12-27,Nadu 2,205.5,205.5,Pettah
2023-12-28,Nadu 2,205.5,205.5,Pettah
2023-12-29,Nadu 2,206.5,206.5,Pettah
2024-01-01,Nadu 2,206.0,206.0,Pettah
2024-01-02,Nadu 2,206.0,206.0,Pettah
2024-01-03,Nadu 2,205.75,205.75,Pettah
2024-01-04,Nadu 2,206.0,206.0,Pettah
2024-01-05,Nadu 2,205.75,205.75,Pettah
2024-01-08,Nadu 2,205.75,205.75,Pettah
2024-01-09,Nadu 2,205.75,205.75,Pettah
2024-01-10,Nadu 2,206.5,206.5,Pettah
2024-01-11,Nadu 2,206.75,206.75,Pettah
2024-01-12,Nadu 2,206.5,206.5,Pettah
2024-01-16,Nadu 2,206.5,206.5,Pettah
2024-01-17,Nadu 2,206.5,206.5,Pettah
2024-01-18,Nadu 2,207.0,207.0,Pettah
2024-01-19,Nadu 2,206.5,206.5,Pettah
2024-01-22,Nadu 2,180.0,180.0,Pettah
2024-01-23,Nadu 2,181.0,181.0,Pettah
2024-01-24,Nadu 2,177.0,177.0,Pettah
2024-01-26,Nadu 2,178.75,178.75,Pettah
2024-01-29,Nadu 2,178.0,178.0,Pettah
2024-01-30,Nadu 2,176.0,176.0,Pettah
2024-01-31,Nadu 2,201.5,201.5,Pettah
2024-02-01,Nadu 2,196.0,196.0,Pettah
2024-02-02,Nadu 2,190.75,190.75,Pettah
2024-02-05,Nadu 2,190.75,190.75,Pettah
2024-02-06,Nadu 2,190.75,190.75,Pettah
2024-02-07,Nadu 2,191.0,191.0,Pettah
2024-02-08,Nadu 2,190.75,190.75,Pettah
2024-02-09,Nadu 2,190.75,190.75,Pettah
2024-02-12,Nadu 2,190.75,190.75,Pettah
2024-02-13,Nadu 2,190.75,190.75,Pettah
2024-02-14,Nadu 2,190.75,190.75,Pettah
2024-02-15,Nadu 2,190.75,190.75,Pettah
2024-02-16,Nadu 2,190.75,190.75,Pettah
2024-02-19,Nadu 2,190.75,190.75,Pettah
2024-02-20,Nadu 2,193.0,193.0,Pettah
2024-02-21,Nadu 2,193.75,193.75,Pettah
2024-02-22,Nadu 2,193.33,193.33,Pettah
2024-02-26,Nadu 2,192.5,192.5,Pettah
2024-02-27,Nadu 2,193.75,193.75,Pettah
2024-02-28,Nadu 2,193.75,193.75,Pettah
2024-02-29,Nadu 2,195.75,195.75,Pettah
2024-03-01,Nadu 2,193.75,193.75,Pettah
2024-03-04,Nadu 2,194.33,194.33,Pettah
2024-03-05,Nadu 2,194.33,194.33,Pettah
2024-03-06,Nadu 2,194.33,194.33,Pettah
2024-03-07,Nadu 2,194.5,194.5,Pettah
2024-03-11,Nadu 2,194.5,194.5,Pettah
2024-03-12,Nadu 2,194.5,194.5,Pettah
2024-03-13,Nadu 2,194.5,194.5,Pettah
2024-03-14,Nadu 2,194.5,194.5,Pettah
2024-03-15,Nadu 2,194.5,194.5,Pettah
2024-03-18,Nadu 2,194.5,194.5,Pettah
2024-03-19,Nadu 2,194.5,194.5,Pettah
2024-03-20,Nadu 2,194.33,194.33,Pettah
2024-03-21,Nadu 2,194.33,194.33,Pettah
2024-03-22,Nadu 2,194.33,194.33,Pettah
2024-03-25,Nadu 2,198.75,198.75,Pettah
2024-03-26,Nadu 2,198.33,198.33,Pettah
2024-03-27,Nadu 2,198.75,198.75,Pettah
2024-03-28,Nadu 2,198.75,198.75,Pettah
2024-04-01,Nadu 2,198.75,198.75,Pettah
2024-04-02,Nadu 2,198.75,198.75,Pettah
2024-04-03,Nadu 2,198.75,198.75,Pettah
2024-04-04,Nadu 2,198.75,198.75,Pettah
2024-04-05,Nadu 2,198.75,198.75,Pettah
2024-04-08,Nadu 2,198.75,198.75,Pettah
2024-04-09,Nadu 2,198.75,198.75,Pettah
2024-04-10,Nadu 2,198.75,198.75,Pettah
2024-04-16,Nadu 2,198.75,198.75,Pettah
2024-04-17,Nadu 2,198.75,198.75,Pettah
2024-04-18,Nadu 2,198.75,198.75,Pettah
2024-04-19,Nadu 2,198.33,198.33,Pettah
2024-04-22,Nadu 2,198.75,198.75,Pettah
2024-04-24,Nadu 2,198.75,198.75,Pettah
2024-04-25,Nadu 2,198.33,198.33,Pettah
2024-04-26,Nadu 2,200.0,200.0,Pettah
2024-04-29,Nadu 2,198.75,198.75,Pettah
2024-04-30,Nadu 2,200.0,200.0,Pettah
2024-05-02,Nadu 2,200.75,200.75,Pettah
2024-05-03,Nadu 2,201.0,201.0,Pettah
2024-05-06,Nadu 2,200.75,200.75,Pettah
2024-05-07,Nadu 2,201.0,201.0,Pettah
2024-05-08,Nadu 2,200.75,200.75,Pettah
2024-05-09,Nadu 2,201.0,201.0,Pettah
2024-05-10,Nadu 2,201.0,201.0,Pettah
2024-05-13,Nadu 2,201.0,201.0,Pettah
2024-05-14,Nadu 2,201.0,201.0,Pettah
2024-05-15,Nadu 2,201.5,201.5,Pettah
2024-05-16,Nadu 2,201.5,201.5,Pettah
2024-05-17,Nadu 2,200.75,200.75,Pettah
2024-05-20,Nadu 2,201.0,201.0,Pettah
2024-05-21,Nadu 2,201.0,201.0,Pettah
2024-05-22,Nadu 2,201.0,201.0,Pettah
2024-05-27,Nadu 2,204.33,204.33,Pettah
2024-05-28,Nadu 2,204.5,204.5,Pettah
2024-05-29,Nadu 2,204.5,204.5,Pettah
2024-05-30,Nadu 2,205.5,205.5,Pettah
2024-05-31,Nadu 2,205.5,205.5,Pettah
2024-06-03,Nadu 2,205.5,205.5,Pettah
2024-06-04,Nadu 2,205.5,205.5,Pettah
2024-06-05,Nadu 2,206.0,206.0,Pettah
2024-06-06,Nadu 2,205.5,205.5,Pettah
2024-06-07,Nadu 2,206.0,206.0,Pettah
2024-06-10,Nadu 2,205.5,205.5,Pettah
2024-06-11,Nadu 2,206.0,206.0,Pettah
2024-06-12,Nadu 2,205.67,205.67,Pettah
2024-06-13,Nadu 2,205.5,205.5,Pettah
2024-06-14,Nadu 2,205.4,205.4,Pettah
2024-06-18,Nadu 2,205.67,205.67,Pettah
2024-06-19,Nadu 2,205.67,205.67,Pettah
2024-06-20,Nadu 2,206.25,206.25,Pettah
2024-06-24,Nadu 2,205.67,205.67,Pettah
2024-06-25,Nadu 2,205.67,205.67,Pettah
2024-06-26,Nadu 2,206.33,206.33,Pettah
2024-06-27,Nadu 2,206.0,206.0,Pettah
2024-06-28,Nadu 2,205.67,205.67,Pettah
2024-07-01,Nadu 2,205.5,205.5,Pettah
2024-07-02,Nadu 2,205.5,205.5,Pettah
2024-07-03,Nadu 2,206.0,206.0,Pettah
2024-07-04,Nadu 2,205.67,205.67,Pettah
2024-07-05,Nadu 2,205.67,205.67,Pettah
2024-07-08,Nadu 2,206.0,206.0,Pettah
2024-07-09,Nadu 2,206.0,206.0,Pettah
2024-07-10,Nadu 2,206.0,206.0,Pettah
2024-07-11,Nadu 2,206.5,206.5,Pettah
2024-07-12,Nadu 2,206.0,206.0,Pettah
2024-07-15,Nadu 2,206.0,206.0,Pettah
2024-07-16,Nadu 2,206.0,206.0,Pettah
2024-07-17,Nadu 2,206.33,206.33,Pettah
2024-07-18,Nadu 2,206.33,206.33,Pettah
2024-07-19,Nadu 2,205.0,205.0,Pettah
2024-07-22,Nadu 2,206.33,206.33,Pettah
2024-07-23,Nadu 2,206.33,206.33,Pettah
2024-07-24,Nadu 2,206.33,206.33,Pettah
2024-07-25,Nadu 2,206.33,206.33,Pettah
2024-07-26,Nadu 2,206.33,206.33,Pettah
2024-07-29,Nadu 2,206.33,206.33,Pettah
2024-07-30,Nadu 2,206.33,206.33,Pettah
2024-07-31,Nadu 2,206.33,206.33,Pettah
2024-08-01,Nadu 2,206.33,206.33,Pettah
2024-08-02,Nadu 2,205.67,205.67,Pettah
2024-08-05,Nadu 2,205.67,205.67,Pettah
2024-08-06,Nadu 2,206.33,206.33,Pettah
2024-08-07,Nadu 2,206.33,206.33,Pettah
2024-08-08,Nadu 2,206.33,206.33,Pettah
2024-08-09,Nadu 2,205.67,205.67,Pettah
2024-08-12,Nadu 2,205.67,205.67,Pettah
2024-08-13,Nadu 2,205.67,205.67,Pettah
2024-08-14,Nadu 2,205.67,205.67,Pettah
2024-08-15,Nadu 2,206.33,206.33,Pettah
2024-08-16,Nadu 2,206.33,206.33,Pettah
2024-08-20,Nadu 2,206.33,206.33,Pettah
2024-08-21,Nadu 2,206.33,206.33,Pettah
2024-08-22,Nadu 2,206.33,206.33,Pettah
2024-08-23,Nadu 2,207.33,207.33,Pettah
2024-08-26,Nadu 2,209.0,209.0,Pettah
2024-08-27,Nadu 2,209.0,209.0,Pettah
2024-08-28,Nadu 2,209.0,209.0,Pettah
2024-08-29,Nadu 2,209.0,209.0,Pettah
2024-08-30,Nadu 2,209.0,209.0,Pettah
2024-09-02,Nadu 2,211.0,211.0,Pettah
2024-09-03,Nadu 2,211.0,211.0,Pettah
2024-09-04,Nadu 2,211.5,211.5,Pettah
2024-09-05,Nadu 2,211.0,211.0,Pettah
2024-09-06,Nadu 2,211.0,211.0,Pettah
2024-09-09,Nadu 2,216.0,216.0,Pettah
2024-09-10,Nadu 2,216.0,216.0,Pettah
2024-09-11,Nadu 2,216.0,216.0,Pettah
2024-09-12,Nadu 2,216.0,216.0,Pettah
2024-09-13,Nadu 2,216.0,216.0,Pettah
2024-09-18,Nadu 2,216.0,216.0,Pettah
2024-09-19,Nadu 2,216.0,216.0,Pettah
2024-09-20,Nadu 2,216.0,216.0,Pettah
2024-09-24,Nadu 2,219.5,219.5,Pettah
2024-09-25,Nadu 2,219.33,219.33,Pettah
2024-09-26,Nadu 2,219.33,219.33,Pettah
2024-09-27,Nadu 2,219.5,219.5,Pettah
2024-09-30,Nadu 2,216.5,216.5,Pettah
2024-10-01,Nadu 2,216.5,216.5,Pettah
2024-10-02,Nadu 2,216.5,216.5,Pettah
2024-10-03,Nadu 2,214.25,214.25,Pettah
2024-10-04,Nadu 2,215.0,215.0,Pettah
2024-10-07,Nadu 2,214.0,214.0,Pettah
2024-10-08,Nadu 2,214.0,214.0,Pettah
2024-10-09,Nadu 2,214.0,214.0,Pettah
2024-10-10,Nadu 2,214.0,214.0,Pettah
2024-10-11,Nadu 2,214.0,214.0,Pettah
2024-10-14,Nadu 2,214.0,214.0,Pettah
2024-10-15,Nadu 2,214.33,214.33,Pettah
2024-10-16,Nadu 2,214.5,214.5,Pettah
2024-10-18,Nadu 2,217.0,217.0,Pettah
2024-10-21,Nadu 2,217.0,217.0,Pettah
2024-10-22,Nadu 2,219.33,219.33,Pettah
2024-10-23,Nadu 2,219.33,219.33,Pettah
2024-10-24,Nadu 2,219.33,219.33,Pettah
2024-10-25,Nadu 2,219.33,219.33,Pettah
2024-10-28,Nadu 2,219.33,219.33,Pettah
2024-10-29,Nadu 2,219.2,219.2,Pettah
2024-11-01,Nadu 2,219.5,219.5,Pettah
2024-11-04,Nadu 2,219.5,219.5,Pettah
2024-11-05,Nadu 2,219.33,219.33,Pettah
2024-11-06,Nadu 2,219.5,219.5,Pettah
2024-11-07,Nadu 2,220.0,220.0,Pettah
2024-11-08,Nadu 2,219.0,219.0,Pettah
2024-11-11,Nadu 2,212.67,212.67,Pettah
2024-11-12,Nadu 2,219.33,219.33,Pettah
2024-11-13,Nadu 2,219.33,219.33,Pettah
2024-11-14,Nadu 2,217.67,217.67,Pettah
2024-11-18,Nadu 2,221.67,221.67,Pettah
2024-11-19,Nadu 2,226.0,226.0,Pettah
2024-11-20,Nadu 2,225.0,225.0,Pettah
2024-11-21,Nadu 2,226.0,226.0,Pettah
2024-11-22,Nadu 2,220.67,220.67,Pettah
2024-11-25,Nadu 2,229.33,229.33,Pettah
2024-11-26,Nadu 2,229.33,229.33,Pettah
2024-11-27,Nadu 2,228.33,228.33,Pettah
2024-11-28,Nadu 2,229.0,229.0,Pettah
2024-11-29,Nadu 2,229.0,229.0,Pettah
2024-12-02,Nadu 2,236.5,236.5,Pettah
2024-12-03,Nadu 2,237.25,237.25,Pettah
2024-12-04,Nadu 2,237.25,237.25,Pettah
2024-12-05,Nadu 2,239.0,239.0,Pettah
2024-12-06,Nadu 2,246.0,246.0,Pettah
2024-12-09,Nadu 2,239.0,239.0,Pettah
2024-12-10,Nadu 2,220.5,220.5,Pettah
2024-12-11,Nadu 2,221.5,221.5,Pettah
2024-12-12,Nadu 2,221.0,221.0,Pettah
2024-12-13,Nadu 2,221.5,221.5,Pettah
2024-12-16,Nadu 2,221.0,221.0,Pettah
2024-12-17,Nadu 2,221.0,221.0,Pettah
2024-12-18,Nadu 2,221.0,221.0,Pettah
2024-12-19,Nadu 2,221.0,221.0,Pettah
2024-12-20,Nadu 2,221.5,221.5,Pettah
2024-12-23,Nadu 2,221.0,221.0,Pettah
2024-12-24,Nadu 2,221.0,221.0,Pettah
2024-12-26,Nadu 2,221.0,221.0,Pettah
2024-12-27,Nadu 2,221.0,221.0,Pettah
2024-12-30,Nadu 2,221.0,221.0,Pettah
2024-12-31,Nadu 2,221.0,221.0,Pettah
2025-01-01,Nadu 2,221.5,221.5,Pettah
2025-01-02,Nadu 2,221.0,221.0,Pettah
2025-01-03,Nadu 2,221.0,221.0,Pettah
2025-01-06,Nadu 2,221.0,221.0,Pettah
2025-01-07,Nadu 2,221.0,221.0,Pettah
2025-01-08,Nadu 2,221.0,221.0,Pettah
2025-01-09,Nadu 2,221.0,221.0,Pettah
2025-01-10,Nadu 2,221.0,221.0,Pettah
2025-01-15,Nadu 2,221.0,221.0,Pettah
2025-01-16,Nadu 2,223.5,223.5,Pettah
2025-01-17,Nadu 2,221.0,221.0,Pettah
2025-01-20,Nadu 2,236.67,236.67,Pettah
2025-01-21,Nadu 2,211.75,211.75,Pettah
2025-01-22,Nadu 2,211.75,211.75,Pettah
2025-01-23,Nadu 2,211.75,211.75,Pettah
2025-01-24,Nadu 2,211.75,211.75,Pettah
2025-01-27,Nadu 2,211.75,211.75,Pettah
2025-01-28,Nadu 2,227.5,227.5,Pettah
2025-01-29,Nadu 2,227.5,227.5,Pettah
2025-01-30,Nadu 2,227.5,227.5,Pettah
2025-01-31,Nadu 2,230.0,230.0,Pettah
2025-02-03,Nadu 2,222.5,222.5,Pettah
2025-02-05,Nadu 2,222.5,222.5,Pettah
2025-02-06,Nadu 2,222.5,222.5,Pettah
2025-02-07,Nadu 2,217.5,217.5,Pettah
2025-02-10,Nadu 2,220.5,220.5,Pettah
2025-02-11,Nadu 2,221.0,221.0,Pettah
2025-02-13,Nadu 2,221.0,221.0,Pettah
2025-02-14,Nadu 2,221.0,221.0,Pettah
2025-02-17,Nadu 2,221.5,221.5,Pettah
2025-02-18,Nadu 2,221.0,221.0,Pettah
2025-02-19,Nadu 2,221.0,221.0,Pettah
2025-02-20,Nadu 2,221.0,221.0,Pettah
2025-02-21,Nadu 2,221.0,221.0,Pettah
2025-02-24,Nadu 2,221.0,221.0,Pettah
2025-02-25,Nadu 2,221.0,221.0,Pettah
2025-02-27,Nadu 2,221.0,221.0,Pettah
2025-02-28,Nadu 2,221.0,221.0,Pettah
2025-03-03,Nadu 2,221.0,221.0,Pettah
2025-03-04,Nadu 2,221.0,221.0,Pettah
2025-03-05,Nadu 2,221.0,221.0,Pettah
2025-03-06,Nadu 2,221.0,221.0,Pettah
2025-03-07,Nadu 2,221.0,221.0,Pettah
2025-03-10,Nadu 2,221.0,221.0,Pettah
2025-03-11,Nadu 2,221.5,221.5,Pettah
2025-03-12,Nadu 2,221.0,221.0,Pettah
2025-03-14,Nadu 2,221.0,221.0,Pettah
2025-03-17,Nadu 2,221.0,221.0,Pettah
2025-03-18,Nadu 2,221.0,221.0,Pettah
2025-03-19,Nadu 2,221.0,221.0,Pettah
2025-03-20,Nadu 2,221.0,221.0,Pettah
2025-03-21,Nadu 2,221.0,221.0,Pettah
2025-03-24,Nadu 2,221.0,221.0,Pettah
2025-03-25,Nadu 2,221.0,221.0,Pettah
2025-03-26,Nadu 2,221.0,221.0,Pettah
2025-03-27,Nadu 2,221.0,221.0,Pettah
2025-03-28,Nadu 2,221.0,221.0,Pettah
2025-04-01,Nadu 2,221.0,221.0,Pettah
2025-04-02,Nadu 2,221.0,221.0,Pettah
2025-04-03,Nadu 2,221.0,221.0,Pettah
2025-04-04,Nadu 2,221.0,221.0,Pettah
2025-04-07,Nadu 2,221.0,221.0,Pettah
2025-04-08,Nadu 2,221.0,221.0,Pettah
2025-04-09,Nadu 2,221.0,221.0,Pettah
2025-04-10,Nadu 2,221.0,221.0,Pettah
2025-04-11,Nadu 2,221.0,221.0,Pettah
2025-04-16,Nadu 2,38.0,38.0,Pettah
2025-04-17,Nadu 2,221.0,221.0,Pettah
2025-04-21,Nadu 2,220.0,220.0,Pettah
2025-04-22,Nadu 2,221.0,221.0,Pettah
2025-04-23,Nadu 2,221.0,221.0,Pettah
2025-04-24,Nadu 2,221.0,221.0,Pettah
2025-04-25,Nadu 2,221.0,221.0,Pettah
2025-04-28,Nadu 2,221.0,221.0,Pettah
2025-04-29,Nadu 2,221.0,221.0,Pettah
2025-05-02,Nadu 2,221.0,221.0,Pettah
2025-05-05,Nadu 2,221.0,221.0,Pettah
2025-05-06,Nadu 2,221.0,221.0,Pettah
2025-05-07,Nadu 2,221.0,221.0,Pettah
2025-05-08,Nadu 2,221.0,221.0,Pettah
2025-05-09,Nadu 2,221.0,221.0,Pettah
2025-05-14,Nadu 2,221.0,221.0,Pettah
2025-05-15,Nadu 2,221.0,221.0,Pettah
2025-05-16,Nadu 2,221.0,221.0,Pettah
2025-05-19,Nadu 2,221.0,221.0,Pettah
2025-05-20,Nadu 2,221.0,221.0,Pettah
2025-05-21,Nadu 2,221.0,221.0,Pettah
2025-05-22,Nadu 2,221.0,221.0,Pettah
2025-05-23,Nadu 2,221.0,221.0,Pettah
2025-05-26,Nadu 2,221.0,221.0,Pettah
2025-05-27,Nadu 2,221.0,221.0,Pettah
2025-05-28,Nadu 2,221.0,221.0,Pettah
2025-05-29,Nadu 2,221.0,221.0,Pettah
2025-05-30,Nadu 2,221.0,221.0,Pettah
2025-06-02,Nadu 2,221.0,221.0,Pettah
2025-06-03,Nadu 2,220.0,220.0,Pettah
2025-06-04,Nadu 2,220.8,220.8,Pettah
2025-06-05,Nadu 2,221.0,221.0,Pettah
2025-06-06,Nadu 2,221.0,221.0,Pettah
2025-06-09,Nadu 2,221.0,221.0,Pettah
2025-06-11,Nadu 2,221.0,221.0,Pettah
2025-06-12,Nadu 2,221.0,221.0,Pettah
2025-06-13,Nadu 2,221.0,221.0,Pettah
2025-06-16,Nadu 2,221.0,221.0,Pettah
2025-06-17,Nadu 2,221.0,221.0,Pettah
2025-06-18,Nadu 2,221.0,221.0,Pettah
2025-06-19,Nadu 2,221.0,221.0,Pettah
2025-06-20,Nadu 2,221.0,221.0,Pettah
2025-06-23,Nadu 2,221.0,221.0,Pettah
2025-06-24,Nadu 2,221.0,221.0,Pettah
2025-06-25,Nadu 2,216.5,216.5,Pettah
2025-06-26,Nadu 2,216.5,216.5,Pettah
2025-06-27,Nadu 2,216.5,216.5,Pettah
2025-06-30,Nadu 2,216.5,216.5,Pettah
2025-07-01,Nadu 2,216.5,216.5,Pettah
2025-07-07,Nadu 2,218.5,218.5,Pettah
2025-07-08,Nadu 2,210.5,210.5,Pettah
2025-07-09,Nadu 2,211.0,211.0,Pettah
2025-07-11,Nadu 2,211.0,211.0,Pettah
2025-07-14,Nadu 2,206.5,206.5,Pettah
2025-07-15,Nadu 2,211.0,211.0,Pettah
2025-07-16,Nadu 2,206.5,206.5,Pettah
2025-07-17,Nadu 2,206.5,206.5,Pettah
2025-07-18,Nadu 2,201.0,201.0,Pettah
2025-07-21,Nadu 2,206.5,206.5,Pettah
2025-07-22,Nadu 2,207.25,207.25,Pettah
2025-07-23,Nadu 2,205.25,205.25,Pettah
2025-07-24,Nadu 2,206.5,206.5,Pettah
2025-07-25,Nadu 2,201.0,201.0,Pettah
2025-07-28,Nadu 2,203.0,203.0,Pettah
2025-07-29,Nadu 2,206.0,206.0,Pettah
2025-07-30,Nadu 2,201.0,201.0,Pettah
2025-07-31,Nadu 2,201.0,201.0,Pettah
2025-08-01,Nadu 2,201.0,201.0,Pettah
2025-08-04,Nadu 2,197.5,197.5,Pettah
2025-08-05,Nadu 2,201.0,201.0,Pettah
2025-08-06,Nadu 2,201.0,201.0,Pettah
2025-08-07,Nadu 2,201.0,201.0,Pettah
2025-08-11,Nadu 2,201.0,201.0,Pettah
2025-08-12,Nadu 2,192.5,192.5,Pettah
2025-08-13,Nadu 2,197.5,197.5,Pettah
2025-08-14,Nadu 2,198.25,198.25,Pettah
2025-08-15,Nadu 2,198.25,198.25,Pettah
2025-08-18,Nadu 2,201.0,201.0,Pettah
2025-08-19,Nadu 2,201.0,201.0,Pettah
2025-08-20,Nadu 2,191.25,191.25,Pettah
2025-08-21,Nadu 2,192.5,192.5,Pettah
2025-08-22,Nadu 2,192.5,192.5,Pettah
2025-08-25,Nadu 2,192.5,192.5,Pettah
2025-08-26,Nadu 2,192.5,192.5,Pettah
2025-08-27,Nadu 2,192.5,192.5,Pettah
2025-08-28,Nadu 2,192.5,192.5,Pettah
2025-08-29,Nadu 2,192.5,192.5,Pettah
2025-09-01,Nadu 2,206.2,206.2,Pettah
2025-09-02,Nadu 2,198.0,198.0,Pettah
2025-09-03,Nadu 2,196.5,196.5,Pettah
2025-09-04,Nadu 2,192.5,192.5,Pettah
2025-09-08,Nadu 2,212.5,212.5,Pettah
2025-09-09,Nadu 2,201.25,201.25,Pettah
2025-09-10,Nadu 2,202.5,202.5,Pettah
2025-09-11,Nadu 2,202.5,202.5,Pettah
2025-09-12,Nadu 2,202.5,202.5,Pettah
2025-09-15,Nadu 2,202.5,202.5,Pettah
2025-09-16,Nadu 2,202.5,202.5,Pettah
2025-09-17,Nadu 2,206.5,206.5,Pettah
2025-09-18,Nadu 2,206.5,206.5,Pettah
2025-09-19,Nadu 2,206.5,206.5,Pettah
2025-09-22,Nadu 2,206.5,206.5,Pettah
2025-09-23,Nadu 2,201.25,201.25,Pettah
2025-09-24,Nadu 2,206.5,206.5,Pettah
2025-09-25,Nadu 2,206.5,206.5,Pettah
2025-09-26,Nadu 2,206.5,206.5,Pettah
2025-09-29,Nadu 2,206.5,206.5,Pettah
2025-09-30,Nadu 2,206.5,206.5,Pettah
2025-10-01,Nadu 2,206.5,206.5,Pettah
2025-10-02,Nadu 2,210.5,210.5,Pettah
2025-10-03,Nadu 2,209.5,209.5,Pettah
2025-10-07,Nadu 2,211.0,211.0,Pettah
2025-10-08,Nadu 2,211.0,211.0,Pettah
2025-10-09,Nadu 2,211.0,211.0,Pettah
2025-10-10,Nadu 2,211.0,211.0,Pettah
2025-10-13,Nadu 2,210.5,210.5,Pettah
2025-10-14,Nadu 2,211.0,211.0,Pettah
2025-10-15,Nadu 2,211.0,211.0,Pettah
2025-10-16,Nadu 2,211.0,211.0,Pettah
2025-10-17,Nadu 2,211.0,211.0,Pettah
2025-10-21,Nadu 2,211.0,211.0,Pettah
2025-10-22,Nadu 2,211.0,211.0,Pettah
2025-10-23,Nadu 2,211.0,211.0,Pettah
2025-10-24,Nadu 2,210.5,210.5,Pettah
2025-10-27,Nadu 2,210.4,210.4,Pettah
2025-10-28,Nadu 2,210.4,210.4,Pettah
2025-10-29,Nadu 2,210.8,210.8,Pettah
2025-10-30,Nadu 2,211.0,211.0,Pettah
2025-10-31,Nadu 2,210.5,210.5,Pettah
2025-11-03,Nadu 2,210.75,210.75,Pettah
2025-11-04,Nadu 2,210.75,210.75,Pettah
2025-11-06,Nadu 2,210.75,210.75,Pettah
2025-11-07,Nadu 2,210.75,210.75,Pettah
2025-11-10,Nadu 2,210.75,210.75,Pettah
2025-11-11,Nadu 2,210.75,210.75,Pettah
2025-11-12,Nadu 2,210.6,210.6,Pettah
2025-11-13,Nadu 2,210.6,210.6,Pettah
2025-11-14,Nadu 2,211.2,211.2,Pettah
2025-11-17,Nadu 2,211.2,211.2,Pettah
2025-11-18,Nadu 2,211.2,211.2,Pettah
2025-11-19,Nadu 2,210.75,210.75,Pettah
2025-11-20,Nadu 2,210.75,210.75,Pettah
2025-11-21,Nadu 2,210.75,210.75,Pettah
2025-11-24,Nadu 2,211.5,211.5,Pettah
2025-11-25,Nadu 2,211.5,211.5,Pettah
2025-11-26,Nadu 2,211.5,211.5,Pettah
2025-11-27,Nadu 2,210.75,210.75,Pettah
2025-12-01,Nadu 2,211.2,211.2,Pettah
2025-12-02,Nadu 2,211.2,211.2,Pettah
2025-12-03,Nadu 2,211.2,211.2,Pettah
2025-12-05,Nadu 2,215.8,215.8,Pettah
2025-12-08,Nadu 2,216.2,216.2,Pettah
2025-12-09,Nadu 2,216.2,216.2,Pettah
2025-12-10,Nadu 2,216.2,216.2,Pettah
2025-12-11,Nadu 2,220.4,220.4,Pettah
2025-12-12,Nadu 2,216.8,216.8,Pettah
2025-12-15,Nadu 2,220.8,220.8,Pettah
2025-12-16,Nadu 2,220.0,220.0,Pettah
2025-12-17,Nadu 2,217.0,217.0,Pettah
2025-12-18,Nadu 2,221.0,221.0,Pettah
2025-12-19,Nadu 2,221.0,221.0,Pettah
2025-12-22,Nadu 2,221.0,221.0,Pettah
2025-12-23,Nadu 2,221.0,221.0,Pettah
2025-12-24,Nadu 2,221.0,221.0,Pettah
2025-12-26,Nadu 2,221.0,221.0,Pettah
2025-12-29,Nadu 2,221.0,221.0,Pettah
2025-12-30,Nadu 2,221.0,221.0,Pettah
2025-12-31,Nadu 2,221.0,221.0,Pettah
2026-01-01,Nadu 2,221.0,221.0,Pettah
2026-01-02,Nadu 2,221.0,221.0,Pettah
2026-01-05,Nadu 2,221.0,221.0,Pettah
2026-01-06,Nadu 2,221.0,221.0,Pettah
2026-01-07,Nadu 2,221.0,221.0,Pettah
2026-01-08,Nadu 2,221.0,221.0,Pettah
2026-01-09,Nadu 2,221.0,221.0,Pettah
2026-01-12,Nadu 2,221.0,221.0,Pettah
2026-01-13,Nadu 2,219.5,219.5,Pettah
2026-01-16,Nadu 2,219.0,219.0,Pettah
2026-01-19,Nadu 2,219.0,219.0,Pettah
2026-01-20,Nadu 2,219.5,219.5,Pettah
2026-01-21,Nadu 2,219.0,219.0,Pettah
2026-01-22,Nadu 2,219.0,219.0,Pettah
2026-01-23,Nadu 2,219.5,219.5,Pettah
2026-01-26,Nadu 2,216.5,216.5,Pettah
2026-01-27,Nadu 2,216.5,216.5,Pettah
2026-01-28,Nadu 2,216.5,216.5,Pettah
2026-01-29,Nadu 2,216.5,216.5,Pettah
2026-01-30,Nadu 2,216.5,216.5,Pettah
2026-02-02,Nadu 2,207.5,207.5,Pettah
2026-02-03,Nadu 2,207.5,207.5,Pettah
2026-02-05,Nadu 2,209.0,209.0,Pettah
2026-02-06,Nadu 2,203.5,203.5,Pettah
2026-02-09,Nadu 2,203.5,203.5,Pettah
2026-02-10,Nadu 2,200.5,200.5,Pettah
2026-02-11,Nadu 2,201.0,201.0,Pettah
2026-02-12,Nadu 2,201.0,201.0,Pettah
2026-02-13,Nadu 2,201.0,201.0,Pettah
2026-02-16,Nadu 2,200.5,200.5,Pettah
2026-02-17,Nadu 2,200.5,200.5,Pettah
2026-02-18,Nadu 2,192.5,192.5,Pettah
2026-02-19,Nadu 2,192.5,192.5,Pettah
2026-02-20,Nadu 2,192.5,192.5,Pettah
2026-02-23,Nadu 2,192.5,192.5,Pettah
2026-02-24,Nadu 2,192.5,192.5,Pettah
2026-02-25,Nadu 2,192.5,192.5,Pettah
2026-02-26,Nadu 2,192.5,192.5,Pettah
2026-02-27,Nadu 2,192.5,192.5,Pettah
2026-03-03,Nadu 2,192.5,192.5,Pettah
2026-03-04,Nadu 2,192.5,192.5,Pettah
2026-03-05,Nadu 2,192.5,192.5,Pettah
2026-03-06,Nadu 2,192.5,192.5,Pettah
2026-03-09,Nadu 2,192.5,192.5,Pettah
2026-03-10,Nadu 2,192.5,192.5,Pettah
2026-03-11,Nadu 2,196.5,196.5,Pettah
2026-03-12,Nadu 2,192.5,192.5,Pettah
2026-03-13,Nadu 2,192.5,192.5,Pettah
2026-03-16,Nadu 2,192.5,192.5,Pettah
2026-03-17,Nadu 2,196.5,196.5,Pettah
2026-03-18,Nadu 2,192.5,192.5,Pettah
2026-03-19,Nadu 2,200.5,200.5,Pettah
2026-03-20,Nadu 2,200.5,200.5,Pettah
2026-03-23,Nadu 2,201.0,201.0,Pettah
2026-03-24,Nadu 2,201.0,201.0,Pettah
2026-03-25,Nadu 2,201.0,201.0,Pettah
2026-03-26,Nadu 2,201.0,201.0,Pettah
2026-03-27,Nadu 2,201.0,201.0,Pettah
2026-03-30,Nadu 2,206.5,206.5,Pettah
2026-03-31,Nadu 2,206.5,206.5,Pettah
2026-04-02,Nadu 2,206.5,206.5,Pettah
2026-04-06,Nadu 2,206.5,206.5,Pettah
2026-04-07,Nadu 2,206.5,206.5,Pettah
2026-04-08,Nadu 2,206.5,206.5,Pettah
2026-04-09,Nadu 2,206.5,206.5,Pettah
2026-04-10,Nadu 2,206.5,206.5,Pettah
2026-04-20,Nadu 2,206.5,206.5,Pettah
2026-04-21,Nadu 2,206.5,206.5,Pettah
2026-04-22,Nadu 2,206.5,206.5,Pettah
2026-04-23,Nadu 2,206.5,206.5,Pettah
2026-04-24,Nadu 2,201.0,201.0,Pettah
2026-04-27,Nadu 2,201.0,201.0,Pettah
2026-04-28,Nadu 2,206.5,206.5,Pettah
2026-04-29,Nadu 2,206.5,206.5,Pettah
2026-04-30,Nadu 2,206.5,206.5,Pettah
2026-05-04,Nadu 2,206.5,206.5,Pettah
2026-05-05,Nadu 2,206.5,206.5,Pettah
2026-05-06,Nadu 2,206.5,206.5,Pettah
2026-05-07,Nadu 2,206.0,206.0,Pettah
2026-05-08,Nadu 2,206.5,206.5,Pettah
2026-05-11,Nadu 2,206.5,206.5,Pettah
2026-05-12,Nadu 2,206.5,206.5,Pettah
2026-05-13,Nadu 2,206.5,206.5,Pettah
2026-05-14,Nadu 2,207.0,207.0,Pettah
2026-05-15,Nadu 2,200.5,200.5,Pettah
2026-05-18,Nadu 2,201.0,201.0,Pettah
2026-05-19,Nadu 2,201.0,201.0,Pettah
2026-05-20,Nadu 2,201.0,201.0,Pettah
2026-05-21,Nadu 2,201.0,201.0,Pettah
2026-05-22,Nadu 2,201.0,201.0,Pettah
2026-05-25,Nadu 2,200.5,200.5,Pettah
2026-05-26,Nadu 2,196.5,196.5,Pettah
2026-05-27,Nadu 2,196.5,196.5,Pettah
2026-05-29,Nadu 2,196.5,196.5,Pettah
2026-06-01,Nadu 2,196.5,196.5,Pettah
2026-06-02,Nadu 2,196.5,196.5,Pettah
2026-06-03,Nadu 2,196.5,196.5,Pettah
2026-06-04,Nadu 2,196.5,196.5,Pettah
2026-06-05,Nadu 2,196.5,196.5,Pettah
2026-06-08,Nadu 2,196.5,196.5,Pettah
2026-06-09,Nadu 2,196.5,196.5,Pettah
2026-06-10,Nadu 2,196.5,196.5,Pettah
2026-06-11,Nadu 2,196.5,196.5,Pettah
2026-06-12,Nadu 2,196.5,196.5,Pettah
2026-06-15,Nadu 2,196.5,196.5,Pettah
2026-06-16,Nadu 2,196.5,196.5,Pettah
2026-06-17,Nadu 2,196.5,196.5,Pettah
2026-06-18,Nadu 2,196.5,196.5,Pettah
2026-06-19,Nadu 2,190.67,190.67,Pettah
2026-06-22,Nadu 2,190.67,190.67,Pettah
2026-06-23,Nadu 2,190.67,190.67,Pettah
2026-06-24,Nadu 2,190.67,190.67,Pettah
2026-06-25,Nadu 2,193.5,193.5,Pettah
2026-06-26,Nadu 2,190.5,190.5,Pettah
2026-06-30,Nadu 2,190.5,190.5,Pettah
2026-07-01,Nadu 2,191.0,191.0,Pettah
2026-07-02,Nadu 2,191.0,191.0,Pettah
2026-07-03,Nadu 2,191.0,191.0,Pettah
2026-07-06,Nadu 2,191.0,191.0,Pettah
2026-07-07,Nadu 2,191.0,191.0,Pettah
2026-07-08,Nadu 2,191.0,191.0,Pettah
2026-07-09,Nadu 2,191.0,191.0,Pettah
2026-07-10,Nadu 2,191.0,191.0,Pettah
2026-07-13,Nadu 2,191.0,191.0,Pettah
2026-07-14,Nadu 2,191.0,191.0,Pettah
2026-07-15,Nadu 2,191.0,191.0,Pettah
2026-07-16,Nadu 2,191.0,191.0,Pettah
2026-07-17,Nadu 2,191.0,191.0,Pettah
2026-07-20,Nadu 2,191.0,191.0,Pettah
2026-07-21,Nadu 2,191.0,191.0,Pettah
2026-07-22,Nadu 2,191.0,191.0,Pettah
2026-07-23,Nadu 2,191.0,191.0,Pettah
2026-07-24,Nadu 2,191.0,191.0,Pettah
2026-07-27,Nadu 2,191.0,191.0,Pettah
2026-07-28,Nadu 2,191.0,191.0,Pettah
2026-07-30,Nadu 2,191.0,191.0,Pettah
2026-07-31,Nadu 2,191.0,191.0,Pettah
2026-08-03,Nadu 2,191.0,191.0,Pettah
2026-08-04,Nadu 2,191.0,191.0,Pettah
2026-08-05,Nadu 2,191.0,191.0,Pettah
2026-08-06,Nadu 2,191.0,191.0,Pettah
2026-08-07,Nadu 2,191.0,191.0,Pettah
2021-11-19,Ponne Samba,129.0,129.0,Pettah
2021-11-22,Ponne Samba,129.0,129.0,Pettah
2021-11-23,Ponne Samba,126.25,126.25,Pettah
2021-11-24,Ponne Samba,125.75,125.75,Pettah
2021-11-25,Ponne Samba,127.0,127.0,Pettah
2021-11-26,Ponne Samba,126.25,126.25,Pettah
2021-11-29,Ponne Samba,122.5,122.5,Pettah
2021-11-30,Ponne Samba,120.0,120.0,Pettah
2021-12-01,Ponne Samba,120.6,120.6,Pettah
2021-12-02,Ponne Samba,121.6,121.6,Pettah
2021-12-03,Ponne Samba,120.6,120.6,Pettah
2021-12-06,Ponne Samba,117.6,117.6,Pettah
2021-12-07,Ponne Samba,120.2,120.2,Pettah
2021-12-08,Ponne Samba,119.2,119.2,Pettah
2021-12-09,Ponne Samba,119.0,119.0,Pettah
2021-12-10,Ponne Samba,117.6,117.6,Pettah
2021-12-13,Ponne Samba,116.6,116.6,Pettah
2021-12-14,Ponne Samba,116.8,116.8,Pettah
2021-12-15,Ponne Samba,116.2,116.2,Pettah
2021-12-16,Ponne Samba,116.6,116.6,Pettah
2021-12-17,Ponne Samba,115.6,115.6,Pettah
2021-12-20,Ponne Samba,114.8,114.8,Pettah
2021-12-21,Ponne Samba,101.2,101.2,Pettah
2021-12-22,Ponne Samba,115.8,115.8,Pettah
2021-12-23,Ponne Samba,737.5,737.5,Pettah
2021-12-24,Ponne Samba,112.6,112.6,Pettah
2021-12-27,Ponne Samba,107.6,107.6,Pettah
2021-12-28,Ponne Samba,111.4,111.4,Pettah
2021-12-29,Ponne Samba,114.25,114.25,Pettah
2021-12-30,Ponne Samba,115.2,115.2,Pettah
2021-12-31,Ponne Samba,116.6,116.6,Pettah
2022-01-03,Ponne Samba,118.2,118.2,Pettah
2022-01-05,Ponne Samba,117.6,117.6,Pettah
2022-01-06,Ponne Samba,118.6,118.6,Pettah
2022-01-07,Ponne Samba,120.2,120.2,Pettah
2022-01-10,Ponne Samba,118.0,118.0,Pettah
2022-01-11,Ponne Samba,118.0,118.0,Pettah
2022-01-12,Ponne Samba,117.6,117.6,Pettah
2022-01-13,Ponne Samba,115.0,115.0,Pettah
2022-01-18,Ponne Samba,114.8,114.8,Pettah
2022-01-19,Ponne Samba,114.4,114.4,Pettah
2022-01-20,Ponne Samba,115.0,115.0,Pettah
2022-01-21,Ponne Samba,115.0,115.0,Pettah
2022-01-24,Ponne Samba,113.6,113.6,Pettah
2022-01-25,Ponne Samba,112.8,112.8,Pettah
2022-01-26,Ponne Samba,110.8,110.8,Pettah
2022-01-27,Ponne Samba,110.4,110.4,Pettah
2022-01-28,Ponne Samba,110.8,110.8,Pettah
2022-01-31,Ponne Samba,110.6,110.6,Pettah
2022-02-01,Ponne Samba,110.6,110.6,Pettah
2022-02-02,Ponne Samba,110.8,110.8,Pettah
2022-02-03,Ponne Samba,111.4,111.4,Pettah
2022-02-08,Ponne Samba,111.6,111.6,Pettah
2022-02-09,Ponne Samba,112.4,112.4,Pettah
2022-02-10,Ponne Samba,112.4,112.4,Pettah
2022-02-11,Ponne Samba,113.0,113.0,Pettah
2022-02-14,Ponne Samba,113.4,113.4,Pettah
2022-02-15,Ponne Samba,112.6,112.6,Pettah
2022-02-17,Ponne Samba,112.4,112.4,Pettah
2022-02-18,Ponne Samba,109.4,109.4,Pettah
2022-02-21,Ponne Samba,112.8,112.8,Pettah
2022-02-22,Ponne Samba,110.6,110.6,Pettah
2022-02-23,Ponne Samba,111.2,111.2,Pettah
2022-02-24,Ponne Samba,111.6,111.6,Pettah
2022-02-25,Ponne Samba,111.2,111.2,Pettah
2022-02-28,Ponne Samba,111.2,111.2,Pettah
2022-03-02,Ponne Samba,111.6,111.6,Pettah
2022-03-03,Ponne Samba,111.6,111.6,Pettah
2022-03-04,Ponne Samba,111.8,111.8,Pettah
2022-03-07,Ponne Samba,113.0,113.0,Pettah
2022-03-08,Ponne Samba,114.0,114.0,Pettah
2022-03-09,Ponne Samba,117.6,117.6,Pettah
2022-03-10,Ponne Samba,119.6,119.6,Pettah
2022-03-11,Ponne Samba,122.6,122.6,Pettah
2022-03-14,Ponne Samba,128.2,128.2,Pettah
2022-03-15,Ponne Samba,135.0,135.0,Pettah
2022-03-16,Ponne Samba,135.0,135.0,Pettah
2022-03-18,Ponne Samba,145.6,145.6,Pettah
2022-03-21,Ponne Samba,142.0,142.0,Pettah
2022-03-22,Ponne Samba,143.0,143.0,Pettah
2022-03-23,Ponne Samba,144.6,144.6,Pettah
2022-03-24,Ponne Samba,144.6,144.6,Pettah
2022-03-25,Ponne Samba,150.6,150.6,Pettah
2022-03-28,Ponne Samba,152.0,152.0,Pettah
2022-03-29,Ponne Samba,160.0,160.0,Pettah
2022-03-30,Ponne Samba,171.25,171.25,Pettah
2022-03-31,Ponne Samba,172.0,172.0,Pettah
2022-04-01,Ponne Samba,177.0,177.0,Pettah
2022-04-04,Ponne Samba,170.0,170.0,Pettah
2022-04-05,Ponne Samba,172.0,172.0,Pettah
2022-04-06,Ponne Samba,171.0,171.0,Pettah
2022-04-07,Ponne Samba,170.0,170.0,Pettah
2022-04-08,Ponne Samba,160.0,160.0,Pettah
2022-04-12,Ponne Samba,169.0,169.0,Pettah
2022-04-18,Ponne Samba,169.0,169.0,Pettah
2022-04-19,Ponne Samba,174.0,174.0,Pettah
2022-04-20,Ponne Samba,174.0,174.0,Pettah
2022-04-21,Ponne Samba,173.0,173.0,Pettah
2022-04-22,Ponne Samba,169.6,169.6,Pettah
2022-04-25,Ponne Samba,173.0,173.0,Pettah
2022-04-26,Ponne Samba,174.0,174.0,Pettah
2022-04-27,Ponne Samba,174.0,174.0,Pettah
2022-04-29,Ponne Samba,175.6,175.6,Pettah
2022-05-04,Ponne Samba,181.0,181.0,Pettah
2022-05-05,Ponne Samba,182.0,182.0,Pettah
2022-05-09,Ponne Samba,198.0,198.0,Pettah
2022-05-12,Ponne Samba,198.0,198.0,Pettah
2022-05-13,Ponne Samba,,,Pettah
2022-05-17,Ponne Samba,197.0,197.0,Pettah
2022-05-18,Ponne Samba,196.0,196.0,Pettah
2022-05-19,Ponne Samba,194.0,194.0,Pettah
2022-05-20,Ponne Samba,193.0,193.0,Pettah
2022-05-23,Ponne Samba,189.0,189.0,Pettah
2022-05-24,Ponne Samba,188.0,188.0,Pettah
2022-05-25,Ponne Samba,197.0,197.0,Pettah
2022-05-26,Ponne Samba,198.0,198.0,Pettah
2022-05-27,Ponne Samba,202.0,202.0,Pettah
2022-05-30,Ponne Samba,208.0,208.0,Pettah
2022-05-31,Ponne Samba,210.0,210.0,Pettah
2022-06-01,Ponne Samba,211.0,211.0,Pettah
2022-06-02,Ponne Samba,212.0,212.0,Pettah
2022-06-03,Ponne Samba,212.0,212.0,Pettah
2022-06-06,Ponne Samba,214.0,214.0,Pettah
2022-06-07,Ponne Samba,210.0,210.0,Pettah
2022-06-08,Ponne Samba,213.0,213.0,Pettah
2022-06-09,Ponne Samba,223.0,223.0,Pettah
2022-06-10,Ponne Samba,229.0,229.0,Pettah
2022-06-13,Ponne Samba,837.5,16.75,Pettah
2022-06-15,Ponne Samba,1725.0,34.5,Pettah
2022-06-16,Ponne Samba,825.0,16.5,Pettah
2022-06-17,Ponne Samba,290.0,290.0,Pettah
2022-06-20,Ponne Samba,825.0,825.0,Pettah
2022-06-21,Ponne Samba,825.0,825.0,Pettah
2022-06-22,Ponne Samba,825.0,825.0,Pettah
2022-06-23,Ponne Samba,825.0,825.0,Pettah
2022-06-24,Ponne Samba,,,Pettah
2022-06-27,Ponne Samba,272.5,272.5,Pettah
2022-06-28,Ponne Samba,247.5,247.5,Pettah
2022-06-29,Ponne Samba,227.5,227.5,Pettah
2022-06-30,Ponne Samba,220.0,220.0,Pettah
2022-07-01,Ponne Samba,210.0,210.0,Pettah
2022-07-04,Ponne Samba,177.5,177.5,Pettah
2022-07-05,Ponne Samba,172.5,172.5,Pettah
2022-07-06,Ponne Samba,172.5,172.5,Pettah
2022-07-07,Ponne Samba,172.5,172.5,Pettah
2022-07-11,Ponne Samba,375.0,375.0,Pettah
2022-07-12,Ponne Samba,385.0,385.0,Pettah
2022-07-14,Ponne Samba,385.0,385.0,Pettah
2022-07-15,Ponne Samba,405.0,405.0,Pettah
2022-07-18,Ponne Samba,,,Pettah
2022-07-19,Ponne Samba,197.5,197.5,Pettah
2022-07-20,Ponne Samba,182.5,182.5,Pettah
2022-07-21,Ponne Samba,170.0,170.0,Pettah
2022-07-22,Ponne Samba,435.0,435.0,Pettah
2022-07-25,Ponne Samba,425.0,425.0,Pettah
2022-07-26,Ponne Samba,365.0,365.0,Pettah
2022-07-27,Ponne Samba,355.0,355.0,Pettah
2022-07-28,Ponne Samba,345.0,345.0,Pettah
2022-07-29,Ponne Samba,345.0,345.0,Pettah
2022-08-01,Ponne Samba,355.0,355.0,Pettah
2022-08-02,Ponne Samba,365.0,365.0,Pettah
2022-08-03,Ponne Samba,355.0,355.0,Pettah
2022-08-04,Ponne Samba,355.0,355.0,Pettah
2022-08-05,Ponne Samba,355.0,355.0,Pettah
2022-08-08,Ponne Samba,365.0,365.0,Pettah
2022-08-09,Ponne Samba,355.0,355.0,Pettah
2022-08-10,Ponne Samba,,,Pettah
2022-08-12,Ponne Samba,355.0,355.0,Pettah
2022-08-15,Ponne Samba,365.0,365.0,Pettah
2022-08-16,Ponne Samba,179.0,179.0,Pettah
2022-08-17,Ponne Samba,179.0,179.0,Pettah
2022-08-18,Ponne Samba,177.0,177.0,Pettah
2022-08-19,Ponne Samba,177.0,177.0,Pettah
2022-08-22,Ponne Samba,173.0,173.0,Pettah
2022-08-23,Ponne Samba,175.0,175.0,Pettah
2022-08-24,Ponne Samba,174.2,174.2,Pettah
2022-08-25,Ponne Samba,179.6,179.6,Pettah
2022-08-26,Ponne Samba,178.2,178.2,Pettah
2022-08-29,Ponne Samba,177.0,177.0,Pettah
2022-08-30,Ponne Samba,183.0,183.0,Pettah
2022-08-31,Ponne Samba,183.0,183.0,Pettah
2022-09-01,Ponne Samba,183.6,183.6,Pettah
2022-09-02,Ponne Samba,188.0,188.0,Pettah
2022-09-05,Ponne Samba,182.0,182.0,Pettah
2022-09-06,Ponne Samba,176.6,176.6,Pettah
2022-09-07,Ponne Samba,174.6,174.6,Pettah
2022-09-08,Ponne Samba,176.6,176.6,Pettah
2022-09-09,Ponne Samba,188.0,188.0,Pettah
2022-09-12,Ponne Samba,186.0,186.0,Pettah
2022-09-13,Ponne Samba,182.5,182.5,Pettah
2022-09-14,Ponne Samba,182.6,182.6,Pettah
2022-09-15,Ponne Samba,181.6,181.6,Pettah
2022-09-16,Ponne Samba,183.0,183.0,Pettah
2022-09-19,Ponne Samba,181.6,181.6,Pettah
2022-09-20,Ponne Samba,180.6,180.6,Pettah
2022-09-21,Ponne Samba,178.2,178.2,Pettah
2022-09-22,Ponne Samba,178.2,178.2,Pettah
2022-09-23,Ponne Samba,176.2,176.2,Pettah
2022-09-26,Ponne Samba,173.2,173.2,Pettah
2022-09-27,Ponne Samba,174.6,174.6,Pettah
2022-09-28,Ponne Samba,174.4,174.4,Pettah
2022-09-29,Ponne Samba,172.6,172.6,Pettah
2022-09-30,Ponne Samba,174.2,174.2,Pettah
2022-10-03,Ponne Samba,174.4,174.4,Pettah
2022-10-04,Ponne Samba,173.0,173.0,Pettah
2022-10-05,Ponne Samba,174.6,174.6,Pettah
2022-10-06,Ponne Samba,173.4,173.4,Pettah
2022-10-07,Ponne Samba,173.0,173.0,Pettah
2022-10-10,Ponne Samba,173.0,173.0,Pettah
2022-10-11,Ponne Samba,172.4,172.4,Pettah
2022-10-12,Ponne Samba,172.4,172.4,Pettah
2022-10-13,Ponne Samba,173.0,173.0,Pettah
2022-10-14,Ponne Samba,171.6,171.6,Pettah
2022-10-17,Ponne Samba,171.0,171.0,Pettah
2022-10-18,Ponne Samba,170.0,170.0,Pettah
2022-10-19,Ponne Samba,169.6,169.6,Pettah
2022-10-20,Ponne Samba,170.4,170.4,Pettah
2022-10-21,Ponne Samba,170.2,170.2,Pettah
2022-10-25,Ponne Samba,164.0,164.0,Pettah
2022-10-26,Ponne Samba,167.4,167.4,Pettah
2022-10-27,Ponne Samba,165.0,165.0,Pettah
2022-10-28,Ponne Samba,162.6,162.6,Pettah
2022-10-31,Ponne Samba,162.6,162.6,Pettah
2022-11-01,Ponne Samba,167.0,167.0,Pettah
2022-11-02,Ponne Samba,167.0,167.0,Pettah
2022-11-03,Ponne Samba,172.6,172.6,Pettah
2022-11-04,Ponne Samba,171.6,171.6,Pettah
2022-11-08,Ponne Samba,166.0,166.0,Pettah
2022-11-09,Ponne Samba,163.0,163.0,Pettah
2022-11-10,Ponne Samba,163.4,163.4,Pettah
2022-11-11,Ponne Samba,163.4,163.4,Pettah
2022-11-14,Ponne Samba,162.6,162.6,Pettah
2022-11-15,Ponne Samba,165.0,165.0,Pettah
2022-11-16,Ponne Samba,168.0,168.0,Pettah
2022-11-17,Ponne Samba,166.2,166.2,Pettah
2022-11-18,Ponne Samba,166.6,166.6,Pettah
2022-11-21,Ponne Samba,168.0,168.0,Pettah
2022-11-22,Ponne Samba,167.6,167.6,Pettah
2022-11-23,Ponne Samba,167.6,167.6,Pettah
2022-11-24,Ponne Samba,167.6,167.6,Pettah
2022-11-25,Ponne Samba,167.6,167.6,Pettah
2022-11-28,Ponne Samba,167.6,167.6,Pettah
2022-11-29,Ponne Samba,167.6,167.6,Pettah
2022-11-30,Ponne Samba,165.0,165.0,Pettah
2022-12-01,Ponne Samba,166.0,166.0,Pettah
2022-12-02,Ponne Samba,166.0,166.0,Pettah
2022-12-05,Ponne Samba,166.6,166.6,Pettah
2022-12-06,Ponne Samba,166.6,166.6,Pettah
2022-12-08,Ponne Samba,166.0,166.0,Pettah
2022-12-09,Ponne Samba,162.4,162.4,Pettah
2022-12-12,Ponne Samba,156.6,156.6,Pettah
2022-12-13,Ponne Samba,180.0,180.0,Pettah
2022-12-14,Ponne Samba,176.6,176.6,Pettah
2022-12-15,Ponne Samba,177.0,177.0,Pettah
2022-12-16,Ponne Samba,178.6,178.6,Pettah
2022-12-19,Ponne Samba,178.6,178.6,Pettah
2022-12-20,Ponne Samba,,,Pettah
2022-12-21,Ponne Samba,175.0,175.0,Pettah
2022-12-22,Ponne Samba,178.6,178.6,Pettah
2022-12-23,Ponne Samba,179.0,179.0,Pettah
2022-12-26,Ponne Samba,178.0,178.0,Pettah
2022-12-27,Ponne Samba,179.0,179.0,Pettah
2022-12-28,Ponne Samba,178.6,178.6,Pettah
2022-12-29,Ponne Samba,178.0,178.0,Pettah
2022-12-30,Ponne Samba,179.6,179.6,Pettah
2023-01-02,Ponne Samba,180.0,180.0,Pettah
2023-01-03,Ponne Samba,174.0,174.0,Pettah
2023-01-04,Ponne Samba,174.6,174.6,Pettah
2023-01-05,Ponne Samba,175.0,175.0,Pettah
2023-01-09,Ponne Samba,173.0,173.0,Pettah
2023-01-10,Ponne Samba,175.0,175.0,Pettah
2023-01-11,Ponne Samba,176.0,176.0,Pettah
2023-01-12,Ponne Samba,175.0,175.0,Pettah
2023-01-16,Ponne Samba,175.0,175.0,Pettah
2023-01-17,Ponne Samba,175.6,175.6,Pettah
2023-01-18,Ponne Samba,174.6,174.6,Pettah
2023-01-19,Ponne Samba,174.6,174.6,Pettah
2023-01-20,Ponne Samba,176.2,176.2,Pettah
2023-01-23,Ponne Samba,173.0,173.0,Pettah
2023-01-24,Ponne Samba,172.0,172.0,Pettah
2023-01-25,Ponne Samba,170.6,170.6,Pettah
2023-01-26,Ponne Samba,169.4,169.4,Pettah
2023-01-27,Ponne Samba,172.4,172.4,Pettah
2023-01-30,Ponne Samba,168.8,168.8,Pettah
2023-01-31,Ponne Samba,167.6,167.6,Pettah
2023-02-01,Ponne Samba,168.0,168.0,Pettah
2023-02-02,Ponne Samba,166.0,166.0,Pettah
2023-02-03,Ponne Samba,164.0,164.0,Pettah
2023-02-06,Ponne Samba,166.2,166.2,Pettah
2023-02-07,Ponne Samba,165.6,165.6,Pettah
2023-02-08,Ponne Samba,165.6,165.6,Pettah
2023-02-09,Ponne Samba,163.6,163.6,Pettah
2023-02-10,Ponne Samba,163.4,163.4,Pettah
2023-02-13,Ponne Samba,163.0,163.0,Pettah
2023-02-14,Ponne Samba,163.8,163.8,Pettah
2023-02-15,Ponne Samba,164.4,164.4,Pettah
2023-02-16,Ponne Samba,164.4,164.4,Pettah
2023-02-17,Ponne Samba,165.6,165.6,Pettah
2023-02-20,Ponne Samba,166.2,166.2,Pettah
2023-02-21,Ponne Samba,168.6,168.6,Pettah
2023-02-22,Ponne Samba,167.2,167.2,Pettah
2023-02-23,Ponne Samba,169.4,169.4,Pettah
2023-02-24,Ponne Samba,172.0,172.0,Pettah
2023-02-27,Ponne Samba,171.0,171.0,Pettah
2023-02-28,Ponne Samba,169.0,169.0,Pettah
2023-03-01,Ponne Samba,169.0,169.0,Pettah
2023-03-02,Ponne Samba,170.8,170.8,Pettah
2023-03-03,Ponne Samba,173.0,173.0,Pettah
2023-03-07,Ponne Samba,173.25,173.25,Pettah
2023-03-08,Ponne Samba,173.6,173.6,Pettah
2023-03-09,Ponne Samba,170.0,170.0,Pettah
2023-03-10,Ponne Samba,172.0,172.0,Pettah
2023-03-13,Ponne Samba,170.75,170.75,Pettah
2023-03-14,Ponne Samba,169.2,169.2,Pettah
2023-03-15,Ponne Samba,170.2,170.2,Pettah
2023-03-16,Ponne Samba,168.4,168.4,Pettah
2023-03-17,Ponne Samba,171.4,171.4,Pettah
2023-03-20,Ponne Samba,168.2,168.2,Pettah
2023-03-21,Ponne Samba,167.0,167.0,Pettah
2023-03-22,Ponne Samba,168.6,168.6,Pettah
2023-03-23,Ponne Samba,167.4,167.4,Pettah
2023-03-24,Ponne Samba,169.6,169.6,Pettah
2023-03-27,Ponne Samba,168.6,168.6,Pettah
2023-03-28,Ponne Samba,171.0,171.0,Pettah
2023-03-29,Ponne Samba,168.6,168.6,Pettah
2023-03-30,Ponne Samba,168.6,168.6,Pettah
2023-03-31,Ponne Samba,168.6,168.6,Pettah
2023-04-03,Ponne Samba,170.0,170.0,Pettah
2023-04-04,Ponne Samba,170.0,170.0,Pettah
2023-04-06,Ponne Samba,169.0,169.0,Pettah
2023-04-10,Ponne Samba,177.0,177.0,Pettah
2023-04-11,Ponne Samba,170.0,170.0,Pettah
2023-04-17,Ponne Samba,171.25,171.25,Pettah
2023-04-18,Ponne Samba,179.5,179.5,Pettah
2023-04-19,Ponne Samba,178.75,178.75,Pettah
2023-04-20,Ponne Samba,178.5,178.5,Pettah
2023-04-21,Ponne Samba,177.67,177.67,Pettah
2023-04-24,Ponne Samba,179.2,179.2,Pettah
2023-04-25,Ponne Samba,1116.0,22.32,Pettah
2023-04-26,Ponne Samba,173.0,173.0,Pettah
2023-04-27,Ponne Samba,178.75,178.75,Pettah
2023-04-28,Ponne Samba,171.0,171.0,Pettah
2023-05-02,Ponne Samba,178.6,178.6,Pettah
2023-05-03,Ponne Samba,176.67,176.67,Pettah
2023-05-04,Ponne Samba,175.0,175.0,Pettah
2023-05-08,Ponne Samba,176.75,176.75,Pettah
2023-05-09,Ponne Samba,177.0,177.0,Pettah
2023-05-10,Ponne Samba,179.25,179.25,Pettah
2023-05-11,Ponne Samba,179.0,179.0,Pettah
2023-05-12,Ponne Samba,184.5,184.5,Pettah
2023-05-15,Ponne Samba,187.67,187.67,Pettah
2023-05-16,Ponne Samba,176.0,176.0,Pettah
2023-05-17,Ponne Samba,188.33,188.33,Pettah
2023-05-18,Ponne Samba,188.33,188.33,Pettah
2023-05-19,Ponne Samba,187.67,187.67,Pettah
2023-05-22,Ponne Samba,184.0,184.0,Pettah
2023-05-23,Ponne Samba,186.0,186.0,Pettah
2023-05-24,Ponne Samba,183.75,183.75,Pettah
2023-05-25,Ponne Samba,183.33,183.33,Pettah
2023-05-26,Ponne Samba,183.33,183.33,Pettah
2023-05-29,Ponne Samba,181.5,181.5,Pettah
2023-05-30,Ponne Samba,181.2,181.2,Pettah
2023-05-31,Ponne Samba,182.0,182.0,Pettah
2023-06-01,Ponne Samba,176.0,176.0,Pettah
2023-06-02,Ponne Samba,180.75,180.75,Pettah
2023-06-05,Ponne Samba,181.25,181.25,Pettah
2023-06-06,Ponne Samba,183.6,183.6,Pettah
2023-06-07,Ponne Samba,183.33,183.33,Pettah
2023-06-08,Ponne Samba,182.0,182.0,Pettah
2023-06-09,Ponne Samba,183.25,183.25,Pettah
2023-06-12,Ponne Samba,185.0,185.0,Pettah
2023-06-13,Ponne Samba,181.67,181.67,Pettah
2023-06-14,Ponne Samba,182.5,182.5,Pettah
2023-06-15,Ponne Samba,182.0,182.0,Pettah
2023-06-16,Ponne Samba,183.75,183.75,Pettah
2023-06-19,Ponne Samba,960.0,960.0,Pettah
2023-06-20,Ponne Samba,956.0,956.0,Pettah
2023-06-21,Ponne Samba,188.0,188.0,Pettah
2023-06-22,Ponne Samba,186.25,186.25,Pettah
2023-06-23,Ponne Samba,186.0,186.0,Pettah
2023-06-26,Ponne Samba,189.5,189.5,Pettah
2023-06-27,Ponne Samba,187.0,187.0,Pettah
2023-06-28,Ponne Samba,186.6,186.6,Pettah
2023-06-30,Ponne Samba,188.0,188.0,Pettah
2023-07-04,Ponne Samba,188.0,188.0,Pettah
2023-07-05,Ponne Samba,188.75,188.75,Pettah
2023-07-06,Ponne Samba,189.33,189.33,Pettah
2023-07-07,Ponne Samba,190.0,190.0,Pettah
2023-07-10,Ponne Samba,191.0,191.0,Pettah
2023-07-11,Ponne Samba,190.8,190.8,Pettah
2023-07-12,Ponne Samba,191.4,191.4,Pettah
2023-07-13,Ponne Samba,189.0,189.0,Pettah
2023-07-14,Ponne Samba,189.0,189.0,Pettah
2023-07-17,Ponne Samba,190.0,190.0,Pettah
2023-07-18,Ponne Samba,190.0,190.0,Pettah
2023-07-19,Ponne Samba,188.2,188.2,Pettah
2023-07-20,Ponne Samba,188.4,188.4,Pettah
2023-07-21,Ponne Samba,186.0,186.0,Pettah
2023-07-24,Ponne Samba,1076.0,21.52,Pettah
2023-07-25,Ponne Samba,183.33,183.33,Pettah
2023-07-26,Ponne Samba,188.33,188.33,Pettah
2023-07-27,Ponne Samba,188.33,188.33,Pettah
2023-07-28,Ponne Samba,186.67,186.67,Pettah
2023-07-31,Ponne Samba,186.67,186.67,Pettah
2023-08-02,Ponne Samba,186.67,186.67,Pettah
2023-08-03,Ponne Samba,304.0,304.0,Pettah
2023-08-04,Ponne Samba,189.0,189.0,Pettah
2023-08-07,Ponne Samba,189.0,189.0,Pettah
2023-08-08,Ponne Samba,288.0,288.0,Pettah
2023-08-09,Ponne Samba,270.0,270.0,Pettah
2023-08-10,Ponne Samba,248.0,248.0,Pettah
2023-08-11,Ponne Samba,256.0,256.0,Pettah
2023-08-14,Ponne Samba,160.0,160.0,Pettah
2023-08-15,Ponne Samba,160.0,160.0,Pettah
2023-08-16,Ponne Samba,192.0,192.0,Pettah
2023-08-17,Ponne Samba,178.0,178.0,Pettah
2023-08-18,Ponne Samba,204.0,204.0,Pettah
2023-08-21,Ponne Samba,212.0,212.0,Pettah
2023-08-22,Ponne Samba,208.0,208.0,Pettah
2023-08-23,Ponne Samba,192.0,192.0,Pettah
2023-08-24,Ponne Samba,200.0,200.0,Pettah
2023-08-25,Ponne Samba,208.0,208.0,Pettah
2023-08-28,Ponne Samba,216.0,216.0,Pettah
2023-08-29,Ponne Samba,216.0,216.0,Pettah
2023-08-31,Ponne Samba,208.0,208.0,Pettah
2023-09-01,Ponne Samba,232.0,232.0,Pettah
2023-09-04,Ponne Samba,212.0,212.0,Pettah
2023-09-05,Ponne Samba,212.0,212.0,Pettah
2023-09-06,Ponne Samba,212.0,212.0,Pettah
2023-09-07,Ponne Samba,212.0,212.0,Pettah
2023-09-08,Ponne Samba,226.0,226.0,Pettah
2023-09-11,Ponne Samba,230.0,230.0,Pettah
2023-09-12,Ponne Samba,212.0,212.0,Pettah
2023-09-13,Ponne Samba,212.0,212.0,Pettah
2023-09-14,Ponne Samba,212.0,212.0,Pettah
2023-09-15,Ponne Samba,212.0,212.0,Pettah
2023-09-18,Ponne Samba,212.0,212.0,Pettah
2023-09-19,Ponne Samba,212.0,212.0,Pettah
2023-09-20,Ponne Samba,216.0,216.0,Pettah
2023-09-21,Ponne Samba,220.0,220.0,Pettah
2023-09-22,Ponne Samba,224.0,224.0,Pettah
2023-09-25,Ponne Samba,224.0,224.0,Pettah
2023-09-26,Ponne Samba,224.0,224.0,Pettah
2023-10-02,Ponne Samba,230.0,230.0,Pettah
2023-10-03,Ponne Samba,220.0,220.0,Pettah
2023-10-04,Ponne Samba,238.0,238.0,Pettah
2023-10-05,Ponne Samba,244.0,244.0,Pettah
2023-10-06,Ponne Samba,248.0,248.0,Pettah
2023-10-09,Ponne Samba,256.0,256.0,Pettah
2023-10-10,Ponne Samba,258.0,258.0,Pettah
2023-10-11,Ponne Samba,242.0,242.0,Pettah
2023-10-12,Ponne Samba,242.0,242.0,Pettah
2023-10-13,Ponne Samba,248.0,248.0,Pettah
2023-10-16,Ponne Samba,264.0,264.0,Pettah
2023-10-17,Ponne Samba,242.0,242.0,Pettah
2023-10-18,Ponne Samba,242.0,242.0,Pettah
2023-10-19,Ponne Samba,252.0,252.0,Pettah
2023-10-20,Ponne Samba,242.0,242.0,Pettah
2023-10-23,Ponne Samba,370.0,370.0,Pettah
2023-10-24,Ponne Samba,374.0,374.0,Pettah
2023-10-25,Ponne Samba,374.0,374.0,Pettah
2023-10-26,Ponne Samba,392.0,392.0,Pettah
2023-10-27,Ponne Samba,392.0,392.0,Pettah
2023-10-30,Ponne Samba,476.0,476.0,Pettah
2023-10-31,Ponne Samba,480.0,480.0,Pettah
2023-11-01,Ponne Samba,480.0,480.0,Pettah
2023-11-02,Ponne Samba,468.0,468.0,Pettah
2023-11-03,Ponne Samba,390.0,390.0,Pettah
2023-11-06,Ponne Samba,404.0,404.0,Pettah
2023-11-07,Ponne Samba,414.0,414.0,Pettah
2023-11-08,Ponne Samba,398.0,398.0,Pettah
2023-11-09,Ponne Samba,410.0,410.0,Pettah
2023-11-10,Ponne Samba,386.0,386.0,Pettah
2023-11-13,Ponne Samba,448.0,448.0,Pettah
2023-11-14,Ponne Samba,446.0,446.0,Pettah
2023-11-15,Ponne Samba,440.0,440.0,Pettah
2023-11-16,Ponne Samba,436.0,436.0,Pettah
2023-11-17,Ponne Samba,365.0,365.0,Pettah
2023-11-20,Ponne Samba,365.0,365.0,Pettah
2023-11-21,Ponne Samba,446.0,446.0,Pettah
2023-11-22,Ponne Samba,441.0,441.0,Pettah
2023-11-23,Ponne Samba,442.0,442.0,Pettah
2023-11-24,Ponne Samba,438.0,438.0,Pettah
2023-11-27,Ponne Samba,392.0,392.0,Pettah
2023-11-28,Ponne Samba,388.0,388.0,Pettah
2023-12-01,Ponne Samba,392.0,392.0,Pettah
2023-12-04,Ponne Samba,412.0,412.0,Pettah
2023-12-05,Ponne Samba,412.0,412.0,Pettah
2023-12-06,Ponne Samba,392.0,392.0,Pettah
2023-12-07,Ponne Samba,392.0,392.0,Pettah
2023-12-08,Ponne Samba,408.0,408.0,Pettah
2023-12-11,Ponne Samba,392.0,392.0,Pettah
2023-12-12,Ponne Samba,412.0,412.0,Pettah
2023-12-13,Ponne Samba,388.0,388.0,Pettah
2023-12-14,Ponne Samba,410.0,410.0,Pettah
2023-12-15,Ponne Samba,398.0,398.0,Pettah
2023-12-18,Ponne Samba,385.0,385.0,Pettah
2023-12-19,Ponne Samba,396.0,396.0,Pettah
2023-12-20,Ponne Samba,418.0,418.0,Pettah
2023-12-21,Ponne Samba,418.0,418.0,Pettah
2023-12-22,Ponne Samba,434.0,434.0,Pettah
2023-12-27,Ponne Samba,484.0,484.0,Pettah
2023-12-28,Ponne Samba,418.0,418.0,Pettah
2023-12-29,Ponne Samba,455.0,455.0,Pettah
2024-01-01,Ponne Samba,430.0,430.0,Pettah
2024-01-02,Ponne Samba,395.0,395.0,Pettah
2024-01-03,Ponne Samba,365.0,365.0,Pettah
2024-01-04,Ponne Samba,365.0,365.0,Pettah
2024-01-05,Ponne Samba,325.0,325.0,Pettah
2024-01-08,Ponne Samba,285.0,285.0,Pettah
2024-01-09,Ponne Samba,282.0,282.0,Pettah
2024-01-10,Ponne Samba,288.0,288.0,Pettah
2024-01-11,Ponne Samba,282.0,282.0,Pettah
2024-01-12,Ponne Samba,280.0,280.0,Pettah
2024-01-16,Ponne Samba,284.0,284.0,Pettah
2024-01-17,Ponne Samba,272.0,272.0,Pettah
2024-01-18,Ponne Samba,282.0,282.0,Pettah
2024-01-19,Ponne Samba,300.0,300.0,Pettah
2024-01-22,Ponne Samba,302.0,302.0,Pettah
2024-01-23,Ponne Samba,294.0,294.0,Pettah
2024-01-24,Ponne Samba,292.0,292.0,Pettah
2024-01-26,Ponne Samba,268.0,268.0,Pettah
2024-01-29,Ponne Samba,268.0,268.0,Pettah
2024-01-30,Ponne Samba,190.0,190.0,Pettah
2024-01-31,Ponne Samba,948.0,948.0,Pettah
2024-02-01,Ponne Samba,922.0,922.0,Pettah
2024-02-02,Ponne Samba,928.0,928.0,Pettah
2024-02-05,Ponne Samba,910.0,910.0,Pettah
2024-02-06,Ponne Samba,910.0,910.0,Pettah
2024-02-07,Ponne Samba,910.0,910.0,Pettah
2024-02-08,Ponne Samba,910.0,910.0,Pettah
2024-02-09,Ponne Samba,910.0,910.0,Pettah
2024-02-12,Ponne Samba,930.0,930.0,Pettah
2024-02-13,Ponne Samba,910.0,910.0,Pettah
2024-02-14,Ponne Samba,880.0,880.0,Pettah
2024-02-15,Ponne Samba,880.0,880.0,Pettah
2024-02-16,Ponne Samba,880.0,880.0,Pettah
2024-02-19,Ponne Samba,840.0,840.0,Pettah
2024-02-20,Ponne Samba,840.0,840.0,Pettah
2024-02-21,Ponne Samba,840.0,840.0,Pettah
2024-02-22,Ponne Samba,870.0,870.0,Pettah
2024-02-26,Ponne Samba,860.0,860.0,Pettah
2024-02-27,Ponne Samba,860.0,860.0,Pettah
2024-02-28,Ponne Samba,860.0,860.0,Pettah
2024-02-29,Ponne Samba,860.0,860.0,Pettah
2024-03-01,Ponne Samba,860.0,860.0,Pettah
2024-03-04,Ponne Samba,860.0,860.0,Pettah
2024-03-05,Ponne Samba,860.0,860.0,Pettah
2024-03-06,Ponne Samba,860.0,860.0,Pettah
2024-03-07,Ponne Samba,860.0,860.0,Pettah
2024-03-11,Ponne Samba,860.0,860.0,Pettah
2024-03-12,Ponne Samba,860.0,860.0,Pettah
2024-03-13,Ponne Samba,860.0,860.0,Pettah
2024-03-14,Ponne Samba,810.0,810.0,Pettah
2024-03-15,Ponne Samba,810.0,810.0,Pettah
2024-03-18,Ponne Samba,780.0,780.0,Pettah
2024-03-19,Ponne Samba,790.0,790.0,Pettah
2024-03-20,Ponne Samba,790.0,790.0,Pettah
2024-03-21,Ponne Samba,790.0,790.0,Pettah
2024-03-22,Ponne Samba,810.0,810.0,Pettah
2024-03-25,Ponne Samba,810.0,810.0,Pettah
2024-03-26,Ponne Samba,810.0,810.0,Pettah
2024-03-27,Ponne Samba,810.0,810.0,Pettah
2024-03-28,Ponne Samba,790.0,790.0,Pettah
2024-04-01,Ponne Samba,690.0,690.0,Pettah
2024-04-02,Ponne Samba,710.0,710.0,Pettah
2024-04-03,Ponne Samba,690.0,690.0,Pettah
2024-04-04,Ponne Samba,690.0,690.0,Pettah
2024-04-05,Ponne Samba,690.0,690.0,Pettah
2024-04-08,Ponne Samba,660.0,660.0,Pettah
2024-04-09,Ponne Samba,660.0,660.0,Pettah
2024-04-10,Ponne Samba,660.0,660.0,Pettah
2024-04-16,Ponne Samba,660.0,660.0,Pettah
2024-04-17,Ponne Samba,660.0,660.0,Pettah
2024-04-18,Ponne Samba,660.0,660.0,Pettah
2024-04-19,Ponne Samba,660.0,660.0,Pettah
2024-04-22,Ponne Samba,660.0,660.0,Pettah
2024-04-24,Ponne Samba,660.0,660.0,Pettah
2024-04-25,Ponne Samba,680.0,680.0,Pettah
2024-04-26,Ponne Samba,680.0,680.0,Pettah
2024-04-29,Ponne Samba,660.0,660.0,Pettah
2024-04-30,Ponne Samba,680.0,680.0,Pettah
2024-05-02,Ponne Samba,715.0,715.0,Pettah
2024-05-03,Ponne Samba,725.0,725.0,Pettah
2024-05-06,Ponne Samba,725.0,725.0,Pettah
2024-05-07,Ponne Samba,725.0,725.0,Pettah
2024-05-08,Ponne Samba,725.0,725.0,Pettah
2024-05-09,Ponne Samba,725.0,725.0,Pettah
2024-05-10,Ponne Samba,725.0,725.0,Pettah
2024-05-13,Ponne Samba,740.0,740.0,Pettah
2024-05-14,Ponne Samba,770.0,770.0,Pettah
2024-05-15,Ponne Samba,770.0,770.0,Pettah
2024-05-16,Ponne Samba,780.0,780.0,Pettah
2024-05-17,Ponne Samba,780.0,780.0,Pettah
2024-05-20,Ponne Samba,790.0,790.0,Pettah
2024-05-21,Ponne Samba,810.0,810.0,Pettah
2024-05-22,Ponne Samba,810.0,810.0,Pettah
2024-05-27,Ponne Samba,780.0,780.0,Pettah
2024-05-28,Ponne Samba,760.0,760.0,Pettah
2024-05-29,Ponne Samba,770.0,770.0,Pettah
2024-05-30,Ponne Samba,770.0,770.0,Pettah
2024-05-31,Ponne Samba,770.0,770.0,Pettah
2024-06-03,Ponne Samba,752.0,752.0,Pettah
2024-06-04,Ponne Samba,780.0,780.0,Pettah
2024-06-05,Ponne Samba,780.0,780.0,Pettah
2024-06-06,Ponne Samba,770.0,770.0,Pettah
2024-06-07,Ponne Samba,770.0,770.0,Pettah
2024-06-10,Ponne Samba,770.0,770.0,Pettah
2024-06-11,Ponne Samba,740.0,740.0,Pettah
2024-06-12,Ponne Samba,740.0,740.0,Pettah
2024-06-13,Ponne Samba,740.0,740.0,Pettah
2024-06-14,Ponne Samba,740.0,740.0,Pettah
2024-06-18,Ponne Samba,740.0,740.0,Pettah
2024-06-19,Ponne Samba,740.0,740.0,Pettah
2024-06-20,Ponne Samba,760.0,760.0,Pettah
2024-06-24,Ponne Samba,740.0,740.0,Pettah
2024-06-25,Ponne Samba,740.0,740.0,Pettah
2024-06-26,Ponne Samba,740.0,740.0,Pettah
2024-06-27,Ponne Samba,740.0,740.0,Pettah
2024-06-28,Ponne Samba,740.0,740.0,Pettah
2024-07-01,Ponne Samba,740.0,740.0,Pettah
2024-07-02,Ponne Samba,740.0,740.0,Pettah
2024-07-03,Ponne Samba,740.0,740.0,Pettah
2024-07-04,Ponne Samba,740.0,740.0,Pettah
2024-07-05,Ponne Samba,740.0,740.0,Pettah
2024-07-08,Ponne Samba,740.0,740.0,Pettah
2024-07-09,Ponne Samba,740.0,740.0,Pettah
2024-07-10,Ponne Samba,740.0,740.0,Pettah
2024-07-11,Ponne Samba,740.0,740.0,Pettah
2024-07-12,Ponne Samba,740.0,740.0,Pettah
2024-07-15,Ponne Samba,740.0,740.0,Pettah
2024-07-16,Ponne Samba,760.0,760.0,Pettah
2024-07-17,Ponne Samba,760.0,760.0,Pettah
2024-07-18,Ponne Samba,760.0,760.0,Pettah
2024-07-19,Ponne Samba,790.0,790.0,Pettah
2024-07-22,Ponne Samba,760.0,760.0,Pettah
2024-07-23,Ponne Samba,760.0,760.0,Pettah
2024-07-24,Ponne Samba,740.0,740.0,Pettah
2024-07-25,Ponne Samba,740.0,740.0,Pettah
2024-07-26,Ponne Samba,740.0,740.0,Pettah
2024-07-29,Ponne Samba,740.0,740.0,Pettah
2024-07-30,Ponne Samba,740.0,740.0,Pettah
2024-07-31,Ponne Samba,740.0,740.0,Pettah
2024-08-01,Ponne Samba,740.0,740.0,Pettah
2024-08-02,Ponne Samba,740.0,740.0,Pettah
2024-08-05,Ponne Samba,740.0,740.0,Pettah
2024-08-06,Ponne Samba,740.0,740.0,Pettah
2024-08-07,Ponne Samba,740.0,740.0,Pettah
2024-08-08,Ponne Samba,740.0,740.0,Pettah
2024-08-09,Ponne Samba,740.0,740.0,Pettah
2024-08-12,Ponne Samba,740.0,740.0,Pettah
2024-08-13,Ponne Samba,740.0,740.0,Pettah
2024-08-14,Ponne Samba,740.0,740.0,Pettah
2024-08-15,Ponne Samba,740.0,740.0,Pettah
2024-08-16,Ponne Samba,740.0,740.0,Pettah
2024-08-20,Ponne Samba,740.0,740.0,Pettah
2024-08-21,Ponne Samba,740.0,740.0,Pettah
2024-08-22,Ponne Samba,740.0,740.0,Pettah
2024-08-23,Ponne Samba,740.0,740.0,Pettah
2024-08-26,Ponne Samba,752.0,752.0,Pettah
2024-08-27,Ponne Samba,740.0,740.0,Pettah
2024-08-28,Ponne Samba,740.0,740.0,Pettah
2024-08-29,Ponne Samba,740.0,740.0,Pettah
2024-08-30,Ponne Samba,740.0,740.0,Pettah
2024-09-02,Ponne Samba,710.0,710.0,Pettah
2024-09-03,Ponne Samba,710.0,710.0,Pettah
2024-09-04,Ponne Samba,710.0,710.0,Pettah
2024-09-05,Ponne Samba,710.0,710.0,Pettah
2024-09-06,Ponne Samba,710.0,710.0,Pettah
2024-09-09,Ponne Samba,710.0,710.0,Pettah
2024-09-10,Ponne Samba,710.0,710.0,Pettah
2024-09-11,Ponne Samba,710.0,710.0,Pettah
2024-09-12,Ponne Samba,710.0,710.0,Pettah
2024-09-13,Ponne Samba,710.0,710.0,Pettah
2024-09-18,Ponne Samba,680.0,680.0,Pettah
2024-09-19,Ponne Samba,700.0,700.0,Pettah
2024-09-20,Ponne Samba,700.0,700.0,Pettah
2024-09-24,Ponne Samba,700.0,700.0,Pettah
2024-09-25,Ponne Samba,700.0,700.0,Pettah
2024-09-26,Ponne Samba,700.0,700.0,Pettah
2024-09-27,Ponne Samba,700.0,700.0,Pettah
2024-09-30,Ponne Samba,720.0,720.0,Pettah
2024-10-01,Ponne Samba,720.0,720.0,Pettah
2024-10-02,Ponne Samba,720.0,720.0,Pettah
2024-10-03,Ponne Samba,720.0,720.0,Pettah
2024-10-04,Ponne Samba,720.0,720.0,Pettah
2024-10-07,Ponne Samba,720.0,720.0,Pettah
2024-10-08,Ponne Samba,720.0,720.0,Pettah
2024-10-09,Ponne Samba,720.0,720.0,Pettah
2024-10-10,Ponne Samba,720.0,720.0,Pettah
2024-10-11,Ponne Samba,690.0,690.0,Pettah
2024-10-14,Ponne Samba,690.0,690.0,Pettah
2024-10-15,Ponne Samba,690.0,690.0,Pettah
2024-10-16,Ponne Samba,690.0,690.0,Pettah
2024-10-18,Ponne Samba,720.0,720.0,Pettah
2024-10-21,Ponne Samba,720.0,720.0,Pettah
2024-10-22,Ponne Samba,720.0,720.0,Pettah
2024-10-23,Ponne Samba,720.0,720.0,Pettah
2024-10-24,Ponne Samba,680.0,680.0,Pettah
2024-10-25,Ponne Samba,710.0,710.0,Pettah
2024-10-28,Ponne Samba,710.0,710.0,Pettah
2024-10-29,Ponne Samba,710.0,710.0,Pettah
2024-11-01,Ponne Samba,680.0,680.0,Pettah
2024-11-04,Ponne Samba,680.0,680.0,Pettah
2024-11-05,Ponne Samba,690.0,690.0,Pettah
2024-11-06,Ponne Samba,670.0,670.0,Pettah
2024-11-07,Ponne Samba,670.0,670.0,Pettah
2024-11-08,Ponne Samba,670.0,670.0,Pettah
2024-11-11,Ponne Samba,670.0,670.0,Pettah
2024-11-12,Ponne Samba,670.0,670.0,Pettah
2024-11-13,Ponne Samba,670.0,670.0,Pettah
2024-11-14,Ponne Samba,670.0,670.0,Pettah
2024-11-18,Ponne Samba,670.0,670.0,Pettah
2024-11-19,Ponne Samba,670.0,670.0,Pettah
2024-11-20,Ponne Samba,670.0,670.0,Pettah
2024-11-21,Ponne Samba,670.0,670.0,Pettah
2024-11-22,Ponne Samba,670.0,670.0,Pettah
2024-11-25,Ponne Samba,670.0,670.0,Pettah
2024-11-26,Ponne Samba,670.0,670.0,Pettah
2024-11-27,Ponne Samba,670.0,670.0,Pettah
2024-11-28,Ponne Samba,670.0,670.0,Pettah
2024-11-29,Ponne Samba,670.0,670.0,Pettah
2024-12-02,Ponne Samba,670.0,670.0,Pettah
2024-12-03,Ponne Samba,232.0,232.0,Pettah
2024-12-04,Ponne Samba,240.0,240.0,Pettah
2024-12-05,Ponne Samba,240.0,240.0,Pettah
2024-12-06,Ponne Samba,244.0,244.0,Pettah
2024-12-09,Ponne Samba,274.0,274.0,Pettah
2024-12-10,Ponne Samba,256.0,256.0,Pettah
2024-12-11,Ponne Samba,236.0,236.0,Pettah
2024-12-12,Ponne Samba,240.0,240.0,Pettah
2024-12-13,Ponne Samba,217.5,217.5,Pettah
2024-12-16,Ponne Samba,217.5,217.5,Pettah
2024-12-17,Ponne Samba,217.5,217.5,Pettah
2024-12-18,Ponne Samba,217.5,217.5,Pettah
2024-12-19,Ponne Samba,217.5,217.5,Pettah
2024-12-20,Ponne Samba,216.0,216.0,Pettah
2024-12-23,Ponne Samba,217.5,217.5,Pettah
2024-12-24,Ponne Samba,217.5,217.5,Pettah
2024-12-26,Ponne Samba,217.5,217.5,Pettah
2024-12-27,Ponne Samba,217.5,217.5,Pettah
2024-12-30,Ponne Samba,217.5,217.5,Pettah
2024-12-31,Ponne Samba,217.5,217.5,Pettah
2025-01-01,Ponne Samba,217.5,217.5,Pettah
2025-01-02,Ponne Samba,217.5,217.5,Pettah
2025-01-03,Ponne Samba,217.5,217.5,Pettah
2025-01-06,Ponne Samba,217.5,217.5,Pettah
2025-01-07,Ponne Samba,217.5,217.5,Pettah
2025-01-08,Ponne Samba,217.5,217.5,Pettah
2025-01-09,Ponne Samba,217.5,217.5,Pettah
2025-01-10,Ponne Samba,217.5,217.5,Pettah
2025-01-15,Ponne Samba,213.5,213.5,Pettah
2025-01-16,Ponne Samba,213.5,213.5,Pettah
2025-01-17,Ponne Samba,215.0,215.0,Pettah
2025-01-20,Ponne Samba,730.0,730.0,Pettah
2025-01-21,Ponne Samba,354.0,354.0,Pettah
2025-01-22,Ponne Samba,408.0,408.0,Pettah
2025-01-23,Ponne Samba,202.0,202.0,Pettah
2025-01-24,Ponne Samba,166.0,166.0,Pettah
2025-01-27,Ponne Samba,178.0,178.0,Pettah
2025-01-28,Ponne Samba,270.0,270.0,Pettah
2025-01-29,Ponne Samba,438.0,438.0,Pettah
2025-01-30,Ponne Samba,640.0,640.0,Pettah
2025-01-31,Ponne Samba,590.0,590.0,Pettah
2025-02-03,Ponne Samba,578.0,578.0,Pettah
2025-02-05,Ponne Samba,580.0,580.0,Pettah
2025-02-06,Ponne Samba,592.0,592.0,Pettah
2025-02-07,Ponne Samba,580.0,580.0,Pettah
2025-02-10,Ponne Samba,216.6,216.6,Pettah
2025-02-11,Ponne Samba,216.6,216.6,Pettah
2025-02-13,Ponne Samba,216.6,216.6,Pettah
2025-02-14,Ponne Samba,216.6,216.6,Pettah
2025-02-17,Ponne Samba,217.5,217.5,Pettah
2025-02-18,Ponne Samba,212.5,212.5,Pettah
2025-02-19,Ponne Samba,214.75,214.75,Pettah
2025-02-20,Ponne Samba,214.75,214.75,Pettah
2025-02-21,Ponne Samba,214.75,214.75,Pettah
2025-02-24,Ponne Samba,212.8,212.8,Pettah
2025-02-25,Ponne Samba,214.4,214.4,Pettah
2025-02-27,Ponne Samba,217.0,217.0,Pettah
2025-02-28,Ponne Samba,216.4,216.4,Pettah
2025-03-03,Ponne Samba,217.0,217.0,Pettah
2025-03-04,Ponne Samba,217.0,217.0,Pettah
2025-03-05,Ponne Samba,216.4,216.4,Pettah
2025-03-06,Ponne Samba,216.4,216.4,Pettah
2025-03-07,Ponne Samba,216.4,216.4,Pettah
2025-03-10,Ponne Samba,218.0,218.0,Pettah
2025-03-11,Ponne Samba,218.0,218.0,Pettah
2025-03-12,Ponne Samba,218.0,218.0,Pettah
2025-03-14,Ponne Samba,218.0,218.0,Pettah
2025-03-17,Ponne Samba,218.0,218.0,Pettah
2025-03-18,Ponne Samba,218.0,218.0,Pettah
2025-03-19,Ponne Samba,218.0,218.0,Pettah
2025-03-20,Ponne Samba,218.0,218.0,Pettah
2025-03-21,Ponne Samba,218.0,218.0,Pettah
2025-03-24,Ponne Samba,218.0,218.0,Pettah
2025-03-25,Ponne Samba,218.0,218.0,Pettah
2025-03-26,Ponne Samba,218.0,218.0,Pettah
2025-03-27,Ponne Samba,218.0,218.0,Pettah
2025-03-28,Ponne Samba,218.0,218.0,Pettah
2025-04-01,Ponne Samba,218.0,218.0,Pettah
2025-04-02,Ponne Samba,218.0,218.0,Pettah
2025-04-03,Ponne Samba,218.0,218.0,Pettah
2025-04-04,Ponne Samba,218.0,218.0,Pettah
2025-04-07,Ponne Samba,218.0,218.0,Pettah
2025-04-08,Ponne Samba,218.0,218.0,Pettah
2025-04-09,Ponne Samba,218.0,218.0,Pettah
2025-04-10,Ponne Samba,218.0,218.0,Pettah
2025-04-11,Ponne Samba,218.0,218.0,Pettah
2025-04-16,Ponne Samba,,,Pettah
2025-04-17,Ponne Samba,218.0,218.0,Pettah
2025-04-21,Ponne Samba,218.0,218.0,Pettah
2025-04-22,Ponne Samba,218.0,218.0,Pettah
2025-04-23,Ponne Samba,218.0,218.0,Pettah
2025-04-24,Ponne Samba,218.0,218.0,Pettah
2025-04-25,Ponne Samba,218.0,218.0,Pettah
2025-04-28,Ponne Samba,218.0,218.0,Pettah
2025-04-29,Ponne Samba,218.0,218.0,Pettah
2025-05-02,Ponne Samba,218.0,218.0,Pettah
2025-05-05,Ponne Samba,218.0,218.0,Pettah
2025-05-06,Ponne Samba,218.0,218.0,Pettah
2025-05-07,Ponne Samba,218.0,218.0,Pettah
2025-05-08,Ponne Samba,207.5,207.5,Pettah
2025-05-09,Ponne Samba,207.5,207.5,Pettah
2025-05-14,Ponne Samba,218.0,218.0,Pettah
2025-05-15,Ponne Samba,207.5,207.5,Pettah
2025-05-16,Ponne Samba,207.5,207.5,Pettah
2025-05-19,Ponne Samba,207.5,207.5,Pettah
2025-05-20,Ponne Samba,207.5,207.5,Pettah
2025-05-21,Ponne Samba,207.5,207.5,Pettah
2025-05-22,Ponne Samba,207.5,207.5,Pettah
2025-05-23,Ponne Samba,207.5,207.5,Pettah
2025-05-26,Ponne Samba,205.0,205.0,Pettah
2025-05-27,Ponne Samba,207.5,207.5,Pettah
2025-05-28,Ponne Samba,207.5,207.5,Pettah
2025-05-29,Ponne Samba,207.5,207.5,Pettah
2025-05-30,Ponne Samba,207.5,207.5,Pettah
2025-06-02,Ponne Samba,207.5,207.5,Pettah
2025-06-03,Ponne Samba,207.5,207.5,Pettah
2025-06-04,Ponne Samba,207.5,207.5,Pettah
2025-06-05,Ponne Samba,207.5,207.5,Pettah
2025-06-06,Ponne Samba,207.5,207.5,Pettah
2025-06-09,Ponne Samba,207.5,207.5,Pettah
2025-06-11,Ponne Samba,207.5,207.5,Pettah
2025-06-12,Ponne Samba,207.5,207.5,Pettah
2025-06-13,Ponne Samba,207.5,207.5,Pettah
2025-06-16,Ponne Samba,207.5,207.5,Pettah
2025-06-17,Ponne Samba,207.5,207.5,Pettah
2025-06-18,Ponne Samba,207.5,207.5,Pettah
2025-06-19,Ponne Samba,207.5,207.5,Pettah
2025-06-20,Ponne Samba,207.5,207.5,Pettah
2025-06-23,Ponne Samba,207.5,207.5,Pettah
2025-06-24,Ponne Samba,207.5,207.5,Pettah
2025-06-25,Ponne Samba,207.5,207.5,Pettah
2025-06-26,Ponne Samba,207.5,207.5,Pettah
2025-06-27,Ponne Samba,207.5,207.5,Pettah
2025-06-30,Ponne Samba,207.5,207.5,Pettah
2025-07-01,Ponne Samba,207.5,207.5,Pettah
2025-07-07,Ponne Samba,207.5,207.5,Pettah
2025-07-08,Ponne Samba,207.5,207.5,Pettah
2025-07-09,Ponne Samba,207.5,207.5,Pettah
2025-07-11,Ponne Samba,207.5,207.5,Pettah
2025-07-14,Ponne Samba,207.5,207.5,Pettah
2025-07-15,Ponne Samba,207.5,207.5,Pettah
2025-07-16,Ponne Samba,207.5,207.5,Pettah
2025-07-17,Ponne Samba,207.5,207.5,Pettah
2025-07-18,Ponne Samba,525.0,525.0,Pettah
2025-07-21,Ponne Samba,530.0,530.0,Pettah
2025-07-22,Ponne Samba,530.0,530.0,Pettah
2025-07-23,Ponne Samba,530.0,530.0,Pettah
2025-07-24,Ponne Samba,560.0,560.0,Pettah
2025-07-25,Ponne Samba,575.0,575.0,Pettah
2025-07-28,Ponne Samba,547.5,547.5,Pettah
2025-07-29,Ponne Samba,560.0,560.0,Pettah
2025-07-30,Ponne Samba,575.0,575.0,Pettah
2025-07-31,Ponne Samba,575.0,575.0,Pettah
2025-08-01,Ponne Samba,575.0,575.0,Pettah
2025-08-04,Ponne Samba,575.0,575.0,Pettah
2025-08-05,Ponne Samba,575.0,575.0,Pettah
2025-08-06,Ponne Samba,575.0,575.0,Pettah
2025-08-07,Ponne Samba,575.0,575.0,Pettah
2025-08-11,Ponne Samba,575.0,575.0,Pettah
2025-08-12,Ponne Samba,575.0,575.0,Pettah
2025-08-13,Ponne Samba,575.0,575.0,Pettah
2025-08-14,Ponne Samba,575.0,575.0,Pettah
2025-08-15,Ponne Samba,575.0,575.0,Pettah
2025-08-18,Ponne Samba,575.0,575.0,Pettah
2025-08-19,Ponne Samba,575.0,575.0,Pettah
2025-08-20,Ponne Samba,575.0,575.0,Pettah
2025-08-21,Ponne Samba,575.0,575.0,Pettah
2025-08-22,Ponne Samba,625.0,625.0,Pettah
2025-08-25,Ponne Samba,625.0,625.0,Pettah
2025-08-26,Ponne Samba,625.0,625.0,Pettah
2025-08-27,Ponne Samba,625.0,625.0,Pettah
2025-08-28,Ponne Samba,625.0,625.0,Pettah
2025-08-29,Ponne Samba,625.0,625.0,Pettah
2025-09-01,Ponne Samba,624.0,624.0,Pettah
2025-09-02,Ponne Samba,624.0,624.0,Pettah
2025-09-03,Ponne Samba,624.0,624.0,Pettah
2025-09-04,Ponne Samba,624.0,624.0,Pettah
2025-09-08,Ponne Samba,678.0,678.0,Pettah
2025-09-09,Ponne Samba,670.0,670.0,Pettah
2025-09-10,Ponne Samba,670.0,670.0,Pettah
2025-09-11,Ponne Samba,670.0,670.0,Pettah
2025-09-12,Ponne Samba,630.0,630.0,Pettah
2025-09-15,Ponne Samba,630.0,630.0,Pettah
2025-09-16,Ponne Samba,620.0,620.0,Pettah
2025-09-17,Ponne Samba,620.0,620.0,Pettah
2025-09-18,Ponne Samba,620.0,620.0,Pettah
2025-09-19,Ponne Samba,620.0,620.0,Pettah
2025-09-22,Ponne Samba,620.0,620.0,Pettah
2025-09-23,Ponne Samba,624.0,624.0,Pettah
2025-09-24,Ponne Samba,624.0,624.0,Pettah
2025-09-25,Ponne Samba,624.0,624.0,Pettah
2025-09-26,Ponne Samba,624.0,624.0,Pettah
2025-09-29,Ponne Samba,624.0,624.0,Pettah
2025-09-30,Ponne Samba,624.0,624.0,Pettah
2025-10-01,Ponne Samba,624.0,624.0,Pettah
2025-10-02,Ponne Samba,624.0,624.0,Pettah
2025-10-03,Ponne Samba,640.0,640.0,Pettah
2025-10-07,Ponne Samba,668.0,668.0,Pettah
2025-10-08,Ponne Samba,660.0,660.0,Pettah
2025-10-09,Ponne Samba,285.0,285.0,Pettah
2025-10-10,Ponne Samba,300.0,300.0,Pettah
2025-10-13,Ponne Samba,280.0,280.0,Pettah
2025-10-14,Ponne Samba,285.0,285.0,Pettah
2025-10-15,Ponne Samba,290.0,290.0,Pettah
2025-10-16,Ponne Samba,265.0,265.0,Pettah
2025-10-17,Ponne Samba,310.0,310.0,Pettah
2025-10-21,Ponne Samba,210.0,210.0,Pettah
2025-10-22,Ponne Samba,247.5,247.5,Pettah
2025-10-23,Ponne Samba,247.5,247.5,Pettah
2025-10-24,Ponne Samba,247.5,247.5,Pettah
2025-10-27,Ponne Samba,725.0,725.0,Pettah
2025-10-28,Ponne Samba,725.0,725.0,Pettah
2025-10-29,Ponne Samba,725.0,725.0,Pettah
2025-10-30,Ponne Samba,725.0,725.0,Pettah
2025-10-31,Ponne Samba,800.0,800.0,Pettah
2025-11-03,Ponne Samba,825.0,825.0,Pettah
2025-11-04,Ponne Samba,850.0,850.0,Pettah
2025-11-06,Ponne Samba,825.0,825.0,Pettah
2025-11-07,Ponne Samba,850.0,850.0,Pettah
2025-11-10,Ponne Samba,825.0,825.0,Pettah
2025-11-11,Ponne Samba,850.0,850.0,Pettah
2025-11-12,Ponne Samba,825.0,825.0,Pettah
2025-11-13,Ponne Samba,825.0,825.0,Pettah
2025-11-14,Ponne Samba,925.0,925.0,Pettah
2025-11-17,Ponne Samba,880.0,880.0,Pettah
2025-11-18,Ponne Samba,870.0,870.0,Pettah
2025-11-19,Ponne Samba,870.0,870.0,Pettah
2025-11-20,Ponne Samba,870.0,870.0,Pettah
2025-11-21,Ponne Samba,870.0,870.0,Pettah
2025-11-24,Ponne Samba,875.0,875.0,Pettah
2025-11-25,Ponne Samba,875.0,875.0,Pettah
2025-11-26,Ponne Samba,875.0,875.0,Pettah
2025-11-27,Ponne Samba,875.0,875.0,Pettah
2025-12-01,Ponne Samba,825.0,825.0,Pettah
2025-12-02,Ponne Samba,825.0,825.0,Pettah
2025-12-03,Ponne Samba,825.0,825.0,Pettah
2025-12-05,Ponne Samba,825.0,825.0,Pettah
2025-12-08,Ponne Samba,825.0,825.0,Pettah
2025-12-09,Ponne Samba,825.0,825.0,Pettah
2025-12-10,Ponne Samba,825.0,825.0,Pettah
2025-12-11,Ponne Samba,825.0,825.0,Pettah
2025-12-12,Ponne Samba,825.0,825.0,Pettah
2025-12-15,Ponne Samba,825.0,825.0,Pettah
2025-12-16,Ponne Samba,825.0,825.0,Pettah
2025-12-17,Ponne Samba,825.0,825.0,Pettah
2025-12-18,Ponne Samba,775.0,775.0,Pettah
2025-12-19,Ponne Samba,775.0,775.0,Pettah
2025-12-22,Ponne Samba,815.0,815.0,Pettah
2025-12-23,Ponne Samba,815.0,815.0,Pettah
2025-12-24,Ponne Samba,775.0,775.0,Pettah
2025-12-26,Ponne Samba,775.0,775.0,Pettah
2025-12-29,Ponne Samba,775.0,775.0,Pettah
2025-12-30,Ponne Samba,775.0,775.0,Pettah
2025-12-31,Ponne Samba,775.0,775.0,Pettah
2026-01-01,Ponne Samba,775.0,775.0,Pettah
2026-01-02,Ponne Samba,775.0,775.0,Pettah
2026-01-05,Ponne Samba,775.0,775.0,Pettah
2026-01-06,Ponne Samba,775.0,775.0,Pettah
2026-01-07,Ponne Samba,775.0,775.0,Pettah
2026-01-08,Ponne Samba,775.0,775.0,Pettah
2026-01-09,Ponne Samba,755.0,755.0,Pettah
2026-01-12,Ponne Samba,775.0,775.0,Pettah
2026-01-13,Ponne Samba,775.0,775.0,Pettah
2026-01-16,Ponne Samba,740.0,740.0,Pettah
2026-01-19,Ponne Samba,740.0,740.0,Pettah
2026-01-20,Ponne Samba,725.0,725.0,Pettah
2026-01-21,Ponne Samba,725.0,725.0,Pettah
2026-01-22,Ponne Samba,725.0,725.0,Pettah
2026-01-23,Ponne Samba,775.0,775.0,Pettah
2026-01-26,Ponne Samba,775.0,775.0,Pettah
2026-01-27,Ponne Samba,797.5,797.5,Pettah
2026-01-28,Ponne Samba,790.0,790.0,Pettah
2026-01-29,Ponne Samba,815.0,815.0,Pettah
2026-01-30,Ponne Samba,825.0,825.0,Pettah
2026-02-02,Ponne Samba,800.0,800.0,Pettah
2026-02-03,Ponne Samba,825.0,825.0,Pettah
2026-02-05,Ponne Samba,800.0,800.0,Pettah
2026-02-06,Ponne Samba,800.0,800.0,Pettah
2026-02-09,Ponne Samba,800.0,800.0,Pettah
2026-02-10,Ponne Samba,850.0,850.0,Pettah
2026-02-11,Ponne Samba,185.0,185.0,Pettah
2026-02-12,Ponne Samba,190.0,190.0,Pettah
2026-02-13,Ponne Samba,190.0,190.0,Pettah
2026-02-16,Ponne Samba,195.0,195.0,Pettah
2026-02-17,Ponne Samba,192.5,192.5,Pettah
2026-02-18,Ponne Samba,190.0,190.0,Pettah
2026-02-19,Ponne Samba,175.0,175.0,Pettah
2026-02-20,Ponne Samba,180.0,180.0,Pettah
2026-02-23,Ponne Samba,200.0,200.0,Pettah
2026-02-24,Ponne Samba,190.0,190.0,Pettah
2026-02-25,Ponne Samba,190.0,190.0,Pettah
2026-02-26,Ponne Samba,190.0,190.0,Pettah
2026-02-27,Ponne Samba,163.33,163.33,Pettah
2026-03-03,Ponne Samba,220.0,220.0,Pettah
2026-03-04,Ponne Samba,210.0,210.0,Pettah
2026-03-05,Ponne Samba,170.0,170.0,Pettah
2026-03-06,Ponne Samba,210.0,210.0,Pettah
2026-03-09,Ponne Samba,245.0,245.0,Pettah
2026-03-10,Ponne Samba,245.0,245.0,Pettah
2026-03-11,Ponne Samba,205.0,205.0,Pettah
2026-03-12,Ponne Samba,175.0,175.0,Pettah
2026-03-13,Ponne Samba,145.0,145.0,Pettah
2026-03-16,Ponne Samba,180.0,180.0,Pettah
2026-03-17,Ponne Samba,165.0,165.0,Pettah
2026-03-18,Ponne Samba,170.0,170.0,Pettah
2026-03-19,Ponne Samba,175.0,175.0,Pettah
2026-03-20,Ponne Samba,175.0,175.0,Pettah
2026-03-23,Ponne Samba,175.0,175.0,Pettah
2026-03-24,Ponne Samba,185.0,185.0,Pettah
2026-03-25,Ponne Samba,205.0,205.0,Pettah
2026-03-26,Ponne Samba,160.0,160.0,Pettah
2026-03-27,Ponne Samba,215.0,215.0,Pettah
2026-03-30,Ponne Samba,185.0,185.0,Pettah
2026-03-31,Ponne Samba,190.0,190.0,Pettah
2026-04-02,Ponne Samba,175.0,175.0,Pettah
2026-04-06,Ponne Samba,265.0,265.0,Pettah
2026-04-07,Ponne Samba,270.0,270.0,Pettah
2026-04-08,Ponne Samba,250.0,250.0,Pettah
2026-04-09,Ponne Samba,260.0,260.0,Pettah
2026-04-10,Ponne Samba,265.0,265.0,Pettah
2026-04-20,Ponne Samba,185.0,185.0,Pettah
2026-04-21,Ponne Samba,285.0,285.0,Pettah
2026-04-22,Ponne Samba,285.0,285.0,Pettah
2026-04-23,Ponne Samba,930.0,930.0,Pettah
2026-04-24,Ponne Samba,930.0,930.0,Pettah
2026-04-27,Ponne Samba,930.0,930.0,Pettah
2026-04-28,Ponne Samba,960.0,960.0,Pettah
2026-04-29,Ponne Samba,925.0,925.0,Pettah
2026-04-30,Ponne Samba,925.0,925.0,Pettah
2026-05-04,Ponne Samba,925.0,925.0,Pettah
2026-05-05,Ponne Samba,930.0,930.0,Pettah
2026-05-06,Ponne Samba,930.0,930.0,Pettah
2026-05-07,Ponne Samba,930.0,930.0,Pettah
2026-05-08,Ponne Samba,925.0,925.0,Pettah
2026-05-11,Ponne Samba,925.0,925.0,Pettah
2026-05-12,Ponne Samba,925.0,925.0,Pettah
2026-05-13,Ponne Samba,925.0,925.0,Pettah
2026-05-14,Ponne Samba,925.0,925.0,Pettah
2026-05-15,Ponne Samba,917.5,917.5,Pettah
2026-05-18,Ponne Samba,917.5,917.5,Pettah
2026-05-19,Ponne Samba,917.5,917.5,Pettah
2026-05-20,Ponne Samba,925.0,925.0,Pettah
2026-05-21,Ponne Samba,925.0,925.0,Pettah
2026-05-22,Ponne Samba,925.0,925.0,Pettah
2026-05-25,Ponne Samba,977.5,977.5,Pettah
2026-05-26,Ponne Samba,977.5,977.5,Pettah
2026-05-27,Ponne Samba,977.5,19.55,Pettah
2026-05-29,Ponne Samba,1025.0,20.5,Pettah
2026-06-01,Ponne Samba,1025.0,20.5,Pettah
2026-06-02,Ponne Samba,1025.0,20.5,Pettah
2026-06-03,Ponne Samba,1010.0,20.2,Pettah
2026-06-04,Ponne Samba,1010.0,20.2,Pettah
2026-06-05,Ponne Samba,1000.0,20.0,Pettah
2026-06-08,Ponne Samba,1000.0,20.0,Pettah
2026-06-09,Ponne Samba,1000.0,20.0,Pettah
2026-06-10,Ponne Samba,1010.0,20.2,Pettah
2026-06-11,Ponne Samba,1010.0,20.2,Pettah
2026-06-12,Ponne Samba,1017.5,20.35,Pettah
2026-06-15,Ponne Samba,1010.0,20.2,Pettah
2026-06-16,Ponne Samba,1050.0,21.0,Pettah
2026-06-17,Ponne Samba,1000.0,20.0,Pettah
2026-06-18,Ponne Samba,1000.0,20.0,Pettah
2026-06-19,Ponne Samba,1000.0,20.0,Pettah
2026-06-22,Ponne Samba,1000.0,20.0,Pettah
2026-06-23,Ponne Samba,980.0,19.6,Pettah
2026-06-24,Ponne Samba,1000.0,20.0,Pettah
2026-06-25,Ponne Samba,975.0,19.5,Pettah
2026-06-26,Ponne Samba,975.0,19.5,Pettah
2026-06-30,Ponne Samba,1075.0,21.5,Pettah
2026-07-01,Ponne Samba,1075.0,21.5,Pettah
2026-07-02,Ponne Samba,1025.0,20.5,Pettah
2026-07-03,Ponne Samba,1100.0,22.0,Pettah
2026-07-06,Ponne Samba,1100.0,22.0,Pettah
2026-07-07,Ponne Samba,1100.0,22.0,Pettah
2026-07-08,Ponne Samba,1100.0,22.0,Pettah
2026-07-09,Ponne Samba,1175.0,23.5,Pettah
2026-07-10,Ponne Samba,1150.0,23.0,Pettah
2026-07-13,Ponne Samba,1137.5,22.75,Pettah
2026-07-14,Ponne Samba,1162.5,23.25,Pettah
2026-07-15,Ponne Samba,1150.0,23.0,Pettah
2026-07-16,Ponne Samba,1150.0,23.0,Pettah
2026-07-17,Ponne Samba,1150.0,23.0,Pettah
2026-07-20,Ponne Samba,1100.0,22.0,Pettah
2026-07-21,Ponne Samba,1175.0,23.5,Pettah
2026-07-22,Ponne Samba,1125.0,22.5,Pettah
2026-07-23,Ponne Samba,1175.0,23.5,Pettah
2026-07-24,Ponne Samba,1175.0,23.5,Pettah
2026-07-27,Ponne Samba,1125.0,22.5,Pettah
2026-07-28,Ponne Samba,1125.0,22.5,Pettah
2026-07-30,Ponne Samba,1150.0,23.0,Pettah
2026-07-31,Ponne Samba,1125.0,22.5,Pettah
2026-08-03,Ponne Samba,1125.0,22.5,Pettah
2026-08-04,Ponne Samba,1125.0,22.5,Pettah
2026-08-05,Ponne Samba,1125.0,22.5,Pettah
2026-08-06,Ponne Samba,1125.0,22.5,Pettah
2026-08-07,Ponne Samba,1100.0,22.0,Pettah
2015-06-22,Raw White,2950.0,59.0,Pettah
2015-06-22,Raw White,,,Pettah
2015-06-23,Raw White,2970.0,59.4,Pettah
2015-06-23,Raw White,,,Pettah
2015-06-24,Raw White,2970.0,59.4,Pettah
2015-06-24,Raw White,,,Pettah
2015-06-25,Raw White,2970.0,59.4,Pettah
2015-06-25,Raw White,,,Pettah
2015-06-26,Raw White,2960.0,59.2,Pettah
2015-06-26,Raw White,,,Pettah
2015-06-29,Raw White,2950.0,59.0,Pettah
2015-06-29,Raw White,,,Pettah
2015-06-30,Raw White,2910.0,58.2,Pettah
2015-06-30,Raw White,,,Pettah
2015-07-01,Raw White,2970.0,59.4,Pettah
2015-07-01,Raw White,,,Pettah
2015-07-02,Raw White,2970.0,59.4,Pettah
2015-07-02,Raw White,,,Pettah
2015-07-03,Raw White,2900.0,58.0,Pettah
2015-07-03,Raw White,,,Pettah
2015-07-06,Raw White,2940.0,58.8,Pettah
2015-07-06,Raw White,,,Pettah
2015-07-09,Raw White,2860.0,57.2,Pettah
2015-07-09,Raw White,,,Pettah
2015-07-10,Raw White,2900.0,58.0,Pettah
2015-07-10,Raw White,,,Pettah
2015-07-13,Raw White,2930.0,58.6,Pettah
2015-07-13,Raw White,,,Pettah
2015-07-14,Raw White,2870.0,57.4,Pettah
2015-07-14,Raw White,,,Pettah
2015-07-15,Raw White,2725.0,54.5,Pettah
2015-07-15,Raw White,,,Pettah
2015-07-16,Raw White,2850.0,57.0,Pettah
2015-07-16,Raw White,,,Pettah
2015-07-17,Raw White,2800.0,56.0,Pettah
2015-07-17,Raw White,,,Pettah
2015-07-20,Raw White,2820.0,56.4,Pettah
2015-07-20,Raw White,,,Pettah
2015-07-21,Raw White,2760.0,55.2,Pettah
2015-07-21,Raw White,,,Pettah
2015-07-22,Raw White,2820.0,56.4,Pettah
2015-07-22,Raw White,,,Pettah
2015-07-24,Raw White,2720.0,54.4,Pettah
2015-07-24,Raw White,,,Pettah
2015-07-27,Raw White,2690.0,53.8,Pettah
2015-07-27,Raw White,,,Pettah
2015-07-28,Raw White,2720.0,54.4,Pettah
2015-07-28,Raw White,,,Pettah
2015-07-29,Raw White,2710.0,54.2,Pettah
2015-07-29,Raw White,,,Pettah
2015-07-30,Raw White,2650.0,53.0,Pettah
2015-07-30,Raw White,,,Pettah
2015-08-03,Raw White,2720.0,54.4,Pettah
2015-08-03,Raw White,,,Pettah
2015-08-04,Raw White,2590.0,51.8,Pettah
2015-08-04,Raw White,,,Pettah
2015-08-05,Raw White,2760.0,55.2,Pettah
2015-08-05,Raw White,,,Pettah
2015-08-06,Raw White,2670.0,53.4,Pettah
2015-08-06,Raw White,,,Pettah
2015-08-07,Raw White,2700.0,54.0,Pettah
2015-08-07,Raw White,,,Pettah
2015-08-10,Raw White,2700.0,54.0,Pettah
2015-08-10,Raw White,,,Pettah
2015-08-11,Raw White,2640.0,52.8,Pettah
2015-08-11,Raw White,,,Pettah
2015-08-12,Raw White,2710.0,54.2,Pettah
2015-08-12,Raw White,,,Pettah
2015-08-13,Raw White,2790.0,55.8,Pettah
2015-08-13,Raw White,,,Pettah
2015-08-14,Raw White,2770.0,55.4,Pettah
2015-08-14,Raw White,,,Pettah
2015-08-20,Raw White,2840.0,56.8,Pettah
2015-08-20,Raw White,,,Pettah
2015-08-21,Raw White,2840.0,56.8,Pettah
2015-08-21,Raw White,,,Pettah
2015-08-24,Raw White,2890.0,57.8,Pettah
2015-08-24,Raw White,,,Pettah
2015-08-25,Raw White,2900.0,58.0,Pettah
2015-08-25,Raw White,,,Pettah
2015-08-26,Raw White,2900.0,58.0,Pettah
2015-08-26,Raw White,,,Pettah
2015-08-27,Raw White,2870.0,57.4,Pettah
2015-08-27,Raw White,,,Pettah
2015-08-28,Raw White,2880.0,57.6,Pettah
2015-08-28,Raw White,,,Pettah
2015-08-31,Raw White,2910.0,58.2,Pettah
2015-08-31,Raw White,,,Pettah
2015-09-01,Raw White,2870.0,57.4,Pettah
2015-09-01,Raw White,,,Pettah
2015-09-02,Raw White,2930.0,58.6,Pettah
2015-09-02,Raw White,,,Pettah
2015-09-03,Raw White,2900.0,58.0,Pettah
2015-09-03,Raw White,,,Pettah
2015-09-04,Raw White,2910.0,58.2,Pettah
2015-09-04,Raw White,,,Pettah
2015-09-07,Raw White,2910.0,58.2,Pettah
2015-09-07,Raw White,,,Pettah
2015-09-09,Raw White,2900.0,58.0,Pettah
2015-09-09,Raw White,,,Pettah
2015-09-10,Raw White,2930.0,58.6,Pettah
2015-09-10,Raw White,,,Pettah
2015-09-11,Raw White,2890.0,57.8,Pettah
2015-09-11,Raw White,,,Pettah
2015-09-14,Raw White,2900.0,58.0,Pettah
2015-09-14,Raw White,,,Pettah
2015-09-16,Raw White,2910.0,58.2,Pettah
2015-09-16,Raw White,,,Pettah
2015-09-17,Raw White,2900.0,58.0,Pettah
2015-09-17,Raw White,,,Pettah
2015-09-18,Raw White,2890.0,57.8,Pettah
2015-09-18,Raw White,,,Pettah
2015-09-21,Raw White,2900.0,58.0,Pettah
2015-09-21,Raw White,,,Pettah
2015-09-22,Raw White,2900.0,58.0,Pettah
2015-09-22,Raw White,,,Pettah
2015-09-23,Raw White,2900.0,58.0,Pettah
2015-09-23,Raw White,,,Pettah
2015-09-25,Raw White,2810.0,56.2,Pettah
2015-09-25,Raw White,,,Pettah
2015-09-28,Raw White,2900.0,58.0,Pettah
2015-09-28,Raw White,,,Pettah
2015-09-29,Raw White,2900.0,58.0,Pettah
2015-09-29,Raw White,,,Pettah
2015-10-01,Raw White,2850.0,57.0,Pettah
2015-10-01,Raw White,,,Pettah
2015-10-02,Raw White,2830.0,56.6,Pettah
2015-10-02,Raw White,,,Pettah
2015-10-05,Raw White,2850.0,57.0,Pettah
2015-10-05,Raw White,,,Pettah
2015-10-06,Raw White,2880.0,57.6,Pettah
2015-10-06,Raw White,,,Pettah
2015-10-07,Raw White,2860.0,57.2,Pettah
2015-10-07,Raw White,,,Pettah
2015-10-08,Raw White,2860.0,57.2,Pettah
2015-10-08,Raw White,,,Pettah
2015-10-09,Raw White,2940.0,58.8,Pettah
2015-10-09,Raw White,,,Pettah
2015-10-12,Raw White,2990.0,59.8,Pettah
2015-10-12,Raw White,,,Pettah
2015-10-13,Raw White,3020.0,60.4,Pettah
2015-10-13,Raw White,,,Pettah
2015-10-14,Raw White,3060.0,61.2,Pettah
2015-10-14,Raw White,,,Pettah
2015-10-15,Raw White,3010.0,60.2,Pettah
2015-10-15,Raw White,6460.0,129.2,Pettah
2015-10-16,Raw White,3060.0,61.2,Pettah
2015-10-16,Raw White,6460.0,129.2,Pettah
2015-10-19,Raw White,3130.0,62.6,Pettah
2015-10-19,Raw White,,,Pettah
2015-10-20,Raw White,3180.0,63.6,Pettah
2015-10-20,Raw White,,,Pettah
2015-10-21,Raw White,3230.0,64.6,Pettah
2015-10-21,Raw White,,,Pettah
2015-10-22,Raw White,3220.0,64.4,Pettah
2015-10-22,Raw White,,,Pettah
2015-10-23,Raw White,3230.0,64.6,Pettah
2015-10-23,Raw White,,,Pettah
2015-10-26,Raw White,3210.0,64.2,Pettah
2015-10-26,Raw White,,,Pettah
2015-10-28,Raw White,3220.0,64.4,Pettah
2015-10-28,Raw White,,,Pettah
2015-10-29,Raw White,3200.0,64.0,Pettah
2015-10-29,Raw White,,,Pettah
2015-10-30,Raw White,3150.0,63.0,Pettah
2015-10-30,Raw White,,,Pettah
2015-11-02,Raw White,3190.0,63.8,Pettah
2015-11-02,Raw White,,,Pettah
2015-11-03,Raw White,3130.0,62.6,Pettah
2015-11-03,Raw White,,,Pettah
2015-11-04,Raw White,3140.0,62.8,Pettah
2015-11-04,Raw White,,,Pettah
2015-11-05,Raw White,3250.0,65.0,Pettah
2015-11-05,Raw White,,,Pettah
2015-11-06,Raw White,3240.0,64.8,Pettah
2015-11-06,Raw White,,,Pettah
2015-11-09,Raw White,3230.0,64.6,Pettah
2015-11-09,Raw White,,,Pettah
2015-11-11,Raw White,3250.0,65.0,Pettah
2015-11-11,Raw White,,,Pettah
2015-11-12,Raw White,3220.0,64.4,Pettah
2015-11-12,Raw White,,,Pettah
2015-11-13,Raw White,3262.5,65.25,Pettah
2015-11-13,Raw White,,,Pettah
2015-11-16,Raw White,3250.0,65.0,Pettah
2015-11-16,Raw White,,,Pettah
2015-11-17,Raw White,3280.0,65.6,Pettah
2015-11-17,Raw White,,,Pettah
2015-11-18,Raw White,3260.0,65.2,Pettah
2015-11-18,Raw White,,,Pettah
2015-11-19,Raw White,3280.0,65.6,Pettah
2015-11-19,Raw White,,,Pettah
2015-11-20,Raw White,3300.0,66.0,Pettah
2015-11-20,Raw White,,,Pettah
2015-11-23,Raw White,3325.0,66.5,Pettah
2015-11-23,Raw White,,,Pettah
2015-11-24,Raw White,3300.0,66.0,Pettah
2015-11-24,Raw White,,,Pettah
2015-11-26,Raw White,3320.0,66.4,Pettah
2015-11-26,Raw White,,,Pettah
2015-11-27,Raw White,3340.0,66.8,Pettah
2015-11-27,Raw White,,,Pettah
2015-11-30,Raw White,3350.0,67.0,Pettah
2015-11-30,Raw White,,,Pettah
2015-12-01,Raw White,3350.0,67.0,Pettah
2015-12-01,Raw White,,,Pettah
2015-12-02,Raw White,3340.0,66.8,Pettah
2015-12-02,Raw White,,,Pettah
2015-12-03,Raw White,3350.0,67.0,Pettah
2015-12-03,Raw White,,,Pettah
2015-12-04,Raw White,3350.0,67.0,Pettah
2015-12-04,Raw White,,,Pettah
2015-12-07,Raw White,3380.0,67.6,Pettah
2015-12-07,Raw White,,,Pettah
2015-12-08,Raw White,3330.0,66.6,Pettah
2015-12-08,Raw White,,,Pettah
2015-12-09,Raw White,3340.0,66.8,Pettah
2015-12-09,Raw White,,,Pettah
2015-12-10,Raw White,3350.0,67.0,Pettah
2015-12-10,Raw White,,,Pettah
2015-12-11,Raw White,3350.0,67.0,Pettah
2015-12-11,Raw White,,,Pettah
2015-12-14,Raw White,3290.0,65.8,Pettah
2015-12-14,Raw White,,,Pettah
2015-12-15,Raw White,3300.0,66.0,Pettah
2015-12-15,Raw White,,,Pettah
2015-12-16,Raw White,3310.0,66.2,Pettah
2015-12-16,Raw White,,,Pettah
2015-12-17,Raw White,3300.0,66.0,Pettah
2015-12-17,Raw White,,,Pettah
2015-12-18,Raw White,3240.0,64.8,Pettah
2015-12-18,Raw White,,,Pettah
2015-12-20,Raw White,3180.0,63.6,Pettah
2015-12-20,Raw White,,,Pettah
2015-12-21,Raw White,3180.0,63.6,Pettah
2015-12-21,Raw White,,,Pettah
2015-12-22,Raw White,3220.0,64.4,Pettah
2015-12-22,Raw White,,,Pettah
2015-12-23,Raw White,3190.0,63.8,Pettah
2015-12-23,Raw White,,,Pettah
2015-12-28,Raw White,3190.0,63.8,Pettah
2015-12-28,Raw White,,,Pettah
2015-12-29,Raw White,3220.0,64.4,Pettah
2015-12-29,Raw White,,,Pettah
2015-12-30,Raw White,3230.0,64.6,Pettah
2015-12-30,Raw White,,,Pettah
2015-12-31,Raw White,3200.0,64.0,Pettah
2015-12-31,Raw White,,,Pettah
2016-01-04,Raw White,3160.0,63.2,Pettah
2016-01-04,Raw White,,,Pettah
2016-01-05,Raw White,3140.0,62.8,Pettah
2016-01-05,Raw White,,,Pettah
2016-01-06,Raw White,3160.0,63.2,Pettah
2016-01-06,Raw White,,,Pettah
2016-01-07,Raw White,3130.0,62.6,Pettah
2016-01-07,Raw White,,,Pettah
2016-01-08,Raw White,3160.0,63.2,Pettah
2016-01-08,Raw White,,,Pettah
2016-01-11,Raw White,3130.0,62.6,Pettah
2016-01-11,Raw White,,,Pettah
2016-01-12,Raw White,3110.0,62.2,Pettah
2016-01-12,Raw White,,,Pettah
2016-01-13,Raw White,3140.0,62.8,Pettah
2016-01-13,Raw White,,,Pettah
2016-01-14,Raw White,3140.0,62.8,Pettah
2016-01-14,Raw White,,,Pettah
2016-01-18,Raw White,3170.0,63.4,Pettah
2016-01-18,Raw White,,,Pettah
2016-01-19,Raw White,3120.0,62.4,Pettah
2016-01-19,Raw White,,,Pettah
2016-01-20,Raw White,3120.0,62.4,Pettah
2016-01-20,Raw White,,,Pettah
2016-01-21,Raw White,3140.0,62.8,Pettah
2016-01-21,Raw White,,,Pettah
2016-01-22,Raw White,3090.0,61.8,Pettah
2016-01-22,Raw White,,,Pettah
2016-01-25,Raw White,3030.0,60.6,Pettah
2016-01-25,Raw White,,,Pettah
2016-01-26,Raw White,3080.0,61.6,Pettah
2016-01-26,Raw White,,,Pettah
2016-01-27,Raw White,3080.0,61.6,Pettah
2016-01-27,Raw White,,,Pettah
2016-01-28,Raw White,3030.0,60.6,Pettah
2016-01-28,Raw White,,,Pettah
2016-01-29,Raw White,3000.0,60.0,Pettah
2016-01-29,Raw White,,,Pettah
2016-02-01,Raw White,2980.0,59.6,Pettah
2016-02-01,Raw White,,,Pettah
2016-02-02,Raw White,2760.0,55.2,Pettah
2016-02-02,Raw White,,,Pettah
2016-02-03,Raw White,2930.0,58.6,Pettah
2016-02-03,Raw White,,,Pettah
2016-02-05,Raw White,2740.0,54.8,Pettah
2016-02-05,Raw White,,,Pettah
2016-02-08,Raw White,2800.0,56.0,Pettah
2016-02-08,Raw White,,,Pettah
2016-02-09,Raw White,2850.0,57.0,Pettah
2016-02-09,Raw White,,,Pettah
2016-02-10,Raw White,2860.0,57.2,Pettah
2016-02-10,Raw White,,,Pettah
2016-02-11,Raw White,2830.0,56.6,Pettah
2016-02-11,Raw White,,,Pettah
2016-02-12,Raw White,2840.0,56.8,Pettah
2016-02-12,Raw White,,,Pettah
2016-02-15,Raw White,2820.0,56.4,Pettah
2016-02-15,Raw White,,,Pettah
2016-02-16,Raw White,2780.0,55.6,Pettah
2016-02-16,Raw White,,,Pettah
2016-02-17,Raw White,2770.0,55.4,Pettah
2016-02-17,Raw White,,,Pettah
2016-02-18,Raw White,2740.0,54.8,Pettah
2016-02-18,Raw White,,,Pettah
2016-02-19,Raw White,2690.0,53.8,Pettah
2016-02-19,Raw White,,,Pettah
2016-02-23,Raw White,2690.0,53.8,Pettah
2016-02-23,Raw White,,,Pettah
2016-02-24,Raw White,2640.0,52.8,Pettah
2016-02-24,Raw White,,,Pettah
2016-02-25,Raw White,2650.0,53.0,Pettah
2016-02-25,Raw White,,,Pettah
2016-02-26,Raw White,2660.0,53.2,Pettah
2016-02-26,Raw White,,,Pettah
2016-02-29,Raw White,2650.0,53.0,Pettah
2016-02-29,Raw White,,,Pettah
2016-03-01,Raw White,2640.0,52.8,Pettah
2016-03-01,Raw White,,,Pettah
2016-03-02,Raw White,2620.0,52.4,Pettah
2016-03-02,Raw White,,,Pettah
2016-03-03,Raw White,2630.0,52.6,Pettah
2016-03-03,Raw White,,,Pettah
2016-03-04,Raw White,2640.0,52.8,Pettah
2016-03-04,Raw White,,,Pettah
2016-03-08,Raw White,2650.0,53.0,Pettah
2016-03-08,Raw White,,,Pettah
2016-03-09,Raw White,2660.0,53.2,Pettah
2016-03-09,Raw White,,,Pettah
2016-03-10,Raw White,2660.0,53.2,Pettah
2016-03-10,Raw White,,,Pettah
2016-03-11,Raw White,2660.0,53.2,Pettah
2016-03-11,Raw White,,,Pettah
2016-03-14,Raw White,2670.0,53.4,Pettah
2016-03-14,Raw White,,,Pettah
2016-03-15,Raw White,2600.0,52.0,Pettah
2016-03-15,Raw White,,,Pettah
2016-03-16,Raw White,2720.0,54.4,Pettah
2016-03-16,Raw White,,,Pettah
2016-03-17,Raw White,2690.0,53.8,Pettah
2016-03-17,Raw White,,,Pettah
2016-03-18,Raw White,2680.0,53.6,Pettah
2016-03-18,Raw White,,,Pettah
2016-03-21,Raw White,2650.0,53.0,Pettah
2016-03-21,Raw White,,,Pettah
2016-03-23,Raw White,2780.0,55.6,Pettah
2016-03-23,Raw White,,,Pettah
2016-03-24,Raw White,2820.0,56.4,Pettah
2016-03-24,Raw White,,,Pettah
2016-03-28,Raw White,2960.0,59.2,Pettah
2016-03-28,Raw White,,,Pettah
2016-03-29,Raw White,3000.0,60.0,Pettah
2016-03-29,Raw White,,,Pettah
2016-03-30,Raw White,3070.0,61.4,Pettah
2016-03-30,Raw White,,,Pettah
2016-03-31,Raw White,3070.0,61.4,Pettah
2016-03-31,Raw White,,,Pettah
2016-04-01,Raw White,3110.0,62.2,Pettah
2016-04-01,Raw White,,,Pettah
2016-04-04,Raw White,3140.0,62.8,Pettah
2016-04-04,Raw White,,,Pettah
2016-04-05,Raw White,3030.0,60.6,Pettah
2016-04-05,Raw White,,,Pettah
2016-04-06,Raw White,3140.0,62.8,Pettah
2016-04-06,Raw White,,,Pettah
2016-04-07,Raw White,3200.0,64.0,Pettah
2016-04-07,Raw White,,,Pettah
2016-04-08,Raw White,3160.0,63.2,Pettah
2016-04-08,Raw White,,,Pettah
2016-04-11,Raw White,3200.0,64.0,Pettah
2016-04-11,Raw White,,,Pettah
2016-04-18,Raw White,3160.0,63.2,Pettah
2016-04-18,Raw White,,,Pettah
2016-04-19,Raw White,3230.0,64.6,Pettah
2016-04-19,Raw White,,,Pettah
2016-04-20,Raw White,3215.0,64.3,Pettah
2016-04-20,Raw White,,,Pettah
2016-04-22,Raw White,3210.0,64.2,Pettah
2016-04-22,Raw White,,,Pettah
2016-04-25,Raw White,3190.0,63.8,Pettah
2016-04-25,Raw White,,,Pettah
2016-04-26,Raw White,3200.0,64.0,Pettah
2016-04-26,Raw White,,,Pettah
2016-04-27,Raw White,3210.0,64.2,Pettah
2016-04-27,Raw White,,,Pettah
2016-04-28,Raw White,3240.0,64.8,Pettah
2016-04-28,Raw White,,,Pettah
2016-04-29,Raw White,3180.0,63.6,Pettah
2016-04-29,Raw White,,,Pettah
2016-05-02,Raw White,3280.0,65.6,Pettah
2016-05-02,Raw White,,,Pettah
2016-05-03,Raw White,3200.0,64.0,Pettah
2016-05-03,Raw White,,,Pettah
2016-05-04,Raw White,3200.0,64.0,Pettah
2016-05-04,Raw White,,,Pettah
2016-05-05,Raw White,3230.0,64.6,Pettah
2016-05-05,Raw White,,,Pettah
2016-05-06,Raw White,3240.0,64.8,Pettah
2016-05-06,Raw White,,,Pettah
2016-05-09,Raw White,3180.0,63.6,Pettah
2016-05-09,Raw White,,,Pettah
2016-05-10,Raw White,3170.0,63.4,Pettah
2016-05-10,Raw White,,,Pettah
2016-05-11,Raw White,3210.0,64.2,Pettah
2016-05-11,Raw White,,,Pettah
2016-05-12,Raw White,3210.0,64.2,Pettah
2016-05-12,Raw White,,,Pettah
2016-05-13,Raw White,3220.0,64.4,Pettah
2016-05-13,Raw White,,,Pettah
2016-05-16,Raw White,3210.0,64.2,Pettah
2016-05-16,Raw White,,,Pettah
2016-05-17,Raw White,3260.0,65.2,Pettah
2016-05-17,Raw White,,,Pettah
2016-05-18,Raw White,3210.0,64.2,Pettah
2016-05-18,Raw White,,,Pettah
2016-05-19,Raw White,3220.0,64.4,Pettah
2016-05-19,Raw White,,,Pettah
2016-05-20,Raw White,3250.0,65.0,Pettah
2016-05-20,Raw White,,,Pettah
2016-05-23,Raw White,3270.0,65.4,Pettah
2016-05-23,Raw White,,,Pettah
2016-05-24,Raw White,3200.0,64.0,Pettah
2016-05-24,Raw White,,,Pettah
2016-05-25,Raw White,3230.0,64.6,Pettah
2016-05-25,Raw White,,,Pettah
2016-05-26,Raw White,3230.0,64.6,Pettah
2016-05-26,Raw White,,,Pettah
2016-05-27,Raw White,3220.0,64.4,Pettah
2016-05-27,Raw White,,,Pettah
2016-05-30,Raw White,3240.0,64.8,Pettah
2016-05-30,Raw White,,,Pettah
2016-05-31,Raw White,3210.0,64.2,Pettah
2016-05-31,Raw White,,,Pettah
2016-06-01,Raw White,3230.0,64.6,Pettah
2016-06-01,Raw White,,,Pettah
2016-06-02,Raw White,3180.0,63.6,Pettah
2016-06-02,Raw White,,,Pettah
2016-06-03,Raw White,3220.0,64.4,Pettah
2016-06-03,Raw White,,,Pettah
2016-06-06,Raw White,3240.0,64.8,Pettah
2016-06-06,Raw White,,,Pettah
2016-06-07,Raw White,3260.0,65.2,Pettah
2016-06-07,Raw White,,,Pettah
2016-06-08,Raw White,3210.0,64.2,Pettah
2016-06-08,Raw White,,,Pettah
2016-06-09,Raw White,3210.0,64.2,Pettah
2016-06-09,Raw White,,,Pettah
2016-06-10,Raw White,3190.0,63.8,Pettah
2016-06-10,Raw White,,,Pettah
2016-06-13,Raw White,3250.0,65.0,Pettah
2016-06-13,Raw White,,,Pettah
2016-06-14,Raw White,3160.0,63.2,Pettah
2016-06-14,Raw White,,,Pettah
2016-06-15,Raw White,3200.0,64.0,Pettah
2016-06-15,Raw White,,,Pettah
2016-06-16,Raw White,3190.0,63.8,Pettah
2016-06-16,Raw White,,,Pettah
2016-06-17,Raw White,3150.0,63.0,Pettah
2016-06-17,Raw White,,,Pettah
2016-06-20,Raw White,3170.0,63.4,Pettah
2016-06-20,Raw White,,,Pettah
2016-06-21,Raw White,3140.0,62.8,Pettah
2016-06-21,Raw White,,,Pettah
2016-06-22,Raw White,3090.0,61.8,Pettah
2016-06-22,Raw White,,,Pettah
2016-06-23,Raw White,3220.0,64.4,Pettah
2016-06-23,Raw White,,,Pettah
2016-06-24,Raw White,3100.0,62.0,Pettah
2016-06-24,Raw White,,,Pettah
2016-06-27,Raw White,3110.0,62.2,Pettah
2016-06-27,Raw White,,,Pettah
2016-06-28,Raw White,3060.0,61.2,Pettah
2016-06-28,Raw White,,,Pettah
2016-06-29,Raw White,2980.0,59.6,Pettah
2016-06-29,Raw White,,,Pettah
2016-06-30,Raw White,2980.0,59.6,Pettah
2016-06-30,Raw White,,,Pettah
2016-07-01,Raw White,3030.0,60.6,Pettah
2016-07-01,Raw White,,,Pettah
2016-07-04,Raw White,2990.0,59.8,Pettah
2016-07-04,Raw White,,,Pettah
2016-07-05,Raw White,2960.0,59.2,Pettah
2016-07-05,Raw White,,,Pettah
2016-07-06,Raw White,2990.0,59.8,Pettah
2016-07-06,Raw White,,,Pettah
2016-07-07,Raw White,2990.0,59.8,Pettah
2016-07-07,Raw White,,,Pettah
2016-07-08,Raw White,2975.0,59.5,Pettah
2016-07-08,Raw White,,,Pettah
2016-07-11,Raw White,3070.0,61.4,Pettah
2016-07-11,Raw White,,,Pettah
2016-07-12,Raw White,3020.0,60.4,Pettah
2016-07-12,Raw White,,,Pettah
2016-07-13,Raw White,3050.0,61.0,Pettah
2016-07-13,Raw White,,,Pettah
2016-07-14,Raw White,3010.0,60.2,Pettah
2016-07-14,Raw White,,,Pettah
2016-07-15,Raw White,3040.0,60.8,Pettah
2016-07-15,Raw White,,,Pettah
2016-07-18,Raw White,3050.0,61.0,Pettah
2016-07-18,Raw White,,,Pettah
2016-07-20,Raw White,3040.0,60.8,Pettah
2016-07-20,Raw White,,,Pettah
2016-07-21,Raw White,3040.0,60.8,Pettah
2016-07-21,Raw White,,,Pettah
2016-07-22,Raw White,3070.0,61.4,Pettah
2016-07-22,Raw White,,,Pettah
2016-07-25,Raw White,3040.0,60.8,Pettah
2016-07-25,Raw White,,,Pettah
2016-07-26,Raw White,2990.0,59.8,Pettah
2016-07-26,Raw White,,,Pettah
2016-07-27,Raw White,3040.0,60.8,Pettah
2016-07-27,Raw White,,,Pettah
2016-07-28,Raw White,2990.0,59.8,Pettah
2016-07-28,Raw White,,,Pettah
2016-07-29,Raw White,3010.0,60.2,Pettah
2016-07-29,Raw White,,,Pettah
2016-08-01,Raw White,3020.0,60.4,Pettah
2016-08-01,Raw White,,,Pettah
2016-08-02,Raw White,3030.0,60.6,Pettah
2016-08-02,Raw White,,,Pettah
2016-08-03,Raw White,3010.0,60.2,Pettah
2016-08-03,Raw White,,,Pettah
2016-08-04,Raw White,3010.0,60.2,Pettah
2016-08-04,Raw White,,,Pettah
2016-08-05,Raw White,3025.0,60.5,Pettah
2016-08-05,Raw White,,,Pettah
2016-08-08,Raw White,2990.0,59.8,Pettah
2016-08-08,Raw White,,,Pettah
2016-08-09,Raw White,3010.0,60.2,Pettah
2016-08-09,Raw White,,,Pettah
2016-08-10,Raw White,2970.0,59.4,Pettah
2016-08-10,Raw White,,,Pettah
2016-08-11,Raw White,2980.0,59.6,Pettah
2016-08-11,Raw White,,,Pettah
2016-08-12,Raw White,3000.0,60.0,Pettah
2016-08-12,Raw White,,,Pettah
2016-08-15,Raw White,3010.0,60.2,Pettah
2016-08-15,Raw White,,,Pettah
2016-08-16,Raw White,2970.0,59.4,Pettah
2016-08-16,Raw White,,,Pettah
2016-08-18,Raw White,2980.0,59.6,Pettah
2016-08-18,Raw White,,,Pettah
2016-08-19,Raw White,2970.0,59.4,Pettah
2016-08-19,Raw White,,,Pettah
2016-08-22,Raw White,3020.0,60.4,Pettah
2016-08-22,Raw White,,,Pettah
2016-08-23,Raw White,3100.0,62.0,Pettah
2016-08-23,Raw White,,,Pettah
2016-08-24,Raw White,3010.0,60.2,Pettah
2016-08-24,Raw White,,,Pettah
2016-08-29,Raw White,2970.0,59.4,Pettah
2016-08-29,Raw White,,,Pettah
2016-08-30,Raw White,2990.0,59.8,Pettah
2016-08-30,Raw White,,,Pettah
2016-08-31,Raw White,2980.0,59.6,Pettah
2016-08-31,Raw White,,,Pettah
2016-09-01,Raw White,3030.0,60.6,Pettah
2016-09-01,Raw White,,,Pettah
2016-09-02,Raw White,3050.0,61.0,Pettah
2016-09-02,Raw White,,,Pettah
2016-09-05,Raw White,3050.0,61.0,Pettah
2016-09-05,Raw White,,,Pettah
2016-09-06,Raw White,3050.0,61.0,Pettah
2016-09-06,Raw White,,,Pettah
2016-09-07,Raw White,3050.0,61.0,Pettah
2016-09-07,Raw White,,,Pettah
2016-09-08,Raw White,3070.0,61.4,Pettah
2016-09-08,Raw White,,,Pettah
2016-09-09,Raw White,3040.0,60.8,Pettah
2016-09-09,Raw White,,,Pettah
2016-09-13,Raw White,3040.0,60.8,Pettah
2016-09-13,Raw White,,,Pettah
2016-09-14,Raw White,3040.0,60.8,Pettah
2016-09-14,Raw White,,,Pettah
2016-09-15,Raw White,3070.0,61.4,Pettah
2016-09-15,Raw White,,,Pettah
2016-09-19,Raw White,3010.0,60.2,Pettah
2016-09-19,Raw White,,,Pettah
2016-09-20,Raw White,3090.0,61.8,Pettah
2016-09-20,Raw White,,,Pettah
2016-09-21,Raw White,3090.0,61.8,Pettah
2016-09-21,Raw White,,,Pettah
2016-09-22,Raw White,3130.0,62.6,Pettah
2016-09-22,Raw White,,,Pettah
2016-09-23,Raw White,3160.0,63.2,Pettah
2016-09-23,Raw White,,,Pettah
2016-09-26,Raw White,3150.0,63.0,Pettah
2016-09-26,Raw White,,,Pettah
2016-09-27,Raw White,3250.0,65.0,Pettah
2016-09-27,Raw White,,,Pettah
2016-09-28,Raw White,3290.0,65.8,Pettah
2016-09-28,Raw White,,,Pettah
2016-09-29,Raw White,3270.0,65.4,Pettah
2016-09-29,Raw White,,,Pettah
2016-09-30,Raw White,3270.0,65.4,Pettah
2016-09-30,Raw White,,,Pettah
2016-10-03,Raw White,3310.0,66.2,Pettah
2016-10-03,Raw White,,,Pettah
2016-10-04,Raw White,3300.0,66.0,Pettah
2016-10-04,Raw White,,,Pettah
2016-10-05,Raw White,3380.0,67.6,Pettah
2016-10-05,Raw White,,,Pettah
2016-10-06,Raw White,3380.0,67.6,Pettah
2016-10-06,Raw White,,,Pettah
2016-10-07,Raw White,3360.0,67.2,Pettah
2016-10-07,Raw White,,,Pettah
2016-10-10,Raw White,3350.0,67.0,Pettah
2016-10-10,Raw White,,,Pettah
2016-10-11,Raw White,3383.33,67.6666,Pettah
2016-10-11,Raw White,,,Pettah
2016-10-12,Raw White,3370.0,67.4,Pettah
2016-10-12,Raw White,,,Pettah
2016-10-13,Raw White,3370.0,67.4,Pettah
2016-10-13,Raw White,,,Pettah
2016-10-14,Raw White,3420.0,68.4,Pettah
2016-10-14,Raw White,,,Pettah
2016-10-17,Raw White,3390.0,67.8,Pettah
2016-10-17,Raw White,,,Pettah
2016-10-18,Raw White,3420.0,68.4,Pettah
2016-10-18,Raw White,,,Pettah
2016-10-19,Raw White,3400.0,68.0,Pettah
2016-10-19,Raw White,,,Pettah
2016-10-20,Raw White,3400.0,68.0,Pettah
2016-10-20,Raw White,,,Pettah
2016-10-21,Raw White,3400.0,68.0,Pettah
2016-10-21,Raw White,,,Pettah
2016-10-24,Raw White,3490.0,69.8,Pettah
2016-10-24,Raw White,,,Pettah
2016-10-25,Raw White,3420.0,68.4,Pettah
2016-10-25,Raw White,,,Pettah
2016-10-26,Raw White,3420.0,68.4,Pettah
2016-10-26,Raw White,,,Pettah
2016-10-27,Raw White,3430.0,68.6,Pettah
2016-10-27,Raw White,,,Pettah
2016-10-28,Raw White,3420.0,68.4,Pettah
2016-10-28,Raw White,,,Pettah
2016-10-31,Raw White,3420.0,68.4,Pettah
2016-10-31,Raw White,,,Pettah
2016-11-01,Raw White,3440.0,68.8,Pettah
2016-11-01,Raw White,,,Pettah
2016-11-02,Raw White,3470.0,69.4,Pettah
2016-11-02,Raw White,,,Pettah
2016-11-03,Raw White,3470.0,69.4,Pettah
2016-11-03,Raw White,,,Pettah
2016-11-04,Raw White,3480.0,69.6,Pettah
2016-11-04,Raw White,,,Pettah
2016-11-07,Raw White,3508.33,70.1666,Pettah
2016-11-07,Raw White,,,Pettah
2016-11-08,Raw White,3570.0,71.4,Pettah
2016-11-08,Raw White,,,Pettah
2016-11-09,Raw White,3490.0,69.8,Pettah
2016-11-09,Raw White,,,Pettah
2016-11-10,Raw White,3490.0,69.8,Pettah
2016-11-10,Raw White,,,Pettah
2016-11-11,Raw White,3490.0,69.8,Pettah
2016-11-11,Raw White,,,Pettah
2016-11-15,Raw White,3500.0,70.0,Pettah
2016-11-15,Raw White,,,Pettah
2016-11-16,Raw White,3550.0,71.0,Pettah
2016-11-16,Raw White,,,Pettah
2016-11-17,Raw White,3560.0,71.2,Pettah
2016-11-17,Raw White,,,Pettah
2016-11-18,Raw White,3550.0,71.0,Pettah
2016-11-18,Raw White,,,Pettah
2016-11-21,Raw White,3575.0,71.5,Pettah
2016-11-21,Raw White,,,Pettah
2016-11-22,Raw White,3610.0,72.2,Pettah
2016-11-22,Raw White,,,Pettah
2016-11-23,Raw White,3583.33,71.6666,Pettah
2016-11-23,Raw White,,,Pettah
2016-11-24,Raw White,3590.0,71.8,Pettah
2016-11-24,Raw White,,,Pettah
2016-11-25,Raw White,3580.0,71.6,Pettah
2016-11-25,Raw White,,,Pettah
2016-11-28,Raw White,3570.0,71.4,Pettah
2016-11-28,Raw White,,,Pettah
2016-11-29,Raw White,3580.0,71.6,Pettah
2016-11-29,Raw White,,,Pettah
2016-11-30,Raw White,3570.0,71.4,Pettah
2016-11-30,Raw White,,,Pettah
2016-12-01,Raw White,3590.0,71.8,Pettah
2016-12-01,Raw White,,,Pettah
2016-12-02,Raw White,3600.0,72.0,Pettah
2016-12-02,Raw White,,,Pettah
2016-12-05,Raw White,3580.0,71.6,Pettah
2016-12-05,Raw White,,,Pettah
2016-12-06,Raw White,3690.0,73.8,Pettah
2016-12-06,Raw White,,,Pettah
2016-12-07,Raw White,3730.0,74.6,Pettah
2016-12-07,Raw White,,,Pettah
2016-12-08,Raw White,3750.0,75.0,Pettah
2016-12-08,Raw White,,,Pettah
2016-12-09,Raw White,3790.0,75.8,Pettah
2016-12-09,Raw White,,,Pettah
2016-12-14,Raw White,3920.0,78.4,Pettah
2016-12-14,Raw White,,,Pettah
2016-12-15,Raw White,3900.0,78.0,Pettah
2016-12-15,Raw White,,,Pettah
2016-12-16,Raw White,3910.0,78.2,Pettah
2016-12-16,Raw White,,,Pettah
2016-12-19,Raw White,3950.0,79.0,Pettah
2016-12-19,Raw White,,,Pettah
2016-12-20,Raw White,3960.0,79.2,Pettah
2016-12-20,Raw White,,,Pettah
2016-12-21,Raw White,3980.0,79.6,Pettah
2016-12-21,Raw White,,,Pettah
2016-12-22,Raw White,3960.0,79.2,Pettah
2016-12-22,Raw White,,,Pettah
2016-12-23,Raw White,3980.0,79.6,Pettah
2016-12-23,Raw White,,,Pettah
2016-12-26,Raw White,4030.0,80.6,Pettah
2016-12-26,Raw White,,,Pettah
2016-12-27,Raw White,4030.0,80.6,Pettah
2016-12-27,Raw White,,,Pettah
2016-12-28,Raw White,4130.0,82.6,Pettah
2016-12-28,Raw White,,,Pettah
2016-12-29,Raw White,4100.0,82.0,Pettah
2016-12-29,Raw White,,,Pettah
2016-12-30,Raw White,4090.0,81.8,Pettah
2016-12-30,Raw White,,,Pettah
2017-01-02,Raw White,4110.0,82.2,Pettah
2017-01-02,Raw White,,,Pettah
2017-01-03,Raw White,4090.0,81.8,Pettah
2017-01-03,Raw White,,,Pettah
2017-01-04,Raw White,4070.0,81.4,Pettah
2017-01-04,Raw White,,,Pettah
2017-01-05,Raw White,4120.0,82.4,Pettah
2017-01-05,Raw White,,,Pettah
2017-01-06,Raw White,4120.0,82.4,Pettah
2017-01-06,Raw White,,,Pettah
2017-01-09,Raw White,4110.0,82.2,Pettah
2017-01-09,Raw White,,,Pettah
2017-01-10,Raw White,4090.0,81.8,Pettah
2017-01-10,Raw White,,,Pettah
2017-01-11,Raw White,4120.0,82.4,Pettah
2017-01-11,Raw White,,,Pettah
2017-01-13,Raw White,4110.0,82.2,Pettah
2017-01-13,Raw White,,,Pettah
2017-01-16,Raw White,4100.0,82.0,Pettah
2017-01-16,Raw White,,,Pettah
2017-01-17,Raw White,4120.0,82.4,Pettah
2017-01-17,Raw White,,,Pettah
2017-01-18,Raw White,4370.0,87.4,Pettah
2017-01-18,Raw White,3883.33,77.6666,Pettah
2017-01-19,Raw White,4480.0,89.6,Pettah
2017-01-19,Raw White,4025.0,80.5,Pettah
2017-01-20,Raw White,4490.0,89.8,Pettah
2017-01-20,Raw White,4040.0,80.8,Pettah
2017-01-23,Raw White,4490.0,89.8,Pettah
2017-01-23,Raw White,4200.0,84.0,Pettah
2017-01-24,Raw White,4570.0,91.4,Pettah
2017-01-24,Raw White,4000.0,80.0,Pettah
2017-01-25,Raw White,4587.5,91.75,Pettah
2017-01-25,Raw White,4130.0,82.6,Pettah
2017-01-26,Raw White,4590.0,91.8,Pettah
2017-01-26,Raw White,4060.0,81.2,Pettah
2017-01-27,Raw White,4590.0,91.8,Pettah
2017-01-27,Raw White,4137.5,82.75,Pettah
2017-01-30,Raw White,4630.0,92.6,Pettah
2017-01-30,Raw White,3990.0,79.8,Pettah
2017-01-31,Raw White,4720.0,94.4,Pettah
2017-01-31,Raw White,3920.0,78.4,Pettah
2017-03-01,Raw White,3790.0,75.8,Pettah
2017-03-01,Raw White,3362.5,67.25,Pettah
2017-03-02,Raw White,3780.0,75.6,Pettah
2017-03-02,Raw White,3462.5,69.25,Pettah
2017-03-03,Raw White,3770.0,75.4,Pettah
2017-03-03,Raw White,3400.0,68.0,Pettah
2017-03-06,Raw White,3790.0,75.8,Pettah
2017-03-06,Raw White,3375.0,67.5,Pettah
2017-03-07,Raw White,3800.0,76.0,Pettah
2017-03-07,Raw White,3333.33,66.6666,Pettah
2017-03-08,Raw White,3750.0,75.0,Pettah
2017-03-08,Raw White,3350.0,67.0,Pettah
2017-03-09,Raw White,3750.0,75.0,Pettah
2017-03-09,Raw White,3350.0,67.0,Pettah
2017-03-10,Raw White,3770.0,75.4,Pettah
2017-03-10,Raw White,3366.67,67.3334,Pettah
2017-03-13,Raw White,3750.0,75.0,Pettah
2017-03-13,Raw White,3266.67,65.3334,Pettah
2017-03-14,Raw White,3760.0,75.2,Pettah
2017-03-14,Raw White,3300.0,66.0,Pettah
2017-03-15,Raw White,3730.0,74.6,Pettah
2017-03-15,Raw White,3290.0,65.8,Pettah
2017-03-16,Raw White,3760.0,75.2,Pettah
2017-03-16,Raw White,3270.0,65.4,Pettah
2017-03-17,Raw White,3750.0,75.0,Pettah
2017-03-17,Raw White,3262.5,65.25,Pettah
2017-03-20,Raw White,3750.0,75.0,Pettah
2017-03-20,Raw White,3200.0,64.0,Pettah
2017-03-21,Raw White,3770.0,75.4,Pettah
2017-03-21,Raw White,3225.0,64.5,Pettah
2017-03-22,Raw White,3800.0,76.0,Pettah
2017-03-22,Raw White,3225.0,64.5,Pettah
2017-03-23,Raw White,3780.0,75.6,Pettah
2017-03-23,Raw White,3200.0,64.0,Pettah
2017-03-24,Raw White,3780.0,75.6,Pettah
2017-03-24,Raw White,3270.0,65.4,Pettah
2017-03-27,Raw White,3770.0,75.4,Pettah
2017-03-27,Raw White,3410.0,68.2,Pettah
2017-03-28,Raw White,3770.0,75.4,Pettah
2017-03-28,Raw White,3500.0,70.0,Pettah
2017-03-29,Raw White,3790.0,75.8,Pettah
2017-03-29,Raw White,3470.0,69.4,Pettah
2017-03-30,Raw White,3770.0,75.4,Pettah
2017-03-30,Raw White,3410.0,68.2,Pettah
2017-03-31,Raw White,3770.0,75.4,Pettah
2017-03-31,Raw White,3320.0,66.4,Pettah
2017-04-03,Raw White,3830.0,76.6,Pettah
2017-04-03,Raw White,3360.0,67.2,Pettah
2017-04-04,Raw White,3810.0,76.2,Pettah
2017-04-04,Raw White,3280.0,65.6,Pettah
2017-04-05,Raw White,3750.0,75.0,Pettah
2017-04-05,Raw White,3262.5,65.25,Pettah
2017-04-06,Raw White,3780.0,75.6,Pettah
2017-04-06,Raw White,3250.0,65.0,Pettah
2017-04-07,Raw White,3800.0,76.0,Pettah
2017-04-07,Raw White,3260.0,65.2,Pettah
2017-04-11,Raw White,3790.0,75.8,Pettah
2017-04-11,Raw White,3290.0,65.8,Pettah
2017-04-12,Raw White,3830.0,76.6,Pettah
2017-04-12,Raw White,3333.33,66.6666,Pettah
2017-04-17,Raw White,3750.0,75.0,Pettah
2017-04-17,Raw White,3416.67,68.3334,Pettah
2017-04-18,Raw White,3750.0,75.0,Pettah
2017-04-18,Raw White,3416.67,68.3334,Pettah
2017-04-19,Raw White,3800.0,76.0,Pettah
2017-04-19,Raw White,3416.67,68.3334,Pettah
2017-04-20,Raw White,3800.0,76.0,Pettah
2017-04-20,Raw White,3383.33,67.6666,Pettah
2017-04-21,Raw White,3820.0,76.4,Pettah
2017-04-21,Raw White,3375.0,67.5,Pettah
2017-04-24,Raw White,3780.0,75.6,Pettah
2017-04-24,Raw White,3387.5,67.75,Pettah
2017-04-25,Raw White,3780.0,75.6,Pettah
2017-04-25,Raw White,3387.5,67.75,Pettah
2017-04-26,Raw White,3800.0,76.0,Pettah
2017-04-26,Raw White,3362.5,67.25,Pettah
2017-04-27,Raw White,3820.0,76.4,Pettah
2017-04-27,Raw White,3387.5,67.75,Pettah
2017-04-28,Raw White,3820.0,76.4,Pettah
2017-04-28,Raw White,3350.0,67.0,Pettah
2017-05-02,Raw White,3820.0,76.4,Pettah
2017-05-02,Raw White,3420.0,68.4,Pettah
2017-05-03,Raw White,3800.0,76.0,Pettah
2017-05-03,Raw White,3370.0,67.4,Pettah
2017-05-04,Raw White,3860.0,77.2,Pettah
2017-05-04,Raw White,3350.0,67.0,Pettah
2017-05-05,Raw White,3860.0,77.2,Pettah
2017-05-05,Raw White,3350.0,67.0,Pettah
2017-05-08,Raw White,3880.0,77.6,Pettah
2017-05-08,Raw White,3390.0,67.8,Pettah
2017-05-09,Raw White,3880.0,77.6,Pettah
2017-05-09,Raw White,3400.0,68.0,Pettah
2017-05-12,Raw White,3920.0,78.4,Pettah
2017-05-12,Raw White,3325.0,66.5,Pettah
2017-05-15,Raw White,3920.0,78.4,Pettah
2017-05-15,Raw White,3470.0,69.4,Pettah
2017-05-16,Raw White,3950.0,79.0,Pettah
2017-05-16,Raw White,3390.0,67.8,Pettah
2017-05-17,Raw White,4010.0,80.2,Pettah
2017-05-17,Raw White,3650.0,73.0,Pettah
2017-05-18,Raw White,4190.0,83.8,Pettah
2017-05-18,Raw White,3440.0,68.8,Pettah
2017-05-19,Raw White,4030.0,80.6,Pettah
2017-05-19,Raw White,3750.0,75.0,Pettah
2017-05-23,Raw White,4100.0,82.0,Pettah
2017-05-23,Raw White,3750.0,75.0,Pettah
2017-05-24,Raw White,4100.0,82.0,Pettah
2017-05-24,Raw White,3750.0,75.0,Pettah
2017-05-25,Raw White,4180.0,83.6,Pettah
2017-05-25,Raw White,3590.0,71.8,Pettah
2017-05-26,Raw White,4200.0,84.0,Pettah
2017-05-26,Raw White,3490.0,69.8,Pettah
2017-05-29,Raw White,4310.0,86.2,Pettah
2017-05-29,Raw White,3550.0,71.0,Pettah
2017-05-30,Raw White,4280.0,85.6,Pettah
2017-05-30,Raw White,3575.0,71.5,Pettah
2017-05-31,Raw White,4330.0,86.6,Pettah
2017-05-31,Raw White,3575.0,71.5,Pettah
2017-06-02,Raw White,4233.33,84.6666,Pettah
2017-06-02,Raw White,3490.0,69.8,Pettah
2017-06-05,Raw White,4280.0,85.6,Pettah
2017-06-05,Raw White,3362.5,67.25,Pettah
2017-06-06,Raw White,4220.0,84.4,Pettah
2017-06-06,Raw White,3640.0,72.8,Pettah
2017-06-07,Raw White,4230.0,84.6,Pettah
2017-06-07,Raw White,3590.0,71.8,Pettah
2017-06-09,Raw White,4210.0,84.2,Pettah
2017-06-09,Raw White,3490.0,69.8,Pettah
2017-06-12,Raw White,4310.0,86.2,Pettah
2017-06-12,Raw White,3570.0,71.4,Pettah
2017-06-13,Raw White,4310.0,86.2,Pettah
2017-06-13,Raw White,3540.0,70.8,Pettah
2017-06-14,Raw White,4320.0,86.4,Pettah
2017-06-14,Raw White,3370.0,67.4,Pettah
2017-06-15,Raw White,4280.0,85.6,Pettah
2017-06-15,Raw White,3341.67,66.8334,Pettah
2017-06-16,Raw White,4490.0,89.8,Pettah
2017-06-16,Raw White,3570.0,71.4,Pettah
2017-06-19,Raw White,4330.0,86.6,Pettah
2017-06-19,Raw White,3600.0,72.0,Pettah
2017-06-20,Raw White,4190.0,83.8,Pettah
2017-06-20,Raw White,3625.0,72.5,Pettah
2017-06-21,Raw White,4250.0,85.0,Pettah
2017-06-21,Raw White,3530.0,70.6,Pettah
2017-06-22,Raw White,4237.5,84.75,Pettah
2017-06-22,Raw White,3590.0,71.8,Pettah
2017-06-23,Raw White,4260.0,85.2,Pettah
2017-06-23,Raw White,3710.0,74.2,Pettah
2017-06-27,Raw White,4030.0,80.6,Pettah
2017-06-27,Raw White,3620.0,72.4,Pettah
2017-06-28,Raw White,4220.0,84.4,Pettah
2017-06-28,Raw White,3580.0,71.6,Pettah
2017-06-29,Raw White,3550.0,71.0,Pettah
2017-06-29,Raw White,344.0,344.0,Pettah
2017-06-30,Raw White,3520.0,70.4,Pettah
2017-06-30,Raw White,338.0,338.0,Pettah
2017-07-03,Raw White,3620.0,72.4,Pettah
2017-07-03,Raw White,324.0,324.0,Pettah
2017-07-04,Raw White,3600.0,72.0,Pettah
2017-07-04,Raw White,312.0,312.0,Pettah
2017-07-05,Raw White,3590.0,71.8,Pettah
2017-07-05,Raw White,320.0,320.0,Pettah
2017-07-06,Raw White,3583.33,71.6666,Pettah
2017-07-06,Raw White,299.17,299.17,Pettah
2017-07-07,Raw White,3925.0,78.5,Pettah
2017-07-07,Raw White,346.0,346.0,Pettah
2017-07-10,Raw White,3575.0,71.5,Pettah
2017-07-10,Raw White,256.67,256.67,Pettah
2017-07-11,Raw White,3500.0,70.0,Pettah
2017-07-11,Raw White,218.33,218.33,Pettah
2017-07-12,Raw White,3566.67,71.3334,Pettah
2017-07-12,Raw White,208.33,208.33,Pettah
2017-07-13,Raw White,3612.5,72.25,Pettah
2017-07-13,Raw White,210.0,210.0,Pettah
2017-07-14,Raw White,3633.33,72.6666,Pettah
2017-07-14,Raw White,198.0,198.0,Pettah
2017-07-17,Raw White,3700.0,74.0,Pettah
2017-07-17,Raw White,196.0,196.0,Pettah
2017-07-18,Raw White,3637.5,72.75,Pettah
2017-07-18,Raw White,150.0,150.0,Pettah
2017-07-19,Raw White,3700.0,74.0,Pettah
2017-07-19,Raw White,135.0,135.0,Pettah
2017-07-20,Raw White,3650.0,73.0,Pettah
2017-07-20,Raw White,120.0,120.0,Pettah
2017-07-21,Raw White,3580.0,71.6,Pettah
2017-07-21,Raw White,103.0,103.0,Pettah
2017-07-24,Raw White,3925.0,78.5,Pettah
2017-07-24,Raw White,89.0,89.0,Pettah
2017-07-25,Raw White,3680.0,73.6,Pettah
2017-07-25,Raw White,144.17,144.17,Pettah
2017-07-26,Raw White,3670.0,73.4,Pettah
2017-07-26,Raw White,137.5,137.5,Pettah
2017-07-27,Raw White,3220.0,64.4,Pettah
2017-07-27,Raw White,135.83,135.83,Pettah
2017-07-28,Raw White,3550.0,71.0,Pettah
2017-07-28,Raw White,82.0,82.0,Pettah
2017-07-31,Raw White,3616.67,72.3334,Pettah
2017-07-31,Raw White,86.83,86.83,Pettah
2017-08-01,Raw White,3762.5,75.25,Pettah
2017-08-01,Raw White,83.5,83.5,Pettah
2017-08-02,Raw White,3550.0,71.0,Pettah
2017-08-02,Raw White,83.83,83.83,Pettah
2017-08-03,Raw White,3691.67,73.8334,Pettah
2017-08-03,Raw White,92.5,92.5,Pettah
2017-08-04,Raw White,3487.5,69.75,Pettah
2017-08-04,Raw White,112.5,112.5,Pettah
2017-08-08,Raw White,3340.0,66.8,Pettah
2017-08-08,Raw White,101.67,101.67,Pettah
2017-08-09,Raw White,3541.67,70.8334,Pettah
2017-08-09,Raw White,102.5,102.5,Pettah
2017-08-10,Raw White,3380.0,67.6,Pettah
2017-08-10,Raw White,137.0,137.0,Pettah
2017-08-11,Raw White,3508.33,70.1666,Pettah
2017-08-11,Raw White,117.17,117.17,Pettah
2017-08-14,Raw White,3320.0,66.4,Pettah
2017-08-14,Raw White,111.67,111.67,Pettah
2017-08-15,Raw White,3575.0,71.5,Pettah
2017-08-15,Raw White,117.17,117.17,Pettah
2017-08-16,Raw White,3400.0,68.0,Pettah
2017-08-16,Raw White,98.6,98.6,Pettah
2017-08-17,Raw White,3340.0,66.8,Pettah
2017-08-17,Raw White,98.83,98.83,Pettah
2017-08-18,Raw White,3390.0,67.8,Pettah
2017-08-18,Raw White,96.0,96.0,Pettah
2017-08-21,Raw White,3490.0,69.8,Pettah
2017-08-21,Raw White,104.0,104.0,Pettah
2017-08-22,Raw White,3460.0,69.2,Pettah
2017-08-22,Raw White,100.6,100.6,Pettah
2017-08-23,Raw White,3550.0,71.0,Pettah
2017-08-23,Raw White,98.0,98.0,Pettah
2017-08-24,Raw White,3460.0,69.2,Pettah
2017-08-24,Raw White,98.0,98.0,Pettah
2017-08-25,Raw White,3450.0,69.0,Pettah
2017-08-25,Raw White,98.0,98.0,Pettah
2017-08-28,Raw White,3391.67,67.8334,Pettah
2017-08-28,Raw White,98.0,98.0,Pettah
2017-08-29,Raw White,3541.67,70.8334,Pettah
2017-08-29,Raw White,88.67,88.67,Pettah
2017-08-30,Raw White,3483.33,69.6666,Pettah
2017-08-30,Raw White,86.4,86.4,Pettah
2017-08-31,Raw White,3450.0,69.0,Pettah
2017-08-31,Raw White,85.4,85.4,Pettah
2017-09-04,Raw White,3391.67,67.8334,Pettah
2017-09-04,Raw White,92.0,92.0,Pettah
2017-09-06,Raw White,3637.5,72.75,Pettah
2017-09-06,Raw White,122.0,122.0,Pettah
2017-09-07,Raw White,3425.0,68.5,Pettah
2017-09-07,Raw White,112.33,112.33,Pettah
2017-09-08,Raw White,3462.5,69.25,Pettah
2017-09-08,Raw White,111.5,111.5,Pettah
2017-09-11,Raw White,3491.67,69.8334,Pettah
2017-09-11,Raw White,320.0,320.0,Pettah
2017-09-12,Raw White,3450.0,69.0,Pettah
2017-09-12,Raw White,105.0,105.0,Pettah
2017-09-13,Raw White,3500.0,70.0,Pettah
2017-09-13,Raw White,104.17,104.17,Pettah
2017-09-14,Raw White,3466.67,69.3334,Pettah
2017-09-14,Raw White,325.0,325.0,Pettah
2017-09-15,Raw White,3433.33,68.6666,Pettah
2017-09-15,Raw White,310.83,310.83,Pettah
2017-09-18,Raw White,3450.0,69.0,Pettah
2017-09-18,Raw White,298.33,298.33,Pettah
2017-09-19,Raw White,3383.33,67.6666,Pettah
2017-09-19,Raw White,295.0,295.0,Pettah
2017-09-20,Raw White,3508.33,70.1666,Pettah
2017-09-20,Raw White,295.0,295.0,Pettah
2017-09-21,Raw White,3458.33,69.1666,Pettah
2017-09-21,Raw White,293.33,293.33,Pettah
2017-09-22,Raw White,3516.67,70.3334,Pettah
2017-09-22,Raw White,290.0,290.0,Pettah
2017-09-25,Raw White,3441.67,68.8334,Pettah
2017-09-25,Raw White,308.33,308.33,Pettah
2017-09-26,Raw White,3450.0,69.0,Pettah
2017-09-26,Raw White,315.0,315.0,Pettah
2017-09-27,Raw White,3450.0,69.0,Pettah
2017-09-27,Raw White,315.0,315.0,Pettah
2017-09-28,Raw White,3450.0,69.0,Pettah
2017-09-28,Raw White,311.67,311.67,Pettah
2017-09-29,Raw White,3466.67,69.3334,Pettah
2017-09-29,Raw White,311.67,311.67,Pettah
2017-10-02,Raw White,3500.0,70.0,Pettah
2017-10-02,Raw White,298.33,298.33,Pettah
2017-10-03,Raw White,3508.33,70.1666,Pettah
2017-10-03,Raw White,301.67,301.67,Pettah
2017-10-04,Raw White,3483.33,69.6666,Pettah
2017-10-04,Raw White,311.67,311.67,Pettah
2017-10-06,Raw White,3725.0,74.5,Pettah
2017-10-06,Raw White,293.33,293.33,Pettah
2017-10-09,Raw White,3691.67,73.8334,Pettah
2017-10-09,Raw White,291.67,291.67,Pettah
2017-10-10,Raw White,3425.0,68.5,Pettah
2017-10-10,Raw White,283.33,283.33,Pettah
2017-10-11,Raw White,3508.33,70.1666,Pettah
2017-10-11,Raw White,285.0,285.0,Pettah
2017-10-12,Raw White,3416.67,68.3334,Pettah
2017-10-12,Raw White,278.0,278.0,Pettah
2017-10-13,Raw White,3441.67,68.8334,Pettah
2017-10-13,Raw White,275.0,275.0,Pettah
2017-10-16,Raw White,3391.67,67.8334,Pettah
2017-10-16,Raw White,288.33,288.33,Pettah
2017-10-17,Raw White,3391.67,67.8334,Pettah
2017-10-17,Raw White,284.0,284.0,Pettah
2017-10-19,Raw White,3425.0,68.5,Pettah
2017-10-19,Raw White,278.33,278.33,Pettah
2017-10-20,Raw White,3350.0,67.0,Pettah
2017-10-20,Raw White,285.0,285.0,Pettah
2017-10-23,Raw White,4391.67,87.8334,Pettah
2017-10-23,Raw White,3283.33,65.6666,Pettah
2017-10-24,Raw White,4441.67,88.8334,Pettah
2017-10-24,Raw White,3250.0,65.0,Pettah
2017-10-25,Raw White,4550.0,91.0,Pettah
2017-10-25,Raw White,3333.33,66.6666,Pettah
2017-10-26,Raw White,4425.0,88.5,Pettah
2017-10-26,Raw White,3141.67,62.833400000000005,Pettah
2017-10-27,Raw White,4516.67,90.3334,Pettah
2017-10-27,Raw White,3150.0,63.0,Pettah
2017-10-30,Raw White,3250.0,65.0,Pettah
2017-10-30,Raw White,355.0,355.0,Pettah
2017-10-31,Raw White,4480.0,89.6,Pettah
2017-10-31,Raw White,3241.67,64.8334,Pettah
2017-11-01,Raw White,3175.0,63.5,Pettah
2017-11-01,Raw White,147.5,147.5,Pettah
2017-11-02,Raw White,3191.67,63.833400000000005,Pettah
2017-11-02,Raw White,159.17,159.17,Pettah
2017-11-06,Raw White,3283.33,65.6666,Pettah
2017-11-06,Raw White,165.0,165.0,Pettah
2017-11-07,Raw White,3175.0,63.5,Pettah
2017-11-07,Raw White,373.75,373.75,Pettah
2017-11-08,Raw White,3283.33,65.6666,Pettah
2017-11-08,Raw White,413.75,413.75,Pettah
2017-11-09,Raw White,3175.0,63.5,Pettah
2017-11-09,Raw White,135.0,135.0,Pettah
2017-11-10,Raw White,3191.67,63.833400000000005,Pettah
2017-11-10,Raw White,99.17,99.17,Pettah
2017-11-13,Raw White,3233.33,64.6666,Pettah
2017-11-13,Raw White,98.33,98.33,Pettah
2017-11-14,Raw White,3175.0,63.5,Pettah
2017-11-14,Raw White,98.0,98.0,Pettah
2017-11-15,Raw White,3208.33,64.1666,Pettah
2017-11-15,Raw White,105.83,105.83,Pettah
2017-11-16,Raw White,3175.0,63.5,Pettah
2017-11-16,Raw White,112.0,112.0,Pettah
2017-11-17,Raw White,3200.0,64.0,Pettah
2017-11-17,Raw White,117.0,117.0,Pettah
2017-11-20,Raw White,3183.33,63.666599999999995,Pettah
2017-11-20,Raw White,117.6,117.6,Pettah
2017-11-21,Raw White,3241.67,64.8334,Pettah
2017-11-21,Raw White,125.0,125.0,Pettah
2017-11-22,Raw White,3308.33,66.1666,Pettah
2017-11-22,Raw White,125.0,125.0,Pettah
2017-11-23,Raw White,3300.0,66.0,Pettah
2017-11-23,Raw White,388.33,388.33,Pettah
2017-11-24,Raw White,3316.67,66.3334,Pettah
2017-11-24,Raw White,388.33,388.33,Pettah
2017-11-27,Raw White,4541.67,90.8334,Pettah
2017-11-27,Raw White,388.33,388.33,Pettah
2017-11-28,Raw White,3316.67,66.3334,Pettah
2017-11-28,Raw White,386.67,386.67,Pettah
2017-11-29,Raw White,3316.67,66.3334,Pettah
2017-11-29,Raw White,383.33,383.33,Pettah
2017-11-30,Raw White,3283.33,65.6666,Pettah
2017-11-30,Raw White,115.83,115.83,Pettah
2017-12-04,Raw White,4541.67,90.8334,Pettah
2017-12-04,Raw White,3266.67,65.3334,Pettah
2017-12-05,Raw White,4500.0,90.0,Pettah
2017-12-05,Raw White,3341.67,66.8334,Pettah
2017-12-06,Raw White,4541.67,90.8334,Pettah
2017-12-06,Raw White,3325.0,66.5,Pettah
2017-12-07,Raw White,4530.0,90.6,Pettah
2017-12-07,Raw White,3350.0,67.0,Pettah
2017-12-08,Raw White,4550.0,91.0,Pettah
2017-12-08,Raw White,3416.67,68.3334,Pettah
2017-12-11,Raw White,4525.0,90.5,Pettah
2017-12-11,Raw White,4525.0,90.5,Pettah
2017-12-12,Raw White,4550.0,91.0,Pettah
2017-12-12,Raw White,3358.33,67.1666,Pettah
2017-12-13,Raw White,4550.0,91.0,Pettah
2017-12-13,Raw White,3400.0,68.0,Pettah
2017-12-14,Raw White,4480.0,89.6,Pettah
2017-12-14,Raw White,3320.0,66.4,Pettah
2017-12-15,Raw White,4540.0,90.8,Pettah
2017-12-15,Raw White,3380.0,67.6,Pettah
2017-12-18,Raw White,4560.0,91.2,Pettah
2017-12-18,Raw White,3325.0,66.5,Pettah
2017-12-19,Raw White,4550.0,91.0,Pettah
2017-12-19,Raw White,3310.0,66.2,Pettah
2017-12-20,Raw White,4560.0,91.2,Pettah
2017-12-20,Raw White,3320.0,66.4,Pettah
2017-12-21,Raw White,4510.0,90.2,Pettah
2017-12-21,Raw White,3390.0,67.8,Pettah
2017-12-22,Raw White,4533.33,90.6666,Pettah
2017-12-22,Raw White,3300.0,66.0,Pettah
2017-12-26,Raw White,4541.67,90.8334,Pettah
2017-12-26,Raw White,3340.0,66.8,Pettah
2017-12-27,Raw White,4491.67,89.8334,Pettah
2017-12-27,Raw White,3366.67,67.3334,Pettah
2017-12-28,Raw White,4460.0,89.2,Pettah
2017-12-28,Raw White,3350.0,67.0,Pettah
2017-12-29,Raw White,4540.0,90.8,Pettah
2017-12-29,Raw White,3380.0,67.6,Pettah
2018-01-02,Raw White,4530.0,90.6,Pettah
2018-01-02,Raw White,3333.33,66.6666,Pettah
2018-01-03,Raw White,4540.0,90.8,Pettah
2018-01-03,Raw White,3380.0,67.6,Pettah
2018-01-04,Raw White,4480.0,89.6,Pettah
2018-01-04,Raw White,3350.0,67.0,Pettah
2018-01-05,Raw White,4490.0,89.8,Pettah
2018-01-05,Raw White,3340.0,66.8,Pettah
2018-01-08,Raw White,4460.0,89.2,Pettah
2018-01-08,Raw White,3360.0,67.2,Pettah
2018-01-09,Raw White,4420.0,88.4,Pettah
2018-01-09,Raw White,3380.0,67.6,Pettah
2018-01-10,Raw White,4460.0,89.2,Pettah
2018-01-10,Raw White,3380.0,67.6,Pettah
2018-01-11,Raw White,4510.0,90.2,Pettah
2018-01-11,Raw White,3862.5,77.25,Pettah
2018-01-12,Raw White,4520.0,90.4,Pettah
2018-01-12,Raw White,3420.0,68.4,Pettah
2018-01-15,Raw White,3360.0,67.2,Pettah
2018-01-15,Raw White,3360.0,67.2,Pettah
2018-01-16,Raw White,4340.0,86.8,Pettah
2018-01-16,Raw White,3360.0,67.2,Pettah
2018-01-17,Raw White,4320.0,86.4,Pettah
2018-01-17,Raw White,3330.0,66.6,Pettah
2018-01-18,Raw White,4240.0,84.8,Pettah
2018-01-18,Raw White,3300.0,66.0,Pettah
2018-01-19,Raw White,4340.0,86.8,Pettah
2018-01-19,Raw White,3340.0,66.8,Pettah
2018-01-22,Raw White,3880.0,77.6,Pettah
2018-01-22,Raw White,3290.0,65.8,Pettah
2018-01-23,Raw White,3950.0,79.0,Pettah
2018-01-23,Raw White,3300.0,66.0,Pettah
2018-01-24,Raw White,4000.0,80.0,Pettah
2018-01-24,Raw White,3300.0,66.0,Pettah
2018-01-25,Raw White,3930.0,78.6,Pettah
2018-01-25,Raw White,3340.0,66.8,Pettah
2018-01-26,Raw White,3890.0,77.8,Pettah
2018-01-26,Raw White,3310.0,66.2,Pettah
2018-01-29,Raw White,3750.0,75.0,Pettah
2018-01-29,Raw White,3350.0,67.0,Pettah
2018-01-30,Raw White,3670.0,73.4,Pettah
2018-01-30,Raw White,3230.0,64.6,Pettah
2018-02-01,Raw White,3530.0,70.6,Pettah
2018-02-01,Raw White,3230.0,64.6,Pettah
2018-02-02,Raw White,3690.0,73.8,Pettah
2018-02-02,Raw White,,,Pettah
2018-02-05,Raw White,3640.0,72.8,Pettah
2018-02-05,Raw White,3250.0,65.0,Pettah
2018-02-07,Raw White,3566.67,71.3334,Pettah
2018-02-07,Raw White,3433.33,68.6666,Pettah
2018-02-08,Raw White,3440.0,68.8,Pettah
2018-02-08,Raw White,3290.0,65.8,Pettah
2018-02-09,Raw White,3470.0,69.4,Pettah
2018-02-09,Raw White,3300.0,66.0,Pettah
2018-02-12,Raw White,3440.0,68.8,Pettah
2018-02-12,Raw White,3330.0,66.6,Pettah
2018-02-14,Raw White,3490.0,69.8,Pettah
2018-02-14,Raw White,3260.0,65.2,Pettah
2018-02-15,Raw White,3480.0,69.6,Pettah
2018-02-15,Raw White,3170.0,63.4,Pettah
2018-02-16,Raw White,3470.0,69.4,Pettah
2018-02-16,Raw White,3200.0,64.0,Pettah
2018-02-19,Raw White,3490.0,69.8,Pettah
2018-02-19,Raw White,3280.0,65.6,Pettah
2018-02-20,Raw White,3780.0,75.6,Pettah
2018-02-20,Raw White,3540.0,70.8,Pettah
2018-02-21,Raw White,3560.0,71.2,Pettah
2018-02-21,Raw White,3190.0,63.8,Pettah
2018-02-22,Raw White,3590.0,71.8,Pettah
2018-02-22,Raw White,3310.0,66.2,Pettah
2018-02-23,Raw White,3540.0,70.8,Pettah
2018-02-23,Raw White,3370.0,67.4,Pettah
2018-02-26,Raw White,3670.0,73.4,Pettah
2018-02-26,Raw White,3350.0,67.0,Pettah
2018-02-27,Raw White,3680.0,73.6,Pettah
2018-02-27,Raw White,3350.0,67.0,Pettah
2018-02-28,Raw White,3820.0,76.4,Pettah
2018-02-28,Raw White,3340.0,66.8,Pettah
2018-03-02,Raw White,3820.0,76.4,Pettah
2018-03-02,Raw White,3310.0,66.2,Pettah
2018-03-05,Raw White,3870.0,77.4,Pettah
2018-03-05,Raw White,3380.0,67.6,Pettah
2018-03-06,Raw White,3820.0,76.4,Pettah
2018-03-06,Raw White,3400.0,68.0,Pettah
2018-03-07,Raw White,3810.0,76.2,Pettah
2018-03-07,Raw White,3350.0,67.0,Pettah
2018-03-08,Raw White,3790.0,75.8,Pettah
2018-03-08,Raw White,3350.0,67.0,Pettah
2018-03-09,Raw White,3830.0,76.6,Pettah
2018-03-09,Raw White,3350.0,67.0,Pettah
2018-03-12,Raw White,3750.0,75.0,Pettah
2018-03-12,Raw White,3350.0,67.0,Pettah
2018-03-13,Raw White,3810.0,76.2,Pettah
2018-03-13,Raw White,3350.0,67.0,Pettah
2018-03-14,Raw White,3830.0,76.6,Pettah
2018-03-14,Raw White,3350.0,67.0,Pettah
2018-03-15,Raw White,3790.0,75.8,Pettah
2018-03-15,Raw White,3390.0,67.8,Pettah
2018-03-16,Raw White,3380.0,67.6,Pettah
2018-03-16,Raw White,49.0,49.0,Pettah
2018-03-19,Raw White,3810.0,76.2,Pettah
2018-03-19,Raw White,3410.0,68.2,Pettah
2018-03-20,Raw White,3800.0,76.0,Pettah
2018-03-20,Raw White,3410.0,68.2,Pettah
2018-03-21,Raw White,3790.0,75.8,Pettah
2018-03-21,Raw White,3480.0,69.6,Pettah
2018-03-22,Raw White,3790.0,75.8,Pettah
2018-03-22,Raw White,3460.0,69.2,Pettah
2018-03-23,Raw White,3770.0,75.4,Pettah
2018-03-23,Raw White,3460.0,69.2,Pettah
2018-03-26,Raw White,3800.0,76.0,Pettah
2018-03-26,Raw White,3600.0,72.0,Pettah
2018-03-27,Raw White,3820.0,76.4,Pettah
2018-03-27,Raw White,3570.0,71.4,Pettah
2018-03-28,Raw White,3610.0,72.2,Pettah
2018-03-28,Raw White,48.8,48.8,Pettah
2018-04-02,Raw White,3620.0,72.4,Pettah
2018-04-02,Raw White,43.8,43.8,Pettah
2018-04-03,Raw White,3510.0,70.2,Pettah
2018-04-03,Raw White,121.0,121.0,Pettah
2018-04-04,Raw White,3570.0,71.4,Pettah
2018-04-04,Raw White,41.4,41.4,Pettah
2018-04-05,Raw White,3530.0,70.6,Pettah
2018-04-05,Raw White,41.2,41.2,Pettah
2018-04-06,Raw White,3530.0,70.6,Pettah
2018-04-06,Raw White,39.0,39.0,Pettah
2018-04-09,Raw White,3530.0,70.6,Pettah
2018-04-09,Raw White,36.4,36.4,Pettah
2018-04-10,Raw White,3500.0,70.0,Pettah
2018-04-10,Raw White,36.4,36.4,Pettah
2018-04-11,Raw White,3530.0,70.6,Pettah
2018-04-11,Raw White,37.6,37.6,Pettah
2018-04-12,Raw White,3580.0,71.6,Pettah
2018-04-12,Raw White,41.4,41.4,Pettah
2018-04-17,Raw White,3580.0,71.6,Pettah
2018-04-17,Raw White,41.4,41.4,Pettah
2018-04-18,Raw White,3500.0,70.0,Pettah
2018-04-18,Raw White,121.67,121.67,Pettah
2018-04-19,Raw White,3510.0,70.2,Pettah
2018-04-19,Raw White,119.0,119.0,Pettah
2018-04-20,Raw White,3530.0,70.6,Pettah
2018-04-20,Raw White,124.0,124.0,Pettah
2018-04-23,Raw White,3510.0,70.2,Pettah
2018-04-23,Raw White,39.6,39.6,Pettah
2018-04-24,Raw White,3530.0,70.6,Pettah
2018-04-24,Raw White,59.6,59.6,Pettah
2018-04-25,Raw White,3510.0,70.2,Pettah
2018-04-25,Raw White,40.8,40.8,Pettah
2018-04-26,Raw White,3530.0,70.6,Pettah
2018-04-26,Raw White,40.8,40.8,Pettah
2018-04-27,Raw White,3530.0,70.6,Pettah
2018-04-27,Raw White,109.33,109.33,Pettah
2018-05-01,Raw White,3750.0,75.0,Pettah
2018-05-01,Raw White,3530.0,70.6,Pettah
2018-05-02,Raw White,3530.0,70.6,Pettah
2018-05-02,Raw White,101.67,101.67,Pettah
2018-05-03,Raw White,3750.0,75.0,Pettah
2018-05-03,Raw White,108.67,108.67,Pettah
2018-05-04,Raw White,3750.0,75.0,Pettah
2018-05-04,Raw White,106.67,106.67,Pettah
2018-05-08,Raw White,3900.0,78.0,Pettah
2018-05-08,Raw White,70.83,70.83,Pettah
2018-05-09,Raw White,3880.0,77.6,Pettah
2018-05-09,Raw White,126.25,126.25,Pettah
2018-05-10,Raw White,3880.0,77.6,Pettah
2018-05-10,Raw White,127.5,127.5,Pettah
2018-05-11,Raw White,3875.0,77.5,Pettah
2018-05-11,Raw White,128.75,128.75,Pettah
2018-05-14,Raw White,3910.0,78.2,Pettah
2018-05-14,Raw White,127.5,127.5,Pettah
2018-05-15,Raw White,3875.0,77.5,Pettah
2018-05-15,Raw White,127.5,127.5,Pettah
2018-05-16,Raw White,3740.0,74.8,Pettah
2018-05-16,Raw White,3825.0,76.5,Pettah
2018-05-17,Raw White,3740.0,74.8,Pettah
2018-05-17,Raw White,3800.0,76.0,Pettah
2018-05-21,Raw White,3862.5,77.25,Pettah
2018-05-21,Raw White,72.0,72.0,Pettah
2018-05-22,Raw White,3880.0,77.6,Pettah
2018-05-22,Raw White,72.0,72.0,Pettah
2018-05-23,Raw White,3800.0,76.0,Pettah
2018-05-23,Raw White,70.4,70.4,Pettah
2018-05-24,Raw White,3800.0,76.0,Pettah
2018-05-24,Raw White,132.0,132.0,Pettah
2018-05-25,Raw White,3850.0,77.0,Pettah
2018-05-25,Raw White,127.0,127.0,Pettah
2018-05-28,Raw White,3800.0,76.0,Pettah
2018-05-28,Raw White,74.0,74.0,Pettah
2018-05-30,Raw White,3880.0,77.6,Pettah
2018-05-30,Raw White,140.0,140.0,Pettah
2018-05-31,Raw White,3780.0,75.6,Pettah
2018-05-31,Raw White,131.67,131.67,Pettah
2018-06-05,Raw White,3825.0,76.5,Pettah
2018-06-05,Raw White,134.6,134.6,Pettah
2018-06-06,Raw White,3800.0,76.0,Pettah
2018-06-06,Raw White,81.0,81.0,Pettah
2018-06-07,Raw White,3783.33,75.6666,Pettah
2018-06-07,Raw White,133.2,133.2,Pettah
2018-06-08,Raw White,3783.33,75.6666,Pettah
2018-06-08,Raw White,134.0,134.0,Pettah
2018-06-11,Raw White,3800.0,76.0,Pettah
2018-06-11,Raw White,80.4,80.4,Pettah
2018-06-12,Raw White,3783.33,75.6666,Pettah
2018-06-12,Raw White,170.0,170.0,Pettah
2018-06-13,Raw White,3762.5,75.25,Pettah
2018-06-13,Raw White,145.0,145.0,Pettah
2018-06-14,Raw White,3725.0,74.5,Pettah
2018-06-14,Raw White,130.0,130.0,Pettah
2018-06-18,Raw White,3762.5,75.25,Pettah
2018-06-18,Raw White,145.0,145.0,Pettah
2018-06-19,Raw White,3733.33,74.6666,Pettah
2018-06-19,Raw White,137.5,137.5,Pettah
2018-06-20,Raw White,3733.33,74.6666,Pettah
2018-06-20,Raw White,84.2,84.2,Pettah
2018-06-21,Raw White,3683.33,73.6666,Pettah
2018-06-21,Raw White,122.5,122.5,Pettah
2018-06-22,Raw White,3733.33,74.6666,Pettah
2018-06-22,Raw White,127.5,127.5,Pettah
2018-06-25,Raw White,3750.0,75.0,Pettah
2018-06-25,Raw White,135.0,135.0,Pettah
2018-06-26,Raw White,3750.0,75.0,Pettah
2018-06-26,Raw White,135.0,135.0,Pettah
2018-06-28,Raw White,249.0,249.0,Pettah
2018-06-28,Raw White,102.6,102.6,Pettah
2018-06-29,Raw White,249.0,249.0,Pettah
2018-06-29,Raw White,130.0,130.0,Pettah
2018-07-02,Raw White,252.0,252.0,Pettah
2018-07-02,Raw White,96.0,96.0,Pettah
2018-07-03,Raw White,3550.0,71.0,Pettah
2018-07-03,Raw White,88.0,88.0,Pettah
2018-07-04,Raw White,256.0,256.0,Pettah
2018-07-04,Raw White,95.0,95.0,Pettah
2018-07-05,Raw White,262.0,262.0,Pettah
2018-07-05,Raw White,91.6,91.6,Pettah
2018-07-06,Raw White,262.0,262.0,Pettah
2018-07-06,Raw White,146.67,146.67,Pettah
2018-07-09,Raw White,261.0,261.0,Pettah
2018-07-09,Raw White,151.67,151.67,Pettah
2018-07-10,Raw White,252.0,252.0,Pettah
2018-07-10,Raw White,149.0,149.0,Pettah
2018-07-11,Raw White,260.0,260.0,Pettah
2018-07-11,Raw White,148.0,148.0,Pettah
2018-07-12,Raw White,254.0,254.0,Pettah
2018-07-12,Raw White,160.0,160.0,Pettah
2018-07-13,Raw White,256.0,256.0,Pettah
2018-07-13,Raw White,183.75,183.75,Pettah
2018-07-16,Raw White,256.0,256.0,Pettah
2018-07-16,Raw White,190.0,190.0,Pettah
2018-07-17,Raw White,256.0,256.0,Pettah
2018-07-17,Raw White,192.5,192.5,Pettah
2018-07-18,Raw White,257.0,257.0,Pettah
2018-07-18,Raw White,192.5,192.5,Pettah
2018-07-19,Raw White,259.0,259.0,Pettah
2018-07-19,Raw White,192.5,192.5,Pettah
2018-07-20,Raw White,256.0,256.0,Pettah
2018-07-20,Raw White,190.0,190.0,Pettah
2018-07-23,Raw White,4710.0,94.2,Pettah
2018-07-23,Raw White,87.0,87.0,Pettah
2018-07-24,Raw White,4670.0,93.4,Pettah
2018-07-24,Raw White,88.5,88.5,Pettah
2018-07-25,Raw White,4750.0,95.0,Pettah
2018-07-25,Raw White,92.0,92.0,Pettah
2018-07-26,Raw White,4750.0,95.0,Pettah
2018-07-26,Raw White,90.0,90.0,Pettah
2018-07-30,Raw White,4783.33,95.6666,Pettah
2018-07-30,Raw White,91.2,91.2,Pettah
2018-07-31,Raw White,4940.0,98.8,Pettah
2018-07-31,Raw White,89.4,89.4,Pettah
2018-08-01,Raw White,4880.0,97.6,Pettah
2018-08-01,Raw White,89.4,89.4,Pettah
2018-08-02,Raw White,4880.0,97.6,Pettah
2018-08-02,Raw White,89.2,89.2,Pettah
2018-08-03,Raw White,4975.0,99.5,Pettah
2018-08-03,Raw White,90.8,90.8,Pettah
2018-08-06,Raw White,248.0,248.0,Pettah
2018-08-06,Raw White,147.5,147.5,Pettah
2018-08-07,Raw White,247.6,247.6,Pettah
2018-08-07,Raw White,144.0,144.0,Pettah
2018-08-08,Raw White,245.0,245.0,Pettah
2018-08-08,Raw White,147.0,147.0,Pettah
2018-08-09,Raw White,3580.0,71.6,Pettah
2018-08-09,Raw White,,,Pettah
2018-08-10,Raw White,3660.0,73.2,Pettah
2018-08-10,Raw White,,,Pettah
2018-08-13,Raw White,3580.0,71.6,Pettah
2018-08-13,Raw White,,,Pettah
2018-08-14,Raw White,3700.0,74.0,Pettah
2018-08-14,Raw White,,,Pettah
2018-08-15,Raw White,3690.0,73.8,Pettah
2018-08-15,Raw White,,,Pettah
2018-08-16,Raw White,3740.0,74.8,Pettah
2018-08-16,Raw White,,,Pettah
2018-08-17,Raw White,3690.0,73.8,Pettah
2018-08-17,Raw White,,,Pettah
2018-08-20,Raw White,3680.0,73.6,Pettah
2018-08-20,Raw White,,,Pettah
2018-08-21,Raw White,3700.0,74.0,Pettah
2018-08-21,Raw White,,,Pettah
2018-08-23,Raw White,5480.0,109.6,Pettah
2018-08-23,Raw White,81.2,81.2,Pettah
2018-08-24,Raw White,5480.0,109.6,Pettah
2018-08-24,Raw White,79.2,79.2,Pettah
2018-08-27,Raw White,5500.0,110.0,Pettah
2018-08-27,Raw White,79.2,79.2,Pettah
2018-08-28,Raw White,241.0,241.0,Pettah
2018-08-28,Raw White,104.0,104.0,Pettah
2018-08-29,Raw White,5587.5,111.75,Pettah
2018-08-29,Raw White,78.6,78.6,Pettah
2018-09-03,Raw White,5750.0,115.0,Pettah
2018-09-03,Raw White,77.6,77.6,Pettah
2018-09-04,Raw White,5825.0,116.5,Pettah
2018-09-04,Raw White,77.6,77.6,Pettah
2018-09-05,Raw White,5750.0,115.0,Pettah
2018-09-05,Raw White,77.2,77.2,Pettah
2018-09-06,Raw White,241.0,241.0,Pettah
2018-09-06,Raw White,79.0,79.0,Pettah
2018-09-07,Raw White,3600.0,72.0,Pettah
2018-09-07,Raw White,,,Pettah
2018-09-10,Raw White,3580.0,71.6,Pettah
2018-09-10,Raw White,,,Pettah
2018-09-11,Raw White,6000.0,120.0,Pettah
2018-09-11,Raw White,72.6,72.6,Pettah
2018-09-12,Raw White,6000.0,120.0,Pettah
2018-09-12,Raw White,72.0,72.0,Pettah
2018-09-13,Raw White,3580.0,71.6,Pettah
2018-09-13,Raw White,,,Pettah
2018-09-14,Raw White,3580.0,71.6,Pettah
2018-09-14,Raw White,,,Pettah
2018-09-17,Raw White,3600.0,72.0,Pettah
2018-09-17,Raw White,,,Pettah
2018-09-18,Raw White,6250.0,125.0,Pettah
2018-09-18,Raw White,90.6,90.6,Pettah
2018-09-19,Raw White,239.0,239.0,Pettah
2018-09-19,Raw White,73.0,73.0,Pettah
2018-09-20,Raw White,3560.0,71.2,Pettah
2018-09-20,Raw White,,,Pettah
2018-09-21,Raw White,3590.0,71.8,Pettah
2018-09-21,Raw White,,,Pettah
2018-09-25,Raw White,3580.0,71.6,Pettah
2018-09-25,Raw White,,,Pettah
2018-09-26,Raw White,6250.0,125.0,Pettah
2018-09-26,Raw White,73.4,73.4,Pettah
2018-09-27,Raw White,6250.0,125.0,Pettah
2018-09-27,Raw White,75.0,75.0,Pettah
2018-09-28,Raw White,3570.0,71.4,Pettah
2018-09-28,Raw White,,,Pettah
2018-10-01,Raw White,6333.33,126.6666,Pettah
2018-10-01,Raw White,77.6,77.6,Pettah
2018-10-02,Raw White,6250.0,125.0,Pettah
2018-10-02,Raw White,77.6,77.6,Pettah
2018-10-03,Raw White,3550.0,71.0,Pettah
2018-10-03,Raw White,,,Pettah
2018-10-04,Raw White,3630.0,72.6,Pettah
2018-10-04,Raw White,,,Pettah
2018-10-05,Raw White,3710.0,74.2,Pettah
2018-10-05,Raw White,,,Pettah
2018-10-08,Raw White,3700.0,74.0,Pettah
2018-10-08,Raw White,,,Pettah
2018-10-09,Raw White,3760.0,75.2,Pettah
2018-10-09,Raw White,,,Pettah
2018-10-10,Raw White,3790.0,75.8,Pettah
2018-10-10,Raw White,,,Pettah
2018-10-11,Raw White,3680.0,73.6,Pettah
2018-10-11,Raw White,,,Pettah
2018-10-12,Raw White,3770.0,75.4,Pettah
2018-10-12,Raw White,,,Pettah
2018-10-15,Raw White,3840.0,76.8,Pettah
2018-10-15,Raw White,,,Pettah
2018-10-16,Raw White,3920.0,78.4,Pettah
2018-10-16,Raw White,,,Pettah
2018-10-17,Raw White,3920.0,78.4,Pettah
2018-10-17,Raw White,,,Pettah
2018-10-18,Raw White,3930.0,78.6,Pettah
2018-10-18,Raw White,,,Pettah
2018-10-19,Raw White,3850.0,77.0,Pettah
2018-10-19,Raw White,,,Pettah
2018-10-22,Raw White,3880.0,77.6,Pettah
2018-10-22,Raw White,,,Pettah
2018-10-23,Raw White,3890.0,77.8,Pettah
2018-10-23,Raw White,,,Pettah
2018-10-25,Raw White,3891.67,77.8334,Pettah
2018-10-25,Raw White,,,Pettah
2018-10-26,Raw White,3960.0,79.2,Pettah
2018-10-26,Raw White,,,Pettah
2018-10-29,Raw White,3910.0,78.2,Pettah
2018-10-29,Raw White,,,Pettah
2018-10-30,Raw White,3910.0,78.2,Pettah
2018-10-30,Raw White,,,Pettah
2018-10-31,Raw White,3940.0,78.8,Pettah
2018-10-31,Raw White,,,Pettah
2018-11-01,Raw White,3950.0,79.0,Pettah
2018-11-01,Raw White,,,Pettah
2018-11-02,Raw White,3950.0,79.0,Pettah
2018-11-02,Raw White,,,Pettah
2018-11-05,Raw White,3940.0,78.8,Pettah
2018-11-05,Raw White,,,Pettah
2018-11-07,Raw White,3920.0,78.4,Pettah
2018-11-07,Raw White,,,Pettah
2018-11-08,Raw White,3930.0,78.6,Pettah
2018-11-08,Raw White,,,Pettah
2018-11-09,Raw White,3940.0,78.8,Pettah
2018-11-09,Raw White,,,Pettah
2018-11-12,Raw White,3930.0,78.6,Pettah
2018-11-12,Raw White,,,Pettah
2018-11-13,Raw White,3920.0,78.4,Pettah
2018-11-13,Raw White,,,Pettah
2018-11-14,Raw White,3930.0,78.6,Pettah
2018-11-14,Raw White,,,Pettah
2018-11-15,Raw White,3930.0,78.6,Pettah
2018-11-15,Raw White,,,Pettah
2018-11-16,Raw White,3910.0,78.2,Pettah
2018-11-16,Raw White,,,Pettah
2018-11-19,Raw White,3890.0,77.8,Pettah
2018-11-19,Raw White,,,Pettah
2018-11-21,Raw White,3910.0,78.2,Pettah
2018-11-21,Raw White,,,Pettah
2018-11-23,Raw White,3940.0,78.8,Pettah
2018-11-23,Raw White,,,Pettah
2018-11-26,Raw White,4040.0,80.8,Pettah
2018-11-26,Raw White,,,Pettah
2018-11-27,Raw White,4080.0,81.6,Pettah
2018-11-27,Raw White,,,Pettah
2018-11-28,Raw White,4040.0,80.8,Pettah
2018-11-28,Raw White,,,Pettah
2018-11-29,Raw White,4020.0,80.4,Pettah
2018-11-29,Raw White,,,Pettah
2018-11-30,Raw White,4020.0,80.4,Pettah
2018-11-30,Raw White,,,Pettah
2018-12-03,Raw White,278.0,278.0,Pettah
2018-12-03,Raw White,91.0,91.0,Pettah
2018-12-04,Raw White,4040.0,80.8,Pettah
2018-12-04,Raw White,,,Pettah
2018-12-05,Raw White,4040.0,80.8,Pettah
2018-12-05,Raw White,,,Pettah
2018-12-06,Raw White,4040.0,80.8,Pettah
2018-12-06,Raw White,,,Pettah
2018-12-07,Raw White,4040.0,80.8,Pettah
2018-12-07,Raw White,,,Pettah
2018-12-10,Raw White,4040.0,80.8,Pettah
2018-12-10,Raw White,,,Pettah
2018-12-11,Raw White,4050.0,81.0,Pettah
2018-12-11,Raw White,,,Pettah
2018-12-12,Raw White,4050.0,81.0,Pettah
2018-12-12,Raw White,,,Pettah
2018-12-13,Raw White,4070.0,81.4,Pettah
2018-12-13,Raw White,,,Pettah
2018-12-14,Raw White,4040.0,80.8,Pettah
2018-12-14,Raw White,,,Pettah
2018-12-17,Raw White,4060.0,81.2,Pettah
2018-12-17,Raw White,,,Pettah
2018-12-18,Raw White,4060.0,81.2,Pettah
2018-12-18,Raw White,,,Pettah
2018-12-19,Raw White,4060.0,81.2,Pettah
2018-12-19,Raw White,,,Pettah
2018-12-20,Raw White,4060.0,81.2,Pettah
2018-12-20,Raw White,,,Pettah
2018-12-21,Raw White,4060.0,81.2,Pettah
2018-12-21,Raw White,,,Pettah
2018-12-24,Raw White,4060.0,81.2,Pettah
2018-12-24,Raw White,,,Pettah
2018-12-26,Raw White,4060.0,81.2,Pettah
2018-12-26,Raw White,,,Pettah
2018-12-27,Raw White,4060.0,81.2,Pettah
2018-12-27,Raw White,,,Pettah
2018-12-28,Raw White,4060.0,81.2,Pettah
2018-12-28,Raw White,,,Pettah
2018-12-31,Raw White,4050.0,81.0,Pettah
2018-12-31,Raw White,,,Pettah
2019-01-01,Raw White,4060.0,81.2,Pettah
2019-01-01,Raw White,,,Pettah
2019-01-02,Raw White,4050.0,81.0,Pettah
2019-01-02,Raw White,,,Pettah
2019-01-03,Raw White,4050.0,81.0,Pettah
2019-01-03,Raw White,,,Pettah
2019-01-04,Raw White,4060.0,81.2,Pettah
2019-01-04,Raw White,,,Pettah
2019-01-07,Raw White,4030.0,80.6,Pettah
2019-01-07,Raw White,,,Pettah
2019-01-08,Raw White,4030.0,80.6,Pettah
2019-01-08,Raw White,,,Pettah
2019-01-09,Raw White,4030.0,80.6,Pettah
2019-01-09,Raw White,,,Pettah
2019-01-10,Raw White,4050.0,81.0,Pettah
2019-01-10,Raw White,,,Pettah
2019-01-11,Raw White,4040.0,80.8,Pettah
2019-01-11,Raw White,,,Pettah
2019-01-14,Raw White,4000.0,80.0,Pettah
2019-01-14,Raw White,,,Pettah
2019-01-16,Raw White,4040.0,80.8,Pettah
2019-01-16,Raw White,,,Pettah
2019-01-17,Raw White,4040.0,80.8,Pettah
2019-01-17,Raw White,,,Pettah
2019-01-18,Raw White,4040.0,80.8,Pettah
2019-01-18,Raw White,,,Pettah
2019-01-21,Raw White,4020.0,80.4,Pettah
2019-01-21,Raw White,,,Pettah
2019-01-22,Raw White,4010.0,80.2,Pettah
2019-01-22,Raw White,,,Pettah
2019-01-23,Raw White,3860.0,77.2,Pettah
2019-01-23,Raw White,,,Pettah
2019-01-24,Raw White,3880.0,77.6,Pettah
2019-01-24,Raw White,,,Pettah
2019-01-25,Raw White,3960.0,79.2,Pettah
2019-01-25,Raw White,,,Pettah
2019-01-28,Raw White,3840.0,76.8,Pettah
2019-01-28,Raw White,,,Pettah
2019-01-29,Raw White,3900.0,78.0,Pettah
2019-01-29,Raw White,,,Pettah
2019-01-30,Raw White,3810.0,76.2,Pettah
2019-01-30,Raw White,,,Pettah
2019-01-31,Raw White,3820.0,76.4,Pettah
2019-01-31,Raw White,,,Pettah
2019-02-01,Raw White,3860.0,77.2,Pettah
2019-02-01,Raw White,,,Pettah
2019-02-05,Raw White,3860.0,77.2,Pettah
2019-02-05,Raw White,,,Pettah
2019-02-06,Raw White,3850.0,77.0,Pettah
2019-02-06,Raw White,,,Pettah
2019-02-07,Raw White,3790.0,75.8,Pettah
2019-02-07,Raw White,,,Pettah
2019-02-08,Raw White,3780.0,75.6,Pettah
2019-02-08,Raw White,,,Pettah
2019-02-11,Raw White,3740.0,74.8,Pettah
2019-02-11,Raw White,,,Pettah
2019-02-12,Raw White,3790.0,75.8,Pettah
2019-02-12,Raw White,,,Pettah
2019-02-13,Raw White,3800.0,76.0,Pettah
2019-02-13,Raw White,,,Pettah
2019-02-14,Raw White,3810.0,76.2,Pettah
2019-02-14,Raw White,,,Pettah
2019-02-15,Raw White,3740.0,74.8,Pettah
2019-02-15,Raw White,,,Pettah
2019-02-18,Raw White,3440.0,68.8,Pettah
2019-02-18,Raw White,,,Pettah
2019-02-21,Raw White,3520.0,70.4,Pettah
2019-02-21,Raw White,,,Pettah
2019-02-22,Raw White,3620.0,72.4,Pettah
2019-02-22,Raw White,,,Pettah
2019-02-25,Raw White,3540.0,70.8,Pettah
2019-02-25,Raw White,,,Pettah
2019-02-26,Raw White,3520.0,70.4,Pettah
2019-02-26,Raw White,,,Pettah
2019-02-27,Raw White,3600.0,72.0,Pettah
2019-02-27,Raw White,,,Pettah
2019-02-28,Raw White,3480.0,69.6,Pettah
2019-02-28,Raw White,,,Pettah
2019-03-01,Raw White,3480.0,69.6,Pettah
2019-03-01,Raw White,,,Pettah
2019-03-05,Raw White,3480.0,69.6,Pettah
2019-03-05,Raw White,,,Pettah
2019-03-06,Raw White,3420.0,68.4,Pettah
2019-03-06,Raw White,,,Pettah
2019-03-07,Raw White,3440.0,68.8,Pettah
2019-03-07,Raw White,,,Pettah
2019-03-08,Raw White,256.0,256.0,Pettah
2019-03-08,Raw White,49.2,49.2,Pettah
2019-03-11,Raw White,256.0,256.0,Pettah
2019-03-11,Raw White,112.5,112.5,Pettah
2019-03-12,Raw White,254.0,254.0,Pettah
2019-03-12,Raw White,112.5,112.5,Pettah
2019-03-13,Raw White,3460.0,69.2,Pettah
2019-03-13,Raw White,,,Pettah
2019-03-14,Raw White,3370.0,67.4,Pettah
2019-03-14,Raw White,,,Pettah
2019-03-15,Raw White,3340.0,66.8,Pettah
2019-03-15,Raw White,,,Pettah
2019-03-18,Raw White,3350.0,67.0,Pettah
2019-03-18,Raw White,,,Pettah
2019-03-19,Raw White,3330.0,66.6,Pettah
2019-03-19,Raw White,,,Pettah
2019-03-21,Raw White,3340.0,66.8,Pettah
2019-03-21,Raw White,,,Pettah
2019-03-22,Raw White,3360.0,67.2,Pettah
2019-03-22,Raw White,,,Pettah
2019-03-25,Raw White,3360.0,67.2,Pettah
2019-03-25,Raw White,,,Pettah
2019-03-26,Raw White,3410.0,68.2,Pettah
2019-03-26,Raw White,,,Pettah
2019-03-27,Raw White,3360.0,67.2,Pettah
2019-03-27,Raw White,,,Pettah
2019-03-28,Raw White,3450.0,69.0,Pettah
2019-03-28,Raw White,,,Pettah
2019-03-29,Raw White,3460.0,69.2,Pettah
2019-03-29,Raw White,,,Pettah
2019-04-01,Raw White,3460.0,69.2,Pettah
2019-04-01,Raw White,,,Pettah
2019-04-02,Raw White,3410.0,68.2,Pettah
2019-04-02,Raw White,,,Pettah
2019-04-03,Raw White,3380.0,67.6,Pettah
2019-04-03,Raw White,,,Pettah
2019-04-04,Raw White,3590.0,71.8,Pettah
2019-04-04,Raw White,,,Pettah
2019-04-05,Raw White,3550.0,71.0,Pettah
2019-04-05,Raw White,,,Pettah
2019-04-08,Raw White,3730.0,74.6,Pettah
2019-04-08,Raw White,,,Pettah
2019-04-09,Raw White,3720.0,74.4,Pettah
2019-04-09,Raw White,,,Pettah
2019-04-10,Raw White,3790.0,75.8,Pettah
2019-04-10,Raw White,,,Pettah
2019-04-11,Raw White,3780.0,75.6,Pettah
2019-04-11,Raw White,,,Pettah
2019-04-12,Raw White,3810.0,76.2,Pettah
2019-04-12,Raw White,,,Pettah
2019-04-17,Raw White,3690.0,73.8,Pettah
2019-04-17,Raw White,,,Pettah
2019-04-18,Raw White,3750.0,75.0,Pettah
2019-04-18,Raw White,,,Pettah
2019-04-23,Raw White,3860.0,77.2,Pettah
2019-04-23,Raw White,,,Pettah
2019-04-24,Raw White,3920.0,78.4,Pettah
2019-04-24,Raw White,,,Pettah
2019-04-25,Raw White,3860.0,77.2,Pettah
2019-04-25,Raw White,,,Pettah
2019-04-26,Raw White,3600.0,72.0,Pettah
2019-04-26,Raw White,,,Pettah
2019-04-29,Raw White,3960.0,79.2,Pettah
2019-04-29,Raw White,,,Pettah
2019-04-30,Raw White,3960.0,79.2,Pettah
2019-04-30,Raw White,,,Pettah
2019-05-02,Raw White,3980.0,79.6,Pettah
2019-05-02,Raw White,,,Pettah
2019-05-03,Raw White,3980.0,79.6,Pettah
2019-05-03,Raw White,,,Pettah
2019-05-06,Raw White,4000.0,80.0,Pettah
2019-05-06,Raw White,,,Pettah
2019-05-07,Raw White,3960.0,79.2,Pettah
2019-05-07,Raw White,,,Pettah
2019-05-08,Raw White,3960.0,79.2,Pettah
2019-05-08,Raw White,,,Pettah
2019-05-09,Raw White,3960.0,79.2,Pettah
2019-05-09,Raw White,,,Pettah
2019-05-10,Raw White,3930.0,78.6,Pettah
2019-05-10,Raw White,,,Pettah
2019-05-13,Raw White,4010.0,80.2,Pettah
2019-05-13,Raw White,,,Pettah
2019-05-14,Raw White,3960.0,79.2,Pettah
2019-05-14,Raw White,,,Pettah
2019-05-15,Raw White,3980.0,79.6,Pettah
2019-05-15,Raw White,,,Pettah
2019-05-16,Raw White,3970.0,79.4,Pettah
2019-05-16,Raw White,,,Pettah
2019-05-17,Raw White,4000.0,80.0,Pettah
2019-05-17,Raw White,,,Pettah
2019-05-21,Raw White,3980.0,79.6,Pettah
2019-05-21,Raw White,,,Pettah
2019-05-22,Raw White,3930.0,78.6,Pettah
2019-05-22,Raw White,,,Pettah
2019-05-23,Raw White,3940.0,78.8,Pettah
2019-05-23,Raw White,,,Pettah
2019-05-27,Raw White,3960.0,79.2,Pettah
2019-05-27,Raw White,,,Pettah
2019-05-28,Raw White,3960.0,79.2,Pettah
2019-05-28,Raw White,,,Pettah
2019-05-29,Raw White,3960.0,79.2,Pettah
2019-05-29,Raw White,,,Pettah
2019-05-30,Raw White,3950.0,79.0,Pettah
2019-05-30,Raw White,,,Pettah
2019-05-31,Raw White,3940.0,78.8,Pettah
2019-05-31,Raw White,,,Pettah
2019-06-03,Raw White,3920.0,78.4,Pettah
2019-06-03,Raw White,,,Pettah
2019-06-04,Raw White,3920.0,78.4,Pettah
2019-06-04,Raw White,,,Pettah
2019-06-06,Raw White,3910.0,78.2,Pettah
2019-06-06,Raw White,,,Pettah
2019-06-07,Raw White,3950.0,79.0,Pettah
2019-06-07,Raw White,,,Pettah
2019-06-10,Raw White,3890.0,77.8,Pettah
2019-06-10,Raw White,,,Pettah
2019-06-11,Raw White,3890.0,77.8,Pettah
2019-06-11,Raw White,,,Pettah
2019-06-12,Raw White,3940.0,78.8,Pettah
2019-06-12,Raw White,,,Pettah
2019-06-13,Raw White,3820.0,76.4,Pettah
2019-06-13,Raw White,,,Pettah
2019-06-14,Raw White,3920.0,78.4,Pettah
2019-06-14,Raw White,,,Pettah
2019-06-17,Raw White,3860.0,77.2,Pettah
2019-06-17,Raw White,,,Pettah
2019-06-18,Raw White,3860.0,77.2,Pettah
2019-06-18,Raw White,,,Pettah
2019-06-19,Raw White,3870.0,77.4,Pettah
2019-06-19,Raw White,,,Pettah
2019-06-20,Raw White,3850.0,77.0,Pettah
2019-06-20,Raw White,,,Pettah
2019-06-21,Raw White,3840.0,76.8,Pettah
2019-06-21,Raw White,,,Pettah
2019-06-24,Raw White,3850.0,77.0,Pettah
2019-06-24,Raw White,,,Pettah
2019-06-25,Raw White,3840.0,76.8,Pettah
2019-06-25,Raw White,,,Pettah
2019-06-26,Raw White,3830.0,76.6,Pettah
2019-06-26,Raw White,,,Pettah
2019-06-27,Raw White,3830.0,76.6,Pettah
2019-06-27,Raw White,,,Pettah
2019-06-28,Raw White,3830.0,76.6,Pettah
2019-06-28,Raw White,,,Pettah
2019-07-01,Raw White,3860.0,77.2,Pettah
2019-07-01,Raw White,,,Pettah
2019-07-02,Raw White,3850.0,77.0,Pettah
2019-07-02,Raw White,,,Pettah
2019-07-03,Raw White,3810.0,76.2,Pettah
2019-07-03,Raw White,,,Pettah
2019-07-04,Raw White,3820.0,76.4,Pettah
2019-07-04,Raw White,,,Pettah
2019-07-05,Raw White,3830.0,76.6,Pettah
2019-07-05,Raw White,,,Pettah
2019-07-08,Raw White,3820.0,76.4,Pettah
2019-07-08,Raw White,,,Pettah
2019-07-09,Raw White,3830.0,76.6,Pettah
2019-07-09,Raw White,,,Pettah
2019-07-10,Raw White,3840.0,76.8,Pettah
2019-07-10,Raw White,,,Pettah
2019-07-11,Raw White,3830.0,76.6,Pettah
2019-07-11,Raw White,,,Pettah
2019-07-12,Raw White,3820.0,76.4,Pettah
2019-07-12,Raw White,,,Pettah
2019-07-15,Raw White,3830.0,76.6,Pettah
2019-07-15,Raw White,,,Pettah
2019-07-17,Raw White,3820.0,76.4,Pettah
2019-07-17,Raw White,,,Pettah
2019-07-18,Raw White,3840.0,76.8,Pettah
2019-07-18,Raw White,,,Pettah
2019-07-19,Raw White,3820.0,76.4,Pettah
2019-07-19,Raw White,,,Pettah
2019-07-23,Raw White,3830.0,76.6,Pettah
2019-07-23,Raw White,,,Pettah
2019-07-24,Raw White,3880.0,77.6,Pettah
2019-07-24,Raw White,,,Pettah
2019-07-25,Raw White,3880.0,77.6,Pettah
2019-07-25,Raw White,,,Pettah
2019-07-26,Raw White,3880.0,77.6,Pettah
2019-07-26,Raw White,,,Pettah
2019-07-29,Raw White,3950.0,79.0,Pettah
2019-07-29,Raw White,,,Pettah
2019-07-30,Raw White,3950.0,79.0,Pettah
2019-07-30,Raw White,,,Pettah
2019-08-02,Raw White,3960.0,79.2,Pettah
2019-08-02,Raw White,,,Pettah
2019-08-06,Raw White,4020.0,80.4,Pettah
2019-08-06,Raw White,,,Pettah
2019-08-07,Raw White,4080.0,81.6,Pettah
2019-08-07,Raw White,,,Pettah
2019-08-08,Raw White,4040.0,80.8,Pettah
2019-08-08,Raw White,,,Pettah
2019-08-09,Raw White,4100.0,82.0,Pettah
2019-08-09,Raw White,,,Pettah
2019-08-13,Raw White,4040.0,80.8,Pettah
2019-08-13,Raw White,,,Pettah
2019-08-15,Raw White,4050.0,81.0,Pettah
2019-08-15,Raw White,,,Pettah
2019-08-16,Raw White,4100.0,82.0,Pettah
2019-08-16,Raw White,,,Pettah
2019-08-19,Raw White,4070.0,81.4,Pettah
2019-08-19,Raw White,,,Pettah
2019-08-20,Raw White,4060.0,81.2,Pettah
2019-08-20,Raw White,,,Pettah
2019-08-21,Raw White,4070.0,81.4,Pettah
2019-08-21,Raw White,,,Pettah
2019-08-22,Raw White,4070.0,81.4,Pettah
2019-08-22,Raw White,,,Pettah
2019-08-23,Raw White,4060.0,81.2,Pettah
2019-08-23,Raw White,,,Pettah
2019-08-26,Raw White,4060.0,81.2,Pettah
2019-08-26,Raw White,,,Pettah
2019-08-27,Raw White,4080.0,81.6,Pettah
2019-08-27,Raw White,,,Pettah
2019-08-28,Raw White,4050.0,81.0,Pettah
2019-08-28,Raw White,,,Pettah
2019-08-29,Raw White,4130.0,82.6,Pettah
2019-08-29,Raw White,,,Pettah
2019-08-30,Raw White,4130.0,82.6,Pettah
2019-08-30,Raw White,,,Pettah
2019-09-03,Raw White,4160.0,83.2,Pettah
2019-09-03,Raw White,,,Pettah
2019-09-04,Raw White,4140.0,82.8,Pettah
2019-09-04,Raw White,,,Pettah
2019-09-05,Raw White,4190.0,83.8,Pettah
2019-09-05,Raw White,,,Pettah
2019-09-06,Raw White,4190.0,83.8,Pettah
2019-09-06,Raw White,,,Pettah
2019-09-09,Raw White,4210.0,84.2,Pettah
2019-09-09,Raw White,,,Pettah
2019-09-10,Raw White,4210.0,84.2,Pettah
2019-09-10,Raw White,,,Pettah
2019-09-12,Raw White,4220.0,84.4,Pettah
2019-09-12,Raw White,,,Pettah
2019-09-16,Raw White,4190.0,83.8,Pettah
2019-09-16,Raw White,,,Pettah
2019-09-17,Raw White,4230.0,84.6,Pettah
2019-09-17,Raw White,,,Pettah
2019-09-18,Raw White,4190.0,83.8,Pettah
2019-09-18,Raw White,,,Pettah
2019-09-19,Raw White,4210.0,84.2,Pettah
2019-09-19,Raw White,,,Pettah
2019-09-20,Raw White,4240.0,84.8,Pettah
2019-09-20,Raw White,,,Pettah
2019-09-23,Raw White,4290.0,85.8,Pettah
2019-09-23,Raw White,,,Pettah
2019-09-24,Raw White,4300.0,86.0,Pettah
2019-09-24,Raw White,,,Pettah
2019-09-25,Raw White,4280.0,85.6,Pettah
2019-09-25,Raw White,,,Pettah
2019-09-26,Raw White,4390.0,87.8,Pettah
2019-09-26,Raw White,,,Pettah
2019-09-27,Raw White,4330.0,86.6,Pettah
2019-09-27,Raw White,,,Pettah
2019-09-30,Raw White,4320.0,86.4,Pettah
2019-09-30,Raw White,,,Pettah
2019-10-01,Raw White,4360.0,87.2,Pettah
2019-10-01,Raw White,,,Pettah
2019-10-02,Raw White,4360.0,87.2,Pettah
2019-10-02,Raw White,,,Pettah
2019-10-03,Raw White,4380.0,87.6,Pettah
2019-10-03,Raw White,,,Pettah
2019-10-04,Raw White,4340.0,86.8,Pettah
2019-10-04,Raw White,,,Pettah
2019-10-07,Raw White,4370.0,87.4,Pettah
2019-10-07,Raw White,,,Pettah
2019-10-08,Raw White,4330.0,86.6,Pettah
2019-10-08,Raw White,,,Pettah
2019-10-09,Raw White,4340.0,86.8,Pettah
2019-10-09,Raw White,,,Pettah
2019-10-10,Raw White,4380.0,87.6,Pettah
2019-10-10,Raw White,,,Pettah
2019-10-11,Raw White,4380.0,87.6,Pettah
2019-10-11,Raw White,,,Pettah
2019-10-14,Raw White,4410.0,88.2,Pettah
2019-10-14,Raw White,,,Pettah
2019-10-15,Raw White,4440.0,88.8,Pettah
2019-10-15,Raw White,,,Pettah
2019-10-16,Raw White,4440.0,88.8,Pettah
2019-10-16,Raw White,,,Pettah
2019-10-17,Raw White,4450.0,89.0,Pettah
2019-10-17,Raw White,,,Pettah
2019-10-18,Raw White,4450.0,89.0,Pettah
2019-10-18,Raw White,,,Pettah
2019-10-21,Raw White,4450.0,89.0,Pettah
2019-10-21,Raw White,,,Pettah
2019-10-22,Raw White,4420.0,88.4,Pettah
2019-10-22,Raw White,,,Pettah
2019-10-23,Raw White,4460.0,89.2,Pettah
2019-10-23,Raw White,,,Pettah
2019-10-24,Raw White,4450.0,89.0,Pettah
2019-10-24,Raw White,,,Pettah
2019-10-25,Raw White,4450.0,89.0,Pettah
2019-10-25,Raw White,,,Pettah
2019-10-28,Raw White,4500.0,90.0,Pettah
2019-10-28,Raw White,,,Pettah
2019-10-29,Raw White,4480.0,89.6,Pettah
2019-10-29,Raw White,,,Pettah
2019-10-30,Raw White,4470.0,89.4,Pettah
2019-10-30,Raw White,,,Pettah
2019-10-31,Raw White,4480.0,89.6,Pettah
2019-10-31,Raw White,,,Pettah
2019-11-01,Raw White,4460.0,89.2,Pettah
2019-11-01,Raw White,,,Pettah
2019-11-04,Raw White,4540.0,90.8,Pettah
2019-11-04,Raw White,,,Pettah
2019-11-05,Raw White,4540.0,90.8,Pettah
2019-11-05,Raw White,,,Pettah
2019-11-06,Raw White,4480.0,89.6,Pettah
2019-11-06,Raw White,,,Pettah
2019-11-07,Raw White,4540.0,90.8,Pettah
2019-11-07,Raw White,,,Pettah
2019-11-08,Raw White,4530.0,90.6,Pettah
2019-11-08,Raw White,,,Pettah
2019-11-11,Raw White,4570.0,91.4,Pettah
2019-11-11,Raw White,,,Pettah
2019-11-13,Raw White,4570.0,91.4,Pettah
2019-11-13,Raw White,,,Pettah
2019-11-14,Raw White,4530.0,90.6,Pettah
2019-11-14,Raw White,,,Pettah
2019-11-15,Raw White,4560.0,91.2,Pettah
2019-11-15,Raw White,,,Pettah
2019-11-18,Raw White,4590.0,91.8,Pettah
2019-11-18,Raw White,,,Pettah
2019-11-19,Raw White,4570.0,91.4,Pettah
2019-11-19,Raw White,,,Pettah
2019-11-20,Raw White,4590.0,91.8,Pettah
2019-11-20,Raw White,,,Pettah
2019-11-21,Raw White,4700.0,94.0,Pettah
2019-11-21,Raw White,,,Pettah
2019-11-22,Raw White,4730.0,94.6,Pettah
2019-11-22,Raw White,,,Pettah
2019-11-25,Raw White,4800.0,96.0,Pettah
2019-11-25,Raw White,,,Pettah
2019-11-26,Raw White,4840.0,96.8,Pettah
2019-11-26,Raw White,,,Pettah
2019-11-27,Raw White,4870.0,97.4,Pettah
2019-11-27,Raw White,,,Pettah
2019-11-28,Raw White,4870.0,97.4,Pettah
2019-11-28,Raw White,,,Pettah
2019-11-29,Raw White,4880.0,97.6,Pettah
2019-11-29,Raw White,,,Pettah
2019-12-02,Raw White,4940.0,98.8,Pettah
2019-12-02,Raw White,,,Pettah
2019-12-03,Raw White,4980.0,99.6,Pettah
2019-12-03,Raw White,,,Pettah
2019-12-04,Raw White,4950.0,99.0,Pettah
2019-12-04,Raw White,,,Pettah
2019-12-05,Raw White,5020.0,100.4,Pettah
2019-12-05,Raw White,,,Pettah
2019-12-06,Raw White,5070.0,101.4,Pettah
2019-12-06,Raw White,,,Pettah
2019-12-09,Raw White,5100.0,102.0,Pettah
2019-12-09,Raw White,,,Pettah
2019-12-10,Raw White,5070.0,101.4,Pettah
2019-12-10,Raw White,,,Pettah
2019-12-12,Raw White,5100.0,102.0,Pettah
2019-12-12,Raw White,,,Pettah
2019-12-13,Raw White,5050.0,101.0,Pettah
2019-12-13,Raw White,,,Pettah
2019-12-16,Raw White,5110.0,102.2,Pettah
2019-12-16,Raw White,,,Pettah
2019-12-17,Raw White,5050.0,101.0,Pettah
2019-12-17,Raw White,,,Pettah
2019-12-18,Raw White,5360.0,107.2,Pettah
2019-12-18,Raw White,,,Pettah
2019-12-19,Raw White,5100.0,102.0,Pettah
2019-12-19,Raw White,,,Pettah
2019-12-20,Raw White,5050.0,101.0,Pettah
2019-12-20,Raw White,,,Pettah
2019-12-23,Raw White,5140.0,102.8,Pettah
2019-12-23,Raw White,,,Pettah
2019-12-24,Raw White,5040.0,100.8,Pettah
2019-12-24,Raw White,,,Pettah
2019-12-26,Raw White,5040.0,100.8,Pettah
2019-12-26,Raw White,,,Pettah
2019-12-27,Raw White,5040.0,100.8,Pettah
2019-12-27,Raw White,,,Pettah
2019-12-30,Raw White,5050.0,101.0,Pettah
2019-12-30,Raw White,,,Pettah
2019-12-31,Raw White,5133.33,102.6666,Pettah
2019-12-31,Raw White,,,Pettah
2020-01-01,Raw White,5070.0,101.4,Pettah
2020-01-01,Raw White,,,Pettah
2020-01-02,Raw White,5080.0,101.6,Pettah
2020-01-02,Raw White,,,Pettah
2020-01-03,Raw White,5060.0,101.2,Pettah
2020-01-03,Raw White,,,Pettah
2020-01-06,Raw White,5020.0,100.4,Pettah
2020-01-06,Raw White,,,Pettah
2020-01-07,Raw White,5060.0,101.2,Pettah
2020-01-07,Raw White,,,Pettah
2020-01-08,Raw White,5060.0,101.2,Pettah
2020-01-08,Raw White,,,Pettah
2020-01-09,Raw White,5040.0,100.8,Pettah
2020-01-09,Raw White,,,Pettah
2020-01-13,Raw White,4990.0,99.8,Pettah
2020-01-13,Raw White,,,Pettah
2020-01-14,Raw White,5020.0,100.4,Pettah
2020-01-14,Raw White,,,Pettah
2020-01-16,Raw White,4960.0,99.2,Pettah
2020-01-16,Raw White,,,Pettah
2020-01-17,Raw White,5010.0,100.2,Pettah
2020-01-17,Raw White,,,Pettah
2020-01-20,Raw White,4800.0,96.0,Pettah
2020-01-20,Raw White,,,Pettah
2020-01-21,Raw White,4670.0,93.4,Pettah
2020-01-21,Raw White,,,Pettah
2020-01-22,Raw White,4620.0,92.4,Pettah
2020-01-22,Raw White,,,Pettah
2020-01-23,Raw White,4620.0,92.4,Pettah
2020-01-23,Raw White,,,Pettah
2020-01-24,Raw White,4690.0,93.8,Pettah
2020-01-24,Raw White,,,Pettah
2020-01-27,Raw White,4550.0,91.0,Pettah
2020-01-27,Raw White,,,Pettah
2020-01-28,Raw White,4500.0,90.0,Pettah
2020-01-28,Raw White,,,Pettah
2020-01-29,Raw White,4620.0,92.4,Pettah
2020-01-29,Raw White,,,Pettah
2020-01-30,Raw White,4790.0,95.8,Pettah
2020-01-30,Raw White,,,Pettah
2020-01-31,Raw White,4580.0,91.6,Pettah
2020-01-31,Raw White,,,Pettah
2020-02-03,Raw White,4380.0,87.6,Pettah
2020-02-03,Raw White,,,Pettah
2020-02-05,Raw White,4380.0,87.6,Pettah
2020-02-05,Raw White,,,Pettah
2020-02-06,Raw White,4510.0,90.2,Pettah
2020-02-06,Raw White,,,Pettah
2020-02-07,Raw White,4400.0,88.0,Pettah
2020-02-07,Raw White,,,Pettah
2020-02-10,Raw White,4460.0,89.2,Pettah
2020-02-10,Raw White,,,Pettah
2020-02-11,Raw White,4430.0,88.6,Pettah
2020-02-11,Raw White,,,Pettah
2020-02-12,Raw White,4450.0,89.0,Pettah
2020-02-12,Raw White,,,Pettah
2020-02-13,Raw White,4360.0,87.2,Pettah
2020-02-13,Raw White,,,Pettah
2020-02-14,Raw White,4370.0,87.4,Pettah
2020-02-14,Raw White,,,Pettah
2020-02-17,Raw White,4450.0,89.0,Pettah
2020-02-17,Raw White,,,Pettah
2020-02-18,Raw White,4440.0,88.8,Pettah
2020-02-18,Raw White,,,Pettah
2020-02-19,Raw White,4400.0,88.0,Pettah
2020-02-19,Raw White,,,Pettah
2020-02-20,Raw White,4400.0,88.0,Pettah
2020-02-20,Raw White,,,Pettah
2020-02-24,Raw White,4410.0,88.2,Pettah
2020-02-24,Raw White,,,Pettah
2020-02-25,Raw White,4440.0,88.8,Pettah
2020-02-25,Raw White,,,Pettah
2020-02-26,Raw White,4450.0,89.0,Pettah
2020-02-26,Raw White,,,Pettah
2020-02-27,Raw White,4410.0,88.2,Pettah
2020-02-27,Raw White,,,Pettah
2020-02-28,Raw White,4390.0,87.8,Pettah
2020-02-28,Raw White,,,Pettah
2020-03-02,Raw White,4350.0,87.0,Pettah
2020-03-02,Raw White,,,Pettah
2020-03-03,Raw White,4330.0,86.6,Pettah
2020-03-03,Raw White,,,Pettah
2020-03-04,Raw White,4330.0,86.6,Pettah
2020-03-04,Raw White,,,Pettah
2020-03-05,Raw White,4310.0,86.2,Pettah
2020-03-05,Raw White,,,Pettah
2020-03-06,Raw White,4340.0,86.8,Pettah
2020-03-06,Raw White,,,Pettah
2020-03-10,Raw White,4320.0,86.4,Pettah
2020-03-10,Raw White,,,Pettah
2020-03-11,Raw White,4320.0,86.4,Pettah
2020-03-11,Raw White,,,Pettah
2020-03-12,Raw White,4320.0,86.4,Pettah
2020-03-12,Raw White,,,Pettah
2020-03-13,Raw White,4320.0,86.4,Pettah
2020-03-13,Raw White,,,Pettah
2020-06-15,Raw White,4566.67,91.3334,Pettah
2020-06-15,Raw White,,,Pettah
2020-06-16,Raw White,4587.5,91.75,Pettah
2020-06-16,Raw White,,,Pettah
2020-06-17,Raw White,4600.0,92.0,Pettah
2020-06-17,Raw White,,,Pettah
2020-06-18,Raw White,4612.5,92.25,Pettah
2020-06-18,Raw White,,,Pettah
2020-06-19,Raw White,4612.5,92.25,Pettah
2020-06-19,Raw White,,,Pettah
2020-06-22,Raw White,4550.0,91.0,Pettah
2020-06-22,Raw White,,,Pettah
2020-06-23,Raw White,4550.0,91.0,Pettah
2020-06-23,Raw White,,,Pettah
2020-06-24,Raw White,4550.0,91.0,Pettah
2020-06-24,Raw White,,,Pettah
2020-06-25,Raw White,4533.33,90.6666,Pettah
2020-06-25,Raw White,,,Pettah
2020-06-26,Raw White,4550.0,91.0,Pettah
2020-06-26,Raw White,,,Pettah
2020-06-29,Raw White,4520.0,90.4,Pettah
2020-06-29,Raw White,,,Pettah
2020-06-30,Raw White,4520.0,90.4,Pettah
2020-06-30,Raw White,,,Pettah
2020-07-01,Raw White,4440.0,88.8,Pettah
2020-07-01,Raw White,,,Pettah
2020-07-02,Raw White,4480.0,89.6,Pettah
2020-07-02,Raw White,,,Pettah
2020-07-03,Raw White,4480.0,89.6,Pettah
2020-07-03,Raw White,,,Pettah
2020-07-06,Raw White,4470.0,89.4,Pettah
2020-07-06,Raw White,,,Pettah
2020-07-07,Raw White,4500.0,90.0,Pettah
2020-07-07,Raw White,,,Pettah
2020-07-08,Raw White,4460.0,89.2,Pettah
2020-07-08,Raw White,,,Pettah
2020-07-09,Raw White,4470.0,89.4,Pettah
2020-07-09,Raw White,,,Pettah
2020-07-10,Raw White,4470.0,89.4,Pettah
2020-07-10,Raw White,,,Pettah
2020-07-13,Raw White,4440.0,88.8,Pettah
2020-07-13,Raw White,,,Pettah
2020-07-14,Raw White,4450.0,89.0,Pettah
2020-07-14,Raw White,,,Pettah
2020-07-15,Raw White,4440.0,88.8,Pettah
2020-07-15,Raw White,,,Pettah
2020-07-16,Raw White,4440.0,88.8,Pettah
2020-07-16,Raw White,,,Pettah
2020-07-17,Raw White,4440.0,88.8,Pettah
2020-07-17,Raw White,,,Pettah
2020-07-20,Raw White,4400.0,88.0,Pettah
2020-07-20,Raw White,,,Pettah
2020-07-21,Raw White,4440.0,88.8,Pettah
2020-07-21,Raw White,,,Pettah
2020-07-22,Raw White,4450.0,89.0,Pettah
2020-07-22,Raw White,,,Pettah
2020-07-23,Raw White,4440.0,88.8,Pettah
2020-07-23,Raw White,,,Pettah
2020-07-24,Raw White,4440.0,88.8,Pettah
2020-07-24,Raw White,,,Pettah
2020-07-27,Raw White,4440.0,88.8,Pettah
2020-07-27,Raw White,,,Pettah
2020-07-28,Raw White,4430.0,88.6,Pettah
2020-07-28,Raw White,,,Pettah
2020-07-29,Raw White,4430.0,88.6,Pettah
2020-07-29,Raw White,,,Pettah
2020-07-30,Raw White,4430.0,88.6,Pettah
2020-07-30,Raw White,,,Pettah
2020-07-31,Raw White,4430.0,88.6,Pettah
2020-07-31,Raw White,,,Pettah
2020-08-04,Raw White,4440.0,88.8,Pettah
2020-08-04,Raw White,,,Pettah
2020-08-06,Raw White,4410.0,88.2,Pettah
2020-08-06,Raw White,,,Pettah
2020-08-07,Raw White,4430.0,88.6,Pettah
2020-08-07,Raw White,,,Pettah
2020-08-10,Raw White,4430.0,88.6,Pettah
2020-08-10,Raw White,,,Pettah
2020-08-11,Raw White,4400.0,88.0,Pettah
2020-08-11,Raw White,,,Pettah
2020-08-12,Raw White,4410.0,88.2,Pettah
2020-08-12,Raw White,,,Pettah
2020-08-13,Raw White,4410.0,88.2,Pettah
2020-08-13,Raw White,,,Pettah
2020-08-14,Raw White,4430.0,88.6,Pettah
2020-08-14,Raw White,,,Pettah
2020-08-17,Raw White,4430.0,88.6,Pettah
2020-08-17,Raw White,,,Pettah
2020-08-18,Raw White,4430.0,88.6,Pettah
2020-08-18,Raw White,,,Pettah
2020-08-19,Raw White,4430.0,88.6,Pettah
2020-08-19,Raw White,,,Pettah
2020-08-20,Raw White,4420.0,88.4,Pettah
2020-08-20,Raw White,,,Pettah
2020-08-21,Raw White,4410.0,88.2,Pettah
2020-08-21,Raw White,,,Pettah
2020-08-24,Raw White,4430.0,88.6,Pettah
2020-08-24,Raw White,,,Pettah
2020-08-25,Raw White,4430.0,88.6,Pettah
2020-08-25,Raw White,,,Pettah
2020-08-26,Raw White,4430.0,88.6,Pettah
2020-08-26,Raw White,,,Pettah
2020-08-27,Raw White,4440.0,88.8,Pettah
2020-08-27,Raw White,,,Pettah
2020-08-28,Raw White,4450.0,89.0,Pettah
2020-08-28,Raw White,,,Pettah
2020-08-31,Raw White,4470.0,89.4,Pettah
2020-08-31,Raw White,,,Pettah
2020-09-02,Raw White,4440.0,88.8,Pettah
2020-09-02,Raw White,,,Pettah
2020-09-03,Raw White,116.0,116.0,Pettah
2020-09-03,Raw White,118.75,118.75,Pettah
2020-09-04,Raw White,124.0,124.0,Pettah
2020-09-04,Raw White,117.5,117.5,Pettah
2020-09-07,Raw White,131.0,131.0,Pettah
2020-09-07,Raw White,117.5,117.5,Pettah
2020-09-08,Raw White,4450.0,89.0,Pettah
2020-09-08,Raw White,,,Pettah
2020-09-09,Raw White,4430.0,88.6,Pettah
2020-09-09,Raw White,,,Pettah
2020-09-10,Raw White,4460.0,89.2,Pettah
2020-09-10,Raw White,,,Pettah
2020-09-11,Raw White,4450.0,89.0,Pettah
2020-09-11,Raw White,,,Pettah
2020-09-14,Raw White,4450.0,89.0,Pettah
2020-09-14,Raw White,,,Pettah
2020-09-15,Raw White,4470.0,89.4,Pettah
2020-09-15,Raw White,,,Pettah
2020-09-16,Raw White,4460.0,89.2,Pettah
2020-09-16,Raw White,,,Pettah
2020-09-17,Raw White,4460.0,89.2,Pettah
2020-09-17,Raw White,,,Pettah
2020-09-18,Raw White,4480.0,89.6,Pettah
2020-09-18,Raw White,,,Pettah
2020-09-21,Raw White,4470.0,89.4,Pettah
2020-09-21,Raw White,,,Pettah
2020-09-22,Raw White,4480.0,89.6,Pettah
2020-09-22,Raw White,,,Pettah
2020-09-23,Raw White,4480.0,89.6,Pettah
2020-09-23,Raw White,,,Pettah
2020-09-24,Raw White,4480.0,89.6,Pettah
2020-09-24,Raw White,,,Pettah
2020-09-25,Raw White,4490.0,89.8,Pettah
2020-09-25,Raw White,,,Pettah
2020-09-28,Raw White,152.0,152.0,Pettah
2020-09-28,Raw White,118.6,118.6,Pettah
2020-09-29,Raw White,4470.0,89.4,Pettah
2020-09-29,Raw White,,,Pettah
2020-09-30,Raw White,208.0,208.0,Pettah
2020-09-30,Raw White,127.0,127.0,Pettah
2020-10-01,Raw White,4460.0,89.2,Pettah
2020-10-01,Raw White,,,Pettah
2020-10-02,Raw White,4460.0,89.2,Pettah
2020-10-02,Raw White,,,Pettah
2020-10-05,Raw White,4490.0,89.8,Pettah
2020-10-05,Raw White,,,Pettah
2020-10-06,Raw White,148.0,148.0,Pettah
2020-10-06,Raw White,122.0,122.0,Pettah
2020-10-07,Raw White,148.0,148.0,Pettah
2020-10-07,Raw White,130.0,130.0,Pettah
2020-10-08,Raw White,172.0,172.0,Pettah
2020-10-08,Raw White,134.0,134.0,Pettah
2020-10-09,Raw White,192.0,192.0,Pettah
2020-10-09,Raw White,127.0,127.0,Pettah
2020-10-12,Raw White,134.0,134.0,Pettah
2020-10-12,Raw White,122.0,122.0,Pettah
2020-10-13,Raw White,124.0,124.0,Pettah
2020-10-13,Raw White,122.0,122.0,Pettah
2020-10-14,Raw White,94.0,94.0,Pettah
2020-10-14,Raw White,382.0,382.0,Pettah
2020-10-15,Raw White,86.0,86.0,Pettah
2020-10-15,Raw White,112.0,112.0,Pettah
2020-10-16,Raw White,86.0,86.0,Pettah
2020-10-16,Raw White,111.0,111.0,Pettah
2020-10-19,Raw White,127.0,127.0,Pettah
2020-10-19,Raw White,385.0,385.0,Pettah
2020-10-20,Raw White,127.0,127.0,Pettah
2020-10-20,Raw White,388.0,388.0,Pettah
2020-10-21,Raw White,123.0,123.0,Pettah
2020-10-21,Raw White,392.0,392.0,Pettah
2020-10-22,Raw White,124.0,124.0,Pettah
2020-10-22,Raw White,120.0,120.0,Pettah
2020-10-23,Raw White,4710.0,94.2,Pettah
2020-10-23,Raw White,,,Pettah
2020-10-26,Raw White,4710.0,94.2,Pettah
2020-10-26,Raw White,,,Pettah
2020-10-27,Raw White,,,Pettah
2020-10-27,Raw White,,,Pettah
2020-10-28,Raw White,,,Pettah
2020-10-28,Raw White,,,Pettah
2020-10-29,Raw White,,,Pettah
2020-10-29,Raw White,,,Pettah
2020-11-02,Raw White,,,Pettah
2020-11-02,Raw White,,,Pettah
2020-11-03,Raw White,,,Pettah
2020-11-03,Raw White,,,Pettah
2020-11-04,Raw White,,,Pettah
2020-11-04,Raw White,,,Pettah
2020-11-05,Raw White,,,Pettah
2020-11-05,Raw White,,,Pettah
2020-11-06,Raw White,,,Pettah
2020-11-06,Raw White,,,Pettah
2020-11-09,Raw White,,,Pettah
2020-11-09,Raw White,,,Pettah
2020-11-10,Raw White,,,Pettah
2020-11-10,Raw White,,,Pettah
2020-11-11,Raw White,,,Pettah
2020-11-11,Raw White,,,Pettah
2020-11-12,Raw White,4630.0,92.6,Pettah
2020-11-12,Raw White,,,Pettah
2020-11-13,Raw White,4650.0,93.0,Pettah
2020-11-13,Raw White,,,Pettah
2020-11-16,Raw White,4650.0,93.0,Pettah
2020-11-16,Raw White,,,Pettah
2020-11-17,Raw White,,,Pettah
2020-11-17,Raw White,,,Pettah
2020-11-18,Raw White,,,Pettah
2020-11-18,Raw White,,,Pettah
2020-11-19,Raw White,,,Pettah
2020-11-19,Raw White,,,Pettah
2020-11-20,Raw White,,,Pettah
2020-11-20,Raw White,,,Pettah
2020-11-23,Raw White,,,Pettah
2020-11-23,Raw White,,,Pettah
2020-11-24,Raw White,,,Pettah
2020-11-24,Raw White,,,Pettah
2020-11-25,Raw White,,,Pettah
2020-11-25,Raw White,,,Pettah
2020-11-26,Raw White,,,Pettah
2020-11-26,Raw White,,,Pettah
2020-11-27,Raw White,,,Pettah
2020-11-27,Raw White,,,Pettah
2020-11-30,Raw White,,,Pettah
2020-11-30,Raw White,,,Pettah
2020-12-01,Raw White,,,Pettah
2020-12-01,Raw White,,,Pettah
2020-12-02,Raw White,,,Pettah
2020-12-02,Raw White,,,Pettah
2020-12-03,Raw White,,,Pettah
2020-12-03,Raw White,,,Pettah
2020-12-04,Raw White,,,Pettah
2020-12-04,Raw White,,,Pettah
2020-12-07,Raw White,,,Pettah
2020-12-07,Raw White,,,Pettah
2020-12-08,Raw White,,,Pettah
2020-12-08,Raw White,,,Pettah
2020-12-09,Raw White,,,Pettah
2020-12-09,Raw White,,,Pettah
2020-12-11,Raw White,,,Pettah
2020-12-11,Raw White,,,Pettah
2020-12-14,Raw White,,,Pettah
2020-12-14,Raw White,,,Pettah
2020-12-15,Raw White,,,Pettah
2020-12-15,Raw White,,,Pettah
2020-12-16,Raw White,,,Pettah
2020-12-16,Raw White,,,Pettah
2020-12-17,Raw White,,,Pettah
2020-12-17,Raw White,,,Pettah
2020-12-18,Raw White,,,Pettah
2020-12-18,Raw White,,,Pettah
2020-12-21,Raw White,,,Pettah
2020-12-21,Raw White,,,Pettah
2020-12-22,Raw White,,,Pettah
2020-12-22,Raw White,,,Pettah
2020-12-23,Raw White,,,Pettah
2020-12-23,Raw White,,,Pettah
2020-12-24,Raw White,,,Pettah
2020-12-24,Raw White,,,Pettah
2020-12-28,Raw White,,,Pettah
2020-12-28,Raw White,,,Pettah
2020-12-30,Raw White,,,Pettah
2020-12-30,Raw White,,,Pettah
2020-12-31,Raw White,,,Pettah
2020-12-31,Raw White,,,Pettah
2021-01-01,Raw White,,,Pettah
2021-01-01,Raw White,,,Pettah
2021-01-04,Raw White,,,Pettah
2021-01-04,Raw White,,,Pettah
2021-01-05,Raw White,,,Pettah
2021-01-05,Raw White,,,Pettah
2021-01-06,Raw White,,,Pettah
2021-01-06,Raw White,,,Pettah
2021-01-07,Raw White,,,Pettah
2021-01-07,Raw White,,,Pettah
2021-01-08,Raw White,,,Pettah
2021-01-08,Raw White,,,Pettah
2021-01-11,Raw White,,,Pettah
2021-01-11,Raw White,,,Pettah
2021-01-12,Raw White,386.0,386.0,Pettah
2021-01-12,Raw White,398.0,398.0,Pettah
2021-01-13,Raw White,448.0,448.0,Pettah
2021-01-13,Raw White,390.0,390.0,Pettah
2021-01-15,Raw White,500.0,500.0,Pettah
2021-01-15,Raw White,394.0,394.0,Pettah
2021-01-18,Raw White,534.0,534.0,Pettah
2021-01-18,Raw White,396.0,396.0,Pettah
2021-01-19,Raw White,458.0,458.0,Pettah
2021-01-19,Raw White,392.0,392.0,Pettah
2021-01-20,Raw White,470.0,470.0,Pettah
2021-01-20,Raw White,398.0,398.0,Pettah
2021-01-21,Raw White,480.0,480.0,Pettah
2021-01-21,Raw White,392.0,392.0,Pettah
2021-01-22,Raw White,486.0,486.0,Pettah
2021-01-22,Raw White,394.0,394.0,Pettah
2021-01-25,Raw White,500.0,500.0,Pettah
2021-01-25,Raw White,79.0,79.0,Pettah
2021-01-26,Raw White,486.0,486.0,Pettah
2021-01-26,Raw White,85.0,85.0,Pettah
2021-01-27,Raw White,486.0,486.0,Pettah
2021-01-27,Raw White,96.0,96.0,Pettah
2021-01-29,Raw White,470.0,470.0,Pettah
2021-01-29,Raw White,95.0,95.0,Pettah
2021-02-01,Raw White,4720.0,94.4,Pettah
2021-02-01,Raw White,,,Pettah
2021-02-02,Raw White,486.0,486.0,Pettah
2021-02-02,Raw White,159.0,159.0,Pettah
2021-02-03,Raw White,468.0,468.0,Pettah
2021-02-03,Raw White,159.0,159.0,Pettah
2021-02-08,Raw White,352.0,352.0,Pettah
2021-02-08,Raw White,113.0,113.0,Pettah
2021-02-09,Raw White,358.0,358.0,Pettah
2021-02-09,Raw White,106.0,106.0,Pettah
2021-02-10,Raw White,344.0,344.0,Pettah
2021-02-10,Raw White,104.0,104.0,Pettah
2021-02-11,Raw White,340.0,340.0,Pettah
2021-02-11,Raw White,107.0,107.0,Pettah
2021-02-12,Raw White,322.0,322.0,Pettah
2021-02-12,Raw White,103.0,103.0,Pettah
2021-02-15,Raw White,318.75,318.75,Pettah
2021-02-15,Raw White,123.75,123.75,Pettah
2021-02-16,Raw White,335.0,335.0,Pettah
2021-02-16,Raw White,126.25,126.25,Pettah
2021-02-17,Raw White,302.5,302.5,Pettah
2021-02-17,Raw White,138.0,138.0,Pettah
2021-02-18,Raw White,307.5,307.5,Pettah
2021-02-18,Raw White,142.0,142.0,Pettah
2021-02-19,Raw White,268.0,268.0,Pettah
2021-02-19,Raw White,139.0,139.0,Pettah
2021-02-22,Raw White,224.0,224.0,Pettah
2021-02-22,Raw White,110.0,110.0,Pettah
2021-02-23,Raw White,224.0,224.0,Pettah
2021-02-23,Raw White,106.0,106.0,Pettah
2021-02-24,Raw White,240.0,240.0,Pettah
2021-02-24,Raw White,123.0,123.0,Pettah
2021-02-25,Raw White,238.0,238.0,Pettah
2021-02-25,Raw White,123.0,123.0,Pettah
2021-03-01,Raw White,154.0,154.0,Pettah
2021-03-01,Raw White,128.0,128.0,Pettah
2021-03-02,Raw White,162.0,162.0,Pettah
2021-03-02,Raw White,122.5,122.5,Pettah
2021-03-03,Raw White,158.0,158.0,Pettah
2021-03-03,Raw White,118.0,118.0,Pettah
2021-03-04,Raw White,154.0,154.0,Pettah
2021-03-04,Raw White,127.0,127.0,Pettah
2021-03-05,Raw White,142.0,142.0,Pettah
2021-03-05,Raw White,117.5,117.5,Pettah
2021-03-08,Raw White,140.0,140.0,Pettah
2021-03-08,Raw White,122.0,122.0,Pettah
2021-03-09,Raw White,142.0,142.0,Pettah
2021-03-09,Raw White,118.0,118.0,Pettah
2021-03-10,Raw White,138.0,138.0,Pettah
2021-03-10,Raw White,122.0,122.0,Pettah
2021-03-12,Raw White,207.5,207.5,Pettah
2021-03-12,Raw White,122.0,122.0,Pettah
2021-03-15,Raw White,216.0,216.0,Pettah
2021-03-15,Raw White,102.5,102.5,Pettah
2021-03-16,Raw White,182.0,182.0,Pettah
2021-03-16,Raw White,102.5,102.5,Pettah
2021-03-17,Raw White,176.0,176.0,Pettah
2021-03-17,Raw White,102.5,102.5,Pettah
2021-03-18,Raw White,158.0,158.0,Pettah
2021-03-18,Raw White,102.5,102.5,Pettah
2021-03-19,Raw White,162.0,162.0,Pettah
2021-03-19,Raw White,102.5,102.5,Pettah
2021-03-22,Raw White,140.0,140.0,Pettah
2021-03-22,Raw White,97.5,97.5,Pettah
2021-03-23,Raw White,138.0,138.0,Pettah
2021-03-23,Raw White,97.5,97.5,Pettah
2021-03-24,Raw White,166.0,166.0,Pettah
2021-03-24,Raw White,112.0,112.0,Pettah
2021-03-25,Raw White,144.0,144.0,Pettah
2021-03-25,Raw White,97.5,97.5,Pettah
2021-03-26,Raw White,142.0,142.0,Pettah
2021-03-26,Raw White,97.5,97.5,Pettah
2021-03-29,Raw White,146.0,146.0,Pettah
2021-03-29,Raw White,102.5,102.5,Pettah
2021-03-30,Raw White,190.0,190.0,Pettah
2021-03-30,Raw White,122.0,122.0,Pettah
2021-03-31,Raw White,190.0,190.0,Pettah
2021-03-31,Raw White,122.0,122.0,Pettah
2021-04-01,Raw White,204.0,204.0,Pettah
2021-04-01,Raw White,83.75,83.75,Pettah
2021-04-05,Raw White,300.0,300.0,Pettah
2021-04-05,Raw White,122.5,122.5,Pettah
2021-04-06,Raw White,300.0,300.0,Pettah
2021-04-06,Raw White,124.0,124.0,Pettah
2021-04-07,Raw White,292.0,292.0,Pettah
2021-04-07,Raw White,118.0,118.0,Pettah
2021-04-08,Raw White,280.0,280.0,Pettah
2021-04-08,Raw White,116.0,116.0,Pettah
2021-04-09,Raw White,274.0,274.0,Pettah
2021-04-09,Raw White,123.0,123.0,Pettah
2021-04-19,Raw White,238.0,238.0,Pettah
2021-04-19,Raw White,91.0,91.0,Pettah
2021-04-20,Raw White,242.0,242.0,Pettah
2021-04-20,Raw White,123.0,123.0,Pettah
2021-04-21,Raw White,226.0,226.0,Pettah
2021-04-21,Raw White,76.0,76.0,Pettah
2021-04-22,Raw White,234.0,234.0,Pettah
2021-04-22,Raw White,76.0,76.0,Pettah
2021-04-23,Raw White,234.0,234.0,Pettah
2021-04-23,Raw White,76.0,76.0,Pettah
2021-04-27,Raw White,60.2,60.2,Pettah
2021-04-27,Raw White,844.0,844.0,Pettah
2021-04-28,Raw White,208.0,208.0,Pettah
2021-04-28,Raw White,100.0,100.0,Pettah
2021-04-29,Raw White,208.0,208.0,Pettah
2021-04-29,Raw White,818.75,818.75,Pettah
2021-04-30,Raw White,208.0,208.0,Pettah
2021-04-30,Raw White,117.5,117.5,Pettah
2021-05-03,Raw White,246.0,246.0,Pettah
2021-05-03,Raw White,119.2,119.2,Pettah
2021-05-04,Raw White,74.0,74.0,Pettah
2021-05-04,Raw White,858.0,858.0,Pettah
2021-05-05,Raw White,168.0,168.0,Pettah
2021-05-05,Raw White,118.0,118.0,Pettah
2021-05-06,Raw White,250.0,250.0,Pettah
2021-05-06,Raw White,128.0,128.0,Pettah
2021-05-07,Raw White,214.0,214.0,Pettah
2021-05-07,Raw White,119.0,119.0,Pettah
2021-05-10,Raw White,5430.0,108.6,Pettah
2021-05-10,Raw White,,,Pettah
2021-05-11,Raw White,5430.0,108.6,Pettah
2021-05-11,Raw White,,,Pettah
2021-05-12,Raw White,276.0,276.0,Pettah
2021-05-12,Raw White,120.0,120.0,Pettah
2021-05-13,Raw White,5420.0,108.4,Pettah
2021-05-13,Raw White,,,Pettah
2021-05-17,Raw White,5460.0,109.2,Pettah
2021-05-17,Raw White,,,Pettah
2021-05-18,Raw White,5480.0,109.6,Pettah
2021-05-18,Raw White,,,Pettah
2021-05-19,Raw White,5580.0,111.6,Pettah
2021-05-19,Raw White,,,Pettah
2021-05-20,Raw White,5580.0,111.6,Pettah
2021-05-20,Raw White,,,Pettah
2021-05-21,Raw White,81.0,81.0,Pettah
2021-05-21,Raw White,520.0,520.0,Pettah
2021-06-08,Raw White,264.0,264.0,Pettah
2021-06-08,Raw White,800.0,800.0,Pettah
2021-06-09,Raw White,76.0,76.0,Pettah
2021-06-09,Raw White,192.0,192.0,Pettah
2021-06-18,Raw White,86.0,86.0,Pettah
2021-06-18,Raw White,192.0,192.0,Pettah
2021-06-21,Raw White,84.8,84.8,Pettah
2021-06-21,Raw White,191.2,191.2,Pettah
2021-06-22,Raw White,252.0,252.0,Pettah
2021-06-22,Raw White,766.0,766.0,Pettah
2021-06-23,Raw White,246.0,246.0,Pettah
2021-06-23,Raw White,766.0,766.0,Pettah
2021-06-25,Raw White,77.0,77.0,Pettah
2021-06-25,Raw White,191.2,191.2,Pettah
2021-06-28,Raw White,72.0,72.0,Pettah
2021-06-28,Raw White,190.4,190.4,Pettah
2021-06-29,Raw White,72.0,72.0,Pettah
2021-06-29,Raw White,190.6,190.6,Pettah
2021-06-30,Raw White,72.0,72.0,Pettah
2021-06-30,Raw White,190.0,190.0,Pettah
2021-07-01,Raw White,271.0,271.0,Pettah
2021-07-01,Raw White,740.0,740.0,Pettah
2021-07-02,Raw White,268.0,268.0,Pettah
2021-07-02,Raw White,740.0,740.0,Pettah
2021-07-05,Raw White,270.0,270.0,Pettah
2021-07-05,Raw White,732.0,732.0,Pettah
2021-07-06,Raw White,81.0,81.0,Pettah
2021-07-06,Raw White,191.2,191.2,Pettah
2021-07-07,Raw White,294.0,294.0,Pettah
2021-07-07,Raw White,125.0,125.0,Pettah
2021-07-08,Raw White,280.0,280.0,Pettah
2021-07-08,Raw White,123.0,123.0,Pettah
2021-07-09,Raw White,277.0,277.0,Pettah
2021-07-09,Raw White,128.0,128.0,Pettah
2021-07-12,Raw White,5210.0,104.2,Pettah
2021-07-12,Raw White,,,Pettah
2021-07-13,Raw White,5100.0,102.0,Pettah
2021-07-13,Raw White,,,Pettah
2021-07-14,Raw White,5180.0,103.6,Pettah
2021-07-14,Raw White,,,Pettah
2021-07-15,Raw White,5150.0,103.0,Pettah
2021-07-15,Raw White,,,Pettah
2021-07-16,Raw White,258.0,258.0,Pettah
2021-07-16,Raw White,124.0,124.0,Pettah
2021-07-19,Raw White,5130.0,102.6,Pettah
2021-07-19,Raw White,,,Pettah
2021-07-20,Raw White,5100.0,102.0,Pettah
2021-07-20,Raw White,,,Pettah
2021-07-22,Raw White,5070.0,101.4,Pettah
2021-07-22,Raw White,,,Pettah
2021-07-26,Raw White,5030.0,100.6,Pettah
2021-07-26,Raw White,,,Pettah
2021-07-27,Raw White,4930.0,98.6,Pettah
2021-07-27,Raw White,,,Pettah
2021-07-28,Raw White,4960.0,99.2,Pettah
2021-07-28,Raw White,,,Pettah
2021-07-29,Raw White,4940.0,98.8,Pettah
2021-07-29,Raw White,,,Pettah
2021-07-30,Raw White,4920.0,98.4,Pettah
2021-07-30,Raw White,,,Pettah
2021-08-02,Raw White,524.0,524.0,Pettah
2021-08-02,Raw White,172.0,172.0,Pettah
2021-08-03,Raw White,522.0,522.0,Pettah
2021-08-03,Raw White,87.0,87.0,Pettah
2021-08-04,Raw White,524.0,524.0,Pettah
2021-08-04,Raw White,88.6,88.6,Pettah
2021-08-05,Raw White,504.0,504.0,Pettah
2021-08-05,Raw White,86.4,86.4,Pettah
2021-08-06,Raw White,504.0,504.0,Pettah
2021-08-06,Raw White,154.0,154.0,Pettah
2021-08-09,Raw White,4890.0,97.8,Pettah
2021-08-09,Raw White,,,Pettah
2021-08-11,Raw White,496.0,496.0,Pettah
2021-08-11,Raw White,182.0,182.0,Pettah
2021-08-12,Raw White,4890.0,97.8,Pettah
2021-08-12,Raw White,,,Pettah
2021-08-13,Raw White,4860.0,97.2,Pettah
2021-08-13,Raw White,,,Pettah
2021-08-16,Raw White,4860.0,97.2,Pettah
2021-08-16,Raw White,,,Pettah
2021-08-17,Raw White,516.0,516.0,Pettah
2021-08-17,Raw White,194.0,194.0,Pettah
2021-08-18,Raw White,516.0,516.0,Pettah
2021-08-18,Raw White,204.0,204.0,Pettah
2021-08-19,Raw White,516.0,516.0,Pettah
2021-08-19,Raw White,204.0,204.0,Pettah
2021-08-20,Raw White,4920.0,98.4,Pettah
2021-08-20,Raw White,,,Pettah
2021-08-24,Raw White,5020.0,100.4,Pettah
2021-08-24,Raw White,,,Pettah
2021-08-25,Raw White,4940.0,98.8,Pettah
2021-08-25,Raw White,,,Pettah
2021-09-01,Raw White,5040.0,100.8,Pettah
2021-09-01,Raw White,,,Pettah
2021-09-02,Raw White,5020.0,100.4,Pettah
2021-09-02,Raw White,,,Pettah
2021-09-06,Raw White,4750.0,95.0,Pettah
2021-09-06,Raw White,,,Pettah
2021-09-09,Raw White,4650.0,93.0,Pettah
2021-09-09,Raw White,,,Pettah
2021-09-10,Raw White,4680.0,93.6,Pettah
2021-09-10,Raw White,,,Pettah
2021-09-13,Raw White,4650.0,93.0,Pettah
2021-09-13,Raw White,,,Pettah
2021-09-14,Raw White,4630.0,92.6,Pettah
2021-09-14,Raw White,,,Pettah
2021-09-15,Raw White,4670.0,93.4,Pettah
2021-09-15,Raw White,,,Pettah
2021-09-16,Raw White,4680.0,93.6,Pettah
2021-09-16,Raw White,,,Pettah
2021-09-17,Raw White,4690.0,93.8,Pettah
2021-09-17,Raw White,,,Pettah
2021-09-21,Raw White,4750.0,95.0,Pettah
2021-09-21,Raw White,,,Pettah
2021-09-22,Raw White,4910.0,98.2,Pettah
2021-09-22,Raw White,,,Pettah
2021-09-23,Raw White,4940.0,98.8,Pettah
2021-09-23,Raw White,,,Pettah
2021-09-24,Raw White,4940.0,98.8,Pettah
2021-09-24,Raw White,,,Pettah
2021-09-27,Raw White,4960.0,99.2,Pettah
2021-09-27,Raw White,,,Pettah
2021-09-28,Raw White,4960.0,99.2,Pettah
2021-09-28,Raw White,,,Pettah
2021-09-29,Raw White,5060.0,101.2,Pettah
2021-09-29,Raw White,,,Pettah
2021-09-30,Raw White,5200.0,104.0,Pettah
2021-09-30,Raw White,,,Pettah
2021-10-01,Raw White,5420.0,108.4,Pettah
2021-10-01,Raw White,,,Pettah
2021-10-04,Raw White,232.0,232.0,Pettah
2021-10-04,Raw White,126.25,126.25,Pettah
2021-10-05,Raw White,5570.0,111.4,Pettah
2021-10-05,Raw White,,,Pettah
2021-10-06,Raw White,5570.0,111.4,Pettah
2021-10-06,Raw White,,,Pettah
2021-10-07,Raw White,5590.0,111.8,Pettah
2021-10-07,Raw White,,,Pettah
2021-10-08,Raw White,224.0,224.0,Pettah
2021-10-08,Raw White,125.0,125.0,Pettah
2021-10-11,Raw White,5630.0,112.6,Pettah
2021-10-11,Raw White,,,Pettah
2021-10-12,Raw White,5670.0,113.4,Pettah
2021-10-12,Raw White,,,Pettah
2021-10-13,Raw White,225.0,225.0,Pettah
2021-10-13,Raw White,125.0,125.0,Pettah
2021-10-14,Raw White,214.0,214.0,Pettah
2021-10-14,Raw White,125.0,125.0,Pettah
2021-10-15,Raw White,232.0,232.0,Pettah
2021-10-15,Raw White,124.0,124.0,Pettah
2021-10-18,Raw White,232.0,232.0,Pettah
2021-10-18,Raw White,129.0,129.0,Pettah
2021-10-21,Raw White,220.0,220.0,Pettah
2021-10-21,Raw White,125.0,125.0,Pettah
2021-10-22,Raw White,165.0,165.0,Pettah
2021-10-22,Raw White,193.75,193.75,Pettah
2021-10-25,Raw White,229.0,229.0,Pettah
2021-10-25,Raw White,142.0,142.0,Pettah
2021-10-26,Raw White,174.0,174.0,Pettah
2021-10-26,Raw White,195.0,195.0,Pettah
2021-10-27,Raw White,506.0,506.0,Pettah
2021-10-27,Raw White,182.5,182.5,Pettah
2021-10-28,Raw White,508.0,508.0,Pettah
2021-10-28,Raw White,176.0,176.0,Pettah
2021-10-29,Raw White,505.0,505.0,Pettah
2021-10-29,Raw White,168.0,168.0,Pettah
2021-11-01,Raw White,503.0,503.0,Pettah
2021-11-01,Raw White,142.5,142.5,Pettah
2021-11-02,Raw White,503.0,503.0,Pettah
2021-11-02,Raw White,180.0,180.0,Pettah
2021-11-03,Raw White,505.0,505.0,Pettah
2021-11-03,Raw White,158.0,158.0,Pettah
2021-11-08,Raw White,505.0,505.0,Pettah
2021-11-08,Raw White,167.0,167.0,Pettah
2021-11-09,Raw White,278.33,278.33,Pettah
2021-11-09,Raw White,188.0,188.0,Pettah
2021-11-10,Raw White,280.0,280.0,Pettah
2021-11-10,Raw White,141.0,141.0,Pettah
2021-11-11,Raw White,127.6,127.6,Pettah
2021-11-11,Raw White,276.0,276.0,Pettah
2021-11-12,Raw White,127.2,127.2,Pettah
2021-11-12,Raw White,202.0,202.0,Pettah
2021-11-15,Raw White,125.0,125.0,Pettah
2021-11-15,Raw White,276.0,276.0,Pettah
2021-11-16,Raw White,121.6,121.6,Pettah
2021-11-16,Raw White,280.0,280.0,Pettah
2021-11-17,Raw White,122.0,122.0,Pettah
2021-11-17,Raw White,496.0,496.0,Pettah
2021-11-19,Raw White,122.0,122.0,Pettah
2021-11-19,Raw White,110.0,110.0,Pettah
2021-11-22,Raw White,122.0,122.0,Pettah
2021-11-22,Raw White,110.0,110.0,Pettah
2021-11-23,Raw White,122.2,122.2,Pettah
2021-11-23,Raw White,109.6,109.6,Pettah
2021-11-24,Raw White,121.6,121.6,Pettah
2021-11-24,Raw White,109.2,109.2,Pettah
2021-11-25,Raw White,121.6,121.6,Pettah
2021-11-25,Raw White,110.0,110.0,Pettah
2021-11-26,Raw White,125.6,125.6,Pettah
2021-11-26,Raw White,108.0,108.0,Pettah
2021-11-29,Raw White,125.2,125.2,Pettah
2021-11-29,Raw White,110.5,110.5,Pettah
2021-11-30,Raw White,126.0,126.0,Pettah
2021-11-30,Raw White,110.5,110.5,Pettah
2021-12-01,Raw White,125.0,125.0,Pettah
2021-12-01,Raw White,109.4,109.4,Pettah
2021-12-02,Raw White,125.6,125.6,Pettah
2021-12-02,Raw White,110.0,110.0,Pettah
2021-12-03,Raw White,126.4,126.4,Pettah
2021-12-03,Raw White,107.8,107.8,Pettah
2021-12-06,Raw White,125.6,125.6,Pettah
2021-12-06,Raw White,109.0,109.0,Pettah
2021-12-07,Raw White,126.6,126.6,Pettah
2021-12-07,Raw White,108.6,108.6,Pettah
2021-12-08,Raw White,126.0,126.0,Pettah
2021-12-08,Raw White,107.8,107.8,Pettah
2021-12-09,Raw White,125.0,125.0,Pettah
2021-12-09,Raw White,107.6,107.6,Pettah
2021-12-10,Raw White,125.6,125.6,Pettah
2021-12-10,Raw White,106.6,106.6,Pettah
2021-12-13,Raw White,126.6,126.6,Pettah
2021-12-13,Raw White,106.0,106.0,Pettah
2021-12-14,Raw White,126.2,126.2,Pettah
2021-12-14,Raw White,106.6,106.6,Pettah
2021-12-15,Raw White,125.6,125.6,Pettah
2021-12-15,Raw White,106.0,106.0,Pettah
2021-12-16,Raw White,127.6,127.6,Pettah
2021-12-16,Raw White,110.0,110.0,Pettah
2021-12-17,Raw White,126.2,126.2,Pettah
2021-12-17,Raw White,108.0,108.0,Pettah
2021-12-20,Raw White,125.2,125.2,Pettah
2021-12-20,Raw White,107.6,107.6,Pettah
2021-12-21,Raw White,127.0,127.0,Pettah
2021-12-21,Raw White,210.0,210.0,Pettah
2021-12-22,Raw White,127.6,127.6,Pettah
2021-12-22,Raw White,110.0,110.0,Pettah
2021-12-23,Raw White,128.6,128.6,Pettah
2021-12-23,Raw White,335.0,335.0,Pettah
2021-12-24,Raw White,127.6,127.6,Pettah
2021-12-24,Raw White,106.67,106.67,Pettah
2021-12-27,Raw White,132.0,132.0,Pettah
2021-12-27,Raw White,740.0,740.0,Pettah
2021-12-28,Raw White,131.6,131.6,Pettah
2021-12-28,Raw White,697.5,697.5,Pettah
2021-12-29,Raw White,132.0,132.0,Pettah
2021-12-29,Raw White,695.0,695.0,Pettah
2021-12-30,Raw White,133.0,133.0,Pettah
2021-12-30,Raw White,700.0,700.0,Pettah
2021-12-31,Raw White,138.0,138.0,Pettah
2021-12-31,Raw White,701.25,701.25,Pettah
2022-01-03,Raw White,142.4,142.4,Pettah
2022-01-03,Raw White,705.0,705.0,Pettah
2022-01-05,Raw White,147.6,147.6,Pettah
2022-01-05,Raw White,766.25,766.25,Pettah
2022-01-06,Raw White,153.0,153.0,Pettah
2022-01-06,Raw White,773.0,773.0,Pettah
2022-01-07,Raw White,153.0,153.0,Pettah
2022-01-07,Raw White,738.0,738.0,Pettah
2022-01-10,Raw White,153.0,153.0,Pettah
2022-01-10,Raw White,736.0,736.0,Pettah
2022-01-11,Raw White,153.0,153.0,Pettah
2022-01-11,Raw White,736.0,736.0,Pettah
2022-01-12,Raw White,155.0,155.0,Pettah
2022-01-12,Raw White,736.0,736.0,Pettah
2022-01-13,Raw White,156.0,156.0,Pettah
2022-01-13,Raw White,748.0,748.0,Pettah
2022-01-18,Raw White,158.0,158.0,Pettah
2022-01-18,Raw White,756.0,756.0,Pettah
2022-01-19,Raw White,159.0,159.0,Pettah
2022-01-19,Raw White,752.0,752.0,Pettah
2022-01-20,Raw White,159.0,159.0,Pettah
2022-01-20,Raw White,756.0,756.0,Pettah
2022-01-21,Raw White,159.0,159.0,Pettah
2022-01-21,Raw White,754.0,754.0,Pettah
2022-01-24,Raw White,154.0,154.0,Pettah
2022-01-24,Raw White,781.0,781.0,Pettah
2022-01-25,Raw White,151.0,151.0,Pettah
2022-01-25,Raw White,790.0,790.0,Pettah
2022-01-26,Raw White,150.0,150.0,Pettah
2022-01-26,Raw White,808.0,808.0,Pettah
2022-01-27,Raw White,147.0,147.0,Pettah
2022-01-27,Raw White,860.0,860.0,Pettah
2022-01-28,Raw White,146.0,146.0,Pettah
2022-01-28,Raw White,868.0,868.0,Pettah
2022-01-31,Raw White,150.0,150.0,Pettah
2022-01-31,Raw White,863.0,863.0,Pettah
2022-02-01,Raw White,150.0,150.0,Pettah
2022-02-01,Raw White,872.0,872.0,Pettah
2022-02-02,Raw White,150.0,150.0,Pettah
2022-02-02,Raw White,872.0,872.0,Pettah
2022-02-03,Raw White,149.0,149.0,Pettah
2022-02-03,Raw White,876.0,876.0,Pettah
2022-02-08,Raw White,145.0,145.0,Pettah
2022-02-08,Raw White,920.0,920.0,Pettah
2022-02-09,Raw White,151.0,151.0,Pettah
2022-02-09,Raw White,930.0,930.0,Pettah
2022-02-10,Raw White,150.0,150.0,Pettah
2022-02-10,Raw White,940.0,940.0,Pettah
2022-02-11,Raw White,152.0,152.0,Pettah
2022-02-11,Raw White,946.0,946.0,Pettah
2022-02-14,Raw White,150.0,150.0,Pettah
2022-02-14,Raw White,958.0,958.0,Pettah
2022-02-15,Raw White,151.0,151.0,Pettah
2022-02-15,Raw White,956.0,956.0,Pettah
2022-02-17,Raw White,150.0,150.0,Pettah
2022-02-17,Raw White,964.0,964.0,Pettah
2022-02-18,Raw White,146.0,146.0,Pettah
2022-02-18,Raw White,412.0,412.0,Pettah
2022-02-21,Raw White,151.0,151.0,Pettah
2022-02-21,Raw White,911.0,911.0,Pettah
2022-02-22,Raw White,148.6,148.6,Pettah
2022-02-22,Raw White,888.0,888.0,Pettah
2022-02-23,Raw White,150.6,150.6,Pettah
2022-02-23,Raw White,880.0,880.0,Pettah
2022-02-24,Raw White,149.6,149.6,Pettah
2022-02-24,Raw White,888.0,888.0,Pettah
2022-02-25,Raw White,151.0,151.0,Pettah
2022-02-25,Raw White,880.0,880.0,Pettah
2022-02-28,Raw White,150.0,150.0,Pettah
2022-02-28,Raw White,862.0,862.0,Pettah
2022-03-02,Raw White,148.6,148.6,Pettah
2022-03-02,Raw White,856.0,856.0,Pettah
2022-03-03,Raw White,150.4,150.4,Pettah
2022-03-03,Raw White,852.0,852.0,Pettah
2022-03-04,Raw White,149.6,149.6,Pettah
2022-03-04,Raw White,850.0,850.0,Pettah
2022-03-07,Raw White,149.0,149.0,Pettah
2022-03-07,Raw White,848.0,848.0,Pettah
2022-03-08,Raw White,149.6,149.6,Pettah
2022-03-08,Raw White,850.0,850.0,Pettah
2022-03-09,Raw White,152.0,152.0,Pettah
2022-03-09,Raw White,854.0,854.0,Pettah
2022-03-10,Raw White,152.6,152.6,Pettah
2022-03-10,Raw White,912.0,912.0,Pettah
2022-03-11,Raw White,154.0,154.0,Pettah
2022-03-11,Raw White,920.0,920.0,Pettah
2022-03-14,Raw White,161.0,161.0,Pettah
2022-03-14,Raw White,1020.0,20.4,Pettah
2022-03-15,Raw White,158.75,158.75,Pettah
2022-03-15,Raw White,1070.0,21.4,Pettah
2022-03-16,Raw White,158.75,158.75,Pettah
2022-03-16,Raw White,1070.0,21.4,Pettah
2022-03-18,Raw White,167.0,167.0,Pettah
2022-03-18,Raw White,1120.0,22.4,Pettah
2022-03-21,Raw White,176.0,176.0,Pettah
2022-03-21,Raw White,1080.0,21.6,Pettah
2022-03-22,Raw White,179.0,179.0,Pettah
2022-03-22,Raw White,1098.0,21.96,Pettah
2022-03-23,Raw White,184.0,184.0,Pettah
2022-03-23,Raw White,1142.5,22.85,Pettah
2022-03-24,Raw White,180.0,180.0,Pettah
2022-03-24,Raw White,1100.0,22.0,Pettah
2022-03-25,Raw White,189.0,189.0,Pettah
2022-03-25,Raw White,135.0,135.0,Pettah
2022-03-28,Raw White,193.0,193.0,Pettah
2022-03-28,Raw White,1080.0,21.6,Pettah
2022-03-29,Raw White,191.0,191.0,Pettah
2022-03-29,Raw White,1210.0,24.2,Pettah
2022-03-30,Raw White,192.0,192.0,Pettah
2022-03-30,Raw White,1440.0,28.8,Pettah
2022-03-31,Raw White,193.0,193.0,Pettah
2022-03-31,Raw White,1487.5,29.75,Pettah
2022-04-01,Raw White,196.0,196.0,Pettah
2022-04-01,Raw White,1475.0,29.5,Pettah
2022-04-04,Raw White,199.0,199.0,Pettah
2022-04-04,Raw White,1532.0,30.64,Pettah
2022-04-05,Raw White,200.6,200.6,Pettah
2022-04-05,Raw White,1422.0,28.44,Pettah
2022-04-06,Raw White,202.0,202.0,Pettah
2022-04-06,Raw White,1390.0,27.8,Pettah
2022-04-07,Raw White,202.0,202.0,Pettah
2022-04-07,Raw White,1410.0,28.2,Pettah
2022-04-08,Raw White,202.0,202.0,Pettah
2022-04-08,Raw White,1284.0,25.68,Pettah
2022-04-12,Raw White,201.0,201.0,Pettah
2022-04-12,Raw White,1410.0,28.2,Pettah
2022-04-18,Raw White,28.0,28.0,Pettah
2022-04-18,Raw White,,,Pettah
2022-04-19,Raw White,202.6,202.6,Pettah
2022-04-19,Raw White,1310.0,26.2,Pettah
2022-04-20,Raw White,202.6,202.6,Pettah
2022-04-20,Raw White,1312.5,26.25,Pettah
2022-04-21,Raw White,201.6,201.6,Pettah
2022-04-21,Raw White,1308.0,26.16,Pettah
2022-04-22,Raw White,202.0,202.0,Pettah
2022-04-22,Raw White,1308.0,26.16,Pettah
2022-04-25,Raw White,203.0,203.0,Pettah
2022-04-25,Raw White,1287.5,25.75,Pettah
2022-04-26,Raw White,203.6,203.6,Pettah
2022-04-26,Raw White,1300.0,26.0,Pettah
2022-04-27,Raw White,205.0,205.0,Pettah
2022-04-27,Raw White,1275.0,25.5,Pettah
2022-04-29,Raw White,206.0,206.0,Pettah
2022-04-29,Raw White,1275.0,25.5,Pettah
2022-05-04,Raw White,202.0,202.0,Pettah
2022-05-04,Raw White,1300.0,26.0,Pettah
2022-05-05,Raw White,205.0,205.0,Pettah
2022-05-05,Raw White,1302.5,26.05,Pettah
2022-05-09,Raw White,213.0,213.0,Pettah
2022-05-09,Raw White,1420.0,28.4,Pettah
2022-05-12,Raw White,213.0,213.0,Pettah
2022-05-12,Raw White,,,Pettah
2022-05-13,Raw White,,,Pettah
2022-05-13,Raw White,,,Pettah
2022-05-17,Raw White,214.0,214.0,Pettah
2022-05-17,Raw White,1500.0,30.0,Pettah
2022-05-18,Raw White,212.0,212.0,Pettah
2022-05-18,Raw White,1525.0,30.5,Pettah
2022-05-19,Raw White,209.0,209.0,Pettah
2022-05-19,Raw White,1485.0,29.7,Pettah
2022-05-20,Raw White,209.0,209.0,Pettah
2022-05-20,Raw White,1497.5,29.95,Pettah
2022-05-23,Raw White,206.0,206.0,Pettah
2022-05-23,Raw White,1487.5,29.75,Pettah
2022-05-24,Raw White,207.0,207.0,Pettah
2022-05-24,Raw White,1490.0,29.8,Pettah
2022-05-25,Raw White,206.0,206.0,Pettah
2022-05-25,Raw White,1515.0,30.3,Pettah
2022-05-26,Raw White,206.0,206.0,Pettah
2022-05-26,Raw White,1530.0,30.6,Pettah
2022-05-27,Raw White,206.0,206.0,Pettah
2022-05-27,Raw White,1610.0,32.2,Pettah
2022-05-30,Raw White,207.0,207.0,Pettah
2022-05-30,Raw White,1692.0,33.84,Pettah
2022-05-31,Raw White,210.0,210.0,Pettah
2022-05-31,Raw White,1740.0,34.8,Pettah
2022-06-01,Raw White,206.0,206.0,Pettah
2022-06-01,Raw White,1720.0,34.4,Pettah
2022-06-02,Raw White,210.0,210.0,Pettah
2022-06-02,Raw White,1740.0,34.8,Pettah
2022-06-03,Raw White,211.0,211.0,Pettah
2022-06-03,Raw White,1800.0,36.0,Pettah
2022-06-06,Raw White,215.0,215.0,Pettah
2022-06-06,Raw White,1830.0,36.6,Pettah
2022-06-07,Raw White,222.0,222.0,Pettah
2022-06-07,Raw White,1740.0,34.8,Pettah
2022-06-08,Raw White,224.0,224.0,Pettah
2022-06-08,Raw White,1770.0,35.4,Pettah
2022-06-09,Raw White,240.0,240.0,Pettah
2022-06-09,Raw White,1770.0,35.4,Pettah
2022-06-10,Raw White,251.25,251.25,Pettah
2022-06-10,Raw White,1770.0,35.4,Pettah
2022-06-13,Raw White,295.0,295.0,Pettah
2022-06-13,Raw White,596.0,596.0,Pettah
2022-06-15,Raw White,231.0,231.0,Pettah
2022-06-15,Raw White,188.0,188.0,Pettah
2022-06-16,Raw White,315.0,315.0,Pettah
2022-06-16,Raw White,596.0,596.0,Pettah
2022-06-17,Raw White,203.0,203.0,Pettah
2022-06-17,Raw White,315.0,315.0,Pettah
2022-06-20,Raw White,315.0,315.0,Pettah
2022-06-20,Raw White,583.0,583.0,Pettah
2022-06-21,Raw White,335.0,335.0,Pettah
2022-06-21,Raw White,585.0,585.0,Pettah
2022-06-22,Raw White,325.0,325.0,Pettah
2022-06-22,Raw White,583.0,583.0,Pettah
2022-06-23,Raw White,315.0,315.0,Pettah
2022-06-23,Raw White,583.0,583.0,Pettah
2022-06-24,Raw White,,,Pettah
2022-06-24,Raw White,,,Pettah
2022-06-27,Raw White,160.0,160.0,Pettah
2022-06-27,Raw White,596.25,596.25,Pettah
2022-06-28,Raw White,157.5,157.5,Pettah
2022-06-28,Raw White,625.0,625.0,Pettah
2022-06-29,Raw White,158.0,158.0,Pettah
2022-06-29,Raw White,620.0,620.0,Pettah
2022-06-30,Raw White,172.5,172.5,Pettah
2022-06-30,Raw White,625.0,625.0,Pettah
2022-07-01,Raw White,167.5,167.5,Pettah
2022-07-01,Raw White,690.0,690.0,Pettah
2022-07-04,Raw White,157.5,157.5,Pettah
2022-07-04,Raw White,730.0,730.0,Pettah
2022-07-05,Raw White,157.5,157.5,Pettah
2022-07-05,Raw White,725.0,725.0,Pettah
2022-07-06,Raw White,155.5,155.5,Pettah
2022-07-06,Raw White,725.0,725.0,Pettah
2022-07-07,Raw White,160.0,160.0,Pettah
2022-07-07,Raw White,750.0,750.0,Pettah
2022-07-11,Raw White,270.0,270.0,Pettah
2022-07-11,Raw White,825.0,825.0,Pettah
2022-07-12,Raw White,285.0,285.0,Pettah
2022-07-12,Raw White,812.5,812.5,Pettah
2022-07-14,Raw White,280.0,280.0,Pettah
2022-07-14,Raw White,812.5,812.5,Pettah
2022-07-15,Raw White,270.0,270.0,Pettah
2022-07-15,Raw White,815.0,815.0,Pettah
2022-07-18,Raw White,,,Pettah
2022-07-18,Raw White,,,Pettah
2022-07-19,Raw White,322.0,322.0,Pettah
2022-07-19,Raw White,177.5,177.5,Pettah
2022-07-20,Raw White,316.0,316.0,Pettah
2022-07-20,Raw White,175.0,175.0,Pettah
2022-07-21,Raw White,297.5,297.5,Pettah
2022-07-21,Raw White,175.0,175.0,Pettah
2022-07-22,Raw White,260.0,260.0,Pettah
2022-07-22,Raw White,802.0,802.0,Pettah
2022-07-25,Raw White,258.0,258.0,Pettah
2022-07-25,Raw White,802.0,802.0,Pettah
2022-07-26,Raw White,260.0,260.0,Pettah
2022-07-26,Raw White,172.0,172.0,Pettah
2022-07-27,Raw White,258.0,258.0,Pettah
2022-07-27,Raw White,182.5,182.5,Pettah
2022-07-28,Raw White,162.0,162.0,Pettah
2022-07-28,Raw White,792.0,792.0,Pettah
2022-07-29,Raw White,162.0,162.0,Pettah
2022-07-29,Raw White,780.0,780.0,Pettah
2022-08-01,Raw White,158.0,158.0,Pettah
2022-08-01,Raw White,780.0,780.0,Pettah
2022-08-02,Raw White,156.0,156.0,Pettah
2022-08-02,Raw White,768.0,768.0,Pettah
2022-08-03,Raw White,143.0,143.0,Pettah
2022-08-03,Raw White,768.0,768.0,Pettah
2022-08-04,Raw White,142.6,142.6,Pettah
2022-08-04,Raw White,768.0,768.0,Pettah
2022-08-05,Raw White,137.6,137.6,Pettah
2022-08-05,Raw White,787.5,787.5,Pettah
2022-08-08,Raw White,128.0,128.0,Pettah
2022-08-08,Raw White,775.0,775.0,Pettah
2022-08-09,Raw White,136.0,136.0,Pettah
2022-08-09,Raw White,775.0,775.0,Pettah
2022-08-10,Raw White,,,Pettah
2022-08-10,Raw White,,,Pettah
2022-08-12,Raw White,140.0,140.0,Pettah
2022-08-12,Raw White,805.0,805.0,Pettah
2022-08-15,Raw White,152.5,152.5,Pettah
2022-08-15,Raw White,800.0,800.0,Pettah
2022-08-16,Raw White,214.0,214.0,Pettah
2022-08-16,Raw White,1475.0,29.5,Pettah
2022-08-17,Raw White,212.0,212.0,Pettah
2022-08-17,Raw White,1475.0,29.5,Pettah
2022-08-18,Raw White,213.0,213.0,Pettah
2022-08-18,Raw White,1475.0,29.5,Pettah
2022-08-19,Raw White,212.6,212.6,Pettah
2022-08-19,Raw White,1470.0,29.4,Pettah
2022-08-22,Raw White,207.0,207.0,Pettah
2022-08-22,Raw White,1458.75,29.175,Pettah
2022-08-23,Raw White,207.0,207.0,Pettah
2022-08-23,Raw White,1475.0,29.5,Pettah
2022-08-24,Raw White,207.0,207.0,Pettah
2022-08-24,Raw White,1475.0,29.5,Pettah
2022-08-25,Raw White,208.0,208.0,Pettah
2022-08-25,Raw White,1462.5,29.25,Pettah
2022-08-26,Raw White,207.0,207.0,Pettah
2022-08-26,Raw White,1537.5,30.75,Pettah
2022-08-29,Raw White,207.0,207.0,Pettah
2022-08-29,Raw White,1543.75,30.875,Pettah
2022-08-30,Raw White,206.0,206.0,Pettah
2022-08-30,Raw White,1580.0,31.6,Pettah
2022-08-31,Raw White,203.6,203.6,Pettah
2022-08-31,Raw White,1575.0,31.5,Pettah
2022-09-01,Raw White,204.4,204.4,Pettah
2022-09-01,Raw White,1580.0,31.6,Pettah
2022-09-02,Raw White,205.0,205.0,Pettah
2022-09-02,Raw White,1600.0,32.0,Pettah
2022-09-05,Raw White,204.0,204.0,Pettah
2022-09-05,Raw White,1575.0,31.5,Pettah
2022-09-06,Raw White,205.0,205.0,Pettah
2022-09-06,Raw White,1550.0,31.0,Pettah
2022-09-07,Raw White,205.0,205.0,Pettah
2022-09-07,Raw White,1562.5,31.25,Pettah
2022-09-08,Raw White,205.0,205.0,Pettah
2022-09-08,Raw White,1540.0,30.8,Pettah
2022-09-09,Raw White,207.0,207.0,Pettah
2022-09-09,Raw White,1555.0,31.1,Pettah
2022-09-12,Raw White,209.0,209.0,Pettah
2022-09-12,Raw White,1565.0,31.3,Pettah
2022-09-13,Raw White,206.0,206.0,Pettah
2022-09-13,Raw White,1565.0,31.3,Pettah
2022-09-14,Raw White,208.0,208.0,Pettah
2022-09-14,Raw White,1575.0,31.5,Pettah
2022-09-15,Raw White,207.0,207.0,Pettah
2022-09-15,Raw White,1565.0,31.3,Pettah
2022-09-16,Raw White,207.0,207.0,Pettah
2022-09-16,Raw White,1560.0,31.2,Pettah
2022-09-19,Raw White,206.4,206.4,Pettah
2022-09-19,Raw White,1550.0,31.0,Pettah
2022-09-20,Raw White,205.4,205.4,Pettah
2022-09-20,Raw White,1550.0,31.0,Pettah
2022-09-21,Raw White,205.0,205.0,Pettah
2022-09-21,Raw White,1550.0,31.0,Pettah
2022-09-22,Raw White,205.0,205.0,Pettah
2022-09-22,Raw White,1525.0,30.5,Pettah
2022-09-23,Raw White,205.0,205.0,Pettah
2022-09-23,Raw White,1500.0,30.0,Pettah
2022-09-26,Raw White,205.0,205.0,Pettah
2022-09-26,Raw White,1515.0,30.3,Pettah
2022-09-27,Raw White,205.0,205.0,Pettah
2022-09-27,Raw White,1515.0,30.3,Pettah
2022-09-28,Raw White,205.0,205.0,Pettah
2022-09-28,Raw White,1520.0,30.4,Pettah
2022-09-29,Raw White,204.0,204.0,Pettah
2022-09-29,Raw White,1475.0,29.5,Pettah
2022-09-30,Raw White,204.6,204.6,Pettah
2022-09-30,Raw White,1485.0,29.7,Pettah
2022-10-03,Raw White,204.0,204.0,Pettah
2022-10-03,Raw White,1495.0,29.9,Pettah
2022-10-04,Raw White,204.0,204.0,Pettah
2022-10-04,Raw White,1475.0,29.5,Pettah
2022-10-05,Raw White,204.6,204.6,Pettah
2022-10-05,Raw White,1465.0,29.3,Pettah
2022-10-06,Raw White,205.6,205.6,Pettah
2022-10-06,Raw White,1475.0,29.5,Pettah
2022-10-07,Raw White,204.0,204.0,Pettah
2022-10-07,Raw White,1470.0,29.4,Pettah
2022-10-10,Raw White,203.6,203.6,Pettah
2022-10-10,Raw White,1475.0,29.5,Pettah
2022-10-11,Raw White,203.6,203.6,Pettah
2022-10-11,Raw White,1465.0,29.3,Pettah
2022-10-12,Raw White,203.2,203.2,Pettah
2022-10-12,Raw White,1447.5,28.95,Pettah
2022-10-13,Raw White,204.2,204.2,Pettah
2022-10-13,Raw White,1452.5,29.05,Pettah
2022-10-14,Raw White,204.0,204.0,Pettah
2022-10-14,Raw White,1462.5,29.25,Pettah
2022-10-17,Raw White,204.6,204.6,Pettah
2022-10-17,Raw White,1450.0,29.0,Pettah
2022-10-18,Raw White,204.6,204.6,Pettah
2022-10-18,Raw White,1435.0,28.7,Pettah
2022-10-19,Raw White,204.6,204.6,Pettah
2022-10-19,Raw White,1440.0,28.8,Pettah
2022-10-20,Raw White,203.8,203.8,Pettah
2022-10-20,Raw White,1430.0,28.6,Pettah
2022-10-21,Raw White,203.2,203.2,Pettah
2022-10-21,Raw White,1435.0,28.7,Pettah
2022-10-25,Raw White,202.0,202.0,Pettah
2022-10-25,Raw White,1408.0,28.16,Pettah
2022-10-26,Raw White,200.4,200.4,Pettah
2022-10-26,Raw White,1374.0,27.48,Pettah
2022-10-27,Raw White,201.0,201.0,Pettah
2022-10-27,Raw White,1392.0,27.84,Pettah
2022-10-28,Raw White,199.6,199.6,Pettah
2022-10-28,Raw White,1430.0,28.6,Pettah
2022-10-31,Raw White,202.0,202.0,Pettah
2022-10-31,Raw White,1438.0,28.76,Pettah
2022-11-01,Raw White,199.0,199.0,Pettah
2022-11-01,Raw White,1530.0,30.6,Pettah
2022-11-02,Raw White,199.0,199.0,Pettah
2022-11-02,Raw White,1558.0,31.16,Pettah
2022-11-03,Raw White,198.6,198.6,Pettah
2022-11-03,Raw White,1553.0,31.06,Pettah
2022-11-04,Raw White,197.6,197.6,Pettah
2022-11-04,Raw White,1567.0,31.34,Pettah
2022-11-08,Raw White,197.0,197.0,Pettah
2022-11-08,Raw White,1552.0,31.04,Pettah
2022-11-09,Raw White,197.6,197.6,Pettah
2022-11-09,Raw White,1528.0,30.56,Pettah
2022-11-10,Raw White,197.0,197.0,Pettah
2022-11-10,Raw White,1532.0,30.64,Pettah
2022-11-11,Raw White,196.6,196.6,Pettah
2022-11-11,Raw White,1620.0,32.4,Pettah
2022-11-14,Raw White,196.6,196.6,Pettah
2022-11-14,Raw White,1612.0,32.24,Pettah
2022-11-15,Raw White,195.6,195.6,Pettah
2022-11-15,Raw White,1574.0,31.48,Pettah
2022-11-16,Raw White,195.4,195.4,Pettah
2022-11-16,Raw White,1560.0,31.2,Pettah
2022-11-17,Raw White,195.6,195.6,Pettah
2022-11-17,Raw White,1570.0,31.4,Pettah
2022-11-18,Raw White,195.4,195.4,Pettah
2022-11-18,Raw White,1564.0,31.28,Pettah
2022-11-21,Raw White,190.0,190.0,Pettah
2022-11-21,Raw White,1572.0,31.44,Pettah
2022-11-22,Raw White,192.4,192.4,Pettah
2022-11-22,Raw White,1562.0,31.24,Pettah
2022-11-23,Raw White,192.0,192.0,Pettah
2022-11-23,Raw White,1569.0,31.38,Pettah
2022-11-24,Raw White,194.6,194.6,Pettah
2022-11-24,Raw White,1552.0,31.04,Pettah
2022-11-25,Raw White,190.0,190.0,Pettah
2022-11-25,Raw White,1568.0,31.36,Pettah
2022-11-28,Raw White,190.4,190.4,Pettah
2022-11-28,Raw White,1560.0,31.2,Pettah
2022-11-29,Raw White,192.0,192.0,Pettah
2022-11-29,Raw White,1508.0,30.16,Pettah
2022-11-30,Raw White,188.0,188.0,Pettah
2022-11-30,Raw White,1508.0,30.16,Pettah
2022-12-01,Raw White,188.0,188.0,Pettah
2022-12-01,Raw White,1512.0,30.24,Pettah
2022-12-02,Raw White,190.0,190.0,Pettah
2022-12-02,Raw White,1488.0,29.76,Pettah
2022-12-05,Raw White,189.4,189.4,Pettah
2022-12-05,Raw White,1496.0,29.92,Pettah
2022-12-06,Raw White,186.0,186.0,Pettah
2022-12-06,Raw White,1465.0,29.3,Pettah
2022-12-08,Raw White,184.4,184.4,Pettah
2022-12-08,Raw White,1468.0,29.36,Pettah
2022-12-09,Raw White,188.0,188.0,Pettah
2022-12-09,Raw White,1510.0,30.2,Pettah
2022-12-12,Raw White,188.0,188.0,Pettah
2022-12-12,Raw White,,,Pettah
2022-12-13,Raw White,187.0,187.0,Pettah
2022-12-13,Raw White,1478.0,29.56,Pettah
2022-12-14,Raw White,188.6,188.6,Pettah
2022-12-14,Raw White,1444.0,28.88,Pettah
2022-12-15,Raw White,188.0,188.0,Pettah
2022-12-15,Raw White,1444.0,28.88,Pettah
2022-12-16,Raw White,186.0,186.0,Pettah
2022-12-16,Raw White,1442.0,28.84,Pettah
2022-12-19,Raw White,186.0,186.0,Pettah
2022-12-19,Raw White,,,Pettah
2022-12-20,Raw White,,,Pettah
2022-12-20,Raw White,,,Pettah
2022-12-21,Raw White,194.0,194.0,Pettah
2022-12-21,Raw White,1450.0,29.0,Pettah
2022-12-22,Raw White,194.6,194.6,Pettah
2022-12-22,Raw White,1425.0,28.5,Pettah
2022-12-23,Raw White,194.6,194.6,Pettah
2022-12-23,Raw White,1410.0,28.2,Pettah
2022-12-26,Raw White,195.6,195.6,Pettah
2022-12-26,Raw White,1442.0,28.84,Pettah
2022-12-27,Raw White,196.0,196.0,Pettah
2022-12-27,Raw White,1410.0,28.2,Pettah
2022-12-28,Raw White,195.0,195.0,Pettah
2022-12-28,Raw White,1410.0,28.2,Pettah
2022-12-29,Raw White,193.0,193.0,Pettah
2022-12-29,Raw White,1460.0,29.2,Pettah
2022-12-30,Raw White,195.0,195.0,Pettah
2022-12-30,Raw White,1418.0,28.36,Pettah
2023-01-02,Raw White,192.6,192.6,Pettah
2023-01-02,Raw White,1410.0,28.2,Pettah
2023-01-03,Raw White,194.0,194.0,Pettah
2023-01-03,Raw White,1386.0,27.72,Pettah
2023-01-04,Raw White,194.0,194.0,Pettah
2023-01-04,Raw White,1392.0,27.84,Pettah
2023-01-05,Raw White,193.0,193.0,Pettah
2023-01-05,Raw White,1360.0,27.2,Pettah
2023-01-09,Raw White,192.0,192.0,Pettah
2023-01-09,Raw White,1352.0,27.04,Pettah
2023-01-10,Raw White,192.0,192.0,Pettah
2023-01-10,Raw White,1360.0,27.2,Pettah
2023-01-11,Raw White,191.0,191.0,Pettah
2023-01-11,Raw White,1348.0,26.96,Pettah
2023-01-12,Raw White,194.0,194.0,Pettah
2023-01-12,Raw White,1360.0,27.2,Pettah
2023-01-16,Raw White,189.0,189.0,Pettah
2023-01-16,Raw White,1300.0,26.0,Pettah
2023-01-17,Raw White,188.0,188.0,Pettah
2023-01-17,Raw White,1320.0,26.4,Pettah
2023-01-18,Raw White,188.6,188.6,Pettah
2023-01-18,Raw White,1332.0,26.64,Pettah
2023-01-19,Raw White,188.0,188.0,Pettah
2023-01-19,Raw White,1338.0,26.76,Pettah
2023-01-20,Raw White,186.0,186.0,Pettah
2023-01-20,Raw White,1308.0,26.16,Pettah
2023-01-23,Raw White,185.0,185.0,Pettah
2023-01-23,Raw White,1294.0,25.88,Pettah
2023-01-24,Raw White,184.0,184.0,Pettah
2023-01-24,Raw White,1326.0,26.52,Pettah
2023-01-25,Raw White,183.0,183.0,Pettah
2023-01-25,Raw White,1308.0,26.16,Pettah
2023-01-26,Raw White,185.0,185.0,Pettah
2023-01-26,Raw White,1328.0,26.56,Pettah
2023-01-27,Raw White,185.0,185.0,Pettah
2023-01-27,Raw White,1342.0,26.84,Pettah
2023-01-30,Raw White,178.0,178.0,Pettah
2023-01-30,Raw White,1290.0,25.8,Pettah
2023-01-31,Raw White,177.0,177.0,Pettah
2023-01-31,Raw White,1250.0,25.0,Pettah
2023-02-01,Raw White,176.0,176.0,Pettah
2023-02-01,Raw White,1260.0,25.2,Pettah
2023-02-02,Raw White,176.0,176.0,Pettah
2023-02-02,Raw White,1255.0,25.1,Pettah
2023-02-03,Raw White,173.0,173.0,Pettah
2023-02-03,Raw White,1230.0,24.6,Pettah
2023-02-06,Raw White,175.0,175.0,Pettah
2023-02-06,Raw White,1192.0,23.84,Pettah
2023-02-07,Raw White,172.0,172.0,Pettah
2023-02-07,Raw White,1220.0,24.4,Pettah
2023-02-08,Raw White,171.0,171.0,Pettah
2023-02-08,Raw White,1192.0,23.84,Pettah
2023-02-09,Raw White,172.0,172.0,Pettah
2023-02-09,Raw White,1235.0,24.7,Pettah
2023-02-10,Raw White,172.4,172.4,Pettah
2023-02-10,Raw White,1220.0,24.4,Pettah
2023-02-13,Raw White,170.6,170.6,Pettah
2023-02-13,Raw White,1228.0,24.56,Pettah
2023-02-14,Raw White,175.0,175.0,Pettah
2023-02-14,Raw White,1220.0,24.4,Pettah
2023-02-15,Raw White,173.0,173.0,Pettah
2023-02-15,Raw White,1220.0,24.4,Pettah
2023-02-16,Raw White,170.0,170.0,Pettah
2023-02-16,Raw White,1220.0,24.4,Pettah
2023-02-17,Raw White,169.0,169.0,Pettah
2023-02-17,Raw White,1214.0,24.28,Pettah
2023-02-20,Raw White,174.0,174.0,Pettah
2023-02-20,Raw White,1208.0,24.16,Pettah
2023-02-21,Raw White,174.0,174.0,Pettah
2023-02-21,Raw White,1190.0,23.8,Pettah
2023-02-22,Raw White,176.0,176.0,Pettah
2023-02-22,Raw White,1208.0,24.16,Pettah
2023-02-23,Raw White,175.0,175.0,Pettah
2023-02-23,Raw White,1205.0,24.1,Pettah
2023-02-24,Raw White,174.0,174.0,Pettah
2023-02-24,Raw White,1079.0,21.58,Pettah
2023-02-27,Raw White,176.0,176.0,Pettah
2023-02-27,Raw White,1070.0,21.4,Pettah
2023-02-28,Raw White,179.0,179.0,Pettah
2023-02-28,Raw White,1070.0,21.4,Pettah
2023-03-01,Raw White,176.0,176.0,Pettah
2023-03-01,Raw White,1082.0,21.64,Pettah
2023-03-02,Raw White,180.0,180.0,Pettah
2023-03-02,Raw White,1064.0,21.28,Pettah
2023-03-03,Raw White,178.4,178.4,Pettah
2023-03-03,Raw White,1070.0,21.4,Pettah
2023-03-07,Raw White,179.0,179.0,Pettah
2023-03-07,Raw White,1090.0,21.8,Pettah
2023-03-08,Raw White,179.0,179.0,Pettah
2023-03-08,Raw White,1078.0,21.56,Pettah
2023-03-09,Raw White,179.0,179.0,Pettah
2023-03-09,Raw White,1010.0,20.2,Pettah
2023-03-10,Raw White,176.0,176.0,Pettah
2023-03-10,Raw White,1008.0,20.16,Pettah
2023-03-13,Raw White,174.0,174.0,Pettah
2023-03-13,Raw White,1052.0,21.04,Pettah
2023-03-14,Raw White,174.0,174.0,Pettah
2023-03-14,Raw White,1040.0,20.8,Pettah
2023-03-15,Raw White,174.4,174.4,Pettah
2023-03-15,Raw White,1014.0,20.28,Pettah
2023-03-16,Raw White,174.4,174.4,Pettah
2023-03-16,Raw White,1026.0,20.52,Pettah
2023-03-17,Raw White,177.0,177.0,Pettah
2023-03-17,Raw White,1030.0,20.6,Pettah
2023-03-20,Raw White,175.0,175.0,Pettah
2023-03-20,Raw White,1190.0,23.8,Pettah
2023-03-21,Raw White,173.0,173.0,Pettah
2023-03-21,Raw White,1175.0,23.5,Pettah
2023-03-22,Raw White,173.6,173.6,Pettah
2023-03-22,Raw White,1145.0,22.9,Pettah
2023-03-23,Raw White,173.0,173.0,Pettah
2023-03-23,Raw White,1052.0,21.04,Pettah
2023-03-24,Raw White,175.0,175.0,Pettah
2023-03-24,Raw White,1028.0,20.56,Pettah
2023-03-27,Raw White,174.6,174.6,Pettah
2023-03-27,Raw White,1040.0,20.8,Pettah
2023-03-28,Raw White,175.6,175.6,Pettah
2023-03-28,Raw White,1046.0,20.92,Pettah
2023-03-29,Raw White,174.8,174.8,Pettah
2023-03-29,Raw White,1008.0,20.16,Pettah
2023-03-30,Raw White,176.4,176.4,Pettah
2023-03-30,Raw White,1028.0,20.56,Pettah
2023-03-31,Raw White,175.6,175.6,Pettah
2023-03-31,Raw White,1032.0,20.64,Pettah
2023-04-03,Raw White,172.0,172.0,Pettah
2023-04-03,Raw White,1080.0,21.6,Pettah
2023-04-04,Raw White,172.0,172.0,Pettah
2023-04-04,Raw White,1028.0,20.56,Pettah
2023-04-06,Raw White,174.0,174.0,Pettah
2023-04-06,Raw White,1024.0,20.48,Pettah
2023-04-10,Raw White,173.0,173.0,Pettah
2023-04-10,Raw White,1040.0,20.8,Pettah
2023-04-11,Raw White,167.6,167.6,Pettah
2023-04-11,Raw White,1056.0,21.12,Pettah
2023-04-17,Raw White,168.6,168.6,Pettah
2023-04-17,Raw White,1091.0,21.82,Pettah
2023-04-18,Raw White,170.0,170.0,Pettah
2023-04-18,Raw White,1092.0,21.84,Pettah
2023-04-19,Raw White,171.0,171.0,Pettah
2023-04-19,Raw White,258.0,258.0,Pettah
2023-04-20,Raw White,169.0,169.0,Pettah
2023-04-20,Raw White,250.0,250.0,Pettah
2023-04-21,Raw White,168.0,168.0,Pettah
2023-04-21,Raw White,252.0,252.0,Pettah
2023-04-24,Raw White,167.0,167.0,Pettah
2023-04-24,Raw White,224.0,224.0,Pettah
2023-04-25,Raw White,169.0,169.0,Pettah
2023-04-25,Raw White,266.0,266.0,Pettah
2023-04-26,Raw White,169.0,169.0,Pettah
2023-04-26,Raw White,1110.0,22.2,Pettah
2023-04-27,Raw White,170.0,170.0,Pettah
2023-04-27,Raw White,212.0,212.0,Pettah
2023-04-28,Raw White,175.0,175.0,Pettah
2023-04-28,Raw White,1054.0,21.08,Pettah
2023-05-02,Raw White,167.0,167.0,Pettah
2023-05-02,Raw White,265.0,265.0,Pettah
2023-05-03,Raw White,167.0,167.0,Pettah
2023-05-03,Raw White,408.0,408.0,Pettah
2023-05-04,Raw White,167.6,167.6,Pettah
2023-05-04,Raw White,1080.0,21.6,Pettah
2023-05-08,Raw White,167.6,167.6,Pettah
2023-05-08,Raw White,1096.0,21.92,Pettah
2023-05-09,Raw White,167.0,167.0,Pettah
2023-05-09,Raw White,332.0,332.0,Pettah
2023-05-10,Raw White,168.0,168.0,Pettah
2023-05-10,Raw White,322.0,322.0,Pettah
2023-05-11,Raw White,167.0,167.0,Pettah
2023-05-11,Raw White,326.0,326.0,Pettah
2023-05-12,Raw White,168.6,168.6,Pettah
2023-05-12,Raw White,280.0,280.0,Pettah
2023-05-15,Raw White,166.0,166.0,Pettah
2023-05-15,Raw White,288.0,288.0,Pettah
2023-05-16,Raw White,162.0,162.0,Pettah
2023-05-16,Raw White,1058.0,21.16,Pettah
2023-05-17,Raw White,164.0,164.0,Pettah
2023-05-17,Raw White,292.0,292.0,Pettah
2023-05-18,Raw White,165.0,165.0,Pettah
2023-05-18,Raw White,284.0,284.0,Pettah
2023-05-19,Raw White,166.0,166.0,Pettah
2023-05-19,Raw White,276.0,276.0,Pettah
2023-05-22,Raw White,167.5,167.5,Pettah
2023-05-22,Raw White,284.0,284.0,Pettah
2023-05-23,Raw White,163.0,163.0,Pettah
2023-05-23,Raw White,272.0,272.0,Pettah
2023-05-24,Raw White,165.0,165.0,Pettah
2023-05-24,Raw White,260.0,260.0,Pettah
2023-05-25,Raw White,167.0,167.0,Pettah
2023-05-25,Raw White,236.0,236.0,Pettah
2023-05-26,Raw White,166.4,166.4,Pettah
2023-05-26,Raw White,252.0,252.0,Pettah
2023-05-29,Raw White,165.6,165.6,Pettah
2023-05-29,Raw White,248.0,248.0,Pettah
2023-05-30,Raw White,164.6,164.6,Pettah
2023-05-30,Raw White,370.0,370.0,Pettah
2023-05-31,Raw White,165.6,165.6,Pettah
2023-05-31,Raw White,330.0,330.0,Pettah
2023-06-01,Raw White,161.6,161.6,Pettah
2023-06-01,Raw White,1030.0,20.6,Pettah
2023-06-02,Raw White,165.0,165.0,Pettah
2023-06-02,Raw White,396.0,396.0,Pettah
2023-06-05,Raw White,163.6,163.6,Pettah
2023-06-05,Raw White,275.0,275.0,Pettah
2023-06-06,Raw White,163.0,163.0,Pettah
2023-06-06,Raw White,388.0,388.0,Pettah
2023-06-07,Raw White,162.0,162.0,Pettah
2023-06-07,Raw White,324.0,324.0,Pettah
2023-06-08,Raw White,163.0,163.0,Pettah
2023-06-08,Raw White,316.0,316.0,Pettah
2023-06-09,Raw White,163.0,163.0,Pettah
2023-06-09,Raw White,376.0,376.0,Pettah
2023-06-12,Raw White,162.6,162.6,Pettah
2023-06-12,Raw White,325.0,325.0,Pettah
2023-06-13,Raw White,161.6,161.6,Pettah
2023-06-13,Raw White,404.0,404.0,Pettah
2023-06-14,Raw White,162.6,162.6,Pettah
2023-06-14,Raw White,388.0,388.0,Pettah
2023-06-15,Raw White,160.0,160.0,Pettah
2023-06-15,Raw White,346.0,346.0,Pettah
2023-06-16,Raw White,161.0,161.0,Pettah
2023-06-16,Raw White,342.0,342.0,Pettah
2023-06-19,Raw White,157.0,157.0,Pettah
2023-06-19,Raw White,356.0,356.0,Pettah
2023-06-20,Raw White,156.0,156.0,Pettah
2023-06-20,Raw White,310.0,310.0,Pettah
2023-06-21,Raw White,157.6,157.6,Pettah
2023-06-21,Raw White,356.0,356.0,Pettah
2023-06-22,Raw White,148.0,148.0,Pettah
2023-06-22,Raw White,380.0,380.0,Pettah
2023-06-23,Raw White,157.0,157.0,Pettah
2023-06-23,Raw White,448.0,448.0,Pettah
2023-06-26,Raw White,155.0,155.0,Pettah
2023-06-26,Raw White,430.0,430.0,Pettah
2023-06-27,Raw White,156.0,156.0,Pettah
2023-06-27,Raw White,480.0,480.0,Pettah
2023-06-28,Raw White,156.6,156.6,Pettah
2023-06-28,Raw White,474.0,474.0,Pettah
2023-06-30,Raw White,158.6,158.6,Pettah
2023-06-30,Raw White,460.0,460.0,Pettah
2023-07-04,Raw White,159.0,159.0,Pettah
2023-07-04,Raw White,354.0,354.0,Pettah
2023-07-05,Raw White,161.0,161.0,Pettah
2023-07-05,Raw White,292.0,292.0,Pettah
2023-07-06,Raw White,162.0,162.0,Pettah
2023-07-06,Raw White,460.0,460.0,Pettah
2023-07-07,Raw White,161.6,161.6,Pettah
2023-07-07,Raw White,475.0,475.0,Pettah
2023-07-10,Raw White,164.0,164.0,Pettah
2023-07-10,Raw White,432.0,432.0,Pettah
2023-07-11,Raw White,167.0,167.0,Pettah
2023-07-11,Raw White,480.0,480.0,Pettah
2023-07-12,Raw White,168.0,168.0,Pettah
2023-07-12,Raw White,436.0,436.0,Pettah
2023-07-13,Raw White,164.0,164.0,Pettah
2023-07-13,Raw White,530.0,530.0,Pettah
2023-07-14,Raw White,162.4,162.4,Pettah
2023-07-14,Raw White,524.0,524.0,Pettah
2023-07-17,Raw White,163.0,163.0,Pettah
2023-07-17,Raw White,530.0,530.0,Pettah
2023-07-18,Raw White,162.0,162.0,Pettah
2023-07-18,Raw White,538.0,538.0,Pettah
2023-07-19,Raw White,165.4,165.4,Pettah
2023-07-19,Raw White,512.0,512.0,Pettah
2023-07-20,Raw White,169.0,169.0,Pettah
2023-07-20,Raw White,544.0,544.0,Pettah
2023-07-21,Raw White,166.0,166.0,Pettah
2023-07-21,Raw White,512.0,512.0,Pettah
2023-07-24,Raw White,167.2,167.2,Pettah
2023-07-24,Raw White,420.0,420.0,Pettah
2023-07-25,Raw White,167.0,167.0,Pettah
2023-07-25,Raw White,330.0,330.0,Pettah
2023-07-26,Raw White,166.0,166.0,Pettah
2023-07-26,Raw White,330.0,330.0,Pettah
2023-07-27,Raw White,168.0,168.0,Pettah
2023-07-27,Raw White,330.0,330.0,Pettah
2023-07-28,Raw White,168.0,168.0,Pettah
2023-07-28,Raw White,330.0,330.0,Pettah
2023-07-31,Raw White,167.0,167.0,Pettah
2023-07-31,Raw White,300.0,300.0,Pettah
2023-08-02,Raw White,167.0,167.0,Pettah
2023-08-02,Raw White,270.0,270.0,Pettah
2023-08-03,Raw White,167.0,167.0,Pettah
2023-08-03,Raw White,334.0,334.0,Pettah
2023-08-04,Raw White,167.0,167.0,Pettah
2023-08-04,Raw White,304.0,304.0,Pettah
2023-08-07,Raw White,167.0,167.0,Pettah
2023-08-07,Raw White,304.0,304.0,Pettah
2023-08-08,Raw White,173.0,173.0,Pettah
2023-08-08,Raw White,344.0,344.0,Pettah
2023-08-09,Raw White,173.0,173.0,Pettah
2023-08-09,Raw White,374.0,374.0,Pettah
2023-08-10,Raw White,173.0,173.0,Pettah
2023-08-10,Raw White,344.0,344.0,Pettah
2023-08-11,Raw White,169.0,169.0,Pettah
2023-08-11,Raw White,344.0,344.0,Pettah
2023-08-14,Raw White,166.0,166.0,Pettah
2023-08-14,Raw White,171.0,171.0,Pettah
2023-08-15,Raw White,171.0,171.0,Pettah
2023-08-15,Raw White,146.0,146.0,Pettah
2023-08-16,Raw White,171.0,171.0,Pettah
2023-08-16,Raw White,148.0,148.0,Pettah
2023-08-17,Raw White,169.0,169.0,Pettah
2023-08-17,Raw White,149.0,149.0,Pettah
2023-08-18,Raw White,173.0,173.0,Pettah
2023-08-18,Raw White,146.0,146.0,Pettah
2023-08-21,Raw White,180.0,180.0,Pettah
2023-08-21,Raw White,160.0,160.0,Pettah
2023-08-22,Raw White,180.0,180.0,Pettah
2023-08-22,Raw White,162.0,162.0,Pettah
2023-08-23,Raw White,182.0,182.0,Pettah
2023-08-23,Raw White,162.0,162.0,Pettah
2023-08-24,Raw White,182.0,182.0,Pettah
2023-08-24,Raw White,160.0,160.0,Pettah
2023-08-25,Raw White,187.0,187.0,Pettah
2023-08-25,Raw White,164.0,164.0,Pettah
2023-08-28,Raw White,192.0,192.0,Pettah
2023-08-28,Raw White,164.0,164.0,Pettah
2023-08-29,Raw White,198.0,198.0,Pettah
2023-08-29,Raw White,164.0,164.0,Pettah
2023-08-31,Raw White,193.0,193.0,Pettah
2023-08-31,Raw White,152.0,152.0,Pettah
2023-09-01,Raw White,196.0,196.0,Pettah
2023-09-01,Raw White,148.0,148.0,Pettah
2023-09-04,Raw White,198.0,198.0,Pettah
2023-09-04,Raw White,132.0,132.0,Pettah
2023-09-05,Raw White,201.0,201.0,Pettah
2023-09-05,Raw White,144.0,144.0,Pettah
2023-09-06,Raw White,199.0,199.0,Pettah
2023-09-06,Raw White,144.0,144.0,Pettah
2023-09-07,Raw White,201.0,201.0,Pettah
2023-09-07,Raw White,140.0,140.0,Pettah
2023-09-08,Raw White,201.0,201.0,Pettah
2023-09-08,Raw White,140.0,140.0,Pettah
2023-09-11,Raw White,200.0,200.0,Pettah
2023-09-11,Raw White,146.0,146.0,Pettah
2023-09-12,Raw White,198.0,198.0,Pettah
2023-09-12,Raw White,143.0,143.0,Pettah
2023-09-13,Raw White,197.0,197.0,Pettah
2023-09-13,Raw White,136.0,136.0,Pettah
2023-09-14,Raw White,200.0,200.0,Pettah
2023-09-14,Raw White,136.0,136.0,Pettah
2023-09-15,Raw White,198.0,198.0,Pettah
2023-09-15,Raw White,136.0,136.0,Pettah
2023-09-18,Raw White,197.0,197.0,Pettah
2023-09-18,Raw White,130.0,130.0,Pettah
2023-09-19,Raw White,198.0,198.0,Pettah
2023-09-19,Raw White,128.0,128.0,Pettah
2023-09-20,Raw White,196.0,196.0,Pettah
2023-09-20,Raw White,128.0,128.0,Pettah
2023-09-21,Raw White,198.0,198.0,Pettah
2023-09-21,Raw White,128.0,128.0,Pettah
2023-09-22,Raw White,196.0,196.0,Pettah
2023-09-22,Raw White,128.0,128.0,Pettah
2023-09-25,Raw White,196.0,196.0,Pettah
2023-09-25,Raw White,130.0,130.0,Pettah
2023-09-26,Raw White,196.0,196.0,Pettah
2023-09-26,Raw White,136.0,136.0,Pettah
2023-10-02,Raw White,195.0,195.0,Pettah
2023-10-02,Raw White,148.0,148.0,Pettah
2023-10-03,Raw White,194.0,194.0,Pettah
2023-10-03,Raw White,152.0,152.0,Pettah
2023-10-04,Raw White,193.0,193.0,Pettah
2023-10-04,Raw White,192.0,192.0,Pettah
2023-10-05,Raw White,196.0,196.0,Pettah
2023-10-05,Raw White,167.0,167.0,Pettah
2023-10-06,Raw White,193.0,193.0,Pettah
2023-10-06,Raw White,190.0,190.0,Pettah
2023-10-09,Raw White,192.0,192.0,Pettah
2023-10-09,Raw White,154.0,154.0,Pettah
2023-10-10,Raw White,194.0,194.0,Pettah
2023-10-10,Raw White,166.0,166.0,Pettah
2023-10-11,Raw White,192.0,192.0,Pettah
2023-10-11,Raw White,134.0,134.0,Pettah
2023-10-12,Raw White,194.0,194.0,Pettah
2023-10-12,Raw White,150.0,150.0,Pettah
2023-10-13,Raw White,194.0,194.0,Pettah
2023-10-13,Raw White,208.0,208.0,Pettah
2023-10-16,Raw White,192.0,192.0,Pettah
2023-10-16,Raw White,146.0,146.0,Pettah
2023-10-17,Raw White,192.0,192.0,Pettah
2023-10-17,Raw White,144.0,144.0,Pettah
2023-10-18,Raw White,194.0,194.0,Pettah
2023-10-18,Raw White,180.0,180.0,Pettah
2023-10-19,Raw White,195.0,195.0,Pettah
2023-10-19,Raw White,184.0,184.0,Pettah
2023-10-20,Raw White,195.0,195.0,Pettah
2023-10-20,Raw White,174.0,174.0,Pettah
2023-10-23,Raw White,194.0,194.0,Pettah
2023-10-23,Raw White,170.0,170.0,Pettah
2023-10-24,Raw White,196.0,196.0,Pettah
2023-10-24,Raw White,196.0,196.0,Pettah
2023-10-25,Raw White,195.0,195.0,Pettah
2023-10-25,Raw White,204.0,204.0,Pettah
2023-10-26,Raw White,197.6,197.6,Pettah
2023-10-26,Raw White,200.0,200.0,Pettah
2023-10-27,Raw White,196.0,196.0,Pettah
2023-10-27,Raw White,210.0,210.0,Pettah
2023-10-30,Raw White,196.0,196.0,Pettah
2023-10-30,Raw White,232.0,232.0,Pettah
2023-10-31,Raw White,202.0,202.0,Pettah
2023-10-31,Raw White,226.0,226.0,Pettah
2023-11-01,Raw White,203.0,203.0,Pettah
2023-11-01,Raw White,214.0,214.0,Pettah
2023-11-02,Raw White,200.0,200.0,Pettah
2023-11-02,Raw White,220.0,220.0,Pettah
2023-11-03,Raw White,200.0,200.0,Pettah
2023-11-03,Raw White,208.0,208.0,Pettah
2023-11-06,Raw White,202.0,202.0,Pettah
2023-11-06,Raw White,208.0,208.0,Pettah
2023-11-07,Raw White,203.0,203.0,Pettah
2023-11-07,Raw White,218.0,218.0,Pettah
2023-11-08,Raw White,203.0,203.0,Pettah
2023-11-08,Raw White,202.0,202.0,Pettah
2023-11-09,Raw White,204.0,204.0,Pettah
2023-11-09,Raw White,212.0,212.0,Pettah
2023-11-10,Raw White,206.0,206.0,Pettah
2023-11-10,Raw White,202.0,202.0,Pettah
2023-11-13,Raw White,204.0,204.0,Pettah
2023-11-13,Raw White,254.0,254.0,Pettah
2023-11-14,Raw White,207.0,207.0,Pettah
2023-11-14,Raw White,254.0,254.0,Pettah
2023-11-15,Raw White,202.5,202.5,Pettah
2023-11-15,Raw White,254.0,254.0,Pettah
2023-11-16,Raw White,202.5,202.5,Pettah
2023-11-16,Raw White,244.0,244.0,Pettah
2023-11-17,Raw White,205.0,205.0,Pettah
2023-11-17,Raw White,206.0,206.0,Pettah
2023-11-20,Raw White,207.4,207.4,Pettah
2023-11-20,Raw White,214.0,214.0,Pettah
2023-11-21,Raw White,205.0,205.0,Pettah
2023-11-21,Raw White,254.0,254.0,Pettah
2023-11-22,Raw White,205.0,205.0,Pettah
2023-11-22,Raw White,246.0,246.0,Pettah
2023-11-23,Raw White,207.0,207.0,Pettah
2023-11-23,Raw White,246.0,246.0,Pettah
2023-11-24,Raw White,204.0,204.0,Pettah
2023-11-24,Raw White,246.0,246.0,Pettah
2023-11-27,Raw White,202.5,202.5,Pettah
2023-11-27,Raw White,254.0,254.0,Pettah
2023-11-28,Raw White,202.5,202.5,Pettah
2023-11-28,Raw White,254.0,254.0,Pettah
2023-12-01,Raw White,203.0,203.0,Pettah
2023-12-01,Raw White,316.0,316.0,Pettah
2023-12-04,Raw White,203.0,203.0,Pettah
2023-12-04,Raw White,332.0,332.0,Pettah
2023-12-05,Raw White,203.0,203.0,Pettah
2023-12-05,Raw White,326.0,326.0,Pettah
2023-12-06,Raw White,208.0,208.0,Pettah
2023-12-06,Raw White,304.0,304.0,Pettah
2023-12-07,Raw White,203.75,203.75,Pettah
2023-12-07,Raw White,316.0,316.0,Pettah
2023-12-08,Raw White,205.0,205.0,Pettah
2023-12-08,Raw White,334.0,334.0,Pettah
2023-12-11,Raw White,202.5,202.5,Pettah
2023-12-11,Raw White,324.0,324.0,Pettah
2023-12-12,Raw White,201.0,201.0,Pettah
2023-12-12,Raw White,316.0,316.0,Pettah
2023-12-13,Raw White,202.5,202.5,Pettah
2023-12-13,Raw White,316.0,316.0,Pettah
2023-12-14,Raw White,203.0,203.0,Pettah
2023-12-14,Raw White,324.0,324.0,Pettah
2023-12-15,Raw White,202.5,202.5,Pettah
2023-12-15,Raw White,312.0,312.0,Pettah
2023-12-18,Raw White,202.5,202.5,Pettah
2023-12-18,Raw White,410.0,410.0,Pettah
2023-12-19,Raw White,202.5,202.5,Pettah
2023-12-19,Raw White,344.0,344.0,Pettah
2023-12-20,Raw White,202.5,202.5,Pettah
2023-12-20,Raw White,344.0,344.0,Pettah
2023-12-21,Raw White,202.5,202.5,Pettah
2023-12-21,Raw White,356.0,356.0,Pettah
2023-12-22,Raw White,201.0,201.0,Pettah
2023-12-22,Raw White,356.0,356.0,Pettah
2023-12-27,Raw White,202.5,202.5,Pettah
2023-12-27,Raw White,326.0,326.0,Pettah
2023-12-28,Raw White,202.5,202.5,Pettah
2023-12-28,Raw White,152.0,152.0,Pettah
2023-12-29,Raw White,202.5,202.5,Pettah
2023-12-29,Raw White,356.0,356.0,Pettah
2024-01-01,Raw White,205.0,205.0,Pettah
2024-01-01,Raw White,168.0,168.0,Pettah
2024-01-02,Raw White,202.5,202.5,Pettah
2024-01-02,Raw White,376.0,376.0,Pettah
2024-01-03,Raw White,207.5,207.5,Pettah
2024-01-03,Raw White,376.0,376.0,Pettah
2024-01-04,Raw White,204.0,204.0,Pettah
2024-01-04,Raw White,376.0,376.0,Pettah
2024-01-05,Raw White,204.0,204.0,Pettah
2024-01-05,Raw White,336.0,336.0,Pettah
2024-01-08,Raw White,204.0,204.0,Pettah
2024-01-08,Raw White,304.0,304.0,Pettah
2024-01-09,Raw White,205.0,205.0,Pettah
2024-01-09,Raw White,304.0,304.0,Pettah
2024-01-10,Raw White,204.0,204.0,Pettah
2024-01-10,Raw White,344.0,344.0,Pettah
2024-01-11,Raw White,206.0,206.0,Pettah
2024-01-11,Raw White,326.0,326.0,Pettah
2024-01-12,Raw White,206.0,206.0,Pettah
2024-01-12,Raw White,314.0,314.0,Pettah
2024-01-16,Raw White,204.0,204.0,Pettah
2024-01-16,Raw White,326.0,326.0,Pettah
2024-01-17,Raw White,206.0,206.0,Pettah
2024-01-17,Raw White,314.0,314.0,Pettah
2024-01-18,Raw White,206.0,206.0,Pettah
2024-01-18,Raw White,306.0,306.0,Pettah
2024-01-19,Raw White,206.0,206.0,Pettah
2024-01-19,Raw White,306.0,306.0,Pettah
2024-01-22,Raw White,277.5,277.5,Pettah
2024-01-22,Raw White,306.0,306.0,Pettah
2024-01-23,Raw White,276.67,276.67,Pettah
2024-01-23,Raw White,326.0,326.0,Pettah
2024-01-24,Raw White,277.5,277.5,Pettah
2024-01-24,Raw White,344.0,344.0,Pettah
2024-01-26,Raw White,277.5,277.5,Pettah
2024-01-26,Raw White,292.0,292.0,Pettah
2024-01-29,Raw White,277.5,277.5,Pettah
2024-01-29,Raw White,346.0,346.0,Pettah
2024-01-30,Raw White,277.5,277.5,Pettah
2024-01-30,Raw White,288.0,288.0,Pettah
2024-01-31,Raw White,196.25,196.25,Pettah
2024-01-31,Raw White,282.0,282.0,Pettah
2024-02-01,Raw White,195.0,195.0,Pettah
2024-02-01,Raw White,312.0,312.0,Pettah
2024-02-02,Raw White,195.0,195.0,Pettah
2024-02-02,Raw White,328.0,328.0,Pettah
2024-02-05,Raw White,195.0,195.0,Pettah
2024-02-05,Raw White,304.0,304.0,Pettah
2024-02-06,Raw White,194.0,194.0,Pettah
2024-02-06,Raw White,290.0,290.0,Pettah
2024-02-07,Raw White,194.0,194.0,Pettah
2024-02-07,Raw White,296.0,296.0,Pettah
2024-02-08,Raw White,195.0,195.0,Pettah
2024-02-08,Raw White,318.0,318.0,Pettah
2024-02-09,Raw White,196.0,196.0,Pettah
2024-02-09,Raw White,318.0,318.0,Pettah
2024-02-12,Raw White,195.0,195.0,Pettah
2024-02-12,Raw White,342.0,342.0,Pettah
2024-02-13,Raw White,192.0,192.0,Pettah
2024-02-13,Raw White,342.0,342.0,Pettah
2024-02-14,Raw White,192.5,192.5,Pettah
2024-02-14,Raw White,388.0,388.0,Pettah
2024-02-15,Raw White,193.0,193.0,Pettah
2024-02-15,Raw White,380.0,380.0,Pettah
2024-02-16,Raw White,192.0,192.0,Pettah
2024-02-16,Raw White,374.0,374.0,Pettah
2024-02-19,Raw White,192.0,192.0,Pettah
2024-02-19,Raw White,344.0,344.0,Pettah
2024-02-20,Raw White,192.0,192.0,Pettah
2024-02-20,Raw White,332.0,332.0,Pettah
2024-02-21,Raw White,192.5,192.5,Pettah
2024-02-21,Raw White,368.0,368.0,Pettah
2024-02-22,Raw White,192.0,192.0,Pettah
2024-02-22,Raw White,380.0,380.0,Pettah
2024-02-26,Raw White,192.0,192.0,Pettah
2024-02-26,Raw White,368.0,368.0,Pettah
2024-02-27,Raw White,193.0,193.0,Pettah
2024-02-27,Raw White,218.0,218.0,Pettah
2024-02-28,Raw White,193.0,193.0,Pettah
2024-02-28,Raw White,218.0,218.0,Pettah
2024-02-29,Raw White,193.0,193.0,Pettah
2024-02-29,Raw White,222.0,222.0,Pettah
2024-03-01,Raw White,192.0,192.0,Pettah
2024-03-01,Raw White,218.0,218.0,Pettah
2024-03-04,Raw White,192.0,192.0,Pettah
2024-03-04,Raw White,234.0,234.0,Pettah
2024-03-05,Raw White,192.5,192.5,Pettah
2024-03-05,Raw White,226.0,226.0,Pettah
2024-03-06,Raw White,192.5,192.5,Pettah
2024-03-06,Raw White,226.0,226.0,Pettah
2024-03-07,Raw White,192.0,192.0,Pettah
2024-03-07,Raw White,234.0,234.0,Pettah
2024-03-11,Raw White,193.0,193.0,Pettah
2024-03-11,Raw White,362.0,362.0,Pettah
2024-03-12,Raw White,193.0,193.0,Pettah
2024-03-12,Raw White,342.0,342.0,Pettah
2024-03-13,Raw White,193.0,193.0,Pettah
2024-03-13,Raw White,288.0,288.0,Pettah
2024-03-14,Raw White,193.0,193.0,Pettah
2024-03-14,Raw White,232.0,232.0,Pettah
2024-03-15,Raw White,193.0,193.0,Pettah
2024-03-15,Raw White,232.0,232.0,Pettah
2024-03-18,Raw White,193.0,193.0,Pettah
2024-03-18,Raw White,232.0,232.0,Pettah
2024-03-19,Raw White,193.0,193.0,Pettah
2024-03-19,Raw White,232.0,232.0,Pettah
2024-03-20,Raw White,193.0,193.0,Pettah
2024-03-20,Raw White,218.0,218.0,Pettah
2024-03-21,Raw White,193.0,193.0,Pettah
2024-03-21,Raw White,228.0,228.0,Pettah
2024-03-22,Raw White,193.0,193.0,Pettah
2024-03-22,Raw White,212.0,212.0,Pettah
2024-03-25,Raw White,196.0,196.0,Pettah
2024-03-25,Raw White,212.0,212.0,Pettah
2024-03-26,Raw White,195.6,195.6,Pettah
2024-03-26,Raw White,216.0,216.0,Pettah
2024-03-27,Raw White,195.0,195.0,Pettah
2024-03-27,Raw White,218.0,218.0,Pettah
2024-03-28,Raw White,194.0,194.0,Pettah
2024-03-28,Raw White,208.0,208.0,Pettah
2024-04-01,Raw White,195.0,195.0,Pettah
2024-04-01,Raw White,238.0,238.0,Pettah
2024-04-02,Raw White,193.75,193.75,Pettah
2024-04-02,Raw White,232.0,232.0,Pettah
2024-04-03,Raw White,193.75,193.75,Pettah
2024-04-03,Raw White,228.0,228.0,Pettah
2024-04-04,Raw White,196.25,196.25,Pettah
2024-04-04,Raw White,232.0,232.0,Pettah
2024-04-05,Raw White,198.75,198.75,Pettah
2024-04-05,Raw White,232.0,232.0,Pettah
2024-04-08,Raw White,195.0,195.0,Pettah
2024-04-08,Raw White,242.0,242.0,Pettah
2024-04-09,Raw White,198.0,198.0,Pettah
2024-04-09,Raw White,260.0,260.0,Pettah
2024-04-10,Raw White,199.0,199.0,Pettah
2024-04-10,Raw White,284.0,284.0,Pettah
2024-04-16,Raw White,195.0,195.0,Pettah
2024-04-16,Raw White,352.0,352.0,Pettah
2024-04-17,Raw White,196.25,196.25,Pettah
2024-04-17,Raw White,338.0,338.0,Pettah
2024-04-18,Raw White,199.0,199.0,Pettah
2024-04-18,Raw White,338.0,338.0,Pettah
2024-04-19,Raw White,199.0,199.0,Pettah
2024-04-19,Raw White,320.0,320.0,Pettah
2024-04-22,Raw White,200.0,200.0,Pettah
2024-04-22,Raw White,342.0,342.0,Pettah
2024-04-24,Raw White,201.0,201.0,Pettah
2024-04-24,Raw White,342.0,342.0,Pettah
2024-04-25,Raw White,201.0,201.0,Pettah
2024-04-25,Raw White,348.0,348.0,Pettah
2024-04-26,Raw White,199.0,199.0,Pettah
2024-04-26,Raw White,342.0,342.0,Pettah
2024-04-29,Raw White,200.0,200.0,Pettah
2024-04-29,Raw White,342.0,342.0,Pettah
2024-04-30,Raw White,201.0,201.0,Pettah
2024-04-30,Raw White,342.0,342.0,Pettah
2024-05-02,Raw White,201.0,201.0,Pettah
2024-05-02,Raw White,326.0,326.0,Pettah
2024-05-03,Raw White,201.0,201.0,Pettah
2024-05-03,Raw White,312.0,312.0,Pettah
2024-05-06,Raw White,204.0,204.0,Pettah
2024-05-06,Raw White,312.0,312.0,Pettah
2024-05-07,Raw White,204.0,204.0,Pettah
2024-05-07,Raw White,312.0,312.0,Pettah
2024-05-08,Raw White,205.0,205.0,Pettah
2024-05-08,Raw White,318.0,318.0,Pettah
2024-05-09,Raw White,207.0,207.0,Pettah
2024-05-09,Raw White,318.0,318.0,Pettah
2024-05-10,Raw White,206.0,206.0,Pettah
2024-05-10,Raw White,328.0,328.0,Pettah
2024-05-13,Raw White,205.0,205.0,Pettah
2024-05-13,Raw White,268.0,268.0,Pettah
2024-05-14,Raw White,204.0,204.0,Pettah
2024-05-14,Raw White,362.0,362.0,Pettah
2024-05-15,Raw White,209.0,209.0,Pettah
2024-05-15,Raw White,350.0,350.0,Pettah
2024-05-16,Raw White,203.0,203.0,Pettah
2024-05-16,Raw White,346.0,346.0,Pettah
2024-05-17,Raw White,209.0,209.0,Pettah
2024-05-17,Raw White,362.0,362.0,Pettah
2024-05-20,Raw White,209.0,209.0,Pettah
2024-05-20,Raw White,338.0,338.0,Pettah
2024-05-21,Raw White,209.0,209.0,Pettah
2024-05-21,Raw White,358.0,358.0,Pettah
2024-05-22,Raw White,208.0,208.0,Pettah
2024-05-22,Raw White,358.0,358.0,Pettah
2024-05-27,Raw White,204.0,204.0,Pettah
2024-05-27,Raw White,368.0,368.0,Pettah
2024-05-28,Raw White,205.0,205.0,Pettah
2024-05-28,Raw White,358.0,358.0,Pettah
2024-05-29,Raw White,206.0,206.0,Pettah
2024-05-29,Raw White,362.0,362.0,Pettah
2024-05-30,Raw White,207.0,207.0,Pettah
2024-05-30,Raw White,346.0,346.0,Pettah
2024-05-31,Raw White,207.5,207.5,Pettah
2024-05-31,Raw White,370.0,370.0,Pettah
2024-06-03,Raw White,203.0,203.0,Pettah
2024-06-03,Raw White,388.0,388.0,Pettah
2024-06-04,Raw White,204.0,204.0,Pettah
2024-06-04,Raw White,368.0,368.0,Pettah
2024-06-05,Raw White,205.0,205.0,Pettah
2024-06-05,Raw White,368.0,368.0,Pettah
2024-06-06,Raw White,204.0,204.0,Pettah
2024-06-06,Raw White,368.0,368.0,Pettah
2024-06-07,Raw White,204.0,204.0,Pettah
2024-06-07,Raw White,362.0,362.0,Pettah
2024-06-10,Raw White,204.0,204.0,Pettah
2024-06-10,Raw White,368.0,368.0,Pettah
2024-06-11,Raw White,204.0,204.0,Pettah
2024-06-11,Raw White,366.0,366.0,Pettah
2024-06-12,Raw White,204.0,204.0,Pettah
2024-06-12,Raw White,368.0,368.0,Pettah
2024-06-13,Raw White,205.0,205.0,Pettah
2024-06-13,Raw White,368.0,368.0,Pettah
2024-06-14,Raw White,204.0,204.0,Pettah
2024-06-14,Raw White,368.0,368.0,Pettah
2024-06-18,Raw White,204.0,204.0,Pettah
2024-06-18,Raw White,370.0,370.0,Pettah
2024-06-19,Raw White,204.0,204.0,Pettah
2024-06-19,Raw White,362.0,362.0,Pettah
2024-06-20,Raw White,204.0,204.0,Pettah
2024-06-20,Raw White,362.0,362.0,Pettah
2024-06-24,Raw White,204.0,204.0,Pettah
2024-06-24,Raw White,362.0,362.0,Pettah
2024-06-25,Raw White,204.0,204.0,Pettah
2024-06-25,Raw White,368.0,368.0,Pettah
2024-06-26,Raw White,204.0,204.0,Pettah
2024-06-26,Raw White,358.0,358.0,Pettah
2024-06-27,Raw White,204.0,204.0,Pettah
2024-06-27,Raw White,372.0,372.0,Pettah
2024-06-28,Raw White,204.0,204.0,Pettah
2024-06-28,Raw White,412.0,412.0,Pettah
2024-07-01,Raw White,204.0,204.0,Pettah
2024-07-01,Raw White,358.0,358.0,Pettah
2024-07-02,Raw White,205.0,205.0,Pettah
2024-07-02,Raw White,362.0,362.0,Pettah
2024-07-03,Raw White,203.0,203.0,Pettah
2024-07-03,Raw White,352.0,352.0,Pettah
2024-07-04,Raw White,204.0,204.0,Pettah
2024-07-04,Raw White,344.0,344.0,Pettah
2024-07-05,Raw White,204.0,204.0,Pettah
2024-07-05,Raw White,392.0,392.0,Pettah
2024-07-08,Raw White,204.0,204.0,Pettah
2024-07-08,Raw White,392.0,392.0,Pettah
2024-07-09,Raw White,204.0,204.0,Pettah
2024-07-09,Raw White,342.0,342.0,Pettah
2024-07-10,Raw White,204.0,204.0,Pettah
2024-07-10,Raw White,338.0,338.0,Pettah
2024-07-11,Raw White,203.0,203.0,Pettah
2024-07-11,Raw White,388.0,388.0,Pettah
2024-07-12,Raw White,203.0,203.0,Pettah
2024-07-12,Raw White,272.0,272.0,Pettah
2024-07-15,Raw White,204.0,204.0,Pettah
2024-07-15,Raw White,368.0,368.0,Pettah
2024-07-16,Raw White,204.0,204.0,Pettah
2024-07-16,Raw White,320.0,320.0,Pettah
2024-07-17,Raw White,205.0,205.0,Pettah
2024-07-17,Raw White,288.0,288.0,Pettah
2024-07-18,Raw White,204.0,204.0,Pettah
2024-07-18,Raw White,276.0,276.0,Pettah
2024-07-19,Raw White,203.0,203.0,Pettah
2024-07-19,Raw White,288.0,288.0,Pettah
2024-07-22,Raw White,203.0,203.0,Pettah
2024-07-22,Raw White,300.0,300.0,Pettah
2024-07-23,Raw White,203.0,203.0,Pettah
2024-07-23,Raw White,304.0,304.0,Pettah
2024-07-24,Raw White,204.0,204.0,Pettah
2024-07-24,Raw White,300.0,300.0,Pettah
2024-07-25,Raw White,205.0,205.0,Pettah
2024-07-25,Raw White,336.0,336.0,Pettah
2024-07-26,Raw White,203.6,203.6,Pettah
2024-07-26,Raw White,344.0,344.0,Pettah
2024-07-29,Raw White,204.0,204.0,Pettah
2024-07-29,Raw White,388.0,388.0,Pettah
2024-07-30,Raw White,204.0,204.0,Pettah
2024-07-30,Raw White,396.0,396.0,Pettah
2024-07-31,Raw White,202.0,202.0,Pettah
2024-07-31,Raw White,232.0,232.0,Pettah
2024-08-01,Raw White,204.0,204.0,Pettah
2024-08-01,Raw White,290.0,290.0,Pettah
2024-08-02,Raw White,202.0,202.0,Pettah
2024-08-02,Raw White,270.0,270.0,Pettah
2024-08-05,Raw White,202.0,202.0,Pettah
2024-08-05,Raw White,310.0,310.0,Pettah
2024-08-06,Raw White,203.0,203.0,Pettah
2024-08-06,Raw White,306.0,306.0,Pettah
2024-08-07,Raw White,197.0,197.0,Pettah
2024-08-07,Raw White,272.0,272.0,Pettah
2024-08-08,Raw White,202.0,202.0,Pettah
2024-08-08,Raw White,280.0,280.0,Pettah
2024-08-09,Raw White,202.0,202.0,Pettah
2024-08-09,Raw White,280.0,280.0,Pettah
2024-08-12,Raw White,202.0,202.0,Pettah
2024-08-12,Raw White,288.0,288.0,Pettah
2024-08-13,Raw White,202.0,202.0,Pettah
2024-08-13,Raw White,270.0,270.0,Pettah
2024-08-14,Raw White,202.0,202.0,Pettah
2024-08-14,Raw White,278.0,278.0,Pettah
2024-08-15,Raw White,202.0,202.0,Pettah
2024-08-15,Raw White,284.0,284.0,Pettah
2024-08-16,Raw White,202.0,202.0,Pettah
2024-08-16,Raw White,292.0,292.0,Pettah
2024-08-20,Raw White,202.0,202.0,Pettah
2024-08-20,Raw White,284.0,284.0,Pettah
2024-08-21,Raw White,203.0,203.0,Pettah
2024-08-21,Raw White,298.0,298.0,Pettah
2024-08-22,Raw White,203.0,203.0,Pettah
2024-08-22,Raw White,284.0,284.0,Pettah
2024-08-23,Raw White,204.0,204.0,Pettah
2024-08-23,Raw White,284.0,284.0,Pettah
2024-08-26,Raw White,206.0,206.0,Pettah
2024-08-26,Raw White,280.0,280.0,Pettah
2024-08-27,Raw White,206.0,206.0,Pettah
2024-08-27,Raw White,296.0,296.0,Pettah
2024-08-28,Raw White,207.0,207.0,Pettah
2024-08-28,Raw White,223.8,223.8,Pettah
2024-08-29,Raw White,208.0,208.0,Pettah
2024-08-29,Raw White,278.0,278.0,Pettah
2024-08-30,Raw White,209.0,209.0,Pettah
2024-08-30,Raw White,296.0,296.0,Pettah
2024-09-02,Raw White,207.0,207.0,Pettah
2024-09-02,Raw White,310.0,310.0,Pettah
2024-09-03,Raw White,208.0,208.0,Pettah
2024-09-03,Raw White,298.0,298.0,Pettah
2024-09-04,Raw White,207.0,207.0,Pettah
2024-09-04,Raw White,288.0,288.0,Pettah
2024-09-05,Raw White,211.0,211.0,Pettah
2024-09-05,Raw White,270.0,270.0,Pettah
2024-09-06,Raw White,209.0,209.0,Pettah
2024-09-06,Raw White,292.0,292.0,Pettah
2024-09-09,Raw White,212.0,212.0,Pettah
2024-09-09,Raw White,302.0,302.0,Pettah
2024-09-10,Raw White,210.0,210.0,Pettah
2024-09-10,Raw White,308.0,308.0,Pettah
2024-09-11,Raw White,212.0,212.0,Pettah
2024-09-11,Raw White,302.0,302.0,Pettah
2024-09-12,Raw White,212.0,212.0,Pettah
2024-09-12,Raw White,288.0,288.0,Pettah
2024-09-13,Raw White,212.0,212.0,Pettah
2024-09-13,Raw White,284.0,284.0,Pettah
2024-09-18,Raw White,210.0,210.0,Pettah
2024-09-18,Raw White,282.0,282.0,Pettah
2024-09-19,Raw White,210.0,210.0,Pettah
2024-09-19,Raw White,310.0,310.0,Pettah
2024-09-20,Raw White,211.0,211.0,Pettah
2024-09-20,Raw White,310.0,310.0,Pettah
2024-09-24,Raw White,211.25,211.25,Pettah
2024-09-24,Raw White,350.0,350.0,Pettah
2024-09-25,Raw White,211.25,211.25,Pettah
2024-09-25,Raw White,330.0,330.0,Pettah
2024-09-26,Raw White,211.4,211.4,Pettah
2024-09-26,Raw White,288.0,288.0,Pettah
2024-09-27,Raw White,211.0,211.0,Pettah
2024-09-27,Raw White,286.0,286.0,Pettah
2024-09-30,Raw White,210.0,210.0,Pettah
2024-09-30,Raw White,308.0,308.0,Pettah
2024-10-01,Raw White,210.0,210.0,Pettah
2024-10-01,Raw White,296.0,296.0,Pettah
2024-10-02,Raw White,210.0,210.0,Pettah
2024-10-02,Raw White,282.0,282.0,Pettah
2024-10-03,Raw White,209.6,209.6,Pettah
2024-10-03,Raw White,296.0,296.0,Pettah
2024-10-04,Raw White,208.6,208.6,Pettah
2024-10-04,Raw White,300.0,300.0,Pettah
2024-10-07,Raw White,208.6,208.6,Pettah
2024-10-07,Raw White,336.0,336.0,Pettah
2024-10-08,Raw White,207.6,207.6,Pettah
2024-10-08,Raw White,320.0,320.0,Pettah
2024-10-09,Raw White,208.6,208.6,Pettah
2024-10-09,Raw White,320.0,320.0,Pettah
2024-10-10,Raw White,208.6,208.6,Pettah
2024-10-10,Raw White,312.0,312.0,Pettah
2024-10-11,Raw White,208.6,208.6,Pettah
2024-10-11,Raw White,312.0,312.0,Pettah
2024-10-14,Raw White,208.6,208.6,Pettah
2024-10-14,Raw White,362.0,362.0,Pettah
2024-10-15,Raw White,208.6,208.6,Pettah
2024-10-15,Raw White,362.0,362.0,Pettah
2024-10-16,Raw White,209.0,209.0,Pettah
2024-10-16,Raw White,365.0,365.0,Pettah
2024-10-18,Raw White,209.6,209.6,Pettah
2024-10-18,Raw White,388.0,388.0,Pettah
2024-10-21,Raw White,210.0,210.0,Pettah
2024-10-21,Raw White,370.0,370.0,Pettah
2024-10-22,Raw White,211.75,211.75,Pettah
2024-10-22,Raw White,362.0,362.0,Pettah
2024-10-23,Raw White,211.0,211.0,Pettah
2024-10-23,Raw White,358.0,358.0,Pettah
2024-10-24,Raw White,211.0,211.0,Pettah
2024-10-24,Raw White,340.0,340.0,Pettah
2024-10-25,Raw White,211.4,211.4,Pettah
2024-10-25,Raw White,320.0,320.0,Pettah
2024-10-28,Raw White,212.4,212.4,Pettah
2024-10-28,Raw White,346.0,346.0,Pettah
2024-10-29,Raw White,211.4,211.4,Pettah
2024-10-29,Raw White,370.0,370.0,Pettah
2024-11-01,Raw White,213.0,213.0,Pettah
2024-11-01,Raw White,335.0,335.0,Pettah
2024-11-04,Raw White,212.5,212.5,Pettah
2024-11-04,Raw White,320.0,320.0,Pettah
2024-11-05,Raw White,212.8,212.8,Pettah
2024-11-05,Raw White,362.0,362.0,Pettah
2024-11-06,Raw White,212.4,212.4,Pettah
2024-11-06,Raw White,344.0,344.0,Pettah
2024-11-07,Raw White,218.25,218.25,Pettah
2024-11-07,Raw White,362.0,362.0,Pettah
2024-11-08,Raw White,218.0,218.0,Pettah
2024-11-08,Raw White,368.0,368.0,Pettah
2024-11-11,Raw White,222.5,222.5,Pettah
2024-11-11,Raw White,350.0,350.0,Pettah
2024-11-12,Raw White,220.75,220.75,Pettah
2024-11-12,Raw White,288.0,288.0,Pettah
2024-11-13,Raw White,221.25,221.25,Pettah
2024-11-13,Raw White,268.0,268.0,Pettah
2024-11-14,Raw White,221.25,221.25,Pettah
2024-11-14,Raw White,368.0,368.0,Pettah
2024-11-18,Raw White,221.25,221.25,Pettah
2024-11-18,Raw White,368.0,368.0,Pettah
2024-11-19,Raw White,226.25,226.25,Pettah
2024-11-19,Raw White,358.0,358.0,Pettah
2024-11-20,Raw White,228.75,228.75,Pettah
2024-11-20,Raw White,358.0,358.0,Pettah
2024-11-21,Raw White,231.25,231.25,Pettah
2024-11-21,Raw White,352.0,352.0,Pettah
2024-11-22,Raw White,228.75,228.75,Pettah
2024-11-22,Raw White,358.0,358.0,Pettah
2024-11-25,Raw White,228.25,228.25,Pettah
2024-11-25,Raw White,336.0,336.0,Pettah
2024-11-26,Raw White,228.25,228.25,Pettah
2024-11-26,Raw White,320.0,320.0,Pettah
2024-11-27,Raw White,229.0,229.0,Pettah
2024-11-27,Raw White,338.0,338.0,Pettah
2024-11-28,Raw White,228.25,228.25,Pettah
2024-11-28,Raw White,338.0,338.0,Pettah
2024-11-29,Raw White,227.75,227.75,Pettah
2024-11-29,Raw White,342.0,342.0,Pettah
2024-12-02,Raw White,237.5,237.5,Pettah
2024-12-02,Raw White,332.0,332.0,Pettah
2024-12-03,Raw White,241.25,241.25,Pettah
2024-12-03,Raw White,234.0,234.0,Pettah
2024-12-04,Raw White,242.5,242.5,Pettah
2024-12-04,Raw White,256.0,256.0,Pettah
2024-12-05,Raw White,242.5,242.5,Pettah
2024-12-05,Raw White,234.0,234.0,Pettah
2024-12-06,Raw White,248.25,248.25,Pettah
2024-12-06,Raw White,232.0,232.0,Pettah
2024-12-09,Raw White,246.25,246.25,Pettah
2024-12-09,Raw White,380.0,380.0,Pettah
2024-12-10,Raw White,217.5,217.5,Pettah
2024-12-10,Raw White,218.0,218.0,Pettah
2024-12-11,Raw White,217.5,217.5,Pettah
2024-12-11,Raw White,214.0,214.0,Pettah
2024-12-12,Raw White,217.5,217.5,Pettah
2024-12-12,Raw White,218.0,218.0,Pettah
2024-12-13,Raw White,217.0,217.0,Pettah
2024-12-13,Raw White,256.0,256.0,Pettah
2024-12-16,Raw White,218.0,218.0,Pettah
2024-12-16,Raw White,250.0,250.0,Pettah
2024-12-17,Raw White,218.0,218.0,Pettah
2024-12-17,Raw White,710.0,710.0,Pettah
2024-12-18,Raw White,218.0,218.0,Pettah
2024-12-18,Raw White,710.0,710.0,Pettah
2024-12-19,Raw White,227.5,227.5,Pettah
2024-12-19,Raw White,284.0,284.0,Pettah
2024-12-20,Raw White,218.0,218.0,Pettah
2024-12-20,Raw White,710.0,710.0,Pettah
2024-12-23,Raw White,227.5,227.5,Pettah
2024-12-23,Raw White,270.0,270.0,Pettah
2024-12-24,Raw White,227.5,227.5,Pettah
2024-12-24,Raw White,270.0,270.0,Pettah
2024-12-26,Raw White,227.5,227.5,Pettah
2024-12-26,Raw White,308.0,308.0,Pettah
2024-12-27,Raw White,227.5,227.5,Pettah
2024-12-27,Raw White,290.0,290.0,Pettah
2024-12-30,Raw White,227.5,227.5,Pettah
2024-12-30,Raw White,290.0,290.0,Pettah
2024-12-31,Raw White,227.5,227.5,Pettah
2024-12-31,Raw White,290.0,290.0,Pettah
2025-01-01,Raw White,227.5,227.5,Pettah
2025-01-01,Raw White,278.0,278.0,Pettah
2025-01-02,Raw White,227.5,227.5,Pettah
2025-01-02,Raw White,278.0,278.0,Pettah
2025-01-03,Raw White,227.5,227.5,Pettah
2025-01-03,Raw White,278.0,278.0,Pettah
2025-01-06,Raw White,227.5,227.5,Pettah
2025-01-06,Raw White,288.0,288.0,Pettah
2025-01-07,Raw White,232.5,232.5,Pettah
2025-01-07,Raw White,278.0,278.0,Pettah
2025-01-08,Raw White,232.5,232.5,Pettah
2025-01-08,Raw White,428.0,428.0,Pettah
2025-01-09,Raw White,232.5,232.5,Pettah
2025-01-09,Raw White,270.0,270.0,Pettah
2025-01-10,Raw White,233.0,233.0,Pettah
2025-01-10,Raw White,304.0,304.0,Pettah
2025-01-15,Raw White,227.5,227.5,Pettah
2025-01-15,Raw White,390.0,390.0,Pettah
2025-01-16,Raw White,227.5,227.5,Pettah
2025-01-16,Raw White,428.0,428.0,Pettah
2025-01-17,Raw White,227.5,227.5,Pettah
2025-01-17,Raw White,470.0,470.0,Pettah
2025-01-20,Raw White,216.6,216.6,Pettah
2025-01-20,Raw White,218.0,218.0,Pettah
2025-01-21,Raw White,504.0,504.0,Pettah
2025-01-21,Raw White,548.0,548.0,Pettah
2025-01-22,Raw White,508.0,508.0,Pettah
2025-01-22,Raw White,610.0,610.0,Pettah
2025-01-23,Raw White,538.0,538.0,Pettah
2025-01-23,Raw White,540.0,540.0,Pettah
2025-01-24,Raw White,460.0,460.0,Pettah
2025-01-24,Raw White,590.0,590.0,Pettah
2025-01-27,Raw White,270.0,270.0,Pettah
2025-01-27,Raw White,578.0,578.0,Pettah
2025-01-28,Raw White,211.75,211.75,Pettah
2025-01-28,Raw White,182.0,182.0,Pettah
2025-01-29,Raw White,211.75,211.75,Pettah
2025-01-29,Raw White,368.0,368.0,Pettah
2025-01-30,Raw White,216.6,216.6,Pettah
2025-01-30,Raw White,182.0,182.0,Pettah
2025-01-31,Raw White,216.6,216.6,Pettah
2025-01-31,Raw White,152.0,152.0,Pettah
2025-02-03,Raw White,216.6,216.6,Pettah
2025-02-03,Raw White,138.0,138.0,Pettah
2025-02-05,Raw White,217.0,217.0,Pettah
2025-02-05,Raw White,308.0,308.0,Pettah
2025-02-06,Raw White,216.6,216.6,Pettah
2025-02-06,Raw White,380.0,380.0,Pettah
2025-02-07,Raw White,216.6,216.6,Pettah
2025-02-07,Raw White,368.0,368.0,Pettah
2025-02-10,Raw White,217.0,217.0,Pettah
2025-02-10,Raw White,580.0,580.0,Pettah
2025-02-11,Raw White,220.0,220.0,Pettah
2025-02-11,Raw White,580.0,580.0,Pettah
2025-02-13,Raw White,217.5,217.5,Pettah
2025-02-13,Raw White,580.0,580.0,Pettah
2025-02-14,Raw White,217.5,217.5,Pettah
2025-02-14,Raw White,580.0,580.0,Pettah
2025-02-17,Raw White,217.5,217.5,Pettah
2025-02-17,Raw White,580.0,580.0,Pettah
2025-02-18,Raw White,217.5,217.5,Pettah
2025-02-18,Raw White,580.0,580.0,Pettah
2025-02-19,Raw White,217.5,217.5,Pettah
2025-02-19,Raw White,580.0,580.0,Pettah
2025-02-20,Raw White,218.75,218.75,Pettah
2025-02-20,Raw White,580.0,580.0,Pettah
2025-02-21,Raw White,218.75,218.75,Pettah
2025-02-21,Raw White,580.0,580.0,Pettah
2025-02-24,Raw White,218.75,218.75,Pettah
2025-02-24,Raw White,580.0,580.0,Pettah
2025-02-25,Raw White,221.25,221.25,Pettah
2025-02-25,Raw White,580.0,580.0,Pettah
2025-02-27,Raw White,222.5,222.5,Pettah
2025-02-27,Raw White,580.0,580.0,Pettah
2025-02-28,Raw White,222.5,222.5,Pettah
2025-02-28,Raw White,580.0,580.0,Pettah
2025-03-03,Raw White,221.25,221.25,Pettah
2025-03-03,Raw White,620.0,620.0,Pettah
2025-03-04,Raw White,222.5,222.5,Pettah
2025-03-04,Raw White,590.0,590.0,Pettah
2025-03-05,Raw White,222.5,222.5,Pettah
2025-03-05,Raw White,608.0,608.0,Pettah
2025-03-06,Raw White,222.5,222.5,Pettah
2025-03-06,Raw White,608.0,608.0,Pettah
2025-03-07,Raw White,222.5,222.5,Pettah
2025-03-07,Raw White,608.0,608.0,Pettah
2025-03-10,Raw White,222.5,222.5,Pettah
2025-03-10,Raw White,620.0,620.0,Pettah
2025-03-11,Raw White,222.5,222.5,Pettah
2025-03-11,Raw White,620.0,620.0,Pettah
2025-03-12,Raw White,222.5,222.5,Pettah
2025-03-12,Raw White,620.0,620.0,Pettah
2025-03-14,Raw White,222.5,222.5,Pettah
2025-03-14,Raw White,620.0,620.0,Pettah
2025-03-17,Raw White,220.75,220.75,Pettah
2025-03-17,Raw White,620.0,620.0,Pettah
2025-03-18,Raw White,222.0,222.0,Pettah
2025-03-18,Raw White,620.0,620.0,Pettah
2025-03-19,Raw White,220.75,220.75,Pettah
2025-03-19,Raw White,620.0,620.0,Pettah
2025-03-20,Raw White,220.75,220.75,Pettah
2025-03-20,Raw White,620.0,620.0,Pettah
2025-03-21,Raw White,220.75,220.75,Pettah
2025-03-21,Raw White,620.0,620.0,Pettah
2025-03-24,Raw White,220.75,220.75,Pettah
2025-03-24,Raw White,620.0,620.0,Pettah
2025-03-25,Raw White,220.75,220.75,Pettah
2025-03-25,Raw White,620.0,620.0,Pettah
2025-03-26,Raw White,220.75,220.75,Pettah
2025-03-26,Raw White,608.0,608.0,Pettah
2025-03-27,Raw White,220.75,220.75,Pettah
2025-03-27,Raw White,608.0,608.0,Pettah
2025-03-28,Raw White,220.75,220.75,Pettah
2025-03-28,Raw White,590.0,590.0,Pettah
2025-04-01,Raw White,220.75,220.75,Pettah
2025-04-01,Raw White,590.0,590.0,Pettah
2025-04-02,Raw White,220.75,220.75,Pettah
2025-04-02,Raw White,570.0,570.0,Pettah
2025-04-03,Raw White,220.75,220.75,Pettah
2025-04-03,Raw White,564.0,564.0,Pettah
2025-04-04,Raw White,220.75,220.75,Pettah
2025-04-04,Raw White,564.0,564.0,Pettah
2025-04-07,Raw White,217.5,217.5,Pettah
2025-04-07,Raw White,552.0,552.0,Pettah
2025-04-08,Raw White,218.0,218.0,Pettah
2025-04-08,Raw White,564.0,564.0,Pettah
2025-04-09,Raw White,218.0,218.0,Pettah
2025-04-09,Raw White,540.0,540.0,Pettah
2025-04-10,Raw White,218.0,218.0,Pettah
2025-04-10,Raw White,552.0,552.0,Pettah
2025-04-11,Raw White,218.0,218.0,Pettah
2025-04-11,Raw White,544.0,544.0,Pettah
2025-04-16,Raw White,,,Pettah
2025-04-16,Raw White,,,Pettah
2025-04-17,Raw White,217.5,217.5,Pettah
2025-04-17,Raw White,530.0,530.0,Pettah
2025-04-21,Raw White,212.5,212.5,Pettah
2025-04-21,Raw White,530.0,530.0,Pettah
2025-04-22,Raw White,211.75,211.75,Pettah
2025-04-22,Raw White,560.0,560.0,Pettah
2025-04-23,Raw White,212.5,212.5,Pettah
2025-04-23,Raw White,520.0,520.0,Pettah
2025-04-24,Raw White,212.5,212.5,Pettah
2025-04-24,Raw White,520.0,520.0,Pettah
2025-04-25,Raw White,211.75,211.75,Pettah
2025-04-25,Raw White,520.0,520.0,Pettah
2025-04-28,Raw White,211.75,211.75,Pettah
2025-04-28,Raw White,520.0,520.0,Pettah
2025-04-29,Raw White,211.75,211.75,Pettah
2025-04-29,Raw White,520.0,520.0,Pettah
2025-05-02,Raw White,211.75,211.75,Pettah
2025-05-02,Raw White,520.0,520.0,Pettah
2025-05-05,Raw White,212.25,212.25,Pettah
2025-05-05,Raw White,520.0,520.0,Pettah
2025-05-06,Raw White,212.5,212.5,Pettah
2025-05-06,Raw White,520.0,520.0,Pettah
2025-05-07,Raw White,212.5,212.5,Pettah
2025-05-07,Raw White,520.0,520.0,Pettah
2025-05-08,Raw White,213.0,213.0,Pettah
2025-05-08,Raw White,288.0,288.0,Pettah
2025-05-09,Raw White,213.0,213.0,Pettah
2025-05-09,Raw White,258.0,258.0,Pettah
2025-05-14,Raw White,216.75,216.75,Pettah
2025-05-14,Raw White,570.0,570.0,Pettah
2025-05-15,Raw White,211.75,211.75,Pettah
2025-05-15,Raw White,188.0,188.0,Pettah
2025-05-16,Raw White,211.75,211.75,Pettah
2025-05-16,Raw White,212.0,212.0,Pettah
2025-05-19,Raw White,213.0,213.0,Pettah
2025-05-19,Raw White,338.0,338.0,Pettah
2025-05-20,Raw White,213.0,213.0,Pettah
2025-05-20,Raw White,206.0,206.0,Pettah
2025-05-21,Raw White,213.0,213.0,Pettah
2025-05-21,Raw White,220.0,220.0,Pettah
2025-05-22,Raw White,211.75,211.75,Pettah
2025-05-22,Raw White,220.0,220.0,Pettah
2025-05-23,Raw White,211.75,211.75,Pettah
2025-05-23,Raw White,204.0,204.0,Pettah
2025-05-26,Raw White,212.5,212.5,Pettah
2025-05-26,Raw White,330.0,330.0,Pettah
2025-05-27,Raw White,212.5,212.5,Pettah
2025-05-27,Raw White,362.0,362.0,Pettah
2025-05-28,Raw White,213.0,213.0,Pettah
2025-05-28,Raw White,212.0,212.0,Pettah
2025-05-29,Raw White,213.0,213.0,Pettah
2025-05-29,Raw White,204.0,204.0,Pettah
2025-05-30,Raw White,213.0,213.0,Pettah
2025-05-30,Raw White,376.0,376.0,Pettah
2025-06-02,Raw White,213.0,213.0,Pettah
2025-06-02,Raw White,320.0,320.0,Pettah
2025-06-03,Raw White,212.5,212.5,Pettah
2025-06-03,Raw White,320.0,320.0,Pettah
2025-06-04,Raw White,215.0,215.0,Pettah
2025-06-04,Raw White,220.0,220.0,Pettah
2025-06-05,Raw White,211.75,211.75,Pettah
2025-06-05,Raw White,208.0,208.0,Pettah
2025-06-06,Raw White,211.75,211.75,Pettah
2025-06-06,Raw White,230.0,230.0,Pettah
2025-06-09,Raw White,211.75,211.75,Pettah
2025-06-09,Raw White,238.0,238.0,Pettah
2025-06-11,Raw White,215.0,215.0,Pettah
2025-06-11,Raw White,230.0,230.0,Pettah
2025-06-12,Raw White,215.0,215.0,Pettah
2025-06-12,Raw White,208.0,208.0,Pettah
2025-06-13,Raw White,215.0,215.0,Pettah
2025-06-13,Raw White,204.0,204.0,Pettah
2025-06-16,Raw White,215.0,215.0,Pettah
2025-06-16,Raw White,396.0,396.0,Pettah
2025-06-17,Raw White,212.4,212.4,Pettah
2025-06-17,Raw White,376.0,376.0,Pettah
2025-06-18,Raw White,213.0,213.0,Pettah
2025-06-18,Raw White,224.0,224.0,Pettah
2025-06-19,Raw White,212.5,212.5,Pettah
2025-06-19,Raw White,332.0,332.0,Pettah
2025-06-20,Raw White,212.5,212.5,Pettah
2025-06-20,Raw White,388.0,388.0,Pettah
2025-06-23,Raw White,211.25,211.25,Pettah
2025-06-23,Raw White,444.0,444.0,Pettah
2025-06-24,Raw White,211.25,211.25,Pettah
2025-06-24,Raw White,402.0,402.0,Pettah
2025-06-25,Raw White,207.5,207.5,Pettah
2025-06-25,Raw White,372.0,372.0,Pettah
2025-06-26,Raw White,205.0,205.0,Pettah
2025-06-26,Raw White,390.0,390.0,Pettah
2025-06-27,Raw White,205.0,205.0,Pettah
2025-06-27,Raw White,388.0,388.0,Pettah
2025-06-30,Raw White,205.0,205.0,Pettah
2025-06-30,Raw White,462.0,462.0,Pettah
2025-07-01,Raw White,205.0,205.0,Pettah
2025-07-01,Raw White,368.0,368.0,Pettah
2025-07-07,Raw White,201.25,201.25,Pettah
2025-07-07,Raw White,425.0,425.0,Pettah
2025-07-08,Raw White,205.0,205.0,Pettah
2025-07-08,Raw White,425.0,425.0,Pettah
2025-07-09,Raw White,197.5,197.5,Pettah
2025-07-09,Raw White,375.0,375.0,Pettah
2025-07-11,Raw White,195.0,195.0,Pettah
2025-07-11,Raw White,415.0,415.0,Pettah
2025-07-14,Raw White,196.25,196.25,Pettah
2025-07-14,Raw White,430.0,430.0,Pettah
2025-07-15,Raw White,197.5,197.5,Pettah
2025-07-15,Raw White,420.0,420.0,Pettah
2025-07-16,Raw White,197.5,197.5,Pettah
2025-07-16,Raw White,410.0,410.0,Pettah
2025-07-17,Raw White,197.5,197.5,Pettah
2025-07-17,Raw White,365.0,365.0,Pettah
2025-07-18,Raw White,197.0,197.0,Pettah
2025-07-18,Raw White,310.0,310.0,Pettah
2025-07-21,Raw White,199.0,199.0,Pettah
2025-07-21,Raw White,310.0,310.0,Pettah
2025-07-22,Raw White,195.0,195.0,Pettah
2025-07-22,Raw White,290.0,290.0,Pettah
2025-07-23,Raw White,195.0,195.0,Pettah
2025-07-23,Raw White,290.0,290.0,Pettah
2025-07-24,Raw White,195.0,195.0,Pettah
2025-07-24,Raw White,265.0,265.0,Pettah
2025-07-25,Raw White,196.25,196.25,Pettah
2025-07-25,Raw White,300.0,300.0,Pettah
2025-07-28,Raw White,196.25,196.25,Pettah
2025-07-28,Raw White,252.5,252.5,Pettah
2025-07-29,Raw White,197.5,197.5,Pettah
2025-07-29,Raw White,225.0,225.0,Pettah
2025-07-30,Raw White,197.5,197.5,Pettah
2025-07-30,Raw White,230.0,230.0,Pettah
2025-07-31,Raw White,196.25,196.25,Pettah
2025-07-31,Raw White,230.0,230.0,Pettah
2025-08-01,Raw White,196.25,196.25,Pettah
2025-08-01,Raw White,235.0,235.0,Pettah
2025-08-04,Raw White,196.25,196.25,Pettah
2025-08-04,Raw White,220.0,220.0,Pettah
2025-08-05,Raw White,197.5,197.5,Pettah
2025-08-05,Raw White,215.0,215.0,Pettah
2025-08-06,Raw White,197.5,197.5,Pettah
2025-08-06,Raw White,220.0,220.0,Pettah
2025-08-07,Raw White,197.5,197.5,Pettah
2025-08-07,Raw White,200.0,200.0,Pettah
2025-08-11,Raw White,197.5,197.5,Pettah
2025-08-11,Raw White,207.5,207.5,Pettah
2025-08-12,Raw White,196.25,196.25,Pettah
2025-08-12,Raw White,230.0,230.0,Pettah
2025-08-13,Raw White,193.25,193.25,Pettah
2025-08-13,Raw White,245.0,245.0,Pettah
2025-08-14,Raw White,192.5,192.5,Pettah
2025-08-14,Raw White,115.0,115.0,Pettah
2025-08-15,Raw White,192.5,192.5,Pettah
2025-08-15,Raw White,235.0,235.0,Pettah
2025-08-18,Raw White,191.25,191.25,Pettah
2025-08-18,Raw White,100.0,100.0,Pettah
2025-08-19,Raw White,187.5,187.5,Pettah
2025-08-19,Raw White,100.0,100.0,Pettah
2025-08-20,Raw White,188.75,188.75,Pettah
2025-08-20,Raw White,235.0,235.0,Pettah
2025-08-21,Raw White,188.75,188.75,Pettah
2025-08-21,Raw White,225.0,225.0,Pettah
2025-08-22,Raw White,189.0,189.0,Pettah
2025-08-22,Raw White,240.0,240.0,Pettah
2025-08-25,Raw White,188.0,188.0,Pettah
2025-08-25,Raw White,225.0,225.0,Pettah
2025-08-26,Raw White,188.0,188.0,Pettah
2025-08-26,Raw White,240.0,240.0,Pettah
2025-08-27,Raw White,188.0,188.0,Pettah
2025-08-27,Raw White,220.0,220.0,Pettah
2025-08-28,Raw White,190.0,190.0,Pettah
2025-08-28,Raw White,235.0,235.0,Pettah
2025-08-29,Raw White,187.0,187.0,Pettah
2025-08-29,Raw White,235.0,235.0,Pettah
2025-09-01,Raw White,185.0,185.0,Pettah
2025-09-01,Raw White,300.0,300.0,Pettah
2025-09-02,Raw White,199.0,199.0,Pettah
2025-09-02,Raw White,265.0,265.0,Pettah
2025-09-03,Raw White,197.0,197.0,Pettah
2025-09-03,Raw White,120.0,120.0,Pettah
2025-09-04,Raw White,198.0,198.0,Pettah
2025-09-04,Raw White,110.0,110.0,Pettah
2025-09-08,Raw White,187.0,187.0,Pettah
2025-09-08,Raw White,235.0,235.0,Pettah
2025-09-09,Raw White,193.75,193.75,Pettah
2025-09-09,Raw White,230.0,230.0,Pettah
2025-09-10,Raw White,195.0,195.0,Pettah
2025-09-10,Raw White,235.0,235.0,Pettah
2025-09-11,Raw White,194.0,194.0,Pettah
2025-09-11,Raw White,235.0,235.0,Pettah
2025-09-12,Raw White,194.0,194.0,Pettah
2025-09-12,Raw White,225.0,225.0,Pettah
2025-09-15,Raw White,198.0,198.0,Pettah
2025-09-15,Raw White,230.0,230.0,Pettah
2025-09-16,Raw White,196.0,196.0,Pettah
2025-09-16,Raw White,270.0,270.0,Pettah
2025-09-17,Raw White,196.0,196.0,Pettah
2025-09-17,Raw White,225.0,225.0,Pettah
2025-09-18,Raw White,196.0,196.0,Pettah
2025-09-18,Raw White,215.0,215.0,Pettah
2025-09-19,Raw White,196.0,196.0,Pettah
2025-09-19,Raw White,215.0,215.0,Pettah
2025-09-22,Raw White,196.0,196.0,Pettah
2025-09-22,Raw White,210.0,210.0,Pettah
2025-09-23,Raw White,195.0,195.0,Pettah
2025-09-23,Raw White,210.0,210.0,Pettah
2025-09-24,Raw White,195.0,195.0,Pettah
2025-09-24,Raw White,255.0,255.0,Pettah
2025-09-25,Raw White,195.0,195.0,Pettah
2025-09-25,Raw White,230.0,230.0,Pettah
2025-09-26,Raw White,195.0,195.0,Pettah
2025-09-26,Raw White,210.0,210.0,Pettah
2025-09-29,Raw White,200.0,200.0,Pettah
2025-09-29,Raw White,210.0,210.0,Pettah
2025-09-30,Raw White,201.0,201.0,Pettah
2025-09-30,Raw White,240.0,240.0,Pettah
2025-10-01,Raw White,204.0,204.0,Pettah
2025-10-01,Raw White,225.0,225.0,Pettah
2025-10-02,Raw White,204.0,204.0,Pettah
2025-10-02,Raw White,210.0,210.0,Pettah
2025-10-03,Raw White,206.0,206.0,Pettah
2025-10-03,Raw White,220.0,220.0,Pettah
2025-10-07,Raw White,207.0,207.0,Pettah
2025-10-07,Raw White,235.0,235.0,Pettah
2025-10-08,Raw White,207.0,207.0,Pettah
2025-10-08,Raw White,255.0,255.0,Pettah
2025-10-09,Raw White,207.0,207.0,Pettah
2025-10-09,Raw White,130.0,130.0,Pettah
2025-10-10,Raw White,206.0,206.0,Pettah
2025-10-10,Raw White,134.0,134.0,Pettah
2025-10-13,Raw White,207.5,207.5,Pettah
2025-10-13,Raw White,138.0,138.0,Pettah
2025-10-14,Raw White,209.0,209.0,Pettah
2025-10-14,Raw White,146.0,146.0,Pettah
2025-10-15,Raw White,209.0,209.0,Pettah
2025-10-15,Raw White,154.0,154.0,Pettah
2025-10-16,Raw White,209.0,209.0,Pettah
2025-10-16,Raw White,154.0,154.0,Pettah
2025-10-17,Raw White,211.0,211.0,Pettah
2025-10-17,Raw White,154.0,154.0,Pettah
2025-10-21,Raw White,211.0,211.0,Pettah
2025-10-21,Raw White,154.0,154.0,Pettah
2025-10-22,Raw White,211.0,211.0,Pettah
2025-10-22,Raw White,145.0,145.0,Pettah
2025-10-23,Raw White,211.0,211.0,Pettah
2025-10-23,Raw White,135.0,135.0,Pettah
2025-10-24,Raw White,207.5,207.5,Pettah
2025-10-24,Raw White,125.0,125.0,Pettah
2025-10-27,Raw White,208.0,208.0,Pettah
2025-10-27,Raw White,270.0,270.0,Pettah
2025-10-28,Raw White,208.0,208.0,Pettah
2025-10-28,Raw White,290.0,290.0,Pettah
2025-10-29,Raw White,208.0,208.0,Pettah
2025-10-29,Raw White,285.0,285.0,Pettah
2025-10-30,Raw White,208.0,208.0,Pettah
2025-10-30,Raw White,290.0,290.0,Pettah
2025-10-31,Raw White,208.0,208.0,Pettah
2025-10-31,Raw White,280.0,280.0,Pettah
2025-11-03,Raw White,208.0,208.0,Pettah
2025-11-03,Raw White,270.0,270.0,Pettah
2025-11-04,Raw White,203.0,203.0,Pettah
2025-11-04,Raw White,270.0,270.0,Pettah
2025-11-06,Raw White,208.0,208.0,Pettah
2025-11-06,Raw White,270.0,270.0,Pettah
2025-11-07,Raw White,206.0,206.0,Pettah
2025-11-07,Raw White,270.0,270.0,Pettah
2025-11-10,Raw White,208.0,208.0,Pettah
2025-11-10,Raw White,260.0,260.0,Pettah
2025-11-11,Raw White,208.0,208.0,Pettah
2025-11-11,Raw White,285.0,285.0,Pettah
2025-11-12,Raw White,208.0,208.0,Pettah
2025-11-12,Raw White,290.0,290.0,Pettah
2025-11-13,Raw White,208.0,208.0,Pettah
2025-11-13,Raw White,265.0,265.0,Pettah
2025-11-14,Raw White,208.0,208.0,Pettah
2025-11-14,Raw White,270.0,270.0,Pettah
2025-11-17,Raw White,208.0,208.0,Pettah
2025-11-17,Raw White,290.0,290.0,Pettah
2025-11-18,Raw White,208.0,208.0,Pettah
2025-11-18,Raw White,305.0,305.0,Pettah
2025-11-19,Raw White,208.0,208.0,Pettah
2025-11-19,Raw White,285.0,285.0,Pettah
2025-11-20,Raw White,207.0,207.0,Pettah
2025-11-20,Raw White,230.0,230.0,Pettah
2025-11-21,Raw White,207.0,207.0,Pettah
2025-11-21,Raw White,225.0,225.0,Pettah
2025-11-24,Raw White,206.0,206.0,Pettah
2025-11-24,Raw White,255.0,255.0,Pettah
2025-11-25,Raw White,206.0,206.0,Pettah
2025-11-25,Raw White,245.0,245.0,Pettah
2025-11-26,Raw White,208.0,208.0,Pettah
2025-11-26,Raw White,270.0,270.0,Pettah
2025-11-27,Raw White,201.0,201.0,Pettah
2025-11-27,Raw White,275.0,275.0,Pettah
2025-12-01,Raw White,208.0,208.0,Pettah
2025-12-01,Raw White,155.0,155.0,Pettah
2025-12-02,Raw White,211.0,211.0,Pettah
2025-12-02,Raw White,245.0,245.0,Pettah
2025-12-03,Raw White,209.0,209.0,Pettah
2025-12-03,Raw White,365.0,365.0,Pettah
2025-12-05,Raw White,212.0,212.0,Pettah
2025-12-05,Raw White,375.0,375.0,Pettah
2025-12-08,Raw White,212.0,212.0,Pettah
2025-12-08,Raw White,375.0,375.0,Pettah
2025-12-09,Raw White,217.0,217.0,Pettah
2025-12-09,Raw White,375.0,375.0,Pettah
2025-12-10,Raw White,212.0,212.0,Pettah
2025-12-10,Raw White,340.0,340.0,Pettah
2025-12-11,Raw White,213.0,213.0,Pettah
2025-12-11,Raw White,335.0,335.0,Pettah
2025-12-12,Raw White,214.0,214.0,Pettah
2025-12-12,Raw White,285.0,285.0,Pettah
2025-12-15,Raw White,213.0,213.0,Pettah
2025-12-15,Raw White,340.0,340.0,Pettah
2025-12-16,Raw White,213.0,213.0,Pettah
2025-12-16,Raw White,340.0,340.0,Pettah
2025-12-17,Raw White,215.0,215.0,Pettah
2025-12-17,Raw White,330.0,330.0,Pettah
2025-12-18,Raw White,213.4,213.4,Pettah
2025-12-18,Raw White,300.0,300.0,Pettah
2025-12-19,Raw White,217.0,217.0,Pettah
2025-12-19,Raw White,325.0,325.0,Pettah
2025-12-22,Raw White,211.0,211.0,Pettah
2025-12-22,Raw White,320.0,320.0,Pettah
2025-12-23,Raw White,213.0,213.0,Pettah
2025-12-23,Raw White,285.0,285.0,Pettah
2025-12-24,Raw White,215.0,215.0,Pettah
2025-12-24,Raw White,265.0,265.0,Pettah
2025-12-26,Raw White,216.25,216.25,Pettah
2025-12-26,Raw White,335.0,335.0,Pettah
2025-12-29,Raw White,216.25,216.25,Pettah
2025-12-29,Raw White,295.0,295.0,Pettah
2025-12-30,Raw White,217.5,217.5,Pettah
2025-12-30,Raw White,325.0,325.0,Pettah
2025-12-31,Raw White,216.25,216.25,Pettah
2025-12-31,Raw White,312.5,312.5,Pettah
2026-01-01,Raw White,216.0,216.0,Pettah
2026-01-01,Raw White,300.0,300.0,Pettah
2026-01-02,Raw White,216.0,216.0,Pettah
2026-01-02,Raw White,300.0,300.0,Pettah
2026-01-05,Raw White,216.0,216.0,Pettah
2026-01-05,Raw White,315.0,315.0,Pettah
2026-01-06,Raw White,216.0,216.0,Pettah
2026-01-06,Raw White,285.0,285.0,Pettah
2026-01-07,Raw White,215.0,215.0,Pettah
2026-01-07,Raw White,330.0,330.0,Pettah
2026-01-08,Raw White,213.4,213.4,Pettah
2026-01-08,Raw White,275.0,275.0,Pettah
2026-01-09,Raw White,213.0,213.0,Pettah
2026-01-09,Raw White,305.0,305.0,Pettah
2026-01-12,Raw White,213.0,213.0,Pettah
2026-01-12,Raw White,305.0,305.0,Pettah
2026-01-13,Raw White,213.8,213.8,Pettah
2026-01-13,Raw White,300.0,300.0,Pettah
2026-01-16,Raw White,210.0,210.0,Pettah
2026-01-16,Raw White,290.0,290.0,Pettah
2026-01-19,Raw White,210.0,210.0,Pettah
2026-01-19,Raw White,290.0,290.0,Pettah
2026-01-20,Raw White,210.0,210.0,Pettah
2026-01-20,Raw White,290.0,290.0,Pettah
2026-01-21,Raw White,210.0,210.0,Pettah
2026-01-21,Raw White,280.0,280.0,Pettah
2026-01-22,Raw White,208.0,208.0,Pettah
2026-01-22,Raw White,290.0,290.0,Pettah
2026-01-23,Raw White,205.0,205.0,Pettah
2026-01-23,Raw White,134.0,134.0,Pettah
2026-01-26,Raw White,205.0,205.0,Pettah
2026-01-26,Raw White,134.0,134.0,Pettah
2026-01-27,Raw White,205.0,205.0,Pettah
2026-01-27,Raw White,142.0,142.0,Pettah
2026-01-28,Raw White,206.0,206.0,Pettah
2026-01-28,Raw White,145.0,145.0,Pettah
2026-01-29,Raw White,207.0,207.0,Pettah
2026-01-29,Raw White,225.0,225.0,Pettah
2026-01-30,Raw White,207.0,207.0,Pettah
2026-01-30,Raw White,210.0,210.0,Pettah
2026-02-02,Raw White,205.0,205.0,Pettah
2026-02-02,Raw White,195.0,195.0,Pettah
2026-02-03,Raw White,205.0,205.0,Pettah
2026-02-03,Raw White,190.0,190.0,Pettah
2026-02-05,Raw White,206.0,206.0,Pettah
2026-02-05,Raw White,147.0,147.0,Pettah
2026-02-06,Raw White,199.0,199.0,Pettah
2026-02-06,Raw White,144.0,144.0,Pettah
2026-02-09,Raw White,199.0,199.0,Pettah
2026-02-09,Raw White,144.0,144.0,Pettah
2026-02-10,Raw White,194.0,194.0,Pettah
2026-02-10,Raw White,126.0,126.0,Pettah
2026-02-11,Raw White,194.0,194.0,Pettah
2026-02-11,Raw White,282.0,282.0,Pettah
2026-02-12,Raw White,194.0,194.0,Pettah
2026-02-12,Raw White,268.0,268.0,Pettah
2026-02-13,Raw White,195.0,195.0,Pettah
2026-02-13,Raw White,268.0,268.0,Pettah
2026-02-16,Raw White,194.0,194.0,Pettah
2026-02-16,Raw White,264.0,264.0,Pettah
2026-02-17,Raw White,194.0,194.0,Pettah
2026-02-17,Raw White,262.0,262.0,Pettah
2026-02-18,Raw White,187.0,187.0,Pettah
2026-02-18,Raw White,262.0,262.0,Pettah
2026-02-19,Raw White,193.0,193.0,Pettah
2026-02-19,Raw White,272.0,272.0,Pettah
2026-02-20,Raw White,193.0,193.0,Pettah
2026-02-20,Raw White,268.0,268.0,Pettah
2026-02-23,Raw White,192.0,192.0,Pettah
2026-02-23,Raw White,304.0,304.0,Pettah
2026-02-24,Raw White,189.0,189.0,Pettah
2026-02-24,Raw White,292.0,292.0,Pettah
2026-02-25,Raw White,189.0,189.0,Pettah
2026-02-25,Raw White,288.0,288.0,Pettah
2026-02-26,Raw White,192.0,192.0,Pettah
2026-02-26,Raw White,292.0,292.0,Pettah
2026-02-27,Raw White,190.0,190.0,Pettah
2026-02-27,Raw White,122.0,122.0,Pettah
2026-03-03,Raw White,190.0,190.0,Pettah
2026-03-03,Raw White,242.0,242.0,Pettah
2026-03-04,Raw White,189.0,189.0,Pettah
2026-03-04,Raw White,242.0,242.0,Pettah
2026-03-05,Raw White,191.0,191.0,Pettah
2026-03-05,Raw White,148.0,148.0,Pettah
2026-03-06,Raw White,189.0,189.0,Pettah
2026-03-06,Raw White,266.0,266.0,Pettah
2026-03-09,Raw White,192.0,192.0,Pettah
2026-03-09,Raw White,126.0,126.0,Pettah
2026-03-10,Raw White,192.0,192.0,Pettah
2026-03-10,Raw White,138.0,138.0,Pettah
2026-03-11,Raw White,196.0,196.0,Pettah
2026-03-11,Raw White,133.0,133.0,Pettah
2026-03-12,Raw White,196.0,196.0,Pettah
2026-03-12,Raw White,128.0,128.0,Pettah
2026-03-13,Raw White,196.0,196.0,Pettah
2026-03-13,Raw White,130.0,130.0,Pettah
2026-03-16,Raw White,194.0,194.0,Pettah
2026-03-16,Raw White,144.0,144.0,Pettah
2026-03-17,Raw White,193.0,193.0,Pettah
2026-03-17,Raw White,128.0,128.0,Pettah
2026-03-18,Raw White,195.0,195.0,Pettah
2026-03-18,Raw White,143.0,143.0,Pettah
2026-03-19,Raw White,195.0,195.0,Pettah
2026-03-19,Raw White,141.0,141.0,Pettah
2026-03-20,Raw White,192.0,192.0,Pettah
2026-03-20,Raw White,132.0,132.0,Pettah
2026-03-23,Raw White,194.0,194.0,Pettah
2026-03-23,Raw White,164.0,164.0,Pettah
2026-03-24,Raw White,203.0,203.0,Pettah
2026-03-24,Raw White,152.0,152.0,Pettah
2026-03-25,Raw White,203.0,203.0,Pettah
2026-03-25,Raw White,161.0,161.0,Pettah
2026-03-26,Raw White,205.0,205.0,Pettah
2026-03-26,Raw White,225.0,225.0,Pettah
2026-03-27,Raw White,206.0,206.0,Pettah
2026-03-27,Raw White,155.0,155.0,Pettah
2026-03-30,Raw White,208.0,208.0,Pettah
2026-03-30,Raw White,230.0,230.0,Pettah
2026-03-31,Raw White,208.0,208.0,Pettah
2026-03-31,Raw White,150.0,150.0,Pettah
2026-04-02,Raw White,208.0,208.0,Pettah
2026-04-02,Raw White,142.5,142.5,Pettah
2026-04-06,Raw White,206.0,206.0,Pettah
2026-04-06,Raw White,120.0,120.0,Pettah
2026-04-07,Raw White,204.0,204.0,Pettah
2026-04-07,Raw White,115.0,115.0,Pettah
2026-04-08,Raw White,204.0,204.0,Pettah
2026-04-08,Raw White,110.0,110.0,Pettah
2026-04-09,Raw White,206.0,206.0,Pettah
2026-04-09,Raw White,110.0,110.0,Pettah
2026-04-10,Raw White,205.0,205.0,Pettah
2026-04-10,Raw White,110.0,110.0,Pettah
2026-04-20,Raw White,203.0,203.0,Pettah
2026-04-20,Raw White,135.0,135.0,Pettah
2026-04-21,Raw White,203.0,203.0,Pettah
2026-04-21,Raw White,130.0,130.0,Pettah
2026-04-22,Raw White,204.0,204.0,Pettah
2026-04-22,Raw White,135.0,135.0,Pettah
2026-04-23,Raw White,204.0,204.0,Pettah
2026-04-23,Raw White,275.0,275.0,Pettah
2026-04-24,Raw White,204.0,204.0,Pettah
2026-04-24,Raw White,275.0,275.0,Pettah
2026-04-27,Raw White,204.0,204.0,Pettah
2026-04-27,Raw White,260.0,260.0,Pettah
2026-04-28,Raw White,205.0,205.0,Pettah
2026-04-28,Raw White,275.0,275.0,Pettah
2026-04-29,Raw White,205.0,205.0,Pettah
2026-04-29,Raw White,255.0,255.0,Pettah
2026-04-30,Raw White,205.0,205.0,Pettah
2026-04-30,Raw White,257.5,257.5,Pettah
2026-05-04,Raw White,205.0,205.0,Pettah
2026-05-04,Raw White,235.0,235.0,Pettah
2026-05-05,Raw White,205.0,205.0,Pettah
2026-05-05,Raw White,257.5,257.5,Pettah
2026-05-06,Raw White,205.0,205.0,Pettah
2026-05-06,Raw White,260.0,260.0,Pettah
2026-05-07,Raw White,205.0,205.0,Pettah
2026-05-07,Raw White,257.5,257.5,Pettah
2026-05-08,Raw White,205.0,205.0,Pettah
2026-05-08,Raw White,280.0,280.0,Pettah
2026-05-11,Raw White,202.0,202.0,Pettah
2026-05-11,Raw White,265.0,265.0,Pettah
2026-05-12,Raw White,198.0,198.0,Pettah
2026-05-12,Raw White,288.0,288.0,Pettah
2026-05-13,Raw White,197.0,197.0,Pettah
2026-05-13,Raw White,185.0,185.0,Pettah
2026-05-14,Raw White,196.0,196.0,Pettah
2026-05-14,Raw White,185.0,185.0,Pettah
2026-05-15,Raw White,198.0,198.0,Pettah
2026-05-15,Raw White,143.75,143.75,Pettah
2026-05-18,Raw White,198.0,198.0,Pettah
2026-05-18,Raw White,145.0,145.0,Pettah
2026-05-19,Raw White,196.0,196.0,Pettah
2026-05-19,Raw White,147.5,147.5,Pettah
2026-05-20,Raw White,194.0,194.0,Pettah
2026-05-20,Raw White,157.5,157.5,Pettah
2026-05-21,Raw White,194.0,194.0,Pettah
2026-05-21,Raw White,288.0,288.0,Pettah
2026-05-22,Raw White,194.0,194.0,Pettah
2026-05-22,Raw White,288.0,288.0,Pettah
2026-05-25,Raw White,190.0,190.0,Pettah
2026-05-25,Raw White,304.0,304.0,Pettah
2026-05-26,Raw White,192.5,192.5,Pettah
2026-05-26,Raw White,292.0,292.0,Pettah
2026-05-27,Raw White,190.0,190.0,Pettah
2026-05-27,Raw White,190.0,190.0,Pettah
2026-05-29,Raw White,190.0,190.0,Pettah
2026-05-29,Raw White,172.5,172.5,Pettah
2026-06-01,Raw White,190.0,190.0,Pettah
2026-06-01,Raw White,330.0,330.0,Pettah
2026-06-02,Raw White,191.0,191.0,Pettah
2026-06-02,Raw White,292.0,292.0,Pettah
2026-06-03,Raw White,191.0,191.0,Pettah
2026-06-03,Raw White,300.0,300.0,Pettah
2026-06-04,Raw White,191.0,191.0,Pettah
2026-06-04,Raw White,280.0,280.0,Pettah
2026-06-05,Raw White,191.0,191.0,Pettah
2026-06-05,Raw White,304.0,304.0,Pettah
2026-06-08,Raw White,188.0,188.0,Pettah
2026-06-08,Raw White,185.0,185.0,Pettah
2026-06-09,Raw White,186.0,186.0,Pettah
2026-06-09,Raw White,332.0,332.0,Pettah
2026-06-10,Raw White,188.0,188.0,Pettah
2026-06-10,Raw White,184.0,184.0,Pettah
2026-06-11,Raw White,187.0,187.0,Pettah
2026-06-11,Raw White,168.0,168.0,Pettah
2026-06-12,Raw White,186.0,186.0,Pettah
2026-06-12,Raw White,166.0,166.0,Pettah
2026-06-15,Raw White,188.0,188.0,Pettah
2026-06-15,Raw White,160.0,160.0,Pettah
2026-06-16,Raw White,188.0,188.0,Pettah
2026-06-16,Raw White,156.0,156.0,Pettah
2026-06-17,Raw White,188.0,188.0,Pettah
2026-06-17,Raw White,368.0,368.0,Pettah
2026-06-18,Raw White,189.0,189.0,Pettah
2026-06-18,Raw White,368.0,368.0,Pettah
2026-06-19,Raw White,190.0,190.0,Pettah
2026-06-19,Raw White,338.0,338.0,Pettah
2026-06-22,Raw White,182.0,182.0,Pettah
2026-06-22,Raw White,172.0,172.0,Pettah
2026-06-23,Raw White,181.0,181.0,Pettah
2026-06-23,Raw White,172.0,172.0,Pettah
2026-06-24,Raw White,182.0,182.0,Pettah
2026-06-24,Raw White,322.0,322.0,Pettah
2026-06-25,Raw White,179.0,179.0,Pettah
2026-06-25,Raw White,322.0,322.0,Pettah
2026-06-26,Raw White,182.0,182.0,Pettah
2026-06-26,Raw White,322.0,322.0,Pettah
2026-06-30,Raw White,188.0,188.0,Pettah
2026-06-30,Raw White,322.0,322.0,Pettah
2026-07-01,Raw White,188.0,188.0,Pettah
2026-07-01,Raw White,338.0,338.0,Pettah
2026-07-02,Raw White,188.0,188.0,Pettah
2026-07-02,Raw White,330.0,330.0,Pettah
2026-07-03,Raw White,191.0,191.0,Pettah
2026-07-03,Raw White,338.0,338.0,Pettah
2026-07-06,Raw White,187.5,187.5,Pettah
2026-07-06,Raw White,318.0,318.0,Pettah
2026-07-07,Raw White,180.0,180.0,Pettah
2026-07-07,Raw White,308.0,308.0,Pettah
2026-07-08,Raw White,182.0,182.0,Pettah
2026-07-08,Raw White,312.0,312.0,Pettah
2026-07-09,Raw White,182.0,182.0,Pettah
2026-07-09,Raw White,308.0,308.0,Pettah
2026-07-10,Raw White,182.0,182.0,Pettah
2026-07-10,Raw White,312.0,312.0,Pettah
2026-07-13,Raw White,180.0,180.0,Pettah
2026-07-13,Raw White,332.0,332.0,Pettah
2026-07-14,Raw White,182.5,182.5,Pettah
2026-07-14,Raw White,312.0,312.0,Pettah
2026-07-15,Raw White,182.0,182.0,Pettah
2026-07-15,Raw White,310.0,310.0,Pettah
2026-07-16,Raw White,182.0,182.0,Pettah
2026-07-16,Raw White,280.0,280.0,Pettah
2026-07-17,Raw White,182.0,182.0,Pettah
2026-07-17,Raw White,280.0,280.0,Pettah
2026-07-20,Raw White,182.0,182.0,Pettah
2026-07-20,Raw White,288.0,288.0,Pettah
2026-07-21,Raw White,182.0,182.0,Pettah
2026-07-21,Raw White,280.0,280.0,Pettah
2026-07-22,Raw White,182.0,182.0,Pettah
2026-07-22,Raw White,292.0,292.0,Pettah
2026-07-23,Raw White,184.0,184.0,Pettah
2026-07-23,Raw White,290.0,290.0,Pettah
2026-07-24,Raw White,184.0,184.0,Pettah
2026-07-24,Raw White,304.0,304.0,Pettah
2026-07-27,Raw White,184.0,184.0,Pettah
2026-07-27,Raw White,312.0,312.0,Pettah
2026-07-28,Raw White,179.0,179.0,Pettah
2026-07-28,Raw White,312.0,312.0,Pettah
2026-07-30,Raw White,181.0,181.0,Pettah
2026-07-30,Raw White,312.0,312.0,Pettah
2026-07-31,Raw White,181.0,181.0,Pettah
2026-07-31,Raw White,258.0,258.0,Pettah
2026-08-03,Raw White,183.0,183.0,Pettah
2026-08-03,Raw White,238.0,238.0,Pettah
2026-08-04,Raw White,183.0,183.0,Pettah
2026-08-04,Raw White,238.0,238.0,Pettah
2026-08-05,Raw White,183.0,183.0,Pettah
2026-08-05,Raw White,238.0,238.0,Pettah
2026-08-06,Raw White,183.0,183.0,Pettah
2026-08-06,Raw White,238.0,238.0,Pettah
2026-08-07,Raw White,183.0,183.0,Pettah
2026-08-07,Raw White,210.0,210.0,Pettah
2015-06-22,Raw red,3370.0,67.4,Pettah
2015-06-23,Raw red,3160.0,63.2,Pettah
2015-06-24,Raw red,3320.0,66.4,Pettah
2015-06-25,Raw red,3360.0,67.2,Pettah
2015-06-26,Raw red,3360.0,67.2,Pettah
2015-06-29,Raw red,3300.0,66.0,Pettah
2015-06-30,Raw red,3380.0,67.6,Pettah
2015-07-01,Raw red,3350.0,67.0,Pettah
2015-07-02,Raw red,3350.0,67.0,Pettah
2015-07-03,Raw red,3310.0,66.2,Pettah
2015-07-06,Raw red,3340.0,66.8,Pettah
2015-07-09,Raw red,3270.0,65.4,Pettah
2015-07-10,Raw red,3190.0,63.8,Pettah
2015-07-13,Raw red,3190.0,63.8,Pettah
2015-07-14,Raw red,3110.0,62.2,Pettah
2015-07-15,Raw red,3180.0,63.6,Pettah
2015-07-16,Raw red,3180.0,63.6,Pettah
2015-07-17,Raw red,3100.0,62.0,Pettah
2015-07-20,Raw red,3080.0,61.6,Pettah
2015-07-21,Raw red,3010.0,60.2,Pettah
2015-07-22,Raw red,3100.0,62.0,Pettah
2015-07-24,Raw red,3100.0,62.0,Pettah
2015-07-27,Raw red,3050.0,61.0,Pettah
2015-07-28,Raw red,3070.0,61.4,Pettah
2015-07-29,Raw red,2950.0,59.0,Pettah
2015-07-30,Raw red,3020.0,60.4,Pettah
2015-08-03,Raw red,2940.0,58.8,Pettah
2015-08-04,Raw red,2940.0,58.8,Pettah
2015-08-05,Raw red,2960.0,59.2,Pettah
2015-08-06,Raw red,2930.0,58.6,Pettah
2015-08-07,Raw red,2890.0,57.8,Pettah
2015-08-10,Raw red,2880.0,57.6,Pettah
2015-08-11,Raw red,2930.0,58.6,Pettah
2015-08-12,Raw red,2830.0,56.6,Pettah
2015-08-13,Raw red,2880.0,57.6,Pettah
2015-08-14,Raw red,2920.0,58.4,Pettah
2015-08-20,Raw red,2900.0,58.0,Pettah
2015-08-21,Raw red,2940.0,58.8,Pettah
2015-08-24,Raw red,2920.0,58.4,Pettah
2015-08-25,Raw red,2930.0,58.6,Pettah
2015-08-26,Raw red,2950.0,59.0,Pettah
2015-08-27,Raw red,3010.0,60.2,Pettah
2015-08-28,Raw red,2960.0,59.2,Pettah
2015-08-31,Raw red,2980.0,59.6,Pettah
2015-09-01,Raw red,2970.0,59.4,Pettah
2015-09-02,Raw red,2970.0,59.4,Pettah
2015-09-03,Raw red,2970.0,59.4,Pettah
2015-09-04,Raw red,2970.0,59.4,Pettah
2015-09-07,Raw red,2950.0,59.0,Pettah
2015-09-09,Raw red,2960.0,59.2,Pettah
2015-09-10,Raw red,2950.0,59.0,Pettah
2015-09-11,Raw red,2950.0,59.0,Pettah
2015-09-14,Raw red,2970.0,59.4,Pettah
2015-09-16,Raw red,2940.0,58.8,Pettah
2015-09-17,Raw red,2980.0,59.6,Pettah
2015-09-18,Raw red,2980.0,59.6,Pettah
2015-09-21,Raw red,2930.0,58.6,Pettah
2015-09-22,Raw red,2960.0,59.2,Pettah
2015-09-23,Raw red,2960.0,59.2,Pettah
2015-09-25,Raw red,2950.0,59.0,Pettah
2015-09-28,Raw red,2950.0,59.0,Pettah
2015-09-29,Raw red,2937.5,58.75,Pettah
2015-10-01,Raw red,2950.0,59.0,Pettah
2015-10-02,Raw red,2950.0,59.0,Pettah
2015-10-05,Raw red,2990.0,59.8,Pettah
2015-10-06,Raw red,2940.0,58.8,Pettah
2015-10-07,Raw red,2970.0,59.4,Pettah
2015-10-08,Raw red,2970.0,59.4,Pettah
2015-10-09,Raw red,2970.0,59.4,Pettah
2015-10-12,Raw red,2975.0,59.5,Pettah
2015-10-13,Raw red,2960.0,59.2,Pettah
2015-10-14,Raw red,2970.0,59.4,Pettah
2015-10-15,Raw red,3060.0,61.2,Pettah
2015-10-16,Raw red,2990.0,59.8,Pettah
2015-10-19,Raw red,2950.0,59.0,Pettah
2015-10-20,Raw red,2970.0,59.4,Pettah
2015-10-21,Raw red,2980.0,59.6,Pettah
2015-10-22,Raw red,2970.0,59.4,Pettah
2015-10-23,Raw red,2950.0,59.0,Pettah
2015-10-26,Raw red,2950.0,59.0,Pettah
2015-10-28,Raw red,2930.0,58.6,Pettah
2015-10-29,Raw red,2960.0,59.2,Pettah
2015-10-30,Raw red,2950.0,59.0,Pettah
2015-11-02,Raw red,2970.0,59.4,Pettah
2015-11-03,Raw red,2970.0,59.4,Pettah
2015-11-04,Raw red,2980.0,59.6,Pettah
2015-11-05,Raw red,3000.0,60.0,Pettah
2015-11-06,Raw red,2970.0,59.4,Pettah
2015-11-09,Raw red,3010.0,60.2,Pettah
2015-11-11,Raw red,2990.0,59.8,Pettah
2015-11-12,Raw red,3010.0,60.2,Pettah
2015-11-13,Raw red,3010.0,60.2,Pettah
2015-11-16,Raw red,3020.0,60.4,Pettah
2015-11-17,Raw red,3020.0,60.4,Pettah
2015-11-18,Raw red,3000.0,60.0,Pettah
2015-11-19,Raw red,3000.0,60.0,Pettah
2015-11-20,Raw red,3020.0,60.4,Pettah
2015-11-23,Raw red,3080.0,61.6,Pettah
2015-11-24,Raw red,3070.0,61.4,Pettah
2015-11-26,Raw red,3140.0,62.8,Pettah
2015-11-27,Raw red,3180.0,63.6,Pettah
2015-11-30,Raw red,3160.0,63.2,Pettah
2015-12-01,Raw red,3170.0,63.4,Pettah
2015-12-02,Raw red,3180.0,63.6,Pettah
2015-12-03,Raw red,3190.0,63.8,Pettah
2015-12-04,Raw red,3170.0,63.4,Pettah
2015-12-07,Raw red,3210.0,64.2,Pettah
2015-12-08,Raw red,3210.0,64.2,Pettah
2015-12-09,Raw red,3230.0,64.6,Pettah
2015-12-10,Raw red,3190.0,63.8,Pettah
2015-12-11,Raw red,3190.0,63.8,Pettah
2015-12-14,Raw red,3140.0,62.8,Pettah
2015-12-15,Raw red,3150.0,63.0,Pettah
2015-12-16,Raw red,3140.0,62.8,Pettah
2015-12-17,Raw red,3150.0,63.0,Pettah
2015-12-18,Raw red,3220.0,64.4,Pettah
2015-12-20,Raw red,3100.0,62.0,Pettah
2015-12-21,Raw red,3100.0,62.0,Pettah
2015-12-22,Raw red,3100.0,62.0,Pettah
2015-12-23,Raw red,3120.0,62.4,Pettah
2015-12-28,Raw red,3100.0,62.0,Pettah
2015-12-29,Raw red,3090.0,61.8,Pettah
2015-12-30,Raw red,3080.0,61.6,Pettah
2015-12-31,Raw red,3100.0,62.0,Pettah
2016-01-04,Raw red,3100.0,62.0,Pettah
2016-01-05,Raw red,3070.0,61.4,Pettah
2016-01-06,Raw red,3100.0,62.0,Pettah
2016-01-07,Raw red,3080.0,61.6,Pettah
2016-01-08,Raw red,3100.0,62.0,Pettah
2016-01-11,Raw red,3090.0,61.8,Pettah
2016-01-12,Raw red,3050.0,61.0,Pettah
2016-01-13,Raw red,3070.0,61.4,Pettah
2016-01-14,Raw red,3080.0,61.6,Pettah
2016-01-18,Raw red,3030.0,60.6,Pettah
2016-01-19,Raw red,3010.0,60.2,Pettah
2016-01-20,Raw red,3010.0,60.2,Pettah
2016-01-21,Raw red,3020.0,60.4,Pettah
2016-01-22,Raw red,2990.0,59.8,Pettah
2016-01-25,Raw red,2960.0,59.2,Pettah
2016-01-26,Raw red,2940.0,58.8,Pettah
2016-01-27,Raw red,2940.0,58.8,Pettah
2016-01-28,Raw red,2970.0,59.4,Pettah
2016-01-29,Raw red,2940.0,58.8,Pettah
2016-02-01,Raw red,2950.0,59.0,Pettah
2016-02-02,Raw red,2930.0,58.6,Pettah
2016-02-03,Raw red,2910.0,58.2,Pettah
2016-02-05,Raw red,2770.0,55.4,Pettah
2016-02-08,Raw red,2770.0,55.4,Pettah
2016-02-09,Raw red,2900.0,58.0,Pettah
2016-02-10,Raw red,2840.0,56.8,Pettah
2016-02-11,Raw red,2810.0,56.2,Pettah
2016-02-12,Raw red,2720.0,54.4,Pettah
2016-02-15,Raw red,2730.0,54.6,Pettah
2016-02-16,Raw red,2550.0,51.0,Pettah
2016-02-17,Raw red,2680.0,53.6,Pettah
2016-02-18,Raw red,2600.0,52.0,Pettah
2016-02-19,Raw red,2670.0,53.4,Pettah
2016-02-23,Raw red,2630.0,52.6,Pettah
2016-02-24,Raw red,2650.0,53.0,Pettah
2016-02-25,Raw red,2620.0,52.4,Pettah
2016-02-26,Raw red,2640.0,52.8,Pettah
2016-02-29,Raw red,2720.0,54.4,Pettah
2016-03-01,Raw red,2690.0,53.8,Pettah
2016-03-02,Raw red,2680.0,53.6,Pettah
2016-03-03,Raw red,2650.0,53.0,Pettah
2016-03-04,Raw red,2640.0,52.8,Pettah
2016-03-08,Raw red,2640.0,52.8,Pettah
2016-03-09,Raw red,2670.0,53.4,Pettah
2016-03-10,Raw red,2600.0,52.0,Pettah
2016-03-11,Raw red,2610.0,52.2,Pettah
2016-03-14,Raw red,2670.0,53.4,Pettah
2016-03-15,Raw red,2620.0,52.4,Pettah
2016-03-16,Raw red,2670.0,53.4,Pettah
2016-03-17,Raw red,2660.0,53.2,Pettah
2016-03-18,Raw red,2630.0,52.6,Pettah
2016-03-21,Raw red,2620.0,52.4,Pettah
2016-03-23,Raw red,2640.0,52.8,Pettah
2016-03-24,Raw red,2640.0,52.8,Pettah
2016-03-28,Raw red,2620.0,52.4,Pettah
2016-03-29,Raw red,2620.0,52.4,Pettah
2016-03-30,Raw red,2630.0,52.6,Pettah
2016-03-31,Raw red,2630.0,52.6,Pettah
2016-04-01,Raw red,2660.0,53.2,Pettah
2016-04-04,Raw red,2660.0,53.2,Pettah
2016-04-05,Raw red,2660.0,53.2,Pettah
2016-04-06,Raw red,2610.0,52.2,Pettah
2016-04-07,Raw red,2630.0,52.6,Pettah
2016-04-08,Raw red,2640.0,52.8,Pettah
2016-04-11,Raw red,2680.0,53.6,Pettah
2016-04-18,Raw red,2690.0,53.8,Pettah
2016-04-19,Raw red,2630.0,52.6,Pettah
2016-04-20,Raw red,2600.0,52.0,Pettah
2016-04-22,Raw red,2612.5,52.25,Pettah
2016-04-25,Raw red,2640.0,52.8,Pettah
2016-04-26,Raw red,2620.0,52.4,Pettah
2016-04-27,Raw red,2630.0,52.6,Pettah
2016-04-28,Raw red,2610.0,52.2,Pettah
2016-04-29,Raw red,2700.0,54.0,Pettah
2016-05-02,Raw red,2710.0,54.2,Pettah
2016-05-03,Raw red,2720.0,54.4,Pettah
2016-05-04,Raw red,2700.0,54.0,Pettah
2016-05-05,Raw red,2740.0,54.8,Pettah
2016-05-06,Raw red,2740.0,54.8,Pettah
2016-05-09,Raw red,2740.0,54.8,Pettah
2016-05-10,Raw red,2730.0,54.6,Pettah
2016-05-11,Raw red,2730.0,54.6,Pettah
2016-05-12,Raw red,2750.0,55.0,Pettah
2016-05-13,Raw red,2740.0,54.8,Pettah
2016-05-16,Raw red,2740.0,54.8,Pettah
2016-05-17,Raw red,2750.0,55.0,Pettah
2016-05-18,Raw red,2750.0,55.0,Pettah
2016-05-19,Raw red,2750.0,55.0,Pettah
2016-05-20,Raw red,2740.0,54.8,Pettah
2016-05-23,Raw red,2780.0,55.6,Pettah
2016-05-24,Raw red,2750.0,55.0,Pettah
2016-05-25,Raw red,2770.0,55.4,Pettah
2016-05-26,Raw red,2780.0,55.6,Pettah
2016-05-27,Raw red,2770.0,55.4,Pettah
2016-05-30,Raw red,2770.0,55.4,Pettah
2016-05-31,Raw red,2762.5,55.25,Pettah
2016-06-01,Raw red,2760.0,55.2,Pettah
2016-06-02,Raw red,2750.0,55.0,Pettah
2016-06-03,Raw red,2740.0,54.8,Pettah
2016-06-06,Raw red,2730.0,54.6,Pettah
2016-06-07,Raw red,2770.0,55.4,Pettah
2016-06-08,Raw red,2770.0,55.4,Pettah
2016-06-09,Raw red,2700.0,54.0,Pettah
2016-06-10,Raw red,2740.0,54.8,Pettah
2016-06-13,Raw red,2730.0,54.6,Pettah
2016-06-14,Raw red,2730.0,54.6,Pettah
2016-06-15,Raw red,2750.0,55.0,Pettah
2016-06-16,Raw red,2750.0,55.0,Pettah
2016-06-17,Raw red,2730.0,54.6,Pettah
2016-06-20,Raw red,2720.0,54.4,Pettah
2016-06-21,Raw red,2720.0,54.4,Pettah
2016-06-22,Raw red,2720.0,54.4,Pettah
2016-06-23,Raw red,2720.0,54.4,Pettah
2016-06-24,Raw red,2690.0,53.8,Pettah
2016-06-27,Raw red,2700.0,54.0,Pettah
2016-06-28,Raw red,2690.0,53.8,Pettah
2016-06-29,Raw red,2690.0,53.8,Pettah
2016-06-30,Raw red,2690.0,53.8,Pettah
2016-07-01,Raw red,2690.0,53.8,Pettah
2016-07-04,Raw red,2690.0,53.8,Pettah
2016-07-05,Raw red,2690.0,53.8,Pettah
2016-07-06,Raw red,2680.0,53.6,Pettah
2016-07-07,Raw red,2680.0,53.6,Pettah
2016-07-08,Raw red,2690.0,53.8,Pettah
2016-07-11,Raw red,2700.0,54.0,Pettah
2016-07-12,Raw red,2680.0,53.6,Pettah
2016-07-13,Raw red,2660.0,53.2,Pettah
2016-07-14,Raw red,2650.0,53.0,Pettah
2016-07-15,Raw red,2690.0,53.8,Pettah
2016-07-18,Raw red,2690.0,53.8,Pettah
2016-07-20,Raw red,2750.0,55.0,Pettah
2016-07-21,Raw red,2760.0,55.2,Pettah
2016-07-22,Raw red,2790.0,55.8,Pettah
2016-07-25,Raw red,2780.0,55.6,Pettah
2016-07-26,Raw red,2840.0,56.8,Pettah
2016-07-27,Raw red,2880.0,57.6,Pettah
2016-07-28,Raw red,2840.0,56.8,Pettah
2016-07-29,Raw red,2890.0,57.8,Pettah
2016-08-01,Raw red,2960.0,59.2,Pettah
2016-08-02,Raw red,2980.0,59.6,Pettah
2016-08-03,Raw red,2970.0,59.4,Pettah
2016-08-04,Raw red,2970.0,59.4,Pettah
2016-08-05,Raw red,2970.0,59.4,Pettah
2016-08-08,Raw red,2970.0,59.4,Pettah
2016-08-09,Raw red,2970.0,59.4,Pettah
2016-08-10,Raw red,2966.67,59.333400000000005,Pettah
2016-08-11,Raw red,2990.0,59.8,Pettah
2016-08-12,Raw red,3000.0,60.0,Pettah
2016-08-15,Raw red,2990.0,59.8,Pettah
2016-08-16,Raw red,3020.0,60.4,Pettah
2016-08-18,Raw red,3030.0,60.6,Pettah
2016-08-19,Raw red,3000.0,60.0,Pettah
2016-08-22,Raw red,3020.0,60.4,Pettah
2016-08-23,Raw red,2990.0,59.8,Pettah
2016-08-24,Raw red,3020.0,60.4,Pettah
2016-08-29,Raw red,3030.0,60.6,Pettah
2016-08-30,Raw red,3050.0,61.0,Pettah
2016-08-31,Raw red,3050.0,61.0,Pettah
2016-09-01,Raw red,3010.0,60.2,Pettah
2016-09-02,Raw red,3050.0,61.0,Pettah
2016-09-05,Raw red,3050.0,61.0,Pettah
2016-09-06,Raw red,3050.0,61.0,Pettah
2016-09-07,Raw red,3050.0,61.0,Pettah
2016-09-08,Raw red,3050.0,61.0,Pettah
2016-09-09,Raw red,3070.0,61.4,Pettah
2016-09-13,Raw red,3060.0,61.2,Pettah
2016-09-14,Raw red,3060.0,61.2,Pettah
2016-09-15,Raw red,3060.0,61.2,Pettah
2016-09-19,Raw red,3030.0,60.6,Pettah
2016-09-20,Raw red,3070.0,61.4,Pettah
2016-09-21,Raw red,3110.0,62.2,Pettah
2016-09-22,Raw red,3110.0,62.2,Pettah
2016-09-23,Raw red,3120.0,62.4,Pettah
2016-09-26,Raw red,3130.0,62.6,Pettah
2016-09-27,Raw red,3230.0,64.6,Pettah
2016-09-28,Raw red,3220.0,64.4,Pettah
2016-09-29,Raw red,3290.0,65.8,Pettah
2016-09-30,Raw red,3290.0,65.8,Pettah
2016-10-03,Raw red,3290.0,65.8,Pettah
2016-10-04,Raw red,3310.0,66.2,Pettah
2016-10-05,Raw red,3310.0,66.2,Pettah
2016-10-06,Raw red,3330.0,66.6,Pettah
2016-10-07,Raw red,3380.0,67.6,Pettah
2016-10-10,Raw red,3360.0,67.2,Pettah
2016-10-11,Raw red,3370.0,67.4,Pettah
2016-10-12,Raw red,3360.0,67.2,Pettah
2016-10-13,Raw red,3340.0,66.8,Pettah
2016-10-14,Raw red,3380.0,67.6,Pettah
2016-10-17,Raw red,3380.0,67.6,Pettah
2016-10-18,Raw red,3370.0,67.4,Pettah
2016-10-19,Raw red,3370.0,67.4,Pettah
2016-10-20,Raw red,3370.0,67.4,Pettah
2016-10-21,Raw red,3380.0,67.6,Pettah
2016-10-24,Raw red,3450.0,69.0,Pettah
2016-10-25,Raw red,3390.0,67.8,Pettah
2016-10-26,Raw red,3370.0,67.4,Pettah
2016-10-27,Raw red,3390.0,67.8,Pettah
2016-10-28,Raw red,3390.0,67.8,Pettah
2016-10-31,Raw red,3370.0,67.4,Pettah
2016-11-01,Raw red,3400.0,68.0,Pettah
2016-11-02,Raw red,3410.0,68.2,Pettah
2016-11-03,Raw red,3450.0,69.0,Pettah
2016-11-04,Raw red,3460.0,69.2,Pettah
2016-11-07,Raw red,3460.0,69.2,Pettah
2016-11-08,Raw red,3570.0,71.4,Pettah
2016-11-09,Raw red,3490.0,69.8,Pettah
2016-11-10,Raw red,3490.0,69.8,Pettah
2016-11-11,Raw red,3490.0,69.8,Pettah
2016-11-15,Raw red,3500.0,70.0,Pettah
2016-11-16,Raw red,3550.0,71.0,Pettah
2016-11-17,Raw red,3560.0,71.2,Pettah
2016-11-18,Raw red,3550.0,71.0,Pettah
2016-11-21,Raw red,3575.0,71.5,Pettah
2016-11-22,Raw red,3610.0,72.2,Pettah
2016-11-23,Raw red,3583.33,71.6666,Pettah
2016-11-24,Raw red,3590.0,71.8,Pettah
2016-11-25,Raw red,3580.0,71.6,Pettah
2016-11-28,Raw red,3570.0,71.4,Pettah
2016-11-29,Raw red,3580.0,71.6,Pettah
2016-11-30,Raw red,3570.0,71.4,Pettah
2016-12-01,Raw red,3590.0,71.8,Pettah
2016-12-02,Raw red,3600.0,72.0,Pettah
2016-12-05,Raw red,3580.0,71.6,Pettah
2016-12-06,Raw red,3690.0,73.8,Pettah
2016-12-07,Raw red,3730.0,74.6,Pettah
2016-12-08,Raw red,3750.0,75.0,Pettah
2016-12-09,Raw red,3790.0,75.8,Pettah
2016-12-14,Raw red,3920.0,78.4,Pettah
2016-12-15,Raw red,3900.0,78.0,Pettah
2016-12-16,Raw red,3910.0,78.2,Pettah
2016-12-19,Raw red,3950.0,79.0,Pettah
2016-12-20,Raw red,3960.0,79.2,Pettah
2016-12-21,Raw red,3980.0,79.6,Pettah
2016-12-22,Raw red,3960.0,79.2,Pettah
2016-12-23,Raw red,3980.0,79.6,Pettah
2016-12-26,Raw red,4030.0,80.6,Pettah
2016-12-27,Raw red,4030.0,80.6,Pettah
2016-12-28,Raw red,4130.0,82.6,Pettah
2016-12-29,Raw red,4100.0,82.0,Pettah
2016-12-30,Raw red,4090.0,81.8,Pettah
2017-01-02,Raw red,4110.0,82.2,Pettah
2017-01-03,Raw red,4090.0,81.8,Pettah
2017-01-04,Raw red,4070.0,81.4,Pettah
2017-01-05,Raw red,4120.0,82.4,Pettah
2017-01-06,Raw red,4120.0,82.4,Pettah
2017-01-09,Raw red,4110.0,82.2,Pettah
2017-01-10,Raw red,4090.0,81.8,Pettah
2017-01-11,Raw red,4120.0,82.4,Pettah
2017-01-13,Raw red,4110.0,82.2,Pettah
2017-01-16,Raw red,4100.0,82.0,Pettah
2017-01-17,Raw red,4120.0,82.4,Pettah
2017-01-18,Raw red,4060.0,81.2,Pettah
2017-01-19,Raw red,4240.0,84.8,Pettah
2017-01-20,Raw red,4290.0,85.8,Pettah
2017-01-23,Raw red,4290.0,85.8,Pettah
2017-01-24,Raw red,4487.5,89.75,Pettah
2017-01-25,Raw red,4487.5,89.75,Pettah
2017-01-26,Raw red,4487.5,89.75,Pettah
2017-01-27,Raw red,4500.0,90.0,Pettah
2017-01-30,Raw red,4900.0,98.0,Pettah
2017-01-31,Raw red,4930.0,98.6,Pettah
2017-03-01,Raw red,3720.0,74.4,Pettah
2017-03-02,Raw red,3720.0,74.4,Pettah
2017-03-03,Raw red,3740.0,74.8,Pettah
2017-03-06,Raw red,3740.0,74.8,Pettah
2017-03-07,Raw red,3740.0,74.8,Pettah
2017-03-08,Raw red,3730.0,74.6,Pettah
2017-03-09,Raw red,3710.0,74.2,Pettah
2017-03-10,Raw red,3740.0,74.8,Pettah
2017-03-13,Raw red,3750.0,75.0,Pettah
2017-03-14,Raw red,3760.0,75.2,Pettah
2017-03-15,Raw red,3730.0,74.6,Pettah
2017-03-16,Raw red,3720.0,74.4,Pettah
2017-03-17,Raw red,3750.0,75.0,Pettah
2017-03-20,Raw red,3780.0,75.6,Pettah
2017-03-21,Raw red,3780.0,75.6,Pettah
2017-03-22,Raw red,3770.0,75.4,Pettah
2017-03-23,Raw red,3770.0,75.4,Pettah
2017-03-24,Raw red,3780.0,75.6,Pettah
2017-03-27,Raw red,3770.0,75.4,Pettah
2017-03-28,Raw red,3770.0,75.4,Pettah
2017-03-29,Raw red,3780.0,75.6,Pettah
2017-03-30,Raw red,3780.0,75.6,Pettah
2017-03-31,Raw red,3780.0,75.6,Pettah
2017-04-03,Raw red,3760.0,75.2,Pettah
2017-04-04,Raw red,3770.0,75.4,Pettah
2017-04-05,Raw red,3760.0,75.2,Pettah
2017-04-06,Raw red,3780.0,75.6,Pettah
2017-04-07,Raw red,3810.0,76.2,Pettah
2017-04-11,Raw red,3760.0,75.2,Pettah
2017-04-12,Raw red,3790.0,75.8,Pettah
2017-04-17,Raw red,3780.0,75.6,Pettah
2017-04-18,Raw red,3780.0,75.6,Pettah
2017-04-19,Raw red,3780.0,75.6,Pettah
2017-04-20,Raw red,3790.0,75.8,Pettah
2017-04-21,Raw red,3820.0,76.4,Pettah
2017-04-24,Raw red,3790.0,75.8,Pettah
2017-04-25,Raw red,3790.0,75.8,Pettah
2017-04-26,Raw red,3810.0,76.2,Pettah
2017-04-27,Raw red,3800.0,76.0,Pettah
2017-04-28,Raw red,3883.33,77.6666,Pettah
2017-05-02,Raw red,3860.0,77.2,Pettah
2017-05-03,Raw red,3850.0,77.0,Pettah
2017-05-04,Raw red,3860.0,77.2,Pettah
2017-05-05,Raw red,3860.0,77.2,Pettah
2017-05-08,Raw red,3840.0,76.8,Pettah
2017-05-09,Raw red,3850.0,77.0,Pettah
2017-05-12,Raw red,3900.0,78.0,Pettah
2017-05-15,Raw red,3900.0,78.0,Pettah
2017-05-16,Raw red,3910.0,78.2,Pettah
2017-05-17,Raw red,3933.33,78.6666,Pettah
2017-05-18,Raw red,3930.0,78.6,Pettah
2017-05-19,Raw red,3930.0,78.6,Pettah
2017-05-23,Raw red,3990.0,79.8,Pettah
2017-05-24,Raw red,3950.0,79.0,Pettah
2017-05-25,Raw red,4030.0,80.6,Pettah
2017-05-26,Raw red,4060.0,81.2,Pettah
2017-05-29,Raw red,4091.67,81.8334,Pettah
2017-05-30,Raw red,4150.0,83.0,Pettah
2017-05-31,Raw red,4150.0,83.0,Pettah
2017-06-02,Raw red,4080.0,81.6,Pettah
2017-06-05,Raw red,4070.0,81.4,Pettah
2017-06-06,Raw red,4120.0,82.4,Pettah
2017-06-07,Raw red,4130.0,82.6,Pettah
2017-06-09,Raw red,4070.0,81.4,Pettah
2017-06-12,Raw red,4070.0,81.4,Pettah
2017-06-13,Raw red,4430.0,88.6,Pettah
2017-06-14,Raw red,4120.0,82.4,Pettah
2017-06-15,Raw red,4070.0,81.4,Pettah
2017-06-16,Raw red,4150.0,83.0,Pettah
2017-06-19,Raw red,4060.0,81.2,Pettah
2017-06-20,Raw red,4110.0,82.2,Pettah
2017-06-21,Raw red,4130.0,82.6,Pettah
2017-06-22,Raw red,4050.0,81.0,Pettah
2017-06-23,Raw red,4000.0,80.0,Pettah
2017-06-27,Raw red,4220.0,84.4,Pettah
2017-06-28,Raw red,4070.0,81.4,Pettah
2017-06-29,Raw red,3962.5,79.25,Pettah
2017-06-30,Raw red,3950.0,79.0,Pettah
2017-07-03,Raw red,3900.0,78.0,Pettah
2017-07-04,Raw red,3980.0,79.6,Pettah
2017-07-05,Raw red,3970.0,79.4,Pettah
2017-07-06,Raw red,3950.0,79.0,Pettah
2017-07-07,Raw red,4166.67,83.3334,Pettah
2017-07-10,Raw red,3958.33,79.1666,Pettah
2017-07-11,Raw red,3933.33,78.6666,Pettah
2017-07-12,Raw red,3941.67,78.8334,Pettah
2017-07-13,Raw red,3966.67,79.3334,Pettah
2017-07-14,Raw red,3958.33,79.1666,Pettah
2017-07-17,Raw red,3891.67,77.8334,Pettah
2017-07-18,Raw red,3891.67,77.8334,Pettah
2017-07-19,Raw red,3891.67,77.8334,Pettah
2017-07-20,Raw red,3933.33,78.6666,Pettah
2017-07-21,Raw red,3941.67,78.8334,Pettah
2017-07-24,Raw red,4233.33,84.6666,Pettah
2017-07-25,Raw red,3875.0,77.5,Pettah
2017-07-26,Raw red,3925.0,78.5,Pettah
2017-07-27,Raw red,3866.67,77.3334,Pettah
2017-07-28,Raw red,3858.33,77.1666,Pettah
2017-07-31,Raw red,3816.67,76.3334,Pettah
2017-08-01,Raw red,3858.33,77.1666,Pettah
2017-08-02,Raw red,3791.67,75.8334,Pettah
2017-08-03,Raw red,4233.33,84.6666,Pettah
2017-08-04,Raw red,3783.33,75.6666,Pettah
2017-08-08,Raw red,3783.33,75.6666,Pettah
2017-08-09,Raw red,3758.33,75.1666,Pettah
2017-08-10,Raw red,3725.0,74.5,Pettah
2017-08-11,Raw red,3733.33,74.6666,Pettah
2017-08-14,Raw red,3750.0,75.0,Pettah
2017-08-15,Raw red,3708.33,74.1666,Pettah
2017-08-16,Raw red,3766.67,75.3334,Pettah
2017-08-17,Raw red,3775.0,75.5,Pettah
2017-08-18,Raw red,3808.33,76.1666,Pettah
2017-08-21,Raw red,3850.0,77.0,Pettah
2017-08-22,Raw red,3820.0,76.4,Pettah
2017-08-23,Raw red,3930.0,78.6,Pettah
2017-08-24,Raw red,3840.0,76.8,Pettah
2017-08-25,Raw red,3891.67,77.8334,Pettah
2017-08-28,Raw red,3983.33,79.6666,Pettah
2017-08-29,Raw red,4008.33,80.1666,Pettah
2017-08-30,Raw red,4070.0,81.4,Pettah
2017-08-31,Raw red,4050.0,81.0,Pettah
2017-09-04,Raw red,4166.67,83.3334,Pettah
2017-09-06,Raw red,4133.33,82.6666,Pettah
2017-09-07,Raw red,4133.33,82.6666,Pettah
2017-09-08,Raw red,4220.0,84.4,Pettah
2017-09-11,Raw red,4216.67,84.3334,Pettah
2017-09-12,Raw red,4170.0,83.4,Pettah
2017-09-13,Raw red,4160.0,83.2,Pettah
2017-09-14,Raw red,4170.0,83.4,Pettah
2017-09-15,Raw red,4141.67,82.8334,Pettah
2017-09-18,Raw red,4116.67,82.3334,Pettah
2017-09-19,Raw red,4183.33,83.6666,Pettah
2017-09-20,Raw red,4108.33,82.1666,Pettah
2017-09-21,Raw red,4166.67,83.3334,Pettah
2017-09-22,Raw red,4116.67,82.3334,Pettah
2017-09-25,Raw red,4175.0,83.5,Pettah
2017-09-26,Raw red,4133.33,82.6666,Pettah
2017-09-27,Raw red,4100.0,82.0,Pettah
2017-09-28,Raw red,4050.0,81.0,Pettah
2017-09-29,Raw red,4025.0,80.5,Pettah
2017-10-02,Raw red,4050.0,81.0,Pettah
2017-10-03,Raw red,3983.33,79.6666,Pettah
2017-10-04,Raw red,3983.33,79.6666,Pettah
2017-10-06,Raw red,4058.33,81.1666,Pettah
2017-10-09,Raw red,4025.0,80.5,Pettah
2017-10-10,Raw red,3950.0,79.0,Pettah
2017-10-11,Raw red,3891.67,77.8334,Pettah
2017-10-12,Raw red,3975.0,79.5,Pettah
2017-10-13,Raw red,3900.0,78.0,Pettah
2017-10-16,Raw red,3516.67,70.3334,Pettah
2017-10-17,Raw red,3800.0,76.0,Pettah
2017-10-19,Raw red,3775.0,75.5,Pettah
2017-10-20,Raw red,3766.67,75.3334,Pettah
2017-10-23,Raw red,4208.33,84.1666,Pettah
2017-10-24,Raw red,4216.67,84.3334,Pettah
2017-10-25,Raw red,4208.33,84.1666,Pettah
2017-10-26,Raw red,4208.33,84.1666,Pettah
2017-10-27,Raw red,4191.67,83.8334,Pettah
2017-10-30,Raw red,3625.0,72.5,Pettah
2017-10-31,Raw red,4200.0,84.0,Pettah
2017-11-01,Raw red,3616.67,72.3334,Pettah
2017-11-02,Raw red,3575.0,71.5,Pettah
2017-11-06,Raw red,3550.0,71.0,Pettah
2017-11-07,Raw red,3600.0,72.0,Pettah
2017-11-08,Raw red,3608.33,72.1666,Pettah
2017-11-09,Raw red,3566.67,71.3334,Pettah
2017-11-10,Raw red,3591.67,71.8334,Pettah
2017-11-13,Raw red,3591.67,71.8334,Pettah
2017-11-14,Raw red,3608.33,72.1666,Pettah
2017-11-15,Raw red,4608.33,92.1666,Pettah
2017-11-16,Raw red,3630.0,72.6,Pettah
2017-11-17,Raw red,3590.0,71.8,Pettah
2017-11-20,Raw red,3600.0,72.0,Pettah
2017-11-21,Raw red,3600.0,72.0,Pettah
2017-11-22,Raw red,3600.0,72.0,Pettah
2017-11-23,Raw red,3641.67,72.8334,Pettah
2017-11-24,Raw red,3625.0,72.5,Pettah
2017-11-27,Raw red,3625.0,72.5,Pettah
2017-11-28,Raw red,3658.33,73.1666,Pettah
2017-11-29,Raw red,4530.0,90.6,Pettah
2017-11-30,Raw red,3700.0,74.0,Pettah
2017-12-04,Raw red,4100.0,82.0,Pettah
2017-12-05,Raw red,4100.0,82.0,Pettah
2017-12-06,Raw red,4108.33,82.1666,Pettah
2017-12-07,Raw red,4100.0,82.0,Pettah
2017-12-08,Raw red,4108.33,82.1666,Pettah
2017-12-11,Raw red,4075.0,81.5,Pettah
2017-12-12,Raw red,4100.0,82.0,Pettah
2017-12-13,Raw red,4090.0,81.8,Pettah
2017-12-14,Raw red,4070.0,81.4,Pettah
2017-12-15,Raw red,4090.0,81.8,Pettah
2017-12-18,Raw red,4090.0,81.8,Pettah
2017-12-19,Raw red,4100.0,82.0,Pettah
2017-12-20,Raw red,4070.0,81.4,Pettah
2017-12-21,Raw red,4070.0,81.4,Pettah
2017-12-22,Raw red,4066.67,81.3334,Pettah
2017-12-26,Raw red,4041.67,80.8334,Pettah
2017-12-27,Raw red,4033.33,80.6666,Pettah
2017-12-28,Raw red,4040.0,80.8,Pettah
2017-12-29,Raw red,4030.0,80.6,Pettah
2018-01-02,Raw red,4030.0,80.6,Pettah
2018-01-03,Raw red,4040.0,80.8,Pettah
2018-01-04,Raw red,3950.0,79.0,Pettah
2018-01-05,Raw red,4030.0,80.6,Pettah
2018-01-08,Raw red,4010.0,80.2,Pettah
2018-01-09,Raw red,4020.0,80.4,Pettah
2018-01-10,Raw red,4020.0,80.4,Pettah
2018-01-11,Raw red,4020.0,80.4,Pettah
2018-01-12,Raw red,4040.0,80.8,Pettah
2018-01-15,Raw red,3960.0,79.2,Pettah
2018-01-16,Raw red,3970.0,79.4,Pettah
2018-01-17,Raw red,3880.0,77.6,Pettah
2018-01-18,Raw red,3960.0,79.2,Pettah
2018-01-19,Raw red,3940.0,78.8,Pettah
2018-01-22,Raw red,3790.0,75.8,Pettah
2018-01-23,Raw red,3780.0,75.6,Pettah
2018-01-24,Raw red,3760.0,75.2,Pettah
2018-01-25,Raw red,3860.0,77.2,Pettah
2018-01-26,Raw red,3750.0,75.0,Pettah
2018-01-29,Raw red,3710.0,74.2,Pettah
2018-01-30,Raw red,3740.0,74.8,Pettah
2018-02-01,Raw red,3670.0,73.4,Pettah
2018-02-02,Raw red,3700.0,74.0,Pettah
2018-02-05,Raw red,3660.0,73.2,Pettah
2018-02-07,Raw red,3600.0,72.0,Pettah
2018-02-08,Raw red,3590.0,71.8,Pettah
2018-02-09,Raw red,3580.0,71.6,Pettah
2018-02-12,Raw red,3660.0,73.2,Pettah
2018-02-14,Raw red,3610.0,72.2,Pettah
2018-02-15,Raw red,3630.0,72.6,Pettah
2018-02-16,Raw red,3600.0,72.0,Pettah
2018-02-19,Raw red,3630.0,72.6,Pettah
2018-02-20,Raw red,3570.0,71.4,Pettah
2018-02-21,Raw red,3660.0,73.2,Pettah
2018-02-22,Raw red,3640.0,72.8,Pettah
2018-02-23,Raw red,3640.0,72.8,Pettah
2018-02-26,Raw red,3710.0,74.2,Pettah
2018-02-27,Raw red,3690.0,73.8,Pettah
2018-02-28,Raw red,3720.0,74.4,Pettah
2018-03-02,Raw red,3730.0,74.6,Pettah
2018-03-05,Raw red,3730.0,74.6,Pettah
2018-03-06,Raw red,3720.0,74.4,Pettah
2018-03-07,Raw red,3740.0,74.8,Pettah
2018-03-08,Raw red,3660.0,73.2,Pettah
2018-03-09,Raw red,3650.0,73.0,Pettah
2018-03-12,Raw red,3730.0,74.6,Pettah
2018-03-13,Raw red,3670.0,73.4,Pettah
2018-03-14,Raw red,3690.0,73.8,Pettah
2018-03-15,Raw red,3720.0,74.4,Pettah
2018-03-16,Raw red,3650.0,73.0,Pettah
2018-03-19,Raw red,3710.0,74.2,Pettah
2018-03-20,Raw red,3690.0,73.8,Pettah
2018-03-21,Raw red,3700.0,74.0,Pettah
2018-03-22,Raw red,3700.0,74.0,Pettah
2018-03-23,Raw red,3710.0,74.2,Pettah
2018-03-26,Raw red,3630.0,72.6,Pettah
2018-03-27,Raw red,3650.0,73.0,Pettah
2018-03-28,Raw red,3670.0,73.4,Pettah
2018-04-02,Raw red,3650.0,73.0,Pettah
2018-04-03,Raw red,3610.0,72.2,Pettah
2018-04-04,Raw red,3610.0,72.2,Pettah
2018-04-05,Raw red,3590.0,71.8,Pettah
2018-04-06,Raw red,3520.0,70.4,Pettah
2018-04-09,Raw red,3560.0,71.2,Pettah
2018-04-10,Raw red,3570.0,71.4,Pettah
2018-04-11,Raw red,3540.0,70.8,Pettah
2018-04-12,Raw red,3480.0,69.6,Pettah
2018-04-17,Raw red,3480.0,69.6,Pettah
2018-04-18,Raw red,3510.0,70.2,Pettah
2018-04-19,Raw red,3500.0,70.0,Pettah
2018-04-20,Raw red,3510.0,70.2,Pettah
2018-04-23,Raw red,3480.0,69.6,Pettah
2018-04-24,Raw red,3480.0,69.6,Pettah
2018-04-25,Raw red,3490.0,69.8,Pettah
2018-04-26,Raw red,3500.0,70.0,Pettah
2018-04-27,Raw red,3510.0,70.2,Pettah
2018-05-01,Raw red,3520.0,70.4,Pettah
2018-05-02,Raw red,3720.0,74.4,Pettah
2018-05-03,Raw red,4100.0,82.0,Pettah
2018-05-04,Raw red,4250.0,85.0,Pettah
2018-05-08,Raw red,4250.0,85.0,Pettah
2018-05-09,Raw red,4240.0,84.8,Pettah
2018-05-10,Raw red,4110.0,82.2,Pettah
2018-05-11,Raw red,4180.0,83.6,Pettah
2018-05-14,Raw red,4190.0,83.8,Pettah
2018-05-15,Raw red,4180.0,83.6,Pettah
2018-05-16,Raw red,3530.0,70.6,Pettah
2018-05-17,Raw red,3540.0,70.8,Pettah
2018-05-21,Raw red,4060.0,81.2,Pettah
2018-05-22,Raw red,4040.0,80.8,Pettah
2018-05-23,Raw red,4050.0,81.0,Pettah
2018-05-24,Raw red,4050.0,81.0,Pettah
2018-05-25,Raw red,4010.0,80.2,Pettah
2018-05-28,Raw red,4080.0,81.6,Pettah
2018-05-30,Raw red,4000.0,80.0,Pettah
2018-05-31,Raw red,3960.0,79.2,Pettah
2018-06-05,Raw red,3950.0,79.0,Pettah
2018-06-06,Raw red,3940.0,78.8,Pettah
2018-06-07,Raw red,3950.0,79.0,Pettah
2018-06-08,Raw red,3920.0,78.4,Pettah
2018-06-11,Raw red,3910.0,78.2,Pettah
2018-06-12,Raw red,3920.0,78.4,Pettah
2018-06-13,Raw red,3980.0,79.6,Pettah
2018-06-14,Raw red,4040.0,80.8,Pettah
2018-06-18,Raw red,4410.0,88.2,Pettah
2018-06-19,Raw red,4400.0,88.0,Pettah
2018-06-20,Raw red,4500.0,90.0,Pettah
2018-06-21,Raw red,4500.0,90.0,Pettah
2018-06-22,Raw red,4500.0,90.0,Pettah
2018-06-25,Raw red,4500.0,90.0,Pettah
2018-06-26,Raw red,4500.0,90.0,Pettah
2018-06-28,Raw red,4540.0,90.8,Pettah
2018-06-29,Raw red,4590.0,91.8,Pettah
2018-07-02,Raw red,4560.0,91.2,Pettah
2018-07-03,Raw red,4580.0,91.6,Pettah
2018-07-04,Raw red,4570.0,91.4,Pettah
2018-07-05,Raw red,4670.0,93.4,Pettah
2018-07-06,Raw red,4670.0,93.4,Pettah
2018-07-09,Raw red,4690.0,93.8,Pettah
2018-07-10,Raw red,4700.0,94.0,Pettah
2018-07-11,Raw red,4750.0,95.0,Pettah
2018-07-12,Raw red,4690.0,93.8,Pettah
2018-07-13,Raw red,4710.0,94.2,Pettah
2018-07-16,Raw red,4710.0,94.2,Pettah
2018-07-17,Raw red,4710.0,94.2,Pettah
2018-07-18,Raw red,4690.0,93.8,Pettah
2018-07-19,Raw red,4660.0,93.2,Pettah
2018-07-20,Raw red,4680.0,93.6,Pettah
2018-07-23,Raw red,3460.0,69.2,Pettah
2018-07-24,Raw red,3460.0,69.2,Pettah
2018-07-25,Raw red,3460.0,69.2,Pettah
2018-07-26,Raw red,3450.0,69.0,Pettah
2018-07-30,Raw red,3460.0,69.2,Pettah
2018-07-31,Raw red,3480.0,69.6,Pettah
2018-08-01,Raw red,3480.0,69.6,Pettah
2018-08-02,Raw red,3340.0,66.8,Pettah
2018-08-03,Raw red,3510.0,70.2,Pettah
2018-08-06,Raw red,5000.0,100.0,Pettah
2018-08-07,Raw red,5040.0,100.8,Pettah
2018-08-08,Raw red,5070.0,101.4,Pettah
2018-08-09,Raw red,3300.0,66.0,Pettah
2018-08-10,Raw red,3390.0,67.8,Pettah
2018-08-13,Raw red,3390.0,67.8,Pettah
2018-08-14,Raw red,3370.0,67.4,Pettah
2018-08-15,Raw red,3356.0,67.12,Pettah
2018-08-16,Raw red,3410.0,68.2,Pettah
2018-08-17,Raw red,3340.0,66.8,Pettah
2018-08-20,Raw red,3370.0,67.4,Pettah
2018-08-21,Raw red,3360.0,67.2,Pettah
2018-08-23,Raw red,3670.0,73.4,Pettah
2018-08-24,Raw red,3700.0,74.0,Pettah
2018-08-27,Raw red,3640.0,72.8,Pettah
2018-08-28,Raw red,3650.0,73.0,Pettah
2018-08-29,Raw red,3640.0,72.8,Pettah
2018-09-03,Raw red,3600.0,72.0,Pettah
2018-09-04,Raw red,3620.0,72.4,Pettah
2018-09-05,Raw red,3580.0,71.6,Pettah
2018-09-06,Raw red,5750.0,115.0,Pettah
2018-09-07,Raw red,3350.0,67.0,Pettah
2018-09-10,Raw red,3360.0,67.2,Pettah
2018-09-11,Raw red,3580.0,71.6,Pettah
2018-09-12,Raw red,3620.0,72.4,Pettah
2018-09-13,Raw red,3340.0,66.8,Pettah
2018-09-14,Raw red,3360.0,67.2,Pettah
2018-09-17,Raw red,3350.0,67.0,Pettah
2018-09-18,Raw red,3580.0,71.6,Pettah
2018-09-19,Raw red,6250.0,125.0,Pettah
2018-09-20,Raw red,3340.0,66.8,Pettah
2018-09-21,Raw red,3340.0,66.8,Pettah
2018-09-25,Raw red,3330.0,66.6,Pettah
2018-09-26,Raw red,3610.0,72.2,Pettah
2018-09-27,Raw red,3610.0,72.2,Pettah
2018-09-28,Raw red,3340.0,66.8,Pettah
2018-10-01,Raw red,3600.0,72.0,Pettah
2018-10-02,Raw red,3580.0,71.6,Pettah
2018-10-03,Raw red,3360.0,67.2,Pettah
2018-10-04,Raw red,3340.0,66.8,Pettah
2018-10-05,Raw red,3400.0,68.0,Pettah
2018-10-08,Raw red,3430.0,68.6,Pettah
2018-10-09,Raw red,3440.0,68.8,Pettah
2018-10-10,Raw red,3450.0,69.0,Pettah
2018-10-11,Raw red,3430.0,68.6,Pettah
2018-10-12,Raw red,3430.0,68.6,Pettah
2018-10-15,Raw red,3440.0,68.8,Pettah
2018-10-16,Raw red,3440.0,68.8,Pettah
2018-10-17,Raw red,3440.0,68.8,Pettah
2018-10-18,Raw red,3440.0,68.8,Pettah
2018-10-19,Raw red,3480.0,69.6,Pettah
2018-10-22,Raw red,3430.0,68.6,Pettah
2018-10-23,Raw red,3460.0,69.2,Pettah
2018-10-25,Raw red,3440.0,68.8,Pettah
2018-10-26,Raw red,3470.0,69.4,Pettah
2018-10-29,Raw red,3500.0,70.0,Pettah
2018-10-30,Raw red,3480.0,69.6,Pettah
2018-10-31,Raw red,3490.0,69.8,Pettah
2018-11-01,Raw red,3490.0,69.8,Pettah
2018-11-02,Raw red,3480.0,69.6,Pettah
2018-11-05,Raw red,3480.0,69.6,Pettah
2018-11-07,Raw red,3500.0,70.0,Pettah
2018-11-08,Raw red,3480.0,69.6,Pettah
2018-11-09,Raw red,3520.0,70.4,Pettah
2018-11-12,Raw red,3520.0,70.4,Pettah
2018-11-13,Raw red,3520.0,70.4,Pettah
2018-11-14,Raw red,3540.0,70.8,Pettah
2018-11-15,Raw red,3500.0,70.0,Pettah
2018-11-16,Raw red,3510.0,70.2,Pettah
2018-11-19,Raw red,3520.0,70.4,Pettah
2018-11-21,Raw red,3520.0,70.4,Pettah
2018-11-23,Raw red,3540.0,70.8,Pettah
2018-11-26,Raw red,3540.0,70.8,Pettah
2018-11-27,Raw red,3540.0,70.8,Pettah
2018-11-28,Raw red,3540.0,70.8,Pettah
2018-11-29,Raw red,3540.0,70.8,Pettah
2018-11-30,Raw red,3520.0,70.4,Pettah
2018-12-03,Raw red,4040.0,80.8,Pettah
2018-12-04,Raw red,3540.0,70.8,Pettah
2018-12-05,Raw red,3540.0,70.8,Pettah
2018-12-06,Raw red,3540.0,70.8,Pettah
2018-12-07,Raw red,3540.0,70.8,Pettah
2018-12-10,Raw red,3560.0,71.2,Pettah
2018-12-11,Raw red,3540.0,70.8,Pettah
2018-12-12,Raw red,3540.0,70.8,Pettah
2018-12-13,Raw red,3540.0,70.8,Pettah
2018-12-14,Raw red,3540.0,70.8,Pettah
2018-12-17,Raw red,3560.0,71.2,Pettah
2018-12-18,Raw red,3560.0,71.2,Pettah
2018-12-19,Raw red,3560.0,71.2,Pettah
2018-12-20,Raw red,3540.0,70.8,Pettah
2018-12-21,Raw red,3540.0,70.8,Pettah
2018-12-24,Raw red,3560.0,71.2,Pettah
2018-12-26,Raw red,3560.0,71.2,Pettah
2018-12-27,Raw red,3560.0,71.2,Pettah
2018-12-28,Raw red,3540.0,70.8,Pettah
2018-12-31,Raw red,3560.0,71.2,Pettah
2019-01-01,Raw red,3560.0,71.2,Pettah
2019-01-02,Raw red,3550.0,71.0,Pettah
2019-01-03,Raw red,3560.0,71.2,Pettah
2019-01-04,Raw red,3550.0,71.0,Pettah
2019-01-07,Raw red,3550.0,71.0,Pettah
2019-01-08,Raw red,3440.0,68.8,Pettah
2019-01-09,Raw red,3540.0,70.8,Pettah
2019-01-10,Raw red,3560.0,71.2,Pettah
2019-01-11,Raw red,3540.0,70.8,Pettah
2019-01-14,Raw red,3540.0,70.8,Pettah
2019-01-16,Raw red,3530.0,70.6,Pettah
2019-01-17,Raw red,3510.0,70.2,Pettah
2019-01-18,Raw red,3510.0,70.2,Pettah
2019-01-21,Raw red,3520.0,70.4,Pettah
2019-01-22,Raw red,3550.0,71.0,Pettah
2019-01-23,Raw red,3570.0,71.4,Pettah
2019-01-24,Raw red,3480.0,69.6,Pettah
2019-01-25,Raw red,3480.0,69.6,Pettah
2019-01-28,Raw red,3520.0,70.4,Pettah
2019-01-29,Raw red,3460.0,69.2,Pettah
2019-01-30,Raw red,3450.0,69.0,Pettah
2019-01-31,Raw red,3540.0,70.8,Pettah
2019-02-01,Raw red,3440.0,68.8,Pettah
2019-02-05,Raw red,3440.0,68.8,Pettah
2019-02-06,Raw red,3440.0,68.8,Pettah
2019-02-07,Raw red,3410.0,68.2,Pettah
2019-02-08,Raw red,3440.0,68.8,Pettah
2019-02-11,Raw red,3450.0,69.0,Pettah
2019-02-12,Raw red,3460.0,69.2,Pettah
2019-02-13,Raw red,3460.0,69.2,Pettah
2019-02-14,Raw red,3440.0,68.8,Pettah
2019-02-15,Raw red,3430.0,68.6,Pettah
2019-02-18,Raw red,3400.0,68.0,Pettah
2019-02-21,Raw red,3412.5,68.25,Pettah
2019-02-22,Raw red,3310.0,66.2,Pettah
2019-02-25,Raw red,3310.0,66.2,Pettah
2019-02-26,Raw red,3310.0,66.2,Pettah
2019-02-27,Raw red,3320.0,66.4,Pettah
2019-02-28,Raw red,3320.0,66.4,Pettah
2019-03-01,Raw red,3310.0,66.2,Pettah
2019-03-05,Raw red,3300.0,66.0,Pettah
2019-03-06,Raw red,3290.0,65.8,Pettah
2019-03-07,Raw red,3340.0,66.8,Pettah
2019-03-08,Raw red,3440.0,68.8,Pettah
2019-03-11,Raw red,3360.0,67.2,Pettah
2019-03-12,Raw red,3340.0,66.8,Pettah
2019-03-13,Raw red,3300.0,66.0,Pettah
2019-03-14,Raw red,3330.0,66.6,Pettah
2019-03-15,Raw red,3290.0,65.8,Pettah
2019-03-18,Raw red,3260.0,65.2,Pettah
2019-03-19,Raw red,3290.0,65.8,Pettah
2019-03-21,Raw red,3300.0,66.0,Pettah
2019-03-22,Raw red,3260.0,65.2,Pettah
2019-03-25,Raw red,3240.0,64.8,Pettah
2019-03-26,Raw red,3250.0,65.0,Pettah
2019-03-27,Raw red,3300.0,66.0,Pettah
2019-03-28,Raw red,3260.0,65.2,Pettah
2019-03-29,Raw red,3300.0,66.0,Pettah
2019-04-01,Raw red,3330.0,66.6,Pettah
2019-04-02,Raw red,3230.0,64.6,Pettah
2019-04-03,Raw red,3280.0,65.6,Pettah
2019-04-04,Raw red,3290.0,65.8,Pettah
2019-04-05,Raw red,3300.0,66.0,Pettah
2019-04-08,Raw red,3280.0,65.6,Pettah
2019-04-09,Raw red,3240.0,64.8,Pettah
2019-04-10,Raw red,3300.0,66.0,Pettah
2019-04-11,Raw red,3310.0,66.2,Pettah
2019-04-12,Raw red,3320.0,66.4,Pettah
2019-04-17,Raw red,3320.0,66.4,Pettah
2019-04-18,Raw red,3300.0,66.0,Pettah
2019-04-23,Raw red,3270.0,65.4,Pettah
2019-04-24,Raw red,3320.0,66.4,Pettah
2019-04-25,Raw red,3320.0,66.4,Pettah
2019-04-26,Raw red,3350.0,67.0,Pettah
2019-04-29,Raw red,3330.0,66.6,Pettah
2019-04-30,Raw red,3250.0,65.0,Pettah
2019-05-02,Raw red,3320.0,66.4,Pettah
2019-05-03,Raw red,3310.0,66.2,Pettah
2019-05-06,Raw red,3360.0,67.2,Pettah
2019-05-07,Raw red,3330.0,66.6,Pettah
2019-05-08,Raw red,3430.0,68.6,Pettah
2019-05-09,Raw red,3340.0,66.8,Pettah
2019-05-10,Raw red,3370.0,67.4,Pettah
2019-05-13,Raw red,3440.0,68.8,Pettah
2019-05-14,Raw red,3380.0,67.6,Pettah
2019-05-15,Raw red,3370.0,67.4,Pettah
2019-05-16,Raw red,3420.0,68.4,Pettah
2019-05-17,Raw red,3360.0,67.2,Pettah
2019-05-21,Raw red,3420.0,68.4,Pettah
2019-05-22,Raw red,3430.0,68.6,Pettah
2019-05-23,Raw red,3440.0,68.8,Pettah
2019-05-27,Raw red,3440.0,68.8,Pettah
2019-05-28,Raw red,3450.0,69.0,Pettah
2019-05-29,Raw red,3440.0,68.8,Pettah
2019-05-30,Raw red,3420.0,68.4,Pettah
2019-05-31,Raw red,3420.0,68.4,Pettah
2019-06-03,Raw red,3440.0,68.8,Pettah
2019-06-04,Raw red,3440.0,68.8,Pettah
2019-06-06,Raw red,3450.0,69.0,Pettah
2019-06-07,Raw red,3410.0,68.2,Pettah
2019-06-10,Raw red,3410.0,68.2,Pettah
2019-06-11,Raw red,3410.0,68.2,Pettah
2019-06-12,Raw red,3390.0,67.8,Pettah
2019-06-13,Raw red,3390.0,67.8,Pettah
2019-06-14,Raw red,3340.0,66.8,Pettah
2019-06-17,Raw red,3440.0,68.8,Pettah
2019-06-18,Raw red,3350.0,67.0,Pettah
2019-06-19,Raw red,3350.0,67.0,Pettah
2019-06-20,Raw red,3360.0,67.2,Pettah
2019-06-21,Raw red,3340.0,66.8,Pettah
2019-06-24,Raw red,3350.0,67.0,Pettah
2019-06-25,Raw red,3340.0,66.8,Pettah
2019-06-26,Raw red,3320.0,66.4,Pettah
2019-06-27,Raw red,3320.0,66.4,Pettah
2019-06-28,Raw red,3320.0,66.4,Pettah
2019-07-01,Raw red,3340.0,66.8,Pettah
2019-07-02,Raw red,3330.0,66.6,Pettah
2019-07-03,Raw red,3340.0,66.8,Pettah
2019-07-04,Raw red,3320.0,66.4,Pettah
2019-07-05,Raw red,3320.0,66.4,Pettah
2019-07-08,Raw red,3320.0,66.4,Pettah
2019-07-09,Raw red,3330.0,66.6,Pettah
2019-07-10,Raw red,3330.0,66.6,Pettah
2019-07-11,Raw red,3320.0,66.4,Pettah
2019-07-12,Raw red,3330.0,66.6,Pettah
2019-07-15,Raw red,3440.0,68.8,Pettah
2019-07-17,Raw red,3440.0,68.8,Pettah
2019-07-18,Raw red,3430.0,68.6,Pettah
2019-07-19,Raw red,3450.0,69.0,Pettah
2019-07-23,Raw red,3480.0,69.6,Pettah
2019-07-24,Raw red,3500.0,70.0,Pettah
2019-07-25,Raw red,3460.0,69.2,Pettah
2019-07-26,Raw red,3460.0,69.2,Pettah
2019-07-29,Raw red,3540.0,70.8,Pettah
2019-07-30,Raw red,3500.0,70.0,Pettah
2019-08-02,Raw red,3560.0,71.2,Pettah
2019-08-06,Raw red,3590.0,71.8,Pettah
2019-08-07,Raw red,3600.0,72.0,Pettah
2019-08-08,Raw red,3620.0,72.4,Pettah
2019-08-09,Raw red,3620.0,72.4,Pettah
2019-08-13,Raw red,3650.0,73.0,Pettah
2019-08-15,Raw red,3560.0,71.2,Pettah
2019-08-16,Raw red,3570.0,71.4,Pettah
2019-08-19,Raw red,3590.0,71.8,Pettah
2019-08-20,Raw red,3640.0,72.8,Pettah
2019-08-21,Raw red,3640.0,72.8,Pettah
2019-08-22,Raw red,3630.0,72.6,Pettah
2019-08-23,Raw red,3620.0,72.4,Pettah
2019-08-26,Raw red,3550.0,71.0,Pettah
2019-08-27,Raw red,3630.0,72.6,Pettah
2019-08-28,Raw red,3620.0,72.4,Pettah
2019-08-29,Raw red,3630.0,72.6,Pettah
2019-08-30,Raw red,3630.0,72.6,Pettah
2019-09-03,Raw red,3670.0,73.4,Pettah
2019-09-04,Raw red,3690.0,73.8,Pettah
2019-09-05,Raw red,3690.0,73.8,Pettah
2019-09-06,Raw red,3690.0,73.8,Pettah
2019-09-09,Raw red,3730.0,74.6,Pettah
2019-09-10,Raw red,3730.0,74.6,Pettah
2019-09-12,Raw red,3890.0,77.8,Pettah
2019-09-16,Raw red,3830.0,76.6,Pettah
2019-09-17,Raw red,3960.0,79.2,Pettah
2019-09-18,Raw red,3910.0,78.2,Pettah
2019-09-19,Raw red,3950.0,79.0,Pettah
2019-09-20,Raw red,3960.0,79.2,Pettah
2019-09-23,Raw red,3970.0,79.4,Pettah
2019-09-24,Raw red,3980.0,79.6,Pettah
2019-09-25,Raw red,3960.0,79.2,Pettah
2019-09-26,Raw red,3950.0,79.0,Pettah
2019-09-27,Raw red,3990.0,79.8,Pettah
2019-09-30,Raw red,3980.0,79.6,Pettah
2019-10-01,Raw red,3950.0,79.0,Pettah
2019-10-02,Raw red,3950.0,79.0,Pettah
2019-10-03,Raw red,3970.0,79.4,Pettah
2019-10-04,Raw red,3970.0,79.4,Pettah
2019-10-07,Raw red,3990.0,79.8,Pettah
2019-10-08,Raw red,4040.0,80.8,Pettah
2019-10-09,Raw red,4040.0,80.8,Pettah
2019-10-10,Raw red,4040.0,80.8,Pettah
2019-10-11,Raw red,4040.0,80.8,Pettah
2019-10-14,Raw red,4060.0,81.2,Pettah
2019-10-15,Raw red,4140.0,82.8,Pettah
2019-10-16,Raw red,4220.0,84.4,Pettah
2019-10-17,Raw red,4230.0,84.6,Pettah
2019-10-18,Raw red,4230.0,84.6,Pettah
2019-10-21,Raw red,4230.0,84.6,Pettah
2019-10-22,Raw red,4220.0,84.4,Pettah
2019-10-23,Raw red,4230.0,84.6,Pettah
2019-10-24,Raw red,4230.0,84.6,Pettah
2019-10-25,Raw red,4230.0,84.6,Pettah
2019-10-28,Raw red,4340.0,86.8,Pettah
2019-10-29,Raw red,4340.0,86.8,Pettah
2019-10-30,Raw red,4440.0,88.8,Pettah
2019-10-31,Raw red,4450.0,89.0,Pettah
2019-11-01,Raw red,4450.0,89.0,Pettah
2019-11-04,Raw red,4460.0,89.2,Pettah
2019-11-05,Raw red,4480.0,89.6,Pettah
2019-11-06,Raw red,4490.0,89.8,Pettah
2019-11-07,Raw red,4460.0,89.2,Pettah
2019-11-08,Raw red,4460.0,89.2,Pettah
2019-11-11,Raw red,4490.0,89.8,Pettah
2019-11-13,Raw red,4490.0,89.8,Pettah
2019-11-14,Raw red,4470.0,89.4,Pettah
2019-11-15,Raw red,4460.0,89.2,Pettah
2019-11-18,Raw red,4480.0,89.6,Pettah
2019-11-19,Raw red,4490.0,89.8,Pettah
2019-11-20,Raw red,4520.0,90.4,Pettah
2019-11-21,Raw red,4510.0,90.2,Pettah
2019-11-22,Raw red,4500.0,90.0,Pettah
2019-11-25,Raw red,4750.0,95.0,Pettah
2019-11-26,Raw red,4840.0,96.8,Pettah
2019-11-27,Raw red,4900.0,98.0,Pettah
2019-11-28,Raw red,4880.0,97.6,Pettah
2019-11-29,Raw red,4950.0,99.0,Pettah
2019-12-02,Raw red,4940.0,98.8,Pettah
2019-12-03,Raw red,5060.0,101.2,Pettah
2019-12-04,Raw red,5060.0,101.2,Pettah
2019-12-05,Raw red,5100.0,102.0,Pettah
2019-12-06,Raw red,5120.0,102.4,Pettah
2019-12-09,Raw red,5120.0,102.4,Pettah
2019-12-10,Raw red,5130.0,102.6,Pettah
2019-12-12,Raw red,5130.0,102.6,Pettah
2019-12-13,Raw red,5160.0,103.2,Pettah
2019-12-16,Raw red,5240.0,104.8,Pettah
2019-12-17,Raw red,5280.0,105.6,Pettah
2019-12-18,Raw red,5410.0,108.2,Pettah
2019-12-19,Raw red,5250.0,105.0,Pettah
2019-12-20,Raw red,5190.0,103.8,Pettah
2019-12-23,Raw red,5060.0,101.2,Pettah
2019-12-24,Raw red,5225.0,104.5,Pettah
2019-12-26,Raw red,5225.0,104.5,Pettah
2019-12-27,Raw red,,,Pettah
2019-12-30,Raw red,,,Pettah
2019-12-31,Raw red,,,Pettah
2020-01-01,Raw red,,,Pettah
2020-01-02,Raw red,,,Pettah
2020-01-03,Raw red,,,Pettah
2020-01-06,Raw red,5500.0,110.0,Pettah
2020-01-07,Raw red,5500.0,110.0,Pettah
2020-01-08,Raw red,5450.0,109.0,Pettah
2020-01-09,Raw red,5450.0,109.0,Pettah
2020-01-13,Raw red,5275.0,105.5,Pettah
2020-01-14,Raw red,5083.33,101.6666,Pettah
2020-01-16,Raw red,5190.0,103.8,Pettah
2020-01-17,Raw red,5050.0,101.0,Pettah
2020-01-20,Raw red,5183.33,103.6666,Pettah
2020-01-21,Raw red,5125.0,102.5,Pettah
2020-01-22,Raw red,5150.0,103.0,Pettah
2020-01-23,Raw red,5000.0,100.0,Pettah
2020-01-24,Raw red,4980.0,99.6,Pettah
2020-01-27,Raw red,4860.0,97.2,Pettah
2020-01-28,Raw red,4650.0,93.0,Pettah
2020-01-29,Raw red,4740.0,94.8,Pettah
2020-01-30,Raw red,4870.0,97.4,Pettah
2020-01-31,Raw red,4730.0,94.6,Pettah
2020-02-03,Raw red,4610.0,92.2,Pettah
2020-02-05,Raw red,4490.0,89.8,Pettah
2020-02-06,Raw red,4480.0,89.6,Pettah
2020-02-07,Raw red,4510.0,90.2,Pettah
2020-02-10,Raw red,4480.0,89.6,Pettah
2020-02-11,Raw red,4400.0,88.0,Pettah
2020-02-12,Raw red,4380.0,87.6,Pettah
2020-02-13,Raw red,4510.0,90.2,Pettah
2020-02-14,Raw red,4460.0,89.2,Pettah
2020-02-17,Raw red,4390.0,87.8,Pettah
2020-02-18,Raw red,4360.0,87.2,Pettah
2020-02-19,Raw red,4380.0,87.6,Pettah
2020-02-20,Raw red,4340.0,86.8,Pettah
2020-02-24,Raw red,4340.0,86.8,Pettah
2020-02-25,Raw red,4310.0,86.2,Pettah
2020-02-26,Raw red,4300.0,86.0,Pettah
2020-02-27,Raw red,4280.0,85.6,Pettah
2020-02-28,Raw red,4290.0,85.8,Pettah
2020-03-02,Raw red,4250.0,85.0,Pettah
2020-03-03,Raw red,4260.0,85.2,Pettah
2020-03-04,Raw red,4230.0,84.6,Pettah
2020-03-05,Raw red,4240.0,84.8,Pettah
2020-03-06,Raw red,4240.0,84.8,Pettah
2020-03-10,Raw red,4250.0,85.0,Pettah
2020-03-11,Raw red,4220.0,84.4,Pettah
2020-03-12,Raw red,4230.0,84.6,Pettah
2020-03-13,Raw red,4240.0,84.8,Pettah
2020-06-15,Raw red,4550.0,91.0,Pettah
2020-06-16,Raw red,4583.33,91.6666,Pettah
2020-06-17,Raw red,4600.0,92.0,Pettah
2020-06-18,Raw red,4600.0,92.0,Pettah
2020-06-19,Raw red,4600.0,92.0,Pettah
2020-06-22,Raw red,4500.0,90.0,Pettah
2020-06-23,Raw red,4466.67,89.3334,Pettah
2020-06-24,Raw red,4500.0,90.0,Pettah
2020-06-25,Raw red,4500.0,90.0,Pettah
2020-06-26,Raw red,4500.0,90.0,Pettah
2020-06-29,Raw red,4490.0,89.8,Pettah
2020-06-30,Raw red,4490.0,89.8,Pettah
2020-07-01,Raw red,4440.0,88.8,Pettah
2020-07-02,Raw red,4450.0,89.0,Pettah
2020-07-03,Raw red,4470.0,89.4,Pettah
2020-07-06,Raw red,4450.0,89.0,Pettah
2020-07-07,Raw red,4450.0,89.0,Pettah
2020-07-08,Raw red,4440.0,88.8,Pettah
2020-07-09,Raw red,4450.0,89.0,Pettah
2020-07-10,Raw red,4450.0,89.0,Pettah
2020-07-13,Raw red,4460.0,89.2,Pettah
2020-07-14,Raw red,4460.0,89.2,Pettah
2020-07-15,Raw red,4470.0,89.4,Pettah
2020-07-16,Raw red,4460.0,89.2,Pettah
2020-07-17,Raw red,4480.0,89.6,Pettah
2020-07-20,Raw red,4480.0,89.6,Pettah
2020-07-21,Raw red,4480.0,89.6,Pettah
2020-07-22,Raw red,4430.0,88.6,Pettah
2020-07-23,Raw red,4460.0,89.2,Pettah
2020-07-24,Raw red,4460.0,89.2,Pettah
2020-07-27,Raw red,4470.0,89.4,Pettah
2020-07-28,Raw red,4460.0,89.2,Pettah
2020-07-29,Raw red,4480.0,89.6,Pettah
2020-07-30,Raw red,4470.0,89.4,Pettah
2020-07-31,Raw red,4470.0,89.4,Pettah
2020-08-04,Raw red,4470.0,89.4,Pettah
2020-08-06,Raw red,4460.0,89.2,Pettah
2020-08-07,Raw red,4440.0,88.8,Pettah
2020-08-10,Raw red,4460.0,89.2,Pettah
2020-08-11,Raw red,4420.0,88.4,Pettah
2020-08-12,Raw red,4440.0,88.8,Pettah
2020-08-13,Raw red,4440.0,88.8,Pettah
2020-08-14,Raw red,4440.0,88.8,Pettah
2020-08-17,Raw red,4440.0,88.8,Pettah
2020-08-18,Raw red,4440.0,88.8,Pettah
2020-08-19,Raw red,4450.0,89.0,Pettah
2020-08-20,Raw red,4460.0,89.2,Pettah
2020-08-21,Raw red,4440.0,88.8,Pettah
2020-08-24,Raw red,4460.0,89.2,Pettah
2020-08-25,Raw red,4440.0,88.8,Pettah
2020-08-26,Raw red,4450.0,89.0,Pettah
2020-08-27,Raw red,4460.0,89.2,Pettah
2020-08-28,Raw red,4460.0,89.2,Pettah
2020-08-31,Raw red,4460.0,89.2,Pettah
2020-09-02,Raw red,4460.0,89.2,Pettah
2020-09-03,Raw red,396.0,396.0,Pettah
2020-09-04,Raw red,404.0,404.0,Pettah
2020-09-07,Raw red,400.0,400.0,Pettah
2020-09-08,Raw red,4490.0,89.8,Pettah
2020-09-09,Raw red,4500.0,90.0,Pettah
2020-09-10,Raw red,4490.0,89.8,Pettah
2020-09-11,Raw red,4490.0,89.8,Pettah
2020-09-14,Raw red,4480.0,89.6,Pettah
2020-09-15,Raw red,4480.0,89.6,Pettah
2020-09-16,Raw red,4560.0,91.2,Pettah
2020-09-17,Raw red,4560.0,91.2,Pettah
2020-09-18,Raw red,4540.0,90.8,Pettah
2020-09-21,Raw red,4560.0,91.2,Pettah
2020-09-22,Raw red,4570.0,91.4,Pettah
2020-09-23,Raw red,4570.0,91.4,Pettah
2020-09-24,Raw red,4550.0,91.0,Pettah
2020-09-25,Raw red,4540.0,90.8,Pettah
2020-09-28,Raw red,187.0,187.0,Pettah
2020-09-29,Raw red,4540.0,90.8,Pettah
2020-09-30,Raw red,188.0,188.0,Pettah
2020-10-01,Raw red,4560.0,91.2,Pettah
2020-10-02,Raw red,4560.0,91.2,Pettah
2020-10-05,Raw red,4560.0,91.2,Pettah
2020-10-06,Raw red,224.0,224.0,Pettah
2020-10-07,Raw red,260.0,260.0,Pettah
2020-10-08,Raw red,296.0,296.0,Pettah
2020-10-09,Raw red,284.0,284.0,Pettah
2020-10-12,Raw red,256.0,256.0,Pettah
2020-10-13,Raw red,244.0,244.0,Pettah
2020-10-14,Raw red,226.0,226.0,Pettah
2020-10-15,Raw red,227.0,227.0,Pettah
2020-10-16,Raw red,200.0,200.0,Pettah
2020-10-19,Raw red,271.25,271.25,Pettah
2020-10-20,Raw red,265.0,265.0,Pettah
2020-10-21,Raw red,246.0,246.0,Pettah
2020-10-22,Raw red,274.0,274.0,Pettah
2020-10-23,Raw red,4660.0,93.2,Pettah
2020-10-26,Raw red,4660.0,93.2,Pettah
2020-10-27,Raw red,,,Pettah
2020-10-28,Raw red,,,Pettah
2020-10-29,Raw red,,,Pettah
2020-11-02,Raw red,,,Pettah
2020-11-03,Raw red,,,Pettah
2020-11-04,Raw red,,,Pettah
2020-11-05,Raw red,,,Pettah
2020-11-06,Raw red,,,Pettah
2020-11-09,Raw red,,,Pettah
2020-11-10,Raw red,,,Pettah
2020-11-11,Raw red,,,Pettah
2020-11-12,Raw red,4640.0,92.8,Pettah
2020-11-13,Raw red,4650.0,93.0,Pettah
2020-11-16,Raw red,4650.0,93.0,Pettah
2020-11-17,Raw red,,,Pettah
2020-11-18,Raw red,,,Pettah
2020-11-19,Raw red,,,Pettah
2020-11-20,Raw red,,,Pettah
2020-11-23,Raw red,,,Pettah
2020-11-24,Raw red,,,Pettah
2020-11-25,Raw red,,,Pettah
2020-11-26,Raw red,,,Pettah
2020-11-27,Raw red,,,Pettah
2020-11-30,Raw red,,,Pettah
2020-12-01,Raw red,,,Pettah
2020-12-02,Raw red,,,Pettah
2020-12-03,Raw red,,,Pettah
2020-12-04,Raw red,,,Pettah
2020-12-07,Raw red,,,Pettah
2020-12-08,Raw red,,,Pettah
2020-12-09,Raw red,,,Pettah
2020-12-11,Raw red,,,Pettah
2020-12-14,Raw red,,,Pettah
2020-12-15,Raw red,,,Pettah
2020-12-16,Raw red,,,Pettah
2020-12-17,Raw red,,,Pettah
2020-12-18,Raw red,,,Pettah
2020-12-21,Raw red,,,Pettah
2020-12-22,Raw red,,,Pettah
2020-12-23,Raw red,,,Pettah
2020-12-24,Raw red,,,Pettah
2020-12-28,Raw red,,,Pettah
2020-12-30,Raw red,,,Pettah
2020-12-31,Raw red,,,Pettah
2021-01-01,Raw red,,,Pettah
2021-01-04,Raw red,,,Pettah
2021-01-05,Raw red,,,Pettah
2021-01-06,Raw red,,,Pettah
2021-01-07,Raw red,,,Pettah
2021-01-08,Raw red,,,Pettah
2021-01-11,Raw red,,,Pettah
2021-01-12,Raw red,483.0,483.0,Pettah
2021-01-13,Raw red,483.0,483.0,Pettah
2021-01-15,Raw red,487.0,487.0,Pettah
2021-01-18,Raw red,477.0,477.0,Pettah
2021-01-19,Raw red,479.0,479.0,Pettah
2021-01-20,Raw red,471.0,471.0,Pettah
2021-01-21,Raw red,474.0,474.0,Pettah
2021-01-22,Raw red,471.0,471.0,Pettah
2021-01-25,Raw red,464.0,464.0,Pettah
2021-01-26,Raw red,461.0,461.0,Pettah
2021-01-27,Raw red,464.0,464.0,Pettah
2021-01-29,Raw red,464.0,464.0,Pettah
2021-02-01,Raw red,4690.0,93.8,Pettah
2021-02-02,Raw red,466.0,466.0,Pettah
2021-02-03,Raw red,468.0,468.0,Pettah
2021-02-08,Raw red,466.0,466.0,Pettah
2021-02-09,Raw red,466.0,466.0,Pettah
2021-02-10,Raw red,466.0,466.0,Pettah
2021-02-11,Raw red,467.0,467.0,Pettah
2021-02-12,Raw red,467.0,467.0,Pettah
2021-02-15,Raw red,471.0,471.0,Pettah
2021-02-16,Raw red,488.0,488.0,Pettah
2021-02-17,Raw red,508.0,508.0,Pettah
2021-02-18,Raw red,507.0,507.0,Pettah
2021-02-19,Raw red,503.0,503.0,Pettah
2021-02-22,Raw red,242.0,242.0,Pettah
2021-02-23,Raw red,242.0,242.0,Pettah
2021-02-24,Raw red,208.0,208.0,Pettah
2021-02-25,Raw red,504.0,504.0,Pettah
2021-03-01,Raw red,504.0,504.0,Pettah
2021-03-02,Raw red,496.0,496.0,Pettah
2021-03-03,Raw red,501.0,501.0,Pettah
2021-03-04,Raw red,498.0,498.0,Pettah
2021-03-05,Raw red,498.0,498.0,Pettah
2021-03-08,Raw red,499.0,499.0,Pettah
2021-03-09,Raw red,504.0,504.0,Pettah
2021-03-10,Raw red,516.0,516.0,Pettah
2021-03-12,Raw red,508.0,508.0,Pettah
2021-03-15,Raw red,497.0,497.0,Pettah
2021-03-16,Raw red,498.0,498.0,Pettah
2021-03-17,Raw red,496.0,496.0,Pettah
2021-03-18,Raw red,504.0,504.0,Pettah
2021-03-19,Raw red,504.0,504.0,Pettah
2021-03-22,Raw red,500.0,500.0,Pettah
2021-03-23,Raw red,504.0,504.0,Pettah
2021-03-24,Raw red,502.0,502.0,Pettah
2021-03-25,Raw red,504.0,504.0,Pettah
2021-03-26,Raw red,504.0,504.0,Pettah
2021-03-29,Raw red,504.0,504.0,Pettah
2021-03-30,Raw red,504.0,504.0,Pettah
2021-03-31,Raw red,504.0,504.0,Pettah
2021-04-01,Raw red,174.0,174.0,Pettah
2021-04-05,Raw red,224.0,224.0,Pettah
2021-04-06,Raw red,254.0,254.0,Pettah
2021-04-07,Raw red,242.0,242.0,Pettah
2021-04-08,Raw red,238.0,238.0,Pettah
2021-04-09,Raw red,240.0,240.0,Pettah
2021-04-19,Raw red,260.0,260.0,Pettah
2021-04-20,Raw red,134.0,134.0,Pettah
2021-04-21,Raw red,216.0,216.0,Pettah
2021-04-22,Raw red,228.0,228.0,Pettah
2021-04-23,Raw red,228.0,228.0,Pettah
2021-04-27,Raw red,234.0,234.0,Pettah
2021-04-28,Raw red,238.0,238.0,Pettah
2021-04-29,Raw red,228.0,228.0,Pettah
2021-04-30,Raw red,252.0,252.0,Pettah
2021-05-03,Raw red,254.0,254.0,Pettah
2021-05-04,Raw red,207.0,207.0,Pettah
2021-05-05,Raw red,264.0,264.0,Pettah
2021-05-06,Raw red,125.0,125.0,Pettah
2021-05-07,Raw red,246.0,246.0,Pettah
2021-05-10,Raw red,4810.0,96.2,Pettah
2021-05-11,Raw red,4820.0,96.4,Pettah
2021-05-12,Raw red,284.0,284.0,Pettah
2021-05-13,Raw red,4850.0,97.0,Pettah
2021-05-17,Raw red,4840.0,96.8,Pettah
2021-05-18,Raw red,4920.0,98.4,Pettah
2021-05-19,Raw red,4940.0,98.8,Pettah
2021-05-20,Raw red,4940.0,98.8,Pettah
2021-05-21,Raw red,322.0,322.0,Pettah
2021-06-08,Raw red,164.0,164.0,Pettah
2021-06-09,Raw red,265.0,265.0,Pettah
2021-06-18,Raw red,260.0,260.0,Pettah
2021-06-21,Raw red,244.0,244.0,Pettah
2021-06-22,Raw red,267.5,267.5,Pettah
2021-06-23,Raw red,276.0,276.0,Pettah
2021-06-25,Raw red,272.0,272.0,Pettah
2021-06-28,Raw red,285.0,285.0,Pettah
2021-06-29,Raw red,278.0,278.0,Pettah
2021-06-30,Raw red,274.0,274.0,Pettah
2021-07-01,Raw red,175.0,175.0,Pettah
2021-07-02,Raw red,255.0,255.0,Pettah
2021-07-05,Raw red,255.0,255.0,Pettah
2021-07-06,Raw red,247.5,247.5,Pettah
2021-07-07,Raw red,254.0,254.0,Pettah
2021-07-08,Raw red,244.0,244.0,Pettah
2021-07-09,Raw red,208.0,208.0,Pettah
2021-07-12,Raw red,4700.0,94.0,Pettah
2021-07-13,Raw red,4690.0,93.8,Pettah
2021-07-14,Raw red,4640.0,92.8,Pettah
2021-07-15,Raw red,4630.0,92.6,Pettah
2021-07-16,Raw red,164.0,164.0,Pettah
2021-07-19,Raw red,4630.0,92.6,Pettah
2021-07-20,Raw red,4630.0,92.6,Pettah
2021-07-22,Raw red,4570.0,91.4,Pettah
2021-07-26,Raw red,4570.0,91.4,Pettah
2021-07-27,Raw red,4550.0,91.0,Pettah
2021-07-28,Raw red,4570.0,91.4,Pettah
2021-07-29,Raw red,4550.0,91.0,Pettah
2021-07-30,Raw red,4520.0,90.4,Pettah
2021-08-02,Raw red,4850.0,97.0,Pettah
2021-08-03,Raw red,4850.0,97.0,Pettah
2021-08-04,Raw red,4830.0,96.6,Pettah
2021-08-05,Raw red,4810.0,96.2,Pettah
2021-08-06,Raw red,4820.0,96.4,Pettah
2021-08-09,Raw red,4530.0,90.6,Pettah
2021-08-11,Raw red,4890.0,97.8,Pettah
2021-08-12,Raw red,4540.0,90.8,Pettah
2021-08-13,Raw red,4540.0,90.8,Pettah
2021-08-16,Raw red,4600.0,92.0,Pettah
2021-08-17,Raw red,5060.0,101.2,Pettah
2021-08-18,Raw red,4910.0,98.2,Pettah
2021-08-19,Raw red,4910.0,98.2,Pettah
2021-08-20,Raw red,4630.0,92.6,Pettah
2021-08-24,Raw red,4600.0,92.0,Pettah
2021-08-25,Raw red,4580.0,91.6,Pettah
2021-09-01,Raw red,4710.0,94.2,Pettah
2021-09-02,Raw red,4710.0,94.2,Pettah
2021-09-06,Raw red,4716.67,94.3334,Pettah
2021-09-09,Raw red,4575.0,91.5,Pettah
2021-09-10,Raw red,4580.0,91.6,Pettah
2021-09-13,Raw red,4690.0,93.8,Pettah
2021-09-14,Raw red,4690.0,93.8,Pettah
2021-09-15,Raw red,4630.0,92.6,Pettah
2021-09-16,Raw red,4630.0,92.6,Pettah
2021-09-17,Raw red,4630.0,92.6,Pettah
2021-09-21,Raw red,4680.0,93.6,Pettah
2021-09-22,Raw red,4690.0,93.8,Pettah
2021-09-23,Raw red,4680.0,93.6,Pettah
2021-09-24,Raw red,4690.0,93.8,Pettah
2021-09-27,Raw red,4660.0,93.2,Pettah
2021-09-28,Raw red,4680.0,93.6,Pettah
2021-09-29,Raw red,4700.0,94.0,Pettah
2021-09-30,Raw red,4710.0,94.2,Pettah
2021-10-01,Raw red,4820.0,96.4,Pettah
2021-10-04,Raw red,506.0,10.12,Pettah
2021-10-05,Raw red,4960.0,99.2,Pettah
2021-10-06,Raw red,4960.0,99.2,Pettah
2021-10-07,Raw red,4980.0,99.6,Pettah
2021-10-08,Raw red,512.0,10.24,Pettah
2021-10-11,Raw red,5000.0,100.0,Pettah
2021-10-12,Raw red,4970.0,99.4,Pettah
2021-10-13,Raw red,506.0,10.12,Pettah
2021-10-14,Raw red,507.0,507.0,Pettah
2021-10-15,Raw red,506.0,506.0,Pettah
2021-10-18,Raw red,504.0,504.0,Pettah
2021-10-21,Raw red,512.0,512.0,Pettah
2021-10-22,Raw red,505.0,505.0,Pettah
2021-10-25,Raw red,510.0,510.0,Pettah
2021-10-26,Raw red,505.0,10.1,Pettah
2021-10-27,Raw red,6040.0,120.8,Pettah
2021-10-28,Raw red,6090.0,121.8,Pettah
2021-10-29,Raw red,6110.0,122.2,Pettah
2021-11-01,Raw red,6350.0,127.0,Pettah
2021-11-02,Raw red,6500.0,130.0,Pettah
2021-11-03,Raw red,6580.0,131.6,Pettah
2021-11-08,Raw red,129.0,129.0,Pettah
2021-11-09,Raw red,127.6,127.6,Pettah
2021-11-10,Raw red,127.2,127.2,Pettah
2021-11-11,Raw red,107.2,107.2,Pettah
2021-11-12,Raw red,106.2,106.2,Pettah
2021-11-15,Raw red,108.2,108.2,Pettah
2021-11-16,Raw red,108.2,108.2,Pettah
2021-11-17,Raw red,108.2,108.2,Pettah
2021-11-19,Raw red,107.6,107.6,Pettah
2021-11-19,Raw red,494.0,494.0,Pettah
2021-11-22,Raw red,107.6,107.6,Pettah
2021-11-22,Raw red,,,Pettah
2021-11-23,Raw red,109.0,109.0,Pettah
2021-11-23,Raw red,492.5,492.5,Pettah
2021-11-24,Raw red,107.6,107.6,Pettah
2021-11-24,Raw red,491.25,491.25,Pettah
2021-11-25,Raw red,110.0,110.0,Pettah
2021-11-25,Raw red,497.5,497.5,Pettah
2021-11-26,Raw red,110.0,110.0,Pettah
2021-11-26,Raw red,510.0,510.0,Pettah
2021-11-29,Raw red,110.8,110.8,Pettah
2021-11-29,Raw red,515.0,515.0,Pettah
2021-11-30,Raw red,110.0,110.0,Pettah
2021-11-30,Raw red,518.75,518.75,Pettah
2021-12-01,Raw red,110.4,110.4,Pettah
2021-12-01,Raw red,518.75,518.75,Pettah
2021-12-02,Raw red,110.8,110.8,Pettah
2021-12-02,Raw red,511.25,511.25,Pettah
2021-12-03,Raw red,110.4,110.4,Pettah
2021-12-03,Raw red,510.0,510.0,Pettah
2021-12-06,Raw red,109.6,109.6,Pettah
2021-12-06,Raw red,525.0,525.0,Pettah
2021-12-07,Raw red,110.0,110.0,Pettah
2021-12-07,Raw red,542.5,542.5,Pettah
2021-12-08,Raw red,110.0,110.0,Pettah
2021-12-08,Raw red,545.0,545.0,Pettah
2021-12-09,Raw red,109.6,109.6,Pettah
2021-12-09,Raw red,555.0,555.0,Pettah
2021-12-10,Raw red,110.0,110.0,Pettah
2021-12-10,Raw red,555.0,555.0,Pettah
2021-12-13,Raw red,109.6,109.6,Pettah
2021-12-13,Raw red,555.0,555.0,Pettah
2021-12-14,Raw red,109.6,109.6,Pettah
2021-12-14,Raw red,562.5,562.5,Pettah
2021-12-15,Raw red,109.6,109.6,Pettah
2021-12-15,Raw red,578.75,578.75,Pettah
2021-12-16,Raw red,109.6,109.6,Pettah
2021-12-16,Raw red,675.0,675.0,Pettah
2021-12-17,Raw red,109.6,109.6,Pettah
2021-12-17,Raw red,700.0,700.0,Pettah
2021-12-20,Raw red,110.0,110.0,Pettah
2021-12-20,Raw red,710.0,710.0,Pettah
2021-12-21,Raw red,110.0,110.0,Pettah
2021-12-21,Raw red,340.0,340.0,Pettah
2021-12-22,Raw red,110.4,110.4,Pettah
2021-12-22,Raw red,735.0,735.0,Pettah
2021-12-23,Raw red,110.4,110.4,Pettah
2021-12-23,Raw red,229.0,229.0,Pettah
2021-12-24,Raw red,110.4,110.4,Pettah
2021-12-24,Raw red,740.0,740.0,Pettah
2021-12-27,Raw red,120.0,120.0,Pettah
2021-12-27,Raw red,245.0,245.0,Pettah
2021-12-28,Raw red,121.67,121.67,Pettah
2021-12-28,Raw red,345.0,345.0,Pettah
2021-12-29,Raw red,126.0,126.0,Pettah
2021-12-29,Raw red,232.5,232.5,Pettah
2021-12-30,Raw red,126.67,126.67,Pettah
2021-12-30,Raw red,234.0,234.0,Pettah
2021-12-31,Raw red,128.25,128.25,Pettah
2021-12-31,Raw red,245.0,245.0,Pettah
2022-01-03,Raw red,138.0,138.0,Pettah
2022-01-03,Raw red,325.0,325.0,Pettah
2022-01-05,Raw red,140.0,140.0,Pettah
2022-01-05,Raw red,310.0,310.0,Pettah
2022-01-06,Raw red,150.0,150.0,Pettah
2022-01-06,Raw red,295.0,295.0,Pettah
2022-01-07,Raw red,150.0,150.0,Pettah
2022-01-07,Raw red,310.0,310.0,Pettah
2022-01-10,Raw red,152.5,152.5,Pettah
2022-01-10,Raw red,292.5,292.5,Pettah
2022-01-11,Raw red,154.0,154.0,Pettah
2022-01-11,Raw red,277.5,277.5,Pettah
2022-01-12,Raw red,156.0,156.0,Pettah
2022-01-12,Raw red,260.0,260.0,Pettah
2022-01-13,Raw red,156.0,156.0,Pettah
2022-01-13,Raw red,255.0,255.0,Pettah
2022-01-18,Raw red,159.0,159.0,Pettah
2022-01-18,Raw red,225.0,225.0,Pettah
2022-01-19,Raw red,160.0,160.0,Pettah
2022-01-19,Raw red,360.0,360.0,Pettah
2022-01-20,Raw red,157.6,157.6,Pettah
2022-01-20,Raw red,325.0,325.0,Pettah
2022-01-21,Raw red,159.0,159.0,Pettah
2022-01-21,Raw red,260.0,260.0,Pettah
2022-01-24,Raw red,156.6,156.6,Pettah
2022-01-24,Raw red,442.0,442.0,Pettah
2022-01-25,Raw red,152.0,152.0,Pettah
2022-01-25,Raw red,420.0,420.0,Pettah
2022-01-26,Raw red,150.0,150.0,Pettah
2022-01-26,Raw red,380.0,380.0,Pettah
2022-01-27,Raw red,145.0,145.0,Pettah
2022-01-27,Raw red,368.0,368.0,Pettah
2022-01-28,Raw red,148.0,148.0,Pettah
2022-01-28,Raw red,362.0,362.0,Pettah
2022-01-31,Raw red,148.0,148.0,Pettah
2022-01-31,Raw red,342.0,342.0,Pettah
2022-02-01,Raw red,145.0,145.0,Pettah
2022-02-01,Raw red,320.0,320.0,Pettah
2022-02-02,Raw red,146.0,146.0,Pettah
2022-02-02,Raw red,340.0,340.0,Pettah
2022-02-03,Raw red,144.0,144.0,Pettah
2022-02-03,Raw red,338.0,338.0,Pettah
2022-02-08,Raw red,147.0,147.0,Pettah
2022-02-08,Raw red,488.0,488.0,Pettah
2022-02-09,Raw red,153.0,153.0,Pettah
2022-02-09,Raw red,496.0,496.0,Pettah
2022-02-10,Raw red,155.6,155.6,Pettah
2022-02-10,Raw red,463.0,463.0,Pettah
2022-02-11,Raw red,155.0,155.0,Pettah
2022-02-11,Raw red,429.0,429.0,Pettah
2022-02-14,Raw red,155.0,155.0,Pettah
2022-02-14,Raw red,368.0,368.0,Pettah
2022-02-15,Raw red,155.0,155.0,Pettah
2022-02-15,Raw red,485.0,485.0,Pettah
2022-02-17,Raw red,155.6,155.6,Pettah
2022-02-17,Raw red,427.5,427.5,Pettah
2022-02-18,Raw red,156.0,156.0,Pettah
2022-02-18,Raw red,335.0,335.0,Pettah
2022-02-21,Raw red,156.0,156.0,Pettah
2022-02-21,Raw red,238.0,238.0,Pettah
2022-02-22,Raw red,156.0,156.0,Pettah
2022-02-22,Raw red,205.0,205.0,Pettah
2022-02-23,Raw red,155.0,155.0,Pettah
2022-02-23,Raw red,200.0,200.0,Pettah
2022-02-24,Raw red,156.0,156.0,Pettah
2022-02-24,Raw red,178.0,178.0,Pettah
2022-02-25,Raw red,157.0,157.0,Pettah
2022-02-25,Raw red,192.0,192.0,Pettah
2022-02-28,Raw red,156.0,156.0,Pettah
2022-02-28,Raw red,144.0,144.0,Pettah
2022-03-02,Raw red,158.0,158.0,Pettah
2022-03-02,Raw red,150.0,150.0,Pettah
2022-03-03,Raw red,158.0,158.0,Pettah
2022-03-03,Raw red,272.0,272.0,Pettah
2022-03-04,Raw red,161.67,161.67,Pettah
2022-03-04,Raw red,256.0,256.0,Pettah
2022-03-07,Raw red,160.0,160.0,Pettah
2022-03-07,Raw red,250.0,250.0,Pettah
2022-03-08,Raw red,160.0,160.0,Pettah
2022-03-08,Raw red,188.0,188.0,Pettah
2022-03-09,Raw red,162.0,162.0,Pettah
2022-03-09,Raw red,254.0,254.0,Pettah
2022-03-10,Raw red,161.0,161.0,Pettah
2022-03-10,Raw red,244.0,244.0,Pettah
2022-03-11,Raw red,163.0,163.0,Pettah
2022-03-11,Raw red,170.0,170.0,Pettah
2022-03-14,Raw red,166.0,166.0,Pettah
2022-03-14,Raw red,256.0,256.0,Pettah
2022-03-15,Raw red,169.6,169.6,Pettah
2022-03-15,Raw red,168.0,168.0,Pettah
2022-03-16,Raw red,169.6,169.6,Pettah
2022-03-16,Raw red,168.0,168.0,Pettah
2022-03-18,Raw red,172.0,172.0,Pettah
2022-03-18,Raw red,238.0,238.0,Pettah
2022-03-21,Raw red,177.0,177.0,Pettah
2022-03-21,Raw red,226.0,226.0,Pettah
2022-03-22,Raw red,179.6,179.6,Pettah
2022-03-22,Raw red,192.0,192.0,Pettah
2022-03-23,Raw red,186.0,186.0,Pettah
2022-03-23,Raw red,232.0,232.0,Pettah
2022-03-24,Raw red,185.0,185.0,Pettah
2022-03-24,Raw red,208.0,208.0,Pettah
2022-03-25,Raw red,188.6,188.6,Pettah
2022-03-25,Raw red,,,Pettah
2022-03-28,Raw red,190.0,190.0,Pettah
2022-03-28,Raw red,250.0,250.0,Pettah
2022-03-29,Raw red,197.0,197.0,Pettah
2022-03-29,Raw red,304.0,304.0,Pettah
2022-03-30,Raw red,198.0,198.0,Pettah
2022-03-30,Raw red,318.0,318.0,Pettah
2022-03-31,Raw red,195.0,195.0,Pettah
2022-03-31,Raw red,320.0,320.0,Pettah
2022-04-01,Raw red,197.0,197.0,Pettah
2022-04-01,Raw red,326.0,326.0,Pettah
2022-04-04,Raw red,198.0,198.0,Pettah
2022-04-04,Raw red,306.0,306.0,Pettah
2022-04-05,Raw red,199.2,199.2,Pettah
2022-04-05,Raw red,286.0,286.0,Pettah
2022-04-06,Raw red,197.6,197.6,Pettah
2022-04-06,Raw red,294.0,294.0,Pettah
2022-04-07,Raw red,197.6,197.6,Pettah
2022-04-07,Raw red,262.0,262.0,Pettah
2022-04-08,Raw red,197.6,197.6,Pettah
2022-04-08,Raw red,200.0,200.0,Pettah
2022-04-12,Raw red,198.6,198.6,Pettah
2022-04-12,Raw red,318.0,318.0,Pettah
2022-04-18,Raw red,28.75,28.75,Pettah
2022-04-18,Raw red,,,Pettah
2022-04-19,Raw red,198.6,198.6,Pettah
2022-04-19,Raw red,312.0,312.0,Pettah
2022-04-20,Raw red,198.0,198.0,Pettah
2022-04-20,Raw red,286.0,286.0,Pettah
2022-04-21,Raw red,197.6,197.6,Pettah
2022-04-21,Raw red,306.0,306.0,Pettah
2022-04-22,Raw red,198.0,198.0,Pettah
2022-04-22,Raw red,188.0,188.0,Pettah
2022-04-25,Raw red,198.6,198.6,Pettah
2022-04-25,Raw red,188.0,188.0,Pettah
2022-04-26,Raw red,198.6,198.6,Pettah
2022-04-26,Raw red,174.0,174.0,Pettah
2022-04-27,Raw red,198.6,198.6,Pettah
2022-04-27,Raw red,188.0,188.0,Pettah
2022-04-29,Raw red,198.0,198.0,Pettah
2022-04-29,Raw red,266.0,266.0,Pettah
2022-05-04,Raw red,196.6,196.6,Pettah
2022-05-04,Raw red,192.0,192.0,Pettah
2022-05-05,Raw red,201.0,201.0,Pettah
2022-05-05,Raw red,200.0,200.0,Pettah
2022-05-09,Raw red,202.0,202.0,Pettah
2022-05-09,Raw red,204.0,204.0,Pettah
2022-05-12,Raw red,202.0,202.0,Pettah
2022-05-12,Raw red,,,Pettah
2022-05-13,Raw red,,,Pettah
2022-05-13,Raw red,,,Pettah
2022-05-17,Raw red,204.0,204.0,Pettah
2022-05-17,Raw red,222.5,222.5,Pettah
2022-05-18,Raw red,205.0,205.0,Pettah
2022-05-18,Raw red,330.0,330.0,Pettah
2022-05-19,Raw red,204.6,204.6,Pettah
2022-05-19,Raw red,340.0,340.0,Pettah
2022-05-20,Raw red,203.6,203.6,Pettah
2022-05-20,Raw red,352.5,352.5,Pettah
2022-05-23,Raw red,204.0,204.0,Pettah
2022-05-23,Raw red,387.5,387.5,Pettah
2022-05-24,Raw red,203.0,203.0,Pettah
2022-05-24,Raw red,392.5,392.5,Pettah
2022-05-25,Raw red,205.0,205.0,Pettah
2022-05-25,Raw red,225.0,225.0,Pettah
2022-05-26,Raw red,205.0,205.0,Pettah
2022-05-26,Raw red,430.0,430.0,Pettah
2022-05-27,Raw red,203.0,203.0,Pettah
2022-05-27,Raw red,430.0,430.0,Pettah
2022-05-30,Raw red,206.0,206.0,Pettah
2022-05-30,Raw red,426.0,426.0,Pettah
2022-05-31,Raw red,204.0,204.0,Pettah
2022-05-31,Raw red,412.0,412.0,Pettah
2022-06-01,Raw red,203.0,203.0,Pettah
2022-06-01,Raw red,464.0,464.0,Pettah
2022-06-02,Raw red,204.0,204.0,Pettah
2022-06-02,Raw red,502.0,502.0,Pettah
2022-06-03,Raw red,205.0,205.0,Pettah
2022-06-03,Raw red,484.0,484.0,Pettah
2022-06-06,Raw red,213.0,213.0,Pettah
2022-06-06,Raw red,438.0,438.0,Pettah
2022-06-07,Raw red,224.0,224.0,Pettah
2022-06-07,Raw red,358.0,358.0,Pettah
2022-06-08,Raw red,226.0,226.0,Pettah
2022-06-08,Raw red,300.0,300.0,Pettah
2022-06-09,Raw red,251.0,251.0,Pettah
2022-06-09,Raw red,262.0,262.0,Pettah
2022-06-10,Raw red,260.0,260.0,Pettah
2022-06-10,Raw red,255.0,255.0,Pettah
2022-06-13,Raw red,197.5,197.5,Pettah
2022-06-13,Raw red,,,Pettah
2022-06-15,Raw red,238.0,238.0,Pettah
2022-06-15,Raw red,305.0,305.0,Pettah
2022-06-16,Raw red,186.0,186.0,Pettah
2022-06-16,Raw red,42.75,42.75,Pettah
2022-06-17,Raw red,220.0,220.0,Pettah
2022-06-17,Raw red,205.0,205.0,Pettah
2022-06-20,Raw red,183.0,183.0,Pettah
2022-06-20,Raw red,42.75,42.75,Pettah
2022-06-21,Raw red,178.0,178.0,Pettah
2022-06-21,Raw red,41.75,41.75,Pettah
2022-06-22,Raw red,178.0,178.0,Pettah
2022-06-22,Raw red,41.75,41.75,Pettah
2022-06-23,Raw red,168.0,168.0,Pettah
2022-06-23,Raw red,41.75,41.75,Pettah
2022-06-24,Raw red,,,Pettah
2022-06-24,Raw red,,,Pettah
2022-06-27,Raw red,307.5,307.5,Pettah
2022-06-27,Raw red,583.5,583.5,Pettah
2022-06-28,Raw red,280.0,280.0,Pettah
2022-06-28,Raw red,582.5,582.5,Pettah
2022-06-29,Raw red,287.5,287.5,Pettah
2022-06-29,Raw red,580.0,580.0,Pettah
2022-06-30,Raw red,275.0,275.0,Pettah
2022-06-30,Raw red,580.0,580.0,Pettah
2022-07-01,Raw red,277.5,277.5,Pettah
2022-07-01,Raw red,573.75,573.75,Pettah
2022-07-04,Raw red,275.0,275.0,Pettah
2022-07-04,Raw red,570.0,570.0,Pettah
2022-07-05,Raw red,258.75,258.75,Pettah
2022-07-05,Raw red,565.0,565.0,Pettah
2022-07-06,Raw red,267.5,267.5,Pettah
2022-07-06,Raw red,566.0,566.0,Pettah
2022-07-07,Raw red,251.25,251.25,Pettah
2022-07-07,Raw red,563.5,563.5,Pettah
2022-07-11,Raw red,325.0,325.0,Pettah
2022-07-11,Raw red,775.0,775.0,Pettah
2022-07-12,Raw red,375.0,375.0,Pettah
2022-07-12,Raw red,715.0,715.0,Pettah
2022-07-14,Raw red,350.0,350.0,Pettah
2022-07-14,Raw red,720.0,720.0,Pettah
2022-07-15,Raw red,346.0,346.0,Pettah
2022-07-15,Raw red,725.0,725.0,Pettah
2022-07-18,Raw red,,,Pettah
2022-07-18,Raw red,,,Pettah
2022-07-19,Raw red,275.0,275.0,Pettah
2022-07-19,Raw red,804.0,804.0,Pettah
2022-07-20,Raw red,265.0,265.0,Pettah
2022-07-20,Raw red,800.0,800.0,Pettah
2022-07-21,Raw red,250.0,250.0,Pettah
2022-07-21,Raw red,808.0,808.0,Pettah
2022-07-22,Raw red,275.0,275.0,Pettah
2022-07-22,Raw red,688.0,688.0,Pettah
2022-07-25,Raw red,275.0,275.0,Pettah
2022-07-25,Raw red,708.0,708.0,Pettah
2022-07-26,Raw red,282.0,282.0,Pettah
2022-07-26,Raw red,788.0,788.0,Pettah
2022-07-27,Raw red,294.0,294.0,Pettah
2022-07-27,Raw red,780.0,780.0,Pettah
2022-07-28,Raw red,292.0,292.0,Pettah
2022-07-28,Raw red,712.0,712.0,Pettah
2022-07-29,Raw red,294.0,294.0,Pettah
2022-07-29,Raw red,696.0,696.0,Pettah
2022-08-01,Raw red,368.0,368.0,Pettah
2022-08-01,Raw red,700.0,700.0,Pettah
2022-08-02,Raw red,346.0,346.0,Pettah
2022-08-02,Raw red,700.0,700.0,Pettah
2022-08-03,Raw red,288.0,288.0,Pettah
2022-08-03,Raw red,700.0,700.0,Pettah
2022-08-04,Raw red,296.0,296.0,Pettah
2022-08-04,Raw red,718.0,718.0,Pettah
2022-08-05,Raw red,316.0,316.0,Pettah
2022-08-05,Raw red,718.0,718.0,Pettah
2022-08-08,Raw red,304.0,304.0,Pettah
2022-08-08,Raw red,704.0,704.0,Pettah
2022-08-09,Raw red,310.0,310.0,Pettah
2022-08-09,Raw red,708.0,708.0,Pettah
2022-08-10,Raw red,,,Pettah
2022-08-10,Raw red,,,Pettah
2022-08-12,Raw red,307.5,307.5,Pettah
2022-08-12,Raw red,710.0,710.0,Pettah
2022-08-15,Raw red,337.5,337.5,Pettah
2022-08-15,Raw red,730.0,730.0,Pettah
2022-08-16,Raw red,221.0,221.0,Pettah
2022-08-16,Raw red,340.0,340.0,Pettah
2022-08-17,Raw red,221.0,221.0,Pettah
2022-08-17,Raw red,410.0,410.0,Pettah
2022-08-18,Raw red,216.0,216.0,Pettah
2022-08-18,Raw red,390.0,390.0,Pettah
2022-08-19,Raw red,215.4,215.4,Pettah
2022-08-19,Raw red,407.5,407.5,Pettah
2022-08-22,Raw red,218.0,218.0,Pettah
2022-08-22,Raw red,225.0,225.0,Pettah
2022-08-23,Raw red,215.6,215.6,Pettah
2022-08-23,Raw red,250.0,250.0,Pettah
2022-08-24,Raw red,215.0,215.0,Pettah
2022-08-24,Raw red,348.0,348.0,Pettah
2022-08-25,Raw red,214.0,214.0,Pettah
2022-08-25,Raw red,260.0,260.0,Pettah
2022-08-26,Raw red,210.0,210.0,Pettah
2022-08-26,Raw red,315.0,315.0,Pettah
2022-08-29,Raw red,210.0,210.0,Pettah
2022-08-29,Raw red,375.0,375.0,Pettah
2022-08-30,Raw red,210.0,210.0,Pettah
2022-08-30,Raw red,420.0,420.0,Pettah
2022-08-31,Raw red,210.0,210.0,Pettah
2022-08-31,Raw red,425.0,425.0,Pettah
2022-09-01,Raw red,212.0,212.0,Pettah
2022-09-01,Raw red,435.0,435.0,Pettah
2022-09-02,Raw red,208.0,208.0,Pettah
2022-09-02,Raw red,410.0,410.0,Pettah
2022-09-05,Raw red,212.0,212.0,Pettah
2022-09-05,Raw red,432.0,432.0,Pettah
2022-09-06,Raw red,211.0,211.0,Pettah
2022-09-06,Raw red,461.0,461.0,Pettah
2022-09-07,Raw red,212.5,212.5,Pettah
2022-09-07,Raw red,458.0,458.0,Pettah
2022-09-08,Raw red,212.4,212.4,Pettah
2022-09-08,Raw red,440.0,440.0,Pettah
2022-09-09,Raw red,208.0,208.0,Pettah
2022-09-09,Raw red,355.0,355.0,Pettah
2022-09-12,Raw red,211.0,211.0,Pettah
2022-09-12,Raw red,275.0,275.0,Pettah
2022-09-13,Raw red,211.0,211.0,Pettah
2022-09-13,Raw red,306.0,306.0,Pettah
2022-09-14,Raw red,210.0,210.0,Pettah
2022-09-14,Raw red,490.0,490.0,Pettah
2022-09-15,Raw red,210.0,210.0,Pettah
2022-09-15,Raw red,475.0,475.0,Pettah
2022-09-16,Raw red,210.0,210.0,Pettah
2022-09-16,Raw red,275.0,275.0,Pettah
2022-09-19,Raw red,210.4,210.4,Pettah
2022-09-19,Raw red,370.0,370.0,Pettah
2022-09-20,Raw red,209.6,209.6,Pettah
2022-09-20,Raw red,315.0,315.0,Pettah
2022-09-21,Raw red,209.0,209.0,Pettah
2022-09-21,Raw red,460.0,460.0,Pettah
2022-09-22,Raw red,210.0,210.0,Pettah
2022-09-22,Raw red,286.0,286.0,Pettah
2022-09-23,Raw red,210.0,210.0,Pettah
2022-09-23,Raw red,304.0,304.0,Pettah
2022-09-26,Raw red,210.0,210.0,Pettah
2022-09-26,Raw red,290.0,290.0,Pettah
2022-09-27,Raw red,210.0,210.0,Pettah
2022-09-27,Raw red,332.0,332.0,Pettah
2022-09-28,Raw red,210.0,210.0,Pettah
2022-09-28,Raw red,312.0,312.0,Pettah
2022-09-29,Raw red,212.4,212.4,Pettah
2022-09-29,Raw red,192.0,192.0,Pettah
2022-09-30,Raw red,212.6,212.6,Pettah
2022-09-30,Raw red,292.0,292.0,Pettah
2022-10-03,Raw red,212.4,212.4,Pettah
2022-10-03,Raw red,492.0,492.0,Pettah
2022-10-04,Raw red,213.0,213.0,Pettah
2022-10-04,Raw red,500.0,500.0,Pettah
2022-10-05,Raw red,212.0,212.0,Pettah
2022-10-05,Raw red,500.0,500.0,Pettah
2022-10-06,Raw red,212.6,212.6,Pettah
2022-10-06,Raw red,410.0,410.0,Pettah
2022-10-07,Raw red,212.4,212.4,Pettah
2022-10-07,Raw red,515.0,515.0,Pettah
2022-10-10,Raw red,212.0,212.0,Pettah
2022-10-10,Raw red,510.0,510.0,Pettah
2022-10-11,Raw red,213.0,213.0,Pettah
2022-10-11,Raw red,515.0,515.0,Pettah
2022-10-12,Raw red,212.4,212.4,Pettah
2022-10-12,Raw red,502.5,502.5,Pettah
2022-10-13,Raw red,212.6,212.6,Pettah
2022-10-13,Raw red,515.0,515.0,Pettah
2022-10-14,Raw red,212.6,212.6,Pettah
2022-10-14,Raw red,510.0,510.0,Pettah
2022-10-17,Raw red,212.4,212.4,Pettah
2022-10-17,Raw red,495.0,495.0,Pettah
2022-10-18,Raw red,212.0,212.0,Pettah
2022-10-18,Raw red,490.0,490.0,Pettah
2022-10-19,Raw red,212.0,212.0,Pettah
2022-10-19,Raw red,477.5,477.5,Pettah
2022-10-20,Raw red,212.8,212.8,Pettah
2022-10-20,Raw red,490.0,490.0,Pettah
2022-10-21,Raw red,213.4,213.4,Pettah
2022-10-21,Raw red,477.5,477.5,Pettah
2022-10-25,Raw red,211.6,211.6,Pettah
2022-10-25,Raw red,472.5,472.5,Pettah
2022-10-26,Raw red,211.6,211.6,Pettah
2022-10-26,Raw red,477.5,477.5,Pettah
2022-10-27,Raw red,212.0,212.0,Pettah
2022-10-27,Raw red,490.0,490.0,Pettah
2022-10-28,Raw red,208.0,208.0,Pettah
2022-10-28,Raw red,510.0,510.0,Pettah
2022-10-31,Raw red,209.6,209.6,Pettah
2022-10-31,Raw red,568.0,568.0,Pettah
2022-11-01,Raw red,207.6,207.6,Pettah
2022-11-01,Raw red,584.0,584.0,Pettah
2022-11-02,Raw red,207.6,207.6,Pettah
2022-11-02,Raw red,586.0,586.0,Pettah
2022-11-03,Raw red,207.6,207.6,Pettah
2022-11-03,Raw red,574.0,574.0,Pettah
2022-11-04,Raw red,207.0,207.0,Pettah
2022-11-04,Raw red,579.0,579.0,Pettah
2022-11-08,Raw red,206.6,206.6,Pettah
2022-11-08,Raw red,596.0,596.0,Pettah
2022-11-09,Raw red,206.6,206.6,Pettah
2022-11-09,Raw red,596.0,596.0,Pettah
2022-11-10,Raw red,206.6,206.6,Pettah
2022-11-10,Raw red,590.0,590.0,Pettah
2022-11-11,Raw red,206.2,206.2,Pettah
2022-11-11,Raw red,576.0,576.0,Pettah
2022-11-14,Raw red,206.8,206.8,Pettah
2022-11-14,Raw red,576.0,576.0,Pettah
2022-11-15,Raw red,205.0,205.0,Pettah
2022-11-15,Raw red,578.0,578.0,Pettah
2022-11-16,Raw red,202.6,202.6,Pettah
2022-11-16,Raw red,596.0,596.0,Pettah
2022-11-17,Raw red,204.6,204.6,Pettah
2022-11-17,Raw red,596.0,596.0,Pettah
2022-11-18,Raw red,204.4,204.4,Pettah
2022-11-18,Raw red,578.0,578.0,Pettah
2022-11-21,Raw red,203.0,203.0,Pettah
2022-11-21,Raw red,568.0,568.0,Pettah
2022-11-22,Raw red,203.0,203.0,Pettah
2022-11-22,Raw red,568.0,568.0,Pettah
2022-11-23,Raw red,203.4,203.4,Pettah
2022-11-23,Raw red,576.0,576.0,Pettah
2022-11-24,Raw red,201.0,201.0,Pettah
2022-11-24,Raw red,584.0,584.0,Pettah
2022-11-25,Raw red,203.0,203.0,Pettah
2022-11-25,Raw red,562.0,562.0,Pettah
2022-11-28,Raw red,203.6,203.6,Pettah
2022-11-28,Raw red,556.0,556.0,Pettah
2022-11-29,Raw red,201.0,201.0,Pettah
2022-11-29,Raw red,564.0,564.0,Pettah
2022-11-30,Raw red,200.0,200.0,Pettah
2022-11-30,Raw red,558.0,558.0,Pettah
2022-12-01,Raw red,199.6,199.6,Pettah
2022-12-01,Raw red,532.0,532.0,Pettah
2022-12-02,Raw red,199.0,199.0,Pettah
2022-12-02,Raw red,466.0,466.0,Pettah
2022-12-05,Raw red,197.6,197.6,Pettah
2022-12-05,Raw red,462.0,462.0,Pettah
2022-12-06,Raw red,194.0,194.0,Pettah
2022-12-06,Raw red,490.0,490.0,Pettah
2022-12-08,Raw red,194.0,194.0,Pettah
2022-12-08,Raw red,499.0,499.0,Pettah
2022-12-09,Raw red,194.0,194.0,Pettah
2022-12-09,Raw red,492.0,492.0,Pettah
2022-12-12,Raw red,194.0,194.0,Pettah
2022-12-12,Raw red,,,Pettah
2022-12-13,Raw red,195.4,195.4,Pettah
2022-12-13,Raw red,574.0,574.0,Pettah
2022-12-14,Raw red,196.6,196.6,Pettah
2022-12-14,Raw red,600.0,600.0,Pettah
2022-12-15,Raw red,195.4,195.4,Pettah
2022-12-15,Raw red,596.0,596.0,Pettah
2022-12-16,Raw red,195.0,195.0,Pettah
2022-12-16,Raw red,604.0,604.0,Pettah
2022-12-19,Raw red,195.0,195.0,Pettah
2022-12-19,Raw red,,,Pettah
2022-12-20,Raw red,,,Pettah
2022-12-20,Raw red,,,Pettah
2022-12-21,Raw red,199.0,199.0,Pettah
2022-12-21,Raw red,590.0,590.0,Pettah
2022-12-22,Raw red,198.6,198.6,Pettah
2022-12-22,Raw red,590.0,590.0,Pettah
2022-12-23,Raw red,198.6,198.6,Pettah
2022-12-23,Raw red,590.0,590.0,Pettah
2022-12-26,Raw red,199.0,199.0,Pettah
2022-12-26,Raw red,575.0,575.0,Pettah
2022-12-27,Raw red,199.0,199.0,Pettah
2022-12-27,Raw red,575.0,575.0,Pettah
2022-12-28,Raw red,198.6,198.6,Pettah
2022-12-28,Raw red,585.0,585.0,Pettah
2022-12-29,Raw red,199.6,199.6,Pettah
2022-12-29,Raw red,570.0,570.0,Pettah
2022-12-30,Raw red,200.0,200.0,Pettah
2022-12-30,Raw red,584.0,584.0,Pettah
2023-01-02,Raw red,199.4,199.4,Pettah
2023-01-02,Raw red,600.0,600.0,Pettah
2023-01-03,Raw red,198.0,198.0,Pettah
2023-01-03,Raw red,602.0,602.0,Pettah
2023-01-04,Raw red,200.0,200.0,Pettah
2023-01-04,Raw red,608.0,608.0,Pettah
2023-01-05,Raw red,201.0,201.0,Pettah
2023-01-05,Raw red,620.0,620.0,Pettah
2023-01-09,Raw red,199.0,199.0,Pettah
2023-01-09,Raw red,601.0,601.0,Pettah
2023-01-10,Raw red,195.0,195.0,Pettah
2023-01-10,Raw red,580.0,580.0,Pettah
2023-01-11,Raw red,195.0,195.0,Pettah
2023-01-11,Raw red,596.0,596.0,Pettah
2023-01-12,Raw red,197.2,197.2,Pettah
2023-01-12,Raw red,584.0,584.0,Pettah
2023-01-16,Raw red,196.0,196.0,Pettah
2023-01-16,Raw red,520.0,520.0,Pettah
2023-01-17,Raw red,196.0,196.0,Pettah
2023-01-17,Raw red,468.0,468.0,Pettah
2023-01-18,Raw red,197.6,197.6,Pettah
2023-01-18,Raw red,448.0,448.0,Pettah
2023-01-19,Raw red,197.0,197.0,Pettah
2023-01-19,Raw red,438.0,438.0,Pettah
2023-01-20,Raw red,192.6,192.6,Pettah
2023-01-20,Raw red,396.0,396.0,Pettah
2023-01-23,Raw red,187.0,187.0,Pettah
2023-01-23,Raw red,370.0,370.0,Pettah
2023-01-24,Raw red,186.0,186.0,Pettah
2023-01-24,Raw red,380.0,380.0,Pettah
2023-01-25,Raw red,186.0,186.0,Pettah
2023-01-25,Raw red,388.0,388.0,Pettah
2023-01-26,Raw red,184.0,184.0,Pettah
2023-01-26,Raw red,375.0,375.0,Pettah
2023-01-27,Raw red,183.0,183.0,Pettah
2023-01-27,Raw red,,,Pettah
2023-01-30,Raw red,184.0,184.0,Pettah
2023-01-30,Raw red,392.0,392.0,Pettah
2023-01-31,Raw red,178.0,178.0,Pettah
2023-01-31,Raw red,368.0,368.0,Pettah
2023-02-01,Raw red,180.0,180.0,Pettah
2023-02-01,Raw red,371.0,371.0,Pettah
2023-02-02,Raw red,177.0,177.0,Pettah
2023-02-02,Raw red,338.0,338.0,Pettah
2023-02-03,Raw red,177.0,177.0,Pettah
2023-02-03,Raw red,318.0,318.0,Pettah
2023-02-06,Raw red,177.0,177.0,Pettah
2023-02-06,Raw red,302.0,302.0,Pettah
2023-02-07,Raw red,175.0,175.0,Pettah
2023-02-07,Raw red,330.0,330.0,Pettah
2023-02-08,Raw red,173.6,173.6,Pettah
2023-02-08,Raw red,322.0,322.0,Pettah
2023-02-09,Raw red,177.0,177.0,Pettah
2023-02-09,Raw red,334.0,334.0,Pettah
2023-02-10,Raw red,175.4,175.4,Pettah
2023-02-10,Raw red,322.0,322.0,Pettah
2023-02-13,Raw red,173.8,173.8,Pettah
2023-02-13,Raw red,302.0,302.0,Pettah
2023-02-14,Raw red,166.4,166.4,Pettah
2023-02-14,Raw red,270.0,270.0,Pettah
2023-02-15,Raw red,172.0,172.0,Pettah
2023-02-15,Raw red,362.0,362.0,Pettah
2023-02-16,Raw red,166.0,166.0,Pettah
2023-02-16,Raw red,338.0,338.0,Pettah
2023-02-17,Raw red,167.0,167.0,Pettah
2023-02-17,Raw red,209.0,209.0,Pettah
2023-02-20,Raw red,171.0,171.0,Pettah
2023-02-20,Raw red,224.0,224.0,Pettah
2023-02-21,Raw red,171.0,171.0,Pettah
2023-02-21,Raw red,230.0,230.0,Pettah
2023-02-22,Raw red,171.0,171.0,Pettah
2023-02-22,Raw red,284.0,284.0,Pettah
2023-02-23,Raw red,170.4,170.4,Pettah
2023-02-23,Raw red,362.0,362.0,Pettah
2023-02-24,Raw red,171.0,171.0,Pettah
2023-02-24,Raw red,310.0,310.0,Pettah
2023-02-27,Raw red,168.0,168.0,Pettah
2023-02-27,Raw red,270.0,270.0,Pettah
2023-02-28,Raw red,171.0,171.0,Pettah
2023-02-28,Raw red,274.0,274.0,Pettah
2023-03-01,Raw red,170.0,170.0,Pettah
2023-03-01,Raw red,276.0,276.0,Pettah
2023-03-02,Raw red,167.0,167.0,Pettah
2023-03-02,Raw red,,,Pettah
2023-03-03,Raw red,167.0,167.0,Pettah
2023-03-03,Raw red,262.0,262.0,Pettah
2023-03-07,Raw red,165.0,165.0,Pettah
2023-03-07,Raw red,238.0,238.0,Pettah
2023-03-08,Raw red,165.0,165.0,Pettah
2023-03-08,Raw red,238.0,238.0,Pettah
2023-03-09,Raw red,164.0,164.0,Pettah
2023-03-09,Raw red,296.0,296.0,Pettah
2023-03-10,Raw red,169.0,169.0,Pettah
2023-03-10,Raw red,232.0,232.0,Pettah
2023-03-13,Raw red,165.6,165.6,Pettah
2023-03-13,Raw red,248.0,248.0,Pettah
2023-03-14,Raw red,167.0,167.0,Pettah
2023-03-14,Raw red,288.0,288.0,Pettah
2023-03-15,Raw red,168.0,168.0,Pettah
2023-03-15,Raw red,272.0,272.0,Pettah
2023-03-16,Raw red,163.6,163.6,Pettah
2023-03-16,Raw red,282.0,282.0,Pettah
2023-03-17,Raw red,160.6,160.6,Pettah
2023-03-17,Raw red,262.0,262.0,Pettah
2023-03-20,Raw red,162.6,162.6,Pettah
2023-03-20,Raw red,268.0,268.0,Pettah
2023-03-21,Raw red,163.0,163.0,Pettah
2023-03-21,Raw red,258.0,258.0,Pettah
2023-03-22,Raw red,160.0,160.0,Pettah
2023-03-22,Raw red,242.0,242.0,Pettah
2023-03-23,Raw red,160.6,160.6,Pettah
2023-03-23,Raw red,306.0,306.0,Pettah
2023-03-24,Raw red,161.6,161.6,Pettah
2023-03-24,Raw red,252.0,252.0,Pettah
2023-03-27,Raw red,160.6,160.6,Pettah
2023-03-27,Raw red,288.0,288.0,Pettah
2023-03-28,Raw red,161.6,161.6,Pettah
2023-03-28,Raw red,268.0,268.0,Pettah
2023-03-29,Raw red,162.4,162.4,Pettah
2023-03-29,Raw red,312.0,312.0,Pettah
2023-03-30,Raw red,160.4,160.4,Pettah
2023-03-30,Raw red,311.0,311.0,Pettah
2023-03-31,Raw red,159.8,159.8,Pettah
2023-03-31,Raw red,308.0,308.0,Pettah
2023-04-03,Raw red,161.0,161.0,Pettah
2023-04-03,Raw red,248.0,248.0,Pettah
2023-04-04,Raw red,157.4,157.4,Pettah
2023-04-04,Raw red,262.0,262.0,Pettah
2023-04-06,Raw red,159.0,159.0,Pettah
2023-04-06,Raw red,272.0,272.0,Pettah
2023-04-10,Raw red,157.0,157.0,Pettah
2023-04-10,Raw red,275.0,275.0,Pettah
2023-04-11,Raw red,156.0,156.0,Pettah
2023-04-11,Raw red,325.0,325.0,Pettah
2023-04-17,Raw red,155.6,155.6,Pettah
2023-04-17,Raw red,378.75,378.75,Pettah
2023-04-18,Raw red,154.0,154.0,Pettah
2023-04-18,Raw red,255.0,255.0,Pettah
2023-04-19,Raw red,154.0,154.0,Pettah
2023-04-19,Raw red,392.0,392.0,Pettah
2023-04-20,Raw red,154.0,154.0,Pettah
2023-04-20,Raw red,392.0,392.0,Pettah
2023-04-21,Raw red,155.0,155.0,Pettah
2023-04-21,Raw red,296.0,296.0,Pettah
2023-04-24,Raw red,154.0,154.0,Pettah
2023-04-24,Raw red,276.0,276.0,Pettah
2023-04-25,Raw red,157.0,157.0,Pettah
2023-04-25,Raw red,98.0,98.0,Pettah
2023-04-26,Raw red,157.0,157.0,Pettah
2023-04-26,Raw red,212.0,212.0,Pettah
2023-04-27,Raw red,154.0,154.0,Pettah
2023-04-27,Raw red,290.0,290.0,Pettah
2023-04-28,Raw red,161.6,161.6,Pettah
2023-04-28,Raw red,326.0,326.0,Pettah
2023-05-02,Raw red,153.0,153.0,Pettah
2023-05-02,Raw red,392.0,392.0,Pettah
2023-05-03,Raw red,152.0,152.0,Pettah
2023-05-03,Raw red,292.0,292.0,Pettah
2023-05-04,Raw red,152.0,152.0,Pettah
2023-05-04,Raw red,248.0,248.0,Pettah
2023-05-08,Raw red,151.0,151.0,Pettah
2023-05-08,Raw red,254.0,254.0,Pettah
2023-05-09,Raw red,151.0,151.0,Pettah
2023-05-09,Raw red,92.0,92.0,Pettah
2023-05-10,Raw red,151.0,151.0,Pettah
2023-05-10,Raw red,92.0,92.0,Pettah
2023-05-11,Raw red,150.0,150.0,Pettah
2023-05-11,Raw red,99.0,99.0,Pettah
2023-05-12,Raw red,151.0,151.0,Pettah
2023-05-12,Raw red,306.0,306.0,Pettah
2023-05-15,Raw red,148.0,148.0,Pettah
2023-05-15,Raw red,103.0,103.0,Pettah
2023-05-16,Raw red,149.0,149.0,Pettah
2023-05-16,Raw red,200.0,200.0,Pettah
2023-05-17,Raw red,148.0,148.0,Pettah
2023-05-17,Raw red,106.2,106.2,Pettah
2023-05-18,Raw red,149.0,149.0,Pettah
2023-05-18,Raw red,102.0,102.0,Pettah
2023-05-19,Raw red,149.4,149.4,Pettah
2023-05-19,Raw red,101.2,101.2,Pettah
2023-05-22,Raw red,147.0,147.0,Pettah
2023-05-22,Raw red,101.0,101.0,Pettah
2023-05-23,Raw red,148.0,148.0,Pettah
2023-05-23,Raw red,94.0,94.0,Pettah
2023-05-24,Raw red,147.0,147.0,Pettah
2023-05-24,Raw red,91.0,91.0,Pettah
2023-05-25,Raw red,149.0,149.0,Pettah
2023-05-25,Raw red,96.0,96.0,Pettah
2023-05-26,Raw red,145.4,145.4,Pettah
2023-05-26,Raw red,100.0,100.0,Pettah
2023-05-29,Raw red,145.0,145.0,Pettah
2023-05-29,Raw red,83.0,83.0,Pettah
2023-05-30,Raw red,146.0,146.0,Pettah
2023-05-30,Raw red,216.0,216.0,Pettah
2023-05-31,Raw red,147.0,147.0,Pettah
2023-05-31,Raw red,308.0,308.0,Pettah
2023-06-01,Raw red,146.0,146.0,Pettah
2023-06-01,Raw red,396.0,396.0,Pettah
2023-06-02,Raw red,149.0,149.0,Pettah
2023-06-02,Raw red,88.0,88.0,Pettah
2023-06-05,Raw red,147.0,147.0,Pettah
2023-06-05,Raw red,365.0,365.0,Pettah
2023-06-06,Raw red,144.0,144.0,Pettah
2023-06-06,Raw red,362.0,362.0,Pettah
2023-06-07,Raw red,138.0,138.0,Pettah
2023-06-07,Raw red,96.0,96.0,Pettah
2023-06-08,Raw red,142.0,142.0,Pettah
2023-06-08,Raw red,96.0,96.0,Pettah
2023-06-09,Raw red,143.0,143.0,Pettah
2023-06-09,Raw red,312.0,312.0,Pettah
2023-06-12,Raw red,143.0,143.0,Pettah
2023-06-12,Raw red,412.0,412.0,Pettah
2023-06-13,Raw red,140.0,140.0,Pettah
2023-06-13,Raw red,338.0,338.0,Pettah
2023-06-14,Raw red,139.0,139.0,Pettah
2023-06-14,Raw red,422.0,422.0,Pettah
2023-06-15,Raw red,131.0,131.0,Pettah
2023-06-15,Raw red,113.0,113.0,Pettah
2023-06-16,Raw red,136.0,136.0,Pettah
2023-06-16,Raw red,113.0,113.0,Pettah
2023-06-19,Raw red,136.0,136.0,Pettah
2023-06-19,Raw red,92.0,92.0,Pettah
2023-06-20,Raw red,133.0,133.0,Pettah
2023-06-20,Raw red,89.0,89.0,Pettah
2023-06-21,Raw red,138.0,138.0,Pettah
2023-06-21,Raw red,95.0,95.0,Pettah
2023-06-22,Raw red,139.0,139.0,Pettah
2023-06-22,Raw red,356.0,356.0,Pettah
2023-06-23,Raw red,141.0,141.0,Pettah
2023-06-23,Raw red,348.0,348.0,Pettah
2023-06-26,Raw red,139.0,139.0,Pettah
2023-06-26,Raw red,488.0,488.0,Pettah
2023-06-27,Raw red,140.0,140.0,Pettah
2023-06-27,Raw red,384.0,384.0,Pettah
2023-06-28,Raw red,141.0,141.0,Pettah
2023-06-28,Raw red,392.0,392.0,Pettah
2023-06-30,Raw red,139.0,139.0,Pettah
2023-06-30,Raw red,396.0,396.0,Pettah
2023-07-04,Raw red,138.0,138.0,Pettah
2023-07-04,Raw red,472.0,472.0,Pettah
2023-07-05,Raw red,142.0,142.0,Pettah
2023-07-05,Raw red,456.0,456.0,Pettah
2023-07-06,Raw red,140.6,140.6,Pettah
2023-07-06,Raw red,392.0,392.0,Pettah
2023-07-07,Raw red,140.4,140.4,Pettah
2023-07-07,Raw red,408.0,408.0,Pettah
2023-07-10,Raw red,138.0,138.0,Pettah
2023-07-10,Raw red,133.0,133.0,Pettah
2023-07-11,Raw red,137.6,137.6,Pettah
2023-07-11,Raw red,124.0,124.0,Pettah
2023-07-12,Raw red,140.4,140.4,Pettah
2023-07-12,Raw red,402.0,402.0,Pettah
2023-07-13,Raw red,138.0,138.0,Pettah
2023-07-13,Raw red,438.0,438.0,Pettah
2023-07-14,Raw red,138.0,138.0,Pettah
2023-07-14,Raw red,438.0,438.0,Pettah
2023-07-17,Raw red,141.6,141.6,Pettah
2023-07-17,Raw red,438.0,438.0,Pettah
2023-07-18,Raw red,138.0,138.0,Pettah
2023-07-18,Raw red,458.0,458.0,Pettah
2023-07-19,Raw red,139.4,139.4,Pettah
2023-07-19,Raw red,458.0,458.0,Pettah
2023-07-20,Raw red,141.6,141.6,Pettah
2023-07-20,Raw red,488.0,488.0,Pettah
2023-07-21,Raw red,139.0,139.0,Pettah
2023-07-21,Raw red,434.0,434.0,Pettah
2023-07-24,Raw red,143.0,143.0,Pettah
2023-07-24,Raw red,103.0,103.0,Pettah
2023-07-25,Raw red,142.0,142.0,Pettah
2023-07-25,Raw red,108.0,108.0,Pettah
2023-07-26,Raw red,143.0,143.0,Pettah
2023-07-26,Raw red,118.0,118.0,Pettah
2023-07-27,Raw red,148.0,148.0,Pettah
2023-07-27,Raw red,113.0,113.0,Pettah
2023-07-28,Raw red,147.0,147.0,Pettah
2023-07-28,Raw red,116.0,116.0,Pettah
2023-07-31,Raw red,147.0,147.0,Pettah
2023-07-31,Raw red,113.0,113.0,Pettah
2023-08-02,Raw red,146.2,146.2,Pettah
2023-08-02,Raw red,113.0,113.0,Pettah
2023-08-03,Raw red,147.4,147.4,Pettah
2023-08-03,Raw red,172.0,172.0,Pettah
2023-08-04,Raw red,147.0,147.0,Pettah
2023-08-04,Raw red,113.0,113.0,Pettah
2023-08-07,Raw red,142.0,142.0,Pettah
2023-08-07,Raw red,117.0,117.0,Pettah
2023-08-08,Raw red,147.0,147.0,Pettah
2023-08-08,Raw red,170.0,170.0,Pettah
2023-08-09,Raw red,148.0,148.0,Pettah
2023-08-09,Raw red,175.0,175.0,Pettah
2023-08-10,Raw red,150.0,150.0,Pettah
2023-08-10,Raw red,204.0,204.0,Pettah
2023-08-11,Raw red,143.0,143.0,Pettah
2023-08-11,Raw red,208.0,208.0,Pettah
2023-08-14,Raw red,145.0,145.0,Pettah
2023-08-14,Raw red,356.0,356.0,Pettah
2023-08-15,Raw red,147.0,147.0,Pettah
2023-08-15,Raw red,334.0,334.0,Pettah
2023-08-16,Raw red,148.0,148.0,Pettah
2023-08-16,Raw red,346.0,346.0,Pettah
2023-08-17,Raw red,146.2,146.2,Pettah
2023-08-17,Raw red,316.0,316.0,Pettah
2023-08-18,Raw red,148.0,148.0,Pettah
2023-08-18,Raw red,316.0,316.0,Pettah
2023-08-21,Raw red,148.0,148.0,Pettah
2023-08-21,Raw red,296.0,296.0,Pettah
2023-08-22,Raw red,150.0,150.0,Pettah
2023-08-22,Raw red,264.0,264.0,Pettah
2023-08-23,Raw red,152.0,152.0,Pettah
2023-08-23,Raw red,294.0,294.0,Pettah
2023-08-24,Raw red,158.0,158.0,Pettah
2023-08-24,Raw red,284.0,284.0,Pettah
2023-08-25,Raw red,157.0,157.0,Pettah
2023-08-25,Raw red,284.0,284.0,Pettah
2023-08-28,Raw red,162.0,162.0,Pettah
2023-08-28,Raw red,276.0,276.0,Pettah
2023-08-29,Raw red,167.0,167.0,Pettah
2023-08-29,Raw red,276.0,276.0,Pettah
2023-08-31,Raw red,172.0,172.0,Pettah
2023-08-31,Raw red,254.0,254.0,Pettah
2023-09-01,Raw red,172.0,172.0,Pettah
2023-09-01,Raw red,246.0,246.0,Pettah
2023-09-04,Raw red,178.0,178.0,Pettah
2023-09-04,Raw red,236.0,236.0,Pettah
2023-09-05,Raw red,173.0,173.0,Pettah
2023-09-05,Raw red,244.0,244.0,Pettah
2023-09-06,Raw red,176.0,176.0,Pettah
2023-09-06,Raw red,244.0,244.0,Pettah
2023-09-07,Raw red,178.0,178.0,Pettah
2023-09-07,Raw red,256.0,256.0,Pettah
2023-09-08,Raw red,180.0,180.0,Pettah
2023-09-08,Raw red,236.0,236.0,Pettah
2023-09-11,Raw red,178.0,178.0,Pettah
2023-09-11,Raw red,204.0,204.0,Pettah
2023-09-12,Raw red,177.0,177.0,Pettah
2023-09-12,Raw red,192.0,192.0,Pettah
2023-09-13,Raw red,177.0,177.0,Pettah
2023-09-13,Raw red,176.0,176.0,Pettah
2023-09-14,Raw red,178.0,178.0,Pettah
2023-09-14,Raw red,164.0,164.0,Pettah
2023-09-15,Raw red,178.0,178.0,Pettah
2023-09-15,Raw red,176.0,176.0,Pettah
2023-09-18,Raw red,177.0,177.0,Pettah
2023-09-18,Raw red,186.0,186.0,Pettah
2023-09-19,Raw red,178.0,178.0,Pettah
2023-09-19,Raw red,164.0,164.0,Pettah
2023-09-20,Raw red,178.0,178.0,Pettah
2023-09-20,Raw red,174.0,174.0,Pettah
2023-09-21,Raw red,176.0,176.0,Pettah
2023-09-21,Raw red,174.0,174.0,Pettah
2023-09-22,Raw red,177.0,177.0,Pettah
2023-09-22,Raw red,156.0,156.0,Pettah
2023-09-25,Raw red,176.0,176.0,Pettah
2023-09-25,Raw red,156.0,156.0,Pettah
2023-09-26,Raw red,176.0,176.0,Pettah
2023-09-26,Raw red,175.0,175.0,Pettah
2023-10-02,Raw red,174.0,174.0,Pettah
2023-10-02,Raw red,176.0,176.0,Pettah
2023-10-03,Raw red,176.0,176.0,Pettah
2023-10-03,Raw red,194.0,194.0,Pettah
2023-10-04,Raw red,174.0,174.0,Pettah
2023-10-04,Raw red,194.0,194.0,Pettah
2023-10-05,Raw red,176.0,176.0,Pettah
2023-10-05,Raw red,215.0,215.0,Pettah
2023-10-06,Raw red,174.0,174.0,Pettah
2023-10-06,Raw red,234.0,234.0,Pettah
2023-10-09,Raw red,176.0,176.0,Pettah
2023-10-09,Raw red,208.0,208.0,Pettah
2023-10-10,Raw red,174.0,174.0,Pettah
2023-10-10,Raw red,216.0,216.0,Pettah
2023-10-11,Raw red,174.0,174.0,Pettah
2023-10-11,Raw red,204.0,204.0,Pettah
2023-10-12,Raw red,172.0,172.0,Pettah
2023-10-12,Raw red,204.0,204.0,Pettah
2023-10-13,Raw red,172.0,172.0,Pettah
2023-10-13,Raw red,214.0,214.0,Pettah
2023-10-16,Raw red,172.0,172.0,Pettah
2023-10-16,Raw red,214.0,214.0,Pettah
2023-10-17,Raw red,170.0,170.0,Pettah
2023-10-17,Raw red,206.0,206.0,Pettah
2023-10-18,Raw red,172.0,172.0,Pettah
2023-10-18,Raw red,176.0,176.0,Pettah
2023-10-19,Raw red,169.0,169.0,Pettah
2023-10-19,Raw red,194.0,194.0,Pettah
2023-10-20,Raw red,172.0,172.0,Pettah
2023-10-20,Raw red,194.0,194.0,Pettah
2023-10-23,Raw red,171.0,171.0,Pettah
2023-10-23,Raw red,214.0,214.0,Pettah
2023-10-24,Raw red,176.0,176.0,Pettah
2023-10-24,Raw red,186.0,186.0,Pettah
2023-10-25,Raw red,176.6,176.6,Pettah
2023-10-25,Raw red,194.0,194.0,Pettah
2023-10-26,Raw red,178.2,178.2,Pettah
2023-10-26,Raw red,176.0,176.0,Pettah
2023-10-27,Raw red,176.0,176.0,Pettah
2023-10-27,Raw red,206.0,206.0,Pettah
2023-10-30,Raw red,174.0,174.0,Pettah
2023-10-30,Raw red,186.0,186.0,Pettah
2023-10-31,Raw red,178.0,178.0,Pettah
2023-10-31,Raw red,196.0,196.0,Pettah
2023-11-01,Raw red,178.6,178.6,Pettah
2023-11-01,Raw red,196.0,196.0,Pettah
2023-11-02,Raw red,178.6,178.6,Pettah
2023-11-02,Raw red,204.0,204.0,Pettah
2023-11-03,Raw red,179.0,179.0,Pettah
2023-11-03,Raw red,216.0,216.0,Pettah
2023-11-06,Raw red,182.0,182.0,Pettah
2023-11-06,Raw red,224.0,224.0,Pettah
2023-11-07,Raw red,186.0,186.0,Pettah
2023-11-07,Raw red,234.0,234.0,Pettah
2023-11-08,Raw red,182.5,182.5,Pettah
2023-11-08,Raw red,234.0,234.0,Pettah
2023-11-09,Raw red,186.0,186.0,Pettah
2023-11-09,Raw red,234.0,234.0,Pettah
2023-11-10,Raw red,186.0,186.0,Pettah
2023-11-10,Raw red,234.0,234.0,Pettah
2023-11-13,Raw red,187.0,187.0,Pettah
2023-11-13,Raw red,282.0,282.0,Pettah
2023-11-14,Raw red,183.75,183.75,Pettah
2023-11-14,Raw red,276.0,276.0,Pettah
2023-11-15,Raw red,185.0,185.0,Pettah
2023-11-15,Raw red,276.0,276.0,Pettah
2023-11-16,Raw red,185.0,185.0,Pettah
2023-11-16,Raw red,264.0,264.0,Pettah
2023-11-17,Raw red,187.0,187.0,Pettah
2023-11-17,Raw red,276.0,276.0,Pettah
2023-11-20,Raw red,186.6,186.6,Pettah
2023-11-20,Raw red,276.0,276.0,Pettah
2023-11-21,Raw red,184.0,184.0,Pettah
2023-11-21,Raw red,294.0,294.0,Pettah
2023-11-22,Raw red,186.25,186.25,Pettah
2023-11-22,Raw red,276.0,276.0,Pettah
2023-11-23,Raw red,183.0,183.0,Pettah
2023-11-23,Raw red,296.0,296.0,Pettah
2023-11-24,Raw red,182.0,182.0,Pettah
2023-11-24,Raw red,294.0,294.0,Pettah
2023-11-27,Raw red,186.6,186.6,Pettah
2023-11-27,Raw red,276.0,276.0,Pettah
2023-11-28,Raw red,186.6,186.6,Pettah
2023-11-28,Raw red,276.0,276.0,Pettah
2023-12-01,Raw red,185.6,185.6,Pettah
2023-12-01,Raw red,346.0,346.0,Pettah
2023-12-04,Raw red,185.0,185.0,Pettah
2023-12-04,Raw red,346.0,346.0,Pettah
2023-12-05,Raw red,185.0,185.0,Pettah
2023-12-05,Raw red,346.0,346.0,Pettah
2023-12-06,Raw red,183.75,183.75,Pettah
2023-12-06,Raw red,354.0,354.0,Pettah
2023-12-07,Raw red,185.0,185.0,Pettah
2023-12-07,Raw red,354.0,354.0,Pettah
2023-12-08,Raw red,182.0,182.0,Pettah
2023-12-08,Raw red,213.0,213.0,Pettah
2023-12-11,Raw red,185.0,185.0,Pettah
2023-12-11,Raw red,206.0,206.0,Pettah
2023-12-12,Raw red,184.0,184.0,Pettah
2023-12-12,Raw red,210.0,210.0,Pettah
2023-12-13,Raw red,185.0,185.0,Pettah
2023-12-13,Raw red,210.0,210.0,Pettah
2023-12-14,Raw red,185.0,185.0,Pettah
2023-12-14,Raw red,215.0,215.0,Pettah
2023-12-15,Raw red,185.0,185.0,Pettah
2023-12-15,Raw red,206.0,206.0,Pettah
2023-12-18,Raw red,185.0,185.0,Pettah
2023-12-18,Raw red,336.0,336.0,Pettah
2023-12-19,Raw red,185.0,185.0,Pettah
2023-12-19,Raw red,192.0,192.0,Pettah
2023-12-20,Raw red,185.0,185.0,Pettah
2023-12-20,Raw red,180.0,180.0,Pettah
2023-12-21,Raw red,180.0,180.0,Pettah
2023-12-21,Raw red,176.0,176.0,Pettah
2023-12-22,Raw red,180.0,180.0,Pettah
2023-12-22,Raw red,176.0,176.0,Pettah
2023-12-27,Raw red,181.25,181.25,Pettah
2023-12-27,Raw red,159.0,159.0,Pettah
2023-12-28,Raw red,181.25,181.25,Pettah
2023-12-28,Raw red,970.0,970.0,Pettah
2023-12-29,Raw red,180.0,180.0,Pettah
2023-12-29,Raw red,172.0,172.0,Pettah
2024-01-01,Raw red,181.0,181.0,Pettah
2024-01-01,Raw red,950.0,950.0,Pettah
2024-01-02,Raw red,180.0,180.0,Pettah
2024-01-02,Raw red,168.0,168.0,Pettah
2024-01-03,Raw red,178.75,178.75,Pettah
2024-01-03,Raw red,170.0,170.0,Pettah
2024-01-04,Raw red,179.0,179.0,Pettah
2024-01-04,Raw red,168.0,168.0,Pettah
2024-01-05,Raw red,180.0,180.0,Pettah
2024-01-05,Raw red,162.0,162.0,Pettah
2024-01-08,Raw red,181.25,181.25,Pettah
2024-01-08,Raw red,162.0,162.0,Pettah
2024-01-09,Raw red,180.0,180.0,Pettah
2024-01-09,Raw red,164.0,164.0,Pettah
2024-01-10,Raw red,179.0,179.0,Pettah
2024-01-10,Raw red,160.0,160.0,Pettah
2024-01-11,Raw red,177.5,177.5,Pettah
2024-01-11,Raw red,162.0,162.0,Pettah
2024-01-12,Raw red,181.0,181.0,Pettah
2024-01-12,Raw red,168.0,168.0,Pettah
2024-01-16,Raw red,180.0,180.0,Pettah
2024-01-16,Raw red,160.0,160.0,Pettah
2024-01-17,Raw red,178.0,178.0,Pettah
2024-01-17,Raw red,156.0,156.0,Pettah
2024-01-18,Raw red,181.0,181.0,Pettah
2024-01-18,Raw red,188.0,188.0,Pettah
2024-01-19,Raw red,180.0,180.0,Pettah
2024-01-19,Raw red,202.0,202.0,Pettah
2024-01-22,Raw red,204.0,204.0,Pettah
2024-01-22,Raw red,196.0,196.0,Pettah
2024-01-23,Raw red,206.0,206.0,Pettah
2024-01-23,Raw red,198.0,198.0,Pettah
2024-01-24,Raw red,198.0,198.0,Pettah
2024-01-24,Raw red,200.0,200.0,Pettah
2024-01-26,Raw red,196.25,196.25,Pettah
2024-01-26,Raw red,204.0,204.0,Pettah
2024-01-29,Raw red,196.0,196.0,Pettah
2024-01-29,Raw red,200.0,200.0,Pettah
2024-01-30,Raw red,196.25,196.25,Pettah
2024-01-30,Raw red,346.0,346.0,Pettah
2024-01-31,Raw red,176.0,176.0,Pettah
2024-01-31,Raw red,306.0,306.0,Pettah
2024-02-01,Raw red,175.0,175.0,Pettah
2024-02-01,Raw red,314.0,314.0,Pettah
2024-02-02,Raw red,175.0,175.0,Pettah
2024-02-02,Raw red,314.0,314.0,Pettah
2024-02-05,Raw red,175.0,175.0,Pettah
2024-02-05,Raw red,326.0,326.0,Pettah
2024-02-06,Raw red,174.0,174.0,Pettah
2024-02-06,Raw red,326.0,326.0,Pettah
2024-02-07,Raw red,175.0,175.0,Pettah
2024-02-07,Raw red,306.0,306.0,Pettah
2024-02-08,Raw red,175.0,175.0,Pettah
2024-02-08,Raw red,344.0,344.0,Pettah
2024-02-09,Raw red,174.0,174.0,Pettah
2024-02-09,Raw red,346.0,346.0,Pettah
2024-02-12,Raw red,173.0,173.0,Pettah
2024-02-12,Raw red,326.0,326.0,Pettah
2024-02-13,Raw red,174.0,174.0,Pettah
2024-02-13,Raw red,308.0,308.0,Pettah
2024-02-14,Raw red,175.0,175.0,Pettah
2024-02-14,Raw red,308.0,308.0,Pettah
2024-02-15,Raw red,176.0,176.0,Pettah
2024-02-15,Raw red,306.0,306.0,Pettah
2024-02-16,Raw red,173.0,173.0,Pettah
2024-02-16,Raw red,306.0,306.0,Pettah
2024-02-19,Raw red,173.0,173.0,Pettah
2024-02-19,Raw red,306.0,306.0,Pettah
2024-02-20,Raw red,173.0,173.0,Pettah
2024-02-20,Raw red,306.0,306.0,Pettah
2024-02-21,Raw red,172.5,172.5,Pettah
2024-02-21,Raw red,306.0,306.0,Pettah
2024-02-22,Raw red,172.0,172.0,Pettah
2024-02-22,Raw red,306.0,306.0,Pettah
2024-02-26,Raw red,173.0,173.0,Pettah
2024-02-26,Raw red,324.0,324.0,Pettah
2024-02-27,Raw red,172.0,172.0,Pettah
2024-02-27,Raw red,362.0,362.0,Pettah
2024-02-28,Raw red,173.0,173.0,Pettah
2024-02-28,Raw red,352.0,352.0,Pettah
2024-02-29,Raw red,174.0,174.0,Pettah
2024-02-29,Raw red,338.0,338.0,Pettah
2024-03-01,Raw red,172.0,172.0,Pettah
2024-03-01,Raw red,338.0,338.0,Pettah
2024-03-04,Raw red,172.0,172.0,Pettah
2024-03-04,Raw red,338.0,338.0,Pettah
2024-03-05,Raw red,174.0,174.0,Pettah
2024-03-05,Raw red,338.0,338.0,Pettah
2024-03-06,Raw red,172.5,172.5,Pettah
2024-03-06,Raw red,346.0,346.0,Pettah
2024-03-07,Raw red,173.0,173.0,Pettah
2024-03-07,Raw red,388.0,388.0,Pettah
2024-03-11,Raw red,173.0,173.0,Pettah
2024-03-11,Raw red,570.0,570.0,Pettah
2024-03-12,Raw red,173.0,173.0,Pettah
2024-03-12,Raw red,542.0,542.0,Pettah
2024-03-13,Raw red,173.0,173.0,Pettah
2024-03-13,Raw red,512.0,512.0,Pettah
2024-03-14,Raw red,173.0,173.0,Pettah
2024-03-14,Raw red,462.0,462.0,Pettah
2024-03-15,Raw red,173.0,173.0,Pettah
2024-03-15,Raw red,456.0,456.0,Pettah
2024-03-18,Raw red,173.0,173.0,Pettah
2024-03-18,Raw red,478.0,478.0,Pettah
2024-03-19,Raw red,173.0,173.0,Pettah
2024-03-19,Raw red,464.0,464.0,Pettah
2024-03-20,Raw red,173.0,173.0,Pettah
2024-03-20,Raw red,472.0,472.0,Pettah
2024-03-21,Raw red,173.0,173.0,Pettah
2024-03-21,Raw red,472.0,472.0,Pettah
2024-03-22,Raw red,173.0,173.0,Pettah
2024-03-22,Raw red,448.0,448.0,Pettah
2024-03-25,Raw red,173.0,173.0,Pettah
2024-03-25,Raw red,488.0,488.0,Pettah
2024-03-26,Raw red,172.5,172.5,Pettah
2024-03-26,Raw red,502.0,502.0,Pettah
2024-03-27,Raw red,173.0,173.0,Pettah
2024-03-27,Raw red,508.0,508.0,Pettah
2024-03-28,Raw red,173.0,173.0,Pettah
2024-03-28,Raw red,506.0,506.0,Pettah
2024-04-01,Raw red,171.25,171.25,Pettah
2024-04-01,Raw red,422.0,422.0,Pettah
2024-04-02,Raw red,172.5,172.5,Pettah
2024-04-02,Raw red,404.0,404.0,Pettah
2024-04-03,Raw red,175.0,175.0,Pettah
2024-04-03,Raw red,412.0,412.0,Pettah
2024-04-04,Raw red,170.0,170.0,Pettah
2024-04-04,Raw red,426.0,426.0,Pettah
2024-04-05,Raw red,170.0,170.0,Pettah
2024-04-05,Raw red,334.0,334.0,Pettah
2024-04-08,Raw red,175.0,175.0,Pettah
2024-04-08,Raw red,352.0,352.0,Pettah
2024-04-09,Raw red,174.0,174.0,Pettah
2024-04-09,Raw red,432.0,432.0,Pettah
2024-04-10,Raw red,175.6,175.6,Pettah
2024-04-10,Raw red,288.0,288.0,Pettah
2024-04-16,Raw red,175.0,175.0,Pettah
2024-04-16,Raw red,278.0,278.0,Pettah
2024-04-17,Raw red,176.25,176.25,Pettah
2024-04-17,Raw red,278.0,278.0,Pettah
2024-04-18,Raw red,178.75,178.75,Pettah
2024-04-18,Raw red,292.0,292.0,Pettah
2024-04-19,Raw red,178.75,178.75,Pettah
2024-04-19,Raw red,450.0,450.0,Pettah
2024-04-22,Raw red,180.0,180.0,Pettah
2024-04-22,Raw red,308.0,308.0,Pettah
2024-04-24,Raw red,181.0,181.0,Pettah
2024-04-24,Raw red,308.0,308.0,Pettah
2024-04-25,Raw red,181.0,181.0,Pettah
2024-04-25,Raw red,308.0,308.0,Pettah
2024-04-26,Raw red,184.0,184.0,Pettah
2024-04-26,Raw red,304.0,304.0,Pettah
2024-04-29,Raw red,180.0,180.0,Pettah
2024-04-29,Raw red,312.0,312.0,Pettah
2024-04-30,Raw red,184.0,184.0,Pettah
2024-04-30,Raw red,304.0,304.0,Pettah
2024-05-02,Raw red,185.0,185.0,Pettah
2024-05-02,Raw red,292.0,292.0,Pettah
2024-05-03,Raw red,184.0,184.0,Pettah
2024-05-03,Raw red,292.0,292.0,Pettah
2024-05-06,Raw red,184.0,184.0,Pettah
2024-05-06,Raw red,292.0,292.0,Pettah
2024-05-07,Raw red,184.0,184.0,Pettah
2024-05-07,Raw red,278.0,278.0,Pettah
2024-05-08,Raw red,183.33,183.33,Pettah
2024-05-08,Raw red,268.0,268.0,Pettah
2024-05-09,Raw red,185.0,185.0,Pettah
2024-05-09,Raw red,272.0,272.0,Pettah
2024-05-10,Raw red,184.0,184.0,Pettah
2024-05-10,Raw red,268.0,268.0,Pettah
2024-05-13,Raw red,184.0,184.0,Pettah
2024-05-13,Raw red,161.0,161.0,Pettah
2024-05-14,Raw red,185.0,185.0,Pettah
2024-05-14,Raw red,276.0,276.0,Pettah
2024-05-15,Raw red,184.0,184.0,Pettah
2024-05-15,Raw red,264.0,264.0,Pettah
2024-05-16,Raw red,184.0,184.0,Pettah
2024-05-16,Raw red,270.0,270.0,Pettah
2024-05-17,Raw red,184.0,184.0,Pettah
2024-05-17,Raw red,262.0,262.0,Pettah
2024-05-20,Raw red,184.0,184.0,Pettah
2024-05-20,Raw red,144.0,144.0,Pettah
2024-05-21,Raw red,184.0,184.0,Pettah
2024-05-21,Raw red,148.0,148.0,Pettah
2024-05-22,Raw red,184.0,184.0,Pettah
2024-05-22,Raw red,148.0,148.0,Pettah
2024-05-27,Raw red,184.0,184.0,Pettah
2024-05-27,Raw red,148.0,148.0,Pettah
2024-05-28,Raw red,186.0,186.0,Pettah
2024-05-28,Raw red,172.0,172.0,Pettah
2024-05-29,Raw red,184.0,184.0,Pettah
2024-05-29,Raw red,156.0,156.0,Pettah
2024-05-30,Raw red,184.0,184.0,Pettah
2024-05-30,Raw red,184.0,184.0,Pettah
2024-05-31,Raw red,184.0,184.0,Pettah
2024-05-31,Raw red,194.0,194.0,Pettah
2024-06-03,Raw red,184.0,184.0,Pettah
2024-06-03,Raw red,186.0,186.0,Pettah
2024-06-04,Raw red,185.6,185.6,Pettah
2024-06-04,Raw red,186.0,186.0,Pettah
2024-06-05,Raw red,185.6,185.6,Pettah
2024-06-05,Raw red,174.0,174.0,Pettah
2024-06-06,Raw red,184.0,184.0,Pettah
2024-06-06,Raw red,178.0,178.0,Pettah
2024-06-07,Raw red,185.6,185.6,Pettah
2024-06-07,Raw red,186.0,186.0,Pettah
2024-06-10,Raw red,182.0,182.0,Pettah
2024-06-10,Raw red,193.0,193.0,Pettah
2024-06-11,Raw red,186.0,186.0,Pettah
2024-06-11,Raw red,206.0,206.0,Pettah
2024-06-12,Raw red,187.0,187.0,Pettah
2024-06-12,Raw red,206.0,206.0,Pettah
2024-06-13,Raw red,190.0,190.0,Pettah
2024-06-13,Raw red,192.0,192.0,Pettah
2024-06-14,Raw red,189.6,189.6,Pettah
2024-06-14,Raw red,184.0,184.0,Pettah
2024-06-18,Raw red,194.0,194.0,Pettah
2024-06-18,Raw red,204.0,204.0,Pettah
2024-06-19,Raw red,194.0,194.0,Pettah
2024-06-19,Raw red,206.0,206.0,Pettah
2024-06-20,Raw red,194.0,194.0,Pettah
2024-06-20,Raw red,211.0,211.0,Pettah
2024-06-24,Raw red,196.0,196.0,Pettah
2024-06-24,Raw red,210.0,210.0,Pettah
2024-06-25,Raw red,196.0,196.0,Pettah
2024-06-25,Raw red,207.0,207.0,Pettah
2024-06-26,Raw red,196.0,196.0,Pettah
2024-06-26,Raw red,202.0,202.0,Pettah
2024-06-27,Raw red,196.0,196.0,Pettah
2024-06-27,Raw red,201.0,201.0,Pettah
2024-06-28,Raw red,194.0,194.0,Pettah
2024-06-28,Raw red,372.0,372.0,Pettah
2024-07-01,Raw red,194.0,194.0,Pettah
2024-07-01,Raw red,192.0,192.0,Pettah
2024-07-02,Raw red,194.0,194.0,Pettah
2024-07-02,Raw red,167.0,167.0,Pettah
2024-07-03,Raw red,194.0,194.0,Pettah
2024-07-03,Raw red,184.0,184.0,Pettah
2024-07-04,Raw red,195.0,195.0,Pettah
2024-07-04,Raw red,192.0,192.0,Pettah
2024-07-05,Raw red,194.0,194.0,Pettah
2024-07-05,Raw red,338.0,338.0,Pettah
2024-07-08,Raw red,194.0,194.0,Pettah
2024-07-08,Raw red,332.0,332.0,Pettah
2024-07-09,Raw red,194.0,194.0,Pettah
2024-07-09,Raw red,180.0,180.0,Pettah
2024-07-10,Raw red,194.0,194.0,Pettah
2024-07-10,Raw red,182.0,182.0,Pettah
2024-07-11,Raw red,195.6,195.6,Pettah
2024-07-11,Raw red,342.0,342.0,Pettah
2024-07-12,Raw red,194.0,194.0,Pettah
2024-07-12,Raw red,185.0,185.0,Pettah
2024-07-15,Raw red,196.0,196.0,Pettah
2024-07-15,Raw red,308.0,308.0,Pettah
2024-07-16,Raw red,196.0,196.0,Pettah
2024-07-16,Raw red,308.0,308.0,Pettah
2024-07-17,Raw red,198.0,198.0,Pettah
2024-07-17,Raw red,274.0,274.0,Pettah
2024-07-18,Raw red,198.0,198.0,Pettah
2024-07-18,Raw red,238.0,238.0,Pettah
2024-07-19,Raw red,195.0,195.0,Pettah
2024-07-19,Raw red,244.0,244.0,Pettah
2024-07-22,Raw red,194.0,194.0,Pettah
2024-07-22,Raw red,244.0,244.0,Pettah
2024-07-23,Raw red,194.0,194.0,Pettah
2024-07-23,Raw red,252.0,252.0,Pettah
2024-07-24,Raw red,195.0,195.0,Pettah
2024-07-24,Raw red,238.0,238.0,Pettah
2024-07-25,Raw red,195.6,195.6,Pettah
2024-07-25,Raw red,232.0,232.0,Pettah
2024-07-26,Raw red,195.0,195.0,Pettah
2024-07-26,Raw red,232.0,232.0,Pettah
2024-07-29,Raw red,198.6,198.6,Pettah
2024-07-29,Raw red,310.0,310.0,Pettah
2024-07-30,Raw red,196.6,196.6,Pettah
2024-07-30,Raw red,260.0,260.0,Pettah
2024-07-31,Raw red,197.0,197.0,Pettah
2024-07-31,Raw red,160.0,160.0,Pettah
2024-08-01,Raw red,197.6,197.6,Pettah
2024-08-01,Raw red,176.0,176.0,Pettah
2024-08-02,Raw red,195.6,195.6,Pettah
2024-08-02,Raw red,192.0,192.0,Pettah
2024-08-05,Raw red,195.0,195.0,Pettah
2024-08-05,Raw red,170.0,170.0,Pettah
2024-08-06,Raw red,194.0,194.0,Pettah
2024-08-06,Raw red,170.0,170.0,Pettah
2024-08-07,Raw red,193.0,193.0,Pettah
2024-08-07,Raw red,194.0,194.0,Pettah
2024-08-08,Raw red,193.6,193.6,Pettah
2024-08-08,Raw red,192.0,192.0,Pettah
2024-08-09,Raw red,191.0,191.0,Pettah
2024-08-09,Raw red,189.0,189.0,Pettah
2024-08-12,Raw red,191.0,191.0,Pettah
2024-08-12,Raw red,168.0,168.0,Pettah
2024-08-13,Raw red,191.0,191.0,Pettah
2024-08-13,Raw red,195.0,195.0,Pettah
2024-08-14,Raw red,191.0,191.0,Pettah
2024-08-14,Raw red,197.0,197.0,Pettah
2024-08-15,Raw red,192.0,192.0,Pettah
2024-08-15,Raw red,202.0,202.0,Pettah
2024-08-16,Raw red,191.0,191.0,Pettah
2024-08-16,Raw red,202.0,202.0,Pettah
2024-08-20,Raw red,192.0,192.0,Pettah
2024-08-20,Raw red,210.0,210.0,Pettah
2024-08-21,Raw red,192.0,192.0,Pettah
2024-08-21,Raw red,202.0,202.0,Pettah
2024-08-22,Raw red,193.0,193.0,Pettah
2024-08-22,Raw red,202.0,202.0,Pettah
2024-08-23,Raw red,196.0,196.0,Pettah
2024-08-23,Raw red,218.0,218.0,Pettah
2024-08-26,Raw red,197.0,197.0,Pettah
2024-08-26,Raw red,222.0,222.0,Pettah
2024-08-27,Raw red,199.0,199.0,Pettah
2024-08-27,Raw red,222.0,222.0,Pettah
2024-08-28,Raw red,201.0,201.0,Pettah
2024-08-28,Raw red,264.0,264.0,Pettah
2024-08-29,Raw red,203.0,203.0,Pettah
2024-08-29,Raw red,224.0,224.0,Pettah
2024-08-30,Raw red,204.0,204.0,Pettah
2024-08-30,Raw red,209.0,209.0,Pettah
2024-09-02,Raw red,204.0,204.0,Pettah
2024-09-02,Raw red,209.0,209.0,Pettah
2024-09-03,Raw red,206.0,206.0,Pettah
2024-09-03,Raw red,222.0,222.0,Pettah
2024-09-04,Raw red,205.0,205.0,Pettah
2024-09-04,Raw red,224.0,224.0,Pettah
2024-09-05,Raw red,208.0,208.0,Pettah
2024-09-05,Raw red,228.0,228.0,Pettah
2024-09-06,Raw red,209.0,209.0,Pettah
2024-09-06,Raw red,237.0,237.0,Pettah
2024-09-09,Raw red,208.0,208.0,Pettah
2024-09-09,Raw red,231.0,231.0,Pettah
2024-09-10,Raw red,207.0,207.0,Pettah
2024-09-10,Raw red,230.0,230.0,Pettah
2024-09-11,Raw red,207.0,207.0,Pettah
2024-09-11,Raw red,205.0,205.0,Pettah
2024-09-12,Raw red,207.0,207.0,Pettah
2024-09-12,Raw red,206.0,206.0,Pettah
2024-09-13,Raw red,207.0,207.0,Pettah
2024-09-13,Raw red,204.0,204.0,Pettah
2024-09-18,Raw red,208.6,208.6,Pettah
2024-09-18,Raw red,250.0,250.0,Pettah
2024-09-19,Raw red,208.6,208.6,Pettah
2024-09-19,Raw red,254.0,254.0,Pettah
2024-09-20,Raw red,207.6,207.6,Pettah
2024-09-20,Raw red,246.0,246.0,Pettah
2024-09-24,Raw red,208.0,208.0,Pettah
2024-09-24,Raw red,223.0,223.0,Pettah
2024-09-25,Raw red,207.0,207.0,Pettah
2024-09-25,Raw red,221.0,221.0,Pettah
2024-09-26,Raw red,207.6,207.6,Pettah
2024-09-26,Raw red,218.0,218.0,Pettah
2024-09-27,Raw red,208.0,208.0,Pettah
2024-09-27,Raw red,216.0,216.0,Pettah
2024-09-30,Raw red,206.6,206.6,Pettah
2024-09-30,Raw red,212.0,212.0,Pettah
2024-10-01,Raw red,208.0,208.0,Pettah
2024-10-01,Raw red,208.0,208.0,Pettah
2024-10-02,Raw red,208.0,208.0,Pettah
2024-10-02,Raw red,208.0,208.0,Pettah
2024-10-03,Raw red,208.0,208.0,Pettah
2024-10-03,Raw red,210.0,210.0,Pettah
2024-10-04,Raw red,208.0,208.0,Pettah
2024-10-04,Raw red,206.0,206.0,Pettah
2024-10-07,Raw red,208.0,208.0,Pettah
2024-10-07,Raw red,232.0,232.0,Pettah
2024-10-08,Raw red,206.6,206.6,Pettah
2024-10-08,Raw red,207.0,207.0,Pettah
2024-10-09,Raw red,207.0,207.0,Pettah
2024-10-09,Raw red,215.0,215.0,Pettah
2024-10-10,Raw red,207.0,207.0,Pettah
2024-10-10,Raw red,212.0,212.0,Pettah
2024-10-11,Raw red,207.6,207.6,Pettah
2024-10-11,Raw red,212.0,212.0,Pettah
2024-10-14,Raw red,207.0,207.0,Pettah
2024-10-14,Raw red,213.0,213.0,Pettah
2024-10-15,Raw red,207.6,207.6,Pettah
2024-10-15,Raw red,376.0,376.0,Pettah
2024-10-16,Raw red,207.6,207.6,Pettah
2024-10-16,Raw red,382.0,382.0,Pettah
2024-10-18,Raw red,209.4,209.4,Pettah
2024-10-18,Raw red,226.0,226.0,Pettah
2024-10-21,Raw red,208.6,208.6,Pettah
2024-10-21,Raw red,228.0,228.0,Pettah
2024-10-22,Raw red,208.2,208.2,Pettah
2024-10-22,Raw red,358.0,358.0,Pettah
2024-10-23,Raw red,208.2,208.2,Pettah
2024-10-23,Raw red,348.0,348.0,Pettah
2024-10-24,Raw red,207.0,207.0,Pettah
2024-10-24,Raw red,358.0,358.0,Pettah
2024-10-25,Raw red,207.2,207.2,Pettah
2024-10-25,Raw red,358.0,358.0,Pettah
2024-10-28,Raw red,208.6,208.6,Pettah
2024-10-28,Raw red,358.0,358.0,Pettah
2024-10-29,Raw red,208.6,208.6,Pettah
2024-10-29,Raw red,234.0,234.0,Pettah
2024-11-01,Raw red,213.0,213.0,Pettah
2024-11-01,Raw red,358.0,358.0,Pettah
2024-11-04,Raw red,213.5,213.5,Pettah
2024-11-04,Raw red,342.0,342.0,Pettah
2024-11-05,Raw red,213.0,213.0,Pettah
2024-11-05,Raw red,342.0,342.0,Pettah
2024-11-06,Raw red,214.25,214.25,Pettah
2024-11-06,Raw red,326.0,326.0,Pettah
2024-11-07,Raw red,214.25,214.25,Pettah
2024-11-07,Raw red,354.0,354.0,Pettah
2024-11-08,Raw red,216.75,216.75,Pettah
2024-11-08,Raw red,348.0,348.0,Pettah
2024-11-11,Raw red,217.5,217.5,Pettah
2024-11-11,Raw red,382.0,382.0,Pettah
2024-11-12,Raw red,217.5,217.5,Pettah
2024-11-12,Raw red,358.0,358.0,Pettah
2024-11-13,Raw red,217.5,217.5,Pettah
2024-11-13,Raw red,358.0,358.0,Pettah
2024-11-14,Raw red,217.0,217.0,Pettah
2024-11-14,Raw red,258.0,258.0,Pettah
2024-11-18,Raw red,218.75,218.75,Pettah
2024-11-18,Raw red,258.0,258.0,Pettah
2024-11-19,Raw red,221.75,221.75,Pettah
2024-11-19,Raw red,262.0,262.0,Pettah
2024-11-20,Raw red,223.75,223.75,Pettah
2024-11-20,Raw red,262.0,262.0,Pettah
2024-11-21,Raw red,223.75,223.75,Pettah
2024-11-21,Raw red,288.0,288.0,Pettah
2024-11-22,Raw red,223.75,223.75,Pettah
2024-11-22,Raw red,260.0,260.0,Pettah
2024-11-25,Raw red,226.25,226.25,Pettah
2024-11-25,Raw red,262.0,262.0,Pettah
2024-11-26,Raw red,226.25,226.25,Pettah
2024-11-26,Raw red,256.0,256.0,Pettah
2024-11-27,Raw red,226.25,226.25,Pettah
2024-11-27,Raw red,250.0,250.0,Pettah
2024-11-28,Raw red,227.5,227.5,Pettah
2024-11-28,Raw red,246.0,246.0,Pettah
2024-11-29,Raw red,227.5,227.5,Pettah
2024-11-29,Raw red,250.0,250.0,Pettah
2024-12-02,Raw red,232.5,232.5,Pettah
2024-12-02,Raw red,246.0,246.0,Pettah
2024-12-03,Raw red,238.75,238.75,Pettah
2024-12-03,Raw red,326.0,326.0,Pettah
2024-12-04,Raw red,237.5,237.5,Pettah
2024-12-04,Raw red,312.0,312.0,Pettah
2024-12-05,Raw red,242.5,242.5,Pettah
2024-12-05,Raw red,292.0,292.0,Pettah
2024-12-06,Raw red,247.5,247.5,Pettah
2024-12-06,Raw red,254.0,254.0,Pettah
2024-12-09,Raw red,247.5,247.5,Pettah
2024-12-09,Raw red,224.0,224.0,Pettah
2024-12-10,Raw red,217.5,217.5,Pettah
2024-12-10,Raw red,342.0,342.0,Pettah
2024-12-11,Raw red,217.5,217.5,Pettah
2024-12-11,Raw red,354.0,354.0,Pettah
2024-12-12,Raw red,217.5,217.5,Pettah
2024-12-12,Raw red,354.0,354.0,Pettah
2024-12-13,Raw red,218.0,218.0,Pettah
2024-12-13,Raw red,370.0,370.0,Pettah
2024-12-16,Raw red,218.0,218.0,Pettah
2024-12-16,Raw red,388.0,388.0,Pettah
2024-12-17,Raw red,218.0,218.0,Pettah
2024-12-17,Raw red,284.0,284.0,Pettah
2024-12-18,Raw red,218.0,218.0,Pettah
2024-12-18,Raw red,270.0,270.0,Pettah
2024-12-19,Raw red,218.0,218.0,Pettah
2024-12-19,Raw red,396.0,396.0,Pettah
2024-12-20,Raw red,216.67,216.67,Pettah
2024-12-20,Raw red,316.0,316.0,Pettah
2024-12-23,Raw red,218.0,218.0,Pettah
2024-12-23,Raw red,412.0,412.0,Pettah
2024-12-24,Raw red,215.0,215.0,Pettah
2024-12-24,Raw red,420.0,420.0,Pettah
2024-12-26,Raw red,216.67,216.67,Pettah
2024-12-26,Raw red,412.0,412.0,Pettah
2024-12-27,Raw red,217.5,217.5,Pettah
2024-12-27,Raw red,442.0,442.0,Pettah
2024-12-30,Raw red,217.5,217.5,Pettah
2024-12-30,Raw red,442.0,442.0,Pettah
2024-12-31,Raw red,217.5,217.5,Pettah
2024-12-31,Raw red,458.0,458.0,Pettah
2025-01-01,Raw red,217.5,217.5,Pettah
2025-01-01,Raw red,432.0,432.0,Pettah
2025-01-02,Raw red,216.67,216.67,Pettah
2025-01-02,Raw red,408.0,408.0,Pettah
2025-01-03,Raw red,216.67,216.67,Pettah
2025-01-03,Raw red,412.0,412.0,Pettah
2025-01-06,Raw red,216.67,216.67,Pettah
2025-01-06,Raw red,452.0,452.0,Pettah
2025-01-07,Raw red,216.67,216.67,Pettah
2025-01-07,Raw red,432.0,432.0,Pettah
2025-01-08,Raw red,216.67,216.67,Pettah
2025-01-08,Raw red,192.0,192.0,Pettah
2025-01-09,Raw red,216.67,216.67,Pettah
2025-01-09,Raw red,420.0,420.0,Pettah
2025-01-10,Raw red,216.67,216.67,Pettah
2025-01-10,Raw red,420.0,420.0,Pettah
2025-01-15,Raw red,216.67,216.67,Pettah
2025-01-15,Raw red,164.0,164.0,Pettah
2025-01-16,Raw red,216.67,216.67,Pettah
2025-01-16,Raw red,176.0,176.0,Pettah
2025-01-17,Raw red,216.67,216.67,Pettah
2025-01-17,Raw red,208.0,208.0,Pettah
2025-01-20,Raw red,227.5,227.5,Pettah
2025-01-20,Raw red,370.0,370.0,Pettah
2025-01-21,Raw red,690.0,690.0,Pettah
2025-01-21,Raw red,540.0,540.0,Pettah
2025-01-22,Raw red,690.0,690.0,Pettah
2025-01-22,Raw red,540.0,540.0,Pettah
2025-01-23,Raw red,640.0,640.0,Pettah
2025-01-23,Raw red,273.0,273.0,Pettah
2025-01-24,Raw red,640.0,640.0,Pettah
2025-01-24,Raw red,560.0,560.0,Pettah
2025-01-27,Raw red,640.0,640.0,Pettah
2025-01-27,Raw red,598.0,598.0,Pettah
2025-01-28,Raw red,216.6,216.6,Pettah
2025-01-28,Raw red,184.0,184.0,Pettah
2025-01-29,Raw red,216.6,216.6,Pettah
2025-01-29,Raw red,184.0,184.0,Pettah
2025-01-30,Raw red,227.5,227.5,Pettah
2025-01-30,Raw red,368.0,368.0,Pettah
2025-01-31,Raw red,227.5,227.5,Pettah
2025-01-31,Raw red,368.0,368.0,Pettah
2025-02-03,Raw red,227.5,227.5,Pettah
2025-02-03,Raw red,322.0,322.0,Pettah
2025-02-05,Raw red,227.5,227.5,Pettah
2025-02-05,Raw red,124.0,124.0,Pettah
2025-02-06,Raw red,227.5,227.5,Pettah
2025-02-06,Raw red,128.0,128.0,Pettah
2025-02-07,Raw red,227.5,227.5,Pettah
2025-02-07,Raw red,124.0,124.0,Pettah
2025-02-10,Raw red,217.5,217.5,Pettah
2025-02-10,Raw red,308.0,308.0,Pettah
2025-02-11,Raw red,217.5,217.5,Pettah
2025-02-11,Raw red,320.0,320.0,Pettah
2025-02-13,Raw red,218.75,218.75,Pettah
2025-02-13,Raw red,312.0,312.0,Pettah
2025-02-14,Raw red,218.75,218.75,Pettah
2025-02-14,Raw red,304.0,304.0,Pettah
2025-02-17,Raw red,217.5,217.5,Pettah
2025-02-17,Raw red,312.0,312.0,Pettah
2025-02-18,Raw red,217.5,217.5,Pettah
2025-02-18,Raw red,300.0,300.0,Pettah
2025-02-19,Raw red,217.5,217.5,Pettah
2025-02-19,Raw red,292.0,292.0,Pettah
2025-02-20,Raw red,218.75,218.75,Pettah
2025-02-20,Raw red,292.0,292.0,Pettah
2025-02-21,Raw red,218.75,218.75,Pettah
2025-02-21,Raw red,304.0,304.0,Pettah
2025-02-24,Raw red,218.75,218.75,Pettah
2025-02-24,Raw red,248.0,248.0,Pettah
2025-02-25,Raw red,222.5,222.5,Pettah
2025-02-25,Raw red,232.0,232.0,Pettah
2025-02-27,Raw red,220.0,220.0,Pettah
2025-02-27,Raw red,228.0,228.0,Pettah
2025-02-28,Raw red,217.5,217.5,Pettah
2025-02-28,Raw red,158.0,158.0,Pettah
2025-03-03,Raw red,217.5,217.5,Pettah
2025-03-03,Raw red,256.0,256.0,Pettah
2025-03-04,Raw red,218.75,218.75,Pettah
2025-03-04,Raw red,170.0,170.0,Pettah
2025-03-05,Raw red,217.5,217.5,Pettah
2025-03-05,Raw red,168.0,168.0,Pettah
2025-03-06,Raw red,217.5,217.5,Pettah
2025-03-06,Raw red,180.0,180.0,Pettah
2025-03-07,Raw red,217.5,217.5,Pettah
2025-03-07,Raw red,180.0,180.0,Pettah
2025-03-10,Raw red,217.5,217.5,Pettah
2025-03-10,Raw red,288.0,288.0,Pettah
2025-03-11,Raw red,218.25,218.25,Pettah
2025-03-11,Raw red,170.0,170.0,Pettah
2025-03-12,Raw red,218.25,218.25,Pettah
2025-03-12,Raw red,170.0,170.0,Pettah
2025-03-14,Raw red,218.25,218.25,Pettah
2025-03-14,Raw red,170.0,170.0,Pettah
2025-03-17,Raw red,218.0,218.0,Pettah
2025-03-17,Raw red,288.0,288.0,Pettah
2025-03-18,Raw red,218.75,218.75,Pettah
2025-03-18,Raw red,288.0,288.0,Pettah
2025-03-19,Raw red,218.25,218.25,Pettah
2025-03-19,Raw red,125.0,125.0,Pettah
2025-03-20,Raw red,218.25,218.25,Pettah
2025-03-20,Raw red,168.0,168.0,Pettah
2025-03-21,Raw red,217.5,217.5,Pettah
2025-03-21,Raw red,160.0,160.0,Pettah
2025-03-24,Raw red,217.5,217.5,Pettah
2025-03-24,Raw red,130.0,130.0,Pettah
2025-03-25,Raw red,217.5,217.5,Pettah
2025-03-25,Raw red,142.0,142.0,Pettah
2025-03-26,Raw red,217.5,217.5,Pettah
2025-03-26,Raw red,160.0,160.0,Pettah
2025-03-27,Raw red,217.5,217.5,Pettah
2025-03-27,Raw red,180.0,180.0,Pettah
2025-03-28,Raw red,217.5,217.5,Pettah
2025-03-28,Raw red,132.0,132.0,Pettah
2025-04-01,Raw red,217.5,217.5,Pettah
2025-04-01,Raw red,140.0,140.0,Pettah
2025-04-02,Raw red,217.5,217.5,Pettah
2025-04-02,Raw red,152.0,152.0,Pettah
2025-04-03,Raw red,217.5,217.5,Pettah
2025-04-03,Raw red,152.0,152.0,Pettah
2025-04-04,Raw red,217.5,217.5,Pettah
2025-04-04,Raw red,178.0,178.0,Pettah
2025-04-07,Raw red,217.5,217.5,Pettah
2025-04-07,Raw red,170.0,170.0,Pettah
2025-04-08,Raw red,217.5,217.5,Pettah
2025-04-08,Raw red,204.0,204.0,Pettah
2025-04-09,Raw red,218.25,218.25,Pettah
2025-04-09,Raw red,208.0,208.0,Pettah
2025-04-10,Raw red,218.25,218.25,Pettah
2025-04-10,Raw red,188.0,188.0,Pettah
2025-04-11,Raw red,218.25,218.25,Pettah
2025-04-11,Raw red,208.0,208.0,Pettah
2025-04-16,Raw red,37.0,37.0,Pettah
2025-04-16,Raw red,,,Pettah
2025-04-17,Raw red,217.5,217.5,Pettah
2025-04-17,Raw red,338.0,338.0,Pettah
2025-04-21,Raw red,213.5,213.5,Pettah
2025-04-21,Raw red,332.0,332.0,Pettah
2025-04-22,Raw red,212.5,212.5,Pettah
2025-04-22,Raw red,338.0,338.0,Pettah
2025-04-23,Raw red,211.75,211.75,Pettah
2025-04-23,Raw red,208.0,208.0,Pettah
2025-04-24,Raw red,211.75,211.75,Pettah
2025-04-24,Raw red,178.0,178.0,Pettah
2025-04-25,Raw red,211.75,211.75,Pettah
2025-04-25,Raw red,200.0,200.0,Pettah
2025-04-28,Raw red,211.75,211.75,Pettah
2025-04-28,Raw red,308.0,308.0,Pettah
2025-04-29,Raw red,211.75,211.75,Pettah
2025-04-29,Raw red,308.0,308.0,Pettah
2025-05-02,Raw red,211.75,211.75,Pettah
2025-05-02,Raw red,182.0,182.0,Pettah
2025-05-05,Raw red,211.75,211.75,Pettah
2025-05-05,Raw red,308.0,308.0,Pettah
2025-05-06,Raw red,211.75,211.75,Pettah
2025-05-06,Raw red,276.0,276.0,Pettah
2025-05-07,Raw red,211.75,211.75,Pettah
2025-05-07,Raw red,308.0,308.0,Pettah
2025-05-08,Raw red,211.75,211.75,Pettah
2025-05-08,Raw red,124.0,124.0,Pettah
2025-05-09,Raw red,213.0,213.0,Pettah
2025-05-09,Raw red,322.0,322.0,Pettah
2025-05-14,Raw red,213.75,213.75,Pettah
2025-05-14,Raw red,212.0,212.0,Pettah
2025-05-15,Raw red,212.5,212.5,Pettah
2025-05-15,Raw red,292.0,292.0,Pettah
2025-05-16,Raw red,212.5,212.5,Pettah
2025-05-16,Raw red,296.0,296.0,Pettah
2025-05-19,Raw red,212.5,212.5,Pettah
2025-05-19,Raw red,95.0,95.0,Pettah
2025-05-20,Raw red,212.5,212.5,Pettah
2025-05-20,Raw red,312.0,312.0,Pettah
2025-05-21,Raw red,212.5,212.5,Pettah
2025-05-21,Raw red,312.0,312.0,Pettah
2025-05-22,Raw red,212.5,212.5,Pettah
2025-05-22,Raw red,312.0,312.0,Pettah
2025-05-23,Raw red,212.5,212.5,Pettah
2025-05-23,Raw red,330.0,330.0,Pettah
2025-05-26,Raw red,212.5,212.5,Pettah
2025-05-26,Raw red,96.0,96.0,Pettah
2025-05-27,Raw red,212.5,212.5,Pettah
2025-05-27,Raw red,94.0,94.0,Pettah
2025-05-28,Raw red,211.25,211.25,Pettah
2025-05-28,Raw red,358.0,358.0,Pettah
2025-05-29,Raw red,212.5,212.5,Pettah
2025-05-29,Raw red,312.0,312.0,Pettah
2025-05-30,Raw red,212.5,212.5,Pettah
2025-05-30,Raw red,92.0,92.0,Pettah
2025-06-02,Raw red,212.5,212.5,Pettah
2025-06-02,Raw red,99.0,99.0,Pettah
2025-06-03,Raw red,213.0,213.0,Pettah
2025-06-03,Raw red,92.0,92.0,Pettah
2025-06-04,Raw red,213.75,213.75,Pettah
2025-06-04,Raw red,320.0,320.0,Pettah
2025-06-05,Raw red,212.5,212.5,Pettah
2025-06-05,Raw red,362.0,362.0,Pettah
2025-06-06,Raw red,212.5,212.5,Pettah
2025-06-06,Raw red,378.0,378.0,Pettah
2025-06-09,Raw red,212.5,212.5,Pettah
2025-06-09,Raw red,338.0,338.0,Pettah
2025-06-11,Raw red,213.75,213.75,Pettah
2025-06-11,Raw red,338.0,338.0,Pettah
2025-06-12,Raw red,215.0,215.0,Pettah
2025-06-12,Raw red,338.0,338.0,Pettah
2025-06-13,Raw red,215.0,215.0,Pettah
2025-06-13,Raw red,348.0,348.0,Pettah
2025-06-16,Raw red,215.0,215.0,Pettah
2025-06-16,Raw red,328.0,328.0,Pettah
2025-06-17,Raw red,212.5,212.5,Pettah
2025-06-17,Raw red,288.0,288.0,Pettah
2025-06-18,Raw red,212.5,212.5,Pettah
2025-06-18,Raw red,308.0,308.0,Pettah
2025-06-19,Raw red,213.0,213.0,Pettah
2025-06-19,Raw red,354.0,354.0,Pettah
2025-06-20,Raw red,213.0,213.0,Pettah
2025-06-20,Raw red,344.0,344.0,Pettah
2025-06-23,Raw red,211.25,211.25,Pettah
2025-06-23,Raw red,338.0,338.0,Pettah
2025-06-24,Raw red,211.25,211.25,Pettah
2025-06-24,Raw red,332.0,332.0,Pettah
2025-06-25,Raw red,211.25,211.25,Pettah
2025-06-25,Raw red,346.0,346.0,Pettah
2025-06-26,Raw red,204.0,204.0,Pettah
2025-06-26,Raw red,320.0,320.0,Pettah
2025-06-27,Raw red,204.0,204.0,Pettah
2025-06-27,Raw red,332.0,332.0,Pettah
2025-06-30,Raw red,204.0,204.0,Pettah
2025-06-30,Raw red,358.0,358.0,Pettah
2025-07-01,Raw red,204.0,204.0,Pettah
2025-07-01,Raw red,342.0,342.0,Pettah
2025-07-07,Raw red,196.25,196.25,Pettah
2025-07-07,Raw red,340.0,340.0,Pettah
2025-07-08,Raw red,205.0,205.0,Pettah
2025-07-08,Raw red,325.0,325.0,Pettah
2025-07-09,Raw red,197.5,197.5,Pettah
2025-07-09,Raw red,290.0,290.0,Pettah
2025-07-11,Raw red,193.75,193.75,Pettah
2025-07-11,Raw red,325.0,325.0,Pettah
2025-07-14,Raw red,195.0,195.0,Pettah
2025-07-14,Raw red,310.0,310.0,Pettah
2025-07-15,Raw red,197.5,197.5,Pettah
2025-07-15,Raw red,325.0,325.0,Pettah
2025-07-16,Raw red,197.5,197.5,Pettah
2025-07-16,Raw red,300.0,300.0,Pettah
2025-07-17,Raw red,197.5,197.5,Pettah
2025-07-17,Raw red,310.0,310.0,Pettah
2025-07-18,Raw red,196.0,196.0,Pettah
2025-07-18,Raw red,82.5,82.5,Pettah
2025-07-21,Raw red,196.0,196.0,Pettah
2025-07-21,Raw red,87.5,87.5,Pettah
2025-07-22,Raw red,197.0,197.0,Pettah
2025-07-22,Raw red,82.5,82.5,Pettah
2025-07-23,Raw red,197.0,197.0,Pettah
2025-07-23,Raw red,82.5,82.5,Pettah
2025-07-24,Raw red,196.0,196.0,Pettah
2025-07-24,Raw red,82.5,82.5,Pettah
2025-07-25,Raw red,193.75,193.75,Pettah
2025-07-25,Raw red,80.0,80.0,Pettah
2025-07-28,Raw red,193.75,193.75,Pettah
2025-07-28,Raw red,82.5,82.5,Pettah
2025-07-29,Raw red,197.5,197.5,Pettah
2025-07-29,Raw red,85.0,85.0,Pettah
2025-07-30,Raw red,197.5,197.5,Pettah
2025-07-30,Raw red,90.0,90.0,Pettah
2025-07-31,Raw red,196.25,196.25,Pettah
2025-07-31,Raw red,100.0,100.0,Pettah
2025-08-01,Raw red,196.25,196.25,Pettah
2025-08-01,Raw red,100.0,100.0,Pettah
2025-08-04,Raw red,196.25,196.25,Pettah
2025-08-04,Raw red,100.0,100.0,Pettah
2025-08-05,Raw red,196.25,196.25,Pettah
2025-08-05,Raw red,97.5,97.5,Pettah
2025-08-06,Raw red,196.25,196.25,Pettah
2025-08-06,Raw red,97.5,97.5,Pettah
2025-08-07,Raw red,196.25,196.25,Pettah
2025-08-07,Raw red,97.5,97.5,Pettah
2025-08-11,Raw red,196.25,196.25,Pettah
2025-08-11,Raw red,115.0,115.0,Pettah
2025-08-12,Raw red,196.0,196.0,Pettah
2025-08-12,Raw red,108.0,108.0,Pettah
2025-08-13,Raw red,193.0,193.0,Pettah
2025-08-13,Raw red,111.0,111.0,Pettah
2025-08-14,Raw red,193.0,193.0,Pettah
2025-08-14,Raw red,250.0,250.0,Pettah
2025-08-15,Raw red,193.0,193.0,Pettah
2025-08-15,Raw red,113.0,113.0,Pettah
2025-08-18,Raw red,191.0,191.0,Pettah
2025-08-18,Raw red,255.0,255.0,Pettah
2025-08-19,Raw red,183.0,183.0,Pettah
2025-08-19,Raw red,245.0,245.0,Pettah
2025-08-20,Raw red,191.25,191.25,Pettah
2025-08-20,Raw red,210.0,210.0,Pettah
2025-08-21,Raw red,191.25,191.25,Pettah
2025-08-21,Raw red,230.0,230.0,Pettah
2025-08-22,Raw red,187.5,187.5,Pettah
2025-08-22,Raw red,220.0,220.0,Pettah
2025-08-25,Raw red,187.5,187.5,Pettah
2025-08-25,Raw red,106.0,106.0,Pettah
2025-08-26,Raw red,190.0,190.0,Pettah
2025-08-26,Raw red,225.0,225.0,Pettah
2025-08-27,Raw red,189.0,189.0,Pettah
2025-08-27,Raw red,118.0,118.0,Pettah
2025-08-28,Raw red,190.0,190.0,Pettah
2025-08-28,Raw red,215.0,215.0,Pettah
2025-08-29,Raw red,188.75,188.75,Pettah
2025-08-29,Raw red,104.0,104.0,Pettah
2025-09-01,Raw red,185.0,185.0,Pettah
2025-09-01,Raw red,230.0,230.0,Pettah
2025-09-02,Raw red,195.0,195.0,Pettah
2025-09-02,Raw red,118.0,118.0,Pettah
2025-09-03,Raw red,196.0,196.0,Pettah
2025-09-03,Raw red,235.0,235.0,Pettah
2025-09-04,Raw red,196.0,196.0,Pettah
2025-09-04,Raw red,225.0,225.0,Pettah
2025-09-08,Raw red,192.5,192.5,Pettah
2025-09-08,Raw red,118.0,118.0,Pettah
2025-09-09,Raw red,193.0,193.0,Pettah
2025-09-09,Raw red,98.0,98.0,Pettah
2025-09-10,Raw red,198.0,198.0,Pettah
2025-09-10,Raw red,109.0,109.0,Pettah
2025-09-11,Raw red,198.0,198.0,Pettah
2025-09-11,Raw red,112.0,112.0,Pettah
2025-09-12,Raw red,197.0,197.0,Pettah
2025-09-12,Raw red,104.0,104.0,Pettah
2025-09-15,Raw red,196.0,196.0,Pettah
2025-09-15,Raw red,142.0,142.0,Pettah
2025-09-16,Raw red,197.0,197.0,Pettah
2025-09-16,Raw red,235.0,235.0,Pettah
2025-09-17,Raw red,197.0,197.0,Pettah
2025-09-17,Raw red,122.5,122.5,Pettah
2025-09-18,Raw red,196.0,196.0,Pettah
2025-09-18,Raw red,122.5,122.5,Pettah
2025-09-19,Raw red,195.0,195.0,Pettah
2025-09-19,Raw red,120.0,120.0,Pettah
2025-09-22,Raw red,195.0,195.0,Pettah
2025-09-22,Raw red,137.5,137.5,Pettah
2025-09-23,Raw red,194.0,194.0,Pettah
2025-09-23,Raw red,139.0,139.0,Pettah
2025-09-24,Raw red,194.0,194.0,Pettah
2025-09-24,Raw red,225.0,225.0,Pettah
2025-09-25,Raw red,194.0,194.0,Pettah
2025-09-25,Raw red,210.0,210.0,Pettah
2025-09-26,Raw red,194.0,194.0,Pettah
2025-09-26,Raw red,127.0,127.0,Pettah
2025-09-29,Raw red,194.0,194.0,Pettah
2025-09-29,Raw red,126.0,126.0,Pettah
2025-09-30,Raw red,198.0,198.0,Pettah
2025-09-30,Raw red,210.0,210.0,Pettah
2025-10-01,Raw red,198.0,198.0,Pettah
2025-10-01,Raw red,126.0,126.0,Pettah
2025-10-02,Raw red,198.0,198.0,Pettah
2025-10-02,Raw red,126.0,126.0,Pettah
2025-10-03,Raw red,200.0,200.0,Pettah
2025-10-03,Raw red,119.0,119.0,Pettah
2025-10-07,Raw red,199.0,199.0,Pettah
2025-10-07,Raw red,126.0,126.0,Pettah
2025-10-08,Raw red,199.0,199.0,Pettah
2025-10-08,Raw red,130.0,130.0,Pettah
2025-10-09,Raw red,208.0,208.0,Pettah
2025-10-09,Raw red,135.0,135.0,Pettah
2025-10-10,Raw red,206.0,206.0,Pettah
2025-10-10,Raw red,137.5,137.5,Pettah
2025-10-13,Raw red,205.0,205.0,Pettah
2025-10-13,Raw red,150.0,150.0,Pettah
2025-10-14,Raw red,206.0,206.0,Pettah
2025-10-14,Raw red,150.0,150.0,Pettah
2025-10-15,Raw red,207.0,207.0,Pettah
2025-10-15,Raw red,157.5,157.5,Pettah
2025-10-16,Raw red,206.0,206.0,Pettah
2025-10-16,Raw red,152.5,152.5,Pettah
2025-10-17,Raw red,208.0,208.0,Pettah
2025-10-17,Raw red,157.5,157.5,Pettah
2025-10-21,Raw red,208.0,208.0,Pettah
2025-10-21,Raw red,148.0,148.0,Pettah
2025-10-22,Raw red,208.0,208.0,Pettah
2025-10-22,Raw red,136.25,136.25,Pettah
2025-10-23,Raw red,208.0,208.0,Pettah
2025-10-23,Raw red,127.5,127.5,Pettah
2025-10-24,Raw red,207.0,207.0,Pettah
2025-10-24,Raw red,127.5,127.5,Pettah
2025-10-27,Raw red,205.0,205.0,Pettah
2025-10-27,Raw red,142.5,142.5,Pettah
2025-10-28,Raw red,207.0,207.0,Pettah
2025-10-28,Raw red,135.0,135.0,Pettah
2025-10-29,Raw red,206.0,206.0,Pettah
2025-10-29,Raw red,135.0,135.0,Pettah
2025-10-30,Raw red,205.0,205.0,Pettah
2025-10-30,Raw red,135.0,135.0,Pettah
2025-10-31,Raw red,207.0,207.0,Pettah
2025-10-31,Raw red,135.0,135.0,Pettah
2025-11-03,Raw red,207.0,207.0,Pettah
2025-11-03,Raw red,145.0,145.0,Pettah
2025-11-04,Raw red,203.0,203.0,Pettah
2025-11-04,Raw red,145.0,145.0,Pettah
2025-11-06,Raw red,205.0,205.0,Pettah
2025-11-06,Raw red,145.0,145.0,Pettah
2025-11-07,Raw red,205.0,205.0,Pettah
2025-11-07,Raw red,145.0,145.0,Pettah
2025-11-10,Raw red,204.0,204.0,Pettah
2025-11-10,Raw red,145.0,145.0,Pettah
2025-11-11,Raw red,203.0,203.0,Pettah
2025-11-11,Raw red,167.5,167.5,Pettah
2025-11-12,Raw red,203.0,203.0,Pettah
2025-11-12,Raw red,165.0,165.0,Pettah
2025-11-13,Raw red,203.0,203.0,Pettah
2025-11-13,Raw red,165.0,165.0,Pettah
2025-11-14,Raw red,202.5,202.5,Pettah
2025-11-14,Raw red,165.0,165.0,Pettah
2025-11-17,Raw red,202.5,202.5,Pettah
2025-11-17,Raw red,166.25,166.25,Pettah
2025-11-18,Raw red,202.5,202.5,Pettah
2025-11-18,Raw red,160.0,160.0,Pettah
2025-11-19,Raw red,202.5,202.5,Pettah
2025-11-19,Raw red,140.0,140.0,Pettah
2025-11-20,Raw red,202.5,202.5,Pettah
2025-11-20,Raw red,290.0,290.0,Pettah
2025-11-21,Raw red,202.5,202.5,Pettah
2025-11-21,Raw red,295.0,295.0,Pettah
2025-11-24,Raw red,203.0,203.0,Pettah
2025-11-24,Raw red,140.0,140.0,Pettah
2025-11-25,Raw red,202.0,202.0,Pettah
2025-11-25,Raw red,297.5,297.5,Pettah
2025-11-26,Raw red,202.0,202.0,Pettah
2025-11-26,Raw red,125.0,125.0,Pettah
2025-11-27,Raw red,198.0,198.0,Pettah
2025-11-27,Raw red,125.0,125.0,Pettah
2025-12-01,Raw red,208.0,208.0,Pettah
2025-12-01,Raw red,200.0,200.0,Pettah
2025-12-02,Raw red,208.0,208.0,Pettah
2025-12-02,Raw red,390.0,390.0,Pettah
2025-12-03,Raw red,206.0,206.0,Pettah
2025-12-03,Raw red,170.0,170.0,Pettah
2025-12-05,Raw red,208.0,208.0,Pettah
2025-12-05,Raw red,182.5,182.5,Pettah
2025-12-08,Raw red,208.6,208.6,Pettah
2025-12-08,Raw red,225.0,225.0,Pettah
2025-12-09,Raw red,208.0,208.0,Pettah
2025-12-09,Raw red,210.0,210.0,Pettah
2025-12-10,Raw red,208.0,208.0,Pettah
2025-12-10,Raw red,190.0,190.0,Pettah
2025-12-11,Raw red,208.0,208.0,Pettah
2025-12-11,Raw red,190.0,190.0,Pettah
2025-12-12,Raw red,208.0,208.0,Pettah
2025-12-12,Raw red,202.5,202.5,Pettah
2025-12-15,Raw red,207.0,207.0,Pettah
2025-12-15,Raw red,165.0,165.0,Pettah
2025-12-16,Raw red,207.0,207.0,Pettah
2025-12-16,Raw red,165.0,165.0,Pettah
2025-12-17,Raw red,208.0,208.0,Pettah
2025-12-17,Raw red,165.0,165.0,Pettah
2025-12-18,Raw red,209.0,209.0,Pettah
2025-12-18,Raw red,180.0,180.0,Pettah
2025-12-19,Raw red,213.4,213.4,Pettah
2025-12-19,Raw red,170.0,170.0,Pettah
2025-12-22,Raw red,213.0,213.0,Pettah
2025-12-22,Raw red,165.0,165.0,Pettah
2025-12-23,Raw red,212.5,212.5,Pettah
2025-12-23,Raw red,145.0,145.0,Pettah
2025-12-24,Raw red,212.5,212.5,Pettah
2025-12-24,Raw red,140.0,140.0,Pettah
2025-12-26,Raw red,212.5,212.5,Pettah
2025-12-26,Raw red,165.0,165.0,Pettah
2025-12-29,Raw red,212.5,212.5,Pettah
2025-12-29,Raw red,185.0,185.0,Pettah
2025-12-30,Raw red,212.5,212.5,Pettah
2025-12-30,Raw red,200.0,200.0,Pettah
2025-12-31,Raw red,212.5,212.5,Pettah
2025-12-31,Raw red,190.0,190.0,Pettah
2026-01-01,Raw red,212.5,212.5,Pettah
2026-01-01,Raw red,175.0,175.0,Pettah
2026-01-02,Raw red,212.5,212.5,Pettah
2026-01-02,Raw red,185.0,185.0,Pettah
2026-01-05,Raw red,212.5,212.5,Pettah
2026-01-05,Raw red,165.0,165.0,Pettah
2026-01-06,Raw red,213.75,213.75,Pettah
2026-01-06,Raw red,150.0,150.0,Pettah
2026-01-07,Raw red,212.5,212.5,Pettah
2026-01-07,Raw red,150.0,150.0,Pettah
2026-01-08,Raw red,211.75,211.75,Pettah
2026-01-08,Raw red,137.5,137.5,Pettah
2026-01-09,Raw red,211.0,211.0,Pettah
2026-01-09,Raw red,140.0,140.0,Pettah
2026-01-12,Raw red,210.5,210.5,Pettah
2026-01-12,Raw red,137.5,137.5,Pettah
2026-01-13,Raw red,210.8,210.8,Pettah
2026-01-13,Raw red,140.0,140.0,Pettah
2026-01-16,Raw red,207.0,207.0,Pettah
2026-01-16,Raw red,134.0,134.0,Pettah
2026-01-19,Raw red,207.0,207.0,Pettah
2026-01-19,Raw red,134.0,134.0,Pettah
2026-01-20,Raw red,208.0,208.0,Pettah
2026-01-20,Raw red,130.0,130.0,Pettah
2026-01-21,Raw red,207.0,207.0,Pettah
2026-01-21,Raw red,130.0,130.0,Pettah
2026-01-22,Raw red,207.0,207.0,Pettah
2026-01-22,Raw red,116.0,116.0,Pettah
2026-01-23,Raw red,202.0,202.0,Pettah
2026-01-23,Raw red,414.0,414.0,Pettah
2026-01-26,Raw red,202.0,202.0,Pettah
2026-01-26,Raw red,414.0,414.0,Pettah
2026-01-27,Raw red,203.0,203.0,Pettah
2026-01-27,Raw red,416.0,416.0,Pettah
2026-01-28,Raw red,203.0,203.0,Pettah
2026-01-28,Raw red,414.0,414.0,Pettah
2026-01-29,Raw red,203.0,203.0,Pettah
2026-01-29,Raw red,174.0,174.0,Pettah
2026-01-30,Raw red,202.0,202.0,Pettah
2026-01-30,Raw red,170.0,170.0,Pettah
2026-02-02,Raw red,202.0,202.0,Pettah
2026-02-02,Raw red,156.0,156.0,Pettah
2026-02-03,Raw red,202.0,202.0,Pettah
2026-02-03,Raw red,149.0,149.0,Pettah
2026-02-05,Raw red,203.0,203.0,Pettah
2026-02-05,Raw red,330.0,330.0,Pettah
2026-02-06,Raw red,196.0,196.0,Pettah
2026-02-06,Raw red,345.0,345.0,Pettah
2026-02-09,Raw red,196.0,196.0,Pettah
2026-02-09,Raw red,296.0,296.0,Pettah
2026-02-10,Raw red,195.0,195.0,Pettah
2026-02-10,Raw red,292.0,292.0,Pettah
2026-02-11,Raw red,195.0,195.0,Pettah
2026-02-11,Raw red,342.0,342.0,Pettah
2026-02-12,Raw red,195.0,195.0,Pettah
2026-02-12,Raw red,318.0,318.0,Pettah
2026-02-13,Raw red,195.0,195.0,Pettah
2026-02-13,Raw red,310.0,310.0,Pettah
2026-02-16,Raw red,192.0,192.0,Pettah
2026-02-16,Raw red,290.0,290.0,Pettah
2026-02-17,Raw red,192.0,192.0,Pettah
2026-02-17,Raw red,290.0,290.0,Pettah
2026-02-18,Raw red,187.0,187.0,Pettah
2026-02-18,Raw red,300.0,300.0,Pettah
2026-02-19,Raw red,187.0,187.0,Pettah
2026-02-19,Raw red,310.0,310.0,Pettah
2026-02-20,Raw red,192.0,192.0,Pettah
2026-02-20,Raw red,310.0,310.0,Pettah
2026-02-23,Raw red,186.0,186.0,Pettah
2026-02-23,Raw red,342.0,342.0,Pettah
2026-02-24,Raw red,186.0,186.0,Pettah
2026-02-24,Raw red,324.0,324.0,Pettah
2026-02-25,Raw red,190.0,190.0,Pettah
2026-02-25,Raw red,338.0,338.0,Pettah
2026-02-26,Raw red,190.0,190.0,Pettah
2026-02-26,Raw red,338.0,338.0,Pettah
2026-02-27,Raw red,190.0,190.0,Pettah
2026-02-27,Raw red,272.0,272.0,Pettah
2026-03-03,Raw red,193.0,193.0,Pettah
2026-03-03,Raw red,290.0,290.0,Pettah
2026-03-04,Raw red,193.0,193.0,Pettah
2026-03-04,Raw red,294.0,294.0,Pettah
2026-03-05,Raw red,193.0,193.0,Pettah
2026-03-05,Raw red,254.0,254.0,Pettah
2026-03-06,Raw red,193.0,193.0,Pettah
2026-03-06,Raw red,326.0,326.0,Pettah
2026-03-09,Raw red,193.0,193.0,Pettah
2026-03-09,Raw red,248.0,248.0,Pettah
2026-03-10,Raw red,193.0,193.0,Pettah
2026-03-10,Raw red,248.0,248.0,Pettah
2026-03-11,Raw red,196.0,196.0,Pettah
2026-03-11,Raw red,248.0,248.0,Pettah
2026-03-12,Raw red,196.0,196.0,Pettah
2026-03-12,Raw red,250.0,250.0,Pettah
2026-03-13,Raw red,196.0,196.0,Pettah
2026-03-13,Raw red,254.0,254.0,Pettah
2026-03-16,Raw red,191.2,191.2,Pettah
2026-03-16,Raw red,256.0,256.0,Pettah
2026-03-17,Raw red,194.0,194.0,Pettah
2026-03-17,Raw red,264.0,264.0,Pettah
2026-03-18,Raw red,194.0,194.0,Pettah
2026-03-18,Raw red,254.0,254.0,Pettah
2026-03-19,Raw red,194.0,194.0,Pettah
2026-03-19,Raw red,272.0,272.0,Pettah
2026-03-20,Raw red,194.0,194.0,Pettah
2026-03-20,Raw red,248.0,248.0,Pettah
2026-03-23,Raw red,195.0,195.0,Pettah
2026-03-23,Raw red,238.0,238.0,Pettah
2026-03-24,Raw red,195.0,195.0,Pettah
2026-03-24,Raw red,256.0,256.0,Pettah
2026-03-25,Raw red,196.0,196.0,Pettah
2026-03-25,Raw red,266.0,266.0,Pettah
2026-03-26,Raw red,193.0,193.0,Pettah
2026-03-26,Raw red,165.0,165.0,Pettah
2026-03-27,Raw red,194.0,194.0,Pettah
2026-03-27,Raw red,266.0,266.0,Pettah
2026-03-30,Raw red,194.0,194.0,Pettah
2026-03-30,Raw red,145.0,145.0,Pettah
2026-03-31,Raw red,194.0,194.0,Pettah
2026-03-31,Raw red,266.0,266.0,Pettah
2026-04-02,Raw red,194.0,194.0,Pettah
2026-04-02,Raw red,274.0,274.0,Pettah
2026-04-06,Raw red,194.0,194.0,Pettah
2026-04-06,Raw red,254.0,254.0,Pettah
2026-04-07,Raw red,192.5,192.5,Pettah
2026-04-07,Raw red,254.0,254.0,Pettah
2026-04-08,Raw red,192.5,192.5,Pettah
2026-04-08,Raw red,242.0,242.0,Pettah
2026-04-09,Raw red,192.0,192.0,Pettah
2026-04-09,Raw red,242.0,242.0,Pettah
2026-04-10,Raw red,194.0,194.0,Pettah
2026-04-10,Raw red,238.0,238.0,Pettah
2026-04-20,Raw red,192.0,192.0,Pettah
2026-04-20,Raw red,258.0,258.0,Pettah
2026-04-21,Raw red,192.0,192.0,Pettah
2026-04-21,Raw red,252.0,252.0,Pettah
2026-04-22,Raw red,192.0,192.0,Pettah
2026-04-22,Raw red,240.0,240.0,Pettah
2026-04-23,Raw red,192.0,192.0,Pettah
2026-04-23,Raw red,132.5,132.5,Pettah
2026-04-24,Raw red,192.0,192.0,Pettah
2026-04-24,Raw red,120.0,120.0,Pettah
2026-04-27,Raw red,192.0,192.0,Pettah
2026-04-27,Raw red,127.5,127.5,Pettah
2026-04-28,Raw red,193.0,193.0,Pettah
2026-04-28,Raw red,137.5,137.5,Pettah
2026-04-29,Raw red,193.0,193.0,Pettah
2026-04-29,Raw red,137.5,137.5,Pettah
2026-04-30,Raw red,193.0,193.0,Pettah
2026-04-30,Raw red,137.5,137.5,Pettah
2026-05-04,Raw red,193.0,193.0,Pettah
2026-05-04,Raw red,145.0,145.0,Pettah
2026-05-05,Raw red,193.0,193.0,Pettah
2026-05-05,Raw red,137.5,137.5,Pettah
2026-05-06,Raw red,193.0,193.0,Pettah
2026-05-06,Raw red,167.5,167.5,Pettah
2026-05-07,Raw red,193.0,193.0,Pettah
2026-05-07,Raw red,187.5,187.5,Pettah
2026-05-08,Raw red,193.0,193.0,Pettah
2026-05-08,Raw red,205.0,205.0,Pettah
2026-05-11,Raw red,193.0,193.0,Pettah
2026-05-11,Raw red,260.0,260.0,Pettah
2026-05-12,Raw red,191.0,191.0,Pettah
2026-05-12,Raw red,230.0,230.0,Pettah
2026-05-13,Raw red,191.0,191.0,Pettah
2026-05-13,Raw red,188.0,188.0,Pettah
2026-05-14,Raw red,189.0,189.0,Pettah
2026-05-14,Raw red,236.0,236.0,Pettah
2026-05-15,Raw red,191.0,191.0,Pettah
2026-05-15,Raw red,242.0,242.0,Pettah
2026-05-18,Raw red,192.0,192.0,Pettah
2026-05-18,Raw red,272.0,272.0,Pettah
2026-05-19,Raw red,188.0,188.0,Pettah
2026-05-19,Raw red,252.0,252.0,Pettah
2026-05-20,Raw red,190.0,190.0,Pettah
2026-05-20,Raw red,248.0,248.0,Pettah
2026-05-21,Raw red,190.0,190.0,Pettah
2026-05-21,Raw red,160.0,160.0,Pettah
2026-05-22,Raw red,190.0,190.0,Pettah
2026-05-22,Raw red,160.0,160.0,Pettah
2026-05-25,Raw red,184.0,184.0,Pettah
2026-05-25,Raw red,210.0,210.0,Pettah
2026-05-26,Raw red,180.0,180.0,Pettah
2026-05-26,Raw red,200.0,200.0,Pettah
2026-05-27,Raw red,181.0,181.0,Pettah
2026-05-27,Raw red,280.0,280.0,Pettah
2026-05-29,Raw red,180.0,180.0,Pettah
2026-05-29,Raw red,308.0,308.0,Pettah
2026-06-01,Raw red,180.0,180.0,Pettah
2026-06-01,Raw red,172.5,172.5,Pettah
2026-06-02,Raw red,180.0,180.0,Pettah
2026-06-02,Raw red,165.0,165.0,Pettah
2026-06-03,Raw red,180.0,180.0,Pettah
2026-06-03,Raw red,165.0,165.0,Pettah
2026-06-04,Raw red,179.0,179.0,Pettah
2026-06-04,Raw red,200.0,200.0,Pettah
2026-06-05,Raw red,179.0,179.0,Pettah
2026-06-05,Raw red,192.5,192.5,Pettah
2026-06-08,Raw red,178.0,178.0,Pettah
2026-06-08,Raw red,292.0,292.0,Pettah
2026-06-09,Raw red,179.0,179.0,Pettah
2026-06-09,Raw red,182.5,182.5,Pettah
2026-06-10,Raw red,178.0,178.0,Pettah
2026-06-10,Raw red,286.0,286.0,Pettah
2026-06-11,Raw red,179.0,179.0,Pettah
2026-06-11,Raw red,290.0,290.0,Pettah
2026-06-12,Raw red,178.0,178.0,Pettah
2026-06-12,Raw red,294.0,294.0,Pettah
2026-06-15,Raw red,174.0,174.0,Pettah
2026-06-15,Raw red,296.0,296.0,Pettah
2026-06-16,Raw red,174.0,174.0,Pettah
2026-06-16,Raw red,292.0,292.0,Pettah
2026-06-17,Raw red,174.0,174.0,Pettah
2026-06-17,Raw red,162.0,162.0,Pettah
2026-06-18,Raw red,174.0,174.0,Pettah
2026-06-18,Raw red,157.0,157.0,Pettah
2026-06-19,Raw red,168.0,168.0,Pettah
2026-06-19,Raw red,176.0,176.0,Pettah
2026-06-22,Raw red,167.0,167.0,Pettah
2026-06-22,Raw red,260.0,260.0,Pettah
2026-06-23,Raw red,167.0,167.0,Pettah
2026-06-23,Raw red,268.0,268.0,Pettah
2026-06-24,Raw red,165.0,165.0,Pettah
2026-06-24,Raw red,166.0,166.0,Pettah
2026-06-25,Raw red,163.0,163.0,Pettah
2026-06-25,Raw red,176.0,176.0,Pettah
2026-06-26,Raw red,166.0,166.0,Pettah
2026-06-26,Raw red,169.0,169.0,Pettah
2026-06-30,Raw red,166.0,166.0,Pettah
2026-06-30,Raw red,175.0,175.0,Pettah
2026-07-01,Raw red,166.0,166.0,Pettah
2026-07-01,Raw red,175.0,175.0,Pettah
2026-07-02,Raw red,167.0,167.0,Pettah
2026-07-02,Raw red,182.0,182.0,Pettah
2026-07-03,Raw red,166.0,166.0,Pettah
2026-07-03,Raw red,172.0,172.0,Pettah
2026-07-06,Raw red,169.0,169.0,Pettah
2026-07-06,Raw red,182.0,182.0,Pettah
2026-07-07,Raw red,166.0,166.0,Pettah
2026-07-07,Raw red,184.0,184.0,Pettah
2026-07-08,Raw red,166.0,166.0,Pettah
2026-07-08,Raw red,190.0,190.0,Pettah
2026-07-09,Raw red,166.0,166.0,Pettah
2026-07-09,Raw red,182.0,182.0,Pettah
2026-07-10,Raw red,165.0,165.0,Pettah
2026-07-10,Raw red,186.0,186.0,Pettah
2026-07-13,Raw red,162.5,162.5,Pettah
2026-07-13,Raw red,177.0,177.0,Pettah
2026-07-14,Raw red,162.5,162.5,Pettah
2026-07-14,Raw red,171.0,171.0,Pettah
2026-07-15,Raw red,165.0,165.0,Pettah
2026-07-15,Raw red,175.0,175.0,Pettah
2026-07-16,Raw red,162.0,162.0,Pettah
2026-07-16,Raw red,169.0,169.0,Pettah
2026-07-17,Raw red,166.0,166.0,Pettah
2026-07-17,Raw red,175.0,175.0,Pettah
2026-07-20,Raw red,166.0,166.0,Pettah
2026-07-20,Raw red,175.0,175.0,Pettah
2026-07-21,Raw red,165.0,165.0,Pettah
2026-07-21,Raw red,178.0,178.0,Pettah
2026-07-22,Raw red,165.0,165.0,Pettah
2026-07-22,Raw red,192.0,192.0,Pettah
2026-07-23,Raw red,165.0,165.0,Pettah
2026-07-23,Raw red,190.0,190.0,Pettah
2026-07-24,Raw red,165.0,165.0,Pettah
2026-07-24,Raw red,208.0,208.0,Pettah
2026-07-27,Raw red,164.0,164.0,Pettah
2026-07-27,Raw red,226.0,226.0,Pettah
2026-07-28,Raw red,163.0,163.0,Pettah
2026-07-28,Raw red,218.0,218.0,Pettah
2026-07-30,Raw red,166.0,166.0,Pettah
2026-07-30,Raw red,192.0,192.0,Pettah
2026-07-31,Raw red,166.0,166.0,Pettah
2026-07-31,Raw red,186.0,186.0,Pettah
2026-08-03,Raw red,166.0,166.0,Pettah
2026-08-03,Raw red,186.0,186.0,Pettah
2026-08-04,Raw red,166.0,166.0,Pettah
2026-08-04,Raw red,176.0,176.0,Pettah
2026-08-05,Raw red,166.0,166.0,Pettah
2026-08-05,Raw red,184.0,184.0,Pettah
2026-08-06,Raw red,166.0,166.0,Pettah
2026-08-06,Raw red,176.0,176.0,Pettah
2026-08-07,Raw red,166.0,166.0,Pettah
2026-08-07,Raw red,200.0,200.0,Pettah
2015-06-22,Samba 1,4530.0,90.6,Pettah
2015-06-23,Samba 1,4520.0,90.4,Pettah
2015-06-24,Samba 1,4470.0,89.4,Pettah
2015-06-25,Samba 1,4530.0,90.6,Pettah
2015-06-26,Samba 1,4480.0,89.6,Pettah
2015-06-29,Samba 1,4530.0,90.6,Pettah
2015-06-30,Samba 1,4520.0,90.4,Pettah
2015-07-01,Samba 1,4510.0,90.2,Pettah
2015-07-02,Samba 1,4510.0,90.2,Pettah
2015-07-03,Samba 1,4480.0,89.6,Pettah
2015-07-06,Samba 1,4510.0,90.2,Pettah
2015-07-09,Samba 1,4490.0,89.8,Pettah
2015-07-10,Samba 1,4430.0,88.6,Pettah
2015-07-13,Samba 1,4470.0,89.4,Pettah
2015-07-14,Samba 1,4480.0,89.6,Pettah
2015-07-15,Samba 1,4460.0,89.2,Pettah
2015-07-16,Samba 1,4480.0,89.6,Pettah
2015-07-17,Samba 1,4470.0,89.4,Pettah
2015-07-20,Samba 1,4450.0,89.0,Pettah
2015-07-21,Samba 1,4520.0,90.4,Pettah
2015-07-22,Samba 1,4440.0,88.8,Pettah
2015-07-24,Samba 1,4490.0,89.8,Pettah
2015-07-27,Samba 1,4460.0,89.2,Pettah
2015-07-28,Samba 1,4440.0,88.8,Pettah
2015-07-29,Samba 1,4440.0,88.8,Pettah
2015-07-30,Samba 1,4450.0,89.0,Pettah
2015-08-03,Samba 1,4440.0,88.8,Pettah
2015-08-04,Samba 1,4460.0,89.2,Pettah
2015-08-05,Samba 1,4460.0,89.2,Pettah
2015-08-06,Samba 1,4430.0,88.6,Pettah
2015-08-07,Samba 1,4420.0,88.4,Pettah
2015-08-10,Samba 1,4460.0,89.2,Pettah
2015-08-11,Samba 1,4430.0,88.6,Pettah
2015-08-12,Samba 1,4430.0,88.6,Pettah
2015-08-13,Samba 1,4470.0,89.4,Pettah
2015-08-14,Samba 1,4440.0,88.8,Pettah
2015-08-20,Samba 1,4470.0,89.4,Pettah
2015-08-21,Samba 1,4460.0,89.2,Pettah
2015-08-24,Samba 1,4500.0,90.0,Pettah
2015-08-25,Samba 1,4500.0,90.0,Pettah
2015-08-26,Samba 1,4530.0,90.6,Pettah
2015-08-27,Samba 1,4570.0,91.4,Pettah
2015-08-28,Samba 1,4570.0,91.4,Pettah
2015-08-31,Samba 1,4570.0,91.4,Pettah
2015-09-01,Samba 1,4540.0,90.8,Pettah
2015-09-02,Samba 1,4590.0,91.8,Pettah
2015-09-03,Samba 1,4610.0,92.2,Pettah
2015-09-04,Samba 1,4610.0,92.2,Pettah
2015-09-07,Samba 1,4640.0,92.8,Pettah
2015-09-09,Samba 1,4620.0,92.4,Pettah
2015-09-10,Samba 1,4610.0,92.2,Pettah
2015-09-11,Samba 1,4590.0,91.8,Pettah
2015-09-14,Samba 1,4500.0,90.0,Pettah
2015-09-16,Samba 1,4620.0,92.4,Pettah
2015-09-17,Samba 1,4640.0,92.8,Pettah
2015-09-18,Samba 1,4650.0,93.0,Pettah
2015-09-21,Samba 1,4710.0,94.2,Pettah
2015-09-22,Samba 1,4700.0,94.0,Pettah
2015-09-23,Samba 1,4640.0,92.8,Pettah
2015-09-25,Samba 1,4620.0,92.4,Pettah
2015-09-28,Samba 1,4560.0,91.2,Pettah
2015-09-29,Samba 1,4530.0,90.6,Pettah
2015-10-01,Samba 1,4490.0,89.8,Pettah
2015-10-02,Samba 1,4510.0,90.2,Pettah
2015-10-05,Samba 1,4610.0,92.2,Pettah
2015-10-06,Samba 1,4630.0,92.6,Pettah
2015-10-07,Samba 1,4580.0,91.6,Pettah
2015-10-08,Samba 1,4620.0,92.4,Pettah
2015-10-09,Samba 1,4660.0,93.2,Pettah
2015-10-12,Samba 1,4750.0,95.0,Pettah
2015-10-13,Samba 1,4710.0,94.2,Pettah
2015-10-14,Samba 1,4730.0,94.6,Pettah
2015-10-15,Samba 1,4840.0,96.8,Pettah
2015-10-16,Samba 1,4730.0,94.6,Pettah
2015-10-19,Samba 1,4680.0,93.6,Pettah
2015-10-20,Samba 1,4690.0,93.8,Pettah
2015-10-21,Samba 1,4650.0,93.0,Pettah
2015-10-22,Samba 1,4680.0,93.6,Pettah
2015-10-23,Samba 1,4660.0,93.2,Pettah
2015-10-26,Samba 1,4760.0,95.2,Pettah
2015-10-28,Samba 1,4730.0,94.6,Pettah
2015-10-29,Samba 1,4720.0,94.4,Pettah
2015-10-30,Samba 1,4740.0,94.8,Pettah
2015-11-02,Samba 1,4740.0,94.8,Pettah
2015-11-03,Samba 1,4760.0,95.2,Pettah
2015-11-04,Samba 1,4700.0,94.0,Pettah
2015-11-05,Samba 1,4680.0,93.6,Pettah
2015-11-06,Samba 1,4770.0,95.4,Pettah
2015-11-09,Samba 1,4760.0,95.2,Pettah
2015-11-11,Samba 1,4820.0,96.4,Pettah
2015-11-12,Samba 1,4830.0,96.6,Pettah
2015-11-13,Samba 1,4790.0,95.8,Pettah
2015-11-16,Samba 1,4900.0,98.0,Pettah
2015-11-17,Samba 1,4880.0,97.6,Pettah
2015-11-18,Samba 1,4850.0,97.0,Pettah
2015-11-19,Samba 1,4820.0,96.4,Pettah
2015-11-20,Samba 1,4800.0,96.0,Pettah
2015-11-23,Samba 1,4820.0,96.4,Pettah
2015-11-24,Samba 1,4830.0,96.6,Pettah
2015-11-26,Samba 1,4790.0,95.8,Pettah
2015-11-27,Samba 1,4870.0,97.4,Pettah
2015-11-30,Samba 1,4840.0,96.8,Pettah
2015-12-01,Samba 1,4850.0,97.0,Pettah
2015-12-02,Samba 1,4850.0,97.0,Pettah
2015-12-03,Samba 1,4850.0,97.0,Pettah
2015-12-04,Samba 1,4850.0,97.0,Pettah
2015-12-07,Samba 1,4840.0,96.8,Pettah
2015-12-08,Samba 1,4850.0,97.0,Pettah
2015-12-09,Samba 1,4840.0,96.8,Pettah
2015-12-10,Samba 1,4860.0,97.2,Pettah
2015-12-11,Samba 1,4850.0,97.0,Pettah
2015-12-14,Samba 1,4850.0,97.0,Pettah
2015-12-15,Samba 1,4850.0,97.0,Pettah
2015-12-16,Samba 1,4850.0,97.0,Pettah
2015-12-17,Samba 1,4850.0,97.0,Pettah
2015-12-18,Samba 1,4840.0,96.8,Pettah
2015-12-20,Samba 1,4830.0,96.6,Pettah
2015-12-21,Samba 1,4830.0,96.6,Pettah
2015-12-22,Samba 1,4860.0,97.2,Pettah
2015-12-23,Samba 1,4840.0,96.8,Pettah
2015-12-28,Samba 1,4850.0,97.0,Pettah
2015-12-29,Samba 1,4850.0,97.0,Pettah
2015-12-30,Samba 1,4840.0,96.8,Pettah
2015-12-31,Samba 1,4830.0,96.6,Pettah
2016-01-04,Samba 1,4830.0,96.6,Pettah
2016-01-05,Samba 1,4850.0,97.0,Pettah
2016-01-06,Samba 1,4830.0,96.6,Pettah
2016-01-07,Samba 1,4820.0,96.4,Pettah
2016-01-08,Samba 1,4830.0,96.6,Pettah
2016-01-11,Samba 1,4820.0,96.4,Pettah
2016-01-12,Samba 1,4810.0,96.2,Pettah
2016-01-13,Samba 1,4800.0,96.0,Pettah
2016-01-14,Samba 1,4820.0,96.4,Pettah
2016-01-18,Samba 1,4810.0,96.2,Pettah
2016-01-19,Samba 1,4800.0,96.0,Pettah
2016-01-20,Samba 1,4790.0,95.8,Pettah
2016-01-21,Samba 1,4800.0,96.0,Pettah
2016-01-22,Samba 1,4790.0,95.8,Pettah
2016-01-25,Samba 1,4800.0,96.0,Pettah
2016-01-26,Samba 1,4800.0,96.0,Pettah
2016-01-27,Samba 1,4800.0,96.0,Pettah
2016-01-28,Samba 1,4770.0,95.4,Pettah
2016-01-29,Samba 1,4780.0,95.6,Pettah
2016-02-01,Samba 1,4800.0,96.0,Pettah
2016-02-02,Samba 1,4690.0,93.8,Pettah
2016-02-03,Samba 1,4790.0,95.8,Pettah
2016-02-05,Samba 1,4680.0,93.6,Pettah
2016-02-08,Samba 1,4680.0,93.6,Pettah
2016-02-09,Samba 1,4680.0,93.6,Pettah
2016-02-10,Samba 1,4710.0,94.2,Pettah
2016-02-11,Samba 1,4710.0,94.2,Pettah
2016-02-12,Samba 1,4710.0,94.2,Pettah
2016-02-15,Samba 1,4680.0,93.6,Pettah
2016-02-16,Samba 1,4530.0,90.6,Pettah
2016-02-17,Samba 1,4550.0,91.0,Pettah
2016-02-18,Samba 1,4600.0,92.0,Pettah
2016-02-19,Samba 1,4560.0,91.2,Pettah
2016-02-23,Samba 1,4700.0,94.0,Pettah
2016-02-24,Samba 1,4680.0,93.6,Pettah
2016-02-25,Samba 1,4650.0,93.0,Pettah
2016-02-26,Samba 1,4570.0,91.4,Pettah
2016-02-29,Samba 1,4530.0,90.6,Pettah
2016-03-01,Samba 1,4490.0,89.8,Pettah
2016-03-02,Samba 1,4390.0,87.8,Pettah
2016-03-03,Samba 1,4390.0,87.8,Pettah
2016-03-04,Samba 1,4410.0,88.2,Pettah
2016-03-08,Samba 1,4380.0,87.6,Pettah
2016-03-09,Samba 1,4400.0,88.0,Pettah
2016-03-10,Samba 1,4320.0,86.4,Pettah
2016-03-11,Samba 1,4350.0,87.0,Pettah
2016-03-14,Samba 1,4410.0,88.2,Pettah
2016-03-15,Samba 1,4340.0,86.8,Pettah
2016-03-16,Samba 1,4410.0,88.2,Pettah
2016-03-17,Samba 1,4390.0,87.8,Pettah
2016-03-18,Samba 1,4320.0,86.4,Pettah
2016-03-21,Samba 1,4310.0,86.2,Pettah
2016-03-23,Samba 1,4330.0,86.6,Pettah
2016-03-24,Samba 1,4300.0,86.0,Pettah
2016-03-28,Samba 1,4230.0,84.6,Pettah
2016-03-29,Samba 1,4240.0,84.8,Pettah
2016-03-30,Samba 1,4240.0,84.8,Pettah
2016-03-31,Samba 1,4230.0,84.6,Pettah
2016-04-01,Samba 1,4210.0,84.2,Pettah
2016-04-04,Samba 1,4220.0,84.4,Pettah
2016-04-05,Samba 1,4260.0,85.2,Pettah
2016-04-06,Samba 1,4220.0,84.4,Pettah
2016-04-07,Samba 1,4220.0,84.4,Pettah
2016-04-08,Samba 1,4220.0,84.4,Pettah
2016-04-11,Samba 1,4220.0,84.4,Pettah
2016-04-18,Samba 1,4260.0,85.2,Pettah
2016-04-19,Samba 1,4230.0,84.6,Pettah
2016-04-20,Samba 1,4210.0,84.2,Pettah
2016-04-22,Samba 1,4220.0,84.4,Pettah
2016-04-25,Samba 1,4250.0,85.0,Pettah
2016-04-26,Samba 1,4240.0,84.8,Pettah
2016-04-27,Samba 1,4250.0,85.0,Pettah
2016-04-28,Samba 1,4230.0,84.6,Pettah
2016-04-29,Samba 1,4270.0,85.4,Pettah
2016-05-02,Samba 1,4260.0,85.2,Pettah
2016-05-03,Samba 1,4230.0,84.6,Pettah
2016-05-04,Samba 1,4240.0,84.8,Pettah
2016-05-05,Samba 1,4250.0,85.0,Pettah
2016-05-06,Samba 1,4270.0,85.4,Pettah
2016-05-09,Samba 1,4260.0,85.2,Pettah
2016-05-10,Samba 1,4310.0,86.2,Pettah
2016-05-11,Samba 1,4330.0,86.6,Pettah
2016-05-12,Samba 1,4330.0,86.6,Pettah
2016-05-13,Samba 1,4310.0,86.2,Pettah
2016-05-16,Samba 1,4340.0,86.8,Pettah
2016-05-17,Samba 1,4360.0,87.2,Pettah
2016-05-18,Samba 1,4360.0,87.2,Pettah
2016-05-19,Samba 1,4350.0,87.0,Pettah
2016-05-20,Samba 1,4400.0,88.0,Pettah
2016-05-23,Samba 1,4360.0,87.2,Pettah
2016-05-24,Samba 1,4400.0,88.0,Pettah
2016-05-25,Samba 1,4370.0,87.4,Pettah
2016-05-26,Samba 1,4440.0,88.8,Pettah
2016-05-27,Samba 1,4390.0,87.8,Pettah
2016-05-30,Samba 1,4420.0,88.4,Pettah
2016-05-31,Samba 1,4390.0,87.8,Pettah
2016-06-01,Samba 1,4400.0,88.0,Pettah
2016-06-02,Samba 1,4360.0,87.2,Pettah
2016-06-03,Samba 1,4390.0,87.8,Pettah
2016-06-06,Samba 1,4430.0,88.6,Pettah
2016-06-07,Samba 1,4390.0,87.8,Pettah
2016-06-08,Samba 1,4360.0,87.2,Pettah
2016-06-09,Samba 1,4380.0,87.6,Pettah
2016-06-10,Samba 1,4360.0,87.2,Pettah
2016-06-13,Samba 1,4360.0,87.2,Pettah
2016-06-14,Samba 1,4360.0,87.2,Pettah
2016-06-15,Samba 1,4360.0,87.2,Pettah
2016-06-16,Samba 1,4370.0,87.4,Pettah
2016-06-17,Samba 1,4380.0,87.6,Pettah
2016-06-20,Samba 1,4380.0,87.6,Pettah
2016-06-21,Samba 1,4330.0,86.6,Pettah
2016-06-22,Samba 1,4340.0,86.8,Pettah
2016-06-23,Samba 1,4340.0,86.8,Pettah
2016-06-24,Samba 1,4340.0,86.8,Pettah
2016-06-27,Samba 1,4310.0,86.2,Pettah
2016-06-28,Samba 1,4320.0,86.4,Pettah
2016-06-29,Samba 1,4320.0,86.4,Pettah
2016-06-30,Samba 1,4320.0,86.4,Pettah
2016-07-01,Samba 1,4320.0,86.4,Pettah
2016-07-04,Samba 1,4320.0,86.4,Pettah
2016-07-05,Samba 1,4320.0,86.4,Pettah
2016-07-06,Samba 1,4320.0,86.4,Pettah
2016-07-07,Samba 1,4320.0,86.4,Pettah
2016-07-08,Samba 1,4310.0,86.2,Pettah
2016-07-11,Samba 1,4300.0,86.0,Pettah
2016-07-12,Samba 1,4290.0,85.8,Pettah
2016-07-13,Samba 1,4310.0,86.2,Pettah
2016-07-14,Samba 1,4290.0,85.8,Pettah
2016-07-15,Samba 1,4290.0,85.8,Pettah
2016-07-18,Samba 1,4300.0,86.0,Pettah
2016-07-20,Samba 1,4290.0,85.8,Pettah
2016-07-21,Samba 1,4290.0,85.8,Pettah
2016-07-22,Samba 1,4300.0,86.0,Pettah
2016-07-25,Samba 1,4290.0,85.8,Pettah
2016-07-26,Samba 1,4290.0,85.8,Pettah
2016-07-27,Samba 1,4290.0,85.8,Pettah
2016-07-28,Samba 1,4290.0,85.8,Pettah
2016-07-29,Samba 1,4270.0,85.4,Pettah
2016-08-01,Samba 1,4280.0,85.6,Pettah
2016-08-02,Samba 1,4280.0,85.6,Pettah
2016-08-03,Samba 1,4290.0,85.8,Pettah
2016-08-04,Samba 1,4270.0,85.4,Pettah
2016-08-05,Samba 1,4270.0,85.4,Pettah
2016-08-08,Samba 1,4260.0,85.2,Pettah
2016-08-09,Samba 1,4270.0,85.4,Pettah
2016-08-10,Samba 1,4270.0,85.4,Pettah
2016-08-11,Samba 1,4210.0,84.2,Pettah
2016-08-12,Samba 1,4230.0,84.6,Pettah
2016-08-15,Samba 1,4250.0,85.0,Pettah
2016-08-16,Samba 1,4210.0,84.2,Pettah
2016-08-18,Samba 1,4270.0,85.4,Pettah
2016-08-19,Samba 1,4230.0,84.6,Pettah
2016-08-22,Samba 1,4290.0,85.8,Pettah
2016-08-23,Samba 1,4220.0,84.4,Pettah
2016-08-24,Samba 1,4230.0,84.6,Pettah
2016-08-29,Samba 1,4190.0,83.8,Pettah
2016-08-30,Samba 1,4140.0,82.8,Pettah
2016-08-31,Samba 1,4160.0,83.2,Pettah
2016-09-01,Samba 1,4170.0,83.4,Pettah
2016-09-02,Samba 1,4210.0,84.2,Pettah
2016-09-05,Samba 1,4200.0,84.0,Pettah
2016-09-06,Samba 1,4150.0,83.0,Pettah
2016-09-07,Samba 1,4180.0,83.6,Pettah
2016-09-08,Samba 1,4180.0,83.6,Pettah
2016-09-09,Samba 1,4180.0,83.6,Pettah
2016-09-13,Samba 1,4190.0,83.8,Pettah
2016-09-14,Samba 1,4190.0,83.8,Pettah
2016-09-15,Samba 1,4200.0,84.0,Pettah
2016-09-19,Samba 1,4190.0,83.8,Pettah
2016-09-20,Samba 1,4200.0,84.0,Pettah
2016-09-21,Samba 1,4230.0,84.6,Pettah
2016-09-22,Samba 1,4260.0,85.2,Pettah
2016-09-23,Samba 1,4240.0,84.8,Pettah
2016-09-26,Samba 1,4290.0,85.8,Pettah
2016-09-27,Samba 1,4340.0,86.8,Pettah
2016-09-28,Samba 1,4360.0,87.2,Pettah
2016-09-29,Samba 1,4340.0,86.8,Pettah
2016-09-30,Samba 1,4340.0,86.8,Pettah
2016-10-03,Samba 1,4340.0,86.8,Pettah
2016-10-04,Samba 1,4370.0,87.4,Pettah
2016-10-05,Samba 1,4360.0,87.2,Pettah
2016-10-06,Samba 1,4380.0,87.6,Pettah
2016-10-07,Samba 1,4480.0,89.6,Pettah
2016-10-10,Samba 1,4470.0,89.4,Pettah
2016-10-11,Samba 1,4441.67,88.8334,Pettah
2016-10-12,Samba 1,4380.0,87.6,Pettah
2016-10-13,Samba 1,4420.0,88.4,Pettah
2016-10-14,Samba 1,4470.0,89.4,Pettah
2016-10-17,Samba 1,4430.0,88.6,Pettah
2016-10-18,Samba 1,4490.0,89.8,Pettah
2016-10-19,Samba 1,4470.0,89.4,Pettah
2016-10-20,Samba 1,4470.0,89.4,Pettah
2016-10-21,Samba 1,4430.0,88.6,Pettah
2016-10-24,Samba 1,4470.0,89.4,Pettah
2016-10-25,Samba 1,4410.0,88.2,Pettah
2016-10-26,Samba 1,4460.0,89.2,Pettah
2016-10-27,Samba 1,4410.0,88.2,Pettah
2016-10-28,Samba 1,4470.0,89.4,Pettah
2016-10-31,Samba 1,4400.0,88.0,Pettah
2016-11-01,Samba 1,4440.0,88.8,Pettah
2016-11-02,Samba 1,4460.0,89.2,Pettah
2016-11-03,Samba 1,4440.0,88.8,Pettah
2016-11-04,Samba 1,4410.0,88.2,Pettah
2016-11-07,Samba 1,4490.0,89.8,Pettah
2016-11-08,Samba 1,4510.0,90.2,Pettah
2016-11-09,Samba 1,4530.0,90.6,Pettah
2016-11-10,Samba 1,4510.0,90.2,Pettah
2016-11-11,Samba 1,4570.0,91.4,Pettah
2016-11-15,Samba 1,4510.0,90.2,Pettah
2016-11-16,Samba 1,4560.0,91.2,Pettah
2016-11-17,Samba 1,4610.0,92.2,Pettah
2016-11-18,Samba 1,4625.0,92.5,Pettah
2016-11-21,Samba 1,4590.0,91.8,Pettah
2016-11-22,Samba 1,4700.0,94.0,Pettah
2016-11-23,Samba 1,4716.67,94.3334,Pettah
2016-11-24,Samba 1,4650.0,93.0,Pettah
2016-11-25,Samba 1,4710.0,94.2,Pettah
2016-11-28,Samba 1,4680.0,93.6,Pettah
2016-11-29,Samba 1,4690.0,93.8,Pettah
2016-11-30,Samba 1,4720.0,94.4,Pettah
2016-12-01,Samba 1,4740.0,94.8,Pettah
2016-12-02,Samba 1,4740.0,94.8,Pettah
2016-12-05,Samba 1,4710.0,94.2,Pettah
2016-12-06,Samba 1,4710.0,94.2,Pettah
2016-12-07,Samba 1,4710.0,94.2,Pettah
2016-12-08,Samba 1,4750.0,95.0,Pettah
2016-12-09,Samba 1,4720.0,94.4,Pettah
2016-12-14,Samba 1,4720.0,94.4,Pettah
2016-12-15,Samba 1,4720.0,94.4,Pettah
2016-12-16,Samba 1,4710.0,94.2,Pettah
2016-12-19,Samba 1,4670.0,93.4,Pettah
2016-12-20,Samba 1,4710.0,94.2,Pettah
2016-12-21,Samba 1,4710.0,94.2,Pettah
2016-12-22,Samba 1,4730.0,94.6,Pettah
2016-12-23,Samba 1,4710.0,94.2,Pettah
2016-12-26,Samba 1,4710.0,94.2,Pettah
2016-12-27,Samba 1,4720.0,94.4,Pettah
2016-12-28,Samba 1,4730.0,94.6,Pettah
2016-12-29,Samba 1,4680.0,93.6,Pettah
2016-12-30,Samba 1,4750.0,95.0,Pettah
2017-01-02,Samba 1,4710.0,94.2,Pettah
2017-01-03,Samba 1,4700.0,94.0,Pettah
2017-01-04,Samba 1,4730.0,94.6,Pettah
2017-01-05,Samba 1,4730.0,94.6,Pettah
2017-01-06,Samba 1,4720.0,94.4,Pettah
2017-01-09,Samba 1,4690.0,93.8,Pettah
2017-01-10,Samba 1,4760.0,95.2,Pettah
2017-01-11,Samba 1,4740.0,94.8,Pettah
2017-01-13,Samba 1,4710.0,94.2,Pettah
2017-01-16,Samba 1,4700.0,94.0,Pettah
2017-01-17,Samba 1,4700.0,94.0,Pettah
2017-01-18,Samba 1,4660.0,93.2,Pettah
2017-01-19,Samba 1,4670.0,93.4,Pettah
2017-01-20,Samba 1,4610.0,92.2,Pettah
2017-01-23,Samba 1,4710.0,94.2,Pettah
2017-01-24,Samba 1,4770.0,95.4,Pettah
2017-01-25,Samba 1,4740.0,94.8,Pettah
2017-01-26,Samba 1,4820.0,96.4,Pettah
2017-01-27,Samba 1,4820.0,96.4,Pettah
2017-01-30,Samba 1,4880.0,97.6,Pettah
2017-01-31,Samba 1,4920.0,98.4,Pettah
2017-03-01,Samba 1,4483.33,89.6666,Pettah
2017-03-02,Samba 1,4487.5,89.75,Pettah
2017-03-03,Samba 1,4487.5,89.75,Pettah
2017-03-06,Samba 1,4462.5,89.25,Pettah
2017-03-07,Samba 1,4487.5,89.75,Pettah
2017-03-08,Samba 1,4470.0,89.4,Pettah
2017-03-09,Samba 1,4490.0,89.8,Pettah
2017-03-10,Samba 1,4450.0,89.0,Pettah
2017-03-13,Samba 1,4410.0,88.2,Pettah
2017-03-14,Samba 1,4450.0,89.0,Pettah
2017-03-15,Samba 1,4437.5,88.75,Pettah
2017-03-16,Samba 1,4462.5,89.25,Pettah
2017-03-17,Samba 1,4470.0,89.4,Pettah
2017-03-20,Samba 1,4450.0,89.0,Pettah
2017-03-21,Samba 1,4450.0,89.0,Pettah
2017-03-22,Samba 1,4400.0,88.0,Pettah
2017-03-23,Samba 1,4420.0,88.4,Pettah
2017-03-24,Samba 1,4410.0,88.2,Pettah
2017-03-27,Samba 1,4410.0,88.2,Pettah
2017-03-28,Samba 1,4400.0,88.0,Pettah
2017-03-29,Samba 1,4425.0,88.5,Pettah
2017-03-30,Samba 1,4420.0,88.4,Pettah
2017-03-31,Samba 1,4410.0,88.2,Pettah
2017-04-03,Samba 1,4420.0,88.4,Pettah
2017-04-04,Samba 1,4420.0,88.4,Pettah
2017-04-05,Samba 1,4450.0,89.0,Pettah
2017-04-06,Samba 1,4400.0,88.0,Pettah
2017-04-07,Samba 1,3630.0,72.6,Pettah
2017-04-11,Samba 1,4560.0,91.2,Pettah
2017-04-12,Samba 1,4460.0,89.2,Pettah
2017-04-17,Samba 1,4410.0,88.2,Pettah
2017-04-18,Samba 1,4450.0,89.0,Pettah
2017-04-19,Samba 1,4520.0,90.4,Pettah
2017-04-20,Samba 1,4500.0,90.0,Pettah
2017-04-21,Samba 1,4510.0,90.2,Pettah
2017-04-24,Samba 1,4580.0,91.6,Pettah
2017-04-25,Samba 1,4580.0,91.6,Pettah
2017-04-26,Samba 1,4470.0,89.4,Pettah
2017-04-27,Samba 1,4430.0,88.6,Pettah
2017-04-28,Samba 1,4700.0,94.0,Pettah
2017-05-02,Samba 1,4640.0,92.8,Pettah
2017-05-03,Samba 1,4675.0,93.5,Pettah
2017-05-04,Samba 1,4587.5,91.75,Pettah
2017-05-05,Samba 1,4437.5,88.75,Pettah
2017-05-08,Samba 1,4750.0,95.0,Pettah
2017-05-09,Samba 1,4637.5,92.75,Pettah
2017-05-12,Samba 1,4766.67,95.3334,Pettah
2017-05-15,Samba 1,4730.0,94.6,Pettah
2017-05-16,Samba 1,4610.0,92.2,Pettah
2017-05-17,Samba 1,4750.0,95.0,Pettah
2017-05-18,Samba 1,4740.0,94.8,Pettah
2017-05-19,Samba 1,4720.0,94.4,Pettah
2017-05-23,Samba 1,4760.0,95.2,Pettah
2017-05-24,Samba 1,4760.0,95.2,Pettah
2017-05-25,Samba 1,,,Pettah
2017-05-26,Samba 1,4966.67,99.3334,Pettah
2017-05-29,Samba 1,4850.0,97.0,Pettah
2017-05-30,Samba 1,4866.67,97.3334,Pettah
2017-05-31,Samba 1,4962.5,99.25,Pettah
2017-06-02,Samba 1,4987.5,99.75,Pettah
2017-06-05,Samba 1,4925.0,98.5,Pettah
2017-06-06,Samba 1,4962.5,99.25,Pettah
2017-06-07,Samba 1,4980.0,99.6,Pettah
2017-06-09,Samba 1,4920.0,98.4,Pettah
2017-06-12,Samba 1,4970.0,99.4,Pettah
2017-06-13,Samba 1,4950.0,99.0,Pettah
2017-06-14,Samba 1,4960.0,99.2,Pettah
2017-06-15,Samba 1,4960.0,99.2,Pettah
2017-06-16,Samba 1,4930.0,98.6,Pettah
2017-06-19,Samba 1,4910.0,98.2,Pettah
2017-06-20,Samba 1,4940.0,98.8,Pettah
2017-06-21,Samba 1,4960.0,99.2,Pettah
2017-06-22,Samba 1,4937.5,98.75,Pettah
2017-06-23,Samba 1,4930.0,98.6,Pettah
2017-06-27,Samba 1,4920.0,98.4,Pettah
2017-06-28,Samba 1,4910.0,98.2,Pettah
2017-06-29,Samba 1,4933.33,98.6666,Pettah
2017-06-30,Samba 1,4920.0,98.4,Pettah
2017-07-03,Samba 1,5010.0,100.2,Pettah
2017-07-04,Samba 1,4970.0,99.4,Pettah
2017-07-05,Samba 1,4930.0,98.6,Pettah
2017-07-06,Samba 1,4920.0,98.4,Pettah
2017-07-07,Samba 1,4900.0,98.0,Pettah
2017-07-10,Samba 1,4900.0,98.0,Pettah
2017-07-11,Samba 1,4900.0,98.0,Pettah
2017-07-12,Samba 1,4866.67,97.3334,Pettah
2017-07-13,Samba 1,4916.67,98.3334,Pettah
2017-07-14,Samba 1,4916.67,98.3334,Pettah
2017-07-17,Samba 1,4925.0,98.5,Pettah
2017-07-18,Samba 1,4900.0,98.0,Pettah
2017-07-19,Samba 1,4910.0,98.2,Pettah
2017-07-20,Samba 1,4910.0,98.2,Pettah
2017-07-21,Samba 1,4860.0,97.2,Pettah
2017-07-24,Samba 1,4941.67,98.8334,Pettah
2017-07-25,Samba 1,4925.0,98.5,Pettah
2017-07-26,Samba 1,4941.67,98.8334,Pettah
2017-07-27,Samba 1,4958.33,99.1666,Pettah
2017-07-28,Samba 1,4908.33,98.1666,Pettah
2017-07-31,Samba 1,4941.67,98.8334,Pettah
2017-08-01,Samba 1,4933.33,98.6666,Pettah
2017-08-02,Samba 1,4941.67,98.8334,Pettah
2017-08-03,Samba 1,4920.0,98.4,Pettah
2017-08-04,Samba 1,4908.33,98.1666,Pettah
2017-08-08,Samba 1,4866.67,97.3334,Pettah
2017-08-09,Samba 1,4883.33,97.6666,Pettah
2017-08-10,Samba 1,4900.0,98.0,Pettah
2017-08-11,Samba 1,4875.0,97.5,Pettah
2017-08-14,Samba 1,4891.67,97.8334,Pettah
2017-08-15,Samba 1,4875.0,97.5,Pettah
2017-08-16,Samba 1,4866.67,97.3334,Pettah
2017-08-17,Samba 1,4850.0,97.0,Pettah
2017-08-18,Samba 1,4816.67,96.3334,Pettah
2017-08-21,Samba 1,4900.0,98.0,Pettah
2017-08-22,Samba 1,4860.0,97.2,Pettah
2017-08-23,Samba 1,4900.0,98.0,Pettah
2017-08-24,Samba 1,4870.0,97.4,Pettah
2017-08-25,Samba 1,4875.0,97.5,Pettah
2017-08-28,Samba 1,4908.33,98.1666,Pettah
2017-08-29,Samba 1,4925.0,98.5,Pettah
2017-08-30,Samba 1,4900.0,98.0,Pettah
2017-08-31,Samba 1,4941.67,98.8334,Pettah
2017-09-04,Samba 1,4958.33,99.1666,Pettah
2017-09-06,Samba 1,4941.67,98.8334,Pettah
2017-09-07,Samba 1,4966.67,99.3334,Pettah
2017-09-08,Samba 1,5000.0,100.0,Pettah
2017-09-11,Samba 1,5083.33,101.6666,Pettah
2017-09-12,Samba 1,5016.67,100.3334,Pettah
2017-09-13,Samba 1,5016.67,100.3334,Pettah
2017-09-14,Samba 1,5108.33,102.1666,Pettah
2017-09-15,Samba 1,5083.33,101.6666,Pettah
2017-09-18,Samba 1,5241.67,104.8334,Pettah
2017-09-19,Samba 1,5208.33,104.1666,Pettah
2017-09-20,Samba 1,5258.33,105.1666,Pettah
2017-09-21,Samba 1,5275.0,105.5,Pettah
2017-09-22,Samba 1,5283.33,105.6666,Pettah
2017-09-25,Samba 1,5250.0,105.0,Pettah
2017-09-26,Samba 1,5275.0,105.5,Pettah
2017-09-27,Samba 1,5275.0,105.5,Pettah
2017-09-28,Samba 1,5275.0,105.5,Pettah
2017-09-29,Samba 1,5291.67,105.8334,Pettah
2017-10-02,Samba 1,5300.0,106.0,Pettah
2017-10-03,Samba 1,5316.67,106.3334,Pettah
2017-10-04,Samba 1,5341.67,106.8334,Pettah
2017-10-06,Samba 1,5333.33,106.6666,Pettah
2017-10-09,Samba 1,5333.33,106.6666,Pettah
2017-10-10,Samba 1,5300.0,106.0,Pettah
2017-10-11,Samba 1,5308.33,106.1666,Pettah
2017-10-12,Samba 1,5316.67,106.3334,Pettah
2017-10-13,Samba 1,5333.33,106.6666,Pettah
2017-10-16,Samba 1,5325.0,106.5,Pettah
2017-10-17,Samba 1,5308.33,106.1666,Pettah
2017-10-19,Samba 1,5325.0,106.5,Pettah
2017-10-20,Samba 1,5350.0,107.0,Pettah
2017-10-23,Samba 1,5350.0,107.0,Pettah
2017-10-24,Samba 1,5325.0,106.5,Pettah
2017-10-25,Samba 1,5350.0,107.0,Pettah
2017-10-26,Samba 1,5350.0,107.0,Pettah
2017-10-27,Samba 1,5333.33,106.6666,Pettah
2017-10-30,Samba 1,5341.67,106.8334,Pettah
2017-10-31,Samba 1,5333.33,106.6666,Pettah
2017-11-01,Samba 1,5375.0,107.5,Pettah
2017-11-02,Samba 1,5408.33,108.1666,Pettah
2017-11-06,Samba 1,5433.33,108.6666,Pettah
2017-11-07,Samba 1,5433.33,108.6666,Pettah
2017-11-08,Samba 1,5433.33,108.6666,Pettah
2017-11-09,Samba 1,5383.33,107.6666,Pettah
2017-11-10,Samba 1,5433.33,108.6666,Pettah
2017-11-13,Samba 1,5416.67,108.3334,Pettah
2017-11-14,Samba 1,5416.67,108.3334,Pettah
2017-11-15,Samba 1,5416.67,108.3334,Pettah
2017-11-16,Samba 1,5433.33,108.6666,Pettah
2017-11-17,Samba 1,5400.0,108.0,Pettah
2017-11-20,Samba 1,5400.0,108.0,Pettah
2017-11-21,Samba 1,5383.33,107.6666,Pettah
2017-11-22,Samba 1,5433.33,108.6666,Pettah
2017-11-23,Samba 1,5375.0,107.5,Pettah
2017-11-24,Samba 1,5480.0,109.6,Pettah
2017-11-27,Samba 1,5500.0,110.0,Pettah
2017-11-28,Samba 1,5462.5,109.25,Pettah
2017-11-29,Samba 1,5430.0,108.6,Pettah
2017-11-30,Samba 1,5570.0,111.4,Pettah
2017-12-04,Samba 1,5520.0,110.4,Pettah
2017-12-05,Samba 1,5416.67,108.3334,Pettah
2017-12-06,Samba 1,5462.5,109.25,Pettah
2017-12-07,Samba 1,5416.67,108.3334,Pettah
2017-12-08,Samba 1,5620.0,112.4,Pettah
2017-12-11,Samba 1,5620.0,112.4,Pettah
2017-12-12,Samba 1,5462.5,109.25,Pettah
2017-12-13,Samba 1,5460.0,109.2,Pettah
2017-12-14,Samba 1,5680.0,113.6,Pettah
2017-12-15,Samba 1,5500.0,110.0,Pettah
2017-12-18,Samba 1,5500.0,110.0,Pettah
2017-12-19,Samba 1,5500.0,110.0,Pettah
2017-12-20,Samba 1,5500.0,110.0,Pettah
2017-12-21,Samba 1,5537.5,110.75,Pettah
2017-12-22,Samba 1,5500.0,110.0,Pettah
2017-12-26,Samba 1,5525.0,110.5,Pettah
2017-12-27,Samba 1,5500.0,110.0,Pettah
2017-12-28,Samba 1,5525.0,110.5,Pettah
2017-12-29,Samba 1,5525.0,110.5,Pettah
2018-01-02,Samba 1,5525.0,110.5,Pettah
2018-01-03,Samba 1,5525.0,110.5,Pettah
2018-01-04,Samba 1,5500.0,110.0,Pettah
2018-01-05,Samba 1,5520.0,110.4,Pettah
2018-01-08,Samba 1,5520.0,110.4,Pettah
2018-01-09,Samba 1,5450.0,109.0,Pettah
2018-01-10,Samba 1,5500.0,110.0,Pettah
2018-01-11,Samba 1,5540.0,110.8,Pettah
2018-01-12,Samba 1,5525.0,110.5,Pettah
2018-01-15,Samba 1,5525.0,110.5,Pettah
2018-01-16,Samba 1,5525.0,110.5,Pettah
2018-01-17,Samba 1,5525.0,110.5,Pettah
2018-01-18,Samba 1,5525.0,110.5,Pettah
2018-01-19,Samba 1,5525.0,110.5,Pettah
2018-01-22,Samba 1,5525.0,110.5,Pettah
2018-01-23,Samba 1,5525.0,110.5,Pettah
2018-01-24,Samba 1,5450.0,109.0,Pettah
2018-01-25,Samba 1,5525.0,110.5,Pettah
2018-01-26,Samba 1,5525.0,110.5,Pettah
2018-01-29,Samba 1,5500.0,110.0,Pettah
2018-01-30,Samba 1,5525.0,110.5,Pettah
2018-02-01,Samba 1,5500.0,110.0,Pettah
2018-02-02,Samba 1,5525.0,110.5,Pettah
2018-02-05,Samba 1,5450.0,109.0,Pettah
2018-02-07,Samba 1,5410.0,108.2,Pettah
2018-02-08,Samba 1,5525.0,110.5,Pettah
2018-02-09,Samba 1,5512.5,110.25,Pettah
2018-02-12,Samba 1,5350.0,107.0,Pettah
2018-02-14,Samba 1,5390.0,107.8,Pettah
2018-02-15,Samba 1,5390.0,107.8,Pettah
2018-02-16,Samba 1,5410.0,108.2,Pettah
2018-02-19,Samba 1,5390.0,107.8,Pettah
2018-02-20,Samba 1,5380.0,107.6,Pettah
2018-02-21,Samba 1,5360.0,107.2,Pettah
2018-02-22,Samba 1,5320.0,106.4,Pettah
2018-02-23,Samba 1,5387.5,107.75,Pettah
2018-02-26,Samba 1,5450.0,109.0,Pettah
2018-02-27,Samba 1,5370.0,107.4,Pettah
2018-02-28,Samba 1,5430.0,108.6,Pettah
2018-03-02,Samba 1,5412.5,108.25,Pettah
2018-03-05,Samba 1,5430.0,108.6,Pettah
2018-03-06,Samba 1,5390.0,107.8,Pettah
2018-03-07,Samba 1,5380.0,107.6,Pettah
2018-03-08,Samba 1,5330.0,106.6,Pettah
2018-03-09,Samba 1,5350.0,107.0,Pettah
2018-03-12,Samba 1,5350.0,107.0,Pettah
2018-03-13,Samba 1,5380.0,107.6,Pettah
2018-03-14,Samba 1,5390.0,107.8,Pettah
2018-03-15,Samba 1,5390.0,107.8,Pettah
2018-03-16,Samba 1,5360.0,107.2,Pettah
2018-03-19,Samba 1,5370.0,107.4,Pettah
2018-03-20,Samba 1,5390.0,107.8,Pettah
2018-03-21,Samba 1,5390.0,107.8,Pettah
2018-03-22,Samba 1,5400.0,108.0,Pettah
2018-03-23,Samba 1,5410.0,108.2,Pettah
2018-03-26,Samba 1,5390.0,107.8,Pettah
2018-03-27,Samba 1,5390.0,107.8,Pettah
2018-03-28,Samba 1,5600.0,112.0,Pettah
2018-04-02,Samba 1,5610.0,112.2,Pettah
2018-04-03,Samba 1,5440.0,108.8,Pettah
2018-04-04,Samba 1,5460.0,109.2,Pettah
2018-04-05,Samba 1,5390.0,107.8,Pettah
2018-04-06,Samba 1,5430.0,108.6,Pettah
2018-04-09,Samba 1,5430.0,108.6,Pettah
2018-04-10,Samba 1,5430.0,108.6,Pettah
2018-04-11,Samba 1,5410.0,108.2,Pettah
2018-04-12,Samba 1,5550.0,111.0,Pettah
2018-04-17,Samba 1,5550.0,111.0,Pettah
2018-04-18,Samba 1,5430.0,108.6,Pettah
2018-04-19,Samba 1,5410.0,108.2,Pettah
2018-04-20,Samba 1,5430.0,108.6,Pettah
2018-04-23,Samba 1,5430.0,108.6,Pettah
2018-04-24,Samba 1,5430.0,108.6,Pettah
2018-04-25,Samba 1,5390.0,107.8,Pettah
2018-04-26,Samba 1,5430.0,108.6,Pettah
2018-04-27,Samba 1,5390.0,107.8,Pettah
2018-05-01,Samba 1,5410.0,108.2,Pettah
2018-05-02,Samba 1,5410.0,108.2,Pettah
2018-05-03,Samba 1,5430.0,108.6,Pettah
2018-05-04,Samba 1,5450.0,109.0,Pettah
2018-05-08,Samba 1,5430.0,108.6,Pettah
2018-05-09,Samba 1,5460.0,109.2,Pettah
2018-05-10,Samba 1,5460.0,109.2,Pettah
2018-05-11,Samba 1,5460.0,109.2,Pettah
2018-05-14,Samba 1,5430.0,108.6,Pettah
2018-05-15,Samba 1,5410.0,108.2,Pettah
2018-05-16,Samba 1,5450.0,109.0,Pettah
2018-05-17,Samba 1,5440.0,108.8,Pettah
2018-05-21,Samba 1,5410.0,108.2,Pettah
2018-05-22,Samba 1,5420.0,108.4,Pettah
2018-05-23,Samba 1,5460.0,109.2,Pettah
2018-05-24,Samba 1,5390.0,107.8,Pettah
2018-05-25,Samba 1,5390.0,107.8,Pettah
2018-05-28,Samba 1,5380.0,107.6,Pettah
2018-05-30,Samba 1,5390.0,107.8,Pettah
2018-05-31,Samba 1,5420.0,108.4,Pettah
2018-06-05,Samba 1,5420.0,108.4,Pettah
2018-06-06,Samba 1,5420.0,108.4,Pettah
2018-06-07,Samba 1,5420.0,108.4,Pettah
2018-06-08,Samba 1,5420.0,108.4,Pettah
2018-06-11,Samba 1,5390.0,107.8,Pettah
2018-06-12,Samba 1,5390.0,107.8,Pettah
2018-06-13,Samba 1,5400.0,108.0,Pettah
2018-06-14,Samba 1,5430.0,108.6,Pettah
2018-06-18,Samba 1,5440.0,108.8,Pettah
2018-06-19,Samba 1,5430.0,108.6,Pettah
2018-06-20,Samba 1,5390.0,107.8,Pettah
2018-06-21,Samba 1,5410.0,108.2,Pettah
2018-06-22,Samba 1,5460.0,109.2,Pettah
2018-06-25,Samba 1,5410.0,108.2,Pettah
2018-06-26,Samba 1,5410.0,108.2,Pettah
2018-06-28,Samba 1,5430.0,108.6,Pettah
2018-06-29,Samba 1,5400.0,108.0,Pettah
2018-07-02,Samba 1,5410.0,108.2,Pettah
2018-07-03,Samba 1,5380.0,107.6,Pettah
2018-07-04,Samba 1,5400.0,108.0,Pettah
2018-07-05,Samba 1,5410.0,108.2,Pettah
2018-07-06,Samba 1,5410.0,108.2,Pettah
2018-07-09,Samba 1,5410.0,108.2,Pettah
2018-07-10,Samba 1,5390.0,107.8,Pettah
2018-07-11,Samba 1,5390.0,107.8,Pettah
2018-07-12,Samba 1,5410.0,108.2,Pettah
2018-07-13,Samba 1,5400.0,108.0,Pettah
2018-07-16,Samba 1,5410.0,108.2,Pettah
2018-07-17,Samba 1,5410.0,108.2,Pettah
2018-07-18,Samba 1,5390.0,107.8,Pettah
2018-07-19,Samba 1,5360.0,107.2,Pettah
2018-07-20,Samba 1,5390.0,107.8,Pettah
2018-07-23,Samba 1,5410.0,108.2,Pettah
2018-07-24,Samba 1,5360.0,107.2,Pettah
2018-07-25,Samba 1,5410.0,108.2,Pettah
2018-07-26,Samba 1,5410.0,108.2,Pettah
2018-07-30,Samba 1,5390.0,107.8,Pettah
2018-07-31,Samba 1,5410.0,108.2,Pettah
2018-08-01,Samba 1,5410.0,108.2,Pettah
2018-08-02,Samba 1,5400.0,108.0,Pettah
2018-08-03,Samba 1,5410.0,108.2,Pettah
2018-08-06,Samba 1,5390.0,107.8,Pettah
2018-08-07,Samba 1,5410.0,108.2,Pettah
2018-08-08,Samba 1,5410.0,108.2,Pettah
2018-08-09,Samba 1,5400.0,108.0,Pettah
2018-08-10,Samba 1,5400.0,108.0,Pettah
2018-08-13,Samba 1,5410.0,108.2,Pettah
2018-08-14,Samba 1,5410.0,108.2,Pettah
2018-08-15,Samba 1,5380.0,107.6,Pettah
2018-08-16,Samba 1,5610.0,112.2,Pettah
2018-08-17,Samba 1,5410.0,108.2,Pettah
2018-08-20,Samba 1,5410.0,108.2,Pettah
2018-08-21,Samba 1,5430.0,108.6,Pettah
2018-08-23,Samba 1,5430.0,108.6,Pettah
2018-08-24,Samba 1,5410.0,108.2,Pettah
2018-08-27,Samba 1,5450.0,109.0,Pettah
2018-08-28,Samba 1,5450.0,109.0,Pettah
2018-08-29,Samba 1,5450.0,109.0,Pettah
2018-09-03,Samba 1,5410.0,108.2,Pettah
2018-09-04,Samba 1,5410.0,108.2,Pettah
2018-09-05,Samba 1,5410.0,108.2,Pettah
2018-09-06,Samba 1,5430.0,108.6,Pettah
2018-09-07,Samba 1,5410.0,108.2,Pettah
2018-09-10,Samba 1,5460.0,109.2,Pettah
2018-09-11,Samba 1,5430.0,108.6,Pettah
2018-09-12,Samba 1,5430.0,108.6,Pettah
2018-09-13,Samba 1,5430.0,108.6,Pettah
2018-09-14,Samba 1,5430.0,108.6,Pettah
2018-09-17,Samba 1,5450.0,109.0,Pettah
2018-09-18,Samba 1,5430.0,108.6,Pettah
2018-09-19,Samba 1,5430.0,108.6,Pettah
2018-09-20,Samba 1,5460.0,109.2,Pettah
2018-09-21,Samba 1,5430.0,108.6,Pettah
2018-09-25,Samba 1,5430.0,108.6,Pettah
2018-09-26,Samba 1,5410.0,108.2,Pettah
2018-09-27,Samba 1,5410.0,108.2,Pettah
2018-09-28,Samba 1,5410.0,108.2,Pettah
2018-10-01,Samba 1,5410.0,108.2,Pettah
2018-10-02,Samba 1,5400.0,108.0,Pettah
2018-10-03,Samba 1,5390.0,107.8,Pettah
2018-10-04,Samba 1,5360.0,107.2,Pettah
2018-10-05,Samba 1,5370.0,107.4,Pettah
2018-10-08,Samba 1,5370.0,107.4,Pettah
2018-10-09,Samba 1,5440.0,108.8,Pettah
2018-10-10,Samba 1,5440.0,108.8,Pettah
2018-10-11,Samba 1,5430.0,108.6,Pettah
2018-10-12,Samba 1,5390.0,107.8,Pettah
2018-10-15,Samba 1,5390.0,107.8,Pettah
2018-10-16,Samba 1,5400.0,108.0,Pettah
2018-10-17,Samba 1,5410.0,108.2,Pettah
2018-10-18,Samba 1,5420.0,108.4,Pettah
2018-10-19,Samba 1,5390.0,107.8,Pettah
2018-10-22,Samba 1,5390.0,107.8,Pettah
2018-10-23,Samba 1,5390.0,107.8,Pettah
2018-10-25,Samba 1,5391.67,107.8334,Pettah
2018-10-26,Samba 1,5410.0,108.2,Pettah
2018-10-29,Samba 1,5410.0,108.2,Pettah
2018-10-30,Samba 1,5390.0,107.8,Pettah
2018-10-31,Samba 1,5410.0,108.2,Pettah
2018-11-01,Samba 1,5420.0,108.4,Pettah
2018-11-02,Samba 1,5390.0,107.8,Pettah
2018-11-05,Samba 1,5380.0,107.6,Pettah
2018-11-07,Samba 1,5390.0,107.8,Pettah
2018-11-08,Samba 1,5380.0,107.6,Pettah
2018-11-09,Samba 1,5390.0,107.8,Pettah
2018-11-12,Samba 1,5390.0,107.8,Pettah
2018-11-13,Samba 1,5380.0,107.6,Pettah
2018-11-14,Samba 1,5420.0,108.4,Pettah
2018-11-15,Samba 1,5370.0,107.4,Pettah
2018-11-16,Samba 1,5420.0,108.4,Pettah
2018-11-19,Samba 1,5360.0,107.2,Pettah
2018-11-21,Samba 1,5360.0,107.2,Pettah
2018-11-23,Samba 1,5360.0,107.2,Pettah
2018-11-26,Samba 1,5350.0,107.0,Pettah
2018-11-27,Samba 1,5350.0,107.0,Pettah
2018-11-28,Samba 1,5360.0,107.2,Pettah
2018-11-29,Samba 1,5360.0,107.2,Pettah
2018-11-30,Samba 1,5380.0,107.6,Pettah
2018-12-03,Samba 1,5370.0,107.4,Pettah
2018-12-04,Samba 1,5380.0,107.6,Pettah
2018-12-05,Samba 1,5370.0,107.4,Pettah
2018-12-06,Samba 1,5390.0,107.8,Pettah
2018-12-07,Samba 1,5370.0,107.4,Pettah
2018-12-10,Samba 1,5390.0,107.8,Pettah
2018-12-11,Samba 1,5380.0,107.6,Pettah
2018-12-12,Samba 1,5350.0,107.0,Pettah
2018-12-13,Samba 1,5330.0,106.6,Pettah
2018-12-14,Samba 1,5460.0,109.2,Pettah
2018-12-17,Samba 1,5420.0,108.4,Pettah
2018-12-18,Samba 1,5420.0,108.4,Pettah
2018-12-19,Samba 1,5420.0,108.4,Pettah
2018-12-20,Samba 1,5420.0,108.4,Pettah
2018-12-21,Samba 1,5420.0,108.4,Pettah
2018-12-24,Samba 1,5390.0,107.8,Pettah
2018-12-26,Samba 1,5420.0,108.4,Pettah
2018-12-27,Samba 1,5420.0,108.4,Pettah
2018-12-28,Samba 1,5410.0,108.2,Pettah
2018-12-31,Samba 1,5390.0,107.8,Pettah
2019-01-01,Samba 1,5410.0,108.2,Pettah
2019-01-02,Samba 1,5390.0,107.8,Pettah
2019-01-03,Samba 1,5390.0,107.8,Pettah
2019-01-04,Samba 1,5390.0,107.8,Pettah
2019-01-07,Samba 1,5320.0,106.4,Pettah
2019-01-08,Samba 1,5390.0,107.8,Pettah
2019-01-09,Samba 1,5390.0,107.8,Pettah
2019-01-10,Samba 1,5390.0,107.8,Pettah
2019-01-11,Samba 1,5390.0,107.8,Pettah
2019-01-14,Samba 1,5420.0,108.4,Pettah
2019-01-16,Samba 1,5390.0,107.8,Pettah
2019-01-17,Samba 1,5410.0,108.2,Pettah
2019-01-18,Samba 1,5390.0,107.8,Pettah
2019-01-21,Samba 1,5410.0,108.2,Pettah
2019-01-22,Samba 1,5350.0,107.0,Pettah
2019-01-23,Samba 1,5450.0,109.0,Pettah
2019-01-24,Samba 1,5370.0,107.4,Pettah
2019-01-25,Samba 1,5340.0,106.8,Pettah
2019-01-28,Samba 1,5390.0,107.8,Pettah
2019-01-29,Samba 1,5450.0,109.0,Pettah
2019-01-30,Samba 1,5310.0,106.2,Pettah
2019-01-31,Samba 1,5460.0,109.2,Pettah
2019-02-01,Samba 1,5420.0,108.4,Pettah
2019-02-05,Samba 1,5420.0,108.4,Pettah
2019-02-06,Samba 1,5390.0,107.8,Pettah
2019-02-07,Samba 1,5370.0,107.4,Pettah
2019-02-08,Samba 1,5370.0,107.4,Pettah
2019-02-11,Samba 1,5360.0,107.2,Pettah
2019-02-12,Samba 1,5320.0,106.4,Pettah
2019-02-13,Samba 1,5400.0,108.0,Pettah
2019-02-14,Samba 1,5340.0,106.8,Pettah
2019-02-15,Samba 1,5300.0,106.0,Pettah
2019-02-18,Samba 1,5280.0,105.6,Pettah
2019-02-21,Samba 1,5350.0,107.0,Pettah
2019-02-22,Samba 1,5270.0,105.4,Pettah
2019-02-25,Samba 1,5270.0,105.4,Pettah
2019-02-26,Samba 1,5270.0,105.4,Pettah
2019-02-27,Samba 1,5280.0,105.6,Pettah
2019-02-28,Samba 1,5220.0,104.4,Pettah
2019-03-01,Samba 1,5200.0,104.0,Pettah
2019-03-05,Samba 1,5270.0,105.4,Pettah
2019-03-06,Samba 1,5280.0,105.6,Pettah
2019-03-07,Samba 1,5270.0,105.4,Pettah
2019-03-08,Samba 1,5280.0,105.6,Pettah
2019-03-11,Samba 1,5280.0,105.6,Pettah
2019-03-12,Samba 1,5280.0,105.6,Pettah
2019-03-13,Samba 1,5140.0,102.8,Pettah
2019-03-14,Samba 1,5140.0,102.8,Pettah
2019-03-15,Samba 1,5220.0,104.4,Pettah
2019-03-18,Samba 1,5220.0,104.4,Pettah
2019-03-19,Samba 1,5160.0,103.2,Pettah
2019-03-21,Samba 1,5220.0,104.4,Pettah
2019-03-22,Samba 1,5220.0,104.4,Pettah
2019-03-25,Samba 1,5210.0,104.2,Pettah
2019-03-26,Samba 1,5220.0,104.4,Pettah
2019-03-27,Samba 1,5190.0,103.8,Pettah
2019-03-28,Samba 1,5290.0,105.8,Pettah
2019-03-29,Samba 1,5310.0,106.2,Pettah
2019-04-01,Samba 1,5310.0,106.2,Pettah
2019-04-02,Samba 1,5300.0,106.0,Pettah
2019-04-03,Samba 1,5090.0,101.8,Pettah
2019-04-04,Samba 1,5090.0,101.8,Pettah
2019-04-05,Samba 1,4920.0,98.4,Pettah
2019-04-08,Samba 1,5100.0,102.0,Pettah
2019-04-09,Samba 1,4770.0,95.4,Pettah
2019-04-10,Samba 1,4900.0,98.0,Pettah
2019-04-11,Samba 1,4820.0,96.4,Pettah
2019-04-12,Samba 1,4900.0,98.0,Pettah
2019-04-17,Samba 1,5000.0,100.0,Pettah
2019-04-18,Samba 1,5070.0,101.4,Pettah
2019-04-23,Samba 1,5460.0,109.2,Pettah
2019-04-24,Samba 1,5340.0,106.8,Pettah
2019-04-25,Samba 1,5330.0,106.6,Pettah
2019-04-26,Samba 1,5310.0,106.2,Pettah
2019-04-29,Samba 1,5320.0,106.4,Pettah
2019-04-30,Samba 1,5140.0,102.8,Pettah
2019-05-02,Samba 1,5010.0,100.2,Pettah
2019-05-03,Samba 1,4970.0,99.4,Pettah
2019-05-06,Samba 1,4930.0,98.6,Pettah
2019-05-07,Samba 1,5010.0,100.2,Pettah
2019-05-08,Samba 1,4810.0,96.2,Pettah
2019-05-09,Samba 1,4860.0,97.2,Pettah
2019-05-10,Samba 1,4860.0,97.2,Pettah
2019-05-13,Samba 1,5040.0,100.8,Pettah
2019-05-14,Samba 1,4790.0,95.8,Pettah
2019-05-15,Samba 1,4810.0,96.2,Pettah
2019-05-16,Samba 1,4760.0,95.2,Pettah
2019-05-17,Samba 1,4770.0,95.4,Pettah
2019-05-21,Samba 1,4790.0,95.8,Pettah
2019-05-22,Samba 1,4740.0,94.8,Pettah
2019-05-23,Samba 1,4780.0,95.6,Pettah
2019-05-27,Samba 1,4780.0,95.6,Pettah
2019-05-28,Samba 1,4740.0,94.8,Pettah
2019-05-29,Samba 1,4760.0,95.2,Pettah
2019-05-30,Samba 1,4760.0,95.2,Pettah
2019-05-31,Samba 1,4710.0,94.2,Pettah
2019-06-03,Samba 1,4750.0,95.0,Pettah
2019-06-04,Samba 1,4750.0,95.0,Pettah
2019-06-06,Samba 1,4740.0,94.8,Pettah
2019-06-07,Samba 1,4712.0,94.24,Pettah
2019-06-10,Samba 1,4730.0,94.6,Pettah
2019-06-11,Samba 1,4760.0,95.2,Pettah
2019-06-12,Samba 1,4740.0,94.8,Pettah
2019-06-13,Samba 1,4740.0,94.8,Pettah
2019-06-14,Samba 1,4720.0,94.4,Pettah
2019-06-17,Samba 1,4720.0,94.4,Pettah
2019-06-18,Samba 1,4720.0,94.4,Pettah
2019-06-19,Samba 1,4720.0,94.4,Pettah
2019-06-20,Samba 1,4720.0,94.4,Pettah
2019-06-21,Samba 1,4710.0,94.2,Pettah
2019-06-24,Samba 1,4710.0,94.2,Pettah
2019-06-25,Samba 1,4730.0,94.6,Pettah
2019-06-26,Samba 1,4700.0,94.0,Pettah
2019-06-27,Samba 1,4700.0,94.0,Pettah
2019-06-28,Samba 1,4700.0,94.0,Pettah
2019-07-01,Samba 1,4660.0,93.2,Pettah
2019-07-02,Samba 1,4660.0,93.2,Pettah
2019-07-03,Samba 1,4680.0,93.6,Pettah
2019-07-04,Samba 1,4660.0,93.2,Pettah
2019-07-05,Samba 1,4650.0,93.0,Pettah
2019-07-08,Samba 1,4600.0,92.0,Pettah
2019-07-09,Samba 1,4550.0,91.0,Pettah
2019-07-10,Samba 1,4580.0,91.6,Pettah
2019-07-11,Samba 1,4580.0,91.6,Pettah
2019-07-12,Samba 1,4550.0,91.0,Pettah
2019-07-15,Samba 1,4370.0,87.4,Pettah
2019-07-17,Samba 1,4510.0,90.2,Pettah
2019-07-18,Samba 1,4550.0,91.0,Pettah
2019-07-19,Samba 1,4510.0,90.2,Pettah
2019-07-23,Samba 1,4430.0,88.6,Pettah
2019-07-24,Samba 1,4570.0,91.4,Pettah
2019-07-25,Samba 1,4510.0,90.2,Pettah
2019-07-26,Samba 1,4510.0,90.2,Pettah
2019-07-29,Samba 1,4470.0,89.4,Pettah
2019-07-30,Samba 1,4510.0,90.2,Pettah
2019-08-02,Samba 1,4460.0,89.2,Pettah
2019-08-06,Samba 1,4520.0,90.4,Pettah
2019-08-07,Samba 1,4560.0,91.2,Pettah
2019-08-08,Samba 1,4510.0,90.2,Pettah
2019-08-09,Samba 1,4510.0,90.2,Pettah
2019-08-13,Samba 1,4510.0,90.2,Pettah
2019-08-15,Samba 1,4510.0,90.2,Pettah
2019-08-16,Samba 1,4510.0,90.2,Pettah
2019-08-19,Samba 1,4510.0,90.2,Pettah
2019-08-20,Samba 1,4510.0,90.2,Pettah
2019-08-21,Samba 1,4510.0,90.2,Pettah
2019-08-22,Samba 1,4500.0,90.0,Pettah
2019-08-23,Samba 1,4510.0,90.2,Pettah
2019-08-26,Samba 1,4570.0,91.4,Pettah
2019-08-27,Samba 1,4530.0,90.6,Pettah
2019-08-28,Samba 1,4520.0,90.4,Pettah
2019-08-29,Samba 1,4520.0,90.4,Pettah
2019-08-30,Samba 1,4570.0,91.4,Pettah
2019-09-03,Samba 1,4570.0,91.4,Pettah
2019-09-04,Samba 1,4570.0,91.4,Pettah
2019-09-05,Samba 1,4580.0,91.6,Pettah
2019-09-06,Samba 1,4580.0,91.6,Pettah
2019-09-09,Samba 1,4590.0,91.8,Pettah
2019-09-10,Samba 1,4590.0,91.8,Pettah
2019-09-12,Samba 1,4750.0,95.0,Pettah
2019-09-16,Samba 1,4660.0,93.2,Pettah
2019-09-17,Samba 1,4670.0,93.4,Pettah
2019-09-18,Samba 1,4670.0,93.4,Pettah
2019-09-19,Samba 1,4700.0,94.0,Pettah
2019-09-20,Samba 1,4710.0,94.2,Pettah
2019-09-23,Samba 1,4730.0,94.6,Pettah
2019-09-24,Samba 1,4770.0,95.4,Pettah
2019-09-25,Samba 1,4790.0,95.8,Pettah
2019-09-26,Samba 1,4780.0,95.6,Pettah
2019-09-27,Samba 1,4770.0,95.4,Pettah
2019-09-30,Samba 1,4780.0,95.6,Pettah
2019-10-01,Samba 1,4780.0,95.6,Pettah
2019-10-02,Samba 1,4790.0,95.8,Pettah
2019-10-03,Samba 1,4820.0,96.4,Pettah
2019-10-04,Samba 1,4790.0,95.8,Pettah
2019-10-07,Samba 1,4810.0,96.2,Pettah
2019-10-08,Samba 1,4820.0,96.4,Pettah
2019-10-09,Samba 1,4820.0,96.4,Pettah
2019-10-10,Samba 1,4860.0,97.2,Pettah
2019-10-11,Samba 1,4870.0,97.4,Pettah
2019-10-14,Samba 1,4820.0,96.4,Pettah
2019-10-15,Samba 1,4900.0,98.0,Pettah
2019-10-16,Samba 1,4940.0,98.8,Pettah
2019-10-17,Samba 1,4940.0,98.8,Pettah
2019-10-18,Samba 1,4930.0,98.6,Pettah
2019-10-21,Samba 1,4940.0,98.8,Pettah
2019-10-22,Samba 1,4920.0,98.4,Pettah
2019-10-23,Samba 1,4930.0,98.6,Pettah
2019-10-24,Samba 1,4930.0,98.6,Pettah
2019-10-25,Samba 1,4950.0,99.0,Pettah
2019-10-28,Samba 1,4960.0,99.2,Pettah
2019-10-29,Samba 1,4930.0,98.6,Pettah
2019-10-30,Samba 1,4940.0,98.8,Pettah
2019-10-31,Samba 1,4960.0,99.2,Pettah
2019-11-01,Samba 1,4950.0,99.0,Pettah
2019-11-04,Samba 1,4940.0,98.8,Pettah
2019-11-05,Samba 1,4950.0,99.0,Pettah
2019-11-06,Samba 1,4950.0,99.0,Pettah
2019-11-07,Samba 1,4950.0,99.0,Pettah
2019-11-08,Samba 1,4970.0,99.4,Pettah
2019-11-11,Samba 1,4970.0,99.4,Pettah
2019-11-13,Samba 1,4980.0,99.6,Pettah
2019-11-14,Samba 1,4960.0,99.2,Pettah
2019-11-15,Samba 1,4970.0,99.4,Pettah
2019-11-18,Samba 1,4970.0,99.4,Pettah
2019-11-19,Samba 1,4970.0,99.4,Pettah
2019-11-20,Samba 1,4960.0,99.2,Pettah
2019-11-21,Samba 1,4970.0,99.4,Pettah
2019-11-22,Samba 1,4970.0,99.4,Pettah
2019-11-25,Samba 1,5070.0,101.4,Pettah
2019-11-26,Samba 1,5110.0,102.2,Pettah
2019-11-27,Samba 1,5130.0,102.6,Pettah
2019-11-28,Samba 1,5220.0,104.4,Pettah
2019-11-29,Samba 1,5210.0,104.2,Pettah
2019-12-02,Samba 1,5210.0,104.2,Pettah
2019-12-03,Samba 1,5240.0,104.8,Pettah
2019-12-04,Samba 1,5250.0,105.0,Pettah
2019-12-05,Samba 1,5260.0,105.2,Pettah
2019-12-06,Samba 1,5270.0,105.4,Pettah
2019-12-09,Samba 1,5280.0,105.6,Pettah
2019-12-10,Samba 1,5250.0,105.0,Pettah
2019-12-12,Samba 1,5260.0,105.2,Pettah
2019-12-13,Samba 1,5270.0,105.4,Pettah
2019-12-16,Samba 1,5250.0,105.0,Pettah
2019-12-17,Samba 1,5280.0,105.6,Pettah
2019-12-18,Samba 1,5270.0,105.4,Pettah
2019-12-19,Samba 1,5270.0,105.4,Pettah
2019-12-20,Samba 1,5270.0,105.4,Pettah
2019-12-23,Samba 1,,,Pettah
2019-12-24,Samba 1,,,Pettah
2019-12-26,Samba 1,,,Pettah
2019-12-27,Samba 1,,,Pettah
2019-12-30,Samba 1,,,Pettah
2019-12-31,Samba 1,,,Pettah
2020-01-01,Samba 1,,,Pettah
2020-01-02,Samba 1,,,Pettah
2020-01-03,Samba 1,,,Pettah
2020-01-06,Samba 1,,,Pettah
2020-01-07,Samba 1,,,Pettah
2020-01-08,Samba 1,,,Pettah
2020-01-09,Samba 1,,,Pettah
2020-01-13,Samba 1,,,Pettah
2020-01-14,Samba 1,,,Pettah
2020-01-16,Samba 1,,,Pettah
2020-01-17,Samba 1,,,Pettah
2020-01-20,Samba 1,,,Pettah
2020-01-21,Samba 1,,,Pettah
2020-01-22,Samba 1,,,Pettah
2020-01-23,Samba 1,,,Pettah
2020-01-24,Samba 1,,,Pettah
2020-01-27,Samba 1,,,Pettah
2020-01-28,Samba 1,,,Pettah
2020-01-29,Samba 1,,,Pettah
2020-01-30,Samba 1,,,Pettah
2020-01-31,Samba 1,,,Pettah
2020-02-03,Samba 1,,,Pettah
2020-02-05,Samba 1,,,Pettah
2020-02-06,Samba 1,,,Pettah
2020-02-07,Samba 1,,,Pettah
2020-02-10,Samba 1,,,Pettah
2020-02-11,Samba 1,4800.0,96.0,Pettah
2020-02-12,Samba 1,4800.0,96.0,Pettah
2020-02-13,Samba 1,4800.0,96.0,Pettah
2020-02-14,Samba 1,4800.0,96.0,Pettah
2020-02-17,Samba 1,4800.0,96.0,Pettah
2020-02-18,Samba 1,4800.0,96.0,Pettah
2020-02-19,Samba 1,4800.0,96.0,Pettah
2020-02-20,Samba 1,4800.0,96.0,Pettah
2020-02-24,Samba 1,4800.0,96.0,Pettah
2020-02-25,Samba 1,4816.67,96.3334,Pettah
2020-02-26,Samba 1,4816.67,96.3334,Pettah
2020-02-27,Samba 1,4816.67,96.3334,Pettah
2020-02-28,Samba 1,4833.33,96.6666,Pettah
2020-03-02,Samba 1,4875.0,97.5,Pettah
2020-03-03,Samba 1,4875.0,97.5,Pettah
2020-03-04,Samba 1,4850.0,97.0,Pettah
2020-03-05,Samba 1,4850.0,97.0,Pettah
2020-03-06,Samba 1,4850.0,97.0,Pettah
2020-03-10,Samba 1,4850.0,97.0,Pettah
2020-03-11,Samba 1,4850.0,97.0,Pettah
2020-03-12,Samba 1,4850.0,97.0,Pettah
2020-03-13,Samba 1,4850.0,97.0,Pettah
2020-06-15,Samba 1,4875.0,97.5,Pettah
2020-06-16,Samba 1,4900.0,98.0,Pettah
2020-06-17,Samba 1,4900.0,98.0,Pettah
2020-06-18,Samba 1,4900.0,98.0,Pettah
2020-06-19,Samba 1,4900.0,98.0,Pettah
2020-06-22,Samba 1,4900.0,98.0,Pettah
2020-06-23,Samba 1,4900.0,98.0,Pettah
2020-06-24,Samba 1,4900.0,98.0,Pettah
2020-06-25,Samba 1,4900.0,98.0,Pettah
2020-06-26,Samba 1,4900.0,98.0,Pettah
2020-06-29,Samba 1,4900.0,98.0,Pettah
2020-06-30,Samba 1,4900.0,98.0,Pettah
2020-07-01,Samba 1,4900.0,98.0,Pettah
2020-07-02,Samba 1,4900.0,98.0,Pettah
2020-07-03,Samba 1,4900.0,98.0,Pettah
2020-07-06,Samba 1,4900.0,98.0,Pettah
2020-07-07,Samba 1,4883.33,97.6666,Pettah
2020-07-08,Samba 1,4883.33,97.6666,Pettah
2020-07-09,Samba 1,4883.33,97.6666,Pettah
2020-07-10,Samba 1,4883.33,97.6666,Pettah
2020-07-13,Samba 1,4883.33,97.6666,Pettah
2020-07-14,Samba 1,4883.33,97.6666,Pettah
2020-07-15,Samba 1,4883.33,97.6666,Pettah
2020-07-16,Samba 1,4883.33,97.6666,Pettah
2020-07-17,Samba 1,4900.0,98.0,Pettah
2020-07-20,Samba 1,4883.33,97.6666,Pettah
2020-07-21,Samba 1,4866.67,97.3334,Pettah
2020-07-22,Samba 1,4900.0,98.0,Pettah
2020-07-23,Samba 1,4900.0,98.0,Pettah
2020-07-24,Samba 1,4900.0,98.0,Pettah
2020-07-27,Samba 1,4900.0,98.0,Pettah
2020-07-28,Samba 1,4900.0,98.0,Pettah
2020-07-29,Samba 1,4900.0,98.0,Pettah
2020-07-30,Samba 1,4900.0,98.0,Pettah
2020-07-31,Samba 1,4900.0,98.0,Pettah
2020-08-04,Samba 1,4900.0,98.0,Pettah
2020-08-06,Samba 1,4900.0,98.0,Pettah
2020-08-07,Samba 1,4900.0,98.0,Pettah
2020-08-10,Samba 1,,,Pettah
2020-08-11,Samba 1,,,Pettah
2020-08-12,Samba 1,,,Pettah
2020-08-13,Samba 1,,,Pettah
2020-08-14,Samba 1,,,Pettah
2020-08-17,Samba 1,,,Pettah
2020-08-18,Samba 1,,,Pettah
2020-08-19,Samba 1,,,Pettah
2020-08-20,Samba 1,,,Pettah
2020-08-21,Samba 1,4900.0,98.0,Pettah
2020-08-24,Samba 1,,,Pettah
2020-08-25,Samba 1,,,Pettah
2020-08-26,Samba 1,,,Pettah
2020-08-27,Samba 1,,,Pettah
2020-08-28,Samba 1,,,Pettah
2020-08-31,Samba 1,,,Pettah
2020-09-02,Samba 1,,,Pettah
2020-09-03,Samba 1,5130.0,102.6,Pettah
2020-09-04,Samba 1,5200.0,104.0,Pettah
2020-09-07,Samba 1,5162.5,103.25,Pettah
2020-09-08,Samba 1,,,Pettah
2020-09-09,Samba 1,,,Pettah
2020-09-10,Samba 1,,,Pettah
2020-09-11,Samba 1,,,Pettah
2020-09-14,Samba 1,,,Pettah
2020-09-15,Samba 1,,,Pettah
2020-09-16,Samba 1,,,Pettah
2020-09-17,Samba 1,,,Pettah
2020-09-18,Samba 1,,,Pettah
2020-09-21,Samba 1,,,Pettah
2020-09-22,Samba 1,,,Pettah
2020-09-23,Samba 1,,,Pettah
2020-09-24,Samba 1,,,Pettah
2020-09-25,Samba 1,,,Pettah
2020-09-28,Samba 1,5310.0,106.2,Pettah
2020-09-29,Samba 1,,,Pettah
2020-09-30,Samba 1,5310.0,106.2,Pettah
2020-10-01,Samba 1,,,Pettah
2020-10-02,Samba 1,,,Pettah
2020-10-05,Samba 1,,,Pettah
2020-10-06,Samba 1,5310.0,106.2,Pettah
2020-10-07,Samba 1,5437.5,108.75,Pettah
2020-10-08,Samba 1,5500.0,110.0,Pettah
2020-10-09,Samba 1,5500.0,110.0,Pettah
2020-10-12,Samba 1,5525.0,110.5,Pettah
2020-10-13,Samba 1,5525.0,110.5,Pettah
2020-10-14,Samba 1,5525.0,110.5,Pettah
2020-10-15,Samba 1,5566.67,111.3334,Pettah
2020-10-16,Samba 1,5560.0,111.2,Pettah
2020-10-19,Samba 1,5550.0,111.0,Pettah
2020-10-20,Samba 1,5550.0,111.0,Pettah
2020-10-21,Samba 1,5575.0,111.5,Pettah
2020-10-22,Samba 1,5575.0,111.5,Pettah
2020-10-23,Samba 1,,,Pettah
2020-10-26,Samba 1,,,Pettah
2020-10-27,Samba 1,,,Pettah
2020-10-28,Samba 1,,,Pettah
2020-10-29,Samba 1,,,Pettah
2020-11-02,Samba 1,,,Pettah
2020-11-03,Samba 1,,,Pettah
2020-11-04,Samba 1,,,Pettah
2020-11-05,Samba 1,,,Pettah
2020-11-06,Samba 1,,,Pettah
2020-11-09,Samba 1,,,Pettah
2020-11-10,Samba 1,,,Pettah
2020-11-11,Samba 1,,,Pettah
2020-11-12,Samba 1,,,Pettah
2020-11-13,Samba 1,,,Pettah
2020-11-16,Samba 1,,,Pettah
2020-11-17,Samba 1,,,Pettah
2020-11-18,Samba 1,,,Pettah
2020-11-19,Samba 1,,,Pettah
2020-11-20,Samba 1,,,Pettah
2020-11-23,Samba 1,,,Pettah
2020-11-24,Samba 1,,,Pettah
2020-11-25,Samba 1,,,Pettah
2020-11-26,Samba 1,,,Pettah
2020-11-27,Samba 1,,,Pettah
2020-11-30,Samba 1,,,Pettah
2020-12-01,Samba 1,,,Pettah
2020-12-02,Samba 1,,,Pettah
2020-12-03,Samba 1,,,Pettah
2020-12-04,Samba 1,,,Pettah
2020-12-07,Samba 1,,,Pettah
2020-12-08,Samba 1,,,Pettah
2020-12-09,Samba 1,,,Pettah
2020-12-11,Samba 1,,,Pettah
2020-12-14,Samba 1,,,Pettah
2020-12-15,Samba 1,,,Pettah
2020-12-16,Samba 1,,,Pettah
2020-12-17,Samba 1,,,Pettah
2020-12-18,Samba 1,,,Pettah
2020-12-21,Samba 1,,,Pettah
2020-12-22,Samba 1,,,Pettah
2020-12-23,Samba 1,,,Pettah
2020-12-24,Samba 1,,,Pettah
2020-12-28,Samba 1,,,Pettah
2020-12-30,Samba 1,,,Pettah
2020-12-31,Samba 1,,,Pettah
2021-01-01,Samba 1,,,Pettah
2021-01-04,Samba 1,,,Pettah
2021-01-05,Samba 1,,,Pettah
2021-01-06,Samba 1,,,Pettah
2021-01-07,Samba 1,,,Pettah
2021-01-08,Samba 1,,,Pettah
2021-01-11,Samba 1,,,Pettah
2021-01-12,Samba 1,6612.5,132.25,Pettah
2021-01-13,Samba 1,6600.0,132.0,Pettah
2021-01-15,Samba 1,6683.33,133.6666,Pettah
2021-01-18,Samba 1,6675.0,133.5,Pettah
2021-01-19,Samba 1,6687.5,133.75,Pettah
2021-01-20,Samba 1,6666.67,133.3334,Pettah
2021-01-21,Samba 1,6633.33,132.6666,Pettah
2021-01-22,Samba 1,6600.0,132.0,Pettah
2021-01-25,Samba 1,6633.33,132.6666,Pettah
2021-01-26,Samba 1,6600.0,132.0,Pettah
2021-01-27,Samba 1,6383.33,127.6666,Pettah
2021-01-29,Samba 1,6437.5,128.75,Pettah
2021-02-01,Samba 1,,,Pettah
2021-02-02,Samba 1,6350.0,127.0,Pettah
2021-02-03,Samba 1,6270.0,125.4,Pettah
2021-02-08,Samba 1,6250.0,125.0,Pettah
2021-02-09,Samba 1,5930.0,118.6,Pettah
2021-02-10,Samba 1,5930.0,118.6,Pettah
2021-02-11,Samba 1,5930.0,118.6,Pettah
2021-02-12,Samba 1,5912.5,118.25,Pettah
2021-02-15,Samba 1,5910.0,118.2,Pettah
2021-02-16,Samba 1,5880.0,117.6,Pettah
2021-02-17,Samba 1,5880.0,117.6,Pettah
2021-02-18,Samba 1,5980.0,119.6,Pettah
2021-02-19,Samba 1,5975.0,119.5,Pettah
2021-02-22,Samba 1,5910.0,118.2,Pettah
2021-02-23,Samba 1,5960.0,119.2,Pettah
2021-02-24,Samba 1,5930.0,118.6,Pettah
2021-02-25,Samba 1,6010.0,120.2,Pettah
2021-03-01,Samba 1,5960.0,119.2,Pettah
2021-03-02,Samba 1,5930.0,118.6,Pettah
2021-03-03,Samba 1,5980.0,119.6,Pettah
2021-03-04,Samba 1,5980.0,119.6,Pettah
2021-03-05,Samba 1,5980.0,119.6,Pettah
2021-03-08,Samba 1,5930.0,118.6,Pettah
2021-03-09,Samba 1,5980.0,119.6,Pettah
2021-03-10,Samba 1,5980.0,119.6,Pettah
2021-03-12,Samba 1,5960.0,119.2,Pettah
2021-03-15,Samba 1,6120.0,122.4,Pettah
2021-03-16,Samba 1,6130.0,122.6,Pettah
2021-03-17,Samba 1,6130.0,122.6,Pettah
2021-03-18,Samba 1,6160.0,123.2,Pettah
2021-03-19,Samba 1,6160.0,123.2,Pettah
2021-03-22,Samba 1,6170.0,123.4,Pettah
2021-03-23,Samba 1,6190.0,123.8,Pettah
2021-03-24,Samba 1,6180.0,123.6,Pettah
2021-03-25,Samba 1,6210.0,124.2,Pettah
2021-03-26,Samba 1,6230.0,124.6,Pettah
2021-03-29,Samba 1,6230.0,124.6,Pettah
2021-03-30,Samba 1,6250.0,125.0,Pettah
2021-03-31,Samba 1,102.5,102.5,Pettah
2021-04-01,Samba 1,6230.0,124.6,Pettah
2021-04-05,Samba 1,6260.0,125.2,Pettah
2021-04-06,Samba 1,6260.0,125.2,Pettah
2021-04-07,Samba 1,6260.0,125.2,Pettah
2021-04-08,Samba 1,6260.0,125.2,Pettah
2021-04-09,Samba 1,6270.0,125.4,Pettah
2021-04-19,Samba 1,6340.0,126.8,Pettah
2021-04-20,Samba 1,6360.0,127.2,Pettah
2021-04-21,Samba 1,6370.0,127.4,Pettah
2021-04-22,Samba 1,6360.0,127.2,Pettah
2021-04-23,Samba 1,100.0,100.0,Pettah
2021-04-27,Samba 1,6440.0,128.8,Pettah
2021-04-28,Samba 1,6480.0,129.6,Pettah
2021-04-29,Samba 1,6580.0,131.6,Pettah
2021-04-30,Samba 1,6620.0,132.4,Pettah
2021-05-03,Samba 1,6620.0,132.4,Pettah
2021-05-04,Samba 1,6980.0,139.6,Pettah
2021-05-05,Samba 1,6960.0,139.2,Pettah
2021-05-06,Samba 1,7120.0,142.4,Pettah
2021-05-07,Samba 1,7120.0,142.4,Pettah
2021-05-10,Samba 1,,,Pettah
2021-05-11,Samba 1,,,Pettah
2021-05-12,Samba 1,7040.0,140.8,Pettah
2021-05-13,Samba 1,,,Pettah
2021-05-17,Samba 1,,,Pettah
2021-05-18,Samba 1,,,Pettah
2021-05-19,Samba 1,,,Pettah
2021-05-20,Samba 1,,,Pettah
2021-05-21,Samba 1,7170.0,143.4,Pettah
2021-06-08,Samba 1,7380.0,147.6,Pettah
2021-06-09,Samba 1,7330.0,146.6,Pettah
2021-06-18,Samba 1,7230.0,144.6,Pettah
2021-06-21,Samba 1,7150.0,143.0,Pettah
2021-06-22,Samba 1,7140.0,142.8,Pettah
2021-06-23,Samba 1,7050.0,141.0,Pettah
2021-06-25,Samba 1,7030.0,140.6,Pettah
2021-06-28,Samba 1,7100.0,142.0,Pettah
2021-06-29,Samba 1,7100.0,142.0,Pettah
2021-06-30,Samba 1,6900.0,138.0,Pettah
2021-07-01,Samba 1,6850.0,137.0,Pettah
2021-07-02,Samba 1,6850.0,137.0,Pettah
2021-07-05,Samba 1,6930.0,138.6,Pettah
2021-07-06,Samba 1,6930.0,138.6,Pettah
2021-07-07,Samba 1,6930.0,138.6,Pettah
2021-07-08,Samba 1,6760.0,135.2,Pettah
2021-07-09,Samba 1,6650.0,133.0,Pettah
2021-07-12,Samba 1,,,Pettah
2021-07-13,Samba 1,,,Pettah
2021-07-14,Samba 1,,,Pettah
2021-07-15,Samba 1,,,Pettah
2021-07-16,Samba 1,6300.0,126.0,Pettah
2021-07-19,Samba 1,,,Pettah
2021-07-20,Samba 1,,,Pettah
2021-07-22,Samba 1,,,Pettah
2021-07-26,Samba 1,,,Pettah
2021-07-27,Samba 1,,,Pettah
2021-07-28,Samba 1,,,Pettah
2021-07-29,Samba 1,,,Pettah
2021-07-30,Samba 1,,,Pettah
2021-08-02,Samba 1,6375.0,127.5,Pettah
2021-08-03,Samba 1,6375.0,127.5,Pettah
2021-08-04,Samba 1,6375.0,127.5,Pettah
2021-08-05,Samba 1,6230.0,124.6,Pettah
2021-08-06,Samba 1,6187.5,123.75,Pettah
2021-08-09,Samba 1,6412.5,128.25,Pettah
2021-08-11,Samba 1,6375.0,127.5,Pettah
2021-08-12,Samba 1,6300.0,126.0,Pettah
2021-08-13,Samba 1,6300.0,126.0,Pettah
2021-08-16,Samba 1,6350.0,127.0,Pettah
2021-08-17,Samba 1,6350.0,127.0,Pettah
2021-08-18,Samba 1,6312.5,126.25,Pettah
2021-08-19,Samba 1,6312.5,126.25,Pettah
2021-08-20,Samba 1,6312.5,126.25,Pettah
2021-08-24,Samba 1,6312.5,126.25,Pettah
2021-08-25,Samba 1,6350.0,127.0,Pettah
2021-09-01,Samba 1,6312.5,126.25,Pettah
2021-09-02,Samba 1,6350.0,127.0,Pettah
2021-09-06,Samba 1,6350.0,127.0,Pettah
2021-09-09,Samba 1,,,Pettah
2021-09-10,Samba 1,,,Pettah
2021-09-13,Samba 1,,,Pettah
2021-09-14,Samba 1,,,Pettah
2021-09-15,Samba 1,,,Pettah
2021-09-16,Samba 1,,,Pettah
2021-09-17,Samba 1,,,Pettah
2021-09-21,Samba 1,,,Pettah
2021-09-22,Samba 1,,,Pettah
2021-09-23,Samba 1,,,Pettah
2021-09-24,Samba 1,,,Pettah
2021-09-27,Samba 1,,,Pettah
2021-09-28,Samba 1,,,Pettah
2021-09-29,Samba 1,,,Pettah
2021-09-30,Samba 1,,,Pettah
2021-10-01,Samba 1,,,Pettah
2021-10-04,Samba 1,6750.0,135.0,Pettah
2021-10-05,Samba 1,,,Pettah
2021-10-06,Samba 1,,,Pettah
2021-10-07,Samba 1,,,Pettah
2021-10-08,Samba 1,6770.0,135.4,Pettah
2021-10-11,Samba 1,,,Pettah
2021-10-12,Samba 1,,,Pettah
2021-10-13,Samba 1,6960.0,139.2,Pettah
2021-10-14,Samba 1,6970.0,139.4,Pettah
2021-10-15,Samba 1,6960.0,139.2,Pettah
2021-10-18,Samba 1,6980.0,139.6,Pettah
2021-10-21,Samba 1,7200.0,144.0,Pettah
2021-10-22,Samba 1,7200.0,144.0,Pettah
2021-10-25,Samba 1,7200.0,144.0,Pettah
2021-10-26,Samba 1,7230.0,144.6,Pettah
2021-10-27,Samba 1,7440.0,148.8,Pettah
2021-10-28,Samba 1,7460.0,149.2,Pettah
2021-10-29,Samba 1,7460.0,149.2,Pettah
2021-11-01,Samba 1,7900.0,158.0,Pettah
2021-11-02,Samba 1,7950.0,159.0,Pettah
2021-11-03,Samba 1,7950.0,159.0,Pettah
2021-11-08,Samba 1,149.6,149.6,Pettah
2021-11-09,Samba 1,151.0,151.0,Pettah
2021-11-10,Samba 1,149.6,149.6,Pettah
2021-11-11,Samba 1,155.0,155.0,Pettah
2021-11-12,Samba 1,150.0,150.0,Pettah
2021-11-15,Samba 1,153.0,153.0,Pettah
2021-11-16,Samba 1,150.0,150.0,Pettah
2021-11-17,Samba 1,149.0,149.0,Pettah
2021-11-19,Samba 1,150.0,150.0,Pettah
2021-11-22,Samba 1,188.75,188.75,Pettah
2021-11-23,Samba 1,146.25,146.25,Pettah
2021-11-24,Samba 1,147.0,147.0,Pettah
2021-11-25,Samba 1,145.0,145.0,Pettah
2021-11-26,Samba 1,145.0,145.0,Pettah
2021-11-29,Samba 1,145.0,145.0,Pettah
2021-11-30,Samba 1,145.0,145.0,Pettah
2021-12-01,Samba 1,145.0,145.0,Pettah
2021-12-02,Samba 1,145.0,145.0,Pettah
2021-12-03,Samba 1,145.0,145.0,Pettah
2021-12-06,Samba 1,145.0,145.0,Pettah
2021-12-07,Samba 1,145.0,145.0,Pettah
2021-12-08,Samba 1,145.0,145.0,Pettah
2021-12-09,Samba 1,145.6,145.6,Pettah
2021-12-10,Samba 1,145.0,145.0,Pettah
2021-12-13,Samba 1,145.0,145.0,Pettah
2021-12-14,Samba 1,145.0,145.0,Pettah
2021-12-15,Samba 1,145.0,145.0,Pettah
2021-12-16,Samba 1,145.0,145.0,Pettah
2021-12-17,Samba 1,145.0,145.0,Pettah
2021-12-20,Samba 1,145.0,145.0,Pettah
2021-12-21,Samba 1,146.6,146.6,Pettah
2021-12-22,Samba 1,146.25,146.25,Pettah
2021-12-23,Samba 1,146.2,146.2,Pettah
2021-12-24,Samba 1,146.0,146.0,Pettah
2021-12-27,Samba 1,148.0,148.0,Pettah
2021-12-28,Samba 1,150.0,150.0,Pettah
2021-12-29,Samba 1,151.0,151.0,Pettah
2021-12-30,Samba 1,152.5,152.5,Pettah
2021-12-31,Samba 1,157.0,157.0,Pettah
2022-01-03,Samba 1,163.0,163.0,Pettah
2022-01-05,Samba 1,161.0,161.0,Pettah
2022-01-06,Samba 1,165.0,165.0,Pettah
2022-01-07,Samba 1,163.75,163.75,Pettah
2022-01-10,Samba 1,165.0,165.0,Pettah
2022-01-11,Samba 1,164.0,164.0,Pettah
2022-01-12,Samba 1,164.0,164.0,Pettah
2022-01-13,Samba 1,165.0,165.0,Pettah
2022-01-18,Samba 1,167.0,167.0,Pettah
2022-01-19,Samba 1,168.0,168.0,Pettah
2022-01-20,Samba 1,168.0,168.0,Pettah
2022-01-21,Samba 1,168.33,168.33,Pettah
2022-01-24,Samba 1,165.0,165.0,Pettah
2022-01-25,Samba 1,164.0,164.0,Pettah
2022-01-26,Samba 1,162.5,162.5,Pettah
2022-01-27,Samba 1,160.0,160.0,Pettah
2022-01-28,Samba 1,163.33,163.33,Pettah
2022-01-31,Samba 1,162.5,162.5,Pettah
2022-02-01,Samba 1,162.5,162.5,Pettah
2022-02-02,Samba 1,161.67,161.67,Pettah
2022-02-03,Samba 1,160.0,160.0,Pettah
2022-02-08,Samba 1,159.0,159.0,Pettah
2022-02-09,Samba 1,161.25,161.25,Pettah
2022-02-10,Samba 1,163.0,163.0,Pettah
2022-02-11,Samba 1,162.0,162.0,Pettah
2022-02-14,Samba 1,160.0,160.0,Pettah
2022-02-15,Samba 1,161.0,161.0,Pettah
2022-02-17,Samba 1,162.0,162.0,Pettah
2022-02-18,Samba 1,161.25,161.25,Pettah
2022-02-21,Samba 1,160.0,160.0,Pettah
2022-02-22,Samba 1,160.0,160.0,Pettah
2022-02-23,Samba 1,159.2,159.2,Pettah
2022-02-24,Samba 1,160.0,160.0,Pettah
2022-02-25,Samba 1,160.0,160.0,Pettah
2022-02-28,Samba 1,159.0,159.0,Pettah
2022-03-02,Samba 1,159.6,159.6,Pettah
2022-03-03,Samba 1,160.0,160.0,Pettah
2022-03-04,Samba 1,159.5,159.5,Pettah
2022-03-07,Samba 1,159.5,159.5,Pettah
2022-03-08,Samba 1,161.6,161.6,Pettah
2022-03-09,Samba 1,160.6,160.6,Pettah
2022-03-10,Samba 1,160.0,160.0,Pettah
2022-03-11,Samba 1,162.5,162.5,Pettah
2022-03-14,Samba 1,171.25,171.25,Pettah
2022-03-15,Samba 1,166.25,166.25,Pettah
2022-03-16,Samba 1,166.25,166.25,Pettah
2022-03-18,Samba 1,172.0,172.0,Pettah
2022-03-21,Samba 1,181.0,181.0,Pettah
2022-03-22,Samba 1,188.75,188.75,Pettah
2022-03-23,Samba 1,187.0,187.0,Pettah
2022-03-24,Samba 1,197.0,197.0,Pettah
2022-03-25,Samba 1,196.75,196.75,Pettah
2022-03-28,Samba 1,199.0,199.0,Pettah
2022-03-29,Samba 1,200.0,200.0,Pettah
2022-03-30,Samba 1,200.0,200.0,Pettah
2022-03-31,Samba 1,200.0,200.0,Pettah
2022-04-01,Samba 1,202.5,202.5,Pettah
2022-04-04,Samba 1,203.0,203.0,Pettah
2022-04-05,Samba 1,203.75,203.75,Pettah
2022-04-06,Samba 1,205.0,205.0,Pettah
2022-04-07,Samba 1,206.25,206.25,Pettah
2022-04-08,Samba 1,206.67,206.67,Pettah
2022-04-12,Samba 1,205.0,205.0,Pettah
2022-04-18,Samba 1,298.0,298.0,Pettah
2022-04-19,Samba 1,205.0,205.0,Pettah
2022-04-20,Samba 1,206.0,206.0,Pettah
2022-04-21,Samba 1,205.0,205.0,Pettah
2022-04-22,Samba 1,207.0,207.0,Pettah
2022-04-25,Samba 1,205.0,205.0,Pettah
2022-04-26,Samba 1,206.25,206.25,Pettah
2022-04-27,Samba 1,215.0,215.0,Pettah
2022-04-29,Samba 1,216.0,216.0,Pettah
2022-05-04,Samba 1,221.0,221.0,Pettah
2022-05-05,Samba 1,220.0,220.0,Pettah
2022-05-09,Samba 1,222.0,222.0,Pettah
2022-05-12,Samba 1,235.0,235.0,Pettah
2022-05-13,Samba 1,225.0,225.0,Pettah
2022-05-17,Samba 1,222.0,222.0,Pettah
2022-05-18,Samba 1,222.0,222.0,Pettah
2022-05-19,Samba 1,222.0,222.0,Pettah
2022-05-20,Samba 1,223.0,223.0,Pettah
2022-05-23,Samba 1,222.0,222.0,Pettah
2022-05-24,Samba 1,222.0,222.0,Pettah
2022-05-25,Samba 1,222.0,222.0,Pettah
2022-05-26,Samba 1,223.0,223.0,Pettah
2022-05-27,Samba 1,223.0,223.0,Pettah
2022-05-30,Samba 1,223.0,223.0,Pettah
2022-05-31,Samba 1,225.0,225.0,Pettah
2022-06-01,Samba 1,223.75,223.75,Pettah
2022-06-02,Samba 1,223.75,223.75,Pettah
2022-06-03,Samba 1,223.0,223.0,Pettah
2022-06-06,Samba 1,226.6,226.6,Pettah
2022-06-07,Samba 1,230.0,230.0,Pettah
2022-06-08,Samba 1,227.0,227.0,Pettah
2022-06-09,Samba 1,242.5,242.5,Pettah
2022-06-10,Samba 1,255.0,255.0,Pettah
2022-06-13,Samba 1,239.0,239.0,Pettah
2022-06-15,Samba 1,250.0,250.0,Pettah
2022-06-16,Samba 1,233.0,233.0,Pettah
2022-06-17,Samba 1,250.0,250.0,Pettah
2022-06-20,Samba 1,225.0,225.0,Pettah
2022-06-21,Samba 1,220.0,220.0,Pettah
2022-06-22,Samba 1,216.0,216.0,Pettah
2022-06-23,Samba 1,219.0,219.0,Pettah
2022-06-24,Samba 1,315.0,315.0,Pettah
2022-06-27,Samba 1,258.25,258.25,Pettah
2022-06-28,Samba 1,257.67,257.67,Pettah
2022-06-29,Samba 1,258.33,258.33,Pettah
2022-06-30,Samba 1,259.33,259.33,Pettah
2022-07-01,Samba 1,254.6,254.6,Pettah
2022-07-04,Samba 1,255.6,255.6,Pettah
2022-07-05,Samba 1,255.6,255.6,Pettah
2022-07-06,Samba 1,256.2,256.2,Pettah
2022-07-07,Samba 1,255.4,255.4,Pettah
2022-07-11,Samba 1,254.4,254.4,Pettah
2022-07-12,Samba 1,254.4,254.4,Pettah
2022-07-14,Samba 1,253.75,253.75,Pettah
2022-07-15,Samba 1,254.6,254.6,Pettah
2022-07-18,Samba 1,254.6,254.6,Pettah
2022-07-19,Samba 1,257.2,257.2,Pettah
2022-07-20,Samba 1,244.4,244.4,Pettah
2022-07-21,Samba 1,255.6,255.6,Pettah
2022-07-22,Samba 1,254.6,254.6,Pettah
2022-07-25,Samba 1,251.0,251.0,Pettah
2022-07-26,Samba 1,249.0,249.0,Pettah
2022-07-27,Samba 1,250.2,250.2,Pettah
2022-07-28,Samba 1,248.0,248.0,Pettah
2022-07-29,Samba 1,248.0,248.0,Pettah
2022-08-01,Samba 1,249.4,249.4,Pettah
2022-08-02,Samba 1,252.0,252.0,Pettah
2022-08-03,Samba 1,252.0,252.0,Pettah
2022-08-04,Samba 1,252.4,252.4,Pettah
2022-08-05,Samba 1,250.0,250.0,Pettah
2022-08-08,Samba 1,249.6,249.6,Pettah
2022-08-09,Samba 1,250.0,250.0,Pettah
2022-08-10,Samba 1,332.5,332.5,Pettah
2022-08-12,Samba 1,249.0,249.0,Pettah
2022-08-15,Samba 1,249.6,249.6,Pettah
2022-08-16,Samba 1,235.0,235.0,Pettah
2022-08-17,Samba 1,235.0,235.0,Pettah
2022-08-18,Samba 1,230.0,230.0,Pettah
2022-08-19,Samba 1,230.0,230.0,Pettah
2022-08-22,Samba 1,230.0,230.0,Pettah
2022-08-23,Samba 1,230.0,230.0,Pettah
2022-08-24,Samba 1,230.0,230.0,Pettah
2022-08-25,Samba 1,230.0,230.0,Pettah
2022-08-26,Samba 1,230.0,230.0,Pettah
2022-08-29,Samba 1,230.0,230.0,Pettah
2022-08-30,Samba 1,230.0,230.0,Pettah
2022-08-31,Samba 1,230.0,230.0,Pettah
2022-09-01,Samba 1,230.0,230.0,Pettah
2022-09-02,Samba 1,230.0,230.0,Pettah
2022-09-05,Samba 1,230.0,230.0,Pettah
2022-09-06,Samba 1,230.0,230.0,Pettah
2022-09-07,Samba 1,230.0,230.0,Pettah
2022-09-08,Samba 1,230.0,230.0,Pettah
2022-09-09,Samba 1,230.0,230.0,Pettah
2022-09-12,Samba 1,230.0,230.0,Pettah
2022-09-13,Samba 1,230.0,230.0,Pettah
2022-09-14,Samba 1,230.0,230.0,Pettah
2022-09-15,Samba 1,230.0,230.0,Pettah
2022-09-16,Samba 1,230.0,230.0,Pettah
2022-09-19,Samba 1,230.0,230.0,Pettah
2022-09-20,Samba 1,230.0,230.0,Pettah
2022-09-21,Samba 1,230.0,230.0,Pettah
2022-09-22,Samba 1,230.0,230.0,Pettah
2022-09-23,Samba 1,230.0,230.0,Pettah
2022-09-26,Samba 1,225.0,225.0,Pettah
2022-09-27,Samba 1,225.0,225.0,Pettah
2022-09-28,Samba 1,225.0,225.0,Pettah
2022-09-29,Samba 1,230.0,230.0,Pettah
2022-09-30,Samba 1,230.0,230.0,Pettah
2022-10-03,Samba 1,230.0,230.0,Pettah
2022-10-04,Samba 1,230.0,230.0,Pettah
2022-10-05,Samba 1,230.0,230.0,Pettah
2022-10-06,Samba 1,230.0,230.0,Pettah
2022-10-07,Samba 1,230.0,230.0,Pettah
2022-10-10,Samba 1,230.0,230.0,Pettah
2022-10-11,Samba 1,230.0,230.0,Pettah
2022-10-12,Samba 1,230.0,230.0,Pettah
2022-10-13,Samba 1,230.0,230.0,Pettah
2022-10-14,Samba 1,230.0,230.0,Pettah
2022-10-17,Samba 1,230.0,230.0,Pettah
2022-10-18,Samba 1,225.0,225.0,Pettah
2022-10-19,Samba 1,230.0,230.0,Pettah
2022-10-20,Samba 1,230.0,230.0,Pettah
2022-10-21,Samba 1,230.0,230.0,Pettah
2022-10-25,Samba 1,225.0,225.0,Pettah
2022-10-26,Samba 1,225.0,225.0,Pettah
2022-10-27,Samba 1,225.0,225.0,Pettah
2022-10-28,Samba 1,225.0,225.0,Pettah
2022-10-31,Samba 1,225.0,225.0,Pettah
2022-11-01,Samba 1,225.0,225.0,Pettah
2022-11-02,Samba 1,225.0,225.0,Pettah
2022-11-03,Samba 1,225.0,225.0,Pettah
2022-11-04,Samba 1,225.0,225.0,Pettah
2022-11-08,Samba 1,220.0,220.0,Pettah
2022-11-09,Samba 1,225.0,225.0,Pettah
2022-11-10,Samba 1,220.0,220.0,Pettah
2022-11-11,Samba 1,225.0,225.0,Pettah
2022-11-14,Samba 1,223.0,223.0,Pettah
2022-11-15,Samba 1,225.0,225.0,Pettah
2022-11-16,Samba 1,225.0,225.0,Pettah
2022-11-17,Samba 1,225.0,225.0,Pettah
2022-11-18,Samba 1,225.0,225.0,Pettah
2022-11-21,Samba 1,225.0,225.0,Pettah
2022-11-22,Samba 1,225.0,225.0,Pettah
2022-11-23,Samba 1,225.0,225.0,Pettah
2022-11-24,Samba 1,225.0,225.0,Pettah
2022-11-25,Samba 1,220.0,220.0,Pettah
2022-11-28,Samba 1,220.0,220.0,Pettah
2022-11-29,Samba 1,220.0,220.0,Pettah
2022-11-30,Samba 1,220.0,220.0,Pettah
2022-12-01,Samba 1,220.0,220.0,Pettah
2022-12-02,Samba 1,220.0,220.0,Pettah
2022-12-05,Samba 1,220.0,220.0,Pettah
2022-12-06,Samba 1,215.0,215.0,Pettah
2022-12-08,Samba 1,215.0,215.0,Pettah
2022-12-09,Samba 1,215.0,215.0,Pettah
2022-12-12,Samba 1,215.0,215.0,Pettah
2022-12-13,Samba 1,215.0,215.0,Pettah
2022-12-14,Samba 1,218.0,218.0,Pettah
2022-12-15,Samba 1,218.0,218.0,Pettah
2022-12-16,Samba 1,220.0,220.0,Pettah
2022-12-19,Samba 1,415.0,415.0,Pettah
2022-12-20,Samba 1,,,Pettah
2022-12-21,Samba 1,213.0,213.0,Pettah
2022-12-22,Samba 1,215.0,215.0,Pettah
2022-12-23,Samba 1,213.0,213.0,Pettah
2022-12-26,Samba 1,212.4,212.4,Pettah
2022-12-27,Samba 1,213.4,213.4,Pettah
2022-12-28,Samba 1,214.0,214.0,Pettah
2022-12-29,Samba 1,214.0,214.0,Pettah
2022-12-30,Samba 1,214.0,214.0,Pettah
2023-01-02,Samba 1,214.0,214.0,Pettah
2023-01-03,Samba 1,215.0,215.0,Pettah
2023-01-04,Samba 1,214.0,214.0,Pettah
2023-01-05,Samba 1,214.0,214.0,Pettah
2023-01-09,Samba 1,213.0,213.0,Pettah
2023-01-10,Samba 1,214.0,214.0,Pettah
2023-01-11,Samba 1,214.0,214.0,Pettah
2023-01-12,Samba 1,214.0,214.0,Pettah
2023-01-16,Samba 1,215.0,215.0,Pettah
2023-01-17,Samba 1,214.4,214.4,Pettah
2023-01-18,Samba 1,214.4,214.4,Pettah
2023-01-19,Samba 1,215.0,215.0,Pettah
2023-01-20,Samba 1,213.0,213.0,Pettah
2023-01-23,Samba 1,211.0,211.0,Pettah
2023-01-24,Samba 1,210.4,210.4,Pettah
2023-01-25,Samba 1,210.0,210.0,Pettah
2023-01-26,Samba 1,210.0,210.0,Pettah
2023-01-27,Samba 1,211.0,211.0,Pettah
2023-01-30,Samba 1,212.0,212.0,Pettah
2023-01-31,Samba 1,212.0,212.0,Pettah
2023-02-01,Samba 1,212.0,212.0,Pettah
2023-02-02,Samba 1,210.0,210.0,Pettah
2023-02-03,Samba 1,210.0,210.0,Pettah
2023-02-06,Samba 1,213.0,213.0,Pettah
2023-02-07,Samba 1,212.4,212.4,Pettah
2023-02-08,Samba 1,212.4,212.4,Pettah
2023-02-09,Samba 1,211.4,211.4,Pettah
2023-02-10,Samba 1,211.0,211.0,Pettah
2023-02-13,Samba 1,210.0,210.0,Pettah
2023-02-14,Samba 1,209.0,209.0,Pettah
2023-02-15,Samba 1,210.4,210.4,Pettah
2023-02-16,Samba 1,213.0,213.0,Pettah
2023-02-17,Samba 1,213.4,213.4,Pettah
2023-02-20,Samba 1,215.0,215.0,Pettah
2023-02-21,Samba 1,210.0,210.0,Pettah
2023-02-22,Samba 1,210.4,210.4,Pettah
2023-02-23,Samba 1,211.4,211.4,Pettah
2023-02-24,Samba 1,214.0,214.0,Pettah
2023-02-27,Samba 1,213.75,213.75,Pettah
2023-02-28,Samba 1,217.0,217.0,Pettah
2023-03-01,Samba 1,216.25,216.25,Pettah
2023-03-02,Samba 1,218.75,218.75,Pettah
2023-03-03,Samba 1,217.5,217.5,Pettah
2023-03-07,Samba 1,216.25,216.25,Pettah
2023-03-08,Samba 1,216.0,216.0,Pettah
2023-03-09,Samba 1,218.0,218.0,Pettah
2023-03-10,Samba 1,219.0,219.0,Pettah
2023-03-13,Samba 1,218.0,218.0,Pettah
2023-03-14,Samba 1,218.0,218.0,Pettah
2023-03-15,Samba 1,218.33,218.33,Pettah
2023-03-16,Samba 1,218.33,218.33,Pettah
2023-03-17,Samba 1,217.5,217.5,Pettah
2023-03-20,Samba 1,214.5,214.5,Pettah
2023-03-21,Samba 1,215.0,215.0,Pettah
2023-03-22,Samba 1,215.0,215.0,Pettah
2023-03-23,Samba 1,215.0,215.0,Pettah
2023-03-24,Samba 1,213.33,213.33,Pettah
2023-03-27,Samba 1,214.0,214.0,Pettah
2023-03-28,Samba 1,211.6,211.6,Pettah
2023-03-29,Samba 1,213.0,213.0,Pettah
2023-03-30,Samba 1,213.4,213.4,Pettah
2023-03-31,Samba 1,213.0,213.0,Pettah
2023-04-03,Samba 1,213.0,213.0,Pettah
2023-04-04,Samba 1,213.0,213.0,Pettah
2023-04-06,Samba 1,211.4,211.4,Pettah
2023-04-10,Samba 1,211.4,211.4,Pettah
2023-04-11,Samba 1,208.0,208.0,Pettah
2023-04-17,Samba 1,212.75,212.75,Pettah
2023-04-18,Samba 1,211.75,211.75,Pettah
2023-04-19,Samba 1,211.4,211.4,Pettah
2023-04-20,Samba 1,211.4,211.4,Pettah
2023-04-21,Samba 1,210.4,210.4,Pettah
2023-04-24,Samba 1,208.75,208.75,Pettah
2023-04-25,Samba 1,208.75,208.75,Pettah
2023-04-26,Samba 1,210.0,210.0,Pettah
2023-04-27,Samba 1,211.0,211.0,Pettah
2023-04-28,Samba 1,211.6,211.6,Pettah
2023-05-02,Samba 1,210.0,210.0,Pettah
2023-05-03,Samba 1,209.4,209.4,Pettah
2023-05-04,Samba 1,209.6,209.6,Pettah
2023-05-08,Samba 1,209.5,209.5,Pettah
2023-05-09,Samba 1,209.6,209.6,Pettah
2023-05-10,Samba 1,209.6,209.6,Pettah
2023-05-11,Samba 1,210.0,210.0,Pettah
2023-05-12,Samba 1,209.0,209.0,Pettah
2023-05-15,Samba 1,209.0,209.0,Pettah
2023-05-16,Samba 1,209.0,209.0,Pettah
2023-05-17,Samba 1,208.0,208.0,Pettah
2023-05-18,Samba 1,209.0,209.0,Pettah
2023-05-19,Samba 1,208.6,208.6,Pettah
2023-05-22,Samba 1,218.6,218.6,Pettah
2023-05-23,Samba 1,214.0,214.0,Pettah
2023-05-24,Samba 1,212.0,212.0,Pettah
2023-05-25,Samba 1,211.0,211.0,Pettah
2023-05-26,Samba 1,212.0,212.0,Pettah
2023-05-29,Samba 1,209.0,209.0,Pettah
2023-05-30,Samba 1,212.0,212.0,Pettah
2023-05-31,Samba 1,210.0,210.0,Pettah
2023-06-01,Samba 1,211.0,211.0,Pettah
2023-06-02,Samba 1,209.0,209.0,Pettah
2023-06-05,Samba 1,210.0,210.0,Pettah
2023-06-06,Samba 1,209.0,209.0,Pettah
2023-06-07,Samba 1,212.4,212.4,Pettah
2023-06-08,Samba 1,208.0,208.0,Pettah
2023-06-09,Samba 1,208.0,208.0,Pettah
2023-06-12,Samba 1,208.0,208.0,Pettah
2023-06-13,Samba 1,206.0,206.0,Pettah
2023-06-14,Samba 1,207.0,207.0,Pettah
2023-06-15,Samba 1,211.0,211.0,Pettah
2023-06-16,Samba 1,207.0,207.0,Pettah
2023-06-19,Samba 1,204.0,204.0,Pettah
2023-06-20,Samba 1,203.0,203.0,Pettah
2023-06-21,Samba 1,212.0,212.0,Pettah
2023-06-22,Samba 1,205.0,205.0,Pettah
2023-06-23,Samba 1,201.0,201.0,Pettah
2023-06-26,Samba 1,201.0,201.0,Pettah
2023-06-27,Samba 1,201.0,201.0,Pettah
2023-06-28,Samba 1,201.0,201.0,Pettah
2023-06-30,Samba 1,202.5,202.5,Pettah
2023-07-04,Samba 1,203.0,203.0,Pettah
2023-07-05,Samba 1,202.6,202.6,Pettah
2023-07-06,Samba 1,202.5,202.5,Pettah
2023-07-07,Samba 1,204.0,204.0,Pettah
2023-07-10,Samba 1,212.0,212.0,Pettah
2023-07-11,Samba 1,214.0,214.0,Pettah
2023-07-12,Samba 1,216.6,216.6,Pettah
2023-07-13,Samba 1,209.6,209.6,Pettah
2023-07-14,Samba 1,210.6,210.6,Pettah
2023-07-17,Samba 1,207.0,207.0,Pettah
2023-07-18,Samba 1,207.0,207.0,Pettah
2023-07-19,Samba 1,207.0,207.0,Pettah
2023-07-20,Samba 1,205.8,205.8,Pettah
2023-07-21,Samba 1,207.0,207.0,Pettah
2023-07-24,Samba 1,207.0,207.0,Pettah
2023-07-25,Samba 1,207.0,207.0,Pettah
2023-07-26,Samba 1,203.0,203.0,Pettah
2023-07-27,Samba 1,207.0,207.0,Pettah
2023-07-28,Samba 1,208.0,208.0,Pettah
2023-07-31,Samba 1,207.0,207.0,Pettah
2023-08-02,Samba 1,208.0,208.0,Pettah
2023-08-03,Samba 1,207.0,207.0,Pettah
2023-08-04,Samba 1,207.0,207.0,Pettah
2023-08-07,Samba 1,206.0,206.0,Pettah
2023-08-08,Samba 1,207.0,207.0,Pettah
2023-08-09,Samba 1,208.0,208.0,Pettah
2023-08-10,Samba 1,208.0,208.0,Pettah
2023-08-11,Samba 1,207.0,207.0,Pettah
2023-08-14,Samba 1,208.0,208.0,Pettah
2023-08-15,Samba 1,208.0,208.0,Pettah
2023-08-16,Samba 1,208.0,208.0,Pettah
2023-08-17,Samba 1,208.0,208.0,Pettah
2023-08-18,Samba 1,208.0,208.0,Pettah
2023-08-21,Samba 1,213.0,213.0,Pettah
2023-08-22,Samba 1,213.0,213.0,Pettah
2023-08-23,Samba 1,213.0,213.0,Pettah
2023-08-24,Samba 1,217.0,217.0,Pettah
2023-08-25,Samba 1,217.0,217.0,Pettah
2023-08-28,Samba 1,218.0,218.0,Pettah
2023-08-29,Samba 1,217.0,217.0,Pettah
2023-08-31,Samba 1,222.0,222.0,Pettah
2023-09-01,Samba 1,222.0,222.0,Pettah
2023-09-04,Samba 1,223.0,223.0,Pettah
2023-09-05,Samba 1,222.0,222.0,Pettah
2023-09-06,Samba 1,222.0,222.0,Pettah
2023-09-07,Samba 1,223.0,223.0,Pettah
2023-09-08,Samba 1,223.0,223.0,Pettah
2023-09-11,Samba 1,223.0,223.0,Pettah
2023-09-12,Samba 1,222.0,222.0,Pettah
2023-09-13,Samba 1,222.0,222.0,Pettah
2023-09-14,Samba 1,222.0,222.0,Pettah
2023-09-15,Samba 1,223.0,223.0,Pettah
2023-09-18,Samba 1,222.0,222.0,Pettah
2023-09-19,Samba 1,223.0,223.0,Pettah
2023-09-20,Samba 1,223.0,223.0,Pettah
2023-09-21,Samba 1,223.0,223.0,Pettah
2023-09-22,Samba 1,222.0,222.0,Pettah
2023-09-25,Samba 1,223.0,223.0,Pettah
2023-09-26,Samba 1,223.0,223.0,Pettah
2023-10-02,Samba 1,222.0,222.0,Pettah
2023-10-03,Samba 1,223.0,223.0,Pettah
2023-10-04,Samba 1,222.0,222.0,Pettah
2023-10-05,Samba 1,223.0,223.0,Pettah
2023-10-06,Samba 1,222.0,222.0,Pettah
2023-10-09,Samba 1,223.0,223.0,Pettah
2023-10-10,Samba 1,222.0,222.0,Pettah
2023-10-11,Samba 1,223.0,223.0,Pettah
2023-10-12,Samba 1,222.0,222.0,Pettah
2023-10-13,Samba 1,222.0,222.0,Pettah
2023-10-16,Samba 1,223.0,223.0,Pettah
2023-10-17,Samba 1,223.0,223.0,Pettah
2023-10-18,Samba 1,223.0,223.0,Pettah
2023-10-19,Samba 1,224.0,224.0,Pettah
2023-10-20,Samba 1,225.0,225.0,Pettah
2023-10-23,Samba 1,227.0,227.0,Pettah
2023-10-24,Samba 1,227.6,227.6,Pettah
2023-10-25,Samba 1,226.2,226.2,Pettah
2023-10-26,Samba 1,226.6,226.6,Pettah
2023-10-27,Samba 1,226.2,226.2,Pettah
2023-10-30,Samba 1,227.0,227.0,Pettah
2023-10-31,Samba 1,227.6,227.6,Pettah
2023-11-01,Samba 1,227.6,227.6,Pettah
2023-11-02,Samba 1,228.8,228.8,Pettah
2023-11-03,Samba 1,228.2,228.2,Pettah
2023-11-06,Samba 1,229.0,229.0,Pettah
2023-11-07,Samba 1,228.6,228.6,Pettah
2023-11-08,Samba 1,228.6,228.6,Pettah
2023-11-09,Samba 1,228.8,228.8,Pettah
2023-11-10,Samba 1,228.8,228.8,Pettah
2023-11-13,Samba 1,229.2,229.2,Pettah
2023-11-14,Samba 1,229.6,229.6,Pettah
2023-11-15,Samba 1,229.6,229.6,Pettah
2023-11-16,Samba 1,230.0,230.0,Pettah
2023-11-17,Samba 1,229.6,229.6,Pettah
2023-11-20,Samba 1,230.0,230.0,Pettah
2023-11-21,Samba 1,230.0,230.0,Pettah
2023-11-22,Samba 1,230.6,230.6,Pettah
2023-11-23,Samba 1,231.2,231.2,Pettah
2023-11-24,Samba 1,231.0,231.0,Pettah
2023-11-27,Samba 1,229.6,229.6,Pettah
2023-11-28,Samba 1,229.6,229.6,Pettah
2023-12-01,Samba 1,230.75,230.75,Pettah
2023-12-04,Samba 1,231.2,231.2,Pettah
2023-12-05,Samba 1,231.2,231.2,Pettah
2023-12-06,Samba 1,232.6,232.6,Pettah
2023-12-07,Samba 1,232.0,232.0,Pettah
2023-12-08,Samba 1,231.0,231.0,Pettah
2023-12-11,Samba 1,231.6,231.6,Pettah
2023-12-12,Samba 1,232.0,232.0,Pettah
2023-12-13,Samba 1,232.5,232.5,Pettah
2023-12-14,Samba 1,233.4,233.4,Pettah
2023-12-15,Samba 1,232.0,232.0,Pettah
2023-12-18,Samba 1,232.5,232.5,Pettah
2023-12-19,Samba 1,232.5,232.5,Pettah
2023-12-20,Samba 1,232.5,232.5,Pettah
2023-12-21,Samba 1,232.5,232.5,Pettah
2023-12-22,Samba 1,232.0,232.0,Pettah
2023-12-27,Samba 1,237.0,237.0,Pettah
2023-12-28,Samba 1,237.0,237.0,Pettah
2023-12-29,Samba 1,237.2,237.2,Pettah
2024-01-01,Samba 1,237.0,237.0,Pettah
2024-01-02,Samba 1,238.0,238.0,Pettah
2024-01-03,Samba 1,237.4,237.4,Pettah
2024-01-04,Samba 1,238.0,238.0,Pettah
2024-01-05,Samba 1,237.6,237.6,Pettah
2024-01-08,Samba 1,239.0,239.0,Pettah
2024-01-09,Samba 1,239.0,239.0,Pettah
2024-01-10,Samba 1,241.0,241.0,Pettah
2024-01-11,Samba 1,241.0,241.0,Pettah
2024-01-12,Samba 1,241.25,241.25,Pettah
2024-01-16,Samba 1,242.5,242.5,Pettah
2024-01-17,Samba 1,241.25,241.25,Pettah
2024-01-18,Samba 1,242.5,242.5,Pettah
2024-01-19,Samba 1,242.5,242.5,Pettah
2024-01-22,Samba 1,241.25,241.25,Pettah
2024-01-23,Samba 1,242.0,242.0,Pettah
2024-01-24,Samba 1,242.5,242.5,Pettah
2024-01-26,Samba 1,242.5,242.5,Pettah
2024-01-29,Samba 1,242.5,242.5,Pettah
2024-01-30,Samba 1,238.75,238.75,Pettah
2024-01-31,Samba 1,239.0,239.0,Pettah
2024-02-01,Samba 1,238.75,238.75,Pettah
2024-02-02,Samba 1,237.5,237.5,Pettah
2024-02-05,Samba 1,237.5,237.5,Pettah
2024-02-06,Samba 1,237.5,237.5,Pettah
2024-02-07,Samba 1,237.5,237.5,Pettah
2024-02-08,Samba 1,237.5,237.5,Pettah
2024-02-09,Samba 1,237.5,237.5,Pettah
2024-02-12,Samba 1,237.5,237.5,Pettah
2024-02-13,Samba 1,237.5,237.5,Pettah
2024-02-14,Samba 1,237.5,237.5,Pettah
2024-02-15,Samba 1,237.5,237.5,Pettah
2024-02-16,Samba 1,235.75,235.75,Pettah
2024-02-19,Samba 1,236.25,236.25,Pettah
2024-02-20,Samba 1,237.5,237.5,Pettah
2024-02-21,Samba 1,237.5,237.5,Pettah
2024-02-22,Samba 1,238.25,238.25,Pettah
2024-02-26,Samba 1,236.25,236.25,Pettah
2024-02-27,Samba 1,237.0,237.0,Pettah
2024-02-28,Samba 1,237.5,237.5,Pettah
2024-02-29,Samba 1,237.0,237.0,Pettah
2024-03-01,Samba 1,237.0,237.0,Pettah
2024-03-04,Samba 1,237.0,237.0,Pettah
2024-03-05,Samba 1,237.0,237.0,Pettah
2024-03-06,Samba 1,236.6,236.6,Pettah
2024-03-07,Samba 1,236.25,236.25,Pettah
2024-03-11,Samba 1,237.5,237.5,Pettah
2024-03-12,Samba 1,237.5,237.5,Pettah
2024-03-13,Samba 1,237.0,237.0,Pettah
2024-03-14,Samba 1,236.6,236.6,Pettah
2024-03-15,Samba 1,237.0,237.0,Pettah
2024-03-18,Samba 1,237.6,237.6,Pettah
2024-03-19,Samba 1,237.0,237.0,Pettah
2024-03-20,Samba 1,237.0,237.0,Pettah
2024-03-21,Samba 1,238.25,238.25,Pettah
2024-03-22,Samba 1,236.25,236.25,Pettah
2024-03-25,Samba 1,237.0,237.0,Pettah
2024-03-26,Samba 1,236.25,236.25,Pettah
2024-03-27,Samba 1,237.0,237.0,Pettah
2024-03-28,Samba 1,237.0,237.0,Pettah
2024-04-01,Samba 1,236.25,236.25,Pettah
2024-04-02,Samba 1,237.0,237.0,Pettah
2024-04-03,Samba 1,236.25,236.25,Pettah
2024-04-04,Samba 1,237.0,237.0,Pettah
2024-04-05,Samba 1,237.0,237.0,Pettah
2024-04-08,Samba 1,236.25,236.25,Pettah
2024-04-09,Samba 1,237.0,237.0,Pettah
2024-04-10,Samba 1,237.0,237.0,Pettah
2024-04-16,Samba 1,237.67,237.67,Pettah
2024-04-17,Samba 1,237.0,237.0,Pettah
2024-04-18,Samba 1,236.67,236.67,Pettah
2024-04-19,Samba 1,236.25,236.25,Pettah
2024-04-22,Samba 1,236.25,236.25,Pettah
2024-04-24,Samba 1,236.6,236.6,Pettah
2024-04-25,Samba 1,237.6,237.6,Pettah
2024-04-26,Samba 1,237.6,237.6,Pettah
2024-04-29,Samba 1,236.25,236.25,Pettah
2024-04-30,Samba 1,237.6,237.6,Pettah
2024-05-02,Samba 1,236.6,236.6,Pettah
2024-05-03,Samba 1,236.6,236.6,Pettah
2024-05-06,Samba 1,236.25,236.25,Pettah
2024-05-07,Samba 1,237.6,237.6,Pettah
2024-05-08,Samba 1,237.6,237.6,Pettah
2024-05-09,Samba 1,236.0,236.0,Pettah
2024-05-10,Samba 1,236.6,236.6,Pettah
2024-05-13,Samba 1,236.6,236.6,Pettah
2024-05-14,Samba 1,236.6,236.6,Pettah
2024-05-15,Samba 1,236.8,236.8,Pettah
2024-05-16,Samba 1,237.5,237.5,Pettah
2024-05-17,Samba 1,236.6,236.6,Pettah
2024-05-20,Samba 1,236.6,236.6,Pettah
2024-05-21,Samba 1,236.6,236.6,Pettah
2024-05-22,Samba 1,236.6,236.6,Pettah
2024-05-27,Samba 1,237.6,237.6,Pettah
2024-05-28,Samba 1,236.6,236.6,Pettah
2024-05-29,Samba 1,237.6,237.6,Pettah
2024-05-30,Samba 1,237.0,237.0,Pettah
2024-05-31,Samba 1,237.6,237.6,Pettah
2024-06-03,Samba 1,237.0,237.0,Pettah
2024-06-04,Samba 1,237.0,237.0,Pettah
2024-06-05,Samba 1,236.6,236.6,Pettah
2024-06-06,Samba 1,238.0,238.0,Pettah
2024-06-07,Samba 1,236.6,236.6,Pettah
2024-06-10,Samba 1,236.6,236.6,Pettah
2024-06-11,Samba 1,237.0,237.0,Pettah
2024-06-12,Samba 1,237.0,237.0,Pettah
2024-06-13,Samba 1,237.0,237.0,Pettah
2024-06-14,Samba 1,236.6,236.6,Pettah
2024-06-18,Samba 1,237.0,237.0,Pettah
2024-06-19,Samba 1,236.6,236.6,Pettah
2024-06-20,Samba 1,236.6,236.6,Pettah
2024-06-24,Samba 1,236.0,236.0,Pettah
2024-06-25,Samba 1,236.6,236.6,Pettah
2024-06-26,Samba 1,236.6,236.6,Pettah
2024-06-27,Samba 1,236.6,236.6,Pettah
2024-06-28,Samba 1,236.6,236.6,Pettah
2024-07-01,Samba 1,237.6,237.6,Pettah
2024-07-02,Samba 1,236.6,236.6,Pettah
2024-07-03,Samba 1,236.6,236.6,Pettah
2024-07-04,Samba 1,237.0,237.0,Pettah
2024-07-05,Samba 1,237.6,237.6,Pettah
2024-07-08,Samba 1,237.0,237.0,Pettah
2024-07-09,Samba 1,237.0,237.0,Pettah
2024-07-10,Samba 1,237.6,237.6,Pettah
2024-07-11,Samba 1,237.0,237.0,Pettah
2024-07-12,Samba 1,237.0,237.0,Pettah
2024-07-15,Samba 1,236.6,236.6,Pettah
2024-07-16,Samba 1,237.0,237.0,Pettah
2024-07-17,Samba 1,236.6,236.6,Pettah
2024-07-18,Samba 1,237.0,237.0,Pettah
2024-07-19,Samba 1,237.6,237.6,Pettah
2024-07-22,Samba 1,236.6,236.6,Pettah
2024-07-23,Samba 1,236.0,236.0,Pettah
2024-07-24,Samba 1,237.0,237.0,Pettah
2024-07-25,Samba 1,236.0,236.0,Pettah
2024-07-26,Samba 1,236.0,236.0,Pettah
2024-07-29,Samba 1,236.6,236.6,Pettah
2024-07-30,Samba 1,235.75,235.75,Pettah
2024-07-31,Samba 1,236.0,236.0,Pettah
2024-08-01,Samba 1,236.0,236.0,Pettah
2024-08-02,Samba 1,236.0,236.0,Pettah
2024-08-05,Samba 1,232.0,232.0,Pettah
2024-08-06,Samba 1,232.0,232.0,Pettah
2024-08-07,Samba 1,232.0,232.0,Pettah
2024-08-08,Samba 1,232.0,232.0,Pettah
2024-08-09,Samba 1,232.0,232.0,Pettah
2024-08-12,Samba 1,232.0,232.0,Pettah
2024-08-13,Samba 1,232.0,232.0,Pettah
2024-08-14,Samba 1,232.0,232.0,Pettah
2024-08-15,Samba 1,233.0,233.0,Pettah
2024-08-16,Samba 1,232.0,232.0,Pettah
2024-08-20,Samba 1,232.0,232.0,Pettah
2024-08-21,Samba 1,232.0,232.0,Pettah
2024-08-22,Samba 1,232.0,232.0,Pettah
2024-08-23,Samba 1,232.0,232.0,Pettah
2024-08-26,Samba 1,233.0,233.0,Pettah
2024-08-27,Samba 1,232.0,232.0,Pettah
2024-08-28,Samba 1,232.0,232.0,Pettah
2024-08-29,Samba 1,232.0,232.0,Pettah
2024-08-30,Samba 1,232.0,232.0,Pettah
2024-09-02,Samba 1,232.0,232.0,Pettah
2024-09-03,Samba 1,232.0,232.0,Pettah
2024-09-04,Samba 1,232.0,232.0,Pettah
2024-09-05,Samba 1,232.0,232.0,Pettah
2024-09-06,Samba 1,232.0,232.0,Pettah
2024-09-09,Samba 1,233.0,233.0,Pettah
2024-09-10,Samba 1,232.0,232.0,Pettah
2024-09-11,Samba 1,233.0,233.0,Pettah
2024-09-12,Samba 1,232.0,232.0,Pettah
2024-09-13,Samba 1,232.0,232.0,Pettah
2024-09-18,Samba 1,233.0,233.0,Pettah
2024-09-19,Samba 1,232.0,232.0,Pettah
2024-09-20,Samba 1,232.0,232.0,Pettah
2024-09-24,Samba 1,232.0,232.0,Pettah
2024-09-25,Samba 1,232.0,232.0,Pettah
2024-09-26,Samba 1,232.0,232.0,Pettah
2024-09-27,Samba 1,232.0,232.0,Pettah
2024-09-30,Samba 1,227.0,227.0,Pettah
2024-10-01,Samba 1,227.0,227.0,Pettah
2024-10-02,Samba 1,227.0,227.0,Pettah
2024-10-03,Samba 1,228.0,228.0,Pettah
2024-10-04,Samba 1,228.0,228.0,Pettah
2024-10-07,Samba 1,227.0,227.0,Pettah
2024-10-08,Samba 1,228.0,228.0,Pettah
2024-10-09,Samba 1,228.0,228.0,Pettah
2024-10-10,Samba 1,227.0,227.0,Pettah
2024-10-11,Samba 1,227.6,227.6,Pettah
2024-10-14,Samba 1,228.0,228.0,Pettah
2024-10-15,Samba 1,227.0,227.0,Pettah
2024-10-16,Samba 1,228.0,228.0,Pettah
2024-10-18,Samba 1,227.0,227.0,Pettah
2024-10-21,Samba 1,227.0,227.0,Pettah
2024-10-22,Samba 1,227.0,227.0,Pettah
2024-10-23,Samba 1,227.0,227.0,Pettah
2024-10-24,Samba 1,227.0,227.0,Pettah
2024-10-25,Samba 1,226.6,226.6,Pettah
2024-10-28,Samba 1,228.0,228.0,Pettah
2024-10-29,Samba 1,227.6,227.6,Pettah
2024-11-01,Samba 1,227.6,227.6,Pettah
2024-11-04,Samba 1,227.0,227.0,Pettah
2024-11-05,Samba 1,227.0,227.0,Pettah
2024-11-06,Samba 1,227.5,227.5,Pettah
2024-11-07,Samba 1,227.0,227.0,Pettah
2024-11-08,Samba 1,227.0,227.0,Pettah
2024-11-11,Samba 1,228.0,228.0,Pettah
2024-11-12,Samba 1,227.5,227.5,Pettah
2024-11-13,Samba 1,227.5,227.5,Pettah
2024-11-14,Samba 1,227.5,227.5,Pettah
2024-11-18,Samba 1,227.0,227.0,Pettah
2024-11-19,Samba 1,228.0,228.0,Pettah
2024-11-20,Samba 1,227.5,227.5,Pettah
2024-11-21,Samba 1,227.5,227.5,Pettah
2024-11-22,Samba 1,227.5,227.5,Pettah
2024-11-25,Samba 1,227.5,227.5,Pettah
2024-11-26,Samba 1,227.5,227.5,Pettah
2024-11-27,Samba 1,227.5,227.5,Pettah
2024-11-28,Samba 1,228.25,228.25,Pettah
2024-11-29,Samba 1,231.25,231.25,Pettah
2024-12-02,Samba 1,233.25,233.25,Pettah
2024-12-03,Samba 1,237.5,237.5,Pettah
2024-12-04,Samba 1,238.25,238.25,Pettah
2024-12-05,Samba 1,242.5,242.5,Pettah
2024-12-06,Samba 1,251.25,251.25,Pettah
2024-12-09,Samba 1,242.5,242.5,Pettah
2024-12-10,Samba 1,236.25,236.25,Pettah
2024-12-11,Samba 1,231.25,231.25,Pettah
2024-12-12,Samba 1,232.5,232.5,Pettah
2024-12-13,Samba 1,238.25,238.25,Pettah
2024-12-16,Samba 1,237.5,237.5,Pettah
2024-12-17,Samba 1,237.5,237.5,Pettah
2024-12-18,Samba 1,237.5,237.5,Pettah
2024-12-19,Samba 1,236.0,236.0,Pettah
2024-12-20,Samba 1,237.5,237.5,Pettah
2024-12-23,Samba 1,237.5,237.5,Pettah
2024-12-24,Samba 1,237.5,237.5,Pettah
2024-12-26,Samba 1,237.5,237.5,Pettah
2024-12-27,Samba 1,237.5,237.5,Pettah
2024-12-30,Samba 1,237.5,237.5,Pettah
2024-12-31,Samba 1,237.5,237.5,Pettah
2025-01-01,Samba 1,237.5,237.5,Pettah
2025-01-02,Samba 1,237.5,237.5,Pettah
2025-01-03,Samba 1,237.5,237.5,Pettah
2025-01-06,Samba 1,237.5,237.5,Pettah
2025-01-07,Samba 1,237.5,237.5,Pettah
2025-01-08,Samba 1,237.5,237.5,Pettah
2025-01-09,Samba 1,237.5,237.5,Pettah
2025-01-10,Samba 1,238.75,238.75,Pettah
2025-01-15,Samba 1,237.5,237.5,Pettah
2025-01-16,Samba 1,237.5,237.5,Pettah
2025-01-17,Samba 1,236.67,236.67,Pettah
2025-01-20,Samba 1,246.67,246.67,Pettah
2025-01-21,Samba 1,255.0,255.0,Pettah
2025-01-22,Samba 1,255.0,255.0,Pettah
2025-01-23,Samba 1,255.0,255.0,Pettah
2025-01-24,Samba 1,256.25,256.25,Pettah
2025-01-27,Samba 1,256.25,256.25,Pettah
2025-01-28,Samba 1,256.25,256.25,Pettah
2025-01-29,Samba 1,256.25,256.25,Pettah
2025-01-30,Samba 1,256.25,256.25,Pettah
2025-01-31,Samba 1,256.25,256.25,Pettah
2025-02-03,Samba 1,256.25,256.25,Pettah
2025-02-05,Samba 1,261.0,261.0,Pettah
2025-02-06,Samba 1,261.0,261.0,Pettah
2025-02-07,Samba 1,262.5,262.5,Pettah
2025-02-10,Samba 1,236.67,236.67,Pettah
2025-02-11,Samba 1,236.67,236.67,Pettah
2025-02-13,Samba 1,236.67,236.67,Pettah
2025-02-14,Samba 1,238.33,238.33,Pettah
2025-02-17,Samba 1,238.33,238.33,Pettah
2025-02-18,Samba 1,238.33,238.33,Pettah
2025-02-19,Samba 1,236.67,236.67,Pettah
2025-02-20,Samba 1,236.67,236.67,Pettah
2025-02-21,Samba 1,236.67,236.67,Pettah
2025-02-24,Samba 1,238.33,238.33,Pettah
2025-02-25,Samba 1,238.33,238.33,Pettah
2025-02-27,Samba 1,238.33,238.33,Pettah
2025-02-28,Samba 1,238.33,238.33,Pettah
2025-03-03,Samba 1,236.67,236.67,Pettah
2025-03-04,Samba 1,238.33,238.33,Pettah
2025-03-05,Samba 1,236.67,236.67,Pettah
2025-03-06,Samba 1,236.67,236.67,Pettah
2025-03-07,Samba 1,238.33,238.33,Pettah
2025-03-10,Samba 1,236.67,236.67,Pettah
2025-03-11,Samba 1,236.67,236.67,Pettah
2025-03-12,Samba 1,238.75,238.75,Pettah
2025-03-14,Samba 1,242.5,242.5,Pettah
2025-03-17,Samba 1,242.5,242.5,Pettah
2025-03-18,Samba 1,241.75,241.75,Pettah
2025-03-19,Samba 1,241.25,241.25,Pettah
2025-03-20,Samba 1,241.25,241.25,Pettah
2025-03-21,Samba 1,241.25,241.25,Pettah
2025-03-24,Samba 1,241.25,241.25,Pettah
2025-03-25,Samba 1,242.5,242.5,Pettah
2025-03-26,Samba 1,242.5,242.5,Pettah
2025-03-27,Samba 1,242.5,242.5,Pettah
2025-03-28,Samba 1,242.5,242.5,Pettah
2025-04-01,Samba 1,242.5,242.5,Pettah
2025-04-02,Samba 1,242.5,242.5,Pettah
2025-04-03,Samba 1,242.5,242.5,Pettah
2025-04-04,Samba 1,242.5,242.5,Pettah
2025-04-07,Samba 1,242.5,242.5,Pettah
2025-04-08,Samba 1,242.5,242.5,Pettah
2025-04-09,Samba 1,241.25,241.25,Pettah
2025-04-10,Samba 1,241.25,241.25,Pettah
2025-04-11,Samba 1,241.25,241.25,Pettah
2025-04-16,Samba 1,388.0,388.0,Pettah
2025-04-17,Samba 1,241.25,241.25,Pettah
2025-04-21,Samba 1,241.25,241.25,Pettah
2025-04-22,Samba 1,241.25,241.25,Pettah
2025-04-23,Samba 1,241.25,241.25,Pettah
2025-04-24,Samba 1,241.25,241.25,Pettah
2025-04-25,Samba 1,241.25,241.25,Pettah
2025-04-28,Samba 1,241.25,241.25,Pettah
2025-04-29,Samba 1,241.25,241.25,Pettah
2025-05-02,Samba 1,241.25,241.25,Pettah
2025-05-05,Samba 1,241.25,241.25,Pettah
2025-05-06,Samba 1,241.25,241.25,Pettah
2025-05-07,Samba 1,241.25,241.25,Pettah
2025-05-08,Samba 1,241.25,241.25,Pettah
2025-05-09,Samba 1,241.25,241.25,Pettah
2025-05-14,Samba 1,241.25,241.25,Pettah
2025-05-15,Samba 1,241.25,241.25,Pettah
2025-05-16,Samba 1,241.25,241.25,Pettah
2025-05-19,Samba 1,241.25,241.25,Pettah
2025-05-20,Samba 1,241.25,241.25,Pettah
2025-05-21,Samba 1,241.25,241.25,Pettah
2025-05-22,Samba 1,241.25,241.25,Pettah
2025-05-23,Samba 1,241.25,241.25,Pettah
2025-05-26,Samba 1,242.5,242.5,Pettah
2025-05-27,Samba 1,242.5,242.5,Pettah
2025-05-28,Samba 1,241.25,241.25,Pettah
2025-05-29,Samba 1,241.25,241.25,Pettah
2025-05-30,Samba 1,241.25,241.25,Pettah
2025-06-02,Samba 1,246.25,246.25,Pettah
2025-06-03,Samba 1,243.0,243.0,Pettah
2025-06-04,Samba 1,244.0,244.0,Pettah
2025-06-05,Samba 1,244.0,244.0,Pettah
2025-06-06,Samba 1,244.0,244.0,Pettah
2025-06-09,Samba 1,243.0,243.0,Pettah
2025-06-11,Samba 1,243.0,243.0,Pettah
2025-06-12,Samba 1,243.0,243.0,Pettah
2025-06-13,Samba 1,243.0,243.0,Pettah
2025-06-16,Samba 1,243.0,243.0,Pettah
2025-06-17,Samba 1,241.0,241.0,Pettah
2025-06-18,Samba 1,242.5,242.5,Pettah
2025-06-19,Samba 1,241.25,241.25,Pettah
2025-06-20,Samba 1,241.25,241.25,Pettah
2025-06-23,Samba 1,241.25,241.25,Pettah
2025-06-24,Samba 1,241.25,241.25,Pettah
2025-06-25,Samba 1,242.5,242.5,Pettah
2025-06-26,Samba 1,242.5,242.5,Pettah
2025-06-27,Samba 1,242.5,242.5,Pettah
2025-06-30,Samba 1,242.5,242.5,Pettah
2025-07-01,Samba 1,242.5,242.5,Pettah
2025-07-07,Samba 1,237.0,237.0,Pettah
2025-07-08,Samba 1,237.0,237.0,Pettah
2025-07-09,Samba 1,237.0,237.0,Pettah
2025-07-11,Samba 1,237.0,237.0,Pettah
2025-07-14,Samba 1,236.0,236.0,Pettah
2025-07-15,Samba 1,237.0,237.0,Pettah
2025-07-16,Samba 1,237.0,237.0,Pettah
2025-07-17,Samba 1,237.0,237.0,Pettah
2025-07-18,Samba 1,237.0,237.0,Pettah
2025-07-21,Samba 1,237.0,237.0,Pettah
2025-07-22,Samba 1,236.0,236.0,Pettah
2025-07-23,Samba 1,237.0,237.0,Pettah
2025-07-24,Samba 1,237.0,237.0,Pettah
2025-07-25,Samba 1,237.0,237.0,Pettah
2025-07-28,Samba 1,237.0,237.0,Pettah
2025-07-29,Samba 1,237.0,237.0,Pettah
2025-07-30,Samba 1,237.0,237.0,Pettah
2025-07-31,Samba 1,237.0,237.0,Pettah
2025-08-01,Samba 1,237.0,237.0,Pettah
2025-08-04,Samba 1,233.0,233.0,Pettah
2025-08-05,Samba 1,233.0,233.0,Pettah
2025-08-06,Samba 1,233.0,233.0,Pettah
2025-08-07,Samba 1,233.0,233.0,Pettah
2025-08-11,Samba 1,233.0,233.0,Pettah
2025-08-12,Samba 1,233.0,233.0,Pettah
2025-08-13,Samba 1,233.0,233.0,Pettah
2025-08-14,Samba 1,233.0,233.0,Pettah
2025-08-15,Samba 1,233.0,233.0,Pettah
2025-08-18,Samba 1,227.0,227.0,Pettah
2025-08-19,Samba 1,232.0,232.0,Pettah
2025-08-20,Samba 1,227.5,227.5,Pettah
2025-08-21,Samba 1,227.5,227.5,Pettah
2025-08-22,Samba 1,227.5,227.5,Pettah
2025-08-25,Samba 1,227.6,227.6,Pettah
2025-08-26,Samba 1,228.0,228.0,Pettah
2025-08-27,Samba 1,228.0,228.0,Pettah
2025-08-28,Samba 1,230.0,230.0,Pettah
2025-08-29,Samba 1,232.5,232.5,Pettah
2025-09-01,Samba 1,237.0,237.0,Pettah
2025-09-02,Samba 1,233.0,233.0,Pettah
2025-09-03,Samba 1,237.0,237.0,Pettah
2025-09-04,Samba 1,237.0,237.0,Pettah
2025-09-08,Samba 1,242.0,242.0,Pettah
2025-09-09,Samba 1,237.0,237.0,Pettah
2025-09-10,Samba 1,240.75,240.75,Pettah
2025-09-11,Samba 1,242.5,242.5,Pettah
2025-09-12,Samba 1,242.5,242.5,Pettah
2025-09-15,Samba 1,242.5,242.5,Pettah
2025-09-16,Samba 1,243.0,243.0,Pettah
2025-09-17,Samba 1,245.0,245.0,Pettah
2025-09-18,Samba 1,247.0,247.0,Pettah
2025-09-19,Samba 1,247.0,247.0,Pettah
2025-09-22,Samba 1,247.0,247.0,Pettah
2025-09-23,Samba 1,248.0,248.0,Pettah
2025-09-24,Samba 1,248.0,248.0,Pettah
2025-09-25,Samba 1,248.0,248.0,Pettah
2025-09-26,Samba 1,248.0,248.0,Pettah
2025-09-29,Samba 1,248.0,248.0,Pettah
2025-09-30,Samba 1,248.0,248.0,Pettah
2025-10-01,Samba 1,248.0,248.0,Pettah
2025-10-02,Samba 1,248.0,248.0,Pettah
2025-10-03,Samba 1,247.0,247.0,Pettah
2025-10-07,Samba 1,247.5,247.5,Pettah
2025-10-08,Samba 1,247.5,247.5,Pettah
2025-10-09,Samba 1,247.5,247.5,Pettah
2025-10-10,Samba 1,248.0,248.0,Pettah
2025-10-13,Samba 1,248.0,248.0,Pettah
2025-10-14,Samba 1,248.6,248.6,Pettah
2025-10-15,Samba 1,248.6,248.6,Pettah
2025-10-16,Samba 1,248.6,248.6,Pettah
2025-10-17,Samba 1,248.6,248.6,Pettah
2025-10-21,Samba 1,248.6,248.6,Pettah
2025-10-22,Samba 1,247.0,247.0,Pettah
2025-10-23,Samba 1,247.0,247.0,Pettah
2025-10-24,Samba 1,242.0,242.0,Pettah
2025-10-27,Samba 1,242.4,242.4,Pettah
2025-10-28,Samba 1,243.0,243.0,Pettah
2025-10-29,Samba 1,242.4,242.4,Pettah
2025-10-30,Samba 1,241.0,241.0,Pettah
2025-10-31,Samba 1,242.0,242.0,Pettah
2025-11-03,Samba 1,242.0,242.0,Pettah
2025-11-04,Samba 1,242.0,242.0,Pettah
2025-11-06,Samba 1,242.0,242.0,Pettah
2025-11-07,Samba 1,242.0,242.0,Pettah
2025-11-10,Samba 1,241.0,241.0,Pettah
2025-11-11,Samba 1,242.0,242.0,Pettah
2025-11-12,Samba 1,242.5,242.5,Pettah
2025-11-13,Samba 1,242.5,242.5,Pettah
2025-11-14,Samba 1,239.5,239.5,Pettah
2025-11-17,Samba 1,239.5,239.5,Pettah
2025-11-18,Samba 1,241.0,241.0,Pettah
2025-11-19,Samba 1,241.0,241.0,Pettah
2025-11-20,Samba 1,241.0,241.0,Pettah
2025-11-21,Samba 1,242.0,242.0,Pettah
2025-11-24,Samba 1,241.0,241.0,Pettah
2025-11-25,Samba 1,241.0,241.0,Pettah
2025-11-26,Samba 1,241.0,241.0,Pettah
2025-11-27,Samba 1,242.0,242.0,Pettah
2025-12-01,Samba 1,242.0,242.0,Pettah
2025-12-02,Samba 1,243.0,243.0,Pettah
2025-12-03,Samba 1,243.0,243.0,Pettah
2025-12-05,Samba 1,247.0,247.0,Pettah
2025-12-08,Samba 1,250.6,250.6,Pettah
2025-12-09,Samba 1,252.0,252.0,Pettah
2025-12-10,Samba 1,251.0,251.0,Pettah
2025-12-11,Samba 1,252.0,252.0,Pettah
2025-12-12,Samba 1,252.0,252.0,Pettah
2025-12-15,Samba 1,257.0,257.0,Pettah
2025-12-16,Samba 1,257.0,257.0,Pettah
2025-12-17,Samba 1,252.0,252.0,Pettah
2025-12-18,Samba 1,262.0,262.0,Pettah
2025-12-19,Samba 1,262.0,262.0,Pettah
2025-12-22,Samba 1,264.0,264.0,Pettah
2025-12-23,Samba 1,262.0,262.0,Pettah
2025-12-24,Samba 1,262.5,262.5,Pettah
2025-12-26,Samba 1,266.6,266.6,Pettah
2025-12-29,Samba 1,266.6,266.6,Pettah
2025-12-30,Samba 1,266.6,266.6,Pettah
2025-12-31,Samba 1,266.6,266.6,Pettah
2026-01-01,Samba 1,267.5,267.5,Pettah
2026-01-02,Samba 1,267.5,267.5,Pettah
2026-01-05,Samba 1,266.25,266.25,Pettah
2026-01-06,Samba 1,266.25,266.25,Pettah
2026-01-07,Samba 1,266.25,266.25,Pettah
2026-01-08,Samba 1,266.25,266.25,Pettah
2026-01-09,Samba 1,266.25,266.25,Pettah
2026-01-12,Samba 1,266.25,266.25,Pettah
2026-01-13,Samba 1,263.5,263.5,Pettah
2026-01-16,Samba 1,261.4,261.4,Pettah
2026-01-19,Samba 1,261.4,261.4,Pettah
2026-01-20,Samba 1,262.4,262.4,Pettah
2026-01-21,Samba 1,261.4,261.4,Pettah
2026-01-22,Samba 1,261.4,261.4,Pettah
2026-01-23,Samba 1,261.0,261.0,Pettah
2026-01-26,Samba 1,258.0,258.0,Pettah
2026-01-27,Samba 1,257.0,257.0,Pettah
2026-01-28,Samba 1,257.0,257.0,Pettah
2026-01-29,Samba 1,248.0,248.0,Pettah
2026-01-30,Samba 1,247.0,247.0,Pettah
2026-02-02,Samba 1,248.0,248.0,Pettah
2026-02-03,Samba 1,248.0,248.0,Pettah
2026-02-05,Samba 1,247.0,247.0,Pettah
2026-02-06,Samba 1,247.0,247.0,Pettah
2026-02-09,Samba 1,247.0,247.0,Pettah
2026-02-10,Samba 1,248.0,248.0,Pettah
2026-02-11,Samba 1,247.0,247.0,Pettah
2026-02-12,Samba 1,247.0,247.0,Pettah
2026-02-13,Samba 1,247.5,247.5,Pettah
2026-02-16,Samba 1,247.0,247.0,Pettah
2026-02-17,Samba 1,247.0,247.0,Pettah
2026-02-18,Samba 1,242.0,242.0,Pettah
2026-02-19,Samba 1,241.0,241.0,Pettah
2026-02-20,Samba 1,242.0,242.0,Pettah
2026-02-23,Samba 1,241.0,241.0,Pettah
2026-02-24,Samba 1,241.0,241.0,Pettah
2026-02-25,Samba 1,241.0,241.0,Pettah
2026-02-26,Samba 1,241.0,241.0,Pettah
2026-02-27,Samba 1,242.0,242.0,Pettah
2026-03-03,Samba 1,241.0,241.0,Pettah
2026-03-04,Samba 1,242.0,242.0,Pettah
2026-03-05,Samba 1,242.0,242.0,Pettah
2026-03-06,Samba 1,242.0,242.0,Pettah
2026-03-09,Samba 1,242.0,242.0,Pettah
2026-03-10,Samba 1,242.0,242.0,Pettah
2026-03-11,Samba 1,242.0,242.0,Pettah
2026-03-12,Samba 1,242.0,242.0,Pettah
2026-03-13,Samba 1,244.0,244.0,Pettah
2026-03-16,Samba 1,243.0,243.0,Pettah
2026-03-17,Samba 1,243.0,243.0,Pettah
2026-03-18,Samba 1,243.0,243.0,Pettah
2026-03-19,Samba 1,252.0,252.0,Pettah
2026-03-20,Samba 1,248.0,248.0,Pettah
2026-03-23,Samba 1,247.0,247.0,Pettah
2026-03-24,Samba 1,246.0,246.0,Pettah
2026-03-25,Samba 1,253.0,253.0,Pettah
2026-03-26,Samba 1,253.0,253.0,Pettah
2026-03-27,Samba 1,253.0,253.0,Pettah
2026-03-30,Samba 1,253.0,253.0,Pettah
2026-03-31,Samba 1,252.0,252.0,Pettah
2026-04-02,Samba 1,252.0,252.0,Pettah
2026-04-06,Samba 1,252.0,252.0,Pettah
2026-04-07,Samba 1,252.0,252.0,Pettah
2026-04-08,Samba 1,252.0,252.0,Pettah
2026-04-09,Samba 1,252.0,252.0,Pettah
2026-04-10,Samba 1,252.0,252.0,Pettah
2026-04-20,Samba 1,256.0,256.0,Pettah
2026-04-21,Samba 1,257.0,257.0,Pettah
2026-04-22,Samba 1,257.0,257.0,Pettah
2026-04-23,Samba 1,257.0,257.0,Pettah
2026-04-24,Samba 1,256.0,256.0,Pettah
2026-04-27,Samba 1,256.0,256.0,Pettah
2026-04-28,Samba 1,257.0,257.0,Pettah
2026-04-29,Samba 1,257.0,257.0,Pettah
2026-04-30,Samba 1,257.0,257.0,Pettah
2026-05-04,Samba 1,252.0,252.0,Pettah
2026-05-05,Samba 1,257.0,257.0,Pettah
2026-05-06,Samba 1,253.0,253.0,Pettah
2026-05-07,Samba 1,257.0,257.0,Pettah
2026-05-08,Samba 1,253.0,253.0,Pettah
2026-05-11,Samba 1,253.0,253.0,Pettah
2026-05-12,Samba 1,253.0,253.0,Pettah
2026-05-13,Samba 1,253.0,253.0,Pettah
2026-05-14,Samba 1,253.0,253.0,Pettah
2026-05-15,Samba 1,253.0,253.0,Pettah
2026-05-18,Samba 1,253.0,253.0,Pettah
2026-05-19,Samba 1,253.0,253.0,Pettah
2026-05-20,Samba 1,253.0,253.0,Pettah
2026-05-21,Samba 1,253.0,253.0,Pettah
2026-05-22,Samba 1,253.0,253.0,Pettah
2026-05-25,Samba 1,241.25,241.25,Pettah
2026-05-26,Samba 1,241.25,241.25,Pettah
2026-05-27,Samba 1,241.25,241.25,Pettah
2026-05-29,Samba 1,241.25,241.25,Pettah
2026-06-01,Samba 1,242.5,242.5,Pettah
2026-06-02,Samba 1,242.5,242.5,Pettah
2026-06-03,Samba 1,242.5,242.5,Pettah
2026-06-04,Samba 1,242.5,242.5,Pettah
2026-06-05,Samba 1,242.5,242.5,Pettah
2026-06-08,Samba 1,242.5,242.5,Pettah
2026-06-09,Samba 1,242.5,242.5,Pettah
2026-06-10,Samba 1,241.25,241.25,Pettah
2026-06-11,Samba 1,241.25,241.25,Pettah
2026-06-12,Samba 1,241.25,241.25,Pettah
2026-06-15,Samba 1,241.25,241.25,Pettah
2026-06-16,Samba 1,242.5,242.5,Pettah
2026-06-17,Samba 1,241.25,241.25,Pettah
2026-06-18,Samba 1,241.25,241.25,Pettah
2026-06-19,Samba 1,237.5,237.5,Pettah
2026-06-22,Samba 1,237.5,237.5,Pettah
2026-06-23,Samba 1,237.6,237.6,Pettah
2026-06-24,Samba 1,237.0,237.0,Pettah
2026-06-25,Samba 1,237.0,237.0,Pettah
2026-06-26,Samba 1,237.0,237.0,Pettah
2026-06-30,Samba 1,237.0,237.0,Pettah
2026-07-01,Samba 1,238.0,238.0,Pettah
2026-07-02,Samba 1,238.0,238.0,Pettah
2026-07-03,Samba 1,237.0,237.0,Pettah
2026-07-06,Samba 1,237.0,237.0,Pettah
2026-07-07,Samba 1,237.0,237.0,Pettah
2026-07-08,Samba 1,237.0,237.0,Pettah
2026-07-09,Samba 1,237.0,237.0,Pettah
2026-07-10,Samba 1,237.0,237.0,Pettah
2026-07-13,Samba 1,237.0,237.0,Pettah
2026-07-14,Samba 1,232.0,232.0,Pettah
2026-07-15,Samba 1,232.0,232.0,Pettah
2026-07-16,Samba 1,232.0,232.0,Pettah
2026-07-17,Samba 1,232.0,232.0,Pettah
2026-07-20,Samba 1,232.0,232.0,Pettah
2026-07-21,Samba 1,232.0,232.0,Pettah
2026-07-22,Samba 1,232.0,232.0,Pettah
2026-07-23,Samba 1,232.0,232.0,Pettah
2026-07-24,Samba 1,232.0,232.0,Pettah
2026-07-27,Samba 1,232.0,232.0,Pettah
2026-07-28,Samba 1,232.0,232.0,Pettah
2026-07-30,Samba 1,232.0,232.0,Pettah
2026-07-31,Samba 1,232.0,232.0,Pettah
2026-08-03,Samba 1,228.0,228.0,Pettah
2026-08-04,Samba 1,228.0,228.0,Pettah
2026-08-05,Samba 1,228.0,228.0,Pettah
2026-08-06,Samba 1,228.0,228.0,Pettah
2026-08-07,Samba 1,228.0,228.0,Pettah
2015-06-22,Samba 2,4140.0,82.8,Pettah
2015-06-23,Samba 2,4100.0,82.0,Pettah
2015-06-24,Samba 2,4120.0,82.4,Pettah
2015-06-25,Samba 2,4120.0,82.4,Pettah
2015-06-26,Samba 2,4140.0,82.8,Pettah
2015-06-29,Samba 2,4130.0,82.6,Pettah
2015-06-30,Samba 2,4130.0,82.6,Pettah
2015-07-01,Samba 2,4150.0,83.0,Pettah
2015-07-02,Samba 2,4150.0,83.0,Pettah
2015-07-03,Samba 2,4150.0,83.0,Pettah
2015-07-06,Samba 2,4120.0,82.4,Pettah
2015-07-09,Samba 2,4120.0,82.4,Pettah
2015-07-10,Samba 2,4120.0,82.4,Pettah
2015-07-13,Samba 2,4080.0,81.6,Pettah
2015-07-14,Samba 2,4060.0,81.2,Pettah
2015-07-15,Samba 2,4100.0,82.0,Pettah
2015-07-16,Samba 2,4150.0,83.0,Pettah
2015-07-17,Samba 2,4090.0,81.8,Pettah
2015-07-20,Samba 2,4110.0,82.2,Pettah
2015-07-21,Samba 2,4120.0,82.4,Pettah
2015-07-22,Samba 2,4140.0,82.8,Pettah
2015-07-24,Samba 2,4040.0,80.8,Pettah
2015-07-27,Samba 2,4040.0,80.8,Pettah
2015-07-28,Samba 2,4090.0,81.8,Pettah
2015-07-29,Samba 2,4080.0,81.6,Pettah
2015-07-30,Samba 2,4090.0,81.8,Pettah
2015-08-03,Samba 2,4110.0,82.2,Pettah
2015-08-04,Samba 2,4160.0,83.2,Pettah
2015-08-05,Samba 2,4130.0,82.6,Pettah
2015-08-06,Samba 2,4140.0,82.8,Pettah
2015-08-07,Samba 2,4190.0,83.8,Pettah
2015-08-10,Samba 2,4120.0,82.4,Pettah
2015-08-11,Samba 2,4190.0,83.8,Pettah
2015-08-12,Samba 2,4200.0,84.0,Pettah
2015-08-13,Samba 2,4130.0,82.6,Pettah
2015-08-14,Samba 2,4210.0,84.2,Pettah
2015-08-20,Samba 2,4190.0,83.8,Pettah
2015-08-21,Samba 2,4180.0,83.6,Pettah
2015-08-24,Samba 2,4170.0,83.4,Pettah
2015-08-25,Samba 2,4170.0,83.4,Pettah
2015-08-26,Samba 2,4170.0,83.4,Pettah
2015-08-27,Samba 2,4180.0,83.6,Pettah
2015-08-28,Samba 2,4190.0,83.8,Pettah
2015-08-31,Samba 2,4190.0,83.8,Pettah
2015-09-01,Samba 2,4200.0,84.0,Pettah
2015-09-02,Samba 2,4250.0,85.0,Pettah
2015-09-03,Samba 2,4200.0,84.0,Pettah
2015-09-04,Samba 2,4250.0,85.0,Pettah
2015-09-07,Samba 2,4270.0,85.4,Pettah
2015-09-09,Samba 2,4220.0,84.4,Pettah
2015-09-10,Samba 2,4220.0,84.4,Pettah
2015-09-11,Samba 2,4200.0,84.0,Pettah
2015-09-14,Samba 2,4180.0,83.6,Pettah
2015-09-16,Samba 2,4230.0,84.6,Pettah
2015-09-17,Samba 2,4210.0,84.2,Pettah
2015-09-18,Samba 2,4210.0,84.2,Pettah
2015-09-21,Samba 2,4220.0,84.4,Pettah
2015-09-22,Samba 2,4280.0,85.6,Pettah
2015-09-23,Samba 2,4220.0,84.4,Pettah
2015-09-25,Samba 2,4220.0,84.4,Pettah
2015-09-28,Samba 2,4200.0,84.0,Pettah
2015-09-29,Samba 2,4210.0,84.2,Pettah
2015-10-01,Samba 2,4210.0,84.2,Pettah
2015-10-02,Samba 2,4200.0,84.0,Pettah
2015-10-05,Samba 2,4200.0,84.0,Pettah
2015-10-06,Samba 2,4220.0,84.4,Pettah
2015-10-07,Samba 2,4220.0,84.4,Pettah
2015-10-08,Samba 2,4200.0,84.0,Pettah
2015-10-09,Samba 2,4230.0,84.6,Pettah
2015-10-12,Samba 2,4280.0,85.6,Pettah
2015-10-13,Samba 2,4275.0,85.5,Pettah
2015-10-14,Samba 2,4260.0,85.2,Pettah
2015-10-15,Samba 2,4290.0,85.8,Pettah
2015-10-16,Samba 2,4280.0,85.6,Pettah
2015-10-19,Samba 2,4350.0,87.0,Pettah
2015-10-20,Samba 2,4337.5,86.75,Pettah
2015-10-21,Samba 2,4330.0,86.6,Pettah
2015-10-22,Samba 2,4350.0,87.0,Pettah
2015-10-23,Samba 2,4360.0,87.2,Pettah
2015-10-26,Samba 2,4370.0,87.4,Pettah
2015-10-28,Samba 2,4400.0,88.0,Pettah
2015-10-29,Samba 2,4360.0,87.2,Pettah
2015-10-30,Samba 2,4380.0,87.6,Pettah
2015-11-02,Samba 2,4350.0,87.0,Pettah
2015-11-03,Samba 2,4360.0,87.2,Pettah
2015-11-04,Samba 2,4350.0,87.0,Pettah
2015-11-05,Samba 2,4330.0,86.6,Pettah
2015-11-06,Samba 2,4370.0,87.4,Pettah
2015-11-09,Samba 2,4350.0,87.0,Pettah
2015-11-11,Samba 2,4440.0,88.8,Pettah
2015-11-12,Samba 2,4470.0,89.4,Pettah
2015-11-13,Samba 2,4470.0,89.4,Pettah
2015-11-16,Samba 2,4590.0,91.8,Pettah
2015-11-17,Samba 2,4590.0,91.8,Pettah
2015-11-18,Samba 2,4590.0,91.8,Pettah
2015-11-19,Samba 2,4590.0,91.8,Pettah
2015-11-20,Samba 2,4590.0,91.8,Pettah
2015-11-23,Samba 2,4550.0,91.0,Pettah
2015-11-24,Samba 2,4530.0,90.6,Pettah
2015-11-26,Samba 2,4610.0,92.2,Pettah
2015-11-27,Samba 2,4560.0,91.2,Pettah
2015-11-30,Samba 2,4590.0,91.8,Pettah
2015-12-01,Samba 2,4620.0,92.4,Pettah
2015-12-02,Samba 2,4560.0,91.2,Pettah
2015-12-03,Samba 2,4570.0,91.4,Pettah
2015-12-04,Samba 2,4590.0,91.8,Pettah
2015-12-07,Samba 2,4550.0,91.0,Pettah
2015-12-08,Samba 2,4600.0,92.0,Pettah
2015-12-09,Samba 2,4570.0,91.4,Pettah
2015-12-10,Samba 2,4570.0,91.4,Pettah
2015-12-11,Samba 2,4570.0,91.4,Pettah
2015-12-14,Samba 2,4640.0,92.8,Pettah
2015-12-15,Samba 2,4570.0,91.4,Pettah
2015-12-16,Samba 2,4620.0,92.4,Pettah
2015-12-17,Samba 2,4610.0,92.2,Pettah
2015-12-18,Samba 2,4570.0,91.4,Pettah
2015-12-20,Samba 2,4570.0,91.4,Pettah
2015-12-21,Samba 2,4570.0,91.4,Pettah
2015-12-22,Samba 2,4570.0,91.4,Pettah
2015-12-23,Samba 2,4540.0,90.8,Pettah
2015-12-28,Samba 2,4510.0,90.2,Pettah
2015-12-29,Samba 2,4500.0,90.0,Pettah
2015-12-30,Samba 2,4540.0,90.8,Pettah
2015-12-31,Samba 2,4540.0,90.8,Pettah
2016-01-04,Samba 2,4560.0,91.2,Pettah
2016-01-05,Samba 2,4570.0,91.4,Pettah
2016-01-06,Samba 2,4560.0,91.2,Pettah
2016-01-07,Samba 2,4550.0,91.0,Pettah
2016-01-08,Samba 2,4490.0,89.8,Pettah
2016-01-11,Samba 2,4520.0,90.4,Pettah
2016-01-12,Samba 2,4480.0,89.6,Pettah
2016-01-13,Samba 2,4540.0,90.8,Pettah
2016-01-14,Samba 2,4510.0,90.2,Pettah
2016-01-18,Samba 2,4530.0,90.6,Pettah
2016-01-19,Samba 2,4520.0,90.4,Pettah
2016-01-20,Samba 2,4520.0,90.4,Pettah
2016-01-21,Samba 2,4490.0,89.8,Pettah
2016-01-22,Samba 2,4500.0,90.0,Pettah
2016-01-25,Samba 2,4480.0,89.6,Pettah
2016-01-26,Samba 2,4460.0,89.2,Pettah
2016-01-27,Samba 2,4460.0,89.2,Pettah
2016-01-28,Samba 2,4490.0,89.8,Pettah
2016-01-29,Samba 2,4490.0,89.8,Pettah
2016-02-01,Samba 2,4480.0,89.6,Pettah
2016-02-02,Samba 2,4480.0,89.6,Pettah
2016-02-03,Samba 2,4380.0,87.6,Pettah
2016-02-05,Samba 2,4280.0,85.6,Pettah
2016-02-08,Samba 2,4280.0,85.6,Pettah
2016-02-09,Samba 2,4270.0,85.4,Pettah
2016-02-10,Samba 2,4190.0,83.8,Pettah
2016-02-11,Samba 2,4110.0,82.2,Pettah
2016-02-12,Samba 2,4160.0,83.2,Pettah
2016-02-15,Samba 2,4100.0,82.0,Pettah
2016-02-16,Samba 2,4100.0,82.0,Pettah
2016-02-17,Samba 2,4120.0,82.4,Pettah
2016-02-18,Samba 2,4040.0,80.8,Pettah
2016-02-19,Samba 2,4150.0,83.0,Pettah
2016-02-23,Samba 2,4000.0,80.0,Pettah
2016-02-24,Samba 2,4240.0,84.8,Pettah
2016-02-25,Samba 2,4000.0,80.0,Pettah
2016-02-26,Samba 2,4040.0,80.8,Pettah
2016-02-29,Samba 2,4030.0,80.6,Pettah
2016-03-01,Samba 2,4030.0,80.6,Pettah
2016-03-02,Samba 2,4020.0,80.4,Pettah
2016-03-03,Samba 2,4020.0,80.4,Pettah
2016-03-04,Samba 2,4020.0,80.4,Pettah
2016-03-08,Samba 2,3990.0,79.8,Pettah
2016-03-09,Samba 2,3980.0,79.6,Pettah
2016-03-10,Samba 2,3960.0,79.2,Pettah
2016-03-11,Samba 2,3990.0,79.8,Pettah
2016-03-14,Samba 2,3960.0,79.2,Pettah
2016-03-15,Samba 2,3940.0,78.8,Pettah
2016-03-16,Samba 2,3920.0,78.4,Pettah
2016-03-17,Samba 2,3920.0,78.4,Pettah
2016-03-18,Samba 2,3910.0,78.2,Pettah
2016-03-21,Samba 2,3870.0,77.4,Pettah
2016-03-23,Samba 2,3910.0,78.2,Pettah
2016-03-24,Samba 2,3840.0,76.8,Pettah
2016-03-28,Samba 2,3820.0,76.4,Pettah
2016-03-29,Samba 2,3910.0,78.2,Pettah
2016-03-30,Samba 2,3780.0,75.6,Pettah
2016-03-31,Samba 2,3890.0,77.8,Pettah
2016-04-01,Samba 2,3870.0,77.4,Pettah
2016-04-04,Samba 2,3860.0,77.2,Pettah
2016-04-05,Samba 2,3830.0,76.6,Pettah
2016-04-06,Samba 2,3860.0,77.2,Pettah
2016-04-07,Samba 2,3870.0,77.4,Pettah
2016-04-08,Samba 2,3870.0,77.4,Pettah
2016-04-11,Samba 2,3870.0,77.4,Pettah
2016-04-18,Samba 2,3920.0,78.4,Pettah
2016-04-19,Samba 2,3880.0,77.6,Pettah
2016-04-20,Samba 2,3850.0,77.0,Pettah
2016-04-22,Samba 2,3850.0,77.0,Pettah
2016-04-25,Samba 2,3860.0,77.2,Pettah
2016-04-26,Samba 2,3860.0,77.2,Pettah
2016-04-27,Samba 2,3840.0,76.8,Pettah
2016-04-28,Samba 2,3860.0,77.2,Pettah
2016-04-29,Samba 2,3820.0,76.4,Pettah
2016-05-02,Samba 2,3870.0,77.4,Pettah
2016-05-03,Samba 2,3870.0,77.4,Pettah
2016-05-04,Samba 2,3890.0,77.8,Pettah
2016-05-05,Samba 2,3870.0,77.4,Pettah
2016-05-06,Samba 2,3890.0,77.8,Pettah
2016-05-09,Samba 2,3850.0,77.0,Pettah
2016-05-10,Samba 2,3950.0,79.0,Pettah
2016-05-11,Samba 2,3920.0,78.4,Pettah
2016-05-12,Samba 2,3960.0,79.2,Pettah
2016-05-13,Samba 2,3960.0,79.2,Pettah
2016-05-16,Samba 2,4060.0,81.2,Pettah
2016-05-17,Samba 2,3970.0,79.4,Pettah
2016-05-18,Samba 2,3980.0,79.6,Pettah
2016-05-19,Samba 2,4000.0,80.0,Pettah
2016-05-20,Samba 2,4030.0,80.6,Pettah
2016-05-23,Samba 2,4050.0,81.0,Pettah
2016-05-24,Samba 2,4020.0,80.4,Pettah
2016-05-25,Samba 2,4070.0,81.4,Pettah
2016-05-26,Samba 2,4050.0,81.0,Pettah
2016-05-27,Samba 2,4040.0,80.8,Pettah
2016-05-30,Samba 2,4130.0,82.6,Pettah
2016-05-31,Samba 2,4075.0,81.5,Pettah
2016-06-01,Samba 2,4040.0,80.8,Pettah
2016-06-02,Samba 2,4070.0,81.4,Pettah
2016-06-03,Samba 2,4160.0,83.2,Pettah
2016-06-06,Samba 2,4100.0,82.0,Pettah
2016-06-07,Samba 2,4060.0,81.2,Pettah
2016-06-08,Samba 2,4010.0,80.2,Pettah
2016-06-09,Samba 2,4110.0,82.2,Pettah
2016-06-10,Samba 2,4020.0,80.4,Pettah
2016-06-13,Samba 2,4000.0,80.0,Pettah
2016-06-14,Samba 2,4040.0,80.8,Pettah
2016-06-15,Samba 2,4010.0,80.2,Pettah
2016-06-16,Samba 2,4100.0,82.0,Pettah
2016-06-17,Samba 2,4060.0,81.2,Pettah
2016-06-20,Samba 2,4050.0,81.0,Pettah
2016-06-21,Samba 2,3930.0,78.6,Pettah
2016-06-22,Samba 2,3940.0,78.8,Pettah
2016-06-23,Samba 2,3950.0,79.0,Pettah
2016-06-24,Samba 2,3920.0,78.4,Pettah
2016-06-27,Samba 2,3970.0,79.4,Pettah
2016-06-28,Samba 2,3950.0,79.0,Pettah
2016-06-29,Samba 2,3920.0,78.4,Pettah
2016-06-30,Samba 2,3920.0,78.4,Pettah
2016-07-01,Samba 2,3910.0,78.2,Pettah
2016-07-04,Samba 2,3950.0,79.0,Pettah
2016-07-05,Samba 2,3710.0,74.2,Pettah
2016-07-06,Samba 2,3910.0,78.2,Pettah
2016-07-07,Samba 2,3910.0,78.2,Pettah
2016-07-08,Samba 2,3870.0,77.4,Pettah
2016-07-11,Samba 2,3940.0,78.8,Pettah
2016-07-12,Samba 2,3920.0,78.4,Pettah
2016-07-13,Samba 2,3910.0,78.2,Pettah
2016-07-14,Samba 2,3890.0,77.8,Pettah
2016-07-15,Samba 2,3890.0,77.8,Pettah
2016-07-18,Samba 2,3960.0,79.2,Pettah
2016-07-20,Samba 2,3930.0,78.6,Pettah
2016-07-21,Samba 2,3920.0,78.4,Pettah
2016-07-22,Samba 2,3880.0,77.6,Pettah
2016-07-25,Samba 2,3920.0,78.4,Pettah
2016-07-26,Samba 2,3890.0,77.8,Pettah
2016-07-27,Samba 2,3880.0,77.6,Pettah
2016-07-28,Samba 2,3860.0,77.2,Pettah
2016-07-29,Samba 2,3840.0,76.8,Pettah
2016-08-01,Samba 2,3850.0,77.0,Pettah
2016-08-02,Samba 2,3850.0,77.0,Pettah
2016-08-03,Samba 2,3860.0,77.2,Pettah
2016-08-04,Samba 2,3860.0,77.2,Pettah
2016-08-05,Samba 2,3820.0,76.4,Pettah
2016-08-08,Samba 2,3840.0,76.8,Pettah
2016-08-09,Samba 2,3760.0,75.2,Pettah
2016-08-10,Samba 2,3840.0,76.8,Pettah
2016-08-11,Samba 2,3820.0,76.4,Pettah
2016-08-12,Samba 2,3830.0,76.6,Pettah
2016-08-15,Samba 2,3790.0,75.8,Pettah
2016-08-16,Samba 2,3760.0,75.2,Pettah
2016-08-18,Samba 2,3800.0,76.0,Pettah
2016-08-19,Samba 2,3780.0,75.6,Pettah
2016-08-22,Samba 2,3760.0,75.2,Pettah
2016-08-23,Samba 2,3780.0,75.6,Pettah
2016-08-24,Samba 2,3710.0,74.2,Pettah
2016-08-29,Samba 2,3710.0,74.2,Pettah
2016-08-30,Samba 2,3670.0,73.4,Pettah
2016-08-31,Samba 2,3640.0,72.8,Pettah
2016-09-01,Samba 2,3690.0,73.8,Pettah
2016-09-02,Samba 2,3720.0,74.4,Pettah
2016-09-05,Samba 2,3680.0,73.6,Pettah
2016-09-06,Samba 2,3680.0,73.6,Pettah
2016-09-07,Samba 2,3730.0,74.6,Pettah
2016-09-08,Samba 2,3750.0,75.0,Pettah
2016-09-09,Samba 2,3730.0,74.6,Pettah
2016-09-13,Samba 2,3700.0,74.0,Pettah
2016-09-14,Samba 2,3690.0,73.8,Pettah
2016-09-15,Samba 2,3730.0,74.6,Pettah
2016-09-19,Samba 2,3587.5,71.75,Pettah
2016-09-20,Samba 2,3780.0,75.6,Pettah
2016-09-21,Samba 2,3850.0,77.0,Pettah
2016-09-22,Samba 2,3770.0,75.4,Pettah
2016-09-23,Samba 2,3770.0,75.4,Pettah
2016-09-26,Samba 2,3900.0,78.0,Pettah
2016-09-27,Samba 2,3950.0,79.0,Pettah
2016-09-28,Samba 2,3990.0,79.8,Pettah
2016-09-29,Samba 2,4100.0,82.0,Pettah
2016-09-30,Samba 2,4100.0,82.0,Pettah
2016-10-03,Samba 2,4060.0,81.2,Pettah
2016-10-04,Samba 2,4040.0,80.8,Pettah
2016-10-05,Samba 2,4060.0,81.2,Pettah
2016-10-06,Samba 2,4120.0,82.4,Pettah
2016-10-07,Samba 2,4110.0,82.2,Pettah
2016-10-10,Samba 2,4100.0,82.0,Pettah
2016-10-11,Samba 2,4090.0,81.8,Pettah
2016-10-12,Samba 2,4150.0,83.0,Pettah
2016-10-13,Samba 2,4090.0,81.8,Pettah
2016-10-14,Samba 2,4070.0,81.4,Pettah
2016-10-17,Samba 2,4080.0,81.6,Pettah
2016-10-18,Samba 2,4190.0,83.8,Pettah
2016-10-19,Samba 2,4120.0,82.4,Pettah
2016-10-20,Samba 2,4210.0,84.2,Pettah
2016-10-21,Samba 2,4090.0,81.8,Pettah
2016-10-24,Samba 2,4170.0,83.4,Pettah
2016-10-25,Samba 2,4130.0,82.6,Pettah
2016-10-26,Samba 2,4120.0,82.4,Pettah
2016-10-27,Samba 2,4190.0,83.8,Pettah
2016-10-28,Samba 2,4130.0,82.6,Pettah
2016-10-31,Samba 2,4140.0,82.8,Pettah
2016-11-01,Samba 2,4180.0,83.6,Pettah
2016-11-02,Samba 2,4180.0,83.6,Pettah
2016-11-03,Samba 2,4160.0,83.2,Pettah
2016-11-04,Samba 2,4210.0,84.2,Pettah
2016-11-07,Samba 2,4260.0,85.2,Pettah
2016-11-08,Samba 2,4310.0,86.2,Pettah
2016-11-09,Samba 2,4330.0,86.6,Pettah
2016-11-10,Samba 2,4310.0,86.2,Pettah
2016-11-11,Samba 2,4330.0,86.6,Pettah
2016-11-15,Samba 2,4350.0,87.0,Pettah
2016-11-16,Samba 2,4360.0,87.2,Pettah
2016-11-17,Samba 2,4341.67,86.8334,Pettah
2016-11-18,Samba 2,4358.33,87.1666,Pettah
2016-11-21,Samba 2,4370.0,87.4,Pettah
2016-11-22,Samba 2,4375.0,87.5,Pettah
2016-11-23,Samba 2,4375.0,87.5,Pettah
2016-11-24,Samba 2,4390.0,87.8,Pettah
2016-11-25,Samba 2,4360.0,87.2,Pettah
2016-11-28,Samba 2,4410.0,88.2,Pettah
2016-11-29,Samba 2,4410.0,88.2,Pettah
2016-11-30,Samba 2,4380.0,87.6,Pettah
2016-12-01,Samba 2,4420.0,88.4,Pettah
2016-12-02,Samba 2,4310.0,86.2,Pettah
2016-12-05,Samba 2,4360.0,87.2,Pettah
2016-12-06,Samba 2,4350.0,87.0,Pettah
2016-12-07,Samba 2,4340.0,86.8,Pettah
2016-12-08,Samba 2,4320.0,86.4,Pettah
2016-12-09,Samba 2,4340.0,86.8,Pettah
2016-12-14,Samba 2,4390.0,87.8,Pettah
2016-12-15,Samba 2,4390.0,87.8,Pettah
2016-12-16,Samba 2,4390.0,87.8,Pettah
2016-12-19,Samba 2,4320.0,86.4,Pettah
2016-12-20,Samba 2,4350.0,87.0,Pettah
2016-12-21,Samba 2,4320.0,86.4,Pettah
2016-12-22,Samba 2,4360.0,87.2,Pettah
2016-12-23,Samba 2,4390.0,87.8,Pettah
2016-12-26,Samba 2,4390.0,87.8,Pettah
2016-12-27,Samba 2,4380.0,87.6,Pettah
2016-12-28,Samba 2,4380.0,87.6,Pettah
2016-12-29,Samba 2,4380.0,87.6,Pettah
2016-12-30,Samba 2,4340.0,86.8,Pettah
2017-01-02,Samba 2,4330.0,86.6,Pettah
2017-01-03,Samba 2,4360.0,87.2,Pettah
2017-01-04,Samba 2,4380.0,87.6,Pettah
2017-01-05,Samba 2,4360.0,87.2,Pettah
2017-01-06,Samba 2,4430.0,88.6,Pettah
2017-01-09,Samba 2,4340.0,86.8,Pettah
2017-01-10,Samba 2,4410.0,88.2,Pettah
2017-01-11,Samba 2,4360.0,87.2,Pettah
2017-01-13,Samba 2,4380.0,87.6,Pettah
2017-01-16,Samba 2,4340.0,86.8,Pettah
2017-01-17,Samba 2,4360.0,87.2,Pettah
2017-01-18,Samba 2,4350.0,87.0,Pettah
2017-01-19,Samba 2,4350.0,87.0,Pettah
2017-01-20,Samba 2,4300.0,86.0,Pettah
2017-01-23,Samba 2,4420.0,88.4,Pettah
2017-01-24,Samba 2,4510.0,90.2,Pettah
2017-01-25,Samba 2,4490.0,89.8,Pettah
2017-01-26,Samba 2,4540.0,90.8,Pettah
2017-01-27,Samba 2,4600.0,92.0,Pettah
2017-01-30,Samba 2,4620.0,92.4,Pettah
2017-01-31,Samba 2,4690.0,93.8,Pettah
2017-03-01,Samba 2,4280.0,85.6,Pettah
2017-03-02,Samba 2,4250.0,85.0,Pettah
2017-03-03,Samba 2,4290.0,85.8,Pettah
2017-03-06,Samba 2,4300.0,86.0,Pettah
2017-03-07,Samba 2,4300.0,86.0,Pettah
2017-03-08,Samba 2,4270.0,85.4,Pettah
2017-03-09,Samba 2,4220.0,84.4,Pettah
2017-03-10,Samba 2,4300.0,86.0,Pettah
2017-03-13,Samba 2,4250.0,85.0,Pettah
2017-03-14,Samba 2,4250.0,85.0,Pettah
2017-03-15,Samba 2,4250.0,85.0,Pettah
2017-03-16,Samba 2,4280.0,85.6,Pettah
2017-03-17,Samba 2,4240.0,84.8,Pettah
2017-03-20,Samba 2,4250.0,85.0,Pettah
2017-03-21,Samba 2,4280.0,85.6,Pettah
2017-03-22,Samba 2,4260.0,85.2,Pettah
2017-03-23,Samba 2,4250.0,85.0,Pettah
2017-03-24,Samba 2,4260.0,85.2,Pettah
2017-03-27,Samba 2,4270.0,85.4,Pettah
2017-03-28,Samba 2,4240.0,84.8,Pettah
2017-03-29,Samba 2,4260.0,85.2,Pettah
2017-03-30,Samba 2,4280.0,85.6,Pettah
2017-03-31,Samba 2,4270.0,85.4,Pettah
2017-04-03,Samba 2,4262.5,85.25,Pettah
2017-04-04,Samba 2,4270.0,85.4,Pettah
2017-04-05,Samba 2,4290.0,85.8,Pettah
2017-04-06,Samba 2,4240.0,84.8,Pettah
2017-04-07,Samba 2,4275.0,85.5,Pettah
2017-04-11,Samba 2,4262.5,85.25,Pettah
2017-04-12,Samba 2,4262.5,85.25,Pettah
2017-04-17,Samba 2,4262.5,85.25,Pettah
2017-04-18,Samba 2,4270.0,85.4,Pettah
2017-04-19,Samba 2,4310.0,86.2,Pettah
2017-04-20,Samba 2,4310.0,86.2,Pettah
2017-04-21,Samba 2,4310.0,86.2,Pettah
2017-04-24,Samba 2,4330.0,86.6,Pettah
2017-04-25,Samba 2,4330.0,86.6,Pettah
2017-04-26,Samba 2,4337.5,86.75,Pettah
2017-04-27,Samba 2,4340.0,86.8,Pettah
2017-04-28,Samba 2,4383.33,87.6666,Pettah
2017-05-02,Samba 2,4387.5,87.75,Pettah
2017-05-03,Samba 2,4440.0,88.8,Pettah
2017-05-04,Samba 2,4425.0,88.5,Pettah
2017-05-05,Samba 2,4316.67,86.3334,Pettah
2017-05-08,Samba 2,4460.0,89.2,Pettah
2017-05-09,Samba 2,4437.5,88.75,Pettah
2017-05-12,Samba 2,4510.0,90.2,Pettah
2017-05-15,Samba 2,4460.0,89.2,Pettah
2017-05-16,Samba 2,4430.0,88.6,Pettah
2017-05-17,Samba 2,4510.0,90.2,Pettah
2017-05-18,Samba 2,4500.0,90.0,Pettah
2017-05-19,Samba 2,4550.0,91.0,Pettah
2017-05-23,Samba 2,4490.0,89.8,Pettah
2017-05-24,Samba 2,4580.0,91.6,Pettah
2017-05-25,Samba 2,4570.0,91.4,Pettah
2017-05-26,Samba 2,4590.0,91.8,Pettah
2017-05-29,Samba 2,4700.0,94.0,Pettah
2017-05-30,Samba 2,4640.0,92.8,Pettah
2017-05-31,Samba 2,4710.0,94.2,Pettah
2017-06-02,Samba 2,4708.33,94.1666,Pettah
2017-06-05,Samba 2,4683.33,93.6666,Pettah
2017-06-06,Samba 2,4737.5,94.75,Pettah
2017-06-07,Samba 2,4770.0,95.4,Pettah
2017-06-09,Samba 2,4690.0,93.8,Pettah
2017-06-12,Samba 2,4710.0,94.2,Pettah
2017-06-13,Samba 2,4650.0,93.0,Pettah
2017-06-14,Samba 2,4660.0,93.2,Pettah
2017-06-15,Samba 2,4710.0,94.2,Pettah
2017-06-16,Samba 2,4660.0,93.2,Pettah
2017-06-19,Samba 2,4470.0,89.4,Pettah
2017-06-20,Samba 2,4690.0,93.8,Pettah
2017-06-21,Samba 2,4650.0,93.0,Pettah
2017-06-22,Samba 2,4720.0,94.4,Pettah
2017-06-23,Samba 2,4670.0,93.4,Pettah
2017-06-27,Samba 2,4700.0,94.0,Pettah
2017-06-28,Samba 2,4710.0,94.2,Pettah
2017-06-29,Samba 2,4690.0,93.8,Pettah
2017-06-30,Samba 2,4690.0,93.8,Pettah
2017-07-03,Samba 2,4650.0,93.0,Pettah
2017-07-04,Samba 2,4670.0,93.4,Pettah
2017-07-05,Samba 2,4690.0,93.8,Pettah
2017-07-06,Samba 2,4675.0,93.5,Pettah
2017-07-07,Samba 2,4691.67,93.8334,Pettah
2017-07-10,Samba 2,4725.0,94.5,Pettah
2017-07-11,Samba 2,4641.67,92.8334,Pettah
2017-07-12,Samba 2,4683.33,93.6666,Pettah
2017-07-13,Samba 2,4658.33,93.1666,Pettah
2017-07-14,Samba 2,4700.0,94.0,Pettah
2017-07-17,Samba 2,4700.0,94.0,Pettah
2017-07-18,Samba 2,4700.0,94.0,Pettah
2017-07-19,Samba 2,4658.33,93.1666,Pettah
2017-07-20,Samba 2,4683.33,93.6666,Pettah
2017-07-21,Samba 2,4650.0,93.0,Pettah
2017-07-24,Samba 2,4708.33,94.1666,Pettah
2017-07-25,Samba 2,4666.67,93.3334,Pettah
2017-07-26,Samba 2,4650.0,93.0,Pettah
2017-07-27,Samba 2,4691.67,93.8334,Pettah
2017-07-28,Samba 2,4691.67,93.8334,Pettah
2017-07-31,Samba 2,4666.67,93.3334,Pettah
2017-08-01,Samba 2,4700.0,94.0,Pettah
2017-08-02,Samba 2,4700.0,94.0,Pettah
2017-08-03,Samba 2,4675.0,93.5,Pettah
2017-08-04,Samba 2,4700.0,94.0,Pettah
2017-08-08,Samba 2,4600.0,92.0,Pettah
2017-08-09,Samba 2,4666.67,93.3334,Pettah
2017-08-10,Samba 2,4683.33,93.6666,Pettah
2017-08-11,Samba 2,4633.33,92.6666,Pettah
2017-08-14,Samba 2,4675.0,93.5,Pettah
2017-08-15,Samba 2,4633.33,92.6666,Pettah
2017-08-16,Samba 2,4616.67,92.3334,Pettah
2017-08-17,Samba 2,4616.67,92.3334,Pettah
2017-08-18,Samba 2,4633.33,92.6666,Pettah
2017-08-21,Samba 2,4633.33,92.6666,Pettah
2017-08-22,Samba 2,4640.0,92.8,Pettah
2017-08-23,Samba 2,4690.0,93.8,Pettah
2017-08-24,Samba 2,4640.0,92.8,Pettah
2017-08-25,Samba 2,4691.67,93.8334,Pettah
2017-08-28,Samba 2,4691.67,93.8334,Pettah
2017-08-29,Samba 2,4691.67,93.8334,Pettah
2017-08-30,Samba 2,4666.67,93.3334,Pettah
2017-08-31,Samba 2,4716.67,94.3334,Pettah
2017-09-04,Samba 2,4725.0,94.5,Pettah
2017-09-06,Samba 2,4708.33,94.1666,Pettah
2017-09-07,Samba 2,4716.67,94.3334,Pettah
2017-09-08,Samba 2,4758.33,95.1666,Pettah
2017-09-11,Samba 2,4741.67,94.8334,Pettah
2017-09-12,Samba 2,4808.33,96.1666,Pettah
2017-09-13,Samba 2,4783.33,95.6666,Pettah
2017-09-14,Samba 2,4858.33,97.1666,Pettah
2017-09-15,Samba 2,4825.0,96.5,Pettah
2017-09-18,Samba 2,4916.67,98.3334,Pettah
2017-09-19,Samba 2,4891.67,97.8334,Pettah
2017-09-20,Samba 2,4958.33,99.1666,Pettah
2017-09-21,Samba 2,4916.67,98.3334,Pettah
2017-09-22,Samba 2,4950.0,99.0,Pettah
2017-09-25,Samba 2,4991.67,99.8334,Pettah
2017-09-26,Samba 2,5050.0,101.0,Pettah
2017-09-27,Samba 2,5066.67,101.3334,Pettah
2017-09-28,Samba 2,5025.0,100.5,Pettah
2017-09-29,Samba 2,5075.0,101.5,Pettah
2017-10-02,Samba 2,5075.0,101.5,Pettah
2017-10-03,Samba 2,5083.33,101.6666,Pettah
2017-10-04,Samba 2,5116.67,102.3334,Pettah
2017-10-06,Samba 2,5133.33,102.6666,Pettah
2017-10-09,Samba 2,5141.67,102.8334,Pettah
2017-10-10,Samba 2,5050.0,101.0,Pettah
2017-10-11,Samba 2,5100.0,102.0,Pettah
2017-10-12,Samba 2,5141.67,102.8334,Pettah
2017-10-13,Samba 2,5083.33,101.6666,Pettah
2017-10-16,Samba 2,5116.67,102.3334,Pettah
2017-10-17,Samba 2,5116.67,102.3334,Pettah
2017-10-19,Samba 2,5083.33,101.6666,Pettah
2017-10-20,Samba 2,5075.0,101.5,Pettah
2017-10-23,Samba 2,5083.33,101.6666,Pettah
2017-10-24,Samba 2,5066.67,101.3334,Pettah
2017-10-25,Samba 2,5116.67,102.3334,Pettah
2017-10-26,Samba 2,5108.33,102.1666,Pettah
2017-10-27,Samba 2,5125.0,102.5,Pettah
2017-10-30,Samba 2,5083.33,101.6666,Pettah
2017-10-31,Samba 2,5150.0,103.0,Pettah
2017-11-01,Samba 2,5116.67,102.3334,Pettah
2017-11-02,Samba 2,5158.33,103.1666,Pettah
2017-11-06,Samba 2,5116.67,102.3334,Pettah
2017-11-07,Samba 2,5166.67,103.3334,Pettah
2017-11-08,Samba 2,5141.67,102.8334,Pettah
2017-11-09,Samba 2,5141.67,102.8334,Pettah
2017-11-10,Samba 2,5166.67,103.3334,Pettah
2017-11-13,Samba 2,5166.67,103.3334,Pettah
2017-11-14,Samba 2,5150.0,103.0,Pettah
2017-11-15,Samba 2,5125.0,102.5,Pettah
2017-11-16,Samba 2,5125.0,102.5,Pettah
2017-11-17,Samba 2,5183.33,103.6666,Pettah
2017-11-20,Samba 2,5133.33,102.6666,Pettah
2017-11-21,Samba 2,5166.67,103.3334,Pettah
2017-11-22,Samba 2,5166.67,103.3334,Pettah
2017-11-23,Samba 2,5166.67,103.3334,Pettah
2017-11-24,Samba 2,5175.0,103.5,Pettah
2017-11-27,Samba 2,5233.33,104.6666,Pettah
2017-11-28,Samba 2,5225.0,104.5,Pettah
2017-11-29,Samba 2,5250.0,105.0,Pettah
2017-11-30,Samba 2,5258.33,105.1666,Pettah
2017-12-04,Samba 2,5250.0,105.0,Pettah
2017-12-05,Samba 2,5241.67,104.8334,Pettah
2017-12-06,Samba 2,5216.67,104.3334,Pettah
2017-12-07,Samba 2,5233.33,104.6666,Pettah
2017-12-08,Samba 2,5258.33,105.1666,Pettah
2017-12-11,Samba 2,5266.67,105.3334,Pettah
2017-12-12,Samba 2,5250.0,105.0,Pettah
2017-12-13,Samba 2,5230.0,104.6,Pettah
2017-12-14,Samba 2,5310.0,106.2,Pettah
2017-12-15,Samba 2,5290.0,105.8,Pettah
2017-12-18,Samba 2,5280.0,105.6,Pettah
2017-12-19,Samba 2,5250.0,105.0,Pettah
2017-12-20,Samba 2,5270.0,105.4,Pettah
2017-12-21,Samba 2,5200.0,104.0,Pettah
2017-12-22,Samba 2,5291.67,105.8334,Pettah
2017-12-26,Samba 2,5275.0,105.5,Pettah
2017-12-27,Samba 2,5291.67,105.8334,Pettah
2017-12-28,Samba 2,5290.0,105.8,Pettah
2017-12-29,Samba 2,5300.0,106.0,Pettah
2018-01-02,Samba 2,5270.0,105.4,Pettah
2018-01-03,Samba 2,5290.0,105.8,Pettah
2018-01-04,Samba 2,5270.0,105.4,Pettah
2018-01-05,Samba 2,5290.0,105.8,Pettah
2018-01-08,Samba 2,5270.0,105.4,Pettah
2018-01-09,Samba 2,5310.0,106.2,Pettah
2018-01-10,Samba 2,5275.0,105.5,Pettah
2018-01-11,Samba 2,5287.5,105.75,Pettah
2018-01-12,Samba 2,5320.0,106.4,Pettah
2018-01-15,Samba 2,5300.0,106.0,Pettah
2018-01-16,Samba 2,5290.0,105.8,Pettah
2018-01-17,Samba 2,5290.0,105.8,Pettah
2018-01-18,Samba 2,5290.0,105.8,Pettah
2018-01-19,Samba 2,5290.0,105.8,Pettah
2018-01-22,Samba 2,5270.0,105.4,Pettah
2018-01-23,Samba 2,5270.0,105.4,Pettah
2018-01-24,Samba 2,5260.0,105.2,Pettah
2018-01-25,Samba 2,5270.0,105.4,Pettah
2018-01-26,Samba 2,5240.0,104.8,Pettah
2018-01-29,Samba 2,5180.0,103.6,Pettah
2018-01-30,Samba 2,5210.0,104.2,Pettah
2018-02-01,Samba 2,5220.0,104.4,Pettah
2018-02-02,Samba 2,5190.0,103.8,Pettah
2018-02-05,Samba 2,4787.5,95.75,Pettah
2018-02-07,Samba 2,4850.0,97.0,Pettah
2018-02-08,Samba 2,4840.0,96.8,Pettah
2018-02-09,Samba 2,4830.0,96.6,Pettah
2018-02-12,Samba 2,4840.0,96.8,Pettah
2018-02-14,Samba 2,4880.0,97.6,Pettah
2018-02-15,Samba 2,4880.0,97.6,Pettah
2018-02-16,Samba 2,4860.0,97.2,Pettah
2018-02-19,Samba 2,4840.0,96.8,Pettah
2018-02-20,Samba 2,4850.0,97.0,Pettah
2018-02-21,Samba 2,4860.0,97.2,Pettah
2018-02-22,Samba 2,4840.0,96.8,Pettah
2018-02-23,Samba 2,4870.0,97.4,Pettah
2018-02-26,Samba 2,4950.0,99.0,Pettah
2018-02-27,Samba 2,4860.0,97.2,Pettah
2018-02-28,Samba 2,4910.0,98.2,Pettah
2018-03-02,Samba 2,4990.0,99.8,Pettah
2018-03-05,Samba 2,5040.0,100.8,Pettah
2018-03-06,Samba 2,5090.0,101.8,Pettah
2018-03-07,Samba 2,5070.0,101.4,Pettah
2018-03-08,Samba 2,5120.0,102.4,Pettah
2018-03-09,Samba 2,4980.0,99.6,Pettah
2018-03-12,Samba 2,5070.0,101.4,Pettah
2018-03-13,Samba 2,5050.0,101.0,Pettah
2018-03-14,Samba 2,4990.0,99.8,Pettah
2018-03-15,Samba 2,5090.0,101.8,Pettah
2018-03-16,Samba 2,4980.0,99.6,Pettah
2018-03-19,Samba 2,4990.0,99.8,Pettah
2018-03-20,Samba 2,5030.0,100.6,Pettah
2018-03-21,Samba 2,5120.0,102.4,Pettah
2018-03-22,Samba 2,5140.0,102.8,Pettah
2018-03-23,Samba 2,5170.0,103.4,Pettah
2018-03-26,Samba 2,5040.0,100.8,Pettah
2018-03-27,Samba 2,5030.0,100.6,Pettah
2018-03-28,Samba 2,4980.0,99.6,Pettah
2018-04-02,Samba 2,5150.0,103.0,Pettah
2018-04-03,Samba 2,5130.0,102.6,Pettah
2018-04-04,Samba 2,5120.0,102.4,Pettah
2018-04-05,Samba 2,5120.0,102.4,Pettah
2018-04-06,Samba 2,5100.0,102.0,Pettah
2018-04-09,Samba 2,5070.0,101.4,Pettah
2018-04-10,Samba 2,5200.0,104.0,Pettah
2018-04-11,Samba 2,5080.0,101.6,Pettah
2018-04-12,Samba 2,5190.0,103.8,Pettah
2018-04-17,Samba 2,5190.0,103.8,Pettah
2018-04-18,Samba 2,5060.0,101.2,Pettah
2018-04-19,Samba 2,5060.0,101.2,Pettah
2018-04-20,Samba 2,5100.0,102.0,Pettah
2018-04-23,Samba 2,5110.0,102.2,Pettah
2018-04-24,Samba 2,5090.0,101.8,Pettah
2018-04-25,Samba 2,5040.0,100.8,Pettah
2018-04-26,Samba 2,5070.0,101.4,Pettah
2018-04-27,Samba 2,5080.0,101.6,Pettah
2018-05-01,Samba 2,5080.0,101.6,Pettah
2018-05-02,Samba 2,5080.0,101.6,Pettah
2018-05-03,Samba 2,5110.0,102.2,Pettah
2018-05-04,Samba 2,5170.0,103.4,Pettah
2018-05-08,Samba 2,5160.0,103.2,Pettah
2018-05-09,Samba 2,5160.0,103.2,Pettah
2018-05-10,Samba 2,5120.0,102.4,Pettah
2018-05-11,Samba 2,5140.0,102.8,Pettah
2018-05-14,Samba 2,5150.0,103.0,Pettah
2018-05-15,Samba 2,5130.0,102.6,Pettah
2018-05-16,Samba 2,5140.0,102.8,Pettah
2018-05-17,Samba 2,5140.0,102.8,Pettah
2018-05-21,Samba 2,5190.0,103.8,Pettah
2018-05-22,Samba 2,5170.0,103.4,Pettah
2018-05-23,Samba 2,5160.0,103.2,Pettah
2018-05-24,Samba 2,5130.0,102.6,Pettah
2018-05-25,Samba 2,5160.0,103.2,Pettah
2018-05-28,Samba 2,5160.0,103.2,Pettah
2018-05-30,Samba 2,5150.0,103.0,Pettah
2018-05-31,Samba 2,5130.0,102.6,Pettah
2018-06-05,Samba 2,5130.0,102.6,Pettah
2018-06-06,Samba 2,5140.0,102.8,Pettah
2018-06-07,Samba 2,5110.0,102.2,Pettah
2018-06-08,Samba 2,5090.0,101.8,Pettah
2018-06-11,Samba 2,5130.0,102.6,Pettah
2018-06-12,Samba 2,5130.0,102.6,Pettah
2018-06-13,Samba 2,5130.0,102.6,Pettah
2018-06-14,Samba 2,5160.0,103.2,Pettah
2018-06-18,Samba 2,5180.0,103.6,Pettah
2018-06-19,Samba 2,5170.0,103.4,Pettah
2018-06-20,Samba 2,5160.0,103.2,Pettah
2018-06-21,Samba 2,5180.0,103.6,Pettah
2018-06-22,Samba 2,5140.0,102.8,Pettah
2018-06-25,Samba 2,5130.0,102.6,Pettah
2018-06-26,Samba 2,5130.0,102.6,Pettah
2018-06-28,Samba 2,5110.0,102.2,Pettah
2018-06-29,Samba 2,5090.0,101.8,Pettah
2018-07-02,Samba 2,5090.0,101.8,Pettah
2018-07-03,Samba 2,5030.0,100.6,Pettah
2018-07-04,Samba 2,5060.0,101.2,Pettah
2018-07-05,Samba 2,5070.0,101.4,Pettah
2018-07-06,Samba 2,5080.0,101.6,Pettah
2018-07-09,Samba 2,5050.0,101.0,Pettah
2018-07-10,Samba 2,5040.0,100.8,Pettah
2018-07-11,Samba 2,5060.0,101.2,Pettah
2018-07-12,Samba 2,5070.0,101.4,Pettah
2018-07-13,Samba 2,5070.0,101.4,Pettah
2018-07-16,Samba 2,5060.0,101.2,Pettah
2018-07-17,Samba 2,5050.0,101.0,Pettah
2018-07-18,Samba 2,5050.0,101.0,Pettah
2018-07-19,Samba 2,5040.0,100.8,Pettah
2018-07-20,Samba 2,5040.0,100.8,Pettah
2018-07-23,Samba 2,5050.0,101.0,Pettah
2018-07-24,Samba 2,5000.0,100.0,Pettah
2018-07-25,Samba 2,5050.0,101.0,Pettah
2018-07-26,Samba 2,5100.0,102.0,Pettah
2018-07-30,Samba 2,5040.0,100.8,Pettah
2018-07-31,Samba 2,5050.0,101.0,Pettah
2018-08-01,Samba 2,5050.0,101.0,Pettah
2018-08-02,Samba 2,5100.0,102.0,Pettah
2018-08-03,Samba 2,5080.0,101.6,Pettah
2018-08-06,Samba 2,5090.0,101.8,Pettah
2018-08-07,Samba 2,5040.0,100.8,Pettah
2018-08-08,Samba 2,5070.0,101.4,Pettah
2018-08-09,Samba 2,5110.0,102.2,Pettah
2018-08-10,Samba 2,5050.0,101.0,Pettah
2018-08-13,Samba 2,5090.0,101.8,Pettah
2018-08-14,Samba 2,5090.0,101.8,Pettah
2018-08-15,Samba 2,5140.0,102.8,Pettah
2018-08-16,Samba 2,5200.0,104.0,Pettah
2018-08-17,Samba 2,5120.0,102.4,Pettah
2018-08-20,Samba 2,5110.0,102.2,Pettah
2018-08-21,Samba 2,5130.0,102.6,Pettah
2018-08-23,Samba 2,5100.0,102.0,Pettah
2018-08-24,Samba 2,5090.0,101.8,Pettah
2018-08-27,Samba 2,5100.0,102.0,Pettah
2018-08-28,Samba 2,5100.0,102.0,Pettah
2018-08-29,Samba 2,5080.0,101.6,Pettah
2018-09-03,Samba 2,4980.0,99.6,Pettah
2018-09-04,Samba 2,4990.0,99.8,Pettah
2018-09-05,Samba 2,5050.0,101.0,Pettah
2018-09-06,Samba 2,5080.0,101.6,Pettah
2018-09-07,Samba 2,5000.0,100.0,Pettah
2018-09-10,Samba 2,4970.0,99.4,Pettah
2018-09-11,Samba 2,4990.0,99.8,Pettah
2018-09-12,Samba 2,5030.0,100.6,Pettah
2018-09-13,Samba 2,5010.0,100.2,Pettah
2018-09-14,Samba 2,4930.0,98.6,Pettah
2018-09-17,Samba 2,4920.0,98.4,Pettah
2018-09-18,Samba 2,4910.0,98.2,Pettah
2018-09-19,Samba 2,4890.0,97.8,Pettah
2018-09-20,Samba 2,4890.0,97.8,Pettah
2018-09-21,Samba 2,4950.0,99.0,Pettah
2018-09-25,Samba 2,4920.0,98.4,Pettah
2018-09-26,Samba 2,4880.0,97.6,Pettah
2018-09-27,Samba 2,4860.0,97.2,Pettah
2018-09-28,Samba 2,4910.0,98.2,Pettah
2018-10-01,Samba 2,4880.0,97.6,Pettah
2018-10-02,Samba 2,4840.0,96.8,Pettah
2018-10-03,Samba 2,4850.0,97.0,Pettah
2018-10-04,Samba 2,4860.0,97.2,Pettah
2018-10-05,Samba 2,4850.0,97.0,Pettah
2018-10-08,Samba 2,4880.0,97.6,Pettah
2018-10-09,Samba 2,4940.0,98.8,Pettah
2018-10-10,Samba 2,4910.0,98.2,Pettah
2018-10-11,Samba 2,4930.0,98.6,Pettah
2018-10-12,Samba 2,4880.0,97.6,Pettah
2018-10-15,Samba 2,4940.0,98.8,Pettah
2018-10-16,Samba 2,4920.0,98.4,Pettah
2018-10-17,Samba 2,4920.0,98.4,Pettah
2018-10-18,Samba 2,4920.0,98.4,Pettah
2018-10-19,Samba 2,4920.0,98.4,Pettah
2018-10-22,Samba 2,4940.0,98.8,Pettah
2018-10-23,Samba 2,4960.0,99.2,Pettah
2018-10-25,Samba 2,4966.67,99.3334,Pettah
2018-10-26,Samba 2,5000.0,100.0,Pettah
2018-10-29,Samba 2,5020.0,100.4,Pettah
2018-10-30,Samba 2,4980.0,99.6,Pettah
2018-10-31,Samba 2,4990.0,99.8,Pettah
2018-11-01,Samba 2,4990.0,99.8,Pettah
2018-11-02,Samba 2,4960.0,99.2,Pettah
2018-11-05,Samba 2,4980.0,99.6,Pettah
2018-11-07,Samba 2,4960.0,99.2,Pettah
2018-11-08,Samba 2,4960.0,99.2,Pettah
2018-11-09,Samba 2,4980.0,99.6,Pettah
2018-11-12,Samba 2,5000.0,100.0,Pettah
2018-11-13,Samba 2,4960.0,99.2,Pettah
2018-11-14,Samba 2,5070.0,101.4,Pettah
2018-11-15,Samba 2,4980.0,99.6,Pettah
2018-11-16,Samba 2,4980.0,99.6,Pettah
2018-11-19,Samba 2,4980.0,99.6,Pettah
2018-11-21,Samba 2,5000.0,100.0,Pettah
2018-11-23,Samba 2,4990.0,99.8,Pettah
2018-11-26,Samba 2,5040.0,100.8,Pettah
2018-11-27,Samba 2,5000.0,100.0,Pettah
2018-11-28,Samba 2,4990.0,99.8,Pettah
2018-11-29,Samba 2,4980.0,99.6,Pettah
2018-11-30,Samba 2,4980.0,99.6,Pettah
2018-12-03,Samba 2,4990.0,99.8,Pettah
2018-12-04,Samba 2,5020.0,100.4,Pettah
2018-12-05,Samba 2,5000.0,100.0,Pettah
2018-12-06,Samba 2,4980.0,99.6,Pettah
2018-12-07,Samba 2,4980.0,99.6,Pettah
2018-12-10,Samba 2,4980.0,99.6,Pettah
2018-12-11,Samba 2,4980.0,99.6,Pettah
2018-12-12,Samba 2,5030.0,100.6,Pettah
2018-12-13,Samba 2,5000.0,100.0,Pettah
2018-12-14,Samba 2,4980.0,99.6,Pettah
2018-12-17,Samba 2,5040.0,100.8,Pettah
2018-12-18,Samba 2,5080.0,101.6,Pettah
2018-12-19,Samba 2,5070.0,101.4,Pettah
2018-12-20,Samba 2,5070.0,101.4,Pettah
2018-12-21,Samba 2,5060.0,101.2,Pettah
2018-12-24,Samba 2,5050.0,101.0,Pettah
2018-12-26,Samba 2,5060.0,101.2,Pettah
2018-12-27,Samba 2,5020.0,100.4,Pettah
2018-12-28,Samba 2,5030.0,100.6,Pettah
2018-12-31,Samba 2,5040.0,100.8,Pettah
2019-01-01,Samba 2,5050.0,101.0,Pettah
2019-01-02,Samba 2,5040.0,100.8,Pettah
2019-01-03,Samba 2,5060.0,101.2,Pettah
2019-01-04,Samba 2,5010.0,100.2,Pettah
2019-01-07,Samba 2,5020.0,100.4,Pettah
2019-01-08,Samba 2,5030.0,100.6,Pettah
2019-01-09,Samba 2,5000.0,100.0,Pettah
2019-01-10,Samba 2,5030.0,100.6,Pettah
2019-01-11,Samba 2,5010.0,100.2,Pettah
2019-01-14,Samba 2,5040.0,100.8,Pettah
2019-01-16,Samba 2,5040.0,100.8,Pettah
2019-01-17,Samba 2,4990.0,99.8,Pettah
2019-01-18,Samba 2,4990.0,99.8,Pettah
2019-01-21,Samba 2,5020.0,100.4,Pettah
2019-01-22,Samba 2,5070.0,101.4,Pettah
2019-01-23,Samba 2,5030.0,100.6,Pettah
2019-01-24,Samba 2,4890.0,97.8,Pettah
2019-01-25,Samba 2,4970.0,99.4,Pettah
2019-01-28,Samba 2,4860.0,97.2,Pettah
2019-01-29,Samba 2,4920.0,98.4,Pettah
2019-01-30,Samba 2,4800.0,96.0,Pettah
2019-01-31,Samba 2,4860.0,97.2,Pettah
2019-02-01,Samba 2,4780.0,95.6,Pettah
2019-02-05,Samba 2,4780.0,95.6,Pettah
2019-02-06,Samba 2,4840.0,96.8,Pettah
2019-02-07,Samba 2,4680.0,93.6,Pettah
2019-02-08,Samba 2,4680.0,93.6,Pettah
2019-02-11,Samba 2,4600.0,92.0,Pettah
2019-02-12,Samba 2,4640.0,92.8,Pettah
2019-02-13,Samba 2,4710.0,94.2,Pettah
2019-02-14,Samba 2,4540.0,90.8,Pettah
2019-02-15,Samba 2,4460.0,89.2,Pettah
2019-02-18,Samba 2,4300.0,86.0,Pettah
2019-02-21,Samba 2,4460.0,89.2,Pettah
2019-02-22,Samba 2,4250.0,85.0,Pettah
2019-02-25,Samba 2,4310.0,86.2,Pettah
2019-02-26,Samba 2,4310.0,86.2,Pettah
2019-02-27,Samba 2,4120.0,82.4,Pettah
2019-02-28,Samba 2,4220.0,84.4,Pettah
2019-03-01,Samba 2,4200.0,84.0,Pettah
2019-03-05,Samba 2,4125.0,82.5,Pettah
2019-03-06,Samba 2,4020.0,80.4,Pettah
2019-03-07,Samba 2,4050.0,81.0,Pettah
2019-03-08,Samba 2,4070.0,81.4,Pettah
2019-03-11,Samba 2,4040.0,80.8,Pettah
2019-03-12,Samba 2,4040.0,80.8,Pettah
2019-03-13,Samba 2,3980.0,79.6,Pettah
2019-03-14,Samba 2,3980.0,79.6,Pettah
2019-03-15,Samba 2,3760.0,75.2,Pettah
2019-03-18,Samba 2,4000.0,80.0,Pettah
2019-03-19,Samba 2,4020.0,80.4,Pettah
2019-03-21,Samba 2,4000.0,80.0,Pettah
2019-03-22,Samba 2,3960.0,79.2,Pettah
2019-03-25,Samba 2,3980.0,79.6,Pettah
2019-03-26,Samba 2,3980.0,79.6,Pettah
2019-03-27,Samba 2,4030.0,80.6,Pettah
2019-03-28,Samba 2,4040.0,80.8,Pettah
2019-03-29,Samba 2,4070.0,81.4,Pettah
2019-04-01,Samba 2,4040.0,80.8,Pettah
2019-04-02,Samba 2,4000.0,80.0,Pettah
2019-04-03,Samba 2,4020.0,80.4,Pettah
2019-04-04,Samba 2,4000.0,80.0,Pettah
2019-04-05,Samba 2,4000.0,80.0,Pettah
2019-04-08,Samba 2,4120.0,82.4,Pettah
2019-04-09,Samba 2,4030.0,80.6,Pettah
2019-04-10,Samba 2,4050.0,81.0,Pettah
2019-04-11,Samba 2,4000.0,80.0,Pettah
2019-04-12,Samba 2,4020.0,80.4,Pettah
2019-04-17,Samba 2,4030.0,80.6,Pettah
2019-04-18,Samba 2,4140.0,82.8,Pettah
2019-04-23,Samba 2,4210.0,84.2,Pettah
2019-04-24,Samba 2,4230.0,84.6,Pettah
2019-04-25,Samba 2,4170.0,83.4,Pettah
2019-04-26,Samba 2,4150.0,83.0,Pettah
2019-04-29,Samba 2,4330.0,86.6,Pettah
2019-04-30,Samba 2,4230.0,84.6,Pettah
2019-05-02,Samba 2,4210.0,84.2,Pettah
2019-05-03,Samba 2,4140.0,82.8,Pettah
2019-05-06,Samba 2,4120.0,82.4,Pettah
2019-05-07,Samba 2,4200.0,84.0,Pettah
2019-05-08,Samba 2,4180.0,83.6,Pettah
2019-05-09,Samba 2,4230.0,84.6,Pettah
2019-05-10,Samba 2,4200.0,84.0,Pettah
2019-05-13,Samba 2,4210.0,84.2,Pettah
2019-05-14,Samba 2,4210.0,84.2,Pettah
2019-05-15,Samba 2,4270.0,85.4,Pettah
2019-05-16,Samba 2,4210.0,84.2,Pettah
2019-05-17,Samba 2,4180.0,83.6,Pettah
2019-05-21,Samba 2,4220.0,84.4,Pettah
2019-05-22,Samba 2,4210.0,84.2,Pettah
2019-05-23,Samba 2,4220.0,84.4,Pettah
2019-05-27,Samba 2,4230.0,84.6,Pettah
2019-05-28,Samba 2,4160.0,83.2,Pettah
2019-05-29,Samba 2,4220.0,84.4,Pettah
2019-05-30,Samba 2,4220.0,84.4,Pettah
2019-05-31,Samba 2,4200.0,84.0,Pettah
2019-06-03,Samba 2,4220.0,84.4,Pettah
2019-06-04,Samba 2,4220.0,84.4,Pettah
2019-06-06,Samba 2,4140.0,82.8,Pettah
2019-06-07,Samba 2,4090.0,81.8,Pettah
2019-06-10,Samba 2,4080.0,81.6,Pettah
2019-06-11,Samba 2,4080.0,81.6,Pettah
2019-06-12,Samba 2,4080.0,81.6,Pettah
2019-06-13,Samba 2,4060.0,81.2,Pettah
2019-06-14,Samba 2,4040.0,80.8,Pettah
2019-06-17,Samba 2,4060.0,81.2,Pettah
2019-06-18,Samba 2,4000.0,80.0,Pettah
2019-06-19,Samba 2,4020.0,80.4,Pettah
2019-06-20,Samba 2,4020.0,80.4,Pettah
2019-06-21,Samba 2,4020.0,80.4,Pettah
2019-06-24,Samba 2,4040.0,80.8,Pettah
2019-06-25,Samba 2,4000.0,80.0,Pettah
2019-06-26,Samba 2,4000.0,80.0,Pettah
2019-06-27,Samba 2,3980.0,79.6,Pettah
2019-06-28,Samba 2,3980.0,79.6,Pettah
2019-07-01,Samba 2,4000.0,80.0,Pettah
2019-07-02,Samba 2,4000.0,80.0,Pettah
2019-07-03,Samba 2,3990.0,79.8,Pettah
2019-07-04,Samba 2,4000.0,80.0,Pettah
2019-07-05,Samba 2,4020.0,80.4,Pettah
2019-07-08,Samba 2,3980.0,79.6,Pettah
2019-07-09,Samba 2,3980.0,79.6,Pettah
2019-07-10,Samba 2,4020.0,80.4,Pettah
2019-07-11,Samba 2,4000.0,80.0,Pettah
2019-07-12,Samba 2,3980.0,79.6,Pettah
2019-07-15,Samba 2,4020.0,80.4,Pettah
2019-07-17,Samba 2,4000.0,80.0,Pettah
2019-07-18,Samba 2,4000.0,80.0,Pettah
2019-07-19,Samba 2,3980.0,79.6,Pettah
2019-07-23,Samba 2,4000.0,80.0,Pettah
2019-07-24,Samba 2,4130.0,82.6,Pettah
2019-07-25,Samba 2,4000.0,80.0,Pettah
2019-07-26,Samba 2,4000.0,80.0,Pettah
2019-07-29,Samba 2,4070.0,81.4,Pettah
2019-07-30,Samba 2,4030.0,80.6,Pettah
2019-08-02,Samba 2,4070.0,81.4,Pettah
2019-08-06,Samba 2,4100.0,82.0,Pettah
2019-08-07,Samba 2,4060.0,81.2,Pettah
2019-08-08,Samba 2,4050.0,81.0,Pettah
2019-08-09,Samba 2,4100.0,82.0,Pettah
2019-08-13,Samba 2,4100.0,82.0,Pettah
2019-08-15,Samba 2,4060.0,81.2,Pettah
2019-08-16,Samba 2,4060.0,81.2,Pettah
2019-08-19,Samba 2,4070.0,81.4,Pettah
2019-08-20,Samba 2,4120.0,82.4,Pettah
2019-08-21,Samba 2,4130.0,82.6,Pettah
2019-08-22,Samba 2,4120.0,82.4,Pettah
2019-08-23,Samba 2,4120.0,82.4,Pettah
2019-08-26,Samba 2,4150.0,83.0,Pettah
2019-08-27,Samba 2,4150.0,83.0,Pettah
2019-08-28,Samba 2,4160.0,83.2,Pettah
2019-08-29,Samba 2,4210.0,84.2,Pettah
2019-08-30,Samba 2,4200.0,84.0,Pettah
2019-09-03,Samba 2,4230.0,84.6,Pettah
2019-09-04,Samba 2,4200.0,84.0,Pettah
2019-09-05,Samba 2,4230.0,84.6,Pettah
2019-09-06,Samba 2,4230.0,84.6,Pettah
2019-09-09,Samba 2,4260.0,85.2,Pettah
2019-09-10,Samba 2,4320.0,86.4,Pettah
2019-09-12,Samba 2,4290.0,85.8,Pettah
2019-09-16,Samba 2,4330.0,86.6,Pettah
2019-09-17,Samba 2,4310.0,86.2,Pettah
2019-09-18,Samba 2,4350.0,87.0,Pettah
2019-09-19,Samba 2,4330.0,86.6,Pettah
2019-09-20,Samba 2,4380.0,87.6,Pettah
2019-09-23,Samba 2,4370.0,87.4,Pettah
2019-09-24,Samba 2,4400.0,88.0,Pettah
2019-09-25,Samba 2,4390.0,87.8,Pettah
2019-09-26,Samba 2,4440.0,88.8,Pettah
2019-09-27,Samba 2,4420.0,88.4,Pettah
2019-09-30,Samba 2,4430.0,88.6,Pettah
2019-10-01,Samba 2,4460.0,89.2,Pettah
2019-10-02,Samba 2,4480.0,89.6,Pettah
2019-10-03,Samba 2,4450.0,89.0,Pettah
2019-10-04,Samba 2,4460.0,89.2,Pettah
2019-10-07,Samba 2,4460.0,89.2,Pettah
2019-10-08,Samba 2,4480.0,89.6,Pettah
2019-10-09,Samba 2,4480.0,89.6,Pettah
2019-10-10,Samba 2,4560.0,91.2,Pettah
2019-10-11,Samba 2,4490.0,89.8,Pettah
2019-10-14,Samba 2,4550.0,91.0,Pettah
2019-10-15,Samba 2,4540.0,90.8,Pettah
2019-10-16,Samba 2,4520.0,90.4,Pettah
2019-10-17,Samba 2,4560.0,91.2,Pettah
2019-10-18,Samba 2,4540.0,90.8,Pettah
2019-10-21,Samba 2,4540.0,90.8,Pettah
2019-10-22,Samba 2,4560.0,91.2,Pettah
2019-10-23,Samba 2,4540.0,90.8,Pettah
2019-10-24,Samba 2,4560.0,91.2,Pettah
2019-10-25,Samba 2,4560.0,91.2,Pettah
2019-10-28,Samba 2,4570.0,91.4,Pettah
2019-10-29,Samba 2,4560.0,91.2,Pettah
2019-10-30,Samba 2,4560.0,91.2,Pettah
2019-10-31,Samba 2,4540.0,90.8,Pettah
2019-11-01,Samba 2,4560.0,91.2,Pettah
2019-11-04,Samba 2,4570.0,91.4,Pettah
2019-11-05,Samba 2,4570.0,91.4,Pettah
2019-11-06,Samba 2,4560.0,91.2,Pettah
2019-11-07,Samba 2,4580.0,91.6,Pettah
2019-11-08,Samba 2,4610.0,92.2,Pettah
2019-11-11,Samba 2,4640.0,92.8,Pettah
2019-11-13,Samba 2,4640.0,92.8,Pettah
2019-11-14,Samba 2,4680.0,93.6,Pettah
2019-11-15,Samba 2,4670.0,93.4,Pettah
2019-11-18,Samba 2,4610.0,92.2,Pettah
2019-11-19,Samba 2,4650.0,93.0,Pettah
2019-11-20,Samba 2,4630.0,92.6,Pettah
2019-11-21,Samba 2,4730.0,94.6,Pettah
2019-11-22,Samba 2,4740.0,94.8,Pettah
2019-11-25,Samba 2,4800.0,96.0,Pettah
2019-11-26,Samba 2,4860.0,97.2,Pettah
2019-11-27,Samba 2,4920.0,98.4,Pettah
2019-11-28,Samba 2,4960.0,99.2,Pettah
2019-11-29,Samba 2,4940.0,98.8,Pettah
2019-12-02,Samba 2,4960.0,99.2,Pettah
2019-12-03,Samba 2,4970.0,99.4,Pettah
2019-12-04,Samba 2,4970.0,99.4,Pettah
2019-12-05,Samba 2,4960.0,99.2,Pettah
2019-12-06,Samba 2,4950.0,99.0,Pettah
2019-12-09,Samba 2,4960.0,99.2,Pettah
2019-12-10,Samba 2,4950.0,99.0,Pettah
2019-12-12,Samba 2,5010.0,100.2,Pettah
2019-12-13,Samba 2,4970.0,99.4,Pettah
2019-12-16,Samba 2,4960.0,99.2,Pettah
2019-12-17,Samba 2,4950.0,99.0,Pettah
2019-12-18,Samba 2,4950.0,99.0,Pettah
2019-12-19,Samba 2,4940.0,98.8,Pettah
2019-12-20,Samba 2,4870.0,97.4,Pettah
2019-12-23,Samba 2,4850.0,97.0,Pettah
2019-12-24,Samba 2,4840.0,96.8,Pettah
2019-12-26,Samba 2,4800.0,96.0,Pettah
2019-12-27,Samba 2,4812.5,96.25,Pettah
2019-12-30,Samba 2,4787.5,95.75,Pettah
2019-12-31,Samba 2,4800.0,96.0,Pettah
2020-01-01,Samba 2,4790.0,95.8,Pettah
2020-01-02,Samba 2,4790.0,95.8,Pettah
2020-01-03,Samba 2,4780.0,95.6,Pettah
2020-01-06,Samba 2,4770.0,95.4,Pettah
2020-01-07,Samba 2,4790.0,95.8,Pettah
2020-01-08,Samba 2,4760.0,95.2,Pettah
2020-01-09,Samba 2,4760.0,95.2,Pettah
2020-01-13,Samba 2,4790.0,95.8,Pettah
2020-01-14,Samba 2,4770.0,95.4,Pettah
2020-01-16,Samba 2,4780.0,95.6,Pettah
2020-01-17,Samba 2,4720.0,94.4,Pettah
2020-01-20,Samba 2,4760.0,95.2,Pettah
2020-01-21,Samba 2,4690.0,93.8,Pettah
2020-01-22,Samba 2,4630.0,92.6,Pettah
2020-01-23,Samba 2,4650.0,93.0,Pettah
2020-01-24,Samba 2,4660.0,93.2,Pettah
2020-01-27,Samba 2,4640.0,92.8,Pettah
2020-01-28,Samba 2,4660.0,93.2,Pettah
2020-01-29,Samba 2,4660.0,93.2,Pettah
2020-01-30,Samba 2,4760.0,95.2,Pettah
2020-01-31,Samba 2,4600.0,92.0,Pettah
2020-02-03,Samba 2,4590.0,91.8,Pettah
2020-02-05,Samba 2,4630.0,92.6,Pettah
2020-02-06,Samba 2,4570.0,91.4,Pettah
2020-02-07,Samba 2,4600.0,92.0,Pettah
2020-02-10,Samba 2,4610.0,92.2,Pettah
2020-02-11,Samba 2,4670.0,93.4,Pettah
2020-02-12,Samba 2,4660.0,93.2,Pettah
2020-02-13,Samba 2,4690.0,93.8,Pettah
2020-02-14,Samba 2,4670.0,93.4,Pettah
2020-02-17,Samba 2,4670.0,93.4,Pettah
2020-02-18,Samba 2,4650.0,93.0,Pettah
2020-02-19,Samba 2,4650.0,93.0,Pettah
2020-02-20,Samba 2,4690.0,93.8,Pettah
2020-02-24,Samba 2,4720.0,94.4,Pettah
2020-02-25,Samba 2,4730.0,94.6,Pettah
2020-02-26,Samba 2,4710.0,94.2,Pettah
2020-02-27,Samba 2,4730.0,94.6,Pettah
2020-02-28,Samba 2,4700.0,94.0,Pettah
2020-03-02,Samba 2,4710.0,94.2,Pettah
2020-03-03,Samba 2,4740.0,94.8,Pettah
2020-03-04,Samba 2,4730.0,94.6,Pettah
2020-03-05,Samba 2,4700.0,94.0,Pettah
2020-03-06,Samba 2,4700.0,94.0,Pettah
2020-03-10,Samba 2,4740.0,94.8,Pettah
2020-03-11,Samba 2,4720.0,94.4,Pettah
2020-03-12,Samba 2,4740.0,94.8,Pettah
2020-03-13,Samba 2,4770.0,95.4,Pettah
2020-06-15,Samba 2,4783.33,95.6666,Pettah
2020-06-16,Samba 2,4783.33,95.6666,Pettah
2020-06-17,Samba 2,4783.33,95.6666,Pettah
2020-06-18,Samba 2,4783.33,95.6666,Pettah
2020-06-19,Samba 2,4783.33,95.6666,Pettah
2020-06-22,Samba 2,4783.33,95.6666,Pettah
2020-06-23,Samba 2,4783.33,95.6666,Pettah
2020-06-24,Samba 2,4800.0,96.0,Pettah
2020-06-25,Samba 2,4775.0,95.5,Pettah
2020-06-26,Samba 2,4766.67,95.3334,Pettah
2020-06-29,Samba 2,4790.0,95.8,Pettah
2020-06-30,Samba 2,4790.0,95.8,Pettah
2020-07-01,Samba 2,4820.0,96.4,Pettah
2020-07-02,Samba 2,4780.0,95.6,Pettah
2020-07-03,Samba 2,4800.0,96.0,Pettah
2020-07-06,Samba 2,4790.0,95.8,Pettah
2020-07-07,Samba 2,4780.0,95.6,Pettah
2020-07-08,Samba 2,4790.0,95.8,Pettah
2020-07-09,Samba 2,4780.0,95.6,Pettah
2020-07-10,Samba 2,4770.0,95.4,Pettah
2020-07-13,Samba 2,4780.0,95.6,Pettah
2020-07-14,Samba 2,4760.0,95.2,Pettah
2020-07-15,Samba 2,4760.0,95.2,Pettah
2020-07-16,Samba 2,4760.0,95.2,Pettah
2020-07-17,Samba 2,4790.0,95.8,Pettah
2020-07-20,Samba 2,4790.0,95.8,Pettah
2020-07-21,Samba 2,4790.0,95.8,Pettah
2020-07-22,Samba 2,4820.0,96.4,Pettah
2020-07-23,Samba 2,4860.0,97.2,Pettah
2020-07-24,Samba 2,4880.0,97.6,Pettah
2020-07-27,Samba 2,4880.0,97.6,Pettah
2020-07-28,Samba 2,4880.0,97.6,Pettah
2020-07-29,Samba 2,4900.0,98.0,Pettah
2020-07-30,Samba 2,4900.0,98.0,Pettah
2020-07-31,Samba 2,4900.0,98.0,Pettah
2020-08-04,Samba 2,4900.0,98.0,Pettah
2020-08-06,Samba 2,4900.0,98.0,Pettah
2020-08-07,Samba 2,4900.0,98.0,Pettah
2020-08-10,Samba 2,4900.0,98.0,Pettah
2020-08-11,Samba 2,4900.0,98.0,Pettah
2020-08-12,Samba 2,4900.0,98.0,Pettah
2020-08-13,Samba 2,4900.0,98.0,Pettah
2020-08-14,Samba 2,4900.0,98.0,Pettah
2020-08-17,Samba 2,4900.0,98.0,Pettah
2020-08-18,Samba 2,4900.0,98.0,Pettah
2020-08-19,Samba 2,4900.0,98.0,Pettah
2020-08-20,Samba 2,4900.0,98.0,Pettah
2020-08-21,Samba 2,4940.0,98.8,Pettah
2020-08-24,Samba 2,4960.0,99.2,Pettah
2020-08-25,Samba 2,4950.0,99.0,Pettah
2020-08-26,Samba 2,4980.0,99.6,Pettah
2020-08-27,Samba 2,4980.0,99.6,Pettah
2020-08-28,Samba 2,5020.0,100.4,Pettah
2020-08-31,Samba 2,5080.0,101.6,Pettah
2020-09-02,Samba 2,5130.0,102.6,Pettah
2020-09-03,Samba 2,4775.0,95.5,Pettah
2020-09-04,Samba 2,4800.0,96.0,Pettah
2020-09-07,Samba 2,4800.0,96.0,Pettah
2020-09-08,Samba 2,5170.0,103.4,Pettah
2020-09-09,Samba 2,5200.0,104.0,Pettah
2020-09-10,Samba 2,5210.0,104.2,Pettah
2020-09-11,Samba 2,5180.0,103.6,Pettah
2020-09-14,Samba 2,5190.0,103.8,Pettah
2020-09-15,Samba 2,5200.0,104.0,Pettah
2020-09-16,Samba 2,5212.5,104.25,Pettah
2020-09-17,Samba 2,5212.5,104.25,Pettah
2020-09-18,Samba 2,5250.0,105.0,Pettah
2020-09-21,Samba 2,5240.0,104.8,Pettah
2020-09-22,Samba 2,5310.0,106.2,Pettah
2020-09-23,Samba 2,5310.0,106.2,Pettah
2020-09-24,Samba 2,5310.0,106.2,Pettah
2020-09-25,Samba 2,5310.0,106.2,Pettah
2020-09-28,Samba 2,4640.0,92.8,Pettah
2020-09-29,Samba 2,5340.0,106.8,Pettah
2020-09-30,Samba 2,4630.0,92.6,Pettah
2020-10-01,Samba 2,5340.0,106.8,Pettah
2020-10-02,Samba 2,5340.0,106.8,Pettah
2020-10-05,Samba 2,5310.0,106.2,Pettah
2020-10-06,Samba 2,4640.0,92.8,Pettah
2020-10-07,Samba 2,4690.0,93.8,Pettah
2020-10-08,Samba 2,4710.0,94.2,Pettah
2020-10-09,Samba 2,4740.0,94.8,Pettah
2020-10-12,Samba 2,4780.0,95.6,Pettah
2020-10-13,Samba 2,4730.0,94.6,Pettah
2020-10-14,Samba 2,4730.0,94.6,Pettah
2020-10-15,Samba 2,4730.0,94.6,Pettah
2020-10-16,Samba 2,4770.0,95.4,Pettah
2020-10-19,Samba 2,4780.0,95.6,Pettah
2020-10-20,Samba 2,4780.0,95.6,Pettah
2020-10-21,Samba 2,4840.0,96.8,Pettah
2020-10-22,Samba 2,4800.0,96.0,Pettah
2020-10-23,Samba 2,5575.0,111.5,Pettah
2020-10-26,Samba 2,5575.0,111.5,Pettah
2020-10-27,Samba 2,,,Pettah
2020-10-28,Samba 2,,,Pettah
2020-10-29,Samba 2,,,Pettah
2020-11-02,Samba 2,,,Pettah
2020-11-03,Samba 2,,,Pettah
2020-11-04,Samba 2,,,Pettah
2020-11-05,Samba 2,,,Pettah
2020-11-06,Samba 2,,,Pettah
2020-11-09,Samba 2,,,Pettah
2020-11-10,Samba 2,,,Pettah
2020-11-11,Samba 2,,,Pettah
2020-11-12,Samba 2,4875.0,97.5,Pettah
2020-11-13,Samba 2,4900.0,98.0,Pettah
2020-11-16,Samba 2,4900.0,98.0,Pettah
2020-11-17,Samba 2,,,Pettah
2020-11-18,Samba 2,,,Pettah
2020-11-19,Samba 2,,,Pettah
2020-11-20,Samba 2,,,Pettah
2020-11-23,Samba 2,,,Pettah
2020-11-24,Samba 2,,,Pettah
2020-11-25,Samba 2,,,Pettah
2020-11-26,Samba 2,,,Pettah
2020-11-27,Samba 2,,,Pettah
2020-11-30,Samba 2,,,Pettah
2020-12-01,Samba 2,,,Pettah
2020-12-02,Samba 2,,,Pettah
2020-12-03,Samba 2,,,Pettah
2020-12-04,Samba 2,,,Pettah
2020-12-07,Samba 2,,,Pettah
2020-12-08,Samba 2,,,Pettah
2020-12-09,Samba 2,,,Pettah
2020-12-11,Samba 2,,,Pettah
2020-12-14,Samba 2,,,Pettah
2020-12-15,Samba 2,,,Pettah
2020-12-16,Samba 2,,,Pettah
2020-12-17,Samba 2,,,Pettah
2020-12-18,Samba 2,,,Pettah
2020-12-21,Samba 2,,,Pettah
2020-12-22,Samba 2,,,Pettah
2020-12-23,Samba 2,,,Pettah
2020-12-24,Samba 2,,,Pettah
2020-12-28,Samba 2,,,Pettah
2020-12-30,Samba 2,,,Pettah
2020-12-31,Samba 2,,,Pettah
2021-01-01,Samba 2,,,Pettah
2021-01-04,Samba 2,,,Pettah
2021-01-05,Samba 2,,,Pettah
2021-01-06,Samba 2,,,Pettah
2021-01-07,Samba 2,,,Pettah
2021-01-08,Samba 2,,,Pettah
2021-01-11,Samba 2,,,Pettah
2021-01-12,Samba 2,5366.67,107.3334,Pettah
2021-01-13,Samba 2,5375.0,107.5,Pettah
2021-01-15,Samba 2,3766.67,75.3334,Pettah
2021-01-18,Samba 2,5400.0,108.0,Pettah
2021-01-19,Samba 2,5400.0,108.0,Pettah
2021-01-20,Samba 2,5400.0,108.0,Pettah
2021-01-21,Samba 2,5400.0,108.0,Pettah
2021-01-22,Samba 2,5333.33,106.6666,Pettah
2021-01-25,Samba 2,5350.0,107.0,Pettah
2021-01-26,Samba 2,5233.33,104.6666,Pettah
2021-01-27,Samba 2,5250.0,105.0,Pettah
2021-01-29,Samba 2,5237.5,104.75,Pettah
2021-02-01,Samba 2,6500.0,130.0,Pettah
2021-02-02,Samba 2,5250.0,105.0,Pettah
2021-02-03,Samba 2,5233.33,104.6666,Pettah
2021-02-08,Samba 2,5233.33,104.6666,Pettah
2021-02-09,Samba 2,4916.67,98.3334,Pettah
2021-02-10,Samba 2,4883.33,97.6666,Pettah
2021-02-11,Samba 2,4900.0,98.0,Pettah
2021-02-12,Samba 2,4900.0,98.0,Pettah
2021-02-15,Samba 2,4900.0,98.0,Pettah
2021-02-16,Samba 2,4900.0,98.0,Pettah
2021-02-17,Samba 2,4900.0,98.0,Pettah
2021-02-18,Samba 2,4933.33,98.6666,Pettah
2021-02-19,Samba 2,5000.0,100.0,Pettah
2021-02-22,Samba 2,4780.0,95.6,Pettah
2021-02-23,Samba 2,4780.0,95.6,Pettah
2021-02-24,Samba 2,4780.0,95.6,Pettah
2021-02-25,Samba 2,5233.33,104.6666,Pettah
2021-03-01,Samba 2,5175.0,103.5,Pettah
2021-03-02,Samba 2,5200.0,104.0,Pettah
2021-03-03,Samba 2,5283.33,105.6666,Pettah
2021-03-04,Samba 2,5283.33,105.6666,Pettah
2021-03-05,Samba 2,5283.33,105.6666,Pettah
2021-03-08,Samba 2,5237.5,104.75,Pettah
2021-03-09,Samba 2,5275.0,105.5,Pettah
2021-03-10,Samba 2,5275.0,105.5,Pettah
2021-03-12,Samba 2,5290.0,105.8,Pettah
2021-03-15,Samba 2,5283.33,105.6666,Pettah
2021-03-16,Samba 2,5300.0,106.0,Pettah
2021-03-17,Samba 2,5300.0,106.0,Pettah
2021-03-18,Samba 2,5312.5,106.25,Pettah
2021-03-19,Samba 2,5300.0,106.0,Pettah
2021-03-22,Samba 2,5450.0,109.0,Pettah
2021-03-23,Samba 2,5400.0,108.0,Pettah
2021-03-24,Samba 2,5425.0,108.5,Pettah
2021-03-25,Samba 2,5325.0,106.5,Pettah
2021-03-26,Samba 2,5350.0,107.0,Pettah
2021-03-29,Samba 2,5400.0,108.0,Pettah
2021-03-30,Samba 2,5316.67,106.3334,Pettah
2021-03-31,Samba 2,122.5,122.5,Pettah
2021-04-01,Samba 2,4980.0,99.6,Pettah
2021-04-05,Samba 2,4970.0,99.4,Pettah
2021-04-06,Samba 2,4970.0,99.4,Pettah
2021-04-07,Samba 2,4970.0,99.4,Pettah
2021-04-08,Samba 2,5000.0,100.0,Pettah
2021-04-09,Samba 2,4970.0,99.4,Pettah
2021-04-19,Samba 2,5120.0,102.4,Pettah
2021-04-20,Samba 2,5130.0,102.6,Pettah
2021-04-21,Samba 2,5150.0,103.0,Pettah
2021-04-22,Samba 2,5150.0,103.0,Pettah
2021-04-23,Samba 2,112.5,112.5,Pettah
2021-04-27,Samba 2,5170.0,103.4,Pettah
2021-04-28,Samba 2,5190.0,103.8,Pettah
2021-04-29,Samba 2,5380.0,107.6,Pettah
2021-04-30,Samba 2,5380.0,107.6,Pettah
2021-05-03,Samba 2,5560.0,111.2,Pettah
2021-05-04,Samba 2,5750.0,115.0,Pettah
2021-05-05,Samba 2,5750.0,115.0,Pettah
2021-05-06,Samba 2,5620.0,112.4,Pettah
2021-05-07,Samba 2,5710.0,114.2,Pettah
2021-05-10,Samba 2,7000.0,140.0,Pettah
2021-05-11,Samba 2,6980.0,139.6,Pettah
2021-05-12,Samba 2,5700.0,114.0,Pettah
2021-05-13,Samba 2,6930.0,138.6,Pettah
2021-05-17,Samba 2,7100.0,142.0,Pettah
2021-05-18,Samba 2,7120.0,142.4,Pettah
2021-05-19,Samba 2,7140.0,142.8,Pettah
2021-05-20,Samba 2,7170.0,143.4,Pettah
2021-05-21,Samba 2,5770.0,115.4,Pettah
2021-06-08,Samba 2,5900.0,118.0,Pettah
2021-06-09,Samba 2,5860.0,117.2,Pettah
2021-06-18,Samba 2,5920.0,118.4,Pettah
2021-06-21,Samba 2,5830.0,116.6,Pettah
2021-06-22,Samba 2,5830.0,116.6,Pettah
2021-06-23,Samba 2,5830.0,116.6,Pettah
2021-06-25,Samba 2,5760.0,115.2,Pettah
2021-06-28,Samba 2,5790.0,115.8,Pettah
2021-06-29,Samba 2,5800.0,116.0,Pettah
2021-06-30,Samba 2,5540.0,110.8,Pettah
2021-07-01,Samba 2,5533.33,110.6666,Pettah
2021-07-02,Samba 2,5583.33,111.6666,Pettah
2021-07-05,Samba 2,5540.0,110.8,Pettah
2021-07-06,Samba 2,5560.0,111.2,Pettah
2021-07-07,Samba 2,5560.0,111.2,Pettah
2021-07-08,Samba 2,5500.0,110.0,Pettah
2021-07-09,Samba 2,5500.0,110.0,Pettah
2021-07-12,Samba 2,6580.0,131.6,Pettah
2021-07-13,Samba 2,6380.0,127.6,Pettah
2021-07-14,Samba 2,6400.0,128.0,Pettah
2021-07-15,Samba 2,6300.0,126.0,Pettah
2021-07-16,Samba 2,5380.0,107.6,Pettah
2021-07-19,Samba 2,6150.0,123.0,Pettah
2021-07-20,Samba 2,6150.0,123.0,Pettah
2021-07-22,Samba 2,6080.0,121.6,Pettah
2021-07-26,Samba 2,6080.0,121.6,Pettah
2021-07-27,Samba 2,6000.0,120.0,Pettah
2021-07-28,Samba 2,5950.0,119.0,Pettah
2021-07-29,Samba 2,5930.0,118.6,Pettah
2021-07-30,Samba 2,5900.0,118.0,Pettah
2021-08-02,Samba 2,5900.0,118.0,Pettah
2021-08-03,Samba 2,5880.0,117.6,Pettah
2021-08-04,Samba 2,5810.0,116.2,Pettah
2021-08-05,Samba 2,5710.0,114.2,Pettah
2021-08-06,Samba 2,5730.0,114.6,Pettah
2021-08-09,Samba 2,5960.0,119.2,Pettah
2021-08-11,Samba 2,5880.0,117.6,Pettah
2021-08-12,Samba 2,5880.0,117.6,Pettah
2021-08-13,Samba 2,5880.0,117.6,Pettah
2021-08-16,Samba 2,5880.0,117.6,Pettah
2021-08-17,Samba 2,5860.0,117.2,Pettah
2021-08-18,Samba 2,5960.0,119.2,Pettah
2021-08-19,Samba 2,5980.0,119.6,Pettah
2021-08-20,Samba 2,5960.0,119.2,Pettah
2021-08-24,Samba 2,5860.0,117.2,Pettah
2021-08-25,Samba 2,5860.0,117.2,Pettah
2021-09-01,Samba 2,5960.0,119.2,Pettah
2021-09-02,Samba 2,5960.0,119.2,Pettah
2021-09-06,Samba 2,5800.0,116.0,Pettah
2021-09-09,Samba 2,5100.0,102.0,Pettah
2021-09-10,Samba 2,5100.0,102.0,Pettah
2021-09-13,Samba 2,5150.0,103.0,Pettah
2021-09-14,Samba 2,5150.0,103.0,Pettah
2021-09-15,Samba 2,5130.0,102.6,Pettah
2021-09-16,Samba 2,5130.0,102.6,Pettah
2021-09-17,Samba 2,5150.0,103.0,Pettah
2021-09-21,Samba 2,5150.0,103.0,Pettah
2021-09-22,Samba 2,5940.0,118.8,Pettah
2021-09-23,Samba 2,5910.0,118.2,Pettah
2021-09-24,Samba 2,5910.0,118.2,Pettah
2021-09-27,Samba 2,5960.0,119.2,Pettah
2021-09-28,Samba 2,6300.0,126.0,Pettah
2021-09-29,Samba 2,6550.0,131.0,Pettah
2021-09-30,Samba 2,6480.0,129.6,Pettah
2021-10-01,Samba 2,6700.0,134.0,Pettah
2021-10-04,Samba 2,5750.0,115.0,Pettah
2021-10-05,Samba 2,6750.0,135.0,Pettah
2021-10-06,Samba 2,6780.0,135.6,Pettah
2021-10-07,Samba 2,6780.0,135.6,Pettah
2021-10-08,Samba 2,5750.0,115.0,Pettah
2021-10-11,Samba 2,6890.0,137.8,Pettah
2021-10-12,Samba 2,6950.0,139.0,Pettah
2021-10-13,Samba 2,5890.0,117.8,Pettah
2021-10-14,Samba 2,5930.0,118.6,Pettah
2021-10-15,Samba 2,5930.0,118.6,Pettah
2021-10-18,Samba 2,5960.0,119.2,Pettah
2021-10-21,Samba 2,6100.0,122.0,Pettah
2021-10-22,Samba 2,6180.0,123.6,Pettah
2021-10-25,Samba 2,6250.0,125.0,Pettah
2021-10-26,Samba 2,6325.0,126.5,Pettah
2021-10-27,Samba 2,10937.5,218.75,Pettah
2021-10-28,Samba 2,10900.0,218.0,Pettah
2021-10-29,Samba 2,10950.0,219.0,Pettah
2021-11-01,Samba 2,11850.0,237.0,Pettah
2021-11-02,Samba 2,11550.0,231.0,Pettah
2021-11-03,Samba 2,11550.0,231.0,Pettah
2021-11-08,Samba 2,226.0,226.0,Pettah
2021-11-09,Samba 2,221.0,221.0,Pettah
2021-11-10,Samba 2,217.6,217.6,Pettah
2021-11-11,Samba 2,148.0,148.0,Pettah
2021-11-12,Samba 2,145.2,145.2,Pettah
2021-11-15,Samba 2,148.6,148.6,Pettah
2021-11-16,Samba 2,145.2,145.2,Pettah
2021-11-17,Samba 2,142.0,142.0,Pettah
2021-11-19,Samba 2,145.8,145.8,Pettah
2021-11-22,Samba 2,210.0,210.0,Pettah
2021-11-23,Samba 2,139.6,139.6,Pettah
2021-11-24,Samba 2,137.8,137.8,Pettah
2021-11-25,Samba 2,140.0,140.0,Pettah
2021-11-26,Samba 2,144.0,144.0,Pettah
2021-11-29,Samba 2,143.0,143.0,Pettah
2021-11-30,Samba 2,142.0,142.0,Pettah
2021-12-01,Samba 2,142.0,142.0,Pettah
2021-12-02,Samba 2,142.6,142.6,Pettah
2021-12-03,Samba 2,143.0,143.0,Pettah
2021-12-06,Samba 2,141.0,141.0,Pettah
2021-12-07,Samba 2,142.0,142.0,Pettah
2021-12-08,Samba 2,141.8,141.8,Pettah
2021-12-09,Samba 2,142.4,142.4,Pettah
2021-12-10,Samba 2,142.4,142.4,Pettah
2021-12-13,Samba 2,142.4,142.4,Pettah
2021-12-14,Samba 2,142.0,142.0,Pettah
2021-12-15,Samba 2,141.4,141.4,Pettah
2021-12-16,Samba 2,141.4,141.4,Pettah
2021-12-17,Samba 2,141.8,141.8,Pettah
2021-12-20,Samba 2,143.0,143.0,Pettah
2021-12-21,Samba 2,143.0,143.0,Pettah
2021-12-22,Samba 2,145.0,145.0,Pettah
2021-12-23,Samba 2,143.4,143.4,Pettah
2021-12-24,Samba 2,143.0,143.0,Pettah
2021-12-27,Samba 2,145.0,145.0,Pettah
2021-12-28,Samba 2,147.6,147.6,Pettah
2021-12-29,Samba 2,149.6,149.6,Pettah
2021-12-30,Samba 2,150.0,150.0,Pettah
2021-12-31,Samba 2,152.0,152.0,Pettah
2022-01-03,Samba 2,159.0,159.0,Pettah
2022-01-05,Samba 2,157.0,157.0,Pettah
2022-01-06,Samba 2,160.0,160.0,Pettah
2022-01-07,Samba 2,160.0,160.0,Pettah
2022-01-10,Samba 2,159.0,159.0,Pettah
2022-01-11,Samba 2,160.0,160.0,Pettah
2022-01-12,Samba 2,162.0,162.0,Pettah
2022-01-13,Samba 2,160.0,160.0,Pettah
2022-01-18,Samba 2,165.0,165.0,Pettah
2022-01-19,Samba 2,166.0,166.0,Pettah
2022-01-20,Samba 2,163.0,163.0,Pettah
2022-01-21,Samba 2,164.0,164.0,Pettah
2022-01-24,Samba 2,161.0,161.0,Pettah
2022-01-25,Samba 2,160.0,160.0,Pettah
2022-01-26,Samba 2,158.0,158.0,Pettah
2022-01-27,Samba 2,158.75,158.75,Pettah
2022-01-28,Samba 2,160.0,160.0,Pettah
2022-01-31,Samba 2,159.0,159.0,Pettah
2022-02-01,Samba 2,158.75,158.75,Pettah
2022-02-02,Samba 2,157.0,157.0,Pettah
2022-02-03,Samba 2,152.5,152.5,Pettah
2022-02-08,Samba 2,154.0,154.0,Pettah
2022-02-09,Samba 2,155.0,155.0,Pettah
2022-02-10,Samba 2,153.0,153.0,Pettah
2022-02-11,Samba 2,154.0,154.0,Pettah
2022-02-14,Samba 2,156.0,156.0,Pettah
2022-02-15,Samba 2,158.0,158.0,Pettah
2022-02-17,Samba 2,156.0,156.0,Pettah
2022-02-18,Samba 2,157.0,157.0,Pettah
2022-02-21,Samba 2,157.0,157.0,Pettah
2022-02-22,Samba 2,157.0,157.0,Pettah
2022-02-23,Samba 2,156.0,156.0,Pettah
2022-02-24,Samba 2,157.6,157.6,Pettah
2022-02-25,Samba 2,157.0,157.0,Pettah
2022-02-28,Samba 2,156.0,156.0,Pettah
2022-03-02,Samba 2,152.0,152.0,Pettah
2022-03-03,Samba 2,153.0,153.0,Pettah
2022-03-04,Samba 2,153.6,153.6,Pettah
2022-03-07,Samba 2,154.0,154.0,Pettah
2022-03-08,Samba 2,157.0,157.0,Pettah
2022-03-09,Samba 2,155.0,155.0,Pettah
2022-03-10,Samba 2,157.0,157.0,Pettah
2022-03-11,Samba 2,160.0,160.0,Pettah
2022-03-14,Samba 2,163.0,163.0,Pettah
2022-03-15,Samba 2,162.5,162.5,Pettah
2022-03-16,Samba 2,162.5,162.5,Pettah
2022-03-18,Samba 2,168.6,168.6,Pettah
2022-03-21,Samba 2,177.0,177.0,Pettah
2022-03-22,Samba 2,181.0,181.0,Pettah
2022-03-23,Samba 2,182.0,182.0,Pettah
2022-03-24,Samba 2,192.0,192.0,Pettah
2022-03-25,Samba 2,187.0,187.0,Pettah
2022-03-28,Samba 2,195.0,195.0,Pettah
2022-03-29,Samba 2,192.0,192.0,Pettah
2022-03-30,Samba 2,194.0,194.0,Pettah
2022-03-31,Samba 2,196.0,196.0,Pettah
2022-04-01,Samba 2,196.25,196.25,Pettah
2022-04-04,Samba 2,198.0,198.0,Pettah
2022-04-05,Samba 2,198.0,198.0,Pettah
2022-04-06,Samba 2,197.0,197.0,Pettah
2022-04-07,Samba 2,197.0,197.0,Pettah
2022-04-08,Samba 2,197.0,197.0,Pettah
2022-04-12,Samba 2,196.6,196.6,Pettah
2022-04-18,Samba 2,188.0,188.0,Pettah
2022-04-19,Samba 2,201.0,201.0,Pettah
2022-04-20,Samba 2,199.0,199.0,Pettah
2022-04-21,Samba 2,200.6,200.6,Pettah
2022-04-22,Samba 2,200.6,200.6,Pettah
2022-04-25,Samba 2,202.5,202.5,Pettah
2022-04-26,Samba 2,201.0,201.0,Pettah
2022-04-27,Samba 2,212.0,212.0,Pettah
2022-04-29,Samba 2,213.0,213.0,Pettah
2022-05-04,Samba 2,212.0,212.0,Pettah
2022-05-05,Samba 2,215.0,215.0,Pettah
2022-05-09,Samba 2,217.0,217.0,Pettah
2022-05-12,Samba 2,217.0,217.0,Pettah
2022-05-13,Samba 2,,,Pettah
2022-05-17,Samba 2,219.0,219.0,Pettah
2022-05-18,Samba 2,217.0,217.0,Pettah
2022-05-19,Samba 2,219.0,219.0,Pettah
2022-05-20,Samba 2,217.0,217.0,Pettah
2022-05-23,Samba 2,219.0,219.0,Pettah
2022-05-24,Samba 2,219.0,219.0,Pettah
2022-05-25,Samba 2,219.0,219.0,Pettah
2022-05-26,Samba 2,219.0,219.0,Pettah
2022-05-27,Samba 2,219.0,219.0,Pettah
2022-05-30,Samba 2,220.0,220.0,Pettah
2022-05-31,Samba 2,220.0,220.0,Pettah
2022-06-01,Samba 2,220.0,220.0,Pettah
2022-06-02,Samba 2,220.0,220.0,Pettah
2022-06-03,Samba 2,219.0,219.0,Pettah
2022-06-06,Samba 2,222.0,222.0,Pettah
2022-06-07,Samba 2,223.0,223.0,Pettah
2022-06-08,Samba 2,224.0,224.0,Pettah
2022-06-09,Samba 2,240.0,240.0,Pettah
2022-06-10,Samba 2,246.67,246.67,Pettah
2022-06-13,Samba 2,236.0,236.0,Pettah
2022-06-15,Samba 2,260.0,260.0,Pettah
2022-06-16,Samba 2,227.0,227.0,Pettah
2022-06-17,Samba 2,261.67,261.67,Pettah
2022-06-20,Samba 2,223.0,223.0,Pettah
2022-06-21,Samba 2,220.0,220.0,Pettah
2022-06-22,Samba 2,219.0,219.0,Pettah
2022-06-23,Samba 2,219.0,219.0,Pettah
2022-06-24,Samba 2,41.75,41.75,Pettah
2022-06-27,Samba 2,208.0,208.0,Pettah
2022-06-28,Samba 2,207.0,207.0,Pettah
2022-06-29,Samba 2,206.6,206.6,Pettah
2022-06-30,Samba 2,207.0,207.0,Pettah
2022-07-01,Samba 2,203.0,203.0,Pettah
2022-07-04,Samba 2,202.0,202.0,Pettah
2022-07-05,Samba 2,201.0,201.0,Pettah
2022-07-06,Samba 2,202.0,202.0,Pettah
2022-07-07,Samba 2,201.0,201.0,Pettah
2022-07-11,Samba 2,200.0,200.0,Pettah
2022-07-12,Samba 2,198.6,198.6,Pettah
2022-07-14,Samba 2,198.75,198.75,Pettah
2022-07-15,Samba 2,198.0,198.0,Pettah
2022-07-18,Samba 2,198.0,198.0,Pettah
2022-07-19,Samba 2,197.4,197.4,Pettah
2022-07-20,Samba 2,197.0,197.0,Pettah
2022-07-21,Samba 2,197.0,197.0,Pettah
2022-07-22,Samba 2,194.0,194.0,Pettah
2022-07-25,Samba 2,192.8,192.8,Pettah
2022-07-26,Samba 2,192.4,192.4,Pettah
2022-07-27,Samba 2,192.6,192.6,Pettah
2022-07-28,Samba 2,191.6,191.6,Pettah
2022-07-29,Samba 2,188.2,188.2,Pettah
2022-08-01,Samba 2,186.0,186.0,Pettah
2022-08-02,Samba 2,184.4,184.4,Pettah
2022-08-03,Samba 2,189.0,189.0,Pettah
2022-08-04,Samba 2,190.0,190.0,Pettah
2022-08-05,Samba 2,190.0,190.0,Pettah
2022-08-08,Samba 2,188.6,188.6,Pettah
2022-08-09,Samba 2,188.6,188.6,Pettah
2022-08-10,Samba 2,355.0,355.0,Pettah
2022-08-12,Samba 2,184.6,184.6,Pettah
2022-08-15,Samba 2,183.4,183.4,Pettah
2022-08-16,Samba 2,230.0,230.0,Pettah
2022-08-17,Samba 2,230.0,230.0,Pettah
2022-08-18,Samba 2,225.0,225.0,Pettah
2022-08-19,Samba 2,225.0,225.0,Pettah
2022-08-22,Samba 2,225.0,225.0,Pettah
2022-08-23,Samba 2,225.0,225.0,Pettah
2022-08-24,Samba 2,225.0,225.0,Pettah
2022-08-25,Samba 2,225.0,225.0,Pettah
2022-08-26,Samba 2,225.0,225.0,Pettah
2022-08-29,Samba 2,225.0,225.0,Pettah
2022-08-30,Samba 2,225.0,225.0,Pettah
2022-08-31,Samba 2,225.0,225.0,Pettah
2022-09-01,Samba 2,225.0,225.0,Pettah
2022-09-02,Samba 2,225.0,225.0,Pettah
2022-09-05,Samba 2,225.0,225.0,Pettah
2022-09-06,Samba 2,225.0,225.0,Pettah
2022-09-07,Samba 2,225.0,225.0,Pettah
2022-09-08,Samba 2,225.0,225.0,Pettah
2022-09-09,Samba 2,225.0,225.0,Pettah
2022-09-12,Samba 2,225.0,225.0,Pettah
2022-09-13,Samba 2,225.0,225.0,Pettah
2022-09-14,Samba 2,225.0,225.0,Pettah
2022-09-15,Samba 2,225.0,225.0,Pettah
2022-09-16,Samba 2,225.0,225.0,Pettah
2022-09-19,Samba 2,225.0,225.0,Pettah
2022-09-20,Samba 2,225.0,225.0,Pettah
2022-09-21,Samba 2,225.0,225.0,Pettah
2022-09-22,Samba 2,220.0,220.0,Pettah
2022-09-23,Samba 2,220.0,220.0,Pettah
2022-09-26,Samba 2,220.0,220.0,Pettah
2022-09-27,Samba 2,215.0,215.0,Pettah
2022-09-28,Samba 2,220.0,220.0,Pettah
2022-09-29,Samba 2,220.0,220.0,Pettah
2022-09-30,Samba 2,220.0,220.0,Pettah
2022-10-03,Samba 2,218.0,218.0,Pettah
2022-10-04,Samba 2,220.0,220.0,Pettah
2022-10-05,Samba 2,220.0,220.0,Pettah
2022-10-06,Samba 2,220.0,220.0,Pettah
2022-10-07,Samba 2,220.0,220.0,Pettah
2022-10-10,Samba 2,220.0,220.0,Pettah
2022-10-11,Samba 2,220.0,220.0,Pettah
2022-10-12,Samba 2,220.0,220.0,Pettah
2022-10-13,Samba 2,220.0,220.0,Pettah
2022-10-14,Samba 2,220.0,220.0,Pettah
2022-10-17,Samba 2,220.0,220.0,Pettah
2022-10-18,Samba 2,220.0,220.0,Pettah
2022-10-19,Samba 2,220.0,220.0,Pettah
2022-10-20,Samba 2,220.0,220.0,Pettah
2022-10-21,Samba 2,220.0,220.0,Pettah
2022-10-25,Samba 2,220.0,220.0,Pettah
2022-10-26,Samba 2,220.0,220.0,Pettah
2022-10-27,Samba 2,220.0,220.0,Pettah
2022-10-28,Samba 2,220.0,220.0,Pettah
2022-10-31,Samba 2,220.0,220.0,Pettah
2022-11-01,Samba 2,220.0,220.0,Pettah
2022-11-02,Samba 2,220.0,220.0,Pettah
2022-11-03,Samba 2,220.0,220.0,Pettah
2022-11-04,Samba 2,220.0,220.0,Pettah
2022-11-08,Samba 2,215.0,215.0,Pettah
2022-11-09,Samba 2,215.0,215.0,Pettah
2022-11-10,Samba 2,215.0,215.0,Pettah
2022-11-11,Samba 2,215.0,215.0,Pettah
2022-11-14,Samba 2,215.0,215.0,Pettah
2022-11-15,Samba 2,215.0,215.0,Pettah
2022-11-16,Samba 2,215.0,215.0,Pettah
2022-11-17,Samba 2,215.0,215.0,Pettah
2022-11-18,Samba 2,215.0,215.0,Pettah
2022-11-21,Samba 2,215.0,215.0,Pettah
2022-11-22,Samba 2,210.0,210.0,Pettah
2022-11-23,Samba 2,210.0,210.0,Pettah
2022-11-24,Samba 2,215.0,215.0,Pettah
2022-11-25,Samba 2,212.0,212.0,Pettah
2022-11-28,Samba 2,212.0,212.0,Pettah
2022-11-29,Samba 2,210.0,210.0,Pettah
2022-11-30,Samba 2,210.0,210.0,Pettah
2022-12-01,Samba 2,210.0,210.0,Pettah
2022-12-02,Samba 2,210.0,210.0,Pettah
2022-12-05,Samba 2,205.0,205.0,Pettah
2022-12-06,Samba 2,200.0,200.0,Pettah
2022-12-08,Samba 2,205.0,205.0,Pettah
2022-12-09,Samba 2,210.0,210.0,Pettah
2022-12-12,Samba 2,210.0,210.0,Pettah
2022-12-13,Samba 2,210.0,210.0,Pettah
2022-12-14,Samba 2,210.0,210.0,Pettah
2022-12-15,Samba 2,210.0,210.0,Pettah
2022-12-16,Samba 2,210.0,210.0,Pettah
2022-12-19,Samba 2,60.0,60.0,Pettah
2022-12-20,Samba 2,,,Pettah
2022-12-21,Samba 2,209.0,209.0,Pettah
2022-12-22,Samba 2,208.6,208.6,Pettah
2022-12-23,Samba 2,207.0,207.0,Pettah
2022-12-26,Samba 2,206.6,206.6,Pettah
2022-12-27,Samba 2,207.0,207.0,Pettah
2022-12-28,Samba 2,206.6,206.6,Pettah
2022-12-29,Samba 2,207.0,207.0,Pettah
2022-12-30,Samba 2,206.6,206.6,Pettah
2023-01-02,Samba 2,205.2,205.2,Pettah
2023-01-03,Samba 2,207.0,207.0,Pettah
2023-01-04,Samba 2,208.6,208.6,Pettah
2023-01-05,Samba 2,208.6,208.6,Pettah
2023-01-09,Samba 2,205.0,205.0,Pettah
2023-01-10,Samba 2,207.0,207.0,Pettah
2023-01-11,Samba 2,205.0,205.0,Pettah
2023-01-12,Samba 2,206.0,206.0,Pettah
2023-01-16,Samba 2,206.0,206.0,Pettah
2023-01-17,Samba 2,206.0,206.0,Pettah
2023-01-18,Samba 2,205.6,205.6,Pettah
2023-01-19,Samba 2,205.6,205.6,Pettah
2023-01-20,Samba 2,206.0,206.0,Pettah
2023-01-23,Samba 2,206.6,206.6,Pettah
2023-01-24,Samba 2,207.0,207.0,Pettah
2023-01-25,Samba 2,206.6,206.6,Pettah
2023-01-26,Samba 2,205.6,205.6,Pettah
2023-01-27,Samba 2,206.0,206.0,Pettah
2023-01-30,Samba 2,205.6,205.6,Pettah
2023-01-31,Samba 2,206.0,206.0,Pettah
2023-02-01,Samba 2,206.6,206.6,Pettah
2023-02-02,Samba 2,205.6,205.6,Pettah
2023-02-03,Samba 2,204.6,204.6,Pettah
2023-02-06,Samba 2,206.6,206.6,Pettah
2023-02-07,Samba 2,206.0,206.0,Pettah
2023-02-08,Samba 2,204.6,204.6,Pettah
2023-02-09,Samba 2,204.6,204.6,Pettah
2023-02-10,Samba 2,204.2,204.2,Pettah
2023-02-13,Samba 2,203.6,203.6,Pettah
2023-02-14,Samba 2,206.0,206.0,Pettah
2023-02-15,Samba 2,206.4,206.4,Pettah
2023-02-16,Samba 2,209.0,209.0,Pettah
2023-02-17,Samba 2,207.6,207.6,Pettah
2023-02-20,Samba 2,206.6,206.6,Pettah
2023-02-21,Samba 2,205.0,205.0,Pettah
2023-02-22,Samba 2,205.0,205.0,Pettah
2023-02-23,Samba 2,208.6,208.6,Pettah
2023-02-24,Samba 2,205.0,205.0,Pettah
2023-02-27,Samba 2,206.0,206.0,Pettah
2023-02-28,Samba 2,210.0,210.0,Pettah
2023-03-01,Samba 2,209.0,209.0,Pettah
2023-03-02,Samba 2,212.0,212.0,Pettah
2023-03-03,Samba 2,211.0,211.0,Pettah
2023-03-07,Samba 2,212.5,212.5,Pettah
2023-03-08,Samba 2,212.5,212.5,Pettah
2023-03-09,Samba 2,213.75,213.75,Pettah
2023-03-10,Samba 2,213.0,213.0,Pettah
2023-03-13,Samba 2,213.0,213.0,Pettah
2023-03-14,Samba 2,212.6,212.6,Pettah
2023-03-15,Samba 2,213.75,213.75,Pettah
2023-03-16,Samba 2,214.0,214.0,Pettah
2023-03-17,Samba 2,210.6,210.6,Pettah
2023-03-20,Samba 2,211.0,211.0,Pettah
2023-03-21,Samba 2,211.6,211.6,Pettah
2023-03-22,Samba 2,212.0,212.0,Pettah
2023-03-23,Samba 2,211.6,211.6,Pettah
2023-03-24,Samba 2,207.5,207.5,Pettah
2023-03-27,Samba 2,210.6,210.6,Pettah
2023-03-28,Samba 2,205.6,205.6,Pettah
2023-03-29,Samba 2,205.6,205.6,Pettah
2023-03-30,Samba 2,206.4,206.4,Pettah
2023-03-31,Samba 2,205.8,205.8,Pettah
2023-04-03,Samba 2,207.6,207.6,Pettah
2023-04-04,Samba 2,206.6,206.6,Pettah
2023-04-06,Samba 2,206.0,206.0,Pettah
2023-04-10,Samba 2,211.25,211.25,Pettah
2023-04-11,Samba 2,201.67,201.67,Pettah
2023-04-17,Samba 2,200.6,200.6,Pettah
2023-04-18,Samba 2,203.6,203.6,Pettah
2023-04-19,Samba 2,203.0,203.0,Pettah
2023-04-20,Samba 2,203.6,203.6,Pettah
2023-04-21,Samba 2,203.0,203.0,Pettah
2023-04-24,Samba 2,203.0,203.0,Pettah
2023-04-25,Samba 2,201.0,201.0,Pettah
2023-04-26,Samba 2,203.0,203.0,Pettah
2023-04-27,Samba 2,203.6,203.6,Pettah
2023-04-28,Samba 2,205.6,205.6,Pettah
2023-05-02,Samba 2,204.0,204.0,Pettah
2023-05-03,Samba 2,203.0,203.0,Pettah
2023-05-04,Samba 2,203.0,203.0,Pettah
2023-05-08,Samba 2,203.0,203.0,Pettah
2023-05-09,Samba 2,203.0,203.0,Pettah
2023-05-10,Samba 2,201.0,201.0,Pettah
2023-05-11,Samba 2,203.0,203.0,Pettah
2023-05-12,Samba 2,202.0,202.0,Pettah
2023-05-15,Samba 2,201.0,201.0,Pettah
2023-05-16,Samba 2,201.0,201.0,Pettah
2023-05-17,Samba 2,201.0,201.0,Pettah
2023-05-18,Samba 2,201.0,201.0,Pettah
2023-05-19,Samba 2,201.0,201.0,Pettah
2023-05-22,Samba 2,207.0,207.0,Pettah
2023-05-23,Samba 2,200.6,200.6,Pettah
2023-05-24,Samba 2,204.0,204.0,Pettah
2023-05-25,Samba 2,205.0,205.0,Pettah
2023-05-26,Samba 2,202.0,202.0,Pettah
2023-05-29,Samba 2,201.0,201.0,Pettah
2023-05-30,Samba 2,201.0,201.0,Pettah
2023-05-31,Samba 2,200.0,200.0,Pettah
2023-06-01,Samba 2,202.0,202.0,Pettah
2023-06-02,Samba 2,200.0,200.0,Pettah
2023-06-05,Samba 2,201.6,201.6,Pettah
2023-06-06,Samba 2,199.0,199.0,Pettah
2023-06-07,Samba 2,197.0,197.0,Pettah
2023-06-08,Samba 2,198.0,198.0,Pettah
2023-06-09,Samba 2,199.0,199.0,Pettah
2023-06-12,Samba 2,199.0,199.0,Pettah
2023-06-13,Samba 2,197.0,197.0,Pettah
2023-06-14,Samba 2,197.0,197.0,Pettah
2023-06-15,Samba 2,200.0,200.0,Pettah
2023-06-16,Samba 2,196.0,196.0,Pettah
2023-06-19,Samba 2,194.0,194.0,Pettah
2023-06-20,Samba 2,194.0,194.0,Pettah
2023-06-21,Samba 2,203.0,203.0,Pettah
2023-06-22,Samba 2,189.0,189.0,Pettah
2023-06-23,Samba 2,193.0,193.0,Pettah
2023-06-26,Samba 2,195.0,195.0,Pettah
2023-06-27,Samba 2,195.0,195.0,Pettah
2023-06-28,Samba 2,195.0,195.0,Pettah
2023-06-30,Samba 2,195.0,195.0,Pettah
2023-07-04,Samba 2,195.0,195.0,Pettah
2023-07-05,Samba 2,194.0,194.0,Pettah
2023-07-06,Samba 2,195.0,195.0,Pettah
2023-07-07,Samba 2,195.0,195.0,Pettah
2023-07-10,Samba 2,202.0,202.0,Pettah
2023-07-11,Samba 2,202.0,202.0,Pettah
2023-07-12,Samba 2,203.0,203.0,Pettah
2023-07-13,Samba 2,201.0,201.0,Pettah
2023-07-14,Samba 2,197.0,197.0,Pettah
2023-07-17,Samba 2,196.0,196.0,Pettah
2023-07-18,Samba 2,199.0,199.0,Pettah
2023-07-19,Samba 2,198.0,198.0,Pettah
2023-07-20,Samba 2,200.0,200.0,Pettah
2023-07-21,Samba 2,198.0,198.0,Pettah
2023-07-24,Samba 2,197.0,197.0,Pettah
2023-07-25,Samba 2,197.0,197.0,Pettah
2023-07-26,Samba 2,200.0,200.0,Pettah
2023-07-27,Samba 2,198.0,198.0,Pettah
2023-07-28,Samba 2,199.0,199.0,Pettah
2023-07-31,Samba 2,198.0,198.0,Pettah
2023-08-02,Samba 2,200.0,200.0,Pettah
2023-08-03,Samba 2,199.0,199.0,Pettah
2023-08-04,Samba 2,199.0,199.0,Pettah
2023-08-07,Samba 2,195.6,195.6,Pettah
2023-08-08,Samba 2,198.0,198.0,Pettah
2023-08-09,Samba 2,198.0,198.0,Pettah
2023-08-10,Samba 2,198.0,198.0,Pettah
2023-08-11,Samba 2,199.0,199.0,Pettah
2023-08-14,Samba 2,198.0,198.0,Pettah
2023-08-15,Samba 2,198.0,198.0,Pettah
2023-08-16,Samba 2,198.0,198.0,Pettah
2023-08-17,Samba 2,199.0,199.0,Pettah
2023-08-18,Samba 2,199.0,199.0,Pettah
2023-08-21,Samba 2,204.0,204.0,Pettah
2023-08-22,Samba 2,204.0,204.0,Pettah
2023-08-23,Samba 2,204.0,204.0,Pettah
2023-08-24,Samba 2,210.0,210.0,Pettah
2023-08-25,Samba 2,210.0,210.0,Pettah
2023-08-28,Samba 2,210.0,210.0,Pettah
2023-08-29,Samba 2,210.0,210.0,Pettah
2023-08-31,Samba 2,214.0,214.0,Pettah
2023-09-01,Samba 2,215.0,215.0,Pettah
2023-09-04,Samba 2,215.0,215.0,Pettah
2023-09-05,Samba 2,215.0,215.0,Pettah
2023-09-06,Samba 2,215.0,215.0,Pettah
2023-09-07,Samba 2,215.0,215.0,Pettah
2023-09-08,Samba 2,215.0,215.0,Pettah
2023-09-11,Samba 2,215.0,215.0,Pettah
2023-09-12,Samba 2,215.0,215.0,Pettah
2023-09-13,Samba 2,215.0,215.0,Pettah
2023-09-14,Samba 2,215.0,215.0,Pettah
2023-09-15,Samba 2,215.0,215.0,Pettah
2023-09-18,Samba 2,215.0,215.0,Pettah
2023-09-19,Samba 2,215.0,215.0,Pettah
2023-09-20,Samba 2,215.0,215.0,Pettah
2023-09-21,Samba 2,215.0,215.0,Pettah
2023-09-22,Samba 2,215.0,215.0,Pettah
2023-09-25,Samba 2,215.0,215.0,Pettah
2023-09-26,Samba 2,215.0,215.0,Pettah
2023-10-02,Samba 2,215.0,215.0,Pettah
2023-10-03,Samba 2,215.0,215.0,Pettah
2023-10-04,Samba 2,215.0,215.0,Pettah
2023-10-05,Samba 2,215.0,215.0,Pettah
2023-10-06,Samba 2,215.0,215.0,Pettah
2023-10-09,Samba 2,215.0,215.0,Pettah
2023-10-10,Samba 2,215.0,215.0,Pettah
2023-10-11,Samba 2,215.0,215.0,Pettah
2023-10-12,Samba 2,215.0,215.0,Pettah
2023-10-13,Samba 2,215.0,215.0,Pettah
2023-10-16,Samba 2,215.0,215.0,Pettah
2023-10-17,Samba 2,215.0,215.0,Pettah
2023-10-18,Samba 2,215.0,215.0,Pettah
2023-10-19,Samba 2,216.0,216.0,Pettah
2023-10-20,Samba 2,220.0,220.0,Pettah
2023-10-23,Samba 2,220.0,220.0,Pettah
2023-10-24,Samba 2,220.0,220.0,Pettah
2023-10-25,Samba 2,220.0,220.0,Pettah
2023-10-26,Samba 2,220.0,220.0,Pettah
2023-10-27,Samba 2,220.0,220.0,Pettah
2023-10-30,Samba 2,220.0,220.0,Pettah
2023-10-31,Samba 2,220.0,220.0,Pettah
2023-11-01,Samba 2,220.0,220.0,Pettah
2023-11-02,Samba 2,220.8,220.8,Pettah
2023-11-03,Samba 2,220.8,220.8,Pettah
2023-11-06,Samba 2,224.25,224.25,Pettah
2023-11-07,Samba 2,225.0,225.0,Pettah
2023-11-08,Samba 2,225.0,225.0,Pettah
2023-11-09,Samba 2,225.0,225.0,Pettah
2023-11-10,Samba 2,225.0,225.0,Pettah
2023-11-13,Samba 2,225.0,225.0,Pettah
2023-11-14,Samba 2,225.0,225.0,Pettah
2023-11-15,Samba 2,225.0,225.0,Pettah
2023-11-16,Samba 2,225.0,225.0,Pettah
2023-11-17,Samba 2,225.0,225.0,Pettah
2023-11-20,Samba 2,225.0,225.0,Pettah
2023-11-21,Samba 2,225.4,225.4,Pettah
2023-11-22,Samba 2,225.25,225.25,Pettah
2023-11-23,Samba 2,225.4,225.4,Pettah
2023-11-24,Samba 2,225.0,225.0,Pettah
2023-11-27,Samba 2,225.0,225.0,Pettah
2023-11-28,Samba 2,225.0,225.0,Pettah
2023-12-01,Samba 2,225.5,225.5,Pettah
2023-12-04,Samba 2,225.0,225.0,Pettah
2023-12-05,Samba 2,225.4,225.4,Pettah
2023-12-06,Samba 2,225.8,225.8,Pettah
2023-12-07,Samba 2,226.0,226.0,Pettah
2023-12-08,Samba 2,221.6,221.6,Pettah
2023-12-11,Samba 2,225.4,225.4,Pettah
2023-12-12,Samba 2,225.4,225.4,Pettah
2023-12-13,Samba 2,225.8,225.8,Pettah
2023-12-14,Samba 2,225.4,225.4,Pettah
2023-12-15,Samba 2,226.0,226.0,Pettah
2023-12-18,Samba 2,226.0,226.0,Pettah
2023-12-19,Samba 2,226.0,226.0,Pettah
2023-12-20,Samba 2,226.0,226.0,Pettah
2023-12-21,Samba 2,226.0,226.0,Pettah
2023-12-22,Samba 2,226.0,226.0,Pettah
2023-12-27,Samba 2,228.5,228.5,Pettah
2023-12-28,Samba 2,228.5,228.5,Pettah
2023-12-29,Samba 2,228.5,228.5,Pettah
2024-01-01,Samba 2,229.25,229.25,Pettah
2024-01-02,Samba 2,229.5,229.5,Pettah
2024-01-03,Samba 2,229.5,229.5,Pettah
2024-01-04,Samba 2,229.5,229.5,Pettah
2024-01-05,Samba 2,230.5,230.5,Pettah
2024-01-08,Samba 2,230.5,230.5,Pettah
2024-01-09,Samba 2,230.5,230.5,Pettah
2024-01-10,Samba 2,230.5,230.5,Pettah
2024-01-11,Samba 2,233.0,233.0,Pettah
2024-01-12,Samba 2,235.0,235.0,Pettah
2024-01-16,Samba 2,236.5,236.5,Pettah
2024-01-17,Samba 2,236.5,236.5,Pettah
2024-01-18,Samba 2,236.5,236.5,Pettah
2024-01-19,Samba 2,236.5,236.5,Pettah
2024-01-22,Samba 2,236.5,236.5,Pettah
2024-01-23,Samba 2,236.5,236.5,Pettah
2024-01-24,Samba 2,236.5,236.5,Pettah
2024-01-26,Samba 2,236.5,236.5,Pettah
2024-01-29,Samba 2,236.5,236.5,Pettah
2024-01-30,Samba 2,231.0,231.0,Pettah
2024-01-31,Samba 2,230.75,230.75,Pettah
2024-02-01,Samba 2,229.5,229.5,Pettah
2024-02-02,Samba 2,229.5,229.5,Pettah
2024-02-05,Samba 2,228.75,228.75,Pettah
2024-02-06,Samba 2,229.5,229.5,Pettah
2024-02-07,Samba 2,229.5,229.5,Pettah
2024-02-08,Samba 2,229.5,229.5,Pettah
2024-02-09,Samba 2,230.75,230.75,Pettah
2024-02-12,Samba 2,231.5,231.5,Pettah
2024-02-13,Samba 2,230.75,230.75,Pettah
2024-02-14,Samba 2,229.5,229.5,Pettah
2024-02-15,Samba 2,229.5,229.5,Pettah
2024-02-16,Samba 2,229.5,229.5,Pettah
2024-02-19,Samba 2,229.5,229.5,Pettah
2024-02-20,Samba 2,228.75,228.75,Pettah
2024-02-21,Samba 2,229.5,229.5,Pettah
2024-02-22,Samba 2,229.5,229.5,Pettah
2024-02-26,Samba 2,229.5,229.5,Pettah
2024-02-27,Samba 2,229.0,229.0,Pettah
2024-02-28,Samba 2,229.5,229.5,Pettah
2024-02-29,Samba 2,229.5,229.5,Pettah
2024-03-01,Samba 2,229.5,229.5,Pettah
2024-03-04,Samba 2,229.5,229.5,Pettah
2024-03-05,Samba 2,229.33,229.33,Pettah
2024-03-06,Samba 2,229.5,229.5,Pettah
2024-03-07,Samba 2,229.33,229.33,Pettah
2024-03-11,Samba 2,229.5,229.5,Pettah
2024-03-12,Samba 2,229.5,229.5,Pettah
2024-03-13,Samba 2,229.0,229.0,Pettah
2024-03-14,Samba 2,229.5,229.5,Pettah
2024-03-15,Samba 2,229.5,229.5,Pettah
2024-03-18,Samba 2,229.5,229.5,Pettah
2024-03-19,Samba 2,229.33,229.33,Pettah
2024-03-20,Samba 2,229.5,229.5,Pettah
2024-03-21,Samba 2,229.5,229.5,Pettah
2024-03-22,Samba 2,229.5,229.5,Pettah
2024-03-25,Samba 2,229.33,229.33,Pettah
2024-03-26,Samba 2,229.33,229.33,Pettah
2024-03-27,Samba 2,229.33,229.33,Pettah
2024-03-28,Samba 2,229.5,229.5,Pettah
2024-04-01,Samba 2,229.5,229.5,Pettah
2024-04-02,Samba 2,229.5,229.5,Pettah
2024-04-03,Samba 2,229.5,229.5,Pettah
2024-04-04,Samba 2,229.5,229.5,Pettah
2024-04-05,Samba 2,229.5,229.5,Pettah
2024-04-08,Samba 2,229.5,229.5,Pettah
2024-04-09,Samba 2,229.5,229.5,Pettah
2024-04-10,Samba 2,229.5,229.5,Pettah
2024-04-16,Samba 2,229.33,229.33,Pettah
2024-04-17,Samba 2,229.33,229.33,Pettah
2024-04-18,Samba 2,229.33,229.33,Pettah
2024-04-19,Samba 2,228.33,228.33,Pettah
2024-04-22,Samba 2,229.33,229.33,Pettah
2024-04-24,Samba 2,229.5,229.5,Pettah
2024-04-25,Samba 2,229.5,229.5,Pettah
2024-04-26,Samba 2,229.5,229.5,Pettah
2024-04-29,Samba 2,229.33,229.33,Pettah
2024-04-30,Samba 2,229.5,229.5,Pettah
2024-05-02,Samba 2,229.5,229.5,Pettah
2024-05-03,Samba 2,229.5,229.5,Pettah
2024-05-06,Samba 2,229.33,229.33,Pettah
2024-05-07,Samba 2,229.5,229.5,Pettah
2024-05-08,Samba 2,229.5,229.5,Pettah
2024-05-09,Samba 2,229.5,229.5,Pettah
2024-05-10,Samba 2,229.5,229.5,Pettah
2024-05-13,Samba 2,229.33,229.33,Pettah
2024-05-14,Samba 2,229.33,229.33,Pettah
2024-05-15,Samba 2,229.5,229.5,Pettah
2024-05-16,Samba 2,229.75,229.75,Pettah
2024-05-17,Samba 2,229.5,229.5,Pettah
2024-05-20,Samba 2,229.5,229.5,Pettah
2024-05-21,Samba 2,229.5,229.5,Pettah
2024-05-22,Samba 2,229.5,229.5,Pettah
2024-05-27,Samba 2,229.5,229.5,Pettah
2024-05-28,Samba 2,229.5,229.5,Pettah
2024-05-29,Samba 2,229.5,229.5,Pettah
2024-05-30,Samba 2,229.5,229.5,Pettah
2024-05-31,Samba 2,229.33,229.33,Pettah
2024-06-03,Samba 2,229.5,229.5,Pettah
2024-06-04,Samba 2,229.5,229.5,Pettah
2024-06-05,Samba 2,229.5,229.5,Pettah
2024-06-06,Samba 2,229.33,229.33,Pettah
2024-06-07,Samba 2,229.5,229.5,Pettah
2024-06-10,Samba 2,229.5,229.5,Pettah
2024-06-11,Samba 2,229.5,229.5,Pettah
2024-06-12,Samba 2,229.5,229.5,Pettah
2024-06-13,Samba 2,229.5,229.5,Pettah
2024-06-14,Samba 2,229.5,229.5,Pettah
2024-06-18,Samba 2,229.5,229.5,Pettah
2024-06-19,Samba 2,229.5,229.5,Pettah
2024-06-20,Samba 2,229.5,229.5,Pettah
2024-06-24,Samba 2,229.5,229.5,Pettah
2024-06-25,Samba 2,229.33,229.33,Pettah
2024-06-26,Samba 2,229.5,229.5,Pettah
2024-06-27,Samba 2,229.5,229.5,Pettah
2024-06-28,Samba 2,229.5,229.5,Pettah
2024-07-01,Samba 2,229.33,229.33,Pettah
2024-07-02,Samba 2,229.5,229.5,Pettah
2024-07-03,Samba 2,229.5,229.5,Pettah
2024-07-04,Samba 2,229.5,229.5,Pettah
2024-07-05,Samba 2,229.5,229.5,Pettah
2024-07-08,Samba 2,229.5,229.5,Pettah
2024-07-09,Samba 2,229.5,229.5,Pettah
2024-07-10,Samba 2,229.5,229.5,Pettah
2024-07-11,Samba 2,229.5,229.5,Pettah
2024-07-12,Samba 2,229.5,229.5,Pettah
2024-07-15,Samba 2,229.33,229.33,Pettah
2024-07-16,Samba 2,229.5,229.5,Pettah
2024-07-17,Samba 2,229.5,229.5,Pettah
2024-07-18,Samba 2,229.5,229.5,Pettah
2024-07-19,Samba 2,229.0,229.0,Pettah
2024-07-22,Samba 2,229.33,229.33,Pettah
2024-07-23,Samba 2,229.33,229.33,Pettah
2024-07-24,Samba 2,229.33,229.33,Pettah
2024-07-25,Samba 2,229.33,229.33,Pettah
2024-07-26,Samba 2,229.5,229.5,Pettah
2024-07-29,Samba 2,227.5,227.5,Pettah
2024-07-30,Samba 2,228.75,228.75,Pettah
2024-07-31,Samba 2,229.5,229.5,Pettah
2024-08-01,Samba 2,228.75,228.75,Pettah
2024-08-02,Samba 2,227.5,227.5,Pettah
2024-08-05,Samba 2,226.0,226.0,Pettah
2024-08-06,Samba 2,224.5,224.5,Pettah
2024-08-07,Samba 2,224.5,224.5,Pettah
2024-08-08,Samba 2,224.5,224.5,Pettah
2024-08-09,Samba 2,224.5,224.5,Pettah
2024-08-12,Samba 2,223.33,223.33,Pettah
2024-08-13,Samba 2,223.33,223.33,Pettah
2024-08-14,Samba 2,222.5,222.5,Pettah
2024-08-15,Samba 2,223.33,223.33,Pettah
2024-08-16,Samba 2,222.5,222.5,Pettah
2024-08-20,Samba 2,222.5,222.5,Pettah
2024-08-21,Samba 2,222.5,222.5,Pettah
2024-08-22,Samba 2,221.67,221.67,Pettah
2024-08-23,Samba 2,223.33,223.33,Pettah
2024-08-26,Samba 2,222.5,222.5,Pettah
2024-08-27,Samba 2,222.5,222.5,Pettah
2024-08-28,Samba 2,222.5,222.5,Pettah
2024-08-29,Samba 2,222.5,222.5,Pettah
2024-08-30,Samba 2,222.5,222.5,Pettah
2024-09-02,Samba 2,222.5,222.5,Pettah
2024-09-03,Samba 2,222.5,222.5,Pettah
2024-09-04,Samba 2,222.5,222.5,Pettah
2024-09-05,Samba 2,222.5,222.5,Pettah
2024-09-06,Samba 2,222.5,222.5,Pettah
2024-09-09,Samba 2,223.33,223.33,Pettah
2024-09-10,Samba 2,223.33,223.33,Pettah
2024-09-11,Samba 2,223.33,223.33,Pettah
2024-09-12,Samba 2,223.75,223.75,Pettah
2024-09-13,Samba 2,223.75,223.75,Pettah
2024-09-18,Samba 2,222.5,222.5,Pettah
2024-09-19,Samba 2,223.33,223.33,Pettah
2024-09-20,Samba 2,223.33,223.33,Pettah
2024-09-24,Samba 2,222.5,222.5,Pettah
2024-09-25,Samba 2,223.75,223.75,Pettah
2024-09-26,Samba 2,225.75,225.75,Pettah
2024-09-27,Samba 2,223.75,223.75,Pettah
2024-09-30,Samba 2,219.33,219.33,Pettah
2024-10-01,Samba 2,219.33,219.33,Pettah
2024-10-02,Samba 2,219.5,219.5,Pettah
2024-10-03,Samba 2,220.75,220.75,Pettah
2024-10-04,Samba 2,220.75,220.75,Pettah
2024-10-07,Samba 2,219.5,219.5,Pettah
2024-10-08,Samba 2,221.5,221.5,Pettah
2024-10-09,Samba 2,219.33,219.33,Pettah
2024-10-10,Samba 2,219.33,219.33,Pettah
2024-10-11,Samba 2,219.33,219.33,Pettah
2024-10-14,Samba 2,219.33,219.33,Pettah
2024-10-15,Samba 2,219.33,219.33,Pettah
2024-10-16,Samba 2,219.2,219.2,Pettah
2024-10-18,Samba 2,219.5,219.5,Pettah
2024-10-21,Samba 2,219.5,219.5,Pettah
2024-10-22,Samba 2,219.33,219.33,Pettah
2024-10-23,Samba 2,219.33,219.33,Pettah
2024-10-24,Samba 2,219.33,219.33,Pettah
2024-10-25,Samba 2,219.33,219.33,Pettah
2024-10-28,Samba 2,219.33,219.33,Pettah
2024-10-29,Samba 2,219.33,219.33,Pettah
2024-11-01,Samba 2,219.33,219.33,Pettah
2024-11-04,Samba 2,219.33,219.33,Pettah
2024-11-05,Samba 2,219.5,219.5,Pettah
2024-11-06,Samba 2,219.5,219.5,Pettah
2024-11-07,Samba 2,219.5,219.5,Pettah
2024-11-08,Samba 2,219.5,219.5,Pettah
2024-11-11,Samba 2,219.33,219.33,Pettah
2024-11-12,Samba 2,219.33,219.33,Pettah
2024-11-13,Samba 2,219.33,219.33,Pettah
2024-11-14,Samba 2,219.33,219.33,Pettah
2024-11-18,Samba 2,219.33,219.33,Pettah
2024-11-19,Samba 2,219.33,219.33,Pettah
2024-11-20,Samba 2,219.33,219.33,Pettah
2024-11-21,Samba 2,219.33,219.33,Pettah
2024-11-22,Samba 2,219.33,219.33,Pettah
2024-11-25,Samba 2,219.33,219.33,Pettah
2024-11-26,Samba 2,219.33,219.33,Pettah
2024-11-27,Samba 2,219.33,219.33,Pettah
2024-11-28,Samba 2,218.67,218.67,Pettah
2024-11-29,Samba 2,224.0,224.0,Pettah
2024-12-02,Samba 2,227.0,227.0,Pettah
2024-12-03,Samba 2,230.75,230.75,Pettah
2024-12-04,Samba 2,231.5,231.5,Pettah
2024-12-05,Samba 2,236.5,236.5,Pettah
2024-12-06,Samba 2,246.0,246.0,Pettah
2024-12-09,Samba 2,236.5,236.5,Pettah
2024-12-10,Samba 2,231.5,231.5,Pettah
2024-12-11,Samba 2,226.5,226.5,Pettah
2024-12-12,Samba 2,226.5,226.5,Pettah
2024-12-13,Samba 2,229.0,229.0,Pettah
2024-12-16,Samba 2,231.5,231.5,Pettah
2024-12-17,Samba 2,231.5,231.5,Pettah
2024-12-18,Samba 2,231.0,231.0,Pettah
2024-12-19,Samba 2,231.5,231.5,Pettah
2024-12-20,Samba 2,231.5,231.5,Pettah
2024-12-23,Samba 2,231.5,231.5,Pettah
2024-12-24,Samba 2,230.0,230.0,Pettah
2024-12-26,Samba 2,231.5,231.5,Pettah
2024-12-27,Samba 2,231.5,231.5,Pettah
2024-12-30,Samba 2,231.5,231.5,Pettah
2024-12-31,Samba 2,231.5,231.5,Pettah
2025-01-01,Samba 2,231.5,231.5,Pettah
2025-01-02,Samba 2,231.0,231.0,Pettah
2025-01-03,Samba 2,231.0,231.0,Pettah
2025-01-06,Samba 2,231.0,231.0,Pettah
2025-01-07,Samba 2,231.0,231.0,Pettah
2025-01-08,Samba 2,231.0,231.0,Pettah
2025-01-09,Samba 2,231.0,231.0,Pettah
2025-01-10,Samba 2,231.0,231.0,Pettah
2025-01-15,Samba 2,231.0,231.0,Pettah
2025-01-16,Samba 2,231.0,231.0,Pettah
2025-01-17,Samba 2,231.0,231.0,Pettah
2025-01-20,Samba 2,255.0,255.0,Pettah
2025-01-21,Samba 2,241.67,241.67,Pettah
2025-01-22,Samba 2,241.67,241.67,Pettah
2025-01-23,Samba 2,232.5,232.5,Pettah
2025-01-24,Samba 2,232.5,232.5,Pettah
2025-01-27,Samba 2,232.5,232.5,Pettah
2025-01-28,Samba 2,237.5,237.5,Pettah
2025-01-29,Samba 2,237.5,237.5,Pettah
2025-01-30,Samba 2,227.5,227.5,Pettah
2025-01-31,Samba 2,237.5,237.5,Pettah
2025-02-03,Samba 2,228.75,228.75,Pettah
2025-02-05,Samba 2,227.75,227.75,Pettah
2025-02-06,Samba 2,227.0,227.0,Pettah
2025-02-07,Samba 2,227.0,227.0,Pettah
2025-02-10,Samba 2,232.0,232.0,Pettah
2025-02-11,Samba 2,232.0,232.0,Pettah
2025-02-13,Samba 2,232.0,232.0,Pettah
2025-02-14,Samba 2,232.0,232.0,Pettah
2025-02-17,Samba 2,232.0,232.0,Pettah
2025-02-18,Samba 2,231.0,231.0,Pettah
2025-02-19,Samba 2,231.0,231.0,Pettah
2025-02-20,Samba 2,231.0,231.0,Pettah
2025-02-21,Samba 2,231.0,231.0,Pettah
2025-02-24,Samba 2,232.0,232.0,Pettah
2025-02-25,Samba 2,231.0,231.0,Pettah
2025-02-27,Samba 2,231.0,231.0,Pettah
2025-02-28,Samba 2,231.0,231.0,Pettah
2025-03-03,Samba 2,231.0,231.0,Pettah
2025-03-04,Samba 2,232.0,232.0,Pettah
2025-03-05,Samba 2,232.0,232.0,Pettah
2025-03-06,Samba 2,232.0,232.0,Pettah
2025-03-07,Samba 2,232.0,232.0,Pettah
2025-03-10,Samba 2,232.0,232.0,Pettah
2025-03-11,Samba 2,232.0,232.0,Pettah
2025-03-12,Samba 2,231.33,231.33,Pettah
2025-03-14,Samba 2,236.5,236.5,Pettah
2025-03-17,Samba 2,234.0,234.0,Pettah
2025-03-18,Samba 2,234.0,234.0,Pettah
2025-03-19,Samba 2,236.5,236.5,Pettah
2025-03-20,Samba 2,236.5,236.5,Pettah
2025-03-21,Samba 2,236.5,236.5,Pettah
2025-03-24,Samba 2,236.5,236.5,Pettah
2025-03-25,Samba 2,236.5,236.5,Pettah
2025-03-26,Samba 2,236.5,236.5,Pettah
2025-03-27,Samba 2,236.5,236.5,Pettah
2025-03-28,Samba 2,236.5,236.5,Pettah
2025-04-01,Samba 2,236.5,236.5,Pettah
2025-04-02,Samba 2,236.5,236.5,Pettah
2025-04-03,Samba 2,236.5,236.5,Pettah
2025-04-04,Samba 2,236.5,236.5,Pettah
2025-04-07,Samba 2,236.5,236.5,Pettah
2025-04-08,Samba 2,236.5,236.5,Pettah
2025-04-09,Samba 2,236.5,236.5,Pettah
2025-04-10,Samba 2,236.5,236.5,Pettah
2025-04-11,Samba 2,236.5,236.5,Pettah
2025-04-16,Samba 2,126.0,126.0,Pettah
2025-04-17,Samba 2,236.5,236.5,Pettah
2025-04-21,Samba 2,233.5,233.5,Pettah
2025-04-22,Samba 2,236.5,236.5,Pettah
2025-04-23,Samba 2,236.5,236.5,Pettah
2025-04-24,Samba 2,236.5,236.5,Pettah
2025-04-25,Samba 2,236.5,236.5,Pettah
2025-04-28,Samba 2,236.5,236.5,Pettah
2025-04-29,Samba 2,236.5,236.5,Pettah
2025-05-02,Samba 2,236.5,236.5,Pettah
2025-05-05,Samba 2,236.5,236.5,Pettah
2025-05-06,Samba 2,236.5,236.5,Pettah
2025-05-07,Samba 2,236.5,236.5,Pettah
2025-05-08,Samba 2,236.5,236.5,Pettah
2025-05-09,Samba 2,236.5,236.5,Pettah
2025-05-14,Samba 2,236.5,236.5,Pettah
2025-05-15,Samba 2,236.5,236.5,Pettah
2025-05-16,Samba 2,236.5,236.5,Pettah
2025-05-19,Samba 2,236.5,236.5,Pettah
2025-05-20,Samba 2,236.5,236.5,Pettah
2025-05-21,Samba 2,236.5,236.5,Pettah
2025-05-22,Samba 2,236.5,236.5,Pettah
2025-05-23,Samba 2,236.5,236.5,Pettah
2025-05-26,Samba 2,236.5,236.5,Pettah
2025-05-27,Samba 2,236.5,236.5,Pettah
2025-05-28,Samba 2,236.5,236.5,Pettah
2025-05-29,Samba 2,236.5,236.5,Pettah
2025-05-30,Samba 2,236.5,236.5,Pettah
2025-06-02,Samba 2,239.0,239.0,Pettah
2025-06-03,Samba 2,236.5,236.5,Pettah
2025-06-04,Samba 2,236.5,236.5,Pettah
2025-06-05,Samba 2,236.5,236.5,Pettah
2025-06-06,Samba 2,236.5,236.5,Pettah
2025-06-09,Samba 2,236.5,236.5,Pettah
2025-06-11,Samba 2,236.5,236.5,Pettah
2025-06-12,Samba 2,236.5,236.5,Pettah
2025-06-13,Samba 2,236.5,236.5,Pettah
2025-06-16,Samba 2,236.5,236.5,Pettah
2025-06-17,Samba 2,236.5,236.5,Pettah
2025-06-18,Samba 2,236.5,236.5,Pettah
2025-06-19,Samba 2,236.5,236.5,Pettah
2025-06-20,Samba 2,236.5,236.5,Pettah
2025-06-23,Samba 2,236.5,236.5,Pettah
2025-06-24,Samba 2,236.5,236.5,Pettah
2025-06-25,Samba 2,236.5,236.5,Pettah
2025-06-26,Samba 2,236.5,236.5,Pettah
2025-06-27,Samba 2,236.5,236.5,Pettah
2025-06-30,Samba 2,236.5,236.5,Pettah
2025-07-01,Samba 2,236.5,236.5,Pettah
2025-07-07,Samba 2,231.5,231.5,Pettah
2025-07-08,Samba 2,231.0,231.0,Pettah
2025-07-09,Samba 2,231.0,231.0,Pettah
2025-07-11,Samba 2,229.0,229.0,Pettah
2025-07-14,Samba 2,231.0,231.0,Pettah
2025-07-15,Samba 2,231.0,231.0,Pettah
2025-07-16,Samba 2,231.0,231.0,Pettah
2025-07-17,Samba 2,231.0,231.0,Pettah
2025-07-18,Samba 2,231.0,231.0,Pettah
2025-07-21,Samba 2,231.0,231.0,Pettah
2025-07-22,Samba 2,231.0,231.0,Pettah
2025-07-23,Samba 2,231.0,231.0,Pettah
2025-07-24,Samba 2,231.0,231.0,Pettah
2025-07-25,Samba 2,231.0,231.0,Pettah
2025-07-28,Samba 2,231.0,231.0,Pettah
2025-07-29,Samba 2,231.0,231.0,Pettah
2025-07-30,Samba 2,231.0,231.0,Pettah
2025-07-31,Samba 2,231.0,231.0,Pettah
2025-08-01,Samba 2,231.0,231.0,Pettah
2025-08-04,Samba 2,226.5,226.5,Pettah
2025-08-05,Samba 2,226.5,226.5,Pettah
2025-08-06,Samba 2,226.5,226.5,Pettah
2025-08-07,Samba 2,226.5,226.5,Pettah
2025-08-11,Samba 2,226.5,226.5,Pettah
2025-08-12,Samba 2,226.5,226.5,Pettah
2025-08-13,Samba 2,226.5,226.5,Pettah
2025-08-14,Samba 2,226.5,226.5,Pettah
2025-08-15,Samba 2,226.5,226.5,Pettah
2025-08-18,Samba 2,221.0,221.0,Pettah
2025-08-19,Samba 2,222.5,222.5,Pettah
2025-08-20,Samba 2,221.0,221.0,Pettah
2025-08-21,Samba 2,221.0,221.0,Pettah
2025-08-22,Samba 2,221.0,221.0,Pettah
2025-08-25,Samba 2,221.0,221.0,Pettah
2025-08-26,Samba 2,221.0,221.0,Pettah
2025-08-27,Samba 2,221.0,221.0,Pettah
2025-08-28,Samba 2,221.0,221.0,Pettah
2025-08-29,Samba 2,226.5,226.5,Pettah
2025-09-01,Samba 2,227.0,227.0,Pettah
2025-09-02,Samba 2,226.2,226.2,Pettah
2025-09-03,Samba 2,230.8,230.8,Pettah
2025-09-04,Samba 2,231.2,231.2,Pettah
2025-09-08,Samba 2,232.0,232.0,Pettah
2025-09-09,Samba 2,231.0,231.0,Pettah
2025-09-10,Samba 2,235.5,235.5,Pettah
2025-09-11,Samba 2,236.25,236.25,Pettah
2025-09-12,Samba 2,236.25,236.25,Pettah
2025-09-15,Samba 2,236.5,236.5,Pettah
2025-09-16,Samba 2,232.5,232.5,Pettah
2025-09-17,Samba 2,236.5,236.5,Pettah
2025-09-18,Samba 2,239.0,239.0,Pettah
2025-09-19,Samba 2,239.0,239.0,Pettah
2025-09-22,Samba 2,239.0,239.0,Pettah
2025-09-23,Samba 2,238.8,238.8,Pettah
2025-09-24,Samba 2,238.8,238.8,Pettah
2025-09-25,Samba 2,238.8,238.8,Pettah
2025-09-26,Samba 2,238.8,238.8,Pettah
2025-09-29,Samba 2,239.2,239.2,Pettah
2025-09-30,Samba 2,239.2,239.2,Pettah
2025-10-01,Samba 2,240.8,240.8,Pettah
2025-10-02,Samba 2,240.8,240.8,Pettah
2025-10-03,Samba 2,240.8,240.8,Pettah
2025-10-07,Samba 2,240.5,240.5,Pettah
2025-10-08,Samba 2,241.0,241.0,Pettah
2025-10-09,Samba 2,241.0,241.0,Pettah
2025-10-10,Samba 2,241.0,241.0,Pettah
2025-10-13,Samba 2,241.0,241.0,Pettah
2025-10-14,Samba 2,241.0,241.0,Pettah
2025-10-15,Samba 2,241.0,241.0,Pettah
2025-10-16,Samba 2,241.0,241.0,Pettah
2025-10-17,Samba 2,241.0,241.0,Pettah
2025-10-21,Samba 2,241.0,241.0,Pettah
2025-10-22,Samba 2,241.0,241.0,Pettah
2025-10-23,Samba 2,241.0,241.0,Pettah
2025-10-24,Samba 2,236.0,236.0,Pettah
2025-10-27,Samba 2,236.0,236.0,Pettah
2025-10-28,Samba 2,236.0,236.0,Pettah
2025-10-29,Samba 2,236.0,236.0,Pettah
2025-10-30,Samba 2,236.0,236.0,Pettah
2025-10-31,Samba 2,236.0,236.0,Pettah
2025-11-03,Samba 2,236.0,236.0,Pettah
2025-11-04,Samba 2,236.0,236.0,Pettah
2025-11-06,Samba 2,236.5,236.5,Pettah
2025-11-07,Samba 2,236.5,236.5,Pettah
2025-11-10,Samba 2,236.5,236.5,Pettah
2025-11-11,Samba 2,236.5,236.5,Pettah
2025-11-12,Samba 2,236.5,236.5,Pettah
2025-11-13,Samba 2,236.5,236.5,Pettah
2025-11-14,Samba 2,233.5,233.5,Pettah
2025-11-17,Samba 2,233.5,233.5,Pettah
2025-11-18,Samba 2,235.75,235.75,Pettah
2025-11-19,Samba 2,235.75,235.75,Pettah
2025-11-20,Samba 2,235.75,235.75,Pettah
2025-11-21,Samba 2,236.5,236.5,Pettah
2025-11-24,Samba 2,236.5,236.5,Pettah
2025-11-25,Samba 2,236.5,236.5,Pettah
2025-11-26,Samba 2,236.5,236.5,Pettah
2025-11-27,Samba 2,236.5,236.5,Pettah
2025-12-01,Samba 2,236.5,236.5,Pettah
2025-12-02,Samba 2,236.5,236.5,Pettah
2025-12-03,Samba 2,236.5,236.5,Pettah
2025-12-05,Samba 2,241.0,241.0,Pettah
2025-12-08,Samba 2,243.5,243.5,Pettah
2025-12-09,Samba 2,246.5,246.5,Pettah
2025-12-10,Samba 2,246.5,246.5,Pettah
2025-12-11,Samba 2,246.5,246.5,Pettah
2025-12-12,Samba 2,246.5,246.5,Pettah
2025-12-15,Samba 2,251.0,251.0,Pettah
2025-12-16,Samba 2,251.0,251.0,Pettah
2025-12-17,Samba 2,246.25,246.25,Pettah
2025-12-18,Samba 2,251.67,251.67,Pettah
2025-12-19,Samba 2,256.0,256.0,Pettah
2025-12-22,Samba 2,256.0,256.0,Pettah
2025-12-23,Samba 2,256.0,256.0,Pettah
2025-12-24,Samba 2,256.0,256.0,Pettah
2025-12-26,Samba 2,260.67,260.67,Pettah
2025-12-29,Samba 2,261.33,261.33,Pettah
2025-12-30,Samba 2,261.0,261.0,Pettah
2025-12-31,Samba 2,260.67,260.67,Pettah
2026-01-01,Samba 2,261.0,261.0,Pettah
2026-01-02,Samba 2,261.0,261.0,Pettah
2026-01-05,Samba 2,261.0,261.0,Pettah
2026-01-06,Samba 2,261.0,261.0,Pettah
2026-01-07,Samba 2,261.0,261.0,Pettah
2026-01-08,Samba 2,261.0,261.0,Pettah
2026-01-09,Samba 2,261.0,261.0,Pettah
2026-01-12,Samba 2,261.0,261.0,Pettah
2026-01-13,Samba 2,259.5,259.5,Pettah
2026-01-16,Samba 2,256.5,256.5,Pettah
2026-01-19,Samba 2,256.5,256.5,Pettah
2026-01-20,Samba 2,256.5,256.5,Pettah
2026-01-21,Samba 2,256.5,256.5,Pettah
2026-01-22,Samba 2,256.5,256.5,Pettah
2026-01-23,Samba 2,256.5,256.5,Pettah
2026-01-26,Samba 2,250.5,250.5,Pettah
2026-01-27,Samba 2,250.5,250.5,Pettah
2026-01-28,Samba 2,250.5,250.5,Pettah
2026-01-29,Samba 2,241.0,241.0,Pettah
2026-01-30,Samba 2,241.0,241.0,Pettah
2026-02-02,Samba 2,241.0,241.0,Pettah
2026-02-03,Samba 2,241.0,241.0,Pettah
2026-02-05,Samba 2,241.0,241.0,Pettah
2026-02-06,Samba 2,241.0,241.0,Pettah
2026-02-09,Samba 2,241.0,241.0,Pettah
2026-02-10,Samba 2,241.0,241.0,Pettah
2026-02-11,Samba 2,240.5,240.5,Pettah
2026-02-12,Samba 2,241.0,241.0,Pettah
2026-02-13,Samba 2,241.0,241.0,Pettah
2026-02-16,Samba 2,240.5,240.5,Pettah
2026-02-17,Samba 2,240.5,240.5,Pettah
2026-02-18,Samba 2,235.75,235.75,Pettah
2026-02-19,Samba 2,236.5,236.5,Pettah
2026-02-20,Samba 2,236.5,236.5,Pettah
2026-02-23,Samba 2,236.5,236.5,Pettah
2026-02-24,Samba 2,236.5,236.5,Pettah
2026-02-25,Samba 2,236.5,236.5,Pettah
2026-02-26,Samba 2,236.5,236.5,Pettah
2026-02-27,Samba 2,236.5,236.5,Pettah
2026-03-03,Samba 2,236.5,236.5,Pettah
2026-03-04,Samba 2,236.5,236.5,Pettah
2026-03-05,Samba 2,236.5,236.5,Pettah
2026-03-06,Samba 2,236.5,236.5,Pettah
2026-03-09,Samba 2,236.5,236.5,Pettah
2026-03-10,Samba 2,236.5,236.5,Pettah
2026-03-11,Samba 2,236.5,236.5,Pettah
2026-03-12,Samba 2,236.5,236.5,Pettah
2026-03-13,Samba 2,236.5,236.5,Pettah
2026-03-16,Samba 2,236.5,236.5,Pettah
2026-03-17,Samba 2,236.5,236.5,Pettah
2026-03-18,Samba 2,236.5,236.5,Pettah
2026-03-19,Samba 2,241.25,241.25,Pettah
2026-03-20,Samba 2,241.0,241.0,Pettah
2026-03-23,Samba 2,241.0,241.0,Pettah
2026-03-24,Samba 2,241.0,241.0,Pettah
2026-03-25,Samba 2,246.5,246.5,Pettah
2026-03-26,Samba 2,246.5,246.5,Pettah
2026-03-27,Samba 2,246.5,246.5,Pettah
2026-03-30,Samba 2,245.0,245.0,Pettah
2026-03-31,Samba 2,246.5,246.5,Pettah
2026-04-02,Samba 2,246.5,246.5,Pettah
2026-04-06,Samba 2,246.5,246.5,Pettah
2026-04-07,Samba 2,246.5,246.5,Pettah
2026-04-08,Samba 2,246.5,246.5,Pettah
2026-04-09,Samba 2,246.5,246.5,Pettah
2026-04-10,Samba 2,246.5,246.5,Pettah
2026-04-20,Samba 2,251.0,251.0,Pettah
2026-04-21,Samba 2,251.0,251.0,Pettah
2026-04-22,Samba 2,251.0,251.0,Pettah
2026-04-23,Samba 2,251.0,251.0,Pettah
2026-04-24,Samba 2,251.0,251.0,Pettah
2026-04-27,Samba 2,251.0,251.0,Pettah
2026-04-28,Samba 2,251.0,251.0,Pettah
2026-04-29,Samba 2,251.0,251.0,Pettah
2026-04-30,Samba 2,251.0,251.0,Pettah
2026-05-04,Samba 2,246.5,246.5,Pettah
2026-05-05,Samba 2,247.5,247.5,Pettah
2026-05-06,Samba 2,246.5,246.5,Pettah
2026-05-07,Samba 2,251.0,251.0,Pettah
2026-05-08,Samba 2,246.5,246.5,Pettah
2026-05-11,Samba 2,246.5,246.5,Pettah
2026-05-12,Samba 2,246.5,246.5,Pettah
2026-05-13,Samba 2,246.5,246.5,Pettah
2026-05-14,Samba 2,246.5,246.5,Pettah
2026-05-15,Samba 2,246.5,246.5,Pettah
2026-05-18,Samba 2,246.5,246.5,Pettah
2026-05-19,Samba 2,246.5,246.5,Pettah
2026-05-20,Samba 2,246.5,246.5,Pettah
2026-05-21,Samba 2,246.5,246.5,Pettah
2026-05-22,Samba 2,246.5,246.5,Pettah
2026-05-25,Samba 2,235.75,235.75,Pettah
2026-05-26,Samba 2,236.5,236.5,Pettah
2026-05-27,Samba 2,236.5,236.5,Pettah
2026-05-29,Samba 2,236.5,236.5,Pettah
2026-06-01,Samba 2,236.5,236.5,Pettah
2026-06-02,Samba 2,236.5,236.5,Pettah
2026-06-03,Samba 2,236.5,236.5,Pettah
2026-06-04,Samba 2,236.5,236.5,Pettah
2026-06-05,Samba 2,236.5,236.5,Pettah
2026-06-08,Samba 2,236.5,236.5,Pettah
2026-06-09,Samba 2,236.5,236.5,Pettah
2026-06-10,Samba 2,236.5,236.5,Pettah
2026-06-11,Samba 2,236.5,236.5,Pettah
2026-06-12,Samba 2,236.5,236.5,Pettah
2026-06-15,Samba 2,236.5,236.5,Pettah
2026-06-16,Samba 2,236.5,236.5,Pettah
2026-06-17,Samba 2,236.5,236.5,Pettah
2026-06-18,Samba 2,236.5,236.5,Pettah
2026-06-19,Samba 2,231.0,231.0,Pettah
2026-06-22,Samba 2,231.0,231.0,Pettah
2026-06-23,Samba 2,231.6,231.6,Pettah
2026-06-24,Samba 2,231.0,231.0,Pettah
2026-06-25,Samba 2,231.5,231.5,Pettah
2026-06-26,Samba 2,231.0,231.0,Pettah
2026-06-30,Samba 2,231.0,231.0,Pettah
2026-07-01,Samba 2,231.0,231.0,Pettah
2026-07-02,Samba 2,231.0,231.0,Pettah
2026-07-03,Samba 2,231.0,231.0,Pettah
2026-07-06,Samba 2,230.4,230.4,Pettah
2026-07-07,Samba 2,230.8,230.8,Pettah
2026-07-08,Samba 2,230.8,230.8,Pettah
2026-07-09,Samba 2,230.8,230.8,Pettah
2026-07-10,Samba 2,230.8,230.8,Pettah
2026-07-13,Samba 2,230.8,230.8,Pettah
2026-07-14,Samba 2,226.0,226.0,Pettah
2026-07-15,Samba 2,226.5,226.5,Pettah
2026-07-16,Samba 2,226.0,226.0,Pettah
2026-07-17,Samba 2,226.0,226.0,Pettah
2026-07-20,Samba 2,226.0,226.0,Pettah
2026-07-21,Samba 2,226.0,226.0,Pettah
2026-07-22,Samba 2,226.0,226.0,Pettah
2026-07-23,Samba 2,226.5,226.5,Pettah
2026-07-24,Samba 2,226.0,226.0,Pettah
2026-07-27,Samba 2,226.0,226.0,Pettah
2026-07-28,Samba 2,226.0,226.0,Pettah
2026-07-30,Samba 2,226.0,226.0,Pettah
2026-07-31,Samba 2,226.0,226.0,Pettah
2026-08-03,Samba 2,221.33,221.33,Pettah
2026-08-04,Samba 2,221.33,221.33,Pettah
2026-08-05,Samba 2,221.33,221.33,Pettah
2026-08-06,Samba 2,221.33,221.33,Pettah
2026-08-07,Samba 2,221.33,221.33,Pettah
