Report_Date,Original_Price,Converted_Price_per_kg,Item,Market
2017-06-29,3960.0,79.2,Imported Rice,Pettah
2017-06-30,3940.0,78.8,Imported Rice,Pettah
2017-07-03,3912.5,78.25,Imported Rice,Pettah
2017-07-04,3912.5,78.25,Imported Rice,Pettah
2017-07-05,3912.5,78.25,Imported Rice,Pettah
2017-07-06,3912.5,78.25,Imported Rice,Pettah
2017-07-07,3400.0,68.0,Imported Rice,Pettah
2017-07-10,3933.33,78.6666,Imported Rice,Pettah
2017-07-11,3766.67,75.3334,Imported Rice,Pettah
2017-07-12,3766.67,75.3334,Imported Rice,Pettah
2017-07-13,3940.0,78.8,Imported Rice,Pettah
2017-07-14,3860.0,77.2,Imported Rice,Pettah
2017-07-17,3900.0,78.0,Imported Rice,Pettah
2017-07-18,3940.0,78.8,Imported Rice,Pettah
2017-07-19,3891.67,77.8334,Imported Rice,Pettah
2017-07-20,3858.33,77.1666,Imported Rice,Pettah
2017-07-21,3825.0,76.5,Imported Rice,Pettah
2017-07-24,3475.0,69.5,Imported Rice,Pettah
2017-07-25,3830.0,76.6,Imported Rice,Pettah
2017-07-26,3920.0,78.4,Imported Rice,Pettah
2017-07-27,3750.0,75.0,Imported Rice,Pettah
2017-07-28,3716.67,74.3334,Imported Rice,Pettah
2017-07-31,3820.0,76.4,Imported Rice,Pettah
2017-08-01,3650.0,73.0,Imported Rice,Pettah
2017-08-02,3758.33,75.1666,Imported Rice,Pettah
2017-08-03,3433.33,68.6666,Imported Rice,Pettah
2017-08-04,3675.0,73.5,Imported Rice,Pettah
2017-08-08,3616.67,72.3334,Imported Rice,Pettah
2017-08-09,3750.0,75.0,Imported Rice,Pettah
2017-08-10,3620.0,72.4,Imported Rice,Pettah
2017-08-11,3566.67,71.3334,Imported Rice,Pettah
2017-08-14,3516.67,70.3334,Imported Rice,Pettah
2017-08-15,3583.33,71.6666,Imported Rice,Pettah
2017-08-16,3525.0,70.5,Imported Rice,Pettah
2017-08-17,3566.67,71.3334,Imported Rice,Pettah
2017-08-18,3530.0,70.6,Imported Rice,Pettah
2017-08-21,3550.0,71.0,Imported Rice,Pettah
2017-08-22,3570.0,71.4,Imported Rice,Pettah
2017-08-23,3540.0,70.8,Imported Rice,Pettah
2017-08-24,3510.0,70.2,Imported Rice,Pettah
2017-08-25,3540.0,70.8,Imported Rice,Pettah
2017-08-28,3560.0,71.2,Imported Rice,Pettah
2017-08-29,3570.0,71.4,Imported Rice,Pettah
2017-08-30,3420.0,68.4,Imported Rice,Pettah
2017-08-31,3570.0,71.4,Imported Rice,Pettah
2017-09-04,3600.0,72.0,Imported Rice,Pettah
2017-09-06,3650.0,73.0,Imported Rice,Pettah
2017-09-07,3575.0,71.5,Imported Rice,Pettah
2017-09-08,3600.0,72.0,Imported Rice,Pettah
2017-09-11,3650.0,73.0,Imported Rice,Pettah
2017-09-12,3630.0,72.6,Imported Rice,Pettah
2017-09-13,3660.0,73.2,Imported Rice,Pettah
2017-09-14,3650.0,73.0,Imported Rice,Pettah
2017-09-15,3640.0,72.8,Imported Rice,Pettah
2017-09-18,3650.0,73.0,Imported Rice,Pettah
2017-09-19,3690.0,73.8,Imported Rice,Pettah
2017-09-20,3650.0,73.0,Imported Rice,Pettah
2017-09-21,3680.0,73.6,Imported Rice,Pettah
2017-09-22,3690.0,73.8,Imported Rice,Pettah
2017-09-25,3675.0,73.5,Imported Rice,Pettah
2017-09-26,3675.0,73.5,Imported Rice,Pettah
2017-09-27,3658.33,73.1666,Imported Rice,Pettah
2017-09-28,3691.67,73.8334,Imported Rice,Pettah
2017-09-29,3616.67,72.3334,Imported Rice,Pettah
2017-10-02,3700.0,74.0,Imported Rice,Pettah
2017-10-03,3675.0,73.5,Imported Rice,Pettah
2017-10-04,3608.33,72.1666,Imported Rice,Pettah
2017-10-06,3683.33,73.6666,Imported Rice,Pettah
2017-10-09,3633.33,72.6666,Imported Rice,Pettah
2017-10-10,3583.33,71.6666,Imported Rice,Pettah
2017-10-11,3600.0,72.0,Imported Rice,Pettah
2017-10-12,3608.33,72.1666,Imported Rice,Pettah
2017-10-13,3658.33,73.1666,Imported Rice,Pettah
2017-10-16,3600.0,72.0,Imported Rice,Pettah
2017-10-17,3600.0,72.0,Imported Rice,Pettah
2017-10-19,3641.67,72.8334,Imported Rice,Pettah
2017-10-20,3566.67,71.3334,Imported Rice,Pettah
2017-10-30,3550.0,71.0,Imported Rice,Pettah
2017-11-01,3558.33,71.1666,Imported Rice,Pettah
2017-11-02,3558.33,71.1666,Imported Rice,Pettah
2017-11-06,3508.33,70.1666,Imported Rice,Pettah
2017-11-07,3558.33,71.1666,Imported Rice,Pettah
2017-11-08,3570.0,71.4,Imported Rice,Pettah
2017-11-09,3580.0,71.6,Imported Rice,Pettah
2017-11-10,3570.0,71.4,Imported Rice,Pettah
2017-11-13,3550.0,71.0,Imported Rice,Pettah
2017-11-14,3566.67,71.3334,Imported Rice,Pettah
2017-11-15,3575.0,71.5,Imported Rice,Pettah
2017-11-16,3558.33,71.1666,Imported Rice,Pettah
2017-11-17,3558.33,71.1666,Imported Rice,Pettah
2017-11-20,3570.0,71.4,Imported Rice,Pettah
2017-11-21,3610.0,72.2,Imported Rice,Pettah
2017-11-22,3600.0,72.0,Imported Rice,Pettah
2017-11-23,3590.0,71.8,Imported Rice,Pettah
2017-11-24,3591.67,71.8334,Imported Rice,Pettah
2017-11-27,3625.0,72.5,Imported Rice,Pettah
2017-11-28,3616.67,72.3334,Imported Rice,Pettah
2017-11-29,3616.67,72.3334,Imported Rice,Pettah
2017-11-30,3558.33,71.1666,Imported Rice,Pettah
2018-03-16,3537.5,70.75,Imported Rice,Pettah
2018-03-28,3583.33,71.6666,Imported Rice,Pettah
2018-04-02,3583.33,71.6666,Imported Rice,Pettah
2018-04-03,3633.33,72.6666,Imported Rice,Pettah
2018-04-04,3516.67,70.3334,Imported Rice,Pettah
2018-04-05,3540.0,70.8,Imported Rice,Pettah
2018-04-06,3500.0,70.0,Imported Rice,Pettah
2018-04-09,2890.0,57.8,Imported Rice,Pettah
2018-04-10,3610.0,72.2,Imported Rice,Pettah
2018-04-11,3650.0,73.0,Imported Rice,Pettah
2018-04-12,3600.0,72.0,Imported Rice,Pettah
2018-04-17,3600.0,72.0,Imported Rice,Pettah
2018-04-18,3650.0,73.0,Imported Rice,Pettah
2018-04-19,3650.0,73.0,Imported Rice,Pettah
2018-04-20,3650.0,73.0,Imported Rice,Pettah
2022-06-17,1775.0,35.5,Imported Rice,Pettah
2023-08-03,1070.0,21.4,Imported Rice,Pettah
2023-08-08,1070.0,21.4,Imported Rice,Pettah
2023-08-09,1040.0,20.8,Imported Rice,Pettah
2023-08-10,1020.0,20.4,Imported Rice,Pettah
2023-08-11,1020.0,20.4,Imported Rice,Pettah
2023-08-14,1070.0,21.4,Imported Rice,Pettah
2023-08-15,1030.0,20.6,Imported Rice,Pettah
2023-08-16,1026.0,20.52,Imported Rice,Pettah
2023-08-17,1030.0,20.6,Imported Rice,Pettah
2023-08-18,1030.0,20.6,Imported Rice,Pettah
2023-08-21,1030.0,20.6,Imported Rice,Pettah
2023-08-22,1030.0,20.6,Imported Rice,Pettah
2023-08-23,1030.0,20.6,Imported Rice,Pettah
2023-08-24,1030.0,20.6,Imported Rice,Pettah
2023-08-25,1030.0,20.6,Imported Rice,Pettah
2023-08-28,1030.0,20.6,Imported Rice,Pettah
2023-08-29,1030.0,20.6,Imported Rice,Pettah
2023-08-31,1030.0,20.6,Imported Rice,Pettah
2023-09-01,1030.0,20.6,Imported Rice,Pettah
2023-09-04,980.0,19.6,Imported Rice,Pettah
2023-09-07,980.0,19.6,Imported Rice,Pettah
2023-09-08,1020.0,20.4,Imported Rice,Pettah
2023-09-11,1020.0,20.4,Imported Rice,Pettah
2023-09-12,1020.0,20.4,Imported Rice,Pettah
2023-09-13,1020.0,20.4,Imported Rice,Pettah
2023-09-14,1020.0,20.4,Imported Rice,Pettah
2023-09-15,1020.0,20.4,Imported Rice,Pettah
2023-09-18,1020.0,20.4,Imported Rice,Pettah
2023-09-19,1020.0,20.4,Imported Rice,Pettah
2023-09-20,1020.0,20.4,Imported Rice,Pettah
2023-09-21,1020.0,20.4,Imported Rice,Pettah
2023-09-22,1020.0,20.4,Imported Rice,Pettah
2023-09-25,1020.0,20.4,Imported Rice,Pettah
2023-09-26,1020.0,20.4,Imported Rice,Pettah
2023-10-02,1020.0,20.4,Imported Rice,Pettah
2023-10-03,1020.0,20.4,Imported Rice,Pettah
2023-10-04,1020.0,20.4,Imported Rice,Pettah
2023-10-05,1020.0,20.4,Imported Rice,Pettah
2023-10-06,1020.0,20.4,Imported Rice,Pettah
2023-10-09,1040.0,20.8,Imported Rice,Pettah
2023-10-10,1040.0,20.8,Imported Rice,Pettah
2023-10-11,1020.0,20.4,Imported Rice,Pettah
2023-10-12,1040.0,20.8,Imported Rice,Pettah
2023-10-13,1040.0,20.8,Imported Rice,Pettah
2023-10-16,1020.0,20.4,Imported Rice,Pettah
2023-10-17,1020.0,20.4,Imported Rice,Pettah
2023-10-18,1020.0,20.4,Imported Rice,Pettah
2023-10-19,1020.0,20.4,Imported Rice,Pettah
2023-10-20,1020.0,20.4,Imported Rice,Pettah
2023-10-23,1020.0,20.4,Imported Rice,Pettah
2023-10-24,1020.0,20.4,Imported Rice,Pettah
2023-10-25,1020.0,20.4,Imported Rice,Pettah
2023-10-26,1020.0,20.4,Imported Rice,Pettah
2023-10-27,1040.0,20.8,Imported Rice,Pettah
2023-10-30,1020.0,20.4,Imported Rice,Pettah
2023-10-31,1020.0,20.4,Imported Rice,Pettah
2023-11-01,1020.0,20.4,Imported Rice,Pettah
2023-11-02,1020.0,20.4,Imported Rice,Pettah
2023-11-03,1020.0,20.4,Imported Rice,Pettah
2023-11-06,1020.0,20.4,Imported Rice,Pettah
2023-11-07,1020.0,20.4,Imported Rice,Pettah
2023-11-08,1020.0,20.4,Imported Rice,Pettah
2023-11-09,1020.0,20.4,Imported Rice,Pettah
2023-11-10,1020.0,20.4,Imported Rice,Pettah
2023-11-13,1020.0,20.4,Imported Rice,Pettah
2023-11-14,1020.0,20.4,Imported Rice,Pettah
2023-11-15,1020.0,20.4,Imported Rice,Pettah
2023-11-16,1020.0,20.4,Imported Rice,Pettah
2023-11-17,1020.0,20.4,Imported Rice,Pettah
2023-11-20,1020.0,20.4,Imported Rice,Pettah
2023-11-21,1040.0,20.8,Imported Rice,Pettah
2023-11-22,1040.0,20.8,Imported Rice,Pettah
2023-11-23,1040.0,20.8,Imported Rice,Pettah
2023-11-24,1056.0,21.12,Imported Rice,Pettah
2023-11-27,1030.0,20.6,Imported Rice,Pettah
2023-11-28,1030.0,20.6,Imported Rice,Pettah
2023-12-01,1030.0,20.6,Imported Rice,Pettah
2023-12-04,1030.0,20.6,Imported Rice,Pettah
2023-12-05,1030.0,20.6,Imported Rice,Pettah
2023-12-06,1030.0,20.6,Imported Rice,Pettah
2023-12-07,1030.0,20.6,Imported Rice,Pettah
2023-12-08,1022.0,20.44,Imported Rice,Pettah
2023-12-11,1030.0,20.6,Imported Rice,Pettah
2023-12-12,1030.0,20.6,Imported Rice,Pettah
2023-12-13,1060.0,21.2,Imported Rice,Pettah
2023-12-14,1060.0,21.2,Imported Rice,Pettah
2023-12-15,1060.0,21.2,Imported Rice,Pettah
2023-12-18,1060.0,21.2,Imported Rice,Pettah
2023-12-19,1060.0,21.2,Imported Rice,Pettah
2023-12-20,1060.0,21.2,Imported Rice,Pettah
2023-12-21,1060.0,21.2,Imported Rice,Pettah
2023-12-22,1060.0,21.2,Imported Rice,Pettah
2023-12-27,1060.0,21.2,Imported Rice,Pettah
2023-12-28,1060.0,21.2,Imported Rice,Pettah
2023-12-29,1040.0,20.8,Imported Rice,Pettah
2024-01-01,1040.0,20.8,Imported Rice,Pettah
2024-01-02,1030.0,20.6,Imported Rice,Pettah
2024-01-03,1030.0,20.6,Imported Rice,Pettah
2024-01-04,1030.0,20.6,Imported Rice,Pettah
2024-01-05,1030.0,20.6,Imported Rice,Pettah
2024-01-08,1030.0,20.6,Imported Rice,Pettah
2024-01-09,1030.0,20.6,Imported Rice,Pettah
2024-01-10,1030.0,20.6,Imported Rice,Pettah
2024-01-11,1000.0,20.0,Imported Rice,Pettah
2024-01-12,1022.0,20.44,Imported Rice,Pettah
2024-01-16,980.0,19.6,Imported Rice,Pettah
2021-10-28,6425.0,128.5,Keeri Samba,Pettah
2021-10-29,6500.0,130.0,Keeri Samba,Pettah
2021-11-01,6750.0,135.0,Keeri Samba,Pettah
2021-11-02,6750.0,135.0,Keeri Samba,Pettah
2021-11-03,6750.0,135.0,Keeri Samba,Pettah
2017-03-01,3437.5,68.75,Nadu,Pettah
2017-03-02,3425.0,68.5,Nadu,Pettah
2017-03-03,3450.0,69.0,Nadu,Pettah
2017-03-06,3400.0,68.0,Nadu,Pettah
2017-03-07,3370.0,67.4,Nadu,Pettah
2017-03-08,3400.0,68.0,Nadu,Pettah
2017-03-09,3420.0,68.4,Nadu,Pettah
2017-03-10,3370.0,67.4,Nadu,Pettah
2017-03-13,3387.5,67.75,Nadu,Pettah
2017-03-14,3387.5,67.75,Nadu,Pettah
2017-03-15,3350.0,67.0,Nadu,Pettah
2017-03-16,3410.0,68.2,Nadu,Pettah
2017-03-17,3375.0,67.5,Nadu,Pettah
2017-03-20,3370.0,67.4,Nadu,Pettah
2017-03-21,3460.0,69.2,Nadu,Pettah
2017-03-22,3412.5,68.25,Nadu,Pettah
2017-03-23,3437.5,68.75,Nadu,Pettah
2017-03-24,3440.0,68.8,Nadu,Pettah
2017-03-27,3400.0,68.0,Nadu,Pettah
2017-03-28,3525.0,70.5,Nadu,Pettah
2017-03-29,3450.0,69.0,Nadu,Pettah
2017-03-30,3370.0,67.4,Nadu,Pettah
2017-03-31,3440.0,68.8,Nadu,Pettah
2017-04-03,3400.0,68.0,Nadu,Pettah
2017-04-04,3400.0,68.0,Nadu,Pettah
2017-04-05,3400.0,68.0,Nadu,Pettah
2017-04-06,3400.0,68.0,Nadu,Pettah
2017-04-07,3380.0,67.6,Nadu,Pettah
2017-04-11,3330.0,66.6,Nadu,Pettah
2017-04-12,3420.0,68.4,Nadu,Pettah
2017-04-17,3400.0,68.0,Nadu,Pettah
2017-04-18,3400.0,68.0,Nadu,Pettah
2017-04-19,3400.0,68.0,Nadu,Pettah
2017-04-20,3350.0,67.0,Nadu,Pettah
2017-04-21,3416.67,68.3334,Nadu,Pettah
2017-04-24,3416.67,68.3334,Nadu,Pettah
2017-04-25,3416.67,68.3334,Nadu,Pettah
2017-04-26,3525.0,70.5,Nadu,Pettah
2017-04-27,3512.5,70.25,Nadu,Pettah
2017-04-28,3512.5,70.25,Nadu,Pettah
2017-05-02,3520.0,70.4,Nadu,Pettah
2017-05-03,3470.0,69.4,Nadu,Pettah
2017-05-04,3490.0,69.8,Nadu,Pettah
2017-05-05,3510.0,70.2,Nadu,Pettah
2017-05-08,3550.0,71.0,Nadu,Pettah
2017-05-09,3550.0,71.0,Nadu,Pettah
2017-05-12,3540.0,70.8,Nadu,Pettah
2017-05-15,3580.0,71.6,Nadu,Pettah
2017-05-16,3590.0,71.8,Nadu,Pettah
2017-05-17,3537.5,70.75,Nadu,Pettah
2017-05-18,3610.0,72.2,Nadu,Pettah
2017-05-19,3610.0,72.2,Nadu,Pettah
2017-05-23,3725.0,74.5,Nadu,Pettah
2017-05-24,3700.0,74.0,Nadu,Pettah
2017-05-25,3690.0,73.8,Nadu,Pettah
2017-05-26,3675.0,73.5,Nadu,Pettah
2017-05-29,3662.5,73.25,Nadu,Pettah
2017-05-30,3575.0,71.5,Nadu,Pettah
2017-05-31,3640.0,72.8,Nadu,Pettah
2017-06-02,3790.0,75.8,Nadu,Pettah
2017-06-05,3690.0,73.8,Nadu,Pettah
2017-06-06,3590.0,71.8,Nadu,Pettah
2017-06-07,3750.0,75.0,Nadu,Pettah
2017-06-09,3810.0,76.2,Nadu,Pettah
2017-06-12,3820.0,76.4,Nadu,Pettah
2017-06-13,3770.0,75.4,Nadu,Pettah
2017-06-14,3800.0,76.0,Nadu,Pettah
2017-06-15,3820.0,76.4,Nadu,Pettah
2017-06-16,3862.5,77.25,Nadu,Pettah
2017-06-19,3880.0,77.6,Nadu,Pettah
2017-06-20,3912.5,78.25,Nadu,Pettah
2017-06-21,3920.0,78.4,Nadu,Pettah
2017-06-22,3910.0,78.2,Nadu,Pettah
2017-06-23,3920.0,78.4,Nadu,Pettah
2017-06-27,3940.0,78.8,Nadu,Pettah
2017-06-28,3910.0,78.2,Nadu,Pettah
2017-10-23,3566.67,71.3334,Nadu,Pettah
2017-10-24,3583.33,71.6666,Nadu,Pettah
2017-10-25,3583.33,71.6666,Nadu,Pettah
2017-10-26,3575.0,71.5,Nadu,Pettah
2017-10-27,3583.33,71.6666,Nadu,Pettah
2017-10-31,3550.0,71.0,Nadu,Pettah
2017-12-04,3583.33,71.6666,Nadu,Pettah
2017-12-05,3583.33,71.6666,Nadu,Pettah
2017-12-06,3666.67,73.3334,Nadu,Pettah
2017-12-07,3591.67,71.8334,Nadu,Pettah
2017-12-08,3583.33,71.6666,Nadu,Pettah
2017-12-11,3658.33,73.1666,Nadu,Pettah
2017-12-12,3591.67,71.8334,Nadu,Pettah
2017-12-13,3590.0,71.8,Nadu,Pettah
2017-12-14,3620.0,72.4,Nadu,Pettah
2017-12-15,3600.0,72.0,Nadu,Pettah
2017-12-18,3583.33,71.6666,Nadu,Pettah
2017-12-19,3625.0,72.5,Nadu,Pettah
2017-12-20,3591.67,71.8334,Nadu,Pettah
2017-12-21,3583.33,71.6666,Nadu,Pettah
2017-12-22,3566.67,71.3334,Nadu,Pettah
2017-12-26,3566.67,71.3334,Nadu,Pettah
2017-12-27,3533.33,70.6666,Nadu,Pettah
2017-12-28,3520.0,70.4,Nadu,Pettah
2017-12-29,3537.5,70.75,Nadu,Pettah
2018-01-02,3610.0,72.2,Nadu,Pettah
2018-01-03,3520.0,70.4,Nadu,Pettah
2018-01-04,3600.0,72.0,Nadu,Pettah
2018-01-05,3540.0,70.8,Nadu,Pettah
2018-01-08,3500.0,70.0,Nadu,Pettah
2018-01-09,3660.0,73.2,Nadu,Pettah
2018-01-10,3630.0,72.6,Nadu,Pettah
2018-01-11,3610.0,72.2,Nadu,Pettah
2018-01-12,3660.0,73.2,Nadu,Pettah
2018-01-15,3530.0,70.6,Nadu,Pettah
2018-01-16,3530.0,70.6,Nadu,Pettah
2018-01-17,3530.0,70.6,Nadu,Pettah
2018-01-18,3570.0,71.4,Nadu,Pettah
2018-01-19,3480.0,69.6,Nadu,Pettah
2018-01-22,3510.0,70.2,Nadu,Pettah
2018-01-23,3541.67,70.8334,Nadu,Pettah
2018-01-24,3610.0,72.2,Nadu,Pettah
2018-01-25,3566.67,71.3334,Nadu,Pettah
2018-01-26,3540.0,70.8,Nadu,Pettah
2018-01-29,3537.5,70.75,Nadu,Pettah
2018-01-30,3525.0,70.5,Nadu,Pettah
2018-02-01,3550.0,71.0,Nadu,Pettah
2018-02-02,3610.0,72.2,Nadu,Pettah
2018-02-05,3570.0,71.4,Nadu,Pettah
2018-02-07,3580.0,71.6,Nadu,Pettah
2018-02-08,3570.0,71.4,Nadu,Pettah
2018-02-09,3640.0,72.8,Nadu,Pettah
2018-02-12,3540.0,70.8,Nadu,Pettah
2018-02-14,3520.0,70.4,Nadu,Pettah
2018-02-15,3540.0,70.8,Nadu,Pettah
2018-02-16,3540.0,70.8,Nadu,Pettah
2018-02-19,3550.0,71.0,Nadu,Pettah
2018-02-20,3550.0,71.0,Nadu,Pettah
2018-02-21,3520.0,70.4,Nadu,Pettah
2018-02-22,3530.0,70.6,Nadu,Pettah
2018-02-23,3520.0,70.4,Nadu,Pettah
2018-02-26,3530.0,70.6,Nadu,Pettah
2018-02-27,3540.0,70.8,Nadu,Pettah
2018-02-28,3550.0,71.0,Nadu,Pettah
2018-03-02,3540.0,70.8,Nadu,Pettah
2018-03-05,3612.5,72.25,Nadu,Pettah
2018-03-06,3612.5,72.25,Nadu,Pettah
2018-03-07,3550.0,71.0,Nadu,Pettah
2018-03-08,3587.5,71.75,Nadu,Pettah
2018-03-09,3570.0,71.4,Nadu,Pettah
2018-03-12,3610.0,72.2,Nadu,Pettah
2018-03-13,3637.5,72.75,Nadu,Pettah
2018-03-14,3560.0,71.2,Nadu,Pettah
2018-03-15,3610.0,72.2,Nadu,Pettah
2018-03-19,3500.0,70.0,Nadu,Pettah
2018-03-20,3500.0,70.0,Nadu,Pettah
2018-03-21,3500.0,70.0,Nadu,Pettah
2018-03-22,3533.33,70.6666,Nadu,Pettah
2018-03-23,3540.0,70.8,Nadu,Pettah
2018-03-26,3520.0,70.4,Nadu,Pettah
2018-03-27,3675.0,73.5,Nadu,Pettah
2023-04-19,1080.0,21.6,Nadu,Pettah
2023-04-20,1080.0,21.6,Nadu,Pettah
2023-04-21,1080.0,21.6,Nadu,Pettah
2023-04-24,1110.0,22.2,Nadu,Pettah
2023-04-27,1086.0,21.72,Nadu,Pettah
2023-05-02,1102.0,22.04,Nadu,Pettah
2023-05-03,1096.0,21.92,Nadu,Pettah
2023-05-09,1090.0,21.8,Nadu,Pettah
2023-05-10,1105.0,22.1,Nadu,Pettah
2023-05-11,1088.0,21.76,Nadu,Pettah
2023-05-12,1052.0,21.04,Nadu,Pettah
2023-05-15,1092.0,21.84,Nadu,Pettah
2023-05-17,1040.0,20.8,Nadu,Pettah
2023-05-18,1052.0,21.04,Nadu,Pettah
2023-05-19,972.0,19.44,Nadu,Pettah
2023-05-22,1110.0,22.2,Nadu,Pettah
2023-05-23,1000.0,20.0,Nadu,Pettah
2023-05-24,984.0,19.68,Nadu,Pettah
2023-06-26,960.0,19.2,Nadu,Pettah
2023-06-27,1020.0,20.4,Nadu,Pettah
2023-06-28,1044.0,20.88,Nadu,Pettah
2023-06-30,1084.0,21.68,Nadu,Pettah
2023-07-04,1090.0,21.8,Nadu,Pettah
2023-07-05,1124.0,22.48,Nadu,Pettah
2023-07-06,1124.0,22.48,Nadu,Pettah
2023-07-07,1130.0,22.6,Nadu,Pettah
2023-07-10,1130.0,22.6,Nadu,Pettah
2023-07-11,1088.0,21.76,Nadu,Pettah
2023-07-12,1090.0,21.8,Nadu,Pettah
2023-07-13,1120.0,22.4,Nadu,Pettah
2023-07-14,1110.0,22.2,Nadu,Pettah
2023-07-17,1090.0,21.8,Nadu,Pettah
2023-07-18,1110.0,22.2,Nadu,Pettah
2023-07-19,1088.0,21.76,Nadu,Pettah
2023-07-20,1070.0,21.4,Nadu,Pettah
2023-07-21,1076.0,21.52,Nadu,Pettah
2023-07-25,1130.0,22.6,Nadu,Pettah
2023-07-26,1070.0,21.4,Nadu,Pettah
2023-07-27,1070.0,21.4,Nadu,Pettah
2023-07-28,1070.0,21.4,Nadu,Pettah
2023-07-31,1070.0,21.4,Nadu,Pettah
2023-08-02,1070.0,21.4,Nadu,Pettah
2023-08-04,1070.0,21.4,Nadu,Pettah
2023-08-07,1070.0,21.4,Nadu,Pettah
2015-06-22,3420.0,68.4,Nadu 1,Pettah
2015-06-23,3440.0,68.8,Nadu 1,Pettah
2015-06-24,3430.0,68.6,Nadu 1,Pettah
2015-06-25,3410.0,68.2,Nadu 1,Pettah
2015-06-26,3410.0,68.2,Nadu 1,Pettah
2015-06-29,3420.0,68.4,Nadu 1,Pettah
2015-06-30,3410.0,68.2,Nadu 1,Pettah
2015-07-01,3410.0,68.2,Nadu 1,Pettah
2015-07-02,3410.0,68.2,Nadu 1,Pettah
2015-07-03,3390.0,67.8,Nadu 1,Pettah
2015-07-06,3420.0,68.4,Nadu 1,Pettah
2015-07-09,3366.67,67.3334,Nadu 1,Pettah
2015-07-10,3320.0,66.4,Nadu 1,Pettah
2015-07-13,3340.0,66.8,Nadu 1,Pettah
2015-07-14,3310.0,66.2,Nadu 1,Pettah
2015-07-15,3380.0,67.6,Nadu 1,Pettah
2015-07-16,3316.67,66.3334,Nadu 1,Pettah
2015-07-17,3300.0,66.0,Nadu 1,Pettah
2015-07-20,3325.0,66.5,Nadu 1,Pettah
2015-07-21,3350.0,67.0,Nadu 1,Pettah
2015-07-22,3300.0,66.0,Nadu 1,Pettah
2015-07-24,3280.0,65.6,Nadu 1,Pettah
2015-07-27,3260.0,65.2,Nadu 1,Pettah
2015-07-28,3200.0,64.0,Nadu 1,Pettah
2015-07-29,3237.5,64.75,Nadu 1,Pettah
2015-07-30,3166.67,63.333400000000005,Nadu 1,Pettah
2015-08-03,3140.0,62.8,Nadu 1,Pettah
2015-08-04,3050.0,61.0,Nadu 1,Pettah
2015-08-05,3150.0,63.0,Nadu 1,Pettah
2015-08-06,3125.0,62.5,Nadu 1,Pettah
2015-08-07,3120.0,62.4,Nadu 1,Pettah
2015-08-10,3120.0,62.4,Nadu 1,Pettah
2015-08-11,3166.67,63.333400000000005,Nadu 1,Pettah
2015-08-12,3120.0,62.4,Nadu 1,Pettah
2015-08-13,3100.0,62.0,Nadu 1,Pettah
2015-08-14,3120.0,62.4,Nadu 1,Pettah
2015-08-20,3212.5,64.25,Nadu 1,Pettah
2015-08-21,3200.0,64.0,Nadu 1,Pettah
2015-08-24,3280.0,65.6,Nadu 1,Pettah
2015-08-25,3270.0,65.4,Nadu 1,Pettah
2015-08-26,3350.0,67.0,Nadu 1,Pettah
2015-08-27,3400.0,68.0,Nadu 1,Pettah
2015-08-28,3400.0,68.0,Nadu 1,Pettah
2015-08-31,3450.0,69.0,Nadu 1,Pettah
2015-09-01,3362.5,67.25,Nadu 1,Pettah
2015-09-02,3383.33,67.6666,Nadu 1,Pettah
2015-09-03,3340.0,66.8,Nadu 1,Pettah
2015-09-04,3400.0,68.0,Nadu 1,Pettah
2015-09-07,3400.0,68.0,Nadu 1,Pettah
2015-09-09,3416.67,68.3334,Nadu 1,Pettah
2015-09-10,3437.5,68.75,Nadu 1,Pettah
2015-09-11,3437.5,68.75,Nadu 1,Pettah
2015-09-14,3150.0,63.0,Nadu 1,Pettah
2015-09-16,3400.0,68.0,Nadu 1,Pettah
2015-09-17,3387.5,67.75,Nadu 1,Pettah
2015-09-18,3400.0,68.0,Nadu 1,Pettah
2015-09-21,3350.0,67.0,Nadu 1,Pettah
2015-09-22,3350.0,67.0,Nadu 1,Pettah
2015-09-23,3383.33,67.6666,Nadu 1,Pettah
2015-09-25,3350.0,67.0,Nadu 1,Pettah
2015-09-28,3350.0,67.0,Nadu 1,Pettah
2015-09-29,3350.0,67.0,Nadu 1,Pettah
2015-10-01,3350.0,67.0,Nadu 1,Pettah
2015-10-02,3350.0,67.0,Nadu 1,Pettah
2015-10-05,3350.0,67.0,Nadu 1,Pettah
2015-10-06,3350.0,67.0,Nadu 1,Pettah
2015-10-07,3350.0,67.0,Nadu 1,Pettah
2015-10-08,3400.0,68.0,Nadu 1,Pettah
2015-10-09,3433.33,68.6666,Nadu 1,Pettah
2015-10-12,3462.5,69.25,Nadu 1,Pettah
2015-10-13,3533.33,70.6666,Nadu 1,Pettah
2015-10-14,3470.0,69.4,Nadu 1,Pettah
2015-10-15,3400.0,68.0,Nadu 1,Pettah
2015-10-16,3500.0,70.0,Nadu 1,Pettah
2015-10-19,3483.33,69.6666,Nadu 1,Pettah
2015-10-20,3550.0,71.0,Nadu 1,Pettah
2015-10-21,3675.0,73.5,Nadu 1,Pettah
2015-10-22,3675.0,73.5,Nadu 1,Pettah
2015-10-23,3675.0,73.5,Nadu 1,Pettah
2015-10-26,3700.0,74.0,Nadu 1,Pettah
2015-10-28,3675.0,73.5,Nadu 1,Pettah
2015-10-29,3675.0,73.5,Nadu 1,Pettah
2015-10-30,3650.0,73.0,Nadu 1,Pettah
2015-11-02,3650.0,73.0,Nadu 1,Pettah
2015-11-03,3675.0,73.5,Nadu 1,Pettah
2015-11-04,3675.0,73.5,Nadu 1,Pettah
2015-11-05,3675.0,73.5,Nadu 1,Pettah
2015-11-06,3650.0,73.0,Nadu 1,Pettah
2015-11-09,3700.0,74.0,Nadu 1,Pettah
2015-11-11,3712.5,74.25,Nadu 1,Pettah
2015-11-12,3650.0,73.0,Nadu 1,Pettah
2015-11-13,3650.0,73.0,Nadu 1,Pettah
2015-11-16,3690.0,73.8,Nadu 1,Pettah
2015-11-17,3683.33,73.6666,Nadu 1,Pettah
2015-11-18,3690.0,73.8,Nadu 1,Pettah
2015-11-19,3700.0,74.0,Nadu 1,Pettah
2015-11-20,3700.0,74.0,Nadu 1,Pettah
2015-11-23,3712.5,74.25,Nadu 1,Pettah
2015-11-24,3670.0,73.4,Nadu 1,Pettah
2015-11-26,3700.0,74.0,Nadu 1,Pettah
2015-11-27,3700.0,74.0,Nadu 1,Pettah
2015-11-30,3683.33,73.6666,Nadu 1,Pettah
2015-12-01,3716.67,74.3334,Nadu 1,Pettah
2015-12-02,3750.0,75.0,Nadu 1,Pettah
2015-12-03,3733.33,74.6666,Nadu 1,Pettah
2015-12-04,3750.0,75.0,Nadu 1,Pettah
2015-12-07,3750.0,75.0,Nadu 1,Pettah
2015-12-08,3750.0,75.0,Nadu 1,Pettah
2015-12-09,3750.0,75.0,Nadu 1,Pettah
2015-12-10,3733.33,74.6666,Nadu 1,Pettah
2015-12-11,3733.33,74.6666,Nadu 1,Pettah
2015-12-14,3730.0,74.6,Nadu 1,Pettah
2015-12-15,3733.33,74.6666,Nadu 1,Pettah
2015-12-16,3700.0,74.0,Nadu 1,Pettah
2015-12-17,3700.0,74.0,Nadu 1,Pettah
2015-12-18,3733.33,74.6666,Nadu 1,Pettah
2015-12-20,3733.33,74.6666,Nadu 1,Pettah
2015-12-21,3733.33,74.6666,Nadu 1,Pettah
2015-12-22,3700.0,74.0,Nadu 1,Pettah
2015-12-23,3710.0,74.2,Nadu 1,Pettah
2015-12-28,3700.0,74.0,Nadu 1,Pettah
2015-12-29,3716.67,74.3334,Nadu 1,Pettah
2015-12-30,3700.0,74.0,Nadu 1,Pettah
2015-12-31,3700.0,74.0,Nadu 1,Pettah
2016-01-04,3700.0,74.0,Nadu 1,Pettah
2016-01-05,3700.0,74.0,Nadu 1,Pettah
2016-01-06,3675.0,73.5,Nadu 1,Pettah
2016-01-07,3700.0,74.0,Nadu 1,Pettah
2016-01-08,3700.0,74.0,Nadu 1,Pettah
2016-01-11,3700.0,74.0,Nadu 1,Pettah
2016-01-12,3666.67,73.3334,Nadu 1,Pettah
2016-01-13,3700.0,74.0,Nadu 1,Pettah
2016-01-14,3700.0,74.0,Nadu 1,Pettah
2016-01-18,3700.0,74.0,Nadu 1,Pettah
2016-01-19,3700.0,74.0,Nadu 1,Pettah
2016-01-20,3700.0,74.0,Nadu 1,Pettah
2016-01-21,3700.0,74.0,Nadu 1,Pettah
2016-01-22,3650.0,73.0,Nadu 1,Pettah
2016-01-25,3675.0,73.5,Nadu 1,Pettah
2016-01-26,3666.67,73.3334,Nadu 1,Pettah
2016-01-27,3666.67,73.3334,Nadu 1,Pettah
2016-01-28,3637.5,72.75,Nadu 1,Pettah
2016-01-29,3633.33,72.6666,Nadu 1,Pettah
2016-02-01,3700.0,74.0,Nadu 1,Pettah
2016-02-02,3566.67,71.3334,Nadu 1,Pettah
2016-02-03,3525.0,70.5,Nadu 1,Pettah
2016-02-05,3550.0,71.0,Nadu 1,Pettah
2016-02-08,3583.33,71.6666,Nadu 1,Pettah
2016-02-09,3550.0,71.0,Nadu 1,Pettah
2016-02-10,3500.0,70.0,Nadu 1,Pettah
2016-02-11,3500.0,70.0,Nadu 1,Pettah
2016-02-12,3500.0,70.0,Nadu 1,Pettah
2016-02-15,3433.33,68.6666,Nadu 1,Pettah
2016-02-16,3366.67,67.3334,Nadu 1,Pettah
2016-02-17,3383.33,67.6666,Nadu 1,Pettah
2016-02-18,3400.0,68.0,Nadu 1,Pettah
2016-02-19,3387.5,67.75,Nadu 1,Pettah
2016-02-23,3416.67,68.3334,Nadu 1,Pettah
2016-02-24,3240.0,64.8,Nadu 1,Pettah
2016-02-25,3362.5,67.25,Nadu 1,Pettah
2016-02-26,3350.0,67.0,Nadu 1,Pettah
2016-02-29,3350.0,67.0,Nadu 1,Pettah
2016-03-01,3287.5,65.75,Nadu 1,Pettah
2016-03-02,3350.0,67.0,Nadu 1,Pettah
2016-03-03,3350.0,67.0,Nadu 1,Pettah
2016-03-04,3350.0,67.0,Nadu 1,Pettah
2016-03-08,3300.0,66.0,Nadu 1,Pettah
2016-03-09,3275.0,65.5,Nadu 1,Pettah
2016-03-10,3316.67,66.3334,Nadu 1,Pettah
2016-03-11,3283.33,65.6666,Nadu 1,Pettah
2016-03-14,3283.33,65.6666,Nadu 1,Pettah
2016-03-15,3283.33,65.6666,Nadu 1,Pettah
2016-03-16,3300.0,66.0,Nadu 1,Pettah
2016-03-17,3250.0,65.0,Nadu 1,Pettah
2016-03-18,3283.33,65.6666,Nadu 1,Pettah
2016-03-21,3250.0,65.0,Nadu 1,Pettah
2016-03-23,3283.33,65.6666,Nadu 1,Pettah
2016-03-24,3300.0,66.0,Nadu 1,Pettah
2016-03-28,3425.0,68.5,Nadu 1,Pettah
2016-03-29,3450.0,69.0,Nadu 1,Pettah
2016-03-30,3466.67,69.3334,Nadu 1,Pettah
2016-03-31,3466.67,69.3334,Nadu 1,Pettah
2016-04-01,3466.67,69.3334,Nadu 1,Pettah
2016-04-04,3466.67,69.3334,Nadu 1,Pettah
2016-04-05,3483.33,69.6666,Nadu 1,Pettah
2016-04-06,3483.33,69.6666,Nadu 1,Pettah
2016-04-07,3466.67,69.3334,Nadu 1,Pettah
2016-04-08,3450.0,69.0,Nadu 1,Pettah
2016-04-11,3500.0,70.0,Nadu 1,Pettah
2016-04-18,3500.0,70.0,Nadu 1,Pettah
2016-04-19,3575.0,71.5,Nadu 1,Pettah
2016-04-20,3575.0,71.5,Nadu 1,Pettah
2016-04-22,3600.0,72.0,Nadu 1,Pettah
2016-04-25,3616.67,72.3334,Nadu 1,Pettah
2016-04-26,3683.33,73.6666,Nadu 1,Pettah
2016-04-27,3666.67,73.3334,Nadu 1,Pettah
2016-04-28,3666.67,73.3334,Nadu 1,Pettah
2016-04-29,3700.0,74.0,Nadu 1,Pettah
2016-05-02,3733.33,74.6666,Nadu 1,Pettah
2016-05-03,3700.0,74.0,Nadu 1,Pettah
2016-05-04,3716.67,74.3334,Nadu 1,Pettah
2016-05-05,3716.67,74.3334,Nadu 1,Pettah
2016-05-06,3716.67,74.3334,Nadu 1,Pettah
2016-05-09,3700.0,74.0,Nadu 1,Pettah
2016-05-10,3700.0,74.0,Nadu 1,Pettah
2016-05-11,3700.0,74.0,Nadu 1,Pettah
2016-05-12,3700.0,74.0,Nadu 1,Pettah
2016-05-13,3700.0,74.0,Nadu 1,Pettah
2016-05-16,3700.0,74.0,Nadu 1,Pettah
2016-05-17,3700.0,74.0,Nadu 1,Pettah
2016-05-18,3683.33,73.6666,Nadu 1,Pettah
2016-05-19,3700.0,74.0,Nadu 1,Pettah
2016-05-20,3725.0,74.5,Nadu 1,Pettah
2016-05-23,3612.5,72.25,Nadu 1,Pettah
2016-05-24,3775.0,75.5,Nadu 1,Pettah
2016-05-25,3825.0,76.5,Nadu 1,Pettah
2016-05-26,3800.0,76.0,Nadu 1,Pettah
2016-05-27,3750.0,75.0,Nadu 1,Pettah
2016-05-30,3750.0,75.0,Nadu 1,Pettah
2016-05-31,3675.0,73.5,Nadu 1,Pettah
2016-06-01,3737.5,74.75,Nadu 1,Pettah
2016-06-02,3725.0,74.5,Nadu 1,Pettah
2016-06-03,3700.0,74.0,Nadu 1,Pettah
2016-06-06,3700.0,74.0,Nadu 1,Pettah
2016-06-07,3700.0,74.0,Nadu 1,Pettah
2016-06-08,3712.5,74.25,Nadu 1,Pettah
2016-06-09,3700.0,74.0,Nadu 1,Pettah
2016-06-10,3666.67,73.3334,Nadu 1,Pettah
2016-06-13,3730.0,74.6,Nadu 1,Pettah
2016-06-14,3650.0,73.0,Nadu 1,Pettah
2016-06-15,3666.67,73.3334,Nadu 1,Pettah
2016-06-16,3666.67,73.3334,Nadu 1,Pettah
2016-06-17,3666.67,73.3334,Nadu 1,Pettah
2016-06-20,3666.67,73.3334,Nadu 1,Pettah
2016-06-21,3650.0,73.0,Nadu 1,Pettah
2016-06-22,3666.67,73.3334,Nadu 1,Pettah
2016-06-23,3666.67,73.3334,Nadu 1,Pettah
2016-06-24,3666.67,73.3334,Nadu 1,Pettah
2016-06-27,3666.67,73.3334,Nadu 1,Pettah
2016-06-28,3666.67,73.3334,Nadu 1,Pettah
2016-06-29,3666.67,73.3334,Nadu 1,Pettah
2016-06-30,3666.67,73.3334,Nadu 1,Pettah
2016-07-01,3666.67,73.3334,Nadu 1,Pettah
2016-07-04,3650.0,73.0,Nadu 1,Pettah
2016-07-05,3616.67,72.3334,Nadu 1,Pettah
2016-07-06,3633.33,72.6666,Nadu 1,Pettah
2016-07-07,3633.33,72.6666,Nadu 1,Pettah
2016-07-08,3633.33,72.6666,Nadu 1,Pettah
2016-07-11,3600.0,72.0,Nadu 1,Pettah
2016-07-12,3583.33,71.6666,Nadu 1,Pettah
2016-07-13,3633.33,72.6666,Nadu 1,Pettah
2016-07-14,3600.0,72.0,Nadu 1,Pettah
2016-07-15,3583.33,71.6666,Nadu 1,Pettah
2016-07-18,3562.5,71.25,Nadu 1,Pettah
2016-07-20,3537.5,70.75,Nadu 1,Pettah
2016-07-21,3550.0,71.0,Nadu 1,Pettah
2016-07-22,3575.0,71.5,Nadu 1,Pettah
2016-07-25,3566.67,71.3334,Nadu 1,Pettah
2016-07-26,3575.0,71.5,Nadu 1,Pettah
2016-07-27,3550.0,71.0,Nadu 1,Pettah
2016-07-28,3566.67,71.3334,Nadu 1,Pettah
2016-07-29,3550.0,71.0,Nadu 1,Pettah
2016-08-01,3550.0,71.0,Nadu 1,Pettah
2016-08-02,3537.5,70.75,Nadu 1,Pettah
2016-08-03,3550.0,71.0,Nadu 1,Pettah
2016-08-04,3550.0,71.0,Nadu 1,Pettah
2016-08-05,3550.0,71.0,Nadu 1,Pettah
2016-08-08,3516.67,70.3334,Nadu 1,Pettah
2016-08-09,3550.0,71.0,Nadu 1,Pettah
2016-08-10,3537.5,70.75,Nadu 1,Pettah
2016-08-11,3566.67,71.3334,Nadu 1,Pettah
2016-08-12,3550.0,71.0,Nadu 1,Pettah
2016-08-15,3550.0,71.0,Nadu 1,Pettah
2016-08-16,3550.0,71.0,Nadu 1,Pettah
2016-08-18,3533.33,70.6666,Nadu 1,Pettah
2016-08-19,3550.0,71.0,Nadu 1,Pettah
2016-08-22,3550.0,71.0,Nadu 1,Pettah
2016-08-23,3630.0,72.6,Nadu 1,Pettah
2016-08-24,3516.67,70.3334,Nadu 1,Pettah
2016-08-29,3500.0,70.0,Nadu 1,Pettah
2016-08-30,3450.0,69.0,Nadu 1,Pettah
2016-08-31,3466.67,69.3334,Nadu 1,Pettah
2016-09-01,3925.0,78.5,Nadu 1,Pettah
2016-09-02,3416.67,68.3334,Nadu 1,Pettah
2016-09-05,3433.33,68.6666,Nadu 1,Pettah
2016-09-06,3437.5,68.75,Nadu 1,Pettah
2016-09-07,3450.0,69.0,Nadu 1,Pettah
2016-09-08,3450.0,69.0,Nadu 1,Pettah
2016-09-09,3437.5,68.75,Nadu 1,Pettah
2016-09-13,3433.33,68.6666,Nadu 1,Pettah
2016-09-14,3433.33,68.6666,Nadu 1,Pettah
2016-09-15,3433.33,68.6666,Nadu 1,Pettah
2016-09-19,3475.0,69.5,Nadu 1,Pettah
2016-09-20,3550.0,71.0,Nadu 1,Pettah
2016-09-21,3575.0,71.5,Nadu 1,Pettah
2016-09-22,3550.0,71.0,Nadu 1,Pettah
2016-09-23,3583.33,71.6666,Nadu 1,Pettah
2016-09-26,3566.67,71.3334,Nadu 1,Pettah
2016-09-27,3700.0,74.0,Nadu 1,Pettah
2016-09-28,3650.0,73.0,Nadu 1,Pettah
2016-09-29,3666.67,73.3334,Nadu 1,Pettah
2016-09-30,3666.67,73.3334,Nadu 1,Pettah
2016-10-03,3733.33,74.6666,Nadu 1,Pettah
2016-10-04,3725.0,74.5,Nadu 1,Pettah
2016-10-05,3725.0,74.5,Nadu 1,Pettah
2016-10-06,3687.5,73.75,Nadu 1,Pettah
2016-10-07,3825.0,76.5,Nadu 1,Pettah
2016-10-10,3725.0,74.5,Nadu 1,Pettah
2016-10-11,3662.5,73.25,Nadu 1,Pettah
2016-10-12,3930.0,78.6,Nadu 1,Pettah
2016-10-13,3966.67,79.3334,Nadu 1,Pettah
2016-10-14,3883.33,77.6666,Nadu 1,Pettah
2016-10-17,3883.33,77.6666,Nadu 1,Pettah
2016-10-18,3900.0,78.0,Nadu 1,Pettah
2016-10-19,3900.0,78.0,Nadu 1,Pettah
2016-10-20,3900.0,78.0,Nadu 1,Pettah
2016-10-21,3933.33,78.6666,Nadu 1,Pettah
2016-10-24,3966.67,79.3334,Nadu 1,Pettah
2016-10-25,3966.67,79.3334,Nadu 1,Pettah
2016-10-26,3925.0,78.5,Nadu 1,Pettah
2016-10-27,3950.0,79.0,Nadu 1,Pettah
2016-10-28,3825.0,76.5,Nadu 1,Pettah
2016-10-31,3916.67,78.3334,Nadu 1,Pettah
2016-11-01,3975.0,79.5,Nadu 1,Pettah
2016-11-02,3962.5,79.25,Nadu 1,Pettah
2016-11-03,3975.0,79.5,Nadu 1,Pettah
2016-11-04,3975.0,79.5,Nadu 1,Pettah
2016-11-07,3983.33,79.6666,Nadu 1,Pettah
2016-11-08,3983.33,79.6666,Nadu 1,Pettah
2016-11-09,3983.33,79.6666,Nadu 1,Pettah
2016-11-10,3983.33,79.6666,Nadu 1,Pettah
2016-11-11,3983.33,79.6666,Nadu 1,Pettah
2016-11-15,3975.0,79.5,Nadu 1,Pettah
2016-11-16,4083.33,81.6666,Nadu 1,Pettah
2016-11-17,4116.67,82.3334,Nadu 1,Pettah
2016-11-18,4112.5,82.25,Nadu 1,Pettah
2016-11-21,4175.0,83.5,Nadu 1,Pettah
2016-11-22,4200.0,84.0,Nadu 1,Pettah
2016-11-23,4400.0,88.0,Nadu 1,Pettah
2016-11-24,4400.0,88.0,Nadu 1,Pettah
2016-11-25,4400.0,88.0,Nadu 1,Pettah
2016-11-28,4500.0,90.0,Nadu 1,Pettah
2016-11-29,4400.0,88.0,Nadu 1,Pettah
2016-11-30,4400.0,88.0,Nadu 1,Pettah
2016-12-01,4425.0,88.5,Nadu 1,Pettah
2016-12-02,4400.0,88.0,Nadu 1,Pettah
2016-12-05,4500.0,90.0,Nadu 1,Pettah
2016-12-06,4425.0,88.5,Nadu 1,Pettah
2016-12-07,4425.0,88.5,Nadu 1,Pettah
2016-12-08,4425.0,88.5,Nadu 1,Pettah
2016-12-09,4416.67,88.3334,Nadu 1,Pettah
2016-12-14,4450.0,89.0,Nadu 1,Pettah
2016-12-15,4450.0,89.0,Nadu 1,Pettah
2016-12-16,4466.67,89.3334,Nadu 1,Pettah
2016-12-19,4483.33,89.6666,Nadu 1,Pettah
2016-12-20,4475.0,89.5,Nadu 1,Pettah
2016-12-21,4475.0,89.5,Nadu 1,Pettah
2016-12-22,4475.0,89.5,Nadu 1,Pettah
2016-12-23,4575.0,91.5,Nadu 1,Pettah
2016-12-26,4700.0,94.0,Nadu 1,Pettah
2016-12-27,4700.0,94.0,Nadu 1,Pettah
2016-12-28,4700.0,94.0,Nadu 1,Pettah
2016-12-29,4700.0,94.0,Nadu 1,Pettah
2016-12-30,4700.0,94.0,Nadu 1,Pettah
2017-01-02,4700.0,94.0,Nadu 1,Pettah
2017-01-03,4700.0,94.0,Nadu 1,Pettah
2017-01-04,4700.0,94.0,Nadu 1,Pettah
2017-01-05,4700.0,94.0,Nadu 1,Pettah
2017-01-06,4700.0,94.0,Nadu 1,Pettah
2017-01-09,4700.0,94.0,Nadu 1,Pettah
2017-01-10,4716.67,94.3334,Nadu 1,Pettah
2017-01-11,4716.67,94.3334,Nadu 1,Pettah
2017-01-13,4716.67,94.3334,Nadu 1,Pettah
2017-01-16,4700.0,94.0,Nadu 1,Pettah
2017-01-17,4700.0,94.0,Nadu 1,Pettah
2017-01-18,4675.0,93.5,Nadu 1,Pettah
2017-01-19,4700.0,94.0,Nadu 1,Pettah
2017-01-20,4700.0,94.0,Nadu 1,Pettah
2017-01-23,4700.0,94.0,Nadu 1,Pettah
2017-01-24,4725.0,94.5,Nadu 1,Pettah
2017-01-25,4700.0,94.0,Nadu 1,Pettah
2017-01-26,4700.0,94.0,Nadu 1,Pettah
2017-01-27,4725.0,94.5,Nadu 1,Pettah
2017-03-01,3887.5,77.75,Nadu 1,Pettah
2017-03-02,3887.5,77.75,Nadu 1,Pettah
2017-03-03,3875.0,77.5,Nadu 1,Pettah
2017-03-06,3900.0,78.0,Nadu 1,Pettah
2017-03-07,3912.5,78.25,Nadu 1,Pettah
2017-03-08,3900.0,78.0,Nadu 1,Pettah
2017-03-09,3910.0,78.2,Nadu 1,Pettah
2017-03-10,3890.0,77.8,Nadu 1,Pettah
2017-03-13,3880.0,77.6,Nadu 1,Pettah
2017-03-14,3887.5,77.75,Nadu 1,Pettah
2017-03-15,3880.0,77.6,Nadu 1,Pettah
2017-03-16,3887.5,77.75,Nadu 1,Pettah
2017-03-17,3870.0,77.4,Nadu 1,Pettah
2017-03-20,3900.0,78.0,Nadu 1,Pettah
2017-03-21,3900.0,78.0,Nadu 1,Pettah
2017-03-22,3900.0,78.0,Nadu 1,Pettah
2017-03-23,3900.0,78.0,Nadu 1,Pettah
2017-03-29,3970.0,79.4,Nadu 1,Pettah
2017-05-12,4433.33,88.6666,Nadu 1,Pettah
2017-05-15,4433.33,88.6666,Nadu 1,Pettah
2017-05-16,4433.33,88.6666,Nadu 1,Pettah
2017-06-02,4625.0,92.5,Nadu 1,Pettah
2017-06-07,4462.5,89.25,Nadu 1,Pettah
2017-06-19,4800.0,96.0,Nadu 1,Pettah
2017-06-29,4090.0,81.8,Nadu 1,Pettah
2017-06-30,4050.0,81.0,Nadu 1,Pettah
2017-07-03,4050.0,81.0,Nadu 1,Pettah
2017-07-04,4030.0,80.6,Nadu 1,Pettah
2017-07-05,4010.0,80.2,Nadu 1,Pettah
2017-07-06,4016.67,80.3334,Nadu 1,Pettah
2017-07-07,4125.0,82.5,Nadu 1,Pettah
2017-07-10,4033.33,80.6666,Nadu 1,Pettah
2017-07-11,4025.0,80.5,Nadu 1,Pettah
2017-07-12,4041.67,80.8334,Nadu 1,Pettah
2017-07-13,4000.0,80.0,Nadu 1,Pettah
2017-07-14,4016.67,80.3334,Nadu 1,Pettah
2017-07-17,4000.0,80.0,Nadu 1,Pettah
2017-07-18,3991.67,79.8334,Nadu 1,Pettah
2017-07-19,3975.0,79.5,Nadu 1,Pettah
2017-07-20,3983.33,79.6666,Nadu 1,Pettah
2017-07-21,4000.0,80.0,Nadu 1,Pettah
2017-07-24,4441.67,88.8334,Nadu 1,Pettah
2017-07-25,3933.33,78.6666,Nadu 1,Pettah
2017-07-26,3950.0,79.0,Nadu 1,Pettah
2017-07-27,3966.67,79.3334,Nadu 1,Pettah
2017-07-28,3958.33,79.1666,Nadu 1,Pettah
2017-07-31,3900.0,78.0,Nadu 1,Pettah
2017-08-01,3916.67,78.3334,Nadu 1,Pettah
2017-08-02,3925.0,78.5,Nadu 1,Pettah
2017-08-03,4391.67,87.8334,Nadu 1,Pettah
2017-08-04,3925.0,78.5,Nadu 1,Pettah
2017-08-08,3850.0,77.0,Nadu 1,Pettah
2017-08-09,3866.67,77.3334,Nadu 1,Pettah
2017-08-10,3883.33,77.6666,Nadu 1,Pettah
2017-08-11,3875.0,77.5,Nadu 1,Pettah
2017-08-14,3908.33,78.1666,Nadu 1,Pettah
2017-08-15,3858.33,77.1666,Nadu 1,Pettah
2017-08-16,3883.33,77.6666,Nadu 1,Pettah
2017-08-17,3875.0,77.5,Nadu 1,Pettah
2017-08-18,3841.67,76.8334,Nadu 1,Pettah
2017-08-21,3841.67,76.8334,Nadu 1,Pettah
2017-08-22,3840.0,76.8,Nadu 1,Pettah
2017-08-23,3850.0,77.0,Nadu 1,Pettah
2017-08-24,3850.0,77.0,Nadu 1,Pettah
2017-08-25,3833.33,76.6666,Nadu 1,Pettah
2017-08-28,3850.0,77.0,Nadu 1,Pettah
2017-08-29,3850.0,77.0,Nadu 1,Pettah
2017-08-30,3850.0,77.0,Nadu 1,Pettah
2017-08-31,3875.0,77.5,Nadu 1,Pettah
2017-09-04,3900.0,78.0,Nadu 1,Pettah
2017-09-06,3866.67,77.3334,Nadu 1,Pettah
2017-09-07,3891.67,77.8334,Nadu 1,Pettah
2017-09-08,3850.0,77.0,Nadu 1,Pettah
2017-09-11,3900.0,78.0,Nadu 1,Pettah
2017-09-12,3941.67,78.8334,Nadu 1,Pettah
2017-09-13,3941.67,78.8334,Nadu 1,Pettah
2017-09-14,4000.0,80.0,Nadu 1,Pettah
2017-09-15,3966.67,79.3334,Nadu 1,Pettah
2017-09-18,4033.33,80.6666,Nadu 1,Pettah
2017-09-19,4041.67,80.8334,Nadu 1,Pettah
2017-09-20,4041.67,80.8334,Nadu 1,Pettah
2017-09-21,4091.67,81.8334,Nadu 1,Pettah
2017-09-22,4083.33,81.6666,Nadu 1,Pettah
2017-09-25,4191.67,83.8334,Nadu 1,Pettah
2017-09-26,4216.67,84.3334,Nadu 1,Pettah
2017-09-27,4200.0,84.0,Nadu 1,Pettah
2017-09-28,4233.33,84.6666,Nadu 1,Pettah
2017-09-29,4240.0,84.8,Nadu 1,Pettah
2017-10-02,4183.33,83.6666,Nadu 1,Pettah
2017-10-03,4241.67,84.8334,Nadu 1,Pettah
2017-10-04,4200.0,84.0,Nadu 1,Pettah
2017-10-06,4216.67,84.3334,Nadu 1,Pettah
2017-10-09,4300.0,86.0,Nadu 1,Pettah
2017-10-10,4225.0,84.5,Nadu 1,Pettah
2017-10-11,4200.0,84.0,Nadu 1,Pettah
2017-10-12,4208.33,84.1666,Nadu 1,Pettah
2017-10-13,4216.67,84.3334,Nadu 1,Pettah
2017-10-16,4225.0,84.5,Nadu 1,Pettah
2017-10-17,4208.33,84.1666,Nadu 1,Pettah
2017-10-19,4208.33,84.1666,Nadu 1,Pettah
2017-10-20,4208.33,84.1666,Nadu 1,Pettah
2017-10-30,4208.33,84.1666,Nadu 1,Pettah
2017-11-01,4200.0,84.0,Nadu 1,Pettah
2017-11-02,4158.33,83.1666,Nadu 1,Pettah
2017-11-06,4233.33,84.6666,Nadu 1,Pettah
2017-11-07,4216.67,84.3334,Nadu 1,Pettah
2017-11-08,4216.67,84.3334,Nadu 1,Pettah
2017-11-09,4200.0,84.0,Nadu 1,Pettah
2017-11-10,4200.0,84.0,Nadu 1,Pettah
2017-11-13,4133.33,82.6666,Nadu 1,Pettah
2017-11-14,4125.0,82.5,Nadu 1,Pettah
2017-11-15,4125.0,82.5,Nadu 1,Pettah
2017-11-16,4150.0,83.0,Nadu 1,Pettah
2017-11-17,4133.33,82.6666,Nadu 1,Pettah
2017-11-20,4075.0,81.5,Nadu 1,Pettah
2017-11-21,4125.0,82.5,Nadu 1,Pettah
2017-11-22,4125.0,82.5,Nadu 1,Pettah
2017-11-23,4083.33,81.6666,Nadu 1,Pettah
2017-11-24,4100.0,82.0,Nadu 1,Pettah
2017-11-27,4108.33,82.1666,Nadu 1,Pettah
2017-11-28,4108.33,82.1666,Nadu 1,Pettah
2017-11-29,4116.67,82.3334,Nadu 1,Pettah
2017-11-30,4116.67,82.3334,Nadu 1,Pettah
2018-02-27,4125.0,82.5,Nadu 1,Pettah
2018-02-28,4166.67,83.3334,Nadu 1,Pettah
2018-03-02,4150.0,83.0,Nadu 1,Pettah
2018-03-05,4183.33,83.6666,Nadu 1,Pettah
2018-03-06,4216.67,84.3334,Nadu 1,Pettah
2018-03-07,4150.0,83.0,Nadu 1,Pettah
2018-03-08,4166.67,83.3334,Nadu 1,Pettah
2018-03-09,4166.67,83.3334,Nadu 1,Pettah
2018-03-12,4225.0,84.5,Nadu 1,Pettah
2018-03-13,4225.0,84.5,Nadu 1,Pettah
2018-03-14,4225.0,84.5,Nadu 1,Pettah
2018-03-16,3660.0,73.2,Nadu 1,Pettah
2018-03-28,3680.0,73.6,Nadu 1,Pettah
2018-04-02,3680.0,73.6,Nadu 1,Pettah
2018-04-03,3620.0,72.4,Nadu 1,Pettah
2018-04-04,3600.0,72.0,Nadu 1,Pettah
2018-04-05,3600.0,72.0,Nadu 1,Pettah
2018-04-06,3550.0,71.0,Nadu 1,Pettah
2018-04-09,3560.0,71.2,Nadu 1,Pettah
2018-04-10,3600.0,72.0,Nadu 1,Pettah
2018-04-11,3560.0,71.2,Nadu 1,Pettah
2018-04-12,3580.0,71.6,Nadu 1,Pettah
2018-04-17,3580.0,71.6,Nadu 1,Pettah
2018-04-18,3560.0,71.2,Nadu 1,Pettah
2018-04-19,3550.0,71.0,Nadu 1,Pettah
2018-04-20,3560.0,71.2,Nadu 1,Pettah
2018-04-23,3560.0,71.2,Nadu 1,Pettah
2018-04-24,3540.0,70.8,Nadu 1,Pettah
2018-04-25,3540.0,70.8,Nadu 1,Pettah
2018-04-26,3560.0,71.2,Nadu 1,Pettah
2018-04-27,3550.0,71.0,Nadu 1,Pettah
2018-05-02,3510.0,70.2,Nadu 1,Pettah
2018-05-03,3540.0,70.8,Nadu 1,Pettah
2018-05-04,3540.0,70.8,Nadu 1,Pettah
2018-05-08,3560.0,71.2,Nadu 1,Pettah
2018-05-09,3570.0,71.4,Nadu 1,Pettah
2018-05-10,3550.0,71.0,Nadu 1,Pettah
2018-05-11,3530.0,70.6,Nadu 1,Pettah
2018-05-14,3550.0,71.0,Nadu 1,Pettah
2018-05-15,3550.0,71.0,Nadu 1,Pettah
2018-05-21,3490.0,69.8,Nadu 1,Pettah
2018-05-22,3470.0,69.4,Nadu 1,Pettah
2018-05-23,3460.0,69.2,Nadu 1,Pettah
2018-05-24,3470.0,69.4,Nadu 1,Pettah
2018-05-25,3480.0,69.6,Nadu 1,Pettah
2018-05-28,3470.0,69.4,Nadu 1,Pettah
2018-05-30,3480.0,69.6,Nadu 1,Pettah
2018-05-31,3460.0,69.2,Nadu 1,Pettah
2018-06-05,3370.0,67.4,Nadu 1,Pettah
2018-06-06,3380.0,67.6,Nadu 1,Pettah
2018-06-07,3360.0,67.2,Nadu 1,Pettah
2018-06-08,3310.0,66.2,Nadu 1,Pettah
2018-06-11,3340.0,66.8,Nadu 1,Pettah
2018-06-12,3370.0,67.4,Nadu 1,Pettah
2018-06-13,3360.0,67.2,Nadu 1,Pettah
2018-06-14,3390.0,67.8,Nadu 1,Pettah
2018-06-18,3320.0,66.4,Nadu 1,Pettah
2018-06-19,3340.0,66.8,Nadu 1,Pettah
2018-06-20,3340.0,66.8,Nadu 1,Pettah
2018-06-21,3370.0,67.4,Nadu 1,Pettah
2018-06-22,3300.0,66.0,Nadu 1,Pettah
2018-06-25,3340.0,66.8,Nadu 1,Pettah
2018-06-26,3340.0,66.8,Nadu 1,Pettah
2018-06-28,3320.0,66.4,Nadu 1,Pettah
2018-06-29,3300.0,66.0,Nadu 1,Pettah
2018-07-02,3270.0,65.4,Nadu 1,Pettah
2018-07-03,3290.0,65.8,Nadu 1,Pettah
2018-07-04,3270.0,65.4,Nadu 1,Pettah
2018-07-05,3250.0,65.0,Nadu 1,Pettah
2018-07-06,3240.0,64.8,Nadu 1,Pettah
2018-07-09,3460.0,69.2,Nadu 1,Pettah
2018-07-10,3240.0,64.8,Nadu 1,Pettah
2018-07-11,3270.0,65.4,Nadu 1,Pettah
2018-07-12,3250.0,65.0,Nadu 1,Pettah
2018-07-13,3260.0,65.2,Nadu 1,Pettah
2018-07-16,3190.0,63.8,Nadu 1,Pettah
2018-07-17,3170.0,63.4,Nadu 1,Pettah
2018-07-18,3130.0,62.6,Nadu 1,Pettah
2018-07-19,3110.0,62.2,Nadu 1,Pettah
2018-07-20,3140.0,62.8,Nadu 1,Pettah
2018-07-23,3840.0,76.8,Nadu 1,Pettah
2018-07-24,3800.0,76.0,Nadu 1,Pettah
2018-07-25,3820.0,76.4,Nadu 1,Pettah
2018-07-26,3810.0,76.2,Nadu 1,Pettah
2018-07-30,3810.0,76.2,Nadu 1,Pettah
2018-07-31,3820.0,76.4,Nadu 1,Pettah
2018-08-01,3810.0,76.2,Nadu 1,Pettah
2018-08-02,3820.0,76.4,Nadu 1,Pettah
2018-08-03,3830.0,76.6,Nadu 1,Pettah
2018-08-06,3300.0,66.0,Nadu 1,Pettah
2018-08-07,3360.0,67.2,Nadu 1,Pettah
2018-08-08,3340.0,66.8,Nadu 1,Pettah
2018-08-09,4600.0,92.0,Nadu 1,Pettah
2018-08-10,4600.0,92.0,Nadu 1,Pettah
2018-08-13,4600.0,92.0,Nadu 1,Pettah
2018-08-14,4600.0,92.0,Nadu 1,Pettah
2018-08-15,4600.0,92.0,Nadu 1,Pettah
2018-08-16,4600.0,92.0,Nadu 1,Pettah
2018-08-20,4500.0,90.0,Nadu 1,Pettah
2018-08-21,4500.0,90.0,Nadu 1,Pettah
2018-08-23,3870.0,77.4,Nadu 1,Pettah
2018-08-24,3920.0,78.4,Nadu 1,Pettah
2018-08-27,3960.0,79.2,Nadu 1,Pettah
2018-08-28,3850.0,77.0,Nadu 1,Pettah
2018-08-29,3860.0,77.2,Nadu 1,Pettah
2018-09-03,3820.0,76.4,Nadu 1,Pettah
2018-09-04,3880.0,77.6,Nadu 1,Pettah
2018-09-05,3900.0,78.0,Nadu 1,Pettah
2018-09-06,3320.0,66.4,Nadu 1,Pettah
2018-09-07,4500.0,90.0,Nadu 1,Pettah
2018-09-10,4500.0,90.0,Nadu 1,Pettah
2018-09-11,3850.0,77.0,Nadu 1,Pettah
2018-09-12,3840.0,76.8,Nadu 1,Pettah
2018-09-13,4500.0,90.0,Nadu 1,Pettah
2018-09-14,4500.0,90.0,Nadu 1,Pettah
2018-09-17,4500.0,90.0,Nadu 1,Pettah
2018-09-18,3840.0,76.8,Nadu 1,Pettah
2018-09-19,3340.0,66.8,Nadu 1,Pettah
2018-09-20,4500.0,90.0,Nadu 1,Pettah
2018-09-21,4500.0,90.0,Nadu 1,Pettah
2018-09-25,4500.0,90.0,Nadu 1,Pettah
2018-09-26,3820.0,76.4,Nadu 1,Pettah
2018-09-27,3850.0,77.0,Nadu 1,Pettah
2018-09-28,4500.0,90.0,Nadu 1,Pettah
2018-10-01,3890.0,77.8,Nadu 1,Pettah
2018-10-02,3950.0,79.0,Nadu 1,Pettah
2018-10-03,4500.0,90.0,Nadu 1,Pettah
2018-10-04,4500.0,90.0,Nadu 1,Pettah
2018-10-05,4500.0,90.0,Nadu 1,Pettah
2018-10-08,4500.0,90.0,Nadu 1,Pettah
2018-10-09,4500.0,90.0,Nadu 1,Pettah
2018-10-10,4500.0,90.0,Nadu 1,Pettah
2018-10-11,4500.0,90.0,Nadu 1,Pettah
2018-10-12,4500.0,90.0,Nadu 1,Pettah
2018-10-15,4400.0,88.0,Nadu 1,Pettah
2018-10-16,4300.0,86.0,Nadu 1,Pettah
2018-10-17,4300.0,86.0,Nadu 1,Pettah
2018-10-18,4300.0,86.0,Nadu 1,Pettah
2018-10-19,4300.0,86.0,Nadu 1,Pettah
2018-10-22,4300.0,86.0,Nadu 1,Pettah
2018-10-23,4300.0,86.0,Nadu 1,Pettah
2018-10-25,4300.0,86.0,Nadu 1,Pettah
2018-10-26,4300.0,86.0,Nadu 1,Pettah
2018-10-29,4200.0,84.0,Nadu 1,Pettah
2018-10-30,4300.0,86.0,Nadu 1,Pettah
2018-10-31,4300.0,86.0,Nadu 1,Pettah
2018-11-01,4300.0,86.0,Nadu 1,Pettah
2018-11-02,4300.0,86.0,Nadu 1,Pettah
2018-11-05,4300.0,86.0,Nadu 1,Pettah
2018-11-07,4300.0,86.0,Nadu 1,Pettah
2018-11-08,4300.0,86.0,Nadu 1,Pettah
2018-11-09,4300.0,86.0,Nadu 1,Pettah
2018-11-12,4300.0,86.0,Nadu 1,Pettah
2018-11-13,4300.0,86.0,Nadu 1,Pettah
2018-11-14,4300.0,86.0,Nadu 1,Pettah
2018-11-15,4300.0,86.0,Nadu 1,Pettah
2018-11-16,4300.0,86.0,Nadu 1,Pettah
2018-11-19,4300.0,86.0,Nadu 1,Pettah
2018-11-21,4300.0,86.0,Nadu 1,Pettah
2018-11-23,4350.0,87.0,Nadu 1,Pettah
2018-11-26,4350.0,87.0,Nadu 1,Pettah
2018-11-27,4400.0,88.0,Nadu 1,Pettah
2018-11-28,4400.0,88.0,Nadu 1,Pettah
2018-11-29,4400.0,88.0,Nadu 1,Pettah
2018-11-30,4400.0,88.0,Nadu 1,Pettah
2018-12-03,4230.0,84.6,Nadu 1,Pettah
2018-12-04,4400.0,88.0,Nadu 1,Pettah
2018-12-05,4400.0,88.0,Nadu 1,Pettah
2018-12-06,4400.0,88.0,Nadu 1,Pettah
2018-12-07,4400.0,88.0,Nadu 1,Pettah
2018-12-10,4400.0,88.0,Nadu 1,Pettah
2018-12-11,4400.0,88.0,Nadu 1,Pettah
2018-12-12,4400.0,88.0,Nadu 1,Pettah
2018-12-19,4500.0,90.0,Nadu 1,Pettah
2018-12-20,4500.0,90.0,Nadu 1,Pettah
2018-12-21,4500.0,90.0,Nadu 1,Pettah
2018-12-24,4500.0,90.0,Nadu 1,Pettah
2018-12-26,4500.0,90.0,Nadu 1,Pettah
2018-12-27,4500.0,90.0,Nadu 1,Pettah
2018-12-28,4500.0,90.0,Nadu 1,Pettah
2018-12-31,4500.0,90.0,Nadu 1,Pettah
2019-01-01,4500.0,90.0,Nadu 1,Pettah
2019-01-02,4500.0,90.0,Nadu 1,Pettah
2019-01-03,4500.0,90.0,Nadu 1,Pettah
2019-01-04,4500.0,90.0,Nadu 1,Pettah
2019-01-07,4500.0,90.0,Nadu 1,Pettah
2019-01-09,4500.0,90.0,Nadu 1,Pettah
2019-01-10,4500.0,90.0,Nadu 1,Pettah
2019-01-11,4500.0,90.0,Nadu 1,Pettah
2019-01-14,4500.0,90.0,Nadu 1,Pettah
2019-01-16,4500.0,90.0,Nadu 1,Pettah
2019-01-17,4500.0,90.0,Nadu 1,Pettah
2019-01-18,4500.0,90.0,Nadu 1,Pettah
2019-01-21,4500.0,90.0,Nadu 1,Pettah
2019-01-22,4500.0,90.0,Nadu 1,Pettah
2019-01-23,4500.0,90.0,Nadu 1,Pettah
2019-01-24,4500.0,90.0,Nadu 1,Pettah
2019-01-25,4500.0,90.0,Nadu 1,Pettah
2019-01-28,4500.0,90.0,Nadu 1,Pettah
2019-01-29,4500.0,90.0,Nadu 1,Pettah
2019-01-30,4500.0,90.0,Nadu 1,Pettah
2019-01-31,4500.0,90.0,Nadu 1,Pettah
2019-02-01,4500.0,90.0,Nadu 1,Pettah
2019-02-05,4500.0,90.0,Nadu 1,Pettah
2019-02-06,4500.0,90.0,Nadu 1,Pettah
2019-02-07,4500.0,90.0,Nadu 1,Pettah
2019-02-08,4500.0,90.0,Nadu 1,Pettah
2019-02-11,4500.0,90.0,Nadu 1,Pettah
2019-02-12,4500.0,90.0,Nadu 1,Pettah
2019-02-13,4500.0,90.0,Nadu 1,Pettah
2019-02-14,4500.0,90.0,Nadu 1,Pettah
2019-02-15,4250.0,85.0,Nadu 1,Pettah
2019-02-18,4500.0,90.0,Nadu 1,Pettah
2019-02-21,4500.0,90.0,Nadu 1,Pettah
2019-02-22,4500.0,90.0,Nadu 1,Pettah
2019-02-25,4500.0,90.0,Nadu 1,Pettah
2019-02-26,4250.0,85.0,Nadu 1,Pettah
2019-02-27,4500.0,90.0,Nadu 1,Pettah
2019-02-28,4500.0,90.0,Nadu 1,Pettah
2019-03-01,4500.0,90.0,Nadu 1,Pettah
2019-03-05,4500.0,90.0,Nadu 1,Pettah
2019-03-06,4500.0,90.0,Nadu 1,Pettah
2019-03-07,4500.0,90.0,Nadu 1,Pettah
2019-03-08,3710.0,74.2,Nadu 1,Pettah
2019-03-11,3710.0,74.2,Nadu 1,Pettah
2019-03-12,3730.0,74.6,Nadu 1,Pettah
2019-03-13,4500.0,90.0,Nadu 1,Pettah
2019-03-14,4500.0,90.0,Nadu 1,Pettah
2019-03-15,4500.0,90.0,Nadu 1,Pettah
2019-03-18,4500.0,90.0,Nadu 1,Pettah
2019-03-19,4500.0,90.0,Nadu 1,Pettah
2019-03-21,4500.0,90.0,Nadu 1,Pettah
2019-03-22,4500.0,90.0,Nadu 1,Pettah
2019-03-25,4500.0,90.0,Nadu 1,Pettah
2019-03-26,4500.0,90.0,Nadu 1,Pettah
2019-03-27,4500.0,90.0,Nadu 1,Pettah
2019-03-28,4500.0,90.0,Nadu 1,Pettah
2019-03-29,4500.0,90.0,Nadu 1,Pettah
2019-04-01,4500.0,90.0,Nadu 1,Pettah
2019-04-02,4250.0,85.0,Nadu 1,Pettah
2019-04-03,4250.0,85.0,Nadu 1,Pettah
2019-04-04,4400.0,88.0,Nadu 1,Pettah
2019-04-05,4400.0,88.0,Nadu 1,Pettah
2019-04-08,4400.0,88.0,Nadu 1,Pettah
2019-04-09,4500.0,90.0,Nadu 1,Pettah
2019-04-10,4500.0,90.0,Nadu 1,Pettah
2019-04-11,4500.0,90.0,Nadu 1,Pettah
2019-04-12,4500.0,90.0,Nadu 1,Pettah
2019-04-17,4500.0,90.0,Nadu 1,Pettah
2019-04-18,4500.0,90.0,Nadu 1,Pettah
2019-04-23,4500.0,90.0,Nadu 1,Pettah
2019-04-24,4500.0,90.0,Nadu 1,Pettah
2019-04-25,4500.0,90.0,Nadu 1,Pettah
2019-04-26,4500.0,90.0,Nadu 1,Pettah
2019-04-29,4500.0,90.0,Nadu 1,Pettah
2019-04-30,4200.0,84.0,Nadu 1,Pettah
2019-05-02,4350.0,87.0,Nadu 1,Pettah
2019-05-03,4250.0,85.0,Nadu 1,Pettah
2019-05-06,4275.0,85.5,Nadu 1,Pettah
2019-05-07,4250.0,85.0,Nadu 1,Pettah
2019-05-08,4250.0,85.0,Nadu 1,Pettah
2019-05-09,4310.0,86.2,Nadu 1,Pettah
2019-05-10,4270.0,85.4,Nadu 1,Pettah
2019-05-13,4270.0,85.4,Nadu 1,Pettah
2019-05-14,4250.0,85.0,Nadu 1,Pettah
2019-05-15,4250.0,85.0,Nadu 1,Pettah
2019-05-16,4270.0,85.4,Nadu 1,Pettah
2019-05-17,4280.0,85.6,Nadu 1,Pettah
2019-05-21,4280.0,85.6,Nadu 1,Pettah
2019-05-22,4350.0,87.0,Nadu 1,Pettah
2019-05-23,4280.0,85.6,Nadu 1,Pettah
2019-05-27,4350.0,87.0,Nadu 1,Pettah
2019-05-28,4350.0,87.0,Nadu 1,Pettah
2019-05-29,4340.0,86.8,Nadu 1,Pettah
2019-05-30,4337.5,86.75,Nadu 1,Pettah
2019-05-31,4337.5,86.75,Nadu 1,Pettah
2019-06-03,4325.0,86.5,Nadu 1,Pettah
2019-06-04,4325.0,86.5,Nadu 1,Pettah
2019-06-06,4325.0,86.5,Nadu 1,Pettah
2019-06-07,4366.67,87.3334,Nadu 1,Pettah
2019-06-10,4366.67,87.3334,Nadu 1,Pettah
2019-06-11,4333.33,86.6666,Nadu 1,Pettah
2019-06-12,4325.0,86.5,Nadu 1,Pettah
2019-06-13,4300.0,86.0,Nadu 1,Pettah
2019-06-14,4312.5,86.25,Nadu 1,Pettah
2019-06-17,4312.5,86.25,Nadu 1,Pettah
2019-08-02,4350.0,87.0,Nadu 1,Pettah
2019-08-06,4375.0,87.5,Nadu 1,Pettah
2019-08-07,4375.0,87.5,Nadu 1,Pettah
2019-08-08,4350.0,87.0,Nadu 1,Pettah
2019-08-09,4350.0,87.0,Nadu 1,Pettah
2019-08-13,4375.0,87.5,Nadu 1,Pettah
2019-08-15,4375.0,87.5,Nadu 1,Pettah
2019-08-16,4375.0,87.5,Nadu 1,Pettah
2019-08-19,4375.0,87.5,Nadu 1,Pettah
2019-08-20,4375.0,87.5,Nadu 1,Pettah
2019-08-21,4375.0,87.5,Nadu 1,Pettah
2019-08-22,4400.0,88.0,Nadu 1,Pettah
2019-08-23,4400.0,88.0,Nadu 1,Pettah
2019-08-26,4320.0,86.4,Nadu 1,Pettah
2019-08-27,4400.0,88.0,Nadu 1,Pettah
2019-08-28,4400.0,88.0,Nadu 1,Pettah
2019-08-29,4400.0,88.0,Nadu 1,Pettah
2019-08-30,4400.0,88.0,Nadu 1,Pettah
2019-09-03,4400.0,88.0,Nadu 1,Pettah
2019-09-04,4400.0,88.0,Nadu 1,Pettah
2019-09-05,4400.0,88.0,Nadu 1,Pettah
2019-09-06,4400.0,88.0,Nadu 1,Pettah
2019-09-09,4450.0,89.0,Nadu 1,Pettah
2019-09-10,4500.0,90.0,Nadu 1,Pettah
2019-09-12,4500.0,90.0,Nadu 1,Pettah
2019-09-16,4500.0,90.0,Nadu 1,Pettah
2019-09-17,4600.0,92.0,Nadu 1,Pettah
2019-09-18,4550.0,91.0,Nadu 1,Pettah
2019-09-19,4550.0,91.0,Nadu 1,Pettah
2019-09-20,4625.0,92.5,Nadu 1,Pettah
2019-09-23,4550.0,91.0,Nadu 1,Pettah
2019-09-24,4550.0,91.0,Nadu 1,Pettah
2019-09-25,4600.0,92.0,Nadu 1,Pettah
2019-09-26,4600.0,92.0,Nadu 1,Pettah
2019-09-27,4600.0,92.0,Nadu 1,Pettah
2019-09-30,4650.0,93.0,Nadu 1,Pettah
2019-10-01,4725.0,94.5,Nadu 1,Pettah
2019-10-02,4725.0,94.5,Nadu 1,Pettah
2019-10-03,4725.0,94.5,Nadu 1,Pettah
2019-10-04,4725.0,94.5,Nadu 1,Pettah
2019-10-07,4725.0,94.5,Nadu 1,Pettah
2019-10-08,4750.0,95.0,Nadu 1,Pettah
2019-10-09,4725.0,94.5,Nadu 1,Pettah
2019-10-10,4775.0,95.5,Nadu 1,Pettah
2019-10-11,4775.0,95.5,Nadu 1,Pettah
2019-10-14,4775.0,95.5,Nadu 1,Pettah
2019-10-15,4775.0,95.5,Nadu 1,Pettah
2019-10-16,4775.0,95.5,Nadu 1,Pettah
2019-10-17,4775.0,95.5,Nadu 1,Pettah
2019-10-18,4775.0,95.5,Nadu 1,Pettah
2019-10-21,4775.0,95.5,Nadu 1,Pettah
2019-10-22,4775.0,95.5,Nadu 1,Pettah
2019-10-23,4775.0,95.5,Nadu 1,Pettah
2019-10-24,4775.0,95.5,Nadu 1,Pettah
2019-10-25,4775.0,95.5,Nadu 1,Pettah
2019-10-28,4775.0,95.5,Nadu 1,Pettah
2019-10-29,4850.0,97.0,Nadu 1,Pettah
2019-10-30,4850.0,97.0,Nadu 1,Pettah
2019-10-31,4800.0,96.0,Nadu 1,Pettah
2019-11-01,4850.0,97.0,Nadu 1,Pettah
2019-11-04,4875.0,97.5,Nadu 1,Pettah
2019-11-05,4875.0,97.5,Nadu 1,Pettah
2019-11-06,4875.0,97.5,Nadu 1,Pettah
2019-11-07,4850.0,97.0,Nadu 1,Pettah
2019-11-08,4875.0,97.5,Nadu 1,Pettah
2019-11-11,4875.0,97.5,Nadu 1,Pettah
2019-11-13,4875.0,97.5,Nadu 1,Pettah
2019-11-14,4875.0,97.5,Nadu 1,Pettah
2019-11-15,4875.0,97.5,Nadu 1,Pettah
2019-11-18,4875.0,97.5,Nadu 1,Pettah
2019-11-19,4875.0,97.5,Nadu 1,Pettah
2019-11-20,4875.0,97.5,Nadu 1,Pettah
2019-11-21,4900.0,98.0,Nadu 1,Pettah
2019-11-22,4900.0,98.0,Nadu 1,Pettah
2019-11-25,5000.0,100.0,Nadu 1,Pettah
2019-11-26,5000.0,100.0,Nadu 1,Pettah
2019-11-27,5000.0,100.0,Nadu 1,Pettah
2019-12-19,5150.0,103.0,Nadu 1,Pettah
2020-02-11,4800.0,96.0,Nadu 1,Pettah
2020-02-12,4800.0,96.0,Nadu 1,Pettah
2020-02-13,4800.0,96.0,Nadu 1,Pettah
2020-02-14,4800.0,96.0,Nadu 1,Pettah
2020-02-17,4800.0,96.0,Nadu 1,Pettah
2020-02-18,4800.0,96.0,Nadu 1,Pettah
2020-02-19,4800.0,96.0,Nadu 1,Pettah
2020-02-20,4800.0,96.0,Nadu 1,Pettah
2020-02-24,4800.0,96.0,Nadu 1,Pettah
2020-02-25,4816.67,96.3334,Nadu 1,Pettah
2020-02-26,4816.67,96.3334,Nadu 1,Pettah
2020-02-27,4816.67,96.3334,Nadu 1,Pettah
2020-02-28,4833.33,96.6666,Nadu 1,Pettah
2020-03-02,4875.0,97.5,Nadu 1,Pettah
2020-03-03,4850.0,97.0,Nadu 1,Pettah
2020-03-04,4850.0,97.0,Nadu 1,Pettah
2020-03-05,4850.0,97.0,Nadu 1,Pettah
2020-03-06,4850.0,97.0,Nadu 1,Pettah
2020-03-10,4850.0,97.0,Nadu 1,Pettah
2020-03-11,4850.0,97.0,Nadu 1,Pettah
2020-03-12,4850.0,97.0,Nadu 1,Pettah
2020-03-13,4850.0,97.0,Nadu 1,Pettah
2020-06-15,4800.0,96.0,Nadu 1,Pettah
2020-06-16,4800.0,96.0,Nadu 1,Pettah
2020-06-17,4800.0,96.0,Nadu 1,Pettah
2020-06-18,4800.0,96.0,Nadu 1,Pettah
2020-06-19,4800.0,96.0,Nadu 1,Pettah
2020-06-22,4800.0,96.0,Nadu 1,Pettah
2020-06-23,4800.0,96.0,Nadu 1,Pettah
2020-06-24,4800.0,96.0,Nadu 1,Pettah
2020-06-25,4800.0,96.0,Nadu 1,Pettah
2020-06-26,4800.0,96.0,Nadu 1,Pettah
2020-06-29,4800.0,96.0,Nadu 1,Pettah
2020-06-30,4800.0,96.0,Nadu 1,Pettah
2020-07-01,4800.0,96.0,Nadu 1,Pettah
2020-07-02,4800.0,96.0,Nadu 1,Pettah
2020-07-03,4800.0,96.0,Nadu 1,Pettah
2020-07-06,4800.0,96.0,Nadu 1,Pettah
2020-07-07,4800.0,96.0,Nadu 1,Pettah
2020-07-08,4800.0,96.0,Nadu 1,Pettah
2020-07-09,4800.0,96.0,Nadu 1,Pettah
2020-07-10,4800.0,96.0,Nadu 1,Pettah
2020-07-13,4800.0,96.0,Nadu 1,Pettah
2020-07-14,4783.33,95.6666,Nadu 1,Pettah
2020-07-15,4783.33,95.6666,Nadu 1,Pettah
2020-07-16,4783.33,95.6666,Nadu 1,Pettah
2020-07-17,4800.0,96.0,Nadu 1,Pettah
2020-07-20,4783.33,95.6666,Nadu 1,Pettah
2020-07-21,4775.0,95.5,Nadu 1,Pettah
2020-07-22,4800.0,96.0,Nadu 1,Pettah
2020-07-23,4800.0,96.0,Nadu 1,Pettah
2020-07-24,4800.0,96.0,Nadu 1,Pettah
2020-07-27,4800.0,96.0,Nadu 1,Pettah
2020-07-28,4800.0,96.0,Nadu 1,Pettah
2020-07-29,4800.0,96.0,Nadu 1,Pettah
2020-07-30,4800.0,96.0,Nadu 1,Pettah
2020-07-31,4800.0,96.0,Nadu 1,Pettah
2020-08-04,4800.0,96.0,Nadu 1,Pettah
2020-08-07,4800.0,96.0,Nadu 1,Pettah
2020-08-10,4800.0,96.0,Nadu 1,Pettah
2020-08-11,4800.0,96.0,Nadu 1,Pettah
2020-08-12,4800.0,96.0,Nadu 1,Pettah
2020-08-13,4800.0,96.0,Nadu 1,Pettah
2020-08-14,4800.0,96.0,Nadu 1,Pettah
2020-08-17,4800.0,96.0,Nadu 1,Pettah
2020-08-18,4800.0,96.0,Nadu 1,Pettah
2020-08-19,4800.0,96.0,Nadu 1,Pettah
2020-08-20,4783.33,95.6666,Nadu 1,Pettah
2020-08-21,4783.33,95.6666,Nadu 1,Pettah
2020-08-24,4783.33,95.6666,Nadu 1,Pettah
2020-08-25,4775.0,95.5,Nadu 1,Pettah
2020-08-26,4775.0,95.5,Nadu 1,Pettah
2020-08-27,4775.0,95.5,Nadu 1,Pettah
2020-08-28,4775.0,95.5,Nadu 1,Pettah
2020-08-31,4775.0,95.5,Nadu 1,Pettah
2020-09-02,4775.0,95.5,Nadu 1,Pettah
2020-09-03,4460.0,89.2,Nadu 1,Pettah
2020-09-04,4460.0,89.2,Nadu 1,Pettah
2020-09-07,4460.0,89.2,Nadu 1,Pettah
2020-09-08,4800.0,96.0,Nadu 1,Pettah
2020-09-09,4800.0,96.0,Nadu 1,Pettah
2020-09-10,4800.0,96.0,Nadu 1,Pettah
2020-09-11,4800.0,96.0,Nadu 1,Pettah
2020-09-14,4800.0,96.0,Nadu 1,Pettah
2020-09-15,4800.0,96.0,Nadu 1,Pettah
2020-09-16,4775.0,95.5,Nadu 1,Pettah
2020-09-17,4775.0,95.5,Nadu 1,Pettah
2020-09-18,4800.0,96.0,Nadu 1,Pettah
2020-09-21,4800.0,96.0,Nadu 1,Pettah
2020-09-22,4800.0,96.0,Nadu 1,Pettah
2020-09-23,4800.0,96.0,Nadu 1,Pettah
2020-09-24,4800.0,96.0,Nadu 1,Pettah
2020-09-28,4500.0,90.0,Nadu 1,Pettah
2020-09-30,4500.0,90.0,Nadu 1,Pettah
2020-10-05,4900.0,98.0,Nadu 1,Pettah
2020-10-06,4520.0,90.4,Nadu 1,Pettah
2020-10-07,4680.0,93.6,Nadu 1,Pettah
2020-10-08,4650.0,93.0,Nadu 1,Pettah
2020-10-09,4650.0,93.0,Nadu 1,Pettah
2020-10-12,4620.0,92.4,Nadu 1,Pettah
2020-10-13,4640.0,92.8,Nadu 1,Pettah
2020-10-14,4620.0,92.4,Nadu 1,Pettah
2020-10-15,4630.0,92.6,Nadu 1,Pettah
2020-10-16,4700.0,94.0,Nadu 1,Pettah
2020-10-19,4710.0,94.2,Nadu 1,Pettah
2020-10-20,4700.0,94.0,Nadu 1,Pettah
2020-10-21,4710.0,94.2,Nadu 1,Pettah
2020-10-22,4700.0,94.0,Nadu 1,Pettah
2021-01-12,4860.0,97.2,Nadu 1,Pettah
2021-01-13,4870.0,97.4,Nadu 1,Pettah
2021-01-15,4870.0,97.4,Nadu 1,Pettah
2021-01-18,4880.0,97.6,Nadu 1,Pettah
2021-01-19,4880.0,97.6,Nadu 1,Pettah
2021-01-20,4830.0,96.6,Nadu 1,Pettah
2021-01-21,4820.0,96.4,Nadu 1,Pettah
2021-01-22,4750.0,95.0,Nadu 1,Pettah
2021-01-25,4810.0,96.2,Nadu 1,Pettah
2021-01-26,4750.0,95.0,Nadu 1,Pettah
2021-01-27,4700.0,94.0,Nadu 1,Pettah
2021-01-29,4680.0,93.6,Nadu 1,Pettah
2021-02-01,5240.0,104.8,Nadu 1,Pettah
2021-02-02,4700.0,94.0,Nadu 1,Pettah
2021-02-03,4687.5,93.75,Nadu 1,Pettah
2021-02-08,4690.0,93.8,Nadu 1,Pettah
2021-02-09,4630.0,92.6,Nadu 1,Pettah
2021-02-10,4650.0,93.0,Nadu 1,Pettah
2021-02-11,4640.0,92.8,Nadu 1,Pettah
2021-02-12,4630.0,92.6,Nadu 1,Pettah
2021-02-15,4650.0,93.0,Nadu 1,Pettah
2021-02-16,4650.0,93.0,Nadu 1,Pettah
2021-02-17,4690.0,93.8,Nadu 1,Pettah
2021-02-18,4710.0,94.2,Nadu 1,Pettah
2021-02-19,4710.0,94.2,Nadu 1,Pettah
2021-02-22,4680.0,93.6,Nadu 1,Pettah
2021-02-23,4670.0,93.4,Nadu 1,Pettah
2021-02-24,4670.0,93.4,Nadu 1,Pettah
2021-02-25,4700.0,94.0,Nadu 1,Pettah
2021-03-01,4710.0,94.2,Nadu 1,Pettah
2021-03-02,4690.0,93.8,Nadu 1,Pettah
2021-03-03,4700.0,94.0,Nadu 1,Pettah
2021-03-04,4690.0,93.8,Nadu 1,Pettah
2021-03-05,4690.0,93.8,Nadu 1,Pettah
2021-03-08,4710.0,94.2,Nadu 1,Pettah
2021-03-09,4690.0,93.8,Nadu 1,Pettah
2021-03-10,4700.0,94.0,Nadu 1,Pettah
2021-03-12,4720.0,94.4,Nadu 1,Pettah
2021-03-15,4680.0,93.6,Nadu 1,Pettah
2021-03-16,4700.0,94.0,Nadu 1,Pettah
2021-03-17,4680.0,93.6,Nadu 1,Pettah
2021-03-18,4690.0,93.8,Nadu 1,Pettah
2021-03-19,4690.0,93.8,Nadu 1,Pettah
2021-03-22,4680.0,93.6,Nadu 1,Pettah
2021-03-23,4690.0,93.8,Nadu 1,Pettah
2021-03-24,4690.0,93.8,Nadu 1,Pettah
2021-03-25,4690.0,93.8,Nadu 1,Pettah
2021-03-26,4690.0,93.8,Nadu 1,Pettah
2021-03-29,4690.0,93.8,Nadu 1,Pettah
2021-03-30,4690.0,93.8,Nadu 1,Pettah
2021-03-31,4690.0,93.8,Nadu 1,Pettah
2021-04-01,4850.0,97.0,Nadu 1,Pettah
2021-04-05,4820.0,96.4,Nadu 1,Pettah
2021-04-06,4820.0,96.4,Nadu 1,Pettah
2021-04-07,4820.0,96.4,Nadu 1,Pettah
2021-04-08,4890.0,97.8,Nadu 1,Pettah
2021-04-09,4850.0,97.0,Nadu 1,Pettah
2021-04-19,4920.0,98.4,Nadu 1,Pettah
2021-04-20,4940.0,98.8,Nadu 1,Pettah
2021-04-21,4940.0,98.8,Nadu 1,Pettah
2021-04-22,4950.0,99.0,Nadu 1,Pettah
2021-04-23,4950.0,99.0,Nadu 1,Pettah
2021-04-27,4950.0,99.0,Nadu 1,Pettah
2021-04-28,5050.0,101.0,Nadu 1,Pettah
2021-04-29,5150.0,103.0,Nadu 1,Pettah
2021-04-30,5230.0,104.6,Nadu 1,Pettah
2021-05-03,5290.0,105.8,Nadu 1,Pettah
2021-05-04,5370.0,107.4,Nadu 1,Pettah
2021-05-05,5460.0,109.2,Nadu 1,Pettah
2021-05-06,5460.0,109.2,Nadu 1,Pettah
2021-05-07,5460.0,109.2,Nadu 1,Pettah
2021-05-12,5470.0,109.4,Nadu 1,Pettah
2021-05-21,5540.0,110.8,Nadu 1,Pettah
2021-06-08,5660.0,113.2,Nadu 1,Pettah
2021-06-09,5700.0,114.0,Nadu 1,Pettah
2021-06-18,5680.0,113.6,Nadu 1,Pettah
2021-06-21,5590.0,111.8,Nadu 1,Pettah
2021-06-22,5560.0,111.2,Nadu 1,Pettah
2021-06-23,5560.0,111.2,Nadu 1,Pettah
2021-06-25,5560.0,111.2,Nadu 1,Pettah
2021-06-28,5560.0,111.2,Nadu 1,Pettah
2021-06-29,5560.0,111.2,Nadu 1,Pettah
2021-06-30,5560.0,111.2,Nadu 1,Pettah
2021-07-01,5533.33,110.6666,Nadu 1,Pettah
2021-07-02,5533.33,110.6666,Nadu 1,Pettah
2021-07-05,5470.0,109.4,Nadu 1,Pettah
2021-07-06,5520.0,110.4,Nadu 1,Pettah
2021-07-07,5500.0,110.0,Nadu 1,Pettah
2021-07-08,5420.0,108.4,Nadu 1,Pettah
2021-07-09,5460.0,109.2,Nadu 1,Pettah
2021-07-16,5150.0,103.0,Nadu 1,Pettah
2021-08-02,5060.0,101.2,Nadu 1,Pettah
2021-08-03,4980.0,99.6,Nadu 1,Pettah
2021-08-04,4960.0,99.2,Nadu 1,Pettah
2021-08-05,4910.0,98.2,Nadu 1,Pettah
2021-08-06,4880.0,97.6,Nadu 1,Pettah
2021-08-09,5475.0,109.5,Nadu 1,Pettah
2021-08-11,5130.0,102.6,Nadu 1,Pettah
2021-08-12,5475.0,109.5,Nadu 1,Pettah
2021-08-13,5433.33,108.6666,Nadu 1,Pettah
2021-08-16,5460.0,109.2,Nadu 1,Pettah
2021-08-17,5190.0,103.8,Nadu 1,Pettah
2021-08-18,5120.0,102.4,Nadu 1,Pettah
2021-08-19,5220.0,104.4,Nadu 1,Pettah
2021-08-20,5425.0,108.5,Nadu 1,Pettah
2021-09-22,5366.67,107.3334,Nadu 1,Pettah
2021-09-23,5450.0,109.0,Nadu 1,Pettah
2021-09-24,5400.0,108.0,Nadu 1,Pettah
2021-09-27,5400.0,108.0,Nadu 1,Pettah
2021-09-28,5533.33,110.6666,Nadu 1,Pettah
2021-09-29,5690.0,113.8,Nadu 1,Pettah
2021-09-30,5750.0,115.0,Nadu 1,Pettah
2021-10-01,5787.5,115.75,Nadu 1,Pettah
2021-10-04,4940.0,98.8,Nadu 1,Pettah
2021-10-05,5750.0,115.0,Nadu 1,Pettah
2021-10-06,5750.0,115.0,Nadu 1,Pettah
2021-10-07,5750.0,115.0,Nadu 1,Pettah
2021-10-08,4960.0,99.2,Nadu 1,Pettah
2021-10-11,5920.0,118.4,Nadu 1,Pettah
2021-10-12,5920.0,118.4,Nadu 1,Pettah
2021-10-13,4990.0,99.8,Nadu 1,Pettah
2021-10-14,5000.0,100.0,Nadu 1,Pettah
2021-10-15,5000.0,100.0,Nadu 1,Pettah
2021-10-18,5000.0,100.0,Nadu 1,Pettah
2021-10-21,5090.0,101.8,Nadu 1,Pettah
2021-10-22,5090.0,101.8,Nadu 1,Pettah
2021-10-25,5100.0,102.0,Nadu 1,Pettah
2021-10-26,5120.0,102.4,Nadu 1,Pettah
2021-10-27,6250.0,125.0,Nadu 1,Pettah
2021-10-28,6280.0,125.6,Nadu 1,Pettah
2021-10-29,6390.0,127.8,Nadu 1,Pettah
2021-11-01,6550.0,131.0,Nadu 1,Pettah
2021-11-02,6550.0,131.0,Nadu 1,Pettah
2021-11-03,6710.0,134.2,Nadu 1,Pettah
2022-06-13,1775.0,35.5,Nadu 1,Pettah
2022-06-16,1775.0,35.5,Nadu 1,Pettah
2022-06-20,1712.5,34.25,Nadu 1,Pettah
2022-06-21,1740.0,34.8,Nadu 1,Pettah
2022-06-22,1750.0,35.0,Nadu 1,Pettah
2022-06-23,1775.0,35.5,Nadu 1,Pettah
2015-06-22,3320.0,66.4,Nadu 2,Pettah
2015-06-23,3300.0,66.0,Nadu 2,Pettah
2015-06-24,3250.0,65.0,Nadu 2,Pettah
2015-06-25,3270.0,65.4,Nadu 2,Pettah
2015-06-26,3260.0,65.2,Nadu 2,Pettah
2015-06-29,3260.0,65.2,Nadu 2,Pettah
2015-06-30,3250.0,65.0,Nadu 2,Pettah
2015-07-01,3290.0,65.8,Nadu 2,Pettah
2015-07-02,3290.0,65.8,Nadu 2,Pettah
2015-07-03,3212.5,64.25,Nadu 2,Pettah
2015-07-06,3230.0,64.6,Nadu 2,Pettah
2015-07-09,3210.0,64.2,Nadu 2,Pettah
2015-07-10,3190.0,63.8,Nadu 2,Pettah
2015-07-13,3180.0,63.6,Nadu 2,Pettah
2015-07-14,3080.0,61.6,Nadu 2,Pettah
2015-07-15,3090.0,61.8,Nadu 2,Pettah
2015-07-16,3030.0,60.6,Nadu 2,Pettah
2015-07-17,3070.0,61.4,Nadu 2,Pettah
2015-07-20,3030.0,60.6,Nadu 2,Pettah
2015-07-21,3030.0,60.6,Nadu 2,Pettah
2015-07-22,3050.0,61.0,Nadu 2,Pettah
2015-07-24,2980.0,59.6,Nadu 2,Pettah
2015-07-27,3010.0,60.2,Nadu 2,Pettah
2015-07-28,3050.0,61.0,Nadu 2,Pettah
2015-07-29,2980.0,59.6,Nadu 2,Pettah
2015-07-30,2980.0,59.6,Nadu 2,Pettah
2015-08-03,2950.0,59.0,Nadu 2,Pettah
2015-08-04,2900.0,58.0,Nadu 2,Pettah
2015-08-05,2900.0,58.0,Nadu 2,Pettah
2015-08-06,2790.0,55.8,Nadu 2,Pettah
2015-08-07,2890.0,57.8,Nadu 2,Pettah
2015-08-10,2880.0,57.6,Nadu 2,Pettah
2015-08-11,2830.0,56.6,Nadu 2,Pettah
2015-08-12,2900.0,58.0,Nadu 2,Pettah
2015-08-13,2920.0,58.4,Nadu 2,Pettah
2015-08-14,2950.0,59.0,Nadu 2,Pettah
2015-08-20,3050.0,61.0,Nadu 2,Pettah
2015-08-21,3050.0,61.0,Nadu 2,Pettah
2015-08-24,3090.0,61.8,Nadu 2,Pettah
2015-08-25,3100.0,62.0,Nadu 2,Pettah
2015-08-26,3130.0,62.6,Nadu 2,Pettah
2015-08-27,3150.0,63.0,Nadu 2,Pettah
2015-08-28,3190.0,63.8,Nadu 2,Pettah
2015-08-31,3190.0,63.8,Nadu 2,Pettah
2015-09-01,3170.0,63.4,Nadu 2,Pettah
2015-09-02,3160.0,63.2,Nadu 2,Pettah
2015-09-03,3160.0,63.2,Nadu 2,Pettah
2015-09-04,3200.0,64.0,Nadu 2,Pettah
2015-09-07,3180.0,63.6,Nadu 2,Pettah
2015-09-09,3210.0,64.2,Nadu 2,Pettah
2015-09-10,3180.0,63.6,Nadu 2,Pettah
2015-09-11,3180.0,63.6,Nadu 2,Pettah
2015-09-14,3220.0,64.4,Nadu 2,Pettah
2015-09-16,3190.0,63.8,Nadu 2,Pettah
2015-09-17,3190.0,63.8,Nadu 2,Pettah
2015-09-18,3190.0,63.8,Nadu 2,Pettah
2015-09-21,3160.0,63.2,Nadu 2,Pettah
2015-09-22,3150.0,63.0,Nadu 2,Pettah
2015-09-23,3170.0,63.4,Nadu 2,Pettah
2015-09-25,3170.0,63.4,Nadu 2,Pettah
2015-09-28,3180.0,63.6,Nadu 2,Pettah
2015-09-29,3180.0,63.6,Nadu 2,Pettah
2015-10-01,3160.0,63.2,Nadu 2,Pettah
2015-10-02,3130.0,62.6,Nadu 2,Pettah
2015-10-05,3180.0,63.6,Nadu 2,Pettah
2015-10-06,3140.0,62.8,Nadu 2,Pettah
2015-10-07,3160.0,63.2,Nadu 2,Pettah
2015-10-08,3180.0,63.6,Nadu 2,Pettah
2015-10-09,3170.0,63.4,Nadu 2,Pettah
2015-10-12,3240.0,64.8,Nadu 2,Pettah
2015-10-13,3233.33,64.6666,Nadu 2,Pettah
2015-10-14,3175.0,63.5,Nadu 2,Pettah
2015-10-15,3310.0,66.2,Nadu 2,Pettah
2015-10-16,3220.0,64.4,Nadu 2,Pettah
2015-10-19,3312.5,66.25,Nadu 2,Pettah
2015-10-20,3312.5,66.25,Nadu 2,Pettah
2015-10-21,3390.0,67.8,Nadu 2,Pettah
2015-10-22,3460.0,69.2,Nadu 2,Pettah
2015-10-23,3440.0,68.8,Nadu 2,Pettah
2015-10-26,3450.0,69.0,Nadu 2,Pettah
2015-10-28,3480.0,69.6,Nadu 2,Pettah
2015-10-29,3460.0,69.2,Nadu 2,Pettah
2015-10-30,3460.0,69.2,Nadu 2,Pettah
2015-11-02,3460.0,69.2,Nadu 2,Pettah
2015-11-03,3480.0,69.6,Nadu 2,Pettah
2015-11-04,3470.0,69.4,Nadu 2,Pettah
2015-11-05,3470.0,69.4,Nadu 2,Pettah
2015-11-06,3470.0,69.4,Nadu 2,Pettah
2015-11-09,3480.0,69.6,Nadu 2,Pettah
2015-11-11,3490.0,69.8,Nadu 2,Pettah
2015-11-12,3450.0,69.0,Nadu 2,Pettah
2015-11-13,3490.0,69.8,Nadu 2,Pettah
2015-11-16,3510.0,70.2,Nadu 2,Pettah
2015-11-17,3510.0,70.2,Nadu 2,Pettah
2015-11-18,3520.0,70.4,Nadu 2,Pettah
2015-11-19,3520.0,70.4,Nadu 2,Pettah
2015-11-20,3540.0,70.8,Nadu 2,Pettah
2015-11-23,3525.0,70.5,Nadu 2,Pettah
2015-11-24,3500.0,70.0,Nadu 2,Pettah
2015-11-26,3540.0,70.8,Nadu 2,Pettah
2015-11-27,3550.0,71.0,Nadu 2,Pettah
2015-11-30,3540.0,70.8,Nadu 2,Pettah
2015-12-01,3550.0,71.0,Nadu 2,Pettah
2015-12-02,3560.0,71.2,Nadu 2,Pettah
2015-12-03,3580.0,71.6,Nadu 2,Pettah
2015-12-04,3570.0,71.4,Nadu 2,Pettah
2015-12-07,3580.0,71.6,Nadu 2,Pettah
2015-12-08,3580.0,71.6,Nadu 2,Pettah
2015-12-09,3590.0,71.8,Nadu 2,Pettah
2015-12-10,3610.0,72.2,Nadu 2,Pettah
2015-12-11,3620.0,72.4,Nadu 2,Pettah
2015-12-14,3580.0,71.6,Nadu 2,Pettah
2015-12-15,3570.0,71.4,Nadu 2,Pettah
2015-12-16,3560.0,71.2,Nadu 2,Pettah
2015-12-17,3560.0,71.2,Nadu 2,Pettah
2015-12-18,3550.0,71.0,Nadu 2,Pettah
2015-12-20,3550.0,71.0,Nadu 2,Pettah
2015-12-21,3550.0,71.0,Nadu 2,Pettah
2015-12-22,3550.0,71.0,Nadu 2,Pettah
2015-12-23,3530.0,70.6,Nadu 2,Pettah
2015-12-28,3540.0,70.8,Nadu 2,Pettah
2015-12-29,3540.0,70.8,Nadu 2,Pettah
2015-12-30,3560.0,71.2,Nadu 2,Pettah
2015-12-31,3560.0,71.2,Nadu 2,Pettah
2016-01-04,3550.0,71.0,Nadu 2,Pettah
2016-01-05,3550.0,71.0,Nadu 2,Pettah
2016-01-06,3540.0,70.8,Nadu 2,Pettah
2016-01-07,3550.0,71.0,Nadu 2,Pettah
2016-01-08,3540.0,70.8,Nadu 2,Pettah
2016-01-11,3550.0,71.0,Nadu 2,Pettah
2016-01-12,3560.0,71.2,Nadu 2,Pettah
2016-01-13,3520.0,70.4,Nadu 2,Pettah
2016-01-14,3510.0,70.2,Nadu 2,Pettah
2016-01-18,3540.0,70.8,Nadu 2,Pettah
2016-01-19,3520.0,70.4,Nadu 2,Pettah
2016-01-20,3530.0,70.6,Nadu 2,Pettah
2016-01-21,3470.0,69.4,Nadu 2,Pettah
2016-01-22,3450.0,69.0,Nadu 2,Pettah
2016-01-25,3450.0,69.0,Nadu 2,Pettah
2016-01-26,3400.0,68.0,Nadu 2,Pettah
2016-01-27,3400.0,68.0,Nadu 2,Pettah
2016-01-28,3450.0,69.0,Nadu 2,Pettah
2016-01-29,3370.0,67.4,Nadu 2,Pettah
2016-02-01,3400.0,68.0,Nadu 2,Pettah
2016-02-02,3280.0,65.6,Nadu 2,Pettah
2016-02-03,3420.0,68.4,Nadu 2,Pettah
2016-02-05,3210.0,64.2,Nadu 2,Pettah
2016-02-08,3210.0,64.2,Nadu 2,Pettah
2016-02-09,3220.0,64.4,Nadu 2,Pettah
2016-02-10,3180.0,63.6,Nadu 2,Pettah
2016-02-11,3230.0,64.6,Nadu 2,Pettah
2016-02-12,3170.0,63.4,Nadu 2,Pettah
2016-02-15,3090.0,61.8,Nadu 2,Pettah
2016-02-16,3040.0,60.8,Nadu 2,Pettah
2016-02-17,3060.0,61.2,Nadu 2,Pettah
2016-02-18,3010.0,60.2,Nadu 2,Pettah
2016-02-19,3030.0,60.6,Nadu 2,Pettah
2016-02-23,3070.0,61.4,Nadu 2,Pettah
2016-02-24,3070.0,61.4,Nadu 2,Pettah
2016-02-25,3030.0,60.6,Nadu 2,Pettah
2016-02-26,3020.0,60.4,Nadu 2,Pettah
2016-02-29,3087.5,61.75,Nadu 2,Pettah
2016-03-01,3050.0,61.0,Nadu 2,Pettah
2016-03-02,3020.0,60.4,Nadu 2,Pettah
2016-03-03,3030.0,60.6,Nadu 2,Pettah
2016-03-04,3020.0,60.4,Nadu 2,Pettah
2016-03-08,2940.0,58.8,Nadu 2,Pettah
2016-03-09,2950.0,59.0,Nadu 2,Pettah
2016-03-10,2940.0,58.8,Nadu 2,Pettah
2016-03-11,2890.0,57.8,Nadu 2,Pettah
2016-03-14,2940.0,58.8,Nadu 2,Pettah
2016-03-15,2950.0,59.0,Nadu 2,Pettah
2016-03-16,2960.0,59.2,Nadu 2,Pettah
2016-03-17,2950.0,59.0,Nadu 2,Pettah
2016-03-18,2960.0,59.2,Nadu 2,Pettah
2016-03-21,2950.0,59.0,Nadu 2,Pettah
2016-03-23,3020.0,60.4,Nadu 2,Pettah
2016-03-24,3040.0,60.8,Nadu 2,Pettah
2016-03-28,3200.0,64.0,Nadu 2,Pettah
2016-03-29,3180.0,63.6,Nadu 2,Pettah
2016-03-30,3170.0,63.4,Nadu 2,Pettah
2016-03-31,3210.0,64.2,Nadu 2,Pettah
2016-04-01,3200.0,64.0,Nadu 2,Pettah
2016-04-04,3150.0,63.0,Nadu 2,Pettah
2016-04-05,3220.0,64.4,Nadu 2,Pettah
2016-04-06,3150.0,63.0,Nadu 2,Pettah
2016-04-07,3250.0,65.0,Nadu 2,Pettah
2016-04-08,3230.0,64.6,Nadu 2,Pettah
2016-04-11,3230.0,64.6,Nadu 2,Pettah
2016-04-18,3220.0,64.4,Nadu 2,Pettah
2016-04-19,3290.0,65.8,Nadu 2,Pettah
2016-04-20,3262.5,65.25,Nadu 2,Pettah
2016-04-22,3320.0,66.4,Nadu 2,Pettah
2016-04-25,3325.0,66.5,Nadu 2,Pettah
2016-04-26,3460.0,69.2,Nadu 2,Pettah
2016-04-27,3440.0,68.8,Nadu 2,Pettah
2016-04-28,3440.0,68.8,Nadu 2,Pettah
2016-04-29,3480.0,69.6,Nadu 2,Pettah
2016-05-02,3480.0,69.6,Nadu 2,Pettah
2016-05-03,3490.0,69.8,Nadu 2,Pettah
2016-05-04,3460.0,69.2,Nadu 2,Pettah
2016-05-05,3470.0,69.4,Nadu 2,Pettah
2016-05-06,3480.0,69.6,Nadu 2,Pettah
2016-05-09,3480.0,69.6,Nadu 2,Pettah
2016-05-10,3510.0,70.2,Nadu 2,Pettah
2016-05-11,3510.0,70.2,Nadu 2,Pettah
2016-05-12,3510.0,70.2,Nadu 2,Pettah
2016-05-13,3510.0,70.2,Nadu 2,Pettah
2016-05-16,3490.0,69.8,Nadu 2,Pettah
2016-05-17,3320.0,66.4,Nadu 2,Pettah
2016-05-18,3490.0,69.8,Nadu 2,Pettah
2016-05-19,3490.0,69.8,Nadu 2,Pettah
2016-05-20,3500.0,70.0,Nadu 2,Pettah
2016-05-23,3460.0,69.2,Nadu 2,Pettah
2016-05-24,3480.0,69.6,Nadu 2,Pettah
2016-05-25,3510.0,70.2,Nadu 2,Pettah
2016-05-26,3540.0,70.8,Nadu 2,Pettah
2016-05-27,3530.0,70.6,Nadu 2,Pettah
2016-05-30,3550.0,71.0,Nadu 2,Pettah
2016-05-31,3512.5,70.25,Nadu 2,Pettah
2016-06-01,3540.0,70.8,Nadu 2,Pettah
2016-06-02,3540.0,70.8,Nadu 2,Pettah
2016-06-03,3530.0,70.6,Nadu 2,Pettah
2016-06-06,3530.0,70.6,Nadu 2,Pettah
2016-06-07,3530.0,70.6,Nadu 2,Pettah
2016-06-08,3540.0,70.8,Nadu 2,Pettah
2016-06-09,3530.0,70.6,Nadu 2,Pettah
2016-06-10,3510.0,70.2,Nadu 2,Pettah
2016-06-13,3480.0,69.6,Nadu 2,Pettah
2016-06-14,3450.0,69.0,Nadu 2,Pettah
2016-06-15,3470.0,69.4,Nadu 2,Pettah
2016-06-16,3430.0,68.6,Nadu 2,Pettah
2016-06-17,3470.0,69.4,Nadu 2,Pettah
2016-06-20,3450.0,69.0,Nadu 2,Pettah
2016-06-21,3460.0,69.2,Nadu 2,Pettah
2016-06-22,3450.0,69.0,Nadu 2,Pettah
2016-06-23,3450.0,69.0,Nadu 2,Pettah
2016-06-24,3420.0,68.4,Nadu 2,Pettah
2016-06-27,3430.0,68.6,Nadu 2,Pettah
2016-06-28,3400.0,68.0,Nadu 2,Pettah
2016-06-29,3420.0,68.4,Nadu 2,Pettah
2016-06-30,3420.0,68.4,Nadu 2,Pettah
2016-07-01,3440.0,68.8,Nadu 2,Pettah
2016-07-04,3430.0,68.6,Nadu 2,Pettah
2016-07-05,3390.0,67.8,Nadu 2,Pettah
2016-07-06,3430.0,68.6,Nadu 2,Pettah
2016-07-07,3430.0,68.6,Nadu 2,Pettah
2016-07-08,3420.0,68.4,Nadu 2,Pettah
2016-07-11,3360.0,67.2,Nadu 2,Pettah
2016-07-12,3410.0,68.2,Nadu 2,Pettah
2016-07-13,3420.0,68.4,Nadu 2,Pettah
2016-07-14,3380.0,67.6,Nadu 2,Pettah
2016-07-15,3360.0,67.2,Nadu 2,Pettah
2016-07-18,3370.0,67.4,Nadu 2,Pettah
2016-07-20,3390.0,67.8,Nadu 2,Pettah
2016-07-21,3420.0,68.4,Nadu 2,Pettah
2016-07-22,3380.0,67.6,Nadu 2,Pettah
2016-07-25,3390.0,67.8,Nadu 2,Pettah
2016-07-26,3380.0,67.6,Nadu 2,Pettah
2016-07-27,3360.0,67.2,Nadu 2,Pettah
2016-07-28,3370.0,67.4,Nadu 2,Pettah
2016-07-29,3360.0,67.2,Nadu 2,Pettah
2016-08-01,3390.0,67.8,Nadu 2,Pettah
2016-08-02,3340.0,66.8,Nadu 2,Pettah
2016-08-03,3360.0,67.2,Nadu 2,Pettah
2016-08-04,3360.0,67.2,Nadu 2,Pettah
2016-08-05,3380.0,67.6,Nadu 2,Pettah
2016-08-08,3360.0,67.2,Nadu 2,Pettah
2016-08-09,3350.0,67.0,Nadu 2,Pettah
2016-08-10,3390.0,67.8,Nadu 2,Pettah
2016-08-11,3360.0,67.2,Nadu 2,Pettah
2016-08-12,3330.0,66.6,Nadu 2,Pettah
2016-08-15,3370.0,67.4,Nadu 2,Pettah
2016-08-16,3320.0,66.4,Nadu 2,Pettah
2016-08-18,3340.0,66.8,Nadu 2,Pettah
2016-08-19,3330.0,66.6,Nadu 2,Pettah
2016-08-22,3300.0,66.0,Nadu 2,Pettah
2016-08-23,3350.0,67.0,Nadu 2,Pettah
2016-08-24,3340.0,66.8,Nadu 2,Pettah
2016-08-29,3240.0,64.8,Nadu 2,Pettah
2016-08-30,3290.0,65.8,Nadu 2,Pettah
2016-08-31,3310.0,66.2,Nadu 2,Pettah
2016-09-01,3320.0,66.4,Nadu 2,Pettah
2016-09-02,3310.0,66.2,Nadu 2,Pettah
2016-09-05,3290.0,65.8,Nadu 2,Pettah
2016-09-06,3280.0,65.6,Nadu 2,Pettah
2016-09-07,3250.0,65.0,Nadu 2,Pettah
2016-09-08,3290.0,65.8,Nadu 2,Pettah
2016-09-09,3260.0,65.2,Nadu 2,Pettah
2016-09-13,3280.0,65.6,Nadu 2,Pettah
2016-09-14,3280.0,65.6,Nadu 2,Pettah
2016-09-15,3290.0,65.8,Nadu 2,Pettah
2016-09-19,3400.0,68.0,Nadu 2,Pettah
2016-09-20,3390.0,67.8,Nadu 2,Pettah
2016-09-21,3360.0,67.2,Nadu 2,Pettah
2016-09-22,3450.0,69.0,Nadu 2,Pettah
2016-09-23,3400.0,68.0,Nadu 2,Pettah
2016-09-26,3420.0,68.4,Nadu 2,Pettah
2016-09-27,3490.0,69.8,Nadu 2,Pettah
2016-09-28,3480.0,69.6,Nadu 2,Pettah
2016-09-29,3490.0,69.8,Nadu 2,Pettah
2016-09-30,3490.0,69.8,Nadu 2,Pettah
2016-10-03,3570.0,71.4,Nadu 2,Pettah
2016-10-04,3590.0,71.8,Nadu 2,Pettah
2016-10-05,3660.0,73.2,Nadu 2,Pettah
2016-10-06,3630.0,72.6,Nadu 2,Pettah
2016-10-07,3580.0,71.6,Nadu 2,Pettah
2016-10-10,3600.0,72.0,Nadu 2,Pettah
2016-10-11,3610.0,72.2,Nadu 2,Pettah
2016-10-12,3720.0,74.4,Nadu 2,Pettah
2016-10-13,3670.0,73.4,Nadu 2,Pettah
2016-10-14,3700.0,74.0,Nadu 2,Pettah
2016-10-17,3730.0,74.6,Nadu 2,Pettah
2016-10-18,3710.0,74.2,Nadu 2,Pettah
2016-10-19,3710.0,74.2,Nadu 2,Pettah
2016-10-20,3720.0,74.4,Nadu 2,Pettah
2016-10-21,3750.0,75.0,Nadu 2,Pettah
2016-10-24,3730.0,74.6,Nadu 2,Pettah
2016-10-25,3720.0,74.4,Nadu 2,Pettah
2016-10-26,3760.0,75.2,Nadu 2,Pettah
2016-10-27,3750.0,75.0,Nadu 2,Pettah
2016-10-28,3740.0,74.8,Nadu 2,Pettah
2016-10-31,3750.0,75.0,Nadu 2,Pettah
2016-11-01,3770.0,75.4,Nadu 2,Pettah
2016-11-02,3780.0,75.6,Nadu 2,Pettah
2016-11-03,3830.0,76.6,Nadu 2,Pettah
2016-11-04,3780.0,75.6,Nadu 2,Pettah
2016-11-07,3880.0,77.6,Nadu 2,Pettah
2016-11-08,3850.0,77.0,Nadu 2,Pettah
2016-11-09,3840.0,76.8,Nadu 2,Pettah
2016-11-10,3870.0,77.4,Nadu 2,Pettah
2016-11-11,3850.0,77.0,Nadu 2,Pettah
2016-11-15,3790.0,75.8,Nadu 2,Pettah
2016-11-16,3930.0,78.6,Nadu 2,Pettah
2016-11-17,3930.0,78.6,Nadu 2,Pettah
2016-11-18,3900.0,78.0,Nadu 2,Pettah
2016-11-21,3990.0,79.8,Nadu 2,Pettah
2016-11-22,4090.0,81.8,Nadu 2,Pettah
2016-11-23,4158.33,83.1666,Nadu 2,Pettah
2016-11-24,4110.0,82.2,Nadu 2,Pettah
2016-11-25,4120.0,82.4,Nadu 2,Pettah
2016-11-28,4070.0,81.4,Nadu 2,Pettah
2016-11-29,4130.0,82.6,Nadu 2,Pettah
2016-11-30,4140.0,82.8,Nadu 2,Pettah
2016-12-01,4190.0,83.8,Nadu 2,Pettah
2016-12-02,4190.0,83.8,Nadu 2,Pettah
2016-12-05,4200.0,84.0,Nadu 2,Pettah
2016-12-06,4190.0,83.8,Nadu 2,Pettah
2016-12-07,4160.0,83.2,Nadu 2,Pettah
2016-12-08,4180.0,83.6,Nadu 2,Pettah
2016-12-09,4220.0,84.4,Nadu 2,Pettah
2016-12-14,4300.0,86.0,Nadu 2,Pettah
2016-12-15,4290.0,85.8,Nadu 2,Pettah
2016-12-16,4380.0,87.6,Nadu 2,Pettah
2016-12-19,4350.0,87.0,Nadu 2,Pettah
2016-12-20,4383.33,87.6666,Nadu 2,Pettah
2016-12-21,4383.33,87.6666,Nadu 2,Pettah
2016-12-22,4380.0,87.6,Nadu 2,Pettah
2016-12-23,4420.0,88.4,Nadu 2,Pettah
2016-12-26,4420.0,88.4,Nadu 2,Pettah
2016-12-27,4520.0,90.4,Nadu 2,Pettah
2016-12-28,4620.0,92.4,Nadu 2,Pettah
2016-12-29,4410.0,88.2,Nadu 2,Pettah
2016-12-30,4370.0,87.4,Nadu 2,Pettah
2017-01-02,4470.0,89.4,Nadu 2,Pettah
2017-01-03,4460.0,89.2,Nadu 2,Pettah
2017-01-04,4500.0,90.0,Nadu 2,Pettah
2017-01-05,4470.0,89.4,Nadu 2,Pettah
2017-01-06,4500.0,90.0,Nadu 2,Pettah
2017-01-09,4500.0,90.0,Nadu 2,Pettah
2017-01-10,4520.0,90.4,Nadu 2,Pettah
2017-01-11,4500.0,90.0,Nadu 2,Pettah
2017-01-13,4460.0,89.2,Nadu 2,Pettah
2017-01-16,4460.0,89.2,Nadu 2,Pettah
2017-01-17,4500.0,90.0,Nadu 2,Pettah
2017-01-18,4460.0,89.2,Nadu 2,Pettah
2017-01-19,4470.0,89.4,Nadu 2,Pettah
2017-01-20,4500.0,90.0,Nadu 2,Pettah
2017-01-23,4500.0,90.0,Nadu 2,Pettah
2017-01-24,4466.67,89.3334,Nadu 2,Pettah
2017-01-25,4400.0,88.0,Nadu 2,Pettah
2017-01-26,4587.5,91.75,Nadu 2,Pettah
2017-01-27,4533.33,90.6666,Nadu 2,Pettah
2017-01-30,4500.0,90.0,Nadu 2,Pettah
2017-01-31,4650.0,93.0,Nadu 2,Pettah
2017-03-01,3462.5,69.25,Nadu 2,Pettah
2017-03-10,3800.0,76.0,Nadu 2,Pettah
2017-03-13,3800.0,76.0,Nadu 2,Pettah
2017-03-23,3880.0,77.6,Nadu 2,Pettah
2017-03-24,3910.0,78.2,Nadu 2,Pettah
2017-03-27,3950.0,79.0,Nadu 2,Pettah
2017-03-28,3950.0,79.0,Nadu 2,Pettah
2017-03-29,3950.0,79.0,Nadu 2,Pettah
2017-03-30,3900.0,78.0,Nadu 2,Pettah
2017-03-31,3960.0,79.2,Nadu 2,Pettah
2017-04-03,3970.0,79.4,Nadu 2,Pettah
2017-04-04,3940.0,78.8,Nadu 2,Pettah
2017-04-05,3950.0,79.0,Nadu 2,Pettah
2017-04-06,3950.0,79.0,Nadu 2,Pettah
2017-04-07,3950.0,79.0,Nadu 2,Pettah
2017-04-11,3970.0,79.4,Nadu 2,Pettah
2017-04-12,3930.0,78.6,Nadu 2,Pettah
2017-04-17,3940.0,78.8,Nadu 2,Pettah
2017-04-18,3940.0,78.8,Nadu 2,Pettah
2017-04-19,3950.0,79.0,Nadu 2,Pettah
2017-04-20,3930.0,78.6,Nadu 2,Pettah
2017-04-21,3930.0,78.6,Nadu 2,Pettah
2017-04-24,3910.0,78.2,Nadu 2,Pettah
2017-04-25,3910.0,78.2,Nadu 2,Pettah
2017-04-26,4000.0,80.0,Nadu 2,Pettah
2017-04-27,4083.33,81.6666,Nadu 2,Pettah
2017-04-28,4150.0,83.0,Nadu 2,Pettah
2017-05-02,4100.0,82.0,Nadu 2,Pettah
2017-05-03,4300.0,86.0,Nadu 2,Pettah
2017-05-04,4220.0,84.4,Nadu 2,Pettah
2017-05-05,4220.0,84.4,Nadu 2,Pettah
2017-05-08,4200.0,84.0,Nadu 2,Pettah
2017-05-09,4140.0,82.8,Nadu 2,Pettah
2017-05-12,4233.33,84.6666,Nadu 2,Pettah
2017-05-15,4233.33,84.6666,Nadu 2,Pettah
2017-05-16,4100.0,82.0,Nadu 2,Pettah
2017-05-17,4320.0,86.4,Nadu 2,Pettah
2017-05-18,4280.0,85.6,Nadu 2,Pettah
2017-05-19,4280.0,85.6,Nadu 2,Pettah
2017-05-23,4210.0,84.2,Nadu 2,Pettah
2017-05-24,4210.0,84.2,Nadu 2,Pettah
2017-05-25,4240.0,84.8,Nadu 2,Pettah
2017-05-26,4260.0,85.2,Nadu 2,Pettah
2017-05-29,4458.33,89.1666,Nadu 2,Pettah
2017-05-30,4240.0,84.8,Nadu 2,Pettah
2017-05-31,4320.0,86.4,Nadu 2,Pettah
2017-06-02,4350.0,87.0,Nadu 2,Pettah
2017-06-05,4500.0,90.0,Nadu 2,Pettah
2017-06-06,4250.0,85.0,Nadu 2,Pettah
2017-06-07,4510.0,90.2,Nadu 2,Pettah
2017-06-09,4490.0,89.8,Nadu 2,Pettah
2017-06-12,4520.0,90.4,Nadu 2,Pettah
2017-06-13,4420.0,88.4,Nadu 2,Pettah
2017-06-14,4370.0,87.4,Nadu 2,Pettah
2017-06-15,4480.0,89.6,Nadu 2,Pettah
2017-06-16,4380.0,87.6,Nadu 2,Pettah
2017-06-19,4510.0,90.2,Nadu 2,Pettah
2017-06-20,4587.5,91.75,Nadu 2,Pettah
2017-06-21,4550.0,91.0,Nadu 2,Pettah
2017-06-22,4460.0,89.2,Nadu 2,Pettah
2017-06-23,4460.0,89.2,Nadu 2,Pettah
2017-06-27,4490.0,89.8,Nadu 2,Pettah
2017-06-28,4490.0,89.8,Nadu 2,Pettah
2017-06-29,4240.0,84.8,Nadu 2,Pettah
2017-06-30,4270.0,85.4,Nadu 2,Pettah
2017-07-03,4270.0,85.4,Nadu 2,Pettah
2017-07-04,4233.33,84.6666,Nadu 2,Pettah
2017-07-05,4216.67,84.3334,Nadu 2,Pettah
2017-07-06,4225.0,84.5,Nadu 2,Pettah
2017-07-07,4041.67,80.8334,Nadu 2,Pettah
2017-07-10,4183.33,83.6666,Nadu 2,Pettah
2017-07-11,4008.33,80.1666,Nadu 2,Pettah
2017-07-12,4175.0,83.5,Nadu 2,Pettah
2017-07-13,4216.67,84.3334,Nadu 2,Pettah
2017-07-14,4225.0,84.5,Nadu 2,Pettah
2017-07-17,4191.67,83.8334,Nadu 2,Pettah
2017-07-18,4158.33,83.1666,Nadu 2,Pettah
2017-07-19,4200.0,84.0,Nadu 2,Pettah
2017-07-20,4200.0,84.0,Nadu 2,Pettah
2017-07-21,4216.67,84.3334,Nadu 2,Pettah
2017-07-24,3966.67,79.3334,Nadu 2,Pettah
2017-07-25,4191.67,83.8334,Nadu 2,Pettah
2017-07-26,4075.0,81.5,Nadu 2,Pettah
2017-07-27,4175.0,83.5,Nadu 2,Pettah
2017-07-28,4191.67,83.8334,Nadu 2,Pettah
2017-07-31,4233.33,84.6666,Nadu 2,Pettah
2017-08-01,4216.67,84.3334,Nadu 2,Pettah
2017-08-02,4125.0,82.5,Nadu 2,Pettah
2017-08-03,3883.33,77.6666,Nadu 2,Pettah
2017-08-04,4200.0,84.0,Nadu 2,Pettah
2017-08-08,4175.0,83.5,Nadu 2,Pettah
2017-08-09,4216.67,84.3334,Nadu 2,Pettah
2017-08-10,4208.33,84.1666,Nadu 2,Pettah
2017-08-11,4166.67,83.3334,Nadu 2,Pettah
2017-08-14,4191.67,83.8334,Nadu 2,Pettah
2017-08-15,4158.33,83.1666,Nadu 2,Pettah
2017-08-16,4175.0,83.5,Nadu 2,Pettah
2017-08-17,4208.33,84.1666,Nadu 2,Pettah
2017-08-18,4183.33,83.6666,Nadu 2,Pettah
2017-08-21,4175.0,83.5,Nadu 2,Pettah
2017-08-22,4150.0,83.0,Nadu 2,Pettah
2017-08-23,4180.0,83.6,Nadu 2,Pettah
2017-08-24,4170.0,83.4,Nadu 2,Pettah
2017-08-25,4200.0,84.0,Nadu 2,Pettah
2017-08-28,4175.0,83.5,Nadu 2,Pettah
2017-08-29,4200.0,84.0,Nadu 2,Pettah
2017-08-30,4200.0,84.0,Nadu 2,Pettah
2017-08-31,4191.67,83.8334,Nadu 2,Pettah
2017-09-04,4241.67,84.8334,Nadu 2,Pettah
2017-09-06,4150.0,83.0,Nadu 2,Pettah
2017-09-07,4200.0,84.0,Nadu 2,Pettah
2017-09-08,4225.0,84.5,Nadu 2,Pettah
2017-09-11,4191.67,83.8334,Nadu 2,Pettah
2017-09-12,4266.67,85.3334,Nadu 2,Pettah
2017-09-13,4266.67,85.3334,Nadu 2,Pettah
2017-09-14,4275.0,85.5,Nadu 2,Pettah
2017-09-15,4258.33,85.1666,Nadu 2,Pettah
2017-09-18,4225.0,84.5,Nadu 2,Pettah
2017-09-19,4433.33,88.6666,Nadu 2,Pettah
2017-09-20,4275.0,85.5,Nadu 2,Pettah
2017-09-21,4375.0,87.5,Nadu 2,Pettah
2017-09-22,4408.33,88.1666,Nadu 2,Pettah
2017-09-25,4341.67,86.8334,Nadu 2,Pettah
2017-09-26,4441.67,88.8334,Nadu 2,Pettah
2017-09-27,4408.33,88.1666,Nadu 2,Pettah
2017-09-28,4341.67,86.8334,Nadu 2,Pettah
2017-09-29,4341.67,86.8334,Nadu 2,Pettah
2017-10-02,4425.0,88.5,Nadu 2,Pettah
2017-10-03,4483.33,89.6666,Nadu 2,Pettah
2017-10-04,4400.0,88.0,Nadu 2,Pettah
2017-10-06,4483.33,89.6666,Nadu 2,Pettah
2017-10-09,4583.33,91.6666,Nadu 2,Pettah
2017-10-10,4466.67,89.3334,Nadu 2,Pettah
2017-10-11,4366.67,87.3334,Nadu 2,Pettah
2017-10-12,4508.33,90.1666,Nadu 2,Pettah
2017-10-13,4425.0,88.5,Nadu 2,Pettah
2017-10-16,4483.33,89.6666,Nadu 2,Pettah
2017-10-17,4458.33,89.1666,Nadu 2,Pettah
2017-10-19,4458.33,89.1666,Nadu 2,Pettah
2017-10-20,4458.33,89.1666,Nadu 2,Pettah
2017-10-23,4566.67,91.3334,Nadu 2,Pettah
2017-10-24,4658.33,93.1666,Nadu 2,Pettah
2017-10-25,4616.67,92.3334,Nadu 2,Pettah
2017-10-26,4583.33,91.6666,Nadu 2,Pettah
2017-10-27,4616.67,92.3334,Nadu 2,Pettah
2017-10-30,4441.67,88.8334,Nadu 2,Pettah
2017-10-31,4650.0,93.0,Nadu 2,Pettah
2017-11-01,4516.67,90.3334,Nadu 2,Pettah
2017-11-02,4525.0,90.5,Nadu 2,Pettah
2017-11-06,4500.0,90.0,Nadu 2,Pettah
2017-11-07,4508.33,90.1666,Nadu 2,Pettah
2017-11-08,4508.33,90.1666,Nadu 2,Pettah
2017-11-09,4525.0,90.5,Nadu 2,Pettah
2017-11-10,4483.33,89.6666,Nadu 2,Pettah
2017-11-13,4483.33,89.6666,Nadu 2,Pettah
2017-11-14,4491.67,89.8334,Nadu 2,Pettah
2017-11-15,4520.0,90.4,Nadu 2,Pettah
2017-11-16,4516.67,90.3334,Nadu 2,Pettah
2017-11-17,4475.0,89.5,Nadu 2,Pettah
2017-11-20,4458.33,89.1666,Nadu 2,Pettah
2017-11-21,4541.67,90.8334,Nadu 2,Pettah
2017-11-22,4475.0,89.5,Nadu 2,Pettah
2017-11-23,4516.67,90.3334,Nadu 2,Pettah
2017-11-24,4516.67,90.3334,Nadu 2,Pettah
2017-11-27,4541.67,90.8334,Nadu 2,Pettah
2017-11-28,4566.67,91.3334,Nadu 2,Pettah
2017-11-29,4530.0,90.6,Nadu 2,Pettah
2017-11-30,4525.0,90.5,Nadu 2,Pettah
2017-12-04,4670.0,93.4,Nadu 2,Pettah
2017-12-05,4650.0,93.0,Nadu 2,Pettah
2017-12-06,4700.0,94.0,Nadu 2,Pettah
2017-12-07,4760.0,95.2,Nadu 2,Pettah
2017-12-08,4720.0,94.4,Nadu 2,Pettah
2017-12-11,4716.67,94.3334,Nadu 2,Pettah
2017-12-12,4730.0,94.6,Nadu 2,Pettah
2017-12-13,4710.0,94.2,Nadu 2,Pettah
2017-12-14,4770.0,95.4,Nadu 2,Pettah
2017-12-15,4760.0,95.2,Nadu 2,Pettah
2017-12-18,4730.0,94.6,Nadu 2,Pettah
2017-12-19,4660.0,93.2,Nadu 2,Pettah
2017-12-20,4640.0,92.8,Nadu 2,Pettah
2017-12-21,4660.0,93.2,Nadu 2,Pettah
2017-12-22,4700.0,94.0,Nadu 2,Pettah
2017-12-26,4741.67,94.8334,Nadu 2,Pettah
2017-12-27,4750.0,95.0,Nadu 2,Pettah
2017-12-28,4750.0,95.0,Nadu 2,Pettah
2017-12-29,4740.0,94.8,Nadu 2,Pettah
2018-01-02,4733.33,94.6666,Nadu 2,Pettah
2018-01-03,4737.5,94.75,Nadu 2,Pettah
2018-01-04,4640.0,92.8,Nadu 2,Pettah
2018-01-05,4700.0,94.0,Nadu 2,Pettah
2018-01-08,4675.0,93.5,Nadu 2,Pettah
2018-01-09,4690.0,93.8,Nadu 2,Pettah
2018-01-10,4710.0,94.2,Nadu 2,Pettah
2018-01-11,4590.0,91.8,Nadu 2,Pettah
2018-01-12,4640.0,92.8,Nadu 2,Pettah
2018-01-15,4750.0,95.0,Nadu 2,Pettah
2018-01-16,4625.0,92.5,Nadu 2,Pettah
2018-01-17,4616.67,92.3334,Nadu 2,Pettah
2018-01-18,4562.5,91.25,Nadu 2,Pettah
2018-01-19,4512.5,90.25,Nadu 2,Pettah
2018-01-22,4400.0,88.0,Nadu 2,Pettah
2018-01-23,4360.0,87.2,Nadu 2,Pettah
2018-01-24,4360.0,87.2,Nadu 2,Pettah
2018-01-25,3980.0,79.6,Nadu 2,Pettah
2018-01-26,4000.0,80.0,Nadu 2,Pettah
2018-01-29,3810.0,76.2,Nadu 2,Pettah
2018-01-30,3780.0,75.6,Nadu 2,Pettah
2018-02-01,3700.0,74.0,Nadu 2,Pettah
2018-02-02,3730.0,74.6,Nadu 2,Pettah
2018-02-05,3670.0,73.4,Nadu 2,Pettah
2018-02-07,3640.0,72.8,Nadu 2,Pettah
2018-02-08,3690.0,73.8,Nadu 2,Pettah
2018-02-09,3750.0,75.0,Nadu 2,Pettah
2018-02-12,3660.0,73.2,Nadu 2,Pettah
2018-02-14,3900.0,78.0,Nadu 2,Pettah
2018-02-15,3640.0,72.8,Nadu 2,Pettah
2018-02-16,3600.0,72.0,Nadu 2,Pettah
2018-02-19,3690.0,73.8,Nadu 2,Pettah
2018-02-20,3690.0,73.8,Nadu 2,Pettah
2018-02-21,3770.0,75.4,Nadu 2,Pettah
2018-02-22,3690.0,73.8,Nadu 2,Pettah
2018-02-23,3740.0,74.8,Nadu 2,Pettah
2018-02-26,3990.0,79.8,Nadu 2,Pettah
2018-02-27,3860.0,77.2,Nadu 2,Pettah
2018-02-28,3860.0,77.2,Nadu 2,Pettah
2018-03-02,3930.0,78.6,Nadu 2,Pettah
2018-03-05,3880.0,77.6,Nadu 2,Pettah
2018-03-06,3790.0,75.8,Nadu 2,Pettah
2018-03-07,3910.0,78.2,Nadu 2,Pettah
2018-03-08,3880.0,77.6,Nadu 2,Pettah
2018-03-09,3900.0,78.0,Nadu 2,Pettah
2018-03-12,3980.0,79.6,Nadu 2,Pettah
2018-03-13,3910.0,78.2,Nadu 2,Pettah
2018-03-14,3980.0,79.6,Nadu 2,Pettah
2018-03-15,3980.0,79.6,Nadu 2,Pettah
2018-03-16,3790.0,75.8,Nadu 2,Pettah
2018-03-19,4000.0,80.0,Nadu 2,Pettah
2018-03-20,3920.0,78.4,Nadu 2,Pettah
2018-03-21,4040.0,80.8,Nadu 2,Pettah
2018-03-22,4040.0,80.8,Nadu 2,Pettah
2018-03-23,4030.0,80.6,Nadu 2,Pettah
2018-03-26,3990.0,79.8,Nadu 2,Pettah
2018-03-27,3970.0,79.4,Nadu 2,Pettah
2018-03-28,3820.0,76.4,Nadu 2,Pettah
2018-04-02,3790.0,75.8,Nadu 2,Pettah
2018-04-03,3780.0,75.6,Nadu 2,Pettah
2018-04-04,3810.0,76.2,Nadu 2,Pettah
2018-04-05,3770.0,75.4,Nadu 2,Pettah
2018-04-06,3760.0,75.2,Nadu 2,Pettah
2018-04-09,3700.0,74.0,Nadu 2,Pettah
2018-04-10,3760.0,75.2,Nadu 2,Pettah
2018-04-11,3770.0,75.4,Nadu 2,Pettah
2018-04-12,3730.0,74.6,Nadu 2,Pettah
2018-04-17,3730.0,74.6,Nadu 2,Pettah
2018-04-18,3760.0,75.2,Nadu 2,Pettah
2018-04-19,3770.0,75.4,Nadu 2,Pettah
2018-04-20,3770.0,75.4,Nadu 2,Pettah
2018-04-23,3780.0,75.6,Nadu 2,Pettah
2018-04-24,3760.0,75.2,Nadu 2,Pettah
2018-04-25,3750.0,75.0,Nadu 2,Pettah
2018-04-26,3760.0,75.2,Nadu 2,Pettah
2018-04-27,3750.0,75.0,Nadu 2,Pettah
2018-05-01,3970.0,79.4,Nadu 2,Pettah
2018-05-02,3760.0,75.2,Nadu 2,Pettah
2018-05-03,3760.0,75.2,Nadu 2,Pettah
2018-05-04,3780.0,75.6,Nadu 2,Pettah
2018-05-08,3780.0,75.6,Nadu 2,Pettah
2018-05-09,3780.0,75.6,Nadu 2,Pettah
2018-05-10,3750.0,75.0,Nadu 2,Pettah
2018-05-11,3750.0,75.0,Nadu 2,Pettah
2018-05-14,3730.0,74.6,Nadu 2,Pettah
2018-05-15,3720.0,74.4,Nadu 2,Pettah
2018-05-16,3980.0,79.6,Nadu 2,Pettah
2018-05-17,3960.0,79.2,Nadu 2,Pettah
2018-05-21,3730.0,74.6,Nadu 2,Pettah
2018-05-22,3740.0,74.8,Nadu 2,Pettah
2018-05-23,3740.0,74.8,Nadu 2,Pettah
2018-05-24,3740.0,74.8,Nadu 2,Pettah
2018-05-25,3740.0,74.8,Nadu 2,Pettah
2018-05-28,3760.0,75.2,Nadu 2,Pettah
2018-05-30,3740.0,74.8,Nadu 2,Pettah
2018-05-31,3730.0,74.6,Nadu 2,Pettah
2018-06-05,3710.0,74.2,Nadu 2,Pettah
2018-06-06,3730.0,74.6,Nadu 2,Pettah
2018-06-07,3720.0,74.4,Nadu 2,Pettah
2018-06-08,3730.0,74.6,Nadu 2,Pettah
2018-06-11,3700.0,74.0,Nadu 2,Pettah
2018-06-12,3690.0,73.8,Nadu 2,Pettah
2018-06-13,3690.0,73.8,Nadu 2,Pettah
2018-06-14,3690.0,73.8,Nadu 2,Pettah
2018-06-18,3710.0,74.2,Nadu 2,Pettah
2018-06-19,3710.0,74.2,Nadu 2,Pettah
2018-06-20,3690.0,73.8,Nadu 2,Pettah
2018-06-21,3690.0,73.8,Nadu 2,Pettah
2018-06-22,3680.0,73.6,Nadu 2,Pettah
2018-06-25,3650.0,73.0,Nadu 2,Pettah
2018-06-26,3650.0,73.0,Nadu 2,Pettah
2018-06-28,3670.0,73.4,Nadu 2,Pettah
2018-06-29,3620.0,72.4,Nadu 2,Pettah
2018-07-02,3580.0,71.6,Nadu 2,Pettah
2018-07-03,3530.0,70.6,Nadu 2,Pettah
2018-07-04,3570.0,71.4,Nadu 2,Pettah
2018-07-05,3560.0,71.2,Nadu 2,Pettah
2018-07-06,3590.0,71.8,Nadu 2,Pettah
2018-07-09,3530.0,70.6,Nadu 2,Pettah
2018-07-10,3520.0,70.4,Nadu 2,Pettah
2018-07-11,3540.0,70.8,Nadu 2,Pettah
2018-07-12,3520.0,70.4,Nadu 2,Pettah
2018-07-13,3520.0,70.4,Nadu 2,Pettah
2018-07-16,3540.0,70.8,Nadu 2,Pettah
2018-07-17,3520.0,70.4,Nadu 2,Pettah
2018-07-18,3490.0,69.8,Nadu 2,Pettah
2018-07-19,3470.0,69.4,Nadu 2,Pettah
2018-07-20,3510.0,70.2,Nadu 2,Pettah
2018-07-23,3120.0,62.4,Nadu 2,Pettah
2018-07-24,3120.0,62.4,Nadu 2,Pettah
2018-07-25,3110.0,62.2,Nadu 2,Pettah
2018-07-26,3160.0,63.2,Nadu 2,Pettah
2018-07-30,3130.0,62.6,Nadu 2,Pettah
2018-07-31,3170.0,63.4,Nadu 2,Pettah
2018-08-01,3240.0,64.8,Nadu 2,Pettah
2018-08-02,3220.0,64.4,Nadu 2,Pettah
2018-08-03,3240.0,64.8,Nadu 2,Pettah
2018-08-06,3520.0,70.4,Nadu 2,Pettah
2018-08-07,3660.0,73.2,Nadu 2,Pettah
2018-08-08,3610.0,72.2,Nadu 2,Pettah
2018-08-09,3830.0,76.6,Nadu 2,Pettah
2018-08-10,3850.0,77.0,Nadu 2,Pettah
2018-08-13,3870.0,77.4,Nadu 2,Pettah
2018-08-14,3910.0,78.2,Nadu 2,Pettah
2018-08-15,3930.0,78.6,Nadu 2,Pettah
2018-08-16,3850.0,77.0,Nadu 2,Pettah
2018-08-17,3870.0,77.4,Nadu 2,Pettah
2018-08-20,3900.0,78.0,Nadu 2,Pettah
2018-08-21,3920.0,78.4,Nadu 2,Pettah
2018-08-23,3370.0,67.4,Nadu 2,Pettah
2018-08-24,3400.0,68.0,Nadu 2,Pettah
2018-08-27,3320.0,66.4,Nadu 2,Pettah
2018-08-28,3360.0,67.2,Nadu 2,Pettah
2018-08-29,3380.0,67.6,Nadu 2,Pettah
2018-09-03,3350.0,67.0,Nadu 2,Pettah
2018-09-04,3350.0,67.0,Nadu 2,Pettah
2018-09-05,3370.0,67.4,Nadu 2,Pettah
2018-09-06,3620.0,72.4,Nadu 2,Pettah
2018-09-07,3830.0,76.6,Nadu 2,Pettah
2018-09-10,3880.0,77.6,Nadu 2,Pettah
2018-09-11,3370.0,67.4,Nadu 2,Pettah
2018-09-12,3340.0,66.8,Nadu 2,Pettah
2018-09-13,3850.0,77.0,Nadu 2,Pettah
2018-09-14,3860.0,77.2,Nadu 2,Pettah
2018-09-17,3850.0,77.0,Nadu 2,Pettah
2018-09-18,3340.0,66.8,Nadu 2,Pettah
2018-09-19,3600.0,72.0,Nadu 2,Pettah
2018-09-20,3840.0,76.8,Nadu 2,Pettah
2018-09-21,3870.0,77.4,Nadu 2,Pettah
2018-09-25,3880.0,77.6,Nadu 2,Pettah
2018-09-26,3350.0,67.0,Nadu 2,Pettah
2018-09-27,3350.0,67.0,Nadu 2,Pettah
2018-09-28,3830.0,76.6,Nadu 2,Pettah
2018-10-01,3390.0,67.8,Nadu 2,Pettah
2018-10-02,3340.0,66.8,Nadu 2,Pettah
2018-10-03,3930.0,78.6,Nadu 2,Pettah
2018-10-04,3950.0,79.0,Nadu 2,Pettah
2018-10-05,3950.0,79.0,Nadu 2,Pettah
2018-10-08,3950.0,79.0,Nadu 2,Pettah
2018-10-09,3990.0,79.8,Nadu 2,Pettah
2018-10-10,4020.0,80.4,Nadu 2,Pettah
2018-10-11,4010.0,80.2,Nadu 2,Pettah
2018-10-12,3990.0,79.8,Nadu 2,Pettah
2018-10-15,4020.0,80.4,Nadu 2,Pettah
2018-10-16,4020.0,80.4,Nadu 2,Pettah
2018-10-17,4020.0,80.4,Nadu 2,Pettah
2018-10-18,4030.0,80.6,Nadu 2,Pettah
2018-10-19,4000.0,80.0,Nadu 2,Pettah
2018-10-22,3990.0,79.8,Nadu 2,Pettah
2018-10-23,4020.0,80.4,Nadu 2,Pettah
2018-10-25,3990.0,79.8,Nadu 2,Pettah
2018-10-26,3990.0,79.8,Nadu 2,Pettah
2018-10-29,4000.0,80.0,Nadu 2,Pettah
2018-10-30,4060.0,81.2,Nadu 2,Pettah
2018-10-31,4020.0,80.4,Nadu 2,Pettah
2018-11-01,4070.0,81.4,Nadu 2,Pettah
2018-11-02,4020.0,80.4,Nadu 2,Pettah
2018-11-05,4060.0,81.2,Nadu 2,Pettah
2018-11-07,4040.0,80.8,Nadu 2,Pettah
2018-11-08,4060.0,81.2,Nadu 2,Pettah
2018-11-09,4050.0,81.0,Nadu 2,Pettah
2018-11-12,4050.0,81.0,Nadu 2,Pettah
2018-11-13,4050.0,81.0,Nadu 2,Pettah
2018-11-14,4050.0,81.0,Nadu 2,Pettah
2018-11-15,4060.0,81.2,Nadu 2,Pettah
2018-11-16,4040.0,80.8,Nadu 2,Pettah
2018-11-19,4100.0,82.0,Nadu 2,Pettah
2018-11-21,4100.0,82.0,Nadu 2,Pettah
2018-11-23,4110.0,82.2,Nadu 2,Pettah
2018-11-26,4180.0,83.6,Nadu 2,Pettah
2018-11-27,4160.0,83.2,Nadu 2,Pettah
2018-11-28,4120.0,82.4,Nadu 2,Pettah
2018-11-29,4230.0,84.6,Nadu 2,Pettah
2018-11-30,4200.0,84.0,Nadu 2,Pettah
2018-12-03,3540.0,70.8,Nadu 2,Pettah
2018-12-04,4210.0,84.2,Nadu 2,Pettah
2018-12-05,4240.0,84.8,Nadu 2,Pettah
2018-12-06,4250.0,85.0,Nadu 2,Pettah
2018-12-07,4240.0,84.8,Nadu 2,Pettah
2018-12-10,4190.0,83.8,Nadu 2,Pettah
2018-12-11,4250.0,85.0,Nadu 2,Pettah
2018-12-12,4230.0,84.6,Nadu 2,Pettah
2018-12-13,4270.0,85.4,Nadu 2,Pettah
2018-12-14,4270.0,85.4,Nadu 2,Pettah
2018-12-17,4270.0,85.4,Nadu 2,Pettah
2018-12-18,4280.0,85.6,Nadu 2,Pettah
2018-12-19,4240.0,84.8,Nadu 2,Pettah
2018-12-20,4260.0,85.2,Nadu 2,Pettah
2018-12-21,4260.0,85.2,Nadu 2,Pettah
2018-12-24,4280.0,85.6,Nadu 2,Pettah
2018-12-26,4270.0,85.4,Nadu 2,Pettah
2018-12-27,4390.0,87.8,Nadu 2,Pettah
2018-12-28,4280.0,85.6,Nadu 2,Pettah
2018-12-31,4270.0,85.4,Nadu 2,Pettah
2019-01-01,4280.0,85.6,Nadu 2,Pettah
2019-01-02,4270.0,85.4,Nadu 2,Pettah
2019-01-03,4270.0,85.4,Nadu 2,Pettah
2019-01-04,4390.0,87.8,Nadu 2,Pettah
2019-01-07,4270.0,85.4,Nadu 2,Pettah
2019-01-08,4270.0,85.4,Nadu 2,Pettah
2019-01-09,4250.0,85.0,Nadu 2,Pettah
2019-01-10,4270.0,85.4,Nadu 2,Pettah
2019-01-11,4280.0,85.6,Nadu 2,Pettah
2019-01-14,4270.0,85.4,Nadu 2,Pettah
2019-01-16,4290.0,85.8,Nadu 2,Pettah
2019-01-17,4270.0,85.4,Nadu 2,Pettah
2019-01-18,4240.0,84.8,Nadu 2,Pettah
2019-01-21,4220.0,84.4,Nadu 2,Pettah
2019-01-22,4090.0,81.8,Nadu 2,Pettah
2019-01-23,4190.0,83.8,Nadu 2,Pettah
2019-01-24,4150.0,83.0,Nadu 2,Pettah
2019-01-25,4180.0,83.6,Nadu 2,Pettah
2019-01-28,4120.0,82.4,Nadu 2,Pettah
2019-01-29,4040.0,80.8,Nadu 2,Pettah
2019-01-30,3890.0,77.8,Nadu 2,Pettah
2019-01-31,3900.0,78.0,Nadu 2,Pettah
2019-02-01,3900.0,78.0,Nadu 2,Pettah
2019-02-05,3900.0,78.0,Nadu 2,Pettah
2019-02-06,3930.0,78.6,Nadu 2,Pettah
2019-02-07,3970.0,79.4,Nadu 2,Pettah
2019-02-08,3930.0,78.6,Nadu 2,Pettah
2019-02-11,3880.0,77.6,Nadu 2,Pettah
2019-02-12,3940.0,78.8,Nadu 2,Pettah
2019-02-13,3890.0,77.8,Nadu 2,Pettah
2019-02-14,3930.0,78.6,Nadu 2,Pettah
2019-02-15,3710.0,74.2,Nadu 2,Pettah
2019-02-18,3760.0,75.2,Nadu 2,Pettah
2019-02-21,3737.5,74.75,Nadu 2,Pettah
2019-02-22,3650.0,73.0,Nadu 2,Pettah
2019-02-25,3860.0,77.2,Nadu 2,Pettah
2019-02-26,3720.0,74.4,Nadu 2,Pettah
2019-02-27,3620.0,72.4,Nadu 2,Pettah
2019-02-28,3710.0,74.2,Nadu 2,Pettah
2019-03-01,3640.0,72.8,Nadu 2,Pettah
2019-03-05,3720.0,74.4,Nadu 2,Pettah
2019-03-06,3720.0,74.4,Nadu 2,Pettah
2019-03-07,3720.0,74.4,Nadu 2,Pettah
2019-03-08,3300.0,66.0,Nadu 2,Pettah
2019-03-11,3320.0,66.4,Nadu 2,Pettah
2019-03-12,3270.0,65.4,Nadu 2,Pettah
2019-03-13,3710.0,74.2,Nadu 2,Pettah
2019-03-14,3700.0,74.0,Nadu 2,Pettah
2019-03-15,3700.0,74.0,Nadu 2,Pettah
2019-03-18,3720.0,74.4,Nadu 2,Pettah
2019-03-19,3710.0,74.2,Nadu 2,Pettah
2019-03-21,3710.0,74.2,Nadu 2,Pettah
2019-03-22,3740.0,74.8,Nadu 2,Pettah
2019-03-25,3750.0,75.0,Nadu 2,Pettah
2019-03-26,3770.0,75.4,Nadu 2,Pettah
2019-03-27,3712.5,74.25,Nadu 2,Pettah
2019-03-28,3800.0,76.0,Nadu 2,Pettah
2019-03-29,3810.0,76.2,Nadu 2,Pettah
2019-04-01,3830.0,76.6,Nadu 2,Pettah
2019-04-02,3810.0,76.2,Nadu 2,Pettah
2019-04-03,3820.0,76.4,Nadu 2,Pettah
2019-04-04,3830.0,76.6,Nadu 2,Pettah
2019-04-05,3860.0,77.2,Nadu 2,Pettah
2019-04-08,3870.0,77.4,Nadu 2,Pettah
2019-04-09,3880.0,77.6,Nadu 2,Pettah
2019-04-10,3960.0,79.2,Nadu 2,Pettah
2019-04-11,3970.0,79.4,Nadu 2,Pettah
2019-04-12,3980.0,79.6,Nadu 2,Pettah
2019-04-17,3930.0,78.6,Nadu 2,Pettah
2019-04-18,4000.0,80.0,Nadu 2,Pettah
2019-04-23,3890.0,77.8,Nadu 2,Pettah
2019-04-24,3930.0,78.6,Nadu 2,Pettah
2019-04-25,3980.0,79.6,Nadu 2,Pettah
2019-04-26,4110.0,82.2,Nadu 2,Pettah
2019-04-29,4140.0,82.8,Nadu 2,Pettah
2019-04-30,4140.0,82.8,Nadu 2,Pettah
2019-05-02,4080.0,81.6,Nadu 2,Pettah
2019-05-03,4150.0,83.0,Nadu 2,Pettah
2019-05-06,4160.0,83.2,Nadu 2,Pettah
2019-05-07,4070.0,81.4,Nadu 2,Pettah
2019-05-08,4120.0,82.4,Nadu 2,Pettah
2019-05-09,4150.0,83.0,Nadu 2,Pettah
2019-05-10,4150.0,83.0,Nadu 2,Pettah
2019-05-13,4140.0,82.8,Nadu 2,Pettah
2019-05-14,4160.0,83.2,Nadu 2,Pettah
2019-05-15,4170.0,83.4,Nadu 2,Pettah
2019-05-16,4180.0,83.6,Nadu 2,Pettah
2019-05-17,4120.0,82.4,Nadu 2,Pettah
2019-05-21,4160.0,83.2,Nadu 2,Pettah
2019-05-22,4210.0,84.2,Nadu 2,Pettah
2019-05-23,4170.0,83.4,Nadu 2,Pettah
2019-05-27,4230.0,84.6,Nadu 2,Pettah
2019-05-28,4230.0,84.6,Nadu 2,Pettah
2019-05-29,4230.0,84.6,Nadu 2,Pettah
2019-05-30,4220.0,84.4,Nadu 2,Pettah
2019-05-31,4200.0,84.0,Nadu 2,Pettah
2019-06-03,4200.0,84.0,Nadu 2,Pettah
2019-06-04,4200.0,84.0,Nadu 2,Pettah
2019-06-06,4100.0,82.0,Nadu 2,Pettah
2019-06-07,4050.0,81.0,Nadu 2,Pettah
2019-06-10,4040.0,80.8,Nadu 2,Pettah
2019-06-11,4040.0,80.8,Nadu 2,Pettah
2019-06-12,3980.0,79.6,Nadu 2,Pettah
2019-06-13,3980.0,79.6,Nadu 2,Pettah
2019-06-14,4000.0,80.0,Nadu 2,Pettah
2019-06-17,3950.0,79.0,Nadu 2,Pettah
2019-06-18,3950.0,79.0,Nadu 2,Pettah
2019-06-19,3940.0,78.8,Nadu 2,Pettah
2019-06-20,3960.0,79.2,Nadu 2,Pettah
2019-06-21,3960.0,79.2,Nadu 2,Pettah
2019-06-24,3950.0,79.0,Nadu 2,Pettah
2019-06-25,3940.0,78.8,Nadu 2,Pettah
2019-06-26,3960.0,79.2,Nadu 2,Pettah
2019-06-27,3980.0,79.6,Nadu 2,Pettah
2019-06-28,3980.0,79.6,Nadu 2,Pettah
2019-07-01,3960.0,79.2,Nadu 2,Pettah
2019-07-02,3940.0,78.8,Nadu 2,Pettah
2019-07-03,3930.0,78.6,Nadu 2,Pettah
2019-07-04,3950.0,79.0,Nadu 2,Pettah
2019-07-05,3940.0,78.8,Nadu 2,Pettah
2019-07-08,3950.0,79.0,Nadu 2,Pettah
2019-07-09,3950.0,79.0,Nadu 2,Pettah
2019-07-10,3940.0,78.8,Nadu 2,Pettah
2019-07-11,3940.0,78.8,Nadu 2,Pettah
2019-07-12,3940.0,78.8,Nadu 2,Pettah
2019-07-15,3940.0,78.8,Nadu 2,Pettah
2019-07-17,3940.0,78.8,Nadu 2,Pettah
2019-07-18,3950.0,79.0,Nadu 2,Pettah
2019-07-19,3940.0,78.8,Nadu 2,Pettah
2019-07-23,3960.0,79.2,Nadu 2,Pettah
2019-07-24,3870.0,77.4,Nadu 2,Pettah
2019-07-25,3980.0,79.6,Nadu 2,Pettah
2019-07-26,3960.0,79.2,Nadu 2,Pettah
2019-07-29,4040.0,80.8,Nadu 2,Pettah
2019-07-30,4010.0,80.2,Nadu 2,Pettah
2019-08-02,4040.0,80.8,Nadu 2,Pettah
2019-08-06,4100.0,82.0,Nadu 2,Pettah
2019-08-07,4080.0,81.6,Nadu 2,Pettah
2019-08-08,4100.0,82.0,Nadu 2,Pettah
2019-08-09,4100.0,82.0,Nadu 2,Pettah
2019-08-13,4070.0,81.4,Nadu 2,Pettah
2019-08-15,4100.0,82.0,Nadu 2,Pettah
2019-08-16,4100.0,82.0,Nadu 2,Pettah
2019-08-19,4130.0,82.6,Nadu 2,Pettah
2019-08-20,4130.0,82.6,Nadu 2,Pettah
2019-08-21,4140.0,82.8,Nadu 2,Pettah
2019-08-22,4130.0,82.6,Nadu 2,Pettah
2019-08-23,4130.0,82.6,Nadu 2,Pettah
2019-08-26,4170.0,83.4,Nadu 2,Pettah
2019-08-27,4150.0,83.0,Nadu 2,Pettah
2019-08-28,4170.0,83.4,Nadu 2,Pettah
2019-08-29,4190.0,83.8,Nadu 2,Pettah
2019-08-30,4200.0,84.0,Nadu 2,Pettah
2019-09-03,4230.0,84.6,Nadu 2,Pettah
2019-09-04,4230.0,84.6,Nadu 2,Pettah
2019-09-05,4230.0,84.6,Nadu 2,Pettah
2019-09-06,4230.0,84.6,Nadu 2,Pettah
2019-09-09,4280.0,85.6,Nadu 2,Pettah
2019-09-10,4330.0,86.6,Nadu 2,Pettah
2019-09-12,4340.0,86.8,Nadu 2,Pettah
2019-09-16,4360.0,87.2,Nadu 2,Pettah
2019-09-17,4290.0,85.8,Nadu 2,Pettah
2019-09-18,4340.0,86.8,Nadu 2,Pettah
2019-09-19,4340.0,86.8,Nadu 2,Pettah
2019-09-20,4370.0,87.4,Nadu 2,Pettah
2019-09-23,4380.0,87.6,Nadu 2,Pettah
2019-09-24,4370.0,87.4,Nadu 2,Pettah
2019-09-25,4410.0,88.2,Nadu 2,Pettah
2019-09-26,4380.0,87.6,Nadu 2,Pettah
2019-09-27,4400.0,88.0,Nadu 2,Pettah
2019-09-30,4430.0,88.6,Nadu 2,Pettah
2019-10-01,4430.0,88.6,Nadu 2,Pettah
2019-10-02,4410.0,88.2,Nadu 2,Pettah
2019-10-03,4450.0,89.0,Nadu 2,Pettah
2019-10-04,4430.0,88.6,Nadu 2,Pettah
2019-10-07,4470.0,89.4,Nadu 2,Pettah
2019-10-08,4430.0,88.6,Nadu 2,Pettah
2019-10-09,4430.0,88.6,Nadu 2,Pettah
2019-10-10,4460.0,89.2,Nadu 2,Pettah
2019-10-11,4460.0,89.2,Nadu 2,Pettah
2019-10-14,4430.0,88.6,Nadu 2,Pettah
2019-10-15,4470.0,89.4,Nadu 2,Pettah
2019-10-16,4470.0,89.4,Nadu 2,Pettah
2019-10-17,4540.0,90.8,Nadu 2,Pettah
2019-10-18,4560.0,91.2,Nadu 2,Pettah
2019-10-21,4540.0,90.8,Nadu 2,Pettah
2019-10-22,4540.0,90.8,Nadu 2,Pettah
2019-10-23,4560.0,91.2,Nadu 2,Pettah
2019-10-24,4540.0,90.8,Nadu 2,Pettah
2019-10-25,4540.0,90.8,Nadu 2,Pettah
2019-10-28,4560.0,91.2,Nadu 2,Pettah
2019-10-29,4590.0,91.8,Nadu 2,Pettah
2019-10-30,4580.0,91.6,Nadu 2,Pettah
2019-10-31,4540.0,90.8,Nadu 2,Pettah
2019-11-01,4610.0,92.2,Nadu 2,Pettah
2019-11-04,4630.0,92.6,Nadu 2,Pettah
2019-11-05,4600.0,92.0,Nadu 2,Pettah
2019-11-06,4600.0,92.0,Nadu 2,Pettah
2019-11-07,4640.0,92.8,Nadu 2,Pettah
2019-11-08,4640.0,92.8,Nadu 2,Pettah
2019-11-11,4650.0,93.0,Nadu 2,Pettah
2019-11-13,4660.0,93.2,Nadu 2,Pettah
2019-11-14,4700.0,94.0,Nadu 2,Pettah
2019-11-15,4690.0,93.8,Nadu 2,Pettah
2019-11-18,4640.0,92.8,Nadu 2,Pettah
2019-11-19,4660.0,93.2,Nadu 2,Pettah
2019-11-20,4690.0,93.8,Nadu 2,Pettah
2019-11-21,4730.0,94.6,Nadu 2,Pettah
2019-11-22,4750.0,95.0,Nadu 2,Pettah
2019-11-25,4830.0,96.6,Nadu 2,Pettah
2019-11-26,4870.0,97.4,Nadu 2,Pettah
2019-11-27,4940.0,98.8,Nadu 2,Pettah
2019-11-28,4950.0,99.0,Nadu 2,Pettah
2019-11-29,4940.0,98.8,Nadu 2,Pettah
2019-12-02,5010.0,100.2,Nadu 2,Pettah
2019-12-03,5020.0,100.4,Nadu 2,Pettah
2019-12-04,5040.0,100.8,Nadu 2,Pettah
2019-12-05,5040.0,100.8,Nadu 2,Pettah
2019-12-06,5060.0,101.2,Nadu 2,Pettah
2019-12-09,5080.0,101.6,Nadu 2,Pettah
2019-12-10,5080.0,101.6,Nadu 2,Pettah
2019-12-12,5100.0,102.0,Nadu 2,Pettah
2019-12-13,5150.0,103.0,Nadu 2,Pettah
2019-12-16,5040.0,100.8,Nadu 2,Pettah
2019-12-17,5030.0,100.6,Nadu 2,Pettah
2019-12-18,5020.0,100.4,Nadu 2,Pettah
2019-12-19,5040.0,100.8,Nadu 2,Pettah
2019-12-20,4870.0,97.4,Nadu 2,Pettah
2019-12-23,4840.0,96.8,Nadu 2,Pettah
2019-12-24,4825.0,96.5,Nadu 2,Pettah
2019-12-26,4820.0,96.4,Nadu 2,Pettah
2019-12-27,4810.0,96.2,Nadu 2,Pettah
2019-12-30,4790.0,95.8,Nadu 2,Pettah
2019-12-31,4787.5,95.75,Nadu 2,Pettah
2020-01-01,4800.0,96.0,Nadu 2,Pettah
2020-01-02,4810.0,96.2,Nadu 2,Pettah
2020-01-03,4810.0,96.2,Nadu 2,Pettah
2020-01-06,4770.0,95.4,Nadu 2,Pettah
2020-01-07,4800.0,96.0,Nadu 2,Pettah
2020-01-08,4790.0,95.8,Nadu 2,Pettah
2020-01-09,4800.0,96.0,Nadu 2,Pettah
2020-01-13,4833.33,96.6666,Nadu 2,Pettah
2020-01-14,4790.0,95.8,Nadu 2,Pettah
2020-01-16,4812.5,96.25,Nadu 2,Pettah
2020-01-17,4710.0,94.2,Nadu 2,Pettah
2020-01-20,4750.0,95.0,Nadu 2,Pettah
2020-01-21,4670.0,93.4,Nadu 2,Pettah
2020-01-22,4670.0,93.4,Nadu 2,Pettah
2020-01-23,4640.0,92.8,Nadu 2,Pettah
2020-01-24,4670.0,93.4,Nadu 2,Pettah
2020-01-27,4600.0,92.0,Nadu 2,Pettah
2020-01-28,4590.0,91.8,Nadu 2,Pettah
2020-01-29,4600.0,92.0,Nadu 2,Pettah
2020-01-30,4650.0,93.0,Nadu 2,Pettah
2020-01-31,4540.0,90.8,Nadu 2,Pettah
2020-02-03,4510.0,90.2,Nadu 2,Pettah
2020-02-05,4540.0,90.8,Nadu 2,Pettah
2020-02-06,4570.0,91.4,Nadu 2,Pettah
2020-02-07,4500.0,90.0,Nadu 2,Pettah
2020-02-10,4540.0,90.8,Nadu 2,Pettah
2020-02-11,4540.0,90.8,Nadu 2,Pettah
2020-02-12,4580.0,91.6,Nadu 2,Pettah
2020-02-13,4590.0,91.8,Nadu 2,Pettah
2020-02-14,4580.0,91.6,Nadu 2,Pettah
2020-02-17,4560.0,91.2,Nadu 2,Pettah
2020-02-18,4550.0,91.0,Nadu 2,Pettah
2020-02-19,4570.0,91.4,Nadu 2,Pettah
2020-02-20,4570.0,91.4,Nadu 2,Pettah
2020-02-24,4570.0,91.4,Nadu 2,Pettah
2020-02-25,4590.0,91.8,Nadu 2,Pettah
2020-02-26,4570.0,91.4,Nadu 2,Pettah
2020-02-27,4600.0,92.0,Nadu 2,Pettah
2020-02-28,4570.0,91.4,Nadu 2,Pettah
2020-03-02,4590.0,91.8,Nadu 2,Pettah
2020-03-03,4550.0,91.0,Nadu 2,Pettah
2020-03-04,4540.0,90.8,Nadu 2,Pettah
2020-03-05,4550.0,91.0,Nadu 2,Pettah
2020-03-06,4560.0,91.2,Nadu 2,Pettah
2020-03-10,4550.0,91.0,Nadu 2,Pettah
2020-03-11,4550.0,91.0,Nadu 2,Pettah
2020-03-12,4550.0,91.0,Nadu 2,Pettah
2020-03-13,4570.0,91.4,Nadu 2,Pettah
2020-06-15,4750.0,95.0,Nadu 2,Pettah
2020-06-16,4733.33,94.6666,Nadu 2,Pettah
2020-06-17,4733.33,94.6666,Nadu 2,Pettah
2020-06-18,4733.33,94.6666,Nadu 2,Pettah
2020-06-19,4733.33,94.6666,Nadu 2,Pettah
2020-06-22,4733.33,94.6666,Nadu 2,Pettah
2020-06-23,4733.33,94.6666,Nadu 2,Pettah
2020-06-24,4733.33,94.6666,Nadu 2,Pettah
2020-06-25,4733.33,94.6666,Nadu 2,Pettah
2020-06-26,4733.33,94.6666,Nadu 2,Pettah
2020-06-29,4740.0,94.8,Nadu 2,Pettah
2020-06-30,4720.0,94.4,Nadu 2,Pettah
2020-07-01,4670.0,93.4,Nadu 2,Pettah
2020-07-02,4700.0,94.0,Nadu 2,Pettah
2020-07-03,4710.0,94.2,Nadu 2,Pettah
2020-07-06,4690.0,93.8,Nadu 2,Pettah
2020-07-07,4690.0,93.8,Nadu 2,Pettah
2020-07-08,4680.0,93.6,Nadu 2,Pettah
2020-07-09,4680.0,93.6,Nadu 2,Pettah
2020-07-10,4640.0,92.8,Nadu 2,Pettah
2020-07-13,4640.0,92.8,Nadu 2,Pettah
2020-07-14,4650.0,93.0,Nadu 2,Pettah
2020-07-15,4630.0,92.6,Nadu 2,Pettah
2020-07-16,4640.0,92.8,Nadu 2,Pettah
2020-07-17,4630.0,92.6,Nadu 2,Pettah
2020-07-20,4640.0,92.8,Nadu 2,Pettah
2020-07-21,4640.0,92.8,Nadu 2,Pettah
2020-07-22,4640.0,92.8,Nadu 2,Pettah
2020-07-23,4660.0,93.2,Nadu 2,Pettah
2020-07-24,4610.0,92.2,Nadu 2,Pettah
2020-07-27,4630.0,92.6,Nadu 2,Pettah
2020-07-28,4630.0,92.6,Nadu 2,Pettah
2020-07-29,4670.0,93.4,Nadu 2,Pettah
2020-07-30,4680.0,93.6,Nadu 2,Pettah
2020-07-31,4680.0,93.6,Nadu 2,Pettah
2020-08-04,4680.0,93.6,Nadu 2,Pettah
2020-08-06,4590.0,91.8,Nadu 2,Pettah
2020-08-07,4620.0,92.4,Nadu 2,Pettah
2020-08-10,4640.0,92.8,Nadu 2,Pettah
2020-08-11,4600.0,92.0,Nadu 2,Pettah
2020-08-12,4620.0,92.4,Nadu 2,Pettah
2020-08-13,4600.0,92.0,Nadu 2,Pettah
2020-08-14,4600.0,92.0,Nadu 2,Pettah
2020-08-17,4570.0,91.4,Nadu 2,Pettah
2020-08-18,4570.0,91.4,Nadu 2,Pettah
2020-08-19,4590.0,91.8,Nadu 2,Pettah
2020-08-20,4570.0,91.4,Nadu 2,Pettah
2020-08-21,4570.0,91.4,Nadu 2,Pettah
2020-08-24,4580.0,91.6,Nadu 2,Pettah
2020-08-25,4590.0,91.8,Nadu 2,Pettah
2020-08-26,4600.0,92.0,Nadu 2,Pettah
2020-08-27,4570.0,91.4,Nadu 2,Pettah
2020-08-28,4600.0,92.0,Nadu 2,Pettah
2020-08-31,4600.0,92.0,Nadu 2,Pettah
2020-09-02,4630.0,92.6,Nadu 2,Pettah
2020-09-03,4450.0,89.0,Nadu 2,Pettah
2020-09-04,4450.0,89.0,Nadu 2,Pettah
2020-09-07,4450.0,89.0,Nadu 2,Pettah
2020-09-08,4620.0,92.4,Nadu 2,Pettah
2020-09-09,4630.0,92.6,Nadu 2,Pettah
2020-09-10,4630.0,92.6,Nadu 2,Pettah
2020-09-11,4630.0,92.6,Nadu 2,Pettah
2020-09-14,4630.0,92.6,Nadu 2,Pettah
2020-09-15,4630.0,92.6,Nadu 2,Pettah
2020-09-16,4630.0,92.6,Nadu 2,Pettah
2020-09-17,4630.0,92.6,Nadu 2,Pettah
2020-09-18,4620.0,92.4,Nadu 2,Pettah
2020-09-21,4630.0,92.6,Nadu 2,Pettah
2020-09-22,4640.0,92.8,Nadu 2,Pettah
2020-09-23,4640.0,92.8,Nadu 2,Pettah
2020-09-24,4640.0,92.8,Nadu 2,Pettah
2020-09-25,4640.0,92.8,Nadu 2,Pettah
2020-09-29,4630.0,92.6,Nadu 2,Pettah
2020-10-01,4680.0,93.6,Nadu 2,Pettah
2020-10-02,4680.0,93.6,Nadu 2,Pettah
2020-10-05,4650.0,93.0,Nadu 2,Pettah
2020-10-23,4860.0,97.2,Nadu 2,Pettah
2020-10-26,4860.0,97.2,Nadu 2,Pettah
2020-11-12,4700.0,94.0,Nadu 2,Pettah
2020-11-13,4700.0,94.0,Nadu 2,Pettah
2020-11-16,4700.0,94.0,Nadu 2,Pettah
2021-01-12,5010.0,100.2,Nadu 2,Pettah
2021-01-13,5000.0,100.0,Nadu 2,Pettah
2021-01-15,5060.0,101.2,Nadu 2,Pettah
2021-01-18,5060.0,101.2,Nadu 2,Pettah
2021-01-19,5020.0,100.4,Nadu 2,Pettah
2021-01-20,5020.0,100.4,Nadu 2,Pettah
2021-01-21,5060.0,101.2,Nadu 2,Pettah
2021-01-22,5000.0,100.0,Nadu 2,Pettah
2021-01-25,4910.0,98.2,Nadu 2,Pettah
2021-01-26,4830.0,96.6,Nadu 2,Pettah
2021-01-27,4700.0,94.0,Nadu 2,Pettah
2021-01-29,4710.0,94.2,Nadu 2,Pettah
2021-02-01,4940.0,98.8,Nadu 2,Pettah
2021-02-02,4800.0,96.0,Nadu 2,Pettah
2021-02-03,4710.0,94.2,Nadu 2,Pettah
2021-02-08,4700.0,94.0,Nadu 2,Pettah
2021-02-09,4610.0,92.2,Nadu 2,Pettah
2021-02-10,4630.0,92.6,Nadu 2,Pettah
2021-02-11,4700.0,94.0,Nadu 2,Pettah
2021-02-12,4610.0,92.2,Nadu 2,Pettah
2021-02-15,4620.0,92.4,Nadu 2,Pettah
2021-02-16,4630.0,92.6,Nadu 2,Pettah
2021-02-17,4670.0,93.4,Nadu 2,Pettah
2021-02-18,4700.0,94.0,Nadu 2,Pettah
2021-02-19,4680.0,93.6,Nadu 2,Pettah
2021-02-25,4680.0,93.6,Nadu 2,Pettah
2021-03-01,4710.0,94.2,Nadu 2,Pettah
2021-03-02,4680.0,93.6,Nadu 2,Pettah
2021-03-03,4690.0,93.8,Nadu 2,Pettah
2021-03-04,4670.0,93.4,Nadu 2,Pettah
2021-03-05,4680.0,93.6,Nadu 2,Pettah
2021-03-08,4770.0,95.4,Nadu 2,Pettah
2021-03-09,4790.0,95.8,Nadu 2,Pettah
2021-03-10,4820.0,96.4,Nadu 2,Pettah
2021-03-12,4830.0,96.6,Nadu 2,Pettah
2021-03-15,4850.0,97.0,Nadu 2,Pettah
2021-03-16,4850.0,97.0,Nadu 2,Pettah
2021-03-17,4820.0,96.4,Nadu 2,Pettah
2021-03-18,4800.0,96.0,Nadu 2,Pettah
2021-03-19,4810.0,96.2,Nadu 2,Pettah
2021-03-22,4820.0,96.4,Nadu 2,Pettah
2021-03-23,4820.0,96.4,Nadu 2,Pettah
2021-03-24,4810.0,96.2,Nadu 2,Pettah
2021-03-25,4780.0,95.6,Nadu 2,Pettah
2021-03-26,4820.0,96.4,Nadu 2,Pettah
2021-03-29,4830.0,96.6,Nadu 2,Pettah
2021-03-30,4820.0,96.4,Nadu 2,Pettah
2021-03-31,4820.0,96.4,Nadu 2,Pettah
2021-04-01,504.0,10.08,Nadu 2,Pettah
2021-05-10,5690.0,113.8,Nadu 2,Pettah
2021-05-11,5690.0,113.8,Nadu 2,Pettah
2021-05-13,5730.0,114.6,Nadu 2,Pettah
2021-05-17,5740.0,114.8,Nadu 2,Pettah
2021-05-18,5750.0,115.0,Nadu 2,Pettah
2021-05-19,5760.0,115.2,Nadu 2,Pettah
2021-05-20,5770.0,115.4,Nadu 2,Pettah
2021-07-09,522.0,10.44,Nadu 2,Pettah
2021-07-12,5460.0,109.2,Nadu 2,Pettah
2021-07-13,5410.0,108.2,Nadu 2,Pettah
2021-07-14,5430.0,108.6,Nadu 2,Pettah
2021-07-15,5380.0,107.6,Nadu 2,Pettah
2021-07-19,5210.0,104.2,Nadu 2,Pettah
2021-07-20,5160.0,103.2,Nadu 2,Pettah
2021-07-22,5150.0,103.0,Nadu 2,Pettah
2021-07-26,5110.0,102.2,Nadu 2,Pettah
2021-07-27,5180.0,103.6,Nadu 2,Pettah
2021-07-28,5100.0,102.0,Nadu 2,Pettah
2021-07-29,5010.0,100.2,Nadu 2,Pettah
2021-07-30,5070.0,101.4,Nadu 2,Pettah
2021-08-02,4520.0,90.4,Nadu 2,Pettah
2021-08-03,4520.0,90.4,Nadu 2,Pettah
2021-08-04,4480.0,89.6,Nadu 2,Pettah
2021-08-05,4500.0,90.0,Nadu 2,Pettah
2021-08-06,4460.0,89.2,Nadu 2,Pettah
2021-08-09,5170.0,103.4,Nadu 2,Pettah
2021-08-11,4550.0,91.0,Nadu 2,Pettah
2021-08-12,5100.0,102.0,Nadu 2,Pettah
2021-08-13,5150.0,103.0,Nadu 2,Pettah
2021-08-16,5210.0,104.2,Nadu 2,Pettah
2021-08-17,4600.0,92.0,Nadu 2,Pettah
2021-08-18,4600.0,92.0,Nadu 2,Pettah
2021-08-19,4680.0,93.6,Nadu 2,Pettah
2021-08-20,5260.0,105.2,Nadu 2,Pettah
2021-08-24,5410.0,108.2,Nadu 2,Pettah
2021-08-25,5360.0,107.2,Nadu 2,Pettah
2021-09-01,5540.0,110.8,Nadu 2,Pettah
2021-09-02,5510.0,110.2,Nadu 2,Pettah
2021-09-06,5250.0,105.0,Nadu 2,Pettah
2021-09-09,4725.0,94.5,Nadu 2,Pettah
2021-09-10,4890.0,97.8,Nadu 2,Pettah
2021-09-13,4880.0,97.6,Nadu 2,Pettah
2021-09-14,4880.0,97.6,Nadu 2,Pettah
2021-09-15,4880.0,97.6,Nadu 2,Pettah
2021-09-16,4880.0,97.6,Nadu 2,Pettah
2021-09-17,4880.0,97.6,Nadu 2,Pettah
2021-09-21,4900.0,98.0,Nadu 2,Pettah
2021-09-22,5250.0,105.0,Nadu 2,Pettah
2021-09-23,5280.0,105.6,Nadu 2,Pettah
2021-09-24,5280.0,105.6,Nadu 2,Pettah
2021-09-27,5280.0,105.6,Nadu 2,Pettah
2021-09-28,5350.0,107.0,Nadu 2,Pettah
2021-09-29,5500.0,110.0,Nadu 2,Pettah
2021-09-30,5540.0,110.8,Nadu 2,Pettah
2021-10-01,5580.0,111.6,Nadu 2,Pettah
2021-10-04,5590.0,111.8,Nadu 2,Pettah
2021-10-05,5650.0,113.0,Nadu 2,Pettah
2021-10-06,5660.0,113.2,Nadu 2,Pettah
2021-10-07,5610.0,112.2,Nadu 2,Pettah
2021-10-08,5620.0,112.4,Nadu 2,Pettah
2021-10-11,5730.0,114.6,Nadu 2,Pettah
2021-10-12,5750.0,115.0,Nadu 2,Pettah
2021-10-13,5680.0,113.6,Nadu 2,Pettah
2021-10-14,5650.0,113.0,Nadu 2,Pettah
2021-10-15,5670.0,113.4,Nadu 2,Pettah
2021-10-18,5650.0,113.0,Nadu 2,Pettah
2021-10-21,5780.0,115.6,Nadu 2,Pettah
2021-10-22,5780.0,115.6,Nadu 2,Pettah
2021-10-25,5800.0,116.0,Nadu 2,Pettah
2021-10-26,5950.0,119.0,Nadu 2,Pettah
2021-10-27,5090.0,101.8,Nadu 2,Pettah
2021-10-28,5160.0,103.2,Nadu 2,Pettah
2021-10-29,5150.0,103.0,Nadu 2,Pettah
2021-11-01,5430.0,108.6,Nadu 2,Pettah
2021-11-02,5480.0,109.6,Nadu 2,Pettah
2021-11-03,5420.0,108.4,Nadu 2,Pettah
2022-06-27,1750.0,35.0,Nadu 2,Pettah
2022-06-28,1750.0,35.0,Nadu 2,Pettah
2022-06-29,1775.0,35.5,Nadu 2,Pettah
2022-06-30,1750.0,35.0,Nadu 2,Pettah
2022-07-01,1750.0,35.0,Nadu 2,Pettah
2022-07-04,1762.5,35.25,Nadu 2,Pettah
2022-07-05,1712.5,34.25,Nadu 2,Pettah
2022-07-06,1725.0,34.5,Nadu 2,Pettah
2022-07-07,1775.0,35.5,Nadu 2,Pettah
2022-07-11,1740.0,34.8,Nadu 2,Pettah
2022-07-12,1665.0,33.3,Nadu 2,Pettah
2022-07-14,1687.5,33.75,Nadu 2,Pettah
2022-07-15,1650.0,33.0,Nadu 2,Pettah
2022-07-19,1625.0,32.5,Nadu 2,Pettah
2022-07-20,1625.0,32.5,Nadu 2,Pettah
2022-07-21,1612.5,32.25,Nadu 2,Pettah
2022-07-22,1575.0,31.5,Nadu 2,Pettah
2022-07-25,1562.5,31.25,Nadu 2,Pettah
2022-07-26,1575.0,31.5,Nadu 2,Pettah
2022-07-27,1565.0,31.3,Nadu 2,Pettah
2022-07-28,1575.0,31.5,Nadu 2,Pettah
2022-07-29,1487.5,29.75,Nadu 2,Pettah
2022-08-01,1465.0,29.3,Nadu 2,Pettah
2022-08-02,1457.5,29.15,Nadu 2,Pettah
2022-08-03,1440.0,28.8,Nadu 2,Pettah
2022-08-04,1425.0,28.5,Nadu 2,Pettah
2022-08-05,1437.5,28.75,Nadu 2,Pettah
2022-08-08,1475.0,29.5,Nadu 2,Pettah
2022-08-09,1475.0,29.5,Nadu 2,Pettah
2022-08-12,1475.0,29.5,Nadu 2,Pettah
2022-08-15,1462.5,29.25,Nadu 2,Pettah
2022-06-13,837.5,16.75,Ponne Samba,Pettah
2022-06-15,1725.0,34.5,Ponne Samba,Pettah
2022-06-16,825.0,16.5,Ponne Samba,Pettah
2023-04-25,1116.0,22.32,Ponne Samba,Pettah
2023-07-24,1076.0,21.52,Ponne Samba,Pettah
2026-05-27,977.5,19.55,Ponne Samba,Pettah
2026-05-29,1025.0,20.5,Ponne Samba,Pettah
2026-06-01,1025.0,20.5,Ponne Samba,Pettah
2026-06-02,1025.0,20.5,Ponne Samba,Pettah
2026-06-03,1010.0,20.2,Ponne Samba,Pettah
2026-06-04,1010.0,20.2,Ponne Samba,Pettah
2026-06-05,1000.0,20.0,Ponne Samba,Pettah
2026-06-08,1000.0,20.0,Ponne Samba,Pettah
2026-06-09,1000.0,20.0,Ponne Samba,Pettah
2026-06-10,1010.0,20.2,Ponne Samba,Pettah
2026-06-11,1010.0,20.2,Ponne Samba,Pettah
2026-06-12,1017.5,20.35,Ponne Samba,Pettah
2026-06-15,1010.0,20.2,Ponne Samba,Pettah
2026-06-16,1050.0,21.0,Ponne Samba,Pettah
2026-06-17,1000.0,20.0,Ponne Samba,Pettah
2026-06-18,1000.0,20.0,Ponne Samba,Pettah
2026-06-19,1000.0,20.0,Ponne Samba,Pettah
2026-06-22,1000.0,20.0,Ponne Samba,Pettah
2026-06-23,980.0,19.6,Ponne Samba,Pettah
2026-06-24,1000.0,20.0,Ponne Samba,Pettah
2026-06-25,975.0,19.5,Ponne Samba,Pettah
2026-06-26,975.0,19.5,Ponne Samba,Pettah
2026-06-30,1075.0,21.5,Ponne Samba,Pettah
2026-07-01,1075.0,21.5,Ponne Samba,Pettah
2026-07-02,1025.0,20.5,Ponne Samba,Pettah
2026-07-03,1100.0,22.0,Ponne Samba,Pettah
2026-07-06,1100.0,22.0,Ponne Samba,Pettah
2026-07-07,1100.0,22.0,Ponne Samba,Pettah
2026-07-08,1100.0,22.0,Ponne Samba,Pettah
2026-07-09,1175.0,23.5,Ponne Samba,Pettah
2026-07-10,1150.0,23.0,Ponne Samba,Pettah
2026-07-13,1137.5,22.75,Ponne Samba,Pettah
2026-07-14,1162.5,23.25,Ponne Samba,Pettah
2026-07-15,1150.0,23.0,Ponne Samba,Pettah
2026-07-16,1150.0,23.0,Ponne Samba,Pettah
2026-07-17,1150.0,23.0,Ponne Samba,Pettah
2026-07-20,1100.0,22.0,Ponne Samba,Pettah
2026-07-21,1175.0,23.5,Ponne Samba,Pettah
2026-07-22,1125.0,22.5,Ponne Samba,Pettah
2026-07-23,1175.0,23.5,Ponne Samba,Pettah
2026-07-24,1175.0,23.5,Ponne Samba,Pettah
2026-07-27,1125.0,22.5,Ponne Samba,Pettah
2026-07-28,1125.0,22.5,Ponne Samba,Pettah
2026-07-30,1150.0,23.0,Ponne Samba,Pettah
2026-07-31,1125.0,22.5,Ponne Samba,Pettah
2026-08-03,1125.0,22.5,Ponne Samba,Pettah
2026-08-04,1125.0,22.5,Ponne Samba,Pettah
2026-08-05,1125.0,22.5,Ponne Samba,Pettah
2026-08-06,1125.0,22.5,Ponne Samba,Pettah
2026-08-07,1100.0,22.0,Ponne Samba,Pettah
2015-06-22,2950.0,59.0,Raw White,Pettah
2015-06-23,2970.0,59.4,Raw White,Pettah
2015-06-24,2970.0,59.4,Raw White,Pettah
2015-06-25,2970.0,59.4,Raw White,Pettah
2015-06-26,2960.0,59.2,Raw White,Pettah
2015-06-29,2950.0,59.0,Raw White,Pettah
2015-06-30,2910.0,58.2,Raw White,Pettah
2015-07-01,2970.0,59.4,Raw White,Pettah
2015-07-02,2970.0,59.4,Raw White,Pettah
2015-07-03,2900.0,58.0,Raw White,Pettah
2015-07-06,2940.0,58.8,Raw White,Pettah
2015-07-09,2860.0,57.2,Raw White,Pettah
2015-07-10,2900.0,58.0,Raw White,Pettah
2015-07-13,2930.0,58.6,Raw White,Pettah
2015-07-14,2870.0,57.4,Raw White,Pettah
2015-07-15,2725.0,54.5,Raw White,Pettah
2015-07-16,2850.0,57.0,Raw White,Pettah
2015-07-17,2800.0,56.0,Raw White,Pettah
2015-07-20,2820.0,56.4,Raw White,Pettah
2015-07-21,2760.0,55.2,Raw White,Pettah
2015-07-22,2820.0,56.4,Raw White,Pettah
2015-07-24,2720.0,54.4,Raw White,Pettah
2015-07-27,2690.0,53.8,Raw White,Pettah
2015-07-28,2720.0,54.4,Raw White,Pettah
2015-07-29,2710.0,54.2,Raw White,Pettah
2015-07-30,2650.0,53.0,Raw White,Pettah
2015-08-03,2720.0,54.4,Raw White,Pettah
2015-08-04,2590.0,51.8,Raw White,Pettah
2015-08-05,2760.0,55.2,Raw White,Pettah
2015-08-06,2670.0,53.4,Raw White,Pettah
2015-08-07,2700.0,54.0,Raw White,Pettah
2015-08-10,2700.0,54.0,Raw White,Pettah
2015-08-11,2640.0,52.8,Raw White,Pettah
2015-08-12,2710.0,54.2,Raw White,Pettah
2015-08-13,2790.0,55.8,Raw White,Pettah
2015-08-14,2770.0,55.4,Raw White,Pettah
2015-08-20,2840.0,56.8,Raw White,Pettah
2015-08-21,2840.0,56.8,Raw White,Pettah
2015-08-24,2890.0,57.8,Raw White,Pettah
2015-08-25,2900.0,58.0,Raw White,Pettah
2015-08-26,2900.0,58.0,Raw White,Pettah
2015-08-27,2870.0,57.4,Raw White,Pettah
2015-08-28,2880.0,57.6,Raw White,Pettah
2015-08-31,2910.0,58.2,Raw White,Pettah
2015-09-01,2870.0,57.4,Raw White,Pettah
2015-09-02,2930.0,58.6,Raw White,Pettah
2015-09-03,2900.0,58.0,Raw White,Pettah
2015-09-04,2910.0,58.2,Raw White,Pettah
2015-09-07,2910.0,58.2,Raw White,Pettah
2015-09-09,2900.0,58.0,Raw White,Pettah
2015-09-10,2930.0,58.6,Raw White,Pettah
2015-09-11,2890.0,57.8,Raw White,Pettah
2015-09-14,2900.0,58.0,Raw White,Pettah
2015-09-16,2910.0,58.2,Raw White,Pettah
2015-09-17,2900.0,58.0,Raw White,Pettah
2015-09-18,2890.0,57.8,Raw White,Pettah
2015-09-21,2900.0,58.0,Raw White,Pettah
2015-09-22,2900.0,58.0,Raw White,Pettah
2015-09-23,2900.0,58.0,Raw White,Pettah
2015-09-25,2810.0,56.2,Raw White,Pettah
2015-09-28,2900.0,58.0,Raw White,Pettah
2015-09-29,2900.0,58.0,Raw White,Pettah
2015-10-01,2850.0,57.0,Raw White,Pettah
2015-10-02,2830.0,56.6,Raw White,Pettah
2015-10-05,2850.0,57.0,Raw White,Pettah
2015-10-06,2880.0,57.6,Raw White,Pettah
2015-10-07,2860.0,57.2,Raw White,Pettah
2015-10-08,2860.0,57.2,Raw White,Pettah
2015-10-09,2940.0,58.8,Raw White,Pettah
2015-10-12,2990.0,59.8,Raw White,Pettah
2015-10-13,3020.0,60.4,Raw White,Pettah
2015-10-14,3060.0,61.2,Raw White,Pettah
2015-10-15,3010.0,60.2,Raw White,Pettah
2015-10-15,6460.0,129.2,Raw White,Pettah
2015-10-16,3060.0,61.2,Raw White,Pettah
2015-10-16,6460.0,129.2,Raw White,Pettah
2015-10-19,3130.0,62.6,Raw White,Pettah
2015-10-20,3180.0,63.6,Raw White,Pettah
2015-10-21,3230.0,64.6,Raw White,Pettah
2015-10-22,3220.0,64.4,Raw White,Pettah
2015-10-23,3230.0,64.6,Raw White,Pettah
2015-10-26,3210.0,64.2,Raw White,Pettah
2015-10-28,3220.0,64.4,Raw White,Pettah
2015-10-29,3200.0,64.0,Raw White,Pettah
2015-10-30,3150.0,63.0,Raw White,Pettah
2015-11-02,3190.0,63.8,Raw White,Pettah
2015-11-03,3130.0,62.6,Raw White,Pettah
2015-11-04,3140.0,62.8,Raw White,Pettah
2015-11-05,3250.0,65.0,Raw White,Pettah
2015-11-06,3240.0,64.8,Raw White,Pettah
2015-11-09,3230.0,64.6,Raw White,Pettah
2015-11-11,3250.0,65.0,Raw White,Pettah
2015-11-12,3220.0,64.4,Raw White,Pettah
2015-11-13,3262.5,65.25,Raw White,Pettah
2015-11-16,3250.0,65.0,Raw White,Pettah
2015-11-17,3280.0,65.6,Raw White,Pettah
2015-11-18,3260.0,65.2,Raw White,Pettah
2015-11-19,3280.0,65.6,Raw White,Pettah
2015-11-20,3300.0,66.0,Raw White,Pettah
2015-11-23,3325.0,66.5,Raw White,Pettah
2015-11-24,3300.0,66.0,Raw White,Pettah
2015-11-26,3320.0,66.4,Raw White,Pettah
2015-11-27,3340.0,66.8,Raw White,Pettah
2015-11-30,3350.0,67.0,Raw White,Pettah
2015-12-01,3350.0,67.0,Raw White,Pettah
2015-12-02,3340.0,66.8,Raw White,Pettah
2015-12-03,3350.0,67.0,Raw White,Pettah
2015-12-04,3350.0,67.0,Raw White,Pettah
2015-12-07,3380.0,67.6,Raw White,Pettah
2015-12-08,3330.0,66.6,Raw White,Pettah
2015-12-09,3340.0,66.8,Raw White,Pettah
2015-12-10,3350.0,67.0,Raw White,Pettah
2015-12-11,3350.0,67.0,Raw White,Pettah
2015-12-14,3290.0,65.8,Raw White,Pettah
2015-12-15,3300.0,66.0,Raw White,Pettah
2015-12-16,3310.0,66.2,Raw White,Pettah
2015-12-17,3300.0,66.0,Raw White,Pettah
2015-12-18,3240.0,64.8,Raw White,Pettah
2015-12-20,3180.0,63.6,Raw White,Pettah
2015-12-21,3180.0,63.6,Raw White,Pettah
2015-12-22,3220.0,64.4,Raw White,Pettah
2015-12-23,3190.0,63.8,Raw White,Pettah
2015-12-28,3190.0,63.8,Raw White,Pettah
2015-12-29,3220.0,64.4,Raw White,Pettah
2015-12-30,3230.0,64.6,Raw White,Pettah
2015-12-31,3200.0,64.0,Raw White,Pettah
2016-01-04,3160.0,63.2,Raw White,Pettah
2016-01-05,3140.0,62.8,Raw White,Pettah
2016-01-06,3160.0,63.2,Raw White,Pettah
2016-01-07,3130.0,62.6,Raw White,Pettah
2016-01-08,3160.0,63.2,Raw White,Pettah
2016-01-11,3130.0,62.6,Raw White,Pettah
2016-01-12,3110.0,62.2,Raw White,Pettah
2016-01-13,3140.0,62.8,Raw White,Pettah
2016-01-14,3140.0,62.8,Raw White,Pettah
2016-01-18,3170.0,63.4,Raw White,Pettah
2016-01-19,3120.0,62.4,Raw White,Pettah
2016-01-20,3120.0,62.4,Raw White,Pettah
2016-01-21,3140.0,62.8,Raw White,Pettah
2016-01-22,3090.0,61.8,Raw White,Pettah
2016-01-25,3030.0,60.6,Raw White,Pettah
2016-01-26,3080.0,61.6,Raw White,Pettah
2016-01-27,3080.0,61.6,Raw White,Pettah
2016-01-28,3030.0,60.6,Raw White,Pettah
2016-01-29,3000.0,60.0,Raw White,Pettah
2016-02-01,2980.0,59.6,Raw White,Pettah
2016-02-02,2760.0,55.2,Raw White,Pettah
2016-02-03,2930.0,58.6,Raw White,Pettah
2016-02-05,2740.0,54.8,Raw White,Pettah
2016-02-08,2800.0,56.0,Raw White,Pettah
2016-02-09,2850.0,57.0,Raw White,Pettah
2016-02-10,2860.0,57.2,Raw White,Pettah
2016-02-11,2830.0,56.6,Raw White,Pettah
2016-02-12,2840.0,56.8,Raw White,Pettah
2016-02-15,2820.0,56.4,Raw White,Pettah
2016-02-16,2780.0,55.6,Raw White,Pettah
2016-02-17,2770.0,55.4,Raw White,Pettah
2016-02-18,2740.0,54.8,Raw White,Pettah
2016-02-19,2690.0,53.8,Raw White,Pettah
2016-02-23,2690.0,53.8,Raw White,Pettah
2016-02-24,2640.0,52.8,Raw White,Pettah
2016-02-25,2650.0,53.0,Raw White,Pettah
2016-02-26,2660.0,53.2,Raw White,Pettah
2016-02-29,2650.0,53.0,Raw White,Pettah
2016-03-01,2640.0,52.8,Raw White,Pettah
2016-03-02,2620.0,52.4,Raw White,Pettah
2016-03-03,2630.0,52.6,Raw White,Pettah
2016-03-04,2640.0,52.8,Raw White,Pettah
2016-03-08,2650.0,53.0,Raw White,Pettah
2016-03-09,2660.0,53.2,Raw White,Pettah
2016-03-10,2660.0,53.2,Raw White,Pettah
2016-03-11,2660.0,53.2,Raw White,Pettah
2016-03-14,2670.0,53.4,Raw White,Pettah
2016-03-15,2600.0,52.0,Raw White,Pettah
2016-03-16,2720.0,54.4,Raw White,Pettah
2016-03-17,2690.0,53.8,Raw White,Pettah
2016-03-18,2680.0,53.6,Raw White,Pettah
2016-03-21,2650.0,53.0,Raw White,Pettah
2016-03-23,2780.0,55.6,Raw White,Pettah
2016-03-24,2820.0,56.4,Raw White,Pettah
2016-03-28,2960.0,59.2,Raw White,Pettah
2016-03-29,3000.0,60.0,Raw White,Pettah
2016-03-30,3070.0,61.4,Raw White,Pettah
2016-03-31,3070.0,61.4,Raw White,Pettah
2016-04-01,3110.0,62.2,Raw White,Pettah
2016-04-04,3140.0,62.8,Raw White,Pettah
2016-04-05,3030.0,60.6,Raw White,Pettah
2016-04-06,3140.0,62.8,Raw White,Pettah
2016-04-07,3200.0,64.0,Raw White,Pettah
2016-04-08,3160.0,63.2,Raw White,Pettah
2016-04-11,3200.0,64.0,Raw White,Pettah
2016-04-18,3160.0,63.2,Raw White,Pettah
2016-04-19,3230.0,64.6,Raw White,Pettah
2016-04-20,3215.0,64.3,Raw White,Pettah
2016-04-22,3210.0,64.2,Raw White,Pettah
2016-04-25,3190.0,63.8,Raw White,Pettah
2016-04-26,3200.0,64.0,Raw White,Pettah
2016-04-27,3210.0,64.2,Raw White,Pettah
2016-04-28,3240.0,64.8,Raw White,Pettah
2016-04-29,3180.0,63.6,Raw White,Pettah
2016-05-02,3280.0,65.6,Raw White,Pettah
2016-05-03,3200.0,64.0,Raw White,Pettah
2016-05-04,3200.0,64.0,Raw White,Pettah
2016-05-05,3230.0,64.6,Raw White,Pettah
2016-05-06,3240.0,64.8,Raw White,Pettah
2016-05-09,3180.0,63.6,Raw White,Pettah
2016-05-10,3170.0,63.4,Raw White,Pettah
2016-05-11,3210.0,64.2,Raw White,Pettah
2016-05-12,3210.0,64.2,Raw White,Pettah
2016-05-13,3220.0,64.4,Raw White,Pettah
2016-05-16,3210.0,64.2,Raw White,Pettah
2016-05-17,3260.0,65.2,Raw White,Pettah
2016-05-18,3210.0,64.2,Raw White,Pettah
2016-05-19,3220.0,64.4,Raw White,Pettah
2016-05-20,3250.0,65.0,Raw White,Pettah
2016-05-23,3270.0,65.4,Raw White,Pettah
2016-05-24,3200.0,64.0,Raw White,Pettah
2016-05-25,3230.0,64.6,Raw White,Pettah
2016-05-26,3230.0,64.6,Raw White,Pettah
2016-05-27,3220.0,64.4,Raw White,Pettah
2016-05-30,3240.0,64.8,Raw White,Pettah
2016-05-31,3210.0,64.2,Raw White,Pettah
2016-06-01,3230.0,64.6,Raw White,Pettah
2016-06-02,3180.0,63.6,Raw White,Pettah
2016-06-03,3220.0,64.4,Raw White,Pettah
2016-06-06,3240.0,64.8,Raw White,Pettah
2016-06-07,3260.0,65.2,Raw White,Pettah
2016-06-08,3210.0,64.2,Raw White,Pettah
2016-06-09,3210.0,64.2,Raw White,Pettah
2016-06-10,3190.0,63.8,Raw White,Pettah
2016-06-13,3250.0,65.0,Raw White,Pettah
2016-06-14,3160.0,63.2,Raw White,Pettah
2016-06-15,3200.0,64.0,Raw White,Pettah
2016-06-16,3190.0,63.8,Raw White,Pettah
2016-06-17,3150.0,63.0,Raw White,Pettah
2016-06-20,3170.0,63.4,Raw White,Pettah
2016-06-21,3140.0,62.8,Raw White,Pettah
2016-06-22,3090.0,61.8,Raw White,Pettah
2016-06-23,3220.0,64.4,Raw White,Pettah
2016-06-24,3100.0,62.0,Raw White,Pettah
2016-06-27,3110.0,62.2,Raw White,Pettah
2016-06-28,3060.0,61.2,Raw White,Pettah
2016-06-29,2980.0,59.6,Raw White,Pettah
2016-06-30,2980.0,59.6,Raw White,Pettah
2016-07-01,3030.0,60.6,Raw White,Pettah
2016-07-04,2990.0,59.8,Raw White,Pettah
2016-07-05,2960.0,59.2,Raw White,Pettah
2016-07-06,2990.0,59.8,Raw White,Pettah
2016-07-07,2990.0,59.8,Raw White,Pettah
2016-07-08,2975.0,59.5,Raw White,Pettah
2016-07-11,3070.0,61.4,Raw White,Pettah
2016-07-12,3020.0,60.4,Raw White,Pettah
2016-07-13,3050.0,61.0,Raw White,Pettah
2016-07-14,3010.0,60.2,Raw White,Pettah
2016-07-15,3040.0,60.8,Raw White,Pettah
2016-07-18,3050.0,61.0,Raw White,Pettah
2016-07-20,3040.0,60.8,Raw White,Pettah
2016-07-21,3040.0,60.8,Raw White,Pettah
2016-07-22,3070.0,61.4,Raw White,Pettah
2016-07-25,3040.0,60.8,Raw White,Pettah
2016-07-26,2990.0,59.8,Raw White,Pettah
2016-07-27,3040.0,60.8,Raw White,Pettah
2016-07-28,2990.0,59.8,Raw White,Pettah
2016-07-29,3010.0,60.2,Raw White,Pettah
2016-08-01,3020.0,60.4,Raw White,Pettah
2016-08-02,3030.0,60.6,Raw White,Pettah
2016-08-03,3010.0,60.2,Raw White,Pettah
2016-08-04,3010.0,60.2,Raw White,Pettah
2016-08-05,3025.0,60.5,Raw White,Pettah
2016-08-08,2990.0,59.8,Raw White,Pettah
2016-08-09,3010.0,60.2,Raw White,Pettah
2016-08-10,2970.0,59.4,Raw White,Pettah
2016-08-11,2980.0,59.6,Raw White,Pettah
2016-08-12,3000.0,60.0,Raw White,Pettah
2016-08-15,3010.0,60.2,Raw White,Pettah
2016-08-16,2970.0,59.4,Raw White,Pettah
2016-08-18,2980.0,59.6,Raw White,Pettah
2016-08-19,2970.0,59.4,Raw White,Pettah
2016-08-22,3020.0,60.4,Raw White,Pettah
2016-08-23,3100.0,62.0,Raw White,Pettah
2016-08-24,3010.0,60.2,Raw White,Pettah
2016-08-29,2970.0,59.4,Raw White,Pettah
2016-08-30,2990.0,59.8,Raw White,Pettah
2016-08-31,2980.0,59.6,Raw White,Pettah
2016-09-01,3030.0,60.6,Raw White,Pettah
2016-09-02,3050.0,61.0,Raw White,Pettah
2016-09-05,3050.0,61.0,Raw White,Pettah
2016-09-06,3050.0,61.0,Raw White,Pettah
2016-09-07,3050.0,61.0,Raw White,Pettah
2016-09-08,3070.0,61.4,Raw White,Pettah
2016-09-09,3040.0,60.8,Raw White,Pettah
2016-09-13,3040.0,60.8,Raw White,Pettah
2016-09-14,3040.0,60.8,Raw White,Pettah
2016-09-15,3070.0,61.4,Raw White,Pettah
2016-09-19,3010.0,60.2,Raw White,Pettah
2016-09-20,3090.0,61.8,Raw White,Pettah
2016-09-21,3090.0,61.8,Raw White,Pettah
2016-09-22,3130.0,62.6,Raw White,Pettah
2016-09-23,3160.0,63.2,Raw White,Pettah
2016-09-26,3150.0,63.0,Raw White,Pettah
2016-09-27,3250.0,65.0,Raw White,Pettah
2016-09-28,3290.0,65.8,Raw White,Pettah
2016-09-29,3270.0,65.4,Raw White,Pettah
2016-09-30,3270.0,65.4,Raw White,Pettah
2016-10-03,3310.0,66.2,Raw White,Pettah
2016-10-04,3300.0,66.0,Raw White,Pettah
2016-10-05,3380.0,67.6,Raw White,Pettah
2016-10-06,3380.0,67.6,Raw White,Pettah
2016-10-07,3360.0,67.2,Raw White,Pettah
2016-10-10,3350.0,67.0,Raw White,Pettah
2016-10-11,3383.33,67.6666,Raw White,Pettah
2016-10-12,3370.0,67.4,Raw White,Pettah
2016-10-13,3370.0,67.4,Raw White,Pettah
2016-10-14,3420.0,68.4,Raw White,Pettah
2016-10-17,3390.0,67.8,Raw White,Pettah
2016-10-18,3420.0,68.4,Raw White,Pettah
2016-10-19,3400.0,68.0,Raw White,Pettah
2016-10-20,3400.0,68.0,Raw White,Pettah
2016-10-21,3400.0,68.0,Raw White,Pettah
2016-10-24,3490.0,69.8,Raw White,Pettah
2016-10-25,3420.0,68.4,Raw White,Pettah
2016-10-26,3420.0,68.4,Raw White,Pettah
2016-10-27,3430.0,68.6,Raw White,Pettah
2016-10-28,3420.0,68.4,Raw White,Pettah
2016-10-31,3420.0,68.4,Raw White,Pettah
2016-11-01,3440.0,68.8,Raw White,Pettah
2016-11-02,3470.0,69.4,Raw White,Pettah
2016-11-03,3470.0,69.4,Raw White,Pettah
2016-11-04,3480.0,69.6,Raw White,Pettah
2016-11-07,3508.33,70.1666,Raw White,Pettah
2016-11-08,3570.0,71.4,Raw White,Pettah
2016-11-09,3490.0,69.8,Raw White,Pettah
2016-11-10,3490.0,69.8,Raw White,Pettah
2016-11-11,3490.0,69.8,Raw White,Pettah
2016-11-15,3500.0,70.0,Raw White,Pettah
2016-11-16,3550.0,71.0,Raw White,Pettah
2016-11-17,3560.0,71.2,Raw White,Pettah
2016-11-18,3550.0,71.0,Raw White,Pettah
2016-11-21,3575.0,71.5,Raw White,Pettah
2016-11-22,3610.0,72.2,Raw White,Pettah
2016-11-23,3583.33,71.6666,Raw White,Pettah
2016-11-24,3590.0,71.8,Raw White,Pettah
2016-11-25,3580.0,71.6,Raw White,Pettah
2016-11-28,3570.0,71.4,Raw White,Pettah
2016-11-29,3580.0,71.6,Raw White,Pettah
2016-11-30,3570.0,71.4,Raw White,Pettah
2016-12-01,3590.0,71.8,Raw White,Pettah
2016-12-02,3600.0,72.0,Raw White,Pettah
2016-12-05,3580.0,71.6,Raw White,Pettah
2016-12-06,3690.0,73.8,Raw White,Pettah
2016-12-07,3730.0,74.6,Raw White,Pettah
2016-12-08,3750.0,75.0,Raw White,Pettah
2016-12-09,3790.0,75.8,Raw White,Pettah
2016-12-14,3920.0,78.4,Raw White,Pettah
2016-12-15,3900.0,78.0,Raw White,Pettah
2016-12-16,3910.0,78.2,Raw White,Pettah
2016-12-19,3950.0,79.0,Raw White,Pettah
2016-12-20,3960.0,79.2,Raw White,Pettah
2016-12-21,3980.0,79.6,Raw White,Pettah
2016-12-22,3960.0,79.2,Raw White,Pettah
2016-12-23,3980.0,79.6,Raw White,Pettah
2016-12-26,4030.0,80.6,Raw White,Pettah
2016-12-27,4030.0,80.6,Raw White,Pettah
2016-12-28,4130.0,82.6,Raw White,Pettah
2016-12-29,4100.0,82.0,Raw White,Pettah
2016-12-30,4090.0,81.8,Raw White,Pettah
2017-01-02,4110.0,82.2,Raw White,Pettah
2017-01-03,4090.0,81.8,Raw White,Pettah
2017-01-04,4070.0,81.4,Raw White,Pettah
2017-01-05,4120.0,82.4,Raw White,Pettah
2017-01-06,4120.0,82.4,Raw White,Pettah
2017-01-09,4110.0,82.2,Raw White,Pettah
2017-01-10,4090.0,81.8,Raw White,Pettah
2017-01-11,4120.0,82.4,Raw White,Pettah
2017-01-13,4110.0,82.2,Raw White,Pettah
2017-01-16,4100.0,82.0,Raw White,Pettah
2017-01-17,4120.0,82.4,Raw White,Pettah
2017-01-18,4370.0,87.4,Raw White,Pettah
2017-01-18,3883.33,77.6666,Raw White,Pettah
2017-01-19,4480.0,89.6,Raw White,Pettah
2017-01-19,4025.0,80.5,Raw White,Pettah
2017-01-20,4490.0,89.8,Raw White,Pettah
2017-01-20,4040.0,80.8,Raw White,Pettah
2017-01-23,4490.0,89.8,Raw White,Pettah
2017-01-23,4200.0,84.0,Raw White,Pettah
2017-01-24,4570.0,91.4,Raw White,Pettah
2017-01-24,4000.0,80.0,Raw White,Pettah
2017-01-25,4587.5,91.75,Raw White,Pettah
2017-01-25,4130.0,82.6,Raw White,Pettah
2017-01-26,4590.0,91.8,Raw White,Pettah
2017-01-26,4060.0,81.2,Raw White,Pettah
2017-01-27,4590.0,91.8,Raw White,Pettah
2017-01-27,4137.5,82.75,Raw White,Pettah
2017-01-30,4630.0,92.6,Raw White,Pettah
2017-01-30,3990.0,79.8,Raw White,Pettah
2017-01-31,4720.0,94.4,Raw White,Pettah
2017-01-31,3920.0,78.4,Raw White,Pettah
2017-03-01,3790.0,75.8,Raw White,Pettah
2017-03-01,3362.5,67.25,Raw White,Pettah
2017-03-02,3780.0,75.6,Raw White,Pettah
2017-03-02,3462.5,69.25,Raw White,Pettah
2017-03-03,3770.0,75.4,Raw White,Pettah
2017-03-03,3400.0,68.0,Raw White,Pettah
2017-03-06,3790.0,75.8,Raw White,Pettah
2017-03-06,3375.0,67.5,Raw White,Pettah
2017-03-07,3800.0,76.0,Raw White,Pettah
2017-03-07,3333.33,66.6666,Raw White,Pettah
2017-03-08,3750.0,75.0,Raw White,Pettah
2017-03-08,3350.0,67.0,Raw White,Pettah
2017-03-09,3750.0,75.0,Raw White,Pettah
2017-03-09,3350.0,67.0,Raw White,Pettah
2017-03-10,3770.0,75.4,Raw White,Pettah
2017-03-10,3366.67,67.3334,Raw White,Pettah
2017-03-13,3750.0,75.0,Raw White,Pettah
2017-03-13,3266.67,65.3334,Raw White,Pettah
2017-03-14,3760.0,75.2,Raw White,Pettah
2017-03-14,3300.0,66.0,Raw White,Pettah
2017-03-15,3730.0,74.6,Raw White,Pettah
2017-03-15,3290.0,65.8,Raw White,Pettah
2017-03-16,3760.0,75.2,Raw White,Pettah
2017-03-16,3270.0,65.4,Raw White,Pettah
2017-03-17,3750.0,75.0,Raw White,Pettah
2017-03-17,3262.5,65.25,Raw White,Pettah
2017-03-20,3750.0,75.0,Raw White,Pettah
2017-03-20,3200.0,64.0,Raw White,Pettah
2017-03-21,3770.0,75.4,Raw White,Pettah
2017-03-21,3225.0,64.5,Raw White,Pettah
2017-03-22,3800.0,76.0,Raw White,Pettah
2017-03-22,3225.0,64.5,Raw White,Pettah
2017-03-23,3780.0,75.6,Raw White,Pettah
2017-03-23,3200.0,64.0,Raw White,Pettah
2017-03-24,3780.0,75.6,Raw White,Pettah
2017-03-24,3270.0,65.4,Raw White,Pettah
2017-03-27,3770.0,75.4,Raw White,Pettah
2017-03-27,3410.0,68.2,Raw White,Pettah
2017-03-28,3770.0,75.4,Raw White,Pettah
2017-03-28,3500.0,70.0,Raw White,Pettah
2017-03-29,3790.0,75.8,Raw White,Pettah
2017-03-29,3470.0,69.4,Raw White,Pettah
2017-03-30,3770.0,75.4,Raw White,Pettah
2017-03-30,3410.0,68.2,Raw White,Pettah
2017-03-31,3770.0,75.4,Raw White,Pettah
2017-03-31,3320.0,66.4,Raw White,Pettah
2017-04-03,3830.0,76.6,Raw White,Pettah
2017-04-03,3360.0,67.2,Raw White,Pettah
2017-04-04,3810.0,76.2,Raw White,Pettah
2017-04-04,3280.0,65.6,Raw White,Pettah
2017-04-05,3750.0,75.0,Raw White,Pettah
2017-04-05,3262.5,65.25,Raw White,Pettah
2017-04-06,3780.0,75.6,Raw White,Pettah
2017-04-06,3250.0,65.0,Raw White,Pettah
2017-04-07,3800.0,76.0,Raw White,Pettah
2017-04-07,3260.0,65.2,Raw White,Pettah
2017-04-11,3790.0,75.8,Raw White,Pettah
2017-04-11,3290.0,65.8,Raw White,Pettah
2017-04-12,3830.0,76.6,Raw White,Pettah
2017-04-12,3333.33,66.6666,Raw White,Pettah
2017-04-17,3750.0,75.0,Raw White,Pettah
2017-04-17,3416.67,68.3334,Raw White,Pettah
2017-04-18,3750.0,75.0,Raw White,Pettah
2017-04-18,3416.67,68.3334,Raw White,Pettah
2017-04-19,3800.0,76.0,Raw White,Pettah
2017-04-19,3416.67,68.3334,Raw White,Pettah
2017-04-20,3800.0,76.0,Raw White,Pettah
2017-04-20,3383.33,67.6666,Raw White,Pettah
2017-04-21,3820.0,76.4,Raw White,Pettah
2017-04-21,3375.0,67.5,Raw White,Pettah
2017-04-24,3780.0,75.6,Raw White,Pettah
2017-04-24,3387.5,67.75,Raw White,Pettah
2017-04-25,3780.0,75.6,Raw White,Pettah
2017-04-25,3387.5,67.75,Raw White,Pettah
2017-04-26,3800.0,76.0,Raw White,Pettah
2017-04-26,3362.5,67.25,Raw White,Pettah
2017-04-27,3820.0,76.4,Raw White,Pettah
2017-04-27,3387.5,67.75,Raw White,Pettah
2017-04-28,3820.0,76.4,Raw White,Pettah
2017-04-28,3350.0,67.0,Raw White,Pettah
2017-05-02,3820.0,76.4,Raw White,Pettah
2017-05-02,3420.0,68.4,Raw White,Pettah
2017-05-03,3800.0,76.0,Raw White,Pettah
2017-05-03,3370.0,67.4,Raw White,Pettah
2017-05-04,3860.0,77.2,Raw White,Pettah
2017-05-04,3350.0,67.0,Raw White,Pettah
2017-05-05,3860.0,77.2,Raw White,Pettah
2017-05-05,3350.0,67.0,Raw White,Pettah
2017-05-08,3880.0,77.6,Raw White,Pettah
2017-05-08,3390.0,67.8,Raw White,Pettah
2017-05-09,3880.0,77.6,Raw White,Pettah
2017-05-09,3400.0,68.0,Raw White,Pettah
2017-05-12,3920.0,78.4,Raw White,Pettah
2017-05-12,3325.0,66.5,Raw White,Pettah
2017-05-15,3920.0,78.4,Raw White,Pettah
2017-05-15,3470.0,69.4,Raw White,Pettah
2017-05-16,3950.0,79.0,Raw White,Pettah
2017-05-16,3390.0,67.8,Raw White,Pettah
2017-05-17,4010.0,80.2,Raw White,Pettah
2017-05-17,3650.0,73.0,Raw White,Pettah
2017-05-18,4190.0,83.8,Raw White,Pettah
2017-05-18,3440.0,68.8,Raw White,Pettah
2017-05-19,4030.0,80.6,Raw White,Pettah
2017-05-19,3750.0,75.0,Raw White,Pettah
2017-05-23,4100.0,82.0,Raw White,Pettah
2017-05-23,3750.0,75.0,Raw White,Pettah
2017-05-24,4100.0,82.0,Raw White,Pettah
2017-05-24,3750.0,75.0,Raw White,Pettah
2017-05-25,4180.0,83.6,Raw White,Pettah
2017-05-25,3590.0,71.8,Raw White,Pettah
2017-05-26,4200.0,84.0,Raw White,Pettah
2017-05-26,3490.0,69.8,Raw White,Pettah
2017-05-29,4310.0,86.2,Raw White,Pettah
2017-05-29,3550.0,71.0,Raw White,Pettah
2017-05-30,4280.0,85.6,Raw White,Pettah
2017-05-30,3575.0,71.5,Raw White,Pettah
2017-05-31,4330.0,86.6,Raw White,Pettah
2017-05-31,3575.0,71.5,Raw White,Pettah
2017-06-02,4233.33,84.6666,Raw White,Pettah
2017-06-02,3490.0,69.8,Raw White,Pettah
2017-06-05,4280.0,85.6,Raw White,Pettah
2017-06-05,3362.5,67.25,Raw White,Pettah
2017-06-06,4220.0,84.4,Raw White,Pettah
2017-06-06,3640.0,72.8,Raw White,Pettah
2017-06-07,4230.0,84.6,Raw White,Pettah
2017-06-07,3590.0,71.8,Raw White,Pettah
2017-06-09,4210.0,84.2,Raw White,Pettah
2017-06-09,3490.0,69.8,Raw White,Pettah
2017-06-12,4310.0,86.2,Raw White,Pettah
2017-06-12,3570.0,71.4,Raw White,Pettah
2017-06-13,4310.0,86.2,Raw White,Pettah
2017-06-13,3540.0,70.8,Raw White,Pettah
2017-06-14,4320.0,86.4,Raw White,Pettah
2017-06-14,3370.0,67.4,Raw White,Pettah
2017-06-15,4280.0,85.6,Raw White,Pettah
2017-06-15,3341.67,66.8334,Raw White,Pettah
2017-06-16,4490.0,89.8,Raw White,Pettah
2017-06-16,3570.0,71.4,Raw White,Pettah
2017-06-19,4330.0,86.6,Raw White,Pettah
2017-06-19,3600.0,72.0,Raw White,Pettah
2017-06-20,4190.0,83.8,Raw White,Pettah
2017-06-20,3625.0,72.5,Raw White,Pettah
2017-06-21,4250.0,85.0,Raw White,Pettah
2017-06-21,3530.0,70.6,Raw White,Pettah
2017-06-22,4237.5,84.75,Raw White,Pettah
2017-06-22,3590.0,71.8,Raw White,Pettah
2017-06-23,4260.0,85.2,Raw White,Pettah
2017-06-23,3710.0,74.2,Raw White,Pettah
2017-06-27,4030.0,80.6,Raw White,Pettah
2017-06-27,3620.0,72.4,Raw White,Pettah
2017-06-28,4220.0,84.4,Raw White,Pettah
2017-06-28,3580.0,71.6,Raw White,Pettah
2017-06-29,3550.0,71.0,Raw White,Pettah
2017-06-30,3520.0,70.4,Raw White,Pettah
2017-07-03,3620.0,72.4,Raw White,Pettah
2017-07-04,3600.0,72.0,Raw White,Pettah
2017-07-05,3590.0,71.8,Raw White,Pettah
2017-07-06,3583.33,71.6666,Raw White,Pettah
2017-07-07,3925.0,78.5,Raw White,Pettah
2017-07-10,3575.0,71.5,Raw White,Pettah
2017-07-11,3500.0,70.0,Raw White,Pettah
2017-07-12,3566.67,71.3334,Raw White,Pettah
2017-07-13,3612.5,72.25,Raw White,Pettah
2017-07-14,3633.33,72.6666,Raw White,Pettah
2017-07-17,3700.0,74.0,Raw White,Pettah
2017-07-18,3637.5,72.75,Raw White,Pettah
2017-07-19,3700.0,74.0,Raw White,Pettah
2017-07-20,3650.0,73.0,Raw White,Pettah
2017-07-21,3580.0,71.6,Raw White,Pettah
2017-07-24,3925.0,78.5,Raw White,Pettah
2017-07-25,3680.0,73.6,Raw White,Pettah
2017-07-26,3670.0,73.4,Raw White,Pettah
2017-07-27,3220.0,64.4,Raw White,Pettah
2017-07-28,3550.0,71.0,Raw White,Pettah
2017-07-31,3616.67,72.3334,Raw White,Pettah
2017-08-01,3762.5,75.25,Raw White,Pettah
2017-08-02,3550.0,71.0,Raw White,Pettah
2017-08-03,3691.67,73.8334,Raw White,Pettah
2017-08-04,3487.5,69.75,Raw White,Pettah
2017-08-08,3340.0,66.8,Raw White,Pettah
2017-08-09,3541.67,70.8334,Raw White,Pettah
2017-08-10,3380.0,67.6,Raw White,Pettah
2017-08-11,3508.33,70.1666,Raw White,Pettah
2017-08-14,3320.0,66.4,Raw White,Pettah
2017-08-15,3575.0,71.5,Raw White,Pettah
2017-08-16,3400.0,68.0,Raw White,Pettah
2017-08-17,3340.0,66.8,Raw White,Pettah
2017-08-18,3390.0,67.8,Raw White,Pettah
2017-08-21,3490.0,69.8,Raw White,Pettah
2017-08-22,3460.0,69.2,Raw White,Pettah
2017-08-23,3550.0,71.0,Raw White,Pettah
2017-08-24,3460.0,69.2,Raw White,Pettah
2017-08-25,3450.0,69.0,Raw White,Pettah
2017-08-28,3391.67,67.8334,Raw White,Pettah
2017-08-29,3541.67,70.8334,Raw White,Pettah
2017-08-30,3483.33,69.6666,Raw White,Pettah
2017-08-31,3450.0,69.0,Raw White,Pettah
2017-09-04,3391.67,67.8334,Raw White,Pettah
2017-09-06,3637.5,72.75,Raw White,Pettah
2017-09-07,3425.0,68.5,Raw White,Pettah
2017-09-08,3462.5,69.25,Raw White,Pettah
2017-09-11,3491.67,69.8334,Raw White,Pettah
2017-09-12,3450.0,69.0,Raw White,Pettah
2017-09-13,3500.0,70.0,Raw White,Pettah
2017-09-14,3466.67,69.3334,Raw White,Pettah
2017-09-15,3433.33,68.6666,Raw White,Pettah
2017-09-18,3450.0,69.0,Raw White,Pettah
2017-09-19,3383.33,67.6666,Raw White,Pettah
2017-09-20,3508.33,70.1666,Raw White,Pettah
2017-09-21,3458.33,69.1666,Raw White,Pettah
2017-09-22,3516.67,70.3334,Raw White,Pettah
2017-09-25,3441.67,68.8334,Raw White,Pettah
2017-09-26,3450.0,69.0,Raw White,Pettah
2017-09-27,3450.0,69.0,Raw White,Pettah
2017-09-28,3450.0,69.0,Raw White,Pettah
2017-09-29,3466.67,69.3334,Raw White,Pettah
2017-10-02,3500.0,70.0,Raw White,Pettah
2017-10-03,3508.33,70.1666,Raw White,Pettah
2017-10-04,3483.33,69.6666,Raw White,Pettah
2017-10-06,3725.0,74.5,Raw White,Pettah
2017-10-09,3691.67,73.8334,Raw White,Pettah
2017-10-10,3425.0,68.5,Raw White,Pettah
2017-10-11,3508.33,70.1666,Raw White,Pettah
2017-10-12,3416.67,68.3334,Raw White,Pettah
2017-10-13,3441.67,68.8334,Raw White,Pettah
2017-10-16,3391.67,67.8334,Raw White,Pettah
2017-10-17,3391.67,67.8334,Raw White,Pettah
2017-10-19,3425.0,68.5,Raw White,Pettah
2017-10-20,3350.0,67.0,Raw White,Pettah
2017-10-23,4391.67,87.8334,Raw White,Pettah
2017-10-23,3283.33,65.6666,Raw White,Pettah
2017-10-24,4441.67,88.8334,Raw White,Pettah
2017-10-24,3250.0,65.0,Raw White,Pettah
2017-10-25,4550.0,91.0,Raw White,Pettah
2017-10-25,3333.33,66.6666,Raw White,Pettah
2017-10-26,4425.0,88.5,Raw White,Pettah
2017-10-26,3141.67,62.833400000000005,Raw White,Pettah
2017-10-27,4516.67,90.3334,Raw White,Pettah
2017-10-27,3150.0,63.0,Raw White,Pettah
2017-10-30,3250.0,65.0,Raw White,Pettah
2017-10-31,4480.0,89.6,Raw White,Pettah
2017-10-31,3241.67,64.8334,Raw White,Pettah
2017-11-01,3175.0,63.5,Raw White,Pettah
2017-11-02,3191.67,63.833400000000005,Raw White,Pettah
2017-11-06,3283.33,65.6666,Raw White,Pettah
2017-11-07,3175.0,63.5,Raw White,Pettah
2017-11-08,3283.33,65.6666,Raw White,Pettah
2017-11-09,3175.0,63.5,Raw White,Pettah
2017-11-10,3191.67,63.833400000000005,Raw White,Pettah
2017-11-13,3233.33,64.6666,Raw White,Pettah
2017-11-14,3175.0,63.5,Raw White,Pettah
2017-11-15,3208.33,64.1666,Raw White,Pettah
2017-11-16,3175.0,63.5,Raw White,Pettah
2017-11-17,3200.0,64.0,Raw White,Pettah
2017-11-20,3183.33,63.666599999999995,Raw White,Pettah
2017-11-21,3241.67,64.8334,Raw White,Pettah
2017-11-22,3308.33,66.1666,Raw White,Pettah
2017-11-23,3300.0,66.0,Raw White,Pettah
2017-11-24,3316.67,66.3334,Raw White,Pettah
2017-11-27,4541.67,90.8334,Raw White,Pettah
2017-11-28,3316.67,66.3334,Raw White,Pettah
2017-11-29,3316.67,66.3334,Raw White,Pettah
2017-11-30,3283.33,65.6666,Raw White,Pettah
2017-12-04,4541.67,90.8334,Raw White,Pettah
2017-12-04,3266.67,65.3334,Raw White,Pettah
2017-12-05,4500.0,90.0,Raw White,Pettah
2017-12-05,3341.67,66.8334,Raw White,Pettah
2017-12-06,4541.67,90.8334,Raw White,Pettah
2017-12-06,3325.0,66.5,Raw White,Pettah
2017-12-07,4530.0,90.6,Raw White,Pettah
2017-12-07,3350.0,67.0,Raw White,Pettah
2017-12-08,4550.0,91.0,Raw White,Pettah
2017-12-08,3416.67,68.3334,Raw White,Pettah
2017-12-11,4525.0,90.5,Raw White,Pettah
2017-12-11,4525.0,90.5,Raw White,Pettah
2017-12-12,4550.0,91.0,Raw White,Pettah
2017-12-12,3358.33,67.1666,Raw White,Pettah
2017-12-13,4550.0,91.0,Raw White,Pettah
2017-12-13,3400.0,68.0,Raw White,Pettah
2017-12-14,4480.0,89.6,Raw White,Pettah
2017-12-14,3320.0,66.4,Raw White,Pettah
2017-12-15,4540.0,90.8,Raw White,Pettah
2017-12-15,3380.0,67.6,Raw White,Pettah
2017-12-18,4560.0,91.2,Raw White,Pettah
2017-12-18,3325.0,66.5,Raw White,Pettah
2017-12-19,4550.0,91.0,Raw White,Pettah
2017-12-19,3310.0,66.2,Raw White,Pettah
2017-12-20,4560.0,91.2,Raw White,Pettah
2017-12-20,3320.0,66.4,Raw White,Pettah
2017-12-21,4510.0,90.2,Raw White,Pettah
2017-12-21,3390.0,67.8,Raw White,Pettah
2017-12-22,4533.33,90.6666,Raw White,Pettah
2017-12-22,3300.0,66.0,Raw White,Pettah
2017-12-26,4541.67,90.8334,Raw White,Pettah
2017-12-26,3340.0,66.8,Raw White,Pettah
2017-12-27,4491.67,89.8334,Raw White,Pettah
2017-12-27,3366.67,67.3334,Raw White,Pettah
2017-12-28,4460.0,89.2,Raw White,Pettah
2017-12-28,3350.0,67.0,Raw White,Pettah
2017-12-29,4540.0,90.8,Raw White,Pettah
2017-12-29,3380.0,67.6,Raw White,Pettah
2018-01-02,4530.0,90.6,Raw White,Pettah
2018-01-02,3333.33,66.6666,Raw White,Pettah
2018-01-03,4540.0,90.8,Raw White,Pettah
2018-01-03,3380.0,67.6,Raw White,Pettah
2018-01-04,4480.0,89.6,Raw White,Pettah
2018-01-04,3350.0,67.0,Raw White,Pettah
2018-01-05,4490.0,89.8,Raw White,Pettah
2018-01-05,3340.0,66.8,Raw White,Pettah
2018-01-08,4460.0,89.2,Raw White,Pettah
2018-01-08,3360.0,67.2,Raw White,Pettah
2018-01-09,4420.0,88.4,Raw White,Pettah
2018-01-09,3380.0,67.6,Raw White,Pettah
2018-01-10,4460.0,89.2,Raw White,Pettah
2018-01-10,3380.0,67.6,Raw White,Pettah
2018-01-11,4510.0,90.2,Raw White,Pettah
2018-01-11,3862.5,77.25,Raw White,Pettah
2018-01-12,4520.0,90.4,Raw White,Pettah
2018-01-12,3420.0,68.4,Raw White,Pettah
2018-01-15,3360.0,67.2,Raw White,Pettah
2018-01-15,3360.0,67.2,Raw White,Pettah
2018-01-16,4340.0,86.8,Raw White,Pettah
2018-01-16,3360.0,67.2,Raw White,Pettah
2018-01-17,4320.0,86.4,Raw White,Pettah
2018-01-17,3330.0,66.6,Raw White,Pettah
2018-01-18,4240.0,84.8,Raw White,Pettah
2018-01-18,3300.0,66.0,Raw White,Pettah
2018-01-19,4340.0,86.8,Raw White,Pettah
2018-01-19,3340.0,66.8,Raw White,Pettah
2018-01-22,3880.0,77.6,Raw White,Pettah
2018-01-22,3290.0,65.8,Raw White,Pettah
2018-01-23,3950.0,79.0,Raw White,Pettah
2018-01-23,3300.0,66.0,Raw White,Pettah
2018-01-24,4000.0,80.0,Raw White,Pettah
2018-01-24,3300.0,66.0,Raw White,Pettah
2018-01-25,3930.0,78.6,Raw White,Pettah
2018-01-25,3340.0,66.8,Raw White,Pettah
2018-01-26,3890.0,77.8,Raw White,Pettah
2018-01-26,3310.0,66.2,Raw White,Pettah
2018-01-29,3750.0,75.0,Raw White,Pettah
2018-01-29,3350.0,67.0,Raw White,Pettah
2018-01-30,3670.0,73.4,Raw White,Pettah
2018-01-30,3230.0,64.6,Raw White,Pettah
2018-02-01,3530.0,70.6,Raw White,Pettah
2018-02-01,3230.0,64.6,Raw White,Pettah
2018-02-02,3690.0,73.8,Raw White,Pettah
2018-02-05,3640.0,72.8,Raw White,Pettah
2018-02-05,3250.0,65.0,Raw White,Pettah
2018-02-07,3566.67,71.3334,Raw White,Pettah
2018-02-07,3433.33,68.6666,Raw White,Pettah
2018-02-08,3440.0,68.8,Raw White,Pettah
2018-02-08,3290.0,65.8,Raw White,Pettah
2018-02-09,3470.0,69.4,Raw White,Pettah
2018-02-09,3300.0,66.0,Raw White,Pettah
2018-02-12,3440.0,68.8,Raw White,Pettah
2018-02-12,3330.0,66.6,Raw White,Pettah
2018-02-14,3490.0,69.8,Raw White,Pettah
2018-02-14,3260.0,65.2,Raw White,Pettah
2018-02-15,3480.0,69.6,Raw White,Pettah
2018-02-15,3170.0,63.4,Raw White,Pettah
2018-02-16,3470.0,69.4,Raw White,Pettah
2018-02-16,3200.0,64.0,Raw White,Pettah
2018-02-19,3490.0,69.8,Raw White,Pettah
2018-02-19,3280.0,65.6,Raw White,Pettah
2018-02-20,3780.0,75.6,Raw White,Pettah
2018-02-20,3540.0,70.8,Raw White,Pettah
2018-02-21,3560.0,71.2,Raw White,Pettah
2018-02-21,3190.0,63.8,Raw White,Pettah
2018-02-22,3590.0,71.8,Raw White,Pettah
2018-02-22,3310.0,66.2,Raw White,Pettah
2018-02-23,3540.0,70.8,Raw White,Pettah
2018-02-23,3370.0,67.4,Raw White,Pettah
2018-02-26,3670.0,73.4,Raw White,Pettah
2018-02-26,3350.0,67.0,Raw White,Pettah
2018-02-27,3680.0,73.6,Raw White,Pettah
2018-02-27,3350.0,67.0,Raw White,Pettah
2018-02-28,3820.0,76.4,Raw White,Pettah
2018-02-28,3340.0,66.8,Raw White,Pettah
2018-03-02,3820.0,76.4,Raw White,Pettah
2018-03-02,3310.0,66.2,Raw White,Pettah
2018-03-05,3870.0,77.4,Raw White,Pettah
2018-03-05,3380.0,67.6,Raw White,Pettah
2018-03-06,3820.0,76.4,Raw White,Pettah
2018-03-06,3400.0,68.0,Raw White,Pettah
2018-03-07,3810.0,76.2,Raw White,Pettah
2018-03-07,3350.0,67.0,Raw White,Pettah
2018-03-08,3790.0,75.8,Raw White,Pettah
2018-03-08,3350.0,67.0,Raw White,Pettah
2018-03-09,3830.0,76.6,Raw White,Pettah
2018-03-09,3350.0,67.0,Raw White,Pettah
2018-03-12,3750.0,75.0,Raw White,Pettah
2018-03-12,3350.0,67.0,Raw White,Pettah
2018-03-13,3810.0,76.2,Raw White,Pettah
2018-03-13,3350.0,67.0,Raw White,Pettah
2018-03-14,3830.0,76.6,Raw White,Pettah
2018-03-14,3350.0,67.0,Raw White,Pettah
2018-03-15,3790.0,75.8,Raw White,Pettah
2018-03-15,3390.0,67.8,Raw White,Pettah
2018-03-16,3380.0,67.6,Raw White,Pettah
2018-03-19,3810.0,76.2,Raw White,Pettah
2018-03-19,3410.0,68.2,Raw White,Pettah
2018-03-20,3800.0,76.0,Raw White,Pettah
2018-03-20,3410.0,68.2,Raw White,Pettah
2018-03-21,3790.0,75.8,Raw White,Pettah
2018-03-21,3480.0,69.6,Raw White,Pettah
2018-03-22,3790.0,75.8,Raw White,Pettah
2018-03-22,3460.0,69.2,Raw White,Pettah
2018-03-23,3770.0,75.4,Raw White,Pettah
2018-03-23,3460.0,69.2,Raw White,Pettah
2018-03-26,3800.0,76.0,Raw White,Pettah
2018-03-26,3600.0,72.0,Raw White,Pettah
2018-03-27,3820.0,76.4,Raw White,Pettah
2018-03-27,3570.0,71.4,Raw White,Pettah
2018-03-28,3610.0,72.2,Raw White,Pettah
2018-04-02,3620.0,72.4,Raw White,Pettah
2018-04-03,3510.0,70.2,Raw White,Pettah
2018-04-04,3570.0,71.4,Raw White,Pettah
2018-04-05,3530.0,70.6,Raw White,Pettah
2018-04-06,3530.0,70.6,Raw White,Pettah
2018-04-09,3530.0,70.6,Raw White,Pettah
2018-04-10,3500.0,70.0,Raw White,Pettah
2018-04-11,3530.0,70.6,Raw White,Pettah
2018-04-12,3580.0,71.6,Raw White,Pettah
2018-04-17,3580.0,71.6,Raw White,Pettah
2018-04-18,3500.0,70.0,Raw White,Pettah
2018-04-19,3510.0,70.2,Raw White,Pettah
2018-04-20,3530.0,70.6,Raw White,Pettah
2018-04-23,3510.0,70.2,Raw White,Pettah
2018-04-24,3530.0,70.6,Raw White,Pettah
2018-04-25,3510.0,70.2,Raw White,Pettah
2018-04-26,3530.0,70.6,Raw White,Pettah
2018-04-27,3530.0,70.6,Raw White,Pettah
2018-05-01,3750.0,75.0,Raw White,Pettah
2018-05-01,3530.0,70.6,Raw White,Pettah
2018-05-02,3530.0,70.6,Raw White,Pettah
2018-05-03,3750.0,75.0,Raw White,Pettah
2018-05-04,3750.0,75.0,Raw White,Pettah
2018-05-08,3900.0,78.0,Raw White,Pettah
2018-05-09,3880.0,77.6,Raw White,Pettah
2018-05-10,3880.0,77.6,Raw White,Pettah
2018-05-11,3875.0,77.5,Raw White,Pettah
2018-05-14,3910.0,78.2,Raw White,Pettah
2018-05-15,3875.0,77.5,Raw White,Pettah
2018-05-16,3740.0,74.8,Raw White,Pettah
2018-05-16,3825.0,76.5,Raw White,Pettah
2018-05-17,3740.0,74.8,Raw White,Pettah
2018-05-17,3800.0,76.0,Raw White,Pettah
2018-05-21,3862.5,77.25,Raw White,Pettah
2018-05-22,3880.0,77.6,Raw White,Pettah
2018-05-23,3800.0,76.0,Raw White,Pettah
2018-05-24,3800.0,76.0,Raw White,Pettah
2018-05-25,3850.0,77.0,Raw White,Pettah
2018-05-28,3800.0,76.0,Raw White,Pettah
2018-05-30,3880.0,77.6,Raw White,Pettah
2018-05-31,3780.0,75.6,Raw White,Pettah
2018-06-05,3825.0,76.5,Raw White,Pettah
2018-06-06,3800.0,76.0,Raw White,Pettah
2018-06-07,3783.33,75.6666,Raw White,Pettah
2018-06-08,3783.33,75.6666,Raw White,Pettah
2018-06-11,3800.0,76.0,Raw White,Pettah
2018-06-12,3783.33,75.6666,Raw White,Pettah
2018-06-13,3762.5,75.25,Raw White,Pettah
2018-06-14,3725.0,74.5,Raw White,Pettah
2018-06-18,3762.5,75.25,Raw White,Pettah
2018-06-19,3733.33,74.6666,Raw White,Pettah
2018-06-20,3733.33,74.6666,Raw White,Pettah
2018-06-21,3683.33,73.6666,Raw White,Pettah
2018-06-22,3733.33,74.6666,Raw White,Pettah
2018-06-25,3750.0,75.0,Raw White,Pettah
2018-06-26,3750.0,75.0,Raw White,Pettah
2018-07-03,3550.0,71.0,Raw White,Pettah
2018-07-23,4710.0,94.2,Raw White,Pettah
2018-07-24,4670.0,93.4,Raw White,Pettah
2018-07-25,4750.0,95.0,Raw White,Pettah
2018-07-26,4750.0,95.0,Raw White,Pettah
2018-07-30,4783.33,95.6666,Raw White,Pettah
2018-07-31,4940.0,98.8,Raw White,Pettah
2018-08-01,4880.0,97.6,Raw White,Pettah
2018-08-02,4880.0,97.6,Raw White,Pettah
2018-08-03,4975.0,99.5,Raw White,Pettah
2018-08-09,3580.0,71.6,Raw White,Pettah
2018-08-10,3660.0,73.2,Raw White,Pettah
2018-08-13,3580.0,71.6,Raw White,Pettah
2018-08-14,3700.0,74.0,Raw White,Pettah
2018-08-15,3690.0,73.8,Raw White,Pettah
2018-08-16,3740.0,74.8,Raw White,Pettah
2018-08-17,3690.0,73.8,Raw White,Pettah
2018-08-20,3680.0,73.6,Raw White,Pettah
2018-08-21,3700.0,74.0,Raw White,Pettah
2018-08-23,5480.0,109.6,Raw White,Pettah
2018-08-24,5480.0,109.6,Raw White,Pettah
2018-08-27,5500.0,110.0,Raw White,Pettah
2018-08-29,5587.5,111.75,Raw White,Pettah
2018-09-03,5750.0,115.0,Raw White,Pettah
2018-09-04,5825.0,116.5,Raw White,Pettah
2018-09-05,5750.0,115.0,Raw White,Pettah
2018-09-07,3600.0,72.0,Raw White,Pettah
2018-09-10,3580.0,71.6,Raw White,Pettah
2018-09-11,6000.0,120.0,Raw White,Pettah
2018-09-12,6000.0,120.0,Raw White,Pettah
2018-09-13,3580.0,71.6,Raw White,Pettah
2018-09-14,3580.0,71.6,Raw White,Pettah
2018-09-17,3600.0,72.0,Raw White,Pettah
2018-09-18,6250.0,125.0,Raw White,Pettah
2018-09-20,3560.0,71.2,Raw White,Pettah
2018-09-21,3590.0,71.8,Raw White,Pettah
2018-09-25,3580.0,71.6,Raw White,Pettah
2018-09-26,6250.0,125.0,Raw White,Pettah
2018-09-27,6250.0,125.0,Raw White,Pettah
2018-09-28,3570.0,71.4,Raw White,Pettah
2018-10-01,6333.33,126.6666,Raw White,Pettah
2018-10-02,6250.0,125.0,Raw White,Pettah
2018-10-03,3550.0,71.0,Raw White,Pettah
2018-10-04,3630.0,72.6,Raw White,Pettah
2018-10-05,3710.0,74.2,Raw White,Pettah
2018-10-08,3700.0,74.0,Raw White,Pettah
2018-10-09,3760.0,75.2,Raw White,Pettah
2018-10-10,3790.0,75.8,Raw White,Pettah
2018-10-11,3680.0,73.6,Raw White,Pettah
2018-10-12,3770.0,75.4,Raw White,Pettah
2018-10-15,3840.0,76.8,Raw White,Pettah
2018-10-16,3920.0,78.4,Raw White,Pettah
2018-10-17,3920.0,78.4,Raw White,Pettah
2018-10-18,3930.0,78.6,Raw White,Pettah
2018-10-19,3850.0,77.0,Raw White,Pettah
2018-10-22,3880.0,77.6,Raw White,Pettah
2018-10-23,3890.0,77.8,Raw White,Pettah
2018-10-25,3891.67,77.8334,Raw White,Pettah
2018-10-26,3960.0,79.2,Raw White,Pettah
2018-10-29,3910.0,78.2,Raw White,Pettah
2018-10-30,3910.0,78.2,Raw White,Pettah
2018-10-31,3940.0,78.8,Raw White,Pettah
2018-11-01,3950.0,79.0,Raw White,Pettah
2018-11-02,3950.0,79.0,Raw White,Pettah
2018-11-05,3940.0,78.8,Raw White,Pettah
2018-11-07,3920.0,78.4,Raw White,Pettah
2018-11-08,3930.0,78.6,Raw White,Pettah
2018-11-09,3940.0,78.8,Raw White,Pettah
2018-11-12,3930.0,78.6,Raw White,Pettah
2018-11-13,3920.0,78.4,Raw White,Pettah
2018-11-14,3930.0,78.6,Raw White,Pettah
2018-11-15,3930.0,78.6,Raw White,Pettah
2018-11-16,3910.0,78.2,Raw White,Pettah
2018-11-19,3890.0,77.8,Raw White,Pettah
2018-11-21,3910.0,78.2,Raw White,Pettah
2018-11-23,3940.0,78.8,Raw White,Pettah
2018-11-26,4040.0,80.8,Raw White,Pettah
2018-11-27,4080.0,81.6,Raw White,Pettah
2018-11-28,4040.0,80.8,Raw White,Pettah
2018-11-29,4020.0,80.4,Raw White,Pettah
2018-11-30,4020.0,80.4,Raw White,Pettah
2018-12-04,4040.0,80.8,Raw White,Pettah
2018-12-05,4040.0,80.8,Raw White,Pettah
2018-12-06,4040.0,80.8,Raw White,Pettah
2018-12-07,4040.0,80.8,Raw White,Pettah
2018-12-10,4040.0,80.8,Raw White,Pettah
2018-12-11,4050.0,81.0,Raw White,Pettah
2018-12-12,4050.0,81.0,Raw White,Pettah
2018-12-13,4070.0,81.4,Raw White,Pettah
2018-12-14,4040.0,80.8,Raw White,Pettah
2018-12-17,4060.0,81.2,Raw White,Pettah
2018-12-18,4060.0,81.2,Raw White,Pettah
2018-12-19,4060.0,81.2,Raw White,Pettah
2018-12-20,4060.0,81.2,Raw White,Pettah
2018-12-21,4060.0,81.2,Raw White,Pettah
2018-12-24,4060.0,81.2,Raw White,Pettah
2018-12-26,4060.0,81.2,Raw White,Pettah
2018-12-27,4060.0,81.2,Raw White,Pettah
2018-12-28,4060.0,81.2,Raw White,Pettah
2018-12-31,4050.0,81.0,Raw White,Pettah
2019-01-01,4060.0,81.2,Raw White,Pettah
2019-01-02,4050.0,81.0,Raw White,Pettah
2019-01-03,4050.0,81.0,Raw White,Pettah
2019-01-04,4060.0,81.2,Raw White,Pettah
2019-01-07,4030.0,80.6,Raw White,Pettah
2019-01-08,4030.0,80.6,Raw White,Pettah
2019-01-09,4030.0,80.6,Raw White,Pettah
2019-01-10,4050.0,81.0,Raw White,Pettah
2019-01-11,4040.0,80.8,Raw White,Pettah
2019-01-14,4000.0,80.0,Raw White,Pettah
2019-01-16,4040.0,80.8,Raw White,Pettah
2019-01-17,4040.0,80.8,Raw White,Pettah
2019-01-18,4040.0,80.8,Raw White,Pettah
2019-01-21,4020.0,80.4,Raw White,Pettah
2019-01-22,4010.0,80.2,Raw White,Pettah
2019-01-23,3860.0,77.2,Raw White,Pettah
2019-01-24,3880.0,77.6,Raw White,Pettah
2019-01-25,3960.0,79.2,Raw White,Pettah
2019-01-28,3840.0,76.8,Raw White,Pettah
2019-01-29,3900.0,78.0,Raw White,Pettah
2019-01-30,3810.0,76.2,Raw White,Pettah
2019-01-31,3820.0,76.4,Raw White,Pettah
2019-02-01,3860.0,77.2,Raw White,Pettah
2019-02-05,3860.0,77.2,Raw White,Pettah
2019-02-06,3850.0,77.0,Raw White,Pettah
2019-02-07,3790.0,75.8,Raw White,Pettah
2019-02-08,3780.0,75.6,Raw White,Pettah
2019-02-11,3740.0,74.8,Raw White,Pettah
2019-02-12,3790.0,75.8,Raw White,Pettah
2019-02-13,3800.0,76.0,Raw White,Pettah
2019-02-14,3810.0,76.2,Raw White,Pettah
2019-02-15,3740.0,74.8,Raw White,Pettah
2019-02-18,3440.0,68.8,Raw White,Pettah
2019-02-21,3520.0,70.4,Raw White,Pettah
2019-02-22,3620.0,72.4,Raw White,Pettah
2019-02-25,3540.0,70.8,Raw White,Pettah
2019-02-26,3520.0,70.4,Raw White,Pettah
2019-02-27,3600.0,72.0,Raw White,Pettah
2019-02-28,3480.0,69.6,Raw White,Pettah
2019-03-01,3480.0,69.6,Raw White,Pettah
2019-03-05,3480.0,69.6,Raw White,Pettah
2019-03-06,3420.0,68.4,Raw White,Pettah
2019-03-07,3440.0,68.8,Raw White,Pettah
2019-03-13,3460.0,69.2,Raw White,Pettah
2019-03-14,3370.0,67.4,Raw White,Pettah
2019-03-15,3340.0,66.8,Raw White,Pettah
2019-03-18,3350.0,67.0,Raw White,Pettah
2019-03-19,3330.0,66.6,Raw White,Pettah
2019-03-21,3340.0,66.8,Raw White,Pettah
2019-03-22,3360.0,67.2,Raw White,Pettah
2019-03-25,3360.0,67.2,Raw White,Pettah
2019-03-26,3410.0,68.2,Raw White,Pettah
2019-03-27,3360.0,67.2,Raw White,Pettah
2019-03-28,3450.0,69.0,Raw White,Pettah
2019-03-29,3460.0,69.2,Raw White,Pettah
2019-04-01,3460.0,69.2,Raw White,Pettah
2019-04-02,3410.0,68.2,Raw White,Pettah
2019-04-03,3380.0,67.6,Raw White,Pettah
2019-04-04,3590.0,71.8,Raw White,Pettah
2019-04-05,3550.0,71.0,Raw White,Pettah
2019-04-08,3730.0,74.6,Raw White,Pettah
2019-04-09,3720.0,74.4,Raw White,Pettah
2019-04-10,3790.0,75.8,Raw White,Pettah
2019-04-11,3780.0,75.6,Raw White,Pettah
2019-04-12,3810.0,76.2,Raw White,Pettah
2019-04-17,3690.0,73.8,Raw White,Pettah
2019-04-18,3750.0,75.0,Raw White,Pettah
2019-04-23,3860.0,77.2,Raw White,Pettah
2019-04-24,3920.0,78.4,Raw White,Pettah
2019-04-25,3860.0,77.2,Raw White,Pettah
2019-04-26,3600.0,72.0,Raw White,Pettah
2019-04-29,3960.0,79.2,Raw White,Pettah
2019-04-30,3960.0,79.2,Raw White,Pettah
2019-05-02,3980.0,79.6,Raw White,Pettah
2019-05-03,3980.0,79.6,Raw White,Pettah
2019-05-06,4000.0,80.0,Raw White,Pettah
2019-05-07,3960.0,79.2,Raw White,Pettah
2019-05-08,3960.0,79.2,Raw White,Pettah
2019-05-09,3960.0,79.2,Raw White,Pettah
2019-05-10,3930.0,78.6,Raw White,Pettah
2019-05-13,4010.0,80.2,Raw White,Pettah
2019-05-14,3960.0,79.2,Raw White,Pettah
2019-05-15,3980.0,79.6,Raw White,Pettah
2019-05-16,3970.0,79.4,Raw White,Pettah
2019-05-17,4000.0,80.0,Raw White,Pettah
2019-05-21,3980.0,79.6,Raw White,Pettah
2019-05-22,3930.0,78.6,Raw White,Pettah
2019-05-23,3940.0,78.8,Raw White,Pettah
2019-05-27,3960.0,79.2,Raw White,Pettah
2019-05-28,3960.0,79.2,Raw White,Pettah
2019-05-29,3960.0,79.2,Raw White,Pettah
2019-05-30,3950.0,79.0,Raw White,Pettah
2019-05-31,3940.0,78.8,Raw White,Pettah
2019-06-03,3920.0,78.4,Raw White,Pettah
2019-06-04,3920.0,78.4,Raw White,Pettah
2019-06-06,3910.0,78.2,Raw White,Pettah
2019-06-07,3950.0,79.0,Raw White,Pettah
2019-06-10,3890.0,77.8,Raw White,Pettah
2019-06-11,3890.0,77.8,Raw White,Pettah
2019-06-12,3940.0,78.8,Raw White,Pettah
2019-06-13,3820.0,76.4,Raw White,Pettah
2019-06-14,3920.0,78.4,Raw White,Pettah
2019-06-17,3860.0,77.2,Raw White,Pettah
2019-06-18,3860.0,77.2,Raw White,Pettah
2019-06-19,3870.0,77.4,Raw White,Pettah
2019-06-20,3850.0,77.0,Raw White,Pettah
2019-06-21,3840.0,76.8,Raw White,Pettah
2019-06-24,3850.0,77.0,Raw White,Pettah
2019-06-25,3840.0,76.8,Raw White,Pettah
2019-06-26,3830.0,76.6,Raw White,Pettah
2019-06-27,3830.0,76.6,Raw White,Pettah
2019-06-28,3830.0,76.6,Raw White,Pettah
2019-07-01,3860.0,77.2,Raw White,Pettah
2019-07-02,3850.0,77.0,Raw White,Pettah
2019-07-03,3810.0,76.2,Raw White,Pettah
2019-07-04,3820.0,76.4,Raw White,Pettah
2019-07-05,3830.0,76.6,Raw White,Pettah
2019-07-08,3820.0,76.4,Raw White,Pettah
2019-07-09,3830.0,76.6,Raw White,Pettah
2019-07-10,3840.0,76.8,Raw White,Pettah
2019-07-11,3830.0,76.6,Raw White,Pettah
2019-07-12,3820.0,76.4,Raw White,Pettah
2019-07-15,3830.0,76.6,Raw White,Pettah
2019-07-17,3820.0,76.4,Raw White,Pettah
2019-07-18,3840.0,76.8,Raw White,Pettah
2019-07-19,3820.0,76.4,Raw White,Pettah
2019-07-23,3830.0,76.6,Raw White,Pettah
2019-07-24,3880.0,77.6,Raw White,Pettah
2019-07-25,3880.0,77.6,Raw White,Pettah
2019-07-26,3880.0,77.6,Raw White,Pettah
2019-07-29,3950.0,79.0,Raw White,Pettah
2019-07-30,3950.0,79.0,Raw White,Pettah
2019-08-02,3960.0,79.2,Raw White,Pettah
2019-08-06,4020.0,80.4,Raw White,Pettah
2019-08-07,4080.0,81.6,Raw White,Pettah
2019-08-08,4040.0,80.8,Raw White,Pettah
2019-08-09,4100.0,82.0,Raw White,Pettah
2019-08-13,4040.0,80.8,Raw White,Pettah
2019-08-15,4050.0,81.0,Raw White,Pettah
2019-08-16,4100.0,82.0,Raw White,Pettah
2019-08-19,4070.0,81.4,Raw White,Pettah
2019-08-20,4060.0,81.2,Raw White,Pettah
2019-08-21,4070.0,81.4,Raw White,Pettah
2019-08-22,4070.0,81.4,Raw White,Pettah
2019-08-23,4060.0,81.2,Raw White,Pettah
2019-08-26,4060.0,81.2,Raw White,Pettah
2019-08-27,4080.0,81.6,Raw White,Pettah
2019-08-28,4050.0,81.0,Raw White,Pettah
2019-08-29,4130.0,82.6,Raw White,Pettah
2019-08-30,4130.0,82.6,Raw White,Pettah
2019-09-03,4160.0,83.2,Raw White,Pettah
2019-09-04,4140.0,82.8,Raw White,Pettah
2019-09-05,4190.0,83.8,Raw White,Pettah
2019-09-06,4190.0,83.8,Raw White,Pettah
2019-09-09,4210.0,84.2,Raw White,Pettah
2019-09-10,4210.0,84.2,Raw White,Pettah
2019-09-12,4220.0,84.4,Raw White,Pettah
2019-09-16,4190.0,83.8,Raw White,Pettah
2019-09-17,4230.0,84.6,Raw White,Pettah
2019-09-18,4190.0,83.8,Raw White,Pettah
2019-09-19,4210.0,84.2,Raw White,Pettah
2019-09-20,4240.0,84.8,Raw White,Pettah
2019-09-23,4290.0,85.8,Raw White,Pettah
2019-09-24,4300.0,86.0,Raw White,Pettah
2019-09-25,4280.0,85.6,Raw White,Pettah
2019-09-26,4390.0,87.8,Raw White,Pettah
2019-09-27,4330.0,86.6,Raw White,Pettah
2019-09-30,4320.0,86.4,Raw White,Pettah
2019-10-01,4360.0,87.2,Raw White,Pettah
2019-10-02,4360.0,87.2,Raw White,Pettah
2019-10-03,4380.0,87.6,Raw White,Pettah
2019-10-04,4340.0,86.8,Raw White,Pettah
2019-10-07,4370.0,87.4,Raw White,Pettah
2019-10-08,4330.0,86.6,Raw White,Pettah
2019-10-09,4340.0,86.8,Raw White,Pettah
2019-10-10,4380.0,87.6,Raw White,Pettah
2019-10-11,4380.0,87.6,Raw White,Pettah
2019-10-14,4410.0,88.2,Raw White,Pettah
2019-10-15,4440.0,88.8,Raw White,Pettah
2019-10-16,4440.0,88.8,Raw White,Pettah
2019-10-17,4450.0,89.0,Raw White,Pettah
2019-10-18,4450.0,89.0,Raw White,Pettah
2019-10-21,4450.0,89.0,Raw White,Pettah
2019-10-22,4420.0,88.4,Raw White,Pettah
2019-10-23,4460.0,89.2,Raw White,Pettah
2019-10-24,4450.0,89.0,Raw White,Pettah
2019-10-25,4450.0,89.0,Raw White,Pettah
2019-10-28,4500.0,90.0,Raw White,Pettah
2019-10-29,4480.0,89.6,Raw White,Pettah
2019-10-30,4470.0,89.4,Raw White,Pettah
2019-10-31,4480.0,89.6,Raw White,Pettah
2019-11-01,4460.0,89.2,Raw White,Pettah
2019-11-04,4540.0,90.8,Raw White,Pettah
2019-11-05,4540.0,90.8,Raw White,Pettah
2019-11-06,4480.0,89.6,Raw White,Pettah
2019-11-07,4540.0,90.8,Raw White,Pettah
2019-11-08,4530.0,90.6,Raw White,Pettah
2019-11-11,4570.0,91.4,Raw White,Pettah
2019-11-13,4570.0,91.4,Raw White,Pettah
2019-11-14,4530.0,90.6,Raw White,Pettah
2019-11-15,4560.0,91.2,Raw White,Pettah
2019-11-18,4590.0,91.8,Raw White,Pettah
2019-11-19,4570.0,91.4,Raw White,Pettah
2019-11-20,4590.0,91.8,Raw White,Pettah
2019-11-21,4700.0,94.0,Raw White,Pettah
2019-11-22,4730.0,94.6,Raw White,Pettah
2019-11-25,4800.0,96.0,Raw White,Pettah
2019-11-26,4840.0,96.8,Raw White,Pettah
2019-11-27,4870.0,97.4,Raw White,Pettah
2019-11-28,4870.0,97.4,Raw White,Pettah
2019-11-29,4880.0,97.6,Raw White,Pettah
2019-12-02,4940.0,98.8,Raw White,Pettah
2019-12-03,4980.0,99.6,Raw White,Pettah
2019-12-04,4950.0,99.0,Raw White,Pettah
2019-12-05,5020.0,100.4,Raw White,Pettah
2019-12-06,5070.0,101.4,Raw White,Pettah
2019-12-09,5100.0,102.0,Raw White,Pettah
2019-12-10,5070.0,101.4,Raw White,Pettah
2019-12-12,5100.0,102.0,Raw White,Pettah
2019-12-13,5050.0,101.0,Raw White,Pettah
2019-12-16,5110.0,102.2,Raw White,Pettah
2019-12-17,5050.0,101.0,Raw White,Pettah
2019-12-18,5360.0,107.2,Raw White,Pettah
2019-12-19,5100.0,102.0,Raw White,Pettah
2019-12-20,5050.0,101.0,Raw White,Pettah
2019-12-23,5140.0,102.8,Raw White,Pettah
2019-12-24,5040.0,100.8,Raw White,Pettah
2019-12-26,5040.0,100.8,Raw White,Pettah
2019-12-27,5040.0,100.8,Raw White,Pettah
2019-12-30,5050.0,101.0,Raw White,Pettah
2019-12-31,5133.33,102.6666,Raw White,Pettah
2020-01-01,5070.0,101.4,Raw White,Pettah
2020-01-02,5080.0,101.6,Raw White,Pettah
2020-01-03,5060.0,101.2,Raw White,Pettah
2020-01-06,5020.0,100.4,Raw White,Pettah
2020-01-07,5060.0,101.2,Raw White,Pettah
2020-01-08,5060.0,101.2,Raw White,Pettah
2020-01-09,5040.0,100.8,Raw White,Pettah
2020-01-13,4990.0,99.8,Raw White,Pettah
2020-01-14,5020.0,100.4,Raw White,Pettah
2020-01-16,4960.0,99.2,Raw White,Pettah
2020-01-17,5010.0,100.2,Raw White,Pettah
2020-01-20,4800.0,96.0,Raw White,Pettah
2020-01-21,4670.0,93.4,Raw White,Pettah
2020-01-22,4620.0,92.4,Raw White,Pettah
2020-01-23,4620.0,92.4,Raw White,Pettah
2020-01-24,4690.0,93.8,Raw White,Pettah
2020-01-27,4550.0,91.0,Raw White,Pettah
2020-01-28,4500.0,90.0,Raw White,Pettah
2020-01-29,4620.0,92.4,Raw White,Pettah
2020-01-30,4790.0,95.8,Raw White,Pettah
2020-01-31,4580.0,91.6,Raw White,Pettah
2020-02-03,4380.0,87.6,Raw White,Pettah
2020-02-05,4380.0,87.6,Raw White,Pettah
2020-02-06,4510.0,90.2,Raw White,Pettah
2020-02-07,4400.0,88.0,Raw White,Pettah
2020-02-10,4460.0,89.2,Raw White,Pettah
2020-02-11,4430.0,88.6,Raw White,Pettah
2020-02-12,4450.0,89.0,Raw White,Pettah
2020-02-13,4360.0,87.2,Raw White,Pettah
2020-02-14,4370.0,87.4,Raw White,Pettah
2020-02-17,4450.0,89.0,Raw White,Pettah
2020-02-18,4440.0,88.8,Raw White,Pettah
2020-02-19,4400.0,88.0,Raw White,Pettah
2020-02-20,4400.0,88.0,Raw White,Pettah
2020-02-24,4410.0,88.2,Raw White,Pettah
2020-02-25,4440.0,88.8,Raw White,Pettah
2020-02-26,4450.0,89.0,Raw White,Pettah
2020-02-27,4410.0,88.2,Raw White,Pettah
2020-02-28,4390.0,87.8,Raw White,Pettah
2020-03-02,4350.0,87.0,Raw White,Pettah
2020-03-03,4330.0,86.6,Raw White,Pettah
2020-03-04,4330.0,86.6,Raw White,Pettah
2020-03-05,4310.0,86.2,Raw White,Pettah
2020-03-06,4340.0,86.8,Raw White,Pettah
2020-03-10,4320.0,86.4,Raw White,Pettah
2020-03-11,4320.0,86.4,Raw White,Pettah
2020-03-12,4320.0,86.4,Raw White,Pettah
2020-03-13,4320.0,86.4,Raw White,Pettah
2020-06-15,4566.67,91.3334,Raw White,Pettah
2020-06-16,4587.5,91.75,Raw White,Pettah
2020-06-17,4600.0,92.0,Raw White,Pettah
2020-06-18,4612.5,92.25,Raw White,Pettah
2020-06-19,4612.5,92.25,Raw White,Pettah
2020-06-22,4550.0,91.0,Raw White,Pettah
2020-06-23,4550.0,91.0,Raw White,Pettah
2020-06-24,4550.0,91.0,Raw White,Pettah
2020-06-25,4533.33,90.6666,Raw White,Pettah
2020-06-26,4550.0,91.0,Raw White,Pettah
2020-06-29,4520.0,90.4,Raw White,Pettah
2020-06-30,4520.0,90.4,Raw White,Pettah
2020-07-01,4440.0,88.8,Raw White,Pettah
2020-07-02,4480.0,89.6,Raw White,Pettah
2020-07-03,4480.0,89.6,Raw White,Pettah
2020-07-06,4470.0,89.4,Raw White,Pettah
2020-07-07,4500.0,90.0,Raw White,Pettah
2020-07-08,4460.0,89.2,Raw White,Pettah
2020-07-09,4470.0,89.4,Raw White,Pettah
2020-07-10,4470.0,89.4,Raw White,Pettah
2020-07-13,4440.0,88.8,Raw White,Pettah
2020-07-14,4450.0,89.0,Raw White,Pettah
2020-07-15,4440.0,88.8,Raw White,Pettah
2020-07-16,4440.0,88.8,Raw White,Pettah
2020-07-17,4440.0,88.8,Raw White,Pettah
2020-07-20,4400.0,88.0,Raw White,Pettah
2020-07-21,4440.0,88.8,Raw White,Pettah
2020-07-22,4450.0,89.0,Raw White,Pettah
2020-07-23,4440.0,88.8,Raw White,Pettah
2020-07-24,4440.0,88.8,Raw White,Pettah
2020-07-27,4440.0,88.8,Raw White,Pettah
2020-07-28,4430.0,88.6,Raw White,Pettah
2020-07-29,4430.0,88.6,Raw White,Pettah
2020-07-30,4430.0,88.6,Raw White,Pettah
2020-07-31,4430.0,88.6,Raw White,Pettah
2020-08-04,4440.0,88.8,Raw White,Pettah
2020-08-06,4410.0,88.2,Raw White,Pettah
2020-08-07,4430.0,88.6,Raw White,Pettah
2020-08-10,4430.0,88.6,Raw White,Pettah
2020-08-11,4400.0,88.0,Raw White,Pettah
2020-08-12,4410.0,88.2,Raw White,Pettah
2020-08-13,4410.0,88.2,Raw White,Pettah
2020-08-14,4430.0,88.6,Raw White,Pettah
2020-08-17,4430.0,88.6,Raw White,Pettah
2020-08-18,4430.0,88.6,Raw White,Pettah
2020-08-19,4430.0,88.6,Raw White,Pettah
2020-08-20,4420.0,88.4,Raw White,Pettah
2020-08-21,4410.0,88.2,Raw White,Pettah
2020-08-24,4430.0,88.6,Raw White,Pettah
2020-08-25,4430.0,88.6,Raw White,Pettah
2020-08-26,4430.0,88.6,Raw White,Pettah
2020-08-27,4440.0,88.8,Raw White,Pettah
2020-08-28,4450.0,89.0,Raw White,Pettah
2020-08-31,4470.0,89.4,Raw White,Pettah
2020-09-02,4440.0,88.8,Raw White,Pettah
2020-09-08,4450.0,89.0,Raw White,Pettah
2020-09-09,4430.0,88.6,Raw White,Pettah
2020-09-10,4460.0,89.2,Raw White,Pettah
2020-09-11,4450.0,89.0,Raw White,Pettah
2020-09-14,4450.0,89.0,Raw White,Pettah
2020-09-15,4470.0,89.4,Raw White,Pettah
2020-09-16,4460.0,89.2,Raw White,Pettah
2020-09-17,4460.0,89.2,Raw White,Pettah
2020-09-18,4480.0,89.6,Raw White,Pettah
2020-09-21,4470.0,89.4,Raw White,Pettah
2020-09-22,4480.0,89.6,Raw White,Pettah
2020-09-23,4480.0,89.6,Raw White,Pettah
2020-09-24,4480.0,89.6,Raw White,Pettah
2020-09-25,4490.0,89.8,Raw White,Pettah
2020-09-29,4470.0,89.4,Raw White,Pettah
2020-10-01,4460.0,89.2,Raw White,Pettah
2020-10-02,4460.0,89.2,Raw White,Pettah
2020-10-05,4490.0,89.8,Raw White,Pettah
2020-10-23,4710.0,94.2,Raw White,Pettah
2020-10-26,4710.0,94.2,Raw White,Pettah
2020-11-12,4630.0,92.6,Raw White,Pettah
2020-11-13,4650.0,93.0,Raw White,Pettah
2020-11-16,4650.0,93.0,Raw White,Pettah
2021-02-01,4720.0,94.4,Raw White,Pettah
2021-05-10,5430.0,108.6,Raw White,Pettah
2021-05-11,5430.0,108.6,Raw White,Pettah
2021-05-13,5420.0,108.4,Raw White,Pettah
2021-05-17,5460.0,109.2,Raw White,Pettah
2021-05-18,5480.0,109.6,Raw White,Pettah
2021-05-19,5580.0,111.6,Raw White,Pettah
2021-05-20,5580.0,111.6,Raw White,Pettah
2021-07-12,5210.0,104.2,Raw White,Pettah
2021-07-13,5100.0,102.0,Raw White,Pettah
2021-07-14,5180.0,103.6,Raw White,Pettah
2021-07-15,5150.0,103.0,Raw White,Pettah
2021-07-19,5130.0,102.6,Raw White,Pettah
2021-07-20,5100.0,102.0,Raw White,Pettah
2021-07-22,5070.0,101.4,Raw White,Pettah
2021-07-26,5030.0,100.6,Raw White,Pettah
2021-07-27,4930.0,98.6,Raw White,Pettah
2021-07-28,4960.0,99.2,Raw White,Pettah
2021-07-29,4940.0,98.8,Raw White,Pettah
2021-07-30,4920.0,98.4,Raw White,Pettah
2021-08-09,4890.0,97.8,Raw White,Pettah
2021-08-12,4890.0,97.8,Raw White,Pettah
2021-08-13,4860.0,97.2,Raw White,Pettah
2021-08-16,4860.0,97.2,Raw White,Pettah
2021-08-20,4920.0,98.4,Raw White,Pettah
2021-08-24,5020.0,100.4,Raw White,Pettah
2021-08-25,4940.0,98.8,Raw White,Pettah
2021-09-01,5040.0,100.8,Raw White,Pettah
2021-09-02,5020.0,100.4,Raw White,Pettah
2021-09-06,4750.0,95.0,Raw White,Pettah
2021-09-09,4650.0,93.0,Raw White,Pettah
2021-09-10,4680.0,93.6,Raw White,Pettah
2021-09-13,4650.0,93.0,Raw White,Pettah
2021-09-14,4630.0,92.6,Raw White,Pettah
2021-09-15,4670.0,93.4,Raw White,Pettah
2021-09-16,4680.0,93.6,Raw White,Pettah
2021-09-17,4690.0,93.8,Raw White,Pettah
2021-09-21,4750.0,95.0,Raw White,Pettah
2021-09-22,4910.0,98.2,Raw White,Pettah
2021-09-23,4940.0,98.8,Raw White,Pettah
2021-09-24,4940.0,98.8,Raw White,Pettah
2021-09-27,4960.0,99.2,Raw White,Pettah
2021-09-28,4960.0,99.2,Raw White,Pettah
2021-09-29,5060.0,101.2,Raw White,Pettah
2021-09-30,5200.0,104.0,Raw White,Pettah
2021-10-01,5420.0,108.4,Raw White,Pettah
2021-10-05,5570.0,111.4,Raw White,Pettah
2021-10-06,5570.0,111.4,Raw White,Pettah
2021-10-07,5590.0,111.8,Raw White,Pettah
2021-10-11,5630.0,112.6,Raw White,Pettah
2021-10-12,5670.0,113.4,Raw White,Pettah
2022-03-14,1020.0,20.4,Raw White,Pettah
2022-03-15,1070.0,21.4,Raw White,Pettah
2022-03-16,1070.0,21.4,Raw White,Pettah
2022-03-18,1120.0,22.4,Raw White,Pettah
2022-03-21,1080.0,21.6,Raw White,Pettah
2022-03-22,1098.0,21.96,Raw White,Pettah
2022-03-23,1142.5,22.85,Raw White,Pettah
2022-03-24,1100.0,22.0,Raw White,Pettah
2022-03-28,1080.0,21.6,Raw White,Pettah
2022-03-29,1210.0,24.2,Raw White,Pettah
2022-03-30,1440.0,28.8,Raw White,Pettah
2022-03-31,1487.5,29.75,Raw White,Pettah
2022-04-01,1475.0,29.5,Raw White,Pettah
2022-04-04,1532.0,30.64,Raw White,Pettah
2022-04-05,1422.0,28.44,Raw White,Pettah
2022-04-06,1390.0,27.8,Raw White,Pettah
2022-04-07,1410.0,28.2,Raw White,Pettah
2022-04-08,1284.0,25.68,Raw White,Pettah
2022-04-12,1410.0,28.2,Raw White,Pettah
2022-04-19,1310.0,26.2,Raw White,Pettah
2022-04-20,1312.5,26.25,Raw White,Pettah
2022-04-21,1308.0,26.16,Raw White,Pettah
2022-04-22,1308.0,26.16,Raw White,Pettah
2022-04-25,1287.5,25.75,Raw White,Pettah
2022-04-26,1300.0,26.0,Raw White,Pettah
2022-04-27,1275.0,25.5,Raw White,Pettah
2022-04-29,1275.0,25.5,Raw White,Pettah
2022-05-04,1300.0,26.0,Raw White,Pettah
2022-05-05,1302.5,26.05,Raw White,Pettah
2022-05-09,1420.0,28.4,Raw White,Pettah
2022-05-17,1500.0,30.0,Raw White,Pettah
2022-05-18,1525.0,30.5,Raw White,Pettah
2022-05-19,1485.0,29.7,Raw White,Pettah
2022-05-20,1497.5,29.95,Raw White,Pettah
2022-05-23,1487.5,29.75,Raw White,Pettah
2022-05-24,1490.0,29.8,Raw White,Pettah
2022-05-25,1515.0,30.3,Raw White,Pettah
2022-05-26,1530.0,30.6,Raw White,Pettah
2022-05-27,1610.0,32.2,Raw White,Pettah
2022-05-30,1692.0,33.84,Raw White,Pettah
2022-05-31,1740.0,34.8,Raw White,Pettah
2022-06-01,1720.0,34.4,Raw White,Pettah
2022-06-02,1740.0,34.8,Raw White,Pettah
2022-06-03,1800.0,36.0,Raw White,Pettah
2022-06-06,1830.0,36.6,Raw White,Pettah
2022-06-07,1740.0,34.8,Raw White,Pettah
2022-06-08,1770.0,35.4,Raw White,Pettah
2022-06-09,1770.0,35.4,Raw White,Pettah
2022-06-10,1770.0,35.4,Raw White,Pettah
2022-08-16,1475.0,29.5,Raw White,Pettah
2022-08-17,1475.0,29.5,Raw White,Pettah
2022-08-18,1475.0,29.5,Raw White,Pettah
2022-08-19,1470.0,29.4,Raw White,Pettah
2022-08-22,1458.75,29.175,Raw White,Pettah
2022-08-23,1475.0,29.5,Raw White,Pettah
2022-08-24,1475.0,29.5,Raw White,Pettah
2022-08-25,1462.5,29.25,Raw White,Pettah
2022-08-26,1537.5,30.75,Raw White,Pettah
2022-08-29,1543.75,30.875,Raw White,Pettah
2022-08-30,1580.0,31.6,Raw White,Pettah
2022-08-31,1575.0,31.5,Raw White,Pettah
2022-09-01,1580.0,31.6,Raw White,Pettah
2022-09-02,1600.0,32.0,Raw White,Pettah
2022-09-05,1575.0,31.5,Raw White,Pettah
2022-09-06,1550.0,31.0,Raw White,Pettah
2022-09-07,1562.5,31.25,Raw White,Pettah
2022-09-08,1540.0,30.8,Raw White,Pettah
2022-09-09,1555.0,31.1,Raw White,Pettah
2022-09-12,1565.0,31.3,Raw White,Pettah
2022-09-13,1565.0,31.3,Raw White,Pettah
2022-09-14,1575.0,31.5,Raw White,Pettah
2022-09-15,1565.0,31.3,Raw White,Pettah
2022-09-16,1560.0,31.2,Raw White,Pettah
2022-09-19,1550.0,31.0,Raw White,Pettah
2022-09-20,1550.0,31.0,Raw White,Pettah
2022-09-21,1550.0,31.0,Raw White,Pettah
2022-09-22,1525.0,30.5,Raw White,Pettah
2022-09-23,1500.0,30.0,Raw White,Pettah
2022-09-26,1515.0,30.3,Raw White,Pettah
2022-09-27,1515.0,30.3,Raw White,Pettah
2022-09-28,1520.0,30.4,Raw White,Pettah
2022-09-29,1475.0,29.5,Raw White,Pettah
2022-09-30,1485.0,29.7,Raw White,Pettah
2022-10-03,1495.0,29.9,Raw White,Pettah
2022-10-04,1475.0,29.5,Raw White,Pettah
2022-10-05,1465.0,29.3,Raw White,Pettah
2022-10-06,1475.0,29.5,Raw White,Pettah
2022-10-07,1470.0,29.4,Raw White,Pettah
2022-10-10,1475.0,29.5,Raw White,Pettah
2022-10-11,1465.0,29.3,Raw White,Pettah
2022-10-12,1447.5,28.95,Raw White,Pettah
2022-10-13,1452.5,29.05,Raw White,Pettah
2022-10-14,1462.5,29.25,Raw White,Pettah
2022-10-17,1450.0,29.0,Raw White,Pettah
2022-10-18,1435.0,28.7,Raw White,Pettah
2022-10-19,1440.0,28.8,Raw White,Pettah
2022-10-20,1430.0,28.6,Raw White,Pettah
2022-10-21,1435.0,28.7,Raw White,Pettah
2022-10-25,1408.0,28.16,Raw White,Pettah
2022-10-26,1374.0,27.48,Raw White,Pettah
2022-10-27,1392.0,27.84,Raw White,Pettah
2022-10-28,1430.0,28.6,Raw White,Pettah
2022-10-31,1438.0,28.76,Raw White,Pettah
2022-11-01,1530.0,30.6,Raw White,Pettah
2022-11-02,1558.0,31.16,Raw White,Pettah
2022-11-03,1553.0,31.06,Raw White,Pettah
2022-11-04,1567.0,31.34,Raw White,Pettah
2022-11-08,1552.0,31.04,Raw White,Pettah
2022-11-09,1528.0,30.56,Raw White,Pettah
2022-11-10,1532.0,30.64,Raw White,Pettah
2022-11-11,1620.0,32.4,Raw White,Pettah
2022-11-14,1612.0,32.24,Raw White,Pettah
2022-11-15,1574.0,31.48,Raw White,Pettah
2022-11-16,1560.0,31.2,Raw White,Pettah
2022-11-17,1570.0,31.4,Raw White,Pettah
2022-11-18,1564.0,31.28,Raw White,Pettah
2022-11-21,1572.0,31.44,Raw White,Pettah
2022-11-22,1562.0,31.24,Raw White,Pettah
2022-11-23,1569.0,31.38,Raw White,Pettah
2022-11-24,1552.0,31.04,Raw White,Pettah
2022-11-25,1568.0,31.36,Raw White,Pettah
2022-11-28,1560.0,31.2,Raw White,Pettah
2022-11-29,1508.0,30.16,Raw White,Pettah
2022-11-30,1508.0,30.16,Raw White,Pettah
2022-12-01,1512.0,30.24,Raw White,Pettah
2022-12-02,1488.0,29.76,Raw White,Pettah
2022-12-05,1496.0,29.92,Raw White,Pettah
2022-12-06,1465.0,29.3,Raw White,Pettah
2022-12-08,1468.0,29.36,Raw White,Pettah
2022-12-09,1510.0,30.2,Raw White,Pettah
2022-12-13,1478.0,29.56,Raw White,Pettah
2022-12-14,1444.0,28.88,Raw White,Pettah
2022-12-15,1444.0,28.88,Raw White,Pettah
2022-12-16,1442.0,28.84,Raw White,Pettah
2022-12-21,1450.0,29.0,Raw White,Pettah
2022-12-22,1425.0,28.5,Raw White,Pettah
2022-12-23,1410.0,28.2,Raw White,Pettah
2022-12-26,1442.0,28.84,Raw White,Pettah
2022-12-27,1410.0,28.2,Raw White,Pettah
2022-12-28,1410.0,28.2,Raw White,Pettah
2022-12-29,1460.0,29.2,Raw White,Pettah
2022-12-30,1418.0,28.36,Raw White,Pettah
2023-01-02,1410.0,28.2,Raw White,Pettah
2023-01-03,1386.0,27.72,Raw White,Pettah
2023-01-04,1392.0,27.84,Raw White,Pettah
2023-01-05,1360.0,27.2,Raw White,Pettah
2023-01-09,1352.0,27.04,Raw White,Pettah
2023-01-10,1360.0,27.2,Raw White,Pettah
2023-01-11,1348.0,26.96,Raw White,Pettah
2023-01-12,1360.0,27.2,Raw White,Pettah
2023-01-16,1300.0,26.0,Raw White,Pettah
2023-01-17,1320.0,26.4,Raw White,Pettah
2023-01-18,1332.0,26.64,Raw White,Pettah
2023-01-19,1338.0,26.76,Raw White,Pettah
2023-01-20,1308.0,26.16,Raw White,Pettah
2023-01-23,1294.0,25.88,Raw White,Pettah
2023-01-24,1326.0,26.52,Raw White,Pettah
2023-01-25,1308.0,26.16,Raw White,Pettah
2023-01-26,1328.0,26.56,Raw White,Pettah
2023-01-27,1342.0,26.84,Raw White,Pettah
2023-01-30,1290.0,25.8,Raw White,Pettah
2023-01-31,1250.0,25.0,Raw White,Pettah
2023-02-01,1260.0,25.2,Raw White,Pettah
2023-02-02,1255.0,25.1,Raw White,Pettah
2023-02-03,1230.0,24.6,Raw White,Pettah
2023-02-06,1192.0,23.84,Raw White,Pettah
2023-02-07,1220.0,24.4,Raw White,Pettah
2023-02-08,1192.0,23.84,Raw White,Pettah
2023-02-09,1235.0,24.7,Raw White,Pettah
2023-02-10,1220.0,24.4,Raw White,Pettah
2023-02-13,1228.0,24.56,Raw White,Pettah
2023-02-14,1220.0,24.4,Raw White,Pettah
2023-02-15,1220.0,24.4,Raw White,Pettah
2023-02-16,1220.0,24.4,Raw White,Pettah
2023-02-17,1214.0,24.28,Raw White,Pettah
2023-02-20,1208.0,24.16,Raw White,Pettah
2023-02-21,1190.0,23.8,Raw White,Pettah
2023-02-22,1208.0,24.16,Raw White,Pettah
2023-02-23,1205.0,24.1,Raw White,Pettah
2023-02-24,1079.0,21.58,Raw White,Pettah
2023-02-27,1070.0,21.4,Raw White,Pettah
2023-02-28,1070.0,21.4,Raw White,Pettah
2023-03-01,1082.0,21.64,Raw White,Pettah
2023-03-02,1064.0,21.28,Raw White,Pettah
2023-03-03,1070.0,21.4,Raw White,Pettah
2023-03-07,1090.0,21.8,Raw White,Pettah
2023-03-08,1078.0,21.56,Raw White,Pettah
2023-03-09,1010.0,20.2,Raw White,Pettah
2023-03-10,1008.0,20.16,Raw White,Pettah
2023-03-13,1052.0,21.04,Raw White,Pettah
2023-03-14,1040.0,20.8,Raw White,Pettah
2023-03-15,1014.0,20.28,Raw White,Pettah
2023-03-16,1026.0,20.52,Raw White,Pettah
2023-03-17,1030.0,20.6,Raw White,Pettah
2023-03-20,1190.0,23.8,Raw White,Pettah
2023-03-21,1175.0,23.5,Raw White,Pettah
2023-03-22,1145.0,22.9,Raw White,Pettah
2023-03-23,1052.0,21.04,Raw White,Pettah
2023-03-24,1028.0,20.56,Raw White,Pettah
2023-03-27,1040.0,20.8,Raw White,Pettah
2023-03-28,1046.0,20.92,Raw White,Pettah
2023-03-29,1008.0,20.16,Raw White,Pettah
2023-03-30,1028.0,20.56,Raw White,Pettah
2023-03-31,1032.0,20.64,Raw White,Pettah
2023-04-03,1080.0,21.6,Raw White,Pettah
2023-04-04,1028.0,20.56,Raw White,Pettah
2023-04-06,1024.0,20.48,Raw White,Pettah
2023-04-10,1040.0,20.8,Raw White,Pettah
2023-04-11,1056.0,21.12,Raw White,Pettah
2023-04-17,1091.0,21.82,Raw White,Pettah
2023-04-18,1092.0,21.84,Raw White,Pettah
2023-04-26,1110.0,22.2,Raw White,Pettah
2023-04-28,1054.0,21.08,Raw White,Pettah
2023-05-04,1080.0,21.6,Raw White,Pettah
2023-05-08,1096.0,21.92,Raw White,Pettah
2023-05-16,1058.0,21.16,Raw White,Pettah
2023-06-01,1030.0,20.6,Raw White,Pettah
2015-06-22,3370.0,67.4,Raw red,Pettah
2015-06-23,3160.0,63.2,Raw red,Pettah
2015-06-24,3320.0,66.4,Raw red,Pettah
2015-06-25,3360.0,67.2,Raw red,Pettah
2015-06-26,3360.0,67.2,Raw red,Pettah
2015-06-29,3300.0,66.0,Raw red,Pettah
2015-06-30,3380.0,67.6,Raw red,Pettah
2015-07-01,3350.0,67.0,Raw red,Pettah
2015-07-02,3350.0,67.0,Raw red,Pettah
2015-07-03,3310.0,66.2,Raw red,Pettah
2015-07-06,3340.0,66.8,Raw red,Pettah
2015-07-09,3270.0,65.4,Raw red,Pettah
2015-07-10,3190.0,63.8,Raw red,Pettah
2015-07-13,3190.0,63.8,Raw red,Pettah
2015-07-14,3110.0,62.2,Raw red,Pettah
2015-07-15,3180.0,63.6,Raw red,Pettah
2015-07-16,3180.0,63.6,Raw red,Pettah
2015-07-17,3100.0,62.0,Raw red,Pettah
2015-07-20,3080.0,61.6,Raw red,Pettah
2015-07-21,3010.0,60.2,Raw red,Pettah
2015-07-22,3100.0,62.0,Raw red,Pettah
2015-07-24,3100.0,62.0,Raw red,Pettah
2015-07-27,3050.0,61.0,Raw red,Pettah
2015-07-28,3070.0,61.4,Raw red,Pettah
2015-07-29,2950.0,59.0,Raw red,Pettah
2015-07-30,3020.0,60.4,Raw red,Pettah
2015-08-03,2940.0,58.8,Raw red,Pettah
2015-08-04,2940.0,58.8,Raw red,Pettah
2015-08-05,2960.0,59.2,Raw red,Pettah
2015-08-06,2930.0,58.6,Raw red,Pettah
2015-08-07,2890.0,57.8,Raw red,Pettah
2015-08-10,2880.0,57.6,Raw red,Pettah
2015-08-11,2930.0,58.6,Raw red,Pettah
2015-08-12,2830.0,56.6,Raw red,Pettah
2015-08-13,2880.0,57.6,Raw red,Pettah
2015-08-14,2920.0,58.4,Raw red,Pettah
2015-08-20,2900.0,58.0,Raw red,Pettah
2015-08-21,2940.0,58.8,Raw red,Pettah
2015-08-24,2920.0,58.4,Raw red,Pettah
2015-08-25,2930.0,58.6,Raw red,Pettah
2015-08-26,2950.0,59.0,Raw red,Pettah
2015-08-27,3010.0,60.2,Raw red,Pettah
2015-08-28,2960.0,59.2,Raw red,Pettah
2015-08-31,2980.0,59.6,Raw red,Pettah
2015-09-01,2970.0,59.4,Raw red,Pettah
2015-09-02,2970.0,59.4,Raw red,Pettah
2015-09-03,2970.0,59.4,Raw red,Pettah
2015-09-04,2970.0,59.4,Raw red,Pettah
2015-09-07,2950.0,59.0,Raw red,Pettah
2015-09-09,2960.0,59.2,Raw red,Pettah
2015-09-10,2950.0,59.0,Raw red,Pettah
2015-09-11,2950.0,59.0,Raw red,Pettah
2015-09-14,2970.0,59.4,Raw red,Pettah
2015-09-16,2940.0,58.8,Raw red,Pettah
2015-09-17,2980.0,59.6,Raw red,Pettah
2015-09-18,2980.0,59.6,Raw red,Pettah
2015-09-21,2930.0,58.6,Raw red,Pettah
2015-09-22,2960.0,59.2,Raw red,Pettah
2015-09-23,2960.0,59.2,Raw red,Pettah
2015-09-25,2950.0,59.0,Raw red,Pettah
2015-09-28,2950.0,59.0,Raw red,Pettah
2015-09-29,2937.5,58.75,Raw red,Pettah
2015-10-01,2950.0,59.0,Raw red,Pettah
2015-10-02,2950.0,59.0,Raw red,Pettah
2015-10-05,2990.0,59.8,Raw red,Pettah
2015-10-06,2940.0,58.8,Raw red,Pettah
2015-10-07,2970.0,59.4,Raw red,Pettah
2015-10-08,2970.0,59.4,Raw red,Pettah
2015-10-09,2970.0,59.4,Raw red,Pettah
2015-10-12,2975.0,59.5,Raw red,Pettah
2015-10-13,2960.0,59.2,Raw red,Pettah
2015-10-14,2970.0,59.4,Raw red,Pettah
2015-10-15,3060.0,61.2,Raw red,Pettah
2015-10-16,2990.0,59.8,Raw red,Pettah
2015-10-19,2950.0,59.0,Raw red,Pettah
2015-10-20,2970.0,59.4,Raw red,Pettah
2015-10-21,2980.0,59.6,Raw red,Pettah
2015-10-22,2970.0,59.4,Raw red,Pettah
2015-10-23,2950.0,59.0,Raw red,Pettah
2015-10-26,2950.0,59.0,Raw red,Pettah
2015-10-28,2930.0,58.6,Raw red,Pettah
2015-10-29,2960.0,59.2,Raw red,Pettah
2015-10-30,2950.0,59.0,Raw red,Pettah
2015-11-02,2970.0,59.4,Raw red,Pettah
2015-11-03,2970.0,59.4,Raw red,Pettah
2015-11-04,2980.0,59.6,Raw red,Pettah
2015-11-05,3000.0,60.0,Raw red,Pettah
2015-11-06,2970.0,59.4,Raw red,Pettah
2015-11-09,3010.0,60.2,Raw red,Pettah
2015-11-11,2990.0,59.8,Raw red,Pettah
2015-11-12,3010.0,60.2,Raw red,Pettah
2015-11-13,3010.0,60.2,Raw red,Pettah
2015-11-16,3020.0,60.4,Raw red,Pettah
2015-11-17,3020.0,60.4,Raw red,Pettah
2015-11-18,3000.0,60.0,Raw red,Pettah
2015-11-19,3000.0,60.0,Raw red,Pettah
2015-11-20,3020.0,60.4,Raw red,Pettah
2015-11-23,3080.0,61.6,Raw red,Pettah
2015-11-24,3070.0,61.4,Raw red,Pettah
2015-11-26,3140.0,62.8,Raw red,Pettah
2015-11-27,3180.0,63.6,Raw red,Pettah
2015-11-30,3160.0,63.2,Raw red,Pettah
2015-12-01,3170.0,63.4,Raw red,Pettah
2015-12-02,3180.0,63.6,Raw red,Pettah
2015-12-03,3190.0,63.8,Raw red,Pettah
2015-12-04,3170.0,63.4,Raw red,Pettah
2015-12-07,3210.0,64.2,Raw red,Pettah
2015-12-08,3210.0,64.2,Raw red,Pettah
2015-12-09,3230.0,64.6,Raw red,Pettah
2015-12-10,3190.0,63.8,Raw red,Pettah
2015-12-11,3190.0,63.8,Raw red,Pettah
2015-12-14,3140.0,62.8,Raw red,Pettah
2015-12-15,3150.0,63.0,Raw red,Pettah
2015-12-16,3140.0,62.8,Raw red,Pettah
2015-12-17,3150.0,63.0,Raw red,Pettah
2015-12-18,3220.0,64.4,Raw red,Pettah
2015-12-20,3100.0,62.0,Raw red,Pettah
2015-12-21,3100.0,62.0,Raw red,Pettah
2015-12-22,3100.0,62.0,Raw red,Pettah
2015-12-23,3120.0,62.4,Raw red,Pettah
2015-12-28,3100.0,62.0,Raw red,Pettah
2015-12-29,3090.0,61.8,Raw red,Pettah
2015-12-30,3080.0,61.6,Raw red,Pettah
2015-12-31,3100.0,62.0,Raw red,Pettah
2016-01-04,3100.0,62.0,Raw red,Pettah
2016-01-05,3070.0,61.4,Raw red,Pettah
2016-01-06,3100.0,62.0,Raw red,Pettah
2016-01-07,3080.0,61.6,Raw red,Pettah
2016-01-08,3100.0,62.0,Raw red,Pettah
2016-01-11,3090.0,61.8,Raw red,Pettah
2016-01-12,3050.0,61.0,Raw red,Pettah
2016-01-13,3070.0,61.4,Raw red,Pettah
2016-01-14,3080.0,61.6,Raw red,Pettah
2016-01-18,3030.0,60.6,Raw red,Pettah
2016-01-19,3010.0,60.2,Raw red,Pettah
2016-01-20,3010.0,60.2,Raw red,Pettah
2016-01-21,3020.0,60.4,Raw red,Pettah
2016-01-22,2990.0,59.8,Raw red,Pettah
2016-01-25,2960.0,59.2,Raw red,Pettah
2016-01-26,2940.0,58.8,Raw red,Pettah
2016-01-27,2940.0,58.8,Raw red,Pettah
2016-01-28,2970.0,59.4,Raw red,Pettah
2016-01-29,2940.0,58.8,Raw red,Pettah
2016-02-01,2950.0,59.0,Raw red,Pettah
2016-02-02,2930.0,58.6,Raw red,Pettah
2016-02-03,2910.0,58.2,Raw red,Pettah
2016-02-05,2770.0,55.4,Raw red,Pettah
2016-02-08,2770.0,55.4,Raw red,Pettah
2016-02-09,2900.0,58.0,Raw red,Pettah
2016-02-10,2840.0,56.8,Raw red,Pettah
2016-02-11,2810.0,56.2,Raw red,Pettah
2016-02-12,2720.0,54.4,Raw red,Pettah
2016-02-15,2730.0,54.6,Raw red,Pettah
2016-02-16,2550.0,51.0,Raw red,Pettah
2016-02-17,2680.0,53.6,Raw red,Pettah
2016-02-18,2600.0,52.0,Raw red,Pettah
2016-02-19,2670.0,53.4,Raw red,Pettah
2016-02-23,2630.0,52.6,Raw red,Pettah
2016-02-24,2650.0,53.0,Raw red,Pettah
2016-02-25,2620.0,52.4,Raw red,Pettah
2016-02-26,2640.0,52.8,Raw red,Pettah
2016-02-29,2720.0,54.4,Raw red,Pettah
2016-03-01,2690.0,53.8,Raw red,Pettah
2016-03-02,2680.0,53.6,Raw red,Pettah
2016-03-03,2650.0,53.0,Raw red,Pettah
2016-03-04,2640.0,52.8,Raw red,Pettah
2016-03-08,2640.0,52.8,Raw red,Pettah
2016-03-09,2670.0,53.4,Raw red,Pettah
2016-03-10,2600.0,52.0,Raw red,Pettah
2016-03-11,2610.0,52.2,Raw red,Pettah
2016-03-14,2670.0,53.4,Raw red,Pettah
2016-03-15,2620.0,52.4,Raw red,Pettah
2016-03-16,2670.0,53.4,Raw red,Pettah
2016-03-17,2660.0,53.2,Raw red,Pettah
2016-03-18,2630.0,52.6,Raw red,Pettah
2016-03-21,2620.0,52.4,Raw red,Pettah
2016-03-23,2640.0,52.8,Raw red,Pettah
2016-03-24,2640.0,52.8,Raw red,Pettah
2016-03-28,2620.0,52.4,Raw red,Pettah
2016-03-29,2620.0,52.4,Raw red,Pettah
2016-03-30,2630.0,52.6,Raw red,Pettah
2016-03-31,2630.0,52.6,Raw red,Pettah
2016-04-01,2660.0,53.2,Raw red,Pettah
2016-04-04,2660.0,53.2,Raw red,Pettah
2016-04-05,2660.0,53.2,Raw red,Pettah
2016-04-06,2610.0,52.2,Raw red,Pettah
2016-04-07,2630.0,52.6,Raw red,Pettah
2016-04-08,2640.0,52.8,Raw red,Pettah
2016-04-11,2680.0,53.6,Raw red,Pettah
2016-04-18,2690.0,53.8,Raw red,Pettah
2016-04-19,2630.0,52.6,Raw red,Pettah
2016-04-20,2600.0,52.0,Raw red,Pettah
2016-04-22,2612.5,52.25,Raw red,Pettah
2016-04-25,2640.0,52.8,Raw red,Pettah
2016-04-26,2620.0,52.4,Raw red,Pettah
2016-04-27,2630.0,52.6,Raw red,Pettah
2016-04-28,2610.0,52.2,Raw red,Pettah
2016-04-29,2700.0,54.0,Raw red,Pettah
2016-05-02,2710.0,54.2,Raw red,Pettah
2016-05-03,2720.0,54.4,Raw red,Pettah
2016-05-04,2700.0,54.0,Raw red,Pettah
2016-05-05,2740.0,54.8,Raw red,Pettah
2016-05-06,2740.0,54.8,Raw red,Pettah
2016-05-09,2740.0,54.8,Raw red,Pettah
2016-05-10,2730.0,54.6,Raw red,Pettah
2016-05-11,2730.0,54.6,Raw red,Pettah
2016-05-12,2750.0,55.0,Raw red,Pettah
2016-05-13,2740.0,54.8,Raw red,Pettah
2016-05-16,2740.0,54.8,Raw red,Pettah
2016-05-17,2750.0,55.0,Raw red,Pettah
2016-05-18,2750.0,55.0,Raw red,Pettah
2016-05-19,2750.0,55.0,Raw red,Pettah
2016-05-20,2740.0,54.8,Raw red,Pettah
2016-05-23,2780.0,55.6,Raw red,Pettah
2016-05-24,2750.0,55.0,Raw red,Pettah
2016-05-25,2770.0,55.4,Raw red,Pettah
2016-05-26,2780.0,55.6,Raw red,Pettah
2016-05-27,2770.0,55.4,Raw red,Pettah
2016-05-30,2770.0,55.4,Raw red,Pettah
2016-05-31,2762.5,55.25,Raw red,Pettah
2016-06-01,2760.0,55.2,Raw red,Pettah
2016-06-02,2750.0,55.0,Raw red,Pettah
2016-06-03,2740.0,54.8,Raw red,Pettah
2016-06-06,2730.0,54.6,Raw red,Pettah
2016-06-07,2770.0,55.4,Raw red,Pettah
2016-06-08,2770.0,55.4,Raw red,Pettah
2016-06-09,2700.0,54.0,Raw red,Pettah
2016-06-10,2740.0,54.8,Raw red,Pettah
2016-06-13,2730.0,54.6,Raw red,Pettah
2016-06-14,2730.0,54.6,Raw red,Pettah
2016-06-15,2750.0,55.0,Raw red,Pettah
2016-06-16,2750.0,55.0,Raw red,Pettah
2016-06-17,2730.0,54.6,Raw red,Pettah
2016-06-20,2720.0,54.4,Raw red,Pettah
2016-06-21,2720.0,54.4,Raw red,Pettah
2016-06-22,2720.0,54.4,Raw red,Pettah
2016-06-23,2720.0,54.4,Raw red,Pettah
2016-06-24,2690.0,53.8,Raw red,Pettah
2016-06-27,2700.0,54.0,Raw red,Pettah
2016-06-28,2690.0,53.8,Raw red,Pettah
2016-06-29,2690.0,53.8,Raw red,Pettah
2016-06-30,2690.0,53.8,Raw red,Pettah
2016-07-01,2690.0,53.8,Raw red,Pettah
2016-07-04,2690.0,53.8,Raw red,Pettah
2016-07-05,2690.0,53.8,Raw red,Pettah
2016-07-06,2680.0,53.6,Raw red,Pettah
2016-07-07,2680.0,53.6,Raw red,Pettah
2016-07-08,2690.0,53.8,Raw red,Pettah
2016-07-11,2700.0,54.0,Raw red,Pettah
2016-07-12,2680.0,53.6,Raw red,Pettah
2016-07-13,2660.0,53.2,Raw red,Pettah
2016-07-14,2650.0,53.0,Raw red,Pettah
2016-07-15,2690.0,53.8,Raw red,Pettah
2016-07-18,2690.0,53.8,Raw red,Pettah
2016-07-20,2750.0,55.0,Raw red,Pettah
2016-07-21,2760.0,55.2,Raw red,Pettah
2016-07-22,2790.0,55.8,Raw red,Pettah
2016-07-25,2780.0,55.6,Raw red,Pettah
2016-07-26,2840.0,56.8,Raw red,Pettah
2016-07-27,2880.0,57.6,Raw red,Pettah
2016-07-28,2840.0,56.8,Raw red,Pettah
2016-07-29,2890.0,57.8,Raw red,Pettah
2016-08-01,2960.0,59.2,Raw red,Pettah
2016-08-02,2980.0,59.6,Raw red,Pettah
2016-08-03,2970.0,59.4,Raw red,Pettah
2016-08-04,2970.0,59.4,Raw red,Pettah
2016-08-05,2970.0,59.4,Raw red,Pettah
2016-08-08,2970.0,59.4,Raw red,Pettah
2016-08-09,2970.0,59.4,Raw red,Pettah
2016-08-10,2966.67,59.333400000000005,Raw red,Pettah
2016-08-11,2990.0,59.8,Raw red,Pettah
2016-08-12,3000.0,60.0,Raw red,Pettah
2016-08-15,2990.0,59.8,Raw red,Pettah
2016-08-16,3020.0,60.4,Raw red,Pettah
2016-08-18,3030.0,60.6,Raw red,Pettah
2016-08-19,3000.0,60.0,Raw red,Pettah
2016-08-22,3020.0,60.4,Raw red,Pettah
2016-08-23,2990.0,59.8,Raw red,Pettah
2016-08-24,3020.0,60.4,Raw red,Pettah
2016-08-29,3030.0,60.6,Raw red,Pettah
2016-08-30,3050.0,61.0,Raw red,Pettah
2016-08-31,3050.0,61.0,Raw red,Pettah
2016-09-01,3010.0,60.2,Raw red,Pettah
2016-09-02,3050.0,61.0,Raw red,Pettah
2016-09-05,3050.0,61.0,Raw red,Pettah
2016-09-06,3050.0,61.0,Raw red,Pettah
2016-09-07,3050.0,61.0,Raw red,Pettah
2016-09-08,3050.0,61.0,Raw red,Pettah
2016-09-09,3070.0,61.4,Raw red,Pettah
2016-09-13,3060.0,61.2,Raw red,Pettah
2016-09-14,3060.0,61.2,Raw red,Pettah
2016-09-15,3060.0,61.2,Raw red,Pettah
2016-09-19,3030.0,60.6,Raw red,Pettah
2016-09-20,3070.0,61.4,Raw red,Pettah
2016-09-21,3110.0,62.2,Raw red,Pettah
2016-09-22,3110.0,62.2,Raw red,Pettah
2016-09-23,3120.0,62.4,Raw red,Pettah
2016-09-26,3130.0,62.6,Raw red,Pettah
2016-09-27,3230.0,64.6,Raw red,Pettah
2016-09-28,3220.0,64.4,Raw red,Pettah
2016-09-29,3290.0,65.8,Raw red,Pettah
2016-09-30,3290.0,65.8,Raw red,Pettah
2016-10-03,3290.0,65.8,Raw red,Pettah
2016-10-04,3310.0,66.2,Raw red,Pettah
2016-10-05,3310.0,66.2,Raw red,Pettah
2016-10-06,3330.0,66.6,Raw red,Pettah
2016-10-07,3380.0,67.6,Raw red,Pettah
2016-10-10,3360.0,67.2,Raw red,Pettah
2016-10-11,3370.0,67.4,Raw red,Pettah
2016-10-12,3360.0,67.2,Raw red,Pettah
2016-10-13,3340.0,66.8,Raw red,Pettah
2016-10-14,3380.0,67.6,Raw red,Pettah
2016-10-17,3380.0,67.6,Raw red,Pettah
2016-10-18,3370.0,67.4,Raw red,Pettah
2016-10-19,3370.0,67.4,Raw red,Pettah
2016-10-20,3370.0,67.4,Raw red,Pettah
2016-10-21,3380.0,67.6,Raw red,Pettah
2016-10-24,3450.0,69.0,Raw red,Pettah
2016-10-25,3390.0,67.8,Raw red,Pettah
2016-10-26,3370.0,67.4,Raw red,Pettah
2016-10-27,3390.0,67.8,Raw red,Pettah
2016-10-28,3390.0,67.8,Raw red,Pettah
2016-10-31,3370.0,67.4,Raw red,Pettah
2016-11-01,3400.0,68.0,Raw red,Pettah
2016-11-02,3410.0,68.2,Raw red,Pettah
2016-11-03,3450.0,69.0,Raw red,Pettah
2016-11-04,3460.0,69.2,Raw red,Pettah
2016-11-07,3460.0,69.2,Raw red,Pettah
2016-11-08,3570.0,71.4,Raw red,Pettah
2016-11-09,3490.0,69.8,Raw red,Pettah
2016-11-10,3490.0,69.8,Raw red,Pettah
2016-11-11,3490.0,69.8,Raw red,Pettah
2016-11-15,3500.0,70.0,Raw red,Pettah
2016-11-16,3550.0,71.0,Raw red,Pettah
2016-11-17,3560.0,71.2,Raw red,Pettah
2016-11-18,3550.0,71.0,Raw red,Pettah
2016-11-21,3575.0,71.5,Raw red,Pettah
2016-11-22,3610.0,72.2,Raw red,Pettah
2016-11-23,3583.33,71.6666,Raw red,Pettah
2016-11-24,3590.0,71.8,Raw red,Pettah
2016-11-25,3580.0,71.6,Raw red,Pettah
2016-11-28,3570.0,71.4,Raw red,Pettah
2016-11-29,3580.0,71.6,Raw red,Pettah
2016-11-30,3570.0,71.4,Raw red,Pettah
2016-12-01,3590.0,71.8,Raw red,Pettah
2016-12-02,3600.0,72.0,Raw red,Pettah
2016-12-05,3580.0,71.6,Raw red,Pettah
2016-12-06,3690.0,73.8,Raw red,Pettah
2016-12-07,3730.0,74.6,Raw red,Pettah
2016-12-08,3750.0,75.0,Raw red,Pettah
2016-12-09,3790.0,75.8,Raw red,Pettah
2016-12-14,3920.0,78.4,Raw red,Pettah
2016-12-15,3900.0,78.0,Raw red,Pettah
2016-12-16,3910.0,78.2,Raw red,Pettah
2016-12-19,3950.0,79.0,Raw red,Pettah
2016-12-20,3960.0,79.2,Raw red,Pettah
2016-12-21,3980.0,79.6,Raw red,Pettah
2016-12-22,3960.0,79.2,Raw red,Pettah
2016-12-23,3980.0,79.6,Raw red,Pettah
2016-12-26,4030.0,80.6,Raw red,Pettah
2016-12-27,4030.0,80.6,Raw red,Pettah
2016-12-28,4130.0,82.6,Raw red,Pettah
2016-12-29,4100.0,82.0,Raw red,Pettah
2016-12-30,4090.0,81.8,Raw red,Pettah
2017-01-02,4110.0,82.2,Raw red,Pettah
2017-01-03,4090.0,81.8,Raw red,Pettah
2017-01-04,4070.0,81.4,Raw red,Pettah
2017-01-05,4120.0,82.4,Raw red,Pettah
2017-01-06,4120.0,82.4,Raw red,Pettah
2017-01-09,4110.0,82.2,Raw red,Pettah
2017-01-10,4090.0,81.8,Raw red,Pettah
2017-01-11,4120.0,82.4,Raw red,Pettah
2017-01-13,4110.0,82.2,Raw red,Pettah
2017-01-16,4100.0,82.0,Raw red,Pettah
2017-01-17,4120.0,82.4,Raw red,Pettah
2017-01-18,4060.0,81.2,Raw red,Pettah
2017-01-19,4240.0,84.8,Raw red,Pettah
2017-01-20,4290.0,85.8,Raw red,Pettah
2017-01-23,4290.0,85.8,Raw red,Pettah
2017-01-24,4487.5,89.75,Raw red,Pettah
2017-01-25,4487.5,89.75,Raw red,Pettah
2017-01-26,4487.5,89.75,Raw red,Pettah
2017-01-27,4500.0,90.0,Raw red,Pettah
2017-01-30,4900.0,98.0,Raw red,Pettah
2017-01-31,4930.0,98.6,Raw red,Pettah
2017-03-01,3720.0,74.4,Raw red,Pettah
2017-03-02,3720.0,74.4,Raw red,Pettah
2017-03-03,3740.0,74.8,Raw red,Pettah
2017-03-06,3740.0,74.8,Raw red,Pettah
2017-03-07,3740.0,74.8,Raw red,Pettah
2017-03-08,3730.0,74.6,Raw red,Pettah
2017-03-09,3710.0,74.2,Raw red,Pettah
2017-03-10,3740.0,74.8,Raw red,Pettah
2017-03-13,3750.0,75.0,Raw red,Pettah
2017-03-14,3760.0,75.2,Raw red,Pettah
2017-03-15,3730.0,74.6,Raw red,Pettah
2017-03-16,3720.0,74.4,Raw red,Pettah
2017-03-17,3750.0,75.0,Raw red,Pettah
2017-03-20,3780.0,75.6,Raw red,Pettah
2017-03-21,3780.0,75.6,Raw red,Pettah
2017-03-22,3770.0,75.4,Raw red,Pettah
2017-03-23,3770.0,75.4,Raw red,Pettah
2017-03-24,3780.0,75.6,Raw red,Pettah
2017-03-27,3770.0,75.4,Raw red,Pettah
2017-03-28,3770.0,75.4,Raw red,Pettah
2017-03-29,3780.0,75.6,Raw red,Pettah
2017-03-30,3780.0,75.6,Raw red,Pettah
2017-03-31,3780.0,75.6,Raw red,Pettah
2017-04-03,3760.0,75.2,Raw red,Pettah
2017-04-04,3770.0,75.4,Raw red,Pettah
2017-04-05,3760.0,75.2,Raw red,Pettah
2017-04-06,3780.0,75.6,Raw red,Pettah
2017-04-07,3810.0,76.2,Raw red,Pettah
2017-04-11,3760.0,75.2,Raw red,Pettah
2017-04-12,3790.0,75.8,Raw red,Pettah
2017-04-17,3780.0,75.6,Raw red,Pettah
2017-04-18,3780.0,75.6,Raw red,Pettah
2017-04-19,3780.0,75.6,Raw red,Pettah
2017-04-20,3790.0,75.8,Raw red,Pettah
2017-04-21,3820.0,76.4,Raw red,Pettah
2017-04-24,3790.0,75.8,Raw red,Pettah
2017-04-25,3790.0,75.8,Raw red,Pettah
2017-04-26,3810.0,76.2,Raw red,Pettah
2017-04-27,3800.0,76.0,Raw red,Pettah
2017-04-28,3883.33,77.6666,Raw red,Pettah
2017-05-02,3860.0,77.2,Raw red,Pettah
2017-05-03,3850.0,77.0,Raw red,Pettah
2017-05-04,3860.0,77.2,Raw red,Pettah
2017-05-05,3860.0,77.2,Raw red,Pettah
2017-05-08,3840.0,76.8,Raw red,Pettah
2017-05-09,3850.0,77.0,Raw red,Pettah
2017-05-12,3900.0,78.0,Raw red,Pettah
2017-05-15,3900.0,78.0,Raw red,Pettah
2017-05-16,3910.0,78.2,Raw red,Pettah
2017-05-17,3933.33,78.6666,Raw red,Pettah
2017-05-18,3930.0,78.6,Raw red,Pettah
2017-05-19,3930.0,78.6,Raw red,Pettah
2017-05-23,3990.0,79.8,Raw red,Pettah
2017-05-24,3950.0,79.0,Raw red,Pettah
2017-05-25,4030.0,80.6,Raw red,Pettah
2017-05-26,4060.0,81.2,Raw red,Pettah
2017-05-29,4091.67,81.8334,Raw red,Pettah
2017-05-30,4150.0,83.0,Raw red,Pettah
2017-05-31,4150.0,83.0,Raw red,Pettah
2017-06-02,4080.0,81.6,Raw red,Pettah
2017-06-05,4070.0,81.4,Raw red,Pettah
2017-06-06,4120.0,82.4,Raw red,Pettah
2017-06-07,4130.0,82.6,Raw red,Pettah
2017-06-09,4070.0,81.4,Raw red,Pettah
2017-06-12,4070.0,81.4,Raw red,Pettah
2017-06-13,4430.0,88.6,Raw red,Pettah
2017-06-14,4120.0,82.4,Raw red,Pettah
2017-06-15,4070.0,81.4,Raw red,Pettah
2017-06-16,4150.0,83.0,Raw red,Pettah
2017-06-19,4060.0,81.2,Raw red,Pettah
2017-06-20,4110.0,82.2,Raw red,Pettah
2017-06-21,4130.0,82.6,Raw red,Pettah
2017-06-22,4050.0,81.0,Raw red,Pettah
2017-06-23,4000.0,80.0,Raw red,Pettah
2017-06-27,4220.0,84.4,Raw red,Pettah
2017-06-28,4070.0,81.4,Raw red,Pettah
2017-06-29,3962.5,79.25,Raw red,Pettah
2017-06-30,3950.0,79.0,Raw red,Pettah
2017-07-03,3900.0,78.0,Raw red,Pettah
2017-07-04,3980.0,79.6,Raw red,Pettah
2017-07-05,3970.0,79.4,Raw red,Pettah
2017-07-06,3950.0,79.0,Raw red,Pettah
2017-07-07,4166.67,83.3334,Raw red,Pettah
2017-07-10,3958.33,79.1666,Raw red,Pettah
2017-07-11,3933.33,78.6666,Raw red,Pettah
2017-07-12,3941.67,78.8334,Raw red,Pettah
2017-07-13,3966.67,79.3334,Raw red,Pettah
2017-07-14,3958.33,79.1666,Raw red,Pettah
2017-07-17,3891.67,77.8334,Raw red,Pettah
2017-07-18,3891.67,77.8334,Raw red,Pettah
2017-07-19,3891.67,77.8334,Raw red,Pettah
2017-07-20,3933.33,78.6666,Raw red,Pettah
2017-07-21,3941.67,78.8334,Raw red,Pettah
2017-07-24,4233.33,84.6666,Raw red,Pettah
2017-07-25,3875.0,77.5,Raw red,Pettah
2017-07-26,3925.0,78.5,Raw red,Pettah
2017-07-27,3866.67,77.3334,Raw red,Pettah
2017-07-28,3858.33,77.1666,Raw red,Pettah
2017-07-31,3816.67,76.3334,Raw red,Pettah
2017-08-01,3858.33,77.1666,Raw red,Pettah
2017-08-02,3791.67,75.8334,Raw red,Pettah
2017-08-03,4233.33,84.6666,Raw red,Pettah
2017-08-04,3783.33,75.6666,Raw red,Pettah
2017-08-08,3783.33,75.6666,Raw red,Pettah
2017-08-09,3758.33,75.1666,Raw red,Pettah
2017-08-10,3725.0,74.5,Raw red,Pettah
2017-08-11,3733.33,74.6666,Raw red,Pettah
2017-08-14,3750.0,75.0,Raw red,Pettah
2017-08-15,3708.33,74.1666,Raw red,Pettah
2017-08-16,3766.67,75.3334,Raw red,Pettah
2017-08-17,3775.0,75.5,Raw red,Pettah
2017-08-18,3808.33,76.1666,Raw red,Pettah
2017-08-21,3850.0,77.0,Raw red,Pettah
2017-08-22,3820.0,76.4,Raw red,Pettah
2017-08-23,3930.0,78.6,Raw red,Pettah
2017-08-24,3840.0,76.8,Raw red,Pettah
2017-08-25,3891.67,77.8334,Raw red,Pettah
2017-08-28,3983.33,79.6666,Raw red,Pettah
2017-08-29,4008.33,80.1666,Raw red,Pettah
2017-08-30,4070.0,81.4,Raw red,Pettah
2017-08-31,4050.0,81.0,Raw red,Pettah
2017-09-04,4166.67,83.3334,Raw red,Pettah
2017-09-06,4133.33,82.6666,Raw red,Pettah
2017-09-07,4133.33,82.6666,Raw red,Pettah
2017-09-08,4220.0,84.4,Raw red,Pettah
2017-09-11,4216.67,84.3334,Raw red,Pettah
2017-09-12,4170.0,83.4,Raw red,Pettah
2017-09-13,4160.0,83.2,Raw red,Pettah
2017-09-14,4170.0,83.4,Raw red,Pettah
2017-09-15,4141.67,82.8334,Raw red,Pettah
2017-09-18,4116.67,82.3334,Raw red,Pettah
2017-09-19,4183.33,83.6666,Raw red,Pettah
2017-09-20,4108.33,82.1666,Raw red,Pettah
2017-09-21,4166.67,83.3334,Raw red,Pettah
2017-09-22,4116.67,82.3334,Raw red,Pettah
2017-09-25,4175.0,83.5,Raw red,Pettah
2017-09-26,4133.33,82.6666,Raw red,Pettah
2017-09-27,4100.0,82.0,Raw red,Pettah
2017-09-28,4050.0,81.0,Raw red,Pettah
2017-09-29,4025.0,80.5,Raw red,Pettah
2017-10-02,4050.0,81.0,Raw red,Pettah
2017-10-03,3983.33,79.6666,Raw red,Pettah
2017-10-04,3983.33,79.6666,Raw red,Pettah
2017-10-06,4058.33,81.1666,Raw red,Pettah
2017-10-09,4025.0,80.5,Raw red,Pettah
2017-10-10,3950.0,79.0,Raw red,Pettah
2017-10-11,3891.67,77.8334,Raw red,Pettah
2017-10-12,3975.0,79.5,Raw red,Pettah
2017-10-13,3900.0,78.0,Raw red,Pettah
2017-10-16,3516.67,70.3334,Raw red,Pettah
2017-10-17,3800.0,76.0,Raw red,Pettah
2017-10-19,3775.0,75.5,Raw red,Pettah
2017-10-20,3766.67,75.3334,Raw red,Pettah
2017-10-23,4208.33,84.1666,Raw red,Pettah
2017-10-24,4216.67,84.3334,Raw red,Pettah
2017-10-25,4208.33,84.1666,Raw red,Pettah
2017-10-26,4208.33,84.1666,Raw red,Pettah
2017-10-27,4191.67,83.8334,Raw red,Pettah
2017-10-30,3625.0,72.5,Raw red,Pettah
2017-10-31,4200.0,84.0,Raw red,Pettah
2017-11-01,3616.67,72.3334,Raw red,Pettah
2017-11-02,3575.0,71.5,Raw red,Pettah
2017-11-06,3550.0,71.0,Raw red,Pettah
2017-11-07,3600.0,72.0,Raw red,Pettah
2017-11-08,3608.33,72.1666,Raw red,Pettah
2017-11-09,3566.67,71.3334,Raw red,Pettah
2017-11-10,3591.67,71.8334,Raw red,Pettah
2017-11-13,3591.67,71.8334,Raw red,Pettah
2017-11-14,3608.33,72.1666,Raw red,Pettah
2017-11-15,4608.33,92.1666,Raw red,Pettah
2017-11-16,3630.0,72.6,Raw red,Pettah
2017-11-17,3590.0,71.8,Raw red,Pettah
2017-11-20,3600.0,72.0,Raw red,Pettah
2017-11-21,3600.0,72.0,Raw red,Pettah
2017-11-22,3600.0,72.0,Raw red,Pettah
2017-11-23,3641.67,72.8334,Raw red,Pettah
2017-11-24,3625.0,72.5,Raw red,Pettah
2017-11-27,3625.0,72.5,Raw red,Pettah
2017-11-28,3658.33,73.1666,Raw red,Pettah
2017-11-29,4530.0,90.6,Raw red,Pettah
2017-11-30,3700.0,74.0,Raw red,Pettah
2017-12-04,4100.0,82.0,Raw red,Pettah
2017-12-05,4100.0,82.0,Raw red,Pettah
2017-12-06,4108.33,82.1666,Raw red,Pettah
2017-12-07,4100.0,82.0,Raw red,Pettah
2017-12-08,4108.33,82.1666,Raw red,Pettah
2017-12-11,4075.0,81.5,Raw red,Pettah
2017-12-12,4100.0,82.0,Raw red,Pettah
2017-12-13,4090.0,81.8,Raw red,Pettah
2017-12-14,4070.0,81.4,Raw red,Pettah
2017-12-15,4090.0,81.8,Raw red,Pettah
2017-12-18,4090.0,81.8,Raw red,Pettah
2017-12-19,4100.0,82.0,Raw red,Pettah
2017-12-20,4070.0,81.4,Raw red,Pettah
2017-12-21,4070.0,81.4,Raw red,Pettah
2017-12-22,4066.67,81.3334,Raw red,Pettah
2017-12-26,4041.67,80.8334,Raw red,Pettah
2017-12-27,4033.33,80.6666,Raw red,Pettah
2017-12-28,4040.0,80.8,Raw red,Pettah
2017-12-29,4030.0,80.6,Raw red,Pettah
2018-01-02,4030.0,80.6,Raw red,Pettah
2018-01-03,4040.0,80.8,Raw red,Pettah
2018-01-04,3950.0,79.0,Raw red,Pettah
2018-01-05,4030.0,80.6,Raw red,Pettah
2018-01-08,4010.0,80.2,Raw red,Pettah
2018-01-09,4020.0,80.4,Raw red,Pettah
2018-01-10,4020.0,80.4,Raw red,Pettah
2018-01-11,4020.0,80.4,Raw red,Pettah
2018-01-12,4040.0,80.8,Raw red,Pettah
2018-01-15,3960.0,79.2,Raw red,Pettah
2018-01-16,3970.0,79.4,Raw red,Pettah
2018-01-17,3880.0,77.6,Raw red,Pettah
2018-01-18,3960.0,79.2,Raw red,Pettah
2018-01-19,3940.0,78.8,Raw red,Pettah
2018-01-22,3790.0,75.8,Raw red,Pettah
2018-01-23,3780.0,75.6,Raw red,Pettah
2018-01-24,3760.0,75.2,Raw red,Pettah
2018-01-25,3860.0,77.2,Raw red,Pettah
2018-01-26,3750.0,75.0,Raw red,Pettah
2018-01-29,3710.0,74.2,Raw red,Pettah
2018-01-30,3740.0,74.8,Raw red,Pettah
2018-02-01,3670.0,73.4,Raw red,Pettah
2018-02-02,3700.0,74.0,Raw red,Pettah
2018-02-05,3660.0,73.2,Raw red,Pettah
2018-02-07,3600.0,72.0,Raw red,Pettah
2018-02-08,3590.0,71.8,Raw red,Pettah
2018-02-09,3580.0,71.6,Raw red,Pettah
2018-02-12,3660.0,73.2,Raw red,Pettah
2018-02-14,3610.0,72.2,Raw red,Pettah
2018-02-15,3630.0,72.6,Raw red,Pettah
2018-02-16,3600.0,72.0,Raw red,Pettah
2018-02-19,3630.0,72.6,Raw red,Pettah
2018-02-20,3570.0,71.4,Raw red,Pettah
2018-02-21,3660.0,73.2,Raw red,Pettah
2018-02-22,3640.0,72.8,Raw red,Pettah
2018-02-23,3640.0,72.8,Raw red,Pettah
2018-02-26,3710.0,74.2,Raw red,Pettah
2018-02-27,3690.0,73.8,Raw red,Pettah
2018-02-28,3720.0,74.4,Raw red,Pettah
2018-03-02,3730.0,74.6,Raw red,Pettah
2018-03-05,3730.0,74.6,Raw red,Pettah
2018-03-06,3720.0,74.4,Raw red,Pettah
2018-03-07,3740.0,74.8,Raw red,Pettah
2018-03-08,3660.0,73.2,Raw red,Pettah
2018-03-09,3650.0,73.0,Raw red,Pettah
2018-03-12,3730.0,74.6,Raw red,Pettah
2018-03-13,3670.0,73.4,Raw red,Pettah
2018-03-14,3690.0,73.8,Raw red,Pettah
2018-03-15,3720.0,74.4,Raw red,Pettah
2018-03-16,3650.0,73.0,Raw red,Pettah
2018-03-19,3710.0,74.2,Raw red,Pettah
2018-03-20,3690.0,73.8,Raw red,Pettah
2018-03-21,3700.0,74.0,Raw red,Pettah
2018-03-22,3700.0,74.0,Raw red,Pettah
2018-03-23,3710.0,74.2,Raw red,Pettah
2018-03-26,3630.0,72.6,Raw red,Pettah
2018-03-27,3650.0,73.0,Raw red,Pettah
2018-03-28,3670.0,73.4,Raw red,Pettah
2018-04-02,3650.0,73.0,Raw red,Pettah
2018-04-03,3610.0,72.2,Raw red,Pettah
2018-04-04,3610.0,72.2,Raw red,Pettah
2018-04-05,3590.0,71.8,Raw red,Pettah
2018-04-06,3520.0,70.4,Raw red,Pettah
2018-04-09,3560.0,71.2,Raw red,Pettah
2018-04-10,3570.0,71.4,Raw red,Pettah
2018-04-11,3540.0,70.8,Raw red,Pettah
2018-04-12,3480.0,69.6,Raw red,Pettah
2018-04-17,3480.0,69.6,Raw red,Pettah
2018-04-18,3510.0,70.2,Raw red,Pettah
2018-04-19,3500.0,70.0,Raw red,Pettah
2018-04-20,3510.0,70.2,Raw red,Pettah
2018-04-23,3480.0,69.6,Raw red,Pettah
2018-04-24,3480.0,69.6,Raw red,Pettah
2018-04-25,3490.0,69.8,Raw red,Pettah
2018-04-26,3500.0,70.0,Raw red,Pettah
2018-04-27,3510.0,70.2,Raw red,Pettah
2018-05-01,3520.0,70.4,Raw red,Pettah
2018-05-02,3720.0,74.4,Raw red,Pettah
2018-05-03,4100.0,82.0,Raw red,Pettah
2018-05-04,4250.0,85.0,Raw red,Pettah
2018-05-08,4250.0,85.0,Raw red,Pettah
2018-05-09,4240.0,84.8,Raw red,Pettah
2018-05-10,4110.0,82.2,Raw red,Pettah
2018-05-11,4180.0,83.6,Raw red,Pettah
2018-05-14,4190.0,83.8,Raw red,Pettah
2018-05-15,4180.0,83.6,Raw red,Pettah
2018-05-16,3530.0,70.6,Raw red,Pettah
2018-05-17,3540.0,70.8,Raw red,Pettah
2018-05-21,4060.0,81.2,Raw red,Pettah
2018-05-22,4040.0,80.8,Raw red,Pettah
2018-05-23,4050.0,81.0,Raw red,Pettah
2018-05-24,4050.0,81.0,Raw red,Pettah
2018-05-25,4010.0,80.2,Raw red,Pettah
2018-05-28,4080.0,81.6,Raw red,Pettah
2018-05-30,4000.0,80.0,Raw red,Pettah
2018-05-31,3960.0,79.2,Raw red,Pettah
2018-06-05,3950.0,79.0,Raw red,Pettah
2018-06-06,3940.0,78.8,Raw red,Pettah
2018-06-07,3950.0,79.0,Raw red,Pettah
2018-06-08,3920.0,78.4,Raw red,Pettah
2018-06-11,3910.0,78.2,Raw red,Pettah
2018-06-12,3920.0,78.4,Raw red,Pettah
2018-06-13,3980.0,79.6,Raw red,Pettah
2018-06-14,4040.0,80.8,Raw red,Pettah
2018-06-18,4410.0,88.2,Raw red,Pettah
2018-06-19,4400.0,88.0,Raw red,Pettah
2018-06-20,4500.0,90.0,Raw red,Pettah
2018-06-21,4500.0,90.0,Raw red,Pettah
2018-06-22,4500.0,90.0,Raw red,Pettah
2018-06-25,4500.0,90.0,Raw red,Pettah
2018-06-26,4500.0,90.0,Raw red,Pettah
2018-06-28,4540.0,90.8,Raw red,Pettah
2018-06-29,4590.0,91.8,Raw red,Pettah
2018-07-02,4560.0,91.2,Raw red,Pettah
2018-07-03,4580.0,91.6,Raw red,Pettah
2018-07-04,4570.0,91.4,Raw red,Pettah
2018-07-05,4670.0,93.4,Raw red,Pettah
2018-07-06,4670.0,93.4,Raw red,Pettah
2018-07-09,4690.0,93.8,Raw red,Pettah
2018-07-10,4700.0,94.0,Raw red,Pettah
2018-07-11,4750.0,95.0,Raw red,Pettah
2018-07-12,4690.0,93.8,Raw red,Pettah
2018-07-13,4710.0,94.2,Raw red,Pettah
2018-07-16,4710.0,94.2,Raw red,Pettah
2018-07-17,4710.0,94.2,Raw red,Pettah
2018-07-18,4690.0,93.8,Raw red,Pettah
2018-07-19,4660.0,93.2,Raw red,Pettah
2018-07-20,4680.0,93.6,Raw red,Pettah
2018-07-23,3460.0,69.2,Raw red,Pettah
2018-07-24,3460.0,69.2,Raw red,Pettah
2018-07-25,3460.0,69.2,Raw red,Pettah
2018-07-26,3450.0,69.0,Raw red,Pettah
2018-07-30,3460.0,69.2,Raw red,Pettah
2018-07-31,3480.0,69.6,Raw red,Pettah
2018-08-01,3480.0,69.6,Raw red,Pettah
2018-08-02,3340.0,66.8,Raw red,Pettah
2018-08-03,3510.0,70.2,Raw red,Pettah
2018-08-06,5000.0,100.0,Raw red,Pettah
2018-08-07,5040.0,100.8,Raw red,Pettah
2018-08-08,5070.0,101.4,Raw red,Pettah
2018-08-09,3300.0,66.0,Raw red,Pettah
2018-08-10,3390.0,67.8,Raw red,Pettah
2018-08-13,3390.0,67.8,Raw red,Pettah
2018-08-14,3370.0,67.4,Raw red,Pettah
2018-08-15,3356.0,67.12,Raw red,Pettah
2018-08-16,3410.0,68.2,Raw red,Pettah
2018-08-17,3340.0,66.8,Raw red,Pettah
2018-08-20,3370.0,67.4,Raw red,Pettah
2018-08-21,3360.0,67.2,Raw red,Pettah
2018-08-23,3670.0,73.4,Raw red,Pettah
2018-08-24,3700.0,74.0,Raw red,Pettah
2018-08-27,3640.0,72.8,Raw red,Pettah
2018-08-28,3650.0,73.0,Raw red,Pettah
2018-08-29,3640.0,72.8,Raw red,Pettah
2018-09-03,3600.0,72.0,Raw red,Pettah
2018-09-04,3620.0,72.4,Raw red,Pettah
2018-09-05,3580.0,71.6,Raw red,Pettah
2018-09-06,5750.0,115.0,Raw red,Pettah
2018-09-07,3350.0,67.0,Raw red,Pettah
2018-09-10,3360.0,67.2,Raw red,Pettah
2018-09-11,3580.0,71.6,Raw red,Pettah
2018-09-12,3620.0,72.4,Raw red,Pettah
2018-09-13,3340.0,66.8,Raw red,Pettah
2018-09-14,3360.0,67.2,Raw red,Pettah
2018-09-17,3350.0,67.0,Raw red,Pettah
2018-09-18,3580.0,71.6,Raw red,Pettah
2018-09-19,6250.0,125.0,Raw red,Pettah
2018-09-20,3340.0,66.8,Raw red,Pettah
2018-09-21,3340.0,66.8,Raw red,Pettah
2018-09-25,3330.0,66.6,Raw red,Pettah
2018-09-26,3610.0,72.2,Raw red,Pettah
2018-09-27,3610.0,72.2,Raw red,Pettah
2018-09-28,3340.0,66.8,Raw red,Pettah
2018-10-01,3600.0,72.0,Raw red,Pettah
2018-10-02,3580.0,71.6,Raw red,Pettah
2018-10-03,3360.0,67.2,Raw red,Pettah
2018-10-04,3340.0,66.8,Raw red,Pettah
2018-10-05,3400.0,68.0,Raw red,Pettah
2018-10-08,3430.0,68.6,Raw red,Pettah
2018-10-09,3440.0,68.8,Raw red,Pettah
2018-10-10,3450.0,69.0,Raw red,Pettah
2018-10-11,3430.0,68.6,Raw red,Pettah
2018-10-12,3430.0,68.6,Raw red,Pettah
2018-10-15,3440.0,68.8,Raw red,Pettah
2018-10-16,3440.0,68.8,Raw red,Pettah
2018-10-17,3440.0,68.8,Raw red,Pettah
2018-10-18,3440.0,68.8,Raw red,Pettah
2018-10-19,3480.0,69.6,Raw red,Pettah
2018-10-22,3430.0,68.6,Raw red,Pettah
2018-10-23,3460.0,69.2,Raw red,Pettah
2018-10-25,3440.0,68.8,Raw red,Pettah
2018-10-26,3470.0,69.4,Raw red,Pettah
2018-10-29,3500.0,70.0,Raw red,Pettah
2018-10-30,3480.0,69.6,Raw red,Pettah
2018-10-31,3490.0,69.8,Raw red,Pettah
2018-11-01,3490.0,69.8,Raw red,Pettah
2018-11-02,3480.0,69.6,Raw red,Pettah
2018-11-05,3480.0,69.6,Raw red,Pettah
2018-11-07,3500.0,70.0,Raw red,Pettah
2018-11-08,3480.0,69.6,Raw red,Pettah
2018-11-09,3520.0,70.4,Raw red,Pettah
2018-11-12,3520.0,70.4,Raw red,Pettah
2018-11-13,3520.0,70.4,Raw red,Pettah
2018-11-14,3540.0,70.8,Raw red,Pettah
2018-11-15,3500.0,70.0,Raw red,Pettah
2018-11-16,3510.0,70.2,Raw red,Pettah
2018-11-19,3520.0,70.4,Raw red,Pettah
2018-11-21,3520.0,70.4,Raw red,Pettah
2018-11-23,3540.0,70.8,Raw red,Pettah
2018-11-26,3540.0,70.8,Raw red,Pettah
2018-11-27,3540.0,70.8,Raw red,Pettah
2018-11-28,3540.0,70.8,Raw red,Pettah
2018-11-29,3540.0,70.8,Raw red,Pettah
2018-11-30,3520.0,70.4,Raw red,Pettah
2018-12-03,4040.0,80.8,Raw red,Pettah
2018-12-04,3540.0,70.8,Raw red,Pettah
2018-12-05,3540.0,70.8,Raw red,Pettah
2018-12-06,3540.0,70.8,Raw red,Pettah
2018-12-07,3540.0,70.8,Raw red,Pettah
2018-12-10,3560.0,71.2,Raw red,Pettah
2018-12-11,3540.0,70.8,Raw red,Pettah
2018-12-12,3540.0,70.8,Raw red,Pettah
2018-12-13,3540.0,70.8,Raw red,Pettah
2018-12-14,3540.0,70.8,Raw red,Pettah
2018-12-17,3560.0,71.2,Raw red,Pettah
2018-12-18,3560.0,71.2,Raw red,Pettah
2018-12-19,3560.0,71.2,Raw red,Pettah
2018-12-20,3540.0,70.8,Raw red,Pettah
2018-12-21,3540.0,70.8,Raw red,Pettah
2018-12-24,3560.0,71.2,Raw red,Pettah
2018-12-26,3560.0,71.2,Raw red,Pettah
2018-12-27,3560.0,71.2,Raw red,Pettah
2018-12-28,3540.0,70.8,Raw red,Pettah
2018-12-31,3560.0,71.2,Raw red,Pettah
2019-01-01,3560.0,71.2,Raw red,Pettah
2019-01-02,3550.0,71.0,Raw red,Pettah
2019-01-03,3560.0,71.2,Raw red,Pettah
2019-01-04,3550.0,71.0,Raw red,Pettah
2019-01-07,3550.0,71.0,Raw red,Pettah
2019-01-08,3440.0,68.8,Raw red,Pettah
2019-01-09,3540.0,70.8,Raw red,Pettah
2019-01-10,3560.0,71.2,Raw red,Pettah
2019-01-11,3540.0,70.8,Raw red,Pettah
2019-01-14,3540.0,70.8,Raw red,Pettah
2019-01-16,3530.0,70.6,Raw red,Pettah
2019-01-17,3510.0,70.2,Raw red,Pettah
2019-01-18,3510.0,70.2,Raw red,Pettah
2019-01-21,3520.0,70.4,Raw red,Pettah
2019-01-22,3550.0,71.0,Raw red,Pettah
2019-01-23,3570.0,71.4,Raw red,Pettah
2019-01-24,3480.0,69.6,Raw red,Pettah
2019-01-25,3480.0,69.6,Raw red,Pettah
2019-01-28,3520.0,70.4,Raw red,Pettah
2019-01-29,3460.0,69.2,Raw red,Pettah
2019-01-30,3450.0,69.0,Raw red,Pettah
2019-01-31,3540.0,70.8,Raw red,Pettah
2019-02-01,3440.0,68.8,Raw red,Pettah
2019-02-05,3440.0,68.8,Raw red,Pettah
2019-02-06,3440.0,68.8,Raw red,Pettah
2019-02-07,3410.0,68.2,Raw red,Pettah
2019-02-08,3440.0,68.8,Raw red,Pettah
2019-02-11,3450.0,69.0,Raw red,Pettah
2019-02-12,3460.0,69.2,Raw red,Pettah
2019-02-13,3460.0,69.2,Raw red,Pettah
2019-02-14,3440.0,68.8,Raw red,Pettah
2019-02-15,3430.0,68.6,Raw red,Pettah
2019-02-18,3400.0,68.0,Raw red,Pettah
2019-02-21,3412.5,68.25,Raw red,Pettah
2019-02-22,3310.0,66.2,Raw red,Pettah
2019-02-25,3310.0,66.2,Raw red,Pettah
2019-02-26,3310.0,66.2,Raw red,Pettah
2019-02-27,3320.0,66.4,Raw red,Pettah
2019-02-28,3320.0,66.4,Raw red,Pettah
2019-03-01,3310.0,66.2,Raw red,Pettah
2019-03-05,3300.0,66.0,Raw red,Pettah
2019-03-06,3290.0,65.8,Raw red,Pettah
2019-03-07,3340.0,66.8,Raw red,Pettah
2019-03-08,3440.0,68.8,Raw red,Pettah
2019-03-11,3360.0,67.2,Raw red,Pettah
2019-03-12,3340.0,66.8,Raw red,Pettah
2019-03-13,3300.0,66.0,Raw red,Pettah
2019-03-14,3330.0,66.6,Raw red,Pettah
2019-03-15,3290.0,65.8,Raw red,Pettah
2019-03-18,3260.0,65.2,Raw red,Pettah
2019-03-19,3290.0,65.8,Raw red,Pettah
2019-03-21,3300.0,66.0,Raw red,Pettah
2019-03-22,3260.0,65.2,Raw red,Pettah
2019-03-25,3240.0,64.8,Raw red,Pettah
2019-03-26,3250.0,65.0,Raw red,Pettah
2019-03-27,3300.0,66.0,Raw red,Pettah
2019-03-28,3260.0,65.2,Raw red,Pettah
2019-03-29,3300.0,66.0,Raw red,Pettah
2019-04-01,3330.0,66.6,Raw red,Pettah
2019-04-02,3230.0,64.6,Raw red,Pettah
2019-04-03,3280.0,65.6,Raw red,Pettah
2019-04-04,3290.0,65.8,Raw red,Pettah
2019-04-05,3300.0,66.0,Raw red,Pettah
2019-04-08,3280.0,65.6,Raw red,Pettah
2019-04-09,3240.0,64.8,Raw red,Pettah
2019-04-10,3300.0,66.0,Raw red,Pettah
2019-04-11,3310.0,66.2,Raw red,Pettah
2019-04-12,3320.0,66.4,Raw red,Pettah
2019-04-17,3320.0,66.4,Raw red,Pettah
2019-04-18,3300.0,66.0,Raw red,Pettah
2019-04-23,3270.0,65.4,Raw red,Pettah
2019-04-24,3320.0,66.4,Raw red,Pettah
2019-04-25,3320.0,66.4,Raw red,Pettah
2019-04-26,3350.0,67.0,Raw red,Pettah
2019-04-29,3330.0,66.6,Raw red,Pettah
2019-04-30,3250.0,65.0,Raw red,Pettah
2019-05-02,3320.0,66.4,Raw red,Pettah
2019-05-03,3310.0,66.2,Raw red,Pettah
2019-05-06,3360.0,67.2,Raw red,Pettah
2019-05-07,3330.0,66.6,Raw red,Pettah
2019-05-08,3430.0,68.6,Raw red,Pettah
2019-05-09,3340.0,66.8,Raw red,Pettah
2019-05-10,3370.0,67.4,Raw red,Pettah
2019-05-13,3440.0,68.8,Raw red,Pettah
2019-05-14,3380.0,67.6,Raw red,Pettah
2019-05-15,3370.0,67.4,Raw red,Pettah
2019-05-16,3420.0,68.4,Raw red,Pettah
2019-05-17,3360.0,67.2,Raw red,Pettah
2019-05-21,3420.0,68.4,Raw red,Pettah
2019-05-22,3430.0,68.6,Raw red,Pettah
2019-05-23,3440.0,68.8,Raw red,Pettah
2019-05-27,3440.0,68.8,Raw red,Pettah
2019-05-28,3450.0,69.0,Raw red,Pettah
2019-05-29,3440.0,68.8,Raw red,Pettah
2019-05-30,3420.0,68.4,Raw red,Pettah
2019-05-31,3420.0,68.4,Raw red,Pettah
2019-06-03,3440.0,68.8,Raw red,Pettah
2019-06-04,3440.0,68.8,Raw red,Pettah
2019-06-06,3450.0,69.0,Raw red,Pettah
2019-06-07,3410.0,68.2,Raw red,Pettah
2019-06-10,3410.0,68.2,Raw red,Pettah
2019-06-11,3410.0,68.2,Raw red,Pettah
2019-06-12,3390.0,67.8,Raw red,Pettah
2019-06-13,3390.0,67.8,Raw red,Pettah
2019-06-14,3340.0,66.8,Raw red,Pettah
2019-06-17,3440.0,68.8,Raw red,Pettah
2019-06-18,3350.0,67.0,Raw red,Pettah
2019-06-19,3350.0,67.0,Raw red,Pettah
2019-06-20,3360.0,67.2,Raw red,Pettah
2019-06-21,3340.0,66.8,Raw red,Pettah
2019-06-24,3350.0,67.0,Raw red,Pettah
2019-06-25,3340.0,66.8,Raw red,Pettah
2019-06-26,3320.0,66.4,Raw red,Pettah
2019-06-27,3320.0,66.4,Raw red,Pettah
2019-06-28,3320.0,66.4,Raw red,Pettah
2019-07-01,3340.0,66.8,Raw red,Pettah
2019-07-02,3330.0,66.6,Raw red,Pettah
2019-07-03,3340.0,66.8,Raw red,Pettah
2019-07-04,3320.0,66.4,Raw red,Pettah
2019-07-05,3320.0,66.4,Raw red,Pettah
2019-07-08,3320.0,66.4,Raw red,Pettah
2019-07-09,3330.0,66.6,Raw red,Pettah
2019-07-10,3330.0,66.6,Raw red,Pettah
2019-07-11,3320.0,66.4,Raw red,Pettah
2019-07-12,3330.0,66.6,Raw red,Pettah
2019-07-15,3440.0,68.8,Raw red,Pettah
2019-07-17,3440.0,68.8,Raw red,Pettah
2019-07-18,3430.0,68.6,Raw red,Pettah
2019-07-19,3450.0,69.0,Raw red,Pettah
2019-07-23,3480.0,69.6,Raw red,Pettah
2019-07-24,3500.0,70.0,Raw red,Pettah
2019-07-25,3460.0,69.2,Raw red,Pettah
2019-07-26,3460.0,69.2,Raw red,Pettah
2019-07-29,3540.0,70.8,Raw red,Pettah
2019-07-30,3500.0,70.0,Raw red,Pettah
2019-08-02,3560.0,71.2,Raw red,Pettah
2019-08-06,3590.0,71.8,Raw red,Pettah
2019-08-07,3600.0,72.0,Raw red,Pettah
2019-08-08,3620.0,72.4,Raw red,Pettah
2019-08-09,3620.0,72.4,Raw red,Pettah
2019-08-13,3650.0,73.0,Raw red,Pettah
2019-08-15,3560.0,71.2,Raw red,Pettah
2019-08-16,3570.0,71.4,Raw red,Pettah
2019-08-19,3590.0,71.8,Raw red,Pettah
2019-08-20,3640.0,72.8,Raw red,Pettah
2019-08-21,3640.0,72.8,Raw red,Pettah
2019-08-22,3630.0,72.6,Raw red,Pettah
2019-08-23,3620.0,72.4,Raw red,Pettah
2019-08-26,3550.0,71.0,Raw red,Pettah
2019-08-27,3630.0,72.6,Raw red,Pettah
2019-08-28,3620.0,72.4,Raw red,Pettah
2019-08-29,3630.0,72.6,Raw red,Pettah
2019-08-30,3630.0,72.6,Raw red,Pettah
2019-09-03,3670.0,73.4,Raw red,Pettah
2019-09-04,3690.0,73.8,Raw red,Pettah
2019-09-05,3690.0,73.8,Raw red,Pettah
2019-09-06,3690.0,73.8,Raw red,Pettah
2019-09-09,3730.0,74.6,Raw red,Pettah
2019-09-10,3730.0,74.6,Raw red,Pettah
2019-09-12,3890.0,77.8,Raw red,Pettah
2019-09-16,3830.0,76.6,Raw red,Pettah
2019-09-17,3960.0,79.2,Raw red,Pettah
2019-09-18,3910.0,78.2,Raw red,Pettah
2019-09-19,3950.0,79.0,Raw red,Pettah
2019-09-20,3960.0,79.2,Raw red,Pettah
2019-09-23,3970.0,79.4,Raw red,Pettah
2019-09-24,3980.0,79.6,Raw red,Pettah
2019-09-25,3960.0,79.2,Raw red,Pettah
2019-09-26,3950.0,79.0,Raw red,Pettah
2019-09-27,3990.0,79.8,Raw red,Pettah
2019-09-30,3980.0,79.6,Raw red,Pettah
2019-10-01,3950.0,79.0,Raw red,Pettah
2019-10-02,3950.0,79.0,Raw red,Pettah
2019-10-03,3970.0,79.4,Raw red,Pettah
2019-10-04,3970.0,79.4,Raw red,Pettah
2019-10-07,3990.0,79.8,Raw red,Pettah
2019-10-08,4040.0,80.8,Raw red,Pettah
2019-10-09,4040.0,80.8,Raw red,Pettah
2019-10-10,4040.0,80.8,Raw red,Pettah
2019-10-11,4040.0,80.8,Raw red,Pettah
2019-10-14,4060.0,81.2,Raw red,Pettah
2019-10-15,4140.0,82.8,Raw red,Pettah
2019-10-16,4220.0,84.4,Raw red,Pettah
2019-10-17,4230.0,84.6,Raw red,Pettah
2019-10-18,4230.0,84.6,Raw red,Pettah
2019-10-21,4230.0,84.6,Raw red,Pettah
2019-10-22,4220.0,84.4,Raw red,Pettah
2019-10-23,4230.0,84.6,Raw red,Pettah
2019-10-24,4230.0,84.6,Raw red,Pettah
2019-10-25,4230.0,84.6,Raw red,Pettah
2019-10-28,4340.0,86.8,Raw red,Pettah
2019-10-29,4340.0,86.8,Raw red,Pettah
2019-10-30,4440.0,88.8,Raw red,Pettah
2019-10-31,4450.0,89.0,Raw red,Pettah
2019-11-01,4450.0,89.0,Raw red,Pettah
2019-11-04,4460.0,89.2,Raw red,Pettah
2019-11-05,4480.0,89.6,Raw red,Pettah
2019-11-06,4490.0,89.8,Raw red,Pettah
2019-11-07,4460.0,89.2,Raw red,Pettah
2019-11-08,4460.0,89.2,Raw red,Pettah
2019-11-11,4490.0,89.8,Raw red,Pettah
2019-11-13,4490.0,89.8,Raw red,Pettah
2019-11-14,4470.0,89.4,Raw red,Pettah
2019-11-15,4460.0,89.2,Raw red,Pettah
2019-11-18,4480.0,89.6,Raw red,Pettah
2019-11-19,4490.0,89.8,Raw red,Pettah
2019-11-20,4520.0,90.4,Raw red,Pettah
2019-11-21,4510.0,90.2,Raw red,Pettah
2019-11-22,4500.0,90.0,Raw red,Pettah
2019-11-25,4750.0,95.0,Raw red,Pettah
2019-11-26,4840.0,96.8,Raw red,Pettah
2019-11-27,4900.0,98.0,Raw red,Pettah
2019-11-28,4880.0,97.6,Raw red,Pettah
2019-11-29,4950.0,99.0,Raw red,Pettah
2019-12-02,4940.0,98.8,Raw red,Pettah
2019-12-03,5060.0,101.2,Raw red,Pettah
2019-12-04,5060.0,101.2,Raw red,Pettah
2019-12-05,5100.0,102.0,Raw red,Pettah
2019-12-06,5120.0,102.4,Raw red,Pettah
2019-12-09,5120.0,102.4,Raw red,Pettah
2019-12-10,5130.0,102.6,Raw red,Pettah
2019-12-12,5130.0,102.6,Raw red,Pettah
2019-12-13,5160.0,103.2,Raw red,Pettah
2019-12-16,5240.0,104.8,Raw red,Pettah
2019-12-17,5280.0,105.6,Raw red,Pettah
2019-12-18,5410.0,108.2,Raw red,Pettah
2019-12-19,5250.0,105.0,Raw red,Pettah
2019-12-20,5190.0,103.8,Raw red,Pettah
2019-12-23,5060.0,101.2,Raw red,Pettah
2019-12-24,5225.0,104.5,Raw red,Pettah
2019-12-26,5225.0,104.5,Raw red,Pettah
2020-01-06,5500.0,110.0,Raw red,Pettah
2020-01-07,5500.0,110.0,Raw red,Pettah
2020-01-08,5450.0,109.0,Raw red,Pettah
2020-01-09,5450.0,109.0,Raw red,Pettah
2020-01-13,5275.0,105.5,Raw red,Pettah
2020-01-14,5083.33,101.6666,Raw red,Pettah
2020-01-16,5190.0,103.8,Raw red,Pettah
2020-01-17,5050.0,101.0,Raw red,Pettah
2020-01-20,5183.33,103.6666,Raw red,Pettah
2020-01-21,5125.0,102.5,Raw red,Pettah
2020-01-22,5150.0,103.0,Raw red,Pettah
2020-01-23,5000.0,100.0,Raw red,Pettah
2020-01-24,4980.0,99.6,Raw red,Pettah
2020-01-27,4860.0,97.2,Raw red,Pettah
2020-01-28,4650.0,93.0,Raw red,Pettah
2020-01-29,4740.0,94.8,Raw red,Pettah
2020-01-30,4870.0,97.4,Raw red,Pettah
2020-01-31,4730.0,94.6,Raw red,Pettah
2020-02-03,4610.0,92.2,Raw red,Pettah
2020-02-05,4490.0,89.8,Raw red,Pettah
2020-02-06,4480.0,89.6,Raw red,Pettah
2020-02-07,4510.0,90.2,Raw red,Pettah
2020-02-10,4480.0,89.6,Raw red,Pettah
2020-02-11,4400.0,88.0,Raw red,Pettah
2020-02-12,4380.0,87.6,Raw red,Pettah
2020-02-13,4510.0,90.2,Raw red,Pettah
2020-02-14,4460.0,89.2,Raw red,Pettah
2020-02-17,4390.0,87.8,Raw red,Pettah
2020-02-18,4360.0,87.2,Raw red,Pettah
2020-02-19,4380.0,87.6,Raw red,Pettah
2020-02-20,4340.0,86.8,Raw red,Pettah
2020-02-24,4340.0,86.8,Raw red,Pettah
2020-02-25,4310.0,86.2,Raw red,Pettah
2020-02-26,4300.0,86.0,Raw red,Pettah
2020-02-27,4280.0,85.6,Raw red,Pettah
2020-02-28,4290.0,85.8,Raw red,Pettah
2020-03-02,4250.0,85.0,Raw red,Pettah
2020-03-03,4260.0,85.2,Raw red,Pettah
2020-03-04,4230.0,84.6,Raw red,Pettah
2020-03-05,4240.0,84.8,Raw red,Pettah
2020-03-06,4240.0,84.8,Raw red,Pettah
2020-03-10,4250.0,85.0,Raw red,Pettah
2020-03-11,4220.0,84.4,Raw red,Pettah
2020-03-12,4230.0,84.6,Raw red,Pettah
2020-03-13,4240.0,84.8,Raw red,Pettah
2020-06-15,4550.0,91.0,Raw red,Pettah
2020-06-16,4583.33,91.6666,Raw red,Pettah
2020-06-17,4600.0,92.0,Raw red,Pettah
2020-06-18,4600.0,92.0,Raw red,Pettah
2020-06-19,4600.0,92.0,Raw red,Pettah
2020-06-22,4500.0,90.0,Raw red,Pettah
2020-06-23,4466.67,89.3334,Raw red,Pettah
2020-06-24,4500.0,90.0,Raw red,Pettah
2020-06-25,4500.0,90.0,Raw red,Pettah
2020-06-26,4500.0,90.0,Raw red,Pettah
2020-06-29,4490.0,89.8,Raw red,Pettah
2020-06-30,4490.0,89.8,Raw red,Pettah
2020-07-01,4440.0,88.8,Raw red,Pettah
2020-07-02,4450.0,89.0,Raw red,Pettah
2020-07-03,4470.0,89.4,Raw red,Pettah
2020-07-06,4450.0,89.0,Raw red,Pettah
2020-07-07,4450.0,89.0,Raw red,Pettah
2020-07-08,4440.0,88.8,Raw red,Pettah
2020-07-09,4450.0,89.0,Raw red,Pettah
2020-07-10,4450.0,89.0,Raw red,Pettah
2020-07-13,4460.0,89.2,Raw red,Pettah
2020-07-14,4460.0,89.2,Raw red,Pettah
2020-07-15,4470.0,89.4,Raw red,Pettah
2020-07-16,4460.0,89.2,Raw red,Pettah
2020-07-17,4480.0,89.6,Raw red,Pettah
2020-07-20,4480.0,89.6,Raw red,Pettah
2020-07-21,4480.0,89.6,Raw red,Pettah
2020-07-22,4430.0,88.6,Raw red,Pettah
2020-07-23,4460.0,89.2,Raw red,Pettah
2020-07-24,4460.0,89.2,Raw red,Pettah
2020-07-27,4470.0,89.4,Raw red,Pettah
2020-07-28,4460.0,89.2,Raw red,Pettah
2020-07-29,4480.0,89.6,Raw red,Pettah
2020-07-30,4470.0,89.4,Raw red,Pettah
2020-07-31,4470.0,89.4,Raw red,Pettah
2020-08-04,4470.0,89.4,Raw red,Pettah
2020-08-06,4460.0,89.2,Raw red,Pettah
2020-08-07,4440.0,88.8,Raw red,Pettah
2020-08-10,4460.0,89.2,Raw red,Pettah
2020-08-11,4420.0,88.4,Raw red,Pettah
2020-08-12,4440.0,88.8,Raw red,Pettah
2020-08-13,4440.0,88.8,Raw red,Pettah
2020-08-14,4440.0,88.8,Raw red,Pettah
2020-08-17,4440.0,88.8,Raw red,Pettah
2020-08-18,4440.0,88.8,Raw red,Pettah
2020-08-19,4450.0,89.0,Raw red,Pettah
2020-08-20,4460.0,89.2,Raw red,Pettah
2020-08-21,4440.0,88.8,Raw red,Pettah
2020-08-24,4460.0,89.2,Raw red,Pettah
2020-08-25,4440.0,88.8,Raw red,Pettah
2020-08-26,4450.0,89.0,Raw red,Pettah
2020-08-27,4460.0,89.2,Raw red,Pettah
2020-08-28,4460.0,89.2,Raw red,Pettah
2020-08-31,4460.0,89.2,Raw red,Pettah
2020-09-02,4460.0,89.2,Raw red,Pettah
2020-09-08,4490.0,89.8,Raw red,Pettah
2020-09-09,4500.0,90.0,Raw red,Pettah
2020-09-10,4490.0,89.8,Raw red,Pettah
2020-09-11,4490.0,89.8,Raw red,Pettah
2020-09-14,4480.0,89.6,Raw red,Pettah
2020-09-15,4480.0,89.6,Raw red,Pettah
2020-09-16,4560.0,91.2,Raw red,Pettah
2020-09-17,4560.0,91.2,Raw red,Pettah
2020-09-18,4540.0,90.8,Raw red,Pettah
2020-09-21,4560.0,91.2,Raw red,Pettah
2020-09-22,4570.0,91.4,Raw red,Pettah
2020-09-23,4570.0,91.4,Raw red,Pettah
2020-09-24,4550.0,91.0,Raw red,Pettah
2020-09-25,4540.0,90.8,Raw red,Pettah
2020-09-29,4540.0,90.8,Raw red,Pettah
2020-10-01,4560.0,91.2,Raw red,Pettah
2020-10-02,4560.0,91.2,Raw red,Pettah
2020-10-05,4560.0,91.2,Raw red,Pettah
2020-10-23,4660.0,93.2,Raw red,Pettah
2020-10-26,4660.0,93.2,Raw red,Pettah
2020-11-12,4640.0,92.8,Raw red,Pettah
2020-11-13,4650.0,93.0,Raw red,Pettah
2020-11-16,4650.0,93.0,Raw red,Pettah
2021-02-01,4690.0,93.8,Raw red,Pettah
2021-05-10,4810.0,96.2,Raw red,Pettah
2021-05-11,4820.0,96.4,Raw red,Pettah
2021-05-13,4850.0,97.0,Raw red,Pettah
2021-05-17,4840.0,96.8,Raw red,Pettah
2021-05-18,4920.0,98.4,Raw red,Pettah
2021-05-19,4940.0,98.8,Raw red,Pettah
2021-05-20,4940.0,98.8,Raw red,Pettah
2021-07-12,4700.0,94.0,Raw red,Pettah
2021-07-13,4690.0,93.8,Raw red,Pettah
2021-07-14,4640.0,92.8,Raw red,Pettah
2021-07-15,4630.0,92.6,Raw red,Pettah
2021-07-19,4630.0,92.6,Raw red,Pettah
2021-07-20,4630.0,92.6,Raw red,Pettah
2021-07-22,4570.0,91.4,Raw red,Pettah
2021-07-26,4570.0,91.4,Raw red,Pettah
2021-07-27,4550.0,91.0,Raw red,Pettah
2021-07-28,4570.0,91.4,Raw red,Pettah
2021-07-29,4550.0,91.0,Raw red,Pettah
2021-07-30,4520.0,90.4,Raw red,Pettah
2021-08-02,4850.0,97.0,Raw red,Pettah
2021-08-03,4850.0,97.0,Raw red,Pettah
2021-08-04,4830.0,96.6,Raw red,Pettah
2021-08-05,4810.0,96.2,Raw red,Pettah
2021-08-06,4820.0,96.4,Raw red,Pettah
2021-08-09,4530.0,90.6,Raw red,Pettah
2021-08-11,4890.0,97.8,Raw red,Pettah
2021-08-12,4540.0,90.8,Raw red,Pettah
2021-08-13,4540.0,90.8,Raw red,Pettah
2021-08-16,4600.0,92.0,Raw red,Pettah
2021-08-17,5060.0,101.2,Raw red,Pettah
2021-08-18,4910.0,98.2,Raw red,Pettah
2021-08-19,4910.0,98.2,Raw red,Pettah
2021-08-20,4630.0,92.6,Raw red,Pettah
2021-08-24,4600.0,92.0,Raw red,Pettah
2021-08-25,4580.0,91.6,Raw red,Pettah
2021-09-01,4710.0,94.2,Raw red,Pettah
2021-09-02,4710.0,94.2,Raw red,Pettah
2021-09-06,4716.67,94.3334,Raw red,Pettah
2021-09-09,4575.0,91.5,Raw red,Pettah
2021-09-10,4580.0,91.6,Raw red,Pettah
2021-09-13,4690.0,93.8,Raw red,Pettah
2021-09-14,4690.0,93.8,Raw red,Pettah
2021-09-15,4630.0,92.6,Raw red,Pettah
2021-09-16,4630.0,92.6,Raw red,Pettah
2021-09-17,4630.0,92.6,Raw red,Pettah
2021-09-21,4680.0,93.6,Raw red,Pettah
2021-09-22,4690.0,93.8,Raw red,Pettah
2021-09-23,4680.0,93.6,Raw red,Pettah
2021-09-24,4690.0,93.8,Raw red,Pettah
2021-09-27,4660.0,93.2,Raw red,Pettah
2021-09-28,4680.0,93.6,Raw red,Pettah
2021-09-29,4700.0,94.0,Raw red,Pettah
2021-09-30,4710.0,94.2,Raw red,Pettah
2021-10-01,4820.0,96.4,Raw red,Pettah
2021-10-04,506.0,10.12,Raw red,Pettah
2021-10-05,4960.0,99.2,Raw red,Pettah
2021-10-06,4960.0,99.2,Raw red,Pettah
2021-10-07,4980.0,99.6,Raw red,Pettah
2021-10-08,512.0,10.24,Raw red,Pettah
2021-10-11,5000.0,100.0,Raw red,Pettah
2021-10-12,4970.0,99.4,Raw red,Pettah
2021-10-13,506.0,10.12,Raw red,Pettah
2021-10-26,505.0,10.1,Raw red,Pettah
2021-10-27,6040.0,120.8,Raw red,Pettah
2021-10-28,6090.0,121.8,Raw red,Pettah
2021-10-29,6110.0,122.2,Raw red,Pettah
2021-11-01,6350.0,127.0,Raw red,Pettah
2021-11-02,6500.0,130.0,Raw red,Pettah
2021-11-03,6580.0,131.6,Raw red,Pettah
2015-06-22,4530.0,90.6,Samba 1,Pettah
2015-06-23,4520.0,90.4,Samba 1,Pettah
2015-06-24,4470.0,89.4,Samba 1,Pettah
2015-06-25,4530.0,90.6,Samba 1,Pettah
2015-06-26,4480.0,89.6,Samba 1,Pettah
2015-06-29,4530.0,90.6,Samba 1,Pettah
2015-06-30,4520.0,90.4,Samba 1,Pettah
2015-07-01,4510.0,90.2,Samba 1,Pettah
2015-07-02,4510.0,90.2,Samba 1,Pettah
2015-07-03,4480.0,89.6,Samba 1,Pettah
2015-07-06,4510.0,90.2,Samba 1,Pettah
2015-07-09,4490.0,89.8,Samba 1,Pettah
2015-07-10,4430.0,88.6,Samba 1,Pettah
2015-07-13,4470.0,89.4,Samba 1,Pettah
2015-07-14,4480.0,89.6,Samba 1,Pettah
2015-07-15,4460.0,89.2,Samba 1,Pettah
2015-07-16,4480.0,89.6,Samba 1,Pettah
2015-07-17,4470.0,89.4,Samba 1,Pettah
2015-07-20,4450.0,89.0,Samba 1,Pettah
2015-07-21,4520.0,90.4,Samba 1,Pettah
2015-07-22,4440.0,88.8,Samba 1,Pettah
2015-07-24,4490.0,89.8,Samba 1,Pettah
2015-07-27,4460.0,89.2,Samba 1,Pettah
2015-07-28,4440.0,88.8,Samba 1,Pettah
2015-07-29,4440.0,88.8,Samba 1,Pettah
2015-07-30,4450.0,89.0,Samba 1,Pettah
2015-08-03,4440.0,88.8,Samba 1,Pettah
2015-08-04,4460.0,89.2,Samba 1,Pettah
2015-08-05,4460.0,89.2,Samba 1,Pettah
2015-08-06,4430.0,88.6,Samba 1,Pettah
2015-08-07,4420.0,88.4,Samba 1,Pettah
2015-08-10,4460.0,89.2,Samba 1,Pettah
2015-08-11,4430.0,88.6,Samba 1,Pettah
2015-08-12,4430.0,88.6,Samba 1,Pettah
2015-08-13,4470.0,89.4,Samba 1,Pettah
2015-08-14,4440.0,88.8,Samba 1,Pettah
2015-08-20,4470.0,89.4,Samba 1,Pettah
2015-08-21,4460.0,89.2,Samba 1,Pettah
2015-08-24,4500.0,90.0,Samba 1,Pettah
2015-08-25,4500.0,90.0,Samba 1,Pettah
2015-08-26,4530.0,90.6,Samba 1,Pettah
2015-08-27,4570.0,91.4,Samba 1,Pettah
2015-08-28,4570.0,91.4,Samba 1,Pettah
2015-08-31,4570.0,91.4,Samba 1,Pettah
2015-09-01,4540.0,90.8,Samba 1,Pettah
2015-09-02,4590.0,91.8,Samba 1,Pettah
2015-09-03,4610.0,92.2,Samba 1,Pettah
2015-09-04,4610.0,92.2,Samba 1,Pettah
2015-09-07,4640.0,92.8,Samba 1,Pettah
2015-09-09,4620.0,92.4,Samba 1,Pettah
2015-09-10,4610.0,92.2,Samba 1,Pettah
2015-09-11,4590.0,91.8,Samba 1,Pettah
2015-09-14,4500.0,90.0,Samba 1,Pettah
2015-09-16,4620.0,92.4,Samba 1,Pettah
2015-09-17,4640.0,92.8,Samba 1,Pettah
2015-09-18,4650.0,93.0,Samba 1,Pettah
2015-09-21,4710.0,94.2,Samba 1,Pettah
2015-09-22,4700.0,94.0,Samba 1,Pettah
2015-09-23,4640.0,92.8,Samba 1,Pettah
2015-09-25,4620.0,92.4,Samba 1,Pettah
2015-09-28,4560.0,91.2,Samba 1,Pettah
2015-09-29,4530.0,90.6,Samba 1,Pettah
2015-10-01,4490.0,89.8,Samba 1,Pettah
2015-10-02,4510.0,90.2,Samba 1,Pettah
2015-10-05,4610.0,92.2,Samba 1,Pettah
2015-10-06,4630.0,92.6,Samba 1,Pettah
2015-10-07,4580.0,91.6,Samba 1,Pettah
2015-10-08,4620.0,92.4,Samba 1,Pettah
2015-10-09,4660.0,93.2,Samba 1,Pettah
2015-10-12,4750.0,95.0,Samba 1,Pettah
2015-10-13,4710.0,94.2,Samba 1,Pettah
2015-10-14,4730.0,94.6,Samba 1,Pettah
2015-10-15,4840.0,96.8,Samba 1,Pettah
2015-10-16,4730.0,94.6,Samba 1,Pettah
2015-10-19,4680.0,93.6,Samba 1,Pettah
2015-10-20,4690.0,93.8,Samba 1,Pettah
2015-10-21,4650.0,93.0,Samba 1,Pettah
2015-10-22,4680.0,93.6,Samba 1,Pettah
2015-10-23,4660.0,93.2,Samba 1,Pettah
2015-10-26,4760.0,95.2,Samba 1,Pettah
2015-10-28,4730.0,94.6,Samba 1,Pettah
2015-10-29,4720.0,94.4,Samba 1,Pettah
2015-10-30,4740.0,94.8,Samba 1,Pettah
2015-11-02,4740.0,94.8,Samba 1,Pettah
2015-11-03,4760.0,95.2,Samba 1,Pettah
2015-11-04,4700.0,94.0,Samba 1,Pettah
2015-11-05,4680.0,93.6,Samba 1,Pettah
2015-11-06,4770.0,95.4,Samba 1,Pettah
2015-11-09,4760.0,95.2,Samba 1,Pettah
2015-11-11,4820.0,96.4,Samba 1,Pettah
2015-11-12,4830.0,96.6,Samba 1,Pettah
2015-11-13,4790.0,95.8,Samba 1,Pettah
2015-11-16,4900.0,98.0,Samba 1,Pettah
2015-11-17,4880.0,97.6,Samba 1,Pettah
2015-11-18,4850.0,97.0,Samba 1,Pettah
2015-11-19,4820.0,96.4,Samba 1,Pettah
2015-11-20,4800.0,96.0,Samba 1,Pettah
2015-11-23,4820.0,96.4,Samba 1,Pettah
2015-11-24,4830.0,96.6,Samba 1,Pettah
2015-11-26,4790.0,95.8,Samba 1,Pettah
2015-11-27,4870.0,97.4,Samba 1,Pettah
2015-11-30,4840.0,96.8,Samba 1,Pettah
2015-12-01,4850.0,97.0,Samba 1,Pettah
2015-12-02,4850.0,97.0,Samba 1,Pettah
2015-12-03,4850.0,97.0,Samba 1,Pettah
2015-12-04,4850.0,97.0,Samba 1,Pettah
2015-12-07,4840.0,96.8,Samba 1,Pettah
2015-12-08,4850.0,97.0,Samba 1,Pettah
2015-12-09,4840.0,96.8,Samba 1,Pettah
2015-12-10,4860.0,97.2,Samba 1,Pettah
2015-12-11,4850.0,97.0,Samba 1,Pettah
2015-12-14,4850.0,97.0,Samba 1,Pettah
2015-12-15,4850.0,97.0,Samba 1,Pettah
2015-12-16,4850.0,97.0,Samba 1,Pettah
2015-12-17,4850.0,97.0,Samba 1,Pettah
2015-12-18,4840.0,96.8,Samba 1,Pettah
2015-12-20,4830.0,96.6,Samba 1,Pettah
2015-12-21,4830.0,96.6,Samba 1,Pettah
2015-12-22,4860.0,97.2,Samba 1,Pettah
2015-12-23,4840.0,96.8,Samba 1,Pettah
2015-12-28,4850.0,97.0,Samba 1,Pettah
2015-12-29,4850.0,97.0,Samba 1,Pettah
2015-12-30,4840.0,96.8,Samba 1,Pettah
2015-12-31,4830.0,96.6,Samba 1,Pettah
2016-01-04,4830.0,96.6,Samba 1,Pettah
2016-01-05,4850.0,97.0,Samba 1,Pettah
2016-01-06,4830.0,96.6,Samba 1,Pettah
2016-01-07,4820.0,96.4,Samba 1,Pettah
2016-01-08,4830.0,96.6,Samba 1,Pettah
2016-01-11,4820.0,96.4,Samba 1,Pettah
2016-01-12,4810.0,96.2,Samba 1,Pettah
2016-01-13,4800.0,96.0,Samba 1,Pettah
2016-01-14,4820.0,96.4,Samba 1,Pettah
2016-01-18,4810.0,96.2,Samba 1,Pettah
2016-01-19,4800.0,96.0,Samba 1,Pettah
2016-01-20,4790.0,95.8,Samba 1,Pettah
2016-01-21,4800.0,96.0,Samba 1,Pettah
2016-01-22,4790.0,95.8,Samba 1,Pettah
2016-01-25,4800.0,96.0,Samba 1,Pettah
2016-01-26,4800.0,96.0,Samba 1,Pettah
2016-01-27,4800.0,96.0,Samba 1,Pettah
2016-01-28,4770.0,95.4,Samba 1,Pettah
2016-01-29,4780.0,95.6,Samba 1,Pettah
2016-02-01,4800.0,96.0,Samba 1,Pettah
2016-02-02,4690.0,93.8,Samba 1,Pettah
2016-02-03,4790.0,95.8,Samba 1,Pettah
2016-02-05,4680.0,93.6,Samba 1,Pettah
2016-02-08,4680.0,93.6,Samba 1,Pettah
2016-02-09,4680.0,93.6,Samba 1,Pettah
2016-02-10,4710.0,94.2,Samba 1,Pettah
2016-02-11,4710.0,94.2,Samba 1,Pettah
2016-02-12,4710.0,94.2,Samba 1,Pettah
2016-02-15,4680.0,93.6,Samba 1,Pettah
2016-02-16,4530.0,90.6,Samba 1,Pettah
2016-02-17,4550.0,91.0,Samba 1,Pettah
2016-02-18,4600.0,92.0,Samba 1,Pettah
2016-02-19,4560.0,91.2,Samba 1,Pettah
2016-02-23,4700.0,94.0,Samba 1,Pettah
2016-02-24,4680.0,93.6,Samba 1,Pettah
2016-02-25,4650.0,93.0,Samba 1,Pettah
2016-02-26,4570.0,91.4,Samba 1,Pettah
2016-02-29,4530.0,90.6,Samba 1,Pettah
2016-03-01,4490.0,89.8,Samba 1,Pettah
2016-03-02,4390.0,87.8,Samba 1,Pettah
2016-03-03,4390.0,87.8,Samba 1,Pettah
2016-03-04,4410.0,88.2,Samba 1,Pettah
2016-03-08,4380.0,87.6,Samba 1,Pettah
2016-03-09,4400.0,88.0,Samba 1,Pettah
2016-03-10,4320.0,86.4,Samba 1,Pettah
2016-03-11,4350.0,87.0,Samba 1,Pettah
2016-03-14,4410.0,88.2,Samba 1,Pettah
2016-03-15,4340.0,86.8,Samba 1,Pettah
2016-03-16,4410.0,88.2,Samba 1,Pettah
2016-03-17,4390.0,87.8,Samba 1,Pettah
2016-03-18,4320.0,86.4,Samba 1,Pettah
2016-03-21,4310.0,86.2,Samba 1,Pettah
2016-03-23,4330.0,86.6,Samba 1,Pettah
2016-03-24,4300.0,86.0,Samba 1,Pettah
2016-03-28,4230.0,84.6,Samba 1,Pettah
2016-03-29,4240.0,84.8,Samba 1,Pettah
2016-03-30,4240.0,84.8,Samba 1,Pettah
2016-03-31,4230.0,84.6,Samba 1,Pettah
2016-04-01,4210.0,84.2,Samba 1,Pettah
2016-04-04,4220.0,84.4,Samba 1,Pettah
2016-04-05,4260.0,85.2,Samba 1,Pettah
2016-04-06,4220.0,84.4,Samba 1,Pettah
2016-04-07,4220.0,84.4,Samba 1,Pettah
2016-04-08,4220.0,84.4,Samba 1,Pettah
2016-04-11,4220.0,84.4,Samba 1,Pettah
2016-04-18,4260.0,85.2,Samba 1,Pettah
2016-04-19,4230.0,84.6,Samba 1,Pettah
2016-04-20,4210.0,84.2,Samba 1,Pettah
2016-04-22,4220.0,84.4,Samba 1,Pettah
2016-04-25,4250.0,85.0,Samba 1,Pettah
2016-04-26,4240.0,84.8,Samba 1,Pettah
2016-04-27,4250.0,85.0,Samba 1,Pettah
2016-04-28,4230.0,84.6,Samba 1,Pettah
2016-04-29,4270.0,85.4,Samba 1,Pettah
2016-05-02,4260.0,85.2,Samba 1,Pettah
2016-05-03,4230.0,84.6,Samba 1,Pettah
2016-05-04,4240.0,84.8,Samba 1,Pettah
2016-05-05,4250.0,85.0,Samba 1,Pettah
2016-05-06,4270.0,85.4,Samba 1,Pettah
2016-05-09,4260.0,85.2,Samba 1,Pettah
2016-05-10,4310.0,86.2,Samba 1,Pettah
2016-05-11,4330.0,86.6,Samba 1,Pettah
2016-05-12,4330.0,86.6,Samba 1,Pettah
2016-05-13,4310.0,86.2,Samba 1,Pettah
2016-05-16,4340.0,86.8,Samba 1,Pettah
2016-05-17,4360.0,87.2,Samba 1,Pettah
2016-05-18,4360.0,87.2,Samba 1,Pettah
2016-05-19,4350.0,87.0,Samba 1,Pettah
2016-05-20,4400.0,88.0,Samba 1,Pettah
2016-05-23,4360.0,87.2,Samba 1,Pettah
2016-05-24,4400.0,88.0,Samba 1,Pettah
2016-05-25,4370.0,87.4,Samba 1,Pettah
2016-05-26,4440.0,88.8,Samba 1,Pettah
2016-05-27,4390.0,87.8,Samba 1,Pettah
2016-05-30,4420.0,88.4,Samba 1,Pettah
2016-05-31,4390.0,87.8,Samba 1,Pettah
2016-06-01,4400.0,88.0,Samba 1,Pettah
2016-06-02,4360.0,87.2,Samba 1,Pettah
2016-06-03,4390.0,87.8,Samba 1,Pettah
2016-06-06,4430.0,88.6,Samba 1,Pettah
2016-06-07,4390.0,87.8,Samba 1,Pettah
2016-06-08,4360.0,87.2,Samba 1,Pettah
2016-06-09,4380.0,87.6,Samba 1,Pettah
2016-06-10,4360.0,87.2,Samba 1,Pettah
2016-06-13,4360.0,87.2,Samba 1,Pettah
2016-06-14,4360.0,87.2,Samba 1,Pettah
2016-06-15,4360.0,87.2,Samba 1,Pettah
2016-06-16,4370.0,87.4,Samba 1,Pettah
2016-06-17,4380.0,87.6,Samba 1,Pettah
2016-06-20,4380.0,87.6,Samba 1,Pettah
2016-06-21,4330.0,86.6,Samba 1,Pettah
2016-06-22,4340.0,86.8,Samba 1,Pettah
2016-06-23,4340.0,86.8,Samba 1,Pettah
2016-06-24,4340.0,86.8,Samba 1,Pettah
2016-06-27,4310.0,86.2,Samba 1,Pettah
2016-06-28,4320.0,86.4,Samba 1,Pettah
2016-06-29,4320.0,86.4,Samba 1,Pettah
2016-06-30,4320.0,86.4,Samba 1,Pettah
2016-07-01,4320.0,86.4,Samba 1,Pettah
2016-07-04,4320.0,86.4,Samba 1,Pettah
2016-07-05,4320.0,86.4,Samba 1,Pettah
2016-07-06,4320.0,86.4,Samba 1,Pettah
2016-07-07,4320.0,86.4,Samba 1,Pettah
2016-07-08,4310.0,86.2,Samba 1,Pettah
2016-07-11,4300.0,86.0,Samba 1,Pettah
2016-07-12,4290.0,85.8,Samba 1,Pettah
2016-07-13,4310.0,86.2,Samba 1,Pettah
2016-07-14,4290.0,85.8,Samba 1,Pettah
2016-07-15,4290.0,85.8,Samba 1,Pettah
2016-07-18,4300.0,86.0,Samba 1,Pettah
2016-07-20,4290.0,85.8,Samba 1,Pettah
2016-07-21,4290.0,85.8,Samba 1,Pettah
2016-07-22,4300.0,86.0,Samba 1,Pettah
2016-07-25,4290.0,85.8,Samba 1,Pettah
2016-07-26,4290.0,85.8,Samba 1,Pettah
2016-07-27,4290.0,85.8,Samba 1,Pettah
2016-07-28,4290.0,85.8,Samba 1,Pettah
2016-07-29,4270.0,85.4,Samba 1,Pettah
2016-08-01,4280.0,85.6,Samba 1,Pettah
2016-08-02,4280.0,85.6,Samba 1,Pettah
2016-08-03,4290.0,85.8,Samba 1,Pettah
2016-08-04,4270.0,85.4,Samba 1,Pettah
2016-08-05,4270.0,85.4,Samba 1,Pettah
2016-08-08,4260.0,85.2,Samba 1,Pettah
2016-08-09,4270.0,85.4,Samba 1,Pettah
2016-08-10,4270.0,85.4,Samba 1,Pettah
2016-08-11,4210.0,84.2,Samba 1,Pettah
2016-08-12,4230.0,84.6,Samba 1,Pettah
2016-08-15,4250.0,85.0,Samba 1,Pettah
2016-08-16,4210.0,84.2,Samba 1,Pettah
2016-08-18,4270.0,85.4,Samba 1,Pettah
2016-08-19,4230.0,84.6,Samba 1,Pettah
2016-08-22,4290.0,85.8,Samba 1,Pettah
2016-08-23,4220.0,84.4,Samba 1,Pettah
2016-08-24,4230.0,84.6,Samba 1,Pettah
2016-08-29,4190.0,83.8,Samba 1,Pettah
2016-08-30,4140.0,82.8,Samba 1,Pettah
2016-08-31,4160.0,83.2,Samba 1,Pettah
2016-09-01,4170.0,83.4,Samba 1,Pettah
2016-09-02,4210.0,84.2,Samba 1,Pettah
2016-09-05,4200.0,84.0,Samba 1,Pettah
2016-09-06,4150.0,83.0,Samba 1,Pettah
2016-09-07,4180.0,83.6,Samba 1,Pettah
2016-09-08,4180.0,83.6,Samba 1,Pettah
2016-09-09,4180.0,83.6,Samba 1,Pettah
2016-09-13,4190.0,83.8,Samba 1,Pettah
2016-09-14,4190.0,83.8,Samba 1,Pettah
2016-09-15,4200.0,84.0,Samba 1,Pettah
2016-09-19,4190.0,83.8,Samba 1,Pettah
2016-09-20,4200.0,84.0,Samba 1,Pettah
2016-09-21,4230.0,84.6,Samba 1,Pettah
2016-09-22,4260.0,85.2,Samba 1,Pettah
2016-09-23,4240.0,84.8,Samba 1,Pettah
2016-09-26,4290.0,85.8,Samba 1,Pettah
2016-09-27,4340.0,86.8,Samba 1,Pettah
2016-09-28,4360.0,87.2,Samba 1,Pettah
2016-09-29,4340.0,86.8,Samba 1,Pettah
2016-09-30,4340.0,86.8,Samba 1,Pettah
2016-10-03,4340.0,86.8,Samba 1,Pettah
2016-10-04,4370.0,87.4,Samba 1,Pettah
2016-10-05,4360.0,87.2,Samba 1,Pettah
2016-10-06,4380.0,87.6,Samba 1,Pettah
2016-10-07,4480.0,89.6,Samba 1,Pettah
2016-10-10,4470.0,89.4,Samba 1,Pettah
2016-10-11,4441.67,88.8334,Samba 1,Pettah
2016-10-12,4380.0,87.6,Samba 1,Pettah
2016-10-13,4420.0,88.4,Samba 1,Pettah
2016-10-14,4470.0,89.4,Samba 1,Pettah
2016-10-17,4430.0,88.6,Samba 1,Pettah
2016-10-18,4490.0,89.8,Samba 1,Pettah
2016-10-19,4470.0,89.4,Samba 1,Pettah
2016-10-20,4470.0,89.4,Samba 1,Pettah
2016-10-21,4430.0,88.6,Samba 1,Pettah
2016-10-24,4470.0,89.4,Samba 1,Pettah
2016-10-25,4410.0,88.2,Samba 1,Pettah
2016-10-26,4460.0,89.2,Samba 1,Pettah
2016-10-27,4410.0,88.2,Samba 1,Pettah
2016-10-28,4470.0,89.4,Samba 1,Pettah
2016-10-31,4400.0,88.0,Samba 1,Pettah
2016-11-01,4440.0,88.8,Samba 1,Pettah
2016-11-02,4460.0,89.2,Samba 1,Pettah
2016-11-03,4440.0,88.8,Samba 1,Pettah
2016-11-04,4410.0,88.2,Samba 1,Pettah
2016-11-07,4490.0,89.8,Samba 1,Pettah
2016-11-08,4510.0,90.2,Samba 1,Pettah
2016-11-09,4530.0,90.6,Samba 1,Pettah
2016-11-10,4510.0,90.2,Samba 1,Pettah
2016-11-11,4570.0,91.4,Samba 1,Pettah
2016-11-15,4510.0,90.2,Samba 1,Pettah
2016-11-16,4560.0,91.2,Samba 1,Pettah
2016-11-17,4610.0,92.2,Samba 1,Pettah
2016-11-18,4625.0,92.5,Samba 1,Pettah
2016-11-21,4590.0,91.8,Samba 1,Pettah
2016-11-22,4700.0,94.0,Samba 1,Pettah
2016-11-23,4716.67,94.3334,Samba 1,Pettah
2016-11-24,4650.0,93.0,Samba 1,Pettah
2016-11-25,4710.0,94.2,Samba 1,Pettah
2016-11-28,4680.0,93.6,Samba 1,Pettah
2016-11-29,4690.0,93.8,Samba 1,Pettah
2016-11-30,4720.0,94.4,Samba 1,Pettah
2016-12-01,4740.0,94.8,Samba 1,Pettah
2016-12-02,4740.0,94.8,Samba 1,Pettah
2016-12-05,4710.0,94.2,Samba 1,Pettah
2016-12-06,4710.0,94.2,Samba 1,Pettah
2016-12-07,4710.0,94.2,Samba 1,Pettah
2016-12-08,4750.0,95.0,Samba 1,Pettah
2016-12-09,4720.0,94.4,Samba 1,Pettah
2016-12-14,4720.0,94.4,Samba 1,Pettah
2016-12-15,4720.0,94.4,Samba 1,Pettah
2016-12-16,4710.0,94.2,Samba 1,Pettah
2016-12-19,4670.0,93.4,Samba 1,Pettah
2016-12-20,4710.0,94.2,Samba 1,Pettah
2016-12-21,4710.0,94.2,Samba 1,Pettah
2016-12-22,4730.0,94.6,Samba 1,Pettah
2016-12-23,4710.0,94.2,Samba 1,Pettah
2016-12-26,4710.0,94.2,Samba 1,Pettah
2016-12-27,4720.0,94.4,Samba 1,Pettah
2016-12-28,4730.0,94.6,Samba 1,Pettah
2016-12-29,4680.0,93.6,Samba 1,Pettah
2016-12-30,4750.0,95.0,Samba 1,Pettah
2017-01-02,4710.0,94.2,Samba 1,Pettah
2017-01-03,4700.0,94.0,Samba 1,Pettah
2017-01-04,4730.0,94.6,Samba 1,Pettah
2017-01-05,4730.0,94.6,Samba 1,Pettah
2017-01-06,4720.0,94.4,Samba 1,Pettah
2017-01-09,4690.0,93.8,Samba 1,Pettah
2017-01-10,4760.0,95.2,Samba 1,Pettah
2017-01-11,4740.0,94.8,Samba 1,Pettah
2017-01-13,4710.0,94.2,Samba 1,Pettah
2017-01-16,4700.0,94.0,Samba 1,Pettah
2017-01-17,4700.0,94.0,Samba 1,Pettah
2017-01-18,4660.0,93.2,Samba 1,Pettah
2017-01-19,4670.0,93.4,Samba 1,Pettah
2017-01-20,4610.0,92.2,Samba 1,Pettah
2017-01-23,4710.0,94.2,Samba 1,Pettah
2017-01-24,4770.0,95.4,Samba 1,Pettah
2017-01-25,4740.0,94.8,Samba 1,Pettah
2017-01-26,4820.0,96.4,Samba 1,Pettah
2017-01-27,4820.0,96.4,Samba 1,Pettah
2017-01-30,4880.0,97.6,Samba 1,Pettah
2017-01-31,4920.0,98.4,Samba 1,Pettah
2017-03-01,4483.33,89.6666,Samba 1,Pettah
2017-03-02,4487.5,89.75,Samba 1,Pettah
2017-03-03,4487.5,89.75,Samba 1,Pettah
2017-03-06,4462.5,89.25,Samba 1,Pettah
2017-03-07,4487.5,89.75,Samba 1,Pettah
2017-03-08,4470.0,89.4,Samba 1,Pettah
2017-03-09,4490.0,89.8,Samba 1,Pettah
2017-03-10,4450.0,89.0,Samba 1,Pettah
2017-03-13,4410.0,88.2,Samba 1,Pettah
2017-03-14,4450.0,89.0,Samba 1,Pettah
2017-03-15,4437.5,88.75,Samba 1,Pettah
2017-03-16,4462.5,89.25,Samba 1,Pettah
2017-03-17,4470.0,89.4,Samba 1,Pettah
2017-03-20,4450.0,89.0,Samba 1,Pettah
2017-03-21,4450.0,89.0,Samba 1,Pettah
2017-03-22,4400.0,88.0,Samba 1,Pettah
2017-03-23,4420.0,88.4,Samba 1,Pettah
2017-03-24,4410.0,88.2,Samba 1,Pettah
2017-03-27,4410.0,88.2,Samba 1,Pettah
2017-03-28,4400.0,88.0,Samba 1,Pettah
2017-03-29,4425.0,88.5,Samba 1,Pettah
2017-03-30,4420.0,88.4,Samba 1,Pettah
2017-03-31,4410.0,88.2,Samba 1,Pettah
2017-04-03,4420.0,88.4,Samba 1,Pettah
2017-04-04,4420.0,88.4,Samba 1,Pettah
2017-04-05,4450.0,89.0,Samba 1,Pettah
2017-04-06,4400.0,88.0,Samba 1,Pettah
2017-04-07,3630.0,72.6,Samba 1,Pettah
2017-04-11,4560.0,91.2,Samba 1,Pettah
2017-04-12,4460.0,89.2,Samba 1,Pettah
2017-04-17,4410.0,88.2,Samba 1,Pettah
2017-04-18,4450.0,89.0,Samba 1,Pettah
2017-04-19,4520.0,90.4,Samba 1,Pettah
2017-04-20,4500.0,90.0,Samba 1,Pettah
2017-04-21,4510.0,90.2,Samba 1,Pettah
2017-04-24,4580.0,91.6,Samba 1,Pettah
2017-04-25,4580.0,91.6,Samba 1,Pettah
2017-04-26,4470.0,89.4,Samba 1,Pettah
2017-04-27,4430.0,88.6,Samba 1,Pettah
2017-04-28,4700.0,94.0,Samba 1,Pettah
2017-05-02,4640.0,92.8,Samba 1,Pettah
2017-05-03,4675.0,93.5,Samba 1,Pettah
2017-05-04,4587.5,91.75,Samba 1,Pettah
2017-05-05,4437.5,88.75,Samba 1,Pettah
2017-05-08,4750.0,95.0,Samba 1,Pettah
2017-05-09,4637.5,92.75,Samba 1,Pettah
2017-05-12,4766.67,95.3334,Samba 1,Pettah
2017-05-15,4730.0,94.6,Samba 1,Pettah
2017-05-16,4610.0,92.2,Samba 1,Pettah
2017-05-17,4750.0,95.0,Samba 1,Pettah
2017-05-18,4740.0,94.8,Samba 1,Pettah
2017-05-19,4720.0,94.4,Samba 1,Pettah
2017-05-23,4760.0,95.2,Samba 1,Pettah
2017-05-24,4760.0,95.2,Samba 1,Pettah
2017-05-26,4966.67,99.3334,Samba 1,Pettah
2017-05-29,4850.0,97.0,Samba 1,Pettah
2017-05-30,4866.67,97.3334,Samba 1,Pettah
2017-05-31,4962.5,99.25,Samba 1,Pettah
2017-06-02,4987.5,99.75,Samba 1,Pettah
2017-06-05,4925.0,98.5,Samba 1,Pettah
2017-06-06,4962.5,99.25,Samba 1,Pettah
2017-06-07,4980.0,99.6,Samba 1,Pettah
2017-06-09,4920.0,98.4,Samba 1,Pettah
2017-06-12,4970.0,99.4,Samba 1,Pettah
2017-06-13,4950.0,99.0,Samba 1,Pettah
2017-06-14,4960.0,99.2,Samba 1,Pettah
2017-06-15,4960.0,99.2,Samba 1,Pettah
2017-06-16,4930.0,98.6,Samba 1,Pettah
2017-06-19,4910.0,98.2,Samba 1,Pettah
2017-06-20,4940.0,98.8,Samba 1,Pettah
2017-06-21,4960.0,99.2,Samba 1,Pettah
2017-06-22,4937.5,98.75,Samba 1,Pettah
2017-06-23,4930.0,98.6,Samba 1,Pettah
2017-06-27,4920.0,98.4,Samba 1,Pettah
2017-06-28,4910.0,98.2,Samba 1,Pettah
2017-06-29,4933.33,98.6666,Samba 1,Pettah
2017-06-30,4920.0,98.4,Samba 1,Pettah
2017-07-03,5010.0,100.2,Samba 1,Pettah
2017-07-04,4970.0,99.4,Samba 1,Pettah
2017-07-05,4930.0,98.6,Samba 1,Pettah
2017-07-06,4920.0,98.4,Samba 1,Pettah
2017-07-07,4900.0,98.0,Samba 1,Pettah
2017-07-10,4900.0,98.0,Samba 1,Pettah
2017-07-11,4900.0,98.0,Samba 1,Pettah
2017-07-12,4866.67,97.3334,Samba 1,Pettah
2017-07-13,4916.67,98.3334,Samba 1,Pettah
2017-07-14,4916.67,98.3334,Samba 1,Pettah
2017-07-17,4925.0,98.5,Samba 1,Pettah
2017-07-18,4900.0,98.0,Samba 1,Pettah
2017-07-19,4910.0,98.2,Samba 1,Pettah
2017-07-20,4910.0,98.2,Samba 1,Pettah
2017-07-21,4860.0,97.2,Samba 1,Pettah
2017-07-24,4941.67,98.8334,Samba 1,Pettah
2017-07-25,4925.0,98.5,Samba 1,Pettah
2017-07-26,4941.67,98.8334,Samba 1,Pettah
2017-07-27,4958.33,99.1666,Samba 1,Pettah
2017-07-28,4908.33,98.1666,Samba 1,Pettah
2017-07-31,4941.67,98.8334,Samba 1,Pettah
2017-08-01,4933.33,98.6666,Samba 1,Pettah
2017-08-02,4941.67,98.8334,Samba 1,Pettah
2017-08-03,4920.0,98.4,Samba 1,Pettah
2017-08-04,4908.33,98.1666,Samba 1,Pettah
2017-08-08,4866.67,97.3334,Samba 1,Pettah
2017-08-09,4883.33,97.6666,Samba 1,Pettah
2017-08-10,4900.0,98.0,Samba 1,Pettah
2017-08-11,4875.0,97.5,Samba 1,Pettah
2017-08-14,4891.67,97.8334,Samba 1,Pettah
2017-08-15,4875.0,97.5,Samba 1,Pettah
2017-08-16,4866.67,97.3334,Samba 1,Pettah
2017-08-17,4850.0,97.0,Samba 1,Pettah
2017-08-18,4816.67,96.3334,Samba 1,Pettah
2017-08-21,4900.0,98.0,Samba 1,Pettah
2017-08-22,4860.0,97.2,Samba 1,Pettah
2017-08-23,4900.0,98.0,Samba 1,Pettah
2017-08-24,4870.0,97.4,Samba 1,Pettah
2017-08-25,4875.0,97.5,Samba 1,Pettah
2017-08-28,4908.33,98.1666,Samba 1,Pettah
2017-08-29,4925.0,98.5,Samba 1,Pettah
2017-08-30,4900.0,98.0,Samba 1,Pettah
2017-08-31,4941.67,98.8334,Samba 1,Pettah
2017-09-04,4958.33,99.1666,Samba 1,Pettah
2017-09-06,4941.67,98.8334,Samba 1,Pettah
2017-09-07,4966.67,99.3334,Samba 1,Pettah
2017-09-08,5000.0,100.0,Samba 1,Pettah
2017-09-11,5083.33,101.6666,Samba 1,Pettah
2017-09-12,5016.67,100.3334,Samba 1,Pettah
2017-09-13,5016.67,100.3334,Samba 1,Pettah
2017-09-14,5108.33,102.1666,Samba 1,Pettah
2017-09-15,5083.33,101.6666,Samba 1,Pettah
2017-09-18,5241.67,104.8334,Samba 1,Pettah
2017-09-19,5208.33,104.1666,Samba 1,Pettah
2017-09-20,5258.33,105.1666,Samba 1,Pettah
2017-09-21,5275.0,105.5,Samba 1,Pettah
2017-09-22,5283.33,105.6666,Samba 1,Pettah
2017-09-25,5250.0,105.0,Samba 1,Pettah
2017-09-26,5275.0,105.5,Samba 1,Pettah
2017-09-27,5275.0,105.5,Samba 1,Pettah
2017-09-28,5275.0,105.5,Samba 1,Pettah
2017-09-29,5291.67,105.8334,Samba 1,Pettah
2017-10-02,5300.0,106.0,Samba 1,Pettah
2017-10-03,5316.67,106.3334,Samba 1,Pettah
2017-10-04,5341.67,106.8334,Samba 1,Pettah
2017-10-06,5333.33,106.6666,Samba 1,Pettah
2017-10-09,5333.33,106.6666,Samba 1,Pettah
2017-10-10,5300.0,106.0,Samba 1,Pettah
2017-10-11,5308.33,106.1666,Samba 1,Pettah
2017-10-12,5316.67,106.3334,Samba 1,Pettah
2017-10-13,5333.33,106.6666,Samba 1,Pettah
2017-10-16,5325.0,106.5,Samba 1,Pettah
2017-10-17,5308.33,106.1666,Samba 1,Pettah
2017-10-19,5325.0,106.5,Samba 1,Pettah
2017-10-20,5350.0,107.0,Samba 1,Pettah
2017-10-23,5350.0,107.0,Samba 1,Pettah
2017-10-24,5325.0,106.5,Samba 1,Pettah
2017-10-25,5350.0,107.0,Samba 1,Pettah
2017-10-26,5350.0,107.0,Samba 1,Pettah
2017-10-27,5333.33,106.6666,Samba 1,Pettah
2017-10-30,5341.67,106.8334,Samba 1,Pettah
2017-10-31,5333.33,106.6666,Samba 1,Pettah
2017-11-01,5375.0,107.5,Samba 1,Pettah
2017-11-02,5408.33,108.1666,Samba 1,Pettah
2017-11-06,5433.33,108.6666,Samba 1,Pettah
2017-11-07,5433.33,108.6666,Samba 1,Pettah
2017-11-08,5433.33,108.6666,Samba 1,Pettah
2017-11-09,5383.33,107.6666,Samba 1,Pettah
2017-11-10,5433.33,108.6666,Samba 1,Pettah
2017-11-13,5416.67,108.3334,Samba 1,Pettah
2017-11-14,5416.67,108.3334,Samba 1,Pettah
2017-11-15,5416.67,108.3334,Samba 1,Pettah
2017-11-16,5433.33,108.6666,Samba 1,Pettah
2017-11-17,5400.0,108.0,Samba 1,Pettah
2017-11-20,5400.0,108.0,Samba 1,Pettah
2017-11-21,5383.33,107.6666,Samba 1,Pettah
2017-11-22,5433.33,108.6666,Samba 1,Pettah
2017-11-23,5375.0,107.5,Samba 1,Pettah
2017-11-24,5480.0,109.6,Samba 1,Pettah
2017-11-27,5500.0,110.0,Samba 1,Pettah
2017-11-28,5462.5,109.25,Samba 1,Pettah
2017-11-29,5430.0,108.6,Samba 1,Pettah
2017-11-30,5570.0,111.4,Samba 1,Pettah
2017-12-04,5520.0,110.4,Samba 1,Pettah
2017-12-05,5416.67,108.3334,Samba 1,Pettah
2017-12-06,5462.5,109.25,Samba 1,Pettah
2017-12-07,5416.67,108.3334,Samba 1,Pettah
2017-12-08,5620.0,112.4,Samba 1,Pettah
2017-12-11,5620.0,112.4,Samba 1,Pettah
2017-12-12,5462.5,109.25,Samba 1,Pettah
2017-12-13,5460.0,109.2,Samba 1,Pettah
2017-12-14,5680.0,113.6,Samba 1,Pettah
2017-12-15,5500.0,110.0,Samba 1,Pettah
2017-12-18,5500.0,110.0,Samba 1,Pettah
2017-12-19,5500.0,110.0,Samba 1,Pettah
2017-12-20,5500.0,110.0,Samba 1,Pettah
2017-12-21,5537.5,110.75,Samba 1,Pettah
2017-12-22,5500.0,110.0,Samba 1,Pettah
2017-12-26,5525.0,110.5,Samba 1,Pettah
2017-12-27,5500.0,110.0,Samba 1,Pettah
2017-12-28,5525.0,110.5,Samba 1,Pettah
2017-12-29,5525.0,110.5,Samba 1,Pettah
2018-01-02,5525.0,110.5,Samba 1,Pettah
2018-01-03,5525.0,110.5,Samba 1,Pettah
2018-01-04,5500.0,110.0,Samba 1,Pettah
2018-01-05,5520.0,110.4,Samba 1,Pettah
2018-01-08,5520.0,110.4,Samba 1,Pettah
2018-01-09,5450.0,109.0,Samba 1,Pettah
2018-01-10,5500.0,110.0,Samba 1,Pettah
2018-01-11,5540.0,110.8,Samba 1,Pettah
2018-01-12,5525.0,110.5,Samba 1,Pettah
2018-01-15,5525.0,110.5,Samba 1,Pettah
2018-01-16,5525.0,110.5,Samba 1,Pettah
2018-01-17,5525.0,110.5,Samba 1,Pettah
2018-01-18,5525.0,110.5,Samba 1,Pettah
2018-01-19,5525.0,110.5,Samba 1,Pettah
2018-01-22,5525.0,110.5,Samba 1,Pettah
2018-01-23,5525.0,110.5,Samba 1,Pettah
2018-01-24,5450.0,109.0,Samba 1,Pettah
2018-01-25,5525.0,110.5,Samba 1,Pettah
2018-01-26,5525.0,110.5,Samba 1,Pettah
2018-01-29,5500.0,110.0,Samba 1,Pettah
2018-01-30,5525.0,110.5,Samba 1,Pettah
2018-02-01,5500.0,110.0,Samba 1,Pettah
2018-02-02,5525.0,110.5,Samba 1,Pettah
2018-02-05,5450.0,109.0,Samba 1,Pettah
2018-02-07,5410.0,108.2,Samba 1,Pettah
2018-02-08,5525.0,110.5,Samba 1,Pettah
2018-02-09,5512.5,110.25,Samba 1,Pettah
2018-02-12,5350.0,107.0,Samba 1,Pettah
2018-02-14,5390.0,107.8,Samba 1,Pettah
2018-02-15,5390.0,107.8,Samba 1,Pettah
2018-02-16,5410.0,108.2,Samba 1,Pettah
2018-02-19,5390.0,107.8,Samba 1,Pettah
2018-02-20,5380.0,107.6,Samba 1,Pettah
2018-02-21,5360.0,107.2,Samba 1,Pettah
2018-02-22,5320.0,106.4,Samba 1,Pettah
2018-02-23,5387.5,107.75,Samba 1,Pettah
2018-02-26,5450.0,109.0,Samba 1,Pettah
2018-02-27,5370.0,107.4,Samba 1,Pettah
2018-02-28,5430.0,108.6,Samba 1,Pettah
2018-03-02,5412.5,108.25,Samba 1,Pettah
2018-03-05,5430.0,108.6,Samba 1,Pettah
2018-03-06,5390.0,107.8,Samba 1,Pettah
2018-03-07,5380.0,107.6,Samba 1,Pettah
2018-03-08,5330.0,106.6,Samba 1,Pettah
2018-03-09,5350.0,107.0,Samba 1,Pettah
2018-03-12,5350.0,107.0,Samba 1,Pettah
2018-03-13,5380.0,107.6,Samba 1,Pettah
2018-03-14,5390.0,107.8,Samba 1,Pettah
2018-03-15,5390.0,107.8,Samba 1,Pettah
2018-03-16,5360.0,107.2,Samba 1,Pettah
2018-03-19,5370.0,107.4,Samba 1,Pettah
2018-03-20,5390.0,107.8,Samba 1,Pettah
2018-03-21,5390.0,107.8,Samba 1,Pettah
2018-03-22,5400.0,108.0,Samba 1,Pettah
2018-03-23,5410.0,108.2,Samba 1,Pettah
2018-03-26,5390.0,107.8,Samba 1,Pettah
2018-03-27,5390.0,107.8,Samba 1,Pettah
2018-03-28,5600.0,112.0,Samba 1,Pettah
2018-04-02,5610.0,112.2,Samba 1,Pettah
2018-04-03,5440.0,108.8,Samba 1,Pettah
2018-04-04,5460.0,109.2,Samba 1,Pettah
2018-04-05,5390.0,107.8,Samba 1,Pettah
2018-04-06,5430.0,108.6,Samba 1,Pettah
2018-04-09,5430.0,108.6,Samba 1,Pettah
2018-04-10,5430.0,108.6,Samba 1,Pettah
2018-04-11,5410.0,108.2,Samba 1,Pettah
2018-04-12,5550.0,111.0,Samba 1,Pettah
2018-04-17,5550.0,111.0,Samba 1,Pettah
2018-04-18,5430.0,108.6,Samba 1,Pettah
2018-04-19,5410.0,108.2,Samba 1,Pettah
2018-04-20,5430.0,108.6,Samba 1,Pettah
2018-04-23,5430.0,108.6,Samba 1,Pettah
2018-04-24,5430.0,108.6,Samba 1,Pettah
2018-04-25,5390.0,107.8,Samba 1,Pettah
2018-04-26,5430.0,108.6,Samba 1,Pettah
2018-04-27,5390.0,107.8,Samba 1,Pettah
2018-05-01,5410.0,108.2,Samba 1,Pettah
2018-05-02,5410.0,108.2,Samba 1,Pettah
2018-05-03,5430.0,108.6,Samba 1,Pettah
2018-05-04,5450.0,109.0,Samba 1,Pettah
2018-05-08,5430.0,108.6,Samba 1,Pettah
2018-05-09,5460.0,109.2,Samba 1,Pettah
2018-05-10,5460.0,109.2,Samba 1,Pettah
2018-05-11,5460.0,109.2,Samba 1,Pettah
2018-05-14,5430.0,108.6,Samba 1,Pettah
2018-05-15,5410.0,108.2,Samba 1,Pettah
2018-05-16,5450.0,109.0,Samba 1,Pettah
2018-05-17,5440.0,108.8,Samba 1,Pettah
2018-05-21,5410.0,108.2,Samba 1,Pettah
2018-05-22,5420.0,108.4,Samba 1,Pettah
2018-05-23,5460.0,109.2,Samba 1,Pettah
2018-05-24,5390.0,107.8,Samba 1,Pettah
2018-05-25,5390.0,107.8,Samba 1,Pettah
2018-05-28,5380.0,107.6,Samba 1,Pettah
2018-05-30,5390.0,107.8,Samba 1,Pettah
2018-05-31,5420.0,108.4,Samba 1,Pettah
2018-06-05,5420.0,108.4,Samba 1,Pettah
2018-06-06,5420.0,108.4,Samba 1,Pettah
2018-06-07,5420.0,108.4,Samba 1,Pettah
2018-06-08,5420.0,108.4,Samba 1,Pettah
2018-06-11,5390.0,107.8,Samba 1,Pettah
2018-06-12,5390.0,107.8,Samba 1,Pettah
2018-06-13,5400.0,108.0,Samba 1,Pettah
2018-06-14,5430.0,108.6,Samba 1,Pettah
2018-06-18,5440.0,108.8,Samba 1,Pettah
2018-06-19,5430.0,108.6,Samba 1,Pettah
2018-06-20,5390.0,107.8,Samba 1,Pettah
2018-06-21,5410.0,108.2,Samba 1,Pettah
2018-06-22,5460.0,109.2,Samba 1,Pettah
2018-06-25,5410.0,108.2,Samba 1,Pettah
2018-06-26,5410.0,108.2,Samba 1,Pettah
2018-06-28,5430.0,108.6,Samba 1,Pettah
2018-06-29,5400.0,108.0,Samba 1,Pettah
2018-07-02,5410.0,108.2,Samba 1,Pettah
2018-07-03,5380.0,107.6,Samba 1,Pettah
2018-07-04,5400.0,108.0,Samba 1,Pettah
2018-07-05,5410.0,108.2,Samba 1,Pettah
2018-07-06,5410.0,108.2,Samba 1,Pettah
2018-07-09,5410.0,108.2,Samba 1,Pettah
2018-07-10,5390.0,107.8,Samba 1,Pettah
2018-07-11,5390.0,107.8,Samba 1,Pettah
2018-07-12,5410.0,108.2,Samba 1,Pettah
2018-07-13,5400.0,108.0,Samba 1,Pettah
2018-07-16,5410.0,108.2,Samba 1,Pettah
2018-07-17,5410.0,108.2,Samba 1,Pettah
2018-07-18,5390.0,107.8,Samba 1,Pettah
2018-07-19,5360.0,107.2,Samba 1,Pettah
2018-07-20,5390.0,107.8,Samba 1,Pettah
2018-07-23,5410.0,108.2,Samba 1,Pettah
2018-07-24,5360.0,107.2,Samba 1,Pettah
2018-07-25,5410.0,108.2,Samba 1,Pettah
2018-07-26,5410.0,108.2,Samba 1,Pettah
2018-07-30,5390.0,107.8,Samba 1,Pettah
2018-07-31,5410.0,108.2,Samba 1,Pettah
2018-08-01,5410.0,108.2,Samba 1,Pettah
2018-08-02,5400.0,108.0,Samba 1,Pettah
2018-08-03,5410.0,108.2,Samba 1,Pettah
2018-08-06,5390.0,107.8,Samba 1,Pettah
2018-08-07,5410.0,108.2,Samba 1,Pettah
2018-08-08,5410.0,108.2,Samba 1,Pettah
2018-08-09,5400.0,108.0,Samba 1,Pettah
2018-08-10,5400.0,108.0,Samba 1,Pettah
2018-08-13,5410.0,108.2,Samba 1,Pettah
2018-08-14,5410.0,108.2,Samba 1,Pettah
2018-08-15,5380.0,107.6,Samba 1,Pettah
2018-08-16,5610.0,112.2,Samba 1,Pettah
2018-08-17,5410.0,108.2,Samba 1,Pettah
2018-08-20,5410.0,108.2,Samba 1,Pettah
2018-08-21,5430.0,108.6,Samba 1,Pettah
2018-08-23,5430.0,108.6,Samba 1,Pettah
2018-08-24,5410.0,108.2,Samba 1,Pettah
2018-08-27,5450.0,109.0,Samba 1,Pettah
2018-08-28,5450.0,109.0,Samba 1,Pettah
2018-08-29,5450.0,109.0,Samba 1,Pettah
2018-09-03,5410.0,108.2,Samba 1,Pettah
2018-09-04,5410.0,108.2,Samba 1,Pettah
2018-09-05,5410.0,108.2,Samba 1,Pettah
2018-09-06,5430.0,108.6,Samba 1,Pettah
2018-09-07,5410.0,108.2,Samba 1,Pettah
2018-09-10,5460.0,109.2,Samba 1,Pettah
2018-09-11,5430.0,108.6,Samba 1,Pettah
2018-09-12,5430.0,108.6,Samba 1,Pettah
2018-09-13,5430.0,108.6,Samba 1,Pettah
2018-09-14,5430.0,108.6,Samba 1,Pettah
2018-09-17,5450.0,109.0,Samba 1,Pettah
2018-09-18,5430.0,108.6,Samba 1,Pettah
2018-09-19,5430.0,108.6,Samba 1,Pettah
2018-09-20,5460.0,109.2,Samba 1,Pettah
2018-09-21,5430.0,108.6,Samba 1,Pettah
2018-09-25,5430.0,108.6,Samba 1,Pettah
2018-09-26,5410.0,108.2,Samba 1,Pettah
2018-09-27,5410.0,108.2,Samba 1,Pettah
2018-09-28,5410.0,108.2,Samba 1,Pettah
2018-10-01,5410.0,108.2,Samba 1,Pettah
2018-10-02,5400.0,108.0,Samba 1,Pettah
2018-10-03,5390.0,107.8,Samba 1,Pettah
2018-10-04,5360.0,107.2,Samba 1,Pettah
2018-10-05,5370.0,107.4,Samba 1,Pettah
2018-10-08,5370.0,107.4,Samba 1,Pettah
2018-10-09,5440.0,108.8,Samba 1,Pettah
2018-10-10,5440.0,108.8,Samba 1,Pettah
2018-10-11,5430.0,108.6,Samba 1,Pettah
2018-10-12,5390.0,107.8,Samba 1,Pettah
2018-10-15,5390.0,107.8,Samba 1,Pettah
2018-10-16,5400.0,108.0,Samba 1,Pettah
2018-10-17,5410.0,108.2,Samba 1,Pettah
2018-10-18,5420.0,108.4,Samba 1,Pettah
2018-10-19,5390.0,107.8,Samba 1,Pettah
2018-10-22,5390.0,107.8,Samba 1,Pettah
2018-10-23,5390.0,107.8,Samba 1,Pettah
2018-10-25,5391.67,107.8334,Samba 1,Pettah
2018-10-26,5410.0,108.2,Samba 1,Pettah
2018-10-29,5410.0,108.2,Samba 1,Pettah
2018-10-30,5390.0,107.8,Samba 1,Pettah
2018-10-31,5410.0,108.2,Samba 1,Pettah
2018-11-01,5420.0,108.4,Samba 1,Pettah
2018-11-02,5390.0,107.8,Samba 1,Pettah
2018-11-05,5380.0,107.6,Samba 1,Pettah
2018-11-07,5390.0,107.8,Samba 1,Pettah
2018-11-08,5380.0,107.6,Samba 1,Pettah
2018-11-09,5390.0,107.8,Samba 1,Pettah
2018-11-12,5390.0,107.8,Samba 1,Pettah
2018-11-13,5380.0,107.6,Samba 1,Pettah
2018-11-14,5420.0,108.4,Samba 1,Pettah
2018-11-15,5370.0,107.4,Samba 1,Pettah
2018-11-16,5420.0,108.4,Samba 1,Pettah
2018-11-19,5360.0,107.2,Samba 1,Pettah
2018-11-21,5360.0,107.2,Samba 1,Pettah
2018-11-23,5360.0,107.2,Samba 1,Pettah
2018-11-26,5350.0,107.0,Samba 1,Pettah
2018-11-27,5350.0,107.0,Samba 1,Pettah
2018-11-28,5360.0,107.2,Samba 1,Pettah
2018-11-29,5360.0,107.2,Samba 1,Pettah
2018-11-30,5380.0,107.6,Samba 1,Pettah
2018-12-03,5370.0,107.4,Samba 1,Pettah
2018-12-04,5380.0,107.6,Samba 1,Pettah
2018-12-05,5370.0,107.4,Samba 1,Pettah
2018-12-06,5390.0,107.8,Samba 1,Pettah
2018-12-07,5370.0,107.4,Samba 1,Pettah
2018-12-10,5390.0,107.8,Samba 1,Pettah
2018-12-11,5380.0,107.6,Samba 1,Pettah
2018-12-12,5350.0,107.0,Samba 1,Pettah
2018-12-13,5330.0,106.6,Samba 1,Pettah
2018-12-14,5460.0,109.2,Samba 1,Pettah
2018-12-17,5420.0,108.4,Samba 1,Pettah
2018-12-18,5420.0,108.4,Samba 1,Pettah
2018-12-19,5420.0,108.4,Samba 1,Pettah
2018-12-20,5420.0,108.4,Samba 1,Pettah
2018-12-21,5420.0,108.4,Samba 1,Pettah
2018-12-24,5390.0,107.8,Samba 1,Pettah
2018-12-26,5420.0,108.4,Samba 1,Pettah
2018-12-27,5420.0,108.4,Samba 1,Pettah
2018-12-28,5410.0,108.2,Samba 1,Pettah
2018-12-31,5390.0,107.8,Samba 1,Pettah
2019-01-01,5410.0,108.2,Samba 1,Pettah
2019-01-02,5390.0,107.8,Samba 1,Pettah
2019-01-03,5390.0,107.8,Samba 1,Pettah
2019-01-04,5390.0,107.8,Samba 1,Pettah
2019-01-07,5320.0,106.4,Samba 1,Pettah
2019-01-08,5390.0,107.8,Samba 1,Pettah
2019-01-09,5390.0,107.8,Samba 1,Pettah
2019-01-10,5390.0,107.8,Samba 1,Pettah
2019-01-11,5390.0,107.8,Samba 1,Pettah
2019-01-14,5420.0,108.4,Samba 1,Pettah
2019-01-16,5390.0,107.8,Samba 1,Pettah
2019-01-17,5410.0,108.2,Samba 1,Pettah
2019-01-18,5390.0,107.8,Samba 1,Pettah
2019-01-21,5410.0,108.2,Samba 1,Pettah
2019-01-22,5350.0,107.0,Samba 1,Pettah
2019-01-23,5450.0,109.0,Samba 1,Pettah
2019-01-24,5370.0,107.4,Samba 1,Pettah
2019-01-25,5340.0,106.8,Samba 1,Pettah
2019-01-28,5390.0,107.8,Samba 1,Pettah
2019-01-29,5450.0,109.0,Samba 1,Pettah
2019-01-30,5310.0,106.2,Samba 1,Pettah
2019-01-31,5460.0,109.2,Samba 1,Pettah
2019-02-01,5420.0,108.4,Samba 1,Pettah
2019-02-05,5420.0,108.4,Samba 1,Pettah
2019-02-06,5390.0,107.8,Samba 1,Pettah
2019-02-07,5370.0,107.4,Samba 1,Pettah
2019-02-08,5370.0,107.4,Samba 1,Pettah
2019-02-11,5360.0,107.2,Samba 1,Pettah
2019-02-12,5320.0,106.4,Samba 1,Pettah
2019-02-13,5400.0,108.0,Samba 1,Pettah
2019-02-14,5340.0,106.8,Samba 1,Pettah
2019-02-15,5300.0,106.0,Samba 1,Pettah
2019-02-18,5280.0,105.6,Samba 1,Pettah
2019-02-21,5350.0,107.0,Samba 1,Pettah
2019-02-22,5270.0,105.4,Samba 1,Pettah
2019-02-25,5270.0,105.4,Samba 1,Pettah
2019-02-26,5270.0,105.4,Samba 1,Pettah
2019-02-27,5280.0,105.6,Samba 1,Pettah
2019-02-28,5220.0,104.4,Samba 1,Pettah
2019-03-01,5200.0,104.0,Samba 1,Pettah
2019-03-05,5270.0,105.4,Samba 1,Pettah
2019-03-06,5280.0,105.6,Samba 1,Pettah
2019-03-07,5270.0,105.4,Samba 1,Pettah
2019-03-08,5280.0,105.6,Samba 1,Pettah
2019-03-11,5280.0,105.6,Samba 1,Pettah
2019-03-12,5280.0,105.6,Samba 1,Pettah
2019-03-13,5140.0,102.8,Samba 1,Pettah
2019-03-14,5140.0,102.8,Samba 1,Pettah
2019-03-15,5220.0,104.4,Samba 1,Pettah
2019-03-18,5220.0,104.4,Samba 1,Pettah
2019-03-19,5160.0,103.2,Samba 1,Pettah
2019-03-21,5220.0,104.4,Samba 1,Pettah
2019-03-22,5220.0,104.4,Samba 1,Pettah
2019-03-25,5210.0,104.2,Samba 1,Pettah
2019-03-26,5220.0,104.4,Samba 1,Pettah
2019-03-27,5190.0,103.8,Samba 1,Pettah
2019-03-28,5290.0,105.8,Samba 1,Pettah
2019-03-29,5310.0,106.2,Samba 1,Pettah
2019-04-01,5310.0,106.2,Samba 1,Pettah
2019-04-02,5300.0,106.0,Samba 1,Pettah
2019-04-03,5090.0,101.8,Samba 1,Pettah
2019-04-04,5090.0,101.8,Samba 1,Pettah
2019-04-05,4920.0,98.4,Samba 1,Pettah
2019-04-08,5100.0,102.0,Samba 1,Pettah
2019-04-09,4770.0,95.4,Samba 1,Pettah
2019-04-10,4900.0,98.0,Samba 1,Pettah
2019-04-11,4820.0,96.4,Samba 1,Pettah
2019-04-12,4900.0,98.0,Samba 1,Pettah
2019-04-17,5000.0,100.0,Samba 1,Pettah
2019-04-18,5070.0,101.4,Samba 1,Pettah
2019-04-23,5460.0,109.2,Samba 1,Pettah
2019-04-24,5340.0,106.8,Samba 1,Pettah
2019-04-25,5330.0,106.6,Samba 1,Pettah
2019-04-26,5310.0,106.2,Samba 1,Pettah
2019-04-29,5320.0,106.4,Samba 1,Pettah
2019-04-30,5140.0,102.8,Samba 1,Pettah
2019-05-02,5010.0,100.2,Samba 1,Pettah
2019-05-03,4970.0,99.4,Samba 1,Pettah
2019-05-06,4930.0,98.6,Samba 1,Pettah
2019-05-07,5010.0,100.2,Samba 1,Pettah
2019-05-08,4810.0,96.2,Samba 1,Pettah
2019-05-09,4860.0,97.2,Samba 1,Pettah
2019-05-10,4860.0,97.2,Samba 1,Pettah
2019-05-13,5040.0,100.8,Samba 1,Pettah
2019-05-14,4790.0,95.8,Samba 1,Pettah
2019-05-15,4810.0,96.2,Samba 1,Pettah
2019-05-16,4760.0,95.2,Samba 1,Pettah
2019-05-17,4770.0,95.4,Samba 1,Pettah
2019-05-21,4790.0,95.8,Samba 1,Pettah
2019-05-22,4740.0,94.8,Samba 1,Pettah
2019-05-23,4780.0,95.6,Samba 1,Pettah
2019-05-27,4780.0,95.6,Samba 1,Pettah
2019-05-28,4740.0,94.8,Samba 1,Pettah
2019-05-29,4760.0,95.2,Samba 1,Pettah
2019-05-30,4760.0,95.2,Samba 1,Pettah
2019-05-31,4710.0,94.2,Samba 1,Pettah
2019-06-03,4750.0,95.0,Samba 1,Pettah
2019-06-04,4750.0,95.0,Samba 1,Pettah
2019-06-06,4740.0,94.8,Samba 1,Pettah
2019-06-07,4712.0,94.24,Samba 1,Pettah
2019-06-10,4730.0,94.6,Samba 1,Pettah
2019-06-11,4760.0,95.2,Samba 1,Pettah
2019-06-12,4740.0,94.8,Samba 1,Pettah
2019-06-13,4740.0,94.8,Samba 1,Pettah
2019-06-14,4720.0,94.4,Samba 1,Pettah
2019-06-17,4720.0,94.4,Samba 1,Pettah
2019-06-18,4720.0,94.4,Samba 1,Pettah
2019-06-19,4720.0,94.4,Samba 1,Pettah
2019-06-20,4720.0,94.4,Samba 1,Pettah
2019-06-21,4710.0,94.2,Samba 1,Pettah
2019-06-24,4710.0,94.2,Samba 1,Pettah
2019-06-25,4730.0,94.6,Samba 1,Pettah
2019-06-26,4700.0,94.0,Samba 1,Pettah
2019-06-27,4700.0,94.0,Samba 1,Pettah
2019-06-28,4700.0,94.0,Samba 1,Pettah
2019-07-01,4660.0,93.2,Samba 1,Pettah
2019-07-02,4660.0,93.2,Samba 1,Pettah
2019-07-03,4680.0,93.6,Samba 1,Pettah
2019-07-04,4660.0,93.2,Samba 1,Pettah
2019-07-05,4650.0,93.0,Samba 1,Pettah
2019-07-08,4600.0,92.0,Samba 1,Pettah
2019-07-09,4550.0,91.0,Samba 1,Pettah
2019-07-10,4580.0,91.6,Samba 1,Pettah
2019-07-11,4580.0,91.6,Samba 1,Pettah
2019-07-12,4550.0,91.0,Samba 1,Pettah
2019-07-15,4370.0,87.4,Samba 1,Pettah
2019-07-17,4510.0,90.2,Samba 1,Pettah
2019-07-18,4550.0,91.0,Samba 1,Pettah
2019-07-19,4510.0,90.2,Samba 1,Pettah
2019-07-23,4430.0,88.6,Samba 1,Pettah
2019-07-24,4570.0,91.4,Samba 1,Pettah
2019-07-25,4510.0,90.2,Samba 1,Pettah
2019-07-26,4510.0,90.2,Samba 1,Pettah
2019-07-29,4470.0,89.4,Samba 1,Pettah
2019-07-30,4510.0,90.2,Samba 1,Pettah
2019-08-02,4460.0,89.2,Samba 1,Pettah
2019-08-06,4520.0,90.4,Samba 1,Pettah
2019-08-07,4560.0,91.2,Samba 1,Pettah
2019-08-08,4510.0,90.2,Samba 1,Pettah
2019-08-09,4510.0,90.2,Samba 1,Pettah
2019-08-13,4510.0,90.2,Samba 1,Pettah
2019-08-15,4510.0,90.2,Samba 1,Pettah
2019-08-16,4510.0,90.2,Samba 1,Pettah
2019-08-19,4510.0,90.2,Samba 1,Pettah
2019-08-20,4510.0,90.2,Samba 1,Pettah
2019-08-21,4510.0,90.2,Samba 1,Pettah
2019-08-22,4500.0,90.0,Samba 1,Pettah
2019-08-23,4510.0,90.2,Samba 1,Pettah
2019-08-26,4570.0,91.4,Samba 1,Pettah
2019-08-27,4530.0,90.6,Samba 1,Pettah
2019-08-28,4520.0,90.4,Samba 1,Pettah
2019-08-29,4520.0,90.4,Samba 1,Pettah
2019-08-30,4570.0,91.4,Samba 1,Pettah
2019-09-03,4570.0,91.4,Samba 1,Pettah
2019-09-04,4570.0,91.4,Samba 1,Pettah
2019-09-05,4580.0,91.6,Samba 1,Pettah
2019-09-06,4580.0,91.6,Samba 1,Pettah
2019-09-09,4590.0,91.8,Samba 1,Pettah
2019-09-10,4590.0,91.8,Samba 1,Pettah
2019-09-12,4750.0,95.0,Samba 1,Pettah
2019-09-16,4660.0,93.2,Samba 1,Pettah
2019-09-17,4670.0,93.4,Samba 1,Pettah
2019-09-18,4670.0,93.4,Samba 1,Pettah
2019-09-19,4700.0,94.0,Samba 1,Pettah
2019-09-20,4710.0,94.2,Samba 1,Pettah
2019-09-23,4730.0,94.6,Samba 1,Pettah
2019-09-24,4770.0,95.4,Samba 1,Pettah
2019-09-25,4790.0,95.8,Samba 1,Pettah
2019-09-26,4780.0,95.6,Samba 1,Pettah
2019-09-27,4770.0,95.4,Samba 1,Pettah
2019-09-30,4780.0,95.6,Samba 1,Pettah
2019-10-01,4780.0,95.6,Samba 1,Pettah
2019-10-02,4790.0,95.8,Samba 1,Pettah
2019-10-03,4820.0,96.4,Samba 1,Pettah
2019-10-04,4790.0,95.8,Samba 1,Pettah
2019-10-07,4810.0,96.2,Samba 1,Pettah
2019-10-08,4820.0,96.4,Samba 1,Pettah
2019-10-09,4820.0,96.4,Samba 1,Pettah
2019-10-10,4860.0,97.2,Samba 1,Pettah
2019-10-11,4870.0,97.4,Samba 1,Pettah
2019-10-14,4820.0,96.4,Samba 1,Pettah
2019-10-15,4900.0,98.0,Samba 1,Pettah
2019-10-16,4940.0,98.8,Samba 1,Pettah
2019-10-17,4940.0,98.8,Samba 1,Pettah
2019-10-18,4930.0,98.6,Samba 1,Pettah
2019-10-21,4940.0,98.8,Samba 1,Pettah
2019-10-22,4920.0,98.4,Samba 1,Pettah
2019-10-23,4930.0,98.6,Samba 1,Pettah
2019-10-24,4930.0,98.6,Samba 1,Pettah
2019-10-25,4950.0,99.0,Samba 1,Pettah
2019-10-28,4960.0,99.2,Samba 1,Pettah
2019-10-29,4930.0,98.6,Samba 1,Pettah
2019-10-30,4940.0,98.8,Samba 1,Pettah
2019-10-31,4960.0,99.2,Samba 1,Pettah
2019-11-01,4950.0,99.0,Samba 1,Pettah
2019-11-04,4940.0,98.8,Samba 1,Pettah
2019-11-05,4950.0,99.0,Samba 1,Pettah
2019-11-06,4950.0,99.0,Samba 1,Pettah
2019-11-07,4950.0,99.0,Samba 1,Pettah
2019-11-08,4970.0,99.4,Samba 1,Pettah
2019-11-11,4970.0,99.4,Samba 1,Pettah
2019-11-13,4980.0,99.6,Samba 1,Pettah
2019-11-14,4960.0,99.2,Samba 1,Pettah
2019-11-15,4970.0,99.4,Samba 1,Pettah
2019-11-18,4970.0,99.4,Samba 1,Pettah
2019-11-19,4970.0,99.4,Samba 1,Pettah
2019-11-20,4960.0,99.2,Samba 1,Pettah
2019-11-21,4970.0,99.4,Samba 1,Pettah
2019-11-22,4970.0,99.4,Samba 1,Pettah
2019-11-25,5070.0,101.4,Samba 1,Pettah
2019-11-26,5110.0,102.2,Samba 1,Pettah
2019-11-27,5130.0,102.6,Samba 1,Pettah
2019-11-28,5220.0,104.4,Samba 1,Pettah
2019-11-29,5210.0,104.2,Samba 1,Pettah
2019-12-02,5210.0,104.2,Samba 1,Pettah
2019-12-03,5240.0,104.8,Samba 1,Pettah
2019-12-04,5250.0,105.0,Samba 1,Pettah
2019-12-05,5260.0,105.2,Samba 1,Pettah
2019-12-06,5270.0,105.4,Samba 1,Pettah
2019-12-09,5280.0,105.6,Samba 1,Pettah
2019-12-10,5250.0,105.0,Samba 1,Pettah
2019-12-12,5260.0,105.2,Samba 1,Pettah
2019-12-13,5270.0,105.4,Samba 1,Pettah
2019-12-16,5250.0,105.0,Samba 1,Pettah
2019-12-17,5280.0,105.6,Samba 1,Pettah
2019-12-18,5270.0,105.4,Samba 1,Pettah
2019-12-19,5270.0,105.4,Samba 1,Pettah
2019-12-20,5270.0,105.4,Samba 1,Pettah
2020-02-11,4800.0,96.0,Samba 1,Pettah
2020-02-12,4800.0,96.0,Samba 1,Pettah
2020-02-13,4800.0,96.0,Samba 1,Pettah
2020-02-14,4800.0,96.0,Samba 1,Pettah
2020-02-17,4800.0,96.0,Samba 1,Pettah
2020-02-18,4800.0,96.0,Samba 1,Pettah
2020-02-19,4800.0,96.0,Samba 1,Pettah
2020-02-20,4800.0,96.0,Samba 1,Pettah
2020-02-24,4800.0,96.0,Samba 1,Pettah
2020-02-25,4816.67,96.3334,Samba 1,Pettah
2020-02-26,4816.67,96.3334,Samba 1,Pettah
2020-02-27,4816.67,96.3334,Samba 1,Pettah
2020-02-28,4833.33,96.6666,Samba 1,Pettah
2020-03-02,4875.0,97.5,Samba 1,Pettah
2020-03-03,4875.0,97.5,Samba 1,Pettah
2020-03-04,4850.0,97.0,Samba 1,Pettah
2020-03-05,4850.0,97.0,Samba 1,Pettah
2020-03-06,4850.0,97.0,Samba 1,Pettah
2020-03-10,4850.0,97.0,Samba 1,Pettah
2020-03-11,4850.0,97.0,Samba 1,Pettah
2020-03-12,4850.0,97.0,Samba 1,Pettah
2020-03-13,4850.0,97.0,Samba 1,Pettah
2020-06-15,4875.0,97.5,Samba 1,Pettah
2020-06-16,4900.0,98.0,Samba 1,Pettah
2020-06-17,4900.0,98.0,Samba 1,Pettah
2020-06-18,4900.0,98.0,Samba 1,Pettah
2020-06-19,4900.0,98.0,Samba 1,Pettah
2020-06-22,4900.0,98.0,Samba 1,Pettah
2020-06-23,4900.0,98.0,Samba 1,Pettah
2020-06-24,4900.0,98.0,Samba 1,Pettah
2020-06-25,4900.0,98.0,Samba 1,Pettah
2020-06-26,4900.0,98.0,Samba 1,Pettah
2020-06-29,4900.0,98.0,Samba 1,Pettah
2020-06-30,4900.0,98.0,Samba 1,Pettah
2020-07-01,4900.0,98.0,Samba 1,Pettah
2020-07-02,4900.0,98.0,Samba 1,Pettah
2020-07-03,4900.0,98.0,Samba 1,Pettah
2020-07-06,4900.0,98.0,Samba 1,Pettah
2020-07-07,4883.33,97.6666,Samba 1,Pettah
2020-07-08,4883.33,97.6666,Samba 1,Pettah
2020-07-09,4883.33,97.6666,Samba 1,Pettah
2020-07-10,4883.33,97.6666,Samba 1,Pettah
2020-07-13,4883.33,97.6666,Samba 1,Pettah
2020-07-14,4883.33,97.6666,Samba 1,Pettah
2020-07-15,4883.33,97.6666,Samba 1,Pettah
2020-07-16,4883.33,97.6666,Samba 1,Pettah
2020-07-17,4900.0,98.0,Samba 1,Pettah
2020-07-20,4883.33,97.6666,Samba 1,Pettah
2020-07-21,4866.67,97.3334,Samba 1,Pettah
2020-07-22,4900.0,98.0,Samba 1,Pettah
2020-07-23,4900.0,98.0,Samba 1,Pettah
2020-07-24,4900.0,98.0,Samba 1,Pettah
2020-07-27,4900.0,98.0,Samba 1,Pettah
2020-07-28,4900.0,98.0,Samba 1,Pettah
2020-07-29,4900.0,98.0,Samba 1,Pettah
2020-07-30,4900.0,98.0,Samba 1,Pettah
2020-07-31,4900.0,98.0,Samba 1,Pettah
2020-08-04,4900.0,98.0,Samba 1,Pettah
2020-08-06,4900.0,98.0,Samba 1,Pettah
2020-08-07,4900.0,98.0,Samba 1,Pettah
2020-08-21,4900.0,98.0,Samba 1,Pettah
2020-09-03,5130.0,102.6,Samba 1,Pettah
2020-09-04,5200.0,104.0,Samba 1,Pettah
2020-09-07,5162.5,103.25,Samba 1,Pettah
2020-09-28,5310.0,106.2,Samba 1,Pettah
2020-09-30,5310.0,106.2,Samba 1,Pettah
2020-10-06,5310.0,106.2,Samba 1,Pettah
2020-10-07,5437.5,108.75,Samba 1,Pettah
2020-10-08,5500.0,110.0,Samba 1,Pettah
2020-10-09,5500.0,110.0,Samba 1,Pettah
2020-10-12,5525.0,110.5,Samba 1,Pettah
2020-10-13,5525.0,110.5,Samba 1,Pettah
2020-10-14,5525.0,110.5,Samba 1,Pettah
2020-10-15,5566.67,111.3334,Samba 1,Pettah
2020-10-16,5560.0,111.2,Samba 1,Pettah
2020-10-19,5550.0,111.0,Samba 1,Pettah
2020-10-20,5550.0,111.0,Samba 1,Pettah
2020-10-21,5575.0,111.5,Samba 1,Pettah
2020-10-22,5575.0,111.5,Samba 1,Pettah
2021-01-12,6612.5,132.25,Samba 1,Pettah
2021-01-13,6600.0,132.0,Samba 1,Pettah
2021-01-15,6683.33,133.6666,Samba 1,Pettah
2021-01-18,6675.0,133.5,Samba 1,Pettah
2021-01-19,6687.5,133.75,Samba 1,Pettah
2021-01-20,6666.67,133.3334,Samba 1,Pettah
2021-01-21,6633.33,132.6666,Samba 1,Pettah
2021-01-22,6600.0,132.0,Samba 1,Pettah
2021-01-25,6633.33,132.6666,Samba 1,Pettah
2021-01-26,6600.0,132.0,Samba 1,Pettah
2021-01-27,6383.33,127.6666,Samba 1,Pettah
2021-01-29,6437.5,128.75,Samba 1,Pettah
2021-02-02,6350.0,127.0,Samba 1,Pettah
2021-02-03,6270.0,125.4,Samba 1,Pettah
2021-02-08,6250.0,125.0,Samba 1,Pettah
2021-02-09,5930.0,118.6,Samba 1,Pettah
2021-02-10,5930.0,118.6,Samba 1,Pettah
2021-02-11,5930.0,118.6,Samba 1,Pettah
2021-02-12,5912.5,118.25,Samba 1,Pettah
2021-02-15,5910.0,118.2,Samba 1,Pettah
2021-02-16,5880.0,117.6,Samba 1,Pettah
2021-02-17,5880.0,117.6,Samba 1,Pettah
2021-02-18,5980.0,119.6,Samba 1,Pettah
2021-02-19,5975.0,119.5,Samba 1,Pettah
2021-02-22,5910.0,118.2,Samba 1,Pettah
2021-02-23,5960.0,119.2,Samba 1,Pettah
2021-02-24,5930.0,118.6,Samba 1,Pettah
2021-02-25,6010.0,120.2,Samba 1,Pettah
2021-03-01,5960.0,119.2,Samba 1,Pettah
2021-03-02,5930.0,118.6,Samba 1,Pettah
2021-03-03,5980.0,119.6,Samba 1,Pettah
2021-03-04,5980.0,119.6,Samba 1,Pettah
2021-03-05,5980.0,119.6,Samba 1,Pettah
2021-03-08,5930.0,118.6,Samba 1,Pettah
2021-03-09,5980.0,119.6,Samba 1,Pettah
2021-03-10,5980.0,119.6,Samba 1,Pettah
2021-03-12,5960.0,119.2,Samba 1,Pettah
2021-03-15,6120.0,122.4,Samba 1,Pettah
2021-03-16,6130.0,122.6,Samba 1,Pettah
2021-03-17,6130.0,122.6,Samba 1,Pettah
2021-03-18,6160.0,123.2,Samba 1,Pettah
2021-03-19,6160.0,123.2,Samba 1,Pettah
2021-03-22,6170.0,123.4,Samba 1,Pettah
2021-03-23,6190.0,123.8,Samba 1,Pettah
2021-03-24,6180.0,123.6,Samba 1,Pettah
2021-03-25,6210.0,124.2,Samba 1,Pettah
2021-03-26,6230.0,124.6,Samba 1,Pettah
2021-03-29,6230.0,124.6,Samba 1,Pettah
2021-03-30,6250.0,125.0,Samba 1,Pettah
2021-04-01,6230.0,124.6,Samba 1,Pettah
2021-04-05,6260.0,125.2,Samba 1,Pettah
2021-04-06,6260.0,125.2,Samba 1,Pettah
2021-04-07,6260.0,125.2,Samba 1,Pettah
2021-04-08,6260.0,125.2,Samba 1,Pettah
2021-04-09,6270.0,125.4,Samba 1,Pettah
2021-04-19,6340.0,126.8,Samba 1,Pettah
2021-04-20,6360.0,127.2,Samba 1,Pettah
2021-04-21,6370.0,127.4,Samba 1,Pettah
2021-04-22,6360.0,127.2,Samba 1,Pettah
2021-04-27,6440.0,128.8,Samba 1,Pettah
2021-04-28,6480.0,129.6,Samba 1,Pettah
2021-04-29,6580.0,131.6,Samba 1,Pettah
2021-04-30,6620.0,132.4,Samba 1,Pettah
2021-05-03,6620.0,132.4,Samba 1,Pettah
2021-05-04,6980.0,139.6,Samba 1,Pettah
2021-05-05,6960.0,139.2,Samba 1,Pettah
2021-05-06,7120.0,142.4,Samba 1,Pettah
2021-05-07,7120.0,142.4,Samba 1,Pettah
2021-05-12,7040.0,140.8,Samba 1,Pettah
2021-05-21,7170.0,143.4,Samba 1,Pettah
2021-06-08,7380.0,147.6,Samba 1,Pettah
2021-06-09,7330.0,146.6,Samba 1,Pettah
2021-06-18,7230.0,144.6,Samba 1,Pettah
2021-06-21,7150.0,143.0,Samba 1,Pettah
2021-06-22,7140.0,142.8,Samba 1,Pettah
2021-06-23,7050.0,141.0,Samba 1,Pettah
2021-06-25,7030.0,140.6,Samba 1,Pettah
2021-06-28,7100.0,142.0,Samba 1,Pettah
2021-06-29,7100.0,142.0,Samba 1,Pettah
2021-06-30,6900.0,138.0,Samba 1,Pettah
2021-07-01,6850.0,137.0,Samba 1,Pettah
2021-07-02,6850.0,137.0,Samba 1,Pettah
2021-07-05,6930.0,138.6,Samba 1,Pettah
2021-07-06,6930.0,138.6,Samba 1,Pettah
2021-07-07,6930.0,138.6,Samba 1,Pettah
2021-07-08,6760.0,135.2,Samba 1,Pettah
2021-07-09,6650.0,133.0,Samba 1,Pettah
2021-07-16,6300.0,126.0,Samba 1,Pettah
2021-08-02,6375.0,127.5,Samba 1,Pettah
2021-08-03,6375.0,127.5,Samba 1,Pettah
2021-08-04,6375.0,127.5,Samba 1,Pettah
2021-08-05,6230.0,124.6,Samba 1,Pettah
2021-08-06,6187.5,123.75,Samba 1,Pettah
2021-08-09,6412.5,128.25,Samba 1,Pettah
2021-08-11,6375.0,127.5,Samba 1,Pettah
2021-08-12,6300.0,126.0,Samba 1,Pettah
2021-08-13,6300.0,126.0,Samba 1,Pettah
2021-08-16,6350.0,127.0,Samba 1,Pettah
2021-08-17,6350.0,127.0,Samba 1,Pettah
2021-08-18,6312.5,126.25,Samba 1,Pettah
2021-08-19,6312.5,126.25,Samba 1,Pettah
2021-08-20,6312.5,126.25,Samba 1,Pettah
2021-08-24,6312.5,126.25,Samba 1,Pettah
2021-08-25,6350.0,127.0,Samba 1,Pettah
2021-09-01,6312.5,126.25,Samba 1,Pettah
2021-09-02,6350.0,127.0,Samba 1,Pettah
2021-09-06,6350.0,127.0,Samba 1,Pettah
2021-10-04,6750.0,135.0,Samba 1,Pettah
2021-10-08,6770.0,135.4,Samba 1,Pettah
2021-10-13,6960.0,139.2,Samba 1,Pettah
2021-10-14,6970.0,139.4,Samba 1,Pettah
2021-10-15,6960.0,139.2,Samba 1,Pettah
2021-10-18,6980.0,139.6,Samba 1,Pettah
2021-10-21,7200.0,144.0,Samba 1,Pettah
2021-10-22,7200.0,144.0,Samba 1,Pettah
2021-10-25,7200.0,144.0,Samba 1,Pettah
2021-10-26,7230.0,144.6,Samba 1,Pettah
2021-10-27,7440.0,148.8,Samba 1,Pettah
2021-10-28,7460.0,149.2,Samba 1,Pettah
2021-10-29,7460.0,149.2,Samba 1,Pettah
2021-11-01,7900.0,158.0,Samba 1,Pettah
2021-11-02,7950.0,159.0,Samba 1,Pettah
2021-11-03,7950.0,159.0,Samba 1,Pettah
2015-06-22,4140.0,82.8,Samba 2,Pettah
2015-06-23,4100.0,82.0,Samba 2,Pettah
2015-06-24,4120.0,82.4,Samba 2,Pettah
2015-06-25,4120.0,82.4,Samba 2,Pettah
2015-06-26,4140.0,82.8,Samba 2,Pettah
2015-06-29,4130.0,82.6,Samba 2,Pettah
2015-06-30,4130.0,82.6,Samba 2,Pettah
2015-07-01,4150.0,83.0,Samba 2,Pettah
2015-07-02,4150.0,83.0,Samba 2,Pettah
2015-07-03,4150.0,83.0,Samba 2,Pettah
2015-07-06,4120.0,82.4,Samba 2,Pettah
2015-07-09,4120.0,82.4,Samba 2,Pettah
2015-07-10,4120.0,82.4,Samba 2,Pettah
2015-07-13,4080.0,81.6,Samba 2,Pettah
2015-07-14,4060.0,81.2,Samba 2,Pettah
2015-07-15,4100.0,82.0,Samba 2,Pettah
2015-07-16,4150.0,83.0,Samba 2,Pettah
2015-07-17,4090.0,81.8,Samba 2,Pettah
2015-07-20,4110.0,82.2,Samba 2,Pettah
2015-07-21,4120.0,82.4,Samba 2,Pettah
2015-07-22,4140.0,82.8,Samba 2,Pettah
2015-07-24,4040.0,80.8,Samba 2,Pettah
2015-07-27,4040.0,80.8,Samba 2,Pettah
2015-07-28,4090.0,81.8,Samba 2,Pettah
2015-07-29,4080.0,81.6,Samba 2,Pettah
2015-07-30,4090.0,81.8,Samba 2,Pettah
2015-08-03,4110.0,82.2,Samba 2,Pettah
2015-08-04,4160.0,83.2,Samba 2,Pettah
2015-08-05,4130.0,82.6,Samba 2,Pettah
2015-08-06,4140.0,82.8,Samba 2,Pettah
2015-08-07,4190.0,83.8,Samba 2,Pettah
2015-08-10,4120.0,82.4,Samba 2,Pettah
2015-08-11,4190.0,83.8,Samba 2,Pettah
2015-08-12,4200.0,84.0,Samba 2,Pettah
2015-08-13,4130.0,82.6,Samba 2,Pettah
2015-08-14,4210.0,84.2,Samba 2,Pettah
2015-08-20,4190.0,83.8,Samba 2,Pettah
2015-08-21,4180.0,83.6,Samba 2,Pettah
2015-08-24,4170.0,83.4,Samba 2,Pettah
2015-08-25,4170.0,83.4,Samba 2,Pettah
2015-08-26,4170.0,83.4,Samba 2,Pettah
2015-08-27,4180.0,83.6,Samba 2,Pettah
2015-08-28,4190.0,83.8,Samba 2,Pettah
2015-08-31,4190.0,83.8,Samba 2,Pettah
2015-09-01,4200.0,84.0,Samba 2,Pettah
2015-09-02,4250.0,85.0,Samba 2,Pettah
2015-09-03,4200.0,84.0,Samba 2,Pettah
2015-09-04,4250.0,85.0,Samba 2,Pettah
2015-09-07,4270.0,85.4,Samba 2,Pettah
2015-09-09,4220.0,84.4,Samba 2,Pettah
2015-09-10,4220.0,84.4,Samba 2,Pettah
2015-09-11,4200.0,84.0,Samba 2,Pettah
2015-09-14,4180.0,83.6,Samba 2,Pettah
2015-09-16,4230.0,84.6,Samba 2,Pettah
2015-09-17,4210.0,84.2,Samba 2,Pettah
2015-09-18,4210.0,84.2,Samba 2,Pettah
2015-09-21,4220.0,84.4,Samba 2,Pettah
2015-09-22,4280.0,85.6,Samba 2,Pettah
2015-09-23,4220.0,84.4,Samba 2,Pettah
2015-09-25,4220.0,84.4,Samba 2,Pettah
2015-09-28,4200.0,84.0,Samba 2,Pettah
2015-09-29,4210.0,84.2,Samba 2,Pettah
2015-10-01,4210.0,84.2,Samba 2,Pettah
2015-10-02,4200.0,84.0,Samba 2,Pettah
2015-10-05,4200.0,84.0,Samba 2,Pettah
2015-10-06,4220.0,84.4,Samba 2,Pettah
2015-10-07,4220.0,84.4,Samba 2,Pettah
2015-10-08,4200.0,84.0,Samba 2,Pettah
2015-10-09,4230.0,84.6,Samba 2,Pettah
2015-10-12,4280.0,85.6,Samba 2,Pettah
2015-10-13,4275.0,85.5,Samba 2,Pettah
2015-10-14,4260.0,85.2,Samba 2,Pettah
2015-10-15,4290.0,85.8,Samba 2,Pettah
2015-10-16,4280.0,85.6,Samba 2,Pettah
2015-10-19,4350.0,87.0,Samba 2,Pettah
2015-10-20,4337.5,86.75,Samba 2,Pettah
2015-10-21,4330.0,86.6,Samba 2,Pettah
2015-10-22,4350.0,87.0,Samba 2,Pettah
2015-10-23,4360.0,87.2,Samba 2,Pettah
2015-10-26,4370.0,87.4,Samba 2,Pettah
2015-10-28,4400.0,88.0,Samba 2,Pettah
2015-10-29,4360.0,87.2,Samba 2,Pettah
2015-10-30,4380.0,87.6,Samba 2,Pettah
2015-11-02,4350.0,87.0,Samba 2,Pettah
2015-11-03,4360.0,87.2,Samba 2,Pettah
2015-11-04,4350.0,87.0,Samba 2,Pettah
2015-11-05,4330.0,86.6,Samba 2,Pettah
2015-11-06,4370.0,87.4,Samba 2,Pettah
2015-11-09,4350.0,87.0,Samba 2,Pettah
2015-11-11,4440.0,88.8,Samba 2,Pettah
2015-11-12,4470.0,89.4,Samba 2,Pettah
2015-11-13,4470.0,89.4,Samba 2,Pettah
2015-11-16,4590.0,91.8,Samba 2,Pettah
2015-11-17,4590.0,91.8,Samba 2,Pettah
2015-11-18,4590.0,91.8,Samba 2,Pettah
2015-11-19,4590.0,91.8,Samba 2,Pettah
2015-11-20,4590.0,91.8,Samba 2,Pettah
2015-11-23,4550.0,91.0,Samba 2,Pettah
2015-11-24,4530.0,90.6,Samba 2,Pettah
2015-11-26,4610.0,92.2,Samba 2,Pettah
2015-11-27,4560.0,91.2,Samba 2,Pettah
2015-11-30,4590.0,91.8,Samba 2,Pettah
2015-12-01,4620.0,92.4,Samba 2,Pettah
2015-12-02,4560.0,91.2,Samba 2,Pettah
2015-12-03,4570.0,91.4,Samba 2,Pettah
2015-12-04,4590.0,91.8,Samba 2,Pettah
2015-12-07,4550.0,91.0,Samba 2,Pettah
2015-12-08,4600.0,92.0,Samba 2,Pettah
2015-12-09,4570.0,91.4,Samba 2,Pettah
2015-12-10,4570.0,91.4,Samba 2,Pettah
2015-12-11,4570.0,91.4,Samba 2,Pettah
2015-12-14,4640.0,92.8,Samba 2,Pettah
2015-12-15,4570.0,91.4,Samba 2,Pettah
2015-12-16,4620.0,92.4,Samba 2,Pettah
2015-12-17,4610.0,92.2,Samba 2,Pettah
2015-12-18,4570.0,91.4,Samba 2,Pettah
2015-12-20,4570.0,91.4,Samba 2,Pettah
2015-12-21,4570.0,91.4,Samba 2,Pettah
2015-12-22,4570.0,91.4,Samba 2,Pettah
2015-12-23,4540.0,90.8,Samba 2,Pettah
2015-12-28,4510.0,90.2,Samba 2,Pettah
2015-12-29,4500.0,90.0,Samba 2,Pettah
2015-12-30,4540.0,90.8,Samba 2,Pettah
2015-12-31,4540.0,90.8,Samba 2,Pettah
2016-01-04,4560.0,91.2,Samba 2,Pettah
2016-01-05,4570.0,91.4,Samba 2,Pettah
2016-01-06,4560.0,91.2,Samba 2,Pettah
2016-01-07,4550.0,91.0,Samba 2,Pettah
2016-01-08,4490.0,89.8,Samba 2,Pettah
2016-01-11,4520.0,90.4,Samba 2,Pettah
2016-01-12,4480.0,89.6,Samba 2,Pettah
2016-01-13,4540.0,90.8,Samba 2,Pettah
2016-01-14,4510.0,90.2,Samba 2,Pettah
2016-01-18,4530.0,90.6,Samba 2,Pettah
2016-01-19,4520.0,90.4,Samba 2,Pettah
2016-01-20,4520.0,90.4,Samba 2,Pettah
2016-01-21,4490.0,89.8,Samba 2,Pettah
2016-01-22,4500.0,90.0,Samba 2,Pettah
2016-01-25,4480.0,89.6,Samba 2,Pettah
2016-01-26,4460.0,89.2,Samba 2,Pettah
2016-01-27,4460.0,89.2,Samba 2,Pettah
2016-01-28,4490.0,89.8,Samba 2,Pettah
2016-01-29,4490.0,89.8,Samba 2,Pettah
2016-02-01,4480.0,89.6,Samba 2,Pettah
2016-02-02,4480.0,89.6,Samba 2,Pettah
2016-02-03,4380.0,87.6,Samba 2,Pettah
2016-02-05,4280.0,85.6,Samba 2,Pettah
2016-02-08,4280.0,85.6,Samba 2,Pettah
2016-02-09,4270.0,85.4,Samba 2,Pettah
2016-02-10,4190.0,83.8,Samba 2,Pettah
2016-02-11,4110.0,82.2,Samba 2,Pettah
2016-02-12,4160.0,83.2,Samba 2,Pettah
2016-02-15,4100.0,82.0,Samba 2,Pettah
2016-02-16,4100.0,82.0,Samba 2,Pettah
2016-02-17,4120.0,82.4,Samba 2,Pettah
2016-02-18,4040.0,80.8,Samba 2,Pettah
2016-02-19,4150.0,83.0,Samba 2,Pettah
2016-02-23,4000.0,80.0,Samba 2,Pettah
2016-02-24,4240.0,84.8,Samba 2,Pettah
2016-02-25,4000.0,80.0,Samba 2,Pettah
2016-02-26,4040.0,80.8,Samba 2,Pettah
2016-02-29,4030.0,80.6,Samba 2,Pettah
2016-03-01,4030.0,80.6,Samba 2,Pettah
2016-03-02,4020.0,80.4,Samba 2,Pettah
2016-03-03,4020.0,80.4,Samba 2,Pettah
2016-03-04,4020.0,80.4,Samba 2,Pettah
2016-03-08,3990.0,79.8,Samba 2,Pettah
2016-03-09,3980.0,79.6,Samba 2,Pettah
2016-03-10,3960.0,79.2,Samba 2,Pettah
2016-03-11,3990.0,79.8,Samba 2,Pettah
2016-03-14,3960.0,79.2,Samba 2,Pettah
2016-03-15,3940.0,78.8,Samba 2,Pettah
2016-03-16,3920.0,78.4,Samba 2,Pettah
2016-03-17,3920.0,78.4,Samba 2,Pettah
2016-03-18,3910.0,78.2,Samba 2,Pettah
2016-03-21,3870.0,77.4,Samba 2,Pettah
2016-03-23,3910.0,78.2,Samba 2,Pettah
2016-03-24,3840.0,76.8,Samba 2,Pettah
2016-03-28,3820.0,76.4,Samba 2,Pettah
2016-03-29,3910.0,78.2,Samba 2,Pettah
2016-03-30,3780.0,75.6,Samba 2,Pettah
2016-03-31,3890.0,77.8,Samba 2,Pettah
2016-04-01,3870.0,77.4,Samba 2,Pettah
2016-04-04,3860.0,77.2,Samba 2,Pettah
2016-04-05,3830.0,76.6,Samba 2,Pettah
2016-04-06,3860.0,77.2,Samba 2,Pettah
2016-04-07,3870.0,77.4,Samba 2,Pettah
2016-04-08,3870.0,77.4,Samba 2,Pettah
2016-04-11,3870.0,77.4,Samba 2,Pettah
2016-04-18,3920.0,78.4,Samba 2,Pettah
2016-04-19,3880.0,77.6,Samba 2,Pettah
2016-04-20,3850.0,77.0,Samba 2,Pettah
2016-04-22,3850.0,77.0,Samba 2,Pettah
2016-04-25,3860.0,77.2,Samba 2,Pettah
2016-04-26,3860.0,77.2,Samba 2,Pettah
2016-04-27,3840.0,76.8,Samba 2,Pettah
2016-04-28,3860.0,77.2,Samba 2,Pettah
2016-04-29,3820.0,76.4,Samba 2,Pettah
2016-05-02,3870.0,77.4,Samba 2,Pettah
2016-05-03,3870.0,77.4,Samba 2,Pettah
2016-05-04,3890.0,77.8,Samba 2,Pettah
2016-05-05,3870.0,77.4,Samba 2,Pettah
2016-05-06,3890.0,77.8,Samba 2,Pettah
2016-05-09,3850.0,77.0,Samba 2,Pettah
2016-05-10,3950.0,79.0,Samba 2,Pettah
2016-05-11,3920.0,78.4,Samba 2,Pettah
2016-05-12,3960.0,79.2,Samba 2,Pettah
2016-05-13,3960.0,79.2,Samba 2,Pettah
2016-05-16,4060.0,81.2,Samba 2,Pettah
2016-05-17,3970.0,79.4,Samba 2,Pettah
2016-05-18,3980.0,79.6,Samba 2,Pettah
2016-05-19,4000.0,80.0,Samba 2,Pettah
2016-05-20,4030.0,80.6,Samba 2,Pettah
2016-05-23,4050.0,81.0,Samba 2,Pettah
2016-05-24,4020.0,80.4,Samba 2,Pettah
2016-05-25,4070.0,81.4,Samba 2,Pettah
2016-05-26,4050.0,81.0,Samba 2,Pettah
2016-05-27,4040.0,80.8,Samba 2,Pettah
2016-05-30,4130.0,82.6,Samba 2,Pettah
2016-05-31,4075.0,81.5,Samba 2,Pettah
2016-06-01,4040.0,80.8,Samba 2,Pettah
2016-06-02,4070.0,81.4,Samba 2,Pettah
2016-06-03,4160.0,83.2,Samba 2,Pettah
2016-06-06,4100.0,82.0,Samba 2,Pettah
2016-06-07,4060.0,81.2,Samba 2,Pettah
2016-06-08,4010.0,80.2,Samba 2,Pettah
2016-06-09,4110.0,82.2,Samba 2,Pettah
2016-06-10,4020.0,80.4,Samba 2,Pettah
2016-06-13,4000.0,80.0,Samba 2,Pettah
2016-06-14,4040.0,80.8,Samba 2,Pettah
2016-06-15,4010.0,80.2,Samba 2,Pettah
2016-06-16,4100.0,82.0,Samba 2,Pettah
2016-06-17,4060.0,81.2,Samba 2,Pettah
2016-06-20,4050.0,81.0,Samba 2,Pettah
2016-06-21,3930.0,78.6,Samba 2,Pettah
2016-06-22,3940.0,78.8,Samba 2,Pettah
2016-06-23,3950.0,79.0,Samba 2,Pettah
2016-06-24,3920.0,78.4,Samba 2,Pettah
2016-06-27,3970.0,79.4,Samba 2,Pettah
2016-06-28,3950.0,79.0,Samba 2,Pettah
2016-06-29,3920.0,78.4,Samba 2,Pettah
2016-06-30,3920.0,78.4,Samba 2,Pettah
2016-07-01,3910.0,78.2,Samba 2,Pettah
2016-07-04,3950.0,79.0,Samba 2,Pettah
2016-07-05,3710.0,74.2,Samba 2,Pettah
2016-07-06,3910.0,78.2,Samba 2,Pettah
2016-07-07,3910.0,78.2,Samba 2,Pettah
2016-07-08,3870.0,77.4,Samba 2,Pettah
2016-07-11,3940.0,78.8,Samba 2,Pettah
2016-07-12,3920.0,78.4,Samba 2,Pettah
2016-07-13,3910.0,78.2,Samba 2,Pettah
2016-07-14,3890.0,77.8,Samba 2,Pettah
2016-07-15,3890.0,77.8,Samba 2,Pettah
2016-07-18,3960.0,79.2,Samba 2,Pettah
2016-07-20,3930.0,78.6,Samba 2,Pettah
2016-07-21,3920.0,78.4,Samba 2,Pettah
2016-07-22,3880.0,77.6,Samba 2,Pettah
2016-07-25,3920.0,78.4,Samba 2,Pettah
2016-07-26,3890.0,77.8,Samba 2,Pettah
2016-07-27,3880.0,77.6,Samba 2,Pettah
2016-07-28,3860.0,77.2,Samba 2,Pettah
2016-07-29,3840.0,76.8,Samba 2,Pettah
2016-08-01,3850.0,77.0,Samba 2,Pettah
2016-08-02,3850.0,77.0,Samba 2,Pettah
2016-08-03,3860.0,77.2,Samba 2,Pettah
2016-08-04,3860.0,77.2,Samba 2,Pettah
2016-08-05,3820.0,76.4,Samba 2,Pettah
2016-08-08,3840.0,76.8,Samba 2,Pettah
2016-08-09,3760.0,75.2,Samba 2,Pettah
2016-08-10,3840.0,76.8,Samba 2,Pettah
2016-08-11,3820.0,76.4,Samba 2,Pettah
2016-08-12,3830.0,76.6,Samba 2,Pettah
2016-08-15,3790.0,75.8,Samba 2,Pettah
2016-08-16,3760.0,75.2,Samba 2,Pettah
2016-08-18,3800.0,76.0,Samba 2,Pettah
2016-08-19,3780.0,75.6,Samba 2,Pettah
2016-08-22,3760.0,75.2,Samba 2,Pettah
2016-08-23,3780.0,75.6,Samba 2,Pettah
2016-08-24,3710.0,74.2,Samba 2,Pettah
2016-08-29,3710.0,74.2,Samba 2,Pettah
2016-08-30,3670.0,73.4,Samba 2,Pettah
2016-08-31,3640.0,72.8,Samba 2,Pettah
2016-09-01,3690.0,73.8,Samba 2,Pettah
2016-09-02,3720.0,74.4,Samba 2,Pettah
2016-09-05,3680.0,73.6,Samba 2,Pettah
2016-09-06,3680.0,73.6,Samba 2,Pettah
2016-09-07,3730.0,74.6,Samba 2,Pettah
2016-09-08,3750.0,75.0,Samba 2,Pettah
2016-09-09,3730.0,74.6,Samba 2,Pettah
2016-09-13,3700.0,74.0,Samba 2,Pettah
2016-09-14,3690.0,73.8,Samba 2,Pettah
2016-09-15,3730.0,74.6,Samba 2,Pettah
2016-09-19,3587.5,71.75,Samba 2,Pettah
2016-09-20,3780.0,75.6,Samba 2,Pettah
2016-09-21,3850.0,77.0,Samba 2,Pettah
2016-09-22,3770.0,75.4,Samba 2,Pettah
2016-09-23,3770.0,75.4,Samba 2,Pettah
2016-09-26,3900.0,78.0,Samba 2,Pettah
2016-09-27,3950.0,79.0,Samba 2,Pettah
2016-09-28,3990.0,79.8,Samba 2,Pettah
2016-09-29,4100.0,82.0,Samba 2,Pettah
2016-09-30,4100.0,82.0,Samba 2,Pettah
2016-10-03,4060.0,81.2,Samba 2,Pettah
2016-10-04,4040.0,80.8,Samba 2,Pettah
2016-10-05,4060.0,81.2,Samba 2,Pettah
2016-10-06,4120.0,82.4,Samba 2,Pettah
2016-10-07,4110.0,82.2,Samba 2,Pettah
2016-10-10,4100.0,82.0,Samba 2,Pettah
2016-10-11,4090.0,81.8,Samba 2,Pettah
2016-10-12,4150.0,83.0,Samba 2,Pettah
2016-10-13,4090.0,81.8,Samba 2,Pettah
2016-10-14,4070.0,81.4,Samba 2,Pettah
2016-10-17,4080.0,81.6,Samba 2,Pettah
2016-10-18,4190.0,83.8,Samba 2,Pettah
2016-10-19,4120.0,82.4,Samba 2,Pettah
2016-10-20,4210.0,84.2,Samba 2,Pettah
2016-10-21,4090.0,81.8,Samba 2,Pettah
2016-10-24,4170.0,83.4,Samba 2,Pettah
2016-10-25,4130.0,82.6,Samba 2,Pettah
2016-10-26,4120.0,82.4,Samba 2,Pettah
2016-10-27,4190.0,83.8,Samba 2,Pettah
2016-10-28,4130.0,82.6,Samba 2,Pettah
2016-10-31,4140.0,82.8,Samba 2,Pettah
2016-11-01,4180.0,83.6,Samba 2,Pettah
2016-11-02,4180.0,83.6,Samba 2,Pettah
2016-11-03,4160.0,83.2,Samba 2,Pettah
2016-11-04,4210.0,84.2,Samba 2,Pettah
2016-11-07,4260.0,85.2,Samba 2,Pettah
2016-11-08,4310.0,86.2,Samba 2,Pettah
2016-11-09,4330.0,86.6,Samba 2,Pettah
2016-11-10,4310.0,86.2,Samba 2,Pettah
2016-11-11,4330.0,86.6,Samba 2,Pettah
2016-11-15,4350.0,87.0,Samba 2,Pettah
2016-11-16,4360.0,87.2,Samba 2,Pettah
2016-11-17,4341.67,86.8334,Samba 2,Pettah
2016-11-18,4358.33,87.1666,Samba 2,Pettah
2016-11-21,4370.0,87.4,Samba 2,Pettah
2016-11-22,4375.0,87.5,Samba 2,Pettah
2016-11-23,4375.0,87.5,Samba 2,Pettah
2016-11-24,4390.0,87.8,Samba 2,Pettah
2016-11-25,4360.0,87.2,Samba 2,Pettah
2016-11-28,4410.0,88.2,Samba 2,Pettah
2016-11-29,4410.0,88.2,Samba 2,Pettah
2016-11-30,4380.0,87.6,Samba 2,Pettah
2016-12-01,4420.0,88.4,Samba 2,Pettah
2016-12-02,4310.0,86.2,Samba 2,Pettah
2016-12-05,4360.0,87.2,Samba 2,Pettah
2016-12-06,4350.0,87.0,Samba 2,Pettah
2016-12-07,4340.0,86.8,Samba 2,Pettah
2016-12-08,4320.0,86.4,Samba 2,Pettah
2016-12-09,4340.0,86.8,Samba 2,Pettah
2016-12-14,4390.0,87.8,Samba 2,Pettah
2016-12-15,4390.0,87.8,Samba 2,Pettah
2016-12-16,4390.0,87.8,Samba 2,Pettah
2016-12-19,4320.0,86.4,Samba 2,Pettah
2016-12-20,4350.0,87.0,Samba 2,Pettah
2016-12-21,4320.0,86.4,Samba 2,Pettah
2016-12-22,4360.0,87.2,Samba 2,Pettah
2016-12-23,4390.0,87.8,Samba 2,Pettah
2016-12-26,4390.0,87.8,Samba 2,Pettah
2016-12-27,4380.0,87.6,Samba 2,Pettah
2016-12-28,4380.0,87.6,Samba 2,Pettah
2016-12-29,4380.0,87.6,Samba 2,Pettah
2016-12-30,4340.0,86.8,Samba 2,Pettah
2017-01-02,4330.0,86.6,Samba 2,Pettah
2017-01-03,4360.0,87.2,Samba 2,Pettah
2017-01-04,4380.0,87.6,Samba 2,Pettah
2017-01-05,4360.0,87.2,Samba 2,Pettah
2017-01-06,4430.0,88.6,Samba 2,Pettah
2017-01-09,4340.0,86.8,Samba 2,Pettah
2017-01-10,4410.0,88.2,Samba 2,Pettah
2017-01-11,4360.0,87.2,Samba 2,Pettah
2017-01-13,4380.0,87.6,Samba 2,Pettah
2017-01-16,4340.0,86.8,Samba 2,Pettah
2017-01-17,4360.0,87.2,Samba 2,Pettah
2017-01-18,4350.0,87.0,Samba 2,Pettah
2017-01-19,4350.0,87.0,Samba 2,Pettah
2017-01-20,4300.0,86.0,Samba 2,Pettah
2017-01-23,4420.0,88.4,Samba 2,Pettah
2017-01-24,4510.0,90.2,Samba 2,Pettah
2017-01-25,4490.0,89.8,Samba 2,Pettah
2017-01-26,4540.0,90.8,Samba 2,Pettah
2017-01-27,4600.0,92.0,Samba 2,Pettah
2017-01-30,4620.0,92.4,Samba 2,Pettah
2017-01-31,4690.0,93.8,Samba 2,Pettah
2017-03-01,4280.0,85.6,Samba 2,Pettah
2017-03-02,4250.0,85.0,Samba 2,Pettah
2017-03-03,4290.0,85.8,Samba 2,Pettah
2017-03-06,4300.0,86.0,Samba 2,Pettah
2017-03-07,4300.0,86.0,Samba 2,Pettah
2017-03-08,4270.0,85.4,Samba 2,Pettah
2017-03-09,4220.0,84.4,Samba 2,Pettah
2017-03-10,4300.0,86.0,Samba 2,Pettah
2017-03-13,4250.0,85.0,Samba 2,Pettah
2017-03-14,4250.0,85.0,Samba 2,Pettah
2017-03-15,4250.0,85.0,Samba 2,Pettah
2017-03-16,4280.0,85.6,Samba 2,Pettah
2017-03-17,4240.0,84.8,Samba 2,Pettah
2017-03-20,4250.0,85.0,Samba 2,Pettah
2017-03-21,4280.0,85.6,Samba 2,Pettah
2017-03-22,4260.0,85.2,Samba 2,Pettah
2017-03-23,4250.0,85.0,Samba 2,Pettah
2017-03-24,4260.0,85.2,Samba 2,Pettah
2017-03-27,4270.0,85.4,Samba 2,Pettah
2017-03-28,4240.0,84.8,Samba 2,Pettah
2017-03-29,4260.0,85.2,Samba 2,Pettah
2017-03-30,4280.0,85.6,Samba 2,Pettah
2017-03-31,4270.0,85.4,Samba 2,Pettah
2017-04-03,4262.5,85.25,Samba 2,Pettah
2017-04-04,4270.0,85.4,Samba 2,Pettah
2017-04-05,4290.0,85.8,Samba 2,Pettah
2017-04-06,4240.0,84.8,Samba 2,Pettah
2017-04-07,4275.0,85.5,Samba 2,Pettah
2017-04-11,4262.5,85.25,Samba 2,Pettah
2017-04-12,4262.5,85.25,Samba 2,Pettah
2017-04-17,4262.5,85.25,Samba 2,Pettah
2017-04-18,4270.0,85.4,Samba 2,Pettah
2017-04-19,4310.0,86.2,Samba 2,Pettah
2017-04-20,4310.0,86.2,Samba 2,Pettah
2017-04-21,4310.0,86.2,Samba 2,Pettah
2017-04-24,4330.0,86.6,Samba 2,Pettah
2017-04-25,4330.0,86.6,Samba 2,Pettah
2017-04-26,4337.5,86.75,Samba 2,Pettah
2017-04-27,4340.0,86.8,Samba 2,Pettah
2017-04-28,4383.33,87.6666,Samba 2,Pettah
2017-05-02,4387.5,87.75,Samba 2,Pettah
2017-05-03,4440.0,88.8,Samba 2,Pettah
2017-05-04,4425.0,88.5,Samba 2,Pettah
2017-05-05,4316.67,86.3334,Samba 2,Pettah
2017-05-08,4460.0,89.2,Samba 2,Pettah
2017-05-09,4437.5,88.75,Samba 2,Pettah
2017-05-12,4510.0,90.2,Samba 2,Pettah
2017-05-15,4460.0,89.2,Samba 2,Pettah
2017-05-16,4430.0,88.6,Samba 2,Pettah
2017-05-17,4510.0,90.2,Samba 2,Pettah
2017-05-18,4500.0,90.0,Samba 2,Pettah
2017-05-19,4550.0,91.0,Samba 2,Pettah
2017-05-23,4490.0,89.8,Samba 2,Pettah
2017-05-24,4580.0,91.6,Samba 2,Pettah
2017-05-25,4570.0,91.4,Samba 2,Pettah
2017-05-26,4590.0,91.8,Samba 2,Pettah
2017-05-29,4700.0,94.0,Samba 2,Pettah
2017-05-30,4640.0,92.8,Samba 2,Pettah
2017-05-31,4710.0,94.2,Samba 2,Pettah
2017-06-02,4708.33,94.1666,Samba 2,Pettah
2017-06-05,4683.33,93.6666,Samba 2,Pettah
2017-06-06,4737.5,94.75,Samba 2,Pettah
2017-06-07,4770.0,95.4,Samba 2,Pettah
2017-06-09,4690.0,93.8,Samba 2,Pettah
2017-06-12,4710.0,94.2,Samba 2,Pettah
2017-06-13,4650.0,93.0,Samba 2,Pettah
2017-06-14,4660.0,93.2,Samba 2,Pettah
2017-06-15,4710.0,94.2,Samba 2,Pettah
2017-06-16,4660.0,93.2,Samba 2,Pettah
2017-06-19,4470.0,89.4,Samba 2,Pettah
2017-06-20,4690.0,93.8,Samba 2,Pettah
2017-06-21,4650.0,93.0,Samba 2,Pettah
2017-06-22,4720.0,94.4,Samba 2,Pettah
2017-06-23,4670.0,93.4,Samba 2,Pettah
2017-06-27,4700.0,94.0,Samba 2,Pettah
2017-06-28,4710.0,94.2,Samba 2,Pettah
2017-06-29,4690.0,93.8,Samba 2,Pettah
2017-06-30,4690.0,93.8,Samba 2,Pettah
2017-07-03,4650.0,93.0,Samba 2,Pettah
2017-07-04,4670.0,93.4,Samba 2,Pettah
2017-07-05,4690.0,93.8,Samba 2,Pettah
2017-07-06,4675.0,93.5,Samba 2,Pettah
2017-07-07,4691.67,93.8334,Samba 2,Pettah
2017-07-10,4725.0,94.5,Samba 2,Pettah
2017-07-11,4641.67,92.8334,Samba 2,Pettah
2017-07-12,4683.33,93.6666,Samba 2,Pettah
2017-07-13,4658.33,93.1666,Samba 2,Pettah
2017-07-14,4700.0,94.0,Samba 2,Pettah
2017-07-17,4700.0,94.0,Samba 2,Pettah
2017-07-18,4700.0,94.0,Samba 2,Pettah
2017-07-19,4658.33,93.1666,Samba 2,Pettah
2017-07-20,4683.33,93.6666,Samba 2,Pettah
2017-07-21,4650.0,93.0,Samba 2,Pettah
2017-07-24,4708.33,94.1666,Samba 2,Pettah
2017-07-25,4666.67,93.3334,Samba 2,Pettah
2017-07-26,4650.0,93.0,Samba 2,Pettah
2017-07-27,4691.67,93.8334,Samba 2,Pettah
2017-07-28,4691.67,93.8334,Samba 2,Pettah
2017-07-31,4666.67,93.3334,Samba 2,Pettah
2017-08-01,4700.0,94.0,Samba 2,Pettah
2017-08-02,4700.0,94.0,Samba 2,Pettah
2017-08-03,4675.0,93.5,Samba 2,Pettah
2017-08-04,4700.0,94.0,Samba 2,Pettah
2017-08-08,4600.0,92.0,Samba 2,Pettah
2017-08-09,4666.67,93.3334,Samba 2,Pettah
2017-08-10,4683.33,93.6666,Samba 2,Pettah
2017-08-11,4633.33,92.6666,Samba 2,Pettah
2017-08-14,4675.0,93.5,Samba 2,Pettah
2017-08-15,4633.33,92.6666,Samba 2,Pettah
2017-08-16,4616.67,92.3334,Samba 2,Pettah
2017-08-17,4616.67,92.3334,Samba 2,Pettah
2017-08-18,4633.33,92.6666,Samba 2,Pettah
2017-08-21,4633.33,92.6666,Samba 2,Pettah
2017-08-22,4640.0,92.8,Samba 2,Pettah
2017-08-23,4690.0,93.8,Samba 2,Pettah
2017-08-24,4640.0,92.8,Samba 2,Pettah
2017-08-25,4691.67,93.8334,Samba 2,Pettah
2017-08-28,4691.67,93.8334,Samba 2,Pettah
2017-08-29,4691.67,93.8334,Samba 2,Pettah
2017-08-30,4666.67,93.3334,Samba 2,Pettah
2017-08-31,4716.67,94.3334,Samba 2,Pettah
2017-09-04,4725.0,94.5,Samba 2,Pettah
2017-09-06,4708.33,94.1666,Samba 2,Pettah
2017-09-07,4716.67,94.3334,Samba 2,Pettah
2017-09-08,4758.33,95.1666,Samba 2,Pettah
2017-09-11,4741.67,94.8334,Samba 2,Pettah
2017-09-12,4808.33,96.1666,Samba 2,Pettah
2017-09-13,4783.33,95.6666,Samba 2,Pettah
2017-09-14,4858.33,97.1666,Samba 2,Pettah
2017-09-15,4825.0,96.5,Samba 2,Pettah
2017-09-18,4916.67,98.3334,Samba 2,Pettah
2017-09-19,4891.67,97.8334,Samba 2,Pettah
2017-09-20,4958.33,99.1666,Samba 2,Pettah
2017-09-21,4916.67,98.3334,Samba 2,Pettah
2017-09-22,4950.0,99.0,Samba 2,Pettah
2017-09-25,4991.67,99.8334,Samba 2,Pettah
2017-09-26,5050.0,101.0,Samba 2,Pettah
2017-09-27,5066.67,101.3334,Samba 2,Pettah
2017-09-28,5025.0,100.5,Samba 2,Pettah
2017-09-29,5075.0,101.5,Samba 2,Pettah
2017-10-02,5075.0,101.5,Samba 2,Pettah
2017-10-03,5083.33,101.6666,Samba 2,Pettah
2017-10-04,5116.67,102.3334,Samba 2,Pettah
2017-10-06,5133.33,102.6666,Samba 2,Pettah
2017-10-09,5141.67,102.8334,Samba 2,Pettah
2017-10-10,5050.0,101.0,Samba 2,Pettah
2017-10-11,5100.0,102.0,Samba 2,Pettah
2017-10-12,5141.67,102.8334,Samba 2,Pettah
2017-10-13,5083.33,101.6666,Samba 2,Pettah
2017-10-16,5116.67,102.3334,Samba 2,Pettah
2017-10-17,5116.67,102.3334,Samba 2,Pettah
2017-10-19,5083.33,101.6666,Samba 2,Pettah
2017-10-20,5075.0,101.5,Samba 2,Pettah
2017-10-23,5083.33,101.6666,Samba 2,Pettah
2017-10-24,5066.67,101.3334,Samba 2,Pettah
2017-10-25,5116.67,102.3334,Samba 2,Pettah
2017-10-26,5108.33,102.1666,Samba 2,Pettah
2017-10-27,5125.0,102.5,Samba 2,Pettah
2017-10-30,5083.33,101.6666,Samba 2,Pettah
2017-10-31,5150.0,103.0,Samba 2,Pettah
2017-11-01,5116.67,102.3334,Samba 2,Pettah
2017-11-02,5158.33,103.1666,Samba 2,Pettah
2017-11-06,5116.67,102.3334,Samba 2,Pettah
2017-11-07,5166.67,103.3334,Samba 2,Pettah
2017-11-08,5141.67,102.8334,Samba 2,Pettah
2017-11-09,5141.67,102.8334,Samba 2,Pettah
2017-11-10,5166.67,103.3334,Samba 2,Pettah
2017-11-13,5166.67,103.3334,Samba 2,Pettah
2017-11-14,5150.0,103.0,Samba 2,Pettah
2017-11-15,5125.0,102.5,Samba 2,Pettah
2017-11-16,5125.0,102.5,Samba 2,Pettah
2017-11-17,5183.33,103.6666,Samba 2,Pettah
2017-11-20,5133.33,102.6666,Samba 2,Pettah
2017-11-21,5166.67,103.3334,Samba 2,Pettah
2017-11-22,5166.67,103.3334,Samba 2,Pettah
2017-11-23,5166.67,103.3334,Samba 2,Pettah
2017-11-24,5175.0,103.5,Samba 2,Pettah
2017-11-27,5233.33,104.6666,Samba 2,Pettah
2017-11-28,5225.0,104.5,Samba 2,Pettah
2017-11-29,5250.0,105.0,Samba 2,Pettah
2017-11-30,5258.33,105.1666,Samba 2,Pettah
2017-12-04,5250.0,105.0,Samba 2,Pettah
2017-12-05,5241.67,104.8334,Samba 2,Pettah
2017-12-06,5216.67,104.3334,Samba 2,Pettah
2017-12-07,5233.33,104.6666,Samba 2,Pettah
2017-12-08,5258.33,105.1666,Samba 2,Pettah
2017-12-11,5266.67,105.3334,Samba 2,Pettah
2017-12-12,5250.0,105.0,Samba 2,Pettah
2017-12-13,5230.0,104.6,Samba 2,Pettah
2017-12-14,5310.0,106.2,Samba 2,Pettah
2017-12-15,5290.0,105.8,Samba 2,Pettah
2017-12-18,5280.0,105.6,Samba 2,Pettah
2017-12-19,5250.0,105.0,Samba 2,Pettah
2017-12-20,5270.0,105.4,Samba 2,Pettah
2017-12-21,5200.0,104.0,Samba 2,Pettah
2017-12-22,5291.67,105.8334,Samba 2,Pettah
2017-12-26,5275.0,105.5,Samba 2,Pettah
2017-12-27,5291.67,105.8334,Samba 2,Pettah
2017-12-28,5290.0,105.8,Samba 2,Pettah
2017-12-29,5300.0,106.0,Samba 2,Pettah
2018-01-02,5270.0,105.4,Samba 2,Pettah
2018-01-03,5290.0,105.8,Samba 2,Pettah
2018-01-04,5270.0,105.4,Samba 2,Pettah
2018-01-05,5290.0,105.8,Samba 2,Pettah
2018-01-08,5270.0,105.4,Samba 2,Pettah
2018-01-09,5310.0,106.2,Samba 2,Pettah
2018-01-10,5275.0,105.5,Samba 2,Pettah
2018-01-11,5287.5,105.75,Samba 2,Pettah
2018-01-12,5320.0,106.4,Samba 2,Pettah
2018-01-15,5300.0,106.0,Samba 2,Pettah
2018-01-16,5290.0,105.8,Samba 2,Pettah
2018-01-17,5290.0,105.8,Samba 2,Pettah
2018-01-18,5290.0,105.8,Samba 2,Pettah
2018-01-19,5290.0,105.8,Samba 2,Pettah
2018-01-22,5270.0,105.4,Samba 2,Pettah
2018-01-23,5270.0,105.4,Samba 2,Pettah
2018-01-24,5260.0,105.2,Samba 2,Pettah
2018-01-25,5270.0,105.4,Samba 2,Pettah
2018-01-26,5240.0,104.8,Samba 2,Pettah
2018-01-29,5180.0,103.6,Samba 2,Pettah
2018-01-30,5210.0,104.2,Samba 2,Pettah
2018-02-01,5220.0,104.4,Samba 2,Pettah
2018-02-02,5190.0,103.8,Samba 2,Pettah
2018-02-05,4787.5,95.75,Samba 2,Pettah
2018-02-07,4850.0,97.0,Samba 2,Pettah
2018-02-08,4840.0,96.8,Samba 2,Pettah
2018-02-09,4830.0,96.6,Samba 2,Pettah
2018-02-12,4840.0,96.8,Samba 2,Pettah
2018-02-14,4880.0,97.6,Samba 2,Pettah
2018-02-15,4880.0,97.6,Samba 2,Pettah
2018-02-16,4860.0,97.2,Samba 2,Pettah
2018-02-19,4840.0,96.8,Samba 2,Pettah
2018-02-20,4850.0,97.0,Samba 2,Pettah
2018-02-21,4860.0,97.2,Samba 2,Pettah
2018-02-22,4840.0,96.8,Samba 2,Pettah
2018-02-23,4870.0,97.4,Samba 2,Pettah
2018-02-26,4950.0,99.0,Samba 2,Pettah
2018-02-27,4860.0,97.2,Samba 2,Pettah
2018-02-28,4910.0,98.2,Samba 2,Pettah
2018-03-02,4990.0,99.8,Samba 2,Pettah
2018-03-05,5040.0,100.8,Samba 2,Pettah
2018-03-06,5090.0,101.8,Samba 2,Pettah
2018-03-07,5070.0,101.4,Samba 2,Pettah
2018-03-08,5120.0,102.4,Samba 2,Pettah
2018-03-09,4980.0,99.6,Samba 2,Pettah
2018-03-12,5070.0,101.4,Samba 2,Pettah
2018-03-13,5050.0,101.0,Samba 2,Pettah
2018-03-14,4990.0,99.8,Samba 2,Pettah
2018-03-15,5090.0,101.8,Samba 2,Pettah
2018-03-16,4980.0,99.6,Samba 2,Pettah
2018-03-19,4990.0,99.8,Samba 2,Pettah
2018-03-20,5030.0,100.6,Samba 2,Pettah
2018-03-21,5120.0,102.4,Samba 2,Pettah
2018-03-22,5140.0,102.8,Samba 2,Pettah
2018-03-23,5170.0,103.4,Samba 2,Pettah
2018-03-26,5040.0,100.8,Samba 2,Pettah
2018-03-27,5030.0,100.6,Samba 2,Pettah
2018-03-28,4980.0,99.6,Samba 2,Pettah
2018-04-02,5150.0,103.0,Samba 2,Pettah
2018-04-03,5130.0,102.6,Samba 2,Pettah
2018-04-04,5120.0,102.4,Samba 2,Pettah
2018-04-05,5120.0,102.4,Samba 2,Pettah
2018-04-06,5100.0,102.0,Samba 2,Pettah
2018-04-09,5070.0,101.4,Samba 2,Pettah
2018-04-10,5200.0,104.0,Samba 2,Pettah
2018-04-11,5080.0,101.6,Samba 2,Pettah
2018-04-12,5190.0,103.8,Samba 2,Pettah
2018-04-17,5190.0,103.8,Samba 2,Pettah
2018-04-18,5060.0,101.2,Samba 2,Pettah
2018-04-19,5060.0,101.2,Samba 2,Pettah
2018-04-20,5100.0,102.0,Samba 2,Pettah
2018-04-23,5110.0,102.2,Samba 2,Pettah
2018-04-24,5090.0,101.8,Samba 2,Pettah
2018-04-25,5040.0,100.8,Samba 2,Pettah
2018-04-26,5070.0,101.4,Samba 2,Pettah
2018-04-27,5080.0,101.6,Samba 2,Pettah
2018-05-01,5080.0,101.6,Samba 2,Pettah
2018-05-02,5080.0,101.6,Samba 2,Pettah
2018-05-03,5110.0,102.2,Samba 2,Pettah
2018-05-04,5170.0,103.4,Samba 2,Pettah
2018-05-08,5160.0,103.2,Samba 2,Pettah
2018-05-09,5160.0,103.2,Samba 2,Pettah
2018-05-10,5120.0,102.4,Samba 2,Pettah
2018-05-11,5140.0,102.8,Samba 2,Pettah
2018-05-14,5150.0,103.0,Samba 2,Pettah
2018-05-15,5130.0,102.6,Samba 2,Pettah
2018-05-16,5140.0,102.8,Samba 2,Pettah
2018-05-17,5140.0,102.8,Samba 2,Pettah
2018-05-21,5190.0,103.8,Samba 2,Pettah
2018-05-22,5170.0,103.4,Samba 2,Pettah
2018-05-23,5160.0,103.2,Samba 2,Pettah
2018-05-24,5130.0,102.6,Samba 2,Pettah
2018-05-25,5160.0,103.2,Samba 2,Pettah
2018-05-28,5160.0,103.2,Samba 2,Pettah
2018-05-30,5150.0,103.0,Samba 2,Pettah
2018-05-31,5130.0,102.6,Samba 2,Pettah
2018-06-05,5130.0,102.6,Samba 2,Pettah
2018-06-06,5140.0,102.8,Samba 2,Pettah
2018-06-07,5110.0,102.2,Samba 2,Pettah
2018-06-08,5090.0,101.8,Samba 2,Pettah
2018-06-11,5130.0,102.6,Samba 2,Pettah
2018-06-12,5130.0,102.6,Samba 2,Pettah
2018-06-13,5130.0,102.6,Samba 2,Pettah
2018-06-14,5160.0,103.2,Samba 2,Pettah
2018-06-18,5180.0,103.6,Samba 2,Pettah
2018-06-19,5170.0,103.4,Samba 2,Pettah
2018-06-20,5160.0,103.2,Samba 2,Pettah
2018-06-21,5180.0,103.6,Samba 2,Pettah
2018-06-22,5140.0,102.8,Samba 2,Pettah
2018-06-25,5130.0,102.6,Samba 2,Pettah
2018-06-26,5130.0,102.6,Samba 2,Pettah
2018-06-28,5110.0,102.2,Samba 2,Pettah
2018-06-29,5090.0,101.8,Samba 2,Pettah
2018-07-02,5090.0,101.8,Samba 2,Pettah
2018-07-03,5030.0,100.6,Samba 2,Pettah
2018-07-04,5060.0,101.2,Samba 2,Pettah
2018-07-05,5070.0,101.4,Samba 2,Pettah
2018-07-06,5080.0,101.6,Samba 2,Pettah
2018-07-09,5050.0,101.0,Samba 2,Pettah
2018-07-10,5040.0,100.8,Samba 2,Pettah
2018-07-11,5060.0,101.2,Samba 2,Pettah
2018-07-12,5070.0,101.4,Samba 2,Pettah
2018-07-13,5070.0,101.4,Samba 2,Pettah
2018-07-16,5060.0,101.2,Samba 2,Pettah
2018-07-17,5050.0,101.0,Samba 2,Pettah
2018-07-18,5050.0,101.0,Samba 2,Pettah
2018-07-19,5040.0,100.8,Samba 2,Pettah
2018-07-20,5040.0,100.8,Samba 2,Pettah
2018-07-23,5050.0,101.0,Samba 2,Pettah
2018-07-24,5000.0,100.0,Samba 2,Pettah
2018-07-25,5050.0,101.0,Samba 2,Pettah
2018-07-26,5100.0,102.0,Samba 2,Pettah
2018-07-30,5040.0,100.8,Samba 2,Pettah
2018-07-31,5050.0,101.0,Samba 2,Pettah
2018-08-01,5050.0,101.0,Samba 2,Pettah
2018-08-02,5100.0,102.0,Samba 2,Pettah
2018-08-03,5080.0,101.6,Samba 2,Pettah
2018-08-06,5090.0,101.8,Samba 2,Pettah
2018-08-07,5040.0,100.8,Samba 2,Pettah
2018-08-08,5070.0,101.4,Samba 2,Pettah
2018-08-09,5110.0,102.2,Samba 2,Pettah
2018-08-10,5050.0,101.0,Samba 2,Pettah
2018-08-13,5090.0,101.8,Samba 2,Pettah
2018-08-14,5090.0,101.8,Samba 2,Pettah
2018-08-15,5140.0,102.8,Samba 2,Pettah
2018-08-16,5200.0,104.0,Samba 2,Pettah
2018-08-17,5120.0,102.4,Samba 2,Pettah
2018-08-20,5110.0,102.2,Samba 2,Pettah
2018-08-21,5130.0,102.6,Samba 2,Pettah
2018-08-23,5100.0,102.0,Samba 2,Pettah
2018-08-24,5090.0,101.8,Samba 2,Pettah
2018-08-27,5100.0,102.0,Samba 2,Pettah
2018-08-28,5100.0,102.0,Samba 2,Pettah
2018-08-29,5080.0,101.6,Samba 2,Pettah
2018-09-03,4980.0,99.6,Samba 2,Pettah
2018-09-04,4990.0,99.8,Samba 2,Pettah
2018-09-05,5050.0,101.0,Samba 2,Pettah
2018-09-06,5080.0,101.6,Samba 2,Pettah
2018-09-07,5000.0,100.0,Samba 2,Pettah
2018-09-10,4970.0,99.4,Samba 2,Pettah
2018-09-11,4990.0,99.8,Samba 2,Pettah
2018-09-12,5030.0,100.6,Samba 2,Pettah
2018-09-13,5010.0,100.2,Samba 2,Pettah
2018-09-14,4930.0,98.6,Samba 2,Pettah
2018-09-17,4920.0,98.4,Samba 2,Pettah
2018-09-18,4910.0,98.2,Samba 2,Pettah
2018-09-19,4890.0,97.8,Samba 2,Pettah
2018-09-20,4890.0,97.8,Samba 2,Pettah
2018-09-21,4950.0,99.0,Samba 2,Pettah
2018-09-25,4920.0,98.4,Samba 2,Pettah
2018-09-26,4880.0,97.6,Samba 2,Pettah
2018-09-27,4860.0,97.2,Samba 2,Pettah
2018-09-28,4910.0,98.2,Samba 2,Pettah
2018-10-01,4880.0,97.6,Samba 2,Pettah
2018-10-02,4840.0,96.8,Samba 2,Pettah
2018-10-03,4850.0,97.0,Samba 2,Pettah
2018-10-04,4860.0,97.2,Samba 2,Pettah
2018-10-05,4850.0,97.0,Samba 2,Pettah
2018-10-08,4880.0,97.6,Samba 2,Pettah
2018-10-09,4940.0,98.8,Samba 2,Pettah
2018-10-10,4910.0,98.2,Samba 2,Pettah
2018-10-11,4930.0,98.6,Samba 2,Pettah
2018-10-12,4880.0,97.6,Samba 2,Pettah
2018-10-15,4940.0,98.8,Samba 2,Pettah
2018-10-16,4920.0,98.4,Samba 2,Pettah
2018-10-17,4920.0,98.4,Samba 2,Pettah
2018-10-18,4920.0,98.4,Samba 2,Pettah
2018-10-19,4920.0,98.4,Samba 2,Pettah
2018-10-22,4940.0,98.8,Samba 2,Pettah
2018-10-23,4960.0,99.2,Samba 2,Pettah
2018-10-25,4966.67,99.3334,Samba 2,Pettah
2018-10-26,5000.0,100.0,Samba 2,Pettah
2018-10-29,5020.0,100.4,Samba 2,Pettah
2018-10-30,4980.0,99.6,Samba 2,Pettah
2018-10-31,4990.0,99.8,Samba 2,Pettah
2018-11-01,4990.0,99.8,Samba 2,Pettah
2018-11-02,4960.0,99.2,Samba 2,Pettah
2018-11-05,4980.0,99.6,Samba 2,Pettah
2018-11-07,4960.0,99.2,Samba 2,Pettah
2018-11-08,4960.0,99.2,Samba 2,Pettah
2018-11-09,4980.0,99.6,Samba 2,Pettah
2018-11-12,5000.0,100.0,Samba 2,Pettah
2018-11-13,4960.0,99.2,Samba 2,Pettah
2018-11-14,5070.0,101.4,Samba 2,Pettah
2018-11-15,4980.0,99.6,Samba 2,Pettah
2018-11-16,4980.0,99.6,Samba 2,Pettah
2018-11-19,4980.0,99.6,Samba 2,Pettah
2018-11-21,5000.0,100.0,Samba 2,Pettah
2018-11-23,4990.0,99.8,Samba 2,Pettah
2018-11-26,5040.0,100.8,Samba 2,Pettah
2018-11-27,5000.0,100.0,Samba 2,Pettah
2018-11-28,4990.0,99.8,Samba 2,Pettah
2018-11-29,4980.0,99.6,Samba 2,Pettah
2018-11-30,4980.0,99.6,Samba 2,Pettah
2018-12-03,4990.0,99.8,Samba 2,Pettah
2018-12-04,5020.0,100.4,Samba 2,Pettah
2018-12-05,5000.0,100.0,Samba 2,Pettah
2018-12-06,4980.0,99.6,Samba 2,Pettah
2018-12-07,4980.0,99.6,Samba 2,Pettah
2018-12-10,4980.0,99.6,Samba 2,Pettah
2018-12-11,4980.0,99.6,Samba 2,Pettah
2018-12-12,5030.0,100.6,Samba 2,Pettah
2018-12-13,5000.0,100.0,Samba 2,Pettah
2018-12-14,4980.0,99.6,Samba 2,Pettah
2018-12-17,5040.0,100.8,Samba 2,Pettah
2018-12-18,5080.0,101.6,Samba 2,Pettah
2018-12-19,5070.0,101.4,Samba 2,Pettah
2018-12-20,5070.0,101.4,Samba 2,Pettah
2018-12-21,5060.0,101.2,Samba 2,Pettah
2018-12-24,5050.0,101.0,Samba 2,Pettah
2018-12-26,5060.0,101.2,Samba 2,Pettah
2018-12-27,5020.0,100.4,Samba 2,Pettah
2018-12-28,5030.0,100.6,Samba 2,Pettah
2018-12-31,5040.0,100.8,Samba 2,Pettah
2019-01-01,5050.0,101.0,Samba 2,Pettah
2019-01-02,5040.0,100.8,Samba 2,Pettah
2019-01-03,5060.0,101.2,Samba 2,Pettah
2019-01-04,5010.0,100.2,Samba 2,Pettah
2019-01-07,5020.0,100.4,Samba 2,Pettah
2019-01-08,5030.0,100.6,Samba 2,Pettah
2019-01-09,5000.0,100.0,Samba 2,Pettah
2019-01-10,5030.0,100.6,Samba 2,Pettah
2019-01-11,5010.0,100.2,Samba 2,Pettah
2019-01-14,5040.0,100.8,Samba 2,Pettah
2019-01-16,5040.0,100.8,Samba 2,Pettah
2019-01-17,4990.0,99.8,Samba 2,Pettah
2019-01-18,4990.0,99.8,Samba 2,Pettah
2019-01-21,5020.0,100.4,Samba 2,Pettah
2019-01-22,5070.0,101.4,Samba 2,Pettah
2019-01-23,5030.0,100.6,Samba 2,Pettah
2019-01-24,4890.0,97.8,Samba 2,Pettah
2019-01-25,4970.0,99.4,Samba 2,Pettah
2019-01-28,4860.0,97.2,Samba 2,Pettah
2019-01-29,4920.0,98.4,Samba 2,Pettah
2019-01-30,4800.0,96.0,Samba 2,Pettah
2019-01-31,4860.0,97.2,Samba 2,Pettah
2019-02-01,4780.0,95.6,Samba 2,Pettah
2019-02-05,4780.0,95.6,Samba 2,Pettah
2019-02-06,4840.0,96.8,Samba 2,Pettah
2019-02-07,4680.0,93.6,Samba 2,Pettah
2019-02-08,4680.0,93.6,Samba 2,Pettah
2019-02-11,4600.0,92.0,Samba 2,Pettah
2019-02-12,4640.0,92.8,Samba 2,Pettah
2019-02-13,4710.0,94.2,Samba 2,Pettah
2019-02-14,4540.0,90.8,Samba 2,Pettah
2019-02-15,4460.0,89.2,Samba 2,Pettah
2019-02-18,4300.0,86.0,Samba 2,Pettah
2019-02-21,4460.0,89.2,Samba 2,Pettah
2019-02-22,4250.0,85.0,Samba 2,Pettah
2019-02-25,4310.0,86.2,Samba 2,Pettah
2019-02-26,4310.0,86.2,Samba 2,Pettah
2019-02-27,4120.0,82.4,Samba 2,Pettah
2019-02-28,4220.0,84.4,Samba 2,Pettah
2019-03-01,4200.0,84.0,Samba 2,Pettah
2019-03-05,4125.0,82.5,Samba 2,Pettah
2019-03-06,4020.0,80.4,Samba 2,Pettah
2019-03-07,4050.0,81.0,Samba 2,Pettah
2019-03-08,4070.0,81.4,Samba 2,Pettah
2019-03-11,4040.0,80.8,Samba 2,Pettah
2019-03-12,4040.0,80.8,Samba 2,Pettah
2019-03-13,3980.0,79.6,Samba 2,Pettah
2019-03-14,3980.0,79.6,Samba 2,Pettah
2019-03-15,3760.0,75.2,Samba 2,Pettah
2019-03-18,4000.0,80.0,Samba 2,Pettah
2019-03-19,4020.0,80.4,Samba 2,Pettah
2019-03-21,4000.0,80.0,Samba 2,Pettah
2019-03-22,3960.0,79.2,Samba 2,Pettah
2019-03-25,3980.0,79.6,Samba 2,Pettah
2019-03-26,3980.0,79.6,Samba 2,Pettah
2019-03-27,4030.0,80.6,Samba 2,Pettah
2019-03-28,4040.0,80.8,Samba 2,Pettah
2019-03-29,4070.0,81.4,Samba 2,Pettah
2019-04-01,4040.0,80.8,Samba 2,Pettah
2019-04-02,4000.0,80.0,Samba 2,Pettah
2019-04-03,4020.0,80.4,Samba 2,Pettah
2019-04-04,4000.0,80.0,Samba 2,Pettah
2019-04-05,4000.0,80.0,Samba 2,Pettah
2019-04-08,4120.0,82.4,Samba 2,Pettah
2019-04-09,4030.0,80.6,Samba 2,Pettah
2019-04-10,4050.0,81.0,Samba 2,Pettah
2019-04-11,4000.0,80.0,Samba 2,Pettah
2019-04-12,4020.0,80.4,Samba 2,Pettah
2019-04-17,4030.0,80.6,Samba 2,Pettah
2019-04-18,4140.0,82.8,Samba 2,Pettah
2019-04-23,4210.0,84.2,Samba 2,Pettah
2019-04-24,4230.0,84.6,Samba 2,Pettah
2019-04-25,4170.0,83.4,Samba 2,Pettah
2019-04-26,4150.0,83.0,Samba 2,Pettah
2019-04-29,4330.0,86.6,Samba 2,Pettah
2019-04-30,4230.0,84.6,Samba 2,Pettah
2019-05-02,4210.0,84.2,Samba 2,Pettah
2019-05-03,4140.0,82.8,Samba 2,Pettah
2019-05-06,4120.0,82.4,Samba 2,Pettah
2019-05-07,4200.0,84.0,Samba 2,Pettah
2019-05-08,4180.0,83.6,Samba 2,Pettah
2019-05-09,4230.0,84.6,Samba 2,Pettah
2019-05-10,4200.0,84.0,Samba 2,Pettah
2019-05-13,4210.0,84.2,Samba 2,Pettah
2019-05-14,4210.0,84.2,Samba 2,Pettah
2019-05-15,4270.0,85.4,Samba 2,Pettah
2019-05-16,4210.0,84.2,Samba 2,Pettah
2019-05-17,4180.0,83.6,Samba 2,Pettah
2019-05-21,4220.0,84.4,Samba 2,Pettah
2019-05-22,4210.0,84.2,Samba 2,Pettah
2019-05-23,4220.0,84.4,Samba 2,Pettah
2019-05-27,4230.0,84.6,Samba 2,Pettah
2019-05-28,4160.0,83.2,Samba 2,Pettah
2019-05-29,4220.0,84.4,Samba 2,Pettah
2019-05-30,4220.0,84.4,Samba 2,Pettah
2019-05-31,4200.0,84.0,Samba 2,Pettah
2019-06-03,4220.0,84.4,Samba 2,Pettah
2019-06-04,4220.0,84.4,Samba 2,Pettah
2019-06-06,4140.0,82.8,Samba 2,Pettah
2019-06-07,4090.0,81.8,Samba 2,Pettah
2019-06-10,4080.0,81.6,Samba 2,Pettah
2019-06-11,4080.0,81.6,Samba 2,Pettah
2019-06-12,4080.0,81.6,Samba 2,Pettah
2019-06-13,4060.0,81.2,Samba 2,Pettah
2019-06-14,4040.0,80.8,Samba 2,Pettah
2019-06-17,4060.0,81.2,Samba 2,Pettah
2019-06-18,4000.0,80.0,Samba 2,Pettah
2019-06-19,4020.0,80.4,Samba 2,Pettah
2019-06-20,4020.0,80.4,Samba 2,Pettah
2019-06-21,4020.0,80.4,Samba 2,Pettah
2019-06-24,4040.0,80.8,Samba 2,Pettah
2019-06-25,4000.0,80.0,Samba 2,Pettah
2019-06-26,4000.0,80.0,Samba 2,Pettah
2019-06-27,3980.0,79.6,Samba 2,Pettah
2019-06-28,3980.0,79.6,Samba 2,Pettah
2019-07-01,4000.0,80.0,Samba 2,Pettah
2019-07-02,4000.0,80.0,Samba 2,Pettah
2019-07-03,3990.0,79.8,Samba 2,Pettah
2019-07-04,4000.0,80.0,Samba 2,Pettah
2019-07-05,4020.0,80.4,Samba 2,Pettah
2019-07-08,3980.0,79.6,Samba 2,Pettah
2019-07-09,3980.0,79.6,Samba 2,Pettah
2019-07-10,4020.0,80.4,Samba 2,Pettah
2019-07-11,4000.0,80.0,Samba 2,Pettah
2019-07-12,3980.0,79.6,Samba 2,Pettah
2019-07-15,4020.0,80.4,Samba 2,Pettah
2019-07-17,4000.0,80.0,Samba 2,Pettah
2019-07-18,4000.0,80.0,Samba 2,Pettah
2019-07-19,3980.0,79.6,Samba 2,Pettah
2019-07-23,4000.0,80.0,Samba 2,Pettah
2019-07-24,4130.0,82.6,Samba 2,Pettah
2019-07-25,4000.0,80.0,Samba 2,Pettah
2019-07-26,4000.0,80.0,Samba 2,Pettah
2019-07-29,4070.0,81.4,Samba 2,Pettah
2019-07-30,4030.0,80.6,Samba 2,Pettah
2019-08-02,4070.0,81.4,Samba 2,Pettah
2019-08-06,4100.0,82.0,Samba 2,Pettah
2019-08-07,4060.0,81.2,Samba 2,Pettah
2019-08-08,4050.0,81.0,Samba 2,Pettah
2019-08-09,4100.0,82.0,Samba 2,Pettah
2019-08-13,4100.0,82.0,Samba 2,Pettah
2019-08-15,4060.0,81.2,Samba 2,Pettah
2019-08-16,4060.0,81.2,Samba 2,Pettah
2019-08-19,4070.0,81.4,Samba 2,Pettah
2019-08-20,4120.0,82.4,Samba 2,Pettah
2019-08-21,4130.0,82.6,Samba 2,Pettah
2019-08-22,4120.0,82.4,Samba 2,Pettah
2019-08-23,4120.0,82.4,Samba 2,Pettah
2019-08-26,4150.0,83.0,Samba 2,Pettah
2019-08-27,4150.0,83.0,Samba 2,Pettah
2019-08-28,4160.0,83.2,Samba 2,Pettah
2019-08-29,4210.0,84.2,Samba 2,Pettah
2019-08-30,4200.0,84.0,Samba 2,Pettah
2019-09-03,4230.0,84.6,Samba 2,Pettah
2019-09-04,4200.0,84.0,Samba 2,Pettah
2019-09-05,4230.0,84.6,Samba 2,Pettah
2019-09-06,4230.0,84.6,Samba 2,Pettah
2019-09-09,4260.0,85.2,Samba 2,Pettah
2019-09-10,4320.0,86.4,Samba 2,Pettah
2019-09-12,4290.0,85.8,Samba 2,Pettah
2019-09-16,4330.0,86.6,Samba 2,Pettah
2019-09-17,4310.0,86.2,Samba 2,Pettah
2019-09-18,4350.0,87.0,Samba 2,Pettah
2019-09-19,4330.0,86.6,Samba 2,Pettah
2019-09-20,4380.0,87.6,Samba 2,Pettah
2019-09-23,4370.0,87.4,Samba 2,Pettah
2019-09-24,4400.0,88.0,Samba 2,Pettah
2019-09-25,4390.0,87.8,Samba 2,Pettah
2019-09-26,4440.0,88.8,Samba 2,Pettah
2019-09-27,4420.0,88.4,Samba 2,Pettah
2019-09-30,4430.0,88.6,Samba 2,Pettah
2019-10-01,4460.0,89.2,Samba 2,Pettah
2019-10-02,4480.0,89.6,Samba 2,Pettah
2019-10-03,4450.0,89.0,Samba 2,Pettah
2019-10-04,4460.0,89.2,Samba 2,Pettah
2019-10-07,4460.0,89.2,Samba 2,Pettah
2019-10-08,4480.0,89.6,Samba 2,Pettah
2019-10-09,4480.0,89.6,Samba 2,Pettah
2019-10-10,4560.0,91.2,Samba 2,Pettah
2019-10-11,4490.0,89.8,Samba 2,Pettah
2019-10-14,4550.0,91.0,Samba 2,Pettah
2019-10-15,4540.0,90.8,Samba 2,Pettah
2019-10-16,4520.0,90.4,Samba 2,Pettah
2019-10-17,4560.0,91.2,Samba 2,Pettah
2019-10-18,4540.0,90.8,Samba 2,Pettah
2019-10-21,4540.0,90.8,Samba 2,Pettah
2019-10-22,4560.0,91.2,Samba 2,Pettah
2019-10-23,4540.0,90.8,Samba 2,Pettah
2019-10-24,4560.0,91.2,Samba 2,Pettah
2019-10-25,4560.0,91.2,Samba 2,Pettah
2019-10-28,4570.0,91.4,Samba 2,Pettah
2019-10-29,4560.0,91.2,Samba 2,Pettah
2019-10-30,4560.0,91.2,Samba 2,Pettah
2019-10-31,4540.0,90.8,Samba 2,Pettah
2019-11-01,4560.0,91.2,Samba 2,Pettah
2019-11-04,4570.0,91.4,Samba 2,Pettah
2019-11-05,4570.0,91.4,Samba 2,Pettah
2019-11-06,4560.0,91.2,Samba 2,Pettah
2019-11-07,4580.0,91.6,Samba 2,Pettah
2019-11-08,4610.0,92.2,Samba 2,Pettah
2019-11-11,4640.0,92.8,Samba 2,Pettah
2019-11-13,4640.0,92.8,Samba 2,Pettah
2019-11-14,4680.0,93.6,Samba 2,Pettah
2019-11-15,4670.0,93.4,Samba 2,Pettah
2019-11-18,4610.0,92.2,Samba 2,Pettah
2019-11-19,4650.0,93.0,Samba 2,Pettah
2019-11-20,4630.0,92.6,Samba 2,Pettah
2019-11-21,4730.0,94.6,Samba 2,Pettah
2019-11-22,4740.0,94.8,Samba 2,Pettah
2019-11-25,4800.0,96.0,Samba 2,Pettah
2019-11-26,4860.0,97.2,Samba 2,Pettah
2019-11-27,4920.0,98.4,Samba 2,Pettah
2019-11-28,4960.0,99.2,Samba 2,Pettah
2019-11-29,4940.0,98.8,Samba 2,Pettah
2019-12-02,4960.0,99.2,Samba 2,Pettah
2019-12-03,4970.0,99.4,Samba 2,Pettah
2019-12-04,4970.0,99.4,Samba 2,Pettah
2019-12-05,4960.0,99.2,Samba 2,Pettah
2019-12-06,4950.0,99.0,Samba 2,Pettah
2019-12-09,4960.0,99.2,Samba 2,Pettah
2019-12-10,4950.0,99.0,Samba 2,Pettah
2019-12-12,5010.0,100.2,Samba 2,Pettah
2019-12-13,4970.0,99.4,Samba 2,Pettah
2019-12-16,4960.0,99.2,Samba 2,Pettah
2019-12-17,4950.0,99.0,Samba 2,Pettah
2019-12-18,4950.0,99.0,Samba 2,Pettah
2019-12-19,4940.0,98.8,Samba 2,Pettah
2019-12-20,4870.0,97.4,Samba 2,Pettah
2019-12-23,4850.0,97.0,Samba 2,Pettah
2019-12-24,4840.0,96.8,Samba 2,Pettah
2019-12-26,4800.0,96.0,Samba 2,Pettah
2019-12-27,4812.5,96.25,Samba 2,Pettah
2019-12-30,4787.5,95.75,Samba 2,Pettah
2019-12-31,4800.0,96.0,Samba 2,Pettah
2020-01-01,4790.0,95.8,Samba 2,Pettah
2020-01-02,4790.0,95.8,Samba 2,Pettah
2020-01-03,4780.0,95.6,Samba 2,Pettah
2020-01-06,4770.0,95.4,Samba 2,Pettah
2020-01-07,4790.0,95.8,Samba 2,Pettah
2020-01-08,4760.0,95.2,Samba 2,Pettah
2020-01-09,4760.0,95.2,Samba 2,Pettah
2020-01-13,4790.0,95.8,Samba 2,Pettah
2020-01-14,4770.0,95.4,Samba 2,Pettah
2020-01-16,4780.0,95.6,Samba 2,Pettah
2020-01-17,4720.0,94.4,Samba 2,Pettah
2020-01-20,4760.0,95.2,Samba 2,Pettah
2020-01-21,4690.0,93.8,Samba 2,Pettah
2020-01-22,4630.0,92.6,Samba 2,Pettah
2020-01-23,4650.0,93.0,Samba 2,Pettah
2020-01-24,4660.0,93.2,Samba 2,Pettah
2020-01-27,4640.0,92.8,Samba 2,Pettah
2020-01-28,4660.0,93.2,Samba 2,Pettah
2020-01-29,4660.0,93.2,Samba 2,Pettah
2020-01-30,4760.0,95.2,Samba 2,Pettah
2020-01-31,4600.0,92.0,Samba 2,Pettah
2020-02-03,4590.0,91.8,Samba 2,Pettah
2020-02-05,4630.0,92.6,Samba 2,Pettah
2020-02-06,4570.0,91.4,Samba 2,Pettah
2020-02-07,4600.0,92.0,Samba 2,Pettah
2020-02-10,4610.0,92.2,Samba 2,Pettah
2020-02-11,4670.0,93.4,Samba 2,Pettah
2020-02-12,4660.0,93.2,Samba 2,Pettah
2020-02-13,4690.0,93.8,Samba 2,Pettah
2020-02-14,4670.0,93.4,Samba 2,Pettah
2020-02-17,4670.0,93.4,Samba 2,Pettah
2020-02-18,4650.0,93.0,Samba 2,Pettah
2020-02-19,4650.0,93.0,Samba 2,Pettah
2020-02-20,4690.0,93.8,Samba 2,Pettah
2020-02-24,4720.0,94.4,Samba 2,Pettah
2020-02-25,4730.0,94.6,Samba 2,Pettah
2020-02-26,4710.0,94.2,Samba 2,Pettah
2020-02-27,4730.0,94.6,Samba 2,Pettah
2020-02-28,4700.0,94.0,Samba 2,Pettah
2020-03-02,4710.0,94.2,Samba 2,Pettah
2020-03-03,4740.0,94.8,Samba 2,Pettah
2020-03-04,4730.0,94.6,Samba 2,Pettah
2020-03-05,4700.0,94.0,Samba 2,Pettah
2020-03-06,4700.0,94.0,Samba 2,Pettah
2020-03-10,4740.0,94.8,Samba 2,Pettah
2020-03-11,4720.0,94.4,Samba 2,Pettah
2020-03-12,4740.0,94.8,Samba 2,Pettah
2020-03-13,4770.0,95.4,Samba 2,Pettah
2020-06-15,4783.33,95.6666,Samba 2,Pettah
2020-06-16,4783.33,95.6666,Samba 2,Pettah
2020-06-17,4783.33,95.6666,Samba 2,Pettah
2020-06-18,4783.33,95.6666,Samba 2,Pettah
2020-06-19,4783.33,95.6666,Samba 2,Pettah
2020-06-22,4783.33,95.6666,Samba 2,Pettah
2020-06-23,4783.33,95.6666,Samba 2,Pettah
2020-06-24,4800.0,96.0,Samba 2,Pettah
2020-06-25,4775.0,95.5,Samba 2,Pettah
2020-06-26,4766.67,95.3334,Samba 2,Pettah
2020-06-29,4790.0,95.8,Samba 2,Pettah
2020-06-30,4790.0,95.8,Samba 2,Pettah
2020-07-01,4820.0,96.4,Samba 2,Pettah
2020-07-02,4780.0,95.6,Samba 2,Pettah
2020-07-03,4800.0,96.0,Samba 2,Pettah
2020-07-06,4790.0,95.8,Samba 2,Pettah
2020-07-07,4780.0,95.6,Samba 2,Pettah
2020-07-08,4790.0,95.8,Samba 2,Pettah
2020-07-09,4780.0,95.6,Samba 2,Pettah
2020-07-10,4770.0,95.4,Samba 2,Pettah
2020-07-13,4780.0,95.6,Samba 2,Pettah
2020-07-14,4760.0,95.2,Samba 2,Pettah
2020-07-15,4760.0,95.2,Samba 2,Pettah
2020-07-16,4760.0,95.2,Samba 2,Pettah
2020-07-17,4790.0,95.8,Samba 2,Pettah
2020-07-20,4790.0,95.8,Samba 2,Pettah
2020-07-21,4790.0,95.8,Samba 2,Pettah
2020-07-22,4820.0,96.4,Samba 2,Pettah
2020-07-23,4860.0,97.2,Samba 2,Pettah
2020-07-24,4880.0,97.6,Samba 2,Pettah
2020-07-27,4880.0,97.6,Samba 2,Pettah
2020-07-28,4880.0,97.6,Samba 2,Pettah
2020-07-29,4900.0,98.0,Samba 2,Pettah
2020-07-30,4900.0,98.0,Samba 2,Pettah
2020-07-31,4900.0,98.0,Samba 2,Pettah
2020-08-04,4900.0,98.0,Samba 2,Pettah
2020-08-06,4900.0,98.0,Samba 2,Pettah
2020-08-07,4900.0,98.0,Samba 2,Pettah
2020-08-10,4900.0,98.0,Samba 2,Pettah
2020-08-11,4900.0,98.0,Samba 2,Pettah
2020-08-12,4900.0,98.0,Samba 2,Pettah
2020-08-13,4900.0,98.0,Samba 2,Pettah
2020-08-14,4900.0,98.0,Samba 2,Pettah
2020-08-17,4900.0,98.0,Samba 2,Pettah
2020-08-18,4900.0,98.0,Samba 2,Pettah
2020-08-19,4900.0,98.0,Samba 2,Pettah
2020-08-20,4900.0,98.0,Samba 2,Pettah
2020-08-21,4940.0,98.8,Samba 2,Pettah
2020-08-24,4960.0,99.2,Samba 2,Pettah
2020-08-25,4950.0,99.0,Samba 2,Pettah
2020-08-26,4980.0,99.6,Samba 2,Pettah
2020-08-27,4980.0,99.6,Samba 2,Pettah
2020-08-28,5020.0,100.4,Samba 2,Pettah
2020-08-31,5080.0,101.6,Samba 2,Pettah
2020-09-02,5130.0,102.6,Samba 2,Pettah
2020-09-03,4775.0,95.5,Samba 2,Pettah
2020-09-04,4800.0,96.0,Samba 2,Pettah
2020-09-07,4800.0,96.0,Samba 2,Pettah
2020-09-08,5170.0,103.4,Samba 2,Pettah
2020-09-09,5200.0,104.0,Samba 2,Pettah
2020-09-10,5210.0,104.2,Samba 2,Pettah
2020-09-11,5180.0,103.6,Samba 2,Pettah
2020-09-14,5190.0,103.8,Samba 2,Pettah
2020-09-15,5200.0,104.0,Samba 2,Pettah
2020-09-16,5212.5,104.25,Samba 2,Pettah
2020-09-17,5212.5,104.25,Samba 2,Pettah
2020-09-18,5250.0,105.0,Samba 2,Pettah
2020-09-21,5240.0,104.8,Samba 2,Pettah
2020-09-22,5310.0,106.2,Samba 2,Pettah
2020-09-23,5310.0,106.2,Samba 2,Pettah
2020-09-24,5310.0,106.2,Samba 2,Pettah
2020-09-25,5310.0,106.2,Samba 2,Pettah
2020-09-28,4640.0,92.8,Samba 2,Pettah
2020-09-29,5340.0,106.8,Samba 2,Pettah
2020-09-30,4630.0,92.6,Samba 2,Pettah
2020-10-01,5340.0,106.8,Samba 2,Pettah
2020-10-02,5340.0,106.8,Samba 2,Pettah
2020-10-05,5310.0,106.2,Samba 2,Pettah
2020-10-06,4640.0,92.8,Samba 2,Pettah
2020-10-07,4690.0,93.8,Samba 2,Pettah
2020-10-08,4710.0,94.2,Samba 2,Pettah
2020-10-09,4740.0,94.8,Samba 2,Pettah
2020-10-12,4780.0,95.6,Samba 2,Pettah
2020-10-13,4730.0,94.6,Samba 2,Pettah
2020-10-14,4730.0,94.6,Samba 2,Pettah
2020-10-15,4730.0,94.6,Samba 2,Pettah
2020-10-16,4770.0,95.4,Samba 2,Pettah
2020-10-19,4780.0,95.6,Samba 2,Pettah
2020-10-20,4780.0,95.6,Samba 2,Pettah
2020-10-21,4840.0,96.8,Samba 2,Pettah
2020-10-22,4800.0,96.0,Samba 2,Pettah
2020-10-23,5575.0,111.5,Samba 2,Pettah
2020-10-26,5575.0,111.5,Samba 2,Pettah
2020-11-12,4875.0,97.5,Samba 2,Pettah
2020-11-13,4900.0,98.0,Samba 2,Pettah
2020-11-16,4900.0,98.0,Samba 2,Pettah
2021-01-12,5366.67,107.3334,Samba 2,Pettah
2021-01-13,5375.0,107.5,Samba 2,Pettah
2021-01-15,3766.67,75.3334,Samba 2,Pettah
2021-01-18,5400.0,108.0,Samba 2,Pettah
2021-01-19,5400.0,108.0,Samba 2,Pettah
2021-01-20,5400.0,108.0,Samba 2,Pettah
2021-01-21,5400.0,108.0,Samba 2,Pettah
2021-01-22,5333.33,106.6666,Samba 2,Pettah
2021-01-25,5350.0,107.0,Samba 2,Pettah
2021-01-26,5233.33,104.6666,Samba 2,Pettah
2021-01-27,5250.0,105.0,Samba 2,Pettah
2021-01-29,5237.5,104.75,Samba 2,Pettah
2021-02-01,6500.0,130.0,Samba 2,Pettah
2021-02-02,5250.0,105.0,Samba 2,Pettah
2021-02-03,5233.33,104.6666,Samba 2,Pettah
2021-02-08,5233.33,104.6666,Samba 2,Pettah
2021-02-09,4916.67,98.3334,Samba 2,Pettah
2021-02-10,4883.33,97.6666,Samba 2,Pettah
2021-02-11,4900.0,98.0,Samba 2,Pettah
2021-02-12,4900.0,98.0,Samba 2,Pettah
2021-02-15,4900.0,98.0,Samba 2,Pettah
2021-02-16,4900.0,98.0,Samba 2,Pettah
2021-02-17,4900.0,98.0,Samba 2,Pettah
2021-02-18,4933.33,98.6666,Samba 2,Pettah
2021-02-19,5000.0,100.0,Samba 2,Pettah
2021-02-22,4780.0,95.6,Samba 2,Pettah
2021-02-23,4780.0,95.6,Samba 2,Pettah
2021-02-24,4780.0,95.6,Samba 2,Pettah
2021-02-25,5233.33,104.6666,Samba 2,Pettah
2021-03-01,5175.0,103.5,Samba 2,Pettah
2021-03-02,5200.0,104.0,Samba 2,Pettah
2021-03-03,5283.33,105.6666,Samba 2,Pettah
2021-03-04,5283.33,105.6666,Samba 2,Pettah
2021-03-05,5283.33,105.6666,Samba 2,Pettah
2021-03-08,5237.5,104.75,Samba 2,Pettah
2021-03-09,5275.0,105.5,Samba 2,Pettah
2021-03-10,5275.0,105.5,Samba 2,Pettah
2021-03-12,5290.0,105.8,Samba 2,Pettah
2021-03-15,5283.33,105.6666,Samba 2,Pettah
2021-03-16,5300.0,106.0,Samba 2,Pettah
2021-03-17,5300.0,106.0,Samba 2,Pettah
2021-03-18,5312.5,106.25,Samba 2,Pettah
2021-03-19,5300.0,106.0,Samba 2,Pettah
2021-03-22,5450.0,109.0,Samba 2,Pettah
2021-03-23,5400.0,108.0,Samba 2,Pettah
2021-03-24,5425.0,108.5,Samba 2,Pettah
2021-03-25,5325.0,106.5,Samba 2,Pettah
2021-03-26,5350.0,107.0,Samba 2,Pettah
2021-03-29,5400.0,108.0,Samba 2,Pettah
2021-03-30,5316.67,106.3334,Samba 2,Pettah
2021-04-01,4980.0,99.6,Samba 2,Pettah
2021-04-05,4970.0,99.4,Samba 2,Pettah
2021-04-06,4970.0,99.4,Samba 2,Pettah
2021-04-07,4970.0,99.4,Samba 2,Pettah
2021-04-08,5000.0,100.0,Samba 2,Pettah
2021-04-09,4970.0,99.4,Samba 2,Pettah
2021-04-19,5120.0,102.4,Samba 2,Pettah
2021-04-20,5130.0,102.6,Samba 2,Pettah
2021-04-21,5150.0,103.0,Samba 2,Pettah
2021-04-22,5150.0,103.0,Samba 2,Pettah
2021-04-27,5170.0,103.4,Samba 2,Pettah
2021-04-28,5190.0,103.8,Samba 2,Pettah
2021-04-29,5380.0,107.6,Samba 2,Pettah
2021-04-30,5380.0,107.6,Samba 2,Pettah
2021-05-03,5560.0,111.2,Samba 2,Pettah
2021-05-04,5750.0,115.0,Samba 2,Pettah
2021-05-05,5750.0,115.0,Samba 2,Pettah
2021-05-06,5620.0,112.4,Samba 2,Pettah
2021-05-07,5710.0,114.2,Samba 2,Pettah
2021-05-10,7000.0,140.0,Samba 2,Pettah
2021-05-11,6980.0,139.6,Samba 2,Pettah
2021-05-12,5700.0,114.0,Samba 2,Pettah
2021-05-13,6930.0,138.6,Samba 2,Pettah
2021-05-17,7100.0,142.0,Samba 2,Pettah
2021-05-18,7120.0,142.4,Samba 2,Pettah
2021-05-19,7140.0,142.8,Samba 2,Pettah
2021-05-20,7170.0,143.4,Samba 2,Pettah
2021-05-21,5770.0,115.4,Samba 2,Pettah
2021-06-08,5900.0,118.0,Samba 2,Pettah
2021-06-09,5860.0,117.2,Samba 2,Pettah
2021-06-18,5920.0,118.4,Samba 2,Pettah
2021-06-21,5830.0,116.6,Samba 2,Pettah
2021-06-22,5830.0,116.6,Samba 2,Pettah
2021-06-23,5830.0,116.6,Samba 2,Pettah
2021-06-25,5760.0,115.2,Samba 2,Pettah
2021-06-28,5790.0,115.8,Samba 2,Pettah
2021-06-29,5800.0,116.0,Samba 2,Pettah
2021-06-30,5540.0,110.8,Samba 2,Pettah
2021-07-01,5533.33,110.6666,Samba 2,Pettah
2021-07-02,5583.33,111.6666,Samba 2,Pettah
2021-07-05,5540.0,110.8,Samba 2,Pettah
2021-07-06,5560.0,111.2,Samba 2,Pettah
2021-07-07,5560.0,111.2,Samba 2,Pettah
2021-07-08,5500.0,110.0,Samba 2,Pettah
2021-07-09,5500.0,110.0,Samba 2,Pettah
2021-07-12,6580.0,131.6,Samba 2,Pettah
2021-07-13,6380.0,127.6,Samba 2,Pettah
2021-07-14,6400.0,128.0,Samba 2,Pettah
2021-07-15,6300.0,126.0,Samba 2,Pettah
2021-07-16,5380.0,107.6,Samba 2,Pettah
2021-07-19,6150.0,123.0,Samba 2,Pettah
2021-07-20,6150.0,123.0,Samba 2,Pettah
2021-07-22,6080.0,121.6,Samba 2,Pettah
2021-07-26,6080.0,121.6,Samba 2,Pettah
2021-07-27,6000.0,120.0,Samba 2,Pettah
2021-07-28,5950.0,119.0,Samba 2,Pettah
2021-07-29,5930.0,118.6,Samba 2,Pettah
2021-07-30,5900.0,118.0,Samba 2,Pettah
2021-08-02,5900.0,118.0,Samba 2,Pettah
2021-08-03,5880.0,117.6,Samba 2,Pettah
2021-08-04,5810.0,116.2,Samba 2,Pettah
2021-08-05,5710.0,114.2,Samba 2,Pettah
2021-08-06,5730.0,114.6,Samba 2,Pettah
2021-08-09,5960.0,119.2,Samba 2,Pettah
2021-08-11,5880.0,117.6,Samba 2,Pettah
2021-08-12,5880.0,117.6,Samba 2,Pettah
2021-08-13,5880.0,117.6,Samba 2,Pettah
2021-08-16,5880.0,117.6,Samba 2,Pettah
2021-08-17,5860.0,117.2,Samba 2,Pettah
2021-08-18,5960.0,119.2,Samba 2,Pettah
2021-08-19,5980.0,119.6,Samba 2,Pettah
2021-08-20,5960.0,119.2,Samba 2,Pettah
2021-08-24,5860.0,117.2,Samba 2,Pettah
2021-08-25,5860.0,117.2,Samba 2,Pettah
2021-09-01,5960.0,119.2,Samba 2,Pettah
2021-09-02,5960.0,119.2,Samba 2,Pettah
2021-09-06,5800.0,116.0,Samba 2,Pettah
2021-09-09,5100.0,102.0,Samba 2,Pettah
2021-09-10,5100.0,102.0,Samba 2,Pettah
2021-09-13,5150.0,103.0,Samba 2,Pettah
2021-09-14,5150.0,103.0,Samba 2,Pettah
2021-09-15,5130.0,102.6,Samba 2,Pettah
2021-09-16,5130.0,102.6,Samba 2,Pettah
2021-09-17,5150.0,103.0,Samba 2,Pettah
2021-09-21,5150.0,103.0,Samba 2,Pettah
2021-09-22,5940.0,118.8,Samba 2,Pettah
2021-09-23,5910.0,118.2,Samba 2,Pettah
2021-09-24,5910.0,118.2,Samba 2,Pettah
2021-09-27,5960.0,119.2,Samba 2,Pettah
2021-09-28,6300.0,126.0,Samba 2,Pettah
2021-09-29,6550.0,131.0,Samba 2,Pettah
2021-09-30,6480.0,129.6,Samba 2,Pettah
2021-10-01,6700.0,134.0,Samba 2,Pettah
2021-10-04,5750.0,115.0,Samba 2,Pettah
2021-10-05,6750.0,135.0,Samba 2,Pettah
2021-10-06,6780.0,135.6,Samba 2,Pettah
2021-10-07,6780.0,135.6,Samba 2,Pettah
2021-10-08,5750.0,115.0,Samba 2,Pettah
2021-10-11,6890.0,137.8,Samba 2,Pettah
2021-10-12,6950.0,139.0,Samba 2,Pettah
2021-10-13,5890.0,117.8,Samba 2,Pettah
2021-10-14,5930.0,118.6,Samba 2,Pettah
2021-10-15,5930.0,118.6,Samba 2,Pettah
2021-10-18,5960.0,119.2,Samba 2,Pettah
2021-10-21,6100.0,122.0,Samba 2,Pettah
2021-10-22,6180.0,123.6,Samba 2,Pettah
2021-10-25,6250.0,125.0,Samba 2,Pettah
2021-10-26,6325.0,126.5,Samba 2,Pettah
2021-10-27,10937.5,218.75,Samba 2,Pettah
2021-10-28,10900.0,218.0,Samba 2,Pettah
2021-10-29,10950.0,219.0,Samba 2,Pettah
2021-11-01,11850.0,237.0,Samba 2,Pettah
2021-11-02,11550.0,231.0,Samba 2,Pettah
2021-11-03,11550.0,231.0,Samba 2,Pettah
2017-08-29,3100.0,62.0,Imported Rice,Marandagahamula
2017-08-30,3116.67,62.333400000000005,Imported Rice,Marandagahamula
2017-08-31,3133.33,62.666599999999995,Imported Rice,Marandagahamula
2017-09-04,3133.33,62.666599999999995,Imported Rice,Marandagahamula
2017-09-06,3266.67,65.3334,Imported Rice,Marandagahamula
2017-09-07,3266.67,65.3334,Imported Rice,Marandagahamula
2017-09-08,3375.0,67.5,Imported Rice,Marandagahamula
2017-09-11,3350.0,67.0,Imported Rice,Marandagahamula
2017-09-12,3350.0,67.0,Imported Rice,Marandagahamula
2017-09-13,3400.0,68.0,Imported Rice,Marandagahamula
2017-09-14,3350.0,67.0,Imported Rice,Marandagahamula
2017-09-15,3400.0,68.0,Imported Rice,Marandagahamula
2017-09-18,3400.0,68.0,Imported Rice,Marandagahamula
2017-09-19,3400.0,68.0,Imported Rice,Marandagahamula
2017-09-20,3400.0,68.0,Imported Rice,Marandagahamula
2017-09-21,3400.0,68.0,Imported Rice,Marandagahamula
2017-09-22,3400.0,68.0,Imported Rice,Marandagahamula
2017-09-25,3462.5,69.25,Imported Rice,Marandagahamula
2017-09-26,3462.5,69.25,Imported Rice,Marandagahamula
2017-09-27,3400.0,68.0,Imported Rice,Marandagahamula
2017-09-28,3400.0,68.0,Imported Rice,Marandagahamula
2017-09-29,3387.5,67.75,Imported Rice,Marandagahamula
2017-10-02,3387.5,67.75,Imported Rice,Marandagahamula
2017-10-03,3387.5,67.75,Imported Rice,Marandagahamula
2017-10-04,3362.5,67.25,Imported Rice,Marandagahamula
2017-10-06,3287.5,65.75,Imported Rice,Marandagahamula
2017-10-09,3250.0,65.0,Imported Rice,Marandagahamula
2017-10-10,3250.0,65.0,Imported Rice,Marandagahamula
2017-10-11,3300.0,66.0,Imported Rice,Marandagahamula
2017-10-12,3287.5,65.75,Imported Rice,Marandagahamula
2017-10-13,3400.0,68.0,Imported Rice,Marandagahamula
2017-10-16,3400.0,68.0,Imported Rice,Marandagahamula
2017-10-17,3400.0,68.0,Imported Rice,Marandagahamula
2017-10-19,3300.0,66.0,Imported Rice,Marandagahamula
2017-10-20,3300.0,66.0,Imported Rice,Marandagahamula
2017-10-30,3300.0,66.0,Imported Rice,Marandagahamula
2017-11-01,3350.0,67.0,Imported Rice,Marandagahamula
2017-11-02,3362.5,67.25,Imported Rice,Marandagahamula
2017-11-06,3300.0,66.0,Imported Rice,Marandagahamula
2017-11-07,3350.0,67.0,Imported Rice,Marandagahamula
2017-11-08,3250.0,65.0,Imported Rice,Marandagahamula
2017-11-09,3262.5,65.25,Imported Rice,Marandagahamula
2017-11-10,3262.5,65.25,Imported Rice,Marandagahamula
2017-11-13,3150.0,63.0,Imported Rice,Marandagahamula
2017-11-14,3150.0,63.0,Imported Rice,Marandagahamula
2017-11-16,3237.5,64.75,Imported Rice,Marandagahamula
2017-11-17,3362.5,67.25,Imported Rice,Marandagahamula
2017-11-20,3200.0,64.0,Imported Rice,Marandagahamula
2017-11-21,3166.67,63.333400000000005,Imported Rice,Marandagahamula
2017-11-22,3333.33,66.6666,Imported Rice,Marandagahamula
2017-11-23,3333.33,66.6666,Imported Rice,Marandagahamula
2017-11-24,3350.0,67.0,Imported Rice,Marandagahamula
2017-11-27,3333.33,66.6666,Imported Rice,Marandagahamula
2017-11-28,3333.33,66.6666,Imported Rice,Marandagahamula
2017-11-29,3366.67,67.3334,Imported Rice,Marandagahamula
2017-11-30,3350.0,67.0,Imported Rice,Marandagahamula
2018-03-16,3533.33,70.6666,Imported Rice,Marandagahamula
2018-03-28,3366.67,67.3334,Imported Rice,Marandagahamula
2018-04-02,3316.67,66.3334,Imported Rice,Marandagahamula
2018-04-03,3316.67,66.3334,Imported Rice,Marandagahamula
2018-04-04,3316.67,66.3334,Imported Rice,Marandagahamula
2018-04-05,3316.67,66.3334,Imported Rice,Marandagahamula
2018-04-06,3266.67,65.3334,Imported Rice,Marandagahamula
2018-04-09,3266.67,65.3334,Imported Rice,Marandagahamula
2018-04-10,3266.67,65.3334,Imported Rice,Marandagahamula
2018-04-11,3266.67,65.3334,Imported Rice,Marandagahamula
2018-04-12,3266.67,65.3334,Imported Rice,Marandagahamula
2018-04-17,3266.67,65.3334,Imported Rice,Marandagahamula
2018-04-23,3383.33,67.6666,Imported Rice,Marandagahamula
2018-04-24,3350.0,67.0,Imported Rice,Marandagahamula
2018-04-25,3383.33,67.6666,Imported Rice,Marandagahamula
2018-04-26,3366.67,67.3334,Imported Rice,Marandagahamula
2018-04-27,3350.0,67.0,Imported Rice,Marandagahamula
2018-05-02,3383.33,67.6666,Imported Rice,Marandagahamula
2018-05-03,3683.33,73.6666,Imported Rice,Marandagahamula
2018-05-04,3933.33,78.6666,Imported Rice,Marandagahamula
2018-05-08,3716.67,74.3334,Imported Rice,Marandagahamula
2018-05-09,3716.67,74.3334,Imported Rice,Marandagahamula
2018-05-10,3716.67,74.3334,Imported Rice,Marandagahamula
2018-05-11,3716.67,74.3334,Imported Rice,Marandagahamula
2018-05-14,3800.0,76.0,Imported Rice,Marandagahamula
2018-05-15,3800.0,76.0,Imported Rice,Marandagahamula
2018-05-21,3683.33,73.6666,Imported Rice,Marandagahamula
2018-05-22,3683.33,73.6666,Imported Rice,Marandagahamula
2018-05-23,3666.67,73.3334,Imported Rice,Marandagahamula
2018-05-24,3683.33,73.6666,Imported Rice,Marandagahamula
2018-05-25,3683.33,73.6666,Imported Rice,Marandagahamula
2018-05-28,3666.67,73.3334,Imported Rice,Marandagahamula
2018-05-30,3716.67,74.3334,Imported Rice,Marandagahamula
2018-05-31,3750.0,75.0,Imported Rice,Marandagahamula
2018-06-05,3575.0,71.5,Imported Rice,Marandagahamula
2018-06-06,3675.0,73.5,Imported Rice,Marandagahamula
2018-06-07,3675.0,73.5,Imported Rice,Marandagahamula
2018-06-08,3675.0,73.5,Imported Rice,Marandagahamula
2018-06-11,3675.0,73.5,Imported Rice,Marandagahamula
2018-06-19,3700.0,74.0,Imported Rice,Marandagahamula
2018-06-20,3700.0,74.0,Imported Rice,Marandagahamula
2018-06-21,3700.0,74.0,Imported Rice,Marandagahamula
2018-06-28,3700.0,74.0,Imported Rice,Marandagahamula
2018-07-05,3700.0,74.0,Imported Rice,Marandagahamula
2021-10-28,10180.0,203.6,Keeri Samba,Marandagahamula
2021-10-29,10110.0,202.2,Keeri Samba,Marandagahamula
2021-11-01,10500.0,210.0,Keeri Samba,Marandagahamula
2021-11-02,10500.0,210.0,Keeri Samba,Marandagahamula
2021-11-03,10687.5,213.75,Keeri Samba,Marandagahamula
2017-10-23,3633.33,72.6666,Nadu,Marandagahamula
2017-10-24,3633.33,72.6666,Nadu,Marandagahamula
2017-10-25,3633.33,72.6666,Nadu,Marandagahamula
2017-10-26,3633.33,72.6666,Nadu,Marandagahamula
2017-10-27,3650.0,73.0,Nadu,Marandagahamula
2017-10-31,3666.67,73.3334,Nadu,Marandagahamula
2017-12-04,3633.33,72.6666,Nadu,Marandagahamula
2017-12-05,3666.67,73.3334,Nadu,Marandagahamula
2017-12-06,3666.67,73.3334,Nadu,Marandagahamula
2017-12-07,3650.0,73.0,Nadu,Marandagahamula
2017-12-08,3633.33,72.6666,Nadu,Marandagahamula
2017-12-11,3666.67,73.3334,Nadu,Marandagahamula
2017-12-12,3633.33,72.6666,Nadu,Marandagahamula
2017-12-13,3666.67,73.3334,Nadu,Marandagahamula
2017-12-14,3666.67,73.3334,Nadu,Marandagahamula
2017-12-15,3650.0,73.0,Nadu,Marandagahamula
2017-12-18,3616.67,72.3334,Nadu,Marandagahamula
2017-12-19,3616.67,72.3334,Nadu,Marandagahamula
2017-12-20,3683.33,73.6666,Nadu,Marandagahamula
2017-12-21,3650.0,73.0,Nadu,Marandagahamula
2017-12-22,3633.33,72.6666,Nadu,Marandagahamula
2017-12-26,3650.0,73.0,Nadu,Marandagahamula
2017-12-27,3650.0,73.0,Nadu,Marandagahamula
2017-12-28,3666.67,73.3334,Nadu,Marandagahamula
2017-12-29,3666.67,73.3334,Nadu,Marandagahamula
2018-01-02,3633.33,72.6666,Nadu,Marandagahamula
2018-01-03,3650.0,73.0,Nadu,Marandagahamula
2018-01-04,3633.33,72.6666,Nadu,Marandagahamula
2018-01-05,3650.0,73.0,Nadu,Marandagahamula
2018-01-08,3616.67,72.3334,Nadu,Marandagahamula
2018-01-09,3650.0,73.0,Nadu,Marandagahamula
2018-01-10,3616.67,72.3334,Nadu,Marandagahamula
2018-01-11,3600.0,72.0,Nadu,Marandagahamula
2018-01-12,3616.67,72.3334,Nadu,Marandagahamula
2018-01-15,3600.0,72.0,Nadu,Marandagahamula
2018-01-16,3600.0,72.0,Nadu,Marandagahamula
2018-01-17,3633.33,72.6666,Nadu,Marandagahamula
2018-01-18,3633.33,72.6666,Nadu,Marandagahamula
2018-01-19,3616.67,72.3334,Nadu,Marandagahamula
2018-01-22,3600.0,72.0,Nadu,Marandagahamula
2018-01-23,3616.67,72.3334,Nadu,Marandagahamula
2018-01-24,3633.33,72.6666,Nadu,Marandagahamula
2018-01-25,3633.33,72.6666,Nadu,Marandagahamula
2018-01-26,3633.33,72.6666,Nadu,Marandagahamula
2018-01-29,3616.67,72.3334,Nadu,Marandagahamula
2018-01-30,3616.67,72.3334,Nadu,Marandagahamula
2018-02-01,3566.67,71.3334,Nadu,Marandagahamula
2018-02-02,3583.33,71.6666,Nadu,Marandagahamula
2018-02-05,3633.33,72.6666,Nadu,Marandagahamula
2018-02-07,3616.67,72.3334,Nadu,Marandagahamula
2018-02-08,3616.67,72.3334,Nadu,Marandagahamula
2018-02-09,3616.67,72.3334,Nadu,Marandagahamula
2018-02-12,3616.67,72.3334,Nadu,Marandagahamula
2018-02-14,3616.67,72.3334,Nadu,Marandagahamula
2018-02-15,3616.67,72.3334,Nadu,Marandagahamula
2018-02-16,3616.67,72.3334,Nadu,Marandagahamula
2018-02-19,3616.67,72.3334,Nadu,Marandagahamula
2018-02-20,3650.0,73.0,Nadu,Marandagahamula
2018-02-21,3616.67,72.3334,Nadu,Marandagahamula
2018-02-22,3616.67,72.3334,Nadu,Marandagahamula
2018-02-23,3633.33,72.6666,Nadu,Marandagahamula
2018-02-26,3616.67,72.3334,Nadu,Marandagahamula
2018-02-27,3616.67,72.3334,Nadu,Marandagahamula
2018-02-28,3633.33,72.6666,Nadu,Marandagahamula
2018-03-02,3616.67,72.3334,Nadu,Marandagahamula
2018-03-05,3633.33,72.6666,Nadu,Marandagahamula
2018-03-06,3633.33,72.6666,Nadu,Marandagahamula
2018-03-07,3633.33,72.6666,Nadu,Marandagahamula
2018-03-08,3650.0,73.0,Nadu,Marandagahamula
2018-03-09,3633.33,72.6666,Nadu,Marandagahamula
2018-03-12,3616.67,72.3334,Nadu,Marandagahamula
2018-03-13,3616.67,72.3334,Nadu,Marandagahamula
2018-03-14,3616.67,72.3334,Nadu,Marandagahamula
2018-03-15,3616.67,72.3334,Nadu,Marandagahamula
2018-03-19,3733.33,74.6666,Nadu,Marandagahamula
2018-03-20,3633.33,72.6666,Nadu,Marandagahamula
2018-03-21,3633.33,72.6666,Nadu,Marandagahamula
2018-03-22,3633.33,72.6666,Nadu,Marandagahamula
2018-03-23,3650.0,73.0,Nadu,Marandagahamula
2018-03-26,3616.67,72.3334,Nadu,Marandagahamula
2018-03-27,3616.67,72.3334,Nadu,Marandagahamula
2018-05-01,3566.67,71.3334,Nadu,Marandagahamula
2018-05-16,3683.33,73.6666,Nadu,Marandagahamula
2018-05-17,3666.67,73.3334,Nadu,Marandagahamula
2022-06-10,2000.0,40.0,Nadu,Marandagahamula
2015-06-22,3500.0,70.0,Nadu 1,Marandagahamula
2015-06-23,3500.0,70.0,Nadu 1,Marandagahamula
2015-06-24,3550.0,71.0,Nadu 1,Marandagahamula
2015-06-25,3525.0,70.5,Nadu 1,Marandagahamula
2015-06-26,3525.0,70.5,Nadu 1,Marandagahamula
2015-06-29,3425.0,68.5,Nadu 1,Marandagahamula
2015-06-30,3437.5,68.75,Nadu 1,Marandagahamula
2015-07-01,3430.0,68.6,Nadu 1,Marandagahamula
2015-07-02,3430.0,68.6,Nadu 1,Marandagahamula
2015-07-03,3437.5,68.75,Nadu 1,Marandagahamula
2015-07-06,3420.0,68.4,Nadu 1,Marandagahamula
2015-07-09,3385.0,67.7,Nadu 1,Marandagahamula
2015-07-10,3395.0,67.9,Nadu 1,Marandagahamula
2015-07-13,3437.5,68.75,Nadu 1,Marandagahamula
2015-07-14,3450.0,69.0,Nadu 1,Marandagahamula
2015-07-15,3450.0,69.0,Nadu 1,Marandagahamula
2015-07-16,3450.0,69.0,Nadu 1,Marandagahamula
2015-07-17,3487.5,69.75,Nadu 1,Marandagahamula
2015-07-20,3487.5,69.75,Nadu 1,Marandagahamula
2015-07-21,3487.5,69.75,Nadu 1,Marandagahamula
2015-07-22,3487.5,69.75,Nadu 1,Marandagahamula
2015-07-24,3500.0,70.0,Nadu 1,Marandagahamula
2015-07-27,3512.5,70.25,Nadu 1,Marandagahamula
2015-07-28,3512.5,70.25,Nadu 1,Marandagahamula
2015-07-29,3566.67,71.3334,Nadu 1,Marandagahamula
2015-07-30,3566.67,71.3334,Nadu 1,Marandagahamula
2015-08-03,3666.67,73.3334,Nadu 1,Marandagahamula
2015-08-04,3666.67,73.3334,Nadu 1,Marandagahamula
2015-08-05,3666.67,73.3334,Nadu 1,Marandagahamula
2015-08-06,3666.67,73.3334,Nadu 1,Marandagahamula
2015-08-07,3666.67,73.3334,Nadu 1,Marandagahamula
2015-08-10,3683.33,73.6666,Nadu 1,Marandagahamula
2015-08-11,3683.33,73.6666,Nadu 1,Marandagahamula
2015-08-12,3683.33,73.6666,Nadu 1,Marandagahamula
2015-08-13,3683.33,73.6666,Nadu 1,Marandagahamula
2015-08-14,3683.33,73.6666,Nadu 1,Marandagahamula
2015-08-20,3683.33,73.6666,Nadu 1,Marandagahamula
2015-08-21,3683.33,73.6666,Nadu 1,Marandagahamula
2015-08-24,3683.33,73.6666,Nadu 1,Marandagahamula
2015-08-25,3683.33,73.6666,Nadu 1,Marandagahamula
2015-08-26,3683.33,73.6666,Nadu 1,Marandagahamula
2015-08-27,3683.33,73.6666,Nadu 1,Marandagahamula
2015-08-28,3683.33,73.6666,Nadu 1,Marandagahamula
2015-08-31,3683.33,73.6666,Nadu 1,Marandagahamula
2015-09-01,3683.33,73.6666,Nadu 1,Marandagahamula
2015-09-02,3683.33,73.6666,Nadu 1,Marandagahamula
2015-09-03,3666.67,73.3334,Nadu 1,Marandagahamula
2015-09-04,3683.33,73.6666,Nadu 1,Marandagahamula
2015-09-07,3675.0,73.5,Nadu 1,Marandagahamula
2015-09-09,3675.0,73.5,Nadu 1,Marandagahamula
2015-09-10,3687.5,73.75,Nadu 1,Marandagahamula
2015-09-11,3675.0,73.5,Nadu 1,Marandagahamula
2015-09-14,3675.0,73.5,Nadu 1,Marandagahamula
2015-09-16,3675.0,73.5,Nadu 1,Marandagahamula
2015-09-17,3675.0,73.5,Nadu 1,Marandagahamula
2015-09-18,3675.0,73.5,Nadu 1,Marandagahamula
2015-09-21,3675.0,73.5,Nadu 1,Marandagahamula
2015-09-22,3675.0,73.5,Nadu 1,Marandagahamula
2015-09-23,3675.0,73.5,Nadu 1,Marandagahamula
2015-09-25,3675.0,73.5,Nadu 1,Marandagahamula
2015-09-28,3675.0,73.5,Nadu 1,Marandagahamula
2015-09-29,3675.0,73.5,Nadu 1,Marandagahamula
2015-10-01,3675.0,73.5,Nadu 1,Marandagahamula
2015-10-02,3675.0,73.5,Nadu 1,Marandagahamula
2015-10-05,3675.0,73.5,Nadu 1,Marandagahamula
2015-10-06,3675.0,73.5,Nadu 1,Marandagahamula
2015-10-07,3675.0,73.5,Nadu 1,Marandagahamula
2015-10-08,3675.0,73.5,Nadu 1,Marandagahamula
2015-10-09,3675.0,73.5,Nadu 1,Marandagahamula
2015-10-12,3675.0,73.5,Nadu 1,Marandagahamula
2015-10-13,3675.0,73.5,Nadu 1,Marandagahamula
2015-10-14,3687.5,73.75,Nadu 1,Marandagahamula
2015-10-15,3687.5,73.75,Nadu 1,Marandagahamula
2015-10-16,3687.5,73.75,Nadu 1,Marandagahamula
2015-10-19,3737.5,74.75,Nadu 1,Marandagahamula
2015-10-20,3737.5,74.75,Nadu 1,Marandagahamula
2015-10-21,3737.5,74.75,Nadu 1,Marandagahamula
2015-10-22,3750.0,75.0,Nadu 1,Marandagahamula
2015-10-23,3712.5,74.25,Nadu 1,Marandagahamula
2015-10-26,3712.5,74.25,Nadu 1,Marandagahamula
2015-10-28,3712.5,74.25,Nadu 1,Marandagahamula
2015-10-29,3712.5,74.25,Nadu 1,Marandagahamula
2015-10-30,3712.5,74.25,Nadu 1,Marandagahamula
2015-11-02,3725.0,74.5,Nadu 1,Marandagahamula
2015-11-03,3725.0,74.5,Nadu 1,Marandagahamula
2015-11-04,3725.0,74.5,Nadu 1,Marandagahamula
2015-11-05,3725.0,74.5,Nadu 1,Marandagahamula
2015-11-16,3750.0,75.0,Nadu 1,Marandagahamula
2015-11-17,3750.0,75.0,Nadu 1,Marandagahamula
2015-11-18,3750.0,75.0,Nadu 1,Marandagahamula
2015-11-19,3750.0,75.0,Nadu 1,Marandagahamula
2015-11-20,3750.0,75.0,Nadu 1,Marandagahamula
2015-11-23,3760.0,75.2,Nadu 1,Marandagahamula
2015-11-24,3740.0,74.8,Nadu 1,Marandagahamula
2015-11-26,3760.0,75.2,Nadu 1,Marandagahamula
2015-11-27,3825.0,76.5,Nadu 1,Marandagahamula
2015-11-30,3820.0,76.4,Nadu 1,Marandagahamula
2015-12-01,3820.0,76.4,Nadu 1,Marandagahamula
2015-12-02,3820.0,76.4,Nadu 1,Marandagahamula
2015-12-03,3820.0,76.4,Nadu 1,Marandagahamula
2015-12-04,3790.0,75.8,Nadu 1,Marandagahamula
2015-12-07,3790.0,75.8,Nadu 1,Marandagahamula
2015-12-08,3800.0,76.0,Nadu 1,Marandagahamula
2015-12-09,3800.0,76.0,Nadu 1,Marandagahamula
2015-12-10,3800.0,76.0,Nadu 1,Marandagahamula
2015-12-11,3820.0,76.4,Nadu 1,Marandagahamula
2015-12-14,3820.0,76.4,Nadu 1,Marandagahamula
2015-12-15,3820.0,76.4,Nadu 1,Marandagahamula
2015-12-16,3820.0,76.4,Nadu 1,Marandagahamula
2015-12-17,3810.0,76.2,Nadu 1,Marandagahamula
2015-12-18,3800.0,76.0,Nadu 1,Marandagahamula
2015-12-20,3820.0,76.4,Nadu 1,Marandagahamula
2015-12-21,3820.0,76.4,Nadu 1,Marandagahamula
2015-12-22,3830.0,76.6,Nadu 1,Marandagahamula
2015-12-23,3830.0,76.6,Nadu 1,Marandagahamula
2015-12-28,3820.0,76.4,Nadu 1,Marandagahamula
2015-12-29,3815.0,76.3,Nadu 1,Marandagahamula
2015-12-30,3830.0,76.6,Nadu 1,Marandagahamula
2015-12-31,3820.0,76.4,Nadu 1,Marandagahamula
2016-01-04,3820.0,76.4,Nadu 1,Marandagahamula
2016-01-05,3820.0,76.4,Nadu 1,Marandagahamula
2016-01-06,3810.0,76.2,Nadu 1,Marandagahamula
2016-01-07,3820.0,76.4,Nadu 1,Marandagahamula
2016-01-08,3820.0,76.4,Nadu 1,Marandagahamula
2016-01-11,3800.0,76.0,Nadu 1,Marandagahamula
2016-01-12,3790.0,75.8,Nadu 1,Marandagahamula
2016-01-13,3790.0,75.8,Nadu 1,Marandagahamula
2016-04-07,3400.0,68.0,Nadu 1,Marandagahamula
2016-04-08,3350.0,67.0,Nadu 1,Marandagahamula
2016-04-11,3290.0,65.8,Nadu 1,Marandagahamula
2016-04-18,3320.0,66.4,Nadu 1,Marandagahamula
2016-04-19,3320.0,66.4,Nadu 1,Marandagahamula
2016-04-20,3280.0,65.6,Nadu 1,Marandagahamula
2016-04-22,3260.0,65.2,Nadu 1,Marandagahamula
2016-04-25,3270.0,65.4,Nadu 1,Marandagahamula
2016-04-26,3280.0,65.6,Nadu 1,Marandagahamula
2016-04-27,3260.0,65.2,Nadu 1,Marandagahamula
2016-04-28,3260.0,65.2,Nadu 1,Marandagahamula
2016-04-29,3220.0,64.4,Nadu 1,Marandagahamula
2016-05-02,3280.0,65.6,Nadu 1,Marandagahamula
2016-05-03,3280.0,65.6,Nadu 1,Marandagahamula
2016-05-04,3320.0,66.4,Nadu 1,Marandagahamula
2016-05-05,3330.0,66.6,Nadu 1,Marandagahamula
2016-05-06,3330.0,66.6,Nadu 1,Marandagahamula
2016-05-09,3330.0,66.6,Nadu 1,Marandagahamula
2016-05-10,3330.0,66.6,Nadu 1,Marandagahamula
2016-05-11,3330.0,66.6,Nadu 1,Marandagahamula
2016-05-12,3320.0,66.4,Nadu 1,Marandagahamula
2016-05-13,3340.0,66.8,Nadu 1,Marandagahamula
2016-05-16,3340.0,66.8,Nadu 1,Marandagahamula
2016-05-17,3390.0,67.8,Nadu 1,Marandagahamula
2016-05-18,3400.0,68.0,Nadu 1,Marandagahamula
2016-05-19,3400.0,68.0,Nadu 1,Marandagahamula
2016-05-20,3390.0,67.8,Nadu 1,Marandagahamula
2016-05-23,3400.0,68.0,Nadu 1,Marandagahamula
2016-05-24,3480.0,69.6,Nadu 1,Marandagahamula
2016-05-25,3520.0,70.4,Nadu 1,Marandagahamula
2016-05-26,3520.0,70.4,Nadu 1,Marandagahamula
2016-05-27,3540.0,70.8,Nadu 1,Marandagahamula
2016-05-30,3560.0,71.2,Nadu 1,Marandagahamula
2016-05-31,3550.0,71.0,Nadu 1,Marandagahamula
2016-06-01,3600.0,72.0,Nadu 1,Marandagahamula
2016-06-02,3580.0,71.6,Nadu 1,Marandagahamula
2016-06-03,3540.0,70.8,Nadu 1,Marandagahamula
2016-06-06,3540.0,70.8,Nadu 1,Marandagahamula
2016-06-07,3510.0,70.2,Nadu 1,Marandagahamula
2016-06-08,3510.0,70.2,Nadu 1,Marandagahamula
2016-06-09,3510.0,70.2,Nadu 1,Marandagahamula
2016-06-10,3460.0,69.2,Nadu 1,Marandagahamula
2016-06-13,3460.0,69.2,Nadu 1,Marandagahamula
2016-06-14,3450.0,69.0,Nadu 1,Marandagahamula
2016-06-15,3390.0,67.8,Nadu 1,Marandagahamula
2016-06-16,3440.0,68.8,Nadu 1,Marandagahamula
2016-06-17,3400.0,68.0,Nadu 1,Marandagahamula
2016-06-20,3410.0,68.2,Nadu 1,Marandagahamula
2016-06-21,3410.0,68.2,Nadu 1,Marandagahamula
2016-06-22,3400.0,68.0,Nadu 1,Marandagahamula
2016-06-23,3360.0,67.2,Nadu 1,Marandagahamula
2016-06-24,3380.0,67.6,Nadu 1,Marandagahamula
2016-06-27,3400.0,68.0,Nadu 1,Marandagahamula
2016-06-28,3400.0,68.0,Nadu 1,Marandagahamula
2016-06-29,3360.0,67.2,Nadu 1,Marandagahamula
2016-06-30,3360.0,67.2,Nadu 1,Marandagahamula
2016-07-01,3360.0,67.2,Nadu 1,Marandagahamula
2016-07-04,3340.0,66.8,Nadu 1,Marandagahamula
2016-07-05,3300.0,66.0,Nadu 1,Marandagahamula
2016-07-06,3260.0,65.2,Nadu 1,Marandagahamula
2016-07-07,3260.0,65.2,Nadu 1,Marandagahamula
2016-07-08,3270.0,65.4,Nadu 1,Marandagahamula
2016-07-11,3260.0,65.2,Nadu 1,Marandagahamula
2016-07-12,3300.0,66.0,Nadu 1,Marandagahamula
2016-07-13,3260.0,65.2,Nadu 1,Marandagahamula
2016-07-14,3250.0,65.0,Nadu 1,Marandagahamula
2016-07-15,3260.0,65.2,Nadu 1,Marandagahamula
2016-07-18,3260.0,65.2,Nadu 1,Marandagahamula
2016-07-20,3230.0,64.6,Nadu 1,Marandagahamula
2016-07-21,3240.0,64.8,Nadu 1,Marandagahamula
2016-07-22,3240.0,64.8,Nadu 1,Marandagahamula
2016-07-25,3220.0,64.4,Nadu 1,Marandagahamula
2016-07-26,3220.0,64.4,Nadu 1,Marandagahamula
2016-07-27,3230.0,64.6,Nadu 1,Marandagahamula
2016-07-28,3230.0,64.6,Nadu 1,Marandagahamula
2016-07-29,3250.0,65.0,Nadu 1,Marandagahamula
2016-08-01,3250.0,65.0,Nadu 1,Marandagahamula
2016-08-02,3250.0,65.0,Nadu 1,Marandagahamula
2016-08-03,3250.0,65.0,Nadu 1,Marandagahamula
2016-08-04,3260.0,65.2,Nadu 1,Marandagahamula
2016-08-05,3260.0,65.2,Nadu 1,Marandagahamula
2016-08-08,3230.0,64.6,Nadu 1,Marandagahamula
2016-08-09,3250.0,65.0,Nadu 1,Marandagahamula
2016-08-10,3220.0,64.4,Nadu 1,Marandagahamula
2016-08-11,3190.0,63.8,Nadu 1,Marandagahamula
2016-08-12,3200.0,64.0,Nadu 1,Marandagahamula
2016-08-15,3200.0,64.0,Nadu 1,Marandagahamula
2016-08-16,3170.0,63.4,Nadu 1,Marandagahamula
2016-08-18,3200.0,64.0,Nadu 1,Marandagahamula
2016-08-19,3200.0,64.0,Nadu 1,Marandagahamula
2016-08-22,3200.0,64.0,Nadu 1,Marandagahamula
2016-08-23,3220.0,64.4,Nadu 1,Marandagahamula
2016-08-24,3160.0,63.2,Nadu 1,Marandagahamula
2016-08-29,3140.0,62.8,Nadu 1,Marandagahamula
2016-08-30,3140.0,62.8,Nadu 1,Marandagahamula
2016-08-31,3150.0,63.0,Nadu 1,Marandagahamula
2016-09-01,3150.0,63.0,Nadu 1,Marandagahamula
2016-09-02,3140.0,62.8,Nadu 1,Marandagahamula
2016-09-05,3140.0,62.8,Nadu 1,Marandagahamula
2016-09-06,3140.0,62.8,Nadu 1,Marandagahamula
2016-09-07,3150.0,63.0,Nadu 1,Marandagahamula
2016-09-08,3140.0,62.8,Nadu 1,Marandagahamula
2016-09-09,3140.0,62.8,Nadu 1,Marandagahamula
2016-09-13,3140.0,62.8,Nadu 1,Marandagahamula
2016-09-14,3140.0,62.8,Nadu 1,Marandagahamula
2016-09-15,3140.0,62.8,Nadu 1,Marandagahamula
2016-09-19,3140.0,62.8,Nadu 1,Marandagahamula
2016-09-20,3140.0,62.8,Nadu 1,Marandagahamula
2016-09-21,3150.0,63.0,Nadu 1,Marandagahamula
2016-09-22,3150.0,63.0,Nadu 1,Marandagahamula
2016-09-23,3160.0,63.2,Nadu 1,Marandagahamula
2016-09-26,3220.0,64.4,Nadu 1,Marandagahamula
2016-09-27,3220.0,64.4,Nadu 1,Marandagahamula
2016-09-28,3230.0,64.6,Nadu 1,Marandagahamula
2016-09-29,3230.0,64.6,Nadu 1,Marandagahamula
2016-09-30,3230.0,64.6,Nadu 1,Marandagahamula
2016-10-03,3260.0,65.2,Nadu 1,Marandagahamula
2016-10-04,3330.0,66.6,Nadu 1,Marandagahamula
2016-10-05,3360.0,67.2,Nadu 1,Marandagahamula
2016-10-06,3360.0,67.2,Nadu 1,Marandagahamula
2016-10-07,3360.0,67.2,Nadu 1,Marandagahamula
2016-10-10,3360.0,67.2,Nadu 1,Marandagahamula
2016-10-11,3450.0,69.0,Nadu 1,Marandagahamula
2016-10-12,3450.0,69.0,Nadu 1,Marandagahamula
2016-10-13,3450.0,69.0,Nadu 1,Marandagahamula
2016-10-14,3630.0,72.6,Nadu 1,Marandagahamula
2016-10-17,3640.0,72.8,Nadu 1,Marandagahamula
2016-10-18,3640.0,72.8,Nadu 1,Marandagahamula
2016-10-19,3630.0,72.6,Nadu 1,Marandagahamula
2016-10-20,3630.0,72.6,Nadu 1,Marandagahamula
2016-10-21,3620.0,72.4,Nadu 1,Marandagahamula
2016-10-24,3630.0,72.6,Nadu 1,Marandagahamula
2016-10-25,3630.0,72.6,Nadu 1,Marandagahamula
2016-10-26,3630.0,72.6,Nadu 1,Marandagahamula
2016-10-27,3630.0,72.6,Nadu 1,Marandagahamula
2016-10-28,3630.0,72.6,Nadu 1,Marandagahamula
2016-10-31,3630.0,72.6,Nadu 1,Marandagahamula
2016-11-01,3630.0,72.6,Nadu 1,Marandagahamula
2016-11-02,3630.0,72.6,Nadu 1,Marandagahamula
2016-11-03,3630.0,72.6,Nadu 1,Marandagahamula
2016-11-04,3640.0,72.8,Nadu 1,Marandagahamula
2016-11-07,3650.0,73.0,Nadu 1,Marandagahamula
2016-11-08,3690.0,73.8,Nadu 1,Marandagahamula
2016-11-09,3750.0,75.0,Nadu 1,Marandagahamula
2016-11-10,3740.0,74.8,Nadu 1,Marandagahamula
2016-11-11,3760.0,75.2,Nadu 1,Marandagahamula
2016-11-15,3750.0,75.0,Nadu 1,Marandagahamula
2016-11-16,3820.0,76.4,Nadu 1,Marandagahamula
2016-11-17,3860.0,77.2,Nadu 1,Marandagahamula
2016-11-18,3880.0,77.6,Nadu 1,Marandagahamula
2016-11-21,3930.0,78.6,Nadu 1,Marandagahamula
2016-11-22,3932.0,78.64,Nadu 1,Marandagahamula
2016-11-23,3960.0,79.2,Nadu 1,Marandagahamula
2016-11-24,3960.0,79.2,Nadu 1,Marandagahamula
2016-11-25,3960.0,79.2,Nadu 1,Marandagahamula
2016-11-28,4050.0,81.0,Nadu 1,Marandagahamula
2016-11-29,4060.0,81.2,Nadu 1,Marandagahamula
2016-11-30,4060.0,81.2,Nadu 1,Marandagahamula
2016-12-01,4050.0,81.0,Nadu 1,Marandagahamula
2016-12-02,4060.0,81.2,Nadu 1,Marandagahamula
2016-12-05,4060.0,81.2,Nadu 1,Marandagahamula
2016-12-06,4060.0,81.2,Nadu 1,Marandagahamula
2016-12-07,4060.0,81.2,Nadu 1,Marandagahamula
2016-12-08,4060.0,81.2,Nadu 1,Marandagahamula
2016-12-09,4140.0,82.8,Nadu 1,Marandagahamula
2016-12-14,4250.0,85.0,Nadu 1,Marandagahamula
2016-12-15,4240.0,84.8,Nadu 1,Marandagahamula
2016-12-16,4210.0,84.2,Nadu 1,Marandagahamula
2016-12-19,4260.0,85.2,Nadu 1,Marandagahamula
2016-12-20,4310.0,86.2,Nadu 1,Marandagahamula
2016-12-21,4310.0,86.2,Nadu 1,Marandagahamula
2016-12-22,4300.0,86.0,Nadu 1,Marandagahamula
2016-12-23,4300.0,86.0,Nadu 1,Marandagahamula
2016-12-26,4300.0,86.0,Nadu 1,Marandagahamula
2016-12-27,4300.0,86.0,Nadu 1,Marandagahamula
2016-12-28,4300.0,86.0,Nadu 1,Marandagahamula
2016-12-29,4320.0,86.4,Nadu 1,Marandagahamula
2016-12-30,4320.0,86.4,Nadu 1,Marandagahamula
2017-01-02,4350.0,87.0,Nadu 1,Marandagahamula
2017-01-03,4350.0,87.0,Nadu 1,Marandagahamula
2017-01-04,4450.0,89.0,Nadu 1,Marandagahamula
2017-01-05,4450.0,89.0,Nadu 1,Marandagahamula
2017-01-06,4450.0,89.0,Nadu 1,Marandagahamula
2017-01-09,4450.0,89.0,Nadu 1,Marandagahamula
2017-01-10,4470.0,89.4,Nadu 1,Marandagahamula
2017-01-11,4450.0,89.0,Nadu 1,Marandagahamula
2017-01-13,4450.0,89.0,Nadu 1,Marandagahamula
2017-01-16,4450.0,89.0,Nadu 1,Marandagahamula
2017-01-17,4480.0,89.6,Nadu 1,Marandagahamula
2017-01-18,4480.0,89.6,Nadu 1,Marandagahamula
2017-01-19,4480.0,89.6,Nadu 1,Marandagahamula
2017-01-20,4540.0,90.8,Nadu 1,Marandagahamula
2017-01-23,4580.0,91.6,Nadu 1,Marandagahamula
2017-01-24,4600.0,92.0,Nadu 1,Marandagahamula
2017-01-25,4570.0,91.4,Nadu 1,Marandagahamula
2017-01-26,4580.0,91.6,Nadu 1,Marandagahamula
2017-01-27,4580.0,91.6,Nadu 1,Marandagahamula
2017-01-30,4620.0,92.4,Nadu 1,Marandagahamula
2017-01-31,4650.0,93.0,Nadu 1,Marandagahamula
2017-05-05,4210.0,84.2,Nadu 1,Marandagahamula
2017-05-08,4300.0,86.0,Nadu 1,Marandagahamula
2017-05-09,4260.0,85.2,Nadu 1,Marandagahamula
2017-05-12,4260.0,85.2,Nadu 1,Marandagahamula
2017-05-15,4280.0,85.6,Nadu 1,Marandagahamula
2017-05-16,4300.0,86.0,Nadu 1,Marandagahamula
2017-05-17,4400.0,88.0,Nadu 1,Marandagahamula
2017-05-18,4430.0,88.6,Nadu 1,Marandagahamula
2017-05-19,4410.0,88.2,Nadu 1,Marandagahamula
2017-05-23,4420.0,88.4,Nadu 1,Marandagahamula
2017-05-24,4460.0,89.2,Nadu 1,Marandagahamula
2017-05-25,4400.0,88.0,Nadu 1,Marandagahamula
2017-05-26,4410.0,88.2,Nadu 1,Marandagahamula
2017-05-29,4450.0,89.0,Nadu 1,Marandagahamula
2017-05-30,4450.0,89.0,Nadu 1,Marandagahamula
2017-05-31,4370.0,87.4,Nadu 1,Marandagahamula
2017-06-02,4380.0,87.6,Nadu 1,Marandagahamula
2017-06-05,4390.0,87.8,Nadu 1,Marandagahamula
2017-06-06,4440.0,88.8,Nadu 1,Marandagahamula
2017-06-07,4430.0,88.6,Nadu 1,Marandagahamula
2017-06-09,4440.0,88.8,Nadu 1,Marandagahamula
2017-06-12,4440.0,88.8,Nadu 1,Marandagahamula
2017-06-13,4470.0,89.4,Nadu 1,Marandagahamula
2017-06-14,4520.0,90.4,Nadu 1,Marandagahamula
2017-06-15,4520.0,90.4,Nadu 1,Marandagahamula
2017-06-16,4460.0,89.2,Nadu 1,Marandagahamula
2017-06-19,4480.0,89.6,Nadu 1,Marandagahamula
2017-06-20,4440.0,88.8,Nadu 1,Marandagahamula
2017-06-21,4500.0,90.0,Nadu 1,Marandagahamula
2017-06-22,4490.0,89.8,Nadu 1,Marandagahamula
2017-06-23,4500.0,90.0,Nadu 1,Marandagahamula
2017-06-27,4440.0,88.8,Nadu 1,Marandagahamula
2017-06-28,4480.0,89.6,Nadu 1,Marandagahamula
2017-06-29,4270.0,85.4,Nadu 1,Marandagahamula
2017-06-30,4280.0,85.6,Nadu 1,Marandagahamula
2017-07-03,4280.0,85.6,Nadu 1,Marandagahamula
2017-07-04,4280.0,85.6,Nadu 1,Marandagahamula
2017-07-05,4280.0,85.6,Nadu 1,Marandagahamula
2017-07-06,4270.0,85.4,Nadu 1,Marandagahamula
2017-07-07,4270.0,85.4,Nadu 1,Marandagahamula
2017-07-10,4280.0,85.6,Nadu 1,Marandagahamula
2017-07-11,4270.0,85.4,Nadu 1,Marandagahamula
2017-07-12,4270.0,85.4,Nadu 1,Marandagahamula
2017-07-13,4270.0,85.4,Nadu 1,Marandagahamula
2017-07-14,4280.0,85.6,Nadu 1,Marandagahamula
2017-07-17,4250.0,85.0,Nadu 1,Marandagahamula
2017-07-18,4260.0,85.2,Nadu 1,Marandagahamula
2017-07-19,4250.0,85.0,Nadu 1,Marandagahamula
2017-07-20,4260.0,85.2,Nadu 1,Marandagahamula
2017-07-21,4250.0,85.0,Nadu 1,Marandagahamula
2017-07-24,4250.0,85.0,Nadu 1,Marandagahamula
2017-07-25,4260.0,85.2,Nadu 1,Marandagahamula
2017-07-26,4250.0,85.0,Nadu 1,Marandagahamula
2017-07-27,4240.0,84.8,Nadu 1,Marandagahamula
2017-07-28,4250.0,85.0,Nadu 1,Marandagahamula
2017-07-31,4250.0,85.0,Nadu 1,Marandagahamula
2017-08-01,4250.0,85.0,Nadu 1,Marandagahamula
2017-08-02,4260.0,85.2,Nadu 1,Marandagahamula
2017-08-03,4280.0,85.6,Nadu 1,Marandagahamula
2017-08-04,4280.0,85.6,Nadu 1,Marandagahamula
2017-08-08,4260.0,85.2,Nadu 1,Marandagahamula
2017-08-09,4240.0,84.8,Nadu 1,Marandagahamula
2017-08-10,4240.0,84.8,Nadu 1,Marandagahamula
2017-08-11,4240.0,84.8,Nadu 1,Marandagahamula
2017-08-14,4240.0,84.8,Nadu 1,Marandagahamula
2017-08-15,4250.0,85.0,Nadu 1,Marandagahamula
2017-08-16,4260.0,85.2,Nadu 1,Marandagahamula
2017-08-17,4250.0,85.0,Nadu 1,Marandagahamula
2017-08-18,4260.0,85.2,Nadu 1,Marandagahamula
2017-08-21,4310.0,86.2,Nadu 1,Marandagahamula
2017-08-22,4290.0,85.8,Nadu 1,Marandagahamula
2017-08-23,4270.0,85.4,Nadu 1,Marandagahamula
2017-08-24,4280.0,85.6,Nadu 1,Marandagahamula
2017-08-25,4270.0,85.4,Nadu 1,Marandagahamula
2017-08-28,4280.0,85.6,Nadu 1,Marandagahamula
2017-08-29,4260.0,85.2,Nadu 1,Marandagahamula
2017-08-30,4270.0,85.4,Nadu 1,Marandagahamula
2017-08-31,4260.0,85.2,Nadu 1,Marandagahamula
2017-09-04,4270.0,85.4,Nadu 1,Marandagahamula
2017-09-06,4280.0,85.6,Nadu 1,Marandagahamula
2017-09-07,4280.0,85.6,Nadu 1,Marandagahamula
2017-09-08,4280.0,85.6,Nadu 1,Marandagahamula
2017-09-11,4280.0,85.6,Nadu 1,Marandagahamula
2017-09-12,4320.0,86.4,Nadu 1,Marandagahamula
2017-09-13,4320.0,86.4,Nadu 1,Marandagahamula
2017-09-14,4320.0,86.4,Nadu 1,Marandagahamula
2017-09-15,4320.0,86.4,Nadu 1,Marandagahamula
2017-09-18,4320.0,86.4,Nadu 1,Marandagahamula
2017-09-19,4330.0,86.6,Nadu 1,Marandagahamula
2017-09-20,4320.0,86.4,Nadu 1,Marandagahamula
2017-09-21,4330.0,86.6,Nadu 1,Marandagahamula
2017-09-22,4330.0,86.6,Nadu 1,Marandagahamula
2017-09-25,4450.0,89.0,Nadu 1,Marandagahamula
2017-09-26,4520.0,90.4,Nadu 1,Marandagahamula
2017-09-27,4470.0,89.4,Nadu 1,Marandagahamula
2017-09-28,4450.0,89.0,Nadu 1,Marandagahamula
2017-09-29,4470.0,89.4,Nadu 1,Marandagahamula
2017-10-02,4540.0,90.8,Nadu 1,Marandagahamula
2017-10-03,4550.0,91.0,Nadu 1,Marandagahamula
2017-10-04,4660.0,93.2,Nadu 1,Marandagahamula
2017-10-06,4660.0,93.2,Nadu 1,Marandagahamula
2017-10-09,4660.0,93.2,Nadu 1,Marandagahamula
2017-10-10,4660.0,93.2,Nadu 1,Marandagahamula
2017-10-11,4660.0,93.2,Nadu 1,Marandagahamula
2017-10-12,4560.0,91.2,Nadu 1,Marandagahamula
2017-10-13,4540.0,90.8,Nadu 1,Marandagahamula
2017-10-16,4640.0,92.8,Nadu 1,Marandagahamula
2017-10-17,4650.0,93.0,Nadu 1,Marandagahamula
2017-10-19,4640.0,92.8,Nadu 1,Marandagahamula
2017-10-20,4640.0,92.8,Nadu 1,Marandagahamula
2017-10-23,4790.0,95.8,Nadu 1,Marandagahamula
2017-10-24,4800.0,96.0,Nadu 1,Marandagahamula
2017-10-25,4780.0,95.6,Nadu 1,Marandagahamula
2017-10-26,4810.0,96.2,Nadu 1,Marandagahamula
2017-10-27,4810.0,96.2,Nadu 1,Marandagahamula
2017-10-30,4620.0,92.4,Nadu 1,Marandagahamula
2017-10-31,4790.0,95.8,Nadu 1,Marandagahamula
2017-11-01,4610.0,92.2,Nadu 1,Marandagahamula
2017-11-02,4620.0,92.4,Nadu 1,Marandagahamula
2017-11-06,4650.0,93.0,Nadu 1,Marandagahamula
2017-11-07,4640.0,92.8,Nadu 1,Marandagahamula
2017-11-08,4640.0,92.8,Nadu 1,Marandagahamula
2017-11-09,4650.0,93.0,Nadu 1,Marandagahamula
2017-11-10,4670.0,93.4,Nadu 1,Marandagahamula
2017-11-13,4630.0,92.6,Nadu 1,Marandagahamula
2017-11-14,4630.0,92.6,Nadu 1,Marandagahamula
2017-11-15,4620.0,92.4,Nadu 1,Marandagahamula
2017-11-16,4620.0,92.4,Nadu 1,Marandagahamula
2017-11-17,4620.0,92.4,Nadu 1,Marandagahamula
2017-11-20,4620.0,92.4,Nadu 1,Marandagahamula
2017-11-21,4620.0,92.4,Nadu 1,Marandagahamula
2017-11-22,4620.0,92.4,Nadu 1,Marandagahamula
2017-11-23,4620.0,92.4,Nadu 1,Marandagahamula
2017-11-24,4620.0,92.4,Nadu 1,Marandagahamula
2017-11-27,4650.0,93.0,Nadu 1,Marandagahamula
2017-11-28,4650.0,93.0,Nadu 1,Marandagahamula
2017-11-29,4650.0,93.0,Nadu 1,Marandagahamula
2017-11-30,4650.0,93.0,Nadu 1,Marandagahamula
2017-12-04,4810.0,96.2,Nadu 1,Marandagahamula
2017-12-05,4810.0,96.2,Nadu 1,Marandagahamula
2017-12-06,4810.0,96.2,Nadu 1,Marandagahamula
2017-12-07,4820.0,96.4,Nadu 1,Marandagahamula
2017-12-08,4810.0,96.2,Nadu 1,Marandagahamula
2017-12-11,4810.0,96.2,Nadu 1,Marandagahamula
2017-12-12,4820.0,96.4,Nadu 1,Marandagahamula
2017-12-13,4800.0,96.0,Nadu 1,Marandagahamula
2017-12-14,4810.0,96.2,Nadu 1,Marandagahamula
2017-12-15,4810.0,96.2,Nadu 1,Marandagahamula
2017-12-18,4820.0,96.4,Nadu 1,Marandagahamula
2017-12-19,4820.0,96.4,Nadu 1,Marandagahamula
2017-12-20,4800.0,96.0,Nadu 1,Marandagahamula
2017-12-21,4820.0,96.4,Nadu 1,Marandagahamula
2017-12-22,4820.0,96.4,Nadu 1,Marandagahamula
2017-12-26,4840.0,96.8,Nadu 1,Marandagahamula
2017-12-27,4810.0,96.2,Nadu 1,Marandagahamula
2017-12-28,4810.0,96.2,Nadu 1,Marandagahamula
2017-12-29,4810.0,96.2,Nadu 1,Marandagahamula
2018-01-02,4810.0,96.2,Nadu 1,Marandagahamula
2018-01-03,4810.0,96.2,Nadu 1,Marandagahamula
2018-01-04,4790.0,95.8,Nadu 1,Marandagahamula
2018-01-05,4810.0,96.2,Nadu 1,Marandagahamula
2018-01-08,4810.0,96.2,Nadu 1,Marandagahamula
2018-01-09,4810.0,96.2,Nadu 1,Marandagahamula
2018-01-10,4810.0,96.2,Nadu 1,Marandagahamula
2018-01-11,4810.0,96.2,Nadu 1,Marandagahamula
2018-01-12,4810.0,96.2,Nadu 1,Marandagahamula
2018-01-15,4810.0,96.2,Nadu 1,Marandagahamula
2018-01-16,4810.0,96.2,Nadu 1,Marandagahamula
2018-01-17,4810.0,96.2,Nadu 1,Marandagahamula
2018-01-18,4810.0,96.2,Nadu 1,Marandagahamula
2018-01-19,4810.0,96.2,Nadu 1,Marandagahamula
2018-01-22,4810.0,96.2,Nadu 1,Marandagahamula
2018-01-23,4810.0,96.2,Nadu 1,Marandagahamula
2018-01-24,4810.0,96.2,Nadu 1,Marandagahamula
2018-01-25,4810.0,96.2,Nadu 1,Marandagahamula
2018-01-26,4810.0,96.2,Nadu 1,Marandagahamula
2018-01-29,4830.0,96.6,Nadu 1,Marandagahamula
2018-01-30,4810.0,96.2,Nadu 1,Marandagahamula
2018-02-01,4810.0,96.2,Nadu 1,Marandagahamula
2018-02-02,4810.0,96.2,Nadu 1,Marandagahamula
2018-02-05,4810.0,96.2,Nadu 1,Marandagahamula
2018-02-07,4810.0,96.2,Nadu 1,Marandagahamula
2018-02-08,4810.0,96.2,Nadu 1,Marandagahamula
2018-02-09,4810.0,96.2,Nadu 1,Marandagahamula
2018-02-12,4810.0,96.2,Nadu 1,Marandagahamula
2018-02-14,4810.0,96.2,Nadu 1,Marandagahamula
2018-02-15,4810.0,96.2,Nadu 1,Marandagahamula
2018-02-16,4810.0,96.2,Nadu 1,Marandagahamula
2018-02-19,4810.0,96.2,Nadu 1,Marandagahamula
2018-02-20,4810.0,96.2,Nadu 1,Marandagahamula
2018-02-21,4810.0,96.2,Nadu 1,Marandagahamula
2018-02-22,4810.0,96.2,Nadu 1,Marandagahamula
2018-02-23,4810.0,96.2,Nadu 1,Marandagahamula
2018-02-26,4790.0,95.8,Nadu 1,Marandagahamula
2018-02-27,4810.0,96.2,Nadu 1,Marandagahamula
2018-02-28,4810.0,96.2,Nadu 1,Marandagahamula
2018-03-02,4810.0,96.2,Nadu 1,Marandagahamula
2018-03-05,4790.0,95.8,Nadu 1,Marandagahamula
2018-03-06,4810.0,96.2,Nadu 1,Marandagahamula
2018-03-07,4810.0,96.2,Nadu 1,Marandagahamula
2018-03-08,4810.0,96.2,Nadu 1,Marandagahamula
2018-03-09,4810.0,96.2,Nadu 1,Marandagahamula
2018-03-12,4810.0,96.2,Nadu 1,Marandagahamula
2018-03-13,4810.0,96.2,Nadu 1,Marandagahamula
2018-03-14,4820.0,96.4,Nadu 1,Marandagahamula
2018-03-15,4810.0,96.2,Nadu 1,Marandagahamula
2018-03-16,3900.0,78.0,Nadu 1,Marandagahamula
2018-03-19,4810.0,96.2,Nadu 1,Marandagahamula
2018-03-20,4810.0,96.2,Nadu 1,Marandagahamula
2018-03-21,4800.0,96.0,Nadu 1,Marandagahamula
2018-03-22,4800.0,96.0,Nadu 1,Marandagahamula
2018-03-23,4810.0,96.2,Nadu 1,Marandagahamula
2018-03-26,4850.0,97.0,Nadu 1,Marandagahamula
2018-03-27,4850.0,97.0,Nadu 1,Marandagahamula
2018-03-28,3860.0,77.2,Nadu 1,Marandagahamula
2018-04-02,3820.0,76.4,Nadu 1,Marandagahamula
2018-04-03,3860.0,77.2,Nadu 1,Marandagahamula
2018-04-04,3840.0,76.8,Nadu 1,Marandagahamula
2018-04-05,3850.0,77.0,Nadu 1,Marandagahamula
2018-04-06,3850.0,77.0,Nadu 1,Marandagahamula
2018-04-09,3830.0,76.6,Nadu 1,Marandagahamula
2018-04-10,3850.0,77.0,Nadu 1,Marandagahamula
2018-04-11,3850.0,77.0,Nadu 1,Marandagahamula
2018-04-12,3820.0,76.4,Nadu 1,Marandagahamula
2018-04-17,3850.0,77.0,Nadu 1,Marandagahamula
2018-04-18,3840.0,76.8,Nadu 1,Marandagahamula
2018-04-19,3850.0,77.0,Nadu 1,Marandagahamula
2018-04-20,3830.0,76.6,Nadu 1,Marandagahamula
2018-04-23,3850.0,77.0,Nadu 1,Marandagahamula
2018-04-24,3840.0,76.8,Nadu 1,Marandagahamula
2018-04-25,3860.0,77.2,Nadu 1,Marandagahamula
2018-04-26,3880.0,77.6,Nadu 1,Marandagahamula
2018-04-27,3960.0,79.2,Nadu 1,Marandagahamula
2018-05-01,4830.0,96.6,Nadu 1,Marandagahamula
2018-05-02,3980.0,79.6,Nadu 1,Marandagahamula
2018-05-03,3980.0,79.6,Nadu 1,Marandagahamula
2018-05-04,3980.0,79.6,Nadu 1,Marandagahamula
2018-05-08,3960.0,79.2,Nadu 1,Marandagahamula
2018-05-09,3980.0,79.6,Nadu 1,Marandagahamula
2018-05-10,3980.0,79.6,Nadu 1,Marandagahamula
2018-05-11,3960.0,79.2,Nadu 1,Marandagahamula
2018-05-14,3980.0,79.6,Nadu 1,Marandagahamula
2018-05-15,3980.0,79.6,Nadu 1,Marandagahamula
2018-05-16,4840.0,96.8,Nadu 1,Marandagahamula
2018-05-17,4820.0,96.4,Nadu 1,Marandagahamula
2018-05-21,4010.0,80.2,Nadu 1,Marandagahamula
2018-05-22,3990.0,79.8,Nadu 1,Marandagahamula
2018-05-23,3990.0,79.8,Nadu 1,Marandagahamula
2018-05-24,3990.0,79.8,Nadu 1,Marandagahamula
2018-05-25,3990.0,79.8,Nadu 1,Marandagahamula
2018-05-28,4030.0,80.6,Nadu 1,Marandagahamula
2018-05-30,4000.0,80.0,Nadu 1,Marandagahamula
2018-05-31,4010.0,80.2,Nadu 1,Marandagahamula
2018-06-05,3990.0,79.8,Nadu 1,Marandagahamula
2018-06-06,3990.0,79.8,Nadu 1,Marandagahamula
2018-06-07,3990.0,79.8,Nadu 1,Marandagahamula
2018-06-08,3990.0,79.8,Nadu 1,Marandagahamula
2018-06-11,3990.0,79.8,Nadu 1,Marandagahamula
2018-06-12,3990.0,79.8,Nadu 1,Marandagahamula
2018-06-13,3990.0,79.8,Nadu 1,Marandagahamula
2018-06-14,3990.0,79.8,Nadu 1,Marandagahamula
2018-06-18,3990.0,79.8,Nadu 1,Marandagahamula
2018-06-19,3970.0,79.4,Nadu 1,Marandagahamula
2018-06-20,3950.0,79.0,Nadu 1,Marandagahamula
2018-06-21,3950.0,79.0,Nadu 1,Marandagahamula
2018-06-22,3880.0,77.6,Nadu 1,Marandagahamula
2018-06-25,3840.0,76.8,Nadu 1,Marandagahamula
2018-06-26,3800.0,76.0,Nadu 1,Marandagahamula
2018-06-28,3790.0,75.8,Nadu 1,Marandagahamula
2018-06-29,3790.0,75.8,Nadu 1,Marandagahamula
2018-07-02,3760.0,75.2,Nadu 1,Marandagahamula
2018-07-03,3770.0,75.4,Nadu 1,Marandagahamula
2018-07-04,3750.0,75.0,Nadu 1,Marandagahamula
2018-07-05,3730.0,74.6,Nadu 1,Marandagahamula
2018-07-06,3720.0,74.4,Nadu 1,Marandagahamula
2018-07-09,3710.0,74.2,Nadu 1,Marandagahamula
2018-07-10,3720.0,74.4,Nadu 1,Marandagahamula
2018-07-11,3730.0,74.6,Nadu 1,Marandagahamula
2018-07-12,3680.0,73.6,Nadu 1,Marandagahamula
2018-07-13,3690.0,73.8,Nadu 1,Marandagahamula
2018-07-16,3650.0,73.0,Nadu 1,Marandagahamula
2018-07-17,3630.0,72.6,Nadu 1,Marandagahamula
2018-07-18,3650.0,73.0,Nadu 1,Marandagahamula
2018-07-19,3630.0,72.6,Nadu 1,Marandagahamula
2018-07-20,3640.0,72.8,Nadu 1,Marandagahamula
2018-07-23,4450.0,89.0,Nadu 1,Marandagahamula
2018-07-24,3650.0,73.0,Nadu 1,Marandagahamula
2018-07-25,3650.0,73.0,Nadu 1,Marandagahamula
2018-07-26,3650.0,73.0,Nadu 1,Marandagahamula
2018-07-30,3640.0,72.8,Nadu 1,Marandagahamula
2018-07-31,3660.0,73.2,Nadu 1,Marandagahamula
2018-08-01,3680.0,73.6,Nadu 1,Marandagahamula
2018-08-02,3640.0,72.8,Nadu 1,Marandagahamula
2018-08-03,3640.0,72.8,Nadu 1,Marandagahamula
2018-08-06,3640.0,72.8,Nadu 1,Marandagahamula
2018-08-07,3740.0,74.8,Nadu 1,Marandagahamula
2018-08-08,3740.0,74.8,Nadu 1,Marandagahamula
2018-08-09,4440.0,88.8,Nadu 1,Marandagahamula
2018-08-10,4440.0,88.8,Nadu 1,Marandagahamula
2018-08-13,4440.0,88.8,Nadu 1,Marandagahamula
2018-08-14,4440.0,88.8,Nadu 1,Marandagahamula
2018-08-15,4440.0,88.8,Nadu 1,Marandagahamula
2018-08-16,4440.0,88.8,Nadu 1,Marandagahamula
2018-08-17,4440.0,88.8,Nadu 1,Marandagahamula
2018-08-20,4440.0,88.8,Nadu 1,Marandagahamula
2018-08-21,4440.0,88.8,Nadu 1,Marandagahamula
2018-08-23,3660.0,73.2,Nadu 1,Marandagahamula
2018-08-24,3660.0,73.2,Nadu 1,Marandagahamula
2018-08-27,3670.0,73.4,Nadu 1,Marandagahamula
2018-08-28,3680.0,73.6,Nadu 1,Marandagahamula
2018-08-29,3710.0,74.2,Nadu 1,Marandagahamula
2018-09-03,3680.0,73.6,Nadu 1,Marandagahamula
2018-09-04,3700.0,74.0,Nadu 1,Marandagahamula
2018-09-05,3680.0,73.6,Nadu 1,Marandagahamula
2018-09-06,3680.0,73.6,Nadu 1,Marandagahamula
2018-09-07,4430.0,88.6,Nadu 1,Marandagahamula
2018-09-10,4430.0,88.6,Nadu 1,Marandagahamula
2018-09-11,3600.0,72.0,Nadu 1,Marandagahamula
2018-09-12,3680.0,73.6,Nadu 1,Marandagahamula
2018-09-13,4430.0,88.6,Nadu 1,Marandagahamula
2018-09-14,4410.0,88.2,Nadu 1,Marandagahamula
2018-09-17,4430.0,88.6,Nadu 1,Marandagahamula
2018-09-18,3740.0,74.8,Nadu 1,Marandagahamula
2018-09-19,3730.0,74.6,Nadu 1,Marandagahamula
2018-09-20,4360.0,87.2,Nadu 1,Marandagahamula
2018-09-21,4360.0,87.2,Nadu 1,Marandagahamula
2018-09-25,4350.0,87.0,Nadu 1,Marandagahamula
2018-09-26,3760.0,75.2,Nadu 1,Marandagahamula
2018-09-27,3750.0,75.0,Nadu 1,Marandagahamula
2018-09-28,4360.0,87.2,Nadu 1,Marandagahamula
2018-10-01,3770.0,75.4,Nadu 1,Marandagahamula
2018-10-02,3750.0,75.0,Nadu 1,Marandagahamula
2018-10-03,4340.0,86.8,Nadu 1,Marandagahamula
2018-10-04,4350.0,87.0,Nadu 1,Marandagahamula
2018-10-05,4340.0,86.8,Nadu 1,Marandagahamula
2018-10-08,4360.0,87.2,Nadu 1,Marandagahamula
2018-10-09,4360.0,87.2,Nadu 1,Marandagahamula
2018-10-10,4350.0,87.0,Nadu 1,Marandagahamula
2018-10-11,4360.0,87.2,Nadu 1,Marandagahamula
2018-10-12,4350.0,87.0,Nadu 1,Marandagahamula
2018-10-15,4350.0,87.0,Nadu 1,Marandagahamula
2018-10-16,4280.0,85.6,Nadu 1,Marandagahamula
2018-10-17,4280.0,85.6,Nadu 1,Marandagahamula
2018-10-18,4270.0,85.4,Nadu 1,Marandagahamula
2018-10-19,4270.0,85.4,Nadu 1,Marandagahamula
2018-10-22,4280.0,85.6,Nadu 1,Marandagahamula
2018-10-23,4270.0,85.4,Nadu 1,Marandagahamula
2018-10-25,4270.0,85.4,Nadu 1,Marandagahamula
2018-10-29,4280.0,85.6,Nadu 1,Marandagahamula
2018-10-30,4270.0,85.4,Nadu 1,Marandagahamula
2018-10-31,4280.0,85.6,Nadu 1,Marandagahamula
2018-11-01,4270.0,85.4,Nadu 1,Marandagahamula
2018-11-02,4280.0,85.6,Nadu 1,Marandagahamula
2018-11-05,4280.0,85.6,Nadu 1,Marandagahamula
2018-11-07,4270.0,85.4,Nadu 1,Marandagahamula
2018-11-08,4280.0,85.6,Nadu 1,Marandagahamula
2018-11-09,4280.0,85.6,Nadu 1,Marandagahamula
2018-11-12,4280.0,85.6,Nadu 1,Marandagahamula
2018-11-13,4280.0,85.6,Nadu 1,Marandagahamula
2018-11-14,4270.0,85.4,Nadu 1,Marandagahamula
2018-11-15,4270.0,85.4,Nadu 1,Marandagahamula
2018-11-16,4280.0,85.6,Nadu 1,Marandagahamula
2018-11-19,4330.0,86.6,Nadu 1,Marandagahamula
2018-11-21,4320.0,86.4,Nadu 1,Marandagahamula
2018-11-23,4330.0,86.6,Nadu 1,Marandagahamula
2018-11-26,4330.0,86.6,Nadu 1,Marandagahamula
2018-11-27,4330.0,86.6,Nadu 1,Marandagahamula
2018-11-28,4330.0,86.6,Nadu 1,Marandagahamula
2018-11-29,4330.0,86.6,Nadu 1,Marandagahamula
2018-11-30,4320.0,86.4,Nadu 1,Marandagahamula
2018-12-03,4060.0,81.2,Nadu 1,Marandagahamula
2018-12-04,4380.0,87.6,Nadu 1,Marandagahamula
2018-12-05,4380.0,87.6,Nadu 1,Marandagahamula
2018-12-06,4380.0,87.6,Nadu 1,Marandagahamula
2018-12-07,4380.0,87.6,Nadu 1,Marandagahamula
2018-12-10,4380.0,87.6,Nadu 1,Marandagahamula
2018-12-11,4380.0,87.6,Nadu 1,Marandagahamula
2018-12-12,4380.0,87.6,Nadu 1,Marandagahamula
2018-12-13,4360.0,87.2,Nadu 1,Marandagahamula
2018-12-14,4380.0,87.6,Nadu 1,Marandagahamula
2018-12-17,4390.0,87.8,Nadu 1,Marandagahamula
2018-12-18,4400.0,88.0,Nadu 1,Marandagahamula
2018-12-19,4400.0,88.0,Nadu 1,Marandagahamula
2018-12-20,4400.0,88.0,Nadu 1,Marandagahamula
2018-12-21,4400.0,88.0,Nadu 1,Marandagahamula
2018-12-26,4380.0,87.6,Nadu 1,Marandagahamula
2018-12-27,4380.0,87.6,Nadu 1,Marandagahamula
2018-12-28,4380.0,87.6,Nadu 1,Marandagahamula
2018-12-31,4380.0,87.6,Nadu 1,Marandagahamula
2019-01-01,4380.0,87.6,Nadu 1,Marandagahamula
2019-01-02,4370.0,87.4,Nadu 1,Marandagahamula
2019-01-03,4380.0,87.6,Nadu 1,Marandagahamula
2019-01-04,4380.0,87.6,Nadu 1,Marandagahamula
2019-01-07,4380.0,87.6,Nadu 1,Marandagahamula
2019-01-08,4380.0,87.6,Nadu 1,Marandagahamula
2019-01-09,4380.0,87.6,Nadu 1,Marandagahamula
2019-01-10,4300.0,86.0,Nadu 1,Marandagahamula
2019-01-11,4380.0,87.6,Nadu 1,Marandagahamula
2019-01-14,4430.0,88.6,Nadu 1,Marandagahamula
2019-01-16,4430.0,88.6,Nadu 1,Marandagahamula
2019-01-17,4420.0,88.4,Nadu 1,Marandagahamula
2019-01-18,4430.0,88.6,Nadu 1,Marandagahamula
2019-01-21,4430.0,88.6,Nadu 1,Marandagahamula
2019-01-22,4430.0,88.6,Nadu 1,Marandagahamula
2019-01-23,4430.0,88.6,Nadu 1,Marandagahamula
2019-01-24,4430.0,88.6,Nadu 1,Marandagahamula
2019-01-25,4430.0,88.6,Nadu 1,Marandagahamula
2019-01-28,4430.0,88.6,Nadu 1,Marandagahamula
2019-01-29,4430.0,88.6,Nadu 1,Marandagahamula
2019-01-30,4430.0,88.6,Nadu 1,Marandagahamula
2019-01-31,4430.0,88.6,Nadu 1,Marandagahamula
2019-02-01,4430.0,88.6,Nadu 1,Marandagahamula
2019-02-05,4430.0,88.6,Nadu 1,Marandagahamula
2019-02-06,4420.0,88.4,Nadu 1,Marandagahamula
2019-02-07,4430.0,88.6,Nadu 1,Marandagahamula
2019-02-08,4430.0,88.6,Nadu 1,Marandagahamula
2019-02-11,4430.0,88.6,Nadu 1,Marandagahamula
2019-02-12,4430.0,88.6,Nadu 1,Marandagahamula
2019-02-13,4470.0,89.4,Nadu 1,Marandagahamula
2019-02-14,4470.0,89.4,Nadu 1,Marandagahamula
2019-02-15,4470.0,89.4,Nadu 1,Marandagahamula
2019-02-18,4470.0,89.4,Nadu 1,Marandagahamula
2019-02-21,4470.0,89.4,Nadu 1,Marandagahamula
2019-02-22,4480.0,89.6,Nadu 1,Marandagahamula
2019-02-25,4480.0,89.6,Nadu 1,Marandagahamula
2019-02-26,4480.0,89.6,Nadu 1,Marandagahamula
2019-02-27,4480.0,89.6,Nadu 1,Marandagahamula
2019-02-28,4480.0,89.6,Nadu 1,Marandagahamula
2019-03-01,4480.0,89.6,Nadu 1,Marandagahamula
2019-03-05,4470.0,89.4,Nadu 1,Marandagahamula
2019-03-06,4390.0,87.8,Nadu 1,Marandagahamula
2019-03-07,4390.0,87.8,Nadu 1,Marandagahamula
2019-03-08,3490.0,69.8,Nadu 1,Marandagahamula
2019-03-11,3510.0,70.2,Nadu 1,Marandagahamula
2019-03-12,3520.0,70.4,Nadu 1,Marandagahamula
2019-03-13,4400.0,88.0,Nadu 1,Marandagahamula
2019-03-14,4410.0,88.2,Nadu 1,Marandagahamula
2019-03-15,4390.0,87.8,Nadu 1,Marandagahamula
2019-03-18,4390.0,87.8,Nadu 1,Marandagahamula
2019-03-19,4390.0,87.8,Nadu 1,Marandagahamula
2019-03-21,4380.0,87.6,Nadu 1,Marandagahamula
2019-03-22,4410.0,88.2,Nadu 1,Marandagahamula
2019-03-25,4420.0,88.4,Nadu 1,Marandagahamula
2019-03-26,4380.0,87.6,Nadu 1,Marandagahamula
2019-03-27,4390.0,87.8,Nadu 1,Marandagahamula
2019-03-28,4390.0,87.8,Nadu 1,Marandagahamula
2019-03-29,4410.0,88.2,Nadu 1,Marandagahamula
2019-04-01,4380.0,87.6,Nadu 1,Marandagahamula
2019-04-02,4290.0,85.8,Nadu 1,Marandagahamula
2019-04-03,4330.0,86.6,Nadu 1,Marandagahamula
2019-04-04,4330.0,86.6,Nadu 1,Marandagahamula
2019-04-05,4320.0,86.4,Nadu 1,Marandagahamula
2019-04-08,4320.0,86.4,Nadu 1,Marandagahamula
2019-04-09,4320.0,86.4,Nadu 1,Marandagahamula
2019-04-10,4320.0,86.4,Nadu 1,Marandagahamula
2019-04-11,4280.0,85.6,Nadu 1,Marandagahamula
2019-04-12,4280.0,85.6,Nadu 1,Marandagahamula
2019-04-17,4280.0,85.6,Nadu 1,Marandagahamula
2019-04-23,4325.0,86.5,Nadu 1,Marandagahamula
2019-04-24,4330.0,86.6,Nadu 1,Marandagahamula
2019-04-25,4320.0,86.4,Nadu 1,Marandagahamula
2019-04-26,4330.0,86.6,Nadu 1,Marandagahamula
2019-04-29,4330.0,86.6,Nadu 1,Marandagahamula
2019-04-30,4330.0,86.6,Nadu 1,Marandagahamula
2019-05-02,4330.0,86.6,Nadu 1,Marandagahamula
2019-05-03,4330.0,86.6,Nadu 1,Marandagahamula
2019-05-06,4330.0,86.6,Nadu 1,Marandagahamula
2019-05-07,4330.0,86.6,Nadu 1,Marandagahamula
2019-05-08,4320.0,86.4,Nadu 1,Marandagahamula
2019-05-09,4320.0,86.4,Nadu 1,Marandagahamula
2019-05-10,4320.0,86.4,Nadu 1,Marandagahamula
2019-05-13,4330.0,86.6,Nadu 1,Marandagahamula
2019-05-14,4330.0,86.6,Nadu 1,Marandagahamula
2019-05-15,4320.0,86.4,Nadu 1,Marandagahamula
2019-05-16,4300.0,86.0,Nadu 1,Marandagahamula
2019-05-17,4306.0,86.12,Nadu 1,Marandagahamula
2019-05-21,4306.0,86.12,Nadu 1,Marandagahamula
2019-09-04,4410.0,88.2,Nadu 1,Marandagahamula
2019-09-05,4430.0,88.6,Nadu 1,Marandagahamula
2019-09-06,4430.0,88.6,Nadu 1,Marandagahamula
2019-09-09,4420.0,88.4,Nadu 1,Marandagahamula
2019-09-10,4420.0,88.4,Nadu 1,Marandagahamula
2019-09-12,4510.0,90.2,Nadu 1,Marandagahamula
2019-09-16,4550.0,91.0,Nadu 1,Marandagahamula
2019-09-17,4550.0,91.0,Nadu 1,Marandagahamula
2019-09-18,4550.0,91.0,Nadu 1,Marandagahamula
2019-09-19,4550.0,91.0,Nadu 1,Marandagahamula
2019-09-20,4550.0,91.0,Nadu 1,Marandagahamula
2019-09-23,4683.33,93.6666,Nadu 1,Marandagahamula
2019-09-24,4675.0,93.5,Nadu 1,Marandagahamula
2019-09-25,4683.33,93.6666,Nadu 1,Marandagahamula
2019-09-26,4683.33,93.6666,Nadu 1,Marandagahamula
2019-09-27,4683.33,93.6666,Nadu 1,Marandagahamula
2019-09-30,4733.33,94.6666,Nadu 1,Marandagahamula
2019-10-01,4750.0,95.0,Nadu 1,Marandagahamula
2019-10-02,4750.0,95.0,Nadu 1,Marandagahamula
2019-10-03,4750.0,95.0,Nadu 1,Marandagahamula
2019-10-04,4750.0,95.0,Nadu 1,Marandagahamula
2019-10-07,4750.0,95.0,Nadu 1,Marandagahamula
2019-10-08,4750.0,95.0,Nadu 1,Marandagahamula
2019-10-09,4750.0,95.0,Nadu 1,Marandagahamula
2019-10-10,4750.0,95.0,Nadu 1,Marandagahamula
2019-10-11,4750.0,95.0,Nadu 1,Marandagahamula
2019-10-14,4750.0,95.0,Nadu 1,Marandagahamula
2019-10-15,4750.0,95.0,Nadu 1,Marandagahamula
2019-10-16,4775.0,95.5,Nadu 1,Marandagahamula
2019-10-17,4775.0,95.5,Nadu 1,Marandagahamula
2019-10-18,4750.0,95.0,Nadu 1,Marandagahamula
2019-10-21,4750.0,95.0,Nadu 1,Marandagahamula
2019-10-22,4750.0,95.0,Nadu 1,Marandagahamula
2019-10-23,4800.0,96.0,Nadu 1,Marandagahamula
2019-10-24,4800.0,96.0,Nadu 1,Marandagahamula
2019-10-25,4800.0,96.0,Nadu 1,Marandagahamula
2019-10-28,4800.0,96.0,Nadu 1,Marandagahamula
2019-10-29,4800.0,96.0,Nadu 1,Marandagahamula
2019-10-30,4800.0,96.0,Nadu 1,Marandagahamula
2019-10-31,4850.0,97.0,Nadu 1,Marandagahamula
2019-11-01,4850.0,97.0,Nadu 1,Marandagahamula
2019-11-04,4850.0,97.0,Nadu 1,Marandagahamula
2019-11-05,4850.0,97.0,Nadu 1,Marandagahamula
2019-11-06,4850.0,97.0,Nadu 1,Marandagahamula
2019-11-07,4850.0,97.0,Nadu 1,Marandagahamula
2019-11-08,4850.0,97.0,Nadu 1,Marandagahamula
2019-11-11,4850.0,97.0,Nadu 1,Marandagahamula
2019-11-13,4850.0,97.0,Nadu 1,Marandagahamula
2019-11-14,4850.0,97.0,Nadu 1,Marandagahamula
2019-11-15,4850.0,97.0,Nadu 1,Marandagahamula
2019-11-18,4850.0,97.0,Nadu 1,Marandagahamula
2019-11-19,4850.0,97.0,Nadu 1,Marandagahamula
2019-11-20,4850.0,97.0,Nadu 1,Marandagahamula
2019-11-21,4850.0,97.0,Nadu 1,Marandagahamula
2019-11-22,4850.0,97.0,Nadu 1,Marandagahamula
2019-11-25,4850.0,97.0,Nadu 1,Marandagahamula
2019-12-04,5000.0,100.0,Nadu 1,Marandagahamula
2019-12-09,5100.0,102.0,Nadu 1,Marandagahamula
2019-12-10,5100.0,102.0,Nadu 1,Marandagahamula
2019-12-12,5100.0,102.0,Nadu 1,Marandagahamula
2019-12-13,5100.0,102.0,Nadu 1,Marandagahamula
2019-12-16,4800.0,96.0,Nadu 1,Marandagahamula
2019-12-17,4800.0,96.0,Nadu 1,Marandagahamula
2019-12-18,4800.0,96.0,Nadu 1,Marandagahamula
2019-12-19,4800.0,96.0,Nadu 1,Marandagahamula
2019-12-20,4800.0,96.0,Nadu 1,Marandagahamula
2019-12-23,4800.0,96.0,Nadu 1,Marandagahamula
2019-12-24,4800.0,96.0,Nadu 1,Marandagahamula
2019-12-26,4800.0,96.0,Nadu 1,Marandagahamula
2019-12-27,4800.0,96.0,Nadu 1,Marandagahamula
2019-12-30,4800.0,96.0,Nadu 1,Marandagahamula
2019-12-31,4800.0,96.0,Nadu 1,Marandagahamula
2020-01-01,5130.0,102.6,Nadu 1,Marandagahamula
2020-01-02,4800.0,96.0,Nadu 1,Marandagahamula
2020-01-03,4800.0,96.0,Nadu 1,Marandagahamula
2020-01-06,4800.0,96.0,Nadu 1,Marandagahamula
2020-01-07,4800.0,96.0,Nadu 1,Marandagahamula
2020-01-08,4800.0,96.0,Nadu 1,Marandagahamula
2020-01-09,4800.0,96.0,Nadu 1,Marandagahamula
2020-01-13,4800.0,96.0,Nadu 1,Marandagahamula
2020-01-14,4800.0,96.0,Nadu 1,Marandagahamula
2020-01-16,4800.0,96.0,Nadu 1,Marandagahamula
2020-01-17,4800.0,96.0,Nadu 1,Marandagahamula
2020-01-20,4800.0,96.0,Nadu 1,Marandagahamula
2020-01-21,4800.0,96.0,Nadu 1,Marandagahamula
2020-01-22,4800.0,96.0,Nadu 1,Marandagahamula
2020-01-23,4800.0,96.0,Nadu 1,Marandagahamula
2020-01-24,4800.0,96.0,Nadu 1,Marandagahamula
2020-01-27,4800.0,96.0,Nadu 1,Marandagahamula
2020-01-28,4800.0,96.0,Nadu 1,Marandagahamula
2020-01-29,4800.0,96.0,Nadu 1,Marandagahamula
2020-01-30,4800.0,96.0,Nadu 1,Marandagahamula
2020-01-31,4800.0,96.0,Nadu 1,Marandagahamula
2020-02-03,4800.0,96.0,Nadu 1,Marandagahamula
2020-02-05,4800.0,96.0,Nadu 1,Marandagahamula
2020-02-06,4800.0,96.0,Nadu 1,Marandagahamula
2020-02-07,4800.0,96.0,Nadu 1,Marandagahamula
2020-02-10,4800.0,96.0,Nadu 1,Marandagahamula
2020-02-11,4800.0,96.0,Nadu 1,Marandagahamula
2020-02-12,4800.0,96.0,Nadu 1,Marandagahamula
2020-02-13,4800.0,96.0,Nadu 1,Marandagahamula
2020-02-14,4800.0,96.0,Nadu 1,Marandagahamula
2020-02-17,4800.0,96.0,Nadu 1,Marandagahamula
2020-02-18,4800.0,96.0,Nadu 1,Marandagahamula
2020-02-19,4800.0,96.0,Nadu 1,Marandagahamula
2020-02-20,4800.0,96.0,Nadu 1,Marandagahamula
2020-02-24,4800.0,96.0,Nadu 1,Marandagahamula
2020-02-25,4800.0,96.0,Nadu 1,Marandagahamula
2020-02-26,4800.0,96.0,Nadu 1,Marandagahamula
2020-02-27,4800.0,96.0,Nadu 1,Marandagahamula
2020-02-28,4800.0,96.0,Nadu 1,Marandagahamula
2020-03-02,4800.0,96.0,Nadu 1,Marandagahamula
2020-03-03,4800.0,96.0,Nadu 1,Marandagahamula
2020-03-04,4800.0,96.0,Nadu 1,Marandagahamula
2020-03-05,4800.0,96.0,Nadu 1,Marandagahamula
2020-03-10,4800.0,96.0,Nadu 1,Marandagahamula
2020-03-11,4800.0,96.0,Nadu 1,Marandagahamula
2020-03-12,4800.0,96.0,Nadu 1,Marandagahamula
2020-03-13,4800.0,96.0,Nadu 1,Marandagahamula
2020-06-15,4950.0,99.0,Nadu 1,Marandagahamula
2020-06-16,4750.0,95.0,Nadu 1,Marandagahamula
2020-06-17,4750.0,95.0,Nadu 1,Marandagahamula
2020-06-18,4750.0,95.0,Nadu 1,Marandagahamula
2020-06-19,4750.0,95.0,Nadu 1,Marandagahamula
2020-06-22,4750.0,95.0,Nadu 1,Marandagahamula
2020-06-23,4750.0,95.0,Nadu 1,Marandagahamula
2020-06-24,4750.0,95.0,Nadu 1,Marandagahamula
2020-06-25,4750.0,95.0,Nadu 1,Marandagahamula
2020-06-26,4750.0,95.0,Nadu 1,Marandagahamula
2020-06-29,4750.0,95.0,Nadu 1,Marandagahamula
2020-06-30,4750.0,95.0,Nadu 1,Marandagahamula
2020-07-01,4750.0,95.0,Nadu 1,Marandagahamula
2020-07-02,4750.0,95.0,Nadu 1,Marandagahamula
2020-07-03,4750.0,95.0,Nadu 1,Marandagahamula
2020-07-06,4750.0,95.0,Nadu 1,Marandagahamula
2020-07-07,4750.0,95.0,Nadu 1,Marandagahamula
2020-07-08,4750.0,95.0,Nadu 1,Marandagahamula
2020-07-09,4750.0,95.0,Nadu 1,Marandagahamula
2020-07-10,4750.0,95.0,Nadu 1,Marandagahamula
2020-07-13,4750.0,95.0,Nadu 1,Marandagahamula
2020-07-14,4750.0,95.0,Nadu 1,Marandagahamula
2020-07-15,4750.0,95.0,Nadu 1,Marandagahamula
2020-07-16,4750.0,95.0,Nadu 1,Marandagahamula
2020-07-17,4750.0,95.0,Nadu 1,Marandagahamula
2020-07-20,4750.0,95.0,Nadu 1,Marandagahamula
2020-07-21,4750.0,95.0,Nadu 1,Marandagahamula
2020-07-22,4750.0,95.0,Nadu 1,Marandagahamula
2020-07-23,4750.0,95.0,Nadu 1,Marandagahamula
2020-07-24,4750.0,95.0,Nadu 1,Marandagahamula
2020-07-27,4750.0,95.0,Nadu 1,Marandagahamula
2020-07-28,4750.0,95.0,Nadu 1,Marandagahamula
2020-07-29,4750.0,95.0,Nadu 1,Marandagahamula
2020-07-30,4750.0,95.0,Nadu 1,Marandagahamula
2020-07-31,4750.0,95.0,Nadu 1,Marandagahamula
2020-08-04,4750.0,95.0,Nadu 1,Marandagahamula
2020-08-06,4750.0,95.0,Nadu 1,Marandagahamula
2020-08-07,4750.0,95.0,Nadu 1,Marandagahamula
2020-08-10,4750.0,95.0,Nadu 1,Marandagahamula
2020-08-11,4750.0,95.0,Nadu 1,Marandagahamula
2020-08-12,4750.0,95.0,Nadu 1,Marandagahamula
2020-08-13,4750.0,95.0,Nadu 1,Marandagahamula
2020-08-14,4750.0,95.0,Nadu 1,Marandagahamula
2020-08-17,4750.0,95.0,Nadu 1,Marandagahamula
2020-08-18,4750.0,95.0,Nadu 1,Marandagahamula
2020-08-19,4750.0,95.0,Nadu 1,Marandagahamula
2020-08-20,4750.0,95.0,Nadu 1,Marandagahamula
2020-08-21,4750.0,95.0,Nadu 1,Marandagahamula
2020-08-24,4750.0,95.0,Nadu 1,Marandagahamula
2020-08-25,4750.0,95.0,Nadu 1,Marandagahamula
2020-08-26,4750.0,95.0,Nadu 1,Marandagahamula
2021-01-12,4920.0,98.4,Nadu 1,Marandagahamula
2021-01-13,4960.0,99.2,Nadu 1,Marandagahamula
2021-01-15,4920.0,98.4,Nadu 1,Marandagahamula
2021-01-18,4900.0,98.0,Nadu 1,Marandagahamula
2021-01-19,4870.0,97.4,Nadu 1,Marandagahamula
2021-01-20,4850.0,97.0,Nadu 1,Marandagahamula
2021-01-21,4800.0,96.0,Nadu 1,Marandagahamula
2021-01-22,4840.0,96.8,Nadu 1,Marandagahamula
2021-01-25,4760.0,95.2,Nadu 1,Marandagahamula
2021-01-26,4790.0,95.8,Nadu 1,Marandagahamula
2021-01-27,4630.0,92.6,Nadu 1,Marandagahamula
2021-01-29,4640.0,92.8,Nadu 1,Marandagahamula
2021-02-01,5187.5,103.75,Nadu 1,Marandagahamula
2021-02-02,4550.0,91.0,Nadu 1,Marandagahamula
2021-02-03,4570.0,91.4,Nadu 1,Marandagahamula
2021-02-08,4520.0,90.4,Nadu 1,Marandagahamula
2021-02-09,4520.0,90.4,Nadu 1,Marandagahamula
2021-02-10,4470.0,89.4,Nadu 1,Marandagahamula
2021-02-11,4540.0,90.8,Nadu 1,Marandagahamula
2021-02-12,4520.0,90.4,Nadu 1,Marandagahamula
2021-02-15,4600.0,92.0,Nadu 1,Marandagahamula
2021-02-16,4610.0,92.2,Nadu 1,Marandagahamula
2021-02-17,4600.0,92.0,Nadu 1,Marandagahamula
2021-02-18,4600.0,92.0,Nadu 1,Marandagahamula
2021-02-19,4780.0,95.6,Nadu 1,Marandagahamula
2021-02-22,4630.0,92.6,Nadu 1,Marandagahamula
2021-02-23,4630.0,92.6,Nadu 1,Marandagahamula
2021-02-24,4650.0,93.0,Nadu 1,Marandagahamula
2021-02-25,4640.0,92.8,Nadu 1,Marandagahamula
2021-03-01,4580.0,91.6,Nadu 1,Marandagahamula
2021-03-02,4580.0,91.6,Nadu 1,Marandagahamula
2021-03-03,4600.0,92.0,Nadu 1,Marandagahamula
2021-03-04,4600.0,92.0,Nadu 1,Marandagahamula
2021-03-05,4600.0,92.0,Nadu 1,Marandagahamula
2021-03-08,4650.0,93.0,Nadu 1,Marandagahamula
2021-03-09,4670.0,93.4,Nadu 1,Marandagahamula
2021-03-10,4710.0,94.2,Nadu 1,Marandagahamula
2021-03-12,4690.0,93.8,Nadu 1,Marandagahamula
2021-03-15,4680.0,93.6,Nadu 1,Marandagahamula
2021-03-16,4680.0,93.6,Nadu 1,Marandagahamula
2021-03-17,4640.0,92.8,Nadu 1,Marandagahamula
2021-03-18,4700.0,94.0,Nadu 1,Marandagahamula
2021-03-19,4700.0,94.0,Nadu 1,Marandagahamula
2021-03-22,4730.0,94.6,Nadu 1,Marandagahamula
2021-03-23,4730.0,94.6,Nadu 1,Marandagahamula
2021-03-24,4700.0,94.0,Nadu 1,Marandagahamula
2021-03-25,4730.0,94.6,Nadu 1,Marandagahamula
2021-03-26,4750.0,95.0,Nadu 1,Marandagahamula
2021-03-29,4710.0,94.2,Nadu 1,Marandagahamula
2021-03-30,4730.0,94.6,Nadu 1,Marandagahamula
2021-03-31,4730.0,94.6,Nadu 1,Marandagahamula
2021-04-05,4750.0,95.0,Nadu 1,Marandagahamula
2021-04-06,4760.0,95.2,Nadu 1,Marandagahamula
2021-04-07,4710.0,94.2,Nadu 1,Marandagahamula
2021-04-08,4730.0,94.6,Nadu 1,Marandagahamula
2021-04-09,4800.0,96.0,Nadu 1,Marandagahamula
2021-04-19,5150.0,103.0,Nadu 1,Marandagahamula
2021-04-20,5160.0,103.2,Nadu 1,Marandagahamula
2021-04-21,5190.0,103.8,Nadu 1,Marandagahamula
2021-04-22,5210.0,104.2,Nadu 1,Marandagahamula
2021-04-23,5150.0,103.0,Nadu 1,Marandagahamula
2021-04-27,5390.0,107.8,Nadu 1,Marandagahamula
2021-04-28,5387.5,107.75,Nadu 1,Marandagahamula
2021-04-29,5420.0,108.4,Nadu 1,Marandagahamula
2021-04-30,5420.0,108.4,Nadu 1,Marandagahamula
2021-05-03,5520.0,110.4,Nadu 1,Marandagahamula
2021-05-04,5520.0,110.4,Nadu 1,Marandagahamula
2021-05-05,5570.0,111.4,Nadu 1,Marandagahamula
2021-05-06,5570.0,111.4,Nadu 1,Marandagahamula
2021-05-07,5570.0,111.4,Nadu 1,Marandagahamula
2021-05-10,5766.67,115.3334,Nadu 1,Marandagahamula
2021-05-11,5766.67,115.3334,Nadu 1,Marandagahamula
2021-05-12,5570.0,111.4,Nadu 1,Marandagahamula
2021-05-13,5770.0,115.4,Nadu 1,Marandagahamula
2021-05-17,5800.0,116.0,Nadu 1,Marandagahamula
2021-05-18,5800.0,116.0,Nadu 1,Marandagahamula
2021-05-19,5833.33,116.6666,Nadu 1,Marandagahamula
2021-05-20,5825.0,116.5,Nadu 1,Marandagahamula
2021-05-21,5700.0,114.0,Nadu 1,Marandagahamula
2021-06-18,5790.0,115.8,Nadu 1,Marandagahamula
2021-06-21,5790.0,115.8,Nadu 1,Marandagahamula
2021-06-22,5740.0,114.8,Nadu 1,Marandagahamula
2021-06-23,5750.0,115.0,Nadu 1,Marandagahamula
2021-06-25,5750.0,115.0,Nadu 1,Marandagahamula
2021-06-28,5640.0,112.8,Nadu 1,Marandagahamula
2021-06-29,5610.0,112.2,Nadu 1,Marandagahamula
2021-06-30,5610.0,112.2,Nadu 1,Marandagahamula
2021-07-01,5590.0,111.8,Nadu 1,Marandagahamula
2021-07-02,5420.0,108.4,Nadu 1,Marandagahamula
2021-07-05,5270.0,105.4,Nadu 1,Marandagahamula
2021-07-06,5270.0,105.4,Nadu 1,Marandagahamula
2021-07-07,5250.0,105.0,Nadu 1,Marandagahamula
2021-07-08,5240.0,104.8,Nadu 1,Marandagahamula
2021-07-09,5230.0,104.6,Nadu 1,Marandagahamula
2021-07-12,6010.0,120.2,Nadu 1,Marandagahamula
2021-07-13,6010.0,120.2,Nadu 1,Marandagahamula
2021-07-14,5970.0,119.4,Nadu 1,Marandagahamula
2021-07-15,5970.0,119.4,Nadu 1,Marandagahamula
2021-07-16,5200.0,104.0,Nadu 1,Marandagahamula
2021-07-19,6000.0,120.0,Nadu 1,Marandagahamula
2021-07-20,6000.0,120.0,Nadu 1,Marandagahamula
2021-07-22,5975.0,119.5,Nadu 1,Marandagahamula
2021-07-26,5850.0,117.0,Nadu 1,Marandagahamula
2021-07-27,5850.0,117.0,Nadu 1,Marandagahamula
2021-07-28,5850.0,117.0,Nadu 1,Marandagahamula
2021-07-29,5850.0,117.0,Nadu 1,Marandagahamula
2021-07-30,5975.0,119.5,Nadu 1,Marandagahamula
2021-08-02,4910.0,98.2,Nadu 1,Marandagahamula
2021-08-03,4910.0,98.2,Nadu 1,Marandagahamula
2021-08-04,4910.0,98.2,Nadu 1,Marandagahamula
2021-08-05,4910.0,98.2,Nadu 1,Marandagahamula
2021-08-06,4820.0,96.4,Nadu 1,Marandagahamula
2021-08-09,5840.0,116.8,Nadu 1,Marandagahamula
2021-08-11,5080.0,101.6,Nadu 1,Marandagahamula
2021-08-12,5825.0,116.5,Nadu 1,Marandagahamula
2021-08-13,5825.0,116.5,Nadu 1,Marandagahamula
2021-08-16,5862.5,117.25,Nadu 1,Marandagahamula
2021-08-17,5080.0,101.6,Nadu 1,Marandagahamula
2021-10-04,5540.0,110.8,Nadu 1,Marandagahamula
2021-10-05,5750.0,115.0,Nadu 1,Marandagahamula
2021-10-06,5750.0,115.0,Nadu 1,Marandagahamula
2021-10-07,5700.0,114.0,Nadu 1,Marandagahamula
2021-10-08,5480.0,109.6,Nadu 1,Marandagahamula
2021-10-11,5800.0,116.0,Nadu 1,Marandagahamula
2021-10-12,5800.0,116.0,Nadu 1,Marandagahamula
2021-10-13,5520.0,110.4,Nadu 1,Marandagahamula
2021-10-14,5520.0,110.4,Nadu 1,Marandagahamula
2021-10-15,5640.0,112.8,Nadu 1,Marandagahamula
2021-10-18,5630.0,112.6,Nadu 1,Marandagahamula
2021-10-21,5840.0,116.8,Nadu 1,Marandagahamula
2021-10-22,5850.0,117.0,Nadu 1,Marandagahamula
2021-10-25,5960.0,119.2,Nadu 1,Marandagahamula
2021-10-26,6000.0,120.0,Nadu 1,Marandagahamula
2021-10-27,6433.33,128.6666,Nadu 1,Marandagahamula
2021-10-28,6300.0,126.0,Nadu 1,Marandagahamula
2021-10-29,6600.0,132.0,Nadu 1,Marandagahamula
2021-11-01,6850.0,137.0,Nadu 1,Marandagahamula
2021-11-02,6850.0,137.0,Nadu 1,Marandagahamula
2021-11-03,6850.0,137.0,Nadu 1,Marandagahamula
2015-06-22,3210.0,64.2,Nadu 2,Marandagahamula
2015-06-23,3210.0,64.2,Nadu 2,Marandagahamula
2015-06-24,3220.0,64.4,Nadu 2,Marandagahamula
2015-06-25,3180.0,63.6,Nadu 2,Marandagahamula
2015-06-26,3190.0,63.8,Nadu 2,Marandagahamula
2015-06-29,3160.0,63.2,Nadu 2,Marandagahamula
2015-06-30,3120.0,62.4,Nadu 2,Marandagahamula
2015-07-01,3130.0,62.6,Nadu 2,Marandagahamula
2015-07-02,3130.0,62.6,Nadu 2,Marandagahamula
2015-07-03,3120.0,62.4,Nadu 2,Marandagahamula
2015-07-06,3080.0,61.6,Nadu 2,Marandagahamula
2015-07-09,3080.0,61.6,Nadu 2,Marandagahamula
2015-07-10,3080.0,61.6,Nadu 2,Marandagahamula
2015-07-13,2990.0,59.8,Nadu 2,Marandagahamula
2015-07-14,2970.0,59.4,Nadu 2,Marandagahamula
2015-07-15,2990.0,59.8,Nadu 2,Marandagahamula
2015-07-16,2990.0,59.8,Nadu 2,Marandagahamula
2015-07-17,2990.0,59.8,Nadu 2,Marandagahamula
2015-07-20,2930.0,58.6,Nadu 2,Marandagahamula
2015-07-21,2890.0,57.8,Nadu 2,Marandagahamula
2015-07-22,2890.0,57.8,Nadu 2,Marandagahamula
2015-07-24,2900.0,58.0,Nadu 2,Marandagahamula
2015-07-27,2950.0,59.0,Nadu 2,Marandagahamula
2015-07-28,2950.0,59.0,Nadu 2,Marandagahamula
2015-07-29,2950.0,59.0,Nadu 2,Marandagahamula
2015-07-30,2950.0,59.0,Nadu 2,Marandagahamula
2015-08-03,2920.0,58.4,Nadu 2,Marandagahamula
2015-08-04,2930.0,58.6,Nadu 2,Marandagahamula
2015-08-05,2910.0,58.2,Nadu 2,Marandagahamula
2015-08-06,2920.0,58.4,Nadu 2,Marandagahamula
2015-08-07,2910.0,58.2,Nadu 2,Marandagahamula
2015-08-10,2900.0,58.0,Nadu 2,Marandagahamula
2015-08-11,2910.0,58.2,Nadu 2,Marandagahamula
2015-08-12,2900.0,58.0,Nadu 2,Marandagahamula
2015-08-13,2900.0,58.0,Nadu 2,Marandagahamula
2015-08-14,2930.0,58.6,Nadu 2,Marandagahamula
2015-08-20,2920.0,58.4,Nadu 2,Marandagahamula
2015-08-21,2930.0,58.6,Nadu 2,Marandagahamula
2015-08-24,2940.0,58.8,Nadu 2,Marandagahamula
2015-08-25,2910.0,58.2,Nadu 2,Marandagahamula
2015-08-26,2940.0,58.8,Nadu 2,Marandagahamula
2015-08-27,2910.0,58.2,Nadu 2,Marandagahamula
2015-08-28,2920.0,58.4,Nadu 2,Marandagahamula
2015-08-31,2950.0,59.0,Nadu 2,Marandagahamula
2015-09-01,2950.0,59.0,Nadu 2,Marandagahamula
2015-09-02,2970.0,59.4,Nadu 2,Marandagahamula
2015-09-03,2950.0,59.0,Nadu 2,Marandagahamula
2015-09-04,2960.0,59.2,Nadu 2,Marandagahamula
2015-09-07,2960.0,59.2,Nadu 2,Marandagahamula
2015-09-09,2940.0,58.8,Nadu 2,Marandagahamula
2015-09-10,2950.0,59.0,Nadu 2,Marandagahamula
2015-09-11,2980.0,59.6,Nadu 2,Marandagahamula
2015-09-14,3060.0,61.2,Nadu 2,Marandagahamula
2015-09-16,3060.0,61.2,Nadu 2,Marandagahamula
2015-09-17,3060.0,61.2,Nadu 2,Marandagahamula
2015-09-18,3110.0,62.2,Nadu 2,Marandagahamula
2015-09-21,3090.0,61.8,Nadu 2,Marandagahamula
2015-09-22,3080.0,61.6,Nadu 2,Marandagahamula
2015-09-23,3070.0,61.4,Nadu 2,Marandagahamula
2015-09-25,3070.0,61.4,Nadu 2,Marandagahamula
2015-09-28,3030.0,60.6,Nadu 2,Marandagahamula
2015-09-29,3030.0,60.6,Nadu 2,Marandagahamula
2015-10-01,3030.0,60.6,Nadu 2,Marandagahamula
2015-10-02,3030.0,60.6,Nadu 2,Marandagahamula
2015-10-05,3050.0,61.0,Nadu 2,Marandagahamula
2015-10-06,3060.0,61.2,Nadu 2,Marandagahamula
2015-10-07,3070.0,61.4,Nadu 2,Marandagahamula
2015-10-08,3070.0,61.4,Nadu 2,Marandagahamula
2015-10-09,3070.0,61.4,Nadu 2,Marandagahamula
2015-10-12,3070.0,61.4,Nadu 2,Marandagahamula
2015-10-13,3090.0,61.8,Nadu 2,Marandagahamula
2015-10-14,3270.0,65.4,Nadu 2,Marandagahamula
2015-10-15,3280.0,65.6,Nadu 2,Marandagahamula
2015-10-16,3250.0,65.0,Nadu 2,Marandagahamula
2015-10-19,3290.0,65.8,Nadu 2,Marandagahamula
2015-10-20,3280.0,65.6,Nadu 2,Marandagahamula
2015-10-21,3300.0,66.0,Nadu 2,Marandagahamula
2015-10-22,3290.0,65.8,Nadu 2,Marandagahamula
2015-10-23,3320.0,66.4,Nadu 2,Marandagahamula
2015-10-26,3330.0,66.6,Nadu 2,Marandagahamula
2015-10-28,3300.0,66.0,Nadu 2,Marandagahamula
2015-10-29,3310.0,66.2,Nadu 2,Marandagahamula
2015-10-30,3310.0,66.2,Nadu 2,Marandagahamula
2015-11-02,3310.0,66.2,Nadu 2,Marandagahamula
2015-11-03,3310.0,66.2,Nadu 2,Marandagahamula
2015-11-04,3320.0,66.4,Nadu 2,Marandagahamula
2015-11-05,3320.0,66.4,Nadu 2,Marandagahamula
2015-11-16,3460.0,69.2,Nadu 2,Marandagahamula
2015-11-17,3500.0,70.0,Nadu 2,Marandagahamula
2015-11-18,3460.0,69.2,Nadu 2,Marandagahamula
2015-11-19,3470.0,69.4,Nadu 2,Marandagahamula
2015-11-20,3470.0,69.4,Nadu 2,Marandagahamula
2015-11-23,3470.0,69.4,Nadu 2,Marandagahamula
2015-11-24,3460.0,69.2,Nadu 2,Marandagahamula
2015-11-26,3430.0,68.6,Nadu 2,Marandagahamula
2015-11-27,3470.0,69.4,Nadu 2,Marandagahamula
2015-11-30,3470.0,69.4,Nadu 2,Marandagahamula
2015-12-01,3470.0,69.4,Nadu 2,Marandagahamula
2015-12-02,3470.0,69.4,Nadu 2,Marandagahamula
2015-12-03,3460.0,69.2,Nadu 2,Marandagahamula
2015-12-04,3460.0,69.2,Nadu 2,Marandagahamula
2015-12-07,3460.0,69.2,Nadu 2,Marandagahamula
2015-12-08,3450.0,69.0,Nadu 2,Marandagahamula
2015-12-09,3470.0,69.4,Nadu 2,Marandagahamula
2015-12-10,3450.0,69.0,Nadu 2,Marandagahamula
2015-12-11,3460.0,69.2,Nadu 2,Marandagahamula
2015-12-14,3450.0,69.0,Nadu 2,Marandagahamula
2015-12-15,3450.0,69.0,Nadu 2,Marandagahamula
2015-12-16,3450.0,69.0,Nadu 2,Marandagahamula
2015-12-17,3450.0,69.0,Nadu 2,Marandagahamula
2015-12-18,3450.0,69.0,Nadu 2,Marandagahamula
2015-12-20,3440.0,68.8,Nadu 2,Marandagahamula
2015-12-21,3440.0,68.8,Nadu 2,Marandagahamula
2015-12-22,3430.0,68.6,Nadu 2,Marandagahamula
2015-12-23,3440.0,68.8,Nadu 2,Marandagahamula
2015-12-28,3400.0,68.0,Nadu 2,Marandagahamula
2015-12-29,3390.0,67.8,Nadu 2,Marandagahamula
2015-12-30,3440.0,68.8,Nadu 2,Marandagahamula
2015-12-31,3410.0,68.2,Nadu 2,Marandagahamula
2016-01-04,3410.0,68.2,Nadu 2,Marandagahamula
2016-01-05,3400.0,68.0,Nadu 2,Marandagahamula
2016-01-06,3400.0,68.0,Nadu 2,Marandagahamula
2016-01-07,3400.0,68.0,Nadu 2,Marandagahamula
2016-01-08,3390.0,67.8,Nadu 2,Marandagahamula
2016-01-11,3390.0,67.8,Nadu 2,Marandagahamula
2016-01-12,3400.0,68.0,Nadu 2,Marandagahamula
2016-01-13,3400.0,68.0,Nadu 2,Marandagahamula
2016-04-07,3120.0,62.4,Nadu 2,Marandagahamula
2016-04-08,3040.0,60.8,Nadu 2,Marandagahamula
2016-04-11,3050.0,61.0,Nadu 2,Marandagahamula
2016-04-18,3050.0,61.0,Nadu 2,Marandagahamula
2016-04-19,3040.0,60.8,Nadu 2,Marandagahamula
2016-04-20,3100.0,62.0,Nadu 2,Marandagahamula
2016-04-22,3050.0,61.0,Nadu 2,Marandagahamula
2016-04-25,3080.0,61.6,Nadu 2,Marandagahamula
2016-04-26,3090.0,61.8,Nadu 2,Marandagahamula
2016-04-27,3080.0,61.6,Nadu 2,Marandagahamula
2016-04-28,3080.0,61.6,Nadu 2,Marandagahamula
2016-04-29,3100.0,62.0,Nadu 2,Marandagahamula
2016-05-02,3110.0,62.2,Nadu 2,Marandagahamula
2016-05-03,3110.0,62.2,Nadu 2,Marandagahamula
2016-05-04,3120.0,62.4,Nadu 2,Marandagahamula
2016-05-05,3110.0,62.2,Nadu 2,Marandagahamula
2016-05-06,3120.0,62.4,Nadu 2,Marandagahamula
2016-05-09,3110.0,62.2,Nadu 2,Marandagahamula
2016-05-10,3110.0,62.2,Nadu 2,Marandagahamula
2016-05-11,3110.0,62.2,Nadu 2,Marandagahamula
2016-05-12,3110.0,62.2,Nadu 2,Marandagahamula
2016-05-13,3120.0,62.4,Nadu 2,Marandagahamula
2016-05-16,3120.0,62.4,Nadu 2,Marandagahamula
2016-05-17,3130.0,62.6,Nadu 2,Marandagahamula
2016-05-18,3130.0,62.6,Nadu 2,Marandagahamula
2016-05-19,3130.0,62.6,Nadu 2,Marandagahamula
2016-05-20,3130.0,62.6,Nadu 2,Marandagahamula
2016-05-23,3130.0,62.6,Nadu 2,Marandagahamula
2016-05-24,3160.0,63.2,Nadu 2,Marandagahamula
2016-05-25,3200.0,64.0,Nadu 2,Marandagahamula
2016-05-26,3220.0,64.4,Nadu 2,Marandagahamula
2016-05-27,3220.0,64.4,Nadu 2,Marandagahamula
2016-05-30,3230.0,64.6,Nadu 2,Marandagahamula
2016-05-31,3220.0,64.4,Nadu 2,Marandagahamula
2016-06-01,3250.0,65.0,Nadu 2,Marandagahamula
2016-06-02,3234.0,64.68,Nadu 2,Marandagahamula
2016-06-03,3220.0,64.4,Nadu 2,Marandagahamula
2016-06-06,3210.0,64.2,Nadu 2,Marandagahamula
2016-06-07,3200.0,64.0,Nadu 2,Marandagahamula
2016-06-08,3210.0,64.2,Nadu 2,Marandagahamula
2016-06-09,3210.0,64.2,Nadu 2,Marandagahamula
2016-06-10,3210.0,64.2,Nadu 2,Marandagahamula
2016-06-13,3210.0,64.2,Nadu 2,Marandagahamula
2016-06-14,3180.0,63.6,Nadu 2,Marandagahamula
2016-06-15,3180.0,63.6,Nadu 2,Marandagahamula
2016-06-16,3200.0,64.0,Nadu 2,Marandagahamula
2016-06-17,3200.0,64.0,Nadu 2,Marandagahamula
2016-06-20,3180.0,63.6,Nadu 2,Marandagahamula
2016-06-21,3180.0,63.6,Nadu 2,Marandagahamula
2016-06-22,3180.0,63.6,Nadu 2,Marandagahamula
2016-06-23,3180.0,63.6,Nadu 2,Marandagahamula
2016-06-24,3170.0,63.4,Nadu 2,Marandagahamula
2016-06-27,3180.0,63.6,Nadu 2,Marandagahamula
2016-06-28,3180.0,63.6,Nadu 2,Marandagahamula
2016-06-29,3170.0,63.4,Nadu 2,Marandagahamula
2016-06-30,3150.0,63.0,Nadu 2,Marandagahamula
2016-07-01,3150.0,63.0,Nadu 2,Marandagahamula
2016-07-04,3160.0,63.2,Nadu 2,Marandagahamula
2016-07-05,3100.0,62.0,Nadu 2,Marandagahamula
2016-07-06,3110.0,62.2,Nadu 2,Marandagahamula
2016-07-07,3110.0,62.2,Nadu 2,Marandagahamula
2016-07-08,3110.0,62.2,Nadu 2,Marandagahamula
2016-07-11,3110.0,62.2,Nadu 2,Marandagahamula
2016-07-12,3110.0,62.2,Nadu 2,Marandagahamula
2016-07-13,3050.0,61.0,Nadu 2,Marandagahamula
2016-07-14,3050.0,61.0,Nadu 2,Marandagahamula
2016-07-15,3080.0,61.6,Nadu 2,Marandagahamula
2016-07-18,3070.0,61.4,Nadu 2,Marandagahamula
2016-07-20,3040.0,60.8,Nadu 2,Marandagahamula
2016-07-21,3060.0,61.2,Nadu 2,Marandagahamula
2016-07-22,3040.0,60.8,Nadu 2,Marandagahamula
2016-07-25,3040.0,60.8,Nadu 2,Marandagahamula
2016-07-26,3040.0,60.8,Nadu 2,Marandagahamula
2016-07-27,3070.0,61.4,Nadu 2,Marandagahamula
2016-07-28,3060.0,61.2,Nadu 2,Marandagahamula
2016-07-29,3070.0,61.4,Nadu 2,Marandagahamula
2016-08-01,3070.0,61.4,Nadu 2,Marandagahamula
2016-08-02,3090.0,61.8,Nadu 2,Marandagahamula
2016-08-03,3080.0,61.6,Nadu 2,Marandagahamula
2016-08-04,3080.0,61.6,Nadu 2,Marandagahamula
2016-08-05,3080.0,61.6,Nadu 2,Marandagahamula
2016-08-08,3090.0,61.8,Nadu 2,Marandagahamula
2016-08-09,3110.0,62.2,Nadu 2,Marandagahamula
2016-08-10,3060.0,61.2,Nadu 2,Marandagahamula
2016-08-11,3060.0,61.2,Nadu 2,Marandagahamula
2016-08-12,3060.0,61.2,Nadu 2,Marandagahamula
2016-08-15,3060.0,61.2,Nadu 2,Marandagahamula
2016-08-16,3060.0,61.2,Nadu 2,Marandagahamula
2016-08-18,3060.0,61.2,Nadu 2,Marandagahamula
2016-08-19,3060.0,61.2,Nadu 2,Marandagahamula
2016-08-22,3060.0,61.2,Nadu 2,Marandagahamula
2016-08-23,3060.0,61.2,Nadu 2,Marandagahamula
2016-08-24,3070.0,61.4,Nadu 2,Marandagahamula
2016-08-29,3030.0,60.6,Nadu 2,Marandagahamula
2016-08-30,3030.0,60.6,Nadu 2,Marandagahamula
2016-08-31,3020.0,60.4,Nadu 2,Marandagahamula
2016-09-01,3030.0,60.6,Nadu 2,Marandagahamula
2016-09-02,3030.0,60.6,Nadu 2,Marandagahamula
2016-09-05,3030.0,60.6,Nadu 2,Marandagahamula
2016-09-06,3030.0,60.6,Nadu 2,Marandagahamula
2016-09-07,3040.0,60.8,Nadu 2,Marandagahamula
2016-09-08,3030.0,60.6,Nadu 2,Marandagahamula
2016-09-09,3020.0,60.4,Nadu 2,Marandagahamula
2016-09-13,3030.0,60.6,Nadu 2,Marandagahamula
2016-09-14,3020.0,60.4,Nadu 2,Marandagahamula
2016-09-15,3030.0,60.6,Nadu 2,Marandagahamula
2016-09-19,3040.0,60.8,Nadu 2,Marandagahamula
2016-09-20,3030.0,60.6,Nadu 2,Marandagahamula
2016-09-21,3030.0,60.6,Nadu 2,Marandagahamula
2016-09-22,3030.0,60.6,Nadu 2,Marandagahamula
2016-09-23,3040.0,60.8,Nadu 2,Marandagahamula
2016-09-26,3080.0,61.6,Nadu 2,Marandagahamula
2016-09-27,3090.0,61.8,Nadu 2,Marandagahamula
2016-09-28,3080.0,61.6,Nadu 2,Marandagahamula
2016-09-29,3080.0,61.6,Nadu 2,Marandagahamula
2016-09-30,3080.0,61.6,Nadu 2,Marandagahamula
2016-10-03,3180.0,63.6,Nadu 2,Marandagahamula
2016-10-04,3180.0,63.6,Nadu 2,Marandagahamula
2016-10-05,3190.0,63.8,Nadu 2,Marandagahamula
2016-10-06,3230.0,64.6,Nadu 2,Marandagahamula
2016-10-07,3230.0,64.6,Nadu 2,Marandagahamula
2016-10-10,3230.0,64.6,Nadu 2,Marandagahamula
2016-10-11,3330.0,66.6,Nadu 2,Marandagahamula
2016-10-12,3330.0,66.6,Nadu 2,Marandagahamula
2016-10-13,3340.0,66.8,Nadu 2,Marandagahamula
2016-10-14,3460.0,69.2,Nadu 2,Marandagahamula
2016-10-17,3520.0,70.4,Nadu 2,Marandagahamula
2016-10-18,3520.0,70.4,Nadu 2,Marandagahamula
2016-10-19,3520.0,70.4,Nadu 2,Marandagahamula
2016-10-20,3520.0,70.4,Nadu 2,Marandagahamula
2016-10-21,3520.0,70.4,Nadu 2,Marandagahamula
2016-10-24,3530.0,70.6,Nadu 2,Marandagahamula
2016-10-25,3530.0,70.6,Nadu 2,Marandagahamula
2016-10-26,3520.0,70.4,Nadu 2,Marandagahamula
2016-10-27,3520.0,70.4,Nadu 2,Marandagahamula
2016-10-28,3520.0,70.4,Nadu 2,Marandagahamula
2016-10-31,3530.0,70.6,Nadu 2,Marandagahamula
2016-11-01,3530.0,70.6,Nadu 2,Marandagahamula
2016-11-02,3530.0,70.6,Nadu 2,Marandagahamula
2016-11-03,3530.0,70.6,Nadu 2,Marandagahamula
2016-11-04,3530.0,70.6,Nadu 2,Marandagahamula
2016-11-07,3530.0,70.6,Nadu 2,Marandagahamula
2016-11-08,3590.0,71.8,Nadu 2,Marandagahamula
2016-11-09,3630.0,72.6,Nadu 2,Marandagahamula
2016-11-10,3620.0,72.4,Nadu 2,Marandagahamula
2016-11-11,3630.0,72.6,Nadu 2,Marandagahamula
2016-11-15,3630.0,72.6,Nadu 2,Marandagahamula
2016-11-16,3660.0,73.2,Nadu 2,Marandagahamula
2016-11-17,3700.0,74.0,Nadu 2,Marandagahamula
2016-11-18,3720.0,74.4,Nadu 2,Marandagahamula
2016-11-21,3780.0,75.6,Nadu 2,Marandagahamula
2016-11-22,3780.0,75.6,Nadu 2,Marandagahamula
2016-11-23,3830.0,76.6,Nadu 2,Marandagahamula
2016-11-24,3830.0,76.6,Nadu 2,Marandagahamula
2016-11-25,3830.0,76.6,Nadu 2,Marandagahamula
2016-11-28,3930.0,78.6,Nadu 2,Marandagahamula
2016-11-29,3930.0,78.6,Nadu 2,Marandagahamula
2016-11-30,3920.0,78.4,Nadu 2,Marandagahamula
2016-12-01,3920.0,78.4,Nadu 2,Marandagahamula
2016-12-02,3930.0,78.6,Nadu 2,Marandagahamula
2016-12-05,3930.0,78.6,Nadu 2,Marandagahamula
2016-12-06,3930.0,78.6,Nadu 2,Marandagahamula
2016-12-07,3920.0,78.4,Nadu 2,Marandagahamula
2016-12-08,3930.0,78.6,Nadu 2,Marandagahamula
2016-12-09,4030.0,80.6,Nadu 2,Marandagahamula
2016-12-14,4130.0,82.6,Nadu 2,Marandagahamula
2016-12-15,4130.0,82.6,Nadu 2,Marandagahamula
2016-12-16,4070.0,81.4,Nadu 2,Marandagahamula
2016-12-19,4130.0,82.6,Nadu 2,Marandagahamula
2016-12-20,4140.0,82.8,Nadu 2,Marandagahamula
2016-12-21,4160.0,83.2,Nadu 2,Marandagahamula
2016-12-22,4150.0,83.0,Nadu 2,Marandagahamula
2016-12-23,4170.0,83.4,Nadu 2,Marandagahamula
2016-12-26,4170.0,83.4,Nadu 2,Marandagahamula
2016-12-27,4180.0,83.6,Nadu 2,Marandagahamula
2016-12-28,4170.0,83.4,Nadu 2,Marandagahamula
2016-12-29,4220.0,84.4,Nadu 2,Marandagahamula
2016-12-30,4220.0,84.4,Nadu 2,Marandagahamula
2017-01-02,4220.0,84.4,Nadu 2,Marandagahamula
2017-01-03,4220.0,84.4,Nadu 2,Marandagahamula
2017-01-04,4320.0,86.4,Nadu 2,Marandagahamula
2017-01-05,4320.0,86.4,Nadu 2,Marandagahamula
2017-01-06,4330.0,86.6,Nadu 2,Marandagahamula
2017-01-09,4310.0,86.2,Nadu 2,Marandagahamula
2017-01-10,4320.0,86.4,Nadu 2,Marandagahamula
2017-01-11,4320.0,86.4,Nadu 2,Marandagahamula
2017-01-13,4320.0,86.4,Nadu 2,Marandagahamula
2017-01-16,4320.0,86.4,Nadu 2,Marandagahamula
2017-01-17,4330.0,86.6,Nadu 2,Marandagahamula
2017-01-18,4330.0,86.6,Nadu 2,Marandagahamula
2017-01-19,4330.0,86.6,Nadu 2,Marandagahamula
2017-01-20,4340.0,86.8,Nadu 2,Marandagahamula
2017-01-23,4380.0,87.6,Nadu 2,Marandagahamula
2017-01-24,4400.0,88.0,Nadu 2,Marandagahamula
2017-01-25,4400.0,88.0,Nadu 2,Marandagahamula
2017-01-26,4400.0,88.0,Nadu 2,Marandagahamula
2017-01-27,4400.0,88.0,Nadu 2,Marandagahamula
2017-01-30,4520.0,90.4,Nadu 2,Marandagahamula
2017-01-31,4520.0,90.4,Nadu 2,Marandagahamula
2017-05-05,4030.0,80.6,Nadu 2,Marandagahamula
2017-05-08,4060.0,81.2,Nadu 2,Marandagahamula
2017-05-09,4060.0,81.2,Nadu 2,Marandagahamula
2017-05-12,4060.0,81.2,Nadu 2,Marandagahamula
2017-05-15,4120.0,82.4,Nadu 2,Marandagahamula
2017-05-16,4120.0,82.4,Nadu 2,Marandagahamula
2017-05-17,4210.0,84.2,Nadu 2,Marandagahamula
2017-05-18,4280.0,85.6,Nadu 2,Marandagahamula
2017-05-19,4280.0,85.6,Nadu 2,Marandagahamula
2017-05-23,4260.0,85.2,Nadu 2,Marandagahamula
2017-05-24,4290.0,85.8,Nadu 2,Marandagahamula
2017-05-25,4270.0,85.4,Nadu 2,Marandagahamula
2017-05-26,4280.0,85.6,Nadu 2,Marandagahamula
2017-05-29,4280.0,85.6,Nadu 2,Marandagahamula
2017-05-30,4280.0,85.6,Nadu 2,Marandagahamula
2017-05-31,4280.0,85.6,Nadu 2,Marandagahamula
2017-06-02,4240.0,84.8,Nadu 2,Marandagahamula
2017-06-05,4280.0,85.6,Nadu 2,Marandagahamula
2017-06-06,4320.0,86.4,Nadu 2,Marandagahamula
2017-06-07,4300.0,86.0,Nadu 2,Marandagahamula
2017-06-09,4330.0,86.6,Nadu 2,Marandagahamula
2017-06-12,4320.0,86.4,Nadu 2,Marandagahamula
2017-06-13,4330.0,86.6,Nadu 2,Marandagahamula
2017-06-14,4320.0,86.4,Nadu 2,Marandagahamula
2017-06-15,4310.0,86.2,Nadu 2,Marandagahamula
2017-06-16,4320.0,86.4,Nadu 2,Marandagahamula
2017-06-19,4320.0,86.4,Nadu 2,Marandagahamula
2017-06-20,4330.0,86.6,Nadu 2,Marandagahamula
2017-06-21,4270.0,85.4,Nadu 2,Marandagahamula
2017-06-22,4280.0,85.6,Nadu 2,Marandagahamula
2017-06-23,4280.0,85.6,Nadu 2,Marandagahamula
2017-06-27,4280.0,85.6,Nadu 2,Marandagahamula
2017-06-28,4280.0,85.6,Nadu 2,Marandagahamula
2017-06-29,4080.0,81.6,Nadu 2,Marandagahamula
2017-06-30,4150.0,83.0,Nadu 2,Marandagahamula
2017-07-03,4150.0,83.0,Nadu 2,Marandagahamula
2017-07-04,4080.0,81.6,Nadu 2,Marandagahamula
2017-07-05,4060.0,81.2,Nadu 2,Marandagahamula
2017-07-06,4080.0,81.6,Nadu 2,Marandagahamula
2017-07-07,4110.0,82.2,Nadu 2,Marandagahamula
2017-07-10,4090.0,81.8,Nadu 2,Marandagahamula
2017-07-11,4090.0,81.8,Nadu 2,Marandagahamula
2017-07-12,4040.0,80.8,Nadu 2,Marandagahamula
2017-07-13,4120.0,82.4,Nadu 2,Marandagahamula
2017-07-14,4080.0,81.6,Nadu 2,Marandagahamula
2017-07-17,4010.0,80.2,Nadu 2,Marandagahamula
2017-07-18,4000.0,80.0,Nadu 2,Marandagahamula
2017-07-19,4000.0,80.0,Nadu 2,Marandagahamula
2017-07-20,4000.0,80.0,Nadu 2,Marandagahamula
2017-07-21,3970.0,79.4,Nadu 2,Marandagahamula
2017-07-24,3990.0,79.8,Nadu 2,Marandagahamula
2017-07-25,3980.0,79.6,Nadu 2,Marandagahamula
2017-07-26,3970.0,79.4,Nadu 2,Marandagahamula
2017-07-27,3870.0,77.4,Nadu 2,Marandagahamula
2017-07-28,3940.0,78.8,Nadu 2,Marandagahamula
2017-07-31,3950.0,79.0,Nadu 2,Marandagahamula
2017-08-01,3950.0,79.0,Nadu 2,Marandagahamula
2017-08-02,3950.0,79.0,Nadu 2,Marandagahamula
2017-08-03,3960.0,79.2,Nadu 2,Marandagahamula
2017-08-04,3950.0,79.0,Nadu 2,Marandagahamula
2017-08-08,3990.0,79.8,Nadu 2,Marandagahamula
2017-08-09,4010.0,80.2,Nadu 2,Marandagahamula
2017-08-10,3980.0,79.6,Nadu 2,Marandagahamula
2017-08-11,3980.0,79.6,Nadu 2,Marandagahamula
2017-08-14,3820.0,76.4,Nadu 2,Marandagahamula
2017-08-15,3820.0,76.4,Nadu 2,Marandagahamula
2017-08-16,3820.0,76.4,Nadu 2,Marandagahamula
2017-08-17,3830.0,76.6,Nadu 2,Marandagahamula
2017-08-18,3820.0,76.4,Nadu 2,Marandagahamula
2017-08-21,3950.0,79.0,Nadu 2,Marandagahamula
2017-08-22,3970.0,79.4,Nadu 2,Marandagahamula
2017-08-23,3670.0,73.4,Nadu 2,Marandagahamula
2017-08-24,3870.0,77.4,Nadu 2,Marandagahamula
2017-08-25,3830.0,76.6,Nadu 2,Marandagahamula
2017-08-28,3830.0,76.6,Nadu 2,Marandagahamula
2017-08-29,3880.0,77.6,Nadu 2,Marandagahamula
2017-08-30,3830.0,76.6,Nadu 2,Marandagahamula
2017-08-31,3850.0,77.0,Nadu 2,Marandagahamula
2017-09-04,3940.0,78.8,Nadu 2,Marandagahamula
2017-09-06,3870.0,77.4,Nadu 2,Marandagahamula
2017-09-07,3870.0,77.4,Nadu 2,Marandagahamula
2017-09-08,3900.0,78.0,Nadu 2,Marandagahamula
2017-09-11,3800.0,76.0,Nadu 2,Marandagahamula
2017-09-12,3800.0,76.0,Nadu 2,Marandagahamula
2017-09-13,3880.0,77.6,Nadu 2,Marandagahamula
2017-09-14,3890.0,77.8,Nadu 2,Marandagahamula
2017-09-15,3900.0,78.0,Nadu 2,Marandagahamula
2017-09-18,3950.0,79.0,Nadu 2,Marandagahamula
2017-09-19,3960.0,79.2,Nadu 2,Marandagahamula
2017-09-20,3930.0,78.6,Nadu 2,Marandagahamula
2017-09-21,3940.0,78.8,Nadu 2,Marandagahamula
2017-09-22,3930.0,78.6,Nadu 2,Marandagahamula
2017-09-25,4020.0,80.4,Nadu 2,Marandagahamula
2017-09-26,4020.0,80.4,Nadu 2,Marandagahamula
2017-09-27,4040.0,80.8,Nadu 2,Marandagahamula
2017-09-28,4050.0,81.0,Nadu 2,Marandagahamula
2017-09-29,4050.0,81.0,Nadu 2,Marandagahamula
2017-10-02,4030.0,80.6,Nadu 2,Marandagahamula
2017-10-03,4030.0,80.6,Nadu 2,Marandagahamula
2017-10-04,4060.0,81.2,Nadu 2,Marandagahamula
2017-10-06,4040.0,80.8,Nadu 2,Marandagahamula
2017-10-09,4060.0,81.2,Nadu 2,Marandagahamula
2017-10-10,4050.0,81.0,Nadu 2,Marandagahamula
2017-10-11,4040.0,80.8,Nadu 2,Marandagahamula
2017-10-12,4100.0,82.0,Nadu 2,Marandagahamula
2017-10-13,4080.0,81.6,Nadu 2,Marandagahamula
2017-10-16,4110.0,82.2,Nadu 2,Marandagahamula
2017-10-17,4120.0,82.4,Nadu 2,Marandagahamula
2017-10-19,4110.0,82.2,Nadu 2,Marandagahamula
2017-10-20,4110.0,82.2,Nadu 2,Marandagahamula
2017-10-23,4650.0,93.0,Nadu 2,Marandagahamula
2017-10-24,4650.0,93.0,Nadu 2,Marandagahamula
2017-10-25,4650.0,93.0,Nadu 2,Marandagahamula
2017-10-26,4640.0,92.8,Nadu 2,Marandagahamula
2017-10-27,4650.0,93.0,Nadu 2,Marandagahamula
2017-10-30,4090.0,81.8,Nadu 2,Marandagahamula
2017-10-31,4660.0,93.2,Nadu 2,Marandagahamula
2017-11-01,4100.0,82.0,Nadu 2,Marandagahamula
2017-11-02,4080.0,81.6,Nadu 2,Marandagahamula
2017-11-06,4090.0,81.8,Nadu 2,Marandagahamula
2017-11-07,4110.0,82.2,Nadu 2,Marandagahamula
2017-11-08,4090.0,81.8,Nadu 2,Marandagahamula
2017-11-09,4080.0,81.6,Nadu 2,Marandagahamula
2017-11-10,4080.0,81.6,Nadu 2,Marandagahamula
2017-11-13,4080.0,81.6,Nadu 2,Marandagahamula
2017-11-14,4080.0,81.6,Nadu 2,Marandagahamula
2017-11-15,4090.0,81.8,Nadu 2,Marandagahamula
2017-11-16,4110.0,82.2,Nadu 2,Marandagahamula
2017-11-17,4090.0,81.8,Nadu 2,Marandagahamula
2017-11-20,4130.0,82.6,Nadu 2,Marandagahamula
2017-11-21,4110.0,82.2,Nadu 2,Marandagahamula
2017-11-22,4090.0,81.8,Nadu 2,Marandagahamula
2017-11-23,4110.0,82.2,Nadu 2,Marandagahamula
2017-11-24,4130.0,82.6,Nadu 2,Marandagahamula
2017-11-27,4090.0,81.8,Nadu 2,Marandagahamula
2017-11-28,4090.0,81.8,Nadu 2,Marandagahamula
2017-11-29,4090.0,81.8,Nadu 2,Marandagahamula
2017-11-30,4090.0,81.8,Nadu 2,Marandagahamula
2017-12-04,4650.0,93.0,Nadu 2,Marandagahamula
2017-12-05,4640.0,92.8,Nadu 2,Marandagahamula
2017-12-06,4630.0,92.6,Nadu 2,Marandagahamula
2017-12-07,4630.0,92.6,Nadu 2,Marandagahamula
2017-12-08,4620.0,92.4,Nadu 2,Marandagahamula
2017-12-11,4630.0,92.6,Nadu 2,Marandagahamula
2017-12-12,4650.0,93.0,Nadu 2,Marandagahamula
2017-12-13,4650.0,93.0,Nadu 2,Marandagahamula
2017-12-14,4640.0,92.8,Nadu 2,Marandagahamula
2017-12-15,4650.0,93.0,Nadu 2,Marandagahamula
2017-12-18,4610.0,92.2,Nadu 2,Marandagahamula
2017-12-19,4610.0,92.2,Nadu 2,Marandagahamula
2017-12-20,4630.0,92.6,Nadu 2,Marandagahamula
2017-12-21,4630.0,92.6,Nadu 2,Marandagahamula
2017-12-22,4620.0,92.4,Nadu 2,Marandagahamula
2017-12-26,4640.0,92.8,Nadu 2,Marandagahamula
2017-12-27,4620.0,92.4,Nadu 2,Marandagahamula
2017-12-28,4600.0,92.0,Nadu 2,Marandagahamula
2017-12-29,4630.0,92.6,Nadu 2,Marandagahamula
2018-01-02,4600.0,92.0,Nadu 2,Marandagahamula
2018-01-03,4590.0,91.8,Nadu 2,Marandagahamula
2018-01-04,4590.0,91.8,Nadu 2,Marandagahamula
2018-01-05,4580.0,91.6,Nadu 2,Marandagahamula
2018-01-08,4520.0,90.4,Nadu 2,Marandagahamula
2018-01-09,4520.0,90.4,Nadu 2,Marandagahamula
2018-01-10,4450.0,89.0,Nadu 2,Marandagahamula
2018-01-11,4500.0,90.0,Nadu 2,Marandagahamula
2018-01-12,4480.0,89.6,Nadu 2,Marandagahamula
2018-01-15,4480.0,89.6,Nadu 2,Marandagahamula
2018-01-16,4490.0,89.8,Nadu 2,Marandagahamula
2018-01-17,4480.0,89.6,Nadu 2,Marandagahamula
2018-01-18,4440.0,88.8,Nadu 2,Marandagahamula
2018-01-19,4420.0,88.4,Nadu 2,Marandagahamula
2018-01-22,4150.0,83.0,Nadu 2,Marandagahamula
2018-01-23,4150.0,83.0,Nadu 2,Marandagahamula
2018-01-24,4090.0,81.8,Nadu 2,Marandagahamula
2018-01-25,4030.0,80.6,Nadu 2,Marandagahamula
2018-01-26,4030.0,80.6,Nadu 2,Marandagahamula
2018-01-29,3910.0,78.2,Nadu 2,Marandagahamula
2018-01-30,3910.0,78.2,Nadu 2,Marandagahamula
2018-02-01,4080.0,81.6,Nadu 2,Marandagahamula
2018-02-02,4080.0,81.6,Nadu 2,Marandagahamula
2018-02-05,4050.0,81.0,Nadu 2,Marandagahamula
2018-02-07,4070.0,81.4,Nadu 2,Marandagahamula
2018-02-08,3890.0,77.8,Nadu 2,Marandagahamula
2018-02-09,3860.0,77.2,Nadu 2,Marandagahamula
2018-02-12,3930.0,78.6,Nadu 2,Marandagahamula
2018-02-14,3790.0,75.8,Nadu 2,Marandagahamula
2018-02-15,3790.0,75.8,Nadu 2,Marandagahamula
2018-02-16,3830.0,76.6,Nadu 2,Marandagahamula
2018-02-19,3890.0,77.8,Nadu 2,Marandagahamula
2018-02-20,3890.0,77.8,Nadu 2,Marandagahamula
2018-02-21,3840.0,76.8,Nadu 2,Marandagahamula
2018-02-22,3840.0,76.8,Nadu 2,Marandagahamula
2018-02-23,3890.0,77.8,Nadu 2,Marandagahamula
2018-02-26,3900.0,78.0,Nadu 2,Marandagahamula
2018-02-27,3920.0,78.4,Nadu 2,Marandagahamula
2018-02-28,3930.0,78.6,Nadu 2,Marandagahamula
2018-03-02,3980.0,79.6,Nadu 2,Marandagahamula
2018-03-05,3930.0,78.6,Nadu 2,Marandagahamula
2018-03-06,3930.0,78.6,Nadu 2,Marandagahamula
2018-03-07,3970.0,79.4,Nadu 2,Marandagahamula
2018-03-08,3970.0,79.4,Nadu 2,Marandagahamula
2018-03-09,3890.0,77.8,Nadu 2,Marandagahamula
2018-03-12,3970.0,79.4,Nadu 2,Marandagahamula
2018-03-13,3960.0,79.2,Nadu 2,Marandagahamula
2018-03-14,3880.0,77.6,Nadu 2,Marandagahamula
2018-03-15,3890.0,77.8,Nadu 2,Marandagahamula
2018-03-16,3680.0,73.6,Nadu 2,Marandagahamula
2018-03-19,3860.0,77.2,Nadu 2,Marandagahamula
2018-03-20,3860.0,77.2,Nadu 2,Marandagahamula
2018-03-21,3860.0,77.2,Nadu 2,Marandagahamula
2018-03-22,3860.0,77.2,Nadu 2,Marandagahamula
2018-03-23,3820.0,76.4,Nadu 2,Marandagahamula
2018-03-26,3810.0,76.2,Nadu 2,Marandagahamula
2018-03-27,3850.0,77.0,Nadu 2,Marandagahamula
2018-03-28,3680.0,73.6,Nadu 2,Marandagahamula
2018-04-02,3730.0,74.6,Nadu 2,Marandagahamula
2018-04-03,3720.0,74.4,Nadu 2,Marandagahamula
2018-04-04,3700.0,74.0,Nadu 2,Marandagahamula
2018-04-05,3750.0,75.0,Nadu 2,Marandagahamula
2018-04-06,3740.0,74.8,Nadu 2,Marandagahamula
2018-04-09,3680.0,73.6,Nadu 2,Marandagahamula
2018-04-10,3680.0,73.6,Nadu 2,Marandagahamula
2018-04-11,3660.0,73.2,Nadu 2,Marandagahamula
2018-04-12,3640.0,72.8,Nadu 2,Marandagahamula
2018-04-17,3566.67,71.3334,Nadu 2,Marandagahamula
2018-04-18,3640.0,72.8,Nadu 2,Marandagahamula
2018-04-19,3540.0,70.8,Nadu 2,Marandagahamula
2018-04-20,3600.0,72.0,Nadu 2,Marandagahamula
2018-04-23,3590.0,71.8,Nadu 2,Marandagahamula
2018-04-24,3620.0,72.4,Nadu 2,Marandagahamula
2018-04-25,3570.0,71.4,Nadu 2,Marandagahamula
2018-04-26,3590.0,71.8,Nadu 2,Marandagahamula
2018-04-27,3590.0,71.8,Nadu 2,Marandagahamula
2018-05-01,3960.0,79.2,Nadu 2,Marandagahamula
2018-05-02,3640.0,72.8,Nadu 2,Marandagahamula
2018-05-03,3560.0,71.2,Nadu 2,Marandagahamula
2018-05-04,3500.0,70.0,Nadu 2,Marandagahamula
2018-05-08,3500.0,70.0,Nadu 2,Marandagahamula
2018-05-09,3500.0,70.0,Nadu 2,Marandagahamula
2018-05-10,3490.0,69.8,Nadu 2,Marandagahamula
2018-05-11,3500.0,70.0,Nadu 2,Marandagahamula
2018-05-14,3480.0,69.6,Nadu 2,Marandagahamula
2018-05-15,3480.0,69.6,Nadu 2,Marandagahamula
2018-05-16,3980.0,79.6,Nadu 2,Marandagahamula
2018-05-17,3950.0,79.0,Nadu 2,Marandagahamula
2018-05-21,3440.0,68.8,Nadu 2,Marandagahamula
2018-05-22,3440.0,68.8,Nadu 2,Marandagahamula
2018-05-23,3420.0,68.4,Nadu 2,Marandagahamula
2018-05-24,3420.0,68.4,Nadu 2,Marandagahamula
2018-05-25,3470.0,69.4,Nadu 2,Marandagahamula
2018-05-28,3430.0,68.6,Nadu 2,Marandagahamula
2018-05-30,3410.0,68.2,Nadu 2,Marandagahamula
2018-05-31,3370.0,67.4,Nadu 2,Marandagahamula
2018-06-05,3390.0,67.8,Nadu 2,Marandagahamula
2018-06-06,3440.0,68.8,Nadu 2,Marandagahamula
2018-06-07,3360.0,67.2,Nadu 2,Marandagahamula
2018-06-08,3280.0,65.6,Nadu 2,Marandagahamula
2018-06-11,3320.0,66.4,Nadu 2,Marandagahamula
2018-06-12,3310.0,66.2,Nadu 2,Marandagahamula
2018-06-13,3310.0,66.2,Nadu 2,Marandagahamula
2018-06-14,3270.0,65.4,Nadu 2,Marandagahamula
2018-06-18,3250.0,65.0,Nadu 2,Marandagahamula
2018-06-19,3230.0,64.6,Nadu 2,Marandagahamula
2018-06-20,3230.0,64.6,Nadu 2,Marandagahamula
2018-06-21,3260.0,65.2,Nadu 2,Marandagahamula
2018-06-22,3240.0,64.8,Nadu 2,Marandagahamula
2018-06-25,3260.0,65.2,Nadu 2,Marandagahamula
2018-06-26,3240.0,64.8,Nadu 2,Marandagahamula
2018-06-28,3240.0,64.8,Nadu 2,Marandagahamula
2018-06-29,3220.0,64.4,Nadu 2,Marandagahamula
2018-07-02,3200.0,64.0,Nadu 2,Marandagahamula
2018-07-03,3160.0,63.2,Nadu 2,Marandagahamula
2018-07-04,3120.0,62.4,Nadu 2,Marandagahamula
2018-07-05,3130.0,62.6,Nadu 2,Marandagahamula
2018-07-06,3120.0,62.4,Nadu 2,Marandagahamula
2018-07-09,3220.0,64.4,Nadu 2,Marandagahamula
2018-07-10,3200.0,64.0,Nadu 2,Marandagahamula
2018-07-11,3180.0,63.6,Nadu 2,Marandagahamula
2018-07-12,3230.0,64.6,Nadu 2,Marandagahamula
2018-07-13,3210.0,64.2,Nadu 2,Marandagahamula
2018-07-16,3170.0,63.4,Nadu 2,Marandagahamula
2018-07-17,3180.0,63.6,Nadu 2,Marandagahamula
2018-07-18,3130.0,62.6,Nadu 2,Marandagahamula
2018-07-19,3200.0,64.0,Nadu 2,Marandagahamula
2018-07-20,3200.0,64.0,Nadu 2,Marandagahamula
2018-07-23,3190.0,63.8,Nadu 2,Marandagahamula
2018-07-24,3120.0,62.4,Nadu 2,Marandagahamula
2018-07-25,3140.0,62.8,Nadu 2,Marandagahamula
2018-07-26,3110.0,62.2,Nadu 2,Marandagahamula
2018-07-30,3130.0,62.6,Nadu 2,Marandagahamula
2018-07-31,3150.0,63.0,Nadu 2,Marandagahamula
2018-08-01,3140.0,62.8,Nadu 2,Marandagahamula
2018-08-02,3130.0,62.6,Nadu 2,Marandagahamula
2018-08-03,3170.0,63.4,Nadu 2,Marandagahamula
2018-08-06,3130.0,62.6,Nadu 2,Marandagahamula
2018-08-07,3190.0,63.8,Nadu 2,Marandagahamula
2018-08-08,3210.0,64.2,Nadu 2,Marandagahamula
2018-08-09,3670.0,73.4,Nadu 2,Marandagahamula
2018-08-10,3650.0,73.0,Nadu 2,Marandagahamula
2018-08-13,3710.0,74.2,Nadu 2,Marandagahamula
2018-08-14,3730.0,74.6,Nadu 2,Marandagahamula
2018-08-15,3720.0,74.4,Nadu 2,Marandagahamula
2018-08-16,3740.0,74.8,Nadu 2,Marandagahamula
2018-08-17,3750.0,75.0,Nadu 2,Marandagahamula
2018-08-20,3790.0,75.8,Nadu 2,Marandagahamula
2018-08-21,3760.0,75.2,Nadu 2,Marandagahamula
2018-08-23,3300.0,66.0,Nadu 2,Marandagahamula
2018-08-24,3290.0,65.8,Nadu 2,Marandagahamula
2018-08-27,3320.0,66.4,Nadu 2,Marandagahamula
2018-08-28,3290.0,65.8,Nadu 2,Marandagahamula
2018-08-29,3300.0,66.0,Nadu 2,Marandagahamula
2018-09-03,3290.0,65.8,Nadu 2,Marandagahamula
2018-09-04,3280.0,65.6,Nadu 2,Marandagahamula
2018-09-05,3280.0,65.6,Nadu 2,Marandagahamula
2018-09-06,3290.0,65.8,Nadu 2,Marandagahamula
2018-09-07,3660.0,73.2,Nadu 2,Marandagahamula
2018-09-10,3440.0,68.8,Nadu 2,Marandagahamula
2018-09-11,3280.0,65.6,Nadu 2,Marandagahamula
2018-09-12,3290.0,65.8,Nadu 2,Marandagahamula
2018-09-13,3690.0,73.8,Nadu 2,Marandagahamula
2018-09-14,3680.0,73.6,Nadu 2,Marandagahamula
2018-09-17,3770.0,75.4,Nadu 2,Marandagahamula
2018-09-18,3320.0,66.4,Nadu 2,Marandagahamula
2018-09-19,3290.0,65.8,Nadu 2,Marandagahamula
2018-09-20,3750.0,75.0,Nadu 2,Marandagahamula
2018-09-21,3770.0,75.4,Nadu 2,Marandagahamula
2018-09-25,3740.0,74.8,Nadu 2,Marandagahamula
2018-09-26,3280.0,65.6,Nadu 2,Marandagahamula
2018-09-27,3250.0,65.0,Nadu 2,Marandagahamula
2018-09-28,3750.0,75.0,Nadu 2,Marandagahamula
2018-10-01,3260.0,65.2,Nadu 2,Marandagahamula
2018-10-02,3280.0,65.6,Nadu 2,Marandagahamula
2018-10-03,3760.0,75.2,Nadu 2,Marandagahamula
2018-10-04,3730.0,74.6,Nadu 2,Marandagahamula
2018-10-05,3730.0,74.6,Nadu 2,Marandagahamula
2018-10-08,3750.0,75.0,Nadu 2,Marandagahamula
2018-10-09,3810.0,76.2,Nadu 2,Marandagahamula
2018-10-10,3850.0,77.0,Nadu 2,Marandagahamula
2018-10-11,3820.0,76.4,Nadu 2,Marandagahamula
2018-10-12,3790.0,75.8,Nadu 2,Marandagahamula
2018-10-15,3820.0,76.4,Nadu 2,Marandagahamula
2018-10-16,3840.0,76.8,Nadu 2,Marandagahamula
2018-10-17,3840.0,76.8,Nadu 2,Marandagahamula
2018-10-18,3850.0,77.0,Nadu 2,Marandagahamula
2018-10-19,3850.0,77.0,Nadu 2,Marandagahamula
2018-10-22,3940.0,78.8,Nadu 2,Marandagahamula
2018-10-23,3940.0,78.8,Nadu 2,Marandagahamula
2018-10-25,3940.0,78.8,Nadu 2,Marandagahamula
2018-10-29,3920.0,78.4,Nadu 2,Marandagahamula
2018-10-30,3980.0,79.6,Nadu 2,Marandagahamula
2018-10-31,3960.0,79.2,Nadu 2,Marandagahamula
2018-11-01,3980.0,79.6,Nadu 2,Marandagahamula
2018-11-02,3990.0,79.8,Nadu 2,Marandagahamula
2018-11-05,3980.0,79.6,Nadu 2,Marandagahamula
2018-11-07,4040.0,80.8,Nadu 2,Marandagahamula
2018-11-08,4040.0,80.8,Nadu 2,Marandagahamula
2018-11-09,4050.0,81.0,Nadu 2,Marandagahamula
2018-11-12,4040.0,80.8,Nadu 2,Marandagahamula
2018-11-13,4050.0,81.0,Nadu 2,Marandagahamula
2018-11-14,4020.0,80.4,Nadu 2,Marandagahamula
2018-11-15,4040.0,80.8,Nadu 2,Marandagahamula
2018-11-16,4080.0,81.6,Nadu 2,Marandagahamula
2018-11-19,4030.0,80.6,Nadu 2,Marandagahamula
2018-11-21,4030.0,80.6,Nadu 2,Marandagahamula
2018-11-23,4050.0,81.0,Nadu 2,Marandagahamula
2018-11-26,4050.0,81.0,Nadu 2,Marandagahamula
2018-11-27,4050.0,81.0,Nadu 2,Marandagahamula
2018-11-28,4060.0,81.2,Nadu 2,Marandagahamula
2018-11-29,4100.0,82.0,Nadu 2,Marandagahamula
2018-11-30,4080.0,81.6,Nadu 2,Marandagahamula
2018-12-03,3520.0,70.4,Nadu 2,Marandagahamula
2018-12-04,4060.0,81.2,Nadu 2,Marandagahamula
2018-12-05,4080.0,81.6,Nadu 2,Marandagahamula
2018-12-06,4120.0,82.4,Nadu 2,Marandagahamula
2018-12-07,4100.0,82.0,Nadu 2,Marandagahamula
2018-12-10,4100.0,82.0,Nadu 2,Marandagahamula
2018-12-11,4080.0,81.6,Nadu 2,Marandagahamula
2018-12-12,4100.0,82.0,Nadu 2,Marandagahamula
2018-12-13,4060.0,81.2,Nadu 2,Marandagahamula
2018-12-14,4080.0,81.6,Nadu 2,Marandagahamula
2018-12-17,4110.0,82.2,Nadu 2,Marandagahamula
2018-12-18,4080.0,81.6,Nadu 2,Marandagahamula
2018-12-19,4120.0,82.4,Nadu 2,Marandagahamula
2018-12-20,4120.0,82.4,Nadu 2,Marandagahamula
2018-12-21,4100.0,82.0,Nadu 2,Marandagahamula
2018-12-26,4100.0,82.0,Nadu 2,Marandagahamula
2018-12-27,4130.0,82.6,Nadu 2,Marandagahamula
2018-12-28,4090.0,81.8,Nadu 2,Marandagahamula
2018-12-31,4120.0,82.4,Nadu 2,Marandagahamula
2019-01-01,4080.0,81.6,Nadu 2,Marandagahamula
2019-01-02,4100.0,82.0,Nadu 2,Marandagahamula
2019-01-03,4090.0,81.8,Nadu 2,Marandagahamula
2019-01-04,4110.0,82.2,Nadu 2,Marandagahamula
2019-01-07,4080.0,81.6,Nadu 2,Marandagahamula
2019-01-08,4090.0,81.8,Nadu 2,Marandagahamula
2019-01-09,4080.0,81.6,Nadu 2,Marandagahamula
2019-01-10,4110.0,82.2,Nadu 2,Marandagahamula
2019-01-11,4080.0,81.6,Nadu 2,Marandagahamula
2019-01-14,4080.0,81.6,Nadu 2,Marandagahamula
2019-01-16,4100.0,82.0,Nadu 2,Marandagahamula
2019-01-17,4040.0,80.8,Nadu 2,Marandagahamula
2019-01-18,4040.0,80.8,Nadu 2,Marandagahamula
2019-01-21,4020.0,80.4,Nadu 2,Marandagahamula
2019-01-22,4040.0,80.8,Nadu 2,Marandagahamula
2019-01-23,4040.0,80.8,Nadu 2,Marandagahamula
2019-01-24,4060.0,81.2,Nadu 2,Marandagahamula
2019-01-25,4040.0,80.8,Nadu 2,Marandagahamula
2019-01-28,4040.0,80.8,Nadu 2,Marandagahamula
2019-01-29,3910.0,78.2,Nadu 2,Marandagahamula
2019-01-30,3910.0,78.2,Nadu 2,Marandagahamula
2019-01-31,3910.0,78.2,Nadu 2,Marandagahamula
2019-02-01,3910.0,78.2,Nadu 2,Marandagahamula
2019-02-05,3890.0,77.8,Nadu 2,Marandagahamula
2019-02-06,3790.0,75.8,Nadu 2,Marandagahamula
2019-02-07,3690.0,73.8,Nadu 2,Marandagahamula
2019-02-08,3690.0,73.8,Nadu 2,Marandagahamula
2019-02-11,3710.0,74.2,Nadu 2,Marandagahamula
2019-02-12,3690.0,73.8,Nadu 2,Marandagahamula
2019-02-13,3600.0,72.0,Nadu 2,Marandagahamula
2019-02-14,3600.0,72.0,Nadu 2,Marandagahamula
2019-02-15,3660.0,73.2,Nadu 2,Marandagahamula
2019-02-18,3610.0,72.2,Nadu 2,Marandagahamula
2019-02-21,3670.0,73.4,Nadu 2,Marandagahamula
2019-02-22,3640.0,72.8,Nadu 2,Marandagahamula
2019-02-25,3570.0,71.4,Nadu 2,Marandagahamula
2019-02-26,3570.0,71.4,Nadu 2,Marandagahamula
2019-02-27,3460.0,69.2,Nadu 2,Marandagahamula
2019-02-28,3740.0,74.8,Nadu 2,Marandagahamula
2019-03-01,3630.0,72.6,Nadu 2,Marandagahamula
2019-03-05,3600.0,72.0,Nadu 2,Marandagahamula
2019-03-06,3530.0,70.6,Nadu 2,Marandagahamula
2019-03-07,3560.0,71.2,Nadu 2,Marandagahamula
2019-03-08,3250.0,65.0,Nadu 2,Marandagahamula
2019-03-11,3230.0,64.6,Nadu 2,Marandagahamula
2019-03-12,3170.0,63.4,Nadu 2,Marandagahamula
2019-03-13,3490.0,69.8,Nadu 2,Marandagahamula
2019-03-14,3480.0,69.6,Nadu 2,Marandagahamula
2019-03-15,3490.0,69.8,Nadu 2,Marandagahamula
2019-03-18,3490.0,69.8,Nadu 2,Marandagahamula
2019-03-19,3450.0,69.0,Nadu 2,Marandagahamula
2019-03-21,3460.0,69.2,Nadu 2,Marandagahamula
2019-03-22,3450.0,69.0,Nadu 2,Marandagahamula
2019-03-25,3530.0,70.6,Nadu 2,Marandagahamula
2019-03-26,3520.0,70.4,Nadu 2,Marandagahamula
2019-03-27,3550.0,71.0,Nadu 2,Marandagahamula
2019-03-28,3530.0,70.6,Nadu 2,Marandagahamula
2019-03-29,3520.0,70.4,Nadu 2,Marandagahamula
2019-04-01,3590.0,71.8,Nadu 2,Marandagahamula
2019-04-02,3610.0,72.2,Nadu 2,Marandagahamula
2019-04-03,3600.0,72.0,Nadu 2,Marandagahamula
2019-04-04,3660.0,73.2,Nadu 2,Marandagahamula
2019-04-05,3650.0,73.0,Nadu 2,Marandagahamula
2019-04-08,3800.0,76.0,Nadu 2,Marandagahamula
2019-04-09,3810.0,76.2,Nadu 2,Marandagahamula
2019-04-10,3790.0,75.8,Nadu 2,Marandagahamula
2019-04-11,3800.0,76.0,Nadu 2,Marandagahamula
2019-04-12,3760.0,75.2,Nadu 2,Marandagahamula
2019-04-17,3760.0,75.2,Nadu 2,Marandagahamula
2019-04-23,3840.0,76.8,Nadu 2,Marandagahamula
2019-04-24,3860.0,77.2,Nadu 2,Marandagahamula
2019-04-25,3890.0,77.8,Nadu 2,Marandagahamula
2019-04-26,3840.0,76.8,Nadu 2,Marandagahamula
2019-04-29,4060.0,81.2,Nadu 2,Marandagahamula
2019-04-30,4060.0,81.2,Nadu 2,Marandagahamula
2019-05-02,4060.0,81.2,Nadu 2,Marandagahamula
2019-05-03,4060.0,81.2,Nadu 2,Marandagahamula
2019-05-06,4060.0,81.2,Nadu 2,Marandagahamula
2019-05-07,4070.0,81.4,Nadu 2,Marandagahamula
2019-05-08,4040.0,80.8,Nadu 2,Marandagahamula
2019-05-09,4050.0,81.0,Nadu 2,Marandagahamula
2019-05-10,4050.0,81.0,Nadu 2,Marandagahamula
2019-05-13,4050.0,81.0,Nadu 2,Marandagahamula
2019-05-14,4060.0,81.2,Nadu 2,Marandagahamula
2019-05-15,4050.0,81.0,Nadu 2,Marandagahamula
2019-05-16,4050.0,81.0,Nadu 2,Marandagahamula
2019-05-17,4050.0,81.0,Nadu 2,Marandagahamula
2019-05-21,4050.0,81.0,Nadu 2,Marandagahamula
2019-09-04,3940.0,78.8,Nadu 2,Marandagahamula
2019-09-05,4000.0,80.0,Nadu 2,Marandagahamula
2019-09-06,4000.0,80.0,Nadu 2,Marandagahamula
2019-09-09,4000.0,80.0,Nadu 2,Marandagahamula
2019-09-10,4000.0,80.0,Nadu 2,Marandagahamula
2019-09-12,4010.0,80.2,Nadu 2,Marandagahamula
2019-09-16,4170.0,83.4,Nadu 2,Marandagahamula
2019-09-17,4060.0,81.2,Nadu 2,Marandagahamula
2019-09-18,4080.0,81.6,Nadu 2,Marandagahamula
2019-09-19,4100.0,82.0,Nadu 2,Marandagahamula
2019-09-20,4080.0,81.6,Nadu 2,Marandagahamula
2019-09-23,4250.0,85.0,Nadu 2,Marandagahamula
2019-09-24,4230.0,84.6,Nadu 2,Marandagahamula
2019-09-25,4300.0,86.0,Nadu 2,Marandagahamula
2019-09-26,4320.0,86.4,Nadu 2,Marandagahamula
2019-09-27,4320.0,86.4,Nadu 2,Marandagahamula
2019-09-30,4370.0,87.4,Nadu 2,Marandagahamula
2019-10-01,4360.0,87.2,Nadu 2,Marandagahamula
2019-10-02,4340.0,86.8,Nadu 2,Marandagahamula
2019-10-03,4340.0,86.8,Nadu 2,Marandagahamula
2019-10-04,4350.0,87.0,Nadu 2,Marandagahamula
2019-10-07,4440.0,88.8,Nadu 2,Marandagahamula
2019-10-08,4420.0,88.4,Nadu 2,Marandagahamula
2019-10-09,4420.0,88.4,Nadu 2,Marandagahamula
2019-10-10,4420.0,88.4,Nadu 2,Marandagahamula
2019-10-11,4420.0,88.4,Nadu 2,Marandagahamula
2019-10-14,4420.0,88.4,Nadu 2,Marandagahamula
2019-10-15,4420.0,88.4,Nadu 2,Marandagahamula
2019-10-16,4430.0,88.6,Nadu 2,Marandagahamula
2019-10-17,4420.0,88.4,Nadu 2,Marandagahamula
2019-10-18,4460.0,89.2,Nadu 2,Marandagahamula
2019-10-21,4540.0,90.8,Nadu 2,Marandagahamula
2019-10-22,4540.0,90.8,Nadu 2,Marandagahamula
2019-10-23,4540.0,90.8,Nadu 2,Marandagahamula
2019-10-24,4520.0,90.4,Nadu 2,Marandagahamula
2019-10-25,4500.0,90.0,Nadu 2,Marandagahamula
2019-10-28,4530.0,90.6,Nadu 2,Marandagahamula
2019-10-29,4540.0,90.8,Nadu 2,Marandagahamula
2019-10-30,4540.0,90.8,Nadu 2,Marandagahamula
2019-10-31,4560.0,91.2,Nadu 2,Marandagahamula
2019-11-01,4540.0,90.8,Nadu 2,Marandagahamula
2019-11-04,4540.0,90.8,Nadu 2,Marandagahamula
2019-11-05,4590.0,91.8,Nadu 2,Marandagahamula
2019-11-06,4570.0,91.4,Nadu 2,Marandagahamula
2019-11-07,4610.0,92.2,Nadu 2,Marandagahamula
2019-11-08,4610.0,92.2,Nadu 2,Marandagahamula
2019-11-11,4560.0,91.2,Nadu 2,Marandagahamula
2019-11-13,4540.0,90.8,Nadu 2,Marandagahamula
2019-11-14,4540.0,90.8,Nadu 2,Marandagahamula
2019-11-15,4580.0,91.6,Nadu 2,Marandagahamula
2019-11-18,4640.0,92.8,Nadu 2,Marandagahamula
2019-11-19,4680.0,93.6,Nadu 2,Marandagahamula
2019-11-20,4700.0,94.0,Nadu 2,Marandagahamula
2019-11-21,4680.0,93.6,Nadu 2,Marandagahamula
2019-11-22,4660.0,93.2,Nadu 2,Marandagahamula
2019-11-25,4660.0,93.2,Nadu 2,Marandagahamula
2019-12-04,4900.0,98.0,Nadu 2,Marandagahamula
2019-12-09,4840.0,96.8,Nadu 2,Marandagahamula
2019-12-10,4840.0,96.8,Nadu 2,Marandagahamula
2019-12-12,4840.0,96.8,Nadu 2,Marandagahamula
2019-12-13,4820.0,96.4,Nadu 2,Marandagahamula
2019-12-16,4860.0,97.2,Nadu 2,Marandagahamula
2019-12-17,4840.0,96.8,Nadu 2,Marandagahamula
2019-12-18,4860.0,97.2,Nadu 2,Marandagahamula
2019-12-19,4820.0,96.4,Nadu 2,Marandagahamula
2019-12-20,4810.0,96.2,Nadu 2,Marandagahamula
2019-12-23,4830.0,96.6,Nadu 2,Marandagahamula
2019-12-24,4820.0,96.4,Nadu 2,Marandagahamula
2019-12-26,4780.0,95.6,Nadu 2,Marandagahamula
2019-12-27,4810.0,96.2,Nadu 2,Marandagahamula
2019-12-30,4810.0,96.2,Nadu 2,Marandagahamula
2019-12-31,4850.0,97.0,Nadu 2,Marandagahamula
2020-01-01,4850.0,97.0,Nadu 2,Marandagahamula
2020-01-02,4840.0,96.8,Nadu 2,Marandagahamula
2020-01-03,4840.0,96.8,Nadu 2,Marandagahamula
2020-01-06,4840.0,96.8,Nadu 2,Marandagahamula
2020-01-07,4840.0,96.8,Nadu 2,Marandagahamula
2020-01-08,4840.0,96.8,Nadu 2,Marandagahamula
2020-01-09,4860.0,97.2,Nadu 2,Marandagahamula
2020-01-13,4840.0,96.8,Nadu 2,Marandagahamula
2020-01-14,4740.0,94.8,Nadu 2,Marandagahamula
2020-01-16,4700.0,94.0,Nadu 2,Marandagahamula
2020-01-17,4710.0,94.2,Nadu 2,Marandagahamula
2020-01-20,4630.0,92.6,Nadu 2,Marandagahamula
2020-01-21,4590.0,91.8,Nadu 2,Marandagahamula
2020-01-22,4600.0,92.0,Nadu 2,Marandagahamula
2020-01-23,4620.0,92.4,Nadu 2,Marandagahamula
2020-01-24,4600.0,92.0,Nadu 2,Marandagahamula
2020-01-27,4440.0,88.8,Nadu 2,Marandagahamula
2020-01-28,4460.0,89.2,Nadu 2,Marandagahamula
2020-01-29,4500.0,90.0,Nadu 2,Marandagahamula
2020-01-30,4500.0,90.0,Nadu 2,Marandagahamula
2020-01-31,4440.0,88.8,Nadu 2,Marandagahamula
2020-02-03,4440.0,88.8,Nadu 2,Marandagahamula
2020-02-05,4370.0,87.4,Nadu 2,Marandagahamula
2020-02-06,4380.0,87.6,Nadu 2,Marandagahamula
2020-02-07,4310.0,86.2,Nadu 2,Marandagahamula
2020-02-10,4340.0,86.8,Nadu 2,Marandagahamula
2020-02-11,4360.0,87.2,Nadu 2,Marandagahamula
2020-02-12,4290.0,85.8,Nadu 2,Marandagahamula
2020-02-13,4300.0,86.0,Nadu 2,Marandagahamula
2020-02-14,4340.0,86.8,Nadu 2,Marandagahamula
2020-02-17,4320.0,86.4,Nadu 2,Marandagahamula
2020-02-18,4320.0,86.4,Nadu 2,Marandagahamula
2020-02-19,4290.0,85.8,Nadu 2,Marandagahamula
2020-02-20,4300.0,86.0,Nadu 2,Marandagahamula
2020-02-24,4300.0,86.0,Nadu 2,Marandagahamula
2020-02-25,4300.0,86.0,Nadu 2,Marandagahamula
2020-02-26,4260.0,85.2,Nadu 2,Marandagahamula
2020-02-27,4300.0,86.0,Nadu 2,Marandagahamula
2020-02-28,4300.0,86.0,Nadu 2,Marandagahamula
2020-03-02,4190.0,83.8,Nadu 2,Marandagahamula
2020-03-03,4240.0,84.8,Nadu 2,Marandagahamula
2020-03-04,4220.0,84.4,Nadu 2,Marandagahamula
2020-03-05,4220.0,84.4,Nadu 2,Marandagahamula
2020-03-06,4150.0,83.0,Nadu 2,Marandagahamula
2020-03-10,4160.0,83.2,Nadu 2,Marandagahamula
2020-03-11,4140.0,82.8,Nadu 2,Marandagahamula
2020-03-12,4160.0,83.2,Nadu 2,Marandagahamula
2020-03-13,4180.0,83.6,Nadu 2,Marandagahamula
2020-06-15,4660.0,93.2,Nadu 2,Marandagahamula
2020-06-16,4660.0,93.2,Nadu 2,Marandagahamula
2020-06-17,4670.0,93.4,Nadu 2,Marandagahamula
2020-06-18,4650.0,93.0,Nadu 2,Marandagahamula
2020-06-19,4640.0,92.8,Nadu 2,Marandagahamula
2020-06-22,4640.0,92.8,Nadu 2,Marandagahamula
2020-06-23,4640.0,92.8,Nadu 2,Marandagahamula
2020-06-24,4600.0,92.0,Nadu 2,Marandagahamula
2020-06-25,4620.0,92.4,Nadu 2,Marandagahamula
2020-06-26,4580.0,91.6,Nadu 2,Marandagahamula
2020-06-29,4580.0,91.6,Nadu 2,Marandagahamula
2020-06-30,4480.0,89.6,Nadu 2,Marandagahamula
2020-07-01,4480.0,89.6,Nadu 2,Marandagahamula
2020-07-02,4520.0,90.4,Nadu 2,Marandagahamula
2020-07-03,4520.0,90.4,Nadu 2,Marandagahamula
2020-07-06,4480.0,89.6,Nadu 2,Marandagahamula
2020-07-07,4440.0,88.8,Nadu 2,Marandagahamula
2020-07-08,4450.0,89.0,Nadu 2,Marandagahamula
2020-07-09,4410.0,88.2,Nadu 2,Marandagahamula
2020-07-10,4460.0,89.2,Nadu 2,Marandagahamula
2020-07-13,4430.0,88.6,Nadu 2,Marandagahamula
2020-07-14,4480.0,89.6,Nadu 2,Marandagahamula
2020-07-15,4500.0,90.0,Nadu 2,Marandagahamula
2020-07-16,4420.0,88.4,Nadu 2,Marandagahamula
2020-07-17,4420.0,88.4,Nadu 2,Marandagahamula
2020-07-20,4420.0,88.4,Nadu 2,Marandagahamula
2020-07-21,4420.0,88.4,Nadu 2,Marandagahamula
2020-07-22,4360.0,87.2,Nadu 2,Marandagahamula
2020-07-23,4400.0,88.0,Nadu 2,Marandagahamula
2020-07-24,4440.0,88.8,Nadu 2,Marandagahamula
2020-07-27,4370.0,87.4,Nadu 2,Marandagahamula
2020-07-28,4460.0,89.2,Nadu 2,Marandagahamula
2020-07-29,4480.0,89.6,Nadu 2,Marandagahamula
2020-07-30,4450.0,89.0,Nadu 2,Marandagahamula
2020-07-31,4400.0,88.0,Nadu 2,Marandagahamula
2020-08-04,4420.0,88.4,Nadu 2,Marandagahamula
2020-08-06,4360.0,87.2,Nadu 2,Marandagahamula
2020-08-07,4360.0,87.2,Nadu 2,Marandagahamula
2020-08-10,4370.0,87.4,Nadu 2,Marandagahamula
2020-08-11,4390.0,87.8,Nadu 2,Marandagahamula
2020-08-12,4350.0,87.0,Nadu 2,Marandagahamula
2020-08-13,4350.0,87.0,Nadu 2,Marandagahamula
2020-08-14,4390.0,87.8,Nadu 2,Marandagahamula
2020-08-17,4390.0,87.8,Nadu 2,Marandagahamula
2020-08-18,4430.0,88.6,Nadu 2,Marandagahamula
2020-08-19,4380.0,87.6,Nadu 2,Marandagahamula
2020-08-20,4380.0,87.6,Nadu 2,Marandagahamula
2020-08-21,4360.0,87.2,Nadu 2,Marandagahamula
2020-08-24,4430.0,88.6,Nadu 2,Marandagahamula
2020-08-25,4380.0,87.6,Nadu 2,Marandagahamula
2020-08-26,4380.0,87.6,Nadu 2,Marandagahamula
2020-08-27,4420.0,88.4,Nadu 2,Marandagahamula
2020-08-28,4390.0,87.8,Nadu 2,Marandagahamula
2020-08-31,4410.0,88.2,Nadu 2,Marandagahamula
2020-09-02,4410.0,88.2,Nadu 2,Marandagahamula
2021-01-12,4900.0,98.0,Nadu 2,Marandagahamula
2021-01-13,4900.0,98.0,Nadu 2,Marandagahamula
2021-01-15,5000.0,100.0,Nadu 2,Marandagahamula
2021-01-18,4980.0,99.6,Nadu 2,Marandagahamula
2021-01-19,4980.0,99.6,Nadu 2,Marandagahamula
2021-01-20,4980.0,99.6,Nadu 2,Marandagahamula
2021-01-21,4980.0,99.6,Nadu 2,Marandagahamula
2021-01-22,4975.0,99.5,Nadu 2,Marandagahamula
2021-01-25,4900.0,98.0,Nadu 2,Marandagahamula
2021-01-26,4920.0,98.4,Nadu 2,Marandagahamula
2021-01-27,4860.0,97.2,Nadu 2,Marandagahamula
2021-01-29,4850.0,97.0,Nadu 2,Marandagahamula
2021-02-01,4560.0,91.2,Nadu 2,Marandagahamula
2021-02-02,4862.5,97.25,Nadu 2,Marandagahamula
2021-02-03,4900.0,98.0,Nadu 2,Marandagahamula
2021-02-08,4733.33,94.6666,Nadu 2,Marandagahamula
2021-02-09,4766.67,95.3334,Nadu 2,Marandagahamula
2021-02-10,4833.33,96.6666,Nadu 2,Marandagahamula
2021-02-11,4833.33,96.6666,Nadu 2,Marandagahamula
2021-02-12,4833.33,96.6666,Nadu 2,Marandagahamula
2021-02-15,4750.0,95.0,Nadu 2,Marandagahamula
2021-02-16,4750.0,95.0,Nadu 2,Marandagahamula
2021-02-17,4762.5,95.25,Nadu 2,Marandagahamula
2021-02-18,4762.5,95.25,Nadu 2,Marandagahamula
2021-02-19,4762.5,95.25,Nadu 2,Marandagahamula
2021-02-22,4750.0,95.0,Nadu 2,Marandagahamula
2021-02-23,4762.5,95.25,Nadu 2,Marandagahamula
2021-02-24,4750.0,95.0,Nadu 2,Marandagahamula
2021-02-25,4750.0,95.0,Nadu 2,Marandagahamula
2021-03-01,4770.0,95.4,Nadu 2,Marandagahamula
2021-03-02,4770.0,95.4,Nadu 2,Marandagahamula
2021-03-03,4770.0,95.4,Nadu 2,Marandagahamula
2021-03-04,4770.0,95.4,Nadu 2,Marandagahamula
2021-03-05,4770.0,95.4,Nadu 2,Marandagahamula
2021-03-08,4750.0,95.0,Nadu 2,Marandagahamula
2021-03-09,4750.0,95.0,Nadu 2,Marandagahamula
2021-03-10,4750.0,95.0,Nadu 2,Marandagahamula
2021-03-12,4787.5,95.75,Nadu 2,Marandagahamula
2021-03-15,4710.0,94.2,Nadu 2,Marandagahamula
2021-03-16,4740.0,94.8,Nadu 2,Marandagahamula
2021-03-17,4770.0,95.4,Nadu 2,Marandagahamula
2021-03-18,4770.0,95.4,Nadu 2,Marandagahamula
2021-03-19,4770.0,95.4,Nadu 2,Marandagahamula
2021-03-22,4780.0,95.6,Nadu 2,Marandagahamula
2021-03-23,4780.0,95.6,Nadu 2,Marandagahamula
2021-03-24,4780.0,95.6,Nadu 2,Marandagahamula
2021-03-25,4780.0,95.6,Nadu 2,Marandagahamula
2021-03-26,4790.0,95.8,Nadu 2,Marandagahamula
2021-03-29,4762.5,95.25,Nadu 2,Marandagahamula
2021-03-30,4770.0,95.4,Nadu 2,Marandagahamula
2021-03-31,4770.0,95.4,Nadu 2,Marandagahamula
2021-04-05,4770.0,95.4,Nadu 2,Marandagahamula
2021-04-06,4770.0,95.4,Nadu 2,Marandagahamula
2021-04-07,4770.0,95.4,Nadu 2,Marandagahamula
2021-04-08,4770.0,95.4,Nadu 2,Marandagahamula
2021-04-09,4790.0,95.8,Nadu 2,Marandagahamula
2021-04-19,4780.0,95.6,Nadu 2,Marandagahamula
2021-04-20,4780.0,95.6,Nadu 2,Marandagahamula
2021-04-21,4780.0,95.6,Nadu 2,Marandagahamula
2021-04-22,4780.0,95.6,Nadu 2,Marandagahamula
2021-04-23,4762.5,95.25,Nadu 2,Marandagahamula
2021-04-27,4812.5,96.25,Nadu 2,Marandagahamula
2021-04-28,4787.5,95.75,Nadu 2,Marandagahamula
2021-04-29,4800.0,96.0,Nadu 2,Marandagahamula
2021-04-30,4800.0,96.0,Nadu 2,Marandagahamula
2021-05-03,4820.0,96.4,Nadu 2,Marandagahamula
2021-05-04,4820.0,96.4,Nadu 2,Marandagahamula
2021-05-05,4800.0,96.0,Nadu 2,Marandagahamula
2021-05-06,4800.0,96.0,Nadu 2,Marandagahamula
2021-05-07,4800.0,96.0,Nadu 2,Marandagahamula
2021-05-10,5540.0,110.8,Nadu 2,Marandagahamula
2021-05-11,5540.0,110.8,Nadu 2,Marandagahamula
2021-05-12,4800.0,96.0,Nadu 2,Marandagahamula
2021-05-13,5580.0,111.6,Nadu 2,Marandagahamula
2021-05-17,5650.0,113.0,Nadu 2,Marandagahamula
2021-05-18,5650.0,113.0,Nadu 2,Marandagahamula
2021-05-19,5670.0,113.4,Nadu 2,Marandagahamula
2021-05-20,5670.0,113.4,Nadu 2,Marandagahamula
2021-05-21,4870.0,97.4,Nadu 2,Marandagahamula
2021-06-18,4925.0,98.5,Nadu 2,Marandagahamula
2021-06-21,5380.0,107.6,Nadu 2,Marandagahamula
2021-06-22,4900.0,98.0,Nadu 2,Marandagahamula
2021-06-23,4900.0,98.0,Nadu 2,Marandagahamula
2021-06-25,4900.0,98.0,Nadu 2,Marandagahamula
2021-06-28,4860.0,97.2,Nadu 2,Marandagahamula
2021-06-29,4850.0,97.0,Nadu 2,Marandagahamula
2021-06-30,4860.0,97.2,Nadu 2,Marandagahamula
2021-07-01,4860.0,97.2,Nadu 2,Marandagahamula
2021-07-02,4860.0,97.2,Nadu 2,Marandagahamula
2021-07-05,4800.0,96.0,Nadu 2,Marandagahamula
2021-07-06,4810.0,96.2,Nadu 2,Marandagahamula
2021-07-07,4800.0,96.0,Nadu 2,Marandagahamula
2021-07-08,4800.0,96.0,Nadu 2,Marandagahamula
2021-07-09,4800.0,96.0,Nadu 2,Marandagahamula
2021-07-12,5280.0,105.6,Nadu 2,Marandagahamula
2021-07-13,5290.0,105.8,Nadu 2,Marandagahamula
2021-07-14,5290.0,105.8,Nadu 2,Marandagahamula
2021-07-15,5290.0,105.8,Nadu 2,Marandagahamula
2021-07-16,4780.0,95.6,Nadu 2,Marandagahamula
2021-07-19,5210.0,104.2,Nadu 2,Marandagahamula
2021-07-20,5210.0,104.2,Nadu 2,Marandagahamula
2021-07-22,5220.0,104.4,Nadu 2,Marandagahamula
2021-07-26,4950.0,99.0,Nadu 2,Marandagahamula
2021-07-27,4950.0,99.0,Nadu 2,Marandagahamula
2021-07-28,4880.0,97.6,Nadu 2,Marandagahamula
2021-07-29,4880.0,97.6,Nadu 2,Marandagahamula
2021-07-30,4960.0,99.2,Nadu 2,Marandagahamula
2021-08-02,4680.0,93.6,Nadu 2,Marandagahamula
2021-08-03,4680.0,93.6,Nadu 2,Marandagahamula
2021-08-04,4640.0,92.8,Nadu 2,Marandagahamula
2021-08-05,4640.0,92.8,Nadu 2,Marandagahamula
2021-08-06,4610.0,92.2,Nadu 2,Marandagahamula
2021-08-09,4980.0,99.6,Nadu 2,Marandagahamula
2021-08-11,4600.0,92.0,Nadu 2,Marandagahamula
2021-08-12,5080.0,101.6,Nadu 2,Marandagahamula
2021-08-13,5080.0,101.6,Nadu 2,Marandagahamula
2021-08-16,5410.0,108.2,Nadu 2,Marandagahamula
2021-08-17,4600.0,92.0,Nadu 2,Marandagahamula
2021-09-09,4762.5,95.25,Nadu 2,Marandagahamula
2021-09-10,4770.0,95.4,Nadu 2,Marandagahamula
2021-09-13,4790.0,95.8,Nadu 2,Marandagahamula
2021-09-14,4790.0,95.8,Nadu 2,Marandagahamula
2021-09-15,4820.0,96.4,Nadu 2,Marandagahamula
2021-09-16,4775.0,95.5,Nadu 2,Marandagahamula
2021-09-17,4775.0,95.5,Nadu 2,Marandagahamula
2021-09-21,4850.0,97.0,Nadu 2,Marandagahamula
2021-09-22,4887.5,97.75,Nadu 2,Marandagahamula
2021-09-23,5260.0,105.2,Nadu 2,Marandagahamula
2021-09-24,5260.0,105.2,Nadu 2,Marandagahamula
2021-09-27,5310.0,106.2,Nadu 2,Marandagahamula
2021-09-28,5310.0,106.2,Nadu 2,Marandagahamula
2021-09-29,5460.0,109.2,Nadu 2,Marandagahamula
2021-09-30,5480.0,109.6,Nadu 2,Marandagahamula
2021-10-01,5520.0,110.4,Nadu 2,Marandagahamula
2021-10-04,4910.0,98.2,Nadu 2,Marandagahamula
2021-10-05,5540.0,110.8,Nadu 2,Marandagahamula
2021-10-06,5520.0,110.4,Nadu 2,Marandagahamula
2021-10-07,5480.0,109.6,Nadu 2,Marandagahamula
2021-10-08,4940.0,98.8,Nadu 2,Marandagahamula
2021-10-11,5520.0,110.4,Nadu 2,Marandagahamula
2021-10-12,5520.0,110.4,Nadu 2,Marandagahamula
2021-10-13,4980.0,99.6,Nadu 2,Marandagahamula
2021-10-14,4980.0,99.6,Nadu 2,Marandagahamula
2021-10-15,5020.0,100.4,Nadu 2,Marandagahamula
2021-10-18,5020.0,100.4,Nadu 2,Marandagahamula
2021-10-21,5020.0,100.4,Nadu 2,Marandagahamula
2021-10-22,5020.0,100.4,Nadu 2,Marandagahamula
2021-10-25,5100.0,102.0,Nadu 2,Marandagahamula
2021-10-26,5100.0,102.0,Nadu 2,Marandagahamula
2021-10-27,6020.0,120.4,Nadu 2,Marandagahamula
2021-10-28,6020.0,120.4,Nadu 2,Marandagahamula
2021-10-29,6230.0,124.6,Nadu 2,Marandagahamula
2021-11-01,6470.0,129.4,Nadu 2,Marandagahamula
2021-11-02,6470.0,129.4,Nadu 2,Marandagahamula
2021-11-03,6540.0,130.8,Nadu 2,Marandagahamula
2015-06-22,2960.0,59.2,Raw White,Marandagahamula
2015-06-23,2960.0,59.2,Raw White,Marandagahamula
2015-06-24,2960.0,59.2,Raw White,Marandagahamula
2015-06-25,2970.0,59.4,Raw White,Marandagahamula
2015-06-26,2950.0,59.0,Raw White,Marandagahamula
2015-06-29,2920.0,58.4,Raw White,Marandagahamula
2015-06-30,2920.0,58.4,Raw White,Marandagahamula
2015-07-01,2940.0,58.8,Raw White,Marandagahamula
2015-07-02,2940.0,58.8,Raw White,Marandagahamula
2015-07-03,2940.0,58.8,Raw White,Marandagahamula
2015-07-06,2920.0,58.4,Raw White,Marandagahamula
2015-07-09,2960.0,59.2,Raw White,Marandagahamula
2015-07-10,2960.0,59.2,Raw White,Marandagahamula
2015-07-13,2880.0,57.6,Raw White,Marandagahamula
2015-07-14,2920.0,58.4,Raw White,Marandagahamula
2015-07-15,2910.0,58.2,Raw White,Marandagahamula
2015-07-16,2870.0,57.4,Raw White,Marandagahamula
2015-07-17,2870.0,57.4,Raw White,Marandagahamula
2015-07-20,2850.0,57.0,Raw White,Marandagahamula
2015-07-21,2850.0,57.0,Raw White,Marandagahamula
2015-07-22,2830.0,56.6,Raw White,Marandagahamula
2015-07-24,2780.0,55.6,Raw White,Marandagahamula
2015-07-27,2750.0,55.0,Raw White,Marandagahamula
2015-07-28,2750.0,55.0,Raw White,Marandagahamula
2015-07-29,2750.0,55.0,Raw White,Marandagahamula
2015-07-30,2750.0,55.0,Raw White,Marandagahamula
2015-08-03,2730.0,54.6,Raw White,Marandagahamula
2015-08-04,2740.0,54.8,Raw White,Marandagahamula
2015-08-05,2740.0,54.8,Raw White,Marandagahamula
2015-08-06,2770.0,55.4,Raw White,Marandagahamula
2015-08-07,2730.0,54.6,Raw White,Marandagahamula
2015-08-10,2790.0,55.8,Raw White,Marandagahamula
2015-08-11,2790.0,55.8,Raw White,Marandagahamula
2015-08-12,2790.0,55.8,Raw White,Marandagahamula
2015-08-13,2800.0,56.0,Raw White,Marandagahamula
2015-08-14,2830.0,56.6,Raw White,Marandagahamula
2015-08-20,2850.0,57.0,Raw White,Marandagahamula
2015-08-21,2840.0,56.8,Raw White,Marandagahamula
2015-08-24,2940.0,58.8,Raw White,Marandagahamula
2015-08-25,2920.0,58.4,Raw White,Marandagahamula
2015-08-26,2940.0,58.8,Raw White,Marandagahamula
2015-08-27,2940.0,58.8,Raw White,Marandagahamula
2015-08-28,2910.0,58.2,Raw White,Marandagahamula
2015-08-31,2860.0,57.2,Raw White,Marandagahamula
2015-09-01,2860.0,57.2,Raw White,Marandagahamula
2015-09-02,2870.0,57.4,Raw White,Marandagahamula
2015-09-03,2870.0,57.4,Raw White,Marandagahamula
2015-09-04,2860.0,57.2,Raw White,Marandagahamula
2015-09-07,2870.0,57.4,Raw White,Marandagahamula
2015-09-09,2880.0,57.6,Raw White,Marandagahamula
2015-09-10,2890.0,57.8,Raw White,Marandagahamula
2015-09-11,2880.0,57.6,Raw White,Marandagahamula
2015-09-14,2860.0,57.2,Raw White,Marandagahamula
2015-09-16,2880.0,57.6,Raw White,Marandagahamula
2015-09-17,2870.0,57.4,Raw White,Marandagahamula
2015-09-18,2880.0,57.6,Raw White,Marandagahamula
2015-09-21,2890.0,57.8,Raw White,Marandagahamula
2015-09-22,2900.0,58.0,Raw White,Marandagahamula
2015-09-23,2880.0,57.6,Raw White,Marandagahamula
2015-09-25,2880.0,57.6,Raw White,Marandagahamula
2015-09-28,2860.0,57.2,Raw White,Marandagahamula
2015-09-29,2880.0,57.6,Raw White,Marandagahamula
2015-10-01,2870.0,57.4,Raw White,Marandagahamula
2015-10-02,2880.0,57.6,Raw White,Marandagahamula
2015-10-05,2890.0,57.8,Raw White,Marandagahamula
2015-10-06,2900.0,58.0,Raw White,Marandagahamula
2015-10-07,2890.0,57.8,Raw White,Marandagahamula
2015-10-08,2880.0,57.6,Raw White,Marandagahamula
2015-10-09,2890.0,57.8,Raw White,Marandagahamula
2015-10-12,2900.0,58.0,Raw White,Marandagahamula
2015-10-13,2890.0,57.8,Raw White,Marandagahamula
2015-10-14,2960.0,59.2,Raw White,Marandagahamula
2015-10-15,2950.0,59.0,Raw White,Marandagahamula
2015-10-16,3030.0,60.6,Raw White,Marandagahamula
2015-10-19,3130.0,62.6,Raw White,Marandagahamula
2015-10-20,3130.0,62.6,Raw White,Marandagahamula
2015-10-21,3140.0,62.8,Raw White,Marandagahamula
2015-10-22,3130.0,62.6,Raw White,Marandagahamula
2015-10-23,3150.0,63.0,Raw White,Marandagahamula
2015-10-26,3190.0,63.8,Raw White,Marandagahamula
2015-10-28,3220.0,64.4,Raw White,Marandagahamula
2015-10-29,3220.0,64.4,Raw White,Marandagahamula
2015-10-30,3230.0,64.6,Raw White,Marandagahamula
2015-11-02,3220.0,64.4,Raw White,Marandagahamula
2015-11-03,3220.0,64.4,Raw White,Marandagahamula
2015-11-04,3230.0,64.6,Raw White,Marandagahamula
2015-11-05,3230.0,64.6,Raw White,Marandagahamula
2015-11-16,3200.0,64.0,Raw White,Marandagahamula
2015-11-17,3170.0,63.4,Raw White,Marandagahamula
2015-11-18,3170.0,63.4,Raw White,Marandagahamula
2015-11-19,3170.0,63.4,Raw White,Marandagahamula
2015-11-20,3260.0,65.2,Raw White,Marandagahamula
2015-11-23,3250.0,65.0,Raw White,Marandagahamula
2015-11-24,3260.0,65.2,Raw White,Marandagahamula
2015-11-26,3250.0,65.0,Raw White,Marandagahamula
2015-11-27,3260.0,65.2,Raw White,Marandagahamula
2015-11-30,3240.0,64.8,Raw White,Marandagahamula
2015-12-01,3250.0,65.0,Raw White,Marandagahamula
2015-12-02,3240.0,64.8,Raw White,Marandagahamula
2015-12-03,3250.0,65.0,Raw White,Marandagahamula
2015-12-04,3260.0,65.2,Raw White,Marandagahamula
2015-12-07,3260.0,65.2,Raw White,Marandagahamula
2015-12-08,3260.0,65.2,Raw White,Marandagahamula
2015-12-09,3260.0,65.2,Raw White,Marandagahamula
2015-12-10,3260.0,65.2,Raw White,Marandagahamula
2015-12-11,3240.0,64.8,Raw White,Marandagahamula
2015-12-14,3240.0,64.8,Raw White,Marandagahamula
2015-12-15,3280.0,65.6,Raw White,Marandagahamula
2015-12-16,3280.0,65.6,Raw White,Marandagahamula
2015-12-17,3270.0,65.4,Raw White,Marandagahamula
2015-12-18,3280.0,65.6,Raw White,Marandagahamula
2015-12-20,3270.0,65.4,Raw White,Marandagahamula
2015-12-21,3270.0,65.4,Raw White,Marandagahamula
2015-12-22,3260.0,65.2,Raw White,Marandagahamula
2015-12-23,3260.0,65.2,Raw White,Marandagahamula
2015-12-28,3280.0,65.6,Raw White,Marandagahamula
2015-12-29,3290.0,65.8,Raw White,Marandagahamula
2015-12-30,3280.0,65.6,Raw White,Marandagahamula
2015-12-31,3240.0,64.8,Raw White,Marandagahamula
2016-01-04,3230.0,64.6,Raw White,Marandagahamula
2016-01-05,3230.0,64.6,Raw White,Marandagahamula
2016-01-06,3250.0,65.0,Raw White,Marandagahamula
2016-01-07,3230.0,64.6,Raw White,Marandagahamula
2016-01-08,3210.0,64.2,Raw White,Marandagahamula
2016-01-11,3200.0,64.0,Raw White,Marandagahamula
2016-01-12,3180.0,63.6,Raw White,Marandagahamula
2016-01-13,3180.0,63.6,Raw White,Marandagahamula
2016-04-07,3130.0,62.6,Raw White,Marandagahamula
2016-04-08,3130.0,62.6,Raw White,Marandagahamula
2016-04-11,3040.0,60.8,Raw White,Marandagahamula
2016-04-18,3040.0,60.8,Raw White,Marandagahamula
2016-04-19,3050.0,61.0,Raw White,Marandagahamula
2016-04-20,3090.0,61.8,Raw White,Marandagahamula
2016-04-22,3100.0,62.0,Raw White,Marandagahamula
2016-04-25,3090.0,61.8,Raw White,Marandagahamula
2016-04-26,3090.0,61.8,Raw White,Marandagahamula
2016-04-27,3150.0,63.0,Raw White,Marandagahamula
2016-04-28,3150.0,63.0,Raw White,Marandagahamula
2016-04-29,3080.0,61.6,Raw White,Marandagahamula
2016-05-02,3040.0,60.8,Raw White,Marandagahamula
2016-05-03,3080.0,61.6,Raw White,Marandagahamula
2016-05-04,3120.0,62.4,Raw White,Marandagahamula
2016-05-05,3120.0,62.4,Raw White,Marandagahamula
2016-05-06,3120.0,62.4,Raw White,Marandagahamula
2016-05-09,3120.0,62.4,Raw White,Marandagahamula
2016-05-10,3130.0,62.6,Raw White,Marandagahamula
2016-05-11,3140.0,62.8,Raw White,Marandagahamula
2016-05-12,3150.0,63.0,Raw White,Marandagahamula
2016-05-13,3150.0,63.0,Raw White,Marandagahamula
2016-05-16,3170.0,63.4,Raw White,Marandagahamula
2016-05-17,3180.0,63.6,Raw White,Marandagahamula
2016-05-18,3180.0,63.6,Raw White,Marandagahamula
2016-05-19,3200.0,64.0,Raw White,Marandagahamula
2016-05-20,3220.0,64.4,Raw White,Marandagahamula
2016-05-23,3180.0,63.6,Raw White,Marandagahamula
2016-05-24,3140.0,62.8,Raw White,Marandagahamula
2016-05-25,3140.0,62.8,Raw White,Marandagahamula
2016-05-26,3180.0,63.6,Raw White,Marandagahamula
2016-05-27,3200.0,64.0,Raw White,Marandagahamula
2016-05-30,3200.0,64.0,Raw White,Marandagahamula
2016-05-31,3170.0,63.4,Raw White,Marandagahamula
2016-06-01,3160.0,63.2,Raw White,Marandagahamula
2016-06-02,3160.0,63.2,Raw White,Marandagahamula
2016-06-03,3160.0,63.2,Raw White,Marandagahamula
2016-06-06,3150.0,63.0,Raw White,Marandagahamula
2016-06-07,3150.0,63.0,Raw White,Marandagahamula
2016-06-08,3190.0,63.8,Raw White,Marandagahamula
2016-06-09,3150.0,63.0,Raw White,Marandagahamula
2016-06-10,3144.0,62.88,Raw White,Marandagahamula
2016-06-13,3150.0,63.0,Raw White,Marandagahamula
2016-06-14,3150.0,63.0,Raw White,Marandagahamula
2016-06-15,3150.0,63.0,Raw White,Marandagahamula
2016-06-16,3150.0,63.0,Raw White,Marandagahamula
2016-06-17,3170.0,63.4,Raw White,Marandagahamula
2016-06-20,3130.0,62.6,Raw White,Marandagahamula
2016-06-21,3150.0,63.0,Raw White,Marandagahamula
2016-06-22,3150.0,63.0,Raw White,Marandagahamula
2016-06-23,3150.0,63.0,Raw White,Marandagahamula
2016-06-24,3150.0,63.0,Raw White,Marandagahamula
2016-06-27,3150.0,63.0,Raw White,Marandagahamula
2016-06-28,3150.0,63.0,Raw White,Marandagahamula
2016-06-29,3140.0,62.8,Raw White,Marandagahamula
2016-06-30,3160.0,63.2,Raw White,Marandagahamula
2016-07-01,3150.0,63.0,Raw White,Marandagahamula
2016-07-04,3150.0,63.0,Raw White,Marandagahamula
2016-07-05,3090.0,61.8,Raw White,Marandagahamula
2016-07-06,2950.0,59.0,Raw White,Marandagahamula
2016-07-07,2950.0,59.0,Raw White,Marandagahamula
2016-07-08,2990.0,59.8,Raw White,Marandagahamula
2016-07-11,2937.5,58.75,Raw White,Marandagahamula
2016-07-12,2950.0,59.0,Raw White,Marandagahamula
2016-07-13,2950.0,59.0,Raw White,Marandagahamula
2016-07-14,2950.0,59.0,Raw White,Marandagahamula
2016-07-15,2970.0,59.4,Raw White,Marandagahamula
2016-07-18,2980.0,59.6,Raw White,Marandagahamula
2016-07-20,2960.0,59.2,Raw White,Marandagahamula
2016-07-21,2960.0,59.2,Raw White,Marandagahamula
2016-07-22,2930.0,58.6,Raw White,Marandagahamula
2016-07-25,2950.0,59.0,Raw White,Marandagahamula
2016-07-26,2940.0,58.8,Raw White,Marandagahamula
2016-07-27,2930.0,58.6,Raw White,Marandagahamula
2016-07-28,2940.0,58.8,Raw White,Marandagahamula
2016-07-29,2960.0,59.2,Raw White,Marandagahamula
2016-08-01,2960.0,59.2,Raw White,Marandagahamula
2016-08-02,2960.0,59.2,Raw White,Marandagahamula
2016-08-03,2950.0,59.0,Raw White,Marandagahamula
2016-08-04,2940.0,58.8,Raw White,Marandagahamula
2016-08-05,2950.0,59.0,Raw White,Marandagahamula
2016-08-08,2950.0,59.0,Raw White,Marandagahamula
2016-08-09,2940.0,58.8,Raw White,Marandagahamula
2016-08-10,2940.0,58.8,Raw White,Marandagahamula
2016-08-11,2950.0,59.0,Raw White,Marandagahamula
2016-08-12,2950.0,59.0,Raw White,Marandagahamula
2016-08-15,2950.0,59.0,Raw White,Marandagahamula
2016-08-16,2960.0,59.2,Raw White,Marandagahamula
2016-08-18,3000.0,60.0,Raw White,Marandagahamula
2016-08-19,3000.0,60.0,Raw White,Marandagahamula
2016-08-22,3000.0,60.0,Raw White,Marandagahamula
2016-08-23,3000.0,60.0,Raw White,Marandagahamula
2016-08-24,2950.0,59.0,Raw White,Marandagahamula
2016-08-29,2969.0,59.38,Raw White,Marandagahamula
2016-08-30,2970.0,59.4,Raw White,Marandagahamula
2016-08-31,2960.0,59.2,Raw White,Marandagahamula
2016-09-01,2970.0,59.4,Raw White,Marandagahamula
2016-09-02,2970.0,59.4,Raw White,Marandagahamula
2016-09-05,2980.0,59.6,Raw White,Marandagahamula
2016-09-06,2990.0,59.8,Raw White,Marandagahamula
2016-09-07,2990.0,59.8,Raw White,Marandagahamula
2016-09-08,3030.0,60.6,Raw White,Marandagahamula
2016-09-09,3020.0,60.4,Raw White,Marandagahamula
2016-09-13,3020.0,60.4,Raw White,Marandagahamula
2016-09-14,3030.0,60.6,Raw White,Marandagahamula
2016-09-15,3010.0,60.2,Raw White,Marandagahamula
2016-09-19,3004.0,60.08,Raw White,Marandagahamula
2016-09-20,3000.0,60.0,Raw White,Marandagahamula
2016-09-21,3040.0,60.8,Raw White,Marandagahamula
2016-09-22,3020.0,60.4,Raw White,Marandagahamula
2016-09-23,3040.0,60.8,Raw White,Marandagahamula
2016-09-26,3210.0,64.2,Raw White,Marandagahamula
2016-09-27,3160.0,63.2,Raw White,Marandagahamula
2016-09-28,3220.0,64.4,Raw White,Marandagahamula
2016-09-29,3220.0,64.4,Raw White,Marandagahamula
2016-09-30,3220.0,64.4,Raw White,Marandagahamula
2016-10-03,3290.0,65.8,Raw White,Marandagahamula
2016-10-04,3280.0,65.6,Raw White,Marandagahamula
2016-10-05,3280.0,65.6,Raw White,Marandagahamula
2016-10-06,3340.0,66.8,Raw White,Marandagahamula
2016-10-07,3340.0,66.8,Raw White,Marandagahamula
2016-10-10,3340.0,66.8,Raw White,Marandagahamula
2016-10-11,3390.0,67.8,Raw White,Marandagahamula
2016-10-12,3370.0,67.4,Raw White,Marandagahamula
2016-10-13,3410.0,68.2,Raw White,Marandagahamula
2016-10-14,3410.0,68.2,Raw White,Marandagahamula
2016-10-17,3360.0,67.2,Raw White,Marandagahamula
2016-10-18,3360.0,67.2,Raw White,Marandagahamula
2016-10-19,3310.0,66.2,Raw White,Marandagahamula
2016-10-20,3310.0,66.2,Raw White,Marandagahamula
2016-10-21,3310.0,66.2,Raw White,Marandagahamula
2016-10-24,3340.0,66.8,Raw White,Marandagahamula
2016-10-25,3340.0,66.8,Raw White,Marandagahamula
2016-10-26,3340.0,66.8,Raw White,Marandagahamula
2016-10-27,3330.0,66.6,Raw White,Marandagahamula
2016-10-28,3330.0,66.6,Raw White,Marandagahamula
2016-10-31,3330.0,66.6,Raw White,Marandagahamula
2016-11-01,3330.0,66.6,Raw White,Marandagahamula
2016-11-02,3330.0,66.6,Raw White,Marandagahamula
2016-11-03,3390.0,67.8,Raw White,Marandagahamula
2016-11-04,3440.0,68.8,Raw White,Marandagahamula
2016-11-07,3420.0,68.4,Raw White,Marandagahamula
2016-11-08,3450.0,69.0,Raw White,Marandagahamula
2016-11-09,3460.0,69.2,Raw White,Marandagahamula
2016-11-10,3470.0,69.4,Raw White,Marandagahamula
2016-11-11,3470.0,69.4,Raw White,Marandagahamula
2016-11-15,3460.0,69.2,Raw White,Marandagahamula
2016-11-16,3560.0,71.2,Raw White,Marandagahamula
2016-11-17,3620.0,72.4,Raw White,Marandagahamula
2016-11-18,3720.0,74.4,Raw White,Marandagahamula
2016-11-21,3910.0,78.2,Raw White,Marandagahamula
2016-11-22,3900.0,78.0,Raw White,Marandagahamula
2016-11-23,3910.0,78.2,Raw White,Marandagahamula
2016-11-24,3910.0,78.2,Raw White,Marandagahamula
2016-11-25,3900.0,78.0,Raw White,Marandagahamula
2016-11-28,3950.0,79.0,Raw White,Marandagahamula
2016-11-29,3950.0,79.0,Raw White,Marandagahamula
2016-11-30,3950.0,79.0,Raw White,Marandagahamula
2016-12-01,3960.0,79.2,Raw White,Marandagahamula
2016-12-02,3960.0,79.2,Raw White,Marandagahamula
2016-12-05,3960.0,79.2,Raw White,Marandagahamula
2016-12-06,3960.0,79.2,Raw White,Marandagahamula
2016-12-07,3960.0,79.2,Raw White,Marandagahamula
2016-12-08,3940.0,78.8,Raw White,Marandagahamula
2016-12-09,4050.0,81.0,Raw White,Marandagahamula
2016-12-14,4250.0,85.0,Raw White,Marandagahamula
2016-12-15,4220.0,84.4,Raw White,Marandagahamula
2016-12-16,4150.0,83.0,Raw White,Marandagahamula
2016-12-19,4160.0,83.2,Raw White,Marandagahamula
2016-12-20,4160.0,83.2,Raw White,Marandagahamula
2016-12-21,4170.0,83.4,Raw White,Marandagahamula
2016-12-22,4180.0,83.6,Raw White,Marandagahamula
2016-12-23,4180.0,83.6,Raw White,Marandagahamula
2016-12-26,4180.0,83.6,Raw White,Marandagahamula
2016-12-27,4220.0,84.4,Raw White,Marandagahamula
2016-12-28,4220.0,84.4,Raw White,Marandagahamula
2016-12-29,4250.0,85.0,Raw White,Marandagahamula
2016-12-30,4250.0,85.0,Raw White,Marandagahamula
2017-01-02,4280.0,85.6,Raw White,Marandagahamula
2017-01-03,4280.0,85.6,Raw White,Marandagahamula
2017-01-04,4350.0,87.0,Raw White,Marandagahamula
2017-01-05,4340.0,86.8,Raw White,Marandagahamula
2017-01-06,4350.0,87.0,Raw White,Marandagahamula
2017-01-09,4360.0,87.2,Raw White,Marandagahamula
2017-01-10,4350.0,87.0,Raw White,Marandagahamula
2017-01-11,4350.0,87.0,Raw White,Marandagahamula
2017-01-13,4350.0,87.0,Raw White,Marandagahamula
2017-01-16,4350.0,87.0,Raw White,Marandagahamula
2017-01-17,4350.0,87.0,Raw White,Marandagahamula
2017-01-18,4350.0,87.0,Raw White,Marandagahamula
2017-01-19,4350.0,87.0,Raw White,Marandagahamula
2017-01-20,4410.0,88.2,Raw White,Marandagahamula
2017-01-23,4420.0,88.4,Raw White,Marandagahamula
2017-01-24,4440.0,88.8,Raw White,Marandagahamula
2017-01-25,4440.0,88.8,Raw White,Marandagahamula
2017-01-26,4450.0,89.0,Raw White,Marandagahamula
2017-01-27,4450.0,89.0,Raw White,Marandagahamula
2017-01-30,4450.0,89.0,Raw White,Marandagahamula
2017-01-31,4450.0,89.0,Raw White,Marandagahamula
2017-05-05,3950.0,79.0,Raw White,Marandagahamula
2017-05-08,3960.0,79.2,Raw White,Marandagahamula
2017-05-09,3970.0,79.4,Raw White,Marandagahamula
2017-05-12,3970.0,79.4,Raw White,Marandagahamula
2017-05-15,4000.0,80.0,Raw White,Marandagahamula
2017-05-16,4120.0,82.4,Raw White,Marandagahamula
2017-05-17,4040.0,80.8,Raw White,Marandagahamula
2017-05-18,4090.0,81.8,Raw White,Marandagahamula
2017-05-19,4020.0,80.4,Raw White,Marandagahamula
2017-05-23,4090.0,81.8,Raw White,Marandagahamula
2017-05-24,4110.0,82.2,Raw White,Marandagahamula
2017-05-25,4140.0,82.8,Raw White,Marandagahamula
2017-05-26,4130.0,82.6,Raw White,Marandagahamula
2017-05-29,4180.0,83.6,Raw White,Marandagahamula
2017-05-30,4180.0,83.6,Raw White,Marandagahamula
2017-05-31,4160.0,83.2,Raw White,Marandagahamula
2017-06-02,4160.0,83.2,Raw White,Marandagahamula
2017-06-05,4170.0,83.4,Raw White,Marandagahamula
2017-06-06,4180.0,83.6,Raw White,Marandagahamula
2017-06-07,4160.0,83.2,Raw White,Marandagahamula
2017-06-09,4210.0,84.2,Raw White,Marandagahamula
2017-06-12,4140.0,82.8,Raw White,Marandagahamula
2017-06-13,4130.0,82.6,Raw White,Marandagahamula
2017-06-14,4130.0,82.6,Raw White,Marandagahamula
2017-06-15,4220.0,84.4,Raw White,Marandagahamula
2017-06-16,4180.0,83.6,Raw White,Marandagahamula
2017-06-19,4270.0,85.4,Raw White,Marandagahamula
2017-06-20,4190.0,83.8,Raw White,Marandagahamula
2017-06-21,4240.0,84.8,Raw White,Marandagahamula
2017-06-22,4220.0,84.4,Raw White,Marandagahamula
2017-06-23,4250.0,85.0,Raw White,Marandagahamula
2017-06-27,4290.0,85.8,Raw White,Marandagahamula
2017-06-28,4270.0,85.4,Raw White,Marandagahamula
2017-08-29,4033.33,80.6666,Raw White,Marandagahamula
2017-08-30,3966.67,79.3334,Raw White,Marandagahamula
2017-08-31,3933.33,78.6666,Raw White,Marandagahamula
2017-09-04,4050.0,81.0,Raw White,Marandagahamula
2017-09-06,4066.67,81.3334,Raw White,Marandagahamula
2017-09-07,4033.33,80.6666,Raw White,Marandagahamula
2017-09-08,4066.67,81.3334,Raw White,Marandagahamula
2017-09-11,4133.33,82.6666,Raw White,Marandagahamula
2017-09-12,4133.33,82.6666,Raw White,Marandagahamula
2017-09-13,4216.67,84.3334,Raw White,Marandagahamula
2017-09-14,4216.67,84.3334,Raw White,Marandagahamula
2017-09-15,4216.67,84.3334,Raw White,Marandagahamula
2017-09-18,4183.33,83.6666,Raw White,Marandagahamula
2017-09-19,4183.33,83.6666,Raw White,Marandagahamula
2017-09-20,4216.67,84.3334,Raw White,Marandagahamula
2017-09-21,4216.67,84.3334,Raw White,Marandagahamula
2017-09-22,4183.33,83.6666,Raw White,Marandagahamula
2017-09-25,4266.67,85.3334,Raw White,Marandagahamula
2017-09-26,4233.33,84.6666,Raw White,Marandagahamula
2017-09-27,4266.67,85.3334,Raw White,Marandagahamula
2017-09-28,4266.67,85.3334,Raw White,Marandagahamula
2017-09-29,4233.33,84.6666,Raw White,Marandagahamula
2017-10-02,4183.33,83.6666,Raw White,Marandagahamula
2017-10-03,4183.33,83.6666,Raw White,Marandagahamula
2017-10-04,4033.33,80.6666,Raw White,Marandagahamula
2017-10-06,3983.33,79.6666,Raw White,Marandagahamula
2017-10-09,4016.67,80.3334,Raw White,Marandagahamula
2017-10-10,3983.33,79.6666,Raw White,Marandagahamula
2017-10-11,4166.67,83.3334,Raw White,Marandagahamula
2017-10-12,4066.67,81.3334,Raw White,Marandagahamula
2017-10-13,4083.33,81.6666,Raw White,Marandagahamula
2017-10-16,3933.33,78.6666,Raw White,Marandagahamula
2017-10-17,3933.33,78.6666,Raw White,Marandagahamula
2017-10-19,3966.67,79.3334,Raw White,Marandagahamula
2017-10-20,3966.67,79.3334,Raw White,Marandagahamula
2017-10-23,4320.0,86.4,Raw White,Marandagahamula
2017-10-23,3300.0,66.0,Raw White,Marandagahamula
2017-10-24,4300.0,86.0,Raw White,Marandagahamula
2017-10-24,3250.0,65.0,Raw White,Marandagahamula
2017-10-25,4320.0,86.4,Raw White,Marandagahamula
2017-10-25,3350.0,67.0,Raw White,Marandagahamula
2017-10-26,4300.0,86.0,Raw White,Marandagahamula
2017-10-26,3300.0,66.0,Raw White,Marandagahamula
2017-10-27,4320.0,86.4,Raw White,Marandagahamula
2017-10-27,3350.0,67.0,Raw White,Marandagahamula
2017-10-30,3766.67,75.3334,Raw White,Marandagahamula
2017-10-31,4270.0,85.4,Raw White,Marandagahamula
2017-10-31,3350.0,67.0,Raw White,Marandagahamula
2017-11-01,3766.67,75.3334,Raw White,Marandagahamula
2017-11-02,3766.67,75.3334,Raw White,Marandagahamula
2017-11-06,3783.33,75.6666,Raw White,Marandagahamula
2017-11-07,3800.0,76.0,Raw White,Marandagahamula
2017-11-08,3716.67,74.3334,Raw White,Marandagahamula
2017-11-09,3700.0,74.0,Raw White,Marandagahamula
2017-11-10,3700.0,74.0,Raw White,Marandagahamula
2017-11-13,3683.33,73.6666,Raw White,Marandagahamula
2017-11-14,3683.33,73.6666,Raw White,Marandagahamula
2017-11-16,3650.0,73.0,Raw White,Marandagahamula
2017-11-17,3633.33,72.6666,Raw White,Marandagahamula
2017-11-20,3633.33,72.6666,Raw White,Marandagahamula
2017-11-21,3666.67,73.3334,Raw White,Marandagahamula
2017-11-22,3650.0,73.0,Raw White,Marandagahamula
2017-11-23,3650.0,73.0,Raw White,Marandagahamula
2017-11-24,3666.67,73.3334,Raw White,Marandagahamula
2017-11-27,3833.33,76.6666,Raw White,Marandagahamula
2017-11-28,3866.67,77.3334,Raw White,Marandagahamula
2017-11-29,3850.0,77.0,Raw White,Marandagahamula
2017-11-30,3866.67,77.3334,Raw White,Marandagahamula
2017-12-04,4400.0,88.0,Raw White,Marandagahamula
2017-12-04,3350.0,67.0,Raw White,Marandagahamula
2017-12-05,4370.0,87.4,Raw White,Marandagahamula
2017-12-05,3350.0,67.0,Raw White,Marandagahamula
2017-12-06,4340.0,86.8,Raw White,Marandagahamula
2017-12-06,3350.0,67.0,Raw White,Marandagahamula
2017-12-07,4370.0,87.4,Raw White,Marandagahamula
2017-12-07,3366.67,67.3334,Raw White,Marandagahamula
2017-12-08,4280.0,85.6,Raw White,Marandagahamula
2017-12-08,3350.0,67.0,Raw White,Marandagahamula
2017-12-11,4320.0,86.4,Raw White,Marandagahamula
2017-12-11,3366.67,67.3334,Raw White,Marandagahamula
2017-12-12,4360.0,87.2,Raw White,Marandagahamula
2017-12-12,3366.67,67.3334,Raw White,Marandagahamula
2017-12-13,4370.0,87.4,Raw White,Marandagahamula
2017-12-13,3366.67,67.3334,Raw White,Marandagahamula
2017-12-14,4340.0,86.8,Raw White,Marandagahamula
2017-12-14,3333.33,66.6666,Raw White,Marandagahamula
2017-12-15,4350.0,87.0,Raw White,Marandagahamula
2017-12-15,3366.67,67.3334,Raw White,Marandagahamula
2017-12-18,4380.0,87.6,Raw White,Marandagahamula
2017-12-18,3300.0,66.0,Raw White,Marandagahamula
2017-12-19,4320.0,86.4,Raw White,Marandagahamula
2017-12-19,3316.67,66.3334,Raw White,Marandagahamula
2017-12-20,4340.0,86.8,Raw White,Marandagahamula
2017-12-20,3300.0,66.0,Raw White,Marandagahamula
2017-12-21,4340.0,86.8,Raw White,Marandagahamula
2017-12-21,3316.67,66.3334,Raw White,Marandagahamula
2017-12-22,4320.0,86.4,Raw White,Marandagahamula
2017-12-22,3383.33,67.6666,Raw White,Marandagahamula
2017-12-26,4350.0,87.0,Raw White,Marandagahamula
2017-12-26,3366.67,67.3334,Raw White,Marandagahamula
2017-12-27,4330.0,86.6,Raw White,Marandagahamula
2017-12-27,3350.0,67.0,Raw White,Marandagahamula
2017-12-28,4370.0,87.4,Raw White,Marandagahamula
2017-12-28,3366.67,67.3334,Raw White,Marandagahamula
2017-12-29,4350.0,87.0,Raw White,Marandagahamula
2017-12-29,3366.67,67.3334,Raw White,Marandagahamula
2018-01-02,4370.0,87.4,Raw White,Marandagahamula
2018-01-02,3316.67,66.3334,Raw White,Marandagahamula
2018-01-03,4420.0,88.4,Raw White,Marandagahamula
2018-01-03,3316.67,66.3334,Raw White,Marandagahamula
2018-01-04,4350.0,87.0,Raw White,Marandagahamula
2018-01-04,3350.0,67.0,Raw White,Marandagahamula
2018-01-05,4350.0,87.0,Raw White,Marandagahamula
2018-01-05,3016.67,60.333400000000005,Raw White,Marandagahamula
2018-01-08,4350.0,87.0,Raw White,Marandagahamula
2018-01-08,3333.33,66.6666,Raw White,Marandagahamula
2018-01-09,4330.0,86.6,Raw White,Marandagahamula
2018-01-09,3383.33,67.6666,Raw White,Marandagahamula
2018-01-10,4320.0,86.4,Raw White,Marandagahamula
2018-01-10,3350.0,67.0,Raw White,Marandagahamula
2018-01-11,4310.0,86.2,Raw White,Marandagahamula
2018-01-11,3350.0,67.0,Raw White,Marandagahamula
2018-01-12,4300.0,86.0,Raw White,Marandagahamula
2018-01-12,3333.33,66.6666,Raw White,Marandagahamula
2018-01-15,4287.5,85.75,Raw White,Marandagahamula
2018-01-15,3350.0,67.0,Raw White,Marandagahamula
2018-01-16,4212.5,84.25,Raw White,Marandagahamula
2018-01-16,3350.0,67.0,Raw White,Marandagahamula
2018-01-17,4162.5,83.25,Raw White,Marandagahamula
2018-01-17,3333.33,66.6666,Raw White,Marandagahamula
2018-01-18,4100.0,82.0,Raw White,Marandagahamula
2018-01-18,3333.33,66.6666,Raw White,Marandagahamula
2018-01-19,4300.0,86.0,Raw White,Marandagahamula
2018-01-19,3300.0,66.0,Raw White,Marandagahamula
2018-01-22,4040.0,80.8,Raw White,Marandagahamula
2018-01-22,3383.33,67.6666,Raw White,Marandagahamula
2018-01-23,4350.0,87.0,Raw White,Marandagahamula
2018-01-23,3366.67,67.3334,Raw White,Marandagahamula
2018-01-24,4110.0,82.2,Raw White,Marandagahamula
2018-01-24,3366.67,67.3334,Raw White,Marandagahamula
2018-01-25,4120.0,82.4,Raw White,Marandagahamula
2018-01-25,3366.67,67.3334,Raw White,Marandagahamula
2018-01-26,4100.0,82.0,Raw White,Marandagahamula
2018-01-26,3316.67,66.3334,Raw White,Marandagahamula
2018-01-29,4080.0,81.6,Raw White,Marandagahamula
2018-01-29,3383.33,67.6666,Raw White,Marandagahamula
2018-01-30,4000.0,80.0,Raw White,Marandagahamula
2018-01-30,3383.33,67.6666,Raw White,Marandagahamula
2018-02-01,4012.5,80.25,Raw White,Marandagahamula
2018-02-01,3433.33,68.6666,Raw White,Marandagahamula
2018-02-02,4150.0,83.0,Raw White,Marandagahamula
2018-02-02,3383.33,67.6666,Raw White,Marandagahamula
2018-02-05,3870.0,77.4,Raw White,Marandagahamula
2018-02-05,3383.33,67.6666,Raw White,Marandagahamula
2018-02-07,3820.0,76.4,Raw White,Marandagahamula
2018-02-07,3383.33,67.6666,Raw White,Marandagahamula
2018-02-08,3683.33,73.6666,Raw White,Marandagahamula
2018-02-08,3383.33,67.6666,Raw White,Marandagahamula
2018-02-09,3666.67,73.3334,Raw White,Marandagahamula
2018-02-09,3366.67,67.3334,Raw White,Marandagahamula
2018-02-12,3700.0,74.0,Raw White,Marandagahamula
2018-02-12,3383.33,67.6666,Raw White,Marandagahamula
2018-02-14,3737.5,74.75,Raw White,Marandagahamula
2018-02-14,3383.33,67.6666,Raw White,Marandagahamula
2018-02-15,3737.5,74.75,Raw White,Marandagahamula
2018-02-15,3383.33,67.6666,Raw White,Marandagahamula
2018-02-16,3687.5,73.75,Raw White,Marandagahamula
2018-02-16,3383.33,67.6666,Raw White,Marandagahamula
2018-02-19,3890.0,77.8,Raw White,Marandagahamula
2018-02-19,3383.33,67.6666,Raw White,Marandagahamula
2018-02-20,3710.0,74.2,Raw White,Marandagahamula
2018-02-20,3383.33,67.6666,Raw White,Marandagahamula
2018-02-21,3710.0,74.2,Raw White,Marandagahamula
2018-02-21,3383.33,67.6666,Raw White,Marandagahamula
2018-02-22,3710.0,74.2,Raw White,Marandagahamula
2018-02-22,3383.33,67.6666,Raw White,Marandagahamula
2018-02-23,3730.0,74.6,Raw White,Marandagahamula
2018-02-23,3383.33,67.6666,Raw White,Marandagahamula
2018-02-26,3740.0,74.8,Raw White,Marandagahamula
2018-02-26,3333.33,66.6666,Raw White,Marandagahamula
2018-02-27,3720.0,74.4,Raw White,Marandagahamula
2018-02-27,3316.67,66.3334,Raw White,Marandagahamula
2018-02-28,3690.0,73.8,Raw White,Marandagahamula
2018-02-28,3350.0,67.0,Raw White,Marandagahamula
2018-03-02,3770.0,75.4,Raw White,Marandagahamula
2018-03-02,3333.33,66.6666,Raw White,Marandagahamula
2018-03-05,3790.0,75.8,Raw White,Marandagahamula
2018-03-05,3333.33,66.6666,Raw White,Marandagahamula
2018-03-06,3790.0,75.8,Raw White,Marandagahamula
2018-03-06,3333.33,66.6666,Raw White,Marandagahamula
2018-03-07,3760.0,75.2,Raw White,Marandagahamula
2018-03-07,3333.33,66.6666,Raw White,Marandagahamula
2018-03-08,10450.0,209.0,Raw White,Marandagahamula
2018-03-08,3350.0,67.0,Raw White,Marandagahamula
2018-03-09,3770.0,75.4,Raw White,Marandagahamula
2018-03-09,3533.33,70.6666,Raw White,Marandagahamula
2018-03-12,3810.0,76.2,Raw White,Marandagahamula
2018-03-12,3433.33,68.6666,Raw White,Marandagahamula
2018-03-13,3820.0,76.4,Raw White,Marandagahamula
2018-03-13,3500.0,70.0,Raw White,Marandagahamula
2018-03-14,3812.5,76.25,Raw White,Marandagahamula
2018-03-14,3533.33,70.6666,Raw White,Marandagahamula
2018-03-15,3820.0,76.4,Raw White,Marandagahamula
2018-03-15,3566.67,71.3334,Raw White,Marandagahamula
2018-03-16,3883.33,77.6666,Raw White,Marandagahamula
2018-03-19,3820.0,76.4,Raw White,Marandagahamula
2018-03-19,3433.33,68.6666,Raw White,Marandagahamula
2018-03-20,3820.0,76.4,Raw White,Marandagahamula
2018-03-20,3433.33,68.6666,Raw White,Marandagahamula
2018-03-21,3830.0,76.6,Raw White,Marandagahamula
2018-03-21,3433.33,68.6666,Raw White,Marandagahamula
2018-03-22,3820.0,76.4,Raw White,Marandagahamula
2018-03-22,3466.67,69.3334,Raw White,Marandagahamula
2018-03-23,3800.0,76.0,Raw White,Marandagahamula
2018-03-23,3466.67,69.3334,Raw White,Marandagahamula
2018-03-26,3800.0,76.0,Raw White,Marandagahamula
2018-03-26,3333.33,66.6666,Raw White,Marandagahamula
2018-03-27,3830.0,76.6,Raw White,Marandagahamula
2018-03-27,3350.0,67.0,Raw White,Marandagahamula
2018-03-28,3683.33,73.6666,Raw White,Marandagahamula
2018-04-02,3666.67,73.3334,Raw White,Marandagahamula
2018-04-03,3683.33,73.6666,Raw White,Marandagahamula
2018-04-04,3683.33,73.6666,Raw White,Marandagahamula
2018-04-05,3683.33,73.6666,Raw White,Marandagahamula
2018-04-06,3683.33,73.6666,Raw White,Marandagahamula
2018-04-09,3683.33,73.6666,Raw White,Marandagahamula
2018-04-10,3683.33,73.6666,Raw White,Marandagahamula
2018-04-11,3633.33,72.6666,Raw White,Marandagahamula
2018-04-12,3650.0,73.0,Raw White,Marandagahamula
2018-04-17,3650.0,73.0,Raw White,Marandagahamula
2018-04-23,3616.67,72.3334,Raw White,Marandagahamula
2018-04-24,3633.33,72.6666,Raw White,Marandagahamula
2018-04-25,3616.67,72.3334,Raw White,Marandagahamula
2018-04-26,3616.67,72.3334,Raw White,Marandagahamula
2018-04-27,3600.0,72.0,Raw White,Marandagahamula
2018-05-01,3820.0,76.4,Raw White,Marandagahamula
2018-05-01,3383.33,67.6666,Raw White,Marandagahamula
2018-05-02,3683.33,73.6666,Raw White,Marandagahamula
2018-05-03,3733.33,74.6666,Raw White,Marandagahamula
2018-05-04,3983.33,79.6666,Raw White,Marandagahamula
2018-05-08,4016.67,80.3334,Raw White,Marandagahamula
2018-05-09,4016.67,80.3334,Raw White,Marandagahamula
2018-05-10,4016.67,80.3334,Raw White,Marandagahamula
2018-05-11,4016.67,80.3334,Raw White,Marandagahamula
2018-05-14,4183.33,83.6666,Raw White,Marandagahamula
2018-05-15,4183.33,83.6666,Raw White,Marandagahamula
2018-05-16,3810.0,76.2,Raw White,Marandagahamula
2018-05-16,3800.0,76.0,Raw White,Marandagahamula
2018-05-17,3820.0,76.4,Raw White,Marandagahamula
2018-05-17,3683.33,73.6666,Raw White,Marandagahamula
2018-05-21,4183.33,83.6666,Raw White,Marandagahamula
2018-05-22,4166.67,83.3334,Raw White,Marandagahamula
2018-05-23,4183.33,83.6666,Raw White,Marandagahamula
2018-05-24,4166.67,83.3334,Raw White,Marandagahamula
2018-05-25,4183.33,83.6666,Raw White,Marandagahamula
2018-05-28,4166.67,83.3334,Raw White,Marandagahamula
2018-05-30,4183.33,83.6666,Raw White,Marandagahamula
2018-05-31,4166.67,83.3334,Raw White,Marandagahamula
2018-06-05,4016.67,80.3334,Raw White,Marandagahamula
2018-06-06,4016.67,80.3334,Raw White,Marandagahamula
2018-06-07,4083.33,81.6666,Raw White,Marandagahamula
2018-06-08,3983.33,79.6666,Raw White,Marandagahamula
2018-06-11,4016.67,80.3334,Raw White,Marandagahamula
2018-06-12,4016.67,80.3334,Raw White,Marandagahamula
2018-06-13,4016.67,80.3334,Raw White,Marandagahamula
2018-06-14,4016.67,80.3334,Raw White,Marandagahamula
2018-06-18,4033.33,80.6666,Raw White,Marandagahamula
2018-06-19,4066.67,81.3334,Raw White,Marandagahamula
2018-06-20,4033.33,80.6666,Raw White,Marandagahamula
2018-06-21,4066.67,81.3334,Raw White,Marandagahamula
2018-06-22,4466.67,89.3334,Raw White,Marandagahamula
2018-06-25,4466.67,89.3334,Raw White,Marandagahamula
2018-06-26,4600.0,92.0,Raw White,Marandagahamula
2018-06-28,4700.0,94.0,Raw White,Marandagahamula
2018-06-29,4700.0,94.0,Raw White,Marandagahamula
2018-07-02,4700.0,94.0,Raw White,Marandagahamula
2018-07-03,4800.0,96.0,Raw White,Marandagahamula
2018-07-04,4800.0,96.0,Raw White,Marandagahamula
2018-07-05,3700.0,74.0,Raw White,Marandagahamula
2018-07-06,3700.0,74.0,Raw White,Marandagahamula
2018-07-09,3700.0,74.0,Raw White,Marandagahamula
2018-07-10,3700.0,74.0,Raw White,Marandagahamula
2018-08-09,3680.0,73.6,Raw White,Marandagahamula
2018-08-10,3750.0,75.0,Raw White,Marandagahamula
2018-08-13,3720.0,74.4,Raw White,Marandagahamula
2018-08-14,3700.0,74.0,Raw White,Marandagahamula
2018-08-15,3700.0,74.0,Raw White,Marandagahamula
2018-08-16,3700.0,74.0,Raw White,Marandagahamula
2018-08-17,3680.0,73.6,Raw White,Marandagahamula
2018-08-20,3740.0,74.8,Raw White,Marandagahamula
2018-08-21,3750.0,75.0,Raw White,Marandagahamula
2018-09-07,3680.0,73.6,Raw White,Marandagahamula
2018-09-10,3710.0,74.2,Raw White,Marandagahamula
2018-09-13,3690.0,73.8,Raw White,Marandagahamula
2018-09-14,3680.0,73.6,Raw White,Marandagahamula
2018-09-17,3640.0,72.8,Raw White,Marandagahamula
2018-09-20,3640.0,72.8,Raw White,Marandagahamula
2018-09-21,3670.0,73.4,Raw White,Marandagahamula
2018-09-25,3670.0,73.4,Raw White,Marandagahamula
2018-09-28,3700.0,74.0,Raw White,Marandagahamula
2018-10-03,3630.0,72.6,Raw White,Marandagahamula
2018-10-04,3670.0,73.4,Raw White,Marandagahamula
2018-10-05,3640.0,72.8,Raw White,Marandagahamula
2018-10-08,3690.0,73.8,Raw White,Marandagahamula
2018-10-09,3720.0,74.4,Raw White,Marandagahamula
2018-10-10,3750.0,75.0,Raw White,Marandagahamula
2018-10-11,3750.0,75.0,Raw White,Marandagahamula
2018-10-12,3750.0,75.0,Raw White,Marandagahamula
2018-10-15,3740.0,74.8,Raw White,Marandagahamula
2018-10-16,3770.0,75.4,Raw White,Marandagahamula
2018-10-17,3770.0,75.4,Raw White,Marandagahamula
2018-10-18,3770.0,75.4,Raw White,Marandagahamula
2018-10-19,3790.0,75.8,Raw White,Marandagahamula
2018-10-22,3880.0,77.6,Raw White,Marandagahamula
2018-10-23,3830.0,76.6,Raw White,Marandagahamula
2018-10-25,3830.0,76.6,Raw White,Marandagahamula
2018-10-29,3860.0,77.2,Raw White,Marandagahamula
2018-10-30,3850.0,77.0,Raw White,Marandagahamula
2018-10-31,3830.0,76.6,Raw White,Marandagahamula
2018-11-01,3890.0,77.8,Raw White,Marandagahamula
2018-11-02,3900.0,78.0,Raw White,Marandagahamula
2018-11-05,3900.0,78.0,Raw White,Marandagahamula
2018-11-07,3930.0,78.6,Raw White,Marandagahamula
2018-11-08,3930.0,78.6,Raw White,Marandagahamula
2018-11-09,3900.0,78.0,Raw White,Marandagahamula
2018-11-12,3890.0,77.8,Raw White,Marandagahamula
2018-11-13,3920.0,78.4,Raw White,Marandagahamula
2018-11-14,3930.0,78.6,Raw White,Marandagahamula
2018-11-15,3920.0,78.4,Raw White,Marandagahamula
2018-11-16,3930.0,78.6,Raw White,Marandagahamula
2018-11-19,3930.0,78.6,Raw White,Marandagahamula
2018-11-21,3930.0,78.6,Raw White,Marandagahamula
2018-11-23,3930.0,78.6,Raw White,Marandagahamula
2018-11-26,3960.0,79.2,Raw White,Marandagahamula
2018-11-27,3950.0,79.0,Raw White,Marandagahamula
2018-11-28,3960.0,79.2,Raw White,Marandagahamula
2018-11-29,3970.0,79.4,Raw White,Marandagahamula
2018-11-30,3930.0,78.6,Raw White,Marandagahamula
2018-12-04,3960.0,79.2,Raw White,Marandagahamula
2018-12-05,3960.0,79.2,Raw White,Marandagahamula
2018-12-06,3970.0,79.4,Raw White,Marandagahamula
2018-12-07,3960.0,79.2,Raw White,Marandagahamula
2018-12-10,3960.0,79.2,Raw White,Marandagahamula
2018-12-11,3960.0,79.2,Raw White,Marandagahamula
2018-12-12,4020.0,80.4,Raw White,Marandagahamula
2018-12-13,3980.0,79.6,Raw White,Marandagahamula
2018-12-14,4020.0,80.4,Raw White,Marandagahamula
2018-12-17,4020.0,80.4,Raw White,Marandagahamula
2018-12-18,4040.0,80.8,Raw White,Marandagahamula
2018-12-19,4020.0,80.4,Raw White,Marandagahamula
2018-12-20,4020.0,80.4,Raw White,Marandagahamula
2018-12-21,4020.0,80.4,Raw White,Marandagahamula
2018-12-26,4080.0,81.6,Raw White,Marandagahamula
2018-12-27,4070.0,81.4,Raw White,Marandagahamula
2018-12-28,4110.0,82.2,Raw White,Marandagahamula
2018-12-31,4120.0,82.4,Raw White,Marandagahamula
2019-01-01,4080.0,81.6,Raw White,Marandagahamula
2019-01-02,4100.0,82.0,Raw White,Marandagahamula
2019-01-03,4070.0,81.4,Raw White,Marandagahamula
2019-01-04,4070.0,81.4,Raw White,Marandagahamula
2019-01-07,4070.0,81.4,Raw White,Marandagahamula
2019-01-08,4080.0,81.6,Raw White,Marandagahamula
2019-01-09,4060.0,81.2,Raw White,Marandagahamula
2019-01-10,4060.0,81.2,Raw White,Marandagahamula
2019-01-11,4070.0,81.4,Raw White,Marandagahamula
2019-01-14,3980.0,79.6,Raw White,Marandagahamula
2019-01-16,4030.0,80.6,Raw White,Marandagahamula
2019-01-17,3990.0,79.8,Raw White,Marandagahamula
2019-01-18,4020.0,80.4,Raw White,Marandagahamula
2019-01-21,4020.0,80.4,Raw White,Marandagahamula
2019-01-22,4010.0,80.2,Raw White,Marandagahamula
2019-01-23,4020.0,80.4,Raw White,Marandagahamula
2019-01-24,4040.0,80.8,Raw White,Marandagahamula
2019-01-25,4010.0,80.2,Raw White,Marandagahamula
2019-01-28,3990.0,79.8,Raw White,Marandagahamula
2019-01-29,3900.0,78.0,Raw White,Marandagahamula
2019-01-30,3940.0,78.8,Raw White,Marandagahamula
2019-01-31,3930.0,78.6,Raw White,Marandagahamula
2019-02-01,3870.0,77.4,Raw White,Marandagahamula
2019-02-05,3910.0,78.2,Raw White,Marandagahamula
2019-02-06,3750.0,75.0,Raw White,Marandagahamula
2019-02-07,3680.0,73.6,Raw White,Marandagahamula
2019-02-08,3700.0,74.0,Raw White,Marandagahamula
2019-02-11,3710.0,74.2,Raw White,Marandagahamula
2019-02-12,3710.0,74.2,Raw White,Marandagahamula
2019-02-13,3710.0,74.2,Raw White,Marandagahamula
2019-02-14,3710.0,74.2,Raw White,Marandagahamula
2019-02-15,3680.0,73.6,Raw White,Marandagahamula
2019-02-18,3650.0,73.0,Raw White,Marandagahamula
2019-02-21,3560.0,71.2,Raw White,Marandagahamula
2019-02-22,3500.0,70.0,Raw White,Marandagahamula
2019-02-25,3520.0,70.4,Raw White,Marandagahamula
2019-02-26,3540.0,70.8,Raw White,Marandagahamula
2019-02-27,3540.0,70.8,Raw White,Marandagahamula
2019-02-28,3520.0,70.4,Raw White,Marandagahamula
2019-03-01,3540.0,70.8,Raw White,Marandagahamula
2019-03-05,3470.0,69.4,Raw White,Marandagahamula
2019-03-06,3420.0,68.4,Raw White,Marandagahamula
2019-03-07,3390.0,67.8,Raw White,Marandagahamula
2019-03-13,3320.0,66.4,Raw White,Marandagahamula
2019-03-14,3330.0,66.6,Raw White,Marandagahamula
2019-03-15,3310.0,66.2,Raw White,Marandagahamula
2019-03-18,3310.0,66.2,Raw White,Marandagahamula
2019-03-19,3300.0,66.0,Raw White,Marandagahamula
2019-03-21,3370.0,67.4,Raw White,Marandagahamula
2019-03-22,3390.0,67.8,Raw White,Marandagahamula
2019-03-25,3380.0,67.6,Raw White,Marandagahamula
2019-03-26,3400.0,68.0,Raw White,Marandagahamula
2019-03-27,3410.0,68.2,Raw White,Marandagahamula
2019-03-28,3400.0,68.0,Raw White,Marandagahamula
2019-03-29,3430.0,68.6,Raw White,Marandagahamula
2019-04-01,3470.0,69.4,Raw White,Marandagahamula
2019-04-02,3470.0,69.4,Raw White,Marandagahamula
2019-04-03,3510.0,70.2,Raw White,Marandagahamula
2019-04-04,3540.0,70.8,Raw White,Marandagahamula
2019-04-05,3530.0,70.6,Raw White,Marandagahamula
2019-04-08,3550.0,71.0,Raw White,Marandagahamula
2019-04-09,3680.0,73.6,Raw White,Marandagahamula
2019-04-10,3680.0,73.6,Raw White,Marandagahamula
2019-04-11,3690.0,73.8,Raw White,Marandagahamula
2019-04-12,3680.0,73.6,Raw White,Marandagahamula
2019-04-17,3680.0,73.6,Raw White,Marandagahamula
2019-04-23,3725.0,74.5,Raw White,Marandagahamula
2019-04-24,3750.0,75.0,Raw White,Marandagahamula
2019-04-25,3700.0,74.0,Raw White,Marandagahamula
2019-04-26,3700.0,74.0,Raw White,Marandagahamula
2019-04-29,3740.0,74.8,Raw White,Marandagahamula
2019-04-30,3740.0,74.8,Raw White,Marandagahamula
2019-05-02,3790.0,75.8,Raw White,Marandagahamula
2019-05-03,3780.0,75.6,Raw White,Marandagahamula
2019-05-06,3820.0,76.4,Raw White,Marandagahamula
2019-05-07,3830.0,76.6,Raw White,Marandagahamula
2019-05-08,3790.0,75.8,Raw White,Marandagahamula
2019-05-09,3790.0,75.8,Raw White,Marandagahamula
2019-05-10,3790.0,75.8,Raw White,Marandagahamula
2019-05-13,3790.0,75.8,Raw White,Marandagahamula
2019-05-14,3800.0,76.0,Raw White,Marandagahamula
2019-05-15,3780.0,75.6,Raw White,Marandagahamula
2019-05-16,3790.0,75.8,Raw White,Marandagahamula
2019-05-17,3850.0,77.0,Raw White,Marandagahamula
2019-05-21,3850.0,77.0,Raw White,Marandagahamula
2019-09-04,3960.0,79.2,Raw White,Marandagahamula
2019-09-05,4000.0,80.0,Raw White,Marandagahamula
2019-09-06,4000.0,80.0,Raw White,Marandagahamula
2019-09-09,3960.0,79.2,Raw White,Marandagahamula
2019-09-10,3960.0,79.2,Raw White,Marandagahamula
2019-09-12,4040.0,80.8,Raw White,Marandagahamula
2019-09-16,4020.0,80.4,Raw White,Marandagahamula
2019-09-17,4040.0,80.8,Raw White,Marandagahamula
2019-09-18,4060.0,81.2,Raw White,Marandagahamula
2019-09-19,4060.0,81.2,Raw White,Marandagahamula
2019-09-20,4060.0,81.2,Raw White,Marandagahamula
2019-09-23,4140.0,82.8,Raw White,Marandagahamula
2019-09-24,4140.0,82.8,Raw White,Marandagahamula
2019-09-25,4180.0,83.6,Raw White,Marandagahamula
2019-09-26,4160.0,83.2,Raw White,Marandagahamula
2019-09-27,4140.0,82.8,Raw White,Marandagahamula
2019-09-30,4160.0,83.2,Raw White,Marandagahamula
2019-10-01,4140.0,82.8,Raw White,Marandagahamula
2019-10-02,4160.0,83.2,Raw White,Marandagahamula
2019-10-03,4140.0,82.8,Raw White,Marandagahamula
2019-10-04,4140.0,82.8,Raw White,Marandagahamula
2019-10-07,4240.0,84.8,Raw White,Marandagahamula
2019-10-08,4240.0,84.8,Raw White,Marandagahamula
2019-10-09,4230.0,84.6,Raw White,Marandagahamula
2019-10-10,4240.0,84.8,Raw White,Marandagahamula
2019-10-11,4240.0,84.8,Raw White,Marandagahamula
2019-10-14,4250.0,85.0,Raw White,Marandagahamula
2019-10-15,4240.0,84.8,Raw White,Marandagahamula
2019-10-16,4240.0,84.8,Raw White,Marandagahamula
2019-10-17,4240.0,84.8,Raw White,Marandagahamula
2019-10-18,4320.0,86.4,Raw White,Marandagahamula
2019-10-21,4350.0,87.0,Raw White,Marandagahamula
2019-10-22,4370.0,87.4,Raw White,Marandagahamula
2019-10-23,4350.0,87.0,Raw White,Marandagahamula
2019-10-24,4340.0,86.8,Raw White,Marandagahamula
2019-10-25,4360.0,87.2,Raw White,Marandagahamula
2019-10-28,4320.0,86.4,Raw White,Marandagahamula
2019-10-29,4340.0,86.8,Raw White,Marandagahamula
2019-10-30,4340.0,86.8,Raw White,Marandagahamula
2019-10-31,4350.0,87.0,Raw White,Marandagahamula
2019-11-01,4350.0,87.0,Raw White,Marandagahamula
2019-11-04,4350.0,87.0,Raw White,Marandagahamula
2019-11-05,4380.0,87.6,Raw White,Marandagahamula
2019-11-06,4400.0,88.0,Raw White,Marandagahamula
2019-11-07,4400.0,88.0,Raw White,Marandagahamula
2019-11-08,4400.0,88.0,Raw White,Marandagahamula
2019-11-11,4360.0,87.2,Raw White,Marandagahamula
2019-11-13,4380.0,87.6,Raw White,Marandagahamula
2019-11-14,4380.0,87.6,Raw White,Marandagahamula
2019-11-15,4380.0,87.6,Raw White,Marandagahamula
2019-11-18,4540.0,90.8,Raw White,Marandagahamula
2019-11-19,4580.0,91.6,Raw White,Marandagahamula
2019-11-20,4580.0,91.6,Raw White,Marandagahamula
2019-11-21,4560.0,91.2,Raw White,Marandagahamula
2019-11-22,4570.0,91.4,Raw White,Marandagahamula
2019-11-25,4570.0,91.4,Raw White,Marandagahamula
2019-12-04,4725.0,94.5,Raw White,Marandagahamula
2019-12-09,4800.0,96.0,Raw White,Marandagahamula
2019-12-10,4760.0,95.2,Raw White,Marandagahamula
2019-12-12,4760.0,95.2,Raw White,Marandagahamula
2019-12-13,4820.0,96.4,Raw White,Marandagahamula
2019-12-16,4750.0,95.0,Raw White,Marandagahamula
2019-12-17,4750.0,95.0,Raw White,Marandagahamula
2019-12-18,4740.0,94.8,Raw White,Marandagahamula
2019-12-19,4750.0,95.0,Raw White,Marandagahamula
2019-12-20,4750.0,95.0,Raw White,Marandagahamula
2019-12-23,4740.0,94.8,Raw White,Marandagahamula
2019-12-24,4790.0,95.8,Raw White,Marandagahamula
2019-12-26,4780.0,95.6,Raw White,Marandagahamula
2019-12-27,4760.0,95.2,Raw White,Marandagahamula
2019-12-30,4760.0,95.2,Raw White,Marandagahamula
2019-12-31,4850.0,97.0,Raw White,Marandagahamula
2020-01-01,4850.0,97.0,Raw White,Marandagahamula
2020-01-02,4850.0,97.0,Raw White,Marandagahamula
2020-01-03,4850.0,97.0,Raw White,Marandagahamula
2020-01-06,4840.0,96.8,Raw White,Marandagahamula
2020-01-07,4820.0,96.4,Raw White,Marandagahamula
2020-01-08,4760.0,95.2,Raw White,Marandagahamula
2020-01-09,4800.0,96.0,Raw White,Marandagahamula
2020-01-13,4800.0,96.0,Raw White,Marandagahamula
2020-01-14,4780.0,95.6,Raw White,Marandagahamula
2020-01-16,4700.0,94.0,Raw White,Marandagahamula
2020-01-17,4710.0,94.2,Raw White,Marandagahamula
2020-01-20,4640.0,92.8,Raw White,Marandagahamula
2020-01-21,4580.0,91.6,Raw White,Marandagahamula
2020-01-22,4560.0,91.2,Raw White,Marandagahamula
2020-01-23,4560.0,91.2,Raw White,Marandagahamula
2020-01-24,4540.0,90.8,Raw White,Marandagahamula
2020-01-27,4460.0,89.2,Raw White,Marandagahamula
2020-01-28,4440.0,88.8,Raw White,Marandagahamula
2020-01-29,4440.0,88.8,Raw White,Marandagahamula
2020-01-30,4440.0,88.8,Raw White,Marandagahamula
2020-01-31,4480.0,89.6,Raw White,Marandagahamula
2020-02-03,4420.0,88.4,Raw White,Marandagahamula
2020-02-05,4460.0,89.2,Raw White,Marandagahamula
2020-02-06,4440.0,88.8,Raw White,Marandagahamula
2020-02-07,4320.0,86.4,Raw White,Marandagahamula
2020-02-10,4250.0,85.0,Raw White,Marandagahamula
2020-02-11,4290.0,85.8,Raw White,Marandagahamula
2020-02-12,4300.0,86.0,Raw White,Marandagahamula
2020-02-13,4300.0,86.0,Raw White,Marandagahamula
2020-02-14,4280.0,85.6,Raw White,Marandagahamula
2020-02-17,4320.0,86.4,Raw White,Marandagahamula
2020-02-18,4320.0,86.4,Raw White,Marandagahamula
2020-02-19,4240.0,84.8,Raw White,Marandagahamula
2020-02-20,4200.0,84.0,Raw White,Marandagahamula
2020-02-24,4220.0,84.4,Raw White,Marandagahamula
2020-02-25,4260.0,85.2,Raw White,Marandagahamula
2020-02-26,4300.0,86.0,Raw White,Marandagahamula
2020-02-27,4290.0,85.8,Raw White,Marandagahamula
2020-02-28,4300.0,86.0,Raw White,Marandagahamula
2020-03-02,4190.0,83.8,Raw White,Marandagahamula
2020-03-03,4160.0,83.2,Raw White,Marandagahamula
2020-03-04,4200.0,84.0,Raw White,Marandagahamula
2020-03-05,4200.0,84.0,Raw White,Marandagahamula
2020-03-06,4100.0,82.0,Raw White,Marandagahamula
2020-03-10,4160.0,83.2,Raw White,Marandagahamula
2020-03-11,4120.0,82.4,Raw White,Marandagahamula
2020-03-12,4120.0,82.4,Raw White,Marandagahamula
2020-03-13,4100.0,82.0,Raw White,Marandagahamula
2020-06-15,4460.0,89.2,Raw White,Marandagahamula
2020-06-16,4460.0,89.2,Raw White,Marandagahamula
2020-06-17,4460.0,89.2,Raw White,Marandagahamula
2020-06-18,4460.0,89.2,Raw White,Marandagahamula
2020-06-19,4360.0,87.2,Raw White,Marandagahamula
2020-06-22,4480.0,89.6,Raw White,Marandagahamula
2020-06-23,4460.0,89.2,Raw White,Marandagahamula
2020-06-24,4440.0,88.8,Raw White,Marandagahamula
2020-06-25,4440.0,88.8,Raw White,Marandagahamula
2020-06-26,4440.0,88.8,Raw White,Marandagahamula
2020-06-29,4440.0,88.8,Raw White,Marandagahamula
2020-06-30,4430.0,88.6,Raw White,Marandagahamula
2020-07-01,4450.0,89.0,Raw White,Marandagahamula
2020-07-02,4450.0,89.0,Raw White,Marandagahamula
2020-07-03,4450.0,89.0,Raw White,Marandagahamula
2020-07-06,4360.0,87.2,Raw White,Marandagahamula
2020-07-07,4340.0,86.8,Raw White,Marandagahamula
2020-07-08,4300.0,86.0,Raw White,Marandagahamula
2020-07-09,4340.0,86.8,Raw White,Marandagahamula
2020-07-10,4350.0,87.0,Raw White,Marandagahamula
2020-07-13,4300.0,86.0,Raw White,Marandagahamula
2020-07-14,4290.0,85.8,Raw White,Marandagahamula
2020-07-15,4290.0,85.8,Raw White,Marandagahamula
2020-07-16,4310.0,86.2,Raw White,Marandagahamula
2020-07-17,4320.0,86.4,Raw White,Marandagahamula
2020-07-20,4340.0,86.8,Raw White,Marandagahamula
2020-07-21,4370.0,87.4,Raw White,Marandagahamula
2020-07-22,4330.0,86.6,Raw White,Marandagahamula
2020-07-23,4340.0,86.8,Raw White,Marandagahamula
2020-07-24,4320.0,86.4,Raw White,Marandagahamula
2020-07-27,4370.0,87.4,Raw White,Marandagahamula
2020-07-28,4260.0,85.2,Raw White,Marandagahamula
2020-07-29,4240.0,84.8,Raw White,Marandagahamula
2020-07-30,4250.0,85.0,Raw White,Marandagahamula
2020-07-31,4260.0,85.2,Raw White,Marandagahamula
2020-08-04,4260.0,85.2,Raw White,Marandagahamula
2020-08-06,4240.0,84.8,Raw White,Marandagahamula
2020-08-07,4240.0,84.8,Raw White,Marandagahamula
2020-08-10,4260.0,85.2,Raw White,Marandagahamula
2020-08-11,4250.0,85.0,Raw White,Marandagahamula
2020-08-12,4240.0,84.8,Raw White,Marandagahamula
2020-08-13,4230.0,84.6,Raw White,Marandagahamula
2020-08-14,4250.0,85.0,Raw White,Marandagahamula
2020-08-17,4240.0,84.8,Raw White,Marandagahamula
2020-08-18,4190.0,83.8,Raw White,Marandagahamula
2020-08-19,4220.0,84.4,Raw White,Marandagahamula
2020-08-20,4210.0,84.2,Raw White,Marandagahamula
2020-08-21,4210.0,84.2,Raw White,Marandagahamula
2020-08-24,4230.0,84.6,Raw White,Marandagahamula
2020-08-25,4250.0,85.0,Raw White,Marandagahamula
2020-08-26,4260.0,85.2,Raw White,Marandagahamula
2020-08-27,4290.0,85.8,Raw White,Marandagahamula
2020-08-28,4190.0,83.8,Raw White,Marandagahamula
2020-08-31,4250.0,85.0,Raw White,Marandagahamula
2020-09-02,4250.0,85.0,Raw White,Marandagahamula
2021-02-01,4600.0,92.0,Raw White,Marandagahamula
2021-05-10,5190.0,103.8,Raw White,Marandagahamula
2021-05-11,5190.0,103.8,Raw White,Marandagahamula
2021-05-13,5220.0,104.4,Raw White,Marandagahamula
2021-05-17,5220.0,104.4,Raw White,Marandagahamula
2021-05-18,5210.0,104.2,Raw White,Marandagahamula
2021-05-19,5230.0,104.6,Raw White,Marandagahamula
2021-05-20,5230.0,104.6,Raw White,Marandagahamula
2021-07-12,5130.0,102.6,Raw White,Marandagahamula
2021-07-13,5110.0,102.2,Raw White,Marandagahamula
2021-07-14,5080.0,101.6,Raw White,Marandagahamula
2021-07-15,5080.0,101.6,Raw White,Marandagahamula
2021-07-19,4960.0,99.2,Raw White,Marandagahamula
2021-07-20,4960.0,99.2,Raw White,Marandagahamula
2021-07-22,4910.0,98.2,Raw White,Marandagahamula
2021-07-26,4740.0,94.8,Raw White,Marandagahamula
2021-07-27,4740.0,94.8,Raw White,Marandagahamula
2021-07-28,4720.0,94.4,Raw White,Marandagahamula
2021-07-29,4720.0,94.4,Raw White,Marandagahamula
2021-07-30,4700.0,94.0,Raw White,Marandagahamula
2021-08-09,4680.0,93.6,Raw White,Marandagahamula
2021-08-12,4720.0,94.4,Raw White,Marandagahamula
2021-08-13,4720.0,94.4,Raw White,Marandagahamula
2021-08-16,4740.0,94.8,Raw White,Marandagahamula
2021-09-09,4675.0,93.5,Raw White,Marandagahamula
2021-09-10,4675.0,93.5,Raw White,Marandagahamula
2021-09-13,4680.0,93.6,Raw White,Marandagahamula
2021-09-14,4670.0,93.4,Raw White,Marandagahamula
2021-09-15,4650.0,93.0,Raw White,Marandagahamula
2021-09-16,4650.0,93.0,Raw White,Marandagahamula
2021-09-17,4650.0,93.0,Raw White,Marandagahamula
2021-09-21,4700.0,94.0,Raw White,Marandagahamula
2021-09-22,4710.0,94.2,Raw White,Marandagahamula
2021-09-23,4730.0,94.6,Raw White,Marandagahamula
2021-09-24,4730.0,94.6,Raw White,Marandagahamula
2021-09-27,4790.0,95.8,Raw White,Marandagahamula
2021-09-28,4790.0,95.8,Raw White,Marandagahamula
2021-09-29,5080.0,101.6,Raw White,Marandagahamula
2021-09-30,5080.0,101.6,Raw White,Marandagahamula
2021-10-01,5210.0,104.2,Raw White,Marandagahamula
2021-10-05,5290.0,105.8,Raw White,Marandagahamula
2021-10-06,5290.0,105.8,Raw White,Marandagahamula
2021-10-07,5290.0,105.8,Raw White,Marandagahamula
2021-10-11,5350.0,107.0,Raw White,Marandagahamula
2021-10-12,5350.0,107.0,Raw White,Marandagahamula
2021-10-27,5700.0,114.0,Raw White,Marandagahamula
2021-10-28,5700.0,114.0,Raw White,Marandagahamula
2021-10-29,5920.0,118.4,Raw White,Marandagahamula
2021-11-01,6040.0,120.8,Raw White,Marandagahamula
2021-11-02,6040.0,120.8,Raw White,Marandagahamula
2021-11-03,6080.0,121.6,Raw White,Marandagahamula
2015-06-22,3220.0,64.4,Raw red,Marandagahamula
2015-06-23,3220.0,64.4,Raw red,Marandagahamula
2015-06-24,3240.0,64.8,Raw red,Marandagahamula
2015-06-25,3240.0,64.8,Raw red,Marandagahamula
2015-06-26,3240.0,64.8,Raw red,Marandagahamula
2015-06-29,3210.0,64.2,Raw red,Marandagahamula
2015-06-30,3210.0,64.2,Raw red,Marandagahamula
2015-07-01,3210.0,64.2,Raw red,Marandagahamula
2015-07-02,3210.0,64.2,Raw red,Marandagahamula
2015-07-03,3080.0,61.6,Raw red,Marandagahamula
2015-07-06,3110.0,62.2,Raw red,Marandagahamula
2015-07-09,3090.0,61.8,Raw red,Marandagahamula
2015-07-10,3110.0,62.2,Raw red,Marandagahamula
2015-07-13,3040.0,60.8,Raw red,Marandagahamula
2015-07-14,3030.0,60.6,Raw red,Marandagahamula
2015-07-15,3030.0,60.6,Raw red,Marandagahamula
2015-07-16,3050.0,61.0,Raw red,Marandagahamula
2015-07-17,3050.0,61.0,Raw red,Marandagahamula
2015-07-20,3110.0,62.2,Raw red,Marandagahamula
2015-07-21,3110.0,62.2,Raw red,Marandagahamula
2015-07-22,3010.0,60.2,Raw red,Marandagahamula
2015-07-24,3000.0,60.0,Raw red,Marandagahamula
2015-07-27,2990.0,59.8,Raw red,Marandagahamula
2015-07-28,2990.0,59.8,Raw red,Marandagahamula
2015-07-29,2970.0,59.4,Raw red,Marandagahamula
2015-07-30,2990.0,59.8,Raw red,Marandagahamula
2015-08-03,2960.0,59.2,Raw red,Marandagahamula
2015-08-04,2960.0,59.2,Raw red,Marandagahamula
2015-08-05,2960.0,59.2,Raw red,Marandagahamula
2015-08-06,2950.0,59.0,Raw red,Marandagahamula
2015-08-07,2950.0,59.0,Raw red,Marandagahamula
2015-08-10,2950.0,59.0,Raw red,Marandagahamula
2015-08-11,2940.0,58.8,Raw red,Marandagahamula
2015-08-12,2950.0,59.0,Raw red,Marandagahamula
2015-08-13,2960.0,59.2,Raw red,Marandagahamula
2015-08-14,2950.0,59.0,Raw red,Marandagahamula
2015-08-20,2920.0,58.4,Raw red,Marandagahamula
2015-08-21,2950.0,59.0,Raw red,Marandagahamula
2015-08-24,2980.0,59.6,Raw red,Marandagahamula
2015-08-25,2980.0,59.6,Raw red,Marandagahamula
2015-08-26,2980.0,59.6,Raw red,Marandagahamula
2015-08-27,3000.0,60.0,Raw red,Marandagahamula
2015-08-28,2950.0,59.0,Raw red,Marandagahamula
2015-08-31,2890.0,57.8,Raw red,Marandagahamula
2015-09-01,2910.0,58.2,Raw red,Marandagahamula
2015-09-02,2860.0,57.2,Raw red,Marandagahamula
2015-09-03,2850.0,57.0,Raw red,Marandagahamula
2015-09-04,2880.0,57.6,Raw red,Marandagahamula
2015-09-07,2890.0,57.8,Raw red,Marandagahamula
2015-09-09,2890.0,57.8,Raw red,Marandagahamula
2015-09-10,2900.0,58.0,Raw red,Marandagahamula
2015-09-11,2880.0,57.6,Raw red,Marandagahamula
2015-09-14,2910.0,58.2,Raw red,Marandagahamula
2015-09-16,2920.0,58.4,Raw red,Marandagahamula
2015-09-17,2930.0,58.6,Raw red,Marandagahamula
2015-09-18,2890.0,57.8,Raw red,Marandagahamula
2015-09-21,2860.0,57.2,Raw red,Marandagahamula
2015-09-22,2860.0,57.2,Raw red,Marandagahamula
2015-09-23,2870.0,57.4,Raw red,Marandagahamula
2015-09-25,2890.0,57.8,Raw red,Marandagahamula
2015-09-28,2880.0,57.6,Raw red,Marandagahamula
2015-09-29,2880.0,57.6,Raw red,Marandagahamula
2015-10-01,2860.0,57.2,Raw red,Marandagahamula
2015-10-02,2860.0,57.2,Raw red,Marandagahamula
2015-10-05,2860.0,57.2,Raw red,Marandagahamula
2015-10-06,2880.0,57.6,Raw red,Marandagahamula
2015-10-07,2860.0,57.2,Raw red,Marandagahamula
2015-10-08,2780.0,55.6,Raw red,Marandagahamula
2015-10-09,2840.0,56.8,Raw red,Marandagahamula
2015-10-12,2850.0,57.0,Raw red,Marandagahamula
2015-10-13,2860.0,57.2,Raw red,Marandagahamula
2015-10-14,2880.0,57.6,Raw red,Marandagahamula
2015-10-15,2910.0,58.2,Raw red,Marandagahamula
2015-10-16,2910.0,58.2,Raw red,Marandagahamula
2015-10-19,2850.0,57.0,Raw red,Marandagahamula
2015-10-20,2850.0,57.0,Raw red,Marandagahamula
2015-10-21,2850.0,57.0,Raw red,Marandagahamula
2015-10-22,2860.0,57.2,Raw red,Marandagahamula
2015-10-23,2870.0,57.4,Raw red,Marandagahamula
2015-10-26,2800.0,56.0,Raw red,Marandagahamula
2015-10-28,2850.0,57.0,Raw red,Marandagahamula
2015-10-29,2850.0,57.0,Raw red,Marandagahamula
2015-10-30,2850.0,57.0,Raw red,Marandagahamula
2015-11-02,2870.0,57.4,Raw red,Marandagahamula
2015-11-03,2870.0,57.4,Raw red,Marandagahamula
2015-11-04,2870.0,57.4,Raw red,Marandagahamula
2015-11-05,2870.0,57.4,Raw red,Marandagahamula
2015-11-16,2900.0,58.0,Raw red,Marandagahamula
2015-11-17,2920.0,58.4,Raw red,Marandagahamula
2015-11-18,2890.0,57.8,Raw red,Marandagahamula
2015-11-19,2890.0,57.8,Raw red,Marandagahamula
2015-11-20,2930.0,58.6,Raw red,Marandagahamula
2015-11-23,2950.0,59.0,Raw red,Marandagahamula
2015-11-24,2950.0,59.0,Raw red,Marandagahamula
2015-11-26,2950.0,59.0,Raw red,Marandagahamula
2015-11-27,2960.0,59.2,Raw red,Marandagahamula
2015-11-30,3010.0,60.2,Raw red,Marandagahamula
2015-12-01,3000.0,60.0,Raw red,Marandagahamula
2015-12-02,2990.0,59.8,Raw red,Marandagahamula
2015-12-03,3010.0,60.2,Raw red,Marandagahamula
2015-12-04,3120.0,62.4,Raw red,Marandagahamula
2015-12-07,3020.0,60.4,Raw red,Marandagahamula
2015-12-08,3020.0,60.4,Raw red,Marandagahamula
2015-12-09,3060.0,61.2,Raw red,Marandagahamula
2015-12-10,3030.0,60.6,Raw red,Marandagahamula
2015-12-11,3070.0,61.4,Raw red,Marandagahamula
2015-12-14,3030.0,60.6,Raw red,Marandagahamula
2015-12-15,3120.0,62.4,Raw red,Marandagahamula
2015-12-16,3130.0,62.6,Raw red,Marandagahamula
2015-12-17,3200.0,64.0,Raw red,Marandagahamula
2015-12-18,3140.0,62.8,Raw red,Marandagahamula
2015-12-20,3120.0,62.4,Raw red,Marandagahamula
2015-12-21,3120.0,62.4,Raw red,Marandagahamula
2015-12-22,3090.0,61.8,Raw red,Marandagahamula
2015-12-23,3090.0,61.8,Raw red,Marandagahamula
2015-12-28,3070.0,61.4,Raw red,Marandagahamula
2015-12-29,3090.0,61.8,Raw red,Marandagahamula
2015-12-30,3070.0,61.4,Raw red,Marandagahamula
2015-12-31,3010.0,60.2,Raw red,Marandagahamula
2016-01-04,3110.0,62.2,Raw red,Marandagahamula
2016-01-05,3110.0,62.2,Raw red,Marandagahamula
2016-01-06,3100.0,62.0,Raw red,Marandagahamula
2016-01-07,3070.0,61.4,Raw red,Marandagahamula
2016-01-08,3050.0,61.0,Raw red,Marandagahamula
2016-01-11,2980.0,59.6,Raw red,Marandagahamula
2016-01-12,3000.0,60.0,Raw red,Marandagahamula
2016-01-13,3000.0,60.0,Raw red,Marandagahamula
2016-04-07,2560.0,51.2,Raw red,Marandagahamula
2016-04-08,2530.0,50.6,Raw red,Marandagahamula
2016-04-11,2520.0,50.4,Raw red,Marandagahamula
2016-04-18,2520.0,50.4,Raw red,Marandagahamula
2016-04-19,2540.0,50.8,Raw red,Marandagahamula
2016-04-20,2540.0,50.8,Raw red,Marandagahamula
2016-04-22,2540.0,50.8,Raw red,Marandagahamula
2016-04-25,2530.0,50.6,Raw red,Marandagahamula
2016-04-26,2550.0,51.0,Raw red,Marandagahamula
2016-04-27,2530.0,50.6,Raw red,Marandagahamula
2016-04-28,2530.0,50.6,Raw red,Marandagahamula
2016-04-29,2550.0,51.0,Raw red,Marandagahamula
2016-05-02,2750.0,55.0,Raw red,Marandagahamula
2016-05-03,2550.0,51.0,Raw red,Marandagahamula
2016-05-04,2620.0,52.4,Raw red,Marandagahamula
2016-05-05,2620.0,52.4,Raw red,Marandagahamula
2016-05-06,2620.0,52.4,Raw red,Marandagahamula
2016-05-09,2620.0,52.4,Raw red,Marandagahamula
2016-05-10,2610.0,52.2,Raw red,Marandagahamula
2016-05-11,2610.0,52.2,Raw red,Marandagahamula
2016-05-12,2640.0,52.8,Raw red,Marandagahamula
2016-05-13,2650.0,53.0,Raw red,Marandagahamula
2016-05-16,2650.0,53.0,Raw red,Marandagahamula
2016-05-17,2670.0,53.4,Raw red,Marandagahamula
2016-05-18,2720.0,54.4,Raw red,Marandagahamula
2016-05-19,2720.0,54.4,Raw red,Marandagahamula
2016-05-20,2720.0,54.4,Raw red,Marandagahamula
2016-05-23,2720.0,54.4,Raw red,Marandagahamula
2016-05-24,2770.0,55.4,Raw red,Marandagahamula
2016-05-25,2770.0,55.4,Raw red,Marandagahamula
2016-05-26,2760.0,55.2,Raw red,Marandagahamula
2016-05-27,2760.0,55.2,Raw red,Marandagahamula
2016-05-30,2760.0,55.2,Raw red,Marandagahamula
2016-05-31,2720.0,54.4,Raw red,Marandagahamula
2016-06-01,2720.0,54.4,Raw red,Marandagahamula
2016-06-02,2720.0,54.4,Raw red,Marandagahamula
2016-06-03,2680.0,53.6,Raw red,Marandagahamula
2016-06-06,2680.0,53.6,Raw red,Marandagahamula
2016-06-07,2720.0,54.4,Raw red,Marandagahamula
2016-06-08,2720.0,54.4,Raw red,Marandagahamula
2016-06-09,2700.0,54.0,Raw red,Marandagahamula
2016-06-10,2680.0,53.6,Raw red,Marandagahamula
2016-06-13,2640.0,52.8,Raw red,Marandagahamula
2016-06-14,2700.0,54.0,Raw red,Marandagahamula
2016-06-15,2650.0,53.0,Raw red,Marandagahamula
2016-06-16,2650.0,53.0,Raw red,Marandagahamula
2016-06-17,2660.0,53.2,Raw red,Marandagahamula
2016-06-20,2630.0,52.6,Raw red,Marandagahamula
2016-06-21,2630.0,52.6,Raw red,Marandagahamula
2016-06-22,2650.0,53.0,Raw red,Marandagahamula
2016-06-23,2650.0,53.0,Raw red,Marandagahamula
2016-06-24,2650.0,53.0,Raw red,Marandagahamula
2016-06-27,2650.0,53.0,Raw red,Marandagahamula
2016-06-28,2650.0,53.0,Raw red,Marandagahamula
2016-06-29,2650.0,53.0,Raw red,Marandagahamula
2016-06-30,2650.0,53.0,Raw red,Marandagahamula
2016-07-01,2650.0,53.0,Raw red,Marandagahamula
2016-07-04,2640.0,52.8,Raw red,Marandagahamula
2016-07-05,2610.0,52.2,Raw red,Marandagahamula
2016-07-06,2620.0,52.4,Raw red,Marandagahamula
2016-07-07,2620.0,52.4,Raw red,Marandagahamula
2016-07-08,2620.0,52.4,Raw red,Marandagahamula
2016-07-11,2590.0,51.8,Raw red,Marandagahamula
2016-07-12,2580.0,51.6,Raw red,Marandagahamula
2016-07-13,2580.0,51.6,Raw red,Marandagahamula
2016-07-14,2550.0,51.0,Raw red,Marandagahamula
2016-07-15,2550.0,51.0,Raw red,Marandagahamula
2016-07-18,2550.0,51.0,Raw red,Marandagahamula
2016-07-20,2570.0,51.4,Raw red,Marandagahamula
2016-07-21,2590.0,51.8,Raw red,Marandagahamula
2016-07-22,2570.0,51.4,Raw red,Marandagahamula
2016-07-25,2570.0,51.4,Raw red,Marandagahamula
2016-07-26,2550.0,51.0,Raw red,Marandagahamula
2016-07-27,2590.0,51.8,Raw red,Marandagahamula
2016-07-28,2610.0,52.2,Raw red,Marandagahamula
2016-07-29,2570.0,51.4,Raw red,Marandagahamula
2016-08-01,2570.0,51.4,Raw red,Marandagahamula
2016-08-02,2580.0,51.6,Raw red,Marandagahamula
2016-08-03,2600.0,52.0,Raw red,Marandagahamula
2016-08-04,2600.0,52.0,Raw red,Marandagahamula
2016-08-05,2610.0,52.2,Raw red,Marandagahamula
2016-08-08,2710.0,54.2,Raw red,Marandagahamula
2016-08-09,2710.0,54.2,Raw red,Marandagahamula
2016-08-10,2710.0,54.2,Raw red,Marandagahamula
2016-08-11,2730.0,54.6,Raw red,Marandagahamula
2016-08-12,2700.0,54.0,Raw red,Marandagahamula
2016-08-15,2760.0,55.2,Raw red,Marandagahamula
2016-08-16,2900.0,58.0,Raw red,Marandagahamula
2016-08-18,2700.0,54.0,Raw red,Marandagahamula
2016-08-19,2920.0,58.4,Raw red,Marandagahamula
2016-08-22,2950.0,59.0,Raw red,Marandagahamula
2016-08-23,2940.0,58.8,Raw red,Marandagahamula
2016-08-24,2880.0,57.6,Raw red,Marandagahamula
2016-08-29,2960.0,59.2,Raw red,Marandagahamula
2016-08-30,2950.0,59.0,Raw red,Marandagahamula
2016-08-31,2960.0,59.2,Raw red,Marandagahamula
2016-09-01,2960.0,59.2,Raw red,Marandagahamula
2016-09-02,2960.0,59.2,Raw red,Marandagahamula
2016-09-05,2960.0,59.2,Raw red,Marandagahamula
2016-09-06,2960.0,59.2,Raw red,Marandagahamula
2016-09-07,2960.0,59.2,Raw red,Marandagahamula
2016-09-08,2950.0,59.0,Raw red,Marandagahamula
2016-09-09,2960.0,59.2,Raw red,Marandagahamula
2016-09-13,2960.0,59.2,Raw red,Marandagahamula
2016-09-14,2960.0,59.2,Raw red,Marandagahamula
2016-09-15,2960.0,59.2,Raw red,Marandagahamula
2016-09-19,2960.0,59.2,Raw red,Marandagahamula
2016-09-20,2960.0,59.2,Raw red,Marandagahamula
2016-09-21,2960.0,59.2,Raw red,Marandagahamula
2016-09-22,2960.0,59.2,Raw red,Marandagahamula
2016-09-23,2940.0,58.8,Raw red,Marandagahamula
2016-09-26,3000.0,60.0,Raw red,Marandagahamula
2016-09-27,2990.0,59.8,Raw red,Marandagahamula
2016-09-28,3000.0,60.0,Raw red,Marandagahamula
2016-09-29,3090.0,61.8,Raw red,Marandagahamula
2016-09-30,3090.0,61.8,Raw red,Marandagahamula
2016-10-03,3170.0,63.4,Raw red,Marandagahamula
2016-10-04,3160.0,63.2,Raw red,Marandagahamula
2016-10-05,3160.0,63.2,Raw red,Marandagahamula
2016-10-06,3250.0,65.0,Raw red,Marandagahamula
2016-10-07,3240.0,64.8,Raw red,Marandagahamula
2016-10-10,3240.0,64.8,Raw red,Marandagahamula
2016-10-11,3310.0,66.2,Raw red,Marandagahamula
2016-10-12,3310.0,66.2,Raw red,Marandagahamula
2016-10-13,3310.0,66.2,Raw red,Marandagahamula
2016-10-14,3280.0,65.6,Raw red,Marandagahamula
2016-10-17,3260.0,65.2,Raw red,Marandagahamula
2016-10-18,3260.0,65.2,Raw red,Marandagahamula
2016-10-19,3260.0,65.2,Raw red,Marandagahamula
2016-10-20,3230.0,64.6,Raw red,Marandagahamula
2016-10-21,3240.0,64.8,Raw red,Marandagahamula
2016-10-24,3260.0,65.2,Raw red,Marandagahamula
2016-10-25,3270.0,65.4,Raw red,Marandagahamula
2016-10-26,3270.0,65.4,Raw red,Marandagahamula
2016-10-27,3340.0,66.8,Raw red,Marandagahamula
2016-10-28,3340.0,66.8,Raw red,Marandagahamula
2016-10-31,3350.0,67.0,Raw red,Marandagahamula
2016-11-01,3350.0,67.0,Raw red,Marandagahamula
2016-11-02,3350.0,67.0,Raw red,Marandagahamula
2016-11-03,3350.0,67.0,Raw red,Marandagahamula
2016-11-04,3360.0,67.2,Raw red,Marandagahamula
2016-11-07,3340.0,66.8,Raw red,Marandagahamula
2016-11-08,3420.0,68.4,Raw red,Marandagahamula
2016-11-09,3450.0,69.0,Raw red,Marandagahamula
2016-11-10,3450.0,69.0,Raw red,Marandagahamula
2016-11-11,3450.0,69.0,Raw red,Marandagahamula
2016-11-15,3450.0,69.0,Raw red,Marandagahamula
2016-11-16,3460.0,69.2,Raw red,Marandagahamula
2016-11-17,3460.0,69.2,Raw red,Marandagahamula
2016-11-18,3520.0,70.4,Raw red,Marandagahamula
2016-11-21,3710.0,74.2,Raw red,Marandagahamula
2016-11-22,3710.0,74.2,Raw red,Marandagahamula
2016-11-23,3740.0,74.8,Raw red,Marandagahamula
2016-11-24,3750.0,75.0,Raw red,Marandagahamula
2016-11-25,3730.0,74.6,Raw red,Marandagahamula
2016-11-28,3750.0,75.0,Raw red,Marandagahamula
2016-11-29,3740.0,74.8,Raw red,Marandagahamula
2016-11-30,3740.0,74.8,Raw red,Marandagahamula
2016-12-01,3740.0,74.8,Raw red,Marandagahamula
2016-12-02,3740.0,74.8,Raw red,Marandagahamula
2016-12-05,3790.0,75.8,Raw red,Marandagahamula
2016-12-06,3790.0,75.8,Raw red,Marandagahamula
2016-12-07,3790.0,75.8,Raw red,Marandagahamula
2016-12-08,3790.0,75.8,Raw red,Marandagahamula
2016-12-09,3770.0,75.4,Raw red,Marandagahamula
2016-12-14,3760.0,75.2,Raw red,Marandagahamula
2016-12-15,3760.0,75.2,Raw red,Marandagahamula
2016-12-16,3760.0,75.2,Raw red,Marandagahamula
2016-12-19,3960.0,79.2,Raw red,Marandagahamula
2016-12-20,3960.0,79.2,Raw red,Marandagahamula
2016-12-21,3960.0,79.2,Raw red,Marandagahamula
2016-12-22,3940.0,78.8,Raw red,Marandagahamula
2016-12-23,3960.0,79.2,Raw red,Marandagahamula
2016-12-26,3950.0,79.0,Raw red,Marandagahamula
2016-12-27,3950.0,79.0,Raw red,Marandagahamula
2016-12-28,3960.0,79.2,Raw red,Marandagahamula
2016-12-29,3960.0,79.2,Raw red,Marandagahamula
2016-12-30,3960.0,79.2,Raw red,Marandagahamula
2017-01-02,4020.0,80.4,Raw red,Marandagahamula
2017-01-03,3990.0,79.8,Raw red,Marandagahamula
2017-01-04,4020.0,80.4,Raw red,Marandagahamula
2017-01-05,4030.0,80.6,Raw red,Marandagahamula
2017-01-06,4030.0,80.6,Raw red,Marandagahamula
2017-01-09,4020.0,80.4,Raw red,Marandagahamula
2017-01-10,4030.0,80.6,Raw red,Marandagahamula
2017-01-11,4030.0,80.6,Raw red,Marandagahamula
2017-01-13,3320.0,66.4,Raw red,Marandagahamula
2017-01-16,4030.0,80.6,Raw red,Marandagahamula
2017-01-17,4036.0,80.72,Raw red,Marandagahamula
2017-01-18,4030.0,80.6,Raw red,Marandagahamula
2017-01-19,4040.0,80.8,Raw red,Marandagahamula
2017-01-20,4100.0,82.0,Raw red,Marandagahamula
2017-01-23,4200.0,84.0,Raw red,Marandagahamula
2017-01-24,4190.0,83.8,Raw red,Marandagahamula
2017-01-25,4190.0,83.8,Raw red,Marandagahamula
2017-01-26,4190.0,83.8,Raw red,Marandagahamula
2017-01-27,4190.0,83.8,Raw red,Marandagahamula
2017-01-30,4870.0,97.4,Raw red,Marandagahamula
2017-01-31,4870.0,97.4,Raw red,Marandagahamula
2017-05-05,3780.0,75.6,Raw red,Marandagahamula
2017-05-08,3830.0,76.6,Raw red,Marandagahamula
2017-05-09,3770.0,75.4,Raw red,Marandagahamula
2017-05-12,3770.0,75.4,Raw red,Marandagahamula
2017-05-15,4120.0,82.4,Raw red,Marandagahamula
2017-05-16,4120.0,82.4,Raw red,Marandagahamula
2017-05-17,4210.0,84.2,Raw red,Marandagahamula
2017-05-18,4280.0,85.6,Raw red,Marandagahamula
2017-05-19,4280.0,85.6,Raw red,Marandagahamula
2017-05-23,4260.0,85.2,Raw red,Marandagahamula
2017-05-24,4290.0,85.8,Raw red,Marandagahamula
2017-05-25,4270.0,85.4,Raw red,Marandagahamula
2017-05-26,4280.0,85.6,Raw red,Marandagahamula
2017-05-29,4060.0,81.2,Raw red,Marandagahamula
2017-05-30,4040.0,80.8,Raw red,Marandagahamula
2017-05-31,3960.0,79.2,Raw red,Marandagahamula
2017-06-02,4010.0,80.2,Raw red,Marandagahamula
2017-06-05,4130.0,82.6,Raw red,Marandagahamula
2017-06-06,4040.0,80.8,Raw red,Marandagahamula
2017-06-07,4080.0,81.6,Raw red,Marandagahamula
2017-06-09,4090.0,81.8,Raw red,Marandagahamula
2017-06-12,4190.0,83.8,Raw red,Marandagahamula
2017-06-13,4160.0,83.2,Raw red,Marandagahamula
2017-06-14,4120.0,82.4,Raw red,Marandagahamula
2017-06-15,4110.0,82.2,Raw red,Marandagahamula
2017-06-16,4170.0,83.4,Raw red,Marandagahamula
2017-06-19,4150.0,83.0,Raw red,Marandagahamula
2017-06-20,4080.0,81.6,Raw red,Marandagahamula
2017-06-21,4080.0,81.6,Raw red,Marandagahamula
2017-06-22,4100.0,82.0,Raw red,Marandagahamula
2017-06-23,4080.0,81.6,Raw red,Marandagahamula
2017-06-27,4110.0,82.2,Raw red,Marandagahamula
2017-06-28,4120.0,82.4,Raw red,Marandagahamula
2017-06-29,4220.0,84.4,Raw red,Marandagahamula
2017-06-30,4200.0,84.0,Raw red,Marandagahamula
2017-07-03,4220.0,84.4,Raw red,Marandagahamula
2017-07-04,4190.0,83.8,Raw red,Marandagahamula
2017-07-05,4180.0,83.6,Raw red,Marandagahamula
2017-07-06,4200.0,84.0,Raw red,Marandagahamula
2017-07-07,4280.0,85.6,Raw red,Marandagahamula
2017-07-10,4190.0,83.8,Raw red,Marandagahamula
2017-07-11,4210.0,84.2,Raw red,Marandagahamula
2017-07-12,4240.0,84.8,Raw red,Marandagahamula
2017-07-13,4230.0,84.6,Raw red,Marandagahamula
2017-07-14,4240.0,84.8,Raw red,Marandagahamula
2017-07-17,4220.0,84.4,Raw red,Marandagahamula
2017-07-18,4220.0,84.4,Raw red,Marandagahamula
2017-07-19,4200.0,84.0,Raw red,Marandagahamula
2017-07-20,4230.0,84.6,Raw red,Marandagahamula
2017-07-21,4170.0,83.4,Raw red,Marandagahamula
2017-07-24,4150.0,83.0,Raw red,Marandagahamula
2017-07-25,4170.0,83.4,Raw red,Marandagahamula
2017-07-26,4180.0,83.6,Raw red,Marandagahamula
2017-07-27,4180.0,83.6,Raw red,Marandagahamula
2017-07-28,4180.0,83.6,Raw red,Marandagahamula
2017-07-31,4140.0,82.8,Raw red,Marandagahamula
2017-08-01,4230.0,84.6,Raw red,Marandagahamula
2017-08-02,4240.0,84.8,Raw red,Marandagahamula
2017-08-03,4200.0,84.0,Raw red,Marandagahamula
2017-08-04,4170.0,83.4,Raw red,Marandagahamula
2017-08-08,4200.0,84.0,Raw red,Marandagahamula
2017-08-09,4240.0,84.8,Raw red,Marandagahamula
2017-08-10,4160.0,83.2,Raw red,Marandagahamula
2017-08-11,4160.0,83.2,Raw red,Marandagahamula
2017-08-14,4260.0,85.2,Raw red,Marandagahamula
2017-08-15,4240.0,84.8,Raw red,Marandagahamula
2017-08-16,4160.0,83.2,Raw red,Marandagahamula
2017-08-17,4260.0,85.2,Raw red,Marandagahamula
2017-08-18,4160.0,83.2,Raw red,Marandagahamula
2017-08-21,4260.0,85.2,Raw red,Marandagahamula
2017-08-22,4260.0,85.2,Raw red,Marandagahamula
2017-08-23,4160.0,83.2,Raw red,Marandagahamula
2017-08-24,4180.0,83.6,Raw red,Marandagahamula
2017-08-25,4160.0,83.2,Raw red,Marandagahamula
2017-08-28,4260.0,85.2,Raw red,Marandagahamula
2017-08-29,4160.0,83.2,Raw red,Marandagahamula
2017-08-30,4260.0,85.2,Raw red,Marandagahamula
2017-08-31,4260.0,85.2,Raw red,Marandagahamula
2017-09-04,4250.0,85.0,Raw red,Marandagahamula
2017-09-06,4330.0,86.6,Raw red,Marandagahamula
2017-09-07,4330.0,86.6,Raw red,Marandagahamula
2017-09-08,4300.0,86.0,Raw red,Marandagahamula
2017-09-11,4240.0,84.8,Raw red,Marandagahamula
2017-09-12,4240.0,84.8,Raw red,Marandagahamula
2017-09-13,4260.0,85.2,Raw red,Marandagahamula
2017-09-14,4260.0,85.2,Raw red,Marandagahamula
2017-09-15,4280.0,85.6,Raw red,Marandagahamula
2017-09-18,4240.0,84.8,Raw red,Marandagahamula
2017-09-19,4290.0,85.8,Raw red,Marandagahamula
2017-09-20,4370.0,87.4,Raw red,Marandagahamula
2017-09-21,4390.0,87.8,Raw red,Marandagahamula
2017-09-22,4320.0,86.4,Raw red,Marandagahamula
2017-09-25,4290.0,85.8,Raw red,Marandagahamula
2017-09-26,4300.0,86.0,Raw red,Marandagahamula
2017-09-27,4270.0,85.4,Raw red,Marandagahamula
2017-09-28,4280.0,85.6,Raw red,Marandagahamula
2017-09-29,4270.0,85.4,Raw red,Marandagahamula
2017-10-02,4410.0,88.2,Raw red,Marandagahamula
2017-10-03,4420.0,88.4,Raw red,Marandagahamula
2017-10-04,4330.0,86.6,Raw red,Marandagahamula
2017-10-06,4300.0,86.0,Raw red,Marandagahamula
2017-10-09,4290.0,85.8,Raw red,Marandagahamula
2017-10-10,4300.0,86.0,Raw red,Marandagahamula
2017-10-11,4320.0,86.4,Raw red,Marandagahamula
2017-10-12,4300.0,86.0,Raw red,Marandagahamula
2017-10-13,4260.0,85.2,Raw red,Marandagahamula
2017-10-16,4320.0,86.4,Raw red,Marandagahamula
2017-10-17,4300.0,86.0,Raw red,Marandagahamula
2017-10-19,4290.0,85.8,Raw red,Marandagahamula
2017-10-20,4290.0,85.8,Raw red,Marandagahamula
2017-10-23,4080.0,81.6,Raw red,Marandagahamula
2017-10-24,4090.0,81.8,Raw red,Marandagahamula
2017-10-25,4130.0,82.6,Raw red,Marandagahamula
2017-10-26,4080.0,81.6,Raw red,Marandagahamula
2017-10-27,4080.0,81.6,Raw red,Marandagahamula
2017-10-30,4300.0,86.0,Raw red,Marandagahamula
2017-10-31,4090.0,81.8,Raw red,Marandagahamula
2017-11-01,4240.0,84.8,Raw red,Marandagahamula
2017-11-02,4310.0,86.2,Raw red,Marandagahamula
2017-11-06,4320.0,86.4,Raw red,Marandagahamula
2017-11-07,4360.0,87.2,Raw red,Marandagahamula
2017-11-08,4330.0,86.6,Raw red,Marandagahamula
2017-11-09,4340.0,86.8,Raw red,Marandagahamula
2017-11-10,4340.0,86.8,Raw red,Marandagahamula
2017-11-13,4340.0,86.8,Raw red,Marandagahamula
2017-11-14,4340.0,86.8,Raw red,Marandagahamula
2017-11-15,4120.0,82.4,Raw red,Marandagahamula
2017-11-16,4330.0,86.6,Raw red,Marandagahamula
2017-11-17,4340.0,86.8,Raw red,Marandagahamula
2017-11-20,4330.0,86.6,Raw red,Marandagahamula
2017-11-21,4360.0,87.2,Raw red,Marandagahamula
2017-11-22,4340.0,86.8,Raw red,Marandagahamula
2017-11-23,4320.0,86.4,Raw red,Marandagahamula
2017-11-24,4300.0,86.0,Raw red,Marandagahamula
2017-11-27,4440.0,88.8,Raw red,Marandagahamula
2017-11-28,4330.0,86.6,Raw red,Marandagahamula
2017-11-29,4330.0,86.6,Raw red,Marandagahamula
2017-11-30,4460.0,89.2,Raw red,Marandagahamula
2017-12-04,4090.0,81.8,Raw red,Marandagahamula
2017-12-05,4110.0,82.2,Raw red,Marandagahamula
2017-12-06,4090.0,81.8,Raw red,Marandagahamula
2017-12-07,4130.0,82.6,Raw red,Marandagahamula
2017-12-08,4090.0,81.8,Raw red,Marandagahamula
2017-12-11,4090.0,81.8,Raw red,Marandagahamula
2017-12-12,4110.0,82.2,Raw red,Marandagahamula
2017-12-13,4090.0,81.8,Raw red,Marandagahamula
2017-12-14,4110.0,82.2,Raw red,Marandagahamula
2017-12-15,4090.0,81.8,Raw red,Marandagahamula
2017-12-18,4090.0,81.8,Raw red,Marandagahamula
2017-12-19,4090.0,81.8,Raw red,Marandagahamula
2017-12-20,4090.0,81.8,Raw red,Marandagahamula
2017-12-21,4130.0,82.6,Raw red,Marandagahamula
2017-12-22,4110.0,82.2,Raw red,Marandagahamula
2017-12-26,4090.0,81.8,Raw red,Marandagahamula
2017-12-27,4090.0,81.8,Raw red,Marandagahamula
2017-12-28,4090.0,81.8,Raw red,Marandagahamula
2017-12-29,4090.0,81.8,Raw red,Marandagahamula
2018-01-02,4090.0,81.8,Raw red,Marandagahamula
2018-01-03,4110.0,82.2,Raw red,Marandagahamula
2018-01-04,4140.0,82.8,Raw red,Marandagahamula
2018-01-05,4110.0,82.2,Raw red,Marandagahamula
2018-01-08,4090.0,81.8,Raw red,Marandagahamula
2018-01-09,4130.0,82.6,Raw red,Marandagahamula
2018-01-10,4050.0,81.0,Raw red,Marandagahamula
2018-01-11,4130.0,82.6,Raw red,Marandagahamula
2018-01-12,4090.0,81.8,Raw red,Marandagahamula
2018-01-15,4050.0,81.0,Raw red,Marandagahamula
2018-01-16,4050.0,81.0,Raw red,Marandagahamula
2018-01-17,4050.0,81.0,Raw red,Marandagahamula
2018-01-18,4050.0,81.0,Raw red,Marandagahamula
2018-01-19,4050.0,81.0,Raw red,Marandagahamula
2018-01-22,4030.0,80.6,Raw red,Marandagahamula
2018-01-23,3990.0,79.8,Raw red,Marandagahamula
2018-01-24,3880.0,77.6,Raw red,Marandagahamula
2018-01-25,3880.0,77.6,Raw red,Marandagahamula
2018-01-26,3880.0,77.6,Raw red,Marandagahamula
2018-01-29,3860.0,77.2,Raw red,Marandagahamula
2018-01-30,3860.0,77.2,Raw red,Marandagahamula
2018-02-01,3780.0,75.6,Raw red,Marandagahamula
2018-02-02,3780.0,75.6,Raw red,Marandagahamula
2018-02-05,3720.0,74.4,Raw red,Marandagahamula
2018-02-07,3720.0,74.4,Raw red,Marandagahamula
2018-02-08,3720.0,74.4,Raw red,Marandagahamula
2018-02-09,3720.0,74.4,Raw red,Marandagahamula
2018-02-12,3710.0,74.2,Raw red,Marandagahamula
2018-02-14,3710.0,74.2,Raw red,Marandagahamula
2018-02-15,3710.0,74.2,Raw red,Marandagahamula
2018-02-16,3700.0,74.0,Raw red,Marandagahamula
2018-02-19,3730.0,74.6,Raw red,Marandagahamula
2018-02-20,3700.0,74.0,Raw red,Marandagahamula
2018-02-21,3710.0,74.2,Raw red,Marandagahamula
2018-02-22,3700.0,74.0,Raw red,Marandagahamula
2018-02-23,3660.0,73.2,Raw red,Marandagahamula
2018-02-26,3670.0,73.4,Raw red,Marandagahamula
2018-02-27,3570.0,71.4,Raw red,Marandagahamula
2018-02-28,3650.0,73.0,Raw red,Marandagahamula
2018-03-02,3710.0,74.2,Raw red,Marandagahamula
2018-03-05,3710.0,74.2,Raw red,Marandagahamula
2018-03-06,3680.0,73.6,Raw red,Marandagahamula
2018-03-07,3710.0,74.2,Raw red,Marandagahamula
2018-03-08,3720.0,74.4,Raw red,Marandagahamula
2018-03-09,3690.0,73.8,Raw red,Marandagahamula
2018-03-12,3680.0,73.6,Raw red,Marandagahamula
2018-03-13,3710.0,74.2,Raw red,Marandagahamula
2018-03-14,3710.0,74.2,Raw red,Marandagahamula
2018-03-15,3680.0,73.6,Raw red,Marandagahamula
2018-03-16,3820.0,76.4,Raw red,Marandagahamula
2018-03-19,3710.0,74.2,Raw red,Marandagahamula
2018-03-20,3680.0,73.6,Raw red,Marandagahamula
2018-03-21,3720.0,74.4,Raw red,Marandagahamula
2018-03-22,3710.0,74.2,Raw red,Marandagahamula
2018-03-23,3740.0,74.8,Raw red,Marandagahamula
2018-03-26,3720.0,74.4,Raw red,Marandagahamula
2018-03-27,3680.0,73.6,Raw red,Marandagahamula
2018-03-28,3830.0,76.6,Raw red,Marandagahamula
2018-04-02,3780.0,75.6,Raw red,Marandagahamula
2018-04-03,3800.0,76.0,Raw red,Marandagahamula
2018-04-04,3830.0,76.6,Raw red,Marandagahamula
2018-04-05,3810.0,76.2,Raw red,Marandagahamula
2018-04-06,3800.0,76.0,Raw red,Marandagahamula
2018-04-09,3820.0,76.4,Raw red,Marandagahamula
2018-04-10,3820.0,76.4,Raw red,Marandagahamula
2018-04-11,3820.0,76.4,Raw red,Marandagahamula
2018-04-12,3820.0,76.4,Raw red,Marandagahamula
2018-04-17,3783.33,75.6666,Raw red,Marandagahamula
2018-04-18,3762.5,75.25,Raw red,Marandagahamula
2018-04-19,3730.0,74.6,Raw red,Marandagahamula
2018-04-20,3730.0,74.6,Raw red,Marandagahamula
2018-04-23,3710.0,74.2,Raw red,Marandagahamula
2018-04-24,3770.0,75.4,Raw red,Marandagahamula
2018-04-25,3780.0,75.6,Raw red,Marandagahamula
2018-04-26,3820.0,76.4,Raw red,Marandagahamula
2018-04-27,3810.0,76.2,Raw red,Marandagahamula
2018-05-01,3620.0,72.4,Raw red,Marandagahamula
2018-05-02,3810.0,76.2,Raw red,Marandagahamula
2018-05-03,3830.0,76.6,Raw red,Marandagahamula
2018-05-04,3830.0,76.6,Raw red,Marandagahamula
2018-05-08,3820.0,76.4,Raw red,Marandagahamula
2018-05-09,3830.0,76.6,Raw red,Marandagahamula
2018-05-10,3810.0,76.2,Raw red,Marandagahamula
2018-05-11,3820.0,76.4,Raw red,Marandagahamula
2018-05-14,3810.0,76.2,Raw red,Marandagahamula
2018-05-15,3820.0,76.4,Raw red,Marandagahamula
2018-05-16,3480.0,69.6,Raw red,Marandagahamula
2018-05-17,3480.0,69.6,Raw red,Marandagahamula
2018-05-21,3810.0,76.2,Raw red,Marandagahamula
2018-05-22,3800.0,76.0,Raw red,Marandagahamula
2018-05-23,3810.0,76.2,Raw red,Marandagahamula
2018-05-24,3800.0,76.0,Raw red,Marandagahamula
2018-05-25,3810.0,76.2,Raw red,Marandagahamula
2018-05-28,3810.0,76.2,Raw red,Marandagahamula
2018-05-30,3810.0,76.2,Raw red,Marandagahamula
2018-05-31,3810.0,76.2,Raw red,Marandagahamula
2018-06-05,3690.0,73.8,Raw red,Marandagahamula
2018-06-06,3810.0,76.2,Raw red,Marandagahamula
2018-06-07,3820.0,76.4,Raw red,Marandagahamula
2018-06-08,3790.0,75.8,Raw red,Marandagahamula
2018-06-11,3790.0,75.8,Raw red,Marandagahamula
2018-06-12,3810.0,76.2,Raw red,Marandagahamula
2018-06-13,3820.0,76.4,Raw red,Marandagahamula
2018-06-14,3810.0,76.2,Raw red,Marandagahamula
2018-06-18,3810.0,76.2,Raw red,Marandagahamula
2018-06-19,3810.0,76.2,Raw red,Marandagahamula
2018-06-20,3820.0,76.4,Raw red,Marandagahamula
2018-06-21,3820.0,76.4,Raw red,Marandagahamula
2018-06-22,3810.0,76.2,Raw red,Marandagahamula
2018-06-25,3820.0,76.4,Raw red,Marandagahamula
2018-06-26,3800.0,76.0,Raw red,Marandagahamula
2018-06-28,3790.0,75.8,Raw red,Marandagahamula
2018-06-29,3800.0,76.0,Raw red,Marandagahamula
2018-07-02,3710.0,74.2,Raw red,Marandagahamula
2018-07-03,3710.0,74.2,Raw red,Marandagahamula
2018-07-04,3700.0,74.0,Raw red,Marandagahamula
2018-07-05,3690.0,73.8,Raw red,Marandagahamula
2018-07-06,3690.0,73.8,Raw red,Marandagahamula
2018-07-09,3670.0,73.4,Raw red,Marandagahamula
2018-07-10,3680.0,73.6,Raw red,Marandagahamula
2018-07-11,3690.0,73.8,Raw red,Marandagahamula
2018-07-12,3680.0,73.6,Raw red,Marandagahamula
2018-07-13,3730.0,74.6,Raw red,Marandagahamula
2018-07-16,3620.0,72.4,Raw red,Marandagahamula
2018-07-17,3620.0,72.4,Raw red,Marandagahamula
2018-07-18,3640.0,72.8,Raw red,Marandagahamula
2018-07-19,3640.0,72.8,Raw red,Marandagahamula
2018-07-20,3620.0,72.4,Raw red,Marandagahamula
2018-07-23,3640.0,72.8,Raw red,Marandagahamula
2018-07-24,3660.0,73.2,Raw red,Marandagahamula
2018-07-25,3590.0,71.8,Raw red,Marandagahamula
2018-07-26,3580.0,71.6,Raw red,Marandagahamula
2018-07-30,3580.0,71.6,Raw red,Marandagahamula
2018-07-31,3590.0,71.8,Raw red,Marandagahamula
2018-08-01,3620.0,72.4,Raw red,Marandagahamula
2018-08-02,3670.0,73.4,Raw red,Marandagahamula
2018-08-03,3660.0,73.2,Raw red,Marandagahamula
2018-08-06,3660.0,73.2,Raw red,Marandagahamula
2018-08-07,3690.0,73.8,Raw red,Marandagahamula
2018-08-08,3700.0,74.0,Raw red,Marandagahamula
2018-08-09,3190.0,63.8,Raw red,Marandagahamula
2018-08-10,3190.0,63.8,Raw red,Marandagahamula
2018-08-13,3170.0,63.4,Raw red,Marandagahamula
2018-08-14,3250.0,65.0,Raw red,Marandagahamula
2018-08-15,3240.0,64.8,Raw red,Marandagahamula
2018-08-16,3250.0,65.0,Raw red,Marandagahamula
2018-08-17,3210.0,64.2,Raw red,Marandagahamula
2018-08-20,3280.0,65.6,Raw red,Marandagahamula
2018-08-21,3270.0,65.4,Raw red,Marandagahamula
2018-08-23,3740.0,74.8,Raw red,Marandagahamula
2018-08-24,3750.0,75.0,Raw red,Marandagahamula
2018-08-27,3700.0,74.0,Raw red,Marandagahamula
2018-08-28,3750.0,75.0,Raw red,Marandagahamula
2018-08-29,3730.0,74.6,Raw red,Marandagahamula
2018-09-03,3740.0,74.8,Raw red,Marandagahamula
2018-09-04,3680.0,73.6,Raw red,Marandagahamula
2018-09-05,3700.0,74.0,Raw red,Marandagahamula
2018-09-06,3710.0,74.2,Raw red,Marandagahamula
2018-09-07,3270.0,65.4,Raw red,Marandagahamula
2018-09-10,3290.0,65.8,Raw red,Marandagahamula
2018-09-11,3700.0,74.0,Raw red,Marandagahamula
2018-09-12,3700.0,74.0,Raw red,Marandagahamula
2018-09-13,3290.0,65.8,Raw red,Marandagahamula
2018-09-14,3280.0,65.6,Raw red,Marandagahamula
2018-09-17,3270.0,65.4,Raw red,Marandagahamula
2018-09-18,3690.0,73.8,Raw red,Marandagahamula
2018-09-19,3640.0,72.8,Raw red,Marandagahamula
2018-09-20,3290.0,65.8,Raw red,Marandagahamula
2018-09-21,3300.0,66.0,Raw red,Marandagahamula
2018-09-25,3280.0,65.6,Raw red,Marandagahamula
2018-09-26,3640.0,72.8,Raw red,Marandagahamula
2018-09-27,3700.0,74.0,Raw red,Marandagahamula
2018-09-28,3250.0,65.0,Raw red,Marandagahamula
2018-10-01,3630.0,72.6,Raw red,Marandagahamula
2018-10-02,3670.0,73.4,Raw red,Marandagahamula
2018-10-03,3270.0,65.4,Raw red,Marandagahamula
2018-10-04,3230.0,64.6,Raw red,Marandagahamula
2018-10-05,3230.0,64.6,Raw red,Marandagahamula
2018-10-08,3280.0,65.6,Raw red,Marandagahamula
2018-10-09,3260.0,65.2,Raw red,Marandagahamula
2018-10-10,3250.0,65.0,Raw red,Marandagahamula
2018-10-11,3250.0,65.0,Raw red,Marandagahamula
2018-10-12,3260.0,65.2,Raw red,Marandagahamula
2018-10-15,3260.0,65.2,Raw red,Marandagahamula
2018-10-16,3280.0,65.6,Raw red,Marandagahamula
2018-10-17,3280.0,65.6,Raw red,Marandagahamula
2018-10-18,3270.0,65.4,Raw red,Marandagahamula
2018-10-19,3280.0,65.6,Raw red,Marandagahamula
2018-10-22,3310.0,66.2,Raw red,Marandagahamula
2018-10-23,3380.0,67.6,Raw red,Marandagahamula
2018-10-25,3380.0,67.6,Raw red,Marandagahamula
2018-10-29,3370.0,67.4,Raw red,Marandagahamula
2018-10-30,3370.0,67.4,Raw red,Marandagahamula
2018-10-31,3370.0,67.4,Raw red,Marandagahamula
2018-11-01,3370.0,67.4,Raw red,Marandagahamula
2018-11-02,3370.0,67.4,Raw red,Marandagahamula
2018-11-05,3420.0,68.4,Raw red,Marandagahamula
2018-11-07,3380.0,67.6,Raw red,Marandagahamula
2018-11-08,3390.0,67.8,Raw red,Marandagahamula
2018-11-09,3420.0,68.4,Raw red,Marandagahamula
2018-11-12,3420.0,68.4,Raw red,Marandagahamula
2018-11-13,3390.0,67.8,Raw red,Marandagahamula
2018-11-14,3430.0,68.6,Raw red,Marandagahamula
2018-11-15,3430.0,68.6,Raw red,Marandagahamula
2018-11-16,3440.0,68.8,Raw red,Marandagahamula
2018-11-19,3460.0,69.2,Raw red,Marandagahamula
2018-11-21,3450.0,69.0,Raw red,Marandagahamula
2018-11-23,3450.0,69.0,Raw red,Marandagahamula
2018-11-26,3480.0,69.6,Raw red,Marandagahamula
2018-11-27,3520.0,70.4,Raw red,Marandagahamula
2018-11-28,3510.0,70.2,Raw red,Marandagahamula
2018-11-29,3520.0,70.4,Raw red,Marandagahamula
2018-11-30,3520.0,70.4,Raw red,Marandagahamula
2018-12-03,3950.0,79.0,Raw red,Marandagahamula
2018-12-04,3480.0,69.6,Raw red,Marandagahamula
2018-12-05,3480.0,69.6,Raw red,Marandagahamula
2018-12-06,3530.0,70.6,Raw red,Marandagahamula
2018-12-07,3480.0,69.6,Raw red,Marandagahamula
2018-12-10,3500.0,70.0,Raw red,Marandagahamula
2018-12-11,3520.0,70.4,Raw red,Marandagahamula
2018-12-12,3530.0,70.6,Raw red,Marandagahamula
2018-12-13,3510.0,70.2,Raw red,Marandagahamula
2018-12-14,3530.0,70.6,Raw red,Marandagahamula
2018-12-17,3550.0,71.0,Raw red,Marandagahamula
2018-12-18,3570.0,71.4,Raw red,Marandagahamula
2018-12-19,3530.0,70.6,Raw red,Marandagahamula
2018-12-20,3530.0,70.6,Raw red,Marandagahamula
2018-12-21,3530.0,70.6,Raw red,Marandagahamula
2018-12-26,3550.0,71.0,Raw red,Marandagahamula
2018-12-27,3520.0,70.4,Raw red,Marandagahamula
2018-12-28,3550.0,71.0,Raw red,Marandagahamula
2018-12-31,3610.0,72.2,Raw red,Marandagahamula
2019-01-01,3520.0,70.4,Raw red,Marandagahamula
2019-01-02,3540.0,70.8,Raw red,Marandagahamula
2019-01-03,3560.0,71.2,Raw red,Marandagahamula
2019-01-04,3520.0,70.4,Raw red,Marandagahamula
2019-01-07,3480.0,69.6,Raw red,Marandagahamula
2019-01-08,3530.0,70.6,Raw red,Marandagahamula
2019-01-09,3530.0,70.6,Raw red,Marandagahamula
2019-01-10,3550.0,71.0,Raw red,Marandagahamula
2019-01-11,3490.0,69.8,Raw red,Marandagahamula
2019-01-14,3510.0,70.2,Raw red,Marandagahamula
2019-01-16,3510.0,70.2,Raw red,Marandagahamula
2019-01-17,3530.0,70.6,Raw red,Marandagahamula
2019-01-18,3520.0,70.4,Raw red,Marandagahamula
2019-01-21,3530.0,70.6,Raw red,Marandagahamula
2019-01-22,3520.0,70.4,Raw red,Marandagahamula
2019-01-23,3550.0,71.0,Raw red,Marandagahamula
2019-01-24,3530.0,70.6,Raw red,Marandagahamula
2019-01-25,3520.0,70.4,Raw red,Marandagahamula
2019-01-28,3500.0,70.0,Raw red,Marandagahamula
2019-01-29,3480.0,69.6,Raw red,Marandagahamula
2019-01-30,3510.0,70.2,Raw red,Marandagahamula
2019-01-31,3480.0,69.6,Raw red,Marandagahamula
2019-02-01,3530.0,70.6,Raw red,Marandagahamula
2019-02-05,3490.0,69.8,Raw red,Marandagahamula
2019-02-06,3400.0,68.0,Raw red,Marandagahamula
2019-02-07,3420.0,68.4,Raw red,Marandagahamula
2019-02-08,3470.0,69.4,Raw red,Marandagahamula
2019-02-11,3420.0,68.4,Raw red,Marandagahamula
2019-02-12,3420.0,68.4,Raw red,Marandagahamula
2019-02-13,3400.0,68.0,Raw red,Marandagahamula
2019-02-14,3400.0,68.0,Raw red,Marandagahamula
2019-02-15,3340.0,66.8,Raw red,Marandagahamula
2019-02-18,3370.0,67.4,Raw red,Marandagahamula
2019-02-21,3370.0,67.4,Raw red,Marandagahamula
2019-02-22,3400.0,68.0,Raw red,Marandagahamula
2019-02-25,3360.0,67.2,Raw red,Marandagahamula
2019-02-26,3360.0,67.2,Raw red,Marandagahamula
2019-02-27,3360.0,67.2,Raw red,Marandagahamula
2019-02-28,3360.0,67.2,Raw red,Marandagahamula
2019-03-01,3380.0,67.6,Raw red,Marandagahamula
2019-03-05,3370.0,67.4,Raw red,Marandagahamula
2019-03-06,3310.0,66.2,Raw red,Marandagahamula
2019-03-07,3290.0,65.8,Raw red,Marandagahamula
2019-03-08,3390.0,67.8,Raw red,Marandagahamula
2019-03-11,3370.0,67.4,Raw red,Marandagahamula
2019-03-12,3340.0,66.8,Raw red,Marandagahamula
2019-03-13,3170.0,63.4,Raw red,Marandagahamula
2019-03-14,3130.0,62.6,Raw red,Marandagahamula
2019-03-15,3210.0,64.2,Raw red,Marandagahamula
2019-03-18,3210.0,64.2,Raw red,Marandagahamula
2019-03-19,3170.0,63.4,Raw red,Marandagahamula
2019-03-21,3190.0,63.8,Raw red,Marandagahamula
2019-03-22,3180.0,63.6,Raw red,Marandagahamula
2019-03-25,3110.0,62.2,Raw red,Marandagahamula
2019-03-26,3140.0,62.8,Raw red,Marandagahamula
2019-03-27,3170.0,63.4,Raw red,Marandagahamula
2019-03-28,3180.0,63.6,Raw red,Marandagahamula
2019-03-29,3150.0,63.0,Raw red,Marandagahamula
2019-04-01,3160.0,63.2,Raw red,Marandagahamula
2019-04-02,3180.0,63.6,Raw red,Marandagahamula
2019-04-03,3180.0,63.6,Raw red,Marandagahamula
2019-04-04,3160.0,63.2,Raw red,Marandagahamula
2019-04-05,3210.0,64.2,Raw red,Marandagahamula
2019-04-08,3200.0,64.0,Raw red,Marandagahamula
2019-04-09,3200.0,64.0,Raw red,Marandagahamula
2019-04-10,3190.0,63.8,Raw red,Marandagahamula
2019-04-11,3150.0,63.0,Raw red,Marandagahamula
2019-04-12,3180.0,63.6,Raw red,Marandagahamula
2019-04-17,3180.0,63.6,Raw red,Marandagahamula
2019-04-23,3137.5,62.75,Raw red,Marandagahamula
2019-04-24,3240.0,64.8,Raw red,Marandagahamula
2019-04-25,3300.0,66.0,Raw red,Marandagahamula
2019-04-26,3270.0,65.4,Raw red,Marandagahamula
2019-04-29,3250.0,65.0,Raw red,Marandagahamula
2019-04-30,3230.0,64.6,Raw red,Marandagahamula
2019-05-02,3350.0,67.0,Raw red,Marandagahamula
2019-05-03,3350.0,67.0,Raw red,Marandagahamula
2019-05-06,3350.0,67.0,Raw red,Marandagahamula
2019-05-07,3360.0,67.2,Raw red,Marandagahamula
2019-05-08,3270.0,65.4,Raw red,Marandagahamula
2019-05-09,3220.0,64.4,Raw red,Marandagahamula
2019-05-10,3220.0,64.4,Raw red,Marandagahamula
2019-05-13,3310.0,66.2,Raw red,Marandagahamula
2019-05-14,3320.0,66.4,Raw red,Marandagahamula
2019-05-15,3320.0,66.4,Raw red,Marandagahamula
2019-05-16,3310.0,66.2,Raw red,Marandagahamula
2019-05-17,3300.0,66.0,Raw red,Marandagahamula
2019-05-21,3300.0,66.0,Raw red,Marandagahamula
2019-09-04,3590.0,71.8,Raw red,Marandagahamula
2019-09-05,3600.0,72.0,Raw red,Marandagahamula
2019-09-06,3600.0,72.0,Raw red,Marandagahamula
2019-09-09,3660.0,73.2,Raw red,Marandagahamula
2019-09-10,3660.0,73.2,Raw red,Marandagahamula
2019-09-12,3640.0,72.8,Raw red,Marandagahamula
2019-09-16,3720.0,74.4,Raw red,Marandagahamula
2019-09-17,3780.0,75.6,Raw red,Marandagahamula
2019-09-18,3760.0,75.2,Raw red,Marandagahamula
2019-09-19,3760.0,75.2,Raw red,Marandagahamula
2019-09-20,3760.0,75.2,Raw red,Marandagahamula
2019-09-23,3840.0,76.8,Raw red,Marandagahamula
2019-09-24,3840.0,76.8,Raw red,Marandagahamula
2019-09-25,3840.0,76.8,Raw red,Marandagahamula
2019-09-26,3860.0,77.2,Raw red,Marandagahamula
2019-09-27,3840.0,76.8,Raw red,Marandagahamula
2019-09-30,3880.0,77.6,Raw red,Marandagahamula
2019-10-01,3860.0,77.2,Raw red,Marandagahamula
2019-10-02,3860.0,77.2,Raw red,Marandagahamula
2019-10-03,3860.0,77.2,Raw red,Marandagahamula
2019-10-04,3860.0,77.2,Raw red,Marandagahamula
2019-10-07,3980.0,79.6,Raw red,Marandagahamula
2019-10-08,3960.0,79.2,Raw red,Marandagahamula
2019-10-09,3980.0,79.6,Raw red,Marandagahamula
2019-10-10,3960.0,79.2,Raw red,Marandagahamula
2019-10-11,3940.0,78.8,Raw red,Marandagahamula
2019-10-14,4060.0,81.2,Raw red,Marandagahamula
2019-10-15,4080.0,81.6,Raw red,Marandagahamula
2019-10-16,4080.0,81.6,Raw red,Marandagahamula
2019-10-17,4080.0,81.6,Raw red,Marandagahamula
2019-10-18,4140.0,82.8,Raw red,Marandagahamula
2019-10-21,4230.0,84.6,Raw red,Marandagahamula
2019-10-22,4260.0,85.2,Raw red,Marandagahamula
2019-10-23,4250.0,85.0,Raw red,Marandagahamula
2019-10-24,4250.0,85.0,Raw red,Marandagahamula
2019-10-25,4270.0,85.4,Raw red,Marandagahamula
2019-10-28,4400.0,88.0,Raw red,Marandagahamula
2019-10-29,4400.0,88.0,Raw red,Marandagahamula
2019-10-30,4400.0,88.0,Raw red,Marandagahamula
2019-10-31,4280.0,85.6,Raw red,Marandagahamula
2019-11-01,4260.0,85.2,Raw red,Marandagahamula
2019-11-04,4260.0,85.2,Raw red,Marandagahamula
2019-11-05,4330.0,86.6,Raw red,Marandagahamula
2019-11-06,4350.0,87.0,Raw red,Marandagahamula
2019-11-07,4360.0,87.2,Raw red,Marandagahamula
2019-11-08,4320.0,86.4,Raw red,Marandagahamula
2019-11-11,4430.0,88.6,Raw red,Marandagahamula
2019-11-13,4450.0,89.0,Raw red,Marandagahamula
2019-11-14,4440.0,88.8,Raw red,Marandagahamula
2019-11-15,4450.0,89.0,Raw red,Marandagahamula
2019-11-18,4480.0,89.6,Raw red,Marandagahamula
2019-11-19,4460.0,89.2,Raw red,Marandagahamula
2019-11-20,4470.0,89.4,Raw red,Marandagahamula
2019-11-21,4460.0,89.2,Raw red,Marandagahamula
2019-11-22,4520.0,90.4,Raw red,Marandagahamula
2019-11-25,4520.0,90.4,Raw red,Marandagahamula
2019-12-04,4800.0,96.0,Raw red,Marandagahamula
2019-12-09,5000.0,100.0,Raw red,Marandagahamula
2019-12-10,5000.0,100.0,Raw red,Marandagahamula
2019-12-12,5000.0,100.0,Raw red,Marandagahamula
2019-12-13,5000.0,100.0,Raw red,Marandagahamula
2019-12-16,5000.0,100.0,Raw red,Marandagahamula
2019-12-17,5000.0,100.0,Raw red,Marandagahamula
2019-12-18,5000.0,100.0,Raw red,Marandagahamula
2019-12-19,5000.0,100.0,Raw red,Marandagahamula
2019-12-20,5040.0,100.8,Raw red,Marandagahamula
2019-12-23,5040.0,100.8,Raw red,Marandagahamula
2019-12-24,5160.0,103.2,Raw red,Marandagahamula
2019-12-26,5110.0,102.2,Raw red,Marandagahamula
2019-12-27,5040.0,100.8,Raw red,Marandagahamula
2019-12-30,5040.0,100.8,Raw red,Marandagahamula
2019-12-31,5130.0,102.6,Raw red,Marandagahamula
2020-01-01,4800.0,96.0,Raw red,Marandagahamula
2020-01-02,5250.0,105.0,Raw red,Marandagahamula
2020-01-03,5220.0,104.4,Raw red,Marandagahamula
2020-01-06,5200.0,104.0,Raw red,Marandagahamula
2020-01-07,5270.0,105.4,Raw red,Marandagahamula
2020-01-08,5300.0,106.0,Raw red,Marandagahamula
2020-01-09,5280.0,105.6,Raw red,Marandagahamula
2020-01-13,5290.0,105.8,Raw red,Marandagahamula
2020-01-14,5300.0,106.0,Raw red,Marandagahamula
2020-01-16,5300.0,106.0,Raw red,Marandagahamula
2020-01-17,5280.0,105.6,Raw red,Marandagahamula
2020-01-20,5160.0,103.2,Raw red,Marandagahamula
2020-01-21,5160.0,103.2,Raw red,Marandagahamula
2020-01-22,5020.0,100.4,Raw red,Marandagahamula
2020-01-23,5040.0,100.8,Raw red,Marandagahamula
2020-01-24,5020.0,100.4,Raw red,Marandagahamula
2020-01-27,4750.0,95.0,Raw red,Marandagahamula
2020-01-28,4900.0,98.0,Raw red,Marandagahamula
2020-01-29,4880.0,97.6,Raw red,Marandagahamula
2020-01-30,4880.0,97.6,Raw red,Marandagahamula
2020-01-31,4862.0,97.24,Raw red,Marandagahamula
2020-02-03,4860.0,97.2,Raw red,Marandagahamula
2020-02-05,4900.0,98.0,Raw red,Marandagahamula
2020-02-06,4830.0,96.6,Raw red,Marandagahamula
2020-02-07,4800.0,96.0,Raw red,Marandagahamula
2020-02-10,4720.0,94.4,Raw red,Marandagahamula
2020-02-11,4720.0,94.4,Raw red,Marandagahamula
2020-02-12,4620.0,92.4,Raw red,Marandagahamula
2020-02-13,4680.0,93.6,Raw red,Marandagahamula
2020-02-14,4600.0,92.0,Raw red,Marandagahamula
2020-02-17,4420.0,88.4,Raw red,Marandagahamula
2020-02-18,4440.0,88.8,Raw red,Marandagahamula
2020-02-19,4460.0,89.2,Raw red,Marandagahamula
2020-02-20,4480.0,89.6,Raw red,Marandagahamula
2020-02-24,4520.0,90.4,Raw red,Marandagahamula
2020-02-25,4460.0,89.2,Raw red,Marandagahamula
2020-02-26,4440.0,88.8,Raw red,Marandagahamula
2020-02-27,4440.0,88.8,Raw red,Marandagahamula
2020-02-28,4440.0,88.8,Raw red,Marandagahamula
2020-03-02,4210.0,84.2,Raw red,Marandagahamula
2020-03-03,4210.0,84.2,Raw red,Marandagahamula
2020-03-04,4190.0,83.8,Raw red,Marandagahamula
2020-03-05,4190.0,83.8,Raw red,Marandagahamula
2020-03-06,4260.0,85.2,Raw red,Marandagahamula
2020-03-10,4300.0,86.0,Raw red,Marandagahamula
2020-03-11,4230.0,84.6,Raw red,Marandagahamula
2020-03-12,4230.0,84.6,Raw red,Marandagahamula
2020-03-13,4240.0,84.8,Raw red,Marandagahamula
2020-06-15,4650.0,93.0,Raw red,Marandagahamula
2020-06-16,4540.0,90.8,Raw red,Marandagahamula
2020-06-17,4580.0,91.6,Raw red,Marandagahamula
2020-06-18,4560.0,91.2,Raw red,Marandagahamula
2020-06-19,4560.0,91.2,Raw red,Marandagahamula
2020-06-22,4570.0,91.4,Raw red,Marandagahamula
2020-06-23,4580.0,91.6,Raw red,Marandagahamula
2020-06-24,4580.0,91.6,Raw red,Marandagahamula
2020-06-25,4540.0,90.8,Raw red,Marandagahamula
2020-06-26,4540.0,90.8,Raw red,Marandagahamula
2020-06-29,4540.0,90.8,Raw red,Marandagahamula
2020-06-30,4460.0,89.2,Raw red,Marandagahamula
2020-07-01,4460.0,89.2,Raw red,Marandagahamula
2020-07-02,4460.0,89.2,Raw red,Marandagahamula
2020-07-03,4460.0,89.2,Raw red,Marandagahamula
2020-07-06,4460.0,89.2,Raw red,Marandagahamula
2020-07-07,4450.0,89.0,Raw red,Marandagahamula
2020-07-08,4450.0,89.0,Raw red,Marandagahamula
2020-07-09,4440.0,88.8,Raw red,Marandagahamula
2020-07-10,4480.0,89.6,Raw red,Marandagahamula
2020-07-13,4440.0,88.8,Raw red,Marandagahamula
2020-07-14,4490.0,89.8,Raw red,Marandagahamula
2020-07-15,4470.0,89.4,Raw red,Marandagahamula
2020-07-16,4470.0,89.4,Raw red,Marandagahamula
2020-07-17,4450.0,89.0,Raw red,Marandagahamula
2020-07-20,4490.0,89.8,Raw red,Marandagahamula
2020-07-21,4490.0,89.8,Raw red,Marandagahamula
2020-07-22,4460.0,89.2,Raw red,Marandagahamula
2020-07-23,4450.0,89.0,Raw red,Marandagahamula
2020-07-24,4450.0,89.0,Raw red,Marandagahamula
2020-07-27,4450.0,89.0,Raw red,Marandagahamula
2020-07-28,4400.0,88.0,Raw red,Marandagahamula
2020-07-29,4420.0,88.4,Raw red,Marandagahamula
2020-07-30,4380.0,87.6,Raw red,Marandagahamula
2020-07-31,4380.0,87.6,Raw red,Marandagahamula
2020-08-04,4400.0,88.0,Raw red,Marandagahamula
2020-08-06,4380.0,87.6,Raw red,Marandagahamula
2020-08-07,4380.0,87.6,Raw red,Marandagahamula
2020-08-10,4400.0,88.0,Raw red,Marandagahamula
2020-08-11,4420.0,88.4,Raw red,Marandagahamula
2020-08-12,4430.0,88.6,Raw red,Marandagahamula
2020-08-13,4380.0,87.6,Raw red,Marandagahamula
2020-08-14,4420.0,88.4,Raw red,Marandagahamula
2020-08-17,4400.0,88.0,Raw red,Marandagahamula
2020-08-18,4400.0,88.0,Raw red,Marandagahamula
2020-08-19,4400.0,88.0,Raw red,Marandagahamula
2020-08-20,4400.0,88.0,Raw red,Marandagahamula
2020-08-21,4390.0,87.8,Raw red,Marandagahamula
2020-08-24,4440.0,88.8,Raw red,Marandagahamula
2020-08-25,4420.0,88.4,Raw red,Marandagahamula
2020-08-26,4420.0,88.4,Raw red,Marandagahamula
2020-08-27,4340.0,86.8,Raw red,Marandagahamula
2020-08-28,4400.0,88.0,Raw red,Marandagahamula
2020-08-31,4440.0,88.8,Raw red,Marandagahamula
2020-09-02,4440.0,88.8,Raw red,Marandagahamula
2021-01-12,4780.0,95.6,Raw red,Marandagahamula
2021-01-13,4820.0,96.4,Raw red,Marandagahamula
2021-01-15,4850.0,97.0,Raw red,Marandagahamula
2021-01-18,4880.0,97.6,Raw red,Marandagahamula
2021-01-19,4870.0,97.4,Raw red,Marandagahamula
2021-01-20,4870.0,97.4,Raw red,Marandagahamula
2021-01-21,4860.0,97.2,Raw red,Marandagahamula
2021-01-22,4850.0,97.0,Raw red,Marandagahamula
2021-01-25,4800.0,96.0,Raw red,Marandagahamula
2021-01-26,4800.0,96.0,Raw red,Marandagahamula
2021-01-27,4580.0,91.6,Raw red,Marandagahamula
2021-01-29,4650.0,93.0,Raw red,Marandagahamula
2021-02-01,4862.5,97.25,Raw red,Marandagahamula
2021-02-02,4600.0,92.0,Raw red,Marandagahamula
2021-02-03,4670.0,93.4,Raw red,Marandagahamula
2021-02-08,4650.0,93.0,Raw red,Marandagahamula
2021-02-09,4610.0,92.2,Raw red,Marandagahamula
2021-02-10,4590.0,91.8,Raw red,Marandagahamula
2021-02-11,4590.0,91.8,Raw red,Marandagahamula
2021-02-12,4610.0,92.2,Raw red,Marandagahamula
2021-02-15,4590.0,91.8,Raw red,Marandagahamula
2021-02-16,4570.0,91.4,Raw red,Marandagahamula
2021-02-17,4580.0,91.6,Raw red,Marandagahamula
2021-02-18,4600.0,92.0,Raw red,Marandagahamula
2021-02-19,4580.0,91.6,Raw red,Marandagahamula
2021-02-22,4620.0,92.4,Raw red,Marandagahamula
2021-02-23,4620.0,92.4,Raw red,Marandagahamula
2021-02-24,4670.0,93.4,Raw red,Marandagahamula
2021-02-25,4650.0,93.0,Raw red,Marandagahamula
2021-03-01,4580.0,91.6,Raw red,Marandagahamula
2021-03-02,4580.0,91.6,Raw red,Marandagahamula
2021-03-03,4580.0,91.6,Raw red,Marandagahamula
2021-03-04,4580.0,91.6,Raw red,Marandagahamula
2021-03-05,4580.0,91.6,Raw red,Marandagahamula
2021-03-08,4630.0,92.6,Raw red,Marandagahamula
2021-03-09,4630.0,92.6,Raw red,Marandagahamula
2021-03-10,4670.0,93.4,Raw red,Marandagahamula
2021-03-12,4660.0,93.2,Raw red,Marandagahamula
2021-03-15,4640.0,92.8,Raw red,Marandagahamula
2021-03-16,4640.0,92.8,Raw red,Marandagahamula
2021-03-17,4690.0,93.8,Raw red,Marandagahamula
2021-03-18,4690.0,93.8,Raw red,Marandagahamula
2021-03-19,4690.0,93.8,Raw red,Marandagahamula
2021-03-22,4690.0,93.8,Raw red,Marandagahamula
2021-03-23,4690.0,93.8,Raw red,Marandagahamula
2021-03-24,4690.0,93.8,Raw red,Marandagahamula
2021-03-25,4690.0,93.8,Raw red,Marandagahamula
2021-03-26,4690.0,93.8,Raw red,Marandagahamula
2021-03-29,4690.0,93.8,Raw red,Marandagahamula
2021-03-30,4700.0,94.0,Raw red,Marandagahamula
2021-03-31,4700.0,94.0,Raw red,Marandagahamula
2021-04-05,4720.0,94.4,Raw red,Marandagahamula
2021-04-06,4720.0,94.4,Raw red,Marandagahamula
2021-04-07,4740.0,94.8,Raw red,Marandagahamula
2021-04-08,4740.0,94.8,Raw red,Marandagahamula
2021-04-09,4720.0,94.4,Raw red,Marandagahamula
2021-04-19,4800.0,96.0,Raw red,Marandagahamula
2021-04-20,4800.0,96.0,Raw red,Marandagahamula
2021-04-21,4840.0,96.8,Raw red,Marandagahamula
2021-04-22,4860.0,97.2,Raw red,Marandagahamula
2021-04-23,4790.0,95.8,Raw red,Marandagahamula
2021-04-27,4960.0,99.2,Raw red,Marandagahamula
2021-04-28,4960.0,99.2,Raw red,Marandagahamula
2021-04-29,5040.0,100.8,Raw red,Marandagahamula
2021-04-30,5040.0,100.8,Raw red,Marandagahamula
2021-05-03,5100.0,102.0,Raw red,Marandagahamula
2021-05-04,5140.0,102.8,Raw red,Marandagahamula
2021-05-05,5087.5,101.75,Raw red,Marandagahamula
2021-05-06,5110.0,102.2,Raw red,Marandagahamula
2021-05-07,5200.0,104.0,Raw red,Marandagahamula
2021-05-10,4800.0,96.0,Raw red,Marandagahamula
2021-05-11,4825.0,96.5,Raw red,Marandagahamula
2021-05-12,5190.0,103.8,Raw red,Marandagahamula
2021-05-13,4840.0,96.8,Raw red,Marandagahamula
2021-05-17,4900.0,98.0,Raw red,Marandagahamula
2021-05-18,4900.0,98.0,Raw red,Marandagahamula
2021-05-19,4875.0,97.5,Raw red,Marandagahamula
2021-05-20,4875.0,97.5,Raw red,Marandagahamula
2021-05-21,5330.0,106.6,Raw red,Marandagahamula
2021-06-18,5420.0,108.4,Raw red,Marandagahamula
2021-06-21,4920.0,98.4,Raw red,Marandagahamula
2021-06-22,5390.0,107.8,Raw red,Marandagahamula
2021-06-23,5390.0,107.8,Raw red,Marandagahamula
2021-06-25,5350.0,107.0,Raw red,Marandagahamula
2021-06-28,5300.0,106.0,Raw red,Marandagahamula
2021-06-29,5300.0,106.0,Raw red,Marandagahamula
2021-06-30,5300.0,106.0,Raw red,Marandagahamula
2021-07-01,5290.0,105.8,Raw red,Marandagahamula
2021-07-02,5280.0,105.6,Raw red,Marandagahamula
2021-07-05,5200.0,104.0,Raw red,Marandagahamula
2021-07-06,5240.0,104.8,Raw red,Marandagahamula
2021-07-07,5120.0,102.4,Raw red,Marandagahamula
2021-07-08,5120.0,102.4,Raw red,Marandagahamula
2021-07-09,5120.0,102.4,Raw red,Marandagahamula
2021-07-12,4780.0,95.6,Raw red,Marandagahamula
2021-07-13,4780.0,95.6,Raw red,Marandagahamula
2021-07-14,4800.0,96.0,Raw red,Marandagahamula
2021-07-15,4800.0,96.0,Raw red,Marandagahamula
2021-07-16,5000.0,100.0,Raw red,Marandagahamula
2021-07-19,4750.0,95.0,Raw red,Marandagahamula
2021-07-20,4740.0,94.8,Raw red,Marandagahamula
2021-07-22,4730.0,94.6,Raw red,Marandagahamula
2021-07-26,4690.0,93.8,Raw red,Marandagahamula
2021-07-27,4690.0,93.8,Raw red,Marandagahamula
2021-07-28,4690.0,93.8,Raw red,Marandagahamula
2021-07-29,4690.0,93.8,Raw red,Marandagahamula
2021-07-30,4690.0,93.8,Raw red,Marandagahamula
2021-08-02,4720.0,94.4,Raw red,Marandagahamula
2021-08-03,4720.0,94.4,Raw red,Marandagahamula
2021-08-04,4700.0,94.0,Raw red,Marandagahamula
2021-08-05,4700.0,94.0,Raw red,Marandagahamula
2021-08-06,4620.0,92.4,Raw red,Marandagahamula
2021-08-09,4630.0,92.6,Raw red,Marandagahamula
2021-08-11,4720.0,94.4,Raw red,Marandagahamula
2021-08-12,4590.0,91.8,Raw red,Marandagahamula
2021-08-13,4590.0,91.8,Raw red,Marandagahamula
2021-08-16,4630.0,92.6,Raw red,Marandagahamula
2021-08-17,4720.0,94.4,Raw red,Marandagahamula
2021-09-09,4670.0,93.4,Raw red,Marandagahamula
2021-09-10,4675.0,93.5,Raw red,Marandagahamula
2021-09-13,4670.0,93.4,Raw red,Marandagahamula
2021-09-14,4660.0,93.2,Raw red,Marandagahamula
2021-09-15,4637.5,92.75,Raw red,Marandagahamula
2021-09-16,4625.0,92.5,Raw red,Marandagahamula
2021-09-17,4625.0,92.5,Raw red,Marandagahamula
2021-09-21,4687.5,93.75,Raw red,Marandagahamula
2021-09-22,4687.5,93.75,Raw red,Marandagahamula
2021-09-23,4720.0,94.4,Raw red,Marandagahamula
2021-09-24,4720.0,94.4,Raw red,Marandagahamula
2021-09-27,4700.0,94.0,Raw red,Marandagahamula
2021-09-28,4700.0,94.0,Raw red,Marandagahamula
2021-09-29,5025.0,100.5,Raw red,Marandagahamula
2021-09-30,5025.0,100.5,Raw red,Marandagahamula
2021-10-01,5025.0,100.5,Raw red,Marandagahamula
2021-10-04,5290.0,105.8,Raw red,Marandagahamula
2021-10-05,4910.0,98.2,Raw red,Marandagahamula
2021-10-06,4890.0,97.8,Raw red,Marandagahamula
2021-10-07,4940.0,98.8,Raw red,Marandagahamula
2021-10-08,5290.0,105.8,Raw red,Marandagahamula
2021-10-11,4960.0,99.2,Raw red,Marandagahamula
2021-10-12,4940.0,98.8,Raw red,Marandagahamula
2021-10-13,5350.0,107.0,Raw red,Marandagahamula
2021-10-14,5340.0,106.8,Raw red,Marandagahamula
2021-10-15,5440.0,108.8,Raw red,Marandagahamula
2021-10-18,5430.0,108.6,Raw red,Marandagahamula
2021-10-21,5560.0,111.2,Raw red,Marandagahamula
2021-10-22,5560.0,111.2,Raw red,Marandagahamula
2021-10-25,5670.0,113.4,Raw red,Marandagahamula
2021-10-26,5670.0,113.4,Raw red,Marandagahamula
2021-10-27,5080.0,101.6,Raw red,Marandagahamula
2021-10-28,5080.0,101.6,Raw red,Marandagahamula
2021-10-29,5100.0,102.0,Raw red,Marandagahamula
2021-11-01,5130.0,102.6,Raw red,Marandagahamula
2021-11-02,5150.0,103.0,Raw red,Marandagahamula
2021-11-03,5300.0,106.0,Raw red,Marandagahamula
2015-06-22,4170.0,83.4,Samba 1,Marandagahamula
2015-06-23,4170.0,83.4,Samba 1,Marandagahamula
2015-06-24,4175.0,83.5,Samba 1,Marandagahamula
2015-06-25,4175.0,83.5,Samba 1,Marandagahamula
2015-06-26,4170.0,83.4,Samba 1,Marandagahamula
2015-06-29,4275.0,85.5,Samba 1,Marandagahamula
2015-06-30,4235.0,84.7,Samba 1,Marandagahamula
2015-07-01,4235.0,84.7,Samba 1,Marandagahamula
2015-07-02,4235.0,84.7,Samba 1,Marandagahamula
2015-07-03,4225.0,84.5,Samba 1,Marandagahamula
2015-07-06,4225.0,84.5,Samba 1,Marandagahamula
2015-07-09,4225.0,84.5,Samba 1,Marandagahamula
2015-07-10,4225.0,84.5,Samba 1,Marandagahamula
2015-07-13,4265.0,85.3,Samba 1,Marandagahamula
2015-07-14,4265.0,85.3,Samba 1,Marandagahamula
2015-07-15,4265.0,85.3,Samba 1,Marandagahamula
2015-07-16,4265.0,85.3,Samba 1,Marandagahamula
2015-07-17,4265.0,85.3,Samba 1,Marandagahamula
2015-07-20,4275.0,85.5,Samba 1,Marandagahamula
2015-07-21,4295.0,85.9,Samba 1,Marandagahamula
2015-07-22,4275.0,85.5,Samba 1,Marandagahamula
2015-07-24,4293.75,85.875,Samba 1,Marandagahamula
2015-07-27,4285.0,85.7,Samba 1,Marandagahamula
2015-07-28,4285.0,85.7,Samba 1,Marandagahamula
2015-07-29,4306.25,86.125,Samba 1,Marandagahamula
2015-07-30,4306.25,86.125,Samba 1,Marandagahamula
2015-08-03,4331.25,86.625,Samba 1,Marandagahamula
2015-08-04,4331.25,86.625,Samba 1,Marandagahamula
2015-08-05,4331.25,86.625,Samba 1,Marandagahamula
2015-08-06,4331.25,86.625,Samba 1,Marandagahamula
2015-08-07,4331.25,86.625,Samba 1,Marandagahamula
2015-08-10,4331.25,86.625,Samba 1,Marandagahamula
2015-08-11,4331.25,86.625,Samba 1,Marandagahamula
2015-08-12,4331.25,86.625,Samba 1,Marandagahamula
2015-08-13,4331.25,86.625,Samba 1,Marandagahamula
2015-08-14,4331.25,86.625,Samba 1,Marandagahamula
2015-08-20,4331.25,86.625,Samba 1,Marandagahamula
2015-08-21,4331.25,86.625,Samba 1,Marandagahamula
2015-08-24,4331.25,86.625,Samba 1,Marandagahamula
2015-08-25,4331.25,86.625,Samba 1,Marandagahamula
2015-08-26,4356.25,87.125,Samba 1,Marandagahamula
2015-08-27,4356.25,87.125,Samba 1,Marandagahamula
2015-08-28,4356.25,87.125,Samba 1,Marandagahamula
2015-08-31,4365.0,87.3,Samba 1,Marandagahamula
2015-09-01,4365.0,87.3,Samba 1,Marandagahamula
2015-09-02,4355.0,87.1,Samba 1,Marandagahamula
2015-09-03,4365.0,87.3,Samba 1,Marandagahamula
2015-09-04,4356.25,87.125,Samba 1,Marandagahamula
2015-09-07,4355.0,87.1,Samba 1,Marandagahamula
2015-09-09,4355.0,87.1,Samba 1,Marandagahamula
2015-09-10,4360.0,87.2,Samba 1,Marandagahamula
2015-09-11,4355.0,87.1,Samba 1,Marandagahamula
2015-09-14,4370.0,87.4,Samba 1,Marandagahamula
2015-09-16,4356.25,87.125,Samba 1,Marandagahamula
2015-09-17,4355.0,87.1,Samba 1,Marandagahamula
2015-09-18,4345.0,86.9,Samba 1,Marandagahamula
2015-09-21,4365.0,87.3,Samba 1,Marandagahamula
2015-09-22,4370.0,87.4,Samba 1,Marandagahamula
2015-09-23,4368.75,87.375,Samba 1,Marandagahamula
2015-09-25,4365.0,87.3,Samba 1,Marandagahamula
2015-09-28,4368.75,87.375,Samba 1,Marandagahamula
2015-09-29,4368.75,87.375,Samba 1,Marandagahamula
2015-10-01,4368.75,87.375,Samba 1,Marandagahamula
2015-10-02,4365.0,87.3,Samba 1,Marandagahamula
2015-10-05,4365.0,87.3,Samba 1,Marandagahamula
2015-10-06,4365.0,87.3,Samba 1,Marandagahamula
2015-10-07,4365.0,87.3,Samba 1,Marandagahamula
2015-10-08,4365.0,87.3,Samba 1,Marandagahamula
2015-10-09,4368.75,87.375,Samba 1,Marandagahamula
2015-10-12,4375.0,87.5,Samba 1,Marandagahamula
2015-10-13,4368.75,87.375,Samba 1,Marandagahamula
2015-10-14,4456.25,89.125,Samba 1,Marandagahamula
2015-10-15,4456.25,89.125,Samba 1,Marandagahamula
2015-10-16,4468.75,89.375,Samba 1,Marandagahamula
2015-10-19,4506.25,90.125,Samba 1,Marandagahamula
2015-10-20,4506.25,90.125,Samba 1,Marandagahamula
2015-10-21,4506.25,90.125,Samba 1,Marandagahamula
2015-10-22,4506.25,90.125,Samba 1,Marandagahamula
2015-10-23,4537.5,90.75,Samba 1,Marandagahamula
2015-10-26,4531.25,90.625,Samba 1,Marandagahamula
2015-10-28,4531.25,90.625,Samba 1,Marandagahamula
2015-10-29,4531.25,90.625,Samba 1,Marandagahamula
2015-10-30,4531.25,90.625,Samba 1,Marandagahamula
2015-11-02,4531.25,90.625,Samba 1,Marandagahamula
2015-11-03,4531.25,90.625,Samba 1,Marandagahamula
2015-11-04,4531.25,90.625,Samba 1,Marandagahamula
2015-11-05,4531.25,90.625,Samba 1,Marandagahamula
2015-11-16,4555.0,91.1,Samba 1,Marandagahamula
2015-11-17,4555.0,91.1,Samba 1,Marandagahamula
2015-11-18,4555.0,91.1,Samba 1,Marandagahamula
2015-11-19,4555.0,91.1,Samba 1,Marandagahamula
2015-11-20,4550.0,91.0,Samba 1,Marandagahamula
2015-11-23,4565.0,91.3,Samba 1,Marandagahamula
2015-11-24,4555.0,91.1,Samba 1,Marandagahamula
2015-11-26,4555.0,91.1,Samba 1,Marandagahamula
2015-11-27,4570.0,91.4,Samba 1,Marandagahamula
2015-11-30,4570.0,91.4,Samba 1,Marandagahamula
2015-12-01,4570.0,91.4,Samba 1,Marandagahamula
2015-12-02,4570.0,91.4,Samba 1,Marandagahamula
2015-12-03,4570.0,91.4,Samba 1,Marandagahamula
2015-12-04,4570.0,91.4,Samba 1,Marandagahamula
2015-12-07,4570.0,91.4,Samba 1,Marandagahamula
2015-12-08,4570.0,91.4,Samba 1,Marandagahamula
2015-12-09,4570.0,91.4,Samba 1,Marandagahamula
2015-12-10,4570.0,91.4,Samba 1,Marandagahamula
2015-12-11,4570.0,91.4,Samba 1,Marandagahamula
2015-12-14,4570.0,91.4,Samba 1,Marandagahamula
2015-12-15,4570.0,91.4,Samba 1,Marandagahamula
2015-12-16,4570.0,91.4,Samba 1,Marandagahamula
2015-12-17,4570.0,91.4,Samba 1,Marandagahamula
2015-12-18,4570.0,91.4,Samba 1,Marandagahamula
2015-12-20,4570.0,91.4,Samba 1,Marandagahamula
2015-12-21,4570.0,91.4,Samba 1,Marandagahamula
2015-12-22,4580.0,91.6,Samba 1,Marandagahamula
2015-12-23,4600.0,92.0,Samba 1,Marandagahamula
2015-12-28,4600.0,92.0,Samba 1,Marandagahamula
2015-12-29,4595.0,91.9,Samba 1,Marandagahamula
2015-12-30,4600.0,92.0,Samba 1,Marandagahamula
2015-12-31,4600.0,92.0,Samba 1,Marandagahamula
2016-01-04,4600.0,92.0,Samba 1,Marandagahamula
2016-01-05,4600.0,92.0,Samba 1,Marandagahamula
2016-01-06,4600.0,92.0,Samba 1,Marandagahamula
2016-01-07,4580.0,91.6,Samba 1,Marandagahamula
2016-01-08,4600.0,92.0,Samba 1,Marandagahamula
2016-01-11,4600.0,92.0,Samba 1,Marandagahamula
2016-01-12,4600.0,92.0,Samba 1,Marandagahamula
2016-01-13,4600.0,92.0,Samba 1,Marandagahamula
2016-04-07,4340.0,86.8,Samba 1,Marandagahamula
2016-04-08,4240.0,84.8,Samba 1,Marandagahamula
2016-04-11,4180.0,83.6,Samba 1,Marandagahamula
2016-04-18,4080.0,81.6,Samba 1,Marandagahamula
2016-04-19,4040.0,80.8,Samba 1,Marandagahamula
2016-04-20,4080.0,81.6,Samba 1,Marandagahamula
2016-04-22,4140.0,82.8,Samba 1,Marandagahamula
2016-04-25,4140.0,82.8,Samba 1,Marandagahamula
2016-04-26,4180.0,83.6,Samba 1,Marandagahamula
2016-04-27,4280.0,85.6,Samba 1,Marandagahamula
2016-04-28,4280.0,85.6,Samba 1,Marandagahamula
2016-04-29,4380.0,87.6,Samba 1,Marandagahamula
2016-05-02,4520.0,90.4,Samba 1,Marandagahamula
2016-05-03,4520.0,90.4,Samba 1,Marandagahamula
2016-05-04,4520.0,90.4,Samba 1,Marandagahamula
2016-05-05,4590.0,91.8,Samba 1,Marandagahamula
2016-05-06,4590.0,91.8,Samba 1,Marandagahamula
2016-05-09,4600.0,92.0,Samba 1,Marandagahamula
2016-05-10,4590.0,91.8,Samba 1,Marandagahamula
2016-05-11,4600.0,92.0,Samba 1,Marandagahamula
2016-05-12,4620.0,92.4,Samba 1,Marandagahamula
2016-05-13,4630.0,92.6,Samba 1,Marandagahamula
2016-05-16,4620.0,92.4,Samba 1,Marandagahamula
2016-05-17,4600.0,92.0,Samba 1,Marandagahamula
2016-05-18,4590.0,91.8,Samba 1,Marandagahamula
2016-05-19,4600.0,92.0,Samba 1,Marandagahamula
2016-05-20,4600.0,92.0,Samba 1,Marandagahamula
2016-05-23,4600.0,92.0,Samba 1,Marandagahamula
2016-05-24,4590.0,91.8,Samba 1,Marandagahamula
2016-05-25,4570.0,91.4,Samba 1,Marandagahamula
2016-05-26,4560.0,91.2,Samba 1,Marandagahamula
2016-05-27,4560.0,91.2,Samba 1,Marandagahamula
2016-05-30,4560.0,91.2,Samba 1,Marandagahamula
2016-05-31,4560.0,91.2,Samba 1,Marandagahamula
2016-06-01,4560.0,91.2,Samba 1,Marandagahamula
2016-06-02,4540.0,90.8,Samba 1,Marandagahamula
2016-06-03,4540.0,90.8,Samba 1,Marandagahamula
2016-06-06,4560.0,91.2,Samba 1,Marandagahamula
2016-06-07,4560.0,91.2,Samba 1,Marandagahamula
2016-06-08,4480.0,89.6,Samba 1,Marandagahamula
2016-06-09,4520.0,90.4,Samba 1,Marandagahamula
2016-06-10,4480.0,89.6,Samba 1,Marandagahamula
2016-06-13,4500.0,90.0,Samba 1,Marandagahamula
2016-06-14,4520.0,90.4,Samba 1,Marandagahamula
2016-06-15,4520.0,90.4,Samba 1,Marandagahamula
2016-06-16,4460.0,89.2,Samba 1,Marandagahamula
2016-06-17,4460.0,89.2,Samba 1,Marandagahamula
2016-06-20,4460.0,89.2,Samba 1,Marandagahamula
2016-06-21,4520.0,90.4,Samba 1,Marandagahamula
2016-06-22,4460.0,89.2,Samba 1,Marandagahamula
2016-06-23,4460.0,89.2,Samba 1,Marandagahamula
2016-06-24,4500.0,90.0,Samba 1,Marandagahamula
2016-06-27,4500.0,90.0,Samba 1,Marandagahamula
2016-06-28,4500.0,90.0,Samba 1,Marandagahamula
2016-06-29,4500.0,90.0,Samba 1,Marandagahamula
2016-06-30,4520.0,90.4,Samba 1,Marandagahamula
2016-07-01,4460.0,89.2,Samba 1,Marandagahamula
2016-07-04,4500.0,90.0,Samba 1,Marandagahamula
2016-07-05,4480.0,89.6,Samba 1,Marandagahamula
2016-07-06,4540.0,90.8,Samba 1,Marandagahamula
2016-07-07,4540.0,90.8,Samba 1,Marandagahamula
2016-07-08,4520.0,90.4,Samba 1,Marandagahamula
2016-07-11,4540.0,90.8,Samba 1,Marandagahamula
2016-07-12,4520.0,90.4,Samba 1,Marandagahamula
2016-07-13,4480.0,89.6,Samba 1,Marandagahamula
2016-07-14,4480.0,89.6,Samba 1,Marandagahamula
2016-07-15,4500.0,90.0,Samba 1,Marandagahamula
2016-07-18,4480.0,89.6,Samba 1,Marandagahamula
2016-07-20,4500.0,90.0,Samba 1,Marandagahamula
2016-07-21,4520.0,90.4,Samba 1,Marandagahamula
2016-07-22,4520.0,90.4,Samba 1,Marandagahamula
2016-07-25,4480.0,89.6,Samba 1,Marandagahamula
2016-07-26,4500.0,90.0,Samba 1,Marandagahamula
2016-07-27,4480.0,89.6,Samba 1,Marandagahamula
2016-07-28,4480.0,89.6,Samba 1,Marandagahamula
2016-07-29,4520.0,90.4,Samba 1,Marandagahamula
2016-08-01,4520.0,90.4,Samba 1,Marandagahamula
2016-08-02,4510.0,90.2,Samba 1,Marandagahamula
2016-08-03,4540.0,90.8,Samba 1,Marandagahamula
2016-08-04,4520.0,90.4,Samba 1,Marandagahamula
2016-08-05,4480.0,89.6,Samba 1,Marandagahamula
2016-08-08,4480.0,89.6,Samba 1,Marandagahamula
2016-08-09,4480.0,89.6,Samba 1,Marandagahamula
2016-08-10,4500.0,90.0,Samba 1,Marandagahamula
2016-08-11,4520.0,90.4,Samba 1,Marandagahamula
2016-08-12,4520.0,90.4,Samba 1,Marandagahamula
2016-08-15,4480.0,89.6,Samba 1,Marandagahamula
2016-08-16,4500.0,90.0,Samba 1,Marandagahamula
2016-08-18,4540.0,90.8,Samba 1,Marandagahamula
2016-08-19,4540.0,90.8,Samba 1,Marandagahamula
2016-08-22,4560.0,91.2,Samba 1,Marandagahamula
2016-08-23,4560.0,91.2,Samba 1,Marandagahamula
2016-08-24,4550.0,91.0,Samba 1,Marandagahamula
2016-08-29,4540.0,90.8,Samba 1,Marandagahamula
2016-08-30,4540.0,90.8,Samba 1,Marandagahamula
2016-08-31,4560.0,91.2,Samba 1,Marandagahamula
2016-09-01,4520.0,90.4,Samba 1,Marandagahamula
2016-09-02,4520.0,90.4,Samba 1,Marandagahamula
2016-09-05,4540.0,90.8,Samba 1,Marandagahamula
2016-09-06,4520.0,90.4,Samba 1,Marandagahamula
2016-09-07,4520.0,90.4,Samba 1,Marandagahamula
2016-09-08,4520.0,90.4,Samba 1,Marandagahamula
2016-09-09,4500.0,90.0,Samba 1,Marandagahamula
2016-09-13,4500.0,90.0,Samba 1,Marandagahamula
2016-09-14,4500.0,90.0,Samba 1,Marandagahamula
2016-09-15,4520.0,90.4,Samba 1,Marandagahamula
2016-09-19,4480.0,89.6,Samba 1,Marandagahamula
2016-09-20,4500.0,90.0,Samba 1,Marandagahamula
2016-09-21,4500.0,90.0,Samba 1,Marandagahamula
2016-09-22,4500.0,90.0,Samba 1,Marandagahamula
2016-09-23,4520.0,90.4,Samba 1,Marandagahamula
2016-09-26,4500.0,90.0,Samba 1,Marandagahamula
2016-09-27,4500.0,90.0,Samba 1,Marandagahamula
2016-09-28,4500.0,90.0,Samba 1,Marandagahamula
2016-09-29,4500.0,90.0,Samba 1,Marandagahamula
2016-09-30,4500.0,90.0,Samba 1,Marandagahamula
2016-10-03,4500.0,90.0,Samba 1,Marandagahamula
2016-10-04,4500.0,90.0,Samba 1,Marandagahamula
2016-10-05,4500.0,90.0,Samba 1,Marandagahamula
2016-10-06,4500.0,90.0,Samba 1,Marandagahamula
2016-10-07,4500.0,90.0,Samba 1,Marandagahamula
2016-10-10,4520.0,90.4,Samba 1,Marandagahamula
2016-10-11,4560.0,91.2,Samba 1,Marandagahamula
2016-10-12,4500.0,90.0,Samba 1,Marandagahamula
2016-10-13,4500.0,90.0,Samba 1,Marandagahamula
2016-10-14,4500.0,90.0,Samba 1,Marandagahamula
2016-10-17,4500.0,90.0,Samba 1,Marandagahamula
2016-10-18,4500.0,90.0,Samba 1,Marandagahamula
2016-10-19,4500.0,90.0,Samba 1,Marandagahamula
2016-10-20,4500.0,90.0,Samba 1,Marandagahamula
2016-10-21,4500.0,90.0,Samba 1,Marandagahamula
2016-10-24,4520.0,90.4,Samba 1,Marandagahamula
2016-10-25,4520.0,90.4,Samba 1,Marandagahamula
2016-10-26,4520.0,90.4,Samba 1,Marandagahamula
2016-10-27,4520.0,90.4,Samba 1,Marandagahamula
2016-10-28,4520.0,90.4,Samba 1,Marandagahamula
2016-10-31,4540.0,90.8,Samba 1,Marandagahamula
2016-11-01,4520.0,90.4,Samba 1,Marandagahamula
2016-11-02,4520.0,90.4,Samba 1,Marandagahamula
2016-11-03,4540.0,90.8,Samba 1,Marandagahamula
2016-11-04,4540.0,90.8,Samba 1,Marandagahamula
2016-11-07,4540.0,90.8,Samba 1,Marandagahamula
2016-11-08,4540.0,90.8,Samba 1,Marandagahamula
2016-11-09,4540.0,90.8,Samba 1,Marandagahamula
2016-11-10,4540.0,90.8,Samba 1,Marandagahamula
2016-11-11,4540.0,90.8,Samba 1,Marandagahamula
2016-11-15,4540.0,90.8,Samba 1,Marandagahamula
2016-11-16,4580.0,91.6,Samba 1,Marandagahamula
2016-11-17,4580.0,91.6,Samba 1,Marandagahamula
2016-11-18,4580.0,91.6,Samba 1,Marandagahamula
2016-11-21,4580.0,91.6,Samba 1,Marandagahamula
2016-11-22,4580.0,91.6,Samba 1,Marandagahamula
2016-11-23,4560.0,91.2,Samba 1,Marandagahamula
2016-11-24,4580.0,91.6,Samba 1,Marandagahamula
2016-11-25,4540.0,90.8,Samba 1,Marandagahamula
2016-11-28,4560.0,91.2,Samba 1,Marandagahamula
2016-11-29,4560.0,91.2,Samba 1,Marandagahamula
2016-11-30,4540.0,90.8,Samba 1,Marandagahamula
2016-12-01,4540.0,90.8,Samba 1,Marandagahamula
2016-12-02,4560.0,91.2,Samba 1,Marandagahamula
2016-12-05,4560.0,91.2,Samba 1,Marandagahamula
2016-12-06,4560.0,91.2,Samba 1,Marandagahamula
2016-12-07,4560.0,91.2,Samba 1,Marandagahamula
2016-12-08,4560.0,91.2,Samba 1,Marandagahamula
2016-12-09,4560.0,91.2,Samba 1,Marandagahamula
2016-12-14,4580.0,91.6,Samba 1,Marandagahamula
2016-12-15,4600.0,92.0,Samba 1,Marandagahamula
2016-12-16,4600.0,92.0,Samba 1,Marandagahamula
2016-12-19,4580.0,91.6,Samba 1,Marandagahamula
2016-12-20,4600.0,92.0,Samba 1,Marandagahamula
2016-12-21,4600.0,92.0,Samba 1,Marandagahamula
2016-12-22,4580.0,91.6,Samba 1,Marandagahamula
2016-12-23,4580.0,91.6,Samba 1,Marandagahamula
2016-12-26,4580.0,91.6,Samba 1,Marandagahamula
2016-12-27,4580.0,91.6,Samba 1,Marandagahamula
2016-12-28,4580.0,91.6,Samba 1,Marandagahamula
2016-12-29,4580.0,91.6,Samba 1,Marandagahamula
2016-12-30,4580.0,91.6,Samba 1,Marandagahamula
2017-01-02,4560.0,91.2,Samba 1,Marandagahamula
2017-01-03,4560.0,91.2,Samba 1,Marandagahamula
2017-01-04,4560.0,91.2,Samba 1,Marandagahamula
2017-01-05,4560.0,91.2,Samba 1,Marandagahamula
2017-01-06,4540.0,90.8,Samba 1,Marandagahamula
2017-01-09,4560.0,91.2,Samba 1,Marandagahamula
2017-01-10,4580.0,91.6,Samba 1,Marandagahamula
2017-01-11,4560.0,91.2,Samba 1,Marandagahamula
2017-01-13,4560.0,91.2,Samba 1,Marandagahamula
2017-01-16,4540.0,90.8,Samba 1,Marandagahamula
2017-01-17,4560.0,91.2,Samba 1,Marandagahamula
2017-01-18,4540.0,90.8,Samba 1,Marandagahamula
2017-01-19,4600.0,92.0,Samba 1,Marandagahamula
2017-01-20,4560.0,91.2,Samba 1,Marandagahamula
2017-01-23,4670.0,93.4,Samba 1,Marandagahamula
2017-01-24,4670.0,93.4,Samba 1,Marandagahamula
2017-01-25,4670.0,93.4,Samba 1,Marandagahamula
2017-01-26,4670.0,93.4,Samba 1,Marandagahamula
2017-01-27,4670.0,93.4,Samba 1,Marandagahamula
2017-01-30,4670.0,93.4,Samba 1,Marandagahamula
2017-01-31,4710.0,94.2,Samba 1,Marandagahamula
2017-05-05,4550.0,91.0,Samba 1,Marandagahamula
2017-05-08,4580.0,91.6,Samba 1,Marandagahamula
2017-05-09,4590.0,91.8,Samba 1,Marandagahamula
2017-05-12,4590.0,91.8,Samba 1,Marandagahamula
2017-05-15,4690.0,93.8,Samba 1,Marandagahamula
2017-05-16,4720.0,94.4,Samba 1,Marandagahamula
2017-05-17,4740.0,94.8,Samba 1,Marandagahamula
2017-05-18,4750.0,95.0,Samba 1,Marandagahamula
2017-05-19,4750.0,95.0,Samba 1,Marandagahamula
2017-05-23,4740.0,94.8,Samba 1,Marandagahamula
2017-05-24,4750.0,95.0,Samba 1,Marandagahamula
2017-05-25,4770.0,95.4,Samba 1,Marandagahamula
2017-05-26,4770.0,95.4,Samba 1,Marandagahamula
2017-05-29,4760.0,95.2,Samba 1,Marandagahamula
2017-05-30,4770.0,95.4,Samba 1,Marandagahamula
2017-05-31,4760.0,95.2,Samba 1,Marandagahamula
2017-06-02,4770.0,95.4,Samba 1,Marandagahamula
2017-06-05,4770.0,95.4,Samba 1,Marandagahamula
2017-06-06,4760.0,95.2,Samba 1,Marandagahamula
2017-06-07,4760.0,95.2,Samba 1,Marandagahamula
2017-06-09,4780.0,95.6,Samba 1,Marandagahamula
2017-06-12,4780.0,95.6,Samba 1,Marandagahamula
2017-06-13,4800.0,96.0,Samba 1,Marandagahamula
2017-06-14,4800.0,96.0,Samba 1,Marandagahamula
2017-06-15,4810.0,96.2,Samba 1,Marandagahamula
2017-06-16,4800.0,96.0,Samba 1,Marandagahamula
2017-06-19,4820.0,96.4,Samba 1,Marandagahamula
2017-06-20,4770.0,95.4,Samba 1,Marandagahamula
2017-06-21,4780.0,95.6,Samba 1,Marandagahamula
2017-06-22,4800.0,96.0,Samba 1,Marandagahamula
2017-06-23,4790.0,95.8,Samba 1,Marandagahamula
2017-06-27,4770.0,95.4,Samba 1,Marandagahamula
2017-06-28,4770.0,95.4,Samba 1,Marandagahamula
2017-06-29,4770.0,95.4,Samba 1,Marandagahamula
2017-06-30,4770.0,95.4,Samba 1,Marandagahamula
2017-07-03,4780.0,95.6,Samba 1,Marandagahamula
2017-07-04,4770.0,95.4,Samba 1,Marandagahamula
2017-07-05,4790.0,95.8,Samba 1,Marandagahamula
2017-07-06,4830.0,96.6,Samba 1,Marandagahamula
2017-07-07,4800.0,96.0,Samba 1,Marandagahamula
2017-07-10,4760.0,95.2,Samba 1,Marandagahamula
2017-07-11,4770.0,95.4,Samba 1,Marandagahamula
2017-07-12,4820.0,96.4,Samba 1,Marandagahamula
2017-07-13,4770.0,95.4,Samba 1,Marandagahamula
2017-07-14,4790.0,95.8,Samba 1,Marandagahamula
2017-07-17,4770.0,95.4,Samba 1,Marandagahamula
2017-07-18,4790.0,95.8,Samba 1,Marandagahamula
2017-07-19,4770.0,95.4,Samba 1,Marandagahamula
2017-07-20,4760.0,95.2,Samba 1,Marandagahamula
2017-07-21,4770.0,95.4,Samba 1,Marandagahamula
2017-07-24,4770.0,95.4,Samba 1,Marandagahamula
2017-07-25,4770.0,95.4,Samba 1,Marandagahamula
2017-07-26,4770.0,95.4,Samba 1,Marandagahamula
2017-07-27,4770.0,95.4,Samba 1,Marandagahamula
2017-07-28,4760.0,95.2,Samba 1,Marandagahamula
2017-07-31,4770.0,95.4,Samba 1,Marandagahamula
2017-08-01,4770.0,95.4,Samba 1,Marandagahamula
2017-08-02,4810.0,96.2,Samba 1,Marandagahamula
2017-08-03,4820.0,96.4,Samba 1,Marandagahamula
2017-08-04,4800.0,96.0,Samba 1,Marandagahamula
2017-08-08,4820.0,96.4,Samba 1,Marandagahamula
2017-08-09,4810.0,96.2,Samba 1,Marandagahamula
2017-08-10,4820.0,96.4,Samba 1,Marandagahamula
2017-08-11,4820.0,96.4,Samba 1,Marandagahamula
2017-08-14,4800.0,96.0,Samba 1,Marandagahamula
2017-08-15,4790.0,95.8,Samba 1,Marandagahamula
2017-08-16,4830.0,96.6,Samba 1,Marandagahamula
2017-08-17,4840.0,96.8,Samba 1,Marandagahamula
2017-08-18,4810.0,96.2,Samba 1,Marandagahamula
2017-08-21,4820.0,96.4,Samba 1,Marandagahamula
2017-08-22,4820.0,96.4,Samba 1,Marandagahamula
2017-08-23,4790.0,95.8,Samba 1,Marandagahamula
2017-08-24,4810.0,96.2,Samba 1,Marandagahamula
2017-08-25,4790.0,95.8,Samba 1,Marandagahamula
2017-08-28,4810.0,96.2,Samba 1,Marandagahamula
2017-08-29,4780.0,95.6,Samba 1,Marandagahamula
2017-08-30,4810.0,96.2,Samba 1,Marandagahamula
2017-08-31,4820.0,96.4,Samba 1,Marandagahamula
2017-09-04,4910.0,98.2,Samba 1,Marandagahamula
2017-09-06,4880.0,97.6,Samba 1,Marandagahamula
2017-09-07,4890.0,97.8,Samba 1,Marandagahamula
2017-09-08,4930.0,98.6,Samba 1,Marandagahamula
2017-09-11,4970.0,99.4,Samba 1,Marandagahamula
2017-09-12,4960.0,99.2,Samba 1,Marandagahamula
2017-09-13,5050.0,101.0,Samba 1,Marandagahamula
2017-09-14,5060.0,101.2,Samba 1,Marandagahamula
2017-09-15,5060.0,101.2,Samba 1,Marandagahamula
2017-09-18,5150.0,103.0,Samba 1,Marandagahamula
2017-09-19,5150.0,103.0,Samba 1,Marandagahamula
2017-09-20,5110.0,102.2,Samba 1,Marandagahamula
2017-09-21,5110.0,102.2,Samba 1,Marandagahamula
2017-09-22,5110.0,102.2,Samba 1,Marandagahamula
2017-09-25,5160.0,103.2,Samba 1,Marandagahamula
2017-09-26,5160.0,103.2,Samba 1,Marandagahamula
2017-09-27,5150.0,103.0,Samba 1,Marandagahamula
2017-09-28,5150.0,103.0,Samba 1,Marandagahamula
2017-09-29,5150.0,103.0,Samba 1,Marandagahamula
2017-10-02,5150.0,103.0,Samba 1,Marandagahamula
2017-10-03,5150.0,103.0,Samba 1,Marandagahamula
2017-10-04,5150.0,103.0,Samba 1,Marandagahamula
2017-10-06,5150.0,103.0,Samba 1,Marandagahamula
2017-10-09,5170.0,103.4,Samba 1,Marandagahamula
2017-10-10,5150.0,103.0,Samba 1,Marandagahamula
2017-10-11,5180.0,103.6,Samba 1,Marandagahamula
2017-10-12,5180.0,103.6,Samba 1,Marandagahamula
2017-10-13,5180.0,103.6,Samba 1,Marandagahamula
2017-10-16,5180.0,103.6,Samba 1,Marandagahamula
2017-10-17,5180.0,103.6,Samba 1,Marandagahamula
2017-10-19,5170.0,103.4,Samba 1,Marandagahamula
2017-10-20,5170.0,103.4,Samba 1,Marandagahamula
2017-10-23,5180.0,103.6,Samba 1,Marandagahamula
2017-10-24,5180.0,103.6,Samba 1,Marandagahamula
2017-10-25,5180.0,103.6,Samba 1,Marandagahamula
2017-10-26,5240.0,104.8,Samba 1,Marandagahamula
2017-10-27,5240.0,104.8,Samba 1,Marandagahamula
2017-10-30,5240.0,104.8,Samba 1,Marandagahamula
2017-10-31,5240.0,104.8,Samba 1,Marandagahamula
2017-11-01,5260.0,105.2,Samba 1,Marandagahamula
2017-11-02,5260.0,105.2,Samba 1,Marandagahamula
2017-11-06,5260.0,105.2,Samba 1,Marandagahamula
2017-11-07,5260.0,105.2,Samba 1,Marandagahamula
2017-11-08,5260.0,105.2,Samba 1,Marandagahamula
2017-11-09,5260.0,105.2,Samba 1,Marandagahamula
2017-11-10,5280.0,105.6,Samba 1,Marandagahamula
2017-11-13,5280.0,105.6,Samba 1,Marandagahamula
2017-11-14,5280.0,105.6,Samba 1,Marandagahamula
2017-11-15,5300.0,106.0,Samba 1,Marandagahamula
2017-11-16,5270.0,105.4,Samba 1,Marandagahamula
2017-11-17,5280.0,105.6,Samba 1,Marandagahamula
2017-11-20,5330.0,106.6,Samba 1,Marandagahamula
2017-11-21,5320.0,106.4,Samba 1,Marandagahamula
2017-11-22,5320.0,106.4,Samba 1,Marandagahamula
2017-11-23,5330.0,106.6,Samba 1,Marandagahamula
2017-11-24,5340.0,106.8,Samba 1,Marandagahamula
2017-11-27,5340.0,106.8,Samba 1,Marandagahamula
2017-11-28,5330.0,106.6,Samba 1,Marandagahamula
2017-11-29,5330.0,106.6,Samba 1,Marandagahamula
2017-11-30,5310.0,106.2,Samba 1,Marandagahamula
2017-12-04,5360.0,107.2,Samba 1,Marandagahamula
2017-12-05,5360.0,107.2,Samba 1,Marandagahamula
2017-12-06,5360.0,107.2,Samba 1,Marandagahamula
2017-12-07,5350.0,107.0,Samba 1,Marandagahamula
2017-12-08,5360.0,107.2,Samba 1,Marandagahamula
2017-12-11,5360.0,107.2,Samba 1,Marandagahamula
2017-12-12,5360.0,107.2,Samba 1,Marandagahamula
2017-12-13,5360.0,107.2,Samba 1,Marandagahamula
2017-12-14,5340.0,106.8,Samba 1,Marandagahamula
2017-12-15,5360.0,107.2,Samba 1,Marandagahamula
2017-12-18,5350.0,107.0,Samba 1,Marandagahamula
2017-12-19,5350.0,107.0,Samba 1,Marandagahamula
2017-12-20,5350.0,107.0,Samba 1,Marandagahamula
2017-12-21,5350.0,107.0,Samba 1,Marandagahamula
2017-12-22,5360.0,107.2,Samba 1,Marandagahamula
2017-12-26,5380.0,107.6,Samba 1,Marandagahamula
2017-12-27,5380.0,107.6,Samba 1,Marandagahamula
2017-12-28,5380.0,107.6,Samba 1,Marandagahamula
2017-12-29,5380.0,107.6,Samba 1,Marandagahamula
2018-01-02,5380.0,107.6,Samba 1,Marandagahamula
2018-01-03,5380.0,107.6,Samba 1,Marandagahamula
2018-01-04,5380.0,107.6,Samba 1,Marandagahamula
2018-01-05,5380.0,107.6,Samba 1,Marandagahamula
2018-01-08,5380.0,107.6,Samba 1,Marandagahamula
2018-01-09,5380.0,107.6,Samba 1,Marandagahamula
2018-01-10,5380.0,107.6,Samba 1,Marandagahamula
2018-01-11,5380.0,107.6,Samba 1,Marandagahamula
2018-01-12,5380.0,107.6,Samba 1,Marandagahamula
2018-01-15,5380.0,107.6,Samba 1,Marandagahamula
2018-01-16,5380.0,107.6,Samba 1,Marandagahamula
2018-01-17,5380.0,107.6,Samba 1,Marandagahamula
2018-01-18,5380.0,107.6,Samba 1,Marandagahamula
2018-01-19,5380.0,107.6,Samba 1,Marandagahamula
2018-01-22,5380.0,107.6,Samba 1,Marandagahamula
2018-01-23,5390.0,107.8,Samba 1,Marandagahamula
2018-01-24,5380.0,107.6,Samba 1,Marandagahamula
2018-01-25,5380.0,107.6,Samba 1,Marandagahamula
2018-01-26,5380.0,107.6,Samba 1,Marandagahamula
2018-01-29,5380.0,107.6,Samba 1,Marandagahamula
2018-01-30,5350.0,107.0,Samba 1,Marandagahamula
2018-02-01,5350.0,107.0,Samba 1,Marandagahamula
2018-02-02,5350.0,107.0,Samba 1,Marandagahamula
2018-02-05,5350.0,107.0,Samba 1,Marandagahamula
2018-02-07,5350.0,107.0,Samba 1,Marandagahamula
2018-02-08,5350.0,107.0,Samba 1,Marandagahamula
2018-02-09,5350.0,107.0,Samba 1,Marandagahamula
2018-02-12,5380.0,107.6,Samba 1,Marandagahamula
2018-02-14,5380.0,107.6,Samba 1,Marandagahamula
2018-02-15,5380.0,107.6,Samba 1,Marandagahamula
2018-02-16,5380.0,107.6,Samba 1,Marandagahamula
2018-02-19,5380.0,107.6,Samba 1,Marandagahamula
2018-02-20,5380.0,107.6,Samba 1,Marandagahamula
2018-02-21,5360.0,107.2,Samba 1,Marandagahamula
2018-02-22,5360.0,107.2,Samba 1,Marandagahamula
2018-02-23,5360.0,107.2,Samba 1,Marandagahamula
2018-02-26,5360.0,107.2,Samba 1,Marandagahamula
2018-02-27,5370.0,107.4,Samba 1,Marandagahamula
2018-02-28,5360.0,107.2,Samba 1,Marandagahamula
2018-03-02,5360.0,107.2,Samba 1,Marandagahamula
2018-03-05,5450.0,109.0,Samba 1,Marandagahamula
2018-03-06,5450.0,109.0,Samba 1,Marandagahamula
2018-03-07,5450.0,109.0,Samba 1,Marandagahamula
2018-03-08,5450.0,109.0,Samba 1,Marandagahamula
2018-03-09,5470.0,109.4,Samba 1,Marandagahamula
2018-03-12,5470.0,109.4,Samba 1,Marandagahamula
2018-03-13,5470.0,109.4,Samba 1,Marandagahamula
2018-03-14,5470.0,109.4,Samba 1,Marandagahamula
2018-03-15,5470.0,109.4,Samba 1,Marandagahamula
2018-03-16,5470.0,109.4,Samba 1,Marandagahamula
2018-03-19,5470.0,109.4,Samba 1,Marandagahamula
2018-03-20,5470.0,109.4,Samba 1,Marandagahamula
2018-03-21,5470.0,109.4,Samba 1,Marandagahamula
2018-03-22,5470.0,109.4,Samba 1,Marandagahamula
2018-03-23,5470.0,109.4,Samba 1,Marandagahamula
2018-03-26,5480.0,109.6,Samba 1,Marandagahamula
2018-03-27,5470.0,109.4,Samba 1,Marandagahamula
2018-03-28,5470.0,109.4,Samba 1,Marandagahamula
2018-04-02,5480.0,109.6,Samba 1,Marandagahamula
2018-04-03,5480.0,109.6,Samba 1,Marandagahamula
2018-04-04,5480.0,109.6,Samba 1,Marandagahamula
2018-04-05,5480.0,109.6,Samba 1,Marandagahamula
2018-04-06,5480.0,109.6,Samba 1,Marandagahamula
2018-04-09,5470.0,109.4,Samba 1,Marandagahamula
2018-04-10,5480.0,109.6,Samba 1,Marandagahamula
2018-04-11,5480.0,109.6,Samba 1,Marandagahamula
2018-04-12,5480.0,109.6,Samba 1,Marandagahamula
2018-04-17,5466.67,109.3334,Samba 1,Marandagahamula
2018-04-18,5480.0,109.6,Samba 1,Marandagahamula
2018-04-19,5470.0,109.4,Samba 1,Marandagahamula
2018-04-20,5470.0,109.4,Samba 1,Marandagahamula
2018-04-23,5470.0,109.4,Samba 1,Marandagahamula
2018-04-24,5480.0,109.6,Samba 1,Marandagahamula
2018-04-25,5470.0,109.4,Samba 1,Marandagahamula
2018-04-26,5480.0,109.6,Samba 1,Marandagahamula
2018-04-27,5480.0,109.6,Samba 1,Marandagahamula
2018-05-01,5480.0,109.6,Samba 1,Marandagahamula
2018-05-02,5470.0,109.4,Samba 1,Marandagahamula
2018-05-03,5470.0,109.4,Samba 1,Marandagahamula
2018-05-04,5480.0,109.6,Samba 1,Marandagahamula
2018-05-08,5480.0,109.6,Samba 1,Marandagahamula
2018-05-09,5480.0,109.6,Samba 1,Marandagahamula
2018-05-10,5480.0,109.6,Samba 1,Marandagahamula
2018-05-11,5480.0,109.6,Samba 1,Marandagahamula
2018-05-14,5480.0,109.6,Samba 1,Marandagahamula
2018-05-15,5470.0,109.4,Samba 1,Marandagahamula
2018-05-16,5480.0,109.6,Samba 1,Marandagahamula
2018-05-17,5470.0,109.4,Samba 1,Marandagahamula
2018-05-21,5520.0,110.4,Samba 1,Marandagahamula
2018-05-22,5520.0,110.4,Samba 1,Marandagahamula
2018-05-23,5510.0,110.2,Samba 1,Marandagahamula
2018-05-24,5550.0,111.0,Samba 1,Marandagahamula
2018-05-25,5520.0,110.4,Samba 1,Marandagahamula
2018-05-28,5570.0,111.4,Samba 1,Marandagahamula
2018-05-30,5560.0,111.2,Samba 1,Marandagahamula
2018-05-31,5580.0,111.6,Samba 1,Marandagahamula
2018-06-05,5570.0,111.4,Samba 1,Marandagahamula
2018-06-06,5580.0,111.6,Samba 1,Marandagahamula
2018-06-07,5580.0,111.6,Samba 1,Marandagahamula
2018-06-08,5570.0,111.4,Samba 1,Marandagahamula
2018-06-11,5570.0,111.4,Samba 1,Marandagahamula
2018-06-12,5570.0,111.4,Samba 1,Marandagahamula
2018-06-13,5640.0,112.8,Samba 1,Marandagahamula
2018-06-14,5660.0,113.2,Samba 1,Marandagahamula
2018-06-18,5650.0,113.0,Samba 1,Marandagahamula
2018-06-19,5660.0,113.2,Samba 1,Marandagahamula
2018-06-20,5670.0,113.4,Samba 1,Marandagahamula
2018-06-21,5650.0,113.0,Samba 1,Marandagahamula
2018-06-22,5680.0,113.6,Samba 1,Marandagahamula
2018-06-25,5680.0,113.6,Samba 1,Marandagahamula
2018-06-26,5670.0,113.4,Samba 1,Marandagahamula
2018-06-28,5680.0,113.6,Samba 1,Marandagahamula
2018-06-29,5670.0,113.4,Samba 1,Marandagahamula
2018-07-02,5660.0,113.2,Samba 1,Marandagahamula
2018-07-03,5660.0,113.2,Samba 1,Marandagahamula
2018-07-04,5640.0,112.8,Samba 1,Marandagahamula
2018-07-05,5660.0,113.2,Samba 1,Marandagahamula
2018-07-06,5640.0,112.8,Samba 1,Marandagahamula
2018-07-09,5660.0,113.2,Samba 1,Marandagahamula
2018-07-10,5660.0,113.2,Samba 1,Marandagahamula
2018-07-11,5660.0,113.2,Samba 1,Marandagahamula
2018-07-12,5660.0,113.2,Samba 1,Marandagahamula
2018-07-13,5660.0,113.2,Samba 1,Marandagahamula
2018-07-16,5650.0,113.0,Samba 1,Marandagahamula
2018-07-17,5650.0,113.0,Samba 1,Marandagahamula
2018-07-18,5660.0,113.2,Samba 1,Marandagahamula
2018-07-19,5660.0,113.2,Samba 1,Marandagahamula
2018-07-20,5660.0,113.2,Samba 1,Marandagahamula
2018-07-23,5660.0,113.2,Samba 1,Marandagahamula
2018-07-24,5670.0,113.4,Samba 1,Marandagahamula
2018-07-25,5640.0,112.8,Samba 1,Marandagahamula
2018-07-26,5650.0,113.0,Samba 1,Marandagahamula
2018-07-30,5670.0,113.4,Samba 1,Marandagahamula
2018-07-31,5680.0,113.6,Samba 1,Marandagahamula
2018-08-01,5680.0,113.6,Samba 1,Marandagahamula
2018-08-02,5682.0,113.64,Samba 1,Marandagahamula
2018-08-03,5660.0,113.2,Samba 1,Marandagahamula
2018-08-06,5660.0,113.2,Samba 1,Marandagahamula
2018-08-07,5650.0,113.0,Samba 1,Marandagahamula
2018-08-08,5650.0,113.0,Samba 1,Marandagahamula
2018-08-09,5650.0,113.0,Samba 1,Marandagahamula
2018-08-10,5660.0,113.2,Samba 1,Marandagahamula
2018-08-13,5650.0,113.0,Samba 1,Marandagahamula
2018-08-14,5650.0,113.0,Samba 1,Marandagahamula
2018-08-15,5650.0,113.0,Samba 1,Marandagahamula
2018-08-16,5650.0,113.0,Samba 1,Marandagahamula
2018-08-17,5640.0,112.8,Samba 1,Marandagahamula
2018-08-20,5650.0,113.0,Samba 1,Marandagahamula
2018-08-21,5650.0,113.0,Samba 1,Marandagahamula
2018-08-23,5650.0,113.0,Samba 1,Marandagahamula
2018-08-24,5650.0,113.0,Samba 1,Marandagahamula
2018-08-27,5650.0,113.0,Samba 1,Marandagahamula
2018-08-28,5650.0,113.0,Samba 1,Marandagahamula
2018-08-29,5650.0,113.0,Samba 1,Marandagahamula
2018-09-03,5640.0,112.8,Samba 1,Marandagahamula
2018-09-04,5660.0,113.2,Samba 1,Marandagahamula
2018-09-05,5650.0,113.0,Samba 1,Marandagahamula
2018-09-06,5650.0,113.0,Samba 1,Marandagahamula
2018-09-07,5660.0,113.2,Samba 1,Marandagahamula
2018-09-10,5650.0,113.0,Samba 1,Marandagahamula
2018-09-11,5650.0,113.0,Samba 1,Marandagahamula
2018-09-12,5660.0,113.2,Samba 1,Marandagahamula
2018-09-13,5650.0,113.0,Samba 1,Marandagahamula
2018-09-14,5650.0,113.0,Samba 1,Marandagahamula
2018-09-17,5670.0,113.4,Samba 1,Marandagahamula
2018-09-18,5650.0,113.0,Samba 1,Marandagahamula
2018-09-19,5650.0,113.0,Samba 1,Marandagahamula
2018-09-20,5660.0,113.2,Samba 1,Marandagahamula
2018-09-21,5650.0,113.0,Samba 1,Marandagahamula
2018-09-25,5650.0,113.0,Samba 1,Marandagahamula
2018-09-26,5650.0,113.0,Samba 1,Marandagahamula
2018-09-27,5610.0,112.2,Samba 1,Marandagahamula
2018-09-28,5600.0,112.0,Samba 1,Marandagahamula
2018-10-01,5610.0,112.2,Samba 1,Marandagahamula
2018-10-02,5600.0,112.0,Samba 1,Marandagahamula
2018-10-03,5610.0,112.2,Samba 1,Marandagahamula
2018-10-04,5590.0,111.8,Samba 1,Marandagahamula
2018-10-05,5600.0,112.0,Samba 1,Marandagahamula
2018-10-08,5590.0,111.8,Samba 1,Marandagahamula
2018-10-09,5630.0,112.6,Samba 1,Marandagahamula
2018-10-10,5625.0,112.5,Samba 1,Marandagahamula
2018-10-11,5630.0,112.6,Samba 1,Marandagahamula
2018-10-12,5630.0,112.6,Samba 1,Marandagahamula
2018-10-15,5630.0,112.6,Samba 1,Marandagahamula
2018-10-16,5410.0,108.2,Samba 1,Marandagahamula
2018-10-17,5410.0,108.2,Samba 1,Marandagahamula
2018-10-18,5340.0,106.8,Samba 1,Marandagahamula
2018-10-19,5350.0,107.0,Samba 1,Marandagahamula
2018-10-22,5300.0,106.0,Samba 1,Marandagahamula
2018-10-23,5300.0,106.0,Samba 1,Marandagahamula
2018-10-25,5300.0,106.0,Samba 1,Marandagahamula
2018-10-29,5280.0,105.6,Samba 1,Marandagahamula
2018-10-30,5230.0,104.6,Samba 1,Marandagahamula
2018-10-31,5240.0,104.8,Samba 1,Marandagahamula
2018-11-01,5280.0,105.6,Samba 1,Marandagahamula
2018-11-02,5290.0,105.8,Samba 1,Marandagahamula
2018-11-05,5300.0,106.0,Samba 1,Marandagahamula
2018-11-07,5280.0,105.6,Samba 1,Marandagahamula
2018-11-08,5270.0,105.4,Samba 1,Marandagahamula
2018-11-09,5270.0,105.4,Samba 1,Marandagahamula
2018-11-12,5270.0,105.4,Samba 1,Marandagahamula
2018-11-13,5270.0,105.4,Samba 1,Marandagahamula
2018-11-14,5280.0,105.6,Samba 1,Marandagahamula
2018-11-15,5280.0,105.6,Samba 1,Marandagahamula
2018-11-16,5270.0,105.4,Samba 1,Marandagahamula
2018-11-19,5330.0,106.6,Samba 1,Marandagahamula
2018-11-21,5320.0,106.4,Samba 1,Marandagahamula
2018-11-23,5330.0,106.6,Samba 1,Marandagahamula
2018-11-26,5350.0,107.0,Samba 1,Marandagahamula
2018-11-27,5360.0,107.2,Samba 1,Marandagahamula
2018-11-28,5380.0,107.6,Samba 1,Marandagahamula
2018-11-29,5370.0,107.4,Samba 1,Marandagahamula
2018-11-30,5380.0,107.6,Samba 1,Marandagahamula
2018-12-03,5370.0,107.4,Samba 1,Marandagahamula
2018-12-04,5380.0,107.6,Samba 1,Marandagahamula
2018-12-05,5380.0,107.6,Samba 1,Marandagahamula
2018-12-06,5380.0,107.6,Samba 1,Marandagahamula
2018-12-07,5380.0,107.6,Samba 1,Marandagahamula
2018-12-10,5380.0,107.6,Samba 1,Marandagahamula
2018-12-11,5380.0,107.6,Samba 1,Marandagahamula
2018-12-12,5380.0,107.6,Samba 1,Marandagahamula
2018-12-13,5380.0,107.6,Samba 1,Marandagahamula
2018-12-14,5380.0,107.6,Samba 1,Marandagahamula
2018-12-17,5380.0,107.6,Samba 1,Marandagahamula
2018-12-18,5380.0,107.6,Samba 1,Marandagahamula
2018-12-19,5380.0,107.6,Samba 1,Marandagahamula
2018-12-20,5380.0,107.6,Samba 1,Marandagahamula
2018-12-21,5380.0,107.6,Samba 1,Marandagahamula
2018-12-26,5380.0,107.6,Samba 1,Marandagahamula
2018-12-27,5380.0,107.6,Samba 1,Marandagahamula
2018-12-28,5370.0,107.4,Samba 1,Marandagahamula
2018-12-31,5380.0,107.6,Samba 1,Marandagahamula
2019-01-01,5380.0,107.6,Samba 1,Marandagahamula
2019-01-02,5370.0,107.4,Samba 1,Marandagahamula
2019-01-03,5380.0,107.6,Samba 1,Marandagahamula
2019-01-04,5380.0,107.6,Samba 1,Marandagahamula
2019-01-07,5380.0,107.6,Samba 1,Marandagahamula
2019-01-08,5380.0,107.6,Samba 1,Marandagahamula
2019-01-09,5380.0,107.6,Samba 1,Marandagahamula
2019-01-10,5380.0,107.6,Samba 1,Marandagahamula
2019-01-11,5380.0,107.6,Samba 1,Marandagahamula
2019-01-14,5420.0,108.4,Samba 1,Marandagahamula
2019-01-16,5430.0,108.6,Samba 1,Marandagahamula
2019-01-17,5430.0,108.6,Samba 1,Marandagahamula
2019-01-18,5430.0,108.6,Samba 1,Marandagahamula
2019-01-21,5430.0,108.6,Samba 1,Marandagahamula
2019-01-22,5440.0,108.8,Samba 1,Marandagahamula
2019-01-23,5430.0,108.6,Samba 1,Marandagahamula
2019-01-24,5430.0,108.6,Samba 1,Marandagahamula
2019-01-25,5430.0,108.6,Samba 1,Marandagahamula
2019-01-28,5430.0,108.6,Samba 1,Marandagahamula
2019-01-29,5420.0,108.4,Samba 1,Marandagahamula
2019-01-30,5430.0,108.6,Samba 1,Marandagahamula
2019-01-31,5430.0,108.6,Samba 1,Marandagahamula
2019-02-01,5430.0,108.6,Samba 1,Marandagahamula
2019-02-05,5430.0,108.6,Samba 1,Marandagahamula
2019-02-06,5420.0,108.4,Samba 1,Marandagahamula
2019-02-07,5440.0,108.8,Samba 1,Marandagahamula
2019-02-08,5450.0,109.0,Samba 1,Marandagahamula
2019-02-11,5460.0,109.2,Samba 1,Marandagahamula
2019-02-12,5460.0,109.2,Samba 1,Marandagahamula
2019-02-13,5420.0,108.4,Samba 1,Marandagahamula
2019-02-14,5420.0,108.4,Samba 1,Marandagahamula
2019-02-15,5430.0,108.6,Samba 1,Marandagahamula
2019-02-18,5460.0,109.2,Samba 1,Marandagahamula
2019-02-21,5410.0,108.2,Samba 1,Marandagahamula
2019-02-22,5410.0,108.2,Samba 1,Marandagahamula
2019-02-25,5390.0,107.8,Samba 1,Marandagahamula
2019-02-26,5390.0,107.8,Samba 1,Marandagahamula
2019-02-27,5420.0,108.4,Samba 1,Marandagahamula
2019-02-28,5420.0,108.4,Samba 1,Marandagahamula
2019-03-01,5420.0,108.4,Samba 1,Marandagahamula
2019-03-05,5420.0,108.4,Samba 1,Marandagahamula
2019-03-06,5430.0,108.6,Samba 1,Marandagahamula
2019-03-07,5430.0,108.6,Samba 1,Marandagahamula
2019-03-08,5430.0,108.6,Samba 1,Marandagahamula
2019-03-11,5420.0,108.4,Samba 1,Marandagahamula
2019-03-12,5420.0,108.4,Samba 1,Marandagahamula
2019-03-13,5430.0,108.6,Samba 1,Marandagahamula
2019-03-14,5440.0,108.8,Samba 1,Marandagahamula
2019-03-15,5420.0,108.4,Samba 1,Marandagahamula
2019-03-18,5420.0,108.4,Samba 1,Marandagahamula
2019-03-19,5430.0,108.6,Samba 1,Marandagahamula
2019-03-21,5400.0,108.0,Samba 1,Marandagahamula
2019-03-22,5410.0,108.2,Samba 1,Marandagahamula
2019-03-25,5430.0,108.6,Samba 1,Marandagahamula
2019-03-26,5430.0,108.6,Samba 1,Marandagahamula
2019-03-27,5420.0,108.4,Samba 1,Marandagahamula
2019-03-28,5420.0,108.4,Samba 1,Marandagahamula
2019-03-29,5430.0,108.6,Samba 1,Marandagahamula
2019-04-01,5430.0,108.6,Samba 1,Marandagahamula
2019-04-02,5420.0,108.4,Samba 1,Marandagahamula
2019-04-03,4680.0,93.6,Samba 1,Marandagahamula
2019-04-04,4680.0,93.6,Samba 1,Marandagahamula
2019-04-05,4680.0,93.6,Samba 1,Marandagahamula
2019-04-08,4680.0,93.6,Samba 1,Marandagahamula
2019-04-09,4670.0,93.4,Samba 1,Marandagahamula
2019-04-10,4680.0,93.6,Samba 1,Marandagahamula
2019-04-11,4630.0,92.6,Samba 1,Marandagahamula
2019-04-12,4630.0,92.6,Samba 1,Marandagahamula
2019-04-17,4630.0,92.6,Samba 1,Marandagahamula
2019-04-23,4675.0,93.5,Samba 1,Marandagahamula
2019-04-24,4670.0,93.4,Samba 1,Marandagahamula
2019-04-25,4670.0,93.4,Samba 1,Marandagahamula
2019-04-26,4670.0,93.4,Samba 1,Marandagahamula
2019-04-29,4630.0,92.6,Samba 1,Marandagahamula
2019-04-30,4630.0,92.6,Samba 1,Marandagahamula
2019-05-02,4630.0,92.6,Samba 1,Marandagahamula
2019-05-03,4670.0,93.4,Samba 1,Marandagahamula
2019-05-06,4670.0,93.4,Samba 1,Marandagahamula
2019-05-07,4680.0,93.6,Samba 1,Marandagahamula
2019-05-08,4680.0,93.6,Samba 1,Marandagahamula
2019-05-09,4680.0,93.6,Samba 1,Marandagahamula
2019-05-10,4680.0,93.6,Samba 1,Marandagahamula
2019-05-13,4640.0,92.8,Samba 1,Marandagahamula
2019-05-14,4640.0,92.8,Samba 1,Marandagahamula
2019-05-15,4650.0,93.0,Samba 1,Marandagahamula
2019-05-16,4650.0,93.0,Samba 1,Marandagahamula
2019-05-17,4660.0,93.2,Samba 1,Marandagahamula
2019-05-21,4660.0,93.2,Samba 1,Marandagahamula
2019-09-04,4560.0,91.2,Samba 1,Marandagahamula
2019-09-05,4490.0,89.8,Samba 1,Marandagahamula
2019-09-06,4490.0,89.8,Samba 1,Marandagahamula
2019-09-09,4510.0,90.2,Samba 1,Marandagahamula
2019-09-10,4510.0,90.2,Samba 1,Marandagahamula
2019-09-12,4510.0,90.2,Samba 1,Marandagahamula
2019-09-16,4550.0,91.0,Samba 1,Marandagahamula
2019-09-17,4550.0,91.0,Samba 1,Marandagahamula
2019-09-18,4550.0,91.0,Samba 1,Marandagahamula
2019-09-19,4550.0,91.0,Samba 1,Marandagahamula
2019-09-20,4550.0,91.0,Samba 1,Marandagahamula
2019-09-23,4683.33,93.6666,Samba 1,Marandagahamula
2019-09-24,4683.33,93.6666,Samba 1,Marandagahamula
2019-09-25,4683.33,93.6666,Samba 1,Marandagahamula
2019-09-26,4683.33,93.6666,Samba 1,Marandagahamula
2019-09-27,4683.33,93.6666,Samba 1,Marandagahamula
2019-09-30,4716.67,94.3334,Samba 1,Marandagahamula
2019-10-01,4750.0,95.0,Samba 1,Marandagahamula
2019-10-02,4750.0,95.0,Samba 1,Marandagahamula
2019-10-03,4750.0,95.0,Samba 1,Marandagahamula
2019-10-04,4750.0,95.0,Samba 1,Marandagahamula
2019-10-07,4750.0,95.0,Samba 1,Marandagahamula
2019-10-08,4750.0,95.0,Samba 1,Marandagahamula
2019-10-09,4750.0,95.0,Samba 1,Marandagahamula
2019-10-10,4750.0,95.0,Samba 1,Marandagahamula
2019-10-11,4750.0,95.0,Samba 1,Marandagahamula
2019-10-14,4750.0,95.0,Samba 1,Marandagahamula
2019-10-15,4750.0,95.0,Samba 1,Marandagahamula
2019-10-16,4775.0,95.5,Samba 1,Marandagahamula
2019-10-17,4775.0,95.5,Samba 1,Marandagahamula
2019-10-18,4750.0,95.0,Samba 1,Marandagahamula
2019-10-21,4750.0,95.0,Samba 1,Marandagahamula
2019-10-22,4750.0,95.0,Samba 1,Marandagahamula
2019-10-23,4800.0,96.0,Samba 1,Marandagahamula
2019-10-24,4800.0,96.0,Samba 1,Marandagahamula
2019-10-25,4800.0,96.0,Samba 1,Marandagahamula
2019-10-28,4800.0,96.0,Samba 1,Marandagahamula
2019-10-29,4800.0,96.0,Samba 1,Marandagahamula
2019-10-30,4800.0,96.0,Samba 1,Marandagahamula
2019-10-31,4850.0,97.0,Samba 1,Marandagahamula
2019-11-01,4850.0,97.0,Samba 1,Marandagahamula
2019-11-04,4850.0,97.0,Samba 1,Marandagahamula
2019-11-05,4850.0,97.0,Samba 1,Marandagahamula
2019-11-06,4850.0,97.0,Samba 1,Marandagahamula
2019-11-07,4850.0,97.0,Samba 1,Marandagahamula
2019-11-08,4850.0,97.0,Samba 1,Marandagahamula
2019-11-11,4850.0,97.0,Samba 1,Marandagahamula
2019-11-13,4850.0,97.0,Samba 1,Marandagahamula
2019-11-14,4850.0,97.0,Samba 1,Marandagahamula
2019-11-15,4850.0,97.0,Samba 1,Marandagahamula
2019-11-18,4850.0,97.0,Samba 1,Marandagahamula
2019-11-19,4850.0,97.0,Samba 1,Marandagahamula
2019-11-20,4850.0,97.0,Samba 1,Marandagahamula
2019-11-21,4850.0,97.0,Samba 1,Marandagahamula
2019-11-22,4850.0,97.0,Samba 1,Marandagahamula
2019-11-25,4850.0,97.0,Samba 1,Marandagahamula
2019-12-04,5000.0,100.0,Samba 1,Marandagahamula
2019-12-09,5100.0,102.0,Samba 1,Marandagahamula
2019-12-10,5100.0,102.0,Samba 1,Marandagahamula
2019-12-12,5100.0,102.0,Samba 1,Marandagahamula
2019-12-13,5100.0,102.0,Samba 1,Marandagahamula
2019-12-16,4800.0,96.0,Samba 1,Marandagahamula
2019-12-17,4800.0,96.0,Samba 1,Marandagahamula
2019-12-18,4800.0,96.0,Samba 1,Marandagahamula
2019-12-19,4800.0,96.0,Samba 1,Marandagahamula
2019-12-20,4850.0,97.0,Samba 1,Marandagahamula
2019-12-23,4850.0,97.0,Samba 1,Marandagahamula
2019-12-24,4850.0,97.0,Samba 1,Marandagahamula
2019-12-26,4800.0,96.0,Samba 1,Marandagahamula
2019-12-27,4800.0,96.0,Samba 1,Marandagahamula
2019-12-30,4800.0,96.0,Samba 1,Marandagahamula
2019-12-31,4800.0,96.0,Samba 1,Marandagahamula
2020-01-01,4800.0,96.0,Samba 1,Marandagahamula
2020-01-02,4800.0,96.0,Samba 1,Marandagahamula
2020-01-03,4800.0,96.0,Samba 1,Marandagahamula
2020-01-06,4800.0,96.0,Samba 1,Marandagahamula
2020-01-07,4800.0,96.0,Samba 1,Marandagahamula
2020-01-08,4800.0,96.0,Samba 1,Marandagahamula
2020-01-09,4800.0,96.0,Samba 1,Marandagahamula
2020-01-13,4800.0,96.0,Samba 1,Marandagahamula
2020-01-14,4800.0,96.0,Samba 1,Marandagahamula
2020-01-16,4800.0,96.0,Samba 1,Marandagahamula
2020-01-17,4800.0,96.0,Samba 1,Marandagahamula
2020-01-20,4800.0,96.0,Samba 1,Marandagahamula
2020-01-21,4800.0,96.0,Samba 1,Marandagahamula
2020-01-22,4800.0,96.0,Samba 1,Marandagahamula
2020-01-23,4800.0,96.0,Samba 1,Marandagahamula
2020-01-24,4800.0,96.0,Samba 1,Marandagahamula
2020-01-27,4800.0,96.0,Samba 1,Marandagahamula
2020-01-28,4800.0,96.0,Samba 1,Marandagahamula
2020-01-29,4800.0,96.0,Samba 1,Marandagahamula
2020-01-30,4800.0,96.0,Samba 1,Marandagahamula
2020-01-31,4800.0,96.0,Samba 1,Marandagahamula
2020-02-03,4800.0,96.0,Samba 1,Marandagahamula
2020-02-05,4800.0,96.0,Samba 1,Marandagahamula
2020-02-06,4800.0,96.0,Samba 1,Marandagahamula
2020-02-07,4800.0,96.0,Samba 1,Marandagahamula
2020-02-10,4800.0,96.0,Samba 1,Marandagahamula
2020-02-11,4800.0,96.0,Samba 1,Marandagahamula
2020-02-12,4800.0,96.0,Samba 1,Marandagahamula
2020-02-13,4800.0,96.0,Samba 1,Marandagahamula
2020-02-14,4800.0,96.0,Samba 1,Marandagahamula
2020-02-17,4800.0,96.0,Samba 1,Marandagahamula
2020-02-18,4800.0,96.0,Samba 1,Marandagahamula
2020-02-19,4800.0,96.0,Samba 1,Marandagahamula
2020-02-20,4800.0,96.0,Samba 1,Marandagahamula
2020-02-24,4800.0,96.0,Samba 1,Marandagahamula
2020-02-25,4800.0,96.0,Samba 1,Marandagahamula
2020-02-26,4800.0,96.0,Samba 1,Marandagahamula
2020-02-27,4800.0,96.0,Samba 1,Marandagahamula
2020-02-28,4800.0,96.0,Samba 1,Marandagahamula
2020-03-02,4800.0,96.0,Samba 1,Marandagahamula
2020-03-03,4800.0,96.0,Samba 1,Marandagahamula
2020-03-04,4800.0,96.0,Samba 1,Marandagahamula
2020-03-05,4800.0,96.0,Samba 1,Marandagahamula
2020-03-06,4800.0,96.0,Samba 1,Marandagahamula
2020-03-10,4800.0,96.0,Samba 1,Marandagahamula
2020-03-11,4800.0,96.0,Samba 1,Marandagahamula
2020-03-12,4800.0,96.0,Samba 1,Marandagahamula
2020-03-13,4800.0,96.0,Samba 1,Marandagahamula
2020-06-15,4950.0,99.0,Samba 1,Marandagahamula
2020-06-16,4850.0,97.0,Samba 1,Marandagahamula
2020-06-17,4850.0,97.0,Samba 1,Marandagahamula
2020-06-18,4850.0,97.0,Samba 1,Marandagahamula
2020-06-19,4850.0,97.0,Samba 1,Marandagahamula
2020-06-22,4850.0,97.0,Samba 1,Marandagahamula
2020-06-23,4850.0,97.0,Samba 1,Marandagahamula
2020-06-24,4850.0,97.0,Samba 1,Marandagahamula
2020-06-25,4850.0,97.0,Samba 1,Marandagahamula
2020-06-26,4850.0,97.0,Samba 1,Marandagahamula
2020-06-29,4850.0,97.0,Samba 1,Marandagahamula
2020-06-30,4850.0,97.0,Samba 1,Marandagahamula
2020-07-01,4850.0,97.0,Samba 1,Marandagahamula
2020-07-02,4850.0,97.0,Samba 1,Marandagahamula
2020-07-03,4850.0,97.0,Samba 1,Marandagahamula
2020-07-06,4850.0,97.0,Samba 1,Marandagahamula
2020-07-07,4850.0,97.0,Samba 1,Marandagahamula
2020-07-08,4850.0,97.0,Samba 1,Marandagahamula
2020-07-09,4850.0,97.0,Samba 1,Marandagahamula
2020-07-10,4850.0,97.0,Samba 1,Marandagahamula
2020-07-13,4850.0,97.0,Samba 1,Marandagahamula
2020-07-14,4850.0,97.0,Samba 1,Marandagahamula
2020-07-15,4850.0,97.0,Samba 1,Marandagahamula
2020-07-16,4850.0,97.0,Samba 1,Marandagahamula
2020-07-17,4850.0,97.0,Samba 1,Marandagahamula
2020-07-20,4850.0,97.0,Samba 1,Marandagahamula
2020-07-21,4850.0,97.0,Samba 1,Marandagahamula
2020-07-22,4850.0,97.0,Samba 1,Marandagahamula
2020-07-23,4850.0,97.0,Samba 1,Marandagahamula
2020-07-24,4850.0,97.0,Samba 1,Marandagahamula
2020-07-27,4850.0,97.0,Samba 1,Marandagahamula
2020-07-28,4850.0,97.0,Samba 1,Marandagahamula
2020-07-29,4850.0,97.0,Samba 1,Marandagahamula
2020-07-30,4850.0,97.0,Samba 1,Marandagahamula
2020-07-31,4850.0,97.0,Samba 1,Marandagahamula
2020-08-04,4850.0,97.0,Samba 1,Marandagahamula
2020-08-06,4850.0,97.0,Samba 1,Marandagahamula
2020-08-07,4850.0,97.0,Samba 1,Marandagahamula
2020-08-10,4850.0,97.0,Samba 1,Marandagahamula
2020-08-11,4850.0,97.0,Samba 1,Marandagahamula
2020-08-12,4850.0,97.0,Samba 1,Marandagahamula
2020-08-13,4850.0,97.0,Samba 1,Marandagahamula
2020-08-14,4850.0,97.0,Samba 1,Marandagahamula
2020-08-17,4850.0,97.0,Samba 1,Marandagahamula
2020-08-18,4850.0,97.0,Samba 1,Marandagahamula
2020-08-19,4850.0,97.0,Samba 1,Marandagahamula
2020-08-20,4850.0,97.0,Samba 1,Marandagahamula
2020-08-21,4850.0,97.0,Samba 1,Marandagahamula
2020-08-24,4850.0,97.0,Samba 1,Marandagahamula
2020-08-25,4850.0,97.0,Samba 1,Marandagahamula
2020-08-26,4850.0,97.0,Samba 1,Marandagahamula
2021-01-12,6550.0,131.0,Samba 1,Marandagahamula
2021-01-13,6580.0,131.6,Samba 1,Marandagahamula
2021-01-15,6620.0,132.4,Samba 1,Marandagahamula
2021-01-18,6620.0,132.4,Samba 1,Marandagahamula
2021-01-19,6600.0,132.0,Samba 1,Marandagahamula
2021-01-20,6620.0,132.4,Samba 1,Marandagahamula
2021-01-21,6620.0,132.4,Samba 1,Marandagahamula
2021-01-22,6650.0,133.0,Samba 1,Marandagahamula
2021-01-25,6650.0,133.0,Samba 1,Marandagahamula
2021-01-26,6650.0,133.0,Samba 1,Marandagahamula
2021-01-27,6650.0,133.0,Samba 1,Marandagahamula
2021-01-29,6650.0,133.0,Samba 1,Marandagahamula
2021-02-01,6610.0,132.2,Samba 1,Marandagahamula
2021-02-02,6610.0,132.2,Samba 1,Marandagahamula
2021-02-03,6070.0,121.4,Samba 1,Marandagahamula
2021-02-08,6337.5,126.75,Samba 1,Marandagahamula
2021-02-09,6337.5,126.75,Samba 1,Marandagahamula
2021-02-10,6550.0,131.0,Samba 1,Marandagahamula
2021-02-11,6437.5,128.75,Samba 1,Marandagahamula
2021-02-12,6437.5,128.75,Samba 1,Marandagahamula
2021-02-15,6800.0,136.0,Samba 1,Marandagahamula
2021-02-16,6800.0,136.0,Samba 1,Marandagahamula
2021-02-17,6540.0,130.8,Samba 1,Marandagahamula
2021-02-18,6540.0,130.8,Samba 1,Marandagahamula
2021-02-19,6540.0,130.8,Samba 1,Marandagahamula
2021-02-22,6380.0,127.6,Samba 1,Marandagahamula
2021-02-23,6400.0,128.0,Samba 1,Marandagahamula
2021-02-24,6487.5,129.75,Samba 1,Marandagahamula
2021-02-25,6650.0,133.0,Samba 1,Marandagahamula
2021-03-01,6475.0,129.5,Samba 1,Marandagahamula
2021-03-02,6475.0,129.5,Samba 1,Marandagahamula
2021-03-03,6475.0,129.5,Samba 1,Marandagahamula
2021-03-04,6475.0,129.5,Samba 1,Marandagahamula
2021-03-05,6475.0,129.5,Samba 1,Marandagahamula
2021-03-08,6280.0,125.6,Samba 1,Marandagahamula
2021-03-09,6280.0,125.6,Samba 1,Marandagahamula
2021-03-10,6800.0,136.0,Samba 1,Marandagahamula
2021-03-12,6800.0,136.0,Samba 1,Marandagahamula
2021-03-15,6800.0,136.0,Samba 1,Marandagahamula
2021-03-16,6800.0,136.0,Samba 1,Marandagahamula
2021-03-17,6625.0,132.5,Samba 1,Marandagahamula
2021-03-18,6625.0,132.5,Samba 1,Marandagahamula
2021-03-19,6625.0,132.5,Samba 1,Marandagahamula
2021-03-22,6675.0,133.5,Samba 1,Marandagahamula
2021-03-23,6675.0,133.5,Samba 1,Marandagahamula
2021-03-24,6675.0,133.5,Samba 1,Marandagahamula
2021-03-25,6800.0,136.0,Samba 1,Marandagahamula
2021-03-26,6800.0,136.0,Samba 1,Marandagahamula
2021-03-29,6400.0,128.0,Samba 1,Marandagahamula
2021-03-30,6540.0,130.8,Samba 1,Marandagahamula
2021-03-31,6540.0,130.8,Samba 1,Marandagahamula
2021-04-01,6800.0,136.0,Samba 1,Marandagahamula
2021-04-05,6700.0,134.0,Samba 1,Marandagahamula
2021-04-06,6600.0,132.0,Samba 1,Marandagahamula
2021-04-07,6600.0,132.0,Samba 1,Marandagahamula
2021-04-08,6600.0,132.0,Samba 1,Marandagahamula
2021-04-09,6600.0,132.0,Samba 1,Marandagahamula
2021-04-19,6525.0,130.5,Samba 1,Marandagahamula
2021-04-20,6525.0,130.5,Samba 1,Marandagahamula
2021-04-21,6512.5,130.25,Samba 1,Marandagahamula
2021-04-22,6525.0,130.5,Samba 1,Marandagahamula
2021-04-23,7000.0,140.0,Samba 1,Marandagahamula
2021-04-27,7533.33,150.6666,Samba 1,Marandagahamula
2021-04-28,7533.33,150.6666,Samba 1,Marandagahamula
2021-04-29,7600.0,152.0,Samba 1,Marandagahamula
2021-04-30,7600.0,152.0,Samba 1,Marandagahamula
2021-05-03,7637.5,152.75,Samba 1,Marandagahamula
2021-05-04,7637.5,152.75,Samba 1,Marandagahamula
2021-05-05,7662.5,153.25,Samba 1,Marandagahamula
2021-05-06,7662.5,153.25,Samba 1,Marandagahamula
2021-05-07,7650.0,153.0,Samba 1,Marandagahamula
2021-05-10,7675.0,153.5,Samba 1,Marandagahamula
2021-05-11,7675.0,153.5,Samba 1,Marandagahamula
2021-05-12,7666.67,153.3334,Samba 1,Marandagahamula
2021-05-13,7687.5,153.75,Samba 1,Marandagahamula
2021-05-17,7666.67,153.3334,Samba 1,Marandagahamula
2021-05-18,7666.67,153.3334,Samba 1,Marandagahamula
2021-05-19,7640.0,152.8,Samba 1,Marandagahamula
2021-05-20,7640.0,152.8,Samba 1,Marandagahamula
2021-05-21,7640.0,152.8,Samba 1,Marandagahamula
2021-06-18,7500.0,150.0,Samba 1,Marandagahamula
2021-06-21,7500.0,150.0,Samba 1,Marandagahamula
2021-06-22,7633.33,152.6666,Samba 1,Marandagahamula
2021-06-23,7633.33,152.6666,Samba 1,Marandagahamula
2021-06-25,7600.0,152.0,Samba 1,Marandagahamula
2021-06-28,7325.0,146.5,Samba 1,Marandagahamula
2021-06-29,7325.0,146.5,Samba 1,Marandagahamula
2021-06-30,7325.0,146.5,Samba 1,Marandagahamula
2021-07-01,7325.0,146.5,Samba 1,Marandagahamula
2021-07-02,7450.0,149.0,Samba 1,Marandagahamula
2021-07-05,7600.0,152.0,Samba 1,Marandagahamula
2021-07-06,7600.0,152.0,Samba 1,Marandagahamula
2021-07-07,7387.5,147.75,Samba 1,Marandagahamula
2021-07-08,7387.5,147.75,Samba 1,Marandagahamula
2021-07-09,7325.0,146.5,Samba 1,Marandagahamula
2021-07-12,7100.0,142.0,Samba 1,Marandagahamula
2021-07-13,7100.0,142.0,Samba 1,Marandagahamula
2021-07-14,7066.67,141.3334,Samba 1,Marandagahamula
2021-07-15,7066.67,141.3334,Samba 1,Marandagahamula
2021-07-16,7000.0,140.0,Samba 1,Marandagahamula
2021-07-19,7100.0,142.0,Samba 1,Marandagahamula
2021-07-20,7075.0,141.5,Samba 1,Marandagahamula
2021-07-22,7100.0,142.0,Samba 1,Marandagahamula
2021-07-26,7066.67,141.3334,Samba 1,Marandagahamula
2021-07-27,7066.67,141.3334,Samba 1,Marandagahamula
2021-07-28,7066.67,141.3334,Samba 1,Marandagahamula
2021-07-29,7066.67,141.3334,Samba 1,Marandagahamula
2021-07-30,7016.67,140.3334,Samba 1,Marandagahamula
2021-08-02,7066.67,141.3334,Samba 1,Marandagahamula
2021-08-03,7033.33,140.6666,Samba 1,Marandagahamula
2021-08-04,7025.0,140.5,Samba 1,Marandagahamula
2021-08-05,7025.0,140.5,Samba 1,Marandagahamula
2021-08-06,7037.5,140.75,Samba 1,Marandagahamula
2021-08-09,7050.0,141.0,Samba 1,Marandagahamula
2021-08-11,7050.0,141.0,Samba 1,Marandagahamula
2021-08-12,7050.0,141.0,Samba 1,Marandagahamula
2021-08-13,7050.0,141.0,Samba 1,Marandagahamula
2021-08-16,6800.0,136.0,Samba 1,Marandagahamula
2021-08-17,7050.0,141.0,Samba 1,Marandagahamula
2021-10-04,7000.0,140.0,Samba 1,Marandagahamula
2021-10-05,7000.0,140.0,Samba 1,Marandagahamula
2021-10-06,7000.0,140.0,Samba 1,Marandagahamula
2021-10-07,6925.0,138.5,Samba 1,Marandagahamula
2021-10-08,6925.0,138.5,Samba 1,Marandagahamula
2021-10-11,7016.67,140.3334,Samba 1,Marandagahamula
2021-10-12,7016.67,140.3334,Samba 1,Marandagahamula
2021-10-13,7066.67,141.3334,Samba 1,Marandagahamula
2021-10-14,7066.67,141.3334,Samba 1,Marandagahamula
2021-10-15,7137.5,142.75,Samba 1,Marandagahamula
2021-10-18,7083.33,141.6666,Samba 1,Marandagahamula
2021-10-21,7500.0,150.0,Samba 1,Marandagahamula
2021-10-22,7500.0,150.0,Samba 1,Marandagahamula
2021-10-25,7566.67,151.3334,Samba 1,Marandagahamula
2021-10-26,7566.67,151.3334,Samba 1,Marandagahamula
2021-10-27,7733.33,154.6666,Samba 1,Marandagahamula
2021-10-28,7733.33,154.6666,Samba 1,Marandagahamula
2021-10-29,7850.0,157.0,Samba 1,Marandagahamula
2021-11-01,7983.33,159.6666,Samba 1,Marandagahamula
2021-11-02,7983.33,159.6666,Samba 1,Marandagahamula
2021-11-03,8100.0,162.0,Samba 1,Marandagahamula
2015-06-22,3980.0,79.6,Samba 2,Marandagahamula
2015-06-23,3980.0,79.6,Samba 2,Marandagahamula
2015-06-24,3960.0,79.2,Samba 2,Marandagahamula
2015-06-25,3950.0,79.0,Samba 2,Marandagahamula
2015-06-26,3950.0,79.0,Samba 2,Marandagahamula
2015-06-29,3980.0,79.6,Samba 2,Marandagahamula
2015-06-30,3980.0,79.6,Samba 2,Marandagahamula
2015-07-01,3980.0,79.6,Samba 2,Marandagahamula
2015-07-02,3980.0,79.6,Samba 2,Marandagahamula
2015-07-03,3980.0,79.6,Samba 2,Marandagahamula
2015-07-06,3970.0,79.4,Samba 2,Marandagahamula
2015-07-09,3970.0,79.4,Samba 2,Marandagahamula
2015-07-10,3970.0,79.4,Samba 2,Marandagahamula
2015-07-13,4010.0,80.2,Samba 2,Marandagahamula
2015-07-14,4010.0,80.2,Samba 2,Marandagahamula
2015-07-15,4010.0,80.2,Samba 2,Marandagahamula
2015-07-16,4010.0,80.2,Samba 2,Marandagahamula
2015-07-17,4010.0,80.2,Samba 2,Marandagahamula
2015-07-20,4025.0,80.5,Samba 2,Marandagahamula
2015-07-21,4025.0,80.5,Samba 2,Marandagahamula
2015-07-22,4000.0,80.0,Samba 2,Marandagahamula
2015-07-24,4010.0,80.2,Samba 2,Marandagahamula
2015-07-27,4010.0,80.2,Samba 2,Marandagahamula
2015-07-28,4010.0,80.2,Samba 2,Marandagahamula
2015-07-29,4020.0,80.4,Samba 2,Marandagahamula
2015-07-30,4010.0,80.2,Samba 2,Marandagahamula
2015-08-03,4062.5,81.25,Samba 2,Marandagahamula
2015-08-04,4062.5,81.25,Samba 2,Marandagahamula
2015-08-05,4040.0,80.8,Samba 2,Marandagahamula
2015-08-06,4062.5,81.25,Samba 2,Marandagahamula
2015-08-07,4050.0,81.0,Samba 2,Marandagahamula
2015-08-10,4087.5,81.75,Samba 2,Marandagahamula
2015-08-11,4087.5,81.75,Samba 2,Marandagahamula
2015-08-12,4070.0,81.4,Samba 2,Marandagahamula
2015-08-13,4070.0,81.4,Samba 2,Marandagahamula
2015-08-14,4070.0,81.4,Samba 2,Marandagahamula
2015-08-20,4070.0,81.4,Samba 2,Marandagahamula
2015-08-21,4062.5,81.25,Samba 2,Marandagahamula
2015-08-24,4070.0,81.4,Samba 2,Marandagahamula
2015-08-25,4060.0,81.2,Samba 2,Marandagahamula
2015-08-26,4060.0,81.2,Samba 2,Marandagahamula
2015-08-27,4070.0,81.4,Samba 2,Marandagahamula
2015-08-28,4070.0,81.4,Samba 2,Marandagahamula
2015-08-31,4090.0,81.8,Samba 2,Marandagahamula
2015-09-01,4090.0,81.8,Samba 2,Marandagahamula
2015-09-02,4090.0,81.8,Samba 2,Marandagahamula
2015-09-03,4090.0,81.8,Samba 2,Marandagahamula
2015-09-04,4090.0,81.8,Samba 2,Marandagahamula
2015-09-07,4110.0,82.2,Samba 2,Marandagahamula
2015-09-09,4112.5,82.25,Samba 2,Marandagahamula
2015-09-10,4112.5,82.25,Samba 2,Marandagahamula
2015-09-11,4125.0,82.5,Samba 2,Marandagahamula
2015-09-14,4125.0,82.5,Samba 2,Marandagahamula
2015-09-16,4150.0,83.0,Samba 2,Marandagahamula
2015-09-17,4120.0,82.4,Samba 2,Marandagahamula
2015-09-18,4125.0,82.5,Samba 2,Marandagahamula
2015-09-21,4125.0,82.5,Samba 2,Marandagahamula
2015-09-22,4150.0,83.0,Samba 2,Marandagahamula
2015-09-23,4125.0,82.5,Samba 2,Marandagahamula
2015-09-25,4130.0,82.6,Samba 2,Marandagahamula
2015-09-28,4160.0,83.2,Samba 2,Marandagahamula
2015-09-29,4160.0,83.2,Samba 2,Marandagahamula
2015-10-01,4150.0,83.0,Samba 2,Marandagahamula
2015-10-02,4150.0,83.0,Samba 2,Marandagahamula
2015-10-05,4160.0,83.2,Samba 2,Marandagahamula
2015-10-06,4180.0,83.6,Samba 2,Marandagahamula
2015-10-07,4160.0,83.2,Samba 2,Marandagahamula
2015-10-08,4175.0,83.5,Samba 2,Marandagahamula
2015-10-09,4175.0,83.5,Samba 2,Marandagahamula
2015-10-12,4187.5,83.75,Samba 2,Marandagahamula
2015-10-13,4200.0,84.0,Samba 2,Marandagahamula
2015-10-14,4225.0,84.5,Samba 2,Marandagahamula
2015-10-15,4225.0,84.5,Samba 2,Marandagahamula
2015-10-16,4225.0,84.5,Samba 2,Marandagahamula
2015-10-19,4230.0,84.6,Samba 2,Marandagahamula
2015-10-20,4230.0,84.6,Samba 2,Marandagahamula
2015-10-21,4230.0,84.6,Samba 2,Marandagahamula
2015-10-22,4230.0,84.6,Samba 2,Marandagahamula
2015-10-23,4330.0,86.6,Samba 2,Marandagahamula
2015-10-26,4300.0,86.0,Samba 2,Marandagahamula
2015-10-28,4310.0,86.2,Samba 2,Marandagahamula
2015-10-29,4290.0,85.8,Samba 2,Marandagahamula
2015-10-30,4290.0,85.8,Samba 2,Marandagahamula
2015-11-02,4320.0,86.4,Samba 2,Marandagahamula
2015-11-03,4320.0,86.4,Samba 2,Marandagahamula
2015-11-04,4320.0,86.4,Samba 2,Marandagahamula
2015-11-05,4320.0,86.4,Samba 2,Marandagahamula
2015-11-16,4412.5,88.25,Samba 2,Marandagahamula
2015-11-17,4420.0,88.4,Samba 2,Marandagahamula
2015-11-18,4412.5,88.25,Samba 2,Marandagahamula
2015-11-19,4412.5,88.25,Samba 2,Marandagahamula
2015-11-20,4400.0,88.0,Samba 2,Marandagahamula
2015-11-23,4387.5,87.75,Samba 2,Marandagahamula
2015-11-24,4380.0,87.6,Samba 2,Marandagahamula
2015-11-26,4370.0,87.4,Samba 2,Marandagahamula
2015-11-27,4390.0,87.8,Samba 2,Marandagahamula
2015-11-30,4387.5,87.75,Samba 2,Marandagahamula
2015-12-01,4380.0,87.6,Samba 2,Marandagahamula
2015-12-02,4380.0,87.6,Samba 2,Marandagahamula
2015-12-03,4380.0,87.6,Samba 2,Marandagahamula
2015-12-04,4380.0,87.6,Samba 2,Marandagahamula
2015-12-07,4380.0,87.6,Samba 2,Marandagahamula
2015-12-08,4380.0,87.6,Samba 2,Marandagahamula
2015-12-09,4380.0,87.6,Samba 2,Marandagahamula
2015-12-10,4387.5,87.75,Samba 2,Marandagahamula
2015-12-11,4390.0,87.8,Samba 2,Marandagahamula
2015-12-14,4380.0,87.6,Samba 2,Marandagahamula
2015-12-15,4380.0,87.6,Samba 2,Marandagahamula
2015-12-16,4380.0,87.6,Samba 2,Marandagahamula
2015-12-17,4380.0,87.6,Samba 2,Marandagahamula
2015-12-18,4380.0,87.6,Samba 2,Marandagahamula
2015-12-20,4380.0,87.6,Samba 2,Marandagahamula
2015-12-21,4380.0,87.6,Samba 2,Marandagahamula
2015-12-22,4390.0,87.8,Samba 2,Marandagahamula
2015-12-23,4410.0,88.2,Samba 2,Marandagahamula
2015-12-28,4410.0,88.2,Samba 2,Marandagahamula
2015-12-29,4410.0,88.2,Samba 2,Marandagahamula
2015-12-30,4420.0,88.4,Samba 2,Marandagahamula
2015-12-31,4410.0,88.2,Samba 2,Marandagahamula
2016-01-04,4400.0,88.0,Samba 2,Marandagahamula
2016-01-05,4412.5,88.25,Samba 2,Marandagahamula
2016-01-06,4400.0,88.0,Samba 2,Marandagahamula
2016-01-07,4410.0,88.2,Samba 2,Marandagahamula
2016-01-08,4390.0,87.8,Samba 2,Marandagahamula
2016-01-11,4400.0,88.0,Samba 2,Marandagahamula
2016-01-12,4410.0,88.2,Samba 2,Marandagahamula
2016-01-13,4410.0,88.2,Samba 2,Marandagahamula
2016-04-07,3490.0,69.8,Samba 2,Marandagahamula
2016-04-08,3460.0,69.2,Samba 2,Marandagahamula
2016-04-11,3520.0,70.4,Samba 2,Marandagahamula
2016-04-18,3520.0,70.4,Samba 2,Marandagahamula
2016-04-19,3520.0,70.4,Samba 2,Marandagahamula
2016-04-20,3480.0,69.6,Samba 2,Marandagahamula
2016-04-22,3540.0,70.8,Samba 2,Marandagahamula
2016-04-25,3540.0,70.8,Samba 2,Marandagahamula
2016-04-26,3540.0,70.8,Samba 2,Marandagahamula
2016-04-27,3550.0,71.0,Samba 2,Marandagahamula
2016-04-28,3550.0,71.0,Samba 2,Marandagahamula
2016-04-29,3560.0,71.2,Samba 2,Marandagahamula
2016-05-02,3630.0,72.6,Samba 2,Marandagahamula
2016-05-03,3620.0,72.4,Samba 2,Marandagahamula
2016-05-04,3630.0,72.6,Samba 2,Marandagahamula
2016-05-05,3640.0,72.8,Samba 2,Marandagahamula
2016-05-06,3640.0,72.8,Samba 2,Marandagahamula
2016-05-09,3640.0,72.8,Samba 2,Marandagahamula
2016-05-10,3650.0,73.0,Samba 2,Marandagahamula
2016-05-11,3650.0,73.0,Samba 2,Marandagahamula
2016-05-12,3660.0,73.2,Samba 2,Marandagahamula
2016-05-13,3690.0,73.8,Samba 2,Marandagahamula
2016-05-16,3680.0,73.6,Samba 2,Marandagahamula
2016-05-17,3740.0,74.8,Samba 2,Marandagahamula
2016-05-18,3820.0,76.4,Samba 2,Marandagahamula
2016-05-19,3820.0,76.4,Samba 2,Marandagahamula
2016-05-20,3810.0,76.2,Samba 2,Marandagahamula
2016-05-23,3810.0,76.2,Samba 2,Marandagahamula
2016-05-24,3960.0,79.2,Samba 2,Marandagahamula
2016-05-25,3990.0,79.8,Samba 2,Marandagahamula
2016-05-26,4020.0,80.4,Samba 2,Marandagahamula
2016-05-27,4030.0,80.6,Samba 2,Marandagahamula
2016-05-30,4010.0,80.2,Samba 2,Marandagahamula
2016-05-31,4060.0,81.2,Samba 2,Marandagahamula
2016-06-01,4050.0,81.0,Samba 2,Marandagahamula
2016-06-02,4040.0,80.8,Samba 2,Marandagahamula
2016-06-03,3990.0,79.8,Samba 2,Marandagahamula
2016-06-06,3860.0,77.2,Samba 2,Marandagahamula
2016-06-07,3980.0,79.6,Samba 2,Marandagahamula
2016-06-08,3960.0,79.2,Samba 2,Marandagahamula
2016-06-09,3970.0,79.4,Samba 2,Marandagahamula
2016-06-10,3960.0,79.2,Samba 2,Marandagahamula
2016-06-13,3970.0,79.4,Samba 2,Marandagahamula
2016-06-14,3950.0,79.0,Samba 2,Marandagahamula
2016-06-15,3850.0,77.0,Samba 2,Marandagahamula
2016-06-16,3900.0,78.0,Samba 2,Marandagahamula
2016-06-17,3880.0,77.6,Samba 2,Marandagahamula
2016-06-20,3850.0,77.0,Samba 2,Marandagahamula
2016-06-21,3850.0,77.0,Samba 2,Marandagahamula
2016-06-22,3850.0,77.0,Samba 2,Marandagahamula
2016-06-23,3840.0,76.8,Samba 2,Marandagahamula
2016-06-24,3790.0,75.8,Samba 2,Marandagahamula
2016-06-27,3810.0,76.2,Samba 2,Marandagahamula
2016-06-28,3790.0,75.8,Samba 2,Marandagahamula
2016-06-29,3780.0,75.6,Samba 2,Marandagahamula
2016-06-30,3770.0,75.4,Samba 2,Marandagahamula
2016-07-01,3780.0,75.6,Samba 2,Marandagahamula
2016-07-04,3770.0,75.4,Samba 2,Marandagahamula
2016-07-05,3710.0,74.2,Samba 2,Marandagahamula
2016-07-06,3670.0,73.4,Samba 2,Marandagahamula
2016-07-07,3670.0,73.4,Samba 2,Marandagahamula
2016-07-08,3620.0,72.4,Samba 2,Marandagahamula
2016-07-11,3660.0,73.2,Samba 2,Marandagahamula
2016-07-12,3630.0,72.6,Samba 2,Marandagahamula
2016-07-13,3650.0,73.0,Samba 2,Marandagahamula
2016-07-14,3650.0,73.0,Samba 2,Marandagahamula
2016-07-15,3690.0,73.8,Samba 2,Marandagahamula
2016-07-18,3670.0,73.4,Samba 2,Marandagahamula
2016-07-20,3690.0,73.8,Samba 2,Marandagahamula
2016-07-21,3670.0,73.4,Samba 2,Marandagahamula
2016-07-22,3650.0,73.0,Samba 2,Marandagahamula
2016-07-25,3660.0,73.2,Samba 2,Marandagahamula
2016-07-26,3650.0,73.0,Samba 2,Marandagahamula
2016-07-27,3640.0,72.8,Samba 2,Marandagahamula
2016-07-28,3650.0,73.0,Samba 2,Marandagahamula
2016-07-29,3660.0,73.2,Samba 2,Marandagahamula
2016-08-01,3660.0,73.2,Samba 2,Marandagahamula
2016-08-02,3640.0,72.8,Samba 2,Marandagahamula
2016-08-03,3660.0,73.2,Samba 2,Marandagahamula
2016-08-04,3640.0,72.8,Samba 2,Marandagahamula
2016-08-05,3650.0,73.0,Samba 2,Marandagahamula
2016-08-08,3600.0,72.0,Samba 2,Marandagahamula
2016-08-09,3610.0,72.2,Samba 2,Marandagahamula
2016-08-10,3580.0,71.6,Samba 2,Marandagahamula
2016-08-11,3570.0,71.4,Samba 2,Marandagahamula
2016-08-12,3570.0,71.4,Samba 2,Marandagahamula
2016-08-15,3570.0,71.4,Samba 2,Marandagahamula
2016-08-16,3560.0,71.2,Samba 2,Marandagahamula
2016-08-18,3530.0,70.6,Samba 2,Marandagahamula
2016-08-19,3530.0,70.6,Samba 2,Marandagahamula
2016-08-22,3500.0,70.0,Samba 2,Marandagahamula
2016-08-23,3500.0,70.0,Samba 2,Marandagahamula
2016-08-24,3500.0,70.0,Samba 2,Marandagahamula
2016-08-29,3500.0,70.0,Samba 2,Marandagahamula
2016-08-30,3500.0,70.0,Samba 2,Marandagahamula
2016-08-31,3500.0,70.0,Samba 2,Marandagahamula
2016-09-01,3500.0,70.0,Samba 2,Marandagahamula
2016-09-02,3500.0,70.0,Samba 2,Marandagahamula
2016-09-05,3500.0,70.0,Samba 2,Marandagahamula
2016-09-06,3500.0,70.0,Samba 2,Marandagahamula
2016-09-07,3500.0,70.0,Samba 2,Marandagahamula
2016-09-08,3500.0,70.0,Samba 2,Marandagahamula
2016-09-09,3460.0,69.2,Samba 2,Marandagahamula
2016-09-13,3450.0,69.0,Samba 2,Marandagahamula
2016-09-14,3440.0,68.8,Samba 2,Marandagahamula
2016-09-15,3440.0,68.8,Samba 2,Marandagahamula
2016-09-19,3460.0,69.2,Samba 2,Marandagahamula
2016-09-20,3460.0,69.2,Samba 2,Marandagahamula
2016-09-21,3470.0,69.4,Samba 2,Marandagahamula
2016-09-22,3480.0,69.6,Samba 2,Marandagahamula
2016-09-23,3520.0,70.4,Samba 2,Marandagahamula
2016-09-26,3630.0,72.6,Samba 2,Marandagahamula
2016-09-27,3630.0,72.6,Samba 2,Marandagahamula
2016-09-28,3650.0,73.0,Samba 2,Marandagahamula
2016-09-29,3650.0,73.0,Samba 2,Marandagahamula
2016-09-30,3650.0,73.0,Samba 2,Marandagahamula
2016-10-03,3670.0,73.4,Samba 2,Marandagahamula
2016-10-04,3690.0,73.8,Samba 2,Marandagahamula
2016-10-05,3730.0,74.6,Samba 2,Marandagahamula
2016-10-06,3820.0,76.4,Samba 2,Marandagahamula
2016-10-07,3820.0,76.4,Samba 2,Marandagahamula
2016-10-10,3830.0,76.6,Samba 2,Marandagahamula
2016-10-11,3890.0,77.8,Samba 2,Marandagahamula
2016-10-12,3890.0,77.8,Samba 2,Marandagahamula
2016-10-13,3920.0,78.4,Samba 2,Marandagahamula
2016-10-14,3910.0,78.2,Samba 2,Marandagahamula
2016-10-17,3880.0,77.6,Samba 2,Marandagahamula
2016-10-18,3880.0,77.6,Samba 2,Marandagahamula
2016-10-19,3880.0,77.6,Samba 2,Marandagahamula
2016-10-20,3920.0,78.4,Samba 2,Marandagahamula
2016-10-21,3920.0,78.4,Samba 2,Marandagahamula
2016-10-24,3900.0,78.0,Samba 2,Marandagahamula
2016-10-25,3900.0,78.0,Samba 2,Marandagahamula
2016-10-26,3910.0,78.2,Samba 2,Marandagahamula
2016-10-27,3840.0,76.8,Samba 2,Marandagahamula
2016-10-28,3840.0,76.8,Samba 2,Marandagahamula
2016-10-31,3900.0,78.0,Samba 2,Marandagahamula
2016-11-01,3930.0,78.6,Samba 2,Marandagahamula
2016-11-02,3920.0,78.4,Samba 2,Marandagahamula
2016-11-03,3920.0,78.4,Samba 2,Marandagahamula
2016-11-04,3950.0,79.0,Samba 2,Marandagahamula
2016-11-07,3930.0,78.6,Samba 2,Marandagahamula
2016-11-08,3970.0,79.4,Samba 2,Marandagahamula
2016-11-09,4030.0,80.6,Samba 2,Marandagahamula
2016-11-10,4030.0,80.6,Samba 2,Marandagahamula
2016-11-11,4030.0,80.6,Samba 2,Marandagahamula
2016-11-15,4030.0,80.6,Samba 2,Marandagahamula
2016-11-16,4060.0,81.2,Samba 2,Marandagahamula
2016-11-17,4080.0,81.6,Samba 2,Marandagahamula
2016-11-18,4080.0,81.6,Samba 2,Marandagahamula
2016-11-21,4180.0,83.6,Samba 2,Marandagahamula
2016-11-22,4170.0,83.4,Samba 2,Marandagahamula
2016-11-23,4180.0,83.6,Samba 2,Marandagahamula
2016-11-24,4190.0,83.8,Samba 2,Marandagahamula
2016-11-25,4180.0,83.6,Samba 2,Marandagahamula
2016-11-28,4180.0,83.6,Samba 2,Marandagahamula
2016-11-29,4140.0,82.8,Samba 2,Marandagahamula
2016-11-30,4150.0,83.0,Samba 2,Marandagahamula
2016-12-01,4152.0,83.04,Samba 2,Marandagahamula
2016-12-02,4150.0,83.0,Samba 2,Marandagahamula
2016-12-05,4160.0,83.2,Samba 2,Marandagahamula
2016-12-06,4160.0,83.2,Samba 2,Marandagahamula
2016-12-07,4150.0,83.0,Samba 2,Marandagahamula
2016-12-08,4150.0,83.0,Samba 2,Marandagahamula
2016-12-09,4210.0,84.2,Samba 2,Marandagahamula
2016-12-14,4250.0,85.0,Samba 2,Marandagahamula
2016-12-15,4250.0,85.0,Samba 2,Marandagahamula
2016-12-16,4210.0,84.2,Samba 2,Marandagahamula
2016-12-19,4200.0,84.0,Samba 2,Marandagahamula
2016-12-20,4200.0,84.0,Samba 2,Marandagahamula
2016-12-21,4200.0,84.0,Samba 2,Marandagahamula
2016-12-22,4200.0,84.0,Samba 2,Marandagahamula
2016-12-23,4190.0,83.8,Samba 2,Marandagahamula
2016-12-26,4190.0,83.8,Samba 2,Marandagahamula
2016-12-27,4170.0,83.4,Samba 2,Marandagahamula
2016-12-28,4170.0,83.4,Samba 2,Marandagahamula
2016-12-29,4170.0,83.4,Samba 2,Marandagahamula
2016-12-30,4170.0,83.4,Samba 2,Marandagahamula
2017-01-02,4190.0,83.8,Samba 2,Marandagahamula
2017-01-03,4190.0,83.8,Samba 2,Marandagahamula
2017-01-04,4180.0,83.6,Samba 2,Marandagahamula
2017-01-05,4182.0,83.64,Samba 2,Marandagahamula
2017-01-06,4180.0,83.6,Samba 2,Marandagahamula
2017-01-09,4180.0,83.6,Samba 2,Marandagahamula
2017-01-10,4210.0,84.2,Samba 2,Marandagahamula
2017-01-11,4220.0,84.4,Samba 2,Marandagahamula
2017-01-13,4220.0,84.4,Samba 2,Marandagahamula
2017-01-16,4220.0,84.4,Samba 2,Marandagahamula
2017-01-17,4230.0,84.6,Samba 2,Marandagahamula
2017-01-18,4240.0,84.8,Samba 2,Marandagahamula
2017-01-19,4230.0,84.6,Samba 2,Marandagahamula
2017-01-20,5030.0,100.6,Samba 2,Marandagahamula
2017-01-23,4440.0,88.8,Samba 2,Marandagahamula
2017-01-24,4450.0,89.0,Samba 2,Marandagahamula
2017-01-25,4450.0,89.0,Samba 2,Marandagahamula
2017-01-26,4450.0,89.0,Samba 2,Marandagahamula
2017-01-27,4450.0,89.0,Samba 2,Marandagahamula
2017-01-30,4490.0,89.8,Samba 2,Marandagahamula
2017-01-31,4550.0,91.0,Samba 2,Marandagahamula
2017-05-05,4380.0,87.6,Samba 2,Marandagahamula
2017-05-08,4400.0,88.0,Samba 2,Marandagahamula
2017-05-09,4380.0,87.6,Samba 2,Marandagahamula
2017-05-12,4380.0,87.6,Samba 2,Marandagahamula
2017-05-15,4520.0,90.4,Samba 2,Marandagahamula
2017-05-16,4540.0,90.8,Samba 2,Marandagahamula
2017-05-17,4560.0,91.2,Samba 2,Marandagahamula
2017-05-18,4530.0,90.6,Samba 2,Marandagahamula
2017-05-19,4540.0,90.8,Samba 2,Marandagahamula
2017-05-23,4550.0,91.0,Samba 2,Marandagahamula
2017-05-24,4560.0,91.2,Samba 2,Marandagahamula
2017-05-25,4560.0,91.2,Samba 2,Marandagahamula
2017-05-26,4560.0,91.2,Samba 2,Marandagahamula
2017-05-29,4550.0,91.0,Samba 2,Marandagahamula
2017-05-30,4560.0,91.2,Samba 2,Marandagahamula
2017-05-31,4580.0,91.6,Samba 2,Marandagahamula
2017-06-02,4550.0,91.0,Samba 2,Marandagahamula
2017-06-05,4580.0,91.6,Samba 2,Marandagahamula
2017-06-06,4590.0,91.8,Samba 2,Marandagahamula
2017-06-07,4600.0,92.0,Samba 2,Marandagahamula
2017-06-09,4580.0,91.6,Samba 2,Marandagahamula
2017-06-12,4620.0,92.4,Samba 2,Marandagahamula
2017-06-13,4620.0,92.4,Samba 2,Marandagahamula
2017-06-14,4610.0,92.2,Samba 2,Marandagahamula
2017-06-15,4600.0,92.0,Samba 2,Marandagahamula
2017-06-16,4630.0,92.6,Samba 2,Marandagahamula
2017-06-19,4630.0,92.6,Samba 2,Marandagahamula
2017-06-20,4620.0,92.4,Samba 2,Marandagahamula
2017-06-21,4620.0,92.4,Samba 2,Marandagahamula
2017-06-22,4630.0,92.6,Samba 2,Marandagahamula
2017-06-23,4610.0,92.2,Samba 2,Marandagahamula
2017-06-27,4610.0,92.2,Samba 2,Marandagahamula
2017-06-28,4610.0,92.2,Samba 2,Marandagahamula
2017-06-29,4590.0,91.8,Samba 2,Marandagahamula
2017-06-30,4590.0,91.8,Samba 2,Marandagahamula
2017-07-03,4610.0,92.2,Samba 2,Marandagahamula
2017-07-04,4590.0,91.8,Samba 2,Marandagahamula
2017-07-05,4580.0,91.6,Samba 2,Marandagahamula
2017-07-06,4590.0,91.8,Samba 2,Marandagahamula
2017-07-07,4600.0,92.0,Samba 2,Marandagahamula
2017-07-10,4590.0,91.8,Samba 2,Marandagahamula
2017-07-11,4590.0,91.8,Samba 2,Marandagahamula
2017-07-12,4590.0,91.8,Samba 2,Marandagahamula
2017-07-13,4570.0,91.4,Samba 2,Marandagahamula
2017-07-14,4590.0,91.8,Samba 2,Marandagahamula
2017-07-17,4610.0,92.2,Samba 2,Marandagahamula
2017-07-18,4590.0,91.8,Samba 2,Marandagahamula
2017-07-19,4610.0,92.2,Samba 2,Marandagahamula
2017-07-20,4590.0,91.8,Samba 2,Marandagahamula
2017-07-21,4610.0,92.2,Samba 2,Marandagahamula
2017-07-24,4600.0,92.0,Samba 2,Marandagahamula
2017-07-25,4560.0,91.2,Samba 2,Marandagahamula
2017-07-26,4580.0,91.6,Samba 2,Marandagahamula
2017-07-27,4590.0,91.8,Samba 2,Marandagahamula
2017-07-28,4590.0,91.8,Samba 2,Marandagahamula
2017-07-31,4560.0,91.2,Samba 2,Marandagahamula
2017-08-01,4540.0,90.8,Samba 2,Marandagahamula
2017-08-02,4540.0,90.8,Samba 2,Marandagahamula
2017-08-03,4580.0,91.6,Samba 2,Marandagahamula
2017-08-04,4580.0,91.6,Samba 2,Marandagahamula
2017-08-08,4590.0,91.8,Samba 2,Marandagahamula
2017-08-09,4590.0,91.8,Samba 2,Marandagahamula
2017-08-10,4590.0,91.8,Samba 2,Marandagahamula
2017-08-11,4590.0,91.8,Samba 2,Marandagahamula
2017-08-14,4570.0,91.4,Samba 2,Marandagahamula
2017-08-15,4580.0,91.6,Samba 2,Marandagahamula
2017-08-16,4580.0,91.6,Samba 2,Marandagahamula
2017-08-17,4570.0,91.4,Samba 2,Marandagahamula
2017-08-18,4580.0,91.6,Samba 2,Marandagahamula
2017-08-21,4590.0,91.8,Samba 2,Marandagahamula
2017-08-22,4590.0,91.8,Samba 2,Marandagahamula
2017-08-23,4580.0,91.6,Samba 2,Marandagahamula
2017-08-24,4580.0,91.6,Samba 2,Marandagahamula
2017-08-25,4580.0,91.6,Samba 2,Marandagahamula
2017-08-28,4590.0,91.8,Samba 2,Marandagahamula
2017-08-29,4560.0,91.2,Samba 2,Marandagahamula
2017-08-30,4590.0,91.8,Samba 2,Marandagahamula
2017-08-31,4580.0,91.6,Samba 2,Marandagahamula
2017-09-04,4680.0,93.6,Samba 2,Marandagahamula
2017-09-06,4630.0,92.6,Samba 2,Marandagahamula
2017-09-07,4620.0,92.4,Samba 2,Marandagahamula
2017-09-08,4650.0,93.0,Samba 2,Marandagahamula
2017-09-11,4770.0,95.4,Samba 2,Marandagahamula
2017-09-12,4770.0,95.4,Samba 2,Marandagahamula
2017-09-13,4850.0,97.0,Samba 2,Marandagahamula
2017-09-14,4840.0,96.8,Samba 2,Marandagahamula
2017-09-15,4890.0,97.8,Samba 2,Marandagahamula
2017-09-18,4940.0,98.8,Samba 2,Marandagahamula
2017-09-19,4940.0,98.8,Samba 2,Marandagahamula
2017-09-20,4950.0,99.0,Samba 2,Marandagahamula
2017-09-21,4930.0,98.6,Samba 2,Marandagahamula
2017-09-22,4950.0,99.0,Samba 2,Marandagahamula
2017-09-25,4960.0,99.2,Samba 2,Marandagahamula
2017-09-26,4970.0,99.4,Samba 2,Marandagahamula
2017-09-27,4970.0,99.4,Samba 2,Marandagahamula
2017-09-28,4970.0,99.4,Samba 2,Marandagahamula
2017-09-29,4990.0,99.8,Samba 2,Marandagahamula
2017-10-02,4980.0,99.6,Samba 2,Marandagahamula
2017-10-03,4980.0,99.6,Samba 2,Marandagahamula
2017-10-04,4970.0,99.4,Samba 2,Marandagahamula
2017-10-06,4990.0,99.8,Samba 2,Marandagahamula
2017-10-09,5010.0,100.2,Samba 2,Marandagahamula
2017-10-10,5010.0,100.2,Samba 2,Marandagahamula
2017-10-11,5050.0,101.0,Samba 2,Marandagahamula
2017-10-12,5060.0,101.2,Samba 2,Marandagahamula
2017-10-13,5060.0,101.2,Samba 2,Marandagahamula
2017-10-16,5060.0,101.2,Samba 2,Marandagahamula
2017-10-17,5060.0,101.2,Samba 2,Marandagahamula
2017-10-19,5080.0,101.6,Samba 2,Marandagahamula
2017-10-20,5080.0,101.6,Samba 2,Marandagahamula
2017-10-23,5080.0,101.6,Samba 2,Marandagahamula
2017-10-24,5050.0,101.0,Samba 2,Marandagahamula
2017-10-25,5080.0,101.6,Samba 2,Marandagahamula
2017-10-26,5070.0,101.4,Samba 2,Marandagahamula
2017-10-27,5060.0,101.2,Samba 2,Marandagahamula
2017-10-30,5060.0,101.2,Samba 2,Marandagahamula
2017-10-31,5060.0,101.2,Samba 2,Marandagahamula
2017-11-01,5060.0,101.2,Samba 2,Marandagahamula
2017-11-02,5070.0,101.4,Samba 2,Marandagahamula
2017-11-06,5090.0,101.8,Samba 2,Marandagahamula
2017-11-07,5090.0,101.8,Samba 2,Marandagahamula
2017-11-08,5090.0,101.8,Samba 2,Marandagahamula
2017-11-09,5090.0,101.8,Samba 2,Marandagahamula
2017-11-10,5090.0,101.8,Samba 2,Marandagahamula
2017-11-13,5090.0,101.8,Samba 2,Marandagahamula
2017-11-14,5090.0,101.8,Samba 2,Marandagahamula
2017-11-15,5090.0,101.8,Samba 2,Marandagahamula
2017-11-16,5090.0,101.8,Samba 2,Marandagahamula
2017-11-17,5090.0,101.8,Samba 2,Marandagahamula
2017-11-20,5120.0,102.4,Samba 2,Marandagahamula
2017-11-21,5120.0,102.4,Samba 2,Marandagahamula
2017-11-22,5110.0,102.2,Samba 2,Marandagahamula
2017-11-23,5120.0,102.4,Samba 2,Marandagahamula
2017-11-24,5120.0,102.4,Samba 2,Marandagahamula
2017-11-27,5090.0,101.8,Samba 2,Marandagahamula
2017-11-28,5090.0,101.8,Samba 2,Marandagahamula
2017-11-29,5110.0,102.2,Samba 2,Marandagahamula
2017-11-30,5110.0,102.2,Samba 2,Marandagahamula
2017-12-04,5110.0,102.2,Samba 2,Marandagahamula
2017-12-05,5090.0,101.8,Samba 2,Marandagahamula
2017-12-06,5170.0,103.4,Samba 2,Marandagahamula
2017-12-07,5120.0,102.4,Samba 2,Marandagahamula
2017-12-08,5090.0,101.8,Samba 2,Marandagahamula
2017-12-11,5130.0,102.6,Samba 2,Marandagahamula
2017-12-12,5100.0,102.0,Samba 2,Marandagahamula
2017-12-13,5140.0,102.8,Samba 2,Marandagahamula
2017-12-14,5140.0,102.8,Samba 2,Marandagahamula
2017-12-15,5140.0,102.8,Samba 2,Marandagahamula
2017-12-18,5130.0,102.6,Samba 2,Marandagahamula
2017-12-19,5130.0,102.6,Samba 2,Marandagahamula
2017-12-20,5120.0,102.4,Samba 2,Marandagahamula
2017-12-21,5170.0,103.4,Samba 2,Marandagahamula
2017-12-22,5120.0,102.4,Samba 2,Marandagahamula
2017-12-26,5140.0,102.8,Samba 2,Marandagahamula
2017-12-27,5140.0,102.8,Samba 2,Marandagahamula
2017-12-28,5160.0,103.2,Samba 2,Marandagahamula
2017-12-29,5140.0,102.8,Samba 2,Marandagahamula
2018-01-02,5150.0,103.0,Samba 2,Marandagahamula
2018-01-03,5140.0,102.8,Samba 2,Marandagahamula
2018-01-04,5140.0,102.8,Samba 2,Marandagahamula
2018-01-05,5140.0,102.8,Samba 2,Marandagahamula
2018-01-08,5100.0,102.0,Samba 2,Marandagahamula
2018-01-09,5120.0,102.4,Samba 2,Marandagahamula
2018-01-10,5130.0,102.6,Samba 2,Marandagahamula
2018-01-11,5130.0,102.6,Samba 2,Marandagahamula
2018-01-12,5120.0,102.4,Samba 2,Marandagahamula
2018-01-15,5110.0,102.2,Samba 2,Marandagahamula
2018-01-16,5130.0,102.6,Samba 2,Marandagahamula
2018-01-17,5110.0,102.2,Samba 2,Marandagahamula
2018-01-18,5070.0,101.4,Samba 2,Marandagahamula
2018-01-19,5050.0,101.0,Samba 2,Marandagahamula
2018-01-22,4880.0,97.6,Samba 2,Marandagahamula
2018-01-23,4880.0,97.6,Samba 2,Marandagahamula
2018-01-24,4880.0,97.6,Samba 2,Marandagahamula
2018-01-25,4770.0,95.4,Samba 2,Marandagahamula
2018-01-26,4770.0,95.4,Samba 2,Marandagahamula
2018-01-29,4610.0,92.2,Samba 2,Marandagahamula
2018-01-30,4550.0,91.0,Samba 2,Marandagahamula
2018-02-01,4580.0,91.6,Samba 2,Marandagahamula
2018-02-02,4550.0,91.0,Samba 2,Marandagahamula
2018-02-05,4480.0,89.6,Samba 2,Marandagahamula
2018-02-07,4550.0,91.0,Samba 2,Marandagahamula
2018-02-08,4340.0,86.8,Samba 2,Marandagahamula
2018-02-09,4370.0,87.4,Samba 2,Marandagahamula
2018-02-12,4190.0,83.8,Samba 2,Marandagahamula
2018-02-14,4390.0,87.8,Samba 2,Marandagahamula
2018-02-15,4390.0,87.8,Samba 2,Marandagahamula
2018-02-16,4410.0,88.2,Samba 2,Marandagahamula
2018-02-19,4400.0,88.0,Samba 2,Marandagahamula
2018-02-20,4380.0,87.6,Samba 2,Marandagahamula
2018-02-21,4390.0,87.8,Samba 2,Marandagahamula
2018-02-22,4390.0,87.8,Samba 2,Marandagahamula
2018-02-23,4390.0,87.8,Samba 2,Marandagahamula
2018-02-26,4320.0,86.4,Samba 2,Marandagahamula
2018-02-27,4450.0,89.0,Samba 2,Marandagahamula
2018-02-28,4510.0,90.2,Samba 2,Marandagahamula
2018-03-02,4490.0,89.8,Samba 2,Marandagahamula
2018-03-05,4537.5,90.75,Samba 2,Marandagahamula
2018-03-06,4512.5,90.25,Samba 2,Marandagahamula
2018-03-07,4690.0,93.8,Samba 2,Marandagahamula
2018-03-08,4670.0,93.4,Samba 2,Marandagahamula
2018-03-09,4650.0,93.0,Samba 2,Marandagahamula
2018-03-12,4520.0,90.4,Samba 2,Marandagahamula
2018-03-13,4520.0,90.4,Samba 2,Marandagahamula
2018-03-14,4610.0,92.2,Samba 2,Marandagahamula
2018-03-15,4610.0,92.2,Samba 2,Marandagahamula
2018-03-16,4680.0,93.6,Samba 2,Marandagahamula
2018-03-19,4680.0,93.6,Samba 2,Marandagahamula
2018-03-20,4710.0,94.2,Samba 2,Marandagahamula
2018-03-21,4640.0,92.8,Samba 2,Marandagahamula
2018-03-22,4640.0,92.8,Samba 2,Marandagahamula
2018-03-23,4640.0,92.8,Samba 2,Marandagahamula
2018-03-26,4650.0,93.0,Samba 2,Marandagahamula
2018-03-27,4640.0,92.8,Samba 2,Marandagahamula
2018-03-28,4650.0,93.0,Samba 2,Marandagahamula
2018-04-02,4650.0,93.0,Samba 2,Marandagahamula
2018-04-03,4630.0,92.6,Samba 2,Marandagahamula
2018-04-04,4660.0,93.2,Samba 2,Marandagahamula
2018-04-05,4630.0,92.6,Samba 2,Marandagahamula
2018-04-06,4650.0,93.0,Samba 2,Marandagahamula
2018-04-09,4690.0,93.8,Samba 2,Marandagahamula
2018-04-10,4730.0,94.6,Samba 2,Marandagahamula
2018-04-11,4770.0,95.4,Samba 2,Marandagahamula
2018-04-12,4700.0,94.0,Samba 2,Marandagahamula
2018-04-17,4650.0,93.0,Samba 2,Marandagahamula
2018-04-18,4670.0,93.4,Samba 2,Marandagahamula
2018-04-19,4670.0,93.4,Samba 2,Marandagahamula
2018-04-20,4720.0,94.4,Samba 2,Marandagahamula
2018-04-23,4670.0,93.4,Samba 2,Marandagahamula
2018-04-24,4710.0,94.2,Samba 2,Marandagahamula
2018-04-25,4670.0,93.4,Samba 2,Marandagahamula
2018-04-26,4730.0,94.6,Samba 2,Marandagahamula
2018-04-27,4770.0,95.4,Samba 2,Marandagahamula
2018-05-01,4800.0,96.0,Samba 2,Marandagahamula
2018-05-02,4800.0,96.0,Samba 2,Marandagahamula
2018-05-03,4860.0,97.2,Samba 2,Marandagahamula
2018-05-04,4870.0,97.4,Samba 2,Marandagahamula
2018-05-08,4860.0,97.2,Samba 2,Marandagahamula
2018-05-09,4920.0,98.4,Samba 2,Marandagahamula
2018-05-10,4880.0,97.6,Samba 2,Marandagahamula
2018-05-11,4880.0,97.6,Samba 2,Marandagahamula
2018-05-14,4890.0,97.8,Samba 2,Marandagahamula
2018-05-15,4880.0,97.6,Samba 2,Marandagahamula
2018-05-16,4890.0,97.8,Samba 2,Marandagahamula
2018-05-17,4900.0,98.0,Samba 2,Marandagahamula
2018-05-21,4980.0,99.6,Samba 2,Marandagahamula
2018-05-22,4980.0,99.6,Samba 2,Marandagahamula
2018-05-23,4980.0,99.6,Samba 2,Marandagahamula
2018-05-24,4980.0,99.6,Samba 2,Marandagahamula
2018-05-25,4980.0,99.6,Samba 2,Marandagahamula
2018-05-28,5040.0,100.8,Samba 2,Marandagahamula
2018-05-30,5060.0,101.2,Samba 2,Marandagahamula
2018-05-31,5040.0,100.8,Samba 2,Marandagahamula
2018-06-05,5040.0,100.8,Samba 2,Marandagahamula
2018-06-06,5040.0,100.8,Samba 2,Marandagahamula
2018-06-07,5040.0,100.8,Samba 2,Marandagahamula
2018-06-08,5030.0,100.6,Samba 2,Marandagahamula
2018-06-11,4990.0,99.8,Samba 2,Marandagahamula
2018-06-12,5000.0,100.0,Samba 2,Marandagahamula
2018-06-13,5000.0,100.0,Samba 2,Marandagahamula
2018-06-14,4990.0,99.8,Samba 2,Marandagahamula
2018-06-18,4970.0,99.4,Samba 2,Marandagahamula
2018-06-19,4980.0,99.6,Samba 2,Marandagahamula
2018-06-20,4970.0,99.4,Samba 2,Marandagahamula
2018-06-21,4980.0,99.6,Samba 2,Marandagahamula
2018-06-22,4990.0,99.8,Samba 2,Marandagahamula
2018-06-25,4980.0,99.6,Samba 2,Marandagahamula
2018-06-26,4990.0,99.8,Samba 2,Marandagahamula
2018-06-28,4970.0,99.4,Samba 2,Marandagahamula
2018-06-29,4980.0,99.6,Samba 2,Marandagahamula
2018-07-02,4990.0,99.8,Samba 2,Marandagahamula
2018-07-03,4996.0,99.92,Samba 2,Marandagahamula
2018-07-04,4980.0,99.6,Samba 2,Marandagahamula
2018-07-05,4990.0,99.8,Samba 2,Marandagahamula
2018-07-06,4970.0,99.4,Samba 2,Marandagahamula
2018-07-09,4950.0,99.0,Samba 2,Marandagahamula
2018-07-10,4980.0,99.6,Samba 2,Marandagahamula
2018-07-11,4990.0,99.8,Samba 2,Marandagahamula
2018-07-12,4970.0,99.4,Samba 2,Marandagahamula
2018-07-13,4990.0,99.8,Samba 2,Marandagahamula
2018-07-16,4980.0,99.6,Samba 2,Marandagahamula
2018-07-17,4990.0,99.8,Samba 2,Marandagahamula
2018-07-18,4990.0,99.8,Samba 2,Marandagahamula
2018-07-19,4970.0,99.4,Samba 2,Marandagahamula
2018-07-20,4980.0,99.6,Samba 2,Marandagahamula
2018-07-23,4970.0,99.4,Samba 2,Marandagahamula
2018-07-24,4960.0,99.2,Samba 2,Marandagahamula
2018-07-25,4950.0,99.0,Samba 2,Marandagahamula
2018-07-26,4970.0,99.4,Samba 2,Marandagahamula
2018-07-30,4950.0,99.0,Samba 2,Marandagahamula
2018-07-31,4950.0,99.0,Samba 2,Marandagahamula
2018-08-01,4950.0,99.0,Samba 2,Marandagahamula
2018-08-02,4950.0,99.0,Samba 2,Marandagahamula
2018-08-03,4950.0,99.0,Samba 2,Marandagahamula
2018-08-06,4950.0,99.0,Samba 2,Marandagahamula
2018-08-07,4930.0,98.6,Samba 2,Marandagahamula
2018-08-08,4920.0,98.4,Samba 2,Marandagahamula
2018-08-09,4930.0,98.6,Samba 2,Marandagahamula
2018-08-10,4890.0,97.8,Samba 2,Marandagahamula
2018-08-13,4950.0,99.0,Samba 2,Marandagahamula
2018-08-14,4870.0,97.4,Samba 2,Marandagahamula
2018-08-15,4860.0,97.2,Samba 2,Marandagahamula
2018-08-16,4790.0,95.8,Samba 2,Marandagahamula
2018-08-17,4870.0,97.4,Samba 2,Marandagahamula
2018-08-20,4780.0,95.6,Samba 2,Marandagahamula
2018-08-21,4720.0,94.4,Samba 2,Marandagahamula
2018-08-23,4720.0,94.4,Samba 2,Marandagahamula
2018-08-24,4670.0,93.4,Samba 2,Marandagahamula
2018-08-27,4720.0,94.4,Samba 2,Marandagahamula
2018-08-28,4700.0,94.0,Samba 2,Marandagahamula
2018-08-29,4650.0,93.0,Samba 2,Marandagahamula
2018-09-03,4430.0,88.6,Samba 2,Marandagahamula
2018-09-04,4470.0,89.4,Samba 2,Marandagahamula
2018-09-05,4410.0,88.2,Samba 2,Marandagahamula
2018-09-06,4380.0,87.6,Samba 2,Marandagahamula
2018-09-07,4410.0,88.2,Samba 2,Marandagahamula
2018-09-10,4330.0,86.6,Samba 2,Marandagahamula
2018-09-11,4460.0,89.2,Samba 2,Marandagahamula
2018-09-12,4440.0,88.8,Samba 2,Marandagahamula
2018-09-13,4450.0,89.0,Samba 2,Marandagahamula
2018-09-14,4460.0,89.2,Samba 2,Marandagahamula
2018-09-17,4460.0,89.2,Samba 2,Marandagahamula
2018-09-18,4430.0,88.6,Samba 2,Marandagahamula
2018-09-19,4490.0,89.8,Samba 2,Marandagahamula
2018-09-20,4630.0,92.6,Samba 2,Marandagahamula
2018-09-21,4460.0,89.2,Samba 2,Marandagahamula
2018-09-25,4450.0,89.0,Samba 2,Marandagahamula
2018-09-26,4480.0,89.6,Samba 2,Marandagahamula
2018-09-27,4440.0,88.8,Samba 2,Marandagahamula
2018-09-28,4450.0,89.0,Samba 2,Marandagahamula
2018-10-01,4610.0,92.2,Samba 2,Marandagahamula
2018-10-02,4510.0,90.2,Samba 2,Marandagahamula
2018-10-03,4620.0,92.4,Samba 2,Marandagahamula
2018-10-04,4520.0,90.4,Samba 2,Marandagahamula
2018-10-05,4510.0,90.2,Samba 2,Marandagahamula
2018-10-08,4560.0,91.2,Samba 2,Marandagahamula
2018-10-09,4580.0,91.6,Samba 2,Marandagahamula
2018-10-10,4700.0,94.0,Samba 2,Marandagahamula
2018-10-11,4600.0,92.0,Samba 2,Marandagahamula
2018-10-12,4740.0,94.8,Samba 2,Marandagahamula
2018-10-15,4660.0,93.2,Samba 2,Marandagahamula
2018-10-16,4780.0,95.6,Samba 2,Marandagahamula
2018-10-17,4780.0,95.6,Samba 2,Marandagahamula
2018-10-18,4840.0,96.8,Samba 2,Marandagahamula
2018-10-19,4790.0,95.8,Samba 2,Marandagahamula
2018-10-22,4810.0,96.2,Samba 2,Marandagahamula
2018-10-23,4860.0,97.2,Samba 2,Marandagahamula
2018-10-25,4860.0,97.2,Samba 2,Marandagahamula
2018-10-29,4850.0,97.0,Samba 2,Marandagahamula
2018-10-30,4830.0,96.6,Samba 2,Marandagahamula
2018-10-31,4840.0,96.8,Samba 2,Marandagahamula
2018-11-01,4830.0,96.6,Samba 2,Marandagahamula
2018-11-02,4840.0,96.8,Samba 2,Marandagahamula
2018-11-05,4820.0,96.4,Samba 2,Marandagahamula
2018-11-07,4790.0,95.8,Samba 2,Marandagahamula
2018-11-08,4830.0,96.6,Samba 2,Marandagahamula
2018-11-09,4790.0,95.8,Samba 2,Marandagahamula
2018-11-12,4830.0,96.6,Samba 2,Marandagahamula
2018-11-13,4770.0,95.4,Samba 2,Marandagahamula
2018-11-14,4780.0,95.6,Samba 2,Marandagahamula
2018-11-15,4780.0,95.6,Samba 2,Marandagahamula
2018-11-16,4790.0,95.8,Samba 2,Marandagahamula
2018-11-19,4770.0,95.4,Samba 2,Marandagahamula
2018-11-21,4760.0,95.2,Samba 2,Marandagahamula
2018-11-23,4770.0,95.4,Samba 2,Marandagahamula
2018-11-26,4800.0,96.0,Samba 2,Marandagahamula
2018-11-27,4800.0,96.0,Samba 2,Marandagahamula
2018-11-28,4780.0,95.6,Samba 2,Marandagahamula
2018-11-29,4800.0,96.0,Samba 2,Marandagahamula
2018-11-30,4800.0,96.0,Samba 2,Marandagahamula
2018-12-03,4780.0,95.6,Samba 2,Marandagahamula
2018-12-04,4790.0,95.8,Samba 2,Marandagahamula
2018-12-05,4770.0,95.4,Samba 2,Marandagahamula
2018-12-06,4770.0,95.4,Samba 2,Marandagahamula
2018-12-07,4740.0,94.8,Samba 2,Marandagahamula
2018-12-10,4770.0,95.4,Samba 2,Marandagahamula
2018-12-11,4760.0,95.2,Samba 2,Marandagahamula
2018-12-12,4760.0,95.2,Samba 2,Marandagahamula
2018-12-13,4780.0,95.6,Samba 2,Marandagahamula
2018-12-14,4760.0,95.2,Samba 2,Marandagahamula
2018-12-17,4770.0,95.4,Samba 2,Marandagahamula
2018-12-18,4770.0,95.4,Samba 2,Marandagahamula
2018-12-19,4760.0,95.2,Samba 2,Marandagahamula
2018-12-20,4760.0,95.2,Samba 2,Marandagahamula
2018-12-21,4760.0,95.2,Samba 2,Marandagahamula
2018-12-26,4790.0,95.8,Samba 2,Marandagahamula
2018-12-27,4770.0,95.4,Samba 2,Marandagahamula
2018-12-28,4760.0,95.2,Samba 2,Marandagahamula
2018-12-31,4780.0,95.6,Samba 2,Marandagahamula
2019-01-01,4760.0,95.2,Samba 2,Marandagahamula
2019-01-02,4760.0,95.2,Samba 2,Marandagahamula
2019-01-03,4750.0,95.0,Samba 2,Marandagahamula
2019-01-04,4760.0,95.2,Samba 2,Marandagahamula
2019-01-07,4740.0,94.8,Samba 2,Marandagahamula
2019-01-08,4740.0,94.8,Samba 2,Marandagahamula
2019-01-09,4730.0,94.6,Samba 2,Marandagahamula
2019-01-10,4730.0,94.6,Samba 2,Marandagahamula
2019-01-11,4740.0,94.8,Samba 2,Marandagahamula
2019-01-14,4720.0,94.4,Samba 2,Marandagahamula
2019-01-16,4710.0,94.2,Samba 2,Marandagahamula
2019-01-17,4720.0,94.4,Samba 2,Marandagahamula
2019-01-18,4680.0,93.6,Samba 2,Marandagahamula
2019-01-21,4690.0,93.8,Samba 2,Marandagahamula
2019-01-22,4690.0,93.8,Samba 2,Marandagahamula
2019-01-23,4700.0,94.0,Samba 2,Marandagahamula
2019-01-24,4710.0,94.2,Samba 2,Marandagahamula
2019-01-25,4660.0,93.2,Samba 2,Marandagahamula
2019-01-28,4700.0,94.0,Samba 2,Marandagahamula
2019-01-29,4387.5,87.75,Samba 2,Marandagahamula
2019-01-30,4550.0,91.0,Samba 2,Marandagahamula
2019-01-31,4530.0,90.6,Samba 2,Marandagahamula
2019-02-01,4490.0,89.8,Samba 2,Marandagahamula
2019-02-05,4520.0,90.4,Samba 2,Marandagahamula
2019-02-06,4400.0,88.0,Samba 2,Marandagahamula
2019-02-07,4230.0,84.6,Samba 2,Marandagahamula
2019-02-08,4400.0,88.0,Samba 2,Marandagahamula
2019-02-11,4380.0,87.6,Samba 2,Marandagahamula
2019-02-12,4380.0,87.6,Samba 2,Marandagahamula
2019-02-13,4340.0,86.8,Samba 2,Marandagahamula
2019-02-14,4340.0,86.8,Samba 2,Marandagahamula
2019-02-15,4340.0,86.8,Samba 2,Marandagahamula
2019-02-18,4150.0,83.0,Samba 2,Marandagahamula
2019-02-21,4070.0,81.4,Samba 2,Marandagahamula
2019-02-22,4020.0,80.4,Samba 2,Marandagahamula
2019-02-25,4220.0,84.4,Samba 2,Marandagahamula
2019-02-26,4210.0,84.2,Samba 2,Marandagahamula
2019-02-27,4210.0,84.2,Samba 2,Marandagahamula
2019-02-28,4210.0,84.2,Samba 2,Marandagahamula
2019-03-01,4200.0,84.0,Samba 2,Marandagahamula
2019-03-05,3950.0,79.0,Samba 2,Marandagahamula
2019-03-06,3980.0,79.6,Samba 2,Marandagahamula
2019-03-07,4036.0,80.72,Samba 2,Marandagahamula
2019-03-08,4000.0,80.0,Samba 2,Marandagahamula
2019-03-11,4120.0,82.4,Samba 2,Marandagahamula
2019-03-12,4100.0,82.0,Samba 2,Marandagahamula
2019-03-13,3910.0,78.2,Samba 2,Marandagahamula
2019-03-14,3900.0,78.0,Samba 2,Marandagahamula
2019-03-15,3930.0,78.6,Samba 2,Marandagahamula
2019-03-18,3930.0,78.6,Samba 2,Marandagahamula
2019-03-19,3870.0,77.4,Samba 2,Marandagahamula
2019-03-21,3820.0,76.4,Samba 2,Marandagahamula
2019-03-22,3740.0,74.8,Samba 2,Marandagahamula
2019-03-25,3770.0,75.4,Samba 2,Marandagahamula
2019-03-26,3790.0,75.8,Samba 2,Marandagahamula
2019-03-27,3780.0,75.6,Samba 2,Marandagahamula
2019-03-28,3780.0,75.6,Samba 2,Marandagahamula
2019-03-29,3720.0,74.4,Samba 2,Marandagahamula
2019-04-01,3780.0,75.6,Samba 2,Marandagahamula
2019-04-02,3750.0,75.0,Samba 2,Marandagahamula
2019-04-03,3760.0,75.2,Samba 2,Marandagahamula
2019-04-04,3870.0,77.4,Samba 2,Marandagahamula
2019-04-05,3860.0,77.2,Samba 2,Marandagahamula
2019-04-08,3910.0,78.2,Samba 2,Marandagahamula
2019-04-09,3920.0,78.4,Samba 2,Marandagahamula
2019-04-10,3900.0,78.0,Samba 2,Marandagahamula
2019-04-11,3880.0,77.6,Samba 2,Marandagahamula
2019-04-12,3860.0,77.2,Samba 2,Marandagahamula
2019-04-17,3860.0,77.2,Samba 2,Marandagahamula
2019-04-23,3900.0,78.0,Samba 2,Marandagahamula
2019-04-24,3910.0,78.2,Samba 2,Marandagahamula
2019-04-25,3910.0,78.2,Samba 2,Marandagahamula
2019-04-26,3910.0,78.2,Samba 2,Marandagahamula
2019-04-29,4030.0,80.6,Samba 2,Marandagahamula
2019-04-30,4040.0,80.8,Samba 2,Marandagahamula
2019-05-02,4050.0,81.0,Samba 2,Marandagahamula
2019-05-03,4060.0,81.2,Samba 2,Marandagahamula
2019-05-06,4070.0,81.4,Samba 2,Marandagahamula
2019-05-07,4100.0,82.0,Samba 2,Marandagahamula
2019-05-08,4020.0,80.4,Samba 2,Marandagahamula
2019-05-09,4000.0,80.0,Samba 2,Marandagahamula
2019-05-10,3980.0,79.6,Samba 2,Marandagahamula
2019-05-13,3980.0,79.6,Samba 2,Marandagahamula
2019-05-14,3980.0,79.6,Samba 2,Marandagahamula
2019-05-15,4020.0,80.4,Samba 2,Marandagahamula
2019-05-16,4000.0,80.0,Samba 2,Marandagahamula
2019-05-17,4020.0,80.4,Samba 2,Marandagahamula
2019-05-21,4020.0,80.4,Samba 2,Marandagahamula
2019-09-04,3960.0,79.2,Samba 2,Marandagahamula
2019-09-05,4000.0,80.0,Samba 2,Marandagahamula
2019-09-06,4000.0,80.0,Samba 2,Marandagahamula
2019-09-09,4000.0,80.0,Samba 2,Marandagahamula
2019-09-10,4000.0,80.0,Samba 2,Marandagahamula
2019-09-12,3980.0,79.6,Samba 2,Marandagahamula
2019-09-16,4080.0,81.6,Samba 2,Marandagahamula
2019-09-17,4040.0,80.8,Samba 2,Marandagahamula
2019-09-18,4100.0,82.0,Samba 2,Marandagahamula
2019-09-19,4060.0,81.2,Samba 2,Marandagahamula
2019-09-20,4100.0,82.0,Samba 2,Marandagahamula
2019-09-23,4280.0,85.6,Samba 2,Marandagahamula
2019-09-24,4240.0,84.8,Samba 2,Marandagahamula
2019-09-25,4350.0,87.0,Samba 2,Marandagahamula
2019-09-26,4350.0,87.0,Samba 2,Marandagahamula
2019-09-27,4350.0,87.0,Samba 2,Marandagahamula
2019-09-30,4300.0,86.0,Samba 2,Marandagahamula
2019-10-01,4320.0,86.4,Samba 2,Marandagahamula
2019-10-02,4340.0,86.8,Samba 2,Marandagahamula
2019-10-03,4340.0,86.8,Samba 2,Marandagahamula
2019-10-04,4350.0,87.0,Samba 2,Marandagahamula
2019-10-07,4420.0,88.4,Samba 2,Marandagahamula
2019-10-08,4440.0,88.8,Samba 2,Marandagahamula
2019-10-09,4420.0,88.4,Samba 2,Marandagahamula
2019-10-10,4440.0,88.8,Samba 2,Marandagahamula
2019-10-11,4440.0,88.8,Samba 2,Marandagahamula
2019-10-14,4440.0,88.8,Samba 2,Marandagahamula
2019-10-15,4420.0,88.4,Samba 2,Marandagahamula
2019-10-16,4440.0,88.8,Samba 2,Marandagahamula
2019-10-17,4420.0,88.4,Samba 2,Marandagahamula
2019-10-18,4480.0,89.6,Samba 2,Marandagahamula
2019-10-21,4540.0,90.8,Samba 2,Marandagahamula
2019-10-22,4520.0,90.4,Samba 2,Marandagahamula
2019-10-23,4520.0,90.4,Samba 2,Marandagahamula
2019-10-24,4500.0,90.0,Samba 2,Marandagahamula
2019-10-25,4500.0,90.0,Samba 2,Marandagahamula
2019-10-28,4500.0,90.0,Samba 2,Marandagahamula
2019-10-29,4500.0,90.0,Samba 2,Marandagahamula
2019-10-30,4480.0,89.6,Samba 2,Marandagahamula
2019-10-31,4540.0,90.8,Samba 2,Marandagahamula
2019-11-01,4540.0,90.8,Samba 2,Marandagahamula
2019-11-04,4540.0,90.8,Samba 2,Marandagahamula
2019-11-05,4540.0,90.8,Samba 2,Marandagahamula
2019-11-06,4560.0,91.2,Samba 2,Marandagahamula
2019-11-07,4540.0,90.8,Samba 2,Marandagahamula
2019-11-08,4540.0,90.8,Samba 2,Marandagahamula
2019-11-11,4580.0,91.6,Samba 2,Marandagahamula
2019-11-13,4580.0,91.6,Samba 2,Marandagahamula
2019-11-14,4580.0,91.6,Samba 2,Marandagahamula
2019-11-15,4580.0,91.6,Samba 2,Marandagahamula
2019-11-18,4640.0,92.8,Samba 2,Marandagahamula
2019-11-19,4640.0,92.8,Samba 2,Marandagahamula
2019-11-20,4620.0,92.4,Samba 2,Marandagahamula
2019-11-21,4620.0,92.4,Samba 2,Marandagahamula
2019-11-22,4640.0,92.8,Samba 2,Marandagahamula
2019-11-25,4640.0,92.8,Samba 2,Marandagahamula
2019-12-04,4800.0,96.0,Samba 2,Marandagahamula
2019-12-09,4780.0,95.6,Samba 2,Marandagahamula
2019-12-10,4820.0,96.4,Samba 2,Marandagahamula
2019-12-12,4820.0,96.4,Samba 2,Marandagahamula
2019-12-13,4820.0,96.4,Samba 2,Marandagahamula
2019-12-16,4780.0,95.6,Samba 2,Marandagahamula
2019-12-17,4780.0,95.6,Samba 2,Marandagahamula
2019-12-18,4780.0,95.6,Samba 2,Marandagahamula
2019-12-19,4780.0,95.6,Samba 2,Marandagahamula
2019-12-20,4760.0,95.2,Samba 2,Marandagahamula
2019-12-23,4750.0,95.0,Samba 2,Marandagahamula
2019-12-24,4740.0,94.8,Samba 2,Marandagahamula
2019-12-26,4750.0,95.0,Samba 2,Marandagahamula
2019-12-27,4730.0,94.6,Samba 2,Marandagahamula
2019-12-30,4730.0,94.6,Samba 2,Marandagahamula
2019-12-31,4770.0,95.4,Samba 2,Marandagahamula
2020-01-01,4770.0,95.4,Samba 2,Marandagahamula
2020-01-02,4760.0,95.2,Samba 2,Marandagahamula
2020-01-03,4770.0,95.4,Samba 2,Marandagahamula
2020-01-06,4780.0,95.6,Samba 2,Marandagahamula
2020-01-07,4770.0,95.4,Samba 2,Marandagahamula
2020-01-08,4770.0,95.4,Samba 2,Marandagahamula
2020-01-09,4770.0,95.4,Samba 2,Marandagahamula
2020-01-13,4770.0,95.4,Samba 2,Marandagahamula
2020-01-14,4770.0,95.4,Samba 2,Marandagahamula
2020-01-16,4720.0,94.4,Samba 2,Marandagahamula
2020-01-17,4690.0,93.8,Samba 2,Marandagahamula
2020-01-20,4640.0,92.8,Samba 2,Marandagahamula
2020-01-21,4640.0,92.8,Samba 2,Marandagahamula
2020-01-22,4600.0,92.0,Samba 2,Marandagahamula
2020-01-23,4660.0,93.2,Samba 2,Marandagahamula
2020-01-24,4600.0,92.0,Samba 2,Marandagahamula
2020-01-27,4630.0,92.6,Samba 2,Marandagahamula
2020-01-28,4580.0,91.6,Samba 2,Marandagahamula
2020-01-29,4620.0,92.4,Samba 2,Marandagahamula
2020-01-30,4620.0,92.4,Samba 2,Marandagahamula
2020-01-31,4560.0,91.2,Samba 2,Marandagahamula
2020-02-03,4520.0,90.4,Samba 2,Marandagahamula
2020-02-05,4500.0,90.0,Samba 2,Marandagahamula
2020-02-06,4480.0,89.6,Samba 2,Marandagahamula
2020-02-07,4380.0,87.6,Samba 2,Marandagahamula
2020-02-10,4420.0,88.4,Samba 2,Marandagahamula
2020-02-11,4400.0,88.0,Samba 2,Marandagahamula
2020-02-12,4310.0,86.2,Samba 2,Marandagahamula
2020-02-13,3540.0,70.8,Samba 2,Marandagahamula
2020-02-14,4400.0,88.0,Samba 2,Marandagahamula
2020-02-17,4420.0,88.4,Samba 2,Marandagahamula
2020-02-18,4420.0,88.4,Samba 2,Marandagahamula
2020-02-19,4420.0,88.4,Samba 2,Marandagahamula
2020-02-20,4440.0,88.8,Samba 2,Marandagahamula
2020-02-24,4460.0,89.2,Samba 2,Marandagahamula
2020-02-25,4400.0,88.0,Samba 2,Marandagahamula
2020-02-26,4420.0,88.4,Samba 2,Marandagahamula
2020-02-27,4420.0,88.4,Samba 2,Marandagahamula
2020-02-28,4420.0,88.4,Samba 2,Marandagahamula
2020-03-02,4420.0,88.4,Samba 2,Marandagahamula
2020-03-03,4400.0,88.0,Samba 2,Marandagahamula
2020-03-04,4400.0,88.0,Samba 2,Marandagahamula
2020-03-05,4400.0,88.0,Samba 2,Marandagahamula
2020-03-06,4380.0,87.6,Samba 2,Marandagahamula
2020-03-10,4380.0,87.6,Samba 2,Marandagahamula
2020-03-11,4390.0,87.8,Samba 2,Marandagahamula
2020-03-12,4360.0,87.2,Samba 2,Marandagahamula
2020-03-13,4360.0,87.2,Samba 2,Marandagahamula
2020-06-15,4780.0,95.6,Samba 2,Marandagahamula
2020-06-16,4780.0,95.6,Samba 2,Marandagahamula
2020-06-17,4800.0,96.0,Samba 2,Marandagahamula
2020-06-18,4790.0,95.8,Samba 2,Marandagahamula
2020-06-19,4800.0,96.0,Samba 2,Marandagahamula
2020-06-22,4800.0,96.0,Samba 2,Marandagahamula
2020-06-23,4750.0,95.0,Samba 2,Marandagahamula
2020-06-24,4760.0,95.2,Samba 2,Marandagahamula
2020-06-25,4760.0,95.2,Samba 2,Marandagahamula
2020-06-26,4760.0,95.2,Samba 2,Marandagahamula
2020-06-29,4750.0,95.0,Samba 2,Marandagahamula
2020-06-30,4670.0,93.4,Samba 2,Marandagahamula
2020-07-01,4730.0,94.6,Samba 2,Marandagahamula
2020-07-02,4720.0,94.4,Samba 2,Marandagahamula
2020-07-03,4690.0,93.8,Samba 2,Marandagahamula
2020-07-06,4720.0,94.4,Samba 2,Marandagahamula
2020-07-07,4750.0,95.0,Samba 2,Marandagahamula
2020-07-08,4730.0,94.6,Samba 2,Marandagahamula
2020-07-09,4700.0,94.0,Samba 2,Marandagahamula
2020-07-10,4750.0,95.0,Samba 2,Marandagahamula
2020-07-13,4690.0,93.8,Samba 2,Marandagahamula
2020-07-14,4760.0,95.2,Samba 2,Marandagahamula
2020-07-15,4800.0,96.0,Samba 2,Marandagahamula
2020-07-16,4770.0,95.4,Samba 2,Marandagahamula
2020-07-17,4780.0,95.6,Samba 2,Marandagahamula
2020-07-20,4800.0,96.0,Samba 2,Marandagahamula
2020-07-21,4810.0,96.2,Samba 2,Marandagahamula
2020-07-22,4780.0,95.6,Samba 2,Marandagahamula
2020-07-23,4800.0,96.0,Samba 2,Marandagahamula
2020-07-24,4820.0,96.4,Samba 2,Marandagahamula
2020-07-27,4830.0,96.6,Samba 2,Marandagahamula
2020-07-28,4810.0,96.2,Samba 2,Marandagahamula
2020-07-29,4820.0,96.4,Samba 2,Marandagahamula
2020-07-30,4820.0,96.4,Samba 2,Marandagahamula
2020-07-31,4810.0,96.2,Samba 2,Marandagahamula
2020-08-04,4810.0,96.2,Samba 2,Marandagahamula
2020-08-06,4820.0,96.4,Samba 2,Marandagahamula
2020-08-07,4810.0,96.2,Samba 2,Marandagahamula
2020-08-10,4810.0,96.2,Samba 2,Marandagahamula
2020-08-11,4780.0,95.6,Samba 2,Marandagahamula
2020-08-12,4800.0,96.0,Samba 2,Marandagahamula
2020-08-13,4800.0,96.0,Samba 2,Marandagahamula
2020-08-14,4800.0,96.0,Samba 2,Marandagahamula
2020-08-17,4790.0,95.8,Samba 2,Marandagahamula
2020-08-18,4800.0,96.0,Samba 2,Marandagahamula
2020-08-19,4810.0,96.2,Samba 2,Marandagahamula
2020-08-20,4800.0,96.0,Samba 2,Marandagahamula
2020-08-21,4800.0,96.0,Samba 2,Marandagahamula
2020-08-24,4820.0,96.4,Samba 2,Marandagahamula
2020-08-25,4830.0,96.6,Samba 2,Marandagahamula
2020-08-26,4780.0,95.6,Samba 2,Marandagahamula
2020-08-27,4780.0,95.6,Samba 2,Marandagahamula
2020-08-28,4800.0,96.0,Samba 2,Marandagahamula
2020-08-31,4820.0,96.4,Samba 2,Marandagahamula
2020-09-02,4820.0,96.4,Samba 2,Marandagahamula
2021-01-12,6370.0,127.4,Samba 2,Marandagahamula
2021-01-13,6360.0,127.2,Samba 2,Marandagahamula
2021-01-15,6440.0,128.8,Samba 2,Marandagahamula
2021-01-18,6410.0,128.2,Samba 2,Marandagahamula
2021-01-19,6290.0,125.8,Samba 2,Marandagahamula
2021-01-20,6330.0,126.6,Samba 2,Marandagahamula
2021-01-21,6230.0,124.6,Samba 2,Marandagahamula
2021-01-22,6240.0,124.8,Samba 2,Marandagahamula
2021-01-25,6050.0,121.0,Samba 2,Marandagahamula
2021-01-26,6070.0,121.4,Samba 2,Marandagahamula
2021-01-27,5480.0,109.6,Samba 2,Marandagahamula
2021-01-29,5680.0,113.6,Samba 2,Marandagahamula
2021-02-01,5410.0,108.2,Samba 2,Marandagahamula
2021-02-02,5410.0,108.2,Samba 2,Marandagahamula
2021-02-03,5270.0,105.4,Samba 2,Marandagahamula
2021-02-08,5260.0,105.2,Samba 2,Marandagahamula
2021-02-09,5260.0,105.2,Samba 2,Marandagahamula
2021-02-10,5260.0,105.2,Samba 2,Marandagahamula
2021-02-11,5160.0,103.2,Samba 2,Marandagahamula
2021-02-12,5160.0,103.2,Samba 2,Marandagahamula
2021-02-15,5190.0,103.8,Samba 2,Marandagahamula
2021-02-16,5190.0,103.8,Samba 2,Marandagahamula
2021-02-17,5140.0,102.8,Samba 2,Marandagahamula
2021-02-18,5160.0,103.2,Samba 2,Marandagahamula
2021-02-19,5140.0,102.8,Samba 2,Marandagahamula
2021-02-22,5200.0,104.0,Samba 2,Marandagahamula
2021-02-23,5200.0,104.0,Samba 2,Marandagahamula
2021-02-24,5180.0,103.6,Samba 2,Marandagahamula
2021-02-25,5160.0,103.2,Samba 2,Marandagahamula
2021-03-01,5200.0,104.0,Samba 2,Marandagahamula
2021-03-02,5160.0,103.2,Samba 2,Marandagahamula
2021-03-03,5200.0,104.0,Samba 2,Marandagahamula
2021-03-04,5200.0,104.0,Samba 2,Marandagahamula
2021-03-05,5200.0,104.0,Samba 2,Marandagahamula
2021-03-08,5010.0,100.2,Samba 2,Marandagahamula
2021-03-09,5210.0,104.2,Samba 2,Marandagahamula
2021-03-10,5340.0,106.8,Samba 2,Marandagahamula
2021-03-12,5340.0,106.8,Samba 2,Marandagahamula
2021-03-15,5370.0,107.4,Samba 2,Marandagahamula
2021-03-16,5370.0,107.4,Samba 2,Marandagahamula
2021-03-17,5450.0,109.0,Samba 2,Marandagahamula
2021-03-18,5460.0,109.2,Samba 2,Marandagahamula
2021-03-19,5480.0,109.6,Samba 2,Marandagahamula
2021-03-22,5690.0,113.8,Samba 2,Marandagahamula
2021-03-23,5690.0,113.8,Samba 2,Marandagahamula
2021-03-24,5660.0,113.2,Samba 2,Marandagahamula
2021-03-25,5690.0,113.8,Samba 2,Marandagahamula
2021-03-26,5690.0,113.8,Samba 2,Marandagahamula
2021-03-29,5700.0,114.0,Samba 2,Marandagahamula
2021-03-30,5710.0,114.2,Samba 2,Marandagahamula
2021-03-31,5710.0,114.2,Samba 2,Marandagahamula
2021-04-05,5730.0,114.6,Samba 2,Marandagahamula
2021-04-06,5820.0,116.4,Samba 2,Marandagahamula
2021-04-07,5820.0,116.4,Samba 2,Marandagahamula
2021-04-08,5820.0,116.4,Samba 2,Marandagahamula
2021-04-09,5860.0,117.2,Samba 2,Marandagahamula
2021-04-19,6040.0,120.8,Samba 2,Marandagahamula
2021-04-20,6040.0,120.8,Samba 2,Marandagahamula
2021-04-21,6040.0,120.8,Samba 2,Marandagahamula
2021-04-22,6040.0,120.8,Samba 2,Marandagahamula
2021-04-23,6090.0,121.8,Samba 2,Marandagahamula
2021-04-27,6420.0,128.4,Samba 2,Marandagahamula
2021-04-28,6420.0,128.4,Samba 2,Marandagahamula
2021-04-29,6620.0,132.4,Samba 2,Marandagahamula
2021-04-30,6630.0,132.6,Samba 2,Marandagahamula
2021-05-03,6920.0,138.4,Samba 2,Marandagahamula
2021-05-04,6920.0,138.4,Samba 2,Marandagahamula
2021-05-05,6960.0,139.2,Samba 2,Marandagahamula
2021-05-06,6940.0,138.8,Samba 2,Marandagahamula
2021-05-07,6910.0,138.2,Samba 2,Marandagahamula
2021-05-10,6900.0,138.0,Samba 2,Marandagahamula
2021-05-11,6920.0,138.4,Samba 2,Marandagahamula
2021-05-12,6920.0,138.4,Samba 2,Marandagahamula
2021-05-13,6900.0,138.0,Samba 2,Marandagahamula
2021-05-17,6980.0,139.6,Samba 2,Marandagahamula
2021-05-18,6980.0,139.6,Samba 2,Marandagahamula
2021-05-19,6970.0,139.4,Samba 2,Marandagahamula
2021-05-20,6970.0,139.4,Samba 2,Marandagahamula
2021-05-21,7080.0,141.6,Samba 2,Marandagahamula
2021-06-18,7080.0,141.6,Samba 2,Marandagahamula
2021-06-21,7080.0,141.6,Samba 2,Marandagahamula
2021-06-22,7020.0,140.4,Samba 2,Marandagahamula
2021-06-23,7020.0,140.4,Samba 2,Marandagahamula
2021-06-25,6870.0,137.4,Samba 2,Marandagahamula
2021-06-28,6740.0,134.8,Samba 2,Marandagahamula
2021-06-29,6740.0,134.8,Samba 2,Marandagahamula
2021-06-30,6740.0,134.8,Samba 2,Marandagahamula
2021-07-01,6710.0,134.2,Samba 2,Marandagahamula
2021-07-02,6380.0,127.6,Samba 2,Marandagahamula
2021-07-05,5890.0,117.8,Samba 2,Marandagahamula
2021-07-06,5910.0,118.2,Samba 2,Marandagahamula
2021-07-07,6080.0,121.6,Samba 2,Marandagahamula
2021-07-08,6000.0,120.0,Samba 2,Marandagahamula
2021-07-09,6190.0,123.8,Samba 2,Marandagahamula
2021-07-12,6320.0,126.4,Samba 2,Marandagahamula
2021-07-13,6320.0,126.4,Samba 2,Marandagahamula
2021-07-14,6200.0,124.0,Samba 2,Marandagahamula
2021-07-15,6180.0,123.6,Samba 2,Marandagahamula
2021-07-16,5910.0,118.2,Samba 2,Marandagahamula
2021-07-19,5900.0,118.0,Samba 2,Marandagahamula
2021-07-20,5900.0,118.0,Samba 2,Marandagahamula
2021-07-22,5910.0,118.2,Samba 2,Marandagahamula
2021-07-26,5750.0,115.0,Samba 2,Marandagahamula
2021-07-27,5750.0,115.0,Samba 2,Marandagahamula
2021-07-28,5750.0,115.0,Samba 2,Marandagahamula
2021-07-29,5750.0,115.0,Samba 2,Marandagahamula
2021-07-30,5660.0,113.2,Samba 2,Marandagahamula
2021-08-02,5600.0,112.0,Samba 2,Marandagahamula
2021-08-03,5610.0,112.2,Samba 2,Marandagahamula
2021-08-04,5710.0,114.2,Samba 2,Marandagahamula
2021-08-05,5710.0,114.2,Samba 2,Marandagahamula
2021-08-06,5540.0,110.8,Samba 2,Marandagahamula
2021-08-09,5610.0,112.2,Samba 2,Marandagahamula
2021-08-11,5580.0,111.6,Samba 2,Marandagahamula
2021-08-12,5580.0,111.6,Samba 2,Marandagahamula
2021-08-13,5580.0,111.6,Samba 2,Marandagahamula
2021-08-16,5840.0,116.8,Samba 2,Marandagahamula
2021-08-17,5580.0,111.6,Samba 2,Marandagahamula
2021-09-09,5030.0,100.6,Samba 2,Marandagahamula
2021-09-10,5010.0,100.2,Samba 2,Marandagahamula
2021-09-13,5040.0,100.8,Samba 2,Marandagahamula
2021-09-14,5040.0,100.8,Samba 2,Marandagahamula
2021-09-15,5060.0,101.2,Samba 2,Marandagahamula
2021-09-16,5062.5,101.25,Samba 2,Marandagahamula
2021-09-17,5062.5,101.25,Samba 2,Marandagahamula
2021-09-21,5125.0,102.5,Samba 2,Marandagahamula
2021-09-22,5650.0,113.0,Samba 2,Marandagahamula
2021-09-23,5775.0,115.5,Samba 2,Marandagahamula
2021-09-24,5760.0,115.2,Samba 2,Marandagahamula
2021-09-27,5850.0,117.0,Samba 2,Marandagahamula
2021-09-28,5850.0,117.0,Samba 2,Marandagahamula
2021-09-29,6300.0,126.0,Samba 2,Marandagahamula
2021-09-30,6300.0,126.0,Samba 2,Marandagahamula
2021-10-01,6360.0,127.2,Samba 2,Marandagahamula
2021-10-04,6320.0,126.4,Samba 2,Marandagahamula
2021-10-05,6320.0,126.4,Samba 2,Marandagahamula
2021-10-06,6320.0,126.4,Samba 2,Marandagahamula
2021-10-07,6380.0,127.6,Samba 2,Marandagahamula
2021-10-08,6380.0,127.6,Samba 2,Marandagahamula
2021-10-11,6370.0,127.4,Samba 2,Marandagahamula
2021-10-12,6370.0,127.4,Samba 2,Marandagahamula
2021-10-13,6400.0,128.0,Samba 2,Marandagahamula
2021-10-14,6450.0,129.0,Samba 2,Marandagahamula
2021-10-15,6450.0,129.0,Samba 2,Marandagahamula
2021-10-18,6580.0,131.6,Samba 2,Marandagahamula
2021-10-21,6590.0,131.8,Samba 2,Marandagahamula
2021-10-22,6610.0,132.2,Samba 2,Marandagahamula
2021-10-25,6870.0,137.4,Samba 2,Marandagahamula
2021-10-26,6887.5,137.75,Samba 2,Marandagahamula
2021-10-27,6980.0,139.6,Samba 2,Marandagahamula
2021-10-28,7050.0,141.0,Samba 2,Marandagahamula
2021-10-29,7180.0,143.6,Samba 2,Marandagahamula
2021-11-01,7410.0,148.2,Samba 2,Marandagahamula
2021-11-02,7430.0,148.6,Samba 2,Marandagahamula
2021-11-03,7440.0,148.8,Samba 2,Marandagahamula
