Report_Date,Imported Rice,Nadu,Nadu 1,Nadu 2,Raw White,Raw red,Samba 1,Exchange_Rate,Exchange_Rate_30d_PctChange,Rainfall_mm,Temp_Max_C,Temp_Min_C,Rainfall_14d_Cumulative,Is_Extreme_Heat,Anuradhapura_Rice (long grain),Anuradhapura_Rice (medium grain),Anuradhapura_Rice (white),Colombo City_Rice (long grain),Colombo City_Rice (medium grain),Colombo City_Rice (white),Kurunegala_Rice (long grain),Kurunegala_Rice (medium grain),Kurunegala_Rice (white),National Average_Fuel (diesel),National Average_Fuel (petrol-gasoline),Total_Production_MT,National_Yield_Efficiency,Supply_YoY_Change_%,FAO_Pesticides_total_Use_per_area_of_cropland_kg_ha,CBSL_Producer_Price_Paddy_LKR,CBSL_Wage_Manuring,CBSL_Wage_Ploughing_with_Mammoties,CBSL_Wage_Ploughing_with_Ploughs,CBSL_Wage_Sowing,CBSL_Wage_Spraying,CBSL_Wage_Threshing,CBSL_Wage_Transplanting_and_Harvesting,CBSL_Wage_Winnowing,log_price,log_return,volatility_4p,volatility_8p,volatility_12p,Exchange_Rate_logret,National Average_Fuel (diesel)_logret,National Average_Fuel (petrol-gasoline)_logret,season_2015-2016Maha,season_2015Yala,season_2016-2017Maha,season_2016Yala,season_2017-2018Maha,season_2017Yala,season_2018-2019Maha,season_2018Yala,season_2019-2020Maha,season_2019Yala,season_2020-2021Maha,season_2020Yala,season_2021-2022Maha,season_2021Yala,season_2022-2023Maha,season_2022Yala,season_2023-2024Maha,season_2023Yala,season_2024-2025Maha,season_2024Yala,season_2025Yala,log_price_lag1,log_price_lag2,log_price_lag4,log_return_lag1,log_return_lag2,log_return_lag4,Exchange_Rate_lag1,Exchange_Rate_lag2,Exchange_Rate_lag4,target_volatility,raw_price
2015-09-06,-1.0102063238721732,-0.8654669209752024,-1.015961523642318,-0.8563654064972709,-0.8887546477444612,-0.8866667092438533,-0.9050286838380386,-1.1388922671376742,-0.0711717981196397,0.17430097257843355,1.4581263699788707,1.262941501510889,-0.6681009474494447,-0.16775375245083787,-3.468146843088955,-0.3281793638451944,-0.37076015512233923,-3.1691828032927805,-0.3473624481919801,-1.0305219946018362,-2.2670316641626695,-0.4054382835153223,-0.38686855295323636,0.0,0.0,-1.1796031411501873,0.4624067732226047,1.628696402351159,0.4399895009458118,-0.9275930267969406,-1.3894934651148274,-1.268439586362619,-1.2361735131464027,-1.3015544418441953,-1.2516455969099163,-1.3788017545072466,-1.2984773217718646,-1.2406000640910222,-0.9922827502870472,0.17886886430361618,-0.3921428805910298,-0.7030719356882752,-0.7822513924637293,0.23532038020538884,0.0,0.0,-0.23395906074624068,4.274252071325551,-0.238667185252719,-0.2339590607462407,-0.23866718525271893,-0.22917462425705282,-0.23866718525271896,-0.22917462425705282,-0.21935622811243694,-0.2339590607462407,-0.23395906074624068,-0.23395906074624065,-0.2339590607462407,-0.23395906074624068,-0.2339590607462407,-0.2339590607462407,-0.23866718525271896,-0.2339590607462407,-0.1273859510596964,-0.2339590607462407,0.0,-1.0133152827817213,-1.003973442662169,-0.9936605749002245,-0.08634861865842917,0.036759038857689406,-0.050404237519690635,-1.1425367949950769,-1.1472355084864179,-1.1350410902914503,0.006569516237952583,84.36
2015-09-13,-1.0102063238721732,-0.8654669209752024,-1.0036188582640748,-0.8535477392568623,-0.8881054686312588,-0.8901452546270122,-0.8947074492794348,-1.0893748164787933,0.29475139687741947,-0.3080441759436394,0.08715901026892087,0.966622976699622,0.028656977072622186,-0.16775375245083787,-3.4681468430889546,-0.3281793638451944,-0.37076015512233923,-3.1691828032927805,-0.34736244819198475,-1.0305219946018362,-2.2670316641626695,-0.4054382835153223,-0.38686855295323636,0.0,0.0,-1.1796031411501873,0.4624067732226047,1.628696402351159,0.4399895009458118,-0.9275930267969406,-1.3894934651148274,-1.268439586362619,-1.2361735131464027,-1.3015544418441953,-1.2516455969099163,-1.3788017545072466,-1.2984773217718646,-1.2406000640910222,-0.9867172282039397,0.003995007727466765,-0.43228992142974676,-0.7030719356882752,-0.7822513924637293,1.9981074395456375,0.0,0.0,-0.23395906074624068,4.274252071325551,-0.238667185252719,-0.2339590607462407,-0.23866718525271893,-0.22917462425705282,-0.23866718525271896,-0.22917462425705282,-0.21935622811243694,-0.2339590607462407,-0.23395906074624068,-0.23395906074624065,-0.2339590607462407,-0.23395906074624068,-0.2339590607462407,-0.2339590607462407,-0.23866718525271896,-0.2339590607462407,-0.1273859510596964,-0.2339590607462407,0.0,-0.9885243329628424,-1.0093057149029065,-1.0055465130113097,0.19781743448554603,-0.10303850274440986,-0.16686103622035947,-1.1342798373299645,-1.137898280778928,-1.1346672227808,0.005028152089334892,84.55000000000001
2015-09-20,-1.0102063238721732,-0.8654669209752024,-1.0341868190280452,-0.85109759383042,-0.8894965667309783,-0.8874694504861207,-0.898869237407904,-1.068728586248516,0.488905800470128,-0.5431221364146858,0.2717596421867781,1.2167619911506924,0.027559259514820335,-0.16775375245083787,-3.3780904763633055,-0.3281793638451944,-0.37076015512233923,-2.784927530089971,-0.34736244819198475,-1.042450585159455,-2.276600760974975,-0.4054382835153223,-0.38686855295323636,0.0,0.0,-1.1796031411501873,0.4624067732226047,1.628696402351159,0.4399895009458118,-0.9275930267969406,-1.3894934651148274,-1.268439586362619,-1.2361735131464027,-1.3015544418441953,-1.2516455969099163,-1.3788017545072466,-1.2984773217718646,-1.2406000640910222,-0.9984487191750966,-0.15361945539722635,-0.39503146590455634,-0.7030719356882752,-0.7822513924637293,0.743422336768625,0.0,0.0,-0.23395906074624068,4.274252071325551,-0.238667185252719,-0.2339590607462407,-0.23866718525271893,-0.22917462425705282,-0.23866718525271896,-0.22917462425705282,-0.21935622811243694,-0.2339590607462407,-0.23395906074624068,-0.23395906074624065,-0.2339590607462407,-0.23395906074624068,-0.2339590607462407,-0.2339590607462407,-0.23866718525271896,-0.2339590607462407,-0.1273859510596964,-0.2339590607462407,0.0,-0.982951094333458,-0.9845194087038514,-0.9966267320598576,0.016534036921683284,0.1929384459667297,0.036990558331427226,-1.0847714647694533,-1.1296430837069786,-1.1380454773824868,0.006458614867652841,84.15
2015-09-27,-1.0102063238721732,-0.8654669209752024,-1.0259158540112134,-0.859673102822968,-0.8936698610301365,-0.8905912219838275,-0.877227939139864,-1.0593409702261742,0.5902088693735217,0.3493034542624347,1.022468878652732,1.1013132152501992,-0.40274602314348795,-0.16775375245083787,-3.3480716874547567,-0.3281793638451944,-0.37076015512233923,-2.656842439022369,-0.34736244819198475,-1.0464267820119946,-2.2797904599124097,-0.4054382835153223,-0.38686855295323636,0.0,0.0,-1.1796031411501873,0.4624067732226047,1.628696402351159,0.4399895009458118,-0.9275930267969406,-1.3894934651148274,-1.268439586362619,-1.2361735131464027,-1.3015544418441953,-1.2516455969099163,-1.3788017545072466,-1.2984773217718646,-1.2406000640910222,-0.9823322222890709,0.10013797899001844,-0.39788718854070676,-0.7030719356882752,-0.7822513924637293,0.26691070328276967,0.0,0.0,-0.23395906074624068,4.274252071325551,-0.238667185252719,-0.2339590607462407,-0.23866718525271893,-0.22917462425705282,-0.23866718525271896,-0.22917462425705282,-0.21935622811243694,-0.2339590607462407,-0.23395906074624068,-0.23395906074624065,-0.2339590607462407,-0.23395906074624068,-0.2339590607462407,-0.2339590607462407,-0.23866718525271896,-0.2339590607462407,-0.1273859510596964,-0.2339590607462407,0.0,-0.9946988509112595,-0.9789472140038674,-1.001974756355795,-0.1468573695462491,0.004120301542717885,-0.10280344934945786,-1.0641290196393074,-1.0801452675893837,-1.1287120736280474,0.006348975193151268,84.7
2015-10-04,-1.0102063238721732,-0.8654669209752024,-1.0287925237807116,-0.859673102822968,-0.8950609591298558,-0.8911486811798465,-0.9255046814301071,-1.0560334993306701,0.5795622917716328,0.20999799620551823,0.5548139444608255,0.48558641044756296,0.11171760561295896,-0.16775375245083787,-3.3480716874547567,-0.3281793638451944,-0.37076015512233923,-2.656842439022369,-0.34736244819198475,-1.0464267820119946,-2.2797904599124097,-0.4054382835153223,-0.38686855295323636,0.0,0.0,-1.1796031411501873,0.4624067732226047,1.628696402351159,0.4399895009458118,-0.9275930267969406,-1.3894934651148274,-1.268439586362619,-1.2361735131464027,-1.3015544418441953,-1.2516455969099163,-1.3788017545072466,-1.2984773217718646,-1.2406000640910222,-0.9999190749523608,-0.20697489235105956,-0.39980030272904127,-0.5295196200642449,-0.7822513924637293,0.012937436280028294,0.0,0.0,-0.23395906074624068,4.274252071325551,-0.238667185252719,-0.2339590607462407,-0.23866718525271893,-0.22917462425705282,-0.23866718525271896,-0.22917462425705282,-0.21935622811243694,-0.2339590607462407,-0.23395906074624068,-0.23395906074624065,-0.2339590607462407,-0.23395906074624068,-0.2339590607462407,-0.2339590607462407,-0.23866718525271896,-0.2339590607462407,-0.1273859510596964,-0.2339590607462407,0.0,-0.9785600086473545,-0.9906927700965836,-0.977115228977135,0.11620087577115203,-0.16606220054347645,0.1931660174045173,-1.0547431246607708,-1.0595072239530134,-1.120460257376082,0.006275525056839681,84.1
2015-10-11,-1.0102063238721732,-0.8654669209752024,-1.019586490048526,-0.8588155519237132,-0.8935771211568219,-0.8873802570147576,-0.8930427340280469,-1.0594879258856416,0.5504236413091212,-0.5117784083518796,0.5326618686306837,0.9550780991095722,0.11932844734705123,-0.16775375245083787,-3.3480716874547567,-0.3281793638451944,-0.37076015512233923,-2.656842439022369,-0.3473624481919801,-1.0464267820119943,-2.2797904599124097,-0.4054382835153223,-0.38686855295323636,0.0,0.0,-1.1796031411501873,0.4624067732226047,1.628696402351159,0.4399895009458118,-0.9275930267969406,-1.3894934651148274,-1.268439586362619,-1.2361735131464027,-1.3015544418441953,-1.2516455969099163,-1.3788017545072466,-1.2984773217718646,-1.2406000640910222,-0.9946298790423223,0.001477058456172575,-0.40026138906953557,-0.5400366027095869,-0.7822513924637293,-0.2680177151688558,0.0,0.0,-0.23395906074624068,4.274252071325551,-0.238667185252719,-0.2339590607462407,-0.23866718525271893,-0.22917462425705282,-0.23866718525271896,-0.22917462425705282,-0.21935622811243694,-0.2339590607462407,-0.23395906074624068,-0.23395906074624065,-0.2339590607462407,-0.23395906074624068,-0.2339590607462407,-0.2339590607462407,-0.23866718525271896,-0.2339590607462407,-0.1273859510596964,-0.2339590607462407,0.0,-0.9961712453235753,-0.9745569508168086,-0.9715265734674748,-0.20216840962320573,0.10792962895525246,0.004352646086230745,-1.0514362601281901,-1.0501233302857589,-1.0709827125136038,0.006257822582639643,84.28
2015-10-18,-1.0102063238721732,-0.8654669209752024,-0.9862713226009937,-0.8417463687958604,-0.7387015327213956,-0.8832773573320573,-0.8490942513914119,-1.0624278139209797,0.4700394796114425,1.9852719273183457,0.6901877412005869,0.5086761656276627,0.37575526884955346,-0.16775375245083787,-3.275831349918736,-0.3281793638451944,-0.37076015512233923,-2.5957060258069085,-0.3473624481919801,-1.0405192895453643,-2.254272868412929,-0.4054382835153223,-0.38686855295323636,0.0,0.0,-1.1796031411501873,0.4624067732226047,1.628696402351159,0.4399895009458118,-0.9275930267969406,-1.3894934651148274,-1.268439586362619,-1.2361735131464027,-1.3015544418441953,-1.2516455969099163,-1.3788017545072466,-1.2984773217718646,-1.2406000640910222,-0.9579187986075987,0.28780068232042816,-0.32517157401461494,-0.49004089090982766,-0.7822513924637293,-0.24685080544214197,0.0,0.0,-0.23395906074624068,4.274252071325551,-0.238667185252719,-0.2339590607462407,-0.23866718525271893,-0.22917462425705282,-0.23866718525271896,-0.22917462425705282,-0.21935622811243694,-0.2339590607462407,-0.23395906074624068,-0.23395906074624065,-0.2339590607462407,-0.23395906074624068,-0.2339590607462407,-0.2339590607462407,-0.23866718525271896,-0.2339590607462407,-0.1273859510596964,-0.2339590607462407,0.0,-0.9908747159910116,-0.9921648887130976,-0.9833068270849176,0.013923798846474511,-0.22367215321337813,-0.16582555398186288,-1.0548900533786665,-1.0468171708607157,-1.0503531209480617,0.009140743625736041,85.53999999999999
2015-10-25,-1.0102063238721732,-0.8654669209752024,-0.9384562895286281,-0.8056473961699157,-0.8342236022354609,-0.888093804785662,-0.875729695413615,-1.0501870824189907,0.4235005643177684,1.1215780873654646,0.22745549052649247,0.5086761656276627,1.0253113383861425,-0.16775375245083787,-3.167470843614703,-0.3281793638451944,-0.37076015512233923,-2.5040014059837166,-0.3473624481919801,-1.031658050845419,-2.215996481163708,-0.4054382835153223,-0.38686855295323636,0.0,0.0,-1.1796031411501873,0.4624067732226047,1.628696402351159,0.4399895009458118,-0.9275930267969406,-1.3894934651148274,-1.268439586362619,-1.2361735131464027,-1.3015544418441953,-1.2516455969099163,-1.3788017545072466,-1.2984773217718646,-1.2406000640910222,-0.9186114280106048,0.3114586907151925,-0.2771716056881675,-0.4621557904146106,-0.7822513924637293,0.38372554611569526,0.0,0.0,-0.23395906074624068,4.274252071325551,-0.238667185252719,-0.2339590607462407,-0.23866718525271893,-0.22917462425705282,-0.23866718525271896,-0.22917462425705282,-0.21935622811243694,-0.2339590607462407,-0.23395906074624068,-0.23395906074624065,-0.2339590607462407,-0.23395906074624068,-0.2339590607462407,-0.2339590607462407,-0.23866718525271896,-0.2339590607462407,-0.1273859510596964,-0.2339590607462407,0.0,-0.9541127359736757,-0.9868693514792146,-0.9671233410123552,0.31074186160994555,0.0014015732063725824,0.10815934931825279,-1.0578294024405233,-1.050270227674719,-1.040973070345359,0.010983604986561937,86.91
2015-11-01,-1.0102063238721732,-0.8654669209752024,-0.9165911826361721,-0.7861687400296994,-0.8347800414753486,-0.8910371893406427,-0.8539219256204361,-1.0561337195424478,0.024082087748592683,4.711305609669628,-1.6111668033753657,-0.26483063290565034,3.3587661415907033,-0.16775375245083787,-3.167470843614703,-0.3281793638451944,-0.37076015512233923,-2.5040014059837166,-0.34736244819198475,-1.031658050845419,-2.215996481163708,-0.4054382835153223,-0.38686855295323636,0.0,0.0,-1.1796031411501873,0.4624067732226047,1.628696402351159,0.4399895009458118,-0.9275930267969406,-1.3894934651148274,-1.268439586362619,-1.2361735131464027,-1.3015544418441953,-1.2516455969099163,-1.3788017545072466,-1.2984773217718646,-1.2406000640910222,-0.9004607211727679,0.11867417991857085,-0.3937911039571245,-0.46718139786307683,-0.5554038256245651,-0.3709548443639053,0.0,0.0,-0.23395906074624068,4.274252071325551,-0.238667185252719,-0.2339590607462407,-0.23866718525271893,-0.22917462425705282,-0.23866718525271896,-0.22917462425705282,-0.21935622811243694,-0.2339590607462407,-0.23395906074624068,-0.23395906074624065,-0.2339590607462407,-0.23395906074624068,-0.2339590607462407,-0.2339590607462407,-0.23866718525271896,-0.2339590607462407,-0.1273859510596964,-0.2339590607462407,0.0,-0.9147508660611271,-0.9501142573884132,-0.9847832944842132,0.3352669920403464,0.3105563915497623,-0.22343405033835909,-1.0455909150476959,-1.0532089499926738,-1.0376682649194702,0.006506236047125608,87.55
2015-11-08,-1.0102063238721732,-0.8654669209752024,-0.9200435315944656,-0.7843311309598676,-0.835707440208495,-0.8855963875874966,-0.8564189984975178,-1.0545435112706456,-0.13592267057412133,1.417602185736412,-0.648782175643604,-0.33794819097596246,5.101795261038933,-0.16775375245083787,-3.167470843614703,-0.3281793638451944,-0.37076015512233923,-2.5040014059837166,-0.3473624481919801,-1.031658050845419,-2.215996481163708,-0.4054382835153223,-0.38686855295323636,0.0,0.0,-1.1796031411501873,0.4624067732226047,1.628696402351159,0.4399895009458118,-0.9275930267969406,-1.3894934651148274,-1.268439586362619,-1.2361735131464027,-1.3015544418441953,-1.2516455969099163,-1.3788017545072466,-1.2984773217718646,-1.2406000640910222,-0.9149137721564665,-0.1784189522174383,-0.30233516465096877,-0.44464574579200605,-0.552046057119269,-0.05849711730409358,0.0,0.0,-0.23395906074624068,4.274252071325551,-0.238667185252719,-0.2339590607462407,-0.23866718525271893,-0.22917462425705282,-0.23866718525271896,-0.22917462425705282,-0.21935622811243694,-0.2339590607462407,-0.23395906074624068,-0.23395906074624065,-0.2339590607462407,-0.23395906074624068,-0.2339590607462407,-0.2339590607462407,-0.23866718525271896,-0.2339590607462407,-0.1273859510596964,-0.2339590607462407,0.0,-0.8965749934316212,-0.9107597603906081,-0.9794721137139439,0.13541647236200752,0.336100868770815,0.0016339864762137688,-1.0515364619664664,-1.0409730721563086,-1.0411199075742013,0.010017501213367162,87.03999999999999
2015-11-15,-1.0102063238721732,-0.8654669209752024,-0.9155123235867053,-0.782493521890036,-0.826317528035389,-0.8807799401338919,-0.8331129849780899,-1.0524588594982753,-0.16321399265529032,0.5582616413478091,-0.6635502261970331,-0.09165746905490797,2.666472268470364,-0.16775375245083787,-3.167470843614703,-0.3281793638451944,-0.37076015512233923,-2.5040014059837166,-0.34736244819198475,-1.031658050845419,-2.215996481163708,-0.4054382835153223,-0.38686855295323636,0.0,0.0,-1.1796031411501873,0.4624067732226047,1.628696402351159,0.4399895009458118,-0.9275930267969406,-1.3894934651148274,-1.268439586362619,-1.2361735131464027,-1.3015544418441953,-1.2516455969099163,-1.3788017545072466,-1.2984773217718646,-1.2406000640910222,-0.8695720011995631,0.3664455702430496,-0.27891837443227674,-0.4273688587124555,-0.5190643552000173,-0.03806582180091774,0.0,0.0,-0.23395906074624068,4.274252071325551,-0.238667185252719,-0.2339590607462407,-0.23866718525271893,-0.22917462425705282,-0.23866718525271896,-0.22917462425705282,-0.21935622811243694,-0.2339590607462407,-0.23395906074624068,-0.23395906074624065,-0.2339590607462407,-0.23395906074624068,-0.2339590607462407,-0.2339590607462407,-0.23866718525271896,-0.2339590607462407,-0.1273859510596964,-0.2339590607462407,0.0,-0.911048083440427,-0.8925872923036096,-0.9426084414701817,-0.17256582665621484,0.12794389027781805,0.3107809897410371,-1.0499465452296066,-1.0469173513334145,-1.0440574263725972,0.010916541345958583,88.65
2015-11-22,-1.0102063238721732,-0.8654669209752024,-0.9104922629664508,-0.7720804038276562,-0.8201271414916378,-0.8795312315348093,-0.8164658324642129,-1.0412604487848003,-0.08285000334231923,0.11509615290424398,-0.31403969643255447,-0.2148028300154352,2.1965027913901505,-0.16775375245083787,-2.8697235064729942,-0.3281793638451944,-0.37076015512233923,-2.1584945636921167,-0.3473624481919801,-1.0079428767606289,-2.0929652364340687,-0.4054382835153223,-0.38686855295323636,0.0,0.0,-1.1796031411501873,0.4624067732226047,1.628696402351159,0.4399895009458118,-0.9275930267969406,-1.3894934651148274,-1.268439586362619,-1.2361735131464027,-1.3015544418441953,-1.2516455969099163,-1.3788017545072466,-1.2984773217718646,-1.2406000640910222,-0.783193577382233,0.7403812312001837,-0.11363964699415867,-0.30563486301759,-0.42185557432335524,0.3380787677615367,0.0,0.0,-0.23395906074624068,4.274252071325551,-0.238667185252719,-0.2339590607462407,-0.23866718525271893,-0.22917462425705282,-0.23866718525271896,-0.22917462425705282,-0.21935622811243694,-0.2339590607462407,-0.23395906074624068,-0.23395906074624065,-0.2339590607462407,-0.23395906074624068,-0.2339590607462407,-0.2339590607462407,-0.23866718525271896,-0.2339590607462407,-0.1273859510596964,-0.2339590607462407,0.0,-0.8656434465261811,-0.9070576713421554,-0.9031376874282739,0.3922692709253211,-0.1928391874752112,0.33632482122705815,-1.047862275639146,-1.0453277736071986,-1.0318265595977425,0.01726208262820896,91.8
2015-11-29,-1.0102063238721732,-0.8654669209752024,-0.9094707129096918,-0.7699365265795192,-0.8113632234634055,-0.8607114090772058,-0.8239570510954576,-1.0347190663862615,0.026860865230818834,-0.2209782646580667,-0.46664288548465094,-0.49572818470663926,1.901729036535105,-0.16775375245083787,-2.8697235064729942,-0.3281793638451944,-0.37076015512233923,-2.1584945636921167,-0.34736244819198475,-1.0079428767606289,-2.0929652364340687,-0.4054382835153223,-0.38686855295323636,0.0,0.0,-1.1796031411501873,0.4624067732226047,1.628696402351159,0.4399895009458118,-0.9275930267969406,-1.3894934651148274,-1.268439586362619,-1.2361735131464027,-1.3015544418441953,-1.2516455969099163,-1.3788017545072466,-1.2984773217718646,-1.2406000640910222,-0.7980598383294979,-0.1821842188771179,-0.04298464855327461,-0.31103194546062196,-0.40348181373415004,0.14442663281098927,0.0,0.0,-0.23395906074624068,4.274252071325551,-0.238667185252719,-0.2339590607462407,-0.23866718525271893,-0.22917462425705282,-0.23866718525271896,-0.22917462425705282,-0.21935622811243694,-0.2339590607462407,-0.23395906074624068,-0.23395906074624065,-0.2339590607462407,-0.23395906074624068,-0.2339590607462407,-0.2339590607462407,-0.23866718525271896,-0.2339590607462407,-0.1273859510596964,-0.2339590607462407,0.0,-0.7791452598016594,-0.8616615392199246,-0.8849115360881527,0.7799105594279243,0.3954723538137811,0.12817310470329,-1.0366659179448126,-1.0432439484359708,-1.037768404364421,0.019974737888528712,91.25
2015-12-06,-1.0102063238721732,-0.8654669209752024,-0.8987542765082527,-0.762279822121887,-0.8064016402410729,-0.8506325468131811,-0.8171317185647679,-1.0438796729238176,-0.08099353207170026,1.4245674586392576,-1.0032153889258892,-0.2763755104957002,0.7401974980397534,-0.16775375245083787,-2.8697235064729942,-0.3281793638451944,-0.37076015512233923,-2.1584945636921167,-0.3473624481919801,-1.0079428767606289,-2.0929652364340687,-0.4054382835153223,-0.38686855295323636,0.0,0.0,-1.1796031411501873,0.4624067732226047,1.628696402351159,0.4399895009458118,-0.9275930267969406,-1.3894934651148274,-1.268439586362619,-1.2361735131464027,-1.3015544418441953,-1.2516455969099163,-1.3788017545072466,-1.2984773217718646,-1.2406000640910222,-0.7853503983774967,0.06909207252010709,-0.1042043247339195,-0.317072163548354,-0.40532816605631894,-0.5013350875778341,0.0,0.0,-0.23395906074624068,4.274252071325551,-0.238667185252719,-0.2339590607462407,-0.23866718525271893,-0.22917462425705282,-0.23866718525271896,-0.22917462425705282,-0.21935622811243694,-0.2339590607462407,-0.23395906074624068,-0.23395906074624065,-0.2339590607462407,-0.23395906074624068,-0.2339590607462407,-0.2339590607462407,-0.23866718525271896,-0.2339590607462407,-0.1273859510596964,-0.2339590607462407,0.0,-0.7940321326859269,-0.7751795545650104,-0.8994246620456634,-0.17646909925604692,0.799225316196394,-0.1926018640221367,-1.030125734786382,-1.0320499780895698,-1.0361794776312823,0.017624332676002316,91.72
2015-12-13,-1.0102063238721732,-0.8654669209752024,-0.8930005917343607,-0.7534592985866948,-0.8060306807478145,-0.8449241646459458,-0.8171317185647679,-1.0343115891528822,-0.09096390453240298,1.194713452845346,-0.9736792878190328,0.2008127632263432,1.2059224672298,-0.16775375245083787,-2.8697235064729942,-0.3281793638451944,-0.37076015512233923,-2.1584945636921167,-0.3473624481919801,-1.0079428767606289,-2.0929652364340687,-0.4054382835153223,-0.38686855295323636,0.0,0.0,-1.1796031411501873,0.4624067732226047,1.628696402351159,0.4399895009458118,-0.9275930267969406,-1.3894934651148274,-1.268439586362619,-1.2361735131464027,-1.3015544418441953,-1.2516455969099163,-1.3788017545072466,-1.2984773217718646,-1.2406000640910222,-0.7929141145441825,-0.11564170824686584,-0.07575069139559987,-0.29834150415165667,-0.40925922885181626,0.26908621785908304,0.0,0.0,-0.23395906074624068,4.274252071325551,-0.238667185252719,-0.2339590607462407,-0.23866718525271893,-0.22917462425705282,-0.23866718525271896,-0.22917462425705282,-0.21935622811243694,-0.2339590607462407,-0.23395906074624068,-0.23395906074624065,-0.2339590607462407,-0.23395906074624068,-0.2339590607462407,-0.2339590607462407,-0.23866718525271896,-0.2339590607462407,-0.1273859510596964,-0.2339590607462407,0.0,-0.7813050712098208,-0.7900636389728967,-0.853894425296596,0.0840170633047948,-0.1969046931938016,0.39569480542710445,-1.0392846618980756,-1.0255111894643587,-1.0340965058664262,0.0187167521771503,91.44000000000001
2015-12-20,-1.0102063238721732,-0.8654669209752024,-0.9004807962222953,-0.7618714645508133,-0.8208690604781548,-0.8549138334386075,-0.8181305477156008,-1.0213224719704448,0.0600185996606047,0.08665462188429027,-0.6717546987267133,-0.24558917025556906,1.0369715382223486,-0.16775375245083787,-2.5687221000729057,-0.3281793638451944,-0.37076015512233923,-1.9979397226479918,-0.34736244819198475,-0.9593054688322427,-2.039803587476818,-0.4054382835153223,-0.38686855295323636,0.0,0.0,-1.1796031411501873,0.4624067732226047,1.628696402351159,0.4399895009458118,-0.9275930267969406,-1.3894934651148274,-1.268439586362619,-1.2361735131464027,-1.3015544418441953,-1.2516455969099163,-1.3788017545072466,-1.2984773217718646,-1.2406000640910222,-0.7796030491396122,0.07457422556071094,-0.4126672570667432,-0.3073447123844701,-0.40902959103754266,0.40658666582863545,0.0,0.0,-0.23395906074624068,4.274252071325551,-0.238667185252719,-0.2339590607462407,-0.23866718525271893,-0.22917462425705282,-0.23866718525271896,-0.22917462425705282,-0.21935622811243694,-0.2339590607462407,-0.23395906074624068,-0.23395906074624065,-0.2339590607462407,-0.23395906074624068,-0.2339590607462407,-0.2339590607462407,-0.23866718525271896,-0.2339590607462407,-0.1273859510596964,-0.2339590607462407,0.0,-0.7888792744008961,-0.7773389614165436,-0.7671569643766772,-0.1074876480222048,0.0744081491504227,0.7994375613987699,-1.0297183322563317,-1.0346681636600863,-1.0229071198804367,0.0057815244604393495,91.93333333333334
2015-12-27,-1.0102063238721732,-0.8654669209752024,-0.9029739675616764,-0.7663633978326243,-0.8344709085642998,-0.8626439342900718,-0.8186854527993964,-1.027335990537367,-0.04129043043577032,-0.5082957719004566,-0.7866173141422695,-0.27124445378901074,0.6152040587913876,-0.16775375245083787,-2.5085218187928873,-0.3281793638451944,-0.37076015512233923,-1.9658287544391673,-0.34736244819198475,-0.9495779872465654,-2.029171257685368,-0.4054382835153223,-0.38686855295323636,0.0,0.0,-1.1796031411501873,0.4624067732226047,1.628696402351159,0.4399895009458118,-0.9275930267969406,-1.3894934651148274,-1.268439586362619,-1.2361735131464027,-1.3015544418441953,-1.2516455969099163,-1.3788017545072466,-1.2984773217718646,-1.2406000640910222,-0.7994157569848228,-0.227257409823361,-0.39261747783761586,-0.2795135475833257,-0.4062253192628597,-0.3698939537082742,0.0,0.0,-0.23395906074624068,4.274252071325551,-0.238667185252719,-0.2339590607462407,-0.23866718525271893,-0.22917462425705282,-0.23866718525271896,-0.22917462425705282,-0.21935622811243694,-0.2339590607462407,-0.23395906074624068,-0.23395906074624065,-0.2339590607462407,-0.23395906074624068,-0.2339590607462407,-0.2339590607462407,-0.23866718525271896,-0.2339590607462407,-0.1273859510596964,-0.2339590607462407,0.0,-0.7755497533239459,-0.7849117458753659,-0.7820850178297665,0.08970015023742024,-0.12505614116596858,-0.1966672669694141,-1.016731596385572,-1.0251038738028788,-1.0163710091400853,0.006551295039935542,91.2
2016-01-03,-1.0102063238721732,-0.8654669209752024,-0.9065215438120695,-0.7647299675483293,-0.8319978452759098,-0.8651710826453582,-0.8189629053412946,-1.017413747773221,0.04843038368956571,0.24482436071974736,-1.168125286772509,0.043032769495669136,0.08134741984710893,-0.16775375245083787,-2.5085218187928873,-0.3281793638451944,-0.37076015512233923,-1.9658287544391673,-0.34736244819198475,-0.9495779872465654,-2.029171257685368,-0.4054382835153223,-0.38686855295323636,0.0,0.0,-1.1796031411501873,0.4624067732226047,1.628696402351159,0.4399895009458118,-0.9275930267969406,-1.3894934651148274,-1.268439586362619,-1.2361735131464027,-1.3015544418441953,-1.2516455969099163,-1.3788017545072466,-1.2984773217718646,-1.2406000640910222,-0.8198442258719296,-0.2328683696883444,-0.39713859065761425,-0.2716406423197469,-0.38568530779698446,0.2800178549107162,0.0,0.0,-0.23395906074624068,4.274252071325551,-0.238667185252719,-0.2339590607462407,-0.23866718525271893,-0.22917462425705282,-0.23866718525271896,-0.22917462425705282,-0.21935622811243694,-0.2339590607462407,-0.23395906074624068,-0.23395906074624065,-0.2339590607462407,-0.23395906074624068,-0.2339590607462407,-0.2339590607462407,-0.23866718525271896,-0.2339590607462407,-0.1273859510596964,-0.2339590607462407,0.0,-0.7953899313102638,-0.7715847215655331,-0.769322750327849,-0.22319432939484468,0.0803274442631517,0.07463871689791388,-1.0227440124863463,-1.012119907034168,-1.0255242332034922,0.006377716089481967,90.45
2016-01-10,-1.0102063238721732,-0.8654669209752024,-0.9096864847195849,-0.7657100257189062,-0.8431266300736651,-0.8656170500021735,-0.8224588073692086,-1.0145606832702836,-0.02622852626130025,-0.2053064006266636,-1.2493495648163657,0.03148789190561928,0.2027549817399888,-0.16775375245083787,-2.5085218187928873,-0.3281793638451944,-0.37076015512233923,-1.9658287544391673,-0.3473624481919801,-0.9495779872465654,-2.029171257685368,-0.4054382835153223,-0.38686855295323636,0.0,0.0,-1.1796031411501873,0.4624067732226047,1.628696402351159,-0.42008824172673215,-1.0171023923214952,-1.16016456154386,-1.115764216741903,-1.1031074058065846,-1.1211215155074714,-1.0998519404895737,-1.218375903074332,-1.1071084426320035,-1.1069414633476213,-0.807022665975402,0.0701137359024874,-0.36149406415326646,-0.3000690912707446,-0.39475591122382836,-0.008567635898668836,0.0,0.0,-0.23395906074624068,4.274252071325551,-0.238667185252719,-0.2339590607462407,-0.23866718525271893,-0.22917462425705282,-0.23866718525271896,-0.22917462425705282,-0.21935622811243694,-0.2339590607462407,-0.23395906074624068,-0.23395906074624065,-0.2339590607462407,-0.23395906074624068,-0.2339590607462407,-0.2339590607462407,-0.23866718525271896,-0.2339590607462407,-0.1273859510596964,-0.2339590607462407,0.0,-0.8158467240856204,-0.7914211832664937,-0.7769179055347173,-0.22901094422700935,-0.24557198082826176,-0.12482053119041715,-1.0128235887798185,-1.0181310411350686,-1.015963860289999,0.007746215338753425,90.92
2016-01-17,-1.0102063238721732,-0.8654669209752024,-0.9108369800099364,-0.7684051856879928,-0.8468362250062501,-0.8687388214998801,-0.8289511968496207,-1.0230262835396124,-0.1306739815913828,-0.6693677077787662,-1.4142594626629852,-1.1114549895092727,-0.18503204084612956,-0.16775375245083787,-2.5085218187928873,-0.3281793638451944,-0.37076015512233923,-1.9658287544391673,-0.34736244819198475,-0.9495779872465654,-2.029171257685368,-0.4054382835153223,-0.38686855295323636,0.0,0.0,-1.1796031411501873,0.4624067732226047,1.628696402351159,-0.42008824172673215,-1.0171023923214952,-1.16016456154386,-1.115764216741903,-1.1031074058065846,-1.1211215155074714,-1.0998519404895737,-1.218375903074332,-1.1071084426320035,-1.1069414633476213,-0.8253204284942426,-0.21345287065061566,-0.3927757730878821,-0.5232919785585487,-0.3954093408029021,-0.4689457448779662,0.0,0.0,-0.23395906074624068,4.274252071325551,-0.238667185252719,-0.2339590607462407,-0.23866718525271893,-0.22917462425705282,-0.23866718525271896,-0.22917462425705282,-0.21935622811243694,-0.2339590607462407,-0.23395906074624068,-0.23395906074624065,-0.2339590607462407,-0.23395906074624068,-0.2339590607462407,-0.2339590607462407,-0.23866718525271896,-0.2339590607462407,-0.1273859510596964,-0.2339590607462407,0.0,-0.803007387211694,-0.8118741442577049,-0.7635515118879308,0.08507617306968891,-0.2516303537085009,0.08055786237766413,-1.0099710473328922,-1.0082127327149288,-1.0029852109539235,0.006545217615085303,90.25
2016-01-24,-1.0102063238721732,-0.8654669209752024,-0.9114126591987318,-0.7764906655952525,-0.8472071844995086,-0.8795312315348093,-0.8337788710786448,-1.0173135071707593,0.0016697300070294798,-0.6998407767287167,-0.38295726568188987,-1.184572547579585,-0.7775799785475449,-0.16775375245083787,-2.5085218187928873,-0.3281793638451944,-0.37076015512233923,-1.1176686556049578,-0.3473624481919801,-0.9201825319438617,-2.029171257685368,-0.4054382835153223,-0.38686855295323636,0.0,0.0,-1.1796031411501873,0.4624067732226047,1.628696402351159,-0.42008824172673215,-1.0171023923214952,-1.16016456154386,-1.115764216741903,-1.1031074058065846,-1.1211215155074714,-1.0998519404895737,-1.218375903074332,-1.1071084426320035,-1.1069414633476213,-0.8255945570916116,-0.0492172667820984,-0.39730977273724855,-0.5283133199179496,-0.39663447454770817,0.10813596638427915,0.0,0.0,-0.23395906074624068,4.274252071325551,-0.238667185252719,-0.2339590607462407,-0.23866718525271893,-0.22917462425705282,-0.23866718525271896,-0.22917462425705282,-0.21935622811243694,-0.2339590607462407,-0.23395906074624068,-0.23395906074624065,-0.2339590607462407,-0.23395906074624068,-0.2339590607462407,-0.2339590607462407,-0.23866718525271896,-0.2339590607462407,-0.1273859510596964,-0.2339590607462407,0.0,-0.8213305194135817,-0.7990372123339586,-0.7834465724423576,-0.20888382116888254,0.07551127907426589,-0.2453333243507651,-1.0184350955927581,-1.005360799502315,-1.00899388326474,0.006371143900973875,90.24
2016-01-31,-1.0102063238721732,-0.8654669209752024,-0.9232079546496375,-0.7980519453479444,-0.8627874832163659,-0.8905912219838275,-0.8364424154808653,-1.0204939644957318,-0.10065316547762244,-0.6336706841516814,-0.40264799975312754,-0.9228886555384676,-0.6789317606864225,-0.16775375245083787,-2.5085218187928873,-0.3281793638451944,-0.37076015512233923,-1.1176686556049578,-0.3473624481919801,-0.9201825319438617,-2.029171257685368,-0.4054382835153223,-0.38686855295323636,0.0,0.0,-1.1796031411501873,0.4624067732226047,1.628696402351159,-0.42008824172673215,-1.0171023923214952,-1.16016456154386,-1.115764216741903,-1.1031074058065846,-1.1211215155074714,-1.0998519404895737,-1.218375903074332,-1.1071084426320035,-1.1069414633476213,-0.8454120744775403,-0.22730123549290224,-0.3991778450172598,-0.5352304387142958,-0.39237635165202,-0.2539031020214656,0.0,0.0,-0.23395906074624068,4.274252071325551,-0.238667185252719,-0.2339590607462407,-0.23866718525271893,-0.22917462425705282,-0.23866718525271896,-0.22917462425705282,-0.21935622811243694,-0.2339590607462407,-0.23395906074624068,-0.23395906074624065,-0.2339590607462407,-0.23395906074624068,-0.2339590607462407,-0.2339590607462407,-0.23866718525271896,-0.2339590607462407,-0.1273859510596964,-0.2339590607462407,0.0,-0.8216050280877837,-0.817356912409988,-0.8039599534864061,-0.03862859346837907,-0.23066667981723657,-0.25139154408229936,-1.0127233665545965,-1.0138230430120412,-0.999079636772501,0.006299423057313113,89.52000000000001
2016-02-07,-1.0102063238721732,-0.8654669209752024,-0.9475181876918051,-0.8192457032866703,-0.8983068546958678,-0.9012944385473934,-0.8530895679947423,-1.014473869933225,-0.17719840536352438,-0.6650144122144875,-0.7127770613751291,-1.24614522805985,-0.6786390360043421,-0.16775375245083787,-2.5085218187928873,-0.3281793638451944,-0.37076015512233923,-1.1176686556049578,-0.34736244819198475,-0.9201825319438617,-2.029171257685368,-0.4054382835153223,-0.38686855295323636,0.0,0.0,-1.1796031411501873,0.4624067732226047,1.628696402351159,-0.42008824172673215,-1.0171023923214952,-1.16016456154386,-1.115764216741903,-1.1031074058065846,-1.1211215155074714,-1.0998519404895737,-1.218375903074332,-1.1071084426320035,-1.1069414633476213,-0.8849681520313772,-0.4071636518511003,-0.3942036748625879,-0.4904125916766906,-0.39422905984710804,0.12029985113617318,0.0,0.0,-0.23395906074624068,4.274252071325551,-0.238667185252719,-0.2339590607462407,-0.23866718525271893,-0.22917462425705282,-0.23866718525271896,-0.22917462425705282,-0.21935622811243694,-0.2339590607462407,-0.23395906074624068,-0.23395906074624065,-0.2339590607462407,-0.23395906074624068,-0.2339590607462407,-0.2339590607462407,-0.23866718525271896,-0.2339590607462407,-0.1273859510596964,-0.2339590607462407,0.0,-0.8414500222832045,-0.8176313696656711,-0.791085100006684,-0.22323976137896456,-0.05333507303525425,0.07574181893590015,-1.0159032408022077,-1.0081125318596316,-0.9962288715359771,0.006490396224584297,88.1
2016-02-14,-1.0102063238721732,-0.8654669209752024,-0.9678012556741232,-0.8499950283885211,-0.9013672705152505,-0.9159221678509336,-0.8670731761063988,-1.0172066599866871,-0.13866928127877443,-0.5570526822203774,0.050238883885349764,-0.2609823403756319,-0.81709781062841,-0.16775375245083787,-2.5085218187928873,-0.3281793638451944,-0.37076015512233923,-1.1176686556049578,-0.3473624481919801,-0.9201825319438617,-2.029171257685368,-0.4054382835153223,-0.38686855295323636,0.0,0.0,-1.1796031411501873,0.4624067732226047,1.628696402351159,-0.42008824172673215,-1.0171023923214952,-1.16016456154386,-1.115764216741903,-1.1031074058065846,-1.1211215155074714,-1.0998519404895737,-1.218375903074332,-1.1071084426320035,-1.1069414633476213,-1.0016846562256367,-1.1102676606906008,-0.026257004524767882,-0.25207903455918845,-0.3581637633057101,-0.23550578847465606,0.0,0.0,-0.23395906074624068,4.274252071325551,-0.238667185252719,-0.2339590607462407,-0.23866718525271893,-0.22917462425705282,-0.23866718525271896,-0.22917462425705282,-0.21935622811243694,-0.2339590607462407,-0.23395906074624068,-0.23395906074624065,-0.2339590607462407,-0.23395906074624068,-0.2339590607462407,-0.2339590607462407,-0.23866718525271896,-0.2339590607462407,-0.1273859510596964,-0.2339590607462407,0.0,-0.8810609439825536,-0.8374726466736053,-0.8094589182735723,-0.4096945612550216,-0.24561930111822924,-0.23042840012862217,-1.0098842499114349,-1.0112917280772604,-1.004687649432258,0.020616961829764104,84.03999999999999
2016-02-21,-1.0102063238721732,-0.8654669209752024,-1.0135448793715125,-0.8882172970410207,-0.9154637312590737,-0.9448208525725618,-0.9050286838380386,-1.0135450640824455,-0.2280063765462956,0.07678715193859202,-0.3928026327175087,0.13924008274608096,-0.6300467387789821,-0.16775375245083787,-2.2185842478712883,-0.3281793638451944,-0.37076015512233923,-2.156341873085939,-0.3473624481919801,-0.9650567535653803,-2.463881655730091,-0.4054382835153223,-0.38686855295323636,0.0,0.0,-1.1796031411501873,0.4624067732226047,1.628696402351159,-0.42008824172673215,-1.0171023923214952,-1.16016456154386,-1.115764216741903,-1.1031074058065846,-1.1211215155074714,-1.0998519404895737,-1.218375903074332,-1.1071084426320035,-1.1069414633476213,-1.0612702323040268,-0.5896771671441914,-0.1230285642357488,-0.236535685098953,-0.33475997416036124,0.02423379852589386,0.0,0.0,-0.23395906074624068,4.274252071325551,-0.238667185252719,-0.2339590607462407,-0.23866718525271893,-0.22917462425705282,-0.23866718525271896,-0.22917462425705282,-0.21935622811243694,-0.2339590607462407,-0.23395906074624068,-0.23395906074624065,-0.2339590607462407,-0.23395906074624068,-0.2339590607462407,-0.2339590607462407,-0.23866718525271896,-0.2339590607462407,-0.1273859510596964,-0.2339590607462407,0.0,-0.9979392745593959,-0.8770761488080491,-0.809734186302908,-1.1385689971412885,-0.4398237887031728,-0.053101276085892456,-1.0126165389589568,-1.0052740205882733,-0.998979476953299,0.01690161420692075,82.03999999999999
2016-02-28,-1.0102063238721732,-0.8654669209752024,-1.0314534217403164,-0.8878497752270543,-0.934011705921999,-0.9467831089425488,-0.8830544425197209,-1.0166787655690446,-0.1596066656847531,-0.6258347521359798,0.17330597183058793,-0.5919354979570511,-0.46824317075899574,-0.16775375245083787,-2.2185842478712883,-0.3281793638451944,-0.37076015512233923,-2.156341873085939,-0.34736244819198475,-0.9650567535653803,-2.463881655730091,-0.4054382835153223,-0.38686855295323636,0.0,0.0,-1.1796031411501873,0.4624067732226047,1.628696402351159,-0.42008824172673215,-1.0171023923214952,-1.16016456154386,-1.115764216741903,-1.1031074058065846,-1.1211215155074714,-1.0998519404895737,-1.218375903074332,-1.1071084426320035,-1.1069414633476213,-1.080644769091945,-0.22326469178960126,-0.12157094655287794,-0.23598911462227273,-0.3541868468139438,-0.25174387571452356,0.0,0.0,-0.23395906074624068,4.274252071325551,-0.238667185252719,-0.2339590607462407,-0.23866718525271893,-0.22917462425705282,-0.23866718525271896,-0.22917462425705282,-0.21935622811243694,-0.2339590607462407,-0.23395906074624068,-0.23395906074624065,-0.2339590607462407,-0.23395906074624068,-0.2339590607462407,-0.2339590607462407,-0.23866718525271896,-0.2339590607462407,-0.1273859510596964,-0.2339590607462407,0.0,-1.057607465502731,-0.9939325867774356,-0.8296340763891977,-0.5988976291203881,-1.1989926941384357,-0.24538064344453003,-1.0089556143398353,-1.0080057270423495,-1.0021573711680791,0.0169575764794029,81.4
2016-03-06,-1.0102063238721732,-0.8654669209752024,-1.0331079599785786,-0.8893198624829198,-0.938463219841101,-0.9394692442907787,-0.952306596977449,-1.0086541546222214,-0.09579140027463873,-0.3063028577179279,-0.08759625461331755,0.27777861382667374,-0.4465083631145199,-0.16775375245083787,-2.2185842478712883,-0.3281793638451944,-0.37076015512233923,-2.156341873085939,-0.3473624481919801,-0.9650567535653803,-2.463881655730091,-0.4054382835153223,-0.38686855295323636,0.0,0.0,-0.7310093494911801,0.0778586267348271,-0.48055593740186203,-0.42008824172673215,-1.0171023923214952,-1.16016456154386,-1.115764216741903,-1.1031074058065846,-1.1211215155074714,-1.0998519404895737,-1.218375903074332,-1.1071084426320035,-1.1069414633476213,-1.1087642173725245,-0.3029503881387155,-0.09959457585833234,-0.28421093120900204,-0.3590812868049202,0.2009728347493363,0.0,0.0,4.274252071325551,-0.23395906074624068,-0.238667185252719,-0.2339590607462407,-0.23866718525271893,-0.22917462425705282,-0.23866718525271896,-0.22917462425705282,-0.21935622811243694,-0.2339590607462407,-0.23395906074624068,-0.23395906074624065,-0.2339590607462407,-0.23395906074624068,-0.2339590607462407,-0.2339590607462407,-0.23866718525271896,-0.2339590607462407,-0.1273859510596964,-0.2339590607462407,0.0,-1.077008864911529,-1.0535896012069081,-0.8693545711533409,-0.21905526878941176,-0.6368907715253789,-0.43958022176318245,-1.0120887413208817,-1.0043455830253718,-0.9961421281612308,0.017801314627910177,80.47999999999999
2016-03-13,-1.0102063238721732,-0.8654669209752024,-1.0482119866711128,-0.9166389839877513,-0.9344754052885721,-0.9476750436561794,-0.9787755694745134,-1.0042844412399516,-0.12684224102275157,-0.6563078210859303,0.9855487522691592,0.8126912754989637,-0.5234949545016867,-0.16775375245083787,-2.2185842478712883,-0.3281793638451944,-0.37076015512233923,-2.156341873085939,-0.34736244819198475,-0.9650567535653803,-2.463881655730091,-0.4054382835153223,-0.38686855295323636,0.0,0.0,-0.7310093494911801,0.0778586267348271,-0.48055593740186203,-0.42008824172673215,-1.0171023923214952,-1.16016456154386,-1.115764216741903,-1.1031074058065846,-1.1211215155074714,-1.0998519404895737,-1.218375903074332,-1.1071084426320035,-1.1069414633476213,-1.1359635005856124,-0.29456562698696237,-0.37603400986292024,-0.29051604654441515,-0.3867980710227192,0.052159293297323925,0.0,0.0,4.274252071325551,-0.23395906074624068,-0.238667185252719,-0.2339590607462407,-0.23866718525271893,-0.22917462425705282,-0.23866718525271896,-0.22917462425705282,-0.21935622811243694,-0.2339590607462407,-0.23395906074624068,-0.23395906074624065,-0.2339590607462407,-0.23395906074624068,-0.2339590607462407,-0.2339590607462407,-0.23866718525271896,-0.2339590607462407,-0.1273859510596964,-0.2339590607462407,0.0,-1.1051673005540663,-1.0729873665184424,-0.9865562145020127,-0.3016616346250008,-0.24126088696264147,-1.1987299362808561,-1.0040656015363778,-1.0074780419441407,-0.9988727158766882,0.007187983634211583,79.6
2016-03-20,-1.0102063238721732,-0.8654669209752024,-1.052959656958558,-0.9112486640495784,-0.9317859489624479,-0.9441073048016574,-0.9749467243963219,-1.0081463450283026,-0.12375893438939987,-0.6928755038258708,1.8322503173324007,0.03148789190561928,-0.7213768395880924,-0.16775375245083787,-2.5380036862738047,-0.3281793638451944,-0.37076015512233923,-2.4714957778304267,-0.3473624481919801,-1.0176561576432614,-2.9436123759203268,-0.4054382835153223,-0.38686855295323636,0.0,0.0,-0.7310093494911801,0.0778586267348271,-0.48055593740186203,-0.42008824172673215,-1.0171023923214952,-1.16016456154386,-1.115764216741903,-1.1031074058065846,-1.1211215155074714,-1.0998519404895737,-1.218375903074332,-1.1071084426320035,-1.1069414633476213,-1.1672391828918096,-0.33171073710087323,-0.5100222746206959,-0.32782267272513804,-0.38858643201704796,-0.28057907104091984,0.0,0.0,4.274252071325551,-0.23395906074624068,-0.238667185252719,-0.2339590607462407,-0.23866718525271893,-0.22917462425705282,-0.23866718525271896,-0.22917462425705282,-0.21935622811243694,-0.2339590607462407,-0.23395906074624068,-0.23395906074624065,-0.2339590607462407,-0.23395906074624068,-0.2339590607462407,-0.2339590607462407,-0.23866718525271896,-0.2339590607462407,-0.1273859510596964,-0.2339590607462407,0.0,-1.1324042953285278,-1.1011405277737167,-1.0463894616033946,-0.2929695521198643,-0.3273006508036312,-0.636642222958507,-0.9996966892593223,-0.9994566128968873,-0.9952140708291388,0.0020437761579294826,78.6
2016-03-27,-1.0102063238721732,-0.8654669209752024,-1.0537265387404935,-0.8986712508605079,-0.9173185287253662,-0.9470804205137591,-0.9951452694464925,-0.9943732944063397,-0.03339409838549362,-0.6998407767287167,2.7413058736212257,0.11358479921263653,-0.8654949580657163,10.294233381723823,-2.6178585458744332,-0.3281793638451944,-0.37076015512233923,-2.5502842540165487,-0.34736244819198475,-1.0308060086627318,-3.0635450559678854,-0.4054382835153223,-0.38686855295323636,0.0,0.0,-0.7310093494911801,0.0778586267348271,-0.48055593740186203,-0.42008824172673215,-1.0171023923214952,-1.16016456154386,-1.115764216741903,-1.1031074058065846,-1.1211215155074714,-1.0998519404895737,-1.218375903074332,-1.1071084426320035,-1.1069414633476213,-1.2031696306752682,-0.3741260581374149,-0.5217666303388732,-0.3409509830466504,-0.39022239464017755,0.4307587617067317,0.0,0.0,4.274252071325551,-0.23395906074624068,-0.238667185252719,-0.2339590607462407,-0.23866718525271893,-0.22917462425705282,-0.23866718525271896,-0.22917462425705282,-0.21935622811243694,-0.2339590607462407,-0.23395906074624068,-0.23395906074624065,-0.2339590607462407,-0.23395906074624068,-0.2339590607462407,-0.2339590607462407,-0.23866718525271896,-0.2339590607462407,-0.1273859510596964,-0.2339590607462407,0.0,-1.1637233410867522,-1.1283724207570085,-1.0658445298162325,-0.3314761184881843,-0.31824729615640207,-0.24102233946464396,-1.0035578850398497,-0.9950886321829328,-0.9983452468857764,0.001592875457045095,77.46666666666667
2016-04-03,-1.0102063238721732,-0.8654669209752024,-0.9925421692488379,-0.8524451738149632,-0.8631584427096243,-0.9473182697707272,-1.0228905236362875,-0.9695533052668717,0.14650202456169928,0.3623633409552705,0.9953941193047798,0.6933942070684522,-0.5138350399930307,-0.16775375245083787,-2.6178585458744332,-0.3281793638451944,-0.37076015512233923,-2.5502842540165487,-0.3473624481919801,-1.0308060086627318,-3.0635450559678854,-0.4054382835153223,-0.38686855295323636,0.0,0.0,-0.7310093494911801,0.0778586267348271,-0.48055593740186203,-0.42008824172673215,-1.0171023923214952,-1.16016456154386,-1.115764216741903,-1.1031074058065846,-1.1211215155074714,-1.0998519404895737,-1.218375903074332,-1.1071084426320035,-1.1069414633476213,-1.2155486284788262,-0.15951969039377145,-0.45597403860372426,-0.31744045501264373,-0.41971797031290314,0.8660405472188698,0.0,0.0,4.274252071325551,-0.23395906074624068,-0.238667185252719,-0.2339590607462407,-0.23866718525271893,-0.22917462425705282,-0.23866718525271896,-0.22917462425705282,-0.21935622811243694,-0.2339590607462407,-0.23395906074624068,-0.23395906074624065,-0.2339590607462407,-0.23395906074624068,-0.2339590607462407,-0.2339590607462407,-0.23866718525271896,-0.2339590607462407,-0.1273859510596964,-0.2339590607462407,0.0,-1.199703606112678,-1.1596856001106455,-1.0940808582711758,-0.375446061490602,-0.35835432475092566,-0.3270599283192697,-0.9897873594490975,-0.9989490046584161,-0.99032710292153,0.004118848480875065,77.08
2016-04-10,-1.0102063238721732,-0.8654669209752024,-0.9873643362811892,-0.8504850574738094,-0.8460943060197331,-0.9458911742289184,-1.0235564097368424,-1.0033890353295367,-0.11906827104644994,-0.41426458771203817,1.7731781151186843,1.001257609469769,-0.3671799742707093,-0.16775375245083787,-2.6178585458744332,-0.3281793638451944,-0.37076015512233923,-2.5502842540165487,-0.3473624481919801,-1.0308060086627318,-3.0635450559678854,-0.4054382835153223,-0.38686855295323636,0.0,0.0,-0.7310093494911801,0.0778586267348271,-0.48055593740186203,-0.42008824172673215,-1.0171023923214952,-1.16016456154386,-1.115764216741903,-1.1031074058065846,-1.1211215155074714,-1.0998519404895737,-1.218375903074332,-1.1071084426320035,-1.1069414633476213,-1.2129823694107873,-0.023334984358839947,-0.3762909357619473,-0.49401182791589127,-0.4008451249925087,-1.478011563225876,0.0,0.0,4.274252071325551,-0.23395906074624068,-0.238667185252719,-0.2339590607462407,-0.23866718525271893,-0.22917462425705282,-0.23866718525271896,-0.22917462425705282,-0.21935622811243694,-0.2339590607462407,-0.23395906074624068,-0.23395906074624065,-0.2339590607462407,-0.23395906074624068,-0.2339590607462407,-0.2339590607462407,-0.23866718525271896,-0.2339590607462407,-0.1273859510596964,-0.2339590607462407,0.0,-1.212099767285276,-1.1956591256339235,-1.1213931969373012,-0.15297386212862166,-0.4041518062617261,-0.3180068025304431,-0.9649719205903879,-0.9851814152935952,-0.9859609110632936,0.007178119485787729,77.16
2016-04-17,-1.0102063238721732,-0.8654669209752024,-0.9770072894063088,-0.8431346211944827,-0.8338526427422024,-0.9387556965198744,-1.0262199541390626,-1.0055539142480392,-0.1393271419360605,-0.6998407767287167,1.477817104050112,0.9858644393497034,-0.43714117328794455,-0.16775375245083787,-2.6178585458744332,-0.3281793638451944,-0.37076015512233923,-2.5502842540165487,-0.34736244819198475,-1.0308060086627318,-3.0635450559678854,-0.4054382835153223,-0.38686855295323636,0.0,0.0,-0.7310093494911801,0.0778586267348271,-0.48055593740186203,-0.42008824172673215,-1.0171023923214952,-1.16016456154386,-1.115764216741903,-1.1031074058065846,-1.1211215155074714,-1.0998519404895737,-1.218375903074332,-1.1071084426320035,-1.1069414633476213,-1.205299526217836,0.02328853713301417,-0.3573230235368265,-0.5182628697591946,-0.39107478958958347,-0.21190627166496384,0.0,0.0,4.274252071325551,-0.23395906074624068,-0.238667185252719,-0.2339590607462407,-0.23866718525271893,-0.22917462425705282,-0.23866718525271896,-0.22917462425705282,-0.21935622811243694,-0.2339590607462407,-0.23395906074624068,-0.23395906074624065,-0.2339590607462407,-0.23395906074624068,-0.2339590607462407,-0.2339590607462407,-0.23866718525271896,-0.2339590607462407,-0.1273859510596964,-0.2339590607462407,0.0,-1.2095299501221364,-1.2080529648680651,-1.152798878494011,-0.01179766409871322,-0.17243291510038986,-0.35811281726536975,-0.998801447504833,-0.9603712677169497,-0.9898197025681112,0.00790635397747493,77.4
2016-04-24,-1.0102063238721732,-0.8654669209752024,-0.9554301084169743,-0.8325683690429502,-0.8331570936923427,-0.9471175844601604,-1.0228905236362875,-0.992491285251395,-0.07219950867955345,-0.26886451586513166,1.9577787470365415,1.8132473333032444,-0.5794785499495788,-0.16775375245083787,-2.6295731952045993,-0.3281793638451944,-0.37076015512233923,-2.4857035358312034,-0.34736244819198475,-0.9998484760251019,-2.637948083458691,-0.4054382835153223,-0.38686855295323636,0.0,0.0,-0.7310093494911801,0.0778586267348271,-0.48055593740186203,-0.42008824172673215,-1.0171023923214952,-1.16016456154386,-1.115764216741903,-1.1031074058065846,-1.1211215155074714,-1.0998519404895737,-1.218375903074332,-1.1071084426320035,-1.1069414633476213,-1.2021053701641673,-0.017613438911819452,-0.4713140914590242,-0.49951980076278035,-0.3739531036326496,0.40149874191207857,0.0,0.0,4.274252071325551,-0.23395906074624068,-0.238667185252719,-0.2339590607462407,-0.23866718525271893,-0.22917462425705282,-0.23866718525271896,-0.22917462425705282,-0.21935622811243694,-0.2339590607462407,-0.23395906074624068,-0.23395906074624065,-0.2339590607462407,-0.23395906074624068,-0.2339590607462407,-0.2339590607462407,-0.23866718525271896,-0.2339590607462407,-0.1273859510596964,-0.2339590607462407,0.0,-1.2018364547362461,-1.2054836290601785,-1.1888786733400434,0.036534719871755286,-0.02538896012677729,-0.40390914106846215,-1.0009659295332791,-0.9941935813167313,-0.9760577515594493,0.003529898286412476,77.5
2016-05-01,-1.0102063238721732,-0.8654669209752024,-0.9194676797882223,-0.7943767272082811,-0.8331107237556854,-0.9458911742289184,-1.0168975487312917,-0.9866315226370486,-0.02770152390846117,-0.37247295029496325,2.3540547702202046,1.8940614764335935,-0.5214458817271233,1.9246436743840944,-2.6295731952045993,-0.3281793638451944,-0.37076015512233923,-2.4857035358312034,-0.3473624481919801,-0.9998484760251019,-2.637948083458691,-0.4054382835153223,-0.38686855295323636,0.0,0.0,-0.7310093494911801,0.0778586267348271,-0.48055593740186203,-0.42008824172673215,-1.0171023923214952,-1.16016456154386,-1.115764216741903,-1.1031074058065846,-1.1211215155074714,-1.0998519404895737,-1.218375903074332,-1.1071084426320035,-1.1069414633476213,-1.2194030154227062,-0.20433956625813626,-0.44612274869414803,-0.5079655397957186,-0.373684925692119,0.11029652844485388,0.0,0.0,4.274252071325551,-0.23395906074624068,-0.238667185252719,-0.2339590607462407,-0.23866718525271893,-0.22917462425705282,-0.23866718525271896,-0.22917462425705282,-0.21935622811243694,-0.2339590607462407,-0.23395906074624068,-0.23395906074624065,-0.2339590607462407,-0.23395906074624068,-0.2339590607462407,-0.2339590607462407,-0.23866718525271896,-0.2339590607462407,-0.1273859510596964,-0.2339590607462407,0.0,-1.1986378700139573,-1.197791574751292,-1.2013091251908963,-0.005866410461036028,0.02495228005037564,-0.1721961074944327,-0.987905695325329,-0.9963576018226148,-0.9512577646902948,0.004497068762296562,76.96000000000001
2016-05-08,-1.0102063238721732,-0.8654669209752024,-0.9022059349967546,-0.7828610437040021,-0.8282882503433249,-0.9312634449253782,-1.0162316626307366,-0.9884489443004764,-0.07701433677442443,1.3375015473536849,1.645188343655634,1.2783346716309574,-0.15612547849068198,-0.16775375245083787,-2.6295731952045993,-0.3281793638451944,-0.37076015512233923,-2.4857035358312034,-0.3473624481919801,-0.9998484760251019,-2.637948083458691,-0.4054382835153223,-0.38686855295323636,0.0,0.0,-0.7310093494911801,0.0778586267348271,-0.48055593740186203,-0.42008824172673215,-1.0171023923214952,-1.16016456154386,-1.115764216741903,-1.1031074058065846,-1.1211215155074714,-1.0998519404895737,-1.218375903074332,-1.1071084426320035,-1.1069414633476213,-1.200190854252866,0.12834640217713003,-0.40281487832922896,-0.47884811701908464,-0.5158273733158261,-0.19722524914550119,0.0,0.0,4.274252071325551,-0.23395906074624068,-0.238667185252719,-0.2339590607462407,-0.23866718525271893,-0.22917462425705282,-0.23866718525271896,-0.22917462425705282,-0.21935622811243694,-0.2339590607462407,-0.23395906074624068,-0.23395906074624065,-0.2339590607462407,-0.23395906074624068,-0.2339590607462407,-0.2339590607462407,-0.23866718525271896,-0.2339590607462407,-0.1273859510596964,-0.2339590607462407,0.0,-1.215959498301963,-1.1945935891593926,-1.1987321993130273,-0.19943649258787802,-0.01921118366724327,-0.025155869623037706,-0.9820470069888529,-0.9833001523884263,-0.9850662267547684,0.0061597865451995925,77.56
2016-05-15,-1.0102063238721732,-0.8654669209752024,-0.9079603102404382,-0.7760006365099639,-0.8342236022354609,-0.9284092538417605,-0.9969209657146394,-0.9900525900330235,-0.11765568719029201,1.8076574682957778,0.30621842681144323,0.9704712692296378,0.981988085438231,-0.16775375245083787,-2.6295731952045993,-0.3281793638451944,-0.37076015512233923,-2.4857035358312034,-0.3473624481919801,-0.9998484760251019,-2.637948083458691,-0.4054382835153223,-0.38686855295323636,0.0,0.0,-0.7310093494911801,0.0778586267348271,-0.48055593740186203,-0.42008824172673215,-1.0171023923214952,-1.16016456154386,-1.115764216741903,-1.1031074058065846,-1.1211215155074714,-1.0998519404895737,-1.218375903074332,-1.1071084426320035,-1.1069414633476213,-1.168498472061452,0.24206912007193684,-0.34037813296419783,-0.457003215272329,-0.5213860163222279,-0.18872651706275279,0.0,0.0,4.274252071325551,-0.23395906074624068,-0.238667185252719,-0.2339590607462407,-0.23866718525271893,-0.22917462425705282,-0.23866718525271896,-0.22917462425705282,-0.21935622811243694,-0.2339590607462407,-0.23395906074624068,-0.23395906074624065,-0.2339590607462407,-0.23395906074624068,-0.2339590607462407,-0.2339590607462407,-0.23866718525271896,-0.2339590607462407,-0.1273859510596964,-0.2339590607462407,0.0,-1.196720699643576,-1.2119119729143295,-1.1910174219212597,0.14544320447253825,-0.22082668853066106,0.025184097985409284,-0.9838640954620129,-0.9774427132731585,-0.9872293610112131,0.008556918658837743,78.56
2016-05-22,-1.0102063238721732,-0.8654669209752024,-0.9073851489039865,-0.7872713054715984,-0.8282882503433249,-0.9269821582999518,-0.9789420409996523,-0.9860168658590572,-0.31927829484522857,6.40822022062544,-0.6881636437860793,1.2013688210306268,6.773545920400565,-0.16775375245083787,-2.1209621701199084,-0.3281793638451944,-0.37076015512233923,-2.150960146570492,-0.3473624481919801,-0.9651987605958281,-2.129418938576184,-0.4054382835153223,-0.38686855295323636,0.0,0.0,-0.7310093494911801,0.0778586267348271,-0.48055593740186203,-0.42008824172673215,-1.0171023923214952,-1.16016456154386,-1.115764216741903,-1.1031074058065846,-1.1211215155074714,-1.0998519404895737,-1.218375903074332,-1.1071084426320035,-1.1069414633476213,-1.1186203002143664,0.4077823252412288,-0.26433968393681184,-0.4455740253862456,-0.454721608560842,0.03708423503643504,0.0,0.0,4.274252071325551,-0.23395906074624068,-0.238667185252719,-0.2339590607462407,-0.23866718525271893,-0.22917462425705282,-0.23866718525271896,-0.22917462425705282,-0.21935622811243694,-0.2339590607462407,-0.23395906074624068,-0.23395906074624065,-0.2339590607462407,-0.23395906074624068,-0.2339590607462407,-0.2339590607462407,-0.23866718525271896,-0.2339590607462407,-0.1273859510596964,-0.2339590607462407,0.0,-1.1649843762494942,-1.1926767778962826,-1.1878099891662568,0.2633341293014875,0.13838736705058827,-0.018978249330593874,-0.9854674471961107,-0.9792594142968882,-0.9741772591036312,0.011476260577913344,80.16
2016-05-29,-1.0102063238721732,-0.8654669209752024,-0.8898354782093973,-0.7760006365099639,-0.8282882503433249,-0.9227008716745253,-0.968953749491326,-0.9782928339848312,-0.015281449654571965,-0.6406359570545272,0.31606379384706207,1.9402409867937902,5.582449189015084,-0.16775375245083787,-2.1209621701199084,-0.3281793638451944,-0.37076015512233923,-2.150960146570492,-0.3473624481919801,-0.9651987605958281,-2.129418938576184,-0.4054382835153223,-0.38686855295323636,0.0,0.0,-0.7310093494911801,0.0778586267348271,-0.48055593740186203,-0.42008824172673215,-1.0171023923214952,-1.16016456154386,-1.115764216741903,-1.1031074058065846,-1.1211215155074714,-1.0998519404895737,-1.218375903074332,-1.1071084426320035,-1.1069414633476213,-1.0952759020581517,0.16600032034601675,-0.42012543592467544,-0.4656103167244832,-0.4575902334997164,0.18379595585035596,0.0,0.0,4.274252071325551,-0.23395906074624068,-0.238667185252719,-0.2339590607462407,-0.23866718525271893,-0.22917462425705282,-0.23866718525271896,-0.22917462425705282,-0.21935622811243694,-0.2339590607462407,-0.23395906074624068,-0.23395906074624065,-0.2339590607462407,-0.23395906074624068,-0.2339590607462407,-0.2339590607462407,-0.23866718525271896,-0.2339590607462407,-0.1273859510596964,-0.2339590607462407,0.0,-1.1150370487660608,-1.160946399067517,-1.2051795331254291,0.4351211158897614,0.26117823466322276,-0.22058865758571955,-0.9814324628966848,-0.980862424155659,-0.9683222188344529,0.005495182820671247,80.92
2016-06-05,-1.0102063238721732,-0.8654669209752024,-0.9019186995634247,-0.7685276929593149,-0.8308849667961343,-0.9251090954013278,-0.968953749491326,-0.9631389670248902,0.03409561924915174,-0.647601229957373,0.13884718720592112,1.493839053311878,-0.6724918176806515,-0.16775375245083787,-2.1209621701199084,-0.3281793638451944,-0.37076015512233923,-2.150960146570492,-0.3473624481919801,-0.9651987605958281,-2.129418938576184,-0.4054382835153223,-0.38686855295323636,0.0,0.0,-0.7310093494911801,0.0778586267348271,-0.48055593740186203,-0.42008824172673215,-1.0171023923214952,-1.16016456154386,-1.115764216741903,-1.1031074058065846,-1.1211215155074714,-1.0998519404895737,-1.218375903074332,-1.1071084426320035,-1.1069414633476213,-1.0654954656482098,0.2246470191042791,-0.4434630831691785,-0.46683421040950346,-0.46278271168841334,0.47674894088281117,0.0,0.0,4.274252071325551,-0.23395906074624068,-0.238667185252719,-0.2339590607462407,-0.23866718525271893,-0.22917462425705282,-0.23866718525271896,-0.22917462425705282,-0.21935622811243694,-0.2339590607462407,-0.23395906074624068,-0.23395906074624065,-0.2339590607462407,-0.23395906074624068,-0.2339590607462407,-0.2339590607462407,-0.23866718525271896,-0.2339590607462407,-0.1273859510596964,-0.2339590607462407,0.0,-1.091660283811909,-1.1110084272724192,-1.1858875154546706,0.18447722791603124,0.440105265376908,0.1386163174769677,-0.9737098470792274,-0.9768283002174049,-0.9701381758493999,0.004599181221941386,81.9
2016-06-12,-1.0102063238721732,-0.8654669209752024,-0.9093985588164634,-0.7701202874865025,-0.8297720883163588,-0.9276957060708562,-0.9716172938935465,-0.9881816224334559,-0.21205906620284856,-0.6162575018945669,0.18807402238401708,1.6169844142724052,-0.7723109342700958,-0.16775375245083787,-2.1209621701199084,-0.3281793638451944,-0.37076015512233923,-2.150960146570492,-0.3473624481919801,-0.9651987605958281,-2.129418938576184,-0.4054382835153223,-0.38686855295323636,0.0,0.0,-0.7310093494911801,0.0778586267348271,-0.48055593740186203,-0.42008824172673215,-1.0171023923214952,-1.16016456154386,-1.115764216741903,-1.1031074058065846,-1.1211215155074714,-1.0998519404895737,-1.218375903074332,-1.1071084426320035,-1.1069414633476213,-1.0867305618816099,-0.24021854834224468,-0.247449952245476,-0.41762333604560925,-0.4766841358676129,-1.120620678504053,0.0,0.0,4.274252071325551,-0.23395906074624068,-0.238667185252719,-0.2339590607462407,-0.23866718525271893,-0.22917462425705282,-0.23866718525271896,-0.22917462425705282,-0.21935622811243694,-0.2339590607462407,-0.23395906074624068,-0.23395906074624065,-0.2339590607462407,-0.23395906074624068,-0.2339590607462407,-0.2339590607462407,-0.23866718525271896,-0.2339590607462407,-0.1273859510596964,-0.2339590607462407,0.0,-1.0618385570949174,-1.0876360410455832,-1.154063401974663,0.24527346707355546,0.17904377560784349,0.2614040810775645,-0.958558758297345,-0.9691073310578524,-0.97174052921412,0.012124707545982064,81.2
2016-06-19,-1.0102063238721732,-0.8654669209752024,-0.9162452572705512,-0.7867812763863099,-0.835707440208495,-0.9284092538417605,-0.977610268798542,-1.004591718652237,-0.3186804049073005,-0.609292228991721,0.20776475645525302,1.4322663728316156,-0.7825562981429127,-0.16775375245083787,-2.101632998725134,-0.3281793638451944,-0.37076015512233923,-2.0960665361129474,-0.3473624481919801,-0.9545482333122398,-1.974672972982905,-0.4054382835153223,-0.38686855295323636,0.0,0.0,-0.7310093494911801,0.0778586267348271,-0.48055593740186203,-0.42008824172673215,-1.0171023923214952,-1.16016456154386,-1.115764216741903,-1.1031074058065846,-1.1211215155074714,-1.0998519404895737,-1.218375903074332,-1.1071084426320035,-1.1069414633476213,-1.0977228592519552,-0.14688374893902997,-0.2986807036031839,-0.4012816022401142,-0.51266520018267,-0.7843434970394175,0.0,0.0,4.274252071325551,-0.23395906074624068,-0.238667185252719,-0.2339590607462407,-0.23866718525271893,-0.22917462425705282,-0.23866718525271896,-0.22917462425705282,-0.21935622811243694,-0.2339590607462407,-0.23395906074624068,-0.23395906074624065,-0.2339590607462407,-0.23395906074624068,-0.2339590607462407,-0.2339590607462407,-0.23866718525271896,-0.2339590607462407,-0.1273859510596964,-0.2339590607462407,0.0,-1.083103095598123,-1.057819900268718,-1.1039779085128618,-0.23663052433560147,0.24236691065465976,0.4403265887215134,-0.9835968226034566,-0.9539594728730504,-0.967708057404423,0.010157806828025149,80.84
2016-06-26,-1.0102063238721732,-0.8654669209752024,-0.9206180024611258,-0.7902114799833291,-0.8442395085534407,-0.9326905404671869,-0.9842691298040931,-0.9887428964007788,-0.1911661433719694,-0.4247124970663068,0.06008425092096686,1.262941501510889,-0.6777608619581001,-0.16775375245083787,-2.088746884461953,-0.3281793638451944,-0.37076015512233923,-2.0594707958079193,-0.3473624481919801,-0.9474478817898476,-1.8715089959207198,-0.4054382835153223,-0.38686855295323636,0.0,0.0,-0.7310093494911801,0.0778586267348271,-0.48055593740186203,-0.42008824172673215,-1.0171023923214952,-1.16016456154386,-1.115764216741903,-1.1031074058065846,-1.1211215155074714,-1.0998519404895737,-1.218375903074332,-1.1071084426320035,-1.1069414633476213,-1.1496761125290849,-0.520129641398499,-0.2078764177488925,-0.3146150648058725,-0.4445609573333303,0.5128993992304829,0.0,0.0,4.274252071325551,-0.23395906074624068,-0.238667185252719,-0.2339590607462407,-0.23866718525271893,-0.22917462425705282,-0.23866718525271896,-0.22917462425705282,-0.21935622811243694,-0.2339590607462407,-0.23395906074624068,-0.23395906074624065,-0.2339590607462407,-0.23395906074624068,-0.2339590607462407,-0.2339590607462407,-0.23866718525271896,-0.2339590607462407,-0.1273859510596964,-0.2339590607462407,0.0,-1.0941106336898385,-1.0790804556880458,-1.080536477964699,-0.13987478349455432,-0.25956662915748485,0.17927169828693174,-1.0000039103380418,-0.978992198427696,-0.9599902502780239,0.013644053082609879,79.16
2016-07-03,-1.0102063238721732,-0.8654669209752024,-0.9194669893184306,-0.7960918290067907,-0.8650132401759169,-0.9366150532071611,-0.9935915352118639,-0.9787205489720644,-0.14740650618054532,-0.6580491393116417,0.31606379384706207,1.2167619911506924,-0.6894698492413194,-0.16775375245083787,-2.088746884461953,-0.3281793638451944,-0.37076015512233923,-2.0594707958079193,-0.3473624481919801,-0.9474478817898476,-1.8715089959207198,-0.4054382835153223,-0.38686855295323636,0.0,0.0,-0.7310093494911801,0.0778586267348271,-0.48055593740186203,-0.42008824172673215,-1.0171023923214952,-1.16016456154386,-1.115764216741903,-1.1031074058065846,-1.1211215155074714,-1.0998519404895737,-1.218375903074332,-1.1071084426320035,-1.1069414633476213,-1.1647225259907736,-0.18382581108453622,-0.3676203510842911,-0.30717321250073504,-0.4370208089342176,0.2758556388553746,0.0,0.0,4.274252071325551,-0.23395906074624068,-0.238667185252719,-0.2339590607462407,-0.23866718525271893,-0.22917462425705282,-0.23866718525271896,-0.22917462425705282,-0.21935622811243694,-0.2339590607462407,-0.23395906074624068,-0.23395906074624065,-0.2339590607462407,-0.23395906074624068,-0.2339590607462407,-0.2339590607462407,-0.23866718525271896,-0.2339590607462407,-0.1273859510596964,-0.2339590607462407,0.0,-1.1461359196850422,-1.090085931945807,-1.0506322573835498,-0.5268010218505119,-0.1587893947637992,0.24259323259765692,-0.9841579936716962,-0.9953957877543126,-0.9448485957224286,0.007511008986246368,78.68
2016-07-10,-1.0102063238721732,-0.8654669209752024,-0.9309764302755895,-0.796581858092079,-0.8744727072540087,-0.9376853748635178,-0.9935915352118639,-0.9882351275882276,-0.2730845954823396,-0.6301880477002585,0.9363219170910633,1.6785570947526702,-0.8027543012064658,-0.16775375245083787,-2.088746884461953,-0.3281793638451944,-0.37076015512233923,-2.0594707958079193,-0.3473624481919801,-0.9474478817898476,-1.8715089959207198,-0.4054382835153223,-0.38686855295323636,0.0,0.0,-0.7310093494911801,0.0778586267348271,-0.48055593740186203,-0.42008824172673215,-1.0171023923214952,-1.16016456154386,-1.115764216741903,-1.1031074058065846,-1.1211215155074714,-1.0998519404895737,-1.218375903074332,-1.1071084426320035,-1.1069414633476213,-1.205299526217836,-0.41646654007390893,-0.35460396150258694,-0.29235896196790556,-0.4042709255232651,-0.5044911953920197,0.0,0.0,4.274252071325551,-0.23395906074624068,-0.238667185252719,-0.2339590607462407,-0.23866718525271893,-0.22917462425705282,-0.23866718525271896,-0.22917462425705282,-0.21935622811243694,-0.2339590607462407,-0.23395906074624068,-0.23395906074624065,-0.2339590607462407,-0.23395906074624068,-0.2339590607462407,-0.2339590607462407,-0.23866718525271896,-0.2339590607462407,-0.1273859510596964,-0.2339590607462407,0.0,-1.1612031948635737,-1.1421014730280021,-1.071955618568866,-0.17817085970556026,-0.5617975871141087,-0.25932761891135925,-0.9741374836529179,-0.9795532498400059,-0.9698710694153602,0.008010746845539133,77.4
2016-07-17,-1.0102063238721732,-0.8654669209752024,-0.9424844902931652,-0.8049123525419829,-0.8639003616961414,-0.9394692442907787,-1.0009162823179698,-0.9921104994233498,-0.40983083766909034,-0.5640179551232232,0.7984867785923959,1.5092322234319462,-0.7720182095880153,-0.16775375245083787,-2.083865780574384,-0.3281793638451944,-0.37076015512233923,-2.0530127239893843,-0.3473624481919801,-0.9479307056933703,-1.895750707845227,-0.4054382835153223,-0.38686855295323636,0.0,0.0,-0.7310093494911801,0.0778586267348271,-0.48055593740186203,-0.42008824172673215,-1.0171023923214952,-1.16016456154386,-1.115764216741903,-1.1031074058065846,-1.1211215155074714,-1.0998519404895737,-1.218375903074332,-1.1071084426320035,-1.1069414633476213,-1.1798610139464354,0.1850823821419703,-0.20197044741481146,-0.34516974852726945,-0.39393631920782124,-0.27980706286195306,0.0,0.0,4.274252071325551,-0.23395906074624068,-0.238667185252719,-0.2339590607462407,-0.23866718525271893,-0.22917462425705282,-0.23866718525271896,-0.22917462425705282,-0.21935622811243694,-0.2339590607462407,-0.23395906074624068,-0.23395906074624065,-0.2339590607462407,-0.23395906074624068,-0.2339590607462407,-0.2339590607462407,-0.23866718525271896,-0.2339590607462407,-0.1273859510596964,-0.2339590607462407,0.0,-1.2018364547362461,-1.1571659259388019,-1.0829936060829326,-0.4193384223627179,-0.19867718452311975,-0.15855293205035872,-0.983650317949059,-0.9695348764485602,-0.9862679408426802,0.013870800826542557,78.2
2016-07-24,-1.0102063238721732,-0.8654669209752024,-0.9575878265159077,-0.803932294371406,-0.8616746047365903,-0.9267145778858626,-1.0012492253682472,-0.9855758357551833,-0.19113944868611715,-0.5300622497218498,0.813254829145825,1.1590376032004457,-0.7108387510331947,-0.16775375245083787,-2.064341365024108,-0.3281793638451944,-0.37076015512233923,-2.0271804367152466,-0.34736244819198475,-0.949862001307461,-1.9927175555432526,-0.4054382835153223,-0.38686855295323636,0.0,0.0,-0.7310093494911801,0.0778586267348271,-0.48055593740186203,-0.42008824172673215,-1.0171023923214952,-1.16016456154386,-1.115764216741903,-1.1031074058065846,-1.1211215155074714,-1.0998519404895737,-1.218375903074332,-1.1071084426320035,-1.1069414633476213,-1.1719648262014066,0.025232583017168294,-0.2618748890181842,-0.36559690919822063,-0.40055167766054917,0.1372391410569359,0.0,0.0,4.274252071325551,-0.23395906074624068,-0.238667185252719,-0.2339590607462407,-0.23866718525271893,-0.22917462425705282,-0.23866718525271896,-0.22917462425705282,-0.21935622811243694,-0.2339590607462407,-0.23395906074624068,-0.23395906074624065,-0.2339590607462407,-0.23395906074624068,-0.2339590607462407,-0.2339590607462407,-0.23866718525271896,-0.2339590607462407,-0.1273859510596964,-0.2339590607462407,0.0,-1.176362672196535,-1.197791574751292,-1.1351628061752776,0.20425869246781053,-0.4498684810683224,-0.5615509368166512,-0.9875249793072429,-0.9790456823667316,-0.9704318910555871,0.01157089137614652,78.45
2016-07-31,-1.0102063238721732,-0.8654669209752024,-0.9557173438503044,-0.8083425561390021,-0.8683518756152434,-0.9091434640273418,-1.0042457128207452,-0.9913888731171824,-0.10884188343674324,-0.10779257998682215,0.44405356531011053,0.7857532277888483,-0.5504256252530906,-0.16775375245083787,-2.064341365024108,-0.3281793638451944,-0.37076015512233923,-2.0271804367152466,-0.3473624481919801,-0.949862001307461,-1.9927175555432526,-0.4054382835153223,-0.38686855295323636,0.0,0.0,-0.7310093494911801,0.0778586267348271,-0.48055593740186203,-0.42008824172673215,-1.0171023923214952,-1.16016456154386,-1.115764216741903,-1.1031074058065846,-1.1211215155074714,-1.0998519404895737,-1.218375903074332,-1.1071084426320035,-1.1069414633476213,-1.200190854252866,-0.30392156815196425,-0.239416270442701,-0.4147834008627133,-0.38998535147454416,-0.35726156710695184,0.0,0.0,4.274252071325551,-0.23395906074624068,-0.238667185252719,-0.2339590607462407,-0.23866718525271893,-0.22917462425705282,-0.23866718525271896,-0.22917462425705282,-0.21935622811243694,-0.2339590607462407,-0.23395906074624068,-0.23395906074624065,-0.2339590607462407,-0.23395906074624068,-0.2339590607462407,-0.2339590607462407,-0.23866718525271896,-0.2339590607462407,-0.1273859510596964,-0.2339590607462407,0.0,-1.1684555364582658,-1.1723225637335457,-1.150271760957529,0.038550019641541276,0.19964742426430981,-0.19843971349218814,-0.9809915136474311,-0.9829195175486684,-0.9604176205724876,0.012433144453248663,77.56
2016-08-07,-1.0102063238721732,-0.8654669209752024,-0.9606086318544145,-0.8098126433948674,-0.8674244768820972,-0.8870234831293053,-1.0069092572229654,-0.9925915156585148,-0.19531261182609264,-0.5048131354490337,0.6409609060224927,1.2167619911506924,-0.48602619519538454,-0.16775375245083787,-2.064341365024108,-0.3281793638451944,-0.37076015512233923,-2.0271804367152466,-0.3473624481919801,-0.949862001307461,-1.9927175555432526,-0.4054382835153223,-0.38686855295323636,0.0,0.0,-0.7310093494911801,0.0778586267348271,-0.48055593740186203,-0.42008824172673215,-1.0171023923214952,-1.16016456154386,-1.115764216741903,-1.1031074058065846,-1.1211215155074714,-1.0998519404895737,-1.218375903074332,-1.1071084426320035,-1.1069414633476213,-1.2194030154227062,-0.22178508685506054,-0.30353392624197684,-0.4152513235251524,-0.40468586335911183,-0.1727315017163218,0.0,0.0,4.274252071325551,-0.23395906074624068,-0.238667185252719,-0.2339590607462407,-0.23866718525271893,-0.22917462425705282,-0.23866718525271896,-0.22917462425705282,-0.21935622811243694,-0.2339590607462407,-0.23395906074624068,-0.23395906074624065,-0.2339590607462407,-0.23395906074624068,-0.2339590607462407,-0.2339590607462407,-0.23866718525271896,-0.2339590607462407,-0.1273859510596964,-0.2339590607462407,0.0,-1.196720699643576,-1.1644169090894876,-1.1910174219212597,-0.30266841068572764,0.027051342447168364,-0.44962466021005115,-0.9868034852977609,-0.9763874449897345,-0.9699245314506704,0.009971477195145179,76.96000000000001
2016-08-14,-1.0102063238721732,-0.8654669209752024,-0.961758954527318,-0.8117727597360214,-0.8728033895343456,-0.8853584194059,-1.0168975487312917,-0.9943554321671704,-0.3329693256945686,-0.459538861580536,1.211992194088398,1.3860868624714162,-0.6110196344437503,-0.16775375245083787,-2.064341365024108,-0.3281793638451944,-0.37076015512233923,-2.0271804367152466,-0.3473624481919801,-0.949862001307461,-1.9927175555432526,-0.4054382835153223,-0.38686855295323636,0.0,0.0,-0.7310093494911801,0.0778586267348271,-0.48055593740186203,-0.42008824172673215,-1.0171023923214952,-1.16016456154386,-1.115764216741903,-1.1031074058065846,-1.1211215155074714,-1.0998519404895737,-1.218375903074332,-1.1071084426320035,-1.1069414633476213,-1.2387655472393855,-0.22315529965983374,-0.3983852180010824,-0.41631767608862424,-0.4639059938194368,-0.19530355740886216,0.0,0.0,4.274252071325551,-0.23395906074624068,-0.238667185252719,-0.2339590607462407,-0.23866718525271893,-0.22917462425705282,-0.23866718525271896,-0.22917462425705282,-0.21935622811243694,-0.2339590607462407,-0.23395906074624068,-0.23395906074624065,-0.2339590607462407,-0.23395906074624068,-0.2339590607462407,-0.2339590607462407,-0.23866718525271896,-0.2339590607462407,-0.1273859510596964,-0.2339590607462407,0.0,-1.215959498301963,-1.1926767778962826,-1.1654731729469132,-0.2175214328299526,-0.32834927185879426,0.19987482610683513,-0.9880059073570785,-0.9821981773800404,-0.9737967801484465,0.006329854362844939,76.36
2016-08-21,-1.0102063238721732,-0.8654669209752024,-0.9611843110432099,-0.8161830215036174,-0.8741944876340648,-0.8798880054202614,-1.0195610931335122,-1.0004424285638263,-0.31577699064661796,-0.40816997392204807,0.6409609060224927,1.2167619911506924,-0.6435120741546837,-0.16775375245083787,-2.186368962213333,-0.3281793638451944,-0.37076015512233923,-2.077768665960434,-0.34736244819198475,-0.9625006270173191,-2.1594932428434293,-0.4054382835153223,-0.38686855295323636,0.0,0.0,-0.7310093494911801,0.0778586267348271,-0.48055593740186203,-0.42008824172673215,-1.0171023923214952,-1.16016456154386,-1.115764216741903,-1.1031074058065846,-1.1211215155074714,-1.0998519404895737,-1.218375903074332,-1.1071084426320035,-1.1069414633476213,-1.2618753817460586,-0.25730160571835065,-0.5186645602810717,-0.46124096576522955,-0.4882423451575116,-0.36937485401158093,0.0,0.0,4.274252071325551,-0.23395906074624068,-0.238667185252719,-0.2339590607462407,-0.23866718525271893,-0.22917462425705282,-0.23866718525271896,-0.22917462425705282,-0.21935622811243694,-0.2339590607462407,-0.23395906074624068,-0.23395906074624065,-0.2339590607462407,-0.23395906074624068,-0.2339590607462407,-0.2339590607462407,-0.23866718525271896,-0.2339590607462407,-0.1273859510596964,-0.2339590607462407,0.0,-1.2353488760947378,-1.2119119729143295,-1.1575441642236333,-0.21894186717902084,-0.2396632996291744,0.02728310732031659,-0.9897695004846356,-0.9834003430524244,-0.9672673827238857,0.0017119731408022645,75.65
2016-08-28,-1.0102063238721732,-0.8654669209752024,-0.9543748404187226,-0.8186331669300596,-0.8629111363807853,-0.8798880054202616,-1.0173414727983283,-0.9956204566077024,-0.2006613148022793,0.31012379418392705,0.6901877412005887,1.2167619911506924,-0.41762619448257865,-0.16775375245083787,-2.186368962213333,-0.3281793638451944,-0.37076015512233923,-2.077768665960434,-0.34736244819198475,-0.9625006270173191,-2.1594932428434293,-0.4054382835153223,-0.38686855295323636,0.0,0.0,-0.7310093494911801,0.0778586267348271,-0.48055593740186203,-0.42008824172673215,-1.0171023923214952,-1.16016456154386,-1.115764216741903,-1.1031074058065846,-1.1211215155074714,-1.0998519404895737,-1.218375903074332,-1.1071084426320035,-1.1069414633476213,-1.2832232445510399,-0.2412461039428826,-0.5438263380131589,-0.4593808508656252,-0.5394768868062705,0.06957649111143865,0.0,0.0,4.274252071325551,-0.23395906074624068,-0.238667185252719,-0.2339590607462407,-0.23866718525271893,-0.22917462425705282,-0.23866718525271896,-0.22917462425705282,-0.21935622811243694,-0.2339590607462407,-0.23395906074624068,-0.23395906074624065,-0.2339590607462407,-0.23395906074624068,-0.2339590607462407,-0.2339590607462407,-0.23866718525271896,-0.2339590607462407,-0.1273859510596964,-0.2339590607462407,0.0,-1.258490752178959,-1.2312977188616225,-1.1858875154546706,-0.25433971622141294,-0.2411427720004527,-0.32810852286649744,-0.9958553809443575,-0.9851635601371183,-0.9730757353962982,0.0007459377543454768,75.0
2016-09-04,-1.0102063238721732,-0.8654669209752024,-0.959169692808598,-0.827453690465252,-0.870206673081536,-0.8748931710239306,-1.0415353344518299,-0.9939278803054094,-0.24695412359714414,-0.4734694073862276,0.38498136309639747,0.8627190783891762,-0.40523418294117164,-0.16775375245083787,-2.186368962213333,-0.3281793638451944,-0.37076015512233923,-2.077768665960434,-0.3473624481919801,-0.9625006270173191,-2.1594932428434293,-0.4054382835153223,-0.38686855295323636,0.0,0.0,-1.0203998861411896,-0.038437721426822245,-0.08692120842234417,-0.42008824172673215,-1.0171023923214952,-1.16016456154386,-1.115764216741903,-1.1031074058065846,-1.1211215155074714,-1.0998519404895737,-1.218375903074332,-1.1071084426320035,-1.1069414633476213,-1.3258084556395333,-0.4347658311580177,-0.449911930362939,-0.4552517015831818,-0.5248620140007048,-0.05648295724981346,0.0,0.0,-0.23395906074624068,-0.23395906074624068,-0.238667185252719,4.274252071325551,-0.23866718525271893,-0.22917462425705282,-0.23866718525271896,-0.22917462425705282,-0.21935622811243694,-0.2339590607462407,-0.23395906074624068,-0.23395906074624065,-0.2339590607462407,-0.23395906074624068,-0.2339590607462407,-0.2339590607462407,-0.23866718525271896,-0.2339590607462407,-0.1273859510596964,-0.2339590607462407,0.0,-1.2798682136035826,-1.254435260215818,-1.2051795331254291,-0.23769574228250656,-0.2780118745360624,-0.23942479251634896,-0.9910342930065984,-0.991248142932499,-0.9742774087357078,0.0043515908228305665,73.72
2016-09-11,-1.0102063238721732,-0.8654669209752024,-0.9971462218196182,-0.8323539813181366,-0.8613036452433319,-0.8720389799403131,-1.0402035622507197,-0.9973488253572803,-0.26447998431587716,-0.6615317757630647,0.9067858159842049,1.001257609469769,-0.687420776466756,-0.16775375245083787,-2.186368962213333,-0.3281793638451944,-0.37076015512233923,-2.077768665960434,-0.3473624481919801,-0.9625006270173191,-2.1594932428434293,-0.4054382835153223,-0.38686855295323636,0.0,0.0,-1.0203998861411896,-0.038437721426822245,-0.08692120842234417,-0.42008824172673215,-1.0171023923214952,-1.16016456154386,-1.115764216741903,-1.1031074058065846,-1.1211215155074714,-1.0998519404895737,-1.218375903074332,-1.1071084426320035,-1.1069414633476213,-1.3070871612907298,0.12387350791378633,-0.29230505190739675,-0.47537935312757384,-0.4923119410995791,-0.2619875709629795,0.0,0.0,-0.23395906074624068,-0.23395906074624068,-0.238667185252719,4.274252071325551,-0.23866718525271893,-0.22917462425705282,-0.23866718525271896,-0.22917462425705282,-0.21935622811243694,-0.2339590607462407,-0.23395906074624068,-0.23395906074624065,-0.2339590607462407,-0.23395906074624068,-0.2339590607462407,-0.2339590607462407,-0.23866718525271896,-0.2339590607462407,-0.1273859510596964,-0.2339590607462407,0.0,-1.3225124687039709,-1.2758087174048482,-1.2246225464676448,-0.4383084258022703,-0.26067612113989824,-0.2409042274882657,-0.9893420270065112,-0.9864280829731801,-0.9760399037153442,0.010402587034552418,74.28
2016-09-18,-1.0102063238721732,-0.8654669209752024,-1.0000240999112517,-0.8300671789201237,-0.8616746047365903,-0.8709686582839563,-1.0350984354797974,-0.9995404976345368,-0.24037073743772647,-0.44444743695770333,1.330136598515824,1.242417274684134,-0.7718230597999617,-0.16775375245083787,-2.1831148929549538,-0.3281793638451944,-0.37076015512233923,-2.424351853555124,-0.34736244819198475,-0.9602285145301536,-2.068966549190509,-0.4054382835153223,-0.38686855295323636,0.0,0.0,-1.0203998861411896,-0.038437721426822245,-0.08692120842234417,-0.42008824172673215,-1.0171023923214952,-1.16016456154386,-1.115764216741903,-1.1031074058065846,-1.1211215155074714,-1.0998519404895737,-1.218375903074332,-1.1071084426320035,-1.1069414633476213,-1.3119766802130217,-0.09127379214237118,-0.2903166106892297,-0.49567266950447053,-0.521717880605684,-0.21270760404483327,0.0,0.0,-0.23395906074624068,-0.23395906074624068,-0.238667185252719,4.274252071325551,-0.23866718525271893,-0.22917462425705282,-0.23866718525271896,-0.22917462425705282,-0.21935622811243694,-0.2339590607462407,-0.23395906074624068,-0.23395906074624065,-0.2339590607462407,-0.23395906074624068,-0.2339590607462407,-0.2339590607462407,-0.23866718525271896,-0.2339590607462407,-0.1273859510596964,-0.2339590607462407,0.0,-1.3037652174490497,-1.3184449847633468,-1.247828438388379,0.140806368041532,-0.4696269415633689,-0.2777723980153286,-0.9927623448920947,-0.9847361778072005,-0.9821219946405818,0.010478929199287026,74.13333333333333
2016-09-25,-1.0102063238721732,-0.8654669209752024,-0.960896557757536,-0.8014821489449637,-0.8531425363916447,-0.8659738238876256,-1.0248881819379527,-0.9889032895209912,-0.17343965734912173,-0.4908825896433421,1.3104458644445898,1.1859756509105612,-0.6218504476807282,-0.16775375245083787,-2.1766067544381955,-0.3281793638451944,-0.37076015512233923,-3.1175182287445034,-0.3473624481919801,-0.9556842895558225,-1.887913161884671,-0.4054382835153223,-0.38686855295323636,0.0,0.0,-1.0203998861411896,-0.038437721426822245,-0.08692120842234417,-0.42008824172673215,-1.0171023923214952,-1.16016456154386,-1.115764216741903,-1.1031074058065846,-1.1211215155074714,-1.0998519404895737,-1.218375903074332,-1.1071084426320035,-1.1069414633476213,-1.2822338930006218,0.22430395073524823,-0.22632450455701345,-0.4288482325269345,-0.4813969380041514,0.3027561178239748,0.0,0.0,-0.23395906074624068,-0.23395906074624068,-0.238667185252719,4.274252071325551,-0.23866718525271893,-0.22917462425705282,-0.23866718525271896,-0.22917462425705282,-0.21935622811243694,-0.2339590607462407,-0.23395906074624068,-0.23395906074624065,-0.2339590607462407,-0.23395906074624068,-0.2339590607462407,-0.2339590607462407,-0.23866718525271896,-0.2339590607462407,-0.1273859510596964,-0.2339590607462407,0.0,-1.3086615156453205,-1.299701245076486,-1.269265034866299,-0.08222659008327643,0.13355780812425674,-0.2604370828470903,-0.9949536153672337,-0.9881557663941088,-0.9773039086807801,0.012935776232745461,75.03
2016-10-02,-1.0102063238721732,-0.8654669209752024,-0.9252213645621142,-0.7833510727892908,-0.8253205743972567,-0.8402861041350672,-0.9882644464074234,-0.9827562323646624,-0.11550390178013958,-0.5814311373803377,1.2218375611240184,1.1705824807904956,-0.5969688497038872,-0.16775375245083787,-2.1766067544381955,-0.3281793638451944,-0.37076015512233923,-3.1175182287445034,-0.3473624481919801,-0.9556842895558225,-1.887913161884671,-0.4054382835153223,-0.38686855295323636,0.0,0.0,-1.0203998861411896,-0.038437721426822245,-0.08692120842234417,-0.42008824172673215,-1.0171023923214952,-1.16016456154386,-1.115764216741903,-1.1031074058065846,-1.1211215155074714,-1.0998519404895737,-1.218375903074332,-1.1071084426320035,-1.1069414633476213,-1.1186203002143664,1.4441663097678907,0.23619558537184188,0.05043961631128807,-0.12537371021987903,0.12132710671140817,0.0,0.0,-0.23395906074624068,-0.23395906074624068,-0.238667185252719,4.274252071325551,-0.23866718525271893,-0.22917462425705282,-0.23866718525271896,-0.22917462425705282,-0.21935622811243694,-0.2339590607462407,-0.23395906074624068,-0.23395906074624065,-0.2339590607462407,-0.23395906074624068,-0.2339590607462407,-0.2339590607462407,-0.23866718525271896,-0.2339590607462407,-0.1273859510596964,-0.2339590607462407,0.0,-1.2788774903261444,-1.3045966261418065,-1.3120272539404287,0.24491782443632953,-0.09874514881745187,-0.4693826212339203,-0.9843183573868299,-0.9903465696347077,-0.9756126964148907,0.030693296332315306,80.16
2016-10-09,-1.0102063238721732,-0.8654669209752024,-0.8944388403103858,-0.7510091531602525,-0.8067725997343315,-0.8238745054042662,-0.9709514077929913,-0.9815801792752441,-0.06839202018768326,-0.5744658644774919,1.5565800403350627,1.2321551612707577,-0.7377694217845989,-0.16775375245083787,-2.1766067544381955,-0.3281793638451944,-0.37076015512233923,-3.1175182287445034,-0.3473624481919801,-0.9556842895558225,-1.887913161884671,-0.4054382835153223,-0.38686855295323636,0.0,0.0,-1.0203998861411896,-0.038437721426822245,-0.08692120842234417,-0.42008824172673215,-1.0171023923214952,-1.16016456154386,-1.115764216741903,-1.1031074058065846,-1.1211215155074714,-1.0998519404895737,-1.218375903074332,-1.1071084426320035,-1.1069414633476213,-1.0757868912001318,0.3435887845265887,0.20894664417094974,0.0429671515337064,-0.11621786598392966,-0.07754564576560964,0.0,0.0,-0.23395906074624068,-0.23395906074624068,-0.238667185252719,4.274252071325551,-0.23866718525271893,-0.22917462425705282,-0.23866718525271896,-0.22917462425705282,-0.21935622811243694,-0.2339590607462407,-0.23395906074624068,-0.23395906074624065,-0.2339590607462407,-0.23395906074624068,-0.2339590607462407,-0.2339590607462407,-0.23866718525271896,-0.2339590607462407,-0.1273859510596964,-0.2339590607462407,0.0,-1.1150370487660608,-1.2748181797008666,-1.2932281434081079,1.5094910278608766,0.2419964863149714,0.13378688063633631,-0.978172427178452,-0.9797135793615211,-0.9790308845490503,0.02964712854068215,81.56
2016-10-16,-1.0102063238721732,-0.8654669209752024,-0.8618714516472197,-0.7377783678574641,-0.8007137183309403,-0.8170958015806743,-0.9541930523003216,-0.9783730917169897,-0.10508277105340472,-0.6406359570545272,1.7239512799405883,1.1705824807904956,-0.7617728457151984,-0.16775375245083787,-2.1766067544381955,-0.3281793638451944,-0.37076015512233923,-3.1175182287445034,-0.3473624481919801,-0.9556842895558225,-1.887913161884671,-0.4054382835153223,-0.38686855295323636,0.0,0.0,-1.0203998861411896,-0.038437721426822245,-0.08692120842234417,-0.42008824172673215,-1.0171023923214952,-1.16016456154386,-1.115764216741903,-1.1031074058065846,-1.1211215155074714,-1.0998519404895737,-1.218375903074332,-1.1071084426320035,-1.1069414633476213,-1.0624767056377014,0.0745662082315873,0.15863494515506338,0.01700930285404597,-0.11603366089049598,0.0033709845112002475,0.0,0.0,-0.23395906074624068,-0.23395906074624068,-0.238667185252719,4.274252071325551,-0.23866718525271893,-0.22917462425705282,-0.23866718525271896,-0.22917462425705282,-0.21935622811243694,-0.2339590607462407,-0.23395906074624068,-0.23395906074624065,-0.2339590607462407,-0.23395906074624068,-0.2339590607462407,-0.2339590607462407,-0.23866718525271896,-0.2339590607462407,-0.1273859510596964,-0.2339590607462407,0.0,-1.0721442516157411,-1.1110084272724192,-1.2981379859092443,0.3685747298818755,1.5591295992622596,-0.09851020395355377,-0.97699658969637,-0.9735689596216167,-0.9812207905716528,0.027715512972036182,82.0
2016-10-23,-1.0102063238721732,-0.8654669209752024,-0.8377630084016643,-0.7220974371282336,-0.7963857339230934,-0.8149551582679612,-0.9469795081730085,-0.9744709673044816,-0.01114757509140502,-0.39336876900350065,0.7886414115567788,0.6933942070684522,-0.27175172791247193,-0.16775375245083787,-1.676781716351129,-0.3281793638451944,-0.37076015512233923,-2.5621240523505286,-0.3473624481919801,-0.9003015476811638,-1.9243668640267866,-0.4054382835153223,-0.38686855295323636,0.0,0.0,-1.0203998861411896,-0.038437721426822245,-0.08692120842234417,-0.42008824172673215,-1.0171023923214952,-1.16016456154386,-1.115764216741903,-1.1031074058065846,-1.1211215155074714,-1.0998519404895737,-1.218375903074332,-1.1071084426320035,-1.1069414633476213,-1.0396537241889376,0.16124904831128561,0.1710062312636507,-0.015055632492759818,-0.13040213682121013,0.03079208418729029,0.0,0.0,-0.23395906074624068,-0.23395906074624068,-0.238667185252719,4.274252071325551,-0.23866718525271893,-0.22917462425705282,-0.23866718525271896,-0.22917462425705282,-0.21935622811243694,-0.2339590607462407,-0.23395906074624068,-0.23395906074624065,-0.2339590607462407,-0.23395906074624068,-0.2339590607462407,-0.2339590607462407,-0.23866718525271896,-0.2339590607462407,-0.1273859510596964,-0.2339590607462407,0.0,-1.058815611600824,-1.0681236644186716,-1.2682715710167858,0.08969183905419721,0.3707929880642183,0.2422228176218702,-0.9737900900976317,-0.972393372857961,-0.9705921549160108,0.02819048339281198,82.76
2016-10-30,-1.0102063238721732,-0.8654669209752024,-0.8297066068725908,-0.7181772044459259,-0.7900794225376987,-0.8106738716425346,-0.9516407108768938,-0.9701947146222489,0.00031817959069712644,-0.3480944951350028,0.5326618686306837,0.47788982538752883,-0.1599308993577279,-0.16775375245083787,-1.676781716351129,-0.3281793638451944,-0.37076015512233923,-2.5621240523505286,-0.3473624481919801,-0.9003015476811638,-1.9243668640267866,-0.4054382835153223,-0.38686855295323636,0.0,0.0,-1.0203998861411896,-0.038437721426822245,-0.08692120842234417,-0.42008824172673215,-1.0171023923214952,-1.16016456154386,-1.115764216741903,-1.1031074058065846,-1.1211215155074714,-1.0998519404895737,-1.218375903074332,-1.1071084426320035,-1.1069414633476213,-1.0336825083476702,0.007691784950494453,-0.3951491516382381,-0.08826947219017,-0.14130394307111618,0.04531856953063785,0.0,0.0,-0.23395906074624068,-0.23395906074624068,-0.238667185252719,4.274252071325551,-0.23866718525271893,-0.22917462425705282,-0.23866718525271896,-0.22917462425705282,-0.21935622811243694,-0.2339590607462407,-0.23395906074624068,-0.23395906074624065,-0.2339590607462407,-0.23395906074624068,-0.2339590607462407,-0.2339590607462407,-0.23866718525271896,-0.2339590607462407,-0.1273859510596964,-0.2339590607462407,0.0,-1.035960986293695,-1.0547975210058391,-1.1039779085128618,0.17955181050904934,0.08031878763924004,1.5593226349575449,-0.9698886810666466,-0.9691875569664065,-0.9644500516336819,0.006454096562768813,82.96000000000001
2016-11-06,-1.0102063238721732,-0.8654669209752024,-0.817911311421685,-0.7078865936548683,-0.7863698276051136,-0.8071061327880127,-0.9563019135807797,-0.9686179030298236,-0.05219887147965827,2.0026851095754608,-0.45187483493122177,0.03148789190561928,0.32891931971667693,-0.16775375245083787,-1.676781716351129,-0.3281793638451944,-0.37076015512233923,-2.5621240523505286,-0.3473624481919801,-0.9003015476811638,-1.9243668640267866,-0.4054382835153223,-0.38686855295323636,0.0,0.0,-1.0203998861411896,-0.038437721426822245,-0.08692120842234417,-0.42008824172673215,-1.0171023923214952,-1.16016456154386,-1.115764216741903,-1.1031074058065846,-1.1211215155074714,-1.0998519404895737,-1.218375903074332,-1.1071084426320035,-1.1069414633476213,-1.0182244644033014,0.09413800046386804,-0.490235657137008,-0.08633747762027068,-0.15508818568965116,-0.06196674865927016,0.0,0.0,-0.23395906074624068,-0.23395906074624068,-0.238667185252719,4.274252071325551,-0.23866718525271893,-0.22917462425705282,-0.23866718525271896,-0.22917462425705282,-0.21935622811243694,-0.2339590607462407,-0.23395906074624068,-0.23395906074624065,-0.2339590607462407,-0.23395906074624068,-0.2339590607462407,-0.2339590607462407,-0.23866718525271896,-0.2339590607462407,-0.1273859510596964,-0.2339590607462407,0.0,-1.0299814914154064,-1.0319471766234798,-1.060966459863417,0.020366309784810403,0.1739136413109483,0.3710160635435494,-0.9656132123553572,-0.965286979814952,-0.9632749463179177,0.002803443176335394,83.47999999999999
2016-11-13,-1.0102063238721732,-0.8654669209752024,-0.8101449072051078,-0.6892654884139069,-0.7764158715225081,-0.7924784034844725,-0.9256711529552459,-0.9585954332570049,-0.024547140954526172,-0.3655076773921174,-0.13682308979141353,-0.2609823403756319,0.6529655427797701,-0.16775375245083787,-1.676781716351129,-0.3281793638451944,-0.37076015512233923,-2.5621240523505286,-0.3473624481919801,-0.9003015476811638,-1.9243668640267866,-0.4054382835153223,-0.38686855295323636,0.0,0.0,-1.0203998861411896,-0.038437721426822245,-0.08692120842234417,-0.42008824172673215,-1.0171023923214952,-1.16016456154386,-1.115764216741903,-1.1031074058065846,-1.1211215155074714,-1.0998519404895737,-1.218375903074332,-1.1071084426320035,-1.1069414633476213,-0.9400526570734233,0.6656006059163793,-0.2215801473488192,-0.0983525200207889,-0.1445861809279973,0.2716978169268196,0.0,0.0,-0.23395906074624068,-0.23395906074624068,-0.238667185252719,4.274252071325551,-0.23866718525271893,-0.22917462425705282,-0.23866718525271896,-0.22917462425705282,-0.21935622811243694,-0.2339590607462407,-0.23395906074624068,-0.23395906074624065,-0.2339590607462407,-0.23395906074624068,-0.2339590607462407,-0.2339590607462407,-0.23866718525271896,-0.2339590607462407,-0.1273859510596964,-0.2339590607462407,0.0,-1.0145020150322357,-1.0259688017708921,-1.047600949715887,0.10998098382259697,0.008111856537086555,0.08054920597258197,-0.9640366898418438,-0.9610124227422211,-0.9600704433309899,0.01311792619837616,86.16
2016-11-20,-1.0102063238721732,-0.8654669209752024,-0.7795760833538978,-0.682037559405902,-0.7707895288882565,-0.7853429257754285,-0.9076089924776892,-0.955174447423766,0.006225661008982959,1.7858909904743847,-0.8727642757039366,-0.033933081104661415,0.2555186056849959,-0.16775375245083787,-1.4151545479774295,-0.3281793638451944,-0.37076015512233923,-1.9959664229256622,-0.34736244819198475,-0.8415106370757566,-1.9243668640267866,-0.4054382835153223,-0.38686855295323636,0.0,0.0,-1.0203998861411896,-0.038437721426822245,-0.08692120842234417,-0.42008824172673215,-1.0171023923214952,-1.16016456154386,-1.115764216741903,-1.1031074058065846,-1.1211215155074714,-1.0998519404895737,-1.218375903074332,-1.1071084426320035,-1.1069414633476213,-0.9146295658808472,0.18494186163405896,-0.2234998730781156,-0.09583277485092216,-0.17120665679796224,0.01027687968045989,0.0,0.0,-0.23395906074624068,-0.23395906074624068,-0.238667185252719,4.274252071325551,-0.23866718525271893,-0.22917462425705282,-0.23866718525271896,-0.22917462425705282,-0.21935622811243694,-0.2339590607462407,-0.23395906074624068,-0.23395906074624065,-0.2339590607462407,-0.23395906074624068,-0.2339590607462407,-0.2339590607462407,-0.23866718525271896,-0.2339590607462407,-0.1273859510596964,-0.2339590607462407,0.0,-0.936221823195064,-1.0104922248653099,-1.0246831031750125,0.7023890471286003,0.10145121740722149,0.1741416936739367,-0.9540160575013906,-0.959436236383363,-0.9561714636155587,0.013044222225368444,87.05
2016-11-27,-1.0102063238721732,-0.8654669209752024,-0.6956408493053865,-0.6315238912071119,-0.7619484512854264,-0.7768399337634462,-0.8752855493845447,-0.9560030024767417,-0.05068673281028898,0.7942102609317113,-1.1607412614957962,-0.19940965989536966,1.0323367307560747,-0.16775375245083787,-1.4151545479774295,-0.3281793638451944,-0.37076015512233923,-1.9959664229256622,-0.3473624481919801,-0.8415106370757566,-1.9243668640267866,-0.4054382835153223,-0.38686855295323636,0.0,0.0,-1.0203998861411896,-0.038437721426822245,-0.08692120842234417,-0.42008824172673215,-1.0171023923214952,-1.16016456154386,-1.115764216741903,-1.1031074058065846,-1.1211215155074714,-1.0998519404895737,-1.218375903074332,-1.1071084426320035,-1.1069414633476213,-0.9024394808811813,0.06435958768433282,-0.23939558792700577,-0.4321044766112649,-0.2316323781771787,-0.15710144089770847,0.0,0.0,-0.23395906074624068,-0.23395906074624068,-0.238667185252719,4.274252071325551,-0.23866718525271893,-0.22917462425705282,-0.23866718525271896,-0.22917462425705282,-0.21935622811243694,-0.2339590607462407,-0.23395906074624068,-0.23395906074624065,-0.2339590607462407,-0.23395906074624068,-0.2339590607462407,-0.2339590607462407,-0.23866718525271896,-0.2339590607462407,-0.1273859510596964,-0.2339590607462407,0.0,-0.9107634831153645,-0.9322266957761686,-1.018687067616739,0.20411302155049724,0.7184817494825969,0.008344100178675743,-0.9505956988419159,-0.9494177406963246,-0.9518986571379798,0.012433938516460543,87.47999999999999
2016-12-04,-1.0102063238721732,-0.8654669209752024,-0.6576650107641577,-0.6191913292176574,-0.7629993795298278,-0.7778506741809323,-0.8617460873019582,-0.9607068885834712,-0.09192805335772156,-0.23316749223804684,-1.5447105758849362,-2.3698466468246635,0.6371584099474243,-0.16775375245083787,-1.4151545479774295,-0.3281793638451944,-0.37076015512233923,-1.9959664229256622,-0.3473624481919801,-0.8415106370757566,-1.9243668640267866,-0.4054382835153223,-0.38686855295323636,0.0,0.0,-1.0203998861411896,-0.038437721426822245,-0.08692120842234417,-0.42008824172673215,-1.0171023923214952,-1.16016456154386,-1.115764216741903,-1.1031074058065846,-1.1211215155074714,-1.0998519404895737,-1.218375903074332,-1.1071084426320035,-1.1069414633476213,-0.8956617409605864,0.01504102261144454,-0.21959167865104656,-0.43219648250232473,-0.2253146692921501,-0.3099226413747524,0.0,0.0,-0.23395906074624068,-0.23395906074624068,-0.238667185252719,4.274252071325551,-0.23866718525271893,-0.22917462425705282,-0.23866718525271896,-0.22917462425705282,-0.21935622811243694,-0.2339590607462407,-0.23395906074624068,-0.23395906074624065,-0.2339590607462407,-0.23395906074624068,-0.2339590607462407,-0.2339590607462407,-0.23866718525271896,-0.2339590607462407,-0.1273859510596964,-0.2339590607462407,0.0,-0.8985564966725609,-0.9067731243258899,-1.0031647713850025,0.07911112169210421,0.19949569877442344,0.10168110153702158,-0.9514241019948205,-0.9459981113442189,-0.9503231162879198,0.01319426941813445,87.72
2016-12-11,-1.0102063238721732,-0.8654669209752024,-0.6530616486631692,-0.6079206602560229,-0.739628931454542,-0.7553739193974438,-0.8597484290002929,-0.9529828974906134,-0.047090054473385635,-0.35505976803784867,-0.658627542679221,-1.0306408463789265,-0.4508992333457268,-0.16775375245083787,-1.4151545479774295,-0.3281793638451944,-0.37076015512233923,-1.9959664229256622,-0.3473624481919801,-0.8415106370757566,-1.9243668640267866,-0.4054382835153223,-0.38686855295323636,0.0,0.0,-1.0203998861411896,-0.038437721426822245,-0.08692120842234417,-0.42008824172673215,-1.0171023923214952,-1.16016456154386,-1.115764216741903,-1.1031074058065846,-1.1211215155074714,-1.0998519404895737,-1.218375903074332,-1.1071084426320035,-1.1069414633476213,-0.9206047650581298,-0.2740060616995289,-0.33838737891715465,-0.36988365801983075,-0.20262414599690345,0.17977712102174065,0.0,0.0,-0.23395906074624068,-0.23395906074624068,-0.238667185252719,4.274252071325551,-0.23866718525271893,-0.22917462425705282,-0.23866718525271896,-0.22917462425705282,-0.21935622811243694,-0.2339590607462407,-0.23395906074624068,-0.23395906074624065,-0.2339590607462407,-0.23395906074624068,-0.2339590607462407,-0.2339590607462407,-0.23866718525271896,-0.2339590607462407,-0.1273859510596964,-0.2339590607462407,0.0,-0.8917693594765677,-0.8945684243870181,-0.9246680382464851,0.02798491441083222,0.0692983001272409,0.718696035789559,-0.956127125732017,-0.9468263378605236,-0.9403087235593125,0.008633349619942821,86.84
2016-12-18,-1.0102063238721732,-0.8654669209752024,-0.6471157831305989,-0.5752520545701257,-0.7021620226354328,-0.7193397569667715,-0.860858239167885,-0.9487155623341763,-0.06554219714583868,-0.456056225129113,-0.2287131821238584,-0.7073842738575442,-0.6703451700120613,-0.16775375245083787,-0.8814871896032193,-0.3281793638451944,-0.37076015512233923,-1.6099172408843727,-0.34736244819198475,-0.7433364433594807,-1.9243668640267866,-0.4054382835153223,-0.38686855295323636,0.0,0.0,-1.0203998861411896,-0.038437721426822245,-0.08692120842234417,-0.42008824172673215,-1.0171023923214952,-1.16016456154386,-1.115764216741903,-1.1031074058065846,-1.1211215155074714,-1.0998519404895737,-1.218375903074332,-1.1071084426320035,-1.1069414633476213,-0.8934066145294589,0.20111662102143596,-0.33227893778059736,-0.3681441099689263,-0.20238852534884236,0.043095957465701225,0.0,0.0,-0.23395906074624068,-0.23395906074624068,-0.238667185252719,4.274252071325551,-0.23866718525271893,-0.22917462425705282,-0.23866718525271896,-0.22917462425705282,-0.21935622811243694,-0.2339590607462407,-0.23395906074624068,-0.23395906074624065,-0.2339590607462407,-0.23395906074624068,-0.2339590607462407,-0.2339590607462407,-0.23866718525271896,-0.2339590607462407,-0.1273859510596964,-0.2339590607462407,0.0,-0.9167469668525279,-0.8877825584970886,-0.8991392744496028,-0.27165643007455154,0.016047115959168294,0.1997231044523948,-0.9484045506884512,-0.951528358793567,-0.9368904946766504,0.008867870819391995,87.8
2016-12-25,-1.0102063238721732,-0.8654669209752024,-0.6329234067196512,-0.5605515086975288,-0.6917751568241945,-0.7093500881741099,-0.8644096317041785,-0.9494015593185301,-0.08465056821799095,0.25440161096116043,-1.0327514900327477,-0.8151364646980058,-0.269995379819989,-0.16775375245083787,-0.6146535104161135,-0.3281793638451944,-0.37076015512233923,-1.4168926498637273,-0.3473624481919801,-0.694249346501343,-1.9243668640267866,-0.4054382835153223,-0.38686855295323636,0.0,0.0,-1.0203998861411896,-0.038437721426822245,-0.08692120842234417,-0.42008824172673215,-1.0171023923214952,-1.16016456154386,-1.115764216741903,-1.1031074058065846,-1.1211215155074714,-1.0998519404895737,-1.218375903074332,-1.1071084426320035,-1.1069414633476213,-0.9171885985451628,-0.2634263905972809,-0.2969676785539101,-0.3278919152616042,-0.4499622947581189,-0.15139903510783384,0.0,0.0,-0.23395906074624068,-0.23395906074624068,-0.238667185252719,4.274252071325551,-0.23866718525271893,-0.22917462425705282,-0.23866718525271896,-0.22917462425705282,-0.21935622811243694,-0.2339590607462407,-0.23395906074624068,-0.23395906074624065,-0.2339590607462407,-0.23395906074624068,-0.2339590607462407,-0.2339590607462407,-0.23866718525271896,-0.2339590607462407,-0.1273859510596964,-0.2339590607462407,0.0,-0.8895111063329403,-0.9127554872901947,-0.8868985206300491,0.22088062417522028,-0.2960483291767548,0.0695289970458438,-0.9441379978680958,-0.9438074303992122,-0.9377183820024146,0.010223574947953139,86.96000000000001
2017-01-01,-1.0102063238721732,-0.8654669209752024,-0.5627254144110858,-0.5398066174009272,-0.6713723846949768,-0.689727524474239,-0.8604143151008481,-0.9452321946017376,-0.12362058436749739,0.4180855241780369,-1.0425968570683646,-0.5072730622966891,-0.05513546317291545,-0.16775375245083787,-0.6146535104161135,-0.3281793638451944,-0.37076015512233923,-1.4168926498637273,-0.3473624481919801,-0.694249346501343,-1.9243668640267866,-0.4054382835153223,-0.38686855295323636,0.0,0.0,-1.0203998861411896,-0.038437721426822245,-0.08692120842234417,-0.42008824172673215,-1.0171023923214952,-1.16016456154386,-1.115764216741903,-1.1031074058065846,-1.1211215155074714,-1.0998519404895737,-1.218375903074332,-1.1071084426320035,-1.1069414633476213,-0.9024394808811813,0.08767809696910304,-0.28247973380389996,-0.3279129217719595,-0.46511201630551263,0.038952286412906795,0.0,0.0,-0.23395906074624068,-0.23395906074624068,-0.238667185252719,4.274252071325551,-0.23866718525271893,-0.22917462425705282,-0.23866718525271896,-0.22917462425705282,-0.21935622811243694,-0.2339590607462407,-0.23395906074624068,-0.23395906074624065,-0.2339590607462407,-0.23395906074624068,-0.2339590607462407,-0.2339590607462407,-0.23866718525271896,-0.2339590607462407,-0.1273859510596964,-0.2339590607462407,0.0,-0.9133260638554371,-0.8855247283493183,-0.8800926086267089,-0.2606889889711493,0.21696021927980544,0.016279159006517482,-0.944823869087734,-0.9395417873163208,-0.9424184772774518,0.010779810181193138,87.47999999999999
2017-01-08,-1.0102063238721732,-0.8654669209752024,-0.5627254144110858,-0.5368664428891965,-0.6665499112826162,-0.6850894639633603,-0.8604143151008481,-0.9465952710446505,-0.1386875659130362,-0.45257358867769015,-0.5798646063942703,-2.000410563943079,-0.2641408861783794,-0.16775375245083787,-0.6146535104161135,-0.3281793638451944,-0.37076015512233923,-1.4168926498637273,-0.3473624481919801,-0.694249346501343,-1.9243668640267866,-0.4054382835153223,-0.38686855295323636,0.0,0.0,-1.0203998861411896,-0.038437721426822245,-0.08692120842234417,-1.3120207156093697,-0.6474357606866217,-0.9475141236871449,-0.9299785259986225,-0.9113356628756706,-0.9212871992420674,-0.8771112490032011,-0.9997956804969855,-0.9640462708478356,-0.9680068652064546,-0.9035709117371894,-0.05702920719094659,-0.3316579197502328,-0.47177397203838545,-0.46045168294202554,-0.17787774087338373,0.0,0.0,-0.23395906074624068,-0.23395906074624068,-0.238667185252719,4.274252071325551,-0.23866718525271893,-0.22917462425705282,-0.23866718525271896,-0.22917462425705282,-0.21935622811243694,-0.2339590607462407,-0.23395906074624068,-0.23395906074624065,-0.2339590607462407,-0.23395906074624068,-0.2339590607462407,-0.2339590607462407,-0.23866718525271896,-0.2339590607462407,-0.1273859510596964,-0.2339590607462407,0.0,-0.8985564966725609,-0.9093352250661718,-0.9051393099008669,0.10328430956611243,-0.2846250443859094,-0.29580839671517284,-0.9406552687459755,-0.9402275122907886,-0.9347007108995554,0.008891713546219473,87.44
2017-01-15,-1.0102063238721732,-0.8654669209752024,-0.5584091151259792,-0.533191224749533,-0.6655297726761553,-0.6841083357783668,-0.8580837137489054,-0.9387042802499698,-0.0738648674144565,-0.6998407767287167,0.1979193894196342,-3.016359791867428,-0.5655741275507555,-0.16775375245083787,-0.6146535104161135,-0.3281793638451944,-0.37076015512233923,-1.4168926498637273,-0.34736244819198475,-0.694249346501343,-1.9243668640267866,-0.4054382835153223,-0.38686855295323636,0.0,0.0,-1.0203998861411896,-0.038437721426822245,-0.08692120842234417,-1.3120207156093697,-0.6474357606866217,-0.9475141236871449,-0.9299785259986225,-0.9113356628756706,-0.9212871992420674,-0.8771112490032011,-0.9997956804969855,-0.9640462708478356,-0.9680068652064546,-0.9032880055074183,-0.04414143403883787,-0.39566977470380355,-0.49309023658905715,-0.45975400065720046,0.18410025708417863,0.0,0.0,-0.23395906074624068,-0.23395906074624068,-0.238667185252719,4.274252071325551,-0.23866718525271893,-0.22917462425705282,-0.23866718525271896,-0.22917462425705282,-0.21935622811243694,-0.2339590607462407,-0.23395906074624068,-0.23395906074624065,-0.2339590607462407,-0.23395906074624068,-0.2339590607462407,-0.2339590607462407,-0.23866718525271896,-0.2339590607462407,-0.1273859510596964,-0.2339590607462407,0.0,-0.8996894962472676,-0.8945684243870181,-0.8778281086272294,-0.046726859993803084,0.09447620687722513,0.2171871834747664,-0.9420180952943186,-0.9360598008005369,-0.9304368147611951,0.0064341082968482986,87.45
2017-01-22,-1.0102063238721732,-0.8654669209752024,-0.5644515888902324,-0.5373564719744849,-0.6534118243896264,-0.6743862473997945,-0.8770614676147251,-0.9364392015103736,-0.005538339015632913,-0.22968485578662393,-0.422338733824367,-2.4006329870647916,-0.810072418258478,-0.16775375245083787,-0.1118998099965052,-0.3281793638451944,-0.37076015512233923,-0.4578689848113406,-0.3473624481919801,-0.6266540000081696,-1.9243668640267866,-0.4054382835153223,-0.38686855295323636,0.0,0.0,-1.0203998861411896,-0.038437721426822245,-0.08692120842234417,-1.3120207156093697,-0.6474357606866217,-0.9475141236871449,-0.9299785259986225,-0.9113356628756706,-0.9212871992420674,-0.8771112490032011,-0.9997956804969855,-0.9640462708478356,-0.9680068652064546,-0.9217445363399055,-0.21489960497625465,-0.42013461100691873,-0.485917553362689,-0.4434606622564876,-0.036135738095801465,0.0,0.0,-0.23395906074624068,-0.23395906074624068,-0.238667185252719,4.274252071325551,-0.23866718525271893,-0.22917462425705282,-0.23866718525271896,-0.22917462425705282,-0.21935622811243694,-0.2339590607462407,-0.23395906074624068,-0.23395906074624065,-0.2339590607462407,-0.23395906074624068,-0.2339590607462407,-0.2339590607462407,-0.23866718525271896,-0.2339590607462407,-0.1273859510596964,-0.2339590607462407,0.0,-0.8994061977705552,-0.8957012117383399,-0.9017089438867678,-0.03336671943426075,-0.06176993071626709,-0.2843854006918408,-0.9341285511652015,-0.9374223367596337,-0.931122258904972,0.00549483056201071,86.8
2017-01-29,-1.0102063238721732,-0.42485725945944935,-0.5592730654527922,-0.5325786883929224,-0.6232403904446856,-0.6229216144233146,-0.8424353903858608,-0.936064991677913,-0.13406268193094978,2.121094748923839,-2.0960511298796054,-0.676597933617413,0.18343515272267752,-0.16775375245083787,-0.1118998099965052,-0.3281793638451944,-0.37076015512233923,-0.4578689848113406,-0.3473624481919801,-0.6266540000081696,-1.9243668640267866,-0.4054382835153223,-0.38686855295323636,0.0,0.0,-1.0203998861411896,-0.038437721426822245,-0.08692120842234417,-1.3120207156093697,-0.6474357606866217,-0.9475141236871449,-0.9299785259986225,-0.9113356628756706,-0.9212871992420674,-0.8771112490032011,-0.9997956804969855,-0.9640462708478356,-0.9680068652064546,-0.8255945570916116,0.8294219492890704,-0.01581733652911924,-0.2438715367442918,-0.3269698400052122,-0.10989824019533614,0.0,0.0,-0.23395906074624068,-0.23395906074624068,-0.238667185252719,4.274252071325551,-0.23866718525271893,-0.22917462425705282,-0.23866718525271896,-0.22917462425705282,-0.21935622811243694,-0.2339590607462407,-0.23395906074624068,-0.23395906074624065,-0.2339590607462407,-0.23395906074624068,-0.2339590607462407,-0.2339590607462407,-0.23866718525271896,-0.2339590607462407,-0.1273859510596964,-0.2339590607462407,0.0,-0.9178883184169274,-0.8954179663265739,-0.8868985206300491,-0.21038358173377802,-0.04785449784377757,0.09470626732727662,-0.9318638876854246,-0.929534474881779,-0.9269562542525064,0.021017771693599602,90.24
2017-02-05,-1.0102063238721732,-0.42485725945944935,-0.6163519015632453,-0.5135900613379947,-0.6270427252505855,-0.5400608795270413,-0.799818679950336,-0.9384036196146367,-0.09660312425494193,-0.5082957719004567,-1.0081380724436997,-1.4385598545606761,0.6905806644271122,-0.16775375245083787,-0.1118998099965052,-0.3281793638451944,-0.37076015512233923,-0.4578689848113406,-0.34736244819198475,-0.6266540000081696,-1.9243668640267866,-0.4054382835153223,-0.38686855295323636,0.0,0.0,-1.0203998861411896,-0.038437721426822245,-0.08692120842234417,-1.3120207156093697,-0.6474357606866217,-0.9475141236871449,-0.9299785259986225,-0.9113356628756706,-0.9212871992420674,-0.8771112490032011,-0.9997956804969855,-0.9640462708478356,-0.9680068652064546,-0.7484062482700292,0.6566387355123608,0.02998760869109963,-0.1996778165033462,-0.3287443605537796,-0.21568603625950344,0.0,0.0,-0.23395906074624068,-0.23395906074624068,-0.238667185252719,4.274252071325551,-0.23866718525271893,-0.22917462425705282,-0.23866718525271896,-0.22917462425705282,-0.21935622811243694,-0.2339590607462407,-0.23395906074624068,-0.23395906074624065,-0.2339590607462407,-0.23395906074624068,-0.2339590607462407,-0.2339590607462407,-0.23866718525271896,-0.2339590607462407,-0.1273859510596964,-0.2339590607462407,0.0,-0.8216050280877837,-0.913896625066789,-0.888034654346313,0.8722148307050352,-0.23222877546829646,-0.06153592054339538,-0.9314897464573374,-0.9272702942857955,-0.9283182322008423,0.022776359597387406,93.1
2017-02-12,-1.0102063238721732,-0.42485725945944935,-0.673430737673698,-0.5817347310109209,-0.6604677212577321,-0.5930566670952534,-0.8342691297201787,-0.9301128439721092,-0.04096703404947669,-0.05845523025833105,-0.9240422290144531,-1.2557659593848933,0.4574376520117616,-0.16775375245083787,-0.1118998099965052,-0.3281793638451944,-0.37076015512233923,-0.4360729924237863,-0.34736244819198475,-0.645327924512061,-1.9243668640267866,-0.4054382835153223,-0.38686855295323636,0.0,0.0,-1.0203998861411896,-0.038437721426822245,-0.08692120842234417,-1.3120207156093697,-0.6474357606866217,-0.9475141236871449,-0.9299785259986225,-0.9113356628756706,-0.9212871992420674,-0.8771112490032011,-0.9997956804969855,-0.9640462708478356,-0.9680068652064546,-0.7996418156978862,-0.5135899186457669,0.1931193169835146,-0.12116362966299409,-0.2742971144435825,0.19834958917261328,0.0,0.0,-0.23395906074624068,-0.23395906074624068,-0.238667185252719,4.274252071325551,-0.23866718525271893,-0.22917462425705282,-0.23866718525271896,-0.22917462425705282,-0.21935622811243694,-0.2339590607462407,-0.23395906074624068,-0.23395906074624065,-0.2339590607462407,-0.23395906074624068,-0.2339590607462407,-0.2339590607462407,-0.23866718525271896,-0.2339590607462407,-0.1273859510596964,-0.2339590607462407,0.0,-0.7443096983707376,-0.8176313696656711,-0.8877505721998192,0.6930987029503666,0.8953660630003858,-0.04762083943705903,-0.9338279456503721,-0.9268962328341241,-0.9204336007051134,0.029039470437232894,91.19166666666666
2017-02-19,-1.0102063238721732,-0.42485725945944935,-0.730509573784151,-0.6498794006838471,-0.6938927172648787,-0.6460524546634655,-0.8687195794900214,-0.9218220683295819,0.014669056155988578,0.3913853113837946,-0.8399463855852065,-1.0729720642091103,0.2242946395964113,-0.16775375245083787,-0.1118998099965052,-0.3281793638451944,-0.37076015512233923,-0.41427700003623197,-0.34736244819198475,-0.6640018490159524,-1.9243668640267866,-0.4054382835153223,-0.38686855295323636,0.0,0.0,-1.0203998861411896,-0.038437721426822245,-0.08692120842234417,-1.3120207156093697,-0.6474357606866217,-0.9475141236871449,-0.9299785259986225,-0.9113356628756706,-0.9212871992420674,-0.8771112490032011,-0.9997956804969855,-0.9640462708478356,-0.9680068652064546,-0.8519609875399078,-0.5234639776779412,0.2822686039047343,-0.07812229693549294,-0.23065458376973821,0.1969931075614665,0.0,0.0,-0.23395906074624068,-0.23395906074624068,-0.238667185252719,4.274252071325551,-0.23866718525271893,-0.22917462425705282,-0.23866718525271896,-0.22917462425705282,-0.21935622811243694,-0.2339590607462407,-0.23395906074624068,-0.23395906074624065,-0.2339590607462407,-0.23395906074624068,-0.2339590607462407,-0.2339590607462407,-0.23866718525271896,-0.2339590607462407,-0.1273859510596964,-0.2339590607462407,0.0,-0.7956163034516982,-0.7403505182210585,-0.9062838187103784,-0.520021602771224,0.7088052673978185,-0.23199045629169898,-0.9255386899664824,-0.929233933463683,-0.9181703473779691,0.03246217636684859,89.28333333333333
2017-02-26,-1.0102063238721732,-0.42485725945944935,-0.7875884098946039,-0.7180240703567732,-0.7273177132720251,-0.6990482422316776,-0.903170029259864,-0.9135312926870545,0.07030514636145385,0.8412258530259205,-0.7558505421559599,-0.8901781690333272,-0.008848372818939238,-0.16775375245083787,-0.1118998099965052,-0.3281793638451944,-0.37076015512233923,-0.3924810076486792,-0.34736244819198475,-0.6826757735198437,-1.9243668640267866,-0.4054382835153223,-0.38686855295323636,0.0,0.0,-1.0203998861411896,-0.038437721426822245,-0.08692120842234417,-1.3120207156093697,-0.6474357606866217,-0.9475141236871449,-0.9299785259986225,-0.9113356628756706,-0.9212871992420674,-0.8771112490032011,-0.9997956804969855,-0.9640462708478356,-0.9680068652064546,-0.9054105912434051,-0.533764739456091,0.11865971769436975,-0.03174142318201475,-0.19544058768027373,0.19564797758153094,0.0,0.0,-0.23395906074624068,-0.23395906074624068,-0.238667185252719,4.274252071325551,-0.23866718525271893,-0.22917462425705282,-0.23866718525271896,-0.22917462425705282,-0.21935622811243694,-0.2339590607462407,-0.23395906074624068,-0.23395906074624065,-0.2339590607462407,-0.23395906074624068,-0.2339590607462407,-0.2339590607462407,-0.23866718525271896,-0.2339590607462407,-0.1273859510596964,-0.2339590607462407,0.0,-0.8480080153545909,-0.7916475130059156,-0.809734186302908,-0.5302575694511219,-0.5547363926085669,0.895575877875155,-0.9172494342825926,-0.9209464452597148,-0.9177964391188163,0.026180745249346916,87.37499999999999
2017-03-05,-1.0102063238721732,-0.42485725945944935,-0.8446672460050569,-0.7861687400296994,-0.7607427092791719,-0.7520440297998898,-0.9376204790297068,-0.9052405170445271,0.12594123656691908,1.291066394668046,-0.6717546987267133,-0.7073842738575442,-0.24199138523428967,-0.16775375245083787,-0.1118998099965052,-0.3281793638451944,-0.37076015512233923,-0.37068501526112485,-0.34736244819198475,-0.701349698023735,-1.9243668640267866,-0.4054382835153223,-0.38686855295323636,0.0,0.0,-1.17561709462006,-0.6230894344820423,-1.3236148174647708,-1.3120207156093697,-0.6474357606866217,-0.9475141236871449,-0.9299785259986225,-0.9113356628756706,-0.9212871992420674,-0.8771112490032011,-0.9997956804969855,-0.9640462708478356,-0.9680068652064546,-0.9600405568563968,-0.5445204756097358,-0.547874646106965,0.0038394472118788822,-0.1705857256680538,0.19431405733317605,0.0,0.0,-0.23395906074624068,-0.23395906074624068,4.189935029992178,-0.2339590607462407,-0.23866718525271893,-0.22917462425705282,-0.23866718525271896,-0.22917462425705282,-0.21935622811243694,-0.2339590607462407,-0.23395906074624068,-0.23395906074624065,-0.2339590607462407,-0.23395906074624068,-0.2339590607462407,-0.2339590607462407,-0.23866718525271896,-0.2339590607462407,-0.1273859510596964,-0.2339590607462407,0.0,-0.901531726452561,-0.8440294113601636,-0.7322250396432606,-0.5409358785431722,-0.5653978004421412,0.7090197983151286,-0.9089601785987029,-0.9126589570557465,-0.920133182370261,0.0005905111817266095,85.46666666666665
2017-03-12,-1.0102063238721732,-0.43068932916096697,-0.8380502438349945,-0.7034763318872721,-0.7664307548424689,-0.7510926327720173,-0.9423183054691229,-0.9148442029496975,0.007501881146213581,0.8360018983487862,0.5720433367731608,-0.2148028300154352,0.4196639711616261,-0.16775375245083787,-0.1118998099965052,-0.3281793638451944,-0.37076015512233923,-0.37068501526112335,-0.3473624481919801,-0.701349698023735,-1.9243668640267866,-0.4054382835153223,-0.38686855295323636,0.0,0.0,-1.17561709462006,-0.6230894344820423,-1.3236148174647708,-1.3120207156093697,-0.6474357606866217,-0.9475141236871449,-0.9299785259986225,-0.9113356628756706,-0.9212871992420674,-0.8771112490032011,-0.9997956804969855,-0.9640462708478356,-0.9680068652064546,-0.9573404529537881,-0.022115358653721794,-0.26741191946267573,0.004383932574924621,-0.18092645060224166,-0.49388907959703876,0.0,0.0,-0.23395906074624068,-0.23395906074624068,4.189935029992178,-0.2339590607462407,-0.23866718525271893,-0.22917462425705282,-0.23866718525271896,-0.22917462425705282,-0.21935622811243694,-0.2339590607462407,-0.23395906074624068,-0.23395906074624065,-0.2339590607462407,-0.23395906074624068,-0.2339590607462407,-0.2339590607462407,-0.23866718525271896,-0.2339590607462407,-0.1273859510596964,-0.2339590607462407,0.0,-0.9562374360211895,-0.8975430968734862,-0.7836735707820287,-0.5520858378990701,-0.5765199359241657,-0.5544899208099927,-0.9006709229148132,-0.9043714688517782,-0.9118490882107343,0.011358308330456304,85.56
2017-03-19,-1.0102063238721732,-0.43197110272174005,-0.8454727940953254,-0.7034763318872721,-0.7756273971195872,-0.7493087633447563,-0.9509748247763389,-0.920991300887394,-0.03909434005289843,-0.12172312579251372,0.1585379212771588,-0.2301960001355035,0.753077384051295,-0.16775375245083787,-0.1118998099965052,-0.3281793638451944,-0.37076015512233923,-0.9293082275643655,-0.3473624481919801,-0.7989085279414035,-1.9243668640267866,-0.4054382835153223,-0.38686855295323636,0.0,0.0,-1.17561709462006,-0.6230894344820423,-1.3236148174647708,-1.3120207156093697,-0.6474357606866217,-0.9475141236871449,-0.9299785259986225,-0.9113356628756706,-0.9212871992420674,-0.8771112490032011,-0.9997956804969855,-0.9640462708478356,-0.9680068652064546,-0.9712582028711468,-0.17354116262934327,-0.26027469600309155,0.0032009334947329542,-0.18397279169665565,-0.36187142029239305,0.0,0.0,-0.23395906074624068,-0.23395906074624068,4.189935029992178,-0.2339590607462407,-0.23866718525271893,-0.22917462425705282,-0.23866718525271896,-0.22917462425705282,-0.21935622811243694,-0.2339590607462407,-0.23395906074624068,-0.23395906074624065,-0.2339590607462407,-0.23395906074624068,-0.2339590607462407,-0.2339590607462407,-0.23866718525271896,-0.2339590607462407,-0.1273859510596964,-0.2339590607462407,0.0,-0.9535335884488215,-0.9522385594560459,-0.8362102104017413,-0.010533336223129582,-0.5881333250390852,-0.5651510591354277,-0.9102728481638069,-0.8960839806478099,-0.9035649940512075,0.011632327539131505,85.08
2017-03-26,-1.0102063238721732,-0.4265876537664931,-0.8389133310745678,-0.6801999503360703,-0.7782087187534266,-0.7432436072920688,-0.9576336857818895,-0.9113163291510182,0.0320181703533539,-0.6963581402772937,1.3006004974089693,-0.44570038181642413,-0.10636228253699977,-0.16775375245083787,-0.1118998099965052,-0.3281793638451944,-0.37076015512233923,-1.3017237024331945,-0.3473624481919801,-0.8639477478865157,-1.9243668640267866,-0.4054382835153223,-0.38686855295323636,0.0,0.0,-1.17561709462006,-0.6230894344820423,-1.3236148174647708,-1.3120207156093697,-0.6474357606866217,-0.9475141236871449,-0.9299785259986225,-0.9113356628756706,-0.9212871992420674,-0.8771112490032011,-0.9997956804969855,-0.9640462708478356,-0.9680068652064546,-0.9677714179066559,-0.014946935248482155,-0.27650037012275513,-0.1724063539069638,-0.18751024846539738,0.24880933969741048,0.0,0.0,-0.23395906074624068,-0.23395906074624068,4.189935029992178,-0.2339590607462407,-0.23866718525271893,-0.22917462425705282,-0.23866718525271896,-0.22917462425705282,-0.21935622811243694,-0.2339590607462407,-0.23395906074624068,-0.23395906074624065,-0.2339590607462407,-0.23395906074624068,-0.2339590607462407,-0.2339590607462407,-0.23866718525271896,-0.2339590607462407,-0.1273859510596964,-0.2339590607462407,0.0,-0.9674706352011769,-0.9495352183443129,-0.8898819805908045,-0.16750925452791357,-0.024072082538319935,-0.5762729134626474,-0.9164188191460761,-0.9056838585223792,-0.8952808998916807,0.011009375713723627,85.2
2017-04-02,-1.0102063238721732,-0.42492134813748805,-0.814746888366513,-0.6686842668317916,-0.7600317035837597,-0.7432436072920688,-0.9619619454354976,-0.9077082384015487,0.0039600775669498475,-0.12868839869535964,1.1036931566965853,-0.014691618454580148,-0.6935679947904462,-0.16775375245083787,-0.1118998099965052,-0.3281793638451944,-0.37076015512233923,-1.3017237024331945,-0.3473624481919801,-0.8639477478865157,-1.9243668640267866,-0.4054382835153223,-0.38686855295323636,0.0,0.0,-1.17561709462006,-0.6230894344820423,-1.3236148174647708,-1.3120207156093697,-0.6474357606866217,-0.9475141236871449,-0.9299785259986225,-0.9113356628756706,-0.9212871992420674,-0.8771112490032011,-0.9997956804969855,-0.9640462708478356,-0.9680068652064546,-0.9654496218443439,-0.025562588933144115,-0.47490950869913884,-0.37910919194111026,-0.1870553258746061,0.01426325873224813,0.0,0.0,-0.23395906074624068,-0.23395906074624068,4.189935029992178,-0.2339590607462407,-0.23866718525271893,-0.22917462425705282,-0.23866718525271896,-0.22917462425705282,-0.21935622811243694,-0.2339590607462407,-0.23395906074624068,-0.23395906074624065,-0.2339590607462407,-0.23395906074624068,-0.2339590607462407,-0.2339590607462407,-0.23866718525271896,-0.2339590607462407,-0.1273859510596964,-0.2339590607462407,0.0,-0.9639790158407148,-0.9634696545332546,-0.9447390189344782,-0.003102173123502519,-0.18757244722628316,-0.5878860090044348,-0.9067456211348008,-0.9118285190274809,-0.8869968057321539,0.0033918595389118068,85.28
2017-04-09,-1.0102063238721732,-0.4301766197366577,-0.7880872743190774,-0.6662341214053494,-0.7711141184448576,-0.7432436072920688,-1.0115704599268511,-0.9140424412554758,-0.04364106599098497,-0.2610285838494301,2.137456695436587,0.7087873771885177,-0.4148940974498275,4.017041101219027,-0.1118998099965052,-0.3281793638451944,-0.37076015512233923,-1.3017237024331945,-0.3473624481919801,-0.8639477478865157,-1.9243668640267866,-0.4054382835153223,-0.38686855295323636,0.0,0.0,-1.17561709462006,-0.6230894344820423,-1.3236148174647708,-1.3120207156093697,-0.6474357606866217,-0.9475141236871449,-0.9299785259986225,-0.9113356628756706,-0.9212871992420674,-0.8771112490032011,-0.9997956804969855,-0.9640462708478356,-0.9680068652064546,-0.9634198362695549,-0.02822345737750163,-0.47598166110614076,-0.38161841462681584,-0.18681189067279833,-0.36823057915451807,0.0,0.0,-0.23395906074624068,-0.23395906074624068,4.189935029992178,-0.2339590607462407,-0.23866718525271893,-0.22917462425705282,-0.23866718525271896,-0.22917462425705282,-0.21935622811243694,-0.2339590607462407,-0.23395906074624068,-0.23395906074624065,-0.2339590607462407,-0.23395906074624068,-0.2339590607462407,-0.2339590607462407,-0.23866718525271896,-0.2339590607462407,-0.1273859510596964,-0.2339590607462407,0.0,-0.9616540006290591,-0.9599786891918196,-0.9420276918879519,-0.014106915656179806,-0.016332055342009964,-0.0238390253237326,-0.903138191861282,-0.9021573835877938,-0.8965927520883502,0.0033506964233375913,85.35
2017-04-16,-1.0102063238721732,-0.4328683442142812,-0.7614276602716418,-0.6667241504906378,-0.7669255220666026,-0.743421994234795,-0.9296664695585763,-0.8685139385415035,0.29755509286485093,0.9282917643114932,1.8224049502967803,0.9858644393497034,-0.2622381757448563,-0.16775375245083787,-0.1118998099965052,-0.3281793638451944,-0.37076015512233923,-1.3017237024331945,-0.34736244819198475,-0.8639477478865157,-1.9243668640267866,-0.4054382835153223,-0.38686855295323636,0.0,0.0,-1.17561709462006,-0.6230894344820423,-1.3236148174647708,-1.3120207156093697,-0.6474357606866217,-0.9475141236871449,-0.9299785259986225,-0.9113356628756706,-0.9212871992420674,-0.8771112490032011,-0.9997956804969855,-0.9640462708478356,-0.9680068652064546,-0.9663200400282407,-0.07314668311412718,-0.5334863588706762,-0.41296321838526684,-0.18900954857692776,1.6104693444850566,0.0,0.0,-0.23395906074624068,-0.23395906074624068,4.189935029992178,-0.2339590607462407,-0.23866718525271893,-0.22917462425705282,-0.23866718525271896,-0.22917462425705282,-0.21935622811243694,-0.2339590607462407,-0.23395906074624068,-0.23395906074624065,-0.2339590607462407,-0.23395906074624068,-0.2339590607462407,-0.2339590607462407,-0.23866718525271896,-0.2339590607462407,-0.1273859510596964,-0.2339590607462407,0.0,-0.9596214007748395,-0.9576541094812967,-0.9560032917681144,-0.016865311230612343,-0.027794191934811422,-0.18733525691035027,-0.9094712334575952,-0.898550723509852,-0.9027348961191815,0.0011429202669970089,85.25
2017-04-23,-1.0102063238721732,-0.43051834056795985,-0.7347680462242062,-0.6696643250023686,-0.7609898919548465,-0.7407461900939036,-0.9403206471674576,-0.9086169288425786,-0.2132670421981564,-0.6684970486659104,2.482044541683255,1.4630527130717468,-0.40552690762325216,6.109438528053959,-1.1369316263859965,-0.3281793638451944,-0.37076015512233923,-0.5558164073924482,-0.3473624481919801,-0.8530132065420319,-1.9243668640267866,-0.4054382835153223,-0.38686855295323636,0.0,0.0,-1.17561709462006,-0.6230894344820423,-1.3236148174647708,-1.3120207156093697,-0.6474357606866217,-0.9475141236871449,-0.9299785259986225,-0.9113356628756706,-0.9212871992420674,-0.8771112490032011,-0.9997956804969855,-0.9640462708478356,-0.9680068652064546,-0.9489695993726973,0.1113819656915623,-0.4709507306614728,-0.4536807363825292,-0.3149513560558265,-1.6506114283072246,0.0,0.0,-0.23395906074624068,-0.23395906074624068,4.189935029992178,-0.2339590607462407,-0.23866718525271893,-0.22917462425705282,-0.23866718525271896,-0.22917462425705282,-0.21935622811243694,-0.2339590607462407,-0.23395906074624068,-0.23395906074624065,-0.2339590607462407,-0.23395906074624068,-0.2339590607462407,-0.2339590607462407,-0.23866718525271896,-0.2339590607462407,-0.1273859510596964,-0.2339590607462407,0.0,-0.9625256256399339,-0.9556218903555704,-0.9525020137726595,-0.06343507957970564,-0.030667235693649167,-0.0160991937864163,-0.8639510775429989,-0.9048824147407899,-0.8930677213805747,0.00354384878673973,85.85
2017-04-30,-1.0102063238721732,-0.4198368087766134,-0.7081084321767703,-0.651860098246583,-0.7619792409233669,-0.7363460977646217,-0.9156828614469198,-0.9105412792528146,-0.12663374633107147,-0.5849137738317607,2.63957041425316,1.7709161154730635,-0.6139468812645551,4.017041101219027,-1.1369316263859965,-0.3281793638451944,-0.37076015512233923,-0.5558164073924482,-0.3473624481919801,-0.8530132065420319,-1.9243668640267866,-0.4054382835153223,-0.38686855295323636,0.0,0.0,-1.17561709462006,-0.6230894344820423,-1.3236148174647708,-1.3120207156093697,-0.6474357606866217,-0.9475141236871449,-0.9299785259986225,-0.9113356628756706,-0.9212871992420674,-0.8771112490032011,-0.9997956804969855,-0.9640462708478356,-0.9680068652064546,-0.9193709847774785,0.22299021583876652,-0.40722859978564235,-0.5521207632809126,-0.4144365140265127,-0.198486905868254,0.0,0.0,-0.23395906074624068,-0.23395906074624068,4.189935029992178,-0.2339590607462407,-0.23866718525271893,-0.22917462425705282,-0.23866718525271896,-0.22917462425705282,-0.21935622811243694,-0.2339590607462407,-0.23395906074624068,-0.23395906074624065,-0.2339590607462407,-0.23395906074624068,-0.2339590607462407,-0.2339590607462407,-0.23866718525271896,-0.2339590607462407,-0.1273859510596964,-0.2339590607462407,0.0,-0.9451511287545806,-0.9585255712271409,-0.9501705670256722,0.1278569812138267,-0.07917260002429166,-0.02756104062957552,-0.9040467157109163,-0.85937196487999,-0.8894625383683359,0.005990330668184131,86.88332
2017-05-07,-1.0102063238721732,-0.41716661809481076,-0.6814488181293348,-0.6030203694031382,-0.7589651950406415,-0.7287050714598917,-0.9046957407877608,-0.9057305051806448,-0.12675774934760226,-0.3864034961006549,2.5731141867627323,1.2167619911506924,-0.723279550021615,5.063239814636493,-1.1369316263859965,-0.3281793638451944,-0.37076015512233923,-0.5558164073924482,-0.34736244819198475,-0.8530132065420319,-1.9243668640267866,-0.4054382835153223,-0.38686855295323636,0.0,0.0,-1.17561709462006,-0.6230894344820423,-1.3236148174647708,-1.3120207156093697,-0.6474357606866217,-0.9475141236871449,-0.9299785259986225,-0.9113356628756706,-0.9212871992420674,-0.8771112490032011,-0.9997956804969855,-0.9640462708478356,-0.9680068652064546,-0.8921150713061369,0.20164297058069108,-0.40740837851106937,-0.5282213821615604,-0.41732247791908184,0.060384088571056545,0.0,0.0,-0.23395906074624068,-0.23395906074624068,4.189935029992178,-0.2339590607462407,-0.23866718525271893,-0.22917462425705282,-0.23866718525271896,-0.22917462425705282,-0.21935622811243694,-0.2339590607462407,-0.23395906074624068,-0.23395906074624065,-0.2339590607462407,-0.23395906074624068,-0.2339590607462407,-0.2339590607462407,-0.23866718525271896,-0.2339590607462407,-0.1273859510596964,-0.2339590607462407,0.0,-0.9155114759466217,-0.9411543287777312,-0.9481323445253242,0.2435559380446452,0.12007020128825456,-0.030434011761168375,-0.905970713327499,-0.8994590536391183,-0.8957916365287439,0.005983428428908996,87.84585
2017-05-14,-1.0102063238721732,-0.410864564754343,-0.6547892040818991,-0.6076486941136878,-0.7536326523250506,-0.7276644809606563,-0.8603954483279992,-0.9041714334832849,-0.14271489927646636,-0.05555303321547855,1.1988650380409038,0.7549668875487172,-0.19271606375074177,-0.16775375245083787,-1.1369316263859965,-0.3281793638451944,-0.37076015512233923,-0.5558164073924482,-0.34736244819198475,-0.8530132065420319,-1.9243668640267866,-0.4054382835153223,-0.38686855295323636,0.0,0.0,-1.17561709462006,-0.6230894344820423,-1.3236148174647708,-1.3120207156093697,-0.6474357606866217,-0.9475141236871449,-0.9299785259986225,-0.9113356628756706,-0.9212871992420674,-0.8771112490032011,-0.9997956804969855,-0.9640462708478356,-0.9680068652064546,-0.8491917258431234,0.3444083066628758,-0.4523873269120855,-0.5117518303506817,-0.4206696514162544,-0.06466805166966944,0.0,0.0,-0.23395906074624068,-0.23395906074624068,4.189935029992178,-0.2339590607462407,-0.23866718525271893,-0.22917462425705282,-0.23866718525271896,-0.22917462425705282,-0.21935622811243694,-0.2339590607462407,-0.23395906074624068,-0.23395906074624065,-0.2339590607462407,-0.23395906074624068,-0.2339590607462407,-0.2339590607462407,-0.23866718525271896,-0.2339590607462407,-0.1273859510596964,-0.2339590607462407,0.0,-0.8882177723965633,-0.9115202278054364,-0.9510446031549883,0.22142626569234702,0.24057799535082472,-0.07893814993193678,-0.9011608212207712,-0.901382641010525,-0.8502998249435685,0.004256552996511204,89.38333333333333
2017-05-21,-1.0102063238721732,-0.40588701076000744,-0.6547892040818991,-0.5950167243531219,-0.7262743896972358,-0.717437081835655,-0.8630778595030684,-0.9068529715525553,-0.17741756682133575,-0.6615317757630647,0.7689506774855411,1.586198074032274,-0.04518282398217897,-0.16775375245083787,-0.7376573283828516,-0.3281793638451944,-0.37076015512233923,-0.3448527279869855,-0.3473624481919801,-0.8197835614172365,-0.20466346547250366,-0.4054382835153223,-0.38686855295323636,0.0,0.0,-1.17561709462006,-0.6230894344820423,-1.3236148174647708,-1.3120207156093697,-0.6474357606866217,-0.9475141236871449,-0.9299785259986225,-0.9113356628756706,-0.9212871992420674,-0.8771112490032011,-0.9997956804969855,-0.9640462708478356,-0.9680068652064546,-0.83768638688284,0.058120020249455145,-0.42763635705216857,-0.5184371332104964,-0.483173836191727,-0.2273948549454471,0.0,0.0,-0.23395906074624068,-0.23395906074624068,4.189935029992178,-0.2339590607462407,-0.23866718525271893,-0.22917462425705282,-0.23866718525271896,-0.22917462425705282,-0.21935622811243694,-0.2339590607462407,-0.23395906074624068,-0.23395906074624065,-0.2339590607462407,-0.23395906074624068,-0.2339590607462407,-0.2339590607462407,-0.23866718525271896,-0.2339590607462407,-0.1273859510596964,-0.2339590607462407,0.0,-0.8452349141013881,-0.8842316366687303,-0.9336220443515754,0.36942428944528705,0.21752853949097248,0.12029961475153671,-0.8996020353500451,-0.896573774495002,-0.8903704965015581,0.005206816248511628,89.8
2017-05-28,-0.3363351406843476,-0.39153114687934876,-0.6217036178400931,-0.5981200785502537,-0.7049442188348716,-0.7019470300509768,-0.8234942602555716,-0.898982055386256,-0.1188295824568218,-0.6780742989073235,0.34559989495392035,1.178279065850527,-0.661807366784714,-0.16775375245083787,-0.7376573283828516,-0.3281793638451944,-0.37076015512233923,-0.3448527279869855,-0.34736244819198475,-0.8197835614172365,-0.20466346547250366,-0.4054382835153223,-0.38686855295323636,0.0,0.0,-1.17561709462006,-0.6230894344820423,-1.3236148174647708,-1.3120207156093697,-0.6474357606866217,-0.9475141236871449,-0.9299785259986225,-0.9113356628756706,-0.9212871992420674,-0.8771112490032011,-0.9997956804969855,-0.9640462708478356,-0.9680068652064546,-0.8007724192204643,0.2896494385976502,-0.4189062772300182,-0.5142377945388263,-0.5704386944778691,0.17718879731365605,0.0,0.0,-0.23395906074624068,-0.23395906074624068,4.189935029992178,-0.2339590607462407,-0.23866718525271893,-0.22917462425705282,-0.23866718525271896,-0.22917462425705282,-0.21935622811243694,-0.2339590607462407,-0.23395906074624068,-0.23395906074624065,-0.2339590607462407,-0.23395906074624068,-0.2339590607462407,-0.2339590607462407,-0.23866718525271896,-0.2339590607462407,-0.1273859510596964,-0.2339590607462407,0.0,-0.8337136230921878,-0.8412568295395781,-0.9039004013384337,0.07264285933391171,0.37167785817641114,0.24080436251554516,-0.9022830818094678,-0.8950153209970284,-0.892293296090121,0.005541989944288883,91.15
2017-06-04,-0.3363351406843476,-0.39545657840921633,-0.5886180315982872,-0.5706582360743319,-0.700693718591179,-0.6822499898025177,-0.7942693516598351,-0.8968439392404816,-0.23927279633581236,-0.5213556585932926,-0.22050870959417457,0.5048278730976442,-0.7847517332585163,-0.16775375245083787,-0.7376573283828516,-0.3281793638451944,-0.37076015512233923,-0.3448527279869855,-0.34736244819198475,-0.8197835614172365,-0.20466346547250366,-0.4054382835153223,-0.38686855295323636,0.0,0.0,-1.17561709462006,-0.6230894344820423,-1.3236148174647708,-1.3120207156093697,-0.6474357606866217,-0.9475141236871449,-0.9299785259986225,-0.9113356628756706,-0.9212871992420674,-0.8771112490032011,-0.9997956804969855,-0.9640462708478356,-0.9680068652064546,-0.7300955058115458,0.597305364545945,-0.3075114996797335,-0.447051356808088,-0.4957747163096758,-0.04274056990182128,0.0,0.0,-0.23395906074624068,-0.23395906074624068,4.189935029992178,-0.2339590607462407,-0.23866718525271893,-0.22917462425705282,-0.23866718525271896,-0.22917462425705282,-0.21935622811243694,-0.2339590607462407,-0.23395906074624068,-0.23395906074624065,-0.2339590607462407,-0.23395906074624068,-0.2339590607462407,-0.2339590607462407,-0.23866718525271896,-0.2339590607462407,-0.1273859510596964,-0.2339590607462407,0.0,-0.7967484745458845,-0.8297376965959509,-0.8765311970269877,0.31265837918303624,0.0625611950611725,0.21775548931945155,-0.8944136086284246,-0.8976957957892271,-0.8874863989899703,0.009818766336078835,93.79165
2017-06-11,-0.3363351406843476,-0.3899289299283824,-0.644718702170557,-0.5472795609515761,-0.708132151980062,-0.6858922052056279,-0.7842119744685763,-0.9046948623411352,-0.1582934697313248,-0.5474754319789644,0.5178938180772544,1.3322107670511854,-0.7616996645446783,-0.16775375245083787,-0.7376573283828516,-0.3281793638451944,-0.37076015512233923,-0.3448527279869855,-0.34736244819198475,-0.8197835614172365,-0.20466346547250366,-0.4054382835153223,-0.38686855295323636,0.0,0.0,-1.17561709462006,-0.6230894344820423,-1.3236148174647708,-1.3120207156093697,-0.6474357606866217,-0.9475141236871449,-0.9299785259986225,-0.9113356628756706,-0.9212871992420674,-0.8771112490032011,-0.9997956804969855,-0.9640462708478356,-0.9680068652064546,-0.7139925653162108,0.10001444996024078,-0.2794486817939741,-0.48301352567491146,-0.5237432899433133,-0.4250677534586983,0.0,0.0,-0.23395906074624068,-0.23395906074624068,4.189935029992178,-0.2339590607462407,-0.23866718525271893,-0.22917462425705282,-0.23866718525271896,-0.22917462425705282,-0.21935622811243694,-0.2339590607462407,-0.23395906074624068,-0.23395906074624065,-0.2339590607462407,-0.23395906074624068,-0.2339590607462407,-0.2339590607462407,-0.23866718525271896,-0.2339590607462407,-0.1273859510596964,-0.2339590607462407,0.0,-0.7259735682326375,-0.7927794720319006,-0.8334294381025172,0.6315906234220517,0.3125525660299957,0.3719009112872426,-0.8922758844662527,-0.88982800057981,-0.8859285837385079,0.010896181271143803,94.40415
2017-06-18,-0.3363351406843476,-0.3765343962183035,-0.5864603134993538,-0.548137111850831,-0.7021310475177458,-0.6733159257434378,-0.7818397552353489,-0.899396302326718,-0.12699638348326747,-0.5361568635118399,0.887095081912969,1.3091210118710856,-0.7061551561199069,-0.16775375245083787,-0.43346693410955245,-0.3281793638451944,-0.37076015512233923,-0.2578840274973856,-0.3473624481919801,-0.8017770699564499,-0.12592346884553451,-0.4054382835153223,-0.38686855295323636,0.0,0.0,-1.17561709462006,-0.6230894344820423,-1.3236148174647708,-1.3120207156093697,-0.6474357606866217,-0.9475141236871449,-0.9299785259986225,-0.9113356628756706,-0.9212871992420674,-0.8771112490032011,-0.9997956804969855,-0.9640462708478356,-0.9680068652064546,-0.7362131257439103,-0.24919833054081555,-0.1538239805411791,-0.39369967458026994,-0.4870375980039513,0.07850780823809918,0.0,0.0,-0.23395906074624068,-0.23395906074624068,4.189935029992178,-0.2339590607462407,-0.23866718525271893,-0.22917462425705282,-0.23866718525271896,-0.22917462425705282,-0.21935622811243694,-0.2339590607462407,-0.23395906074624068,-0.23395906074624065,-0.2339590607462407,-0.23395906074624068,-0.2339590607462407,-0.2339590607462407,-0.23866718525271896,-0.2339590607462407,-0.1273859510596964,-0.2339590607462407,0.0,-0.7098483011552369,-0.7220178226434744,-0.8218762765103538,0.11607281910988596,0.6447407055036184,0.06279206228605004,-0.9001253682470048,-0.8876907322347439,-0.8886079607734193,0.01571928670174705,93.56
2017-06-25,-0.3363351406843476,-0.3644857247470364,-0.5282019248281505,-0.5286584557106146,-0.6980350982729319,-0.6907978461305956,-0.7879992016654832,-0.8912981829641352,-0.10248304565911912,-0.5117784083518796,0.26683695866896784,1.093616630190165,-0.6537574380275006,-0.16775375245083787,0.022818657300398937,-0.3281793638451944,-0.37076015512233923,-0.12743097676298645,-0.3473624481919801,-0.7747673327652701,-0.007813473905082122,-0.4054382835153223,-0.38686855295323636,0.0,0.0,-1.17561709462006,-0.6230894344820423,-1.3236148174647708,-1.3120207156093697,-0.6474357606866217,-0.9475141236871449,-0.9299785259986225,-0.9113356628756706,-0.9212871992420674,-0.8771112490032011,-0.9997956804969855,-0.9640462708478356,-0.9680068652064546,-0.7563907851374289,-0.23058293441957953,-0.10581650724984706,-0.3409165284116178,-0.4605753735192758,0.18472434524249717,0.0,0.0,-0.23395906074624068,-0.23395906074624068,4.189935029992178,-0.2339590607462407,-0.23866718525271893,-0.22917462425705282,-0.23866718525271896,-0.22917462425705282,-0.21935622811243694,-0.2339590607462407,-0.23395906074624068,-0.23395906074624065,-0.2339590607462407,-0.23395906074624068,-0.2339590607462407,-0.2339590607462407,-0.23866718525271896,-0.2339590607462407,-0.1273859510596964,-0.2339590607462407,0.0,-0.7320996701899779,-0.7058955760074209,-0.7848088737260014,-0.2459394368180774,0.10779624982905378,0.31277711376027334,-0.8948277796244584,-0.8955385423061178,-0.8807433877280574,0.017562436200467248,92.8
2017-07-02,-0.3363351406843476,-0.38666040734841095,-0.7802233987835777,-0.563205506223451,-0.11465492518727412,-0.6942540931459138,-0.7928826438554291,-0.8981133612718593,-0.14358417238085108,-0.3080441759436394,0.33329318615939724,0.5240693357477283,-0.570696809487164,-0.16775375245083787,0.022818657300398937,-0.3281793638451944,-0.37076015512233923,-0.12743097676298645,-0.34736244819198475,-0.7747673327652701,-0.007813473905082122,-0.4054382835153223,-0.38686855295323636,0.0,0.0,-1.17561709462006,-0.6230894344820423,-1.3236148174647708,-1.3120207156093697,-0.6474357606866217,-0.9475141236871449,-0.9299785259986225,-0.9113356628756706,-0.9212871992420674,-0.8771112490032011,-0.9997956804969855,-0.9640462708478356,-0.9680068652064546,-0.7259223458797669,0.23091626334497403,-0.2857467138840764,-0.33952470287736014,-0.4633581796390455,-0.3846234110605981,0.0,0.0,-0.23395906074624068,-0.23395906074624068,4.189935029992178,-0.2339590607462407,-0.23866718525271893,-0.22917462425705282,-0.23866718525271896,-0.22917462425705282,-0.21935622811243694,-0.2339590607462407,-0.23395906074624068,-0.23395906074624065,-0.2339590607462407,-0.23395906074624068,-0.2339590607462407,-0.2339590607462407,-0.23866718525271896,-0.2339590607462407,-0.1273859510596964,-0.2339590607462407,0.0,-0.7523053057266407,-0.7281427771139819,-0.7138381874848312,-0.22664174234317278,-0.2692624513075933,0.6449568558994384,-0.8867311449005879,-0.8902420832640645,-0.8786069946763935,0.010654381111836277,93.95
2017-07-09,-0.3602191826201186,-0.1425594504347819,-0.7883937278282752,-0.60612372360027,0.39730311830309695,-0.7044740594816348,-0.7845032996375692,-0.8813024657687027,-0.034097999714109054,-0.5535700457689545,1.1726107259459224,1.355300522231285,-0.61687412808536,-0.16775375245083787,0.022818657300398937,-0.3281793638451944,-0.37076015512233923,-0.12743097676298645,-0.3473624481919801,-0.7747673327652701,-0.007813473905082122,-0.4054382835153223,-0.38686855295323636,0.0,0.0,-1.17561709462006,-0.6230894344820423,-1.3236148174647708,-1.3120207156093697,-0.6474357606866217,-0.9475141236871449,-0.9299785259986225,-0.9113356628756706,-0.9212871992420674,-0.8771112490032011,-0.9997956804969855,-0.9640462708478356,-0.9680068652064546,-0.7376233922857154,-0.1533420373375109,-0.30346485319861,-0.33457453648720153,-0.45369875636541884,0.5156037836624886,0.0,0.0,-0.23395906074624068,-0.23395906074624068,4.189935029992178,-0.2339590607462407,-0.23866718525271893,-0.22917462425705282,-0.23866718525271896,-0.22917462425705282,-0.21935622811243694,-0.2339590607462407,-0.23395906074624068,-0.23395906074624065,-0.2339590607462407,-0.23395906074624068,-0.2339590607462407,-0.2339590607462407,-0.23866718525271896,-0.2339590607462407,-0.1273859510596964,-0.2339590607462407,0.0,-0.7217946222521728,-0.7483446279110354,-0.6976683141509111,0.25177249396278034,-0.24916267983718404,0.10802597356372516,-0.8935450737728451,-0.8821471749484329,-0.8864515907683933,0.009974129114451245,93.50668
2017-07-16,-0.3528263892397994,-0.4313686691481767,-0.7963341304323505,-0.6148629023073043,-0.08351287572822252,-0.7119070866111459,-0.7998180140642354,-0.8875832042492257,-0.13894884375432903,-0.5048131354490337,0.6901877412005869,0.9396849289895066,-0.6631246278540761,-0.16775375245083787,0.022818657300398937,-0.3281793638451944,-0.37076015512233923,-0.12743097676298645,-0.3473624481919801,-0.7747673327652701,-0.007813473905082122,-0.4054382835153223,-0.38686855295323636,0.0,0.0,-1.17561709462006,-0.6230894344820423,-1.3236148174647708,-1.3120207156093697,-0.6474357606866217,-0.9475141236871449,-0.9299785259986225,-0.9113356628756706,-0.9212871992420674,-0.8771112490032011,-0.9997956804969855,-0.9640462708478356,-0.9680068652064546,-0.7342751888970436,-0.01620972325720755,-0.32919414450747836,-0.3320601592583864,-0.44912684862014735,-0.36300226676028435,0.0,0.0,-0.23395906074624068,-0.23395906074624068,4.189935029992178,-0.2339590607462407,-0.23866718525271893,-0.22917462425705282,-0.23866718525271896,-0.22917462425705282,-0.21935622811243694,-0.2339590607462407,-0.23395906074624068,-0.23395906074624065,-0.2339590607462407,-0.23395906074624068,-0.2339590607462407,-0.2339590607462407,-0.23866718525271896,-0.2339590607462407,-0.1273859510596964,-0.2339590607462407,0.0,-0.7335118920536504,-0.7178396594259349,-0.719981235671593,-0.146569783457651,0.24913605892899585,-0.269023195962225,-0.8767372602329365,-0.8889596509179292,-0.8811573008295627,0.008986305196067081,93.63332
2017-07-23,-0.3477653607536095,-0.13634284866503238,-0.8078421904499261,-0.6071037817708469,-0.4356739966658538,-0.7193394001928861,-0.7994857369000582,-0.8929820048661048,-0.13066839364716687,-0.647601229957373,0.8083321456280148,0.831932738149045,-0.6871280517846756,-0.16775375245083787,-0.06796987500838386,-0.3281793638451944,-0.37076015512233923,-0.4675560925391429,-0.3473624481919801,-0.7614186719031729,0.007679349505316976,-0.4054382835153223,-0.38686855295323636,0.0,0.0,-1.17561709462006,-0.6230894344820423,-1.3236148174647708,-1.3120207156093697,-0.6474357606866217,-0.9475141236871449,-0.9299785259986225,-0.9113356628756706,-0.9212871992420674,-0.8771112490032011,-0.9997956804969855,-0.9640462708478356,-0.9680068652064546,-0.7360375599322719,-0.06277848293581836,-0.373351594817262,-0.3463051616343591,-0.44580621453336183,-0.3301056840215618,0.0,0.0,-0.23395906074624068,-0.23395906074624068,4.189935029992178,-0.2339590607462407,-0.23866718525271893,-0.22917462425705282,-0.23866718525271896,-0.22917462425705282,-0.21935622811243694,-0.2339590607462407,-0.23395906074624068,-0.23395906074624065,-0.2339590607462407,-0.23395906074624068,-0.2339590607462407,-0.2339590607462407,-0.23866718525271896,-0.2339590607462407,-0.1273859510596964,-0.2339590607462407,0.0,-0.730159046411115,-0.7295547344528382,-0.7402427647173407,-0.004411245303339528,-0.16576266141115123,-0.2489239325909424,-0.8830168472575382,-0.8721554212309126,-0.8730657076895182,0.007290969515529716,93.56664
2017-07-30,-0.37244542368703987,-0.29765405128832695,-0.7871280967001649,-0.6250711882120336,-0.5469154747067482,-0.7119070866111459,-0.788165673190622,-0.8894273377086714,-0.1284468456365587,-0.6406359570545272,1.467971737014495,1.6015912441523397,-0.7980707062931782,-0.16775375245083787,-0.06796987500838386,-0.3281793638451944,-0.37076015512233923,-0.4675560925391429,-0.3473624481919801,-0.7614186719031729,0.007679349505316976,-0.4054382835153223,-0.38686855295323636,0.0,0.0,-1.17561709462006,-0.6230894344820423,-1.3236148174647708,-1.3120207156093697,-0.6474357606866217,-0.9475141236871449,-0.9299785259986225,-0.9113356628756706,-0.9212871992420674,-0.8771112490032011,-0.9997956804969855,-0.9640462708478356,-0.9680068652064546,-0.7342741320625759,-0.030650571617146828,-0.4921314100656227,-0.4969255591278269,-0.44610257454778557,0.010962547483217032,0.0,0.0,-0.23395906074624068,-0.23395906074624068,4.189935029992178,-0.2339590607462407,-0.23866718525271893,-0.22917462425705282,-0.23866718525271896,-0.22917462425705282,-0.21935622811243694,-0.2339590607462407,-0.23395906074624068,-0.23395906074624065,-0.2339590607462407,-0.23395906074624068,-0.2339590607462407,-0.2339590607462407,-0.23866718525271896,-0.2339590607462407,-0.1273859510596964,-0.2339590607462407,0.0,-0.7319238609579218,-0.7262025168354735,-0.7096476815633441,-0.052686860310419956,-0.01769553695828343,0.24936220975570286,-0.8884146581053072,-0.8784336692880117,-0.8798753936886847,0.002730659590353491,93.63336
2017-08-06,-0.3845583861550656,-0.1298314389763049,-0.8003616407270958,-0.6222133385866313,-0.6656903981367364,-0.7217183684610813,-0.7901633314922873,-0.8938372309337304,-0.204820490057625,-0.5640179551232232,0.4243628312388746,0.9088985887493756,-0.7102533016690337,-0.16775375245083787,-0.06796987500838386,-0.3281793638451944,-0.37076015512233923,-0.4675560925391429,-0.3473624481919801,-0.7614186719031729,0.007679349505316976,-0.4054382835153223,-0.38686855295323636,0.0,0.0,-1.17561709462006,-0.6230894344820423,-1.3236148174647708,-1.3120207156093697,-0.6474357606866217,-0.9475141236871449,-0.9299785259986225,-0.9113356628756706,-0.9212871992420674,-0.8771112490032011,-0.9997956804969855,-0.9640462708478356,-0.9680068652064546,-0.7307542088645684,-0.014644971847737156,-0.5374516593765201,-0.5102281673536081,-0.4648757022499313,-0.2925545661807423,0.0,0.0,-0.23395906074624068,-0.23395906074624068,4.189935029992178,-0.2339590607462407,-0.23866718525271893,-0.22917462425705282,-0.23866718525271896,-0.22917462425705282,-0.21935622811243694,-0.2339590607462407,-0.23395906074624068,-0.23395906074624065,-0.2339590607462407,-0.23395906074624068,-0.2339590607462407,-0.2339590607462407,-0.23866718525271896,-0.2339590607462407,-0.1273859510596964,-0.2339590607462407,0.0,-0.7301579881113557,-0.7279670008129446,-0.721397364070916,-0.019381384955142546,-0.06797764866326596,-0.16552602242154274,-0.8848606426296082,-0.8838303291853629,-0.8630780459785663,0.0009906806022417184,93.76668
2017-08-13,-0.38950528304086246,-0.18439653945841591,-0.8497019215692351,-0.6075120985061636,-0.5768008988823865,-0.7478821137703043,-0.8060613621430398,-0.8903293196146708,-0.1559041000268685,-0.3515771315864258,0.6040407796389198,0.7549668875487144,-0.6036283362212181,-0.16775375245083787,-0.06796987500838386,-0.3281793638451944,-0.37076015512233923,-0.4675560925391429,-0.34736244819198475,-0.7614186719031729,0.007679349505316976,-0.4054382835153223,-0.38686855295323636,0.0,0.0,-1.17561709462006,-0.6230894344820423,-1.3236148174647708,-1.3120207156093697,-0.6474357606866217,-0.9475141236871449,-0.9299785259986225,-0.9113356628756706,-0.9212871992420674,-0.8771112490032011,-0.9997956804969855,-0.9640462708478356,-0.9680068652064546,-0.7532830682508423,-0.2520076233756635,-0.4363532643131801,-0.5096148397639573,-0.4455564435382081,0.009239477391784214,0.0,0.0,-0.23395906074624068,-0.23395906074624068,4.189935029992178,-0.2339590607462407,-0.23866718525271893,-0.22917462425705282,-0.23866718525271896,-0.22917462425705282,-0.21935622811243694,-0.2339590607462407,-0.23395906074624068,-0.23395906074624065,-0.2339590607462407,-0.23395906074624068,-0.2339590607462407,-0.2339590607462407,-0.23866718525271896,-0.2339590607462407,-0.1273859510596964,-0.2339590607462407,0.0,-0.7266331845715146,-0.7262014587339456,-0.7180352436739171,-0.002789142048996797,-0.033287885892641846,-0.017462640935441243,-0.88926972738323,-0.880277071516062,-0.8693537228521662,0.004872148286483625,92.91665
2017-08-20,-0.40554188179803685,-0.028250884285036977,-0.8481200552765448,-0.6095544172263745,-0.627256026959209,-0.7458006057291048,-0.813135736075337,-0.8961356688323231,-0.23775462264456756,-0.5988443196374523,0.5228165015950648,0.47788982538752883,-0.6200940995882452,-0.16775375245083787,-0.353026342042414,-0.3281793638451944,-0.37076015512233923,-0.6380491885484549,-0.3473624481919801,-0.7748241355774493,0.07839953166102004,-0.4054382835153223,-0.38686855295323636,0.0,0.0,-1.17561709462006,-0.6230894344820423,-1.3236148174647708,-1.3120207156093697,-0.6474357606866217,-0.9475141236871449,-0.9299785259986225,-0.9113356628756706,-0.9212871992420674,-0.8771112490032011,-0.9997956804969855,-0.9640462708478356,-0.9680068652064546,-0.7590580344795318,-0.09934219686549924,-0.438100157994399,-0.5269742888942421,-0.46341644687404715,-0.34595301483201313,0.0,0.0,-0.23395906074624068,-0.23395906074624068,4.189935029992178,-0.2339590607462407,-0.23866718525271893,-0.22917462425705282,-0.23866718525271896,-0.22917462425705282,-0.21935622811243694,-0.2339590607462407,-0.23395906074624068,-0.23395906074624065,-0.2339590607462407,-0.23395906074624068,-0.2339590607462407,-0.2339590607462407,-0.23866718525271896,-0.2339590607462407,-0.1273859510596964,-0.2339590607462407,0.0,-0.7491932800185613,-0.7226773154288963,-0.719804940110122,-0.24885169688841724,-0.016006013644703387,-0.06774348156641766,-0.8857624591740964,-0.8846852161407904,-0.8747481726101992,0.004805079849173523,92.7
2017-08-27,-0.405940062897166,0.04032400121632396,-0.8585917201368408,-0.6115958783956863,-0.642066584727555,-0.7271292012078495,-0.8061445979056091,-0.897017647477335,-0.3224027315331564,-0.42122986061488393,0.3554452619895392,0.8011463979089138,-0.5568655682588611,-0.16775375245083787,-0.4242904588009219,-0.3281793638451944,-0.37076015512233923,-0.6806724625507833,-0.3473624481919801,-0.7781755014960183,0.09607957719994613,-0.4054382835153223,-0.38686855295323636,0.0,0.0,-1.17561709462006,-0.6230894344820423,-1.3236148174647708,-1.3120207156093697,-0.6474357606866217,-0.9475141236871449,-0.9299785259986225,-0.9113356628756706,-0.9212871992420674,-0.8771112490032011,-0.9997956804969855,-0.9640462708478356,-0.9680068652064546,-0.7462813836126472,0.06970451423083678,-0.4046854837635404,-0.5784357578948663,-0.5846309674961995,-0.1581813753365222,0.0,0.0,-0.23395906074624068,-0.23395906074624068,4.189935029992178,-0.2339590607462407,-0.23866718525271893,-0.22917462425705282,-0.23866718525271896,-0.22917462425705282,-0.21935622811243694,-0.2339590607462407,-0.23395906074624068,-0.23395906074624065,-0.2339590607462407,-0.23395906074624068,-0.2339590607462407,-0.2339590607462407,-0.23866718525271896,-0.2339590607462407,-0.1273859510596964,-0.2339590607462407,0.0,-0.7549762531859504,-0.7452331851198825,-0.7180341824466535,-0.09059072094746909,-0.2722957546875567,-0.033054595713135335,-0.8915677439062256,-0.88117869577035,-0.8711963701362658,0.006087968446220886,93.17999999999999
2017-09-03,-0.4079872664916606,-0.17811584901062769,-0.854017357767102,-0.6075120985061636,-0.6903337473432021,-0.6983052606152235,-0.7935759977576321,-0.8960086858478175,-0.24027363245575037,-0.22533156022234538,0.4071334389265394,0.6780010369483866,-0.5260562954698905,-0.16775375245083787,-0.4242904588009219,-0.3281793638451944,-0.37076015512233923,-0.6806724625507833,-0.34736244819198475,-0.7781755014960183,0.09607957719994613,-0.4054382835153223,-0.38686855295323636,0.0,0.0,-1.17561709462006,-0.6230894344820423,-1.3236148174647708,-1.3120207156093697,-0.6474357606866217,-0.9475141236871449,-0.9299785259986225,-0.9113356628756706,-0.9212871992420674,-0.8771112490032011,-0.9997956804969855,-0.9640462708478356,-0.9680068652064546,-0.7289945417196773,0.11080243876474694,-0.3708185754481641,-0.5637476493258049,-0.5832029585552738,-0.08593701497866735,0.0,0.0,-0.23395906074624068,-0.23395906074624068,4.189935029992178,-0.2339590607462407,-0.23866718525271893,-0.22917462425705282,-0.23866718525271896,-0.22917462425705282,-0.21935622811243694,-0.2339590607462407,-0.23395906074624068,-0.23395906074624065,-0.2339590607462407,-0.23395906074624068,-0.2339590607462407,-0.2339590607462407,-0.23866718525271896,-0.2339590607462407,-0.1273859510596964,-0.2339590607462407,0.0,-0.7421818876076324,-0.7510150750722662,-0.7144996284766257,0.08465195245463497,-0.10745692105208304,-0.015773160331069184,-0.89244956085695,-0.8869827426682764,-0.8756027094566133,0.007388219653067036,93.8334
2017-09-10,-0.3949789936516426,-0.09880610993779215,-0.8468243887124975,-0.6044494167231108,-0.5971765445986598,-0.6741485467986119,-0.7776221991459581,-0.8990154961079885,-0.24941011080751593,-0.41687656505060533,-0.9342978196765557,0.40862055984723245,0.27674114513583087,-0.16775375245083787,-0.4242904588009219,-0.3281793638451944,-0.37076015512233923,-0.6806724625507833,-0.34736244819198475,-0.7781755014960183,0.09607957719994613,-0.4054382835153223,-0.38686855295323636,0.0,0.0,-1.236462130849538,0.05871453739864437,-1.0369614018423763,-1.3120207156093697,-0.6474357606866217,-0.9475141236871449,-0.9299785259986225,-0.9113356628756706,-0.9212871992420674,-0.8771112490032011,-0.9997956804969855,-0.9640462708478356,-0.9680068652064546,-0.7103919807059945,0.12279158175628467,-0.44451500327309906,-0.5462723833652667,-0.5894629990637964,-0.23941675669316784,0.0,0.0,-0.23395906074624068,-0.23395906074624068,-0.238667185252719,-0.2339590607462407,-0.23866718525271893,4.363484845854286,-0.23866718525271896,-0.22917462425705282,-0.21935622811243694,-0.2339590607462407,-0.23395906074624068,-0.23395906074624065,-0.2339590607462407,-0.23395906074624068,-0.2339590607462407,-0.2339590607462407,-0.23866718525271896,-0.2339590607462407,-0.1273859510596964,-0.2339590607462407,0.0,-0.7248710776639646,-0.7382231060205059,-0.7371221304190059,0.12725621325268158,0.07506942642566533,-0.2720564226637644,-0.8914407842016749,-0.8878643715932221,-0.872097625140823,0.00455879488457951,94.54165
2017-09-17,-0.388197631744879,0.3336322451280323,-0.8216508958133085,-0.5928111034402387,-0.025315452067601982,-0.6726616024375184,-0.7459931087841671,-0.8904696279111595,-0.17674625740815242,0.9822726293085484,-0.03836941943522333,0.43171031502733215,0.6345238878087,-0.16775375245083787,-0.33584485635817235,-0.3281793638451944,-0.37076015512233923,-0.6195360493353228,-0.3473624481919801,-0.7759885932271215,0.12943471465998146,-0.4054382835153223,-0.38686855295323636,0.0,0.0,-1.236462130849538,0.05871453739864437,-1.0369614018423763,-1.3120207156093697,-0.6474357606866217,-0.9475141236871449,-0.9299785259986225,-0.9113356628756706,-0.9212871992420674,-0.8771112490032011,-0.9997956804969855,-0.9640462708478356,-0.9680068652064546,-0.6708059491940747,0.31399791470502936,-0.43748675209088383,-0.48973627498323263,-0.5696210031686352,0.2017222503978841,0.0,0.0,-0.23395906074624068,-0.23395906074624068,-0.238667185252719,-0.2339590607462407,-0.23866718525271893,4.363484845854286,-0.23866718525271896,-0.22917462425705282,-0.21935622811243694,-0.2339590607462407,-0.23395906074624068,-0.23395906074624065,-0.2339590607462407,-0.23395906074624068,-0.2339590607462407,-0.2339590607462407,-0.23866718525271896,-0.2339590607462407,-0.1273859510596964,-0.2339590607462407,0.0,-0.7062427243668649,-0.7209155385835112,-0.7429211006414088,0.1396847867280913,0.11944446339290839,-0.1072217559645933,-0.8944470432194263,-0.8868558100347604,-0.8778992950588216,0.004828630323840557,96.06664
2017-09-24,-0.38376202395680725,0.9302978376679101,-0.7842509090783231,-0.5703520904032978,0.2586167585927118,-0.6786079527863503,-0.6821792461096723,-0.8910576136745006,-0.22324696787750747,-0.5605353186718003,-0.17620455793389064,0.37013763454706716,-0.02996114051399392,-0.16775375245083787,0.01793755341283021,-0.3281793638451944,-0.37076015512233923,-0.37499039647347887,-0.3473624481919801,-0.7672409601515344,0.2628552645001228,-0.4054382835153223,-0.38686855295323636,0.0,0.0,-1.236462130849538,0.05871453739864437,-1.0369614018423763,-1.3120207156093697,-0.6474357606866217,-0.9475141236871449,-0.9299785259986225,-0.9113356628756706,-0.9212871992420674,-0.8771112490032011,-0.9997956804969855,-0.9640462708478356,-0.9680068652064546,-0.6080857007589558,0.5248023564153416,-0.3381580117870018,-0.3991000033738726,-0.5031452433449415,-0.14688401143663662,0.0,0.0,-0.23395906074624068,-0.23395906074624068,-0.238667185252719,-0.2339590607462407,-0.23866718525271893,4.363484845854286,-0.23866718525271896,-0.22917462425705282,-0.21935622811243694,-0.2339590607462407,-0.23395906074624068,-0.23395906074624065,-0.2339590607462407,-0.23395906074624068,-0.2339590607462407,-0.2339590607462407,-0.23866718525271896,-0.2339590607462407,-0.1273859510596964,-0.2339590607462407,0.0,-0.6666018071785396,-0.7022906745835658,-0.7300913428584066,0.33789928460291613,0.1323896101244928,0.07529997745682683,-0.8859027417476834,-0.8898614280417075,-0.8787805629228912,0.008642155705370368,98.53335999999999
2017-10-01,-0.3852404461526315,0.926875502260646,-0.7297037955372855,-0.5625924798377552,0.3410102006808654,-0.6860409799158613,-0.675519719218021,-0.8932492043890211,-0.18701715864834384,-0.5675005915746462,-0.3632665316106504,0.27777861382667374,-0.5963834003397261,-0.16775375245083787,0.01793755341283021,-0.3281793638451944,-0.37076015512233923,-0.37499039647347887,-0.3473624481919801,-0.7672409601515344,0.2628552645001228,-0.4054382835153223,-0.38686855295323636,0.0,0.0,-1.236462130849538,0.05871453739864437,-1.0369614018423763,-1.3120207156093697,-0.6474357606866217,-0.9475141236871449,-0.9299785259986225,-0.9113356628756706,-0.9212871992420674,-0.8771112490032011,-0.9997956804969855,-0.9640462708478356,-0.9680068652064546,-0.5510033395858238,0.4734285977688147,-0.3539931026249754,-0.36378837274355535,-0.4720928427815532,-0.2080321002673269,0.0,0.0,-0.23395906074624068,-0.23395906074624068,-0.238667185252719,-0.2339590607462407,-0.23866718525271893,4.363484845854286,-0.23866718525271896,-0.22917462425705282,-0.21935622811243694,-0.2339590607462407,-0.23395906074624068,-0.23395906074624065,-0.2339590607462407,-0.23395906074624068,-0.2339590607462407,-0.2339590607462407,-0.23866718525271896,-0.2339590607462407,-0.1273859510596964,-0.2339590607462407,0.0,-0.603794597683466,-0.6626571825786335,-0.7127326471696407,0.55643020833855,0.33884256825308817,0.11967389267412551,-0.8864906197148328,-0.8813189484321281,-0.8777724144090899,0.008034199532316167,100.83336
2017-10-08,-0.3846721765548596,1.0138053851522777,-0.7317463777984599,-0.5447277344899364,0.29911932168502864,-0.699940622912665,-0.6590112374845847,-0.8859194773663217,-0.1161465025571574,-0.5387688408504071,0.30867976857034923,0.6010351863480587,-0.722547738316414,-0.16775375245083787,0.01793755341283021,-0.3281793638451944,-0.37076015512233923,-0.37499039647347887,-0.34736244819198475,-0.7672409601515344,0.2628552645001228,-0.4054382835153223,-0.38686855295323636,0.0,0.0,-1.236462130849538,0.05871453739864437,-1.0369614018423763,-1.3120207156093697,-0.6474357606866217,-0.9475141236871449,-0.9299785259986225,-0.9113356628756706,-0.9212871992420674,-0.8771112490032011,-0.9997956804969855,-0.9640462708478356,-0.9680068652064546,-0.5215350281464313,0.22180286274580321,-0.40117826170819487,-0.43618080610236654,-0.4723524232404475,0.1545823192886962,0.0,0.0,-0.23395906074624068,-0.23395906074624068,-0.238667185252719,-0.2339590607462407,-0.23866718525271893,4.363484845854286,-0.23866718525271896,-0.22917462425705282,-0.21935622811243694,-0.2339590607462407,-0.23395906074624068,-0.23395906074624065,-0.2339590607462407,-0.23395906074624068,-0.2339590607462407,-0.2339590607462407,-0.23866718525271896,-0.2339590607462407,-0.1273859510596964,-0.2339590607462407,0.0,-0.5466330923303254,-0.5998617375704078,-0.6940527634946737,0.5031734797719629,0.5664563711359007,0.13261871216727544,-0.8886818086421888,-0.8819067010487585,-0.8807768015001264,0.006222621118607578,102.04165
2017-10-15,-0.39320236213222026,0.29987032953726883,-0.7249858154508816,-0.5393165883156387,0.20730712532316845,-0.7125014719043093,-0.6605379478416322,-0.8905498040805819,-0.12695108247868148,-0.18441058191812615,0.020702782778491483,0.6010351863480561,-0.6253631438656939,-0.16775375245083787,0.01793755341283021,-0.3281793638451944,-0.37076015512233923,-0.37499039647347887,-0.3473624481919801,-0.7672409601515344,0.2628552645001228,-0.4054382835153223,-0.38686855295323636,0.0,0.0,-1.236462130849538,0.05871453739864437,-1.0369614018423763,-1.3120207156093697,-0.6474357606866217,-0.9475141236871449,-0.9299785259986225,-0.9113356628756706,-0.9212871992420674,-0.8771112490032011,-0.9997956804969855,-0.9640462708478356,-0.9680068652064546,-0.5209282811831311,-0.04119052088446917,-0.2626736287797087,-0.4510869778495267,-0.47422868120936074,-0.30065758265779813,0.0,0.0,-0.23395906074624068,-0.23395906074624068,-0.238667185252719,-0.2339590607462407,-0.23866718525271893,4.363484845854286,-0.23866718525271896,-0.22917462425705282,-0.21935622811243694,-0.2339590607462407,-0.23395906074624068,-0.23395906074624065,-0.2339590607462407,-0.23395906074624068,-0.2339590607462407,-0.2339590607462407,-0.23866718525271896,-0.2339590607462407,-0.1273859510596964,-0.2339590607462407,0.0,-0.5171239233423456,-0.5427109392011205,-0.6543021902670231,0.24232506564888134,0.5109861140623386,0.3390664514023187,-0.8813534253878388,-0.8840974227589624,-0.872237820363754,0.011540225384163818,102.06667999999999
2017-10-22,-0.39568954389923183,0.12122634393842012,-0.7310282892151347,-0.5406445671367704,0.2034739081394547,-0.7541992413795925,-0.6576245296801786,-0.8876567126649852,-0.17869990704836286,0.1925848139484039,-0.6512435174025082,0.38937909719715114,-0.22637940218999725,-0.16775375245083787,0.37132947487282675,-0.3281793638451944,-0.37076015512233923,0.5571246360016804,-0.34736244819198475,-0.7466499407365971,0.5061837262987416,-0.4054382835153223,-0.38686855295323636,0.0,0.0,-1.236462130849538,0.05871453739864437,-1.0369614018423763,-1.3120207156093697,-0.6474357606866217,-0.9475141236871449,-0.9299785259986225,-0.9113356628756706,-0.9212871992420674,-0.8771112490032011,-0.9997956804969855,-0.9640462708478356,-0.9680068652064546,-0.5235553583062379,-0.07065788878317715,-0.26872390707923965,-0.4249337878928184,-0.47080363327228264,-0.014361368988247077,0.0,0.0,-0.23395906074624068,-0.23395906074624068,-0.238667185252719,-0.2339590607462407,-0.23866718525271893,4.363484845854286,-0.23866718525271896,-0.22917462425705282,-0.21935622811243694,-0.2339590607462407,-0.23395906074624068,-0.23395906074624065,-0.2339590607462407,-0.23395906074624068,-0.2339590607462407,-0.2339590607462407,-0.23866718525271896,-0.2339590607462407,-0.1273859510596964,-0.2339590607462407,0.0,-0.5165163351298416,-0.5132072976077382,-0.5913212413551345,-0.030307648324298084,0.23929596376429182,0.5666745004697392,-0.8859829032183048,-0.8767706021021184,-0.8728253322731336,0.011307937228792149,101.95835
2017-10-29,-0.3996587020349746,-0.4068057860483696,-0.7351039310082735,-0.505422746573492,-0.7135998166910724,-0.6664184162159905,-0.6527690547064562,-0.8798592131563678,-0.08673128013387998,1.6613867373360154,-0.058060153506459274,0.339351294306936,0.18021518121979202,-0.16775375245083787,0.37132947487282675,-0.3281793638451944,-0.37076015512233923,0.5571246360016804,-0.3473624481919801,-0.7466499407365971,0.5061837262987416,-0.4054382835153223,-0.38686855295323636,0.0,0.0,-1.236462130849538,0.05871453739864437,-1.0369614018423763,-1.3120207156093697,-0.6474357606866217,-0.9475141236871449,-0.9299785259986225,-0.9113356628756706,-0.9212871992420674,-0.8771112490032011,-0.9997956804969855,-0.9640462708478356,-0.9680068652064546,-0.5225449869842925,-0.037512600517970236,-0.40541962689786837,-0.40596392058387876,-0.46918062613512085,0.17153372578100093,0.0,0.0,-0.23395906074624068,-0.23395906074624068,-0.238667185252719,-0.2339590607462407,-0.23866718525271893,4.363484845854286,-0.23866718525271896,-0.22917462425705282,-0.21935622811243694,-0.2339590607462407,-0.23395906074624068,-0.23395906074624065,-0.2339590607462407,-0.23395906074624068,-0.2339590607462407,-0.2339590607462407,-0.23866718525271896,-0.2339590607462407,-0.1273859510596964,-0.2339590607462407,0.0,-0.5191470546717352,-0.5125998232032443,-0.5340016139219946,-0.06085506504245069,-0.04466828146430591,0.5112056456205366,-0.8830903421969047,-0.8813990928102872,-0.875015156798731,0.006059782510630943,102.0
2017-11-05,-0.4036278601707173,-0.09880610993779215,-0.7391795728014123,-0.5237985922572665,-0.25835906848322054,-0.7471382402191366,-0.6451391652947709,-0.8857858164328115,-0.17106714633543102,1.8947233795813503,-1.118898451594413,-0.49572818470663926,1.2529779598742377,-0.16775375245083787,0.37132947487282675,-0.3281793638451944,-0.37076015512233923,0.5571246360016804,-0.34736244819198475,-0.7466499407365971,0.5061837262987416,-0.4054382835153223,-0.38686855295323636,0.0,0.0,-1.236462130849538,0.05871453739864437,-1.0369614018423763,-1.3120207156093697,-0.6474357606866217,-0.9475141236871449,-0.9299785259986225,-0.9113356628756706,-0.9212871992420674,-0.8771112490032011,-0.9997956804969855,-0.9640462708478356,-0.9680068652064546,-0.5094427486044375,0.07267134445151899,-0.49046231971165094,-0.40260867300282177,-0.5071093564859347,-0.3493727068401751,0.0,0.0,-0.23395906074624068,-0.23395906074624068,-0.238667185252719,-0.2339590607462407,-0.23866718525271893,4.363484845854286,-0.23866718525271896,-0.22917462425705282,-0.21935622811243694,-0.2339590607462407,-0.23395906074624068,-0.23395906074624065,-0.2339590607462407,-0.23395906074624068,-0.2339590607462407,-0.2339590607462407,-0.23866718525271896,-0.2339590607462407,-0.1273859510596964,-0.2339590607462407,0.0,-0.5181352824790456,-0.5152300499821939,-0.5044108156775666,-0.026494923466149164,-0.07648535141764615,0.23952236333729765,-0.8752942722139724,-0.8785071485563899,-0.8676913367561035,0.002794740926827355,102.54165
2017-11-12,-0.4033244191046,-0.10643907149219597,-0.7307395002247735,-0.5307415693521761,-0.0280946805910944,-0.7776127059993357,-0.6255795934485912,-0.8877969801801062,-0.17819190043672603,1.3479494567079537,-1.1016690592820795,-0.5072730622966891,1.9591030742228797,-0.16775375245083787,0.37132947487282675,-0.3281793638451944,-0.37076015512233923,0.5571246360016804,-0.3473624481919801,-0.7466499407365971,0.5061837262987416,-0.4054382835153223,-0.38686855295323636,0.0,0.0,-1.236462130849538,0.05871453739864437,-1.0369614018423763,-1.3120207156093697,-0.6474357606866217,-0.9475141236871449,-0.9299785259986225,-0.9113356628756706,-0.9212871992420674,-0.8771112490032011,-0.9997956804969855,-0.9640462708478356,-0.9680068652064546,-0.5000095728611056,0.03923798021619023,-0.48656313127035045,-0.40504623376382093,-0.5215414742170468,-0.2009495765123774,0.0,0.0,-0.23395906074624068,-0.23395906074624068,-0.238667185252719,-0.2339590607462407,-0.23866718525271893,4.363484845854286,-0.23866718525271896,-0.22917462425705282,-0.21935622811243694,-0.2339590607462407,-0.23395906074624068,-0.23395906074624065,-0.2339590607462407,-0.23395906074624068,-0.2339590607462407,-0.2339590607462407,-0.23866718525271896,-0.2339590607462407,-0.1273859510596964,-0.2339590607462407,0.0,-0.5050148779636009,-0.5142184673056563,-0.5038015467340995,0.08772752402908707,-0.04069708695565615,-0.04443470360147625,-0.8812197889585606,-0.8707127408936569,-0.8723179319197149,0.002944442353048763,102.9334
2017-11-19,-0.40258503740638835,-0.3698435382310679,-0.7583589823609133,-0.5326193608070013,-0.6381778163597259,-0.7379515802491564,-0.6277976600495402,-0.8930353876767727,-0.21848295639748264,-0.6684970486659104,-0.15651382386265122,-1.015247676258861,0.8268440039355762,-0.16775375245083787,0.4211167345260311,-0.3281793638451944,-0.37076015512233923,0.8994024423840146,-0.3473624481919801,-0.7453718774625664,0.5892981671827635,-0.4054382835153223,-0.38686855295323636,0.0,0.0,-1.236462130849538,0.05871453739864437,-1.0369614018423763,-1.3120207156093697,-0.6474357606866217,-0.9475141236871449,-0.9299785259986225,-0.9113356628756706,-0.9212871992420674,-0.8771112490032011,-0.9997956804969855,-0.9640462708478356,-0.9680068652064546,-0.4984094440554266,-0.03213859120891545,-0.5006255111562147,-0.46876482747676806,-0.5137177883509644,-0.3240101346107189,0.0,0.0,-0.23395906074624068,-0.23395906074624068,-0.238667185252719,-0.2339590607462407,-0.23866718525271893,4.363484845854286,-0.23866718525271896,-0.22917462425705282,-0.21935622811243694,-0.2339590607462407,-0.23395906074624068,-0.23395906074624065,-0.2339590607462407,-0.23395906074624068,-0.2339590607462407,-0.2339590607462407,-0.23866718525271896,-0.2339590607462407,-0.1273859510596964,-0.2339590607462407,0.0,-0.4955686232070022,-0.5011005203874779,-0.5064395434609322,0.053068747816124154,0.07827282908434896,-0.07625096925584819,-0.8832305839966005,-0.8766369941675223,-0.8694271720279643,0.0024045458190205178,103.0
2017-11-26,-0.39735306742005816,-0.25179219328386554,-0.7692911905722455,-0.5315574677791814,-0.06294317182703847,-0.7722610977175528,-0.6285754150149886,-0.8860063110940644,-0.1730274176328205,-0.21227167352950943,-0.8456895163559843,-0.2917686806157658,-0.13329295328840404,-0.16775375245083787,0.4543082409614993,-0.3281793638451944,-0.37076015512233923,1.127587646638904,-0.3473624481919801,-0.7445198352798795,0.6447077944387789,-0.4054382835153223,-0.38686855295323636,0.0,0.0,-1.236462130849538,0.05871453739864437,-1.0369614018423763,-1.3120207156093697,-0.6474357606866217,-0.9475141236871449,-0.9299785259986225,-0.9113356628756706,-0.9212871992420674,-0.8771112490032011,-0.9997956804969855,-0.9640462708478356,-0.9680068652064546,-0.4928108990591869,0.004295920301667155,-0.5111312962940313,-0.583970337709964,-0.5087147737314988,0.14312709510165333,0.0,0.0,-0.23395906074624068,-0.23395906074624068,-0.238667185252719,-0.2339590607462407,-0.23866718525271893,4.363484845854286,-0.23866718525271896,-0.22917462425705282,-0.21935622811243694,-0.2339590607462407,-0.23395906074624068,-0.23395906074624065,-0.2339590607462407,-0.23395906074624068,-0.2339590607462407,-0.2339590607462407,-0.23866718525271896,-0.2339590607462407,-0.1273859510596964,-0.2339590607462407,0.0,-0.4939662758371357,-0.4916560350191507,-0.50542497246995,-0.020923943988944965,0.042173517727205324,-0.04046360948006048,-0.8884680311292352,-0.8786473604529706,-0.8616359564742698,0.0020011975217060474,103.23335999999999
2017-12-03,-0.3953342687754372,-0.1289918772939986,-0.7655509157108303,-0.5219609831874348,0.38489628531119296,-0.7249888254755504,-0.6031741908801641,-0.8843826824912135,-0.189894891882748,2.5085380541446383,-2.054208319978224,-0.43800379675639,0.8764608375482181,-0.16775375245083787,0.4543082409614993,-0.3281793638451944,-0.37076015512233923,1.1275876466389025,-0.34736244819198475,-0.7445198352798795,0.6447077944387789,-0.4054382835153223,-0.38686855295323636,0.0,0.0,-1.236462130849538,0.05871453739864437,-1.0369614018423763,-1.3120207156093697,-0.6474357606866217,-0.9475141236871449,-0.9299785259986225,-0.9113356628756706,-0.9212871992420674,-0.8771112490032011,-0.9997956804969855,-0.9640462708478356,-0.9680068652064546,-0.4547641766540012,0.29997136701846033,-0.38886939675068827,-0.5526449789268266,-0.5014102782275545,-0.06280231162537547,0.0,0.0,-0.23395906074624068,-0.23395906074624068,-0.238667185252719,-0.2339590607462407,-0.23866718525271893,4.363484845854286,-0.23866718525271896,-0.22917462425705282,-0.21935622811243694,-0.2339590607462407,-0.23395906074624068,-0.23395906074624065,-0.2339590607462407,-0.23395906074624068,-0.2339590607462407,-0.2339590607462407,-0.23866718525271896,-0.2339590607462407,-0.1273859510596964,-0.2339590607462407,0.0,-0.4883599685086473,-0.49005398778671605,-0.49226827384993965,0.016845978654362923,-0.03489455886071915,0.0785032991371722,-0.8814402431962416,-0.8838836908288061,-0.8675577835390837,0.0066951950059806345,104.83330000000001
2017-12-10,-0.3960925018067482,-0.4038148956216617,-0.7646287844518934,-0.48296324350746606,-0.6972774135079515,-0.6848518525556492,-0.6043251750049734,-0.8865408732653693,-0.19922183423449458,-0.42819513351772975,-1.1508958944601737,-0.9844613360187298,1.6057843829517386,-0.16775375245083787,0.4543082409614993,-0.3281793638451944,-0.37076015512233923,1.127587646638904,-0.3473624481919801,-0.7445198352798795,0.6447077944387789,-0.4054382835153223,-0.38686855295323636,0.0,0.0,-1.236462130849538,0.05871453739864437,-1.0369614018423763,-1.3120207156093697,-0.6474357606866217,-0.9475141236871449,-0.9299785259986225,-0.9113356628756706,-0.9212871992420674,-0.8771112490032011,-0.9997956804969855,-0.9640462708478356,-0.9680068652064546,-0.4555501203870123,-0.05388104702960386,-0.3721953578341103,-0.5511860652583683,-0.5009899333930845,-0.20648542109191428,0.0,0.0,-0.23395906074624068,-0.23395906074624068,-0.238667185252719,-0.2339590607462407,-0.23866718525271893,4.363484845854286,-0.23866718525271896,-0.22917462425705282,-0.21935622811243694,-0.2339590607462407,-0.23395906074624068,-0.23395906074624065,-0.2339590607462407,-0.23395906074624068,-0.2339590607462407,-0.2339590607462407,-0.23866718525271896,-0.2339590607462407,-0.1273859510596964,-0.2339590607462407,0.0,-0.45026049466527845,-0.4844487305817622,-0.4827958885454995,0.32335863072532806,0.0044452086214934305,0.04240490032913895,-0.8798169122553258,-0.8768574013987587,-0.8695673265023929,0.007335360887743062,104.8
2017-12-17,-0.3968507348380591,-0.4024903108239588,-0.7637066531929565,-0.47381587057238644,-0.6738145965188442,-0.6881220419897041,-0.5852368840464615,-0.8925810832376257,-0.2748149725900381,0.24743633805831464,-0.8555348833916031,-0.36873453121609634,0.22500205757810557,-0.16775375245083787,0.4543082409614993,-0.3281793638451944,-0.37076015512233923,1.127587646638904,-0.3473624481919801,-0.7420489129500872,0.6447077944387789,-0.4054382835153223,-0.38686855295323636,0.0,0.0,-1.236462130849538,0.05871453739864437,-1.0369614018423763,-1.3120207156093697,-0.6474357606866217,-0.9475141236871449,-0.9299785259986225,-0.9113356628756706,-0.9212871992420674,-0.8771112490032011,-0.9997956804969855,-0.9640462708478356,-0.9680068652064546,-0.4417397695998174,0.07912383174309111,-0.384230150142748,-0.5587814239012293,-0.5585942709862696,-0.3544521357177539,0.0,0.0,-0.23395906074624068,-0.23395906074624068,-0.238667185252719,-0.2339590607462407,-0.23866718525271893,4.363484845854286,-0.23866718525271896,-0.22917462425705282,-0.21935622811243694,-0.2339590607462407,-0.23395906074624068,-0.23395906074624065,-0.2339590607462407,-0.23395906074624068,-0.2339590607462407,-0.2339590607462407,-0.23866718525271896,-0.2339590607462407,-0.1273859510596964,-0.2339590607462407,0.0,-0.4510475281022016,-0.4463563931923537,-0.4811891087084081,-0.043463312306931484,0.32369755596418953,-0.03466122806636619,-0.8819747073655714,-0.8752344165932442,-0.8748015124000019,0.006873309463452164,105.38668
2017-12-24,-0.3976089678693701,-0.4053102126576596,-0.7627845219340192,-0.48835356344563907,-0.6973705243407593,-0.6891327824071902,-0.5975557769067306,-0.8932492043890211,-0.24585518143729596,-0.4908825896433421,-1.702236448454843,-1.4154700993805738,-0.33878568010890237,-0.16775375245083787,0.4543082409614993,-0.3281793638451944,-0.37076015512233923,1.127587646638904,-0.3473624481919801,-0.7321652236309171,0.6447077944387789,-0.4054382835153223,-0.38686855295323636,0.0,0.0,-1.236462130849538,0.05871453739864437,-1.0369614018423763,-1.3120207156093697,-0.6474357606866217,-0.9475141236871449,-0.9299785259986225,-0.9113356628756706,-0.9212871992420674,-0.8771112490032011,-0.9997956804969855,-0.9640462708478356,-0.9680068652064546,-0.4469095030516501,-0.09382717303505679,-0.3581151896275899,-0.54940299380396,-0.6219068013588668,-0.14996411187343286,0.0,0.0,-0.23395906074624068,-0.23395906074624068,-0.238667185252719,-0.2339590607462407,-0.23866718525271893,4.363484845854286,-0.23866718525271896,-0.22917462425705282,-0.21935622811243694,-0.2339590607462407,-0.23395906074624068,-0.23395906074624065,-0.2339590607462407,-0.23395906074624068,-0.2339590607462407,-0.2339590607462407,-0.23866718525271896,-0.2339590607462407,-0.1273859510596964,-0.2339590607462407,0.0,-0.4372180293879375,-0.44714327920918623,-0.4755672930238955,0.09441651026096831,-0.05837073902659628,0.004677544951728681,-0.8880138099783096,-0.8773917516067481,-0.8677781005051011,0.007875940368238857,105.16668
2017-12-31,-0.398367200900681,-0.41179919130907344,-0.7618623906750823,-0.4718352955169218,-0.6977566468033048,-0.6968184054476015,-0.5938101675911084,-0.8960421775462599,-0.23245331874522226,-0.18615190014383756,-1.5127131330191754,-1.515525705161004,-0.39030522415506713,-0.16775375245083787,0.4543082409614993,-0.3281793638451944,-0.37076015512233923,1.1275876466389025,-0.34736244819198475,-0.7321652236309171,0.6447077944387789,-0.4054382835153223,-0.38686855295323636,0.0,0.0,-1.236462130849538,0.05871453739864437,-1.0369614018423763,-1.3120207156093697,-0.6474357606866217,-0.9475141236871449,-0.9299785259986225,-0.9113356628756706,-0.9212871992420674,-0.8771112490032011,-0.9997956804969855,-0.9640462708478356,-0.9680068652064546,-0.43244571810294363,0.08507807796068283,-0.4574891995191854,-0.5486915575648734,-0.6402719275560225,-0.2310903733814282,0.0,0.0,-0.23395906074624068,-0.23395906074624068,-0.238667185252719,-0.2339590607462407,-0.23866718525271893,4.363484845854286,-0.23866718525271896,-0.22917462425705282,-0.21935622811243694,-0.2339590607462407,-0.23395906074624068,-0.23395906074624065,-0.2339590607462407,-0.23395906074624068,-0.2339590607462407,-0.2339590607462407,-0.23866718525271896,-0.2339590607462407,-0.1273859510596964,-0.2339590607462407,0.0,-0.4423949306286721,-0.4333163709133955,-0.4373624271336626,-0.0848735584327114,0.08523983204961857,0.32392182196192804,-0.8886818086421888,-0.8834295665293705,-0.8661557803741445,0.004060676952770151,105.78335
2018-01-07,-0.399125433931992,-0.4081942031693991,-0.7609402594161454,-0.4822998666332569,-0.6983752217583135,-0.7010550953373463,-0.5942263464039553,-0.8873894417746747,-0.20267887795497544,-0.6998407767287167,-0.8235374405258423,-1.9195964208127325,-0.6105805474206297,-0.16775375245083787,0.4543082409614993,-0.3281793638451944,-0.37076015512233923,1.1275876466389025,-0.34736244819198475,-0.7321652236309171,0.6447077944387789,-0.4054382835153223,-0.38686855295323636,0.0,0.0,-1.236462130849538,0.05871453739864437,-1.0369614018423763,-0.037831467205601724,-0.6876092554496108,-0.7327788776161482,-0.679811655294799,-0.6980385202280212,-0.7214528829766634,-0.6989186958141033,-0.5666458816281157,-0.6890696289769672,-0.6778270083293343,-0.43673730327450644,-0.08582527875976276,-0.4484677885490515,-0.5385758135362988,-0.6361744005750377,0.20530353004128019,0.0,0.0,-0.23395906074624068,-0.23395906074624068,-0.238667185252719,-0.2339590607462407,-0.23866718525271893,4.363484845854286,-0.23866718525271896,-0.22917462425705282,-0.21935622811243694,-0.2339590607462407,-0.23395906074624068,-0.23395906074624065,-0.2339590607462407,-0.23395906074624068,-0.2339590607462407,-0.2339590607462407,-0.23866718525271896,-0.2339590607462407,-0.1273859510596964,-0.2339590607462407,0.0,-0.4279110917723125,-0.43849230246311766,-0.43815163768896825,0.10058899370355069,-0.1015021340615823,-0.05813681478138457,-0.891474269760041,-0.8840974227589624,-0.8683122318761752,0.0044070357166743806,105.6
2018-01-14,-1.0102063238721732,-0.4024903108239588,-2.1853294248090425,-0.492518810670591,-0.6896885096746156,-0.6993604193814483,-0.5977222484318692,-0.8843760351282351,-0.16975463403917496,-0.26799385675227594,-1.2493495648163657,-2.0158037340631445,-0.7679200640388887,-0.16775375245083787,0.4543082409614993,-0.3281793638451944,-0.37076015512233923,1.127587646638904,-0.3473624481919801,-0.7321652236309171,0.6447077944387789,-0.4054382835153223,-0.38686855295323636,0.0,0.0,-1.236462130849538,0.05871453739864437,-1.0369614018423763,-0.037831467205601724,-0.6876092554496108,-0.7327788776161482,-0.679811655294799,-0.6980385202280212,-0.7214528829766634,-0.6989186958141033,-0.5666458816281157,-0.6890696289769672,-0.6778270083293343,-0.4308875168447562,0.006585291508894106,-0.4654050103963367,-0.5407706680592298,-0.6406861270705677,-0.009965160125364548,0.0,0.0,-0.23395906074624068,-0.23395906074624068,-0.238667185252719,-0.2339590607462407,-0.23866718525271893,4.363484845854286,-0.23866718525271896,-0.22917462425705282,-0.21935622811243694,-0.2339590607462407,-0.23395906074624068,-0.23395906074624065,-0.2339590607462407,-0.23395906074624068,-0.2339590607462407,-0.2339590607462407,-0.23866718525271896,-0.2339590607462407,-0.1273859510596964,-0.2339590607462407,0.0,-0.43220862718809017,-0.42401117659039644,-0.4242838833498997,-0.07657837578177892,0.09166886463494268,0.08547012598461244,-0.8828231203057127,-0.8868892884531546,-0.8743475740818933,0.003756765460456314,105.85
2018-01-21,-1.0102063238721732,-0.4132572087344529,-2.1853294248090425,-0.5041976738602709,-0.7357338567753277,-0.7136313747995363,-0.5917292735268738,-0.8851778376038246,-0.2123131007721984,-0.6928755038258708,-1.2591949318519862,-2.6931032193460456,-0.5410584354265152,-0.16775375245083787,0.4543082409614993,-0.3281793638451944,-0.37076015512233923,-1.0401717937825428,-0.3473624481919801,-0.7205206471341941,0.6447077944387789,-0.4054382835153223,-0.38686855295323636,0.0,0.0,-1.236462130849538,0.05871453739864437,-1.0369614018423763,-0.037831467205601724,-0.6876092554496108,-0.7327788776161482,-0.679811655294799,-0.6980385202280212,-0.7214528829766634,-0.6989186958141033,-0.5666458816281157,-0.6890696289769672,-0.6778270083293343,-0.4311212429093121,-0.048849109372594436,-0.4773808125404281,-0.5371356480612405,-0.6398378550046067,-0.15493870321218695,0.0,0.0,-0.23395906074624068,-0.23395906074624068,-0.238667185252719,-0.2339590607462407,-0.23866718525271893,4.363484845854286,-0.23866718525271896,-0.22917462425705282,-0.21935622811243694,-0.2339590607462407,-0.23395906074624068,-0.23395906074624065,-0.2339590607462407,-0.23395906074624068,-0.2339590607462407,-0.2339590607462407,-0.23866718525271896,-0.2339590607462407,-0.1273859510596964,-0.2339590607462407,0.0,-0.4263507300821048,-0.42830790703013266,-0.42947510510908593,0.019219260738127453,-0.09286217575952349,-0.10126711950426519,-0.879810266111017,-0.8782399836436945,-0.875015156798731,0.003296978843803868,105.84
2018-01-28,-1.0102063238721732,-0.4099671523586604,-0.7581738656393343,-0.6005702239766959,-0.7561366289045455,-0.7411029639793557,-0.5967234192810368,-0.8491772286226571,0.08422283416944136,-0.6928755038258708,-0.5897099734298891,-2.4468124974249883,-0.5984324731142897,-0.16775375245083787,0.4543082409614993,-0.3281793638451944,-0.37076015512233923,-1.0401717937825428,-0.3473624481919801,-0.7205206471341941,0.6447077944387789,-0.4054382835153223,-0.38686855295323636,0.0,0.0,-1.236462130849538,0.05871453739864437,-1.0369614018423763,-0.037831467205601724,-0.6876092554496108,-0.7327788776161482,-0.679811655294799,-0.6980385202280212,-0.7214528829766634,-0.6989186958141033,-0.5666458816281157,-0.6890696289769672,-0.6778270083293343,-0.445185371342165,-0.17487499819160043,-0.47518407291717163,-0.5906583951211124,-0.623145791889771,1.2310958524330526,0.0,0.0,-0.23395906074624068,-0.23395906074624068,-0.238667185252719,-0.2339590607462407,-0.23866718525271893,4.363484845854286,-0.23866718525271896,-0.22917462425705282,-0.21935622811243694,-0.2339590607462407,-0.23395906074624068,-0.23395906074624065,-0.2339590607462407,-0.23395906074624068,-0.2339590607462407,-0.2339590607462407,-0.23866718525271896,-0.2339590607462407,-0.1273859510596964,-0.2339590607462407,0.0,-0.4265847802057456,-0.4224511071732372,-0.41495120057019763,-0.03824694221792971,0.0069171322795510155,0.09189899605138023,-0.88061192159112,-0.8752277718660623,-0.8778058791167871,0.0033813182030293164,105.24000000000001
2018-02-04,-1.0102063238721732,-0.40971630927281716,-0.7572517343803974,-0.7145019863062625,-0.7749628231874146,-0.7559090802256221,-0.595891061655343,-0.8444934579256769,0.12301511471812794,-0.40816997392204807,-1.291192374717747,-1.4000769292605082,-0.7664564406284863,-0.16775375245083787,0.4543082409614993,-0.3281793638451944,-0.37076015512233923,-1.0401717937825428,-0.34736244819198475,-0.7205206471341941,0.6447077944387789,-0.4054382835153223,-0.38686855295323636,0.0,0.0,-1.236462130849538,0.05871453739864437,-1.0369614018423763,-0.037831467205601724,-0.6876092554496108,-0.7327788776161482,-0.679811655294799,-0.6980385202280212,-0.7214528829766634,-0.6989186958141033,-0.5666458816281157,-0.6890696289769672,-0.6778270083293343,-0.4745070984217121,-0.3139058361591913,-0.39843436839059093,-0.5348554871944273,-0.5837173915661756,0.05012747046498023,0.0,0.0,-0.23395906074624068,-0.23395906074624068,-0.238667185252719,-0.2339590607462407,-0.23866718525271893,4.363484845854286,-0.23866718525271896,-0.22917462425705282,-0.21935622811243694,-0.2339590607462407,-0.23395906074624068,-0.23395906074624065,-0.2339590607462407,-0.23395906074624068,-0.2339590607462407,-0.2339590607462407,-0.23866718525271896,-0.2339590607462407,-0.1273859510596964,-0.2339590607462407,0.0,-0.44066840842608945,-0.42268511345669435,-0.41926062397308506,-0.16889197832237735,-0.052937559077024486,-0.09262737961042433,-0.8446179126482289,-0.8760292564128489,-0.8691601165295527,0.006327967333397777,104.0
2018-02-11,-0.4029165990885467,-0.4053102126576596,-0.7563296031214604,-0.7310404679347479,-0.7923515494339071,-0.7733018071414167,-0.6085845154471742,-0.8358407221540917,0.22967412425780576,-0.360283722714983,-0.4051093415120318,-0.8228330497580373,-0.629607651755861,-0.16775375245083787,0.4543082409614993,-0.3281793638451944,-0.37076015512233923,-1.0401717937825428,-0.34736244819198475,-0.7205206471341941,0.6447077944387789,-0.4054382835153223,-0.38686855295323636,0.0,0.0,-1.236462130849538,0.05871453739864437,-1.0369614018423763,-0.037831467205601724,-0.6876092554496108,-0.7327788776161482,-0.679811655294799,-0.6980385202280212,-0.7214528829766634,-0.6989186958141033,-0.5666458816281157,-0.6890696289769672,-0.6778270083293343,-0.6587101509508322,-1.7252210084488295,0.338618457261428,0.04355483313779898,-0.10200815657667209,0.19704683124218153,0.0,0.0,-0.23395906074624068,-0.23395906074624068,-0.238667185252719,-0.2339590607462407,-0.23866718525271893,4.363484845854286,-0.23866718525271896,-0.22917462425705282,-0.21935622811243694,-0.2339590607462407,-0.23395906074624068,-0.23395906074624065,-0.2339590607462407,-0.23395906074624068,-0.2339590607462407,-0.2339590607462407,-0.23866718525271896,-0.2339590607462407,-0.1273859510596964,-0.2339590607462407,0.0,-0.47003078981632823,-0.4367661036572901,-0.41338652255496516,-0.3130186257606159,-0.18901264166565315,0.00714940612239661,-0.8399350006329975,-0.8400429223071838,-0.8661491383682333,0.03462561461607841,96.5375
2018-02-18,-0.4036748321198577,-0.41235996724191165,-0.7554074718625232,-0.727977786151695,-0.8051032820146683,-0.7701800356437101,-0.6383413005657292,-0.8296268651170339,0.2502340157117394,-0.24709803804373848,-1.0450581988272707,-0.8805574377082865,-0.5882602904119929,-0.16775375245083787,0.4543082409614993,-0.3281793638451944,-0.37076015512233923,-1.3899840172865,-0.34736244819198475,-0.7606376332357099,0.6447077944387789,-0.4054382835153223,-0.38686855295323636,0.0,0.0,-1.236462130849538,0.05871453739864437,-1.0369614018423763,-0.037831467205601724,-0.6876092554496108,-0.7327788776161482,-0.679811655294799,-0.6980385202280212,-0.7214528829766634,-0.6989186958141033,-0.5666458816281157,-0.6890696289769672,-0.6778270083293343,-0.6392470615732664,0.13063291919711867,0.3889490589138457,0.06376036224585604,-0.0951837788180079,0.10558857958305465,0.0,0.0,-0.23395906074624068,-0.23395906074624068,-0.238667185252719,-0.2339590607462407,-0.23866718525271893,4.363484845854286,-0.23866718525271896,-0.22917462425705282,-0.21935622811243694,-0.2339590607462407,-0.23395906074624068,-0.23395906074624065,-0.2339590607462407,-0.23395906074624068,-0.2339590607462407,-0.2339590607462407,-0.23866718525271896,-0.2339590607462407,-0.1273859510596964,-0.2339590607462407,0.0,-0.6544892382198986,-0.4661229851478762,-0.41362122011593544,-1.7760618414552622,-0.3391296766343687,-0.05270377217635878,-0.8312838511786693,-0.8353610088077754,-0.866950294676342,0.03655795591308829,97.3
2018-02-25,-0.4044330651511686,-0.412488144597989,-0.7544853406035863,-0.7240575534693873,-0.7847005098854504,-0.7696448748155317,-0.6441678039455863,-0.8246156710119925,0.2150134203655106,-0.6789449580201792,0.18807402238401708,-2.8624280906667696,-0.6695645708598469,-0.16775375245083787,0.4543082409614993,-0.3281793638451944,-0.37076015512233923,-1.739796240790457,-0.3473624481919801,-0.8007546193372255,0.6447077944387789,-0.4054382835153223,-0.38686855295323636,0.0,0.0,-1.236462130849538,0.05871453739864437,-1.0369614018423763,-0.037831467205601724,-0.6876092554496108,-0.7327788776161482,-0.679811655294799,-0.6980385202280212,-0.7214528829766634,-0.6989186958141033,-0.5666458816281157,-0.6890696289769672,-0.6778270083293343,-0.6458664657166154,-0.10703691433745051,0.40065220468305457,0.04833627951265634,-0.12142112062407695,0.060556402611324736,0.0,0.0,-0.23395906074624068,-0.23395906074624068,-0.238667185252719,-0.2339590607462407,-0.23866718525271893,4.363484845854286,-0.23866718525271896,-0.22917462425705282,-0.21935622811243694,-0.2339590607462407,-0.23395906074624068,-0.23395906074624065,-0.2339590607462407,-0.23395906074624068,-0.2339590607462407,-0.2339590607462407,-0.23866718525271896,-0.2339590607462407,-0.1273859510596964,-0.2339590607462407,0.0,-0.6349991634440842,-0.6505468824384825,-0.4277438069426768,0.14781352775634277,-1.8629818821419635,-0.18877541494325972,-0.8250711333360711,-0.8267117039983153,-0.8309786983554237,0.03700727444162375,97.03999999999999
2018-03-04,-0.4051912981824796,-0.4117190804615251,-0.7535632093446494,-0.6765247321964069,-0.7703258295216834,-0.7545711781551763,-0.6281449196509796,-0.8376113471977779,0.14864144298944576,0.1490518583056174,-0.8358441493203654,-0.5342111100068018,-0.5055655677242569,-0.16775375245083787,0.4543082409614993,-0.3281793638451944,-0.37076015512233923,-1.739796240790457,-0.34736244819198475,-0.8007546193372255,0.6447077944387789,-0.4054382835153223,-0.38686855295323636,0.0,0.0,0.07024211886194723,0.087016458179466,2.9464992635561753,-0.037831467205601724,-0.6876092554496108,-0.7327788776161482,-0.679811655294799,-0.6980385202280212,-0.7214528829766634,-0.6989186958141033,-0.5666458816281157,-0.6890696289769672,-0.6778270083293343,-0.6076679561499478,0.30135448743879667,0.5135411168768892,0.09106607292617629,-0.09602199564377815,-0.6052836740355226,0.0,0.0,-0.23395906074624068,-0.23395906074624068,-0.238667185252719,-0.2339590607462407,4.189935029992177,-0.22917462425705282,-0.23866718525271896,-0.22917462425705282,-0.21935622811243694,-0.2339590607462407,-0.23395906074624068,-0.23395906074624065,-0.2339590607462407,-0.23395906074624068,-0.2339590607462407,-0.2339590607462407,-0.23866718525271896,-0.2339590607462407,-0.1273859510596964,-0.2339590607462407,0.0,-0.6416277453317015,-0.6310604583698116,-0.45718741154057035,-0.09856746803774624,0.1408562089310221,-0.33888865512582667,-0.820060857939736,-0.820500310865011,-0.8262987022792558,0.04134141510048452,98.55
2018-03-11,-0.4059495312137905,-0.40575883340393026,-0.7433978829152527,-0.6858352848168876,-0.7605881428236474,-0.7568010149392526,-0.6413377880182269,-0.8263795875206481,0.17655367317572968,-0.609292228991721,0.22745549052649247,-0.8921023152983337,-0.3572273350799726,-0.16775375245083787,0.4543082409614993,-0.3281793638451944,-0.37076015512233923,-1.739796240790457,-0.3473624481919801,-0.8007546193372255,0.6447077944387789,-0.4054382835153223,-0.38686855295323636,0.0,0.0,0.07024211886194723,0.087016458179466,2.9464992635561753,-0.037831467205601724,-0.6876092554496108,-0.7327788776161482,-0.679811655294799,-0.6980385202280212,-0.7214528829766634,-0.6989186958141033,-0.5666458816281157,-0.6890696289769672,-0.6778270083293343,-0.542024406742579,0.5514401644488787,-0.2423522515492247,0.1639434767590004,-0.047297625898117,0.29123253358379053,0.0,0.0,-0.23395906074624068,-0.23395906074624068,-0.238667185252719,-0.2339590607462407,4.189935029992177,-0.22917462425705282,-0.23866718525271896,-0.22917462425705282,-0.21935622811243694,-0.2339590607462407,-0.23395906074624068,-0.23395906074624065,-0.2339590607462407,-0.23395906074624068,-0.2339590607462407,-0.2339590607462407,-0.23866718525271896,-0.2339590607462407,-0.1273859510596964,-0.2339590607462407,0.0,-0.6033762738753174,-0.6376877986505327,-0.6421561151124545,0.32479244578463823,-0.11576520854208984,-1.8627023394006827,-0.8330541516113726,-0.8154911037866892,-0.8176529396920215,0.0123204234176736,101.2
2018-03-18,-0.4067077642451015,-0.39012119596249833,-0.7754764189659243,-0.672114470428811,-0.7884101048180354,-0.7582281104810613,-0.6420036741187823,-0.8189229182948108,-0.03058038506688984,-0.09734467063255342,-0.11713235572017408,-0.15323014953517022,-0.3742053666406406,-0.16775375245083787,0.4543082409614993,-0.3281793638451944,-0.37076015512233923,-0.848582329832683,-0.3473624481919801,-0.7977440702917311,0.5769039084544447,-0.4054382835153223,-0.38686855295323636,0.0,0.0,0.07024211886194723,0.087016458179466,2.9464992635561753,-0.037831467205601724,-0.6876092554496108,-0.7327788776161482,-0.679811655294799,-0.6980385202280212,-0.7214528829766634,-0.6989186958141033,-0.5666458816281157,-0.6890696289769672,-0.6778270083293343,-0.5537861096931801,-0.15389475408059367,-0.17286971996963887,0.16176830760509475,-0.04731742048112556,0.15026418386536733,0.0,0.0,-0.23395906074624068,-0.23395906074624068,-0.238667185252719,-0.2339590607462407,4.189935029992177,-0.22917462425705282,-0.23866718525271896,-0.22917462425705282,-0.21935622811243694,-0.2339590607462407,-0.23395906074624068,-0.23395906074624065,-0.2339590607462407,-0.23395906074624068,-0.2339590607462407,-0.2339590607462407,-0.23866718525271896,-0.2339590607462407,-0.1273859510596964,-0.2339590607462407,0.0,-0.5376417102775065,-0.5994434921189475,-0.6226121262358155,0.5840443551213811,0.3251909651929678,0.14108509694791566,-0.8218244510672932,-0.8284816269579874,-0.8114440903625597,0.01498806419254952,100.72
2018-03-25,-0.4027984583811144,-0.4149663256003877,-0.845170713561475,-0.6530033361025609,-0.7563221086511747,-0.7564442410538004,-0.6360106992137864,-0.8144863132737338,-0.0219145567822082,-0.6893928673744479,1.8322503173323974,0.0007015516654854158,-0.4380193473341857,4.017041101219027,0.4543082409614993,-0.3281793638451944,-0.37076015512233923,0.488238536603978,-0.3473624481919801,-0.7932282467234897,0.47519807947794346,-0.4054382835153223,-0.38686855295323636,0.0,0.0,0.07024211886194723,0.087016458179466,2.9464992635561753,-0.037831467205601724,-0.6876092554496108,-0.7327788776161482,-0.679811655294799,-0.6980385202280212,-0.7214528829766634,-0.6989186958141033,-0.5666458816281157,-0.6890696289769672,-0.6778270083293343,-0.5274004812369132,0.19371272823271252,-0.2251252139400637,0.17843148506475873,-0.041125064305941574,0.03851992950101274,0.0,0.0,-0.23395906074624068,-0.23395906074624068,-0.238667185252719,-0.2339590607462407,4.189935029992177,-0.22917462425705282,-0.23866718525271896,-0.22917462425705282,-0.21935622811243694,-0.2339590607462407,-0.23395906074624068,-0.23395906074624065,-0.2339590607462407,-0.23395906074624068,-0.2339590607462407,-0.2339590607462407,-0.23866718525271896,-0.2339590607462407,-0.1273859510596964,-0.2339590607462407,0.0,-0.5494197207233898,-0.5337212413338712,-0.6292590443297493,-0.1471427585783366,0.5952182546037438,-0.11552983343063918,-0.8143691488822837,-0.817254320871383,-0.8064369347467586,0.012981820561844735,101.8
2018-04-01,-0.3988891525171273,-0.4157780300706399,-0.9148650081570254,-0.6724411564856696,-0.7831548453302066,-0.7657203620755575,-0.6133705717949137,-0.8273328791844443,-0.14026089359588464,-0.1484233385867561,1.0675934775659834,0.03661894861230871,-0.604482116543953,-0.16775375245083787,0.4543082409614993,-0.3281793638451944,-0.37076015512233923,0.488238536603978,-0.34736244819198475,-0.7932282467234897,0.47519807947794346,-0.4054382835153223,-0.38686855295323636,0.0,0.0,0.07024211886194723,0.087016458179466,2.9464992635561753,-0.037831467205601724,-0.6876092554496108,-0.7327788776161482,-0.679811655294799,-0.6980385202280212,-0.7214528829766634,-0.6989186958141033,-0.5666458816281157,-0.6890696289769672,-0.6778270083293343,-0.5633016506098222,-0.37385926635403505,-0.09474563997364029,0.18152948236693148,-0.03498892598326163,-0.5974334005887764,0.0,0.0,-0.23395906074624068,-0.23395906074624068,-0.238667185252719,-0.2339590607462407,4.189935029992177,-0.22917462425705282,-0.23866718525271896,-0.22917462425705282,-0.21935622811243694,-0.2339590607462407,-0.23395906074624068,-0.23395906074624065,-0.2339590607462407,-0.23395906074624068,-0.2339590607462407,-0.2339590607462407,-0.23866718525271896,-0.2339590607462407,-0.1273859510596964,-0.2339590607462407,0.0,-0.5229975088307467,-0.5454970456277841,-0.5909017603655884,0.2132053611815555,-0.16635945130224356,0.3254151934390371,-0.809933357229752,-0.8098006083462205,-0.819422137800323,0.017987479679567046,100.33333333333333
2018-04-08,-0.403779239503177,-0.3853786337876379,-0.93903145086508,-0.7078865936548683,-0.8323688047691684,-0.7753532569827669,-0.6113729134932484,-0.828223680198726,-0.21663478625092147,0.2613668838640063,1.4384356359076365,0.1084537425059471,-0.45646100230525605,-0.16775375245083787,0.4543082409614993,-0.3281793638451944,-0.37076015512233923,0.488238536603978,-0.3473624481919801,-0.7932282467234897,0.47519807947794346,-0.4054382835153223,-0.38686855295323636,0.0,0.0,0.07024211886194723,0.087016458179466,2.9464992635561753,-0.037831467205601724,-0.6876092554496108,-0.7327788776161482,-0.679811655294799,-0.6980385202280212,-0.7214528829766634,-0.6989186958141033,-0.5666458816281157,-0.6890696289769672,-0.6778270083293343,-0.5109305359437676,0.4304986082653377,-0.1498837438427052,-0.30566643209853644,-0.004396318476265208,-0.15738802476601776,0.0,0.0,-0.23395906074624068,-0.23395906074624068,-0.238667185252719,-0.2339590607462407,4.189935029992177,-0.22917462425705282,-0.23866718525271896,-0.22917462425705282,-0.21935622811243694,-0.2339590607462407,-0.23395906074624068,-0.23395906074624065,-0.2339590607462407,-0.23395906074624068,-0.2339590607462407,-0.2339590607462407,-0.23866718525271896,-0.2339590607462407,-0.1273859510596964,-0.2339590607462407,0.0,-0.5589484548518702,-0.5190797829084413,-0.5249853596055171,-0.3751694911565328,0.208965946578029,0.5954356568702177,-0.8227775679628938,-0.8053657625171715,-0.808199429726395,0.015870564092489093,102.47999999999999
2018-04-15,-0.4237677941992237,-0.22190443828053869,-0.9511146722191073,-0.7181772044459259,-0.9235784701741034,-0.7857888931322438,-0.6150352870463016,-0.8327671833805854,-0.19118279237162056,-0.15132553562960852,0.037932175090824895,0.37013763454706716,0.014386648821198883,-0.16775375245083787,0.4543082409614993,-0.3281793638451944,-0.37076015512233923,0.488238536603978,-0.34736244819198475,-0.7932282467234897,0.47519807947794346,-0.4054382835153223,-0.38686855295323636,0.0,0.0,0.07024211886194723,0.087016458179466,2.9464992635561753,-0.037831467205601724,-0.6876092554496108,-0.7327788776161482,-0.679811655294799,-0.6980385202280212,-0.7214528829766634,-0.6989186958141033,-0.5666458816281157,-0.6890696289769672,-0.6778270083293343,-0.5056254147363559,0.0016221735224373124,-0.170433055732618,-0.3021659847293464,-0.0035471329457593156,-0.292529030673553,0.0,0.0,-0.23395906074624068,-0.23395906074624068,-0.238667185252719,-0.2339590607462407,4.189935029992177,-0.22917462425705282,-0.23866718525271896,-0.22917462425705282,-0.21935622811243694,-0.2339590607462407,-0.23395906074624068,-0.23395906074624065,-0.2339590607462407,-0.23395906074624068,-0.2339590607462407,-0.2339590607462407,-0.23866718525271896,-0.2339590607462407,-0.1273859510596964,-0.2339590607462407,0.0,-0.5065047281066865,-0.555023994918692,-0.5367959507803097,0.45867000448443546,-0.40386374073568543,-0.16612279722647236,-0.8236682056654718,-0.8182072345382453,-0.8007487697825383,0.015081614970357803,102.7
2018-04-22,-0.3896477342909794,-0.5391433945718809,-0.9554301084169743,-0.7138894499496518,-0.6292800746943007,-0.7924784034844725,-0.6150352870463016,-0.8125218849741289,-0.08908710457678724,-0.3472238360221471,0.9240152082965402,0.3124132465968206,0.07988379643670682,-0.16775375245083787,0.4543082409614993,-0.3281793638451944,-0.37076015512233923,0.488238536603978,-0.34736244819198475,-0.7814416631963188,0.47519807947794346,-0.4054382835153223,-0.38686855295323636,0.0,0.0,0.07024211886194723,0.087016458179466,2.9464992635561753,-0.037831467205601724,-0.6876092554496108,-0.7327788776161482,-0.679811655294799,-0.6980385202280212,-0.7214528829766634,-0.6989186958141033,-0.5666458816281157,-0.6890696289769672,-0.6778270083293343,-0.5213326010116924,-0.18984692883149804,-0.16477480471316486,-0.29059696356218717,-0.003305688207978949,0.6214768807705892,0.0,0.0,-0.23395906074624068,-0.23395906074624068,-0.238667185252719,-0.2339590607462407,4.189935029992177,-0.22917462425705282,-0.23866718525271896,-0.22917462425705282,-0.21935622811243694,-0.2339590607462407,-0.23395906074624068,-0.23395906074624065,-0.2339590607462407,-0.23395906074624068,-0.2339590607462407,-0.2339590607462407,-0.23866718525271896,-0.2339590607462407,-0.1273859510596964,-0.2339590607462407,0.0,-0.5011922513964684,-0.5025900914651097,-0.5103006488758336,0.014074232723585932,0.4646329248727409,0.20919311285901787,-0.8282108758810075,-0.8190976823342361,-0.7963157401930381,0.0152988520339885,102.05
2018-04-29,1.1086493964298,-0.18766506203838734,-0.9597455446148412,-0.7132769135930412,-0.8316918036939716,-0.7939054990262813,-0.6286859521076806,-0.8090340890648189,-0.0904611625254002,0.0698218790357462,1.5073532051569702,0.3547444644270016,-0.28902248415522036,-0.16775375245083787,0.4543082409614993,-0.3281793638451944,-0.37076015512233923,0.488238536603978,-0.3473624481919801,-0.7814416631963188,0.47519807947794346,-0.4054382835153223,-0.38686855295323636,0.0,0.0,0.07024211886194723,0.087016458179466,2.9464992635561753,-0.037831467205601724,-0.6876092554496108,-0.7327788776161482,-0.679811655294799,-0.6980385202280212,-0.7214528829766634,-0.6989186958141033,-0.5666458816281157,-0.6890696289769672,-0.6778270083293343,-0.533239681888469,-0.15521947203695177,-0.2340257409076329,-0.2922373192231599,-0.007775211019969179,0.003296267020631454,0.0,0.0,-0.23395906074624068,-0.23395906074624068,-0.238667185252719,-0.2339590607462407,4.189935029992177,-0.22917462425705282,-0.23866718525271896,-0.22917462425705282,-0.21935622811243694,-0.2339590607462407,-0.23395906074624068,-0.23395906074624065,-0.2339590607462407,-0.23395906074624068,-0.2339590607462407,-0.2339590607462407,-0.23866718525271896,-0.2339590607462407,-0.1273859510596964,-0.2339590607462407,0.0,-0.5169212155442062,-0.49727860984069294,-0.546351043613846,-0.18441266567743234,0.0015582596206631235,-0.403621082824387,-0.8079692890713319,-0.8236393839370638,-0.8091519531385437,0.01264010289386693,101.56
2018-05-06,1.1023940521132887,-0.4053102126576596,-0.9666502425314281,-0.6991885773909982,-0.6353777213647376,-0.7215695937508478,-0.6250235785546276,-0.7926106879247381,-0.029980589193194344,-0.30369088037936076,1.1824560929815395,1.0051059019997874,-0.29846285515231596,-0.16775375245083787,0.4543082409614993,-0.3281793638451944,-0.37076015512233923,0.488238536603978,-0.34736244819198475,-0.7814416631963188,0.47519807947794346,-0.4054382835153223,-0.38686855295323636,0.0,0.0,0.07024211886194723,0.087016458179466,2.9464992635561753,-0.037831467205601724,-0.6876092554496108,-0.7327788776161482,-0.679811655294799,-0.6980385202280212,-0.7214528829766634,-0.6989186958141033,-0.5666458816281157,-0.6890696289769672,-0.6778270083293343,-0.5176990039898776,0.09489098054718181,-0.4086726199063464,-0.38155925807097774,-0.4165749367051212,0.47435961890296713,0.0,0.0,-0.23395906074624068,-0.23395906074624068,-0.238667185252719,-0.2339590607462407,4.189935029992177,-0.22917462425705282,-0.23866718525271896,-0.22917462425705282,-0.21935622811243694,-0.2339590607462407,-0.23395906074624068,-0.23395906074624065,-0.2339590607462407,-0.23395906074624068,-0.2339590607462407,-0.2339590607462407,-0.23866718525271896,-0.2339590607462407,-0.1273859510596964,-0.2339590607462407,0.0,-0.5288448054814514,-0.5130046277790175,-0.49376224526663504,-0.1485160305850524,-0.20517842091487706,0.4648536281862984,-0.8044821325841636,-0.8034021131479849,-0.8100420362619922,0.005934890446503105,102.2
2018-05-13,1.1116349016717717,-0.2648758969054568,-0.9588824573752678,-0.7120518408798202,-0.5416872643486361,-0.668499478289833,-0.6158676446719954,-0.7925772472030056,-0.0529014404636206,0.4929622078836296,0.6409609060224927,0.4471034851473977,0.1980713868267012,-0.16775375245083787,0.4543082409614993,-0.3281793638451944,-0.37076015512233923,0.488238536603978,-0.34736244819198475,-0.7814416631963188,0.47519807947794346,-0.4054382835153223,-0.38686855295323636,0.0,0.0,0.07024211886194723,0.087016458179466,2.9464992635561753,-0.037831467205601724,-0.6876092554496108,-0.7327788776161482,-0.679811655294799,-0.6980385202280212,-0.7214528829766634,-0.6989186958141033,-0.5666458816281157,-0.6890696289769672,-0.6778270083293343,-0.500812429701186,0.10715510593585806,-0.379947541737426,-0.3854164655267844,-0.4171872486940295,-0.12326977601668536,0.0,0.0,-0.23395906074624068,-0.23395906074624068,-0.238667185252719,-0.2339590607462407,4.189935029992177,-0.22917462425705282,-0.23866718525271896,-0.22917462425705282,-0.21935622811243694,-0.2339590607462407,-0.23395906074624068,-0.23395906074624065,-0.2339590607462407,-0.23395906074624068,-0.2339590607462407,-0.2339590607462407,-0.23866718525271896,-0.2339590607462407,-0.1273859510596964,-0.2339590607462407,0.0,-0.5132825805728242,-0.524925984295639,-0.4884350730045385,0.11076156240920577,-0.16778980110582203,0.0017906689296518009,-0.7880617423674873,-0.7999157002111799,-0.8145818778637315,0.007037731520984385,102.9
2018-05-20,1.1052373904389758,-0.34698951564248354,-0.9597455446148412,-0.6918381411116712,-0.60107556072249,-0.7282591041030767,-0.6225265056775461,-0.798657494283263,-0.028947695775035504,1.6988250791888115,-0.12205503923798439,0.37013763454706716,0.9265899393545004,-0.16775375245083787,0.4543082409614993,-0.3281793638451944,-0.37076015512233923,0.488238536603978,-0.34736244819198475,-0.7846368213813951,0.47519807947794346,-0.4054382835153223,-0.38686855295323636,0.0,0.0,0.07024211886194723,0.087016458179466,2.9464992635561753,-0.037831467205601724,-0.6876092554496108,-0.7327788776161482,-0.679811655294799,-0.6980385202280212,-0.7214528829766634,-0.6989186958141033,-0.5666458816281157,-0.6890696289769672,-0.6778270083293343,-0.503217751745584,-0.06863720419640967,-0.4153298744638263,-0.3979866284883199,-0.41968564550048837,-0.3456379046264253,0.0,0.0,-0.23395906074624068,-0.23395906074624068,-0.238667185252719,-0.2339590607462407,4.189935029992177,-0.22917462425705282,-0.23866718525271896,-0.22917462425705282,-0.21935622811243694,-0.2339590607462407,-0.23395906074624068,-0.23395906074624065,-0.2339590607462407,-0.23395906074624068,-0.2339590607462407,-0.2339590607462407,-0.23866718525271896,-0.2339590607462407,-0.1273859510596964,-0.2339590607462407,0.0,-0.49637259320086546,-0.5093666743643166,-0.5042075471422934,0.12347519703783491,0.10226423946153658,-0.2049407855401599,-0.7880283077764856,-0.7834988112388995,-0.7943528950136207,0.0056792986696559905,102.8
2018-05-27,1.1035313874435637,-0.2914887204610083,-0.9859833966978722,-0.7186672335312144,-0.6323752679661765,-0.6957926805269263,-0.6286859521076806,-0.798343457359237,0.000940300232666686,0.6549048028747948,-0.7964626811778883,0.41631714490726657,0.7826425769414234,-0.16775375245083787,0.4543082409614993,-0.3281793638451944,-0.37076015512233923,0.488238536603978,-0.3473624481919801,-0.785701874109754,0.47519807947794346,-0.4054382835153223,-0.38686855295323636,0.0,0.0,0.07024211886194723,0.087016458179466,2.9464992635561753,-0.037831467205601724,-0.6876092554496108,-0.7327788776161482,-0.679811655294799,-0.6980385202280212,-0.7214528829766634,-0.6989186958141033,-0.5666458816281157,-0.6890696289769672,-0.6778270083293343,-0.4926517839052426,0.0495602490172781,-0.4706176127153893,-0.45750604812500323,-0.4337866777296206,-0.1130463856842048,0.0,0.0,-0.23395906074624068,-0.23395906074624068,-0.238667185252719,-0.2339590607462407,4.189935029992177,-0.22917462425705282,-0.23866718525271896,-0.22917462425705282,-0.21935622811243694,-0.2339590607462407,-0.23395906074624068,-0.23395906074624065,-0.2339590607462407,-0.23395906074624068,-0.2339590607462407,-0.2339590607462407,-0.23866718525271896,-0.2339590607462407,-0.1273859510596964,-0.2339590607462407,0.0,-0.4987812502026294,-0.4924598544205184,-0.5161641205153367,-0.058760317580101314,0.115506295445273,-0.1675531108724514,-0.79410744015717,-0.7834653837770021,-0.7908679098967,0.0035566381741672357,103.24000000000001
2018-06-03,1.1052373904389758,-0.2399614233179297,-0.9873643362811895,-0.7173604893037785,-0.5388316490828232,-0.7009064395517413,-0.6344569649791579,-0.7883566984709679,0.13134004089072734,-0.5779485009289148,-0.19589529200512834,1.062830289950034,0.20343800599817702,-0.16775375245083787,0.4543082409614993,-0.3281793638451944,-0.37076015512233923,0.488238536603978,-0.34736244819198475,-0.785701874109754,0.47519807947794346,-0.4054382835153223,-0.38686855295323636,0.0,0.0,0.07024211886194723,0.087016458179466,2.9464992635561753,-0.037831467205601724,-0.6876092554496108,-0.7327788776161482,-0.679811655294799,-0.6980385202280212,-0.7214528829766634,-0.6989186958141033,-0.5666458816281157,-0.6890696289769672,-0.6778270083293343,-0.5000111751102809,-0.11377985099833277,-0.44498964376062267,-0.5586343959008288,-0.5037545653595343,0.23836797679166344,0.0,0.0,-0.23395906074624068,-0.23395906074624068,-0.238667185252719,-0.2339590607462407,4.189935029992177,-0.22917462425705282,-0.23866718525271896,-0.22917462425705282,-0.21935622811243694,-0.2339590607462407,-0.23395906074624068,-0.23395906074624065,-0.2339590607462407,-0.23395906074624068,-0.2339590607462407,-0.2339590607462407,-0.23866718525271896,-0.2339590607462407,-0.1273859510596964,-0.2339590607462407,0.0,-0.48820063274297415,-0.49486806025411473,-0.5005588468563875,0.06376935221443697,-0.07430353921535454,0.10249410303907337,-0.79379346080594,-0.7895432199322072,-0.7744577442704313,0.00454057202641444,102.93333333333334
2018-06-10,1.113767405416037,-0.26431512097261867,-1.027066349301565,-0.7224649589421999,-0.5154845405423215,-0.7139881486849886,-0.6266882938060153,-0.7892364375391887,-0.034260213886117885,-0.2035650824009522,-0.7250837701696522,0.8511742007991263,-0.31492861851934306,-0.16775375245083787,0.4543082409614993,-0.3281793638451944,-0.37076015512233923,0.488238536603978,-0.34736244819198475,-0.785701874109754,0.47519807947794346,-0.4054382835153223,-0.38686855295323636,0.0,0.0,0.07024211886194723,0.087016458179466,2.9464992635561753,-0.037831467205601724,-0.6876092554496108,-0.7327788776161482,-0.679811655294799,-0.6980385202280212,-0.7214528829766634,-0.6989186958141033,-0.5666458816281157,-0.6890696289769672,-0.6778270083293343,-0.5140707361271286,-0.17483337881955816,-0.45361767341158715,-0.5475373747727111,-0.5019705274691976,-0.15637918280635868,0.0,0.0,-0.23395906074624068,-0.23395906074624068,-0.238667185252719,-0.2339590607462407,4.189935029992177,-0.22917462425705282,-0.23866718525271896,-0.22917462425705282,-0.21935622811243694,-0.2339590607462407,-0.23395906074624068,-0.23395906074624065,-0.2339590607462407,-0.23395906074624068,-0.2339590607462407,-0.2339590607462407,-0.23866718525271896,-0.2339590607462407,-0.1273859510596964,-0.2339590607462407,0.0,-0.49557022767768155,-0.4842894246614449,-0.4836020825082191,-0.10555754929617821,0.053318875183301515,0.1157358242788506,-0.7838085328031139,-0.7892293075293523,-0.7744243304983623,0.0042093163398338775,102.35
2018-06-17,1.1031048866947106,-0.19477890530067796,-1.0236140003432714,-0.7298153952215268,-0.4689019977254345,-0.7099744424736514,-0.6325147971858723,-0.7825214284665325,0.038338555976705095,-0.551828727543243,-0.31896237995036475,0.7934498128488797,-0.48836799265202857,-0.16775375245083787,0.4543082409614993,-0.3281793638451944,-0.37076015512233923,0.488238536603978,-0.34736244819198475,-0.785701874109754,0.47519807947794346,-0.4054382835153223,-0.38686855295323636,0.0,0.0,0.07024211886194723,0.087016458179466,2.9464992635561753,-0.037831467205601724,-0.6876092554496108,-0.7327788776161482,-0.679811655294799,-0.6980385202280212,-0.7214528829766634,-0.6989186958141033,-0.5666458816281157,-0.6890696289769672,-0.6778270083293343,-0.5044212903379207,0.041208683889926156,-0.4334185233424846,-0.5589579041801208,-0.5144791470162772,0.11863156067207167,0.0,0.0,-0.23395906074624068,-0.23395906074624068,-0.238667185252719,-0.2339590607462407,4.189935029992177,-0.22917462425705282,-0.23866718525271896,-0.22917462425705282,-0.21935622811243694,-0.2339590607462407,-0.23395906074624068,-0.23395906074624065,-0.2339590607462407,-0.23395906074624068,-0.2339590607462407,-0.2339590607462407,-0.23866718525271896,-0.2339590607462407,-0.1273859510596964,-0.2339590607462407,0.0,-0.509649282149339,-0.49165763918929484,-0.4860174024180498,-0.16884883350178484,-0.12304582105446966,-0.074069212207262,-0.7846881105876318,-0.7792465085668688,-0.7804996775464325,0.004984821709560606,102.75
2018-06-24,1.1052373904389758,-0.2584189625930624,-1.0343162821139813,-0.728957844322272,-0.5096188362950447,-0.6208701645819645,-0.62469063550435,-0.7648284727556282,-0.013981791112684862,-0.39336876900350065,-0.5404831382517948,0.41631714490726657,-0.4154795468139885,-0.16775375245083787,0.4543082409614993,-0.3281793638451944,-0.37076015512233923,0.488238536603978,-0.3473624481919801,-0.762128707055412,0.47519807947794346,-0.4054382835153223,-0.38686855295323636,0.0,0.0,0.07024211886194723,0.087016458179466,2.9464992635561753,-0.037831467205601724,-0.6876092554496108,-0.7327788776161482,-0.679811655294799,-0.6980385202280212,-0.7214528829766634,-0.6989186958141033,-0.5666458816281157,-0.6890696289769672,-0.6778270083293343,-0.49073553785445534,0.07798846260814497,-0.42313846377276276,-0.5688063397925341,-0.5546382573925132,0.5124115867504796,0.0,0.0,-0.23395906074624068,-0.23395906074624068,-0.238667185252719,-0.2339590607462407,4.189935029992177,-0.22917462425705282,-0.23866718525271896,-0.22917462425705282,-0.21935622811243694,-0.2339590607462407,-0.23395906074624068,-0.23395906074624065,-0.2339590607462407,-0.23395906074624068,-0.2339590607462407,-0.2339590607462407,-0.23866718525271896,-0.2339590607462407,-0.1273859510596964,-0.2339590607462407,0.0,-0.49998645749039217,-0.5057340564979181,-0.47540751649826457,0.055111682446612305,-0.18896770360141088,0.053549976043405466,-0.7779743325862868,-0.7801258988030552,-0.7801858937027525,0.005379503731831657,103.32000000000001
2018-07-01,0.6318215592120856,-0.18700815308849109,-1.0374233961764454,-0.740841049640517,-0.0935566040081968,-0.6082938851197743,-0.629185366683097,-0.7807842441445789,-0.12091048986175328,-0.29498428925080344,-0.2820422535667937,0.38937909719715114,-0.48104987560001655,-0.16775375245083787,0.4543082409614993,-0.3281793638451944,-0.37076015512233923,0.488238536603978,-0.34736244819198475,-0.762128707055412,0.47519807947794346,-0.4054382835153223,-0.38686855295323636,0.0,0.0,0.07024211886194723,0.087016458179466,2.9464992635561753,-0.037831467205601724,-0.6876092554496108,-0.7327788776161482,-0.679811655294799,-0.6980385202280212,-0.7214528829766634,-0.6989186958141033,-0.5666458816281157,-0.6890696289769672,-0.6778270083293343,-0.5152795675841885,-0.27037033090167883,-0.3689071648084799,-0.5323644754393079,-0.6114711141373866,-0.6986113621399728,0.0,0.0,-0.23395906074624068,-0.23395906074624068,-0.238667185252719,-0.2339590607462407,4.189935029992177,-0.22917462425705282,-0.23866718525271896,-0.22917462425705282,-0.21935622811243694,-0.2339590607462407,-0.23395906074624068,-0.23395906074624065,-0.2339590607462407,-0.23395906074624068,-0.2339590607462407,-0.2339590607462407,-0.23866718525271896,-0.2339590607462407,-0.1273859510596964,-0.2339590607462407,0.0,-0.48628172983428425,-0.4960730417931872,-0.48279749745451966,0.09323952715839373,0.044301363582325275,-0.12281026189750063,-0.7602846205478708,-0.7734135523497607,-0.7702071830795216,0.0074616043850858,102.3
2018-07-08,0.3247410200378865,-0.04692632506550096,-1.0584827248220359,-0.7608097348660215,0.07524851339908625,-0.5944688970585017,-0.632681268711011,-0.7815325210747123,-0.09553236600224743,-0.6545665028602189,0.30621842681144323,0.7857532277888483,-0.4924661382011552,-0.16775375245083787,0.4543082409614993,-0.3281793638451944,-0.37076015512233923,0.488238536603978,-0.3473624481919801,-0.762128707055412,0.47519807947794346,-0.4054382835153223,-0.38686855295323636,0.0,0.0,0.07024211886194723,0.087016458179466,2.9464992635561753,-0.037831467205601724,-0.6876092554496108,-0.7327788776161482,-0.679811655294799,-0.6980385202280212,-0.7214528829766634,-0.6989186958141033,-0.5666458816281157,-0.6890696289769672,-0.6778270083293343,-0.5390926976962583,-0.2637102011743877,-0.344645301982431,-0.5269256003366566,-0.5948728526116989,-0.1515152027295074,0.0,0.0,-0.23395906074624068,-0.23395906074624068,-0.238667185252719,-0.2339590607462407,4.189935029992177,-0.22917462425705282,-0.23866718525271896,-0.22917462425705282,-0.21935622811243694,-0.2339590607462407,-0.23395906074624068,-0.23395906074624065,-0.2339590607462407,-0.23395906074624068,-0.2339590607462407,-0.2339590607462407,-0.23866718525271896,-0.2339590607462407,-0.1273859510596964,-0.2339590607462407,0.0,-0.5108597896403343,-0.48237088118454974,-0.496915497880517,-0.26788744113265767,0.0840139295762922,-0.1887304780150001,-0.7762374667445852,-0.7557276122074035,-0.7710862131716608,0.008393089365236264,101.32000000000001
2018-07-15,0.008277464388920306,-0.3427596628919323,-1.0474352081554967,-0.7706103165717907,0.4973540467906087,-0.5769869766713439,-0.6333471548115662,-0.7882943573531362,-0.1339248476673362,-0.006796122895557864,-0.8161534152491295,0.23159910346647433,-0.5278858247328936,-0.16775375245083787,0.4543082409614993,-0.3281793638451944,-0.37076015512233923,0.488238536603978,-0.3473624481919801,-0.762128707055412,0.47519807947794346,-0.4054382835153223,-0.38686855295323636,0.0,0.0,0.07024211886194723,0.087016458179466,2.9464992635561753,-0.037831467205601724,-0.6876092554496108,-0.7327788776161482,-0.679811655294799,-0.6980385202280212,-0.7214528829766634,-0.6989186958141033,-0.5666458816281157,-0.6890696289769672,-0.6778270083293343,-0.543002415661179,-0.0823456146945847,-0.3710365263450959,-0.5272046753870419,-0.601269078960516,-0.36918383944648137,0.0,0.0,-0.23395906074624068,-0.23395906074624068,-0.238667185252719,-0.2339590607462407,4.189935029992177,-0.22917462425705282,-0.23866718525271896,-0.22917462425705282,-0.21935622811243694,-0.2339590607462407,-0.23395906074624068,-0.23395906074624065,-0.2339590607462407,-0.23395906074624068,-0.2339590607462407,-0.2339590607462407,-0.23866718525271896,-0.2339590607462407,-0.1273859510596964,-0.2339590607462407,0.0,-0.5347059364429794,-0.5069443372474363,-0.48722594359077576,-0.26098320187804014,-0.29212268839593086,0.04453269239476073,-0.7769856064921398,-0.7716770568519861,-0.7643766156818168,0.00737985187074307,101.16
2018-07-22,-0.15933732991033006,-0.2995382584226634,-1.098529972738241,-0.7755106074246754,0.6513764283915403,-0.5801979416404137,-0.6360106992137864,-0.7645344798739577,-0.010430127848590664,-0.5117784083518796,-0.10728698868455525,0.6010351863480561,-0.44153204351915143,-0.16775375245083787,0.4543082409614993,-0.3281793638451944,-0.37076015512233923,0.488238536603978,-0.3473624481919801,-0.7895360639318459,0.47519807947794346,-0.4054382835153223,-0.38686855295323636,0.0,0.0,0.07024211886194723,0.087016458179466,2.9464992635561753,-0.037831467205601724,-0.6876092554496108,-0.7327788776161482,-0.679811655294799,-0.6980385202280212,-0.7214528829766634,-0.6989186958141033,-0.5666458816281157,-0.6890696289769672,-0.6778270083293343,-0.5478982682928133,-0.09133150639595022,-0.44292866127606323,-0.542500721868417,-0.6048519750399476,0.7319112543160776,0.0,0.0,-0.23395906074624068,-0.23395906074624068,-0.238667185252719,-0.2339590607462407,4.189935029992177,-0.22917462425705282,-0.23866718525271896,-0.22917462425705282,-0.21935622811243694,-0.2339590607462407,-0.23395906074624068,-0.23395906074624065,-0.2339590607462407,-0.23395906074624068,-0.2339590607462407,-0.2339590607462407,-0.23866718525271896,-0.2339590607462407,-0.1273859510596964,-0.2339590607462407,0.0,-0.5386210751966697,-0.53078601740234,-0.4734833054557639,-0.07297117378791386,-0.28493148576935245,0.08424425450069194,-0.78374620311436,-0.772425037077138,-0.7466979186106236,0.0046196992658389035,100.96000000000001
2018-07-29,1.1222974203930982,-0.1893313676673923,-0.8673952099804895,-0.8682486118155162,-0.5752243210360378,-0.8000598485503317,-0.63417951243726,-0.7806839219793813,-0.1514309797413697,-0.6345413432645371,0.38252002133749147,0.9088985887493756,-0.5908216313801972,-0.16775375245083787,0.4543082409614993,-0.3281793638451944,-0.37076015512233923,0.488238536603978,-0.34736244819198475,-0.7895360639318459,0.47519807947794346,-0.4054382835153223,-0.38686855295323636,0.0,0.0,0.07024211886194723,0.087016458179466,2.9464992635561753,-0.037831467205601724,-0.6876092554496108,-0.7327788776161482,-0.679811655294799,-0.6980385202280212,-0.7214528829766634,-0.6989186958141033,-0.5666458816281157,-0.6890696289769672,-0.6778270083293343,-0.5469183223392884,-0.03778984365202565,-0.4483973394901396,-0.5393840189383696,-0.6162252672124559,-0.7055262905202293,0.0,0.0,-0.23395906074624068,-0.23395906074624068,-0.238667185252719,-0.2339590607462407,4.189935029992177,-0.22917462425705282,-0.23866718525271896,-0.22917462425705282,-0.21935622811243694,-0.2339590607462407,-0.23395906074624068,-0.23395906074624065,-0.2339590607462407,-0.23395906074624068,-0.2339590607462407,-0.2339590607462407,-0.23866718525271896,-0.2339590607462407,-0.1273859510596964,-0.2339590607462407,0.0,-0.5435237158839137,-0.5347004228071243,-0.49812935391807606,-0.08228641970093066,-0.08910504633566516,-0.29188285517003704,-0.7599906815642963,-0.7791841921683883,-0.7626408313455842,0.004409740465304472,101.0
2018-08-05,1.1052373904389758,-0.13357421777376247,-0.8672225925325747,-0.8504850574738094,-0.556405916902527,-0.8006842028498731,-0.6320153826104561,-0.7672070868236432,-0.21316889892309457,-0.5291915906089941,0.2865276927402073,0.5548556759878593,-0.7620655703972791,-0.16775375245083787,0.4543082409614993,-0.3281793638451944,-0.37076015512233923,0.488238536603978,-0.3473624481919801,-0.7895360639318459,0.47519807947794346,-0.4054382835153223,-0.38686855295323636,0.0,0.0,0.07024211886194723,0.087016458179466,2.9464992635561753,-0.037831467205601724,-0.6876092554496108,-0.7327788776161482,-0.679811655294799,-0.6980385202280212,-0.7214528829766634,-0.6989186958141033,-0.5666458816281157,-0.6890696289769672,-0.6778270083293343,-0.5400695480652814,0.01568830439595395,-0.5065953212963642,-0.5370956062194506,-0.6285122984159606,0.36070385815930056,0.0,0.0,-0.23395906074624068,-0.23395906074624068,-0.238667185252719,-0.2339590607462407,4.189935029992177,-0.22917462425705282,-0.23866718525271896,-0.22917462425705282,-0.21935622811243694,-0.2339590607462407,-0.23395906074624068,-0.23395906074624065,-0.2339590607462407,-0.23395906074624068,-0.2339590607462407,-0.2339590607462407,-0.23866718525271896,-0.2339590607462407,-0.1273859510596964,-0.2339590607462407,0.0,-0.542542411244144,-0.539602145175399,-0.5220414647345992,-0.026782328217647474,-0.09880746515495924,-0.2846918343287978,-0.7761371629715801,-0.7554337358990885,-0.7633885052441313,0.002175347075306213,101.28
2018-08-12,-0.11455475128075937,-0.295932202138355,-0.859627424824329,-0.7294478734075605,-0.06531731258389291,-0.6390656327400266,-0.632681268711011,-0.7645345206553256,-0.13764396260086736,-0.2262022193352011,-0.5306377712161761,0.1546332528661438,-0.6481956690679715,-0.16775375245083787,0.4543082409614993,-0.3281793638451944,-0.37076015512233923,0.488238536603978,-0.3473624481919801,-0.7895360639318459,0.47519807947794346,-0.4054382835153223,-0.38686855295323636,0.0,0.0,0.07024211886194723,0.087016458179466,2.9464992635561753,-0.037831467205601724,-0.6876092554496108,-0.7327788776161482,-0.679811655294799,-0.6980385202280212,-0.7214528829766634,-0.6989186958141033,-0.5666458816281157,-0.6890696289769672,-0.6778270083293343,-0.5361644588133284,-0.011135247907768358,-0.5104736531677461,-0.5440591191389229,-0.6264748723550887,-0.028632081794011888,0.0,0.0,-0.23395906074624068,-0.23395906074624068,-0.238667185252719,-0.2339590607462407,4.189935029992177,-0.22917462425705282,-0.23866718525271896,-0.22917462425705282,-0.21935622811243694,-0.2339590607462407,-0.23395906074624068,-0.23395906074624065,-0.2339590607462407,-0.23395906074624068,-0.2339590607462407,-0.2339590607462407,-0.23866718525271896,-0.2339590607462407,-0.1273859510596964,-0.2339590607462407,0.0,-0.5356841412062472,-0.5386210243448707,-0.5259674336768823,0.028655920605665974,-0.040996437213902705,-0.08887034516248062,-0.7626627985414878,-0.7715767744662938,-0.7701448922019976,0.0020264463947553225,101.44
2018-08-19,0.4740162821364555,-0.2730739069712348,-0.597248903994021,-0.6824050812198684,-0.744822364360161,-0.815097867822142,-0.6186976605993545,-0.7601780918036709,-0.048030422654161624,0.2822627025725436,-1.1508958944601737,0.2008127632263432,-0.33644388265225844,-0.16775375245083787,0.4543082409614993,-0.3281793638451944,-0.37076015512233923,0.488238536603978,-0.3473624481919801,-0.8082809919509611,0.47519807947794346,-0.4054382835153223,-0.38686855295323636,0.0,0.0,0.07024211886194723,0.087016458179466,2.9464992635561753,-0.037831467205601724,-0.6876092554496108,-0.7327788776161482,-0.679811655294799,-0.6980385202280212,-0.7214528829766634,-0.6989186958141033,-0.5666458816281157,-0.6890696289769672,-0.6778270083293343,-0.509000084400084,0.2008088450902559,-0.43827179835911556,-0.5098733983135071,-0.5992247157777618,0.03150313103901854,0.0,0.0,-0.23395906074624068,-0.23395906074624068,-0.238667185252719,-0.2339590607462407,4.189935029992177,-0.22917462425705282,-0.23866718525271896,-0.22917462425705282,-0.21935622811243694,-0.2339590607462407,-0.23395906074624068,-0.23395906074624065,-0.2339590607462407,-0.23395906074624068,-0.2339590607462407,-0.2339590607462407,-0.23866718525271896,-0.2339590607462407,-0.1273859510596964,-0.2339590607462407,0.0,-0.5317736375831932,-0.5317640389370076,-0.5308836362138041,0.0008492215852592543,0.016746011425096956,-0.09857251871577571,-0.7599907223381875,-0.7581052831130486,-0.746404162655934,0.004798490065739854,102.55999999999999
2018-08-26,1.0625873155536705,-0.25021561180411456,-0.7362059495653354,-0.740841049640517,-0.6451270005469376,-0.78801872991632,-0.6266882938060153,-0.7542581562808897,0.005828711368894489,-0.6258347521359798,0.48097369169368337,0.466344947797479,-0.2658972342708623,-0.16775375245083787,0.4543082409614993,-0.3281793638451944,-0.37076015512233923,0.488238536603978,-0.34736244819198475,-0.8207776106303714,0.47519807947794346,-0.4054382835153223,-0.38686855295323636,0.0,0.0,0.07024211886194723,0.087016458179466,2.9464992635561753,-0.037831467205601724,-0.6876092554496108,-0.7327788776161482,-0.679811655294799,-0.6980385202280212,-0.7214528829766634,-0.6989186958141033,-0.5666458816281157,-0.6890696289769672,-0.6778270083293343,-0.5189096100955695,-0.13701727802383235,-0.40218315751625966,-0.5341858040051723,-0.5979021227337233,0.08697804640977692,0.0,0.0,-0.23395906074624068,-0.23395906074624068,-0.238667185252719,-0.2339590607462407,4.189935029992177,-0.22917462425705282,-0.23866718525271896,-0.22917462425705282,-0.21935622811243694,-0.2339590607462407,-0.23395906074624068,-0.23395906074624065,-0.2339590607462407,-0.23395906074624068,-0.2339590607462407,-0.2339590607462407,-0.23866718525271896,-0.2339590607462407,-0.1273859510596964,-0.2339590607462407,0.0,-0.5045716000093122,-0.5278542677946484,-0.5298996170561121,0.22056156752727357,-0.012216427398020107,-0.040762952171076484,-0.7556350921562772,-0.7554337766642858,-0.7625405900293772,0.006184040183642291,102.15
2018-09-02,0.5650031085584404,-0.26175157385107245,-0.8423656800328614,-0.8129161609350277,-0.3074765784539351,-0.7669096083603982,-0.6167000022976892,-0.763189292857793,-0.07994418790901066,-0.6417968358716681,0.7886414115567806,0.5753799028146144,-0.5322766949641008,-0.16775375245083787,0.4543082409614993,-0.3281793638451944,-0.37076015512233923,0.488238536603978,-0.34736244819198475,-0.8207776106303714,0.47519807947794346,-0.4054382835153223,-0.38686855295323636,0.0,0.0,0.07024211886194723,0.087016458179466,2.9464992635561753,-0.037831467205601724,-0.6876092554496108,-0.7327788776161482,-0.679811655294799,-0.6980385202280212,-0.7214528829766634,-0.6989186958141033,-0.5666458816281157,-0.6890696289769672,-0.6778270083293343,-0.5257809240415673,-0.10933237588192428,-0.3862907044413962,-0.567889545710287,-0.6027293852455896,-0.4437326873153902,0.0,0.0,-0.23395906074624068,-0.23395906074624068,-0.238667185252719,-0.2339590607462407,4.189935029992177,-0.22917462425705282,-0.23866718525271896,-0.22917462425705282,-0.21935622811243694,-0.2339590607462407,-0.23395906074624068,-0.23395906074624065,-0.2339590607462407,-0.23395906074624068,-0.2339590607462407,-0.2339590607462407,-0.23866718525271896,-0.2339590607462407,-0.1273859510596964,-0.2339590607462407,0.0,-0.5144948651729858,-0.5006573254640658,-0.5230223754408067,-0.12964668305409083,0.21662790156598818,0.016978036805171844,-0.7497162419429435,-0.751079075213396,-0.7490746157687928,0.006794198663356692,101.86666666666667
2018-09-09,0.7256517239597575,-0.2585471399491397,-0.8444370894078376,-0.7760006365099639,-0.46020369315757237,-0.7068526709759446,-0.6286859521076806,-0.7386900219898027,0.03369085706592798,-0.6998407767287167,1.0938477896609682,0.3085649540668049,-0.803925199934788,-0.16775375245083787,0.4543082409614993,-0.3281793638451944,-0.37076015512233923,0.488238536603978,-0.3473624481919801,-0.8207776106303714,0.47519807947794346,-0.4054382835153223,-0.38686855295323636,0.0,0.0,-0.7163508082283909,0.764192154157895,1.042648613178545,-0.037831467205601724,-0.6876092554496108,-0.7327788776161482,-0.679811655294799,-0.6980385202280212,-0.7214528829766634,-0.6989186958141033,-0.5666458816281157,-0.6890696289769672,-0.6778270083293343,-0.5616584266854534,-0.37364360953645837,-0.2908630235440109,-0.49815229619682844,-0.571004039735394,0.7480903172473703,0.0,0.0,-0.23395906074624068,-0.23395906074624068,-0.238667185252719,-0.2339590607462407,-0.23866718525271893,-0.22917462425705282,-0.23866718525271896,4.363484845854286,-0.21935622811243694,-0.2339590607462407,-0.23395906074624068,-0.23395906074624065,-0.2339590607462407,-0.23395906074624068,-0.2339590607462407,-0.2339590607462407,-0.23866718525271896,-0.2339590607462407,-0.1273859510596964,-0.2339590607462407,0.0,-0.5213757061339258,-0.5105787318901288,-0.5191010544510144,-0.1009470636840411,-0.14813618011698967,-0.011983669880771711,-0.7586457411630096,-0.7451614870493113,-0.7464042034044364,0.010457950786753782,100.4
2018-09-16,1.0455272855995483,-0.21176240498092155,-0.7222239362842465,-0.7377783678574641,-0.6722997834281232,-0.8010409767353254,-0.6213612050015748,-0.7300306286598969,0.04940674836903827,-0.5152610448033025,1.901167886581731,0.46249665526746325,-0.7562110767556695,1.9246436743840944,0.4543082409614993,-0.3281793638451944,-0.37076015512233923,0.488238536603978,-0.3473624481919801,-0.8207776106303714,0.47519807947794346,-0.4054382835153223,-0.38686855295323636,0.0,0.0,-0.7163508082283909,0.764192154157895,1.042648613178545,-0.037831467205601724,-0.6876092554496108,-0.7327788776161482,-0.679811655294799,-0.6980385202280212,-0.7214528829766634,-0.6989186958141033,-0.5666458816281157,-0.6890696289769672,-0.6778270083293343,-0.5784707440241686,-0.19991714376921169,-0.42615156991239356,-0.48974709814954054,-0.5797797642425393,0.18156667272646226,0.0,0.0,-0.23395906074624068,-0.23395906074624068,-0.238667185252719,-0.2339590607462407,-0.23866718525271893,-0.22917462425705282,-0.23866718525271896,4.363484845854286,-0.21935622811243694,-0.2339590607462407,-0.23395906074624068,-0.23395906074624065,-0.2339590607462407,-0.23395906074624068,-0.2339590607462407,-0.2339590607462407,-0.23866718525271896,-0.2339590607462407,-0.1273859510596964,-0.2339590607462407,0.0,-0.5573029526123197,-0.5174582839932508,-0.4918237696852544,-0.37494593000586374,-0.11824370817554121,0.21685487416155913,-0.7341509617780817,-0.754089082273267,-0.742051285370897,0.0052638216371471615,99.72
2018-09-23,0.3769873617723857,-0.26303334741184553,-0.7574378956588406,-0.727977786151695,-0.5393108050949488,-0.7082797665177534,-0.6200294328004646,-0.6808271741436742,0.36024664454047345,-0.34809449513500285,0.37513599606077863,0.5548556759878593,-0.7108387510331947,-0.16775375245083787,0.4543082409614993,-0.3281793638451944,-0.37076015512233923,0.488238536603978,-0.3473624481919801,-0.7864119092619933,0.47519807947794346,-0.4054382835153223,-0.38686855295323636,0.0,0.0,-0.7163508082283909,0.764192154157895,1.042648613178545,-0.037831467205601724,-0.6876092554496108,-0.7327788776161482,-0.679811655294799,-0.6980385202280212,-0.7214528829766634,-0.6989186958141033,-0.5666458816281157,-0.6890696289769672,-0.6778270083293343,-0.6154620658875617,-0.3837929930022505,-0.40770402236297415,-0.45303412254587,-0.5618282821320361,1.5916600298966037,0.0,0.0,-0.23395906074624068,-0.23395906074624068,-0.238667185252719,-0.2339590607462407,-0.23866718525271893,-0.22917462425705282,-0.23866718525271896,4.363484845854286,-0.21935622811243694,-0.2339590607462407,-0.23395906074624068,-0.23395906074624065,-0.2339590607462407,-0.23395906074624068,-0.2339590607462407,-0.2339590607462407,-0.23866718525271896,-0.2339590607462407,-0.1273859510596964,-0.2339590607462407,0.0,-0.5741385800777093,-0.553378800899959,-0.5017744849190121,-0.19485197784135286,-0.4036308876327433,-0.1478999867045742,-0.7254931559859716,-0.7295995257976562,-0.7361361206862455,0.005972077783268243,98.24
2018-09-30,1.0540573005766094,-0.24060231009831629,-0.7465629964402161,-0.7518667040595074,-0.6339982157491824,-0.7973840444094402,-0.6283530090574031,-0.6520628518758528,0.5304815551074787,6.239312352731429,0.6901877412005869,0.043032769495669136,0.23027110185555444,-0.16775375245083787,0.4543082409614993,-0.3281793638451944,-0.37076015512233923,0.488238536603978,-0.34736244819198475,-0.7864119092619933,0.47519807947794346,-0.4054382835153223,-0.38686855295323636,0.0,0.0,-0.7163508082283909,0.764192154157895,1.042648613178545,-0.037831467205601724,-0.6876092554496108,-0.7327788776161482,-0.679811655294799,-0.6980385202280212,-0.7214528829766634,-0.6989186958141033,-0.5666458816281157,-0.6890696289769672,-0.6778270083293343,-0.6253025671627684,-0.1363883112241563,-0.4195481787916955,-0.46352741445868095,-0.569601012389454,0.8612279018519351,0.0,0.0,-0.23395906074624068,-0.23395906074624068,-0.238667185252719,-0.2339590607462407,-0.23866718525271893,-0.22917462425705282,-0.23866718525271896,4.363484845854286,-0.21935622811243694,-0.2339590607462407,-0.23395906074624068,-0.23395906074624065,-0.2339590607462407,-0.23395906074624068,-0.2339590607462407,-0.2339590607462407,-0.23866718525271896,-0.2339590607462407,-0.1273859510596964,-0.2339590607462407,0.0,-0.6111811900759333,-0.5702112748656233,-0.5086743598938076,-0.38546731241190735,-0.21605162595374502,-0.11800827041046778,-0.6762987220027992,-0.7209435660697147,-0.7450600597173718,0.005517345436662888,97.85
2018-10-07,1.0796473455077926,-0.2470111779021818,-0.711866889409366,-0.7250376116399643,-0.646085374397771,-0.8003274289644209,-0.6380083575154517,-0.6352050577995348,0.6066754810984295,3.3365348704704343,-0.31403969643255447,-0.09165746905490797,3.723354733121944,-0.16775375245083787,0.4543082409614993,-0.3281793638451944,-0.37076015512233923,0.488238536603978,-0.3473624481919801,-0.7864119092619933,0.47519807947794346,-0.4054382835153223,-0.38686855295323636,0.0,0.0,-0.7163508082283909,0.764192154157895,1.042648613178545,-0.037831467205601724,-0.6876092554496108,-0.7327788776161482,-0.679811655294799,-0.6980385202280212,-0.7214528829766634,-0.6989186958141033,-0.5666458816281157,-0.6890696289769672,-0.6778270083293343,-0.6438278388799104,-0.21552598813244356,-0.4412143505106178,-0.47210951350241603,-0.5664947062516423,0.4473604017157283,0.0,0.0,-0.23395906074624068,-0.23395906074624068,-0.238667185252719,-0.2339590607462407,-0.23866718525271893,-0.22917462425705282,-0.23866718525271896,4.363484845854286,-0.21935622811243694,-0.2339590607462407,-0.23395906074624068,-0.23395906074624065,-0.2339590607462407,-0.23395906074624068,-0.2339590607462407,-0.2339590607462407,-0.23866718525271896,-0.2339590607462407,-0.1273859510596964,-0.2339590607462407,0.0,-0.6210353351175908,-0.6072469463722052,-0.5447009895306176,-0.12899466313165894,-0.4145895740286376,-0.40338823560770376,-0.6475396731354378,-0.6717596215897772,-0.7205805326548937,0.004685516748229752,97.12
2018-10-14,0.9516971208518763,-0.2509277082267663,-0.6317723935769562,-0.6564335396995801,-0.7336935795624059,-0.8038951678189429,-0.6286859521076806,-0.626064648234464,0.6829279978320455,-0.020726668701249434,-0.550328505287412,-0.06087112881477684,5.307873437223591,-0.16775375245083787,0.4543082409614993,-0.3281793638451944,-0.37076015512233923,0.488238536603978,-0.3473624481919801,-0.7864119092619933,0.47519807947794346,-0.4054382835153223,-0.38686855295323636,0.0,0.0,-0.7163508082283909,0.764192154157895,1.042648613178545,-0.037831467205601724,-0.6876092554496108,-0.7327788776161482,-0.679811655294799,-0.6980385202280212,-0.7214528829766634,-0.6989186958141033,-0.5666458816281157,-0.6890696289769672,-0.6778270083293343,-0.6174774415808061,0.19339169361800576,-0.2832167988625912,-0.4748168098582883,-0.5345372948507849,0.18379598781617376,0.0,0.0,-0.23395906074624068,-0.23395906074624068,-0.238667185252719,-0.2339590607462407,-0.23866718525271893,-0.22917462425705282,-0.23866718525271896,4.363484845854286,-0.21935622811243694,-0.2339590607462407,-0.23395906074624068,-0.23395906074624065,-0.2339590607462407,-0.23395906074624068,-0.2339590607462407,-0.2339590607462407,-0.23866718525271896,-0.2339590607462407,-0.1273859510596964,-0.2339590607462407,0.0,-0.6395862919572356,-0.6170992456232175,-0.5615831882753408,-0.21103292331607026,-0.1474570600567111,-0.21581371571689856,-0.6306849696203439,-0.6430067048823311,-0.7119281178746224,0.010751512064247744,98.16
2018-10-21,0.82374689619596,-0.2548442385513508,-0.6939146748262396,-0.6500631615908302,-0.7055006580747594,-0.8017545245062297,-0.632681268711011,-0.6197839097539412,0.5749129336022996,0.2822627025725436,-0.5404831382517948,-0.35334136109602804,1.950906783124626,-0.16775375245083787,0.4543082409614993,-0.3281793638451944,-0.37076015512233923,0.488238536603978,-0.3473624481919801,-0.7565904328679461,0.47519807947794346,-0.4054382835153223,-0.38686855295323636,0.0,0.0,-0.7163508082283909,0.764192154157895,1.042648613178545,-0.037831467205601724,-0.6876092554496108,-0.7327788776161482,-0.679811655294799,-0.6980385202280212,-0.7214528829766634,-0.6989186958141033,-0.5666458816281157,-0.6890696289769672,-0.6778270083293343,-0.60942577124568,0.026649377054760188,-0.35355502823739987,-0.4582436498060571,-0.5307633301946397,0.08662958883375343,0.0,0.0,-0.23395906074624068,-0.23395906074624068,-0.238667185252719,-0.2339590607462407,-0.23866718525271893,-0.22917462425705282,-0.23866718525271896,4.363484845854286,-0.21935622811243694,-0.2339590607462407,-0.23395906074624068,-0.23395906074624065,-0.2339590607462407,-0.23395906074624068,-0.2339590607462407,-0.2339590607462407,-0.23866718525271896,-0.2339590607462407,-0.1273859510596964,-0.2339590607462407,0.0,-0.6131993600694374,-0.6356467276629229,-0.5987282667880892,0.212872559887931,-0.23290510586762372,-0.4143466449805983,-0.6215462357783983,-0.6261555952182634,-0.6627643161073217,0.008051018509290067,98.48
2018-10-28,0.6957966715400438,-0.2587607688759352,-0.7008193727428268,-0.6550859597150369,-0.7030119835743613,-0.8013977506207774,-0.634872866339463,-0.5956031379713221,0.6960062238385553,2.2386337291593628,-0.9466045284710806,-0.43800379675639,1.2624915120418534,-0.16775375245083787,0.4543082409614993,-0.3281793638451944,-0.37076015512233923,0.488238536603978,-0.34736244819198475,-0.7565904328679461,0.47519807947794346,-0.4054382835153223,-0.38686855295323636,0.0,0.0,-0.7163508082283909,0.764192154157895,1.042648613178545,-0.037831467205601724,-0.6876092554496108,-0.7327788776161482,-0.679811655294799,-0.6980385202280212,-0.7214528829766634,-0.6989186958141033,-0.5666458816281157,-0.6890696289769672,-0.6778270083293343,-0.5880814780532299,0.14777489211353537,-0.35166927007325255,-0.42395191173903046,-0.5168191405541356,0.6829064457924696,0.0,0.0,-0.23395906074624068,-0.23395906074624068,-0.238667185252719,-0.2339590607462407,-0.23866718525271893,-0.22917462425705282,-0.23866718525271896,4.363484845854286,-0.21935622811243694,-0.2339590607462407,-0.23395906074624068,-0.23395906074624065,-0.2339590607462407,-0.23395906074624068,-0.2339590607462407,-0.2339590607462407,-0.23866718525271896,-0.2339590607462407,-0.1273859510596964,-0.2339590607462407,0.0,-0.605136526165859,-0.6092647383400889,-0.6086096706974231,0.040018742535926806,0.2086193129448969,-0.1472208838116704,-0.6152666487537966,-0.6170188099865657,-0.6340231748226246,0.008123418366576105,99.33335
2018-11-04,0.5678464468841274,-0.2626772992005197,-0.7077240706594139,-0.6461429289085224,-0.6980814682095893,-0.7946190467971858,-0.6320153826104561,-0.6068482637418027,0.4519207010051348,1.2504356360681121,-1.3773393362794142,-0.2301960001355035,2.2272388830086007,-0.16775375245083787,0.4543082409614993,-0.3281793638451944,-0.37076015512233923,0.488238536603978,-0.3473624481919801,-0.7565904328679461,0.47519807947794346,-0.4054382835153223,-0.38686855295323636,0.0,0.0,-0.7163508082283909,0.764192154157895,1.042648613178545,-0.037831467205601724,-0.6876092554496108,-0.7327788776161482,-0.679811655294799,-0.6980385202280212,-0.7214528829766634,-0.6989186958141033,-0.5666458816281157,-0.6890696289769672,-0.6778270083293343,-0.5774786150648006,0.049896446309812194,-0.47174781375120195,-0.4496242512417549,-0.513162250800651,-0.49889713715360084,0.0,0.0,-0.23395906074624068,-0.23395906074624068,-0.238667185252719,-0.2339590607462407,-0.23866718525271893,-0.22917462425705282,-0.23866718525271896,4.363484845854286,-0.21935622811243694,-0.2339590607462407,-0.23395906074624068,-0.23395906074624065,-0.2339590607462407,-0.23395906074624068,-0.2339590607462407,-0.2339590607462407,-0.23866718525271896,-0.2339590607462407,-0.1273859510596964,-0.2339590607462407,0.0,-0.5837626393030024,-0.6012034146947145,-0.6272119438182495,0.1655837945765438,0.02858111039788897,-0.2326667695941709,-0.5910903100633902,-0.6107405619294665,-0.6171789663346043,0.0035132463993081493,99.76
2018-11-11,0.4398962222282112,-0.2665938295251042,-0.7008193727428268,-0.6416101598696043,-0.6979887283362746,-0.793370338198103,-0.6383413005657295,-0.5989104559366966,0.17989660178427788,3.97124536374226,-1.6357802209644137,-0.5534525726568859,3.3916976683247575,-0.16775375245083787,0.4543082409614993,-0.3281793638451944,-0.37076015512233923,0.488238536603978,-0.34736244819198475,-0.7565904328679461,0.47519807947794346,-0.4054382835153223,-0.38686855295323636,0.0,0.0,-0.7163508082283909,0.764192154157895,1.042648613178545,-0.037831467205601724,-0.6876092554496108,-0.7327788776161482,-0.679811655294799,-0.6980385202280212,-0.7214528829766634,-0.6989186958141033,-0.5666458816281157,-0.6890696289769672,-0.6778270083293343,-0.5864221322337996,-0.12821478045975226,-0.431233298080866,-0.45642354904392124,-0.5395327390258408,0.13999949274118034,0.0,0.0,-0.23395906074624068,-0.23395906074624068,-0.238667185252719,-0.2339590607462407,-0.23866718525271893,-0.22917462425705282,-0.23866718525271896,4.363484845854286,-0.21935622811243694,-0.2339590607462407,-0.23395906074624068,-0.23395906074624065,-0.2339590607462407,-0.23395906074624068,-0.2339590607462407,-0.2339590607462407,-0.23866718525271896,-0.2339590607462407,-0.1273859510596964,-0.2339590607462407,0.0,-0.5731450755404686,-0.5798335313978961,-0.6007520195113553,0.06411787193394011,0.15936506772338843,0.20884648798838573,-0.6023333742503972,-0.5865693782487302,-0.6080459229670717,0.0050687189982410764,99.4
2018-11-18,0.3119459975722949,-0.27051035984968863,-0.7008193727428268,-0.6422226962262149,-0.6995653061826234,-0.7892674385154027,-0.6346789270126764,-0.5570301524475886,0.31057044139094325,-0.5535700457689545,-0.7767719471066524,-0.6919911037374786,3.009106508845568,-0.16775375245083787,0.4543082409614993,-0.3281793638451944,-0.37076015512233923,0.488238536603978,-0.3473624481919801,-0.7426169410718785,0.47519807947794346,-0.4054382835153223,-0.38686855295323636,0.0,0.0,-0.7163508082283909,0.764192154157895,1.042648613178545,-0.037831467205601724,-0.6876092554496108,-0.7327788776161482,-0.679811655294799,-0.6980385202280212,-0.7214528829766634,-0.6989186958141033,-0.5666458816281157,-0.6890696289769672,-0.6778270083293343,-0.5725239297974412,0.07992435669350248,-0.4272352460805618,-0.5177995631842036,-0.5299993946920202,1.256007976296244,0.0,0.0,-0.23395906074624068,-0.23395906074624068,-0.238667185252719,-0.2339590607462407,-0.23866718525271893,-0.22917462425705282,-0.23866718525271896,4.363484845854286,-0.21935622811243694,-0.2339590607462407,-0.23395906074624068,-0.23395906074624065,-0.2339590607462407,-0.23395906074624068,-0.2339590607462407,-0.2339590607462407,-0.23866718525271896,-0.2339590607462407,-0.1273859510596964,-0.2339590607462407,0.0,-0.5821009928155281,-0.5692179564227999,-0.592666881925261,-0.1205215531078133,0.05368188055288357,0.028812836600261217,-0.5943970216938779,-0.597810045128794,-0.6017702460934719,0.005222216090152152,99.96000000000001
2018-11-25,0.1839957729163786,-0.2744268901742731,-0.6950654578123376,-0.629155253951856,-0.7015437568133354,-0.7877214183451098,-0.6466648768226677,-0.5463484382678023,0.4049679787643745,0.815106079640249,-0.8522530943797314,-0.373865587922783,0.990867400794673,-0.16775375245083787,0.4543082409614993,-0.3281793638451944,-0.37076015512233923,0.488238536603978,-0.34736244819198475,-0.7216567033777768,0.47519807947794346,-0.4054382835153223,-0.38686855295323636,0.0,0.0,-0.7163508082283909,0.764192154157895,1.042648613178545,-0.037831467205601724,-0.6876092554496108,-0.7327788776161482,-0.679811655294799,-0.6980385202280212,-0.7214528829766634,-0.6989186958141033,-0.5666458816281157,-0.6890696289769672,-0.6778270083293343,-0.5764868838320235,-0.08283071431914289,-0.44669913290457525,-0.5255651956509082,-0.530163529251766,0.22366410730548678,0.0,0.0,-0.23395906074624068,-0.23395906074624068,-0.238667185252719,-0.2339590607462407,-0.23866718525271893,-0.22917462425705282,-0.23866718525271896,4.363484845854286,-0.21935622811243694,-0.2339590607462407,-0.23395906074624068,-0.23395906074624065,-0.2339590607462407,-0.23395906074624068,-0.2339590607462407,-0.2339590607462407,-0.23866718525271896,-0.2339590607462407,-0.1273859510596964,-0.2339590607462407,0.0,-0.5681835206465796,-0.578172196155236,-0.571233869897181,0.09524637634665176,-0.13863177912253496,0.15959348785759975,-0.5525243961750566,-0.5898753848042829,-0.5776089614399917,0.0044749396603946095,99.8
2018-12-02,0.05604554826046233,-0.2783434204988575,-0.6697482321181851,-0.6108608347677535,-0.67804965557363,-0.7860564735463329,-0.6466648768226677,-0.5037909737573997,0.49894111491046206,0.5295298906235701,-1.337957868136937,-0.44570038181642413,0.7112177545137859,-0.16775375245083787,0.4543082409614993,-0.3281793638451944,-0.37076015512233923,0.488238536603978,-0.3473624481919801,-0.7216567033777768,0.47519807947794346,-0.4054382835153223,-0.38686855295323636,0.0,0.0,-0.7163508082283909,0.764192154157895,1.042648613178545,-0.037831467205601724,-0.6876092554496108,-0.7327788776161482,-0.679811655294799,-0.6980385202280212,-0.7214528829766634,-0.6989186958141033,-0.5666458816281157,-0.6890696289769672,-0.6778270083293343,-0.5725239297974412,-0.010607970358787642,-0.4582470578107887,-0.5656175350979362,-0.5600758440820296,1.2470700099817036,0.0,0.0,-0.23395906074624068,-0.23395906074624068,-0.238667185252719,-0.2339590607462407,-0.23866718525271893,-0.22917462425705282,-0.23866718525271896,4.363484845854286,-0.21935622811243694,-0.2339590607462407,-0.23395906074624068,-0.23395906074624065,-0.2339590607462407,-0.23395906074624068,-0.2339590607462407,-0.2339590607462407,-0.23866718525271896,-0.2339590607462407,-0.1273859510596964,-0.2339590607462407,0.0,-0.5721519692812631,-0.5642573308831644,-0.5605869354724106,-0.07347405346254704,0.08610419015700656,0.053912972236628894,-0.541844640287767,-0.5480116875931029,-0.5888450248356216,0.004031580521850052,99.96
2018-12-09,-0.07190467639545395,-0.282259950823442,-0.6780338696180894,-0.6309520272645803,-0.4857071583190948,-0.7675042315028185,-0.6413377880182269,-0.5133590983097033,0.41706301259920947,1.0797864499483898,-1.29857639999446,-0.24558917025556634,0.8204040609298054,-0.16775375245083787,0.4543082409614993,-0.3281793638451944,-0.37076015512233923,0.488238536603978,-0.3473624481919801,-0.7216567033777768,0.47519807947794346,-0.4054382835153223,-0.38686855295323636,0.0,0.0,-0.7163508082283909,0.764192154157895,1.042648613178545,-0.037831467205601724,-0.6876092554496108,-0.7327788776161482,-0.679811655294799,-0.6980385202280212,-0.7214528829766634,-0.6989186958141033,-0.5666458816281157,-0.6890696289769672,-0.6778270083293343,-0.5745046132715965,-0.06476779737681287,-0.47881045466662714,-0.586991133628277,-0.5683128104924885,-0.43071316578221913,0.0,0.0,-0.23395906074624068,-0.23395906074624068,-0.238667185252719,-0.2339590607462407,-0.23866718525271893,-0.22917462425705282,-0.23866718525271896,4.363484845854286,-0.21935622811243694,-0.2339590607462407,-0.23395906074624068,-0.23395906074624065,-0.2339590607462407,-0.23395906074624068,-0.2339590607462407,-0.2339590607462407,-0.23866718525271896,-0.2339590607462407,-0.1273859510596964,-0.2339590607462407,0.0,-0.5681835206465796,-0.56822503618341,-0.5695676269072667,0.001395825105132717,-0.08962882737854493,-0.13839582597045538,-0.4992949778924582,-0.5373342089011148,-0.5809136140589961,0.0032420906360395795,99.88
2018-12-16,-0.08371546636369238,-0.286450364387508,-0.6662958831598915,-0.5951799040385228,-0.6761948581073374,-0.7846293780045241,-0.6393401297165616,-0.5056618597942314,0.3929772376692146,-0.647601229957373,-1.1902773626026508,-2.077376414543407,0.17758065908106738,-0.16775375245083787,0.4543082409614993,-0.3281793638451944,-0.37076015512233923,0.488238536603978,-0.3473624481919801,-0.7216567033777768,0.47519807947794346,-0.4054382835153223,-0.38686855295323636,0.0,0.0,-0.7163508082283909,0.764192154157895,1.042648613178545,-0.037831467205601724,-0.6876092554496108,-0.7327788776161482,-0.679811655294799,-0.6980385202280212,-0.7214528829766634,-0.6989186958141033,-0.5666458816281157,-0.6890696289769672,-0.6778270083293343,-0.5745046132715965,-0.04671934233896527,-0.5276276132057466,-0.5858879989960502,-0.621824373487646,0.12196288431594951,0.0,0.0,-0.23395906074624068,-0.23395906074624068,-0.238667185252719,-0.2339590607462407,-0.23866718525271893,-0.22917462425705282,-0.23866718525271896,4.363484845854286,-0.21935622811243694,-0.2339590607462407,-0.23395906074624068,-0.23395906074624065,-0.2339590607462407,-0.23395906074624068,-0.2339590607462407,-0.2339590607462407,-0.23866718525271896,-0.2339590607462407,-0.1273859510596964,-0.2339590607462407,0.0,-0.5701669503205452,-0.5642573308831644,-0.5556116557583825,-0.05474908783686158,-0.011647105200041209,0.08633446224202068,-0.5088613483080939,-0.49479361917491116,-0.539067061638291,0.001367854915607107,99.88
2018-12-23,-0.09552625633193083,-0.29064077795157384,-0.6317723935769562,-0.5902796131856384,-0.6743400606410449,-0.7832022824627154,-0.6266882938060153,-0.49197787567990736,0.4488747796727292,0.498186162560764,-0.9638339207834139,-1.8156925225022893,-0.4634863946751877,-0.16775375245083787,0.4543082409614993,-0.3281793638451944,-0.37076015512233923,0.488238536603978,-0.3473624481919801,-0.6999296277192567,0.47519807947794346,-0.4054382835153223,-0.38686855295323636,0.0,0.0,-0.7163508082283909,0.764192154157895,1.042648613178545,-0.037831467205601724,-0.6876092554496108,-0.7327788776161482,-0.679811655294799,-0.6980385202280212,-0.7214528829766634,-0.6989186958141033,-0.5666458816281157,-0.6890696289769672,-0.6778270083293343,-0.5400695480652814,0.2670610946723292,-0.3835637996832031,-0.5449358551875284,-0.5977956128147913,0.3116936551761886,0.0,0.0,-0.23395906074624068,-0.23395906074624068,-0.238667185252719,-0.2339590607462407,-0.23866718525271893,-0.22917462425705282,-0.23866718525271896,4.363484845854286,-0.21935622811243694,-0.2339590607462407,-0.23395906074624068,-0.23395906074624065,-0.2339590607462407,-0.23395906074624068,-0.2339590607462407,-0.2339590607462407,-0.23866718525271896,-0.2339590607462407,-0.1273859510596964,-0.2339590607462407,0.0,-0.5701669503205452,-0.5662403890387565,-0.5595910820492458,-0.036039114178707164,-0.07012558929189222,-0.08939411296477749,-0.5011655209373294,-0.5043579497973163,-0.5283939557835622,0.006898892636889119,101.28
2018-12-30,-0.10733704630016928,-0.2948311915156398,-0.6317723935769562,-0.5797439878519366,-0.6743400606410449,-0.7826671216345371,-0.6300177243087908,-0.47232723079045474,0.4957641900147558,-0.18179860457955893,-1.118898451594413,-0.6111769606071323,-0.11294858788381075,-0.16775375245083787,0.4543082409614993,-0.3281793638451944,-0.37076015512233923,0.488238536603978,-0.34736244819198475,-0.6999296277192567,0.47519807947794346,-0.4054382835153223,-0.38686855295323636,0.0,0.0,-0.7163508082283909,0.764192154157895,1.042648613178545,-0.037831467205601724,-0.6876092554496108,-0.7327788776161482,-0.679811655294799,-0.6980385202280212,-0.7214528829766634,-0.6989186958141033,-0.5666458816281157,-0.6890696289769672,-0.6778270083293343,-0.5518219384687003,-0.15380989595394254,-0.35087726128525665,-0.5316114218299363,-0.609139532413963,0.49756376499581256,0.0,0.0,-0.23395906074624068,-0.23395906074624068,-0.238667185252719,-0.2339590607462407,-0.23866718525271893,-0.22917462425705282,-0.23866718525271896,4.363484845854286,-0.21935622811243694,-0.2339590607462407,-0.23395906074624068,-0.23395906074624065,-0.2339590607462407,-0.23395906074624068,-0.2339590607462407,-0.2339590607462407,-0.23866718525271896,-0.2339590607462407,-0.1273859510596964,-0.2339590607462407,0.0,-0.5356841412062472,-0.5662403890387565,-0.5556116557583825,0.28924211895811175,-0.05063796628929307,-0.011414362074603786,-0.48748404552553803,-0.49666376337247925,-0.48587078806129325,0.008153825936491688,100.8
2019-01-06,-0.1191478362684076,-0.29902160507970565,-0.6317723935769562,-0.5819491187357345,-0.6754529391208204,-0.7824887346918109,-0.6353448131132315,-0.45597726669874017,0.3745313524161489,-0.5883964102831836,-1.800690118811035,-2.262094455984199,-0.1874470194732933,-0.16775375245083787,0.4543082409614993,-0.3281793638451944,-0.37076015512233923,0.488238536603978,-0.3473624481919801,-0.6999296277192567,0.47519807947794346,-0.4054382835153223,-0.38686855295323636,0.0,0.0,-0.7163508082283909,0.764192154157895,1.042648613178545,-1.025328134718522,-0.8088345378923146,-0.4763474672595211,-0.49770488912069233,-0.49452565017888783,-0.4789355088681635,-0.5454751083457133,-0.39418809133773236,-0.4772632967250822,-0.438648459630617,-0.5518219384687003,-0.04671934233896527,-0.3530990015840179,-0.5399643228818833,-0.6230681007490725,0.3892526047684129,0.0,0.0,-0.23395906074624068,-0.23395906074624068,-0.238667185252719,-0.2339590607462407,-0.23866718525271893,-0.22917462425705282,-0.23866718525271896,4.363484845854286,-0.21935622811243694,-0.2339590607462407,-0.23395906074624068,-0.23395906074624065,-0.2339590607462407,-0.23395906074624068,-0.2339590607462407,-0.2339590607462407,-0.23866718525271896,-0.2339590607462407,-0.1273859510596964,-0.2339590607462407,0.0,-0.5474528261931855,-0.5317640389370076,-0.5576005720622687,-0.14705479020037887,0.28816304738440407,-0.06989136789757297,-0.4678370032142667,-0.4829852051988584,-0.49543120172328925,0.008068526727072815,100.8
2019-01-13,-0.13095862623664603,-0.30321201864377156,-0.6317723935769562,-0.588809525929773,-0.6787915745601469,-0.7878403429735938,-0.6413377880182269,-0.46260550321570554,0.05513219700690967,-0.6684970486659104,-1.2591949318519862,-1.9696242237029478,-0.7298658553684262,-0.16775375245083787,0.4543082409614993,-0.3281793638451944,-0.37076015512233923,0.488238536603978,-0.3473624481919801,-0.6999296277192567,0.47519807947794346,-0.4054382835153223,-0.38686855295323636,0.0,0.0,-0.7163508082283909,0.764192154157895,1.042648613178545,-1.025328134718522,-0.8088345378923146,-0.4763474672595211,-0.49770488912069233,-0.49452565017888783,-0.4789355088681635,-0.5454751083457133,-0.39418809133773236,-0.4772632967250822,-0.438648459630617,-0.5626442300566097,-0.14533461614698737,-0.3353370426072821,-0.5364323889926527,-0.6137710870053001,-0.3323365059718193,0.0,0.0,-0.23395906074624068,-0.23395906074624068,-0.238667185252719,-0.2339590607462407,-0.23866718525271893,-0.22917462425705282,-0.23866718525271896,4.363484845854286,-0.21935622811243694,-0.2339590607462407,-0.23395906074624068,-0.23395906074624065,-0.2339590607462407,-0.23395906074624068,-0.2339590607462407,-0.2339590607462407,-0.23866718525271896,-0.2339590607462407,-0.1273859510596964,-0.2339590607462407,0.0,-0.5474528261931855,-0.5435305195187374,-0.5576005720622687,-0.036039114178707164,-0.16626782666304776,-0.050404237519690635,-0.4514900365826473,-0.46334235213619096,-0.48774016636304796,0.008750461091449585,100.36
2019-01-20,-1.0102063238721732,-0.8654669209752024,-0.6317723935769562,-0.5889320332010951,-0.6799044530399225,-0.7884646972731353,-0.6325147971858723,-0.4674496262515298,0.07326025475143272,-0.564888614236079,-1.5373265506082234,-1.996562271413063,-0.6219236288512485,-0.16775375245083787,0.4543082409614993,-0.3281793638451944,-0.37076015512233923,0.488238536603978,-0.34736244819198475,-0.683421310429695,0.47519807947794346,-0.4054382835153223,-0.38686855295323636,0.0,0.0,-0.7163508082283909,0.764192154157895,1.042648613178545,-1.025328134718522,-0.8088345378923146,-0.4763474672595211,-0.49770488912069233,-0.49452565017888783,-0.4789355088681635,-0.5454751083457133,-0.39418809133773236,-0.4772632967250822,-0.438648459630617,-0.564123672058543,-0.060200366844600665,-0.49870113181641107,-0.5375985802104328,-0.6268593751776909,-0.27674715654688264,0.0,0.0,-0.23395906074624068,-0.23395906074624068,-0.238667185252719,-0.2339590607462407,-0.23866718525271893,-0.22917462425705282,-0.23866718525271896,4.363484845854286,-0.21935622811243694,-0.2339590607462407,-0.23395906074624068,-0.23395906074624065,-0.2339590607462407,-0.23395906074624068,-0.2339590607462407,-0.2339590607462407,-0.23866718525271896,-0.2339590607462407,-0.1273859510596964,-0.2339590607462407,0.0,-0.5582901227909777,-0.5435305195187374,-0.5230223754408067,-0.1382688713169568,-0.05063796628929307,0.2883882116536878,-0.45811705793642643,-0.44699887109319375,-0.4740672100838968,0.0024784284579584645,100.3
2019-01-27,-1.0102063238721732,-0.8654669209752024,-0.6317723935769562,-0.6138010092794842,-0.6954847517567797,-0.7889106646299504,-0.6386742436160069,-0.46944743410081546,0.02031221346659076,-0.6058095925402981,-0.8653802504272238,-1.7233335017818932,-0.6154105046749578,-0.16775375245083787,0.4543082409614993,-0.3281793638451944,-0.37076015512233923,0.488238536603978,-0.3473624481919801,-0.677918537999841,0.47519807947794346,-0.4054382835153223,-0.38686855295323636,0.0,0.0,-0.7163508082283909,0.764192154157895,1.042648613178545,-1.025328134718522,-0.8088345378923146,-0.4763474672595211,-0.49770488912069233,-0.49452565017888783,-0.4789355088681635,-0.5454751083457133,-0.39418809133773236,-0.4772632967250822,-0.438648459630617,-0.5735140733075861,-0.1322868936121304,-0.5056348682992553,-0.5324377910197193,-0.6259091708130365,-0.187368771036351,0.0,0.0,-0.23395906074624068,-0.23395906074624068,-0.238667185252719,-0.2339590607462407,-0.23866718525271893,-0.22917462425705282,-0.23866718525271896,4.363484845854286,-0.21935622811243694,-0.2339590607462407,-0.23395906074624068,-0.23395906074624065,-0.2339590607462407,-0.23395906074624068,-0.2339590607462407,-0.2339590607462407,-0.23866718525271896,-0.2339590607462407,-0.1273859510596964,-0.2339590607462407,0.0,-0.5597716160259312,-0.5543657861706951,-0.5348236153602559,-0.05001425015884768,-0.15711673548249316,-0.16603117490344219,-0.46296029289289986,-0.4536244793976439,-0.45443240152332837,0.002212221718748138,99.92
2019-02-03,-0.16639099614136138,-0.31578325933596924,-0.6317723935769562,-0.6618238596377531,-0.714032726419705,-0.7956893684535423,-0.6313494965099009,-0.5064101571150491,-0.25094721697285816,-0.532674227060417,-1.0327514900327477,-1.7079403316618278,-0.7667491653105668,-0.16775375245083787,0.4543082409614993,-0.3281793638451944,-0.37076015512233923,0.488238536603978,-0.3473624481919801,-0.677918537999841,0.47519807947794346,-0.4054382835153223,-0.38686855295323636,0.0,0.0,-0.7163508082283909,0.764192154157895,1.042648613178545,-1.025328134718522,-0.8088345378923146,-0.4763474672595211,-0.49770488912069233,-0.49452565017888783,-0.4789355088681635,-0.5454751083457133,-0.39418809133773236,-0.4772632967250822,-0.438648459630617,-0.6499487661913448,-0.7432102939951701,-0.19638554846281933,-0.3476095995170959,-0.47145138168140277,-1.297371938556064,0.0,0.0,-0.23395906074624068,-0.23395906074624068,-0.238667185252719,-0.2339590607462407,-0.23866718525271893,-0.22917462425705282,-0.23866718525271896,4.363484845854286,-0.21935622811243694,-0.2339590607462407,-0.23395906074624068,-0.23395906074624065,-0.2339590607462407,-0.23395906074624068,-0.2339590607462407,-0.2339590607462407,-0.23866718525271896,-0.2339590607462407,-0.1273859510596964,-0.2339590607462407,0.0,-0.5691750369817897,-0.5558470019055365,-0.5348236153602559,-0.12474291885098912,-0.06519395585758098,-0.050404237519690635,-0.4649577344814847,-0.4584666816533699,-0.4380956137629789,0.01408522168642201,96.88
2019-02-10,-0.17820178610959983,-0.31997367290003514,-0.6317723935769562,-0.6710119049869117,-0.7188551998320656,-0.8045195221184842,-0.6375089429400355,-0.5366378677956389,-0.5213499214576215,0.15775844943417464,-0.9589112372656037,-0.6304184232572136,-0.40164830558568587,-0.16775375245083787,0.4543082409614993,-0.3281793638451944,-0.37076015512233923,0.488238536603978,-0.34736244819198475,-0.677918537999841,0.47519807947794346,-0.4054382835153223,-0.38686855295323636,0.0,0.0,-0.7163508082283909,0.764192154157895,1.042648613178545,-1.025328134718522,-0.8088345378923146,-0.4763474672595211,-0.49770488912069233,-0.49452565017888783,-0.4789355088681635,-0.5454751083457133,-0.39418809133773236,-0.4772632967250822,-0.438648459630617,-0.7010327544185154,-0.512208693213254,-0.19079673065806121,-0.31398829343971196,-0.44328708051994387,-1.0972060708199254,0.0,0.0,-0.23395906074624068,-0.23395906074624068,-0.238667185252719,-0.2339590607462407,-0.23866718525271893,-0.22917462425705282,-0.23866718525271896,4.363484845854286,-0.21935622811243694,-0.2339590607462407,-0.23395906074624068,-0.23395906074624065,-0.2339590607462407,-0.23395906074624068,-0.2339590607462407,-0.2339590607462407,-0.23866718525271896,-0.2339590607462407,-0.1273859510596964,-0.2339590607462407,0.0,-0.6457157058792972,-0.5652486614963694,-0.5456908904526491,-0.7580581086745688,-0.1430285990038523,-0.15688031505195735,-0.50191368107183,-0.460463697336658,-0.4447185086265789,0.014299793002699518,94.89999999999999
2019-02-17,-0.19001257607783814,-0.324164086464101,-0.6490341383684239,-0.686325313902176,-0.7270163086837527,-0.8017545245062296,-0.6519919656271085,-0.5272301057775215,-0.5810669456950435,-0.26451122030085306,-1.0425968570683646,-0.2609823403756319,-0.10343503571619511,-0.16775375245083787,0.4543082409614993,-0.3281793638451944,-0.37076015512233923,0.488238536603978,-0.3473624481919801,-0.6847916782735166,0.47519807947794346,-0.4054382835153223,-0.38686855295323636,0.0,0.0,-0.7163508082283909,0.764192154157895,1.042648613178545,-1.025328134718522,-0.8088345378923146,-0.4763474672595211,-0.49770488912069233,-0.49452565017888783,-0.4789355088681635,-0.5454751083457133,-0.39418809133773236,-0.4772632967250822,-0.438648459630617,-0.783193577382233,-0.795388142014564,-0.2144575372617929,-0.3096947325683632,-0.36345435138362364,0.17958319610076764,0.0,0.0,-0.23395906074624068,-0.23395906074624068,-0.238667185252719,-0.2339590607462407,-0.23866718525271893,-0.22917462425705282,-0.23866718525271896,4.363484845854286,-0.21935622811243694,-0.2339590607462407,-0.23395906074624068,-0.23395906074624065,-0.2339590607462407,-0.23395906074624068,-0.2339590607462407,-0.2339590607462407,-0.23866718525271896,-0.2339590607462407,-0.1273859510596964,-0.2339590607462407,0.0,-0.696870521596374,-0.6417749934777838,-0.547176481844052,-0.5185897521555288,-0.8026664951653187,-0.06495985912928814,-0.5321358500670664,-0.4974117639802303,-0.44955872781466777,0.013391384356272011,91.8
2019-02-24,-0.2018233660460766,-0.32835450002816696,-0.6317723935769562,-0.7240983892264947,-0.7732625921766463,-0.81492542711084,-0.6666414598393201,-0.5044323967065663,-0.47426771036470605,-0.531513348243276,-0.4420294678956047,-0.5534525726568859,-0.25467612145777735,-0.16775375245083787,0.4543082409614993,-0.3281793638451944,-0.37076015512233923,0.488238536603978,-0.34736244819198475,-0.7122842393682189,0.47519807947794346,-0.4054382835153223,-0.38686855295323636,0.0,0.0,-0.7163508082283909,0.764192154157895,1.042648613178545,-1.025328134718522,-0.8088345378923146,-0.4763474672595211,-0.49770488912069233,-0.49452565017888783,-0.4789355088681635,-0.5454751083457133,-0.39418809133773236,-0.4772632967250822,-0.438648459630617,-0.923645322851639,-1.3265487780708607,-0.16553246976537708,-0.12115122266886275,-0.19217373516385236,0.6073847705990827,0.0,0.0,-0.23395906074624068,-0.23395906074624068,-0.238667185252719,-0.2339590607462407,-0.23866718525271893,-0.22917462425705282,-0.23866718525271896,4.363484845854286,-0.21935622811243694,-0.2339590607462407,-0.23395906074624068,-0.23395906074624065,-0.2339590607462407,-0.23395906074624068,-0.2339590607462407,-0.2339590607462407,-0.23866718525271896,-0.2339590607462407,-0.1273859510596964,-0.2339590607462407,0.0,-0.7791452598016594,-0.6929202273305882,-0.5566059148594507,-0.8121483983938192,-0.5532450294722782,-0.14279253470521838,-0.5227298127861458,-0.5276274888411658,-0.45155492564340055,0.015269763022102617,86.73333333333333
2019-03-03,-0.21363415601431504,-0.3325449135922328,-0.6490341383684239,-0.7255276407252527,-0.7737572048343245,-0.825658374831527,-0.6839544984537523,-0.5058222121330758,-0.43643502966922715,-0.5048131354490337,-0.018678685363983896,-0.38412770133616186,-0.5952125016114045,-0.16775375245083787,0.4543082409614993,-0.3281793638451944,-0.37076015512233923,0.488238536603978,-0.3473624481919801,-0.7122842393682189,0.47519807947794346,-0.4054382835153223,-0.38686855295323636,0.0,0.0,0.7934232822673312,1.0297660577531949,0.2414245673767884,-1.025328134718522,-0.8088345378923146,-0.4763474672595211,-0.49770488912069233,-0.49452565017888783,-0.4789355088681635,-0.5454751083457133,-0.39418809133773236,-0.4772632967250822,-0.438648459630617,-0.98408529206075,-0.5974625988932176,-0.1408910835538495,-0.16205554868159106,-0.19281366017495644,-0.16890141921846144,0.0,0.0,-0.23395906074624068,-0.23395906074624068,-0.238667185252719,-0.2339590607462407,-0.23866718525271893,-0.22917462425705282,4.189935029992177,-0.22917462425705282,-0.21935622811243694,-0.2339590607462407,-0.23395906074624068,-0.23395906074624065,-0.2339590607462407,-0.23395906074624068,-0.2339590607462407,-0.2339590607462407,-0.23866718525271896,-0.2339590607462407,-0.1273859510596964,-0.2339590607462407,0.0,-0.9197917403520519,-0.7751795545650104,-0.6333583131314008,-1.3627773296802852,-0.8590049589926428,-0.8024137559786416,-0.49993628324872463,-0.5182234571663779,-0.48848786063584654,0.01621581903233943,84.64000000000001
2019-03-10,-0.2254449459825535,-0.3367353271562988,-0.6999562855032534,-0.7488040222764544,-0.594120070223893,-0.8205743469638332,-0.6749650360962586,-0.5084748158217738,-0.4311070681460206,-0.599714978750308,1.2932164721322545,0.10075715744591568,-0.7273045144002219,-0.16775375245083787,0.4543082409614993,-0.3281793638451944,-0.37076015512233923,0.488238536603978,-0.34736244819198475,-0.7122842393682189,0.47519807947794346,-0.4054382835153223,-0.38686855295323636,0.0,0.0,0.7934232822673312,1.0297660577531949,0.2414245673767884,-1.025328134718522,-0.8088345378923146,-0.4763474672595211,-0.49770488912069233,-0.49452565017888783,-0.4789355088681635,-0.5454751083457133,-0.39418809133773236,-0.4772632967250822,-0.438648459630617,-1.0829251873097319,-0.9473717830867293,-0.20678522686658785,-0.1767666087819843,-0.1684173501775134,-0.20933047077146566,0.0,0.0,-0.23395906074624068,-0.23395906074624068,-0.238667185252719,-0.2339590607462407,-0.23866718525271893,-0.22917462425705282,4.189935029992177,-0.22917462425705282,-0.21935622811243694,-0.2339590607462407,-0.23395906074624068,-0.23395906074624065,-0.2339590607462407,-0.23395906074624068,-0.2339590607462407,-0.2339590607462407,-0.23866718525271896,-0.2339590607462407,-0.1273859510596964,-0.2339590607462407,0.0,-0.9803155090344938,-0.9157996904698767,-0.6846546350214378,-0.6069684153808288,-1.4325198780025923,-0.5529985953736504,-0.5013258438785717,-0.49543478778858163,-0.518691210997961,0.01368594714180193,81.325
2019-03-17,-0.3491301631499392,-0.5373328894172889,-0.7394856810757142,-0.7671801129747716,-0.3684839584494069,-0.8238745054042662,-0.6959404482637435,-0.5211631840092474,-0.4388085951642816,-0.6998407767287167,0.8575589808061107,-0.9074954854183992,-0.7819708487787519,-0.16775375245083787,0.4543082409614993,-0.3281793638451944,-0.37076015512233923,0.488238536603978,-0.3473624481919801,-0.7212590836925228,0.47519807947794346,-0.4054382835153223,-0.38686855295323636,0.0,0.0,0.7934232822673312,1.0297660577531949,0.2414245673767884,-1.025328134718522,-0.8088345378923146,-0.4763474672595211,-0.49770488912069233,-0.49452565017888783,-0.4789355088681635,-0.5454751083457133,-0.39418809133773236,-0.4772632967250822,-0.438648459630617,-1.1484263658389129,-0.6435815321010443,-0.17447251186833412,-0.2664081941705837,-0.23964674780720782,-0.5316407686362303,0.0,0.0,-0.23395906074624068,-0.23395906074624068,-0.238667185252719,-0.2339590607462407,-0.23866718525271893,-0.22917462425705282,4.189935029992177,-0.22917462425705282,-0.21935622811243694,-0.2339590607462407,-0.23395906074624068,-0.23395906074624065,-0.2339590607462407,-0.23395906074624068,-0.2339590607462407,-0.2339590607462407,-0.23866718525271896,-0.2339590607462407,-0.1273859510596964,-0.2339590607462407,0.0,-1.0792924449086505,-0.9763121223792576,-0.7671569643766772,-0.9697025998458306,-0.6452970067693005,-0.8587507956343371,-0.5039779612619996,-0.49682405212879716,-0.5092910306350118,0.014926528250703433,79.2
2019-03-24,-0.3426495673556786,-0.5318562205667129,-0.6317723935769562,-0.7230774952988104,-0.8069580794809607,-0.8321694982410297,-0.6982710496156862,-0.525947185113347,-0.33841954015405323,-0.2209782646580667,0.8994017907074939,0.023791306845585128,-0.7349885373048345,-0.16775375245083787,0.4543082409614993,-0.3281793638451944,-0.37076015512233923,0.488238536603978,-0.34736244819198475,-0.7571584609897376,0.47519807947794346,-0.4054382835153223,-0.38686855295323636,0.0,0.0,0.7934232822673312,1.0297660577531949,0.2414245673767884,-1.025328134718522,-0.8088345378923146,-0.4763474672595211,-0.49770488912069233,-0.49452565017888783,-0.4789355088681635,-0.5454751083457133,-0.39418809133773236,-0.4772632967250822,-0.438648459630617,-1.1266573823232118,0.151644770518752,-0.023546421361403627,-0.1720219235134419,-0.19673880731122131,-0.278562161495682,0.0,0.0,-0.23395906074624068,-0.23395906074624068,-0.238667185252719,-0.2339590607462407,-0.23866718525271893,-0.22917462425705282,4.189935029992177,-0.22917462425705282,-0.21935622811243694,-0.2339590607462407,-0.23395906074624068,-0.23395906074624065,-0.2339590607462407,-0.23395906074624068,-0.2339590607462407,-0.2339590607462407,-0.23866718525271896,-0.2339590607462407,-0.1273859510596964,-0.2339590607462407,0.0,-1.1448844402323324,-1.0752705187757063,-0.9081925059553235,-0.6547777167116714,-1.0231076422176506,-1.4322512168461443,-0.516664003274498,-0.49947560401341506,-0.4865116940918124,0.020721029168790178,79.9
2019-03-31,-0.3361689715614178,-0.5263795517161369,-0.6317723935769562,-0.7111942899805652,-0.7952728554433178,-0.8335074003114754,-0.6852862706548625,-0.5415822110432412,-0.1967605862014079,-0.6998407767287167,1.7731781151186843,-1.0460340164989947,-0.6669300487211226,-0.16775375245083787,0.4543082409614993,-0.3281793638451944,-0.37076015512233923,0.488238536603978,-0.3473624481919801,-0.7571584609897376,0.47519807947794346,-0.4054382835153223,-0.38686855295323636,0.0,0.0,0.7934232822673312,1.0297660577531949,0.2414245673767884,-1.025328134718522,-0.8088345378923146,-0.4763474672595211,-0.49770488912069233,-0.49452565017888783,-0.4789355088681635,-0.5454751083457133,-0.39418809133773236,-0.4772632967250822,-0.438648459630617,-1.1112245592173584,0.09390818223399736,0.06643061603609222,-0.07326150829624294,-0.17778105304230013,-0.6302151030444971,0.0,0.0,-0.23395906074624068,-0.23395906074624068,-0.238667185252719,-0.2339590607462407,-0.23866718525271893,-0.22917462425705282,4.189935029992177,-0.22917462425705282,-0.21935622811243694,-0.2339590607462407,-0.23395906074624068,-0.23395906074624065,-0.2339590607462407,-0.23395906074624068,-0.2339590607462407,-0.2339590607462407,-0.23866718525271896,-0.2339590607462407,-0.1273859510596964,-0.2339590607462407,0.0,-1.123085274216914,-1.1408502279912722,-0.9688836975237505,0.16959551319013316,-0.6950934232355023,-0.6450482457024611,-0.5214471273214786,-0.5121589410394353,-0.48790038947496933,0.02417551489789991,80.4
2019-04-07,-0.32968837576715715,-0.520902882865561,-0.6801052789930656,-0.6961258956079454,-0.7822892731792701,-0.8306532092278579,-0.7192464617831713,-0.5650747666553992,-0.4829488448204421,-0.6928755038258708,2.2063742646859237,-0.24558917025556634,-0.7749454564088204,1.9246436743840944,0.4543082409614993,-0.3281793638451944,-0.37076015512233923,0.488238536603978,-0.3473624481919801,-0.7571584609897376,0.47519807947794346,-0.4054382835153223,-0.38686855295323636,0.0,0.0,0.7934232822673312,1.0297660577531949,0.2414245673767884,-1.025328134718522,-0.8088345378923146,-0.4763474672595211,-0.49770488912069233,-0.49452565017888783,-0.4789355088681635,-0.5454751083457133,-0.39418809133773236,-0.4772632967250822,-0.438648459630617,-1.1161525957494203,-0.09162477368847151,-0.14427796960972125,-0.0370936602686495,-0.17281094668295258,-0.8907159128204835,0.0,0.0,-0.23395906074624068,-0.23395906074624068,-0.238667185252719,-0.2339590607462407,-0.23866718525271893,-0.22917462425705282,4.189935029992177,-0.22917462425705282,-0.21935622811243694,-0.2339590607462407,-0.23395906074624068,-0.23395906074624065,-0.2339590607462407,-0.23395906074624068,-0.2339590607462407,-0.2339590607462407,-0.23866718525271896,-0.2339590607462407,-0.1273859510596964,-0.2339590607462407,0.0,-1.1076310536407243,-1.1190551452013935,-1.0681344267292008,0.10974274221033557,0.16354352683629403,-1.022849330532079,-0.5370792868618167,-0.5169410452028416,-0.49055085544734045,0.016085786416412742,80.24
2019-04-14,-0.32320777997289646,-0.5154262140149849,-0.6386770914935435,-0.6711344122582339,-0.7288711061500451,-0.8299396614569535,-0.8004845660508909,-0.572772045952239,-0.5803421899763336,-0.39685140545492364,1.960240088795444,0.77036005766878,-0.7491856843857378,1.9246436743840944,0.4543082409614993,-0.3281793638451944,-0.37076015512233923,0.488238536603978,-0.3473624481919801,-0.7571584609897376,0.47519807947794346,-0.4054382835153223,-0.38686855295323636,0.0,0.0,0.7934232822673312,1.0297660577531949,0.2414245673767884,-1.025328134718522,-0.8088345378923146,-0.4763474672595211,-0.49770488912069233,-0.49452565017888783,-0.4789355088681635,-0.5454751083457133,-0.39418809133773236,-0.4772632967250822,-0.438648459630617,-1.0964990781133546,0.13236814640849057,-0.43452246372923425,0.003078833899241701,-0.1482581241569712,-0.37721657836201056,0.0,0.0,-0.23395906074624068,-0.23395906074624068,-0.238667185252719,-0.2339590607462407,-0.23866718525271893,-0.22917462425705282,4.189935029992177,-0.22917462425705282,-0.21935622811243694,-0.2339590607462407,-0.23395906074624068,-0.23395906074624065,-0.2339590607462407,-0.23395906074624068,-0.2339590607462407,-0.2339590607462407,-0.23866718525271896,-0.2339590607462407,-0.1273859510596964,-0.2339590607462407,0.0,-1.112565922851084,-1.1036038193720996,-1.1339078648379846,-0.08259043593425175,0.10120307367339758,-0.6948434033724743,-0.5605675355533242,-0.5325698715695909,-0.5032289981601413,0.004942438159022398,80.88
2019-04-21,-0.3167271841786357,-0.509949545164409,-0.6317723935769562,-0.6630489323509744,-0.7374031744949908,-0.8263719226024314,-0.754871368162868,-0.5666383243032354,-0.61380227475376,1.5464597344390594,0.911708499502017,0.6010351863480561,0.5815407203521327,-0.16775375245083787,0.4543082409614993,-0.3281793638451944,-0.37076015512233923,0.488238536603978,-0.34736244819198475,-0.7889680358100545,0.47519807947794346,-0.4054382835153223,-0.38686855295323636,0.0,0.0,0.7934232822673312,1.0297660577531949,0.2414245673767884,-1.025328134718522,-0.8088345378923146,-0.4763474672595211,-0.49770488912069233,-0.49452565017888783,-0.4789355088681635,-0.5454751083457133,-0.39418809133773236,-0.4772632967250822,-0.438648459630617,-1.0715440591787229,0.18067667680659547,-0.4256965911925009,-0.13988364347821258,-0.11272753295681813,0.07697759725549216,0.0,0.0,-0.23395906074624068,-0.23395906074624068,-0.238667185252719,-0.2339590607462407,-0.23866718525271893,-0.22917462425705282,4.189935029992177,-0.22917462425705282,-0.21935622811243694,-0.2339590607462407,-0.23395906074624068,-0.23395906074624065,-0.2339590607462407,-0.23395906074624068,-0.2339590607462407,-0.2339590607462407,-0.23866718525271896,-0.2339590607462407,-0.1273859510596964,-0.2339590607462407,0.0,-1.0928851557897035,-1.1085377642267302,-1.1120483972358373,0.14961235515445523,-0.09912411732400435,0.16377184134386033,-0.5682634036979801,-0.5560531119696986,-0.5080091438683855,0.005281289621650525,81.69999999999999
2019-04-28,-1.0102063238721732,-0.8654669209752024,-0.6317723935769562,-0.6599862505679215,-0.720709997298358,-0.8254799878888008,-0.6466648768226677,-0.5634645143412413,-0.5221264405019101,-0.4647628162576703,0.911708499502017,0.5433107983978095,0.900976529672458,-0.16775375245083787,0.4543082409614993,-0.3281793638451944,-0.37076015512233923,0.488238536603978,-0.34736244819198475,-0.7889680358100545,0.47519807947794346,-0.4054382835153223,-0.38686855295323636,0.0,0.0,0.7934232822673312,1.0297660577531949,0.2414245673767884,-1.025328134718522,-0.8088345378923146,-0.4763474672595211,-0.49770488912069233,-0.49452565017888783,-0.4789355088681635,-0.5454751083457133,-0.39418809133773236,-0.4772632967250822,-0.438648459630617,-1.0087596091573852,0.5253873764134117,-0.26855348643124377,-0.09227388743902978,-0.03716369702339111,-0.02044852402428462,0.0,0.0,-0.23395906074624068,-0.23395906074624068,-0.238667185252719,-0.2339590607462407,-0.23866718525271893,-0.22917462425705282,4.189935029992177,-0.22917462425705282,-0.21935622811243694,-0.2339590607462407,-0.23395906074624068,-0.23395906074624065,-0.2339590607462407,-0.23395906074624068,-0.2339590607462407,-0.2339590607462407,-0.23866718525271896,-0.2339590607462407,-0.1273859510596964,-0.2339590607462407,0.0,-1.0678955369459213,-1.0888606835912729,-1.096551426674545,0.19969150759810309,0.14272980163733165,0.10143296407598613,-0.5621308065521115,-0.563747339159733,-0.523631569631001,0.011314480183677924,83.8
2019-05-05,-1.0102063238721732,-0.8654669209752024,-0.692188500347093,-0.6232340691712872,-0.6910332378376776,-0.8277098246728772,-0.7299006393920526,-0.5605246874779553,-0.41680295156193603,-0.6388946388288157,0.08715901026892087,1.3899351550014347,-0.02366755984926367,-0.16775375245083787,0.4543082409614993,-0.3281793638451944,-0.37076015512233923,0.488238536603978,-0.34736244819198475,-0.7889680358100545,0.47519807947794346,-0.4054382835153223,-0.38686855295323636,0.0,0.0,0.7934232822673312,1.0297660577531949,0.2414245673767884,-1.025328134718522,-0.8088345378923146,-0.4763474672595211,-0.49770488912069233,-0.49452565017888783,-0.4789355088681635,-0.5454751083457133,-0.39418809133773236,-0.4772632967250822,-0.438648459630617,-0.9867172282039419,0.15413603246289412,-0.3484796769767811,-0.28294598159291967,-0.021241534941907864,-0.02824441008939052,0.0,0.0,-0.23395906074624068,-0.23395906074624068,-0.238667185252719,-0.2339590607462407,-0.23866718525271893,-0.22917462425705282,4.189935029992177,-0.22917462425705282,-0.21935622811243694,-0.2339590607462407,-0.23395906074624068,-0.23395906074624065,-0.2339590607462407,-0.23395906074624068,-0.2339590607462407,-0.2339590607462407,-0.23866718525271896,-0.2339590607462407,-0.1273859510596964,-0.2339590607462407,0.0,-1.0050240368497076,-1.0638757455802261,-1.1014999468862081,0.5570366707050203,0.194890411852096,-0.09888916288021785,-0.5589575784488089,-0.55761604963939,-0.5471051927430249,0.008245876319761992,84.55
2019-05-12,-1.0102063238721732,-0.8654669209752024,-0.710831184721878,-0.6226215328146766,-0.6925170758107118,-0.8163822538097698,-0.8018163382520013,-0.5431056398249982,-0.3192600032981136,-0.6998407767287167,1.7633327480830636,1.4014800325914845,-0.7734818329984178,-0.16775375245083787,0.4543082409614993,-0.3281793638451944,-0.37076015512233923,0.488238536603978,-0.3473624481919801,-0.7889680358100545,0.47519807947794346,-0.4054382835153223,-0.38686855295323636,0.0,0.0,0.7934232822673312,1.0297660577531949,0.2414245673767884,-1.025328134718522,-0.8088345378923146,-0.4763474672595211,-0.49770488912069233,-0.49452565017888783,-0.4789355088681635,-0.5454751083457133,-0.39418809133773236,-0.4772632967250822,-0.438648459630617,-1.0111224302752022,-0.26910530052976306,-0.1873666205974783,-0.41379588028173586,-0.054120395116042434,0.4432856751947742,0.0,0.0,-0.23395906074624068,-0.23395906074624068,-0.238667185252719,-0.2339590607462407,-0.23866718525271893,-0.22917462425705282,4.189935029992177,-0.22917462425705282,-0.21935622811243694,-0.2339590607462407,-0.23395906074624068,-0.23395906074624065,-0.2339590607462407,-0.23395906074624068,-0.2339590607462407,-0.2339590607462407,-0.23866718525271896,-0.2339590607462407,-0.1273859510596964,-0.2339590607462407,0.0,-0.9829510943334602,-1.0010160220132027,-1.0817647382245843,0.1721780857844476,0.5670880401151827,0.14295864229195449,-0.5560182905477897,-0.5544434981489431,-0.5547962688517686,0.01443148511655755,83.72
2019-05-19,-1.0102063238721732,-0.8654669209752024,-0.7132478289926835,-0.6167411837912151,-0.6884365213848682,-0.8113874194134392,-0.8217929212686537,-0.5429452874861538,-0.208310336456946,-0.6719796851173333,1.3104458644445898,1.6323775843924706,-0.8533956712063894,-0.16775375245083787,0.4543082409614993,-0.3281793638451944,-0.37076015512233923,0.488238536603978,-0.3473624481919801,-0.7588909467612011,0.47519807947794346,-0.4054382835153223,-0.38686855295323636,0.0,0.0,0.7934232822673312,1.0297660577531949,0.2414245673767884,-1.025328134718522,-0.8088345378923146,-0.4763474672595211,-0.49770488912069233,-0.49452565017888783,-0.4789355088681635,-0.5454751083457133,-0.39418809133773236,-0.4772632967250822,-0.438648459630617,-0.9934560363050051,0.11426100682458237,-0.18799595015536164,-0.4145529982511084,-0.21284652217585895,-0.11927722411664328,0.0,0.0,-0.23395906074624068,-0.23395906074624068,-0.238667185252719,-0.2339590607462407,-0.23866718525271893,-0.22917462425705282,4.189935029992177,-0.22917462425705282,-0.21935622811243694,-0.2339590607462407,-0.23395906074624068,-0.23395906074624065,-0.2339590607462407,-0.23395906074624068,-0.2339590607462407,-0.2339590607462407,-0.23866718525271896,-0.2339590607462407,-0.1273859510596964,-0.2339590607462407,0.0,-1.0073901339977382,-0.9789472140038696,-1.056705992256078,-0.2665760444017089,0.1662334398214419,0.19511793394642893,-0.5386024363514018,-0.5515048369787844,-0.5486674903297649,0.014407323285500468,84.32000000000001
2019-05-26,-1.0102063238721732,-0.8654669209752024,-0.699668589756729,-0.610370805682465,-0.6947428327702627,-0.8049654894752994,-0.8431012764864162,-0.5598007842120765,-0.17325613632457773,-0.11940136815823181,1.9044496755936045,1.062830289950034,-0.7488929597036573,-0.16775375245083787,0.4543082409614993,-0.3281793638451944,-0.37076015512233923,0.488238536603978,-0.34736244819198475,-0.7388395540619658,0.47519807947794346,-0.4054382835153223,-0.38686855295323636,0.0,0.0,0.7934232822673312,1.0297660577531949,0.2414245673767884,-1.025328134718522,-0.8088345378923146,-0.4763474672595211,-0.49770488912069233,-0.49452565017888783,-0.4789355088681635,-0.5454751083457133,-0.39418809133773236,-0.4772632967250822,-0.438648459630617,-0.9930648791340599,-0.043155025927659345,-0.3413910991282759,-0.40694289642386283,-0.2521865314205103,-0.673781933930086,0.0,0.0,-0.23395906074624068,-0.23395906074624068,-0.238667185252719,-0.2339590607462407,-0.23866718525271893,-0.22917462425705282,4.189935029992177,-0.22917462425705282,-0.21935622811243694,-0.2339590607462407,-0.23395906074624068,-0.23395906074624065,-0.2339590607462407,-0.23395906074624068,-0.2339590607462407,-0.2339590607462407,-0.23866718525271896,-0.2339590607462407,-0.1273859510596964,-0.2339590607462407,0.0,-0.9896992457313042,-1.0033816759649985,-0.9936605749002245,0.1308415460226477,-0.2907567856123942,0.5673061534811552,-0.5384421134101595,-0.5340926962850053,-0.5454962381208959,0.00851802787893331,84.33333333333333
2019-06-02,-1.0102063238721732,-0.8654669209752024,-0.6859742722221647,-0.6000801948914075,-0.6940009137837457,-0.8042519417043952,-0.8497601374919669,-0.560103640244385,-0.16791753697371356,-0.6650144122144875,1.8716317854748727,1.7709161154730635,-0.6560992354841446,-0.16775375245083787,0.4543082409614993,-0.3281793638451944,-0.37076015512233923,0.488238536603978,-0.3473624481919801,-0.7388395540619658,0.47519807947794346,-0.4054382835153223,-0.38686855295323636,0.0,0.0,0.7934232822673312,1.0297660577531949,0.2414245673767884,-1.025328134718522,-0.8088345378923146,-0.4763474672595211,-0.49770488912069233,-0.49452565017888783,-0.4789355088681635,-0.5454751083457133,-0.39418809133773236,-0.4772632967250822,-0.438648459630617,-0.9993308277679402,-0.10381614435892204,-0.38015098190611074,-0.4052099360202561,-0.4028327525177959,-0.1343901702120695,0.0,0.0,-0.23395906074624068,-0.23395906074624068,-0.238667185252719,-0.2339590607462407,-0.23866718525271893,-0.22917462425705282,4.189935029992177,-0.22917462425705282,-0.21935622811243694,-0.2339590607462407,-0.23395906074624068,-0.23395906074624065,-0.2339590607462407,-0.23395906074624068,-0.2339590607462407,-0.2339590607462407,-0.23866718525271896,-0.2339590607462407,-0.1273859510596964,-0.2339590607462407,0.0,-0.989307546224462,-0.9856941013981223,-0.971526573467477,-0.03234415712975111,0.1231788146344727,0.16646168633109884,-0.5552945199960343,-0.5339324075286874,-0.5425587804452539,0.007029920848619788,84.12
2019-06-09,-1.0102063238721732,-0.8654669209752024,-0.6885920158197908,-0.6207839237448448,-0.6993798264359941,-0.804073554761669,-0.8537554540952975,-0.5552461511152096,-0.0788572996959893,-0.4908825896433421,0.887095081912969,1.409176617651516,-0.7155955271170026,-0.16775375245083787,0.4543082409614993,-0.3281793638451944,-0.37076015512233923,0.488238536603978,-0.34736244819198475,-0.7388395540619658,0.47519807947794346,-0.4054382835153223,-0.38686855295323636,0.0,0.0,0.7934232822673312,1.0297660577531949,0.2414245673767884,-1.025328134718522,-0.8088345378923146,-0.4763474672595211,-0.49770488912069233,-0.49452565017888783,-0.4789355088681635,-0.5454751083457133,-0.39418809133773236,-0.4772632967250822,-0.438648459630617,-1.0220799295231924,-0.25401452379453465,-0.38718075607353464,-0.37075319531704004,-0.49267296270887423,0.03424000215813567,0.0,0.0,-0.23395906074624068,-0.23395906074624068,-0.238667185252719,-0.2339590607462407,-0.23866718525271893,-0.22917462425705282,4.189935029992177,-0.22917462425705282,-0.21935622811243694,-0.2339590607462407,-0.23395906074624068,-0.23395906074624065,-0.2339590607462407,-0.23395906074624068,-0.2339590607462407,-0.2339590607462407,-0.23866718525271896,-0.2339590607462407,-0.1273859510596964,-0.2339590607462407,0.0,-0.9955821825397279,-0.9853024752609416,-0.996033217225822,-0.09522864921193118,-0.04678943441552053,-0.2905169869149532,-0.555597320505354,-0.5507812207532998,-0.525153770691258,0.006760026937432775,83.35
2019-06-16,-1.0102063238721732,-0.8654669209752024,-0.6913254131075196,-0.6525133070172725,-0.7055006580747594,-0.8124577410697956,-0.8537554540952973,-0.5418227395515076,-0.023876311140445864,-0.5779485009289148,0.7000331082362057,1.3091210118710856,-0.7409893932874844,-0.16775375245083787,0.4543082409614993,-0.3281793638451944,-0.37076015512233923,0.488238536603978,-0.3473624481919801,-0.7388395540619658,0.47519807947794346,-0.4054382835153223,-0.38686855295323636,0.0,0.0,0.7934232822673312,1.0297660577531949,0.2414245673767884,-1.025328134718522,-0.8088345378923146,-0.4763474672595211,-0.49770488912069233,-0.49452565017888783,-0.4789355088681635,-0.5454751083457133,-0.39418809133773236,-0.4772632967250822,-0.438648459630617,-1.0818607305425412,-0.5914561028576124,-0.27964456006688787,-0.2796560939091061,-0.40737869328100923,0.31243731333429925,0.0,0.0,-0.23395906074624068,-0.23395906074624068,-0.238667185252719,-0.2339590607462407,-0.23866718525271893,-0.22917462425705282,4.189935029992177,-0.22917462425705282,-0.21935622811243694,-0.2339590607462407,-0.23395906074624068,-0.23395906074624065,-0.2339590607462407,-0.23395906074624068,-0.2339590607462407,-0.2339590607462407,-0.23866718525271896,-0.2339590607462407,-0.1273859510596964,-0.2339590607462407,0.0,-1.0183628257198152,-0.991575936267242,-0.9782933918288411,-0.25093215496047255,-0.11228761719213586,0.12340814951558146,-0.5507407219059527,-0.5510839566978576,-0.5249935475793366,0.010888660922419338,81.35999999999999
2019-06-23,-1.0102063238721732,-0.8654669209752024,-0.6965039365449599,-0.6662341214053494,-0.7121779289534125,-0.8160254799243177,-0.8604143151008481,-0.5451635492153245,-0.23208507045921165,-0.5117784083518796,0.621270171951255,1.4322663728316156,-0.6944461688366877,-0.16775375245083787,0.4543082409614993,-0.3281793638451944,-0.37076015512233923,0.488238536603978,-0.3473624481919801,-0.724922865078077,0.47519807947794346,-0.4054382835153223,-0.38686855295323636,0.0,0.0,0.7934232822673312,1.0297660577531949,0.2414245673767884,-1.025328134718522,-0.8088345378923146,-0.4763474672595211,-0.49770488912069233,-0.49452565017888783,-0.4789355088681635,-0.5454751083457133,-0.39418809133773236,-0.4772632967250822,-0.438648459630617,-1.1087642173725245,-0.2918702605690138,-0.32722189472649543,-0.39519187551237617,-0.3959842696475371,-0.23299212799063843,0.0,0.0,-0.23395906074624068,-0.23395906074624068,-0.238667185252719,-0.2339590607462407,-0.23866718525271893,-0.22917462425705282,4.189935029992177,-0.22917462425705282,-0.21935622811243694,-0.2339590607462407,-0.23395906074624068,-0.23395906074624065,-0.2339590607462407,-0.23395906074624068,-0.2339590607462407,-0.2339590607462407,-0.23866718525271896,-0.2339590607462407,-0.1273859510596964,-0.2339590607462407,0.0,-1.0782265122817325,-1.0143523123802327,-0.9779006087896397,-0.6007417670406624,-0.2744626835845014,-0.04655580293238163,-0.5373197712736802,-0.5462283936486718,-0.5418354605683815,0.009062025723433932,80.48
2019-06-30,-1.0102063238721732,-0.8654669209752024,-0.6943462184460264,-0.663783975978907,-0.7158875238859975,-0.8228041837479095,-0.8637437456036235,-0.5407269849756152,-0.15724110021684254,-0.5535700457689545,0.8772497148773502,1.2167619911506924,-0.6631246278540763,-0.16775375245083787,0.4543082409614993,-0.3281793638451944,-0.37076015512233923,0.488238536603978,-0.3473624481919801,-0.724922865078077,0.47519807947794346,-0.4054382835153223,-0.38686855295323636,0.0,0.0,0.7934232822673312,1.0297660577531949,0.2414245673767884,-1.025328134718522,-0.8088345378923146,-0.4763474672595211,-0.49770488912069233,-0.49452565017888783,-0.4789355088681635,-0.5454751083457133,-0.39418809133773236,-0.4772632967250822,-0.438648459630617,-1.1235631060963114,-0.1815703072844249,-0.35483014557905734,-0.440313003468406,-0.3927171721983725,0.019579482398843048,0.0,0.0,-0.23395906074624068,-0.23395906074624068,-0.238667185252719,-0.2339590607462407,-0.23866718525271893,-0.22917462425705282,4.189935029992177,-0.22917462425705282,-0.21935622811243694,-0.2339590607462407,-0.23395906074624068,-0.23395906074624065,-0.2339590607462407,-0.23395906074624068,-0.2339590607462407,-0.2339590607462407,-0.23866718525271896,-0.2339590607462407,-0.1273859510596964,-0.2339590607462407,0.0,-1.1051673005540663,-1.07420478580979,-0.9841926022150669,-0.2901753941394089,-0.6388115580113308,-0.11205232999019851,-0.540659968462534,-0.5328103047040676,-0.5421380725309529,0.008002062966997245,80.0
2019-07-07,-1.0102063238721732,-0.8654669209752024,-0.692188500347093,-0.6681942377465032,-0.7162584833792561,-0.8228041837479095,-0.8790591259163905,-0.5583931881091333,-0.26995276982958927,-0.5953616831860293,1.0938477896609717,1.2321551612707577,-0.7360130736921161,-0.16775375245083787,0.4543082409614993,-0.3281793638451944,-0.37076015512233923,0.488238536603978,-0.3473624481919801,-0.724922865078077,0.47519807947794346,-0.4054382835153223,-0.38686855295323636,0.0,0.0,0.7934232822673312,1.0297660577531949,0.2414245673767884,-1.025328134718522,-0.8088345378923146,-0.4763474672595211,-0.49770488912069233,-0.49452565017888783,-0.4789355088681635,-0.5454751083457133,-0.39418809133773236,-0.4772632967250822,-0.438648459630617,-1.1223264784670053,-0.03545089967393468,-0.29101845718381664,-0.43315739865820785,-0.40022539535066864,-0.6997577563767886,0.0,0.0,-0.23395906074624068,-0.23395906074624068,-0.238667185252719,-0.2339590607462407,-0.23866718525271893,-0.22917462425705282,4.189935029992177,-0.22917462425705282,-0.21935622811243694,-0.2339590607462407,-0.23395906074624068,-0.23395906074624065,-0.2339590607462407,-0.23395906074624068,-0.2339590607462407,-0.2339590607462407,-0.23866718525271896,-0.2339590607462407,-0.1273859510596964,-0.2339590607462407,0.0,-1.1199867078038745,-1.1011405277737167,-1.0070362619770499,-0.17583268634958846,-0.3153370035858357,-0.27422329678323654,-0.5362242175838935,-0.5361497896780145,-0.5372844980211618,0.010451983227629108,80.03999999999999
2019-07-14,-1.0102063238721732,-0.8654669209752024,-0.6900307822481595,-0.6681942377465032,-0.7173713618590315,-0.8235177315188138,-0.909024000441369,-0.5465265848768692,-0.07830595674537039,-0.5291915906089941,1.6254976095843963,1.355300522231285,-0.7831417475070738,-0.16775375245083787,0.4543082409614993,-0.3281793638451944,-0.37076015512233923,0.488238536603978,-0.3473624481919801,-0.724922865078077,0.47519807947794346,-0.4054382835153223,-0.38686855295323636,0.0,0.0,0.7934232822673312,1.0297660577531949,0.2414245673767884,-1.025328134718522,-0.8088345378923146,-0.4763474672595211,-0.49770488912069233,-0.49452565017888783,-0.4789355088681635,-0.5454751083457133,-0.39418809133773236,-0.4772632967250822,-0.438648459630617,-1.1285158074920052,-0.10311796840908653,-0.4359698475781413,-0.4712668842371059,-0.41439688206783587,0.26241028631578245,0.0,0.0,-0.23395906074624068,-0.23395906074624068,-0.238667185252719,-0.2339590607462407,-0.23866718525271893,-0.22917462425705282,4.189935029992177,-0.22917462425705282,-0.21935622811243694,-0.2339590607462407,-0.23395906074624068,-0.23395906074624065,-0.2339590607462407,-0.23395906074624068,-0.2339590607462407,-0.2339590607462407,-0.23866718525271896,-0.2339590607462407,-0.1273859510596964,-0.2339590607462407,0.0,-1.1187483656014903,-1.1159571591842052,-1.067065545483574,-0.024357656403566273,-0.19624182882949792,-0.6385629608891837,-0.5538871819495079,-0.531714984614163,-0.5238719042988829,0.004886868793824204,79.84
2019-07-21,-1.0102063238721732,-0.8654669209752024,-0.687873064149226,-0.6685617595604696,-0.7174641017323462,-0.8031816200480385,-0.9379900458155148,-0.5507026479333502,-0.17156638276285782,-0.4473496340005557,0.751721285173206,0.6587595742983026,-0.7108387510331947,-0.16775375245083787,0.4543082409614993,-0.3281793638451944,-0.37076015512233923,0.488238536603978,-0.34736244819198475,-0.7274789916261383,0.47519807947794346,-0.4054382835153223,-0.38686855295323636,0.0,0.0,0.7934232822673312,1.0297660577531949,0.2414245673767884,-1.025328134718522,-0.8088345378923146,-0.4763474672595211,-0.49770488912069233,-0.49452565017888783,-0.4789355088681635,-0.5454751083457133,-0.39418809133773236,-0.4772632967250822,-0.438648459630617,-1.1235631060963114,-0.0015891589338745914,-0.4713440772553793,-0.46418349099725453,-0.513492625697736,-0.26041627590464095,0.0,0.0,-0.23395906074624068,-0.23395906074624068,-0.238667185252719,-0.2339590607462407,-0.23866718525271893,-0.22917462425705282,4.189935029992177,-0.22917462425705282,-0.21935622811243694,-0.2339590607462407,-0.23395906074624068,-0.23395906074624065,-0.2339590607462407,-0.23395906074624068,-0.2339590607462407,-0.2339590607462407,-0.23866718525271896,-0.2339590607462407,-0.1273859510596964,-0.2339590607462407,0.0,-1.1249462760754778,-1.1147190489370482,-1.0940808582711758,-0.09450488346008226,-0.03847098789573923,-0.3150965835287288,-0.5420227542369853,-0.5493741827870021,-0.5272100216255844,0.003528747042622052,80.0
2019-07-28,-1.0102063238721732,-0.8654669209752024,-0.6857153460502926,-0.6685617595604696,-0.7100449118671761,-0.796938077052625,-0.9313311848099641,-0.5473618382695334,-0.22968482218783345,-0.6345413432645371,0.8255615379403499,0.966622976699622,-0.6724186365101315,-0.16775375245083787,0.4543082409614993,-0.3281793638451944,-0.37076015512233923,0.488238536603978,-0.34736244819198475,-0.7274789916261383,0.47519807947794346,-0.4054382835153223,-0.38686855295323636,0.0,0.0,0.7934232822673312,1.0297660577531949,0.2414245673767884,-1.025328134718522,-0.8088345378923146,-0.4763474672595211,-0.49770488912069233,-0.49452565017888783,-0.4789355088681635,-0.5454751083457133,-0.39418809133773236,-0.4772632967250822,-0.438648459630617,-1.1035441012596252,0.1356985519949364,-0.44713217264941496,-0.4228046977249651,-0.5165813298091309,-0.015720823923515433,0.0,0.0,-0.23395906074624068,-0.23395906074624068,-0.238667185252719,-0.2339590607462407,-0.23866718525271893,-0.22917462425705282,4.189935029992177,-0.22917462425705282,-0.21935622811243694,-0.2339590607462407,-0.23395906074624068,-0.23395906074624065,-0.2339590607462407,-0.23395906074624068,-0.2339590607462407,-0.2339590607462407,-0.23866718525271896,-0.2339590607462407,-0.1273859510596964,-0.2339590607462407,0.0,-1.1199867078038745,-1.1209157984736713,-1.108941259464097,0.010745197327527042,-0.11153376930480452,-0.19600441936155988,-0.5461980516904169,-0.5375122848719137,-0.5227770327845865,0.0044583139783099975,80.65
2019-08-04,-1.0102063238721732,-0.8654669209752024,-0.6835576279513591,-0.6471229870790993,-0.6941245669481653,-0.7865321720602692,-0.9396547610669024,-0.5443884857233316,-0.1579398520053649,-0.6824275944716021,1.1168203127440794,1.0371750064165894,-0.7396233447711088,-0.16775375245083787,0.4543082409614993,-0.3281793638451944,-0.37076015512233923,0.488238536603978,-0.34736244819198475,-0.7274789916261385,0.47519807947794346,-0.4054382835153223,-0.38686855295323636,0.0,0.0,0.7934232822673312,1.0297660577531949,0.2414245673767884,-1.025328134718522,-0.8088345378923146,-0.4763474672595211,-0.49770488912069233,-0.49452565017888783,-0.4789355088681635,-0.5454751083457133,-0.39418809133773236,-0.4772632967250822,-0.438648459630617,-1.088762490966149,0.08797417747371084,-0.4416118858518178,-0.4062825640625544,-0.5102042847923386,-0.02781364135264846,0.0,0.0,-0.23395906074624068,-0.23395906074624068,-0.238667185252719,-0.2339590607462407,-0.23866718525271893,-0.22917462425705282,4.189935029992177,-0.22917462425705282,-0.21935622811243694,-0.2339590607462407,-0.23395906074624068,-0.23395906074624065,-0.2339590607462407,-0.23395906074624068,-0.2339590607462407,-0.2339590607462407,-0.23866718525271896,-0.2339590607462407,-0.1273859510596964,-0.2339590607462407,0.0,-1.0999399467971591,-1.1159571591842052,-1.1076994917178336,0.15306482799286186,-0.0019091416673354472,-0.03823756669336985,-0.5428578545015631,-0.5416866920458442,-0.5404289988381242,0.004670254185661421,81.13333333333334
2019-08-11,-1.0102063238721732,-0.8654669209752024,-0.6792421917534922,-0.6311970418072245,-0.6743400606410449,-0.7733018071414167,-0.9246723238044132,-0.532528635205913,-0.16653484583696596,-0.1426189445010512,-0.36818921512846076,0.5817937236979748,-0.7090092217701917,-0.16775375245083787,0.4543082409614993,-0.3281793638451944,-0.37076015512233923,0.488238536603978,-0.34736244819198475,-0.7274789916261383,0.47519807947794346,-0.4054382835153223,-0.38686855295323636,0.0,0.0,0.7934232822673312,1.0297660577531949,0.2414245673767884,-1.025328134718522,-0.8088345378923146,-0.4763474672595211,-0.49770488912069233,-0.49452565017888783,-0.4789355088681635,-0.5454751083457133,-0.39418809133773236,-0.4772632967250822,-0.438648459630617,-1.0760902292572225,0.0687532955992735,-0.4974307497808938,-0.5191881675838222,-0.515589618067107,0.259896711076913,0.0,0.0,-0.23395906074624068,-0.23395906074624068,-0.238667185252719,-0.2339590607462407,-0.23866718525271893,-0.22917462425705282,4.189935029992177,-0.22917462425705282,-0.21935622811243694,-0.2339590607462407,-0.23395906074624068,-0.23395906074624065,-0.2339590607462407,-0.23395906074624068,-0.2339590607462407,-0.2339590607462407,-0.23866718525271896,-0.2339590607462407,-0.1273859510596964,-0.2339590607462407,0.0,-1.08513784193405,-1.0959141531581378,-1.113914547060378,0.10359124212240536,0.14632577084235823,-0.11129850115927555,-0.539885047063935,-0.5383472070718973,-0.5285719588254176,0.0025272021977830413,81.55
2019-08-18,-1.0102063238721732,-0.8654669209752024,-0.6749267555556253,-0.6324221145204457,-0.6737217948189473,-0.7758289554967032,-0.9296664695585763,-0.5321834379183132,-0.14978938597042243,-0.22388046170091916,-0.0974416216489364,1.0115197228831478,-0.3581055091262142,-0.16775375245083787,0.4543082409614993,-0.3281793638451944,-0.37076015512233923,0.488238536603978,-0.34736244819198475,-0.7244495083099176,0.47519807947794346,-0.4054382835153223,-0.38686855295323636,0.0,0.0,0.7934232822673312,1.0297660577531949,0.2414245673767884,-1.025328134718522,-0.8088345378923146,-0.4763474672595211,-0.49770488912069233,-0.49452565017888783,-0.4789355088681635,-0.5454751083457133,-0.39418809133773236,-0.4772632967250822,-0.438648459630617,-1.07861949388964,-0.06976659829513075,-0.4613111589305647,-0.5684175474222216,-0.5164557156601014,-0.11332528113795873,0.0,0.0,-0.23395906074624068,-0.23395906074624068,-0.238667185252719,-0.2339590607462407,-0.23866718525271893,-0.22917462425705282,4.189935029992177,-0.22917462425705282,-0.21935622811243694,-0.2339590607462407,-0.23395906074624068,-0.23395906074624065,-0.2339590607462407,-0.23395906074624068,-0.2339590607462407,-0.2339590607462407,-0.23866718525271896,-0.2339590607462407,-0.1273859510596964,-0.2339590607462407,0.0,-1.072448010248318,-1.0811148208934194,-1.108941259464097,0.0836658694075058,0.09479589658141954,-0.0016766447064265049,-0.528027370828274,-0.5353750335123466,-0.5327446564194227,0.003913940578404773,81.46666666666667
2019-08-25,-1.0102063238721732,-0.8654669209752024,-0.6714744065973317,-0.6221315037293881,-0.6732271821612693,-0.7703584225864363,-0.9303323556591315,-0.5191586982109573,0.01903833577274504,0.0001691500072881144,-0.5207924041805572,0.3085649540668049,-0.26911720577374765,-0.16775375245083787,0.4543082409614993,-0.3281793638451944,-0.37076015512233923,0.488238536603978,-0.3473624481919801,-0.7229347666518072,0.47519807947794346,-0.4054382835153223,-0.38686855295323636,0.0,0.0,0.7934232822673312,1.0297660577531949,0.2414245673767884,-1.025328134718522,-0.8088345378923146,-0.4763474672595211,-0.49770488912069233,-0.49452565017888783,-0.4789355088681635,-0.5454751083457133,-0.39418809133773236,-0.4772632967250822,-0.438648459630617,-1.0552466755864143,0.1662592914295818,-0.4497598548301805,-0.5788594055118093,-0.49583656300142026,0.29537691956835965,0.0,0.0,-0.23395906074624068,-0.23395906074624068,-0.238667185252719,-0.2339590607462407,-0.23866718525271893,-0.22917462425705282,4.189935029992177,-0.22917462425705282,-0.21935622811243694,-0.2339590607462407,-0.23395906074624068,-0.23395906074624065,-0.2339590607462407,-0.23395906074624068,-0.2339590607462407,-0.2339590607462407,-0.23866718525271896,-0.2339590607462407,-0.1273859510596964,-0.2339590607462407,0.0,-1.0749807816833843,-1.068427366153888,-1.0888390444323688,-0.05993110664722284,0.07404235845524451,0.14655452059501162,-0.5276822368261401,-0.5235198856345334,-0.5294065390927212,0.004357429454250939,82.24000000000001
2019-09-01,-1.0102063238721732,-0.8654669209752024,-0.6718196414931613,-0.6113508638530419,-0.6687756682421674,-0.7724990658991494,-0.919012291949695,-0.5104725930850333,0.015037025433209679,-0.4351604064205756,-0.4715655690024612,0.23159910346647433,-0.3818162083747332,-0.16775375245083787,0.4543082409614993,-0.3281793638451944,-0.37076015512233923,0.488238536603978,-0.3473624481919801,-0.7229347666518072,0.47519807947794346,-0.4054382835153223,-0.38686855295323636,0.0,0.0,0.7934232822673312,1.0297660577531949,0.2414245673767884,-1.025328134718522,-0.8088345378923146,-0.4763474672595211,-0.49770488912069233,-0.49452565017888783,-0.4789355088681635,-0.5454751083457133,-0.39418809133773236,-0.4772632967250822,-0.438648459630617,-1.0182244644033014,0.29063577909205673,-0.3870767680248261,-0.5394640934917279,-0.47108770859607746,0.15424290437366012,0.0,0.0,-0.23395906074624068,-0.23395906074624068,-0.238667185252719,-0.2339590607462407,-0.23866718525271893,-0.22917462425705282,4.189935029992177,-0.22917462425705282,-0.21935622811243694,-0.2339590607462407,-0.23395906074624068,-0.23395906074624065,-0.2339590607462407,-0.23395906074624068,-0.2339590607462407,-0.2339590607462407,-0.23866718525271896,-0.2339590607462407,-0.1273859510596964,-0.2339590607462407,0.0,-1.051575557177943,-1.070959663172777,-1.073995993488591,0.18474569090311602,-0.07552299020831119,0.09502594895008266,-0.5146598849611858,-0.5231748252237378,-0.5264355827522966,0.006764019347503744,83.47999999999999
2019-09-08,-1.0102063238721732,-0.8654669209752024,-0.6662958831598915,-0.5981200785502537,-0.653937288511827,-0.759476819080144,-0.9080251712905363,-0.48949899042340494,0.14603187795242586,-0.5126490674647353,0.2963730597758261,0.5817937236979748,-0.46019324200178213,-0.16775375245083787,0.4543082409614993,-0.3281793638451944,-0.37076015512233923,0.488238536603978,-0.34736244819198475,-0.7229347666518072,0.47519807947794346,-0.4054382835153223,-0.38686855295323636,0.0,0.0,-1.00080771695385,1.0534627881328102,-1.0331850565985485,-1.025328134718522,-0.8088345378923146,-0.4763474672595211,-0.49770488912069233,-0.49452565017888783,-0.4789355088681635,-0.5454751083457133,-0.39418809133773236,-0.4772632967250822,-0.438648459630617,-0.9896448895190585,0.213704485612146,-0.3837616653447691,-0.5564279984487215,-0.5569395490949703,0.5443781260013202,0.0,0.0,-0.23395906074624068,-0.23395906074624068,-0.238667185252719,-0.2339590607462407,-0.23866718525271893,-0.22917462425705282,-0.23866718525271896,-0.22917462425705282,-0.21935622811243694,4.274252071325551,-0.23395906074624068,-0.23395906074624065,-0.2339590607462407,-0.23395906074624068,-0.2339590607462407,-0.2339590607462407,-0.23866718525271896,-0.2339590607462407,-0.1273859510596964,-0.2339590607462407,0.0,-1.0145020150322357,-1.047558822725441,-1.061271058763347,0.3136808713924591,0.17932339681832973,0.07427293544950414,-0.5059753722701658,-0.510155250055067,-0.5145852900124659,0.006891295986411052,84.44999999999999
2019-09-15,-1.0102063238721732,-0.8654669209752024,-0.6375263085074454,-0.5768854848544206,-0.6458998328245594,-0.7419354363787442,-0.8852740628549043,-0.5233190638392182,-0.03266370902427648,-0.5489265305003906,0.5260982906069366,1.1141408570169173,-0.6215577229986479,-0.16775375245083787,0.4543082409614993,-0.3281793638451944,-0.37076015512233923,0.488238536603978,-0.34736244819198475,-0.7229347666518072,0.47519807947794346,-0.4054382835153223,-0.38686855295323636,0.0,0.0,-1.00080771695385,1.0534627881328102,-1.0331850565985485,-1.025328134718522,-0.8088345378923146,-0.4763474672595211,-0.49770488912069233,-0.49452565017888783,-0.4789355088681635,-0.5454751083457133,-0.39418809133773236,-0.4772632967250822,-0.438648459630617,-0.9504108307114514,0.31079065639686076,-0.485488258666233,-0.5453542881809769,-0.5742911678370747,-1.2059359991707543,0.0,0.0,-0.23395906074624068,-0.23395906074624068,-0.238667185252719,-0.2339590607462407,-0.23866718525271893,-0.22917462425705282,-0.23866718525271896,-0.22917462425705282,-0.21935622811243694,4.274252071325551,-0.23395906074624068,-0.23395906074624065,-0.2339590607462407,-0.23395906074624068,-0.2339590607462407,-0.2339590607462407,-0.23866718525271896,-0.2339590607462407,-0.1273859510596964,-0.2339590607462407,0.0,-0.9858828148246404,-1.0104922248653099,-1.0638108364360026,0.23392986381433162,0.31361755644977873,-0.07528863237389878,-0.48500561472628057,-0.501472589122805,-0.5142403709171497,0.002985709905070186,85.8
2019-09-22,-1.0102063238721732,-0.8654669209752024,-0.6093321253480484,-0.5711684788593885,-0.6461471391533985,-0.7171991136540584,-0.8724002649108393,-0.4864722686603241,0.15393390778170304,-0.40381667835776935,-0.018678685363983896,0.41631714490726657,-0.5814544415536218,-0.16775375245083787,0.4543082409614993,-0.3281793638451944,-0.37076015512233923,0.488238536603978,-0.3473624481919801,-0.7009236769323915,0.47519807947794346,-0.4054382835153223,-0.38686855295323636,0.0,0.0,-1.00080771695385,1.0534627881328102,-1.0331850565985485,-1.025328134718522,-0.8088345378923146,-0.4763474672595211,-0.49770488912069233,-0.49452565017888783,-0.4789355088681635,-0.5454751083457133,-0.39418809133773236,-0.4772632967250822,-0.438648459630617,-0.9217445363399055,0.21449469403662105,-0.5046980393066077,-0.5431258655007315,-0.5980859969918888,1.053010519470665,0.0,0.0,-0.23395906074624068,-0.23395906074624068,-0.238667185252719,-0.2339590607462407,-0.23866718525271893,-0.22917462425705282,-0.23866718525271896,-0.22917462425705282,-0.21935622811243694,4.274252071325551,-0.23395906074624068,-0.23395906074624065,-0.2339590607462407,-0.23395906074624068,-0.2339590607462407,-0.2339590607462407,-0.23866718525271896,-0.2339590607462407,-0.1273859510596964,-0.2339590607462407,0.0,-0.9465943583476144,-0.9818783853512901,-1.0403408676107821,0.3345744726821786,0.23055182914542077,0.17955131242891512,-0.5188194878642272,-0.4805073028640182,-0.5012261277641203,0.0022481893664871955,86.8
2019-09-29,-1.0102063238721732,-0.8654669209752024,-0.6041536019106082,-0.5594077808124654,-0.6264862860106978,-0.7086365404032056,-0.8437671625869712,-0.475541067665108,0.14685196040699597,0.13947460806420445,0.14869255424153996,-0.10705063917497352,-0.3449328984325924,-0.16775375245083787,0.4543082409614993,-0.3281793638451944,-0.37076015512233923,0.488238536603978,-0.3473624481919801,-0.7009236769323915,0.47519807947794346,-0.4054382835153223,-0.38686855295323636,0.0,0.0,-1.00080771695385,1.0534627881328102,-1.0331850565985485,-1.025328134718522,-0.8088345378923146,-0.4763474672595211,-0.49770488912069233,-0.49452565017888783,-0.4789355088681635,-0.5454751083457133,-0.39418809133773236,-0.4772632967250822,-0.438648459630617,-0.8855298215816929,0.2832776811888818,-0.5064274150275225,-0.5395228886122889,-0.5969531303234852,0.22138139226478556,0.0,0.0,-0.23395906074624068,-0.23395906074624068,-0.238667185252719,-0.2339590607462407,-0.23866718525271893,-0.22917462425705282,-0.23866718525271896,-0.22917462425705282,-0.21935622811243694,4.274252071325551,-0.23395906074624068,-0.23395906074624065,-0.2339590607462407,-0.23395906074624068,-0.2339590607462407,-0.2339590607462407,-0.23866718525271896,-0.2339590607462407,-0.1273859510596964,-0.2339590607462407,0.0,-0.9178883184169274,-0.9425972880378573,-1.0031647713850025,0.23474903524897112,0.33537956598223023,0.3138420772583223,-0.48197944785602115,-0.5143139660250843,-0.4925470227146963,0.002181793495707667,88.08
2019-10-06,-1.0102063238721732,-0.8654669209752024,-0.5592730654527922,-0.5491171700214079,-0.6201799746253032,-0.7097068620595621,-0.8357765293803101,-0.513225416985509,-0.09170461483524234,1.3653626389650682,0.24714622459773014,-0.8151364646980058,0.48084342971644695,-0.16775375245083787,0.4543082409614993,-0.3281793638451944,-0.37076015512233923,0.488238536603978,-0.3473624481919801,-0.7009236769323915,0.47519807947794346,-0.4054382835153223,-0.38686855295323636,0.0,0.0,-1.00080771695385,1.0534627881328102,-1.0331850565985485,-1.025328134718522,-0.8088345378923146,-0.4763474672595211,-0.49770488912069233,-0.49452565017888783,-0.4789355088681635,-0.5454751083457133,-0.39418809133773236,-0.4772632967250822,-0.438648459630617,-0.8564907921604906,0.21789114373316962,-0.5077641247595608,-0.5504629989008253,-0.6235748298028105,-1.3234809265761198,0.0,0.0,-0.23395906074624068,-0.23395906074624068,-0.238667185252719,-0.2339590607462407,-0.23866718525271893,-0.22917462425705282,-0.23866718525271896,-0.22917462425705282,-0.21935622811243694,4.274252071325551,-0.23395906074624068,-0.23395906074624065,-0.2339590607462407,-0.23395906074624068,-0.2339590607462407,-0.2339590607462407,-0.23866718525271896,-0.2339590607462407,-0.1273859510596964,-0.2339590607462407,0.0,-0.8816233922826456,-0.913896625066789,-0.9744664037825532,0.3060530817753516,0.23140504809614842,0.2307784497601021,-0.4710502508920428,-0.47748178124942303,-0.4715903225451491,0.002130473238597081,89.12
2019-10-13,-1.0102063238721732,-0.8654669209752024,-0.5454636696196181,-0.5442168791685233,-0.618696136652269,-0.6979333238396397,-0.8211270351680985,-0.5259739988627851,-0.22383534248043882,1.4663590960563326,-0.24512212718322257,-0.38412770133616186,1.563924753414229,-0.16775375245083787,0.4543082409614993,-0.3281793638451944,-0.37076015512233923,0.488238536603978,-0.3473624481919801,-0.7009236769323915,0.47519807947794346,-0.4054382835153223,-0.38686855295323636,0.0,0.0,-1.00080771695385,1.0534627881328102,-1.0331850565985485,-1.025328134718522,-0.8088345378923146,-0.4763474672595211,-0.49770488912069233,-0.49452565017888783,-0.4789355088681635,-0.5454751083457133,-0.39418809133773236,-0.4772632967250822,-0.438648459630617,-0.8354834717557175,0.14470431658406577,-0.4978535205038136,-0.6274556585551033,-0.6381793378698579,-0.5343948765165616,0.0,0.0,-0.23395906074624068,-0.23395906074624068,-0.238667185252719,-0.2339590607462407,-0.23866718525271893,-0.22917462425705282,-0.23866718525271896,-0.22917462425705282,-0.21935622811243694,4.274252071325551,-0.23395906074624068,-0.23395906074624065,-0.2339590607462407,-0.23395906074624068,-0.2339590607462407,-0.2339590607462407,-0.23866718525271896,-0.2339590607462407,-0.1273859510596964,-0.2339590607462407,0.0,-0.8525441005085106,-0.8776384917553371,-0.9350692662548843,0.23826997287052437,0.30567273027753317,0.335603536672179,-0.50872769149187,-0.4665549146679214,-0.5053831405803624,0.002510970773952539,89.88
2019-10-20,-1.0102063238721732,-0.8654669209752024,-0.5368327972238843,-0.5334362392921773,-0.6042287164151873,-0.6718888302016289,-0.7978210216486706,-0.5161359016545431,-0.33658339319622255,1.1947134528453456,-0.5109470371449366,-0.3071618507358313,1.7875664105237172,-0.16775375245083787,0.4543082409614993,-0.3281793638451944,-0.37076015512233923,0.488238536603978,-0.3473624481919801,-0.651505230336542,0.47519807947794346,-0.4054382835153223,-0.38686855295323636,0.0,0.0,-1.00080771695385,1.0534627881328102,-1.0331850565985485,-1.025328134718522,-0.8088345378923146,-0.4763474672595211,-0.49770488912069233,-0.49452565017888783,-0.4789355088681635,-0.5454751083457133,-0.39418809133773236,-0.4772632967250822,-0.438648459630617,-0.8092003716834623,0.19277846541228516,-0.49657445598858074,-0.6317731464639921,-0.6388262183123123,0.192037403969469,0.0,0.0,-0.23395906074624068,-0.23395906074624068,-0.238667185252719,-0.2339590607462407,-0.23866718525271893,-0.22917462425705282,-0.23866718525271896,-0.22917462425705282,-0.21935622811243694,4.274252071325551,-0.23395906074624068,-0.23395906074624065,-0.2339590607462407,-0.23395906074624068,-0.2339590607462407,-0.2339590607462407,-0.23866718525271896,-0.2339590607462407,-0.1273859510596964,-0.2339590607462407,0.0,-0.8315076536430682,-0.8485646468550303,-0.9062838187103784,0.16240067518204293,0.23507232771065464,0.2316316471424351,-0.5214739361551172,-0.5042243214801215,-0.46856603999775565,0.002560077859963413,90.84
2019-10-27,-1.0102063238721732,-0.8654669209752024,-0.5368327972238843,-0.5211855121599659,-0.6027448784421533,-0.6626127091798719,-0.7884986162408997,-0.5143080807422841,-0.23394148635588596,0.3240543399896185,-1.3773393362794142,-0.2609823403756319,1.3999989314491594,-0.16775375245083787,0.4543082409614993,-0.3281793638451944,-0.37076015512233923,0.488238536603978,-0.3473624481919801,-0.6391506186875797,0.47519807947794346,-0.4054382835153223,-0.38686855295323636,0.0,0.0,-1.00080771695385,1.0534627881328102,-1.0331850565985485,-1.025328134718522,-0.8088345378923146,-0.4763474672595211,-0.49770488912069233,-0.49452565017888783,-0.4789355088681635,-0.5454751083457133,-0.39418809133773236,-0.4772632967250822,-0.438648459630617,-0.803759697564831,0.0028573636249039115,-0.45226523846184336,-0.5842083214400645,-0.6271547434972293,-0.06582171664897381,0.0,0.0,-0.23395906074624068,-0.23395906074624068,-0.238667185252719,-0.2339590607462407,-0.23866718525271893,-0.22917462425705282,-0.23866718525271896,-0.22917462425705282,-0.21935622811243694,4.274252071325551,-0.23395906074624068,-0.23395906074624065,-0.2339590607462407,-0.23395906074624068,-0.2339590607462407,-0.2339590607462407,-0.23866718525271896,-0.2339590607462407,-0.1273859510596964,-0.2339590607462407,0.0,-0.8051881122891185,-0.8275321403493726,-0.869918575316851,0.21223685541619589,0.15604964719604528,0.30589745192215323,-0.5116376425779798,-0.5169678483201556,-0.45764364838742405,0.004261240334761601,91.03999999999999
2019-11-03,-1.0102063238721732,-0.8654669209752024,-0.5195710524324167,-0.5133450467953503,-0.5968095265500172,-0.6312166072600782,-0.7838374135370139,-0.517010825122897,-0.37765429926854427,1.0136163573713546,-1.3773393362794142,-0.676597933617413,0.9907698259006458,-0.16775375245083787,0.4543082409614993,-0.3281793638451944,-0.37076015512233923,0.488238536603978,-0.3473624481919801,-0.6391506186875797,0.47519807947794346,-0.4054382835153223,-0.38686855295323636,0.0,0.0,-1.00080771695385,1.0534627881328102,-1.0331850565985485,-1.025328134718522,-0.8088345378923146,-0.4763474672595211,-0.49770488912069233,-0.49452565017888783,-0.4789355088681635,-0.5454751083457133,-0.39418809133773236,-0.4772632967250822,-0.438648459630617,-0.8005010272477613,-0.017025569725508755,-0.4434241043151231,-0.5511935898291318,-0.6151953226897359,-0.21124296776229906,0.0,0.0,-0.23395906074624068,-0.23395906074624068,-0.238667185252719,-0.2339590607462407,-0.23866718525271893,-0.22917462425705282,-0.23866718525271896,-0.22917462425705282,-0.21935622811243694,4.274252071325551,-0.23395906074624068,-0.23395906074624065,-0.2339590607462407,-0.23395906074624068,-0.2339590607462407,-0.2339590607462407,-0.23866718525271896,-0.2339590607462407,-0.1273859510596964,-0.2339590607462407,0.0,-0.7997398947247893,-0.8012175289373926,-0.8407588434270852,0.015354695468541147,0.20795718646024305,0.23529883405232663,-0.5098101567624961,-0.507133652090725,-0.4952976281320183,0.004600677735929466,91.16
2019-11-10,-1.0102063238721732,-0.8654669209752024,-0.5040354821200957,-0.502074377833716,-0.5879064987118131,-0.6194430690401557,-0.7825056413359041,-0.5263147679735131,-0.49356357852359706,-0.39685140545492364,-0.34357579753941275,-0.36873453121609356,0.28588879145084595,-0.16775375245083787,0.4543082409614993,-0.3281793638451944,-0.37076015512233923,0.488238536603978,-0.3473624481919801,-0.6391506186875797,0.47519807947794346,-0.4054382835153223,-0.38686855295323636,0.0,0.0,-1.00080771695385,1.0534627881328102,-1.0331850565985485,-1.025328134718522,-0.8088345378923146,-0.4763474672595211,-0.49770488912069233,-0.49452565017888783,-0.4789355088681635,-0.5454751083457133,-0.39418809133773236,-0.4772632967250822,-0.438648459630617,-0.7896696897843516,0.051978359620437516,-0.45390418766223223,-0.5628674236183274,-0.6372477457555258,-0.4238972084609659,0.0,0.0,-0.23395906074624068,-0.23395906074624068,-0.238667185252719,-0.2339590607462407,-0.23866718525271893,-0.22917462425705282,-0.23866718525271896,-0.22917462425705282,-0.21935622811243694,4.274252071325551,-0.23395906074624068,-0.23395906074624065,-0.2339590607462407,-0.23395906074624068,-0.2339590607462407,-0.2339590607462407,-0.23866718525271896,-0.2339590607462407,-0.1273859510596964,-0.2339590607462407,0.0,-0.796476706290654,-0.7957703318846322,-0.8196642048342975,-0.005256994476828577,0.0028919426978536193,0.15627815114027788,-0.5125124056454808,-0.5053065559416491,-0.5080359360087945,0.0041983162067036036,91.56
2019-11-17,-1.0102063238721732,-0.8654669209752024,-0.502309307640949,-0.48908860707357177,-0.5820638866929915,-0.61810516696971,-0.7765126664309081,-0.5299766901286984,-0.30529620493463727,-0.2035650824009521,-0.24512212718322257,-0.3225550208558969,-0.3943301885336738,-0.16775375245083787,0.4543082409614993,-0.3281793638451944,-0.37076015512233923,0.488238536603978,-0.34736244819198475,-0.6186306027878664,0.47519807947794346,-0.4054382835153223,-0.38686855295323636,0.0,0.0,-1.00080771695385,1.0534627881328102,-1.0331850565985485,-1.025328134718522,-0.8088345378923146,-0.4763474672595211,-0.49770488912069233,-0.49452565017888783,-0.4789355088681635,-0.5454751083457133,-0.39418809133773236,-0.4772632967250822,-0.438648459630617,-0.74707799399637,0.3413862365914923,-0.3703784559569038,-0.5375301293080805,-0.6236119494627274,-0.24265181516540446,0.0,0.0,-0.23395906074624068,-0.23395906074624068,-0.238667185252719,-0.2339590607462407,-0.23866718525271893,-0.22917462425705282,-0.23866718525271896,-0.22917462425705282,-0.21935622811243694,4.274252071325551,-0.23395906074624068,-0.23395906074624065,-0.2339590607462407,-0.23395906074624068,-0.2339590607462407,-0.2339590607462407,-0.23866718525271896,-0.2339590607462407,-0.1273859510596964,-0.2339590607462407,0.0,-0.7856303512753365,-0.7925077546818781,-0.7932718574792145,0.06627609229788137,-0.01857643830795108,0.20818437824152858,-0.5218146427922027,-0.5080082286365144,-0.49820576726009475,0.007405117147646071,93.15
2019-11-24,-1.0102063238721732,-0.8654669209752024,-0.4988569586826555,-0.4844333307633315,-0.5675037265825952,-0.6140914607583727,-0.7771785525314633,-0.5419297090796837,-0.3069897152980802,0.010617059361556772,-0.8063080482135072,-0.16862331965523852,-0.22315943068711208,-0.16775375245083787,0.4543082409614993,-0.3281793638451944,-0.37076015512233923,0.488238536603978,-0.3473624481919801,-0.5570705550887263,0.47519807947794346,-0.4054382835153223,-0.38686855295323636,0.0,0.0,-1.00080771695385,1.0534627881328102,-1.0331850565985485,-1.025328134718522,-0.8088345378923146,-0.4763474672595211,-0.49770488912069233,-0.49452565017888783,-0.4789355088681635,-0.5454751083457133,-0.39418809133773236,-0.4772632967250822,-0.438648459630617,-0.7393881510251226,0.02335232076402043,-0.37440465593999844,-0.5438664443344305,-0.6185251595876285,-0.5114743285763095,0.0,0.0,-0.23395906074624068,-0.23395906074624068,-0.238667185252719,-0.2339590607462407,-0.23866718525271893,-0.22917462425705282,-0.23866718525271896,-0.22917462425705282,-0.21935622811243694,4.274252071325551,-0.23395906074624068,-0.23395906074624065,-0.2339590607462407,-0.23395906074624068,-0.2339590607462407,-0.2339590607462407,-0.23866718525271896,-0.2339590607462407,-0.1273859510596964,-0.2339590607462407,0.0,-0.7429796024844826,-0.7816634313091372,-0.7878085688720877,0.3662914533487839,0.05592980380373694,0.003124318292866604,-0.525475893602456,-0.5173084823099297,-0.4963794193770044,0.007250539371066272,93.44
2019-12-01,-1.0102063238721732,-0.8654669209752024,-0.45915494566228005,-0.43249024772275485,-0.5274401013106766,-0.5491586136060723,-0.7172488034815062,-0.5241675881687083,-0.22748546580814305,0.37977652321238514,-1.0918236922464606,-0.24558917025556634,0.17406796289610166,-0.16775375245083787,0.4543082409614993,-0.3281793638451944,-0.37076015512233923,0.488238536603978,-0.3473624481919801,-0.5570705550887263,0.47519807947794346,-0.4054382835153223,-0.38686855295323636,0.0,0.0,-1.00080771695385,1.0534627881328102,-1.0331850565985485,-1.025328134718522,-0.8088345378923146,-0.4763474672595211,-0.49770488912069233,-0.49452565017888783,-0.4789355088681635,-0.5454751083457133,-0.39418809133773236,-0.4772632967250822,-0.438648459630617,-0.6235334385502251,1.0089761265786985,-0.033905021181383055,-0.2719181290055609,-0.41888997507470466,0.44987617736783003,0.0,0.0,-0.23395906074624068,-0.23395906074624068,-0.238667185252719,-0.2339590607462407,-0.23866718525271893,-0.22917462425705282,-0.23866718525271896,-0.22917462425705282,-0.21935622811243694,4.274252071325551,-0.23395906074624068,-0.23395906074624065,-0.2339590607462407,-0.23395906074624068,-0.2339590607462407,-0.2339590607462407,-0.23866718525271896,-0.2339590607462407,-0.1273859510596964,-0.2339590607462407,0.0,-0.7352790976151663,-0.7390206714765133,-0.7845363536962763,0.03660084132389321,0.3684148108898117,-0.018343520016934994,-0.5374267211909941,-0.5209689524484867,-0.4990799856332279,0.02032333175301959,97.92
2019-12-08,-1.0102063238721732,-0.8654669209752024,-0.4418932008708124,-0.4011283862642937,-0.5014729367825811,-0.5149083206026611,-0.6846203845543073,-0.5200079294174917,-0.24390005128517456,0.44942925224084324,-1.6431642462411264,-0.2301960001355035,1.4234169060155983,-0.16775375245083787,0.4543082409614993,-0.3281793638451944,-0.37076015512233923,0.488238536603978,-0.3473624481919801,-0.5570705550887263,0.47519807947794346,-0.4054382835153223,-0.38686855295323636,0.0,0.0,-1.00080771695385,1.0534627881328102,-1.0331850565985485,-1.025328134718522,-0.8088345378923146,-0.4763474672595211,-0.49770488912069233,-0.49452565017888783,-0.4789355088681635,-0.5454751083457133,-0.39418809133773236,-0.4772632967250822,-0.438648459630617,-0.5904074307628865,0.2551326546784366,-0.07444113782939285,-0.2734189303730163,-0.4202165762252818,0.009402617524079534,0.0,0.0,-0.23395906074624068,-0.23395906074624068,-0.238667185252719,-0.2339590607462407,-0.23866718525271893,-0.22917462425705282,-0.23866718525271896,-0.22917462425705282,-0.21935622811243694,4.274252071325551,-0.23395906074624068,-0.23395906074624065,-0.2339590607462407,-0.23395906074624068,-0.2339590607462407,-0.2339590607462407,-0.23866718525271896,-0.2339590607462407,-0.1273859510596964,-0.2339590607462407,0.0,-0.6192637536241488,-0.7313216089971549,-0.7736599951286584,1.0583500938206734,0.025021149732139557,0.056160838662565514,-0.5196678566326528,-0.5329172318169418,-0.5083764304958782,0.01876702982839127,99.24000000000001
2019-12-15,-1.0102063238721732,-0.8654669209752024,-0.42463145607934477,-0.38434489009316397,-0.485150719079207,-0.5008157521272992,-0.678294466599034,-0.5210060635938143,-0.22250739781205284,0.8412258530259205,-1.88191439685489,-0.7651086618077907,1.6433995045990801,-0.16775375245083787,0.4543082409614993,-0.3281793638451944,-0.37076015512233923,0.488238536603978,-0.34736244819198475,-0.5570705550887263,0.47519807947794346,-0.4054382835153223,-0.38686855295323636,0.0,0.0,-1.00080771695385,1.0534627881328102,-1.0331850565985485,-1.025328134718522,-0.8088345378923146,-0.4763474672595211,-0.49770488912069233,-0.49452565017888783,-0.4789355088681635,-0.5454751083457133,-0.39418809133773236,-0.4772632967250822,-0.438648459630617,-0.5851780419249832,0.0009320823070473846,-0.017754837168287813,-0.2609942670229975,-0.40996849856906237,-0.15658994486261504,0.0,0.0,-0.23395906074624068,-0.23395906074624068,-0.238667185252719,-0.2339590607462407,-0.23866718525271893,-0.22917462425705282,-0.23866718525271896,-0.22917462425705282,-0.21935622811243694,4.274252071325551,-0.23395906074624068,-0.23395906074624065,-0.2339590607462407,-0.23395906074624068,-0.2339590607462407,-0.2339590607462407,-0.23866718525271896,-0.2339590607462407,-0.1273859510596964,-0.2339590607462407,0.0,-0.5860918169251568,-0.6153279959666355,-0.7308912644009979,0.2768764733889705,1.089237732803953,0.3686379464867291,-0.5155089604770631,-0.5151621538997335,-0.5120354015314477,0.020943385289004166,99.45
2019-12-22,-1.0102063238721732,-0.8654669209752024,-0.40736971128787713,-0.4094588807141974,-0.4751348127612273,-0.4760199670883715,-0.6772956374482016,-0.5192429525171759,-0.1780632911749007,0.7837623515774425,-1.5447105758849362,-0.3071618507358313,0.3962459965951873,-0.16775375245083787,0.4543082409614993,-0.3281793638451944,-0.37076015512233923,0.488238536603978,-0.3473624481919801,-0.4529794017704571,0.47519807947794346,-0.4054382835153223,-0.38686855295323636,0.0,0.0,-1.00080771695385,1.0534627881328102,-1.0331850565985485,-1.025328134718522,-0.8088345378923146,-0.4763474672595211,-0.49770488912069233,-0.49452565017888783,-0.4789355088681635,-0.5454751083457133,-0.39418809133773236,-0.4772632967250822,-0.438648459630617,-0.6044067524278973,-0.22193588828183564,0.055510798499511745,-0.22699989408407598,-0.37726280163618414,-0.06778192472804222,0.0,0.0,-0.23395906074624068,-0.23395906074624068,-0.238667185252719,-0.2339590607462407,-0.23866718525271893,-0.22917462425705282,-0.23866718525271896,-0.22917462425705282,-0.21935622811243694,4.274252071325551,-0.23395906074624068,-0.23395906074624065,-0.2339590607462407,-0.23395906074624068,-0.2339590607462407,-0.2339590607462407,-0.23866718525271896,-0.2339590607462407,-0.1273859510596964,-0.2339590607462407,0.0,-0.5808551775866958,-0.582162272739252,-0.7231694581359354,0.013358848030846651,0.2752834440542219,0.025252965926226778,-0.5165069116641542,-0.5110041445264715,-0.5239787876210011,0.023756270666975172,98.67999999999999
2019-12-29,-1.0102063238721732,-0.8654669209752024,-0.4224737379804113,-0.4526426938552428,-0.48793291527864574,-0.4945722091318859,-0.6967728058894377,-0.5200102335647819,-0.1586174998221986,0.7236868727903975,-1.0204447812382227,-0.8805574377082865,0.6005678246873637,-0.16775375245083787,0.4543082409614993,-0.3281793638451944,-0.37076015512233923,0.488238536603978,-0.34736244819198475,-0.4529794017704571,0.47519807947794346,-0.4054382835153223,-0.38686855295323636,0.0,0.0,-1.00080771695385,1.0534627881328102,-1.0331850565985485,-1.025328134718522,-0.8088345378923146,-0.4763474672595211,-0.49770488912069233,-0.49452565017888783,-0.4789355088681635,-0.5454751083457133,-0.39418809133773236,-0.4772632967250822,-0.438648459630617,-0.6593508848384338,-0.5473832375774395,-0.16966026280391144,-0.1280224266257439,-0.2949743880229569,-0.14915528163551656,0.0,0.0,-0.23395906074624068,-0.23395906074624068,-0.238667185252719,-0.2339590607462407,-0.23866718525271893,-0.22917462425705282,-0.23866718525271896,-0.22917462425705282,-0.21935622811243694,4.274252071325551,-0.23395906074624068,-0.23395906074624065,-0.2339590607462407,-0.23395906074624068,-0.2339590607462407,-0.2339590607462407,-0.23866718525271896,-0.2339590607462407,-0.1273859510596964,-0.2339590607462407,0.0,-0.6001105485236582,-0.5769266142814117,-0.6068331885956276,-0.21767776148615378,0.0008131411374066117,1.0894426468256821,-0.5147441238209532,-0.512001882925014,-0.5062309810895288,0.015111284786357412,96.5125
2020-01-05,-1.0102063238721732,-0.8654669209752024,-0.4375777646729455,-0.45858429651436533,-0.48539814906121037,-0.4673682003661557,-0.7162499743306738,-0.5136314770663517,-0.06032646667414665,-0.46302149803195886,-0.8555348833916031,-0.5842389128970169,0.21826938989025457,-0.16775375245083787,0.4543082409614993,-0.3281793638451944,-0.37076015512233923,0.488238536603978,-0.3473624481919801,-0.4529794017704571,0.47519807947794346,-0.4054382835153223,-0.38686855295323636,0.0,0.0,-1.00080771695385,1.0534627881328102,-1.0331850565985485,0.3762800385256233,-0.5561643997777255,-0.3450045497597853,-0.40021338803758466,-0.4221220329498693,-0.3799884202318955,-0.44317938336678675,-0.3721295367657066,-0.3434908763554706,-0.40699247524402205,-0.6779401598894957,-0.21610920160880157,-0.30208273184467443,-0.10922963754021912,-0.28052896147543827,0.08037488866316704,0.0,0.0,-0.23395906074624068,-0.23395906074624068,-0.238667185252719,-0.2339590607462407,-0.23866718525271893,-0.22917462425705282,-0.23866718525271896,-0.22917462425705282,-0.21935622811243694,4.274252071325551,-0.23395906074624068,-0.23395906074624065,-0.2339590607462407,-0.23395906074624068,-0.2339590607462407,-0.2339590607462407,-0.23866718525271896,-0.2339590607462407,-0.1273859510596964,-0.2339590607462407,0.0,-0.6551308604792686,-0.5961783784738623,-0.5735694905688671,-0.5550535268726128,-0.23982612582937182,0.2755089339050782,-0.515511264201931,-0.5102394709529694,-0.5020746745806635,0.010027192858614944,95.78999999999999
2020-01-12,-1.0102063238721732,-0.8654669209752024,-0.45268179136547965,-0.4609119346694855,-0.49164251021123073,-0.44016419160042536,-0.7357271427719096,-0.5167131619181092,-0.08703841732376598,-0.3341639493293112,-1.0819783252108435,-0.919040363008449,-0.6285099341980593,-0.16775375245083787,0.4543082409614993,-0.3281793638451944,-0.37076015512233923,0.488238536603978,-0.34736244819198475,-0.4529794017704571,0.47519807947794346,-0.4054382835153223,-0.38686855295323636,0.0,0.0,-1.00080771695385,1.0534627881328102,-1.0331850565985485,0.3762800385256233,-0.5561643997777255,-0.3450045497597853,-0.40021338803758466,-0.4221220329498693,-0.3799884202318955,-0.44317938336678675,-0.3721295367657066,-0.3434908763554706,-0.40699247524402205,-0.688032863622108,-0.13868643950780674,-0.35345272622503804,-0.11868729744197593,-0.277149630373821,-0.2233868195756807,0.0,0.0,-0.23395906074624068,-0.23395906074624068,-0.238667185252719,-0.2339590607462407,-0.23866718525271893,-0.22917462425705282,-0.23866718525271896,-0.22917462425705282,-0.21935622811243694,4.274252071325551,-0.23395906074624068,-0.23395906074624065,-0.2339590607462407,-0.23395906074624068,-0.2339590607462407,-0.2339590607462407,-0.23866718525271896,-0.2339590607462407,-0.1273859510596964,-0.2339590607462407,0.0,-0.6737459093928799,-0.651188384514888,-0.5683183654624179,-0.2116375129475294,-0.5912243611336319,0.0010455692821343505,-0.5091336771291921,-0.5110064477601268,-0.5030720043670449,0.008054946187417564,95.4
2020-01-19,-1.0102063238721732,-0.8654669209752024,-0.46778581805801384,-0.4617798986868026,-0.5009164975426934,-0.498214424534996,-0.7552043112131458,-0.5188155943669129,-0.17707148585939525,-0.599714978750308,-1.155818577977984,-2.477598837665122,-0.6288758400506599,-0.16775375245083787,0.4543082409614993,-0.3281793638451944,-0.37076015512233923,0.488238536603978,-0.34736244819198475,-0.44729912055254345,0.47519807947794346,-0.4054382835153223,-0.38686855295323636,0.0,0.0,-1.00080771695385,1.0534627881328102,-1.0331850565985485,0.3762800385256233,-0.5561643997777255,-0.3450045497597853,-0.40021338803758466,-0.4221220329498693,-0.3799884202318955,-0.44317938336678675,-0.3721295367657066,-0.3434908763554706,-0.40699247524402205,-0.690627382502693,-0.07036121039718794,-0.31900734491179766,-0.11729039243310675,-0.27538897948364566,-0.19203249011316434,0.0,0.0,-0.23395906074624068,-0.23395906074624068,-0.238667185252719,-0.2339590607462407,-0.23866718525271893,-0.22917462425705282,-0.23866718525271896,-0.22917462425705282,-0.21935622811243694,4.274252071325551,-0.23395906074624068,-0.23395906074624065,-0.2339590607462407,-0.23395906074624068,-0.2339590607462407,-0.2339590607462407,-0.23866718525271896,-0.2339590607462407,-0.1273859510596964,-0.2339590607462407,0.0,-0.6838526065683801,-0.6697999466234036,-0.5876270012545464,-0.13137702325943681,-0.2335348242747376,-0.23958761460048714,-0.5122147970116739,-0.5046302205509906,-0.5013103141703332,0.009377406690919802,95.3
2020-01-26,-1.0102063238721732,-0.8654669209752024,-0.482889844750548,-0.48786353436035074,-0.5593426177309081,-0.5092595196742965,-0.7746814796543818,-0.5172262323084957,-0.19472949981910626,-0.1426189445010512,-0.8850709844984614,-0.10705063917497352,-0.5849671377385877,-0.16775375245083787,0.4543082409614993,-0.3281793638451944,-0.37076015512233923,0.488238536603978,-0.3473624481919801,-0.44161883933462964,0.47519807947794346,-0.4054382835153223,-0.38686855295323636,0.0,0.0,-1.00080771695385,1.0534627881328102,-1.0331850565985485,0.3762800385256233,-0.5561643997777255,-0.3450045497597853,-0.40021338803758466,-0.4221220329498693,-0.3799884202318955,-0.44317938336678675,-0.3721295367657066,-0.3434908763554706,-0.40699247524402205,-0.7362131257439103,-0.46210738792601547,-0.3657900582296238,-0.38132179649208214,-0.24003712345859,-0.07341492721588744,0.0,0.0,-0.23395906074624068,-0.23395906074624068,-0.238667185252719,-0.2339590607462407,-0.23866718525271893,-0.22917462425705282,-0.23866718525271896,-0.22917462425705282,-0.21935622811243694,4.274252071325551,-0.23395906074624068,-0.23395906074624065,-0.2339590607462407,-0.23395906074624068,-0.2339590607462407,-0.2339590607462407,-0.23866718525271896,-0.2339590607462407,-0.1273859510596964,-0.2339590607462407,0.0,-0.6864507227260416,-0.679904750702443,-0.6427995122489136,-0.06054751269100777,-0.14993843907278068,-0.5909769669611407,-0.5143168440188135,-0.5077106834604298,-0.5020769768710562,0.007581279365550008,93.56
2020-02-02,-1.0102063238721732,-0.8654669209752024,-0.49799387144308216,-0.5084447559424659,-0.5726971594882143,-0.5659269862223256,-0.7941586480956178,-0.5156595344953265,-0.16902180418090154,-0.6998407767287167,-0.4321841008599858,-2.4314193273049227,-0.5764781219582537,-0.16775375245083787,0.4543082409614993,-0.3281793638451944,-0.37076015512233923,0.488238536603978,-0.3473624481919801,-0.44161883933462964,0.47519807947794346,-0.4054382835153223,-0.38686855295323636,0.0,0.0,-1.00080771695385,1.0534627881328102,-1.0331850565985485,0.3762800385256233,-0.5561643997777255,-0.3450045497597853,-0.40021338803758466,-0.4221220329498693,-0.3799884202318955,-0.44317938336678675,-0.3721295367657066,-0.3434908763554706,-0.40699247524402205,-0.7436278667591911,-0.11428421152567181,-0.3559626921988496,-0.46182909556032475,-0.2387462848394037,-0.07417651592906821,0.0,0.0,-0.23395906074624068,-0.23395906074624068,-0.238667185252719,-0.2339590607462407,-0.23866718525271893,-0.22917462425705282,-0.23866718525271896,-0.22917462425705282,-0.21935622811243694,4.274252071325551,-0.23395906074624068,-0.23395906074624065,-0.2339590607462407,-0.23395906074624068,-0.2339590607462407,-0.2339590607462407,-0.23866718525271896,-0.2339590607462407,-0.1273859510596964,-0.2339590607462407,0.0,-0.7320996701899779,-0.682502380204136,-0.6614660547373586,-0.4666521153773298,-0.07616501615753368,-0.23329647208272705,-0.5127277733402013,-0.5098122822577396,-0.49570336097164197,0.007958581138201972,93.28
2020-02-09,-1.0102063238721732,-0.8654669209752024,-0.5130978981356163,-0.5246157157569851,-0.608031051221087,-0.6100777545470354,-0.8136358165368538,-0.5167749966672884,-0.18661593943811938,-0.6693677077787662,-0.5281764294572701,-1.2653866907099338,-0.7799949571747087,-0.16775375245083787,0.4543082409614993,-0.3281793638451944,-0.37076015512233923,0.488238536603978,-0.34736244819198475,-0.44161883933462964,0.47519807947794346,-0.4054382835153223,-0.38686855295323636,0.0,0.0,-1.00080771695385,1.0534627881328102,-1.0331850565985485,0.3762800385256233,-0.5561643997777255,-0.3450045497597853,-0.40021338803758466,-0.4221220329498693,-0.3799884202318955,-0.44317938336678675,-0.3721295367657066,-0.3434908763554706,-0.40699247524402205,-0.7791545993015446,-0.370447309628502,-0.3418936233261489,-0.48382231709513723,-0.24441398262209937,-0.16029928084554923,0.0,0.0,-0.23395906074624068,-0.23395906074624068,-0.238667185252719,-0.2339590607462407,-0.23866718525271893,-0.22917462425705282,-0.23866718525271896,-0.22917462425705282,-0.21935622811243694,4.274252071325551,-0.23395906074624068,-0.23395906074624065,-0.2339590607462407,-0.23395906074624068,-0.2339590607462407,-0.2339590607462407,-0.23866718525271896,-0.2339590607462407,-0.1273859510596964,-0.2339590607462407,0.0,-0.7395246916769416,-0.7281427771139819,-0.6716007093987479,-0.10608039583129371,-0.49914869007212365,-0.14970220010132973,-0.5111613627517715,-0.5082235504093704,-0.49878256231331086,0.008498734482303509,91.95
2020-02-16,-1.0102063238721732,-0.8654669209752024,-0.5282019248281505,-0.5157951922217928,-0.6086802303342893,-0.623724355665582,-0.8331129849780899,-0.5169625807645922,-0.19758466088198057,-0.21575430998093229,-0.5897099734298891,-0.845922804938137,-0.7638219184897621,-0.16775375245083787,0.4543082409614993,-0.3281793638451944,-0.37076015512233923,0.488238536603978,-0.3473624481919801,-0.44161883933462964,0.47519807947794346,-0.4054382835153223,-0.38686855295323636,0.0,0.0,-1.00080771695385,1.0534627881328102,-1.0331850565985485,0.3762800385256233,-0.5561643997777255,-0.3450045497597853,-0.40021338803758466,-0.4221220329498693,-0.3799884202318955,-0.44317938336678675,-0.3721295367657066,-0.3434908763554706,-0.40699247524402205,-0.745750452496694,0.2576671230159257,-0.19094421548936702,-0.3804865657571,-0.23051537321321536,-0.13050889271131094,0.0,0.0,-0.23395906074624068,-0.23395906074624068,-0.238667185252719,-0.2339590607462407,-0.23866718525271893,-0.22917462425705282,-0.23866718525271896,-0.22917462425705282,-0.21935622811243694,4.274252071325551,-0.23395906074624068,-0.23395906074624065,-0.2339590607462407,-0.23395906074624068,-0.2339590607462407,-0.2339590607462407,-0.23866718525271896,-0.2339590607462407,-0.1273859510596964,-0.2339590607462407,0.0,-0.7751006817142141,-0.7355664078120803,-0.6742060125527698,-0.37163247813665834,-0.12359039884761397,-0.07593064209344301,-0.5122766204246085,-0.5066574738194767,-0.5008833004252669,0.014294130621943912,93.2
2020-02-23,-1.0102063238721732,-0.8654669209752024,-0.5282019248281505,-0.5166527431210476,-0.6071036524879407,-0.637727730669581,-0.8331129849780899,-0.5147650359703488,-0.20495509180027802,-0.695487481164438,-0.08513491285441328,-2.073528122013391,-0.6687595779841257,-0.16775375245083787,0.4543082409614993,-0.3281793638451944,-0.37076015512233923,0.488238536603978,-0.34736244819198475,-0.5059480241275027,0.47519807947794346,-0.4054382835153223,-0.38686855295323636,0.0,0.0,-1.00080771695385,1.0534627881328102,-1.0331850565985485,0.3762800385256233,-0.5561643997777255,-0.3450045497597853,-0.40021338803758466,-0.4221220329498693,-0.3799884202318955,-0.44317938336678675,-0.3721295367657066,-0.3434908763554706,-0.40699247524402205,-0.7430975047622398,-0.022545056781563926,-0.26371989976450905,-0.4243694120350099,-0.45018455427280807,-0.05393669210948487,0.0,0.0,-0.23395906074624068,-0.23395906074624068,-0.238667185252719,-0.2339590607462407,-0.23866718525271893,-0.22917462425705282,-0.23866718525271896,-0.22917462425705282,-0.21935622811243694,4.274252071325551,-0.23395906074624068,-0.23395906074624065,-0.2339590607462407,-0.23395906074624068,-0.2339590607462407,-0.2339590607462407,-0.23866718525271896,-0.2339590607462407,-0.1273859510596964,-0.2339590607462407,0.0,-0.7416502203604657,-0.7711357340718937,-0.719981235671593,0.27950383599327144,-0.400179717575313,-0.4989036234667953,-0.5124641701318768,-0.5077724936910419,-0.49929521922355524,0.011500055933264837,93.3
2020-03-01,-1.0102063238721732,-0.8654669209752024,-0.5224475495844669,-0.5123649886247736,-0.6075673518545138,-0.6490553015326883,-0.8275634902160639,-0.5137497430334547,-0.17752925264904523,-0.647601229957373,0.030548149814112076,-0.2917686806157658,-0.4737317585480046,-0.16775375245083787,0.4543082409614993,-0.3281793638451944,-0.37076015512233923,0.488238536603978,-0.3473624481919801,-0.5059480241275027,0.47519807947794346,-0.4054382835153223,-0.38686855295323636,0.0,0.0,-1.00080771695385,1.0534627881328102,-1.0331850565985485,0.3762800385256233,-0.5561643997777255,-0.3450045497597853,-0.40021338803758466,-0.4221220329498693,-0.3799884202318955,-0.44317938336678675,-0.3721295367657066,-0.3434908763554706,-0.40699247524402205,-0.7151497926620548,0.2079468028743634,-0.2323517414325121,-0.38798520330757524,-0.4587358975267132,-0.09191241462636518,0.0,0.0,-0.23395906074624068,-0.23395906074624068,-0.238667185252719,-0.2339590607462407,-0.23866718525271893,-0.22917462425705282,-0.23866718525271896,-0.22917462425705282,-0.21935622811243694,4.274252071325551,-0.23395906074624068,-0.23395906074624065,-0.2339590607462407,-0.23395906074624068,-0.2339590607462407,-0.2339590607462407,-0.23866718525271896,-0.2339590607462407,-0.1273859510596964,-0.2339590607462407,0.0,-0.7389935943378548,-0.7376915383605105,-0.7274267965028988,-0.01097878380498772,0.27802000867260285,-0.12335482592434409,-0.510267028216367,-0.5079600034079474,-0.49772978400212126,0.012704372706083518,94.36
2020-03-08,-1.0102063238721732,-0.8654669209752024,-0.5092140055575363,-0.5177553085629466,-0.6238895695578881,-0.6597585180962543,-0.8131364019614374,-0.5097121836979299,-0.15108743117609347,-0.5849137738317607,0.8969404489485878,-1.24614522805985,-0.5858453117848291,-0.16775375245083787,0.4543082409614993,-0.3281793638451944,-0.37076015512233923,0.488238536603978,-0.3473624481919801,-0.5059480241275027,0.47519807947794346,-0.4054382835153223,-0.38686855295323636,0.0,0.0,0.914241963073255,1.2233407497151683,-0.4385586745289143,0.3762800385256233,-0.5561643997777255,-0.3450045497597853,-0.40021338803758466,-0.4221220329498693,-0.3799884202318955,-0.44317938336678675,-0.3721295367657066,-0.3434908763554706,-0.40699247524402205,-0.716198710856952,-0.056277332359079564,-0.379462697267891,-0.38879454249791623,-0.462041551463801,0.004908831951829838,0.0,0.0,-0.23395906074624068,-0.23395906074624068,-0.238667185252719,-0.2339590607462407,-0.23866718525271893,-0.22917462425705282,-0.23866718525271896,-0.22917462425705282,4.558794653814994,-0.2339590607462407,-0.23395906074624068,-0.23395906074624065,-0.2339590607462407,-0.23395906074624068,-0.2339590607462407,-0.2339590607462407,-0.23866718525271896,-0.2339590607462407,-0.1273859510596964,-0.2339590607462407,0.0,-0.7110071329863805,-0.7350354099534148,-0.7631011980411976,0.22796114836860393,-0.024536044417757828,-0.3999371527918869,-0.5092519214144421,-0.505763329978918,-0.49884434723026166,0.00705634614032829,94.32000000000001
2020-03-15,-1.0102063238721732,-0.8654669209752024,-0.5109401800366828,-0.5184903521908794,-0.6261153265174391,-0.6613640005807891,-0.8164658324642129,-0.49749050729012306,-0.09579508858606028,-0.6998407767287167,1.2070695105705893,-0.3802794088061434,-0.7591383235764744,-0.16775375245083787,0.4543082409614993,-0.3281793638451944,-0.37076015512233923,0.488238536603978,-0.34736244819198475,-0.5059480241275027,0.47519807947794346,-0.4054382835153223,-0.38686855295323636,0.0,0.0,0.914241963073255,1.2233407497151683,-0.4385586745289143,0.3762800385256233,-0.5561643997777255,-0.3450045497597853,-0.40021338803758466,-0.4221220329498693,-0.3799884202318955,-0.44317938336678675,-0.3721295367657066,-0.3434908763554706,-0.40699247524402205,-0.7023365086124604,0.07959631445316398,-0.42595480018012016,-0.3808254561974937,-0.45275633825614925,0.26585985585433436,0.0,0.0,-0.23395906074624068,-0.23395906074624068,-0.238667185252719,-0.2339590607462407,-0.23866718525271893,-0.22917462425705282,-0.23866718525271896,-0.22917462425705282,4.558794653814994,-0.2339590607462407,-0.23395906074624068,-0.23395906074624065,-0.2339590607462407,-0.23395906074624068,-0.2339590607462407,-0.2339590607462407,-0.23866718525271896,-0.2339590607462407,-0.1273859510596964,-0.2339590607462407,0.0,-0.7120575054969144,-0.7070541907765114,-0.7295582048954063,-0.045947427168724055,0.22433503383927464,0.2782454293462501,-0.5052151022899002,-0.5047484396235546,-0.49903178015474264,0.005271376211644391,94.85
2020-03-22,-1.0102063238721732,-0.8654669209752024,-0.5121731618075019,-0.5153110434855279,-0.6224609250580295,-0.6568830989664521,-0.815395658374035,-0.4944801308449709,-0.07778896603687573,-0.6901391466140385,1.1645234601666647,-0.23541868285480996,-0.7497293159381732,-0.16775375245083787,0.4543082409614993,-0.3281793638451944,-0.37076015512233923,0.488238536603978,-0.34736244819198475,-0.5100256545732194,0.47519807947794346,-0.4054382835153223,-0.38686855295323636,0.0,0.0,0.914241963073255,1.2233407497151683,-0.4385586745289143,0.3762800385256233,-0.5561643997777255,-0.3450045497597853,-0.40021338803758466,-0.4221220329498693,-0.3799884202318955,-0.44317938336678675,-0.3721295367657066,-0.3434908763554706,-0.40699247524402205,-0.7008156529611366,-0.032860946891059846,-0.42335167547814195,-0.45441734043881904,-0.504432750329592,-0.028641807853077333,0.0,0.0,-0.23395906074624068,-0.23395906074624068,-0.238667185252719,-0.2339590607462407,-0.23866718525271893,-0.22917462425705282,-0.23866718525271896,-0.22917462425705282,4.558794653814994,-0.2339590607462407,-0.23395906074624068,-0.23395906074624065,-0.2339590607462407,-0.23395906074624068,-0.2339590607462407,-0.2339590607462407,-0.23866718525271896,-0.2339590607462407,-0.1273859510596964,-0.2339590607462407,0.0,-0.6981760834337748,-0.7081043665406258,-0.7268942300244774,0.09490631058132033,-0.0609581020451791,-0.024302975474747305,-0.49299566649786003,-0.5007124812514158,-0.49683600634777697,0.00537131790114846,94.90832857142857
2020-03-29,-1.0102063238721732,-0.8654669209752024,-0.513406143578321,-0.5121317347801763,-0.6188065235986201,-0.6524021973521152,-0.8143254842838572,-0.4914697543998187,-0.05978284348769116,-0.6804375164993605,1.1219774097627404,-0.09055795690347374,-0.7403203082998719,-0.16775375245083787,0.4543082409614993,-0.3281793638451944,-0.37076015512233923,0.488238536603978,-0.34736244819198475,-0.5141032850189359,0.47519807947794346,-0.4054382835153223,-0.38686855295323636,0.0,0.0,0.914241963073255,1.2233407497151683,-0.4385586745289143,0.3762800385256233,-0.5561643997777255,-0.3450045497597853,-0.40021338803758466,-0.4221220329498693,-0.3799884202318955,-0.44317938336678675,-0.3721295367657066,-0.3434908763554706,-0.40699247524402205,-0.6992957317071661,-0.03286946134015901,-0.4926152425029213,-0.45988187210242376,-0.5101864067840309,-0.028761718176955987,0.0,0.0,-0.23395906074624068,-0.23395906074624068,-0.238667185252719,-0.2339590607462407,-0.23866718525271893,-0.22917462425705282,-0.23866718525271896,-0.22917462425705282,4.558794653814994,-0.2339590607462407,-0.23395906074624068,-0.23395906074624065,-0.2339590607462407,-0.23395906074624068,-0.2339590607462407,-0.2339590607462407,-0.23866718525271896,-0.2339590607462407,-0.1273859510596964,-0.2339590607462407,0.0,-0.6966531191297783,-0.6942255446217787,-0.698830351581669,-0.02167277571755544,0.08574999011632502,0.22456181160739777,-0.489985841948921,-0.4884956509535524,-0.49582153162895926,0.002712083825933236,94.96665714285714
2020-04-05,-1.0102063238721732,-0.8654669209752024,-0.5146391253491401,-0.5089524260748248,-0.6151521221392106,-0.6479212957377783,-0.8132553101936794,-0.488459377954667,-0.04177672093850662,-0.6707358863846823,1.0794313593588123,0.05430276904785975,-0.7309113006615707,-0.16775375245083787,0.4543082409614993,-0.3281793638451944,-0.37076015512233923,0.488238536603978,-0.34736244819198475,-0.5181809154646527,0.47519807947794346,-0.4054382835153223,-0.38686855295323636,0.0,0.0,0.914241963073255,1.2233407497151683,-0.4385586745289143,0.3762800385256233,-0.5561643997777255,-0.3450045497597853,-0.40021338803758466,-0.4221220329498693,-0.3799884202318955,-0.44317938336678675,-0.3721295367657066,-0.3434908763554706,-0.40699247524402205,-0.6977767437030884,-0.03287796533332444,-0.4982818644995397,-0.5474860672962454,-0.5118888929450719,-0.028881328831740643,0.0,0.0,-0.23395906074624068,-0.23395906074624068,-0.238667185252719,-0.2339590607462407,-0.23866718525271893,-0.22917462425705282,-0.23866718525271896,-0.22917462425705282,4.558794653814994,-0.2339590607462407,-0.23395906074624068,-0.23395906074624065,-0.2339590607462407,-0.23395906074624068,-0.2339590607462407,-0.2339590607462407,-0.23866718525271896,-0.2339590607462407,-0.1273859510596964,-0.2339590607462407,0.0,-0.6951310905186691,-0.6927028655858856,-0.699883629667994,-0.021681602241378387,-0.035674514550992686,-0.06072411239440334,-0.48697601739998186,-0.48548646817567936,-0.49178722613664866,0.0024945253756244222,95.0249857142857
2020-04-12,-1.0102063238721732,-0.8654669209752024,-0.5158721071199595,-0.5057731173694732,-0.611497720679801,-0.6434403941234416,-0.8121851361035017,-0.4854490015095148,-0.02377059838932208,-0.6610342562700042,1.036885308954888,0.19916349499919322,-0.7215022930232696,-0.16775375245083787,0.4543082409614993,-0.3281793638451944,-0.37076015512233923,0.488238536603978,-0.34736244819198475,-0.5222585459103694,0.47519807947794346,-0.4054382835153223,-0.38686855295323636,0.0,0.0,0.914241963073255,1.2233407497151683,-0.4385586745289143,0.3762800385256233,-0.5561643997777255,-0.3450045497597853,-0.40021338803758466,-0.4221220329498693,-0.3799884202318955,-0.44317938336678675,-0.3721295367657066,-0.3434908763554706,-0.40699247524402205,-0.6962586878035518,-0.032886458889777065,-0.5632426720239943,-0.5891387870860043,-0.5118681852192575,-0.029000640939424026,0.0,0.0,-0.23395906074624068,-0.23395906074624068,-0.238667185252719,-0.2339590607462407,-0.23866718525271893,-0.22917462425705282,-0.23866718525271896,-0.22917462425705282,4.558794653814994,-0.2339590607462407,-0.23395906074624068,-0.23395906074624065,-0.2339590607462407,-0.23395906074624068,-0.2339590607462407,-0.2339590607462407,-0.23866718525271896,-0.2339590607462407,-0.1273859510596964,-0.2339590607462407,0.0,-0.693609996451395,-0.6911811220676138,-0.6859638083479347,-0.02169041792603288,-0.03568370793479043,0.08598027115510916,-0.48396619285104314,-0.4824772853978064,-0.47957539909959773,4.870183344110672e-07,95.08331428571428
2020-04-19,-1.0102063238721732,-0.8654669209752024,-0.5171050888907786,-0.5025938086641217,-0.6078433192203915,-0.6389594925091047,-0.8111149620133239,-0.4824386250643627,-0.005764475840137505,-0.6513326261553262,0.9943392585509634,0.3440242209505267,-0.7120932853849683,-0.16775375245083787,0.4543082409614993,-0.3281793638451944,-0.37076015512233923,0.488238536603978,-0.34736244819198475,-0.5263361763560859,0.47519807947794346,-0.4054382835153223,-0.38686855295323636,0.0,0.0,0.914241963073255,1.2233407497151683,-0.4385586745289143,0.3762800385256233,-0.5561643997777255,-0.3450045497597853,-0.40021338803758466,-0.4221220329498693,-0.3799884202318955,-0.44317938336678675,-0.3721295367657066,-0.3434908763554706,-0.40699247524402205,-0.6947415628653165,-0.032894942028757805,-0.5632426875920257,-0.5883792657648644,-0.5733487494645338,-0.0291196556164266,0.0,0.0,-0.23395906074624068,-0.23395906074624068,-0.238667185252719,-0.2339590607462407,-0.23866718525271893,-0.22917462425705282,-0.23866718525271896,-0.22917462425705282,4.558794653814994,-0.2339590607462407,-0.23395906074624068,-0.23395906074624065,-0.2339590607462407,-0.23395906074624068,-0.2339590607462407,-0.2339590607462407,-0.23866718525271896,-0.2339590607462407,-0.1273859510596964,-0.2339590607462407,0.0,-0.6920898357810167,-0.6896603129181269,-0.684436631168822,-0.021699222791444317,-0.03569289002890747,-0.03544116404025611,-0.4809563683021041,-0.4794681026199338,-0.4765674486975459,4.864206314431786e-07,95.14164285714286
2020-05-17,-1.0102063238721732,-0.8654669209752024,-0.5220370159740548,-0.4898765738427156,-0.5932257133827533,-0.621035886051757,-0.8068342656526125,-0.47039711928375444,0.0662600143566007,-0.6125261056966137,0.824155056935262,0.9234671247558661,-0.6744572548317636,-0.16775375245083787,0.4543082409614993,-0.3281793638451944,-0.37076015512233923,0.488238536603978,-0.3473624481919801,-0.5426466981389525,0.47519807947794346,-0.4054382835153223,-0.38686855295323636,0.0,0.0,0.914241963073255,1.2233407497151683,-0.4385586745289143,0.3762800385256233,-0.5561643997777255,-0.3450045497597853,-0.40021338803758466,-0.4221220329498693,-0.3799884202318955,-0.44317938336678675,-0.3721295367657066,-0.3434908763554706,-0.40699247524402205,-0.6886823499339622,0.008493635192907554,-0.5393493358712446,-0.6490375921173742,-0.5774143351382399,0.25579019305243594,0.0,0.0,-0.23395906074624068,-0.23395906074624068,-0.238667185252719,-0.2339590607462407,-0.23866718525271893,-0.22917462425705282,-0.23866718525271896,-0.22917462425705282,4.558794653814994,-0.2339590607462407,-0.23395906074624068,-0.23395906074624065,-0.2339590607462407,-0.23395906074624068,-0.2339590607462407,-0.2339590607462407,-0.23866718525271896,-0.2339590607462407,-0.1273859510596964,-0.2339590607462407,0.0,-0.6905706073627091,-0.6881404369907002,-0.6829103922709415,-0.021708016857558857,-0.03570206085409738,-0.03545035719165567,-0.477946543753165,-0.4764589198420608,-0.4735594982954941,0.0009178231648431928,95.37495714285714
2020-05-24,-1.0102063238721732,-0.8654669209752024,-0.5232699977448739,-0.4866972651373641,-0.5895713119233439,-0.61655498443742,-0.8057640915624347,-0.4673867428386023,0.0842661369057853,-0.6028244755819356,0.7816090065313358,1.0683278507071996,-0.6650482471934623,-0.16775375245083787,0.4543082409614993,-0.3281793638451944,-0.37076015512233923,0.488238536603978,-0.3473624481919801,-0.5467243285846691,0.47519807947794346,-0.4054382835153223,-0.38686855295323636,0.0,0.0,0.914241963073255,1.2233407497151683,-0.4385586745289143,0.3762800385256233,-0.5561643997777255,-0.3450045497597853,-0.40021338803758466,-0.4221220329498693,-0.3799884202318955,-0.44317938336678675,-0.3721295367657066,-0.3434908763554706,-0.40699247524402205,-0.6871698627269673,-0.03293720212981015,-0.539337916080131,-0.6520304357735843,-0.6437613061819865,-0.02971030622636193,0.0,0.0,-0.23395906074624068,-0.23395906074624068,-0.238667185252719,-0.2339590607462407,-0.23866718525271893,-0.22917462425705282,-0.23866718525271896,-0.22917462425705282,4.558794653814994,-0.2339590607462407,-0.23395906074624068,-0.23395906074624065,-0.2339590607462407,-0.23395906074624068,-0.2339590607462407,-0.2339590607462407,-0.23866718525271896,-0.2339590607462407,-0.1273859510596964,-0.2339590607462407,0.0,-0.6845029933871601,-0.6866214931407231,-0.6813850905020629,0.02119754973758605,-0.03571122043113534,-0.03545953905365992,-0.465907245557409,-0.47344973706418775,-0.4705515478934426,0.000918261604544833,95.43328571428572
2020-05-31,-1.0102063238721732,-0.8654669209752024,-0.5245029795156932,-0.4835179564320125,-0.5859169104639343,-0.6120740828230832,-0.804693917472257,-0.46437636639345015,0.10227225945496982,-0.5931228454672575,0.7390629561274096,1.213188576658533,-0.6556392395551611,-0.16775375245083787,0.4543082409614993,-0.3281793638451944,-0.37076015512233923,0.488238536603978,-0.3473624481919801,-0.5508019590303856,0.47519807947794346,-0.4054382835153223,-0.38686855295323636,0.0,0.0,0.914241963073255,1.2233407497151683,-0.4385586745289143,0.3762800385256233,-0.5561643997777255,-0.3450045497597853,-0.40021338803758466,-0.4221220329498693,-0.3799884202318955,-0.44317938336678675,-0.3721295367657066,-0.3434908763554706,-0.40699247524402205,-0.6856582996657768,-0.03294562316437516,-0.5393265226888884,-0.6845682462946159,-0.6835162972488164,-0.02982755945383033,0.0,0.0,-0.23395906074624068,-0.23395906074624068,-0.238667185252719,-0.2339590607462407,-0.23866718525271893,-0.22917462425705282,-0.23866718525271896,-0.22917462425705282,4.558794653814994,-0.2339590607462407,-0.23395906074624068,-0.23395906074624065,-0.2339590607462407,-0.23395906074624068,-0.2339590607462407,-0.2339590607462407,-0.23866718525271896,-0.2339590607462407,-0.1273859510596964,-0.2339590607462407,0.0,-0.6829884091302656,-0.6805550156965594,-0.6798607247120739,-0.021751825891397056,0.008977645614097368,-0.03546870964702191,-0.4628974210084699,-0.46141300595269613,-0.46754359749139074,0.0009186990306770181,95.49161428571429
2020-06-07,-1.0102063238721732,-0.8654669209752024,-0.5257359612865123,-0.48033864772666107,-0.5822625090045248,-0.6075931812087463,-0.8036237433820792,-0.46136598994829836,0.12027838200415432,-0.5834212153525794,0.6965169057234851,1.3580493026098666,-0.6462302319168599,-0.16775375245083787,0.4543082409614993,-0.3281793638451944,-0.37076015512233923,0.488238536603978,-0.3473624481919801,-0.5548795894761025,0.47519807947794346,-0.4054382835153223,-0.38686855295323636,0.0,0.0,0.914241963073255,1.2233407497151683,-0.4385586745289143,0.3762800385256233,-0.5561643997777255,-0.3450045497597853,-0.40021338803758466,-0.4221220329498693,-0.3799884202318955,-0.44317938336678675,-0.3721295367657066,-0.3434908763554706,-0.40699247524402205,-0.6841476596217536,-0.032954033914533026,-0.5393151556086057,-0.6845622957880457,-0.6830745721265338,-0.029944522911440945,0.0,0.0,-0.23395906074624068,-0.23395906074624068,-0.238667185252719,-0.2339590607462407,-0.23866718525271893,-0.22917462425705282,-0.23866718525271896,-0.22917462425705282,4.558794653814994,-0.2339590607462407,-0.23395906074624068,-0.23395906074624065,-0.2339590607462407,-0.23395906074624068,-0.2339590607462407,-0.2339590607462407,-0.23866718525271896,-0.2339590607462407,-0.1273859510596964,-0.2339590607462407,0.0,-0.6814747503004953,-0.6790407151380924,-0.6783372937529828,-0.021760555576821945,-0.03575685031555663,-0.03547786899251629,-0.4598875964595308,-0.45840382317482314,-0.4645356470893389,0.0009191354466532919,95.54994285714285
2020-06-14,-1.0102063238721732,-0.8654669209752024,-0.5269689430573314,-0.4771593390213094,-0.5786081075451153,-0.6031122795944094,-0.8025535692919014,-0.45835561350314624,0.1382845045533389,-0.5737195852379013,0.6539708553195606,1.5029100285612027,-0.6368212242785588,-0.16775375245083787,0.4543082409614993,-0.3281793638451944,-0.37076015512233923,0.488238536603978,-0.3473624481919801,-0.5589572199218191,0.47519807947794346,-0.4054382835153223,-0.38686855295323636,0.0,0.0,0.914241963073255,1.2233407497151683,-0.4385586745289143,0.3762800385256233,-0.5561643997777255,-0.3450045497597853,-0.40021338803758466,-0.4221220329498693,-0.3799884202318955,-0.44317938336678675,-0.3721295367657066,-0.3434908763554706,-0.40699247524402205,-0.6826379414683305,-0.03296243439914427,-0.5632428111111349,-0.6845563581126937,-0.7357629004865536,-0.030061197671919653,0.0,0.0,-0.23395906074624068,-0.23395906074624068,-0.238667185252719,-0.2339590607462407,-0.23866718525271893,-0.22917462425705282,-0.23866718525271896,-0.22917462425705282,4.558794653814994,-0.2339590607462407,-0.23395906074624068,-0.23395906074624065,-0.2339590607462407,-0.23395906074624068,-0.2339590607462407,-0.2339590607462407,-0.23866718525271896,-0.2339590607462407,-0.1273859510596964,-0.2339590607462407,0.0,-0.6799620157676473,-0.6775273398334068,-0.6722528953394362,-0.02176927460089182,-0.03576594283602725,0.009209867369533544,-0.4568777719105921,-0.45539464039695016,-0.4525038454811319,4.816783659442747e-07,95.60827142857143
2020-06-21,-1.0102063238721732,-0.8654669209752024,-0.5282019248281505,-0.473980030315958,-0.5749537060857058,-0.5986313779800725,-0.8014833952017235,-0.45534523705799407,0.15629062710252348,-0.5640179551232232,0.6114248049156343,1.6477707545125362,-0.6274122166402576,-0.16775375245083787,0.4543082409614993,-0.3281793638451944,-0.37076015512233923,0.488238536603978,-0.3473624481919801,-0.5630348503675356,0.47519807947794346,-0.4054382835153223,-0.38686855295323636,0.0,0.0,0.914241963073255,1.2233407497151683,-0.4385586745289143,0.3762800385256233,-0.5561643997777255,-0.3450045497597853,-0.40021338803758466,-0.4221220329498693,-0.3799884202318955,-0.44317938336678675,-0.3721295367657066,-0.3434908763554706,-0.40699247524402205,-0.6811291440809967,-0.03297082463694928,-0.5632428264239069,-0.6845504332295193,-0.737694519602794,-0.030177584802963717,0.0,0.0,-0.23395906074624068,-0.23395906074624068,-0.238667185252719,-0.2339590607462407,-0.23866718525271893,-0.22917462425705282,-0.23866718525271896,-0.22917462425705282,4.558794653814994,-0.2339590607462407,-0.23395906074624068,-0.23395906074624065,-0.2339590607462407,-0.23395906074624068,-0.2339590607462407,-0.2339590607462407,-0.23866718525271896,-0.2339590607462407,-0.1273859510596964,-0.2339590607462407,0.0,-0.6784502044035923,-0.6760148886525125,-0.6707341213885938,-0.021777982983158476,-0.03577502425202113,-0.03552349772346653,-0.45386794736165303,-0.4523854576190775,-0.4494958950790801,4.810904631436726e-07,95.6666
2020-06-28,-1.0102063238721732,-0.8654669209752024,-0.5282019248281505,-0.4747969088011339,-0.5840733742679728,-0.6152805881185849,-0.799818679950336,-0.4473790046394156,0.2083081069641354,0.06633924258432336,0.20776475645525302,1.1090098003102307,-0.5308130715536986,-0.16775375245083787,0.4543082409614993,-0.3281793638451944,-0.37076015512233923,0.488238536603978,-0.3473624481919801,-0.5630348503675356,0.47519807947794346,-0.4054382835153223,-0.38686855295323636,0.0,0.0,0.914241963073255,1.2233407497151683,-0.4385586745289143,0.3762800385256233,-0.5561643997777255,-0.3450045497597853,-0.40021338803758466,-0.4221220329498693,-0.3799884202318955,-0.44317938336678675,-0.3721295367657066,-0.3434908763554706,-0.40699247524402205,-0.6819898920810431,-0.05456268115632997,-0.5507765029869095,-0.6809870119356788,-0.7636941369279927,0.1245163045890748,0.0,0.0,-0.23395906074624068,-0.23395906074624068,-0.238667185252719,-0.2339590607462407,-0.23866718525271893,-0.22917462425705282,-0.23866718525271896,-0.22917462425705282,4.558794653814994,-0.2339590607462407,-0.23395906074624068,-0.23395906074624065,-0.2339590607462407,-0.23395906074624068,-0.2339590607462407,-0.2339590607462407,-0.23866718525271896,-0.2339590607462407,-0.1273859510596964,-0.2339590607462407,0.0,-0.6769393150822606,-0.6745033604674914,-0.6692162754248232,-0.02178668074304918,-0.03578409458390271,-0.03553259001408868,-0.4508581228127139,-0.4493762748412045,-0.44648794467702824,0.00047910027657086543,95.63332
2020-07-05,-1.0102063238721732,-0.8654669209752024,-0.5282019248281505,-0.48100312716631227,-0.5949547290837246,-0.6197998429256079,-0.799818679950336,-0.45235217011882856,0.17526781299634697,-0.5605353186718003,0.0699296179565857,1.124402970430299,-0.42426128727640317,-0.16775375245083787,0.4543082409614993,-0.3281793638451944,-0.37076015512233923,0.488238536603978,-0.3473624481919801,-0.5630348503675356,0.47519807947794346,-0.4054382835153223,-0.38686855295323636,0.0,0.0,0.914241963073255,1.2233407497151683,-0.4385586745289143,0.3762800385256233,-0.5561643997777255,-0.3450045497597853,-0.40021338803758466,-0.4221220329498693,-0.3799884202318955,-0.44317938336678675,-0.3721295367657066,-0.3434908763554706,-0.40699247524402205,-0.6745850547027356,0.02075528257148221,-0.5261467606909449,-0.6713938130555275,-0.7550675574919922,-0.2798356008090123,0.0,0.0,-0.23395906074624068,-0.23395906074624068,-0.238667185252719,-0.2339590607462407,-0.23866718525271893,-0.22917462425705282,-0.23866718525271896,-0.22917462425705282,4.558794653814994,-0.2339590607462407,-0.23395906074624068,-0.23395906074624065,-0.2339590607462407,-0.23395906074624068,-0.2339590607462407,-0.2339590607462407,-0.23866718525271896,-0.2339590607462407,-0.1273859510596964,-0.2339590607462407,0.0,-0.6778012565016621,-0.6729927541524848,-0.667699356314796,-0.04416992993867896,-0.03579315385190672,-0.0355416712005148,-0.44289335085384346,-0.4463670920633315,-0.44347999427497675,0.001424709242302696,95.92
2020-07-12,-1.0102063238721732,-0.8654669209752024,-0.5282019248281505,-0.48884359253092763,-0.5975514455365342,-0.6233675817801297,-0.8042588084688371,-0.4572105768287832,0.12891009028527042,0.46684243449795787,0.5031257675238253,0.8473259082691106,-0.4409465941549906,-0.16775375245083787,0.4543082409614993,-0.3281793638451944,-0.37076015512233923,0.488238536603978,-0.3473624481919801,-0.5630348503675356,0.47519807947794346,-0.4054382835153223,-0.38686855295323636,0.0,0.0,0.914241963073255,1.2233407497151683,-0.4385586745289143,0.3762800385256233,-0.5561643997777255,-0.3450045497597853,-0.40021338803758466,-0.4221220329498693,-0.3799884202318955,-0.44317938336678675,-0.3721295367657066,-0.3434908763554706,-0.40699247524402205,-0.68181709772415,-0.11261942430912349,-0.499506428547358,-0.656697328549769,-0.7395032593557118,-0.27655599098165073,0.0,0.0,-0.23395906074624068,-0.23395906074624068,-0.238667185252719,-0.2339590607462407,-0.23866718525271893,-0.22917462425705282,-0.23866718525271896,-0.22917462425705282,4.558794653814994,-0.2339590607462407,-0.23395906074624068,-0.23395906074624065,-0.2339590607462407,-0.23395906074624068,-0.2339590607462407,-0.2339590607462407,-0.23866718525271896,-0.2339590607462407,-0.1273859510596964,-0.2339590607462407,0.0,-0.6703861523829752,-0.6738545341206998,-0.6661833629272625,0.03390861553117484,-0.059106726060361166,-0.03555074130310882,-0.4478656045963873,-0.43840401839620796,-0.44047204387292493,0.0024475107244431287,95.64
2020-07-19,-1.0102063238721732,-0.8654669209752024,-0.5316549642562357,-0.4981541451514084,-0.6034867974286703,-0.62015661681106,-0.8042588084688371,-0.45701743627009433,0.1082532259063183,-0.5396394999632629,0.13884718720592112,1.2937278417510227,-0.3171240536349469,-0.16775375245083787,0.4543082409614993,-0.3281793638451944,-0.37076015512233923,0.488238536603978,-0.3473624481919801,-0.5622680124031173,0.47519807947794346,-0.4054382835153223,-0.38686855295323636,0.0,0.0,0.914241963073255,1.2233407497151683,-0.4385586745289143,0.3762800385256233,-0.5561643997777255,-0.3450045497597853,-0.40021338803758466,-0.4221220329498693,-0.3799884202318955,-0.44317938336678675,-0.3721295367657066,-0.3434908763554706,-0.40699247524402205,-0.688032863622108,-0.10335886743164507,-0.4927332621088806,-0.6487585211533513,-0.7318167612750542,-0.11843313910850937,0.0,0.0,-0.23395906074624068,-0.23395906074624068,-0.238667185252719,-0.2339590607462407,-0.23866718525271893,-0.22917462425705282,-0.23866718525271896,-0.22917462425705282,4.558794653814994,-0.2339590607462407,-0.23395906074624068,-0.23395906074624065,-0.2339590607462407,-0.23395906074624068,-0.2339590607462407,-0.2339590607462407,-0.23866718525271896,-0.2339590607462407,-0.1273859510596964,-0.2339590607462407,0.0,-0.6776282225669483,-0.6664408189332452,-0.6646682941330381,-0.1043545902206343,0.022217025993381472,-0.03555980034210494,-0.4527231206083467,-0.4433752119279211,-0.43746409347087306,0.002707552702700757,95.4
2020-07-26,-1.0102063238721732,-0.8654669209752024,-0.5310791124499923,-0.4981541451514082,-0.6049706354017044,-0.6208701645819645,-0.8031481104531114,-0.45738866906269304,0.04946716567394409,-0.3411292222321571,-0.2155860260763643,0.3239581241868705,-0.2211103579125488,-0.16775375245083787,0.4543082409614993,-0.3281793638451944,-0.37076015512233923,0.488238536603978,-0.3473624481919801,-0.5617567870935051,0.47519807947794346,-0.4054382835153223,-0.38686855295323636,0.0,0.0,0.914241963073255,1.2233407497151683,-0.4385586745289143,0.3762800385256233,-0.5561643997777255,-0.3450045497597853,-0.40021338803758466,-0.4221220329498693,-0.3799884202318955,-0.44317938336678675,-0.3721295367657066,-0.3434908763554706,-0.40699247524402205,-0.6581336323051578,0.22572950631934607,-0.3811527541142501,-0.568658172115937,-0.6687049546703272,-0.13611572515612463,0.0,0.0,-0.23395906074624068,-0.23395906074624068,-0.238667185252719,-0.2339590607462407,-0.23866718525271893,-0.22917462425705282,-0.23866718525271896,-0.22917462425705282,4.558794653814994,-0.2339590607462407,-0.23395906074624068,-0.23395906074624065,-0.2339590607462407,-0.23395906074624068,-0.2339590607462407,-0.2339590607462407,-0.23866718525271896,-0.2339590607462407,-0.1273859510596964,-0.2339590607462407,0.0,-0.6838526065683801,-0.673681532597161,-0.6655326198838044,-0.09475461200232556,-0.1217928629594946,-0.058872783210242946,-0.4525300154583666,-0.4482316921940492,-0.4295042809879892,0.006991459837933829,96.56
2020-08-02,0.11747273403683076,-0.143012732175819,-0.5282019248281505,-0.49325385429852375,-0.6053415948949628,-0.6194430690401557,-0.799818679950336,-0.45684615452463423,-0.2093053897215668,-0.20878903707808652,-0.8456895163559843,0.47788982538752883,-0.2945842531147497,-0.16775375245083787,0.4543082409614993,-0.3281793638451944,-0.37076015512233923,0.488238536603978,-0.3473624481919801,-0.5617567870935051,0.47519807947794346,-0.4054382835153223,-0.38686855295323636,0.0,0.0,0.914241963073255,1.2233407497151683,-0.4385586745289143,0.3762800385256233,-0.5561643997777255,-0.3450045497597853,-0.40021338803758466,-0.4221220329498693,-0.3799884202318955,-0.44317938336678675,-0.3721295367657066,-0.3434908763554706,-0.40699247524402205,-0.6255554031307476,0.2501411667425104,-0.3321637683392083,-0.5247177078121342,-0.6296750997453783,-0.10748701512075085,0.0,0.0,-0.23395906074624068,-0.23395906074624068,-0.238667185252719,-0.2339590607462407,-0.23866718525271893,-0.22917462425705282,-0.23866718525271896,-0.22917462425705282,4.558794653814994,-0.2339590607462407,-0.23395906074624068,-0.23395906074624065,-0.2339590607462407,-0.23395906074624068,-0.2339590607462407,-0.2339590607462407,-0.23866718525271896,-0.2339590607462407,-0.1273859510596964,-0.2339590607462407,0.0,-0.6539119202363107,-0.679904750702443,-0.6580970038545334,0.24639563000864997,-0.11179387740400033,0.02244891307249467,-0.4529011801923766,-0.44803862821899343,-0.43447343862518784,0.008872292516340634,97.84
2020-08-09,0.12395332983109142,-0.13753606332524299,-0.5282019248281505,-0.500114261492562,-0.6063308202103187,-0.621821561609837,-0.799818679950336,-0.4602374923033617,-0.278201261929458,0.20564470064123969,-1.0655693801514776,0.4471034851473977,-0.1185591442903532,-0.16775375245083787,0.4543082409614993,-0.3281793638451944,-0.37076015512233923,0.488238536603978,-0.34736244819198475,-0.5617567870935051,0.47519807947794346,-0.4054382835153223,-0.38686855295323636,0.0,0.0,0.914241963073255,1.2233407497151683,-0.4385586745289143,0.3762800385256233,-0.5561643997777255,-0.3450045497597853,-0.40021338803758466,-0.4221220329498693,-0.3799884202318955,-0.44317938336678675,-0.3721295367657066,-0.3434908763554706,-0.40699247524402205,-0.6215131252271828,-0.009885152552995918,-0.36154363302853126,-0.5259896890294183,-0.6295642929421051,-0.23079921354264676,0.0,0.0,-0.23395906074624068,-0.23395906074624068,-0.238667185252719,-0.2339590607462407,-0.23866718525271893,-0.22917462425705282,-0.23866718525271896,-0.22917462425705282,4.558794653814994,-0.2339590607462407,-0.23395906074624068,-0.23395906074624065,-0.2339590607462407,-0.23395906074624068,-0.2339590607462407,-0.2339590607462407,-0.23866718525271896,-0.2339590607462407,-0.1273859510596964,-0.2339590607462407,0.0,-0.6212885216403639,-0.6499696725929552,-0.6653591072967966,0.2717020355991245,0.2435357144502269,-0.12155733547586647,-0.45235876511421075,-0.4484097138112518,-0.43932792997628556,0.00774431224239503,98.0
2020-08-16,0.13043392562535208,-0.132059394474667,-0.5282019248281505,-0.5045245232601583,-0.6083092708410308,-0.6247946773219387,-0.799818679950336,-0.4785714087745955,-0.3602165979404233,-0.43167776996915264,-0.1860499249695095,0.5240693357477283,-0.005079542537153134,-0.16775375245083787,0.4543082409614993,-0.3281793638451944,-0.37076015512233923,0.488238536603978,-0.3473624481919801,-0.5617567870935051,0.47519807947794346,-0.4054382835153223,-0.38686855295323636,0.0,0.0,0.914241963073255,1.2233407497151683,-0.4385586745289143,0.3762800385256233,-0.5561643997777255,-0.3450045497597853,-0.40021338803758466,-0.4221220329498693,-0.3799884202318955,-0.44317938336678675,-0.3721295367657066,-0.3434908763554706,-0.40699247524402205,-0.6215131252271828,-0.04671934233896527,-0.38443161810557674,-0.5248955326482315,-0.6289363279493301,-0.7018054910970735,0.0,0.0,-0.23395906074624068,-0.23395906074624068,-0.238667185252719,-0.2339590607462407,-0.23866718525271893,-0.22917462425705282,-0.23866718525271896,-0.22917462425705282,4.558794653814994,-0.2339590607462407,-0.23395906074624068,-0.23395906074624065,-0.2339590607462407,-0.23395906074624068,-0.2339590607462407,-0.2339590607462407,-0.23866718525271896,-0.2339590607462407,-0.1273859510596964,-0.2339590607462407,0.0,-0.6172406391548675,-0.6173523847213471,-0.6716007093987479,0.002145135895316614,0.2698939392509924,-0.11155860268323749,-0.4557494811545904,-0.447867414389762,-0.43913494506833617,0.00686557450992852,98.0
2020-08-23,0.13691452141961297,-0.126582725624091,-0.5305039511135405,-0.5138350758806388,-0.606825432867997,-0.623724355665582,-0.799818679950336,-0.4739604226240937,-0.3058648433038867,-0.6998407767287167,0.8477136137704919,0.9704712692296378,-0.4383120720162663,-0.16775375245083787,0.4543082409614993,-0.3281793638451944,-0.37076015512233923,0.488238536603978,-0.3473624481919801,-0.5847619260260557,0.47519807947794346,-0.4054382835153223,-0.38686855295323636,0.0,0.0,0.914241963073255,1.2233407497151683,-0.4385586745289143,0.3762800385256233,-0.5561643997777255,-0.3450045497597853,-0.40021338803758466,-0.4221220329498693,-0.3799884202318955,-0.44317938336678675,-0.3721295367657066,-0.3434908763554706,-0.40699247524402205,-0.6174774415808061,-0.00994524098000545,-0.4046566586094462,-0.5281411661000676,-0.6295510624661734,0.02112265505637614,0.0,0.0,-0.23395906074624068,-0.23395906074624068,-0.238667185252719,-0.2339590607462407,-0.23866718525271893,-0.22917462425705282,-0.23866718525271896,-0.22917462425705282,4.558794653814994,-0.2339590607462407,-0.23395906074624068,-0.23395906074624065,-0.2339590607462407,-0.23395906074624068,-0.2339590607462407,-0.2339590607462407,-0.23866718525271896,-0.2339590607462407,-0.1273859510596964,-0.2339590607462407,0.0,-0.6172406391548675,-0.6133052604491299,-0.6415772001324296,-0.036039114178707164,-0.010866650536786282,0.24376200684720714,-0.47408003644516944,-0.4512574074433321,-0.4395058786868045,0.006089075129507401,98.16
2020-08-30,0.14339511721387363,-0.12110605677351509,-0.5362576358874326,-0.5104048722836196,-0.6045996759084458,-0.6222972601237733,-0.7557037257885618,-0.45828206649073516,-0.20946163463673267,-0.6371533206031044,1.172610725945919,0.7857532277888483,-0.8331976681428362,-0.16775375245083787,0.4543082409614993,-0.3281793638451944,-0.37076015512233923,0.488238536603978,-0.3473624481919801,-0.5847619260260557,0.47519807947794346,-0.4054382835153223,-0.38686855295323636,0.0,0.0,0.914241963073255,1.2233407497151683,-0.4385586745289143,0.3762800385256233,-0.5561643997777255,-0.3450045497597853,-0.40021338803758466,-0.4221220329498693,-0.3799884202318955,-0.44317938336678675,-0.3721295367657066,-0.3434908763554706,-0.40699247524402205,-0.5824432435160674,0.27252053460710624,-0.39182360144166695,-0.49672687771009394,-0.5997815743966646,0.3685483523084775,0.0,0.0,-0.23395906074624068,-0.23395906074624068,-0.238667185252719,-0.2339590607462407,-0.23866718525271893,-0.22917462425705282,-0.23866718525271896,-0.22917462425705282,4.558794653814994,-0.2339590607462407,-0.23395906074624068,-0.23395906074624065,-0.2339590607462407,-0.23395906074624068,-0.2339590607462407,-0.2339590607462407,-0.23866718525271896,-0.2339590607462407,-0.1273859510596964,-0.2339590607462407,0.0,-0.6131993600694374,-0.6133052604491299,-0.608863557593277,0.0020828450851530468,-0.05063796628929307,0.2701195653423372,-0.4694698956327313,-0.46958405419378874,-0.43896380135773794,0.0065817743128678925,99.56
2020-09-06,0.14987571300813426,-0.11562938792293909,-0.5912072933170075,-0.5240031794003743,-0.4621396380130153,0.764839606514379,-0.711588771626788,-0.45676648812231174,-0.1947508702716487,-0.5257089541575712,-0.15897516562155722,0.35089617189698585,-0.7262067968424202,-0.16775375245083787,0.4543082409614993,-0.3281793638451944,-0.37076015512233923,0.488238536603978,-0.34736244819198475,-0.5847619260260557,0.47519807947794346,-0.4054382835153223,-0.38686855295323636,0.0,0.0,-0.5532874250642592,0.9127470746290524,0.4863775953474093,0.3762800385256233,-0.5561643997777255,-0.3450045497597853,-0.40021338803758466,-0.4221220329498693,-0.3799884202318955,-0.44317938336678675,-0.3721295367657066,-0.3434908763554706,-0.40699247524402205,-0.5982722991030017,-0.19095743074640215,-0.3391496444370344,-0.47964615249098175,-0.5818260534723888,-0.07699237417769317,0.0,0.0,-0.23395906074624068,-0.23395906074624068,-0.238667185252719,-0.2339590607462407,-0.23866718525271893,-0.22917462425705282,-0.23866718525271896,-0.22917462425705282,-0.21935622811243694,-0.2339590607462407,-0.23395906074624068,4.2742520713255505,-0.2339590607462407,-0.23395906074624068,-0.2339590607462407,-0.2339590607462407,-0.23866718525271896,-0.2339590607462407,-0.1273859510596964,-0.2339590607462407,0.0,-0.5781165874043999,-0.6092647383400889,-0.6048044777190092,0.2949016602957916,-0.01093153036222981,-0.010633927140345948,-0.453794413832711,-0.4649748963805042,-0.44235240607906584,0.008604083982438176,98.925
2020-09-13,0.23517586277874514,0.05100117497756386,-0.5516778977445465,-0.5094248141130427,-0.5369923082620831,-0.06216225996381984,-0.7124211292524818,-0.47154106796948025,-0.2838656776676625,-0.1461015809524741,-0.6389368086079851,0.2623854437066055,-0.31097683531125664,-0.16775375245083787,0.4543082409614993,-0.3281793638451944,-0.37076015512233923,0.488238536603978,-0.3473624481919801,-0.5847619260260557,0.47519807947794346,-0.4054382835153223,-0.38686855295323636,0.0,0.0,-0.5532874250642592,0.9127470746290524,0.4863775953474093,0.3762800385256233,-0.5561643997777255,-0.3450045497597853,-0.40021338803758466,-0.4221220329498693,-0.3799884202318955,-0.44317938336678675,-0.3721295367657066,-0.3434908763554706,-0.40699247524402205,-0.5167309454654426,0.6963047067107083,-0.1166304212969917,-0.3534013613551441,-0.45594041517462963,-0.5887206735518774,0.0,0.0,-0.23395906074624068,-0.23395906074624068,-0.238667185252719,-0.2339590607462407,-0.23866718525271893,-0.22917462425705282,-0.23866718525271896,-0.22917462425705282,-0.21935622811243694,-0.2339590607462407,-0.23395906074624068,4.2742520713255505,-0.2339590607462407,-0.23395906074624068,-0.2339590607462407,-0.2339590607462407,-0.23866718525271896,-0.2339590607462407,-0.1273859510596964,-0.2339590607462407,0.0,-0.5939675898344394,-0.5741885370674269,-0.6048044777190092,-0.18556387011745867,0.29405781826818145,-0.050404237519690635,-0.45227911331723303,-0.44930275699147915,-0.46067154736441607,0.017147257919072532,102.24
2020-09-20,0.2636092460356155,0.00133244949760625,-0.5316542737864441,-0.5006042905778507,-0.5994062430028267,-0.6098101741329464,-0.6960514292805028,-0.47082706777912264,-0.27271430959397547,-0.32023340352361956,-0.6192460745367474,0.6164283564681217,-0.1918378897045006,-0.16775375245083787,0.4543082409614993,-0.3281793638451944,-0.37076015512233923,0.488238536603978,-0.3473624481919801,-0.5793088560568586,0.47519807947794346,-0.4054382835153223,-0.38686855295323636,0.0,0.0,-0.5532874250642592,0.9127470746290524,0.4863775953474093,0.3762800385256233,-0.5561643997777255,-0.3450045497597853,-0.40021338803758466,-0.4221220329498693,-0.3799884202318955,-0.44317938336678675,-0.3721295367657066,-0.3434908763554706,-0.40699247524402205,-0.4683301325956658,0.3943202817473353,-0.1373842759809781,-0.33714034035156076,-0.44022717814024376,-0.1019846526327964,0.0,0.0,-0.23395906074624068,-0.23395906074624068,-0.238667185252719,-0.2339590607462407,-0.23866718525271893,-0.22917462425705282,-0.23866718525271896,-0.22917462425705282,-0.21935622811243694,-0.2339590607462407,-0.23395906074624068,4.2742520713255505,-0.2339590607462407,-0.23395906074624068,-0.2339590607462407,-0.2339590607462407,-0.23866718525271896,-0.2339590607462407,-0.1273859510596964,-0.2339590607462407,0.0,-0.5123131798439579,-0.5900365704289293,-0.6007520195113553,0.7342185259318854,-0.20637747327785966,-0.01069880532570204,-0.4670509845215405,-0.4477877795765712,-0.4560642771781267,0.01635045579151278,104.25999999999999
2020-09-27,0.2920426292924856,-0.04833627598235136,-0.5282019248281505,-0.4981541451514084,-0.5964385670567587,-0.6037450180802589,-0.6796817293085238,-0.4620563413146682,-0.1470721210061705,0.1777836090298564,-0.8358441493203654,0.2931717839467393,-0.09611691866418307,-0.16775375245083787,0.4543082409614993,-0.3281793638451944,-0.37076015512233923,0.488238536603978,-0.3473624481919801,-0.5779455885645592,0.47519807947794346,-0.4054382835153223,-0.38686855295323636,0.0,0.0,-0.5532874250642592,0.9127470746290524,0.4863775953474093,0.3762800385256233,-0.5561643997777255,-0.3450045497597853,-0.40021338803758466,-0.4221220329498693,-0.3799884202318955,-0.44317938336678675,-0.3721295367657066,-0.3434908763554706,-0.40699247524402205,-0.42925205239464953,0.30936934253997483,-0.13764265219776667,-0.33322102124263936,-0.43519582154242226,0.15136180920212342,0.0,0.0,-0.23395906074624068,-0.23395906074624068,-0.238667185252719,-0.2339590607462407,-0.23866718525271893,-0.22917462425705282,-0.23866718525271896,-0.22917462425705282,-0.21935622811243694,-0.2339590607462407,-0.23395906074624068,4.2742520713255505,-0.2339590607462407,-0.23395906074624068,-0.2339590607462407,-0.2339590607462407,-0.23866718525271896,-0.2339590607462407,-0.1273859510596964,-0.2339590607462407,0.0,-0.4638452596827586,-0.5083974552149572,-0.5655721996997867,0.4211656566203948,0.7516341683272543,0.29428283352443074,-0.4663371152297626,-0.46255650104262086,-0.4403985561315802,0.016340535961082106,105.92
2020-10-04,0.320476012549356,-0.09800500146230896,-0.6317723935769562,1.241449107622617,-0.36904039768929453,-0.2605285402752427,-0.6633120293365447,-0.4657253594278795,-0.12567301206101725,-0.3063028577179279,-0.7472358459997941,0.27777861382667374,-0.08470065606304415,-0.16775375245083787,0.4543082409614993,-0.3281793638451944,-0.37076015512233923,0.488238536603978,-0.3473624481919801,-0.5779455885645592,0.47519807947794346,-0.4054382835153223,-0.38686855295323636,0.0,0.0,-0.5532874250642592,0.9127470746290524,0.4863775953474093,0.3762800385256233,-0.5561643997777255,-0.3450045497597853,-0.40021338803758466,-0.4221220329498693,-0.3799884202318955,-0.44317938336678675,-0.3721295367657066,-0.3434908763554706,-0.40699247524402205,-0.543002415661179,-1.0832394848772569,0.35247462417341274,-0.025853879051092984,-0.20164238893610115,-0.2397568452110837,0.0,0.0,-0.23395906074624068,-0.23395906074624068,-0.238667185252719,-0.2339590607462407,-0.23866718525271893,-0.22917462425705282,-0.23866718525271896,-0.22917462425705282,-0.21935622811243694,-0.2339590607462407,-0.23395906074624068,4.2742520713255505,-0.2339590607462407,-0.23395906074624068,-0.2339590607462407,-0.2339590607462407,-0.23866718525271896,-0.2339590607462407,-0.1273859510596964,-0.2339590607462407,0.0,-0.42471299807525775,-0.4599386136326959,-0.5814670497062472,0.3331010643064179,0.4255697703495798,-0.20613980759247652,-0.45756799671395176,-0.46184278396591366,-0.438884199158059,0.03515759402151442,101.16
2020-10-11,0.847204437382878,0.05580782583046298,-0.5696301123276729,3.2559586772434668,-0.17298830550217434,0.6438932593460835,-0.621069879832582,-0.473548938621312,-0.265294006516195,-0.6719796851173333,0.7197238423074451,0.5548556759878593,-0.53783846392363,-0.16775375245083787,0.4543082409614993,-0.3281793638451944,-0.37076015512233923,0.488238536603978,-0.3473624481919801,-0.5779455885645592,0.47519807947794346,-0.4054382835153223,-0.38686855295323636,0.0,0.0,-0.5532874250642592,0.9127470746290524,0.4863775953474093,0.3762800385256233,-0.5561643997777255,-0.3450045497597853,-0.40021338803758466,-0.4221220329498693,-0.3799884202318955,-0.44317938336678675,-0.3721295367657066,-0.3434908763554706,-0.40699247524402205,-0.663262959305868,-1.1425617841626563,0.41508502318810747,0.1591345635264981,-0.0409438584068456,-0.3708655729568758,0.0,0.0,-0.23395906074624068,-0.23395906074624068,-0.238667185252719,-0.2339590607462407,-0.23866718525271893,-0.22917462425705282,-0.23866718525271896,-0.22917462425705282,-0.21935622811243694,-0.2339590607462407,-0.23395906074624068,4.2742520713255505,-0.2339590607462407,-0.23395906074624068,-0.2339590607462407,-0.2339590607462407,-0.23866718525271896,-0.2339590607462407,-0.1273859510596964,-0.2339590607462407,0.0,-0.5386210751966697,-0.4208136819317569,-0.4995867645385979,-1.110550174675034,0.3338449178057919,0.7518476165791624,-0.4612363421813198,-0.45307553524897215,-0.45364687226593714,0.03756139321457552,96.36
2020-10-18,0.5550514244185358,-0.02462346510804909,-0.5827490383691881,4.24336728409971,-0.15406937134599036,0.6399687466061091,-0.5866239247939179,-0.4739953314750729,-0.30435251385592044,0.12554406225851278,-0.4912563030736989,0.4932829955075944,-0.4833916730566604,-0.16775375245083787,0.4543082409614993,-0.3281793638451944,-0.37076015512233923,0.488238536603978,-0.3473624481919801,-0.5684595189306432,0.47519807947794346,-0.4054382835153223,-0.38686855295323636,0.0,0.0,-0.5532874250642592,0.9127470746290524,0.4863775953474093,0.3762800385256233,-0.5561643997777255,-0.3450045497597853,-0.40021338803758466,-0.4221220329498693,-0.3799884202318955,-0.44317938336678675,-0.3721295367657066,-0.3434908763554706,-0.40699247524402205,-0.6994691558038794,-0.3766387454704954,0.22658683396575163,0.1664957600921265,-0.038029315080496326,-0.13856617053356352,0.0,0.0,-0.23395906074624068,-0.23395906074624068,-0.238667185252719,-0.2339590607462407,-0.23866718525271893,-0.22917462425705282,-0.23866718525271896,-0.22917462425705282,-0.21935622811243694,-0.2339590607462407,-0.23395906074624068,4.2742520713255505,-0.2339590607462407,-0.23395906074624068,-0.2339590607462407,-0.2339590607462407,-0.23866718525271896,-0.2339590607462407,-0.1273859510596964,-0.2339590607462407,0.0,-0.6590483590027421,-0.5347004228071243,-0.4509847707853581,-1.1720467767190026,-1.1698093153066247,0.42579146113479727,-0.4690584870678448,-0.45674309853188294,-0.45293344748376085,0.030324387824467218,94.96
2020-10-25,0.12588504588514998,-0.07557396414877973,-0.5609992399319391,3.376505832224428,0.40366822676817304,0.6336360101393327,-0.5792439091414661,-0.4749260030734366,-0.2202001660424054,-0.5570526822203774,0.08962035202782515,0.43171031502733215,-0.32356399664071733,-0.16775375245083787,0.4543082409614993,-0.3281793638451944,-0.37076015512233923,0.488238536603978,-0.3473624481919801,-0.5542304144797693,0.47519807947794346,-0.4054382835153223,-0.38686855295323636,0.0,0.0,-0.5532874250642592,0.9127470746290524,0.4863775953474093,0.3762800385256233,-0.5561643997777255,-0.3450045497597853,-0.40021338803758466,-0.4221220329498693,-0.3799884202318955,-0.44317938336678675,-0.3721295367657066,-0.3434908763554706,-0.40699247524402205,-0.5938998412830401,0.9152531542096043,0.5423364388177364,0.27665639553396326,0.04763189711718735,-0.1538514682879864,0.0,0.0,-0.23395906074624068,-0.23395906074624068,-0.238667185252719,-0.2339590607462407,-0.23866718525271893,-0.22917462425705282,-0.23866718525271896,-0.22917462425705282,-0.21935622811243694,-0.2339590607462407,-0.23395906074624068,4.2742520713255505,-0.2339590607462407,-0.23395906074624068,-0.2339590607462407,-0.2339590607462407,-0.23866718525271896,-0.2339590607462407,-0.1273859510596964,-0.2339590607462407,0.0,-0.6953047550663316,-0.6551051492474443,-0.41174426019871946,-0.3780508447651,-1.2338619226736809,0.33406892728988313,-0.4695047980838256,-0.46456357553837657,-0.4441697892916011,0.042446953042018766,99.1
2020-11-01,0.09234253907431089,-0.08692300088479152,-0.5563481586964603,-0.4437609166843894,-0.5537782253320305,-0.5855495499221967,-0.5495719320165511,-0.4761866775013857,-0.21924153893113382,-0.0033134864441348747,1.3301365985158276,0.21620593334640878,-0.35664188571581185,-0.16775375245083787,0.4543082409614993,-0.3281793638451944,-0.37076015512233923,0.488238536603978,-0.34736244819198475,-0.5542304144797693,0.47519807947794346,-0.4054382835153223,-0.38686855295323636,0.0,0.0,-0.5532874250642592,0.9127470746290524,0.4863775953474093,0.3762800385256233,-0.5561643997777255,-0.3450045497597853,-0.40021338803758466,-0.4221220329498693,-0.3799884202318955,-0.44317938336678675,-0.3721295367657066,-0.3434908763554706,-0.40699247524402205,-0.30224215166355345,2.610934324299761,1.3347300422037414,0.8334771915850594,0.5244872078704681,-0.16428261256715798,0.0,0.0,-0.23395906074624068,-0.23395906074624068,-0.238667185252719,-0.2339590607462407,-0.23866718525271893,-0.22917462425705282,-0.23866718525271896,-0.22917462425705282,-0.21935622811243694,-0.2339590607462407,-0.23395906074624068,4.2742520713255505,-0.2339590607462407,-0.23395906074624068,-0.2339590607462407,-0.2339590607462407,-0.23866718525271896,-0.2339590607462407,-0.1273859510596964,-0.2339590607462407,0.0,-0.5895890696410638,-0.6913547540859807,-0.5259674336768823,0.9611919525552586,-0.40686485307752257,-1.1695472951713282,-0.47043529906095966,-0.46500979138950915,-0.4478358505666094,0.07286929716346427,111.5
2020-11-08,0.058800032263471684,-0.0982720376208034,-0.5516970774609815,-0.46336208009592783,-0.5602700164640544,-0.5868874519926424,-0.5198999548916361,-0.4740041096645279,-0.2022855121066624,0.39283640990522106,0.5055871092827313,0.043032769495669136,0.20831675069951788,-0.16775375245083787,0.4543082409614993,-0.3281793638451944,-0.37076015512233923,0.488238536603978,-0.34736244819198475,-0.5542304144797693,0.47519807947794346,-0.4054382835153223,-0.38686855295323636,0.0,0.0,-0.5532874250642592,0.9127470746290524,0.4863775953474093,0.3762800385256233,-0.5561643997777255,-0.3450045497597853,-0.40021338803758466,-0.4221220329498693,-0.3799884202318955,-0.44317938336678675,-0.3721295367657066,-0.3434908763554706,-0.40699247524402205,-0.45968456439514055,-1.481371746074504,1.4705832505007268,1.0013480459921615,0.6741249759115683,-0.05559591257732003,0.0,0.0,-0.23395906074624068,-0.23395906074624068,-0.238667185252719,-0.2339590607462407,-0.23866718525271893,-0.22917462425705282,-0.23866718525271896,-0.22917462425705282,-0.21935622811243694,-0.2339590607462407,-0.23395906074624068,4.2742520713255505,-0.2339590607462407,-0.23395906074624068,-0.2339590607462407,-0.2339590607462407,-0.23866718525271896,-0.2339590607462407,-0.1273859510596964,-0.2339590607462407,0.0,-0.29752699925992426,-0.5856588703809422,-0.6467278474886544,2.719023853318264,0.9880413728727632,-1.2335982833620713,-0.47169574236783296,-0.4659400939601931,-0.4556531247876679,0.07808510536175431,104.625
2020-11-15,0.02525752545263248,-0.10962107435681519,-0.5470459962255028,-0.48296324350746606,-0.5667618075960782,-0.5882253540630882,-0.4902279777667211,-0.47182154182767,-0.18532948528219095,0.788986306254577,-0.31896237995036475,-0.13014039435507324,0.7732753871148479,-0.16775375245083787,0.4543082409614993,-0.3281793638451944,-0.37076015512233923,0.488238536603978,-0.34736244819198475,-0.5542304144797693,0.47519807947794346,-0.4054382835153223,-0.38686855295323636,0.0,0.0,-0.5532874250642592,0.9127470746290524,0.4863775953474093,0.3762800385256233,-0.5561643997777255,-0.3450045497597853,-0.40021338803758466,-0.4221220329498693,-0.3799884202318955,-0.44317938336678675,-0.3721295367657066,-0.3434908763554706,-0.40699247524402205,-0.6278320904164161,-1.5789192635880709,1.7751680775578125,1.1256573771558536,0.806961560549396,-0.05565788313527427,0.0,0.0,-0.23395906074624068,-0.23395906074624068,-0.238667185252719,-0.2339590607462407,-0.23866718525271893,-0.22917462425705282,-0.23866718525271896,-0.22917462425705282,-0.21935622811243694,-0.2339590607462407,-0.23395906074624068,4.2742520713255505,-0.2339590607462407,-0.23395906074624068,-0.2339590607462407,-0.2339590607462407,-0.23866718525271896,-0.2339590607462407,-0.1273859510596964,-0.2339590607462407,0.0,-0.45518770447973594,-0.2936515064644487,-0.6830845372153208,-1.523274926120036,2.8189346712757706,-0.4066221193015527,-0.4695135746639637,-0.46720026850852864,-0.4560991578962864,0.08977902159644623,97.75
2020-11-22,-0.008284981358206723,-0.12097011109282697,-0.5423949149900239,-0.48296324350746606,-0.5649070101297857,-0.5873334193494577,-0.46055600064180613,-0.4700078924407792,-0.22111116105266443,-0.5953616831860293,-0.7373904789641753,0.2931717839467393,0.9415920793111251,-0.16775375245083787,0.4543082409614993,-0.3281793638451944,-0.37076015512233923,0.488238536603978,-0.34736244819198475,-0.5553664707233521,0.47519807947794346,-0.4054382835153223,-0.38686855295323636,0.0,0.0,-0.5532874250642592,0.9127470746290524,0.4863775953474093,0.3762800385256233,-0.5561643997777255,-0.3450045497597853,-0.40021338803758466,-0.4221220329498693,-0.3799884202318955,-0.44317938336678675,-0.3721295367657066,-0.3434908763554706,-0.40699247524402205,-0.6215131252271828,0.010860559039386816,1.6946758474455743,1.1104127229395384,0.8014905469776618,-0.06733865327839804,0.0,0.0,-0.23395906074624068,-0.23395906074624068,-0.238667185252719,-0.2339590607462407,-0.23866718525271893,-0.22917462425705282,-0.23866718525271896,-0.22917462425705282,-0.21935622811243694,-0.2339590607462407,-0.23395906074624068,4.2742520713255505,-0.2339590607462407,-0.23395906074624068,-0.2339590607462407,-0.2339590607462407,-0.23866718525271896,-0.2339590607462407,-0.1273859510596964,-0.2339590607462407,0.0,-0.6235683655324631,-0.451282680085772,-0.5770764175029444,-1.6243977911669298,-1.5996882935966996,0.9882488450221895,-0.46733140696009445,-0.46501856609825737,-0.4570290794723685,0.08668868579222822,98.0
2020-11-29,-0.04182748816904581,-0.13231914782883886,-0.5377438337545452,-0.47306057240892846,-0.186605610233872,-0.15102868859853863,-0.4308840235168912,-0.46020968450807953,-0.1685208936113895,-0.3094952744650656,-0.8522530943797314,0.1937575602546473,1.1123481438580727,-0.16775375245083787,0.4543082409614993,-0.3281793638451944,-0.37076015512233923,0.488238536603978,-0.34736244819198475,-0.548230617443348,0.47519807947794346,-0.4054382835153223,-0.38686855295323636,0.0,0.0,-0.5532874250642592,0.9127470746290524,0.4863775953474093,0.3762800385256233,-0.5561643997777255,-0.3450045497597853,-0.40021338803758466,-0.4221220329498693,-0.3799884202318955,-0.44317938336678675,-0.3721295367657066,-0.3434908763554706,-0.40699247524402205,-0.6255482390892773,-0.08348825168913902,0.4353205864288439,1.0618962075935845,0.8007807621400088,0.18350822647865261,0.0,0.0,-0.23395906074624068,-0.23395906074624068,-0.238667185252719,-0.2339590607462407,-0.23866718525271893,-0.22917462425705282,-0.23866718525271896,-0.22917462425705282,-0.21935622811243694,-0.2339590607462407,-0.23395906074624068,4.2742520713255505,-0.2339590607462407,-0.23395906074624068,-0.2339590607462407,-0.2339590607462407,-0.23866718525271896,-0.2339590607462407,-0.1273859510596964,-0.2339590607462407,0.0,-0.6172406391548675,-0.6196318015734027,-0.2842064351927488,0.02365122694849517,-1.7050141645456256,2.819095860546443,-0.465518090071895,-0.4628368636879861,-0.4582887379308689,0.03833829659412119,97.84028333333333
2020-12-06,-1.0102063238721732,-0.8654669209752024,-2.1853294248090425,-0.463157901310391,0.19169578966204165,0.28527604215238045,-2.43123962631028,-0.4504114765753799,-0.11593062617011451,-0.023628865744101772,-0.9671157097952857,0.09434333656255525,1.2831042084050204,-0.16775375245083787,0.4543082409614993,-0.3281793638451944,-0.37076015512233923,0.488238536603978,-0.34736244819198475,-0.5410947641633439,0.47519807947794346,-0.4054382835153223,-0.38686855295323636,0.0,0.0,-0.5532874250642592,0.9127470746290524,0.4863775953474093,0.3762800385256233,-0.5561643997777255,-0.3450045497597853,-0.40021338803758466,-0.4221220329498693,-0.3799884202318955,-0.44317938336678675,-0.3721295367657066,-0.3434908763554706,-0.40699247524402205,-0.6295899453451279,-0.08354832313611807,0.3203360013243613,0.9864821212758197,0.7684016814812683,0.1822733603476132,0.0,0.0,-0.23395906074624068,-0.23395906074624068,-0.238667185252719,-0.2339590607462407,-0.23866718525271893,-0.22917462425705282,-0.23866718525271896,-0.22917462425705282,-0.21935622811243694,-0.2339590607462407,-0.23395906074624068,4.2742520713255505,-0.2339590607462407,-0.23395906074624068,-0.2339590607462407,-0.2339590607462407,-0.23866718525271896,-0.2339590607462407,-0.1273859510596964,-0.2339590607462407,0.0,-0.6212813476660145,-0.6133052604491299,-0.44230326676174453,-0.07415569113436334,0.011533305890798288,-1.5994154066147939,-0.4557216784573474,-0.46102393344501913,-0.4561079290114547,0.033923696827335655,97.68056666666666
2020-12-13,-0.10891250179072409,-0.15501722130086243,-0.5284416712835878,-0.4532552302118533,0.5699971895579556,0.7215807729032998,-0.3715400692670613,-0.4406132686426803,-0.06334035872883957,0.26223754297686197,-1.081978325210842,-0.005070887129536778,1.4538602729519683,-0.16775375245083787,0.4543082409614993,-0.3281793638451944,-0.37076015512233923,0.488238536603978,-0.34736244819198475,-0.5339589108833398,0.47519807947794346,-0.4054382835153223,-0.38686855295323636,0.0,0.0,-0.5532874250642592,0.9127470746290524,0.4863775953474093,0.3762800385256233,-0.5561643997777255,-0.3450045497597853,-0.40021338803758466,-0.4221220329498693,-0.3799884202318955,-0.44317938336678675,-0.3721295367657066,-0.3434908763554706,-0.40699247524402205,-0.633638265570726,-0.08360859118862002,-0.5087135866158722,0.9769446494047613,0.7531425833048433,0.1810483568365116,0.0,0.0,-0.23395906074624068,-0.23395906074624068,-0.238667185252719,-0.2339590607462407,-0.23866718525271893,-0.22917462425705282,-0.23866718525271896,-0.22917462425705282,-0.21935622811243694,-0.2339590607462407,-0.23395906074624068,4.2742520713255505,-0.2339590607462407,-0.23395906074624068,-0.2339590607462407,-0.2339590607462407,-0.23866718525271896,-0.2339590607462407,-0.1273859510596964,-0.2339590607462407,0.0,-0.6253286577112124,-0.6173452120907628,-0.6111497080662835,-0.07421796434213809,-0.09033879620134634,-1.7047386150467294,-0.44592526684279976,-0.45122961067433054,-0.45392712009204056,0.0020940205776979258,97.52085
2020-12-20,-0.1424550086015633,-0.1663662580368743,-0.523790590048109,-0.4433525591133159,0.948298589453869,1.1578855036542186,-0.3418680921421463,-0.43081506070998066,-0.010750091287564635,0.5481039516978258,-1.1968409406263962,-0.10448511082163155,1.6246163374989155,-0.16775375245083787,0.4543082409614993,-0.3281793638451944,-0.37076015512233923,0.488238536603978,-0.34736244819198475,-0.5268230576033357,0.47519807947794346,-0.4054382835153223,-0.38686855295323636,0.0,0.0,-0.5532874250642592,0.9127470746290524,0.4863775953474093,0.3762800385256233,-0.5561643997777255,-0.3450045497597853,-0.40021338803758466,-0.4221220329498693,-0.3799884202318955,-0.44317938336678675,-0.3721295367657066,-0.3434908763554706,-0.40699247524402205,-0.6376932214481547,-0.08366905681337647,-0.5631654570759578,0.9146805460951406,0.7407360975694992,0.17983309825924568,0.0,0.0,-0.23395906074624068,-0.23395906074624068,-0.238667185252719,-0.2339590607462407,-0.23866718525271893,-0.22917462425705282,-0.23866718525271896,-0.22917462425705282,-0.21935622811243694,-0.2339590607462407,-0.23395906074624068,4.2742520713255505,-0.2339590607462407,-0.23395906074624068,-0.2339590607462407,-0.2339590607462407,-0.23866718525271896,-0.2339590607462407,-0.1273859510596964,-0.2339590607462407,0.0,-0.6293825908963672,-0.6213917640299059,-0.6048044777190092,-0.07428044136149378,-0.09040365769278666,0.011765463042079307,-0.4361288552282522,-0.4414352879036419,-0.452114932313577,3.4515295450613386e-06,97.36113333333333
2020-12-27,-0.1759975154124025,-0.1777152947728861,-0.5191395088126302,-0.43344988801477824,1.3265999893497828,1.594190234405138,-0.3121961150172313,-0.421016852777281,0.04184017615371031,0.8339703604187895,-1.3117035560419523,-0.20389933451372358,1.7953724020458635,-0.16775375245083787,0.4543082409614993,-0.3281793638451944,-0.37076015512233923,0.488238536603978,-0.34736244819198475,-0.5196872043233314,0.47519807947794346,-0.4054382835153223,-0.38686855295323636,0.0,0.0,-0.5532874250642592,0.9127470746290524,0.4863775953474093,0.3762800385256233,-0.5561643997777255,-0.3450045497597853,-0.40021338803758466,-0.4221220329498693,-0.3799884202318955,-0.44317938336678675,-0.3721295367657066,-0.3434908763554706,-0.40699247524402205,-0.6417548347662915,-0.08372972098352595,-0.5631651623615546,0.15448222471070244,0.6959299085374023,0.17862746879451394,0.0,0.0,-0.23395906074624068,-0.23395906074624068,-0.238667185252719,-0.2339590607462407,-0.23866718525271893,-0.22917462425705282,-0.23866718525271896,-0.22917462425705282,-0.21935622811243694,-0.2339590607462407,-0.23395906074624068,4.2742520713255505,-0.2339590607462407,-0.23395906074624068,-0.2339590607462407,-0.2339590607462407,-0.23866718525271896,-0.2339590607462407,-0.1273859510596964,-0.2339590607462407,0.0,-0.6334431689336241,-0.6254449378684185,-0.6088563637740384,-0.07434312319459498,-0.09046873146690174,-0.09010406384038287,-0.42633244361370454,-0.4316409651329533,-0.4423246206939078,3.4628445064063746e-06,97.20141666666666
2021-01-03,-0.20954002222324158,-0.1890643315088979,-0.5144884275771514,-0.42354721691624064,1.7049013892456968,2.0304949651560573,-0.2825241378923164,-0.41121864484458137,0.09443044359498527,1.1198367691397535,-1.4265661714575084,-0.3033135582058156,1.9661284665928112,-0.16775375245083787,0.4543082409614993,-0.3281793638451944,-0.37076015512233923,0.488238536603978,-0.34736244819198475,-0.5125513510433273,0.47519807947794346,-0.4054382835153223,-0.38686855295323636,0.0,0.0,-0.5532874250642592,0.9127470746290524,0.4863775953474093,0.3762800385256233,-0.5561643997777255,-0.3450045497597853,-0.40021338803758466,-0.4221220329498693,-0.3799884202318955,-0.44317938336678675,-0.3721295367657066,-0.3434908763554706,-0.40699247524402205,-0.6458231274215075,-0.08379058467857398,-0.563164866195571,-0.02726333301817586,0.6331751124319144,0.1774313544491883,0.0,0.0,-0.23395906074624068,-0.23395906074624068,-0.238667185252719,-0.2339590607462407,-0.23866718525271893,-0.22917462425705282,-0.23866718525271896,-0.22917462425705282,-0.21935622811243694,-0.2339590607462407,-0.23395906074624068,4.2742520713255505,-0.2339590607462407,-0.23395906074624068,-0.2339590607462407,-0.2339590607462407,-0.23866718525271896,-0.2339590607462407,-0.1273859510596964,-0.2339590607462407,0.0,-0.6375104136420708,-0.6295047553143787,-0.612914869624504,-0.07440601085024809,-0.09053401856750948,-0.09016892369219921,-0.41653603199915695,-0.42184664236226466,-0.4325343090742387,3.4742151982316474e-06,97.04169999999999
2021-01-10,-0.24308252903408079,-0.20041336824490968,-0.5098373463416725,-0.41364454581770316,2.0832027891416103,2.466799695906976,-0.2528521607674014,-0.40142043691188173,0.1470207110362602,1.405703177860717,-1.5414287868730627,-0.40272778189790764,2.1368845311397586,-0.16775375245083787,0.4543082409614993,-0.3281793638451944,-0.37076015512233923,0.488238536603978,-0.34736244819198475,-0.5054154977633232,0.47519807947794346,-0.4054382835153223,-0.38686855295323636,0.0,0.0,-0.5532874250642592,0.9127470746290524,0.4863775953474093,0.3762800385256233,-0.5561643997777255,-0.3450045497597853,-0.40021338803758466,-0.4221220329498693,-0.3799884202318955,-0.44317938336678675,-0.3721295367657066,-0.3434908763554706,-0.40699247524402205,-0.6498981214183814,-0.08385164888453309,-0.5631645685684291,-0.6608111605234619,0.6262370640888537,0.17624464302250217,0.0,0.0,-0.23395906074624068,-0.23395906074624068,-0.238667185252719,-0.2339590607462407,-0.23866718525271893,-0.22917462425705282,-0.23866718525271896,-0.22917462425705282,-0.21935622811243694,-0.2339590607462407,-0.23395906074624068,4.2742520713255505,-0.2339590607462407,-0.23395906074624068,-0.2339590607462407,-0.2339590607462407,-0.23866718525271896,-0.2339590607462407,-0.1273859510596964,-0.2339590607462407,0.0,-0.6415843469484375,-0.6335712381827872,-0.6169800169360794,-0.07446910534385978,-0.09059952004534565,-0.09023399582132405,-0.4067396203846093,-0.412052319591576,-0.42274399745456953,3.4856419882644576e-06,96.88198333333332
2021-01-17,-0.27662503584492,-0.21176240498092155,-0.5051862651061938,-0.40374187471916556,2.4615041890375244,2.9031044266578956,-0.22318018364248646,-0.3916222289791821,0.19961097847753514,1.6915695865816809,-1.6562914022886188,-0.5021420055899997,2.3076405956867063,-0.16775375245083787,0.4543082409614993,-0.3281793638451944,-0.37076015512233923,0.488238536603978,-0.34736244819198475,-0.4982796444833191,0.47519807947794346,-0.4054382835153223,-0.38686855295323636,0.0,0.0,-0.5532874250642592,0.9127470746290524,0.4863775953474093,0.6629726194164707,-0.473350616713669,-0.13860853654591468,-0.2585747921243905,-0.24991883521598718,-0.2480589687168715,-0.23033827816869754,-0.2638420870484891,-0.25430926277572957,-0.2522298849095579,-0.6539798388704113,-0.08391291459390292,-0.5631642694704942,-0.7028840340236073,0.5722291163218792,0.17506722407078204,0.0,0.0,-0.23395906074624068,-0.23395906074624068,-0.238667185252719,-0.2339590607462407,-0.23866718525271893,-0.22917462425705282,-0.23866718525271896,-0.22917462425705282,-0.21935622811243694,-0.2339590607462407,-0.23395906074624068,4.2742520713255505,-0.2339590607462407,-0.23395906074624068,-0.2339590607462407,-0.2339590607462407,-0.23866718525271896,-0.2339590607462407,-0.1273859510596964,-0.2339590607462407,0.0,-0.6456649908878119,-0.6376444083962671,-0.6210518274809703,-0.07453240769758232,-0.09066523695802066,-0.0902992812715489,-0.3969432087700617,-0.4022579968208874,-0.4129536858349004,3.4971252464109468e-06,96.72226666666666
2021-01-24,-0.38922123354212634,-0.307895422038904,-0.5171544081616113,-0.40161841534958187,2.653166593887752,2.8145055784372657,-0.21633598433894774,-0.3420607548335812,0.49751924761870747,-0.08341412482686178,-1.219813463709509,-1.0922135268591915,1.586171829252346,-0.16775375245083787,0.4543082409614993,-0.3281793638451944,-0.37076015512233923,0.488238536603978,-0.3473624481919801,-0.47385443524629,0.47519807947794346,-0.4054382835153223,-0.38686855295323636,0.0,0.0,-0.5532874250642592,0.9127470746290524,0.4863775953474093,0.6629726194164707,-0.473350616713669,-0.13860853654591468,-0.2585747921243905,-0.24991883521598718,-0.2480589687168715,-0.23033827816869754,-0.2638420870484891,-0.25430926277572957,-0.2522298849095579,-0.3872584895263453,2.3837085095030215,0.8622984065898223,0.4000188396735631,0.5005172266128425,1.3729997835954173,0.0,0.0,-0.23395906074624068,-0.23395906074624068,-0.238667185252719,-0.2339590607462407,-0.23866718525271893,-0.22917462425705282,-0.23866718525271896,-0.22917462425705282,-0.21935622811243694,-0.2339590607462407,-0.23395906074624068,4.2742520713255505,-0.2339590607462407,-0.23395906074624068,-0.2339590607462407,-0.2339590607462407,-0.23866718525271896,-0.2339590607462407,-0.1273859510596964,-0.2339590607462407,0.0,-0.6497523676043525,-0.641724287985779,-0.6251303231386213,-0.07459591894029279,-0.09073117037017082,-0.090364781093583,-0.3871467971555141,-0.3924636740501988,-0.4031633742152312,0.054731243384271135,107.73332
2021-01-31,-0.2753455335983608,-0.03071188952172124,-0.5506421930570584,-0.46152447102609606,1.2354057805904004,2.7150548578674654,-0.26260175060551466,-0.32086828876541895,0.6481248570405025,-0.0903793977297076,-1.7834607264986997,-2.4006329870647916,-0.2172317558749824,-0.16775375245083787,0.4543082409614993,-0.3281793638451944,-0.37076015512233923,0.488238536603978,-0.34736244819198475,-0.47385443524629,0.47519807947794346,-0.4054382835153223,-0.38686855295323636,0.0,0.0,-0.5532874250642592,0.9127470746290524,0.4863775953474093,0.6629726194164707,-0.473350616713669,-0.13860853654591468,-0.2585747921243905,-0.24991883521598718,-0.2480589687168715,-0.23033827816869754,-0.2638420870484891,-0.25430926277572957,-0.2522298849095579,-0.4425035049093587,-0.5501249541976171,0.9732336453670668,0.44845721355897306,0.38573930283288804,0.5070003628693657,0.0,0.0,-0.23395906074624068,-0.23395906074624068,-0.238667185252719,-0.2339590607462407,-0.23866718525271893,-0.22917462425705282,-0.23866718525271896,-0.22917462425705282,-0.21935622811243694,-0.2339590607462407,-0.23395906074624068,4.2742520713255505,-0.2339590607462407,-0.23395906074624068,-0.2339590607462407,-0.2339590607462407,-0.23866718525271896,-0.2339590607462407,-0.1273859510596964,-0.2339590607462407,0.0,-0.382661211509991,-0.6458108990913328,-0.6292155258964168,2.483469674282745,-0.09079732135343684,-0.09043049634500995,-0.3375944091791658,-0.3826693512795102,-0.39337306259556204,0.05899037671757243,105.35415
2021-02-07,2.888010520644743,0.04779674107563111,-0.5020216118944246,-0.45437821353230606,0.8305189503442938,1.6389356258722678,-0.33036897905900514,-0.3615851881860725,0.44103326314457675,0.037317272155799074,-1.5906556220511605,-0.7586948409244303,-0.22735515113026566,-0.16775375245083787,0.4543082409614993,-0.3281793638451944,-0.37076015512233923,0.488238536603978,-0.34736244819198475,-0.47385443524629,0.47519807947794346,-0.4054382835153223,-0.38686855295323636,0.0,0.0,-0.5532874250642592,0.9127470746290524,0.4863775953474093,0.6629726194164707,-0.473350616713669,-0.13860853654591468,-0.2585747921243905,-0.24991883521598718,-0.2480589687168715,-0.23033827816869754,-0.2638420870484891,-0.25430926277572957,-0.2522298849095579,-0.26432343775469236,1.5768994602831845,1.0310562897745241,0.5959526771523213,0.3421718503632914,-1.342399632469069,0.0,0.0,-0.23395906074624068,-0.23395906074624068,-0.238667185252719,-0.2339590607462407,-0.23866718525271893,-0.22917462425705282,-0.23866718525271896,-0.22917462425705282,-0.21935622811243694,-0.2339590607462407,-0.23395906074624068,4.2742520713255505,-0.2339590607462407,-0.23395906074624068,-0.2339590607462407,-0.2339590607462407,-0.23866718525271896,-0.2339590607462407,-0.1273859510596964,-0.2339590607462407,0.0,-0.43798282360961166,-0.37876977213245305,-0.6333074578503992,-0.5578957338999776,2.5735900694286005,-0.09049642809043923,-0.3164058283532586,-0.33312752913128296,-0.3835827509758929,0.061210359789948036,113.2222
2021-02-14,-0.14185079920735486,0.06253713702452182,-0.5806776289942122,-0.49521397063967754,0.6583319188901373,2.7431508013468258,-0.4367442836226793,-0.3309523995759192,0.6296470192659653,-0.5500874093175316,-1.3674939692437953,-2.708496389466111,-0.11104587745028748,-0.16775375245083787,0.4543082409614993,-0.3281793638451944,-0.37076015512233923,0.488238536603978,-0.3473624481919801,-0.47385443524629,0.47519807947794346,-0.4054382835153223,-0.38686855295323636,0.0,0.0,-0.5532874250642592,0.9127470746290524,0.4863775953474093,0.6629726194164707,-0.473350616713669,-0.13860853654591468,-0.2585747921243905,-0.24991883521598718,-0.2480589687168715,-0.23033827816869754,-0.2638420870484891,-0.25430926277572957,-0.2522298849095579,-0.5880822251962277,-2.996885784626436,2.2201920921666707,1.295092828455492,0.8918136209703389,0.793598486441686,0.0,0.0,-0.23395906074624068,-0.23395906074624068,-0.238667185252719,-0.2339590607462407,-0.23866718525271893,-0.22917462425705282,-0.23866718525271896,-0.22917462425705282,-0.21935622811243694,-0.2339590607462407,-0.23395906074624068,4.2742520713255505,-0.2339590607462407,-0.23395906074624068,-0.2339590607462407,-0.2339590607462407,-0.23866718525271896,-0.2339590607462407,-0.1273859510596964,-0.2339590607462407,0.0,-0.2595557113955081,-0.4340810218806306,-0.6374061412059823,1.6470891626872224,-0.5941846998308744,-0.09056257740148439,-0.35711526309200037,-0.3119434662491577,-0.37379243935622375,0.10686481539498938,99.33332
2021-02-21,1.5010300853746101,-0.0813419451722587,-0.5689396425360141,-0.4927638252132352,0.6135849300158299,3.0018118682996704,-0.4585520534158579,-0.32542685046739944,0.6585112642207425,-0.5953616831860293,-0.37311189864627103,-1.6155813109414316,-0.6315103621893843,-0.16775375245083787,0.4543082409614993,-0.3281793638451944,-0.37076015512233923,0.488238536603978,-0.3473624481919801,-0.4947294687221232,0.47519807947794346,-0.4054382835153223,-0.38686855295323636,0.0,0.0,-0.5532874250642592,0.9127470746290524,0.4863775953474093,0.6629726194164707,-0.473350616713669,-0.13860853654591468,-0.2585747921243905,-0.24991883521598718,-0.2480589687168715,-0.23033827816869754,-0.2638420870484891,-0.25430926277572957,-0.2522298849095579,-0.6080867050377213,-0.2290048814903862,1.6100688895361686,1.2976996435136727,0.893605953156883,0.039953172416465454,0.0,0.0,-0.23395906074624068,-0.23395906074624068,-0.238667185252719,-0.2339590607462407,-0.23866718525271893,-0.22917462425705282,-0.23866718525271896,-0.22917462425705282,-0.21935622811243694,-0.2339590607462407,-0.23395906074624068,4.2742520713255505,-0.2339590607462407,-0.23395906074624068,-0.2339590607462407,-0.2339590607462407,-0.23866718525271896,-0.2339590607462407,-0.1273859510596964,-0.2339590607462407,0.0,-0.5837633874819074,-0.25568733104333746,-0.36957614856611387,-3.09433614329397,1.7024467747083065,2.5737574607288884,-0.3264880904306619,-0.35264422070208634,-0.3242709064852716,0.08344037336568945,98.53332
2021-02-28,0.4633537634151291,-0.09159613365844348,-0.5696301123276729,3.209405914141064,0.1816489700529573,1.2500520907293706,-0.4493961195332256,-0.34256168257165603,0.5532621901845367,-0.551828727543243,-0.24512212718322257,-0.919040363008449,-0.7064478808019876,-0.16775375245083787,0.4543082409614993,-0.3281793638451944,-0.37076015512233923,0.488238536603978,-0.34736244819198475,-0.494729468722123,0.47519807947794346,-0.4054382835153223,-0.38686855295323636,0.0,0.0,-0.5532874250642592,0.9127470746290524,0.4863775953474093,0.6629726194164707,-0.473350616713669,-0.13860853654591468,-0.2585747921243905,-0.24991883521598718,-0.2480589687168715,-0.23033827816869754,-0.2638420870484891,-0.25430926277572957,-0.2522298849095579,-0.6248816525975913,-0.19975886624703437,1.6194496944407177,1.2993691627289548,0.8947530596157162,-0.6355638267268192,0.0,0.0,-0.23395906074624068,-0.23395906074624068,-0.238667185252719,-0.2339590607462407,-0.23866718525271893,-0.22917462425705282,-0.23866718525271896,-0.22917462425705282,-0.21935622811243694,-0.2339590607462407,-0.23395906074624068,4.2742520713255505,-0.2339590607462407,-0.23395906074624068,-0.2339590607462407,-0.2339590607462407,-0.23866718525271896,-0.2339590607462407,-0.1273859510596964,-0.2339590607462407,0.0,-0.603795603354655,-0.5798342794366588,-0.42505079317109057,-0.225005850036908,-3.2360480915137106,-0.5939372308244226,-0.3209635543282175,-0.3220235785321206,-0.30309551928980843,0.08380053033026216,97.86664999999999
2021-03-07,0.6412045756868527,-0.11018185028965345,-0.5641063539944031,-0.4863934471044853,-0.1447953840145277,3.0374892568448906,-0.4449013883544787,-0.3302052033520359,0.18645410638724363,-0.6998407767287167,0.11915645313468168,-1.9080515432226854,-0.7322076528250699,-0.16775375245083787,0.4543082409614993,-0.3281793638451944,-0.37076015512233923,0.488238536603978,-0.3473624481919801,-0.4947294687221232,0.47519807947794346,-0.4054382835153223,-0.38686855295323636,0.0,0.0,0.7999327147832812,0.56120867707079,-0.6204406510762379,0.6629726194164707,-0.473350616713669,-0.13860853654591468,-0.2585747921243905,-0.24991883521598718,-0.2480589687168715,-0.23033827816869754,-0.2638420870484891,-0.25430926277572957,-0.2522298849095579,-0.4531916228783612,1.517760708243378,1.5949943482531526,1.4130159161363138,0.9976275219999909,0.2444144553444495,0.0,0.0,-0.23395906074624068,-0.23395906074624068,-0.238667185252719,-0.2339590607462407,-0.23866718525271893,-0.22917462425705282,-0.23866718525271896,-0.22917462425705282,-0.21935622811243694,-0.2339590607462407,4.274252071325551,-0.23395906074624065,-0.2339590607462407,-0.23395906074624068,-0.2339590607462407,-0.2339590607462407,-0.23866718525271896,-0.2339590607462407,-0.1273859510596964,-0.2339590607462407,0.0,-0.6206138369581573,-0.5998627430532234,-0.2461301098738379,-0.19468789907314776,-0.24745879435237222,1.7026361875100782,-0.3380952450815095,-0.3165002204011381,-0.3437796052219481,0.08286161694914951,104.89996000000001
2021-03-14,0.4249686960183543,-0.20455242870157286,-0.5609992399319391,-0.45784925288643263,-0.13888321709072038,3.103046458296732,-0.4460666890304502,-0.31442513848696946,-0.05909692058925316,-0.18179860457955893,-0.3928026327175087,-0.47648672205655523,-0.6888843998771587,-0.16775375245083787,0.4543082409614993,-0.3281793638451944,-0.37076015512233923,0.488238536603978,-0.34736244819198475,-0.494729468722123,0.47519807947794346,-0.4054382835153223,-0.38686855295323636,0.0,0.0,0.7999327147832812,0.56120867707079,-0.6204406510762379,0.6629726194164707,-0.473350616713669,-0.13860853654591468,-0.2585747921243905,-0.24991883521598718,-0.2480589687168715,-0.23033827816869754,-0.2638420870484891,-0.25430926277572957,-0.2522298849095579,-0.44172052078771706,0.05780804581720355,0.39663665834098066,1.4099657534954892,0.9962381102431547,0.3440530342444306,0.0,0.0,-0.23395906074624068,-0.23395906074624068,-0.238667185252719,-0.2339590607462407,-0.23866718525271893,-0.22917462425705282,-0.23866718525271896,-0.22917462425705282,-0.21935622811243694,-0.2339590607462407,4.274252071325551,-0.23395906074624065,-0.2339590607462407,-0.23395906074624068,-0.2339590607462407,-0.2339590607462407,-0.23866718525271896,-0.2339590607462407,-0.1273859510596964,-0.2339590607462407,0.0,-0.4486857605579819,-0.6166778264150635,-0.5712346201457235,1.5857828353300825,-0.21588072752085927,-3.23573383923641,-0.3257410311912302,-0.33362825824268727,-0.3131715033799798,0.036853105689967795,105.3875
2021-03-21,0.7162687074849904,-0.4283821367515754,-0.5668682331610382,-0.4520914111342931,-0.12300151378559056,3.0410569956994133,-0.386969297606187,-0.29257158605338535,0.03471761385943279,-0.651083866408796,0.256991591633349,-0.7843501244578748,-0.6224358970448893,-0.16775375245083787,0.4543082409614993,-0.3281793638451944,-0.37076015512233923,0.488238536603978,-0.3473624481919801,-0.49330939841764465,0.47519807947794346,-0.4054382835153223,-0.38686855295323636,0.0,0.0,0.7999327147832812,0.56120867707079,-0.6204406510762379,0.6629726194164707,-0.473350616713669,-0.13860853654591468,-0.2585747921243905,-0.24991883521598718,-0.2480589687168715,-0.23033827816869754,-0.2638420870484891,-0.25430926277572957,-0.2522298849095579,-0.42777358875863297,0.0803683922371912,0.33748777900702437,1.0920055079247422,0.9946032613207355,0.5196832291238249,0.0,0.0,-0.23395906074624068,-0.23395906074624068,-0.238667185252719,-0.2339590607462407,-0.23866718525271893,-0.22917462425705282,-0.23866718525271896,-0.22917462425705282,-0.21935622811243694,-0.2339590607462407,4.274252071325551,-0.23395906074624065,-0.2339590607462407,-0.23395906074624068,-0.2339590607462407,-0.2339590607462407,-0.23866718525271896,-0.2339590607462407,-0.1273859510596964,-0.2339590607462407,0.0,-0.4371987538875324,-0.4447819540502187,-0.591322249808245,0.0723194502998861,1.6385923504831192,-0.24722009017839777,-0.30996385930589554,-0.32127667858469966,-0.3076504072761039,0.03458220451938011,105.98332
2021-03-28,0.3887161323658447,-0.4522231249819551,-0.5668682331610382,-0.45601164381660086,-0.28483259271961375,3.0678150371083284,-0.36832448679064467,-0.28753255866470684,0.08448822526089564,-0.5396394999632629,0.21761012349087186,-0.3071618507358313,-0.6461465962934084,-0.16775375245083787,0.4543082409614993,-0.3281793638451944,-0.37076015512233923,0.488238536603978,-0.3473624481919801,-0.49330939841764465,0.47519807947794346,-0.4054382835153223,-0.38686855295323636,0.0,0.0,0.7999327147832812,0.56120867707079,-0.6204406510762379,0.6629726194164707,-0.473350616713669,-0.13860853654591468,-0.2585747921243905,-0.24991883521598718,-0.2480589687168715,-0.23033827816869754,-0.2638420870484891,-0.25430926277572957,-0.2522298849095579,-0.38572779448422434,0.33641185322768075,0.2356424613455034,1.0841598107666413,0.9943394861988327,0.023282531874866168,0.0,0.0,-0.23395906074624068,-0.23395906074624068,-0.238667185252719,-0.2339590607462407,-0.23866718525271893,-0.22917462425705282,-0.23866718525271896,-0.22917462425705282,-0.21935622811243694,-0.2339590607462407,4.274252071325551,-0.23395906074624065,-0.2339590607462407,-0.23395906074624068,-0.2339590607462407,-0.2339590607462407,-0.23866718525271896,-0.2339590607462407,-0.1273859510596964,-0.2339590607462407,0.0,-0.42323248456271645,-0.4332970990235053,-0.6081870065755945,0.09570668684460176,0.06222434406149303,-0.21564282160412881,-0.2881143133123862,-0.30550287079327015,-0.32477143052888996,0.03067206025797144,107.8
2021-04-04,0.5294613794873526,-0.24781228637766498,-0.5523683675362053,-0.717319653546671,-0.08236985678961989,2.3426721149267316,-0.447315225468991,-0.2778802919549463,0.09448507115856482,-0.599714978750308,1.440896977666539,-0.033933081104661415,-0.534106224227104,-0.16775375245083787,0.4543082409614993,-0.3281793638451944,-0.37076015512233923,0.488238536603978,-0.34736244819198475,-0.49330939841764465,0.47519807947794346,-0.4054382835153223,-0.38686855295323636,0.0,0.0,0.7999327147832812,0.56120867707079,-0.6204406510762379,0.6629726194164707,-0.473350616713669,-0.13860853654591468,-0.2585747921243905,-0.24991883521598718,-0.2480589687168715,-0.23033827816869754,-0.2638420870484891,-0.25430926277572957,-0.2522298849095579,-0.3558835613250479,0.22522835013225365,-0.4122129460547252,0.9083646558580856,0.9917477412984623,0.15776896893831047,0.0,0.0,-0.23395906074624068,-0.23395906074624068,-0.238667185252719,-0.2339590607462407,-0.23866718525271893,-0.22917462425705282,-0.23866718525271896,-0.22917462425705282,-0.21935622811243694,-0.2339590607462407,4.274252071325551,-0.23395906074624065,-0.2339590607462407,-0.23395906074624068,-0.2339590607462407,-0.2339590607462407,-0.23866718525271896,-0.2339590607462407,-0.1273859510596964,-0.2339590607462407,0.0,-0.38112839417297084,-0.4193334457358149,-0.43578333694387744,0.3611347470541284,0.08658363270524762,1.638783377451362,-0.2830762097351259,-0.2836579836781099,-0.31242490931674866,0.005798966809654077,109.10835
2021-04-11,1.5419741572645034,-0.2165690558338207,-0.5143925289949765,4.495732263023266,0.4733158716274574,0.720242870832854,-0.34635024547232696,-0.26590424172640204,0.11657850609210889,-0.17744530901528033,1.5171985721925874,-0.030084788574642977,-0.6563919601662253,-0.16775375245083787,0.4543082409614993,-0.3281793638451944,-0.37076015512233923,0.488238536603978,-0.3473624481919801,-0.49330939841764465,0.47519807947794346,-0.4054382835153223,-0.38686855295323636,0.0,0.0,0.7999327147832812,0.56120867707079,-0.6204406510762379,0.6629726194164707,-0.473350616713669,-0.13860853654591468,-0.2585747921243905,-0.24991883521598718,-0.2480589687168715,-0.23033827816869754,-0.2638420870484891,-0.25430926277572957,-0.2522298849095579,-0.5834373659031531,-2.1202432870825345,0.7907092175486361,0.5660311575982435,1.1990398929976698,0.2242801633660486,0.0,0.0,-0.23395906074624068,-0.23395906074624068,-0.238667185252719,-0.2339590607462407,-0.23866718525271893,-0.22917462425705282,-0.23866718525271896,-0.22917462425705282,-0.21935622811243694,-0.2339590607462407,4.274252071325551,-0.23395906074624065,-0.2339590607462407,-0.23395906074624068,-0.2339590607462407,-0.2339590607462407,-0.23866718525271896,-0.2339590607462407,-0.1273859510596964,-0.2339590607462407,0.0,-0.351242782253126,-0.3772372419091185,-0.42426455452895656,0.24587610526043976,0.3630437745622657,0.06245521980157677,-0.273425712587924,-0.2786209543525382,-0.29665756150490985,0.05198272177193142,99.52000000000001
2021-04-18,0.669012424512072,-0.17939762257140082,-0.49713078420350887,4.473680954185286,0.27230219621800444,0.602507488633628,-0.37564923389675053,-0.31701732457902493,-0.1187305589706721,-0.3672489956178288,0.8969404489485878,0.1777230080462435,0.131183796971311,-0.16775375245083787,0.4543082409614993,-0.3281793638451944,-0.37076015512233923,0.488238536603978,-0.3473624481919801,-0.4915343105370466,0.47519807947794346,-0.4054382835153223,-0.38686855295323636,0.0,0.0,0.7999327147832812,0.56120867707079,-0.6204406510762379,0.6629726194164707,-0.473350616713669,-0.13860853654591468,-0.2585747921243905,-0.24991883521598718,-0.2480589687168715,-0.23033827816869754,-0.2638420870484891,-0.25430926277572957,-0.2522298849095579,-0.5198785217020437,0.5324438388505214,0.8798184929146837,0.5858248528720431,0.9554094446544948,-1.624206445779529,0.0,0.0,-0.23395906074624068,-0.23395906074624068,-0.238667185252719,-0.2339590607462407,-0.23866718525271893,-0.22917462425705282,-0.23866718525271896,-0.22917462425705282,-0.21935622811243694,-0.2339590607462407,4.274252071325551,-0.23395906074624065,-0.2339590607462407,-0.23395906074624068,-0.2339590607462407,-0.2339590607462407,-0.23866718525271896,-0.2339590607462407,-0.1273859510596964,-0.2339590607462407,0.0,-0.5791120881332279,-0.347357227895807,-0.41025965123986996,-2.1855626221105666,0.2429945965086082,0.08681389267050504,-0.2614518579441808,-0.26897251493652347,-0.27482162070929345,0.055403891539095675,102.11000000000001
2021-04-25,-0.20394930824035945,-0.14222618930898093,-0.47986903941204123,4.451629645347304,0.07128852080855176,0.48477210643440216,-0.4049482223211741,-0.36813040743164743,-0.3540396240334531,-0.5570526822203774,0.27668232570458845,0.3855308046671327,0.9187595541088474,-0.16775375245083787,0.4543082409614993,-0.3281793638451944,-0.37076015512233923,0.488238536603978,-0.3473624481919801,-0.48975922265644856,0.47519807947794346,-0.4054382835153223,-0.38686855295323636,0.0,0.0,0.7999327147832812,0.56120867707079,-0.6204406510762379,0.6629726194164707,-0.473350616713669,-0.13860853654591468,-0.2585747921243905,-0.24991883521598718,-0.2480589687168715,-0.23033827816869754,-0.2638420870484891,-0.25430926277572957,-0.2522298849095579,-0.4579118136720655,0.5179359184918461,0.9163585228534409,0.5934943440786954,0.9639336123578152,-1.654192344244698,0.0,0.0,-0.23395906074624068,-0.23395906074624068,-0.238667185252719,-0.2339590607462407,-0.23866718525271893,-0.22917462425705282,-0.23866718525271896,-0.22917462425705282,-0.21935622811243694,-0.2339590607462407,4.274252071325551,-0.23395906074624065,-0.2339590607462407,-0.23395906074624068,-0.2339590607462407,-0.2339590607462407,-0.23866718525271896,-0.2339590607462407,-0.1273859510596964,-0.2339590607462407,0.0,-0.5154651201666819,-0.5751838513279286,-0.36803909109818583,0.5643517692018843,-2.289502890588311,0.36326704593280973,-0.31255557016911706,-0.2570012134228166,-0.2697866542405203,0.056806771825174,104.7
2021-05-02,-0.3700286998437389,-0.06836398786943104,-0.42635763055849146,4.444891745424589,1.5454467695653609,0.7059719154147661,-0.2571215079979466,-0.3269669384379709,-0.23391793482273013,0.06633924258432336,0.6901877412005869,0.6587595742983026,-0.29114473810030395,-0.16775375245083787,0.4543082409614993,-0.3281793638451944,-0.37076015512233923,0.488238536603978,-0.34736244819198475,-0.48975922265644856,0.47519807947794346,-0.4054382835153223,-0.38686855295323636,0.0,0.0,0.7999327147832812,0.56120867707079,-0.6204406510762379,0.6629726194164707,-0.473350616713669,-0.13860853654591468,-0.2585747921243905,-0.24991883521598718,-0.2480589687168715,-0.23033827816869754,-0.2638420870484891,-0.25430926277572957,-0.2522298849095579,-0.43673730327450644,0.14622779123660262,0.9066619584533561,0.39053438253408546,0.8303155965415954,1.1098400065246181,0.0,0.0,-0.23395906074624068,-0.23395906074624068,-0.238667185252719,-0.2339590607462407,-0.23866718525271893,-0.22917462425705282,-0.23866718525271896,-0.22917462425705282,-0.21935622811243694,-0.2339590607462407,4.274252071325551,-0.23395906074624065,-0.2339590607462407,-0.23395906074624068,-0.2339590607462407,-0.2339590607462407,-0.23866718525271896,-0.2339590607462407,-0.1273859510596964,-0.2339590607462407,0.0,-0.4534124958537386,-0.5115488051443048,-0.33807080859278477,0.5493120992037487,0.5747071786740249,0.24322090258442822,-0.36365928239405293,-0.30809402903788663,-0.26014216623069314,0.05643449191565101,105.6
2021-05-09,-0.14014479621194262,-0.08198283195264522,-0.3182991081639043,4.420390291160166,0.7002503416283483,0.5382881892522321,-0.11395599637860471,-0.301489410912095,-0.18095277404850166,1.9713413815126544,0.31606379384706207,-0.12244380929504182,0.8540673993690613,-0.16775375245083787,0.4543082409614993,-0.3281793638451944,-0.37076015512233923,0.488238536603978,-0.3473624481919801,-0.48975922265644856,0.47519807947794346,-0.4054382835153223,-0.38686855295323636,0.0,0.0,0.7999327147832812,0.56120867707079,-0.6204406510762379,0.6629726194164707,-0.473350616713669,-0.13860853654591468,-0.2585747921243905,-0.24991883521598718,-0.2480589687168715,-0.23033827816869754,-0.2638420870484891,-0.25430926277572957,-0.2522298849095579,-0.25695359041677057,1.5915122582118544,0.15604247113802225,0.610778850177727,0.46193570456881206,0.6296245356641316,0.0,0.0,-0.23395906074624068,-0.23395906074624068,-0.238667185252719,-0.2339590607462407,-0.23866718525271893,-0.22917462425705282,-0.23866718525271896,-0.22917462425705282,-0.21935622811243694,-0.2339590607462407,4.274252071325551,-0.23395906074624065,-0.2339590607462407,-0.23395906074624068,-0.2339590607462407,-0.2339590607462407,-0.23866718525271896,-0.2339590607462407,-0.1273859510596964,-0.2339590607462407,0.0,-0.43220862718809017,-0.44950780397603673,-0.5665704542162364,0.16397998878855702,0.559042409478616,-2.28921256588604,-0.3225033599524665,-0.35918684465295625,-0.24817576742433986,0.02761598019396312,113.55999999999999
2021-05-16,-0.4386953204090806,-0.06435844549201511,-0.29689454462248427,0.9295455948365139,-0.21342289026735134,-0.13779832367968609,-0.08732055235640117,-0.31270808996544897,-0.34105856289201303,0.9587648332614435,0.025625466296301778,0.48558641044756296,1.476180529960605,-0.16775375245083787,0.4543082409614993,-0.3281793638451944,-0.37076015512233923,0.488238536603978,-0.34736244819198475,-0.48975922265644856,0.47519807947794346,-0.4054382835153223,-0.38686855295323636,0.0,0.0,0.7999327147832812,0.56120867707079,-0.6204406510762379,0.6629726194164707,-0.473350616713669,-0.13860853654591468,-0.2585747921243905,-0.24991883521598718,-0.2480589687168715,-0.23033827816869754,-0.2638420870484891,-0.25430926277572957,-0.2522298849095579,0.13489230703849853,3.523872907390491,1.187707866276324,1.2881502785087706,0.9766928944307629,-0.4556303273659338,0.0,0.0,-0.23395906074624068,-0.23395906074624068,-0.238667185252719,-0.2339590607462407,-0.23866718525271893,-0.22917462425705282,-0.23866718525271896,-0.22917462425705282,-0.21935622811243694,-0.2339590607462407,4.274252071325551,-0.23395906074624065,-0.2339590607462407,-0.23395906074624068,-0.2339590607462407,-0.2339590607462407,-0.23866718525271896,-0.2339590607462407,-0.1273859510596964,-0.2339590607462407,0.0,-0.252175645830583,-0.42830790703013266,-0.5027474238647278,1.6622375542666687,0.15769460238031985,0.5749250994369296,-0.29703050325471314,-0.3180396976997053,-0.2992476585707927,0.06722467912208321,133.05
2021-05-23,0.1328156830540121,4.466711091840892,-0.27272810191442975,0.6744854559438713,-0.050200713233608835,-0.14172283641966052,-0.04403795582032113,-0.3050777226981004,-0.323662770123601,-0.46302149803195886,-0.00883331832836505,0.9088985887493756,0.19894956087294288,-0.16775375245083787,0.4543082409614993,-0.3281793638451944,-0.37076015512233923,0.488238536603978,-0.3473624481919801,-0.3738814858110082,0.47519807947794346,-0.4054382835153223,-0.38686855295323636,0.0,0.0,0.7999327147832812,0.56120867707079,-0.6204406510762379,0.6629726194164707,-0.473350616713669,-0.13860853654591468,-0.2585747921243905,-0.24991883521598718,-0.2480589687168715,-0.23033827816869754,-0.2638420870484891,-0.25430926277572957,-0.2522298849095579,0.21087663466178302,0.6456677748276106,1.1589345314179191,1.2838011997836065,0.9511315624402759,0.10089989313937324,0.0,0.0,-0.23395906074624068,-0.23395906074624068,-0.238667185252719,-0.2339590607462407,-0.23866718525271893,-0.22917462425705282,-0.23866718525271896,-0.22917462425705282,-0.21935622811243694,-0.2339590607462407,4.274252071325551,-0.23395906074624065,-0.2339590607462407,-0.23395906074624068,-0.2339590607462407,-0.2339590607462407,-0.23866718525271896,-0.2339590607462407,-0.1273859510596964,-0.2339590607462407,0.0,0.14021354243478015,-0.24830864784653497,-0.4405231474938976,3.6654237975418225,1.7182247843190972,0.559260726228886,-0.3082471255731046,-0.2925722724622027,-0.35031954971724516,0.06611998532995329,137.2
2021-05-30,0.06144789107926774,3.67628406269748,-0.2566171401090599,1.8261354778859622,0.5201495076513438,0.0709738616240925,-0.023506467719873074,-0.3019297817171866,-0.31636542456025896,-0.4665041344833818,-0.19425439749918982,0.7934498128488797,0.0032631109021407064,-0.16775375245083787,0.4543082409614993,-0.3281793638451944,-0.37076015512233923,0.488238536603978,-0.3473624481919801,-0.3738814858110082,0.47519807947794346,-0.4054382835153223,-0.38686855295323636,0.0,0.0,0.7999327147832812,0.56120867707079,-0.6204406510762379,0.6629726194164707,-0.473350616713669,-0.13860853654591468,-0.2585747921243905,-0.24991883521598718,-0.2480589687168715,-0.23033827816869754,-0.2638420870484891,-0.25430926277572957,-0.2522298849095579,0.09017593883526734,-1.1465725546704963,1.6850250357408612,1.436836186588315,1.0213997363525105,-0.03169421930477693,0.0,0.0,-0.23395906074624068,-0.23395906074624068,-0.238667185252719,-0.2339590607462407,-0.23866718525271893,-0.22917462425705282,-0.23866718525271896,-0.22917462425705282,-0.21935622811243694,-0.2339590607462407,4.274252071325551,-0.23395906074624065,-0.2339590607462407,-0.23395906074624068,-0.2339590607462407,-0.2339590607462407,-0.23866718525271896,-0.2339590607462407,-0.1273859510596964,-0.2339590607462407,0.0,0.21630322164443316,0.14400704157241057,-0.41926062397308506,0.6817256305745937,3.8046701757547665,0.15792306474197557,-0.3006181571908708,-0.30378650311172906,-0.3091892540996418,0.08631816246458214,130.66666666666666
2021-06-06,-0.009919900895476733,2.8858570335540694,-0.24050617830369028,2.977785499828053,1.0904997285362965,0.28367055966784577,-0.0029749796194245507,-0.29878184073627245,-0.30906807899691696,-0.4699867709348046,-0.37967547667001633,0.6780010369483866,-0.19242333906866146,-0.16775375245083787,0.4543082409614993,-0.3281793638451944,-0.37076015512233923,0.488238536603978,-0.34736244819198475,-0.3738814858110082,0.47519807947794346,-0.4054382835153223,-0.38686855295323636,0.0,0.0,0.7999327147832812,0.56120867707079,-0.6204406510762379,0.6629726194164707,-0.473350616713669,-0.13860853654591468,-0.2585747921243905,-0.24991883521598718,-0.2480589687168715,-0.23033827816869754,-0.2638420870484891,-0.25430926277572957,-0.2522298849095579,-0.03671718453973371,-1.2029994152175232,2.0003485731180666,1.2115068034313594,1.117973327011471,-0.03180661787885611,0.0,0.0,-0.23395906074624068,-0.23395906074624068,-0.238667185252719,-0.2339590607462407,-0.23866718525271893,-0.22917462425705282,-0.23866718525271896,-0.22917462425705282,-0.21935622811243694,-0.2339590607462407,4.274252071325551,-0.23395906074624065,-0.2339590607462407,-0.23395906074624068,-0.2339590607462407,-0.2339590607462407,-0.23866718525271896,-0.2339590607462407,-0.1273859510596964,-0.2339590607462407,0.0,0.09543517538949559,0.22008246834134035,-0.2387296293231554,-1.1762045514644435,0.6969594919365717,1.718413798270916,-0.29747079332605464,-0.2961591614193877,-0.2837322587500545,0.09842436968620678,124.13333333333333
2021-06-13,-0.08128769287022108,2.0954300044106575,-0.22439521649832042,4.1294355217701435,1.6608499494212492,0.4963672577115988,0.0175565084810235,-0.2956338997553587,-0.30177073343357497,-0.4734694073862276,-0.5650965558408411,0.5625522610478908,-0.3881097890394635,-0.16775375245083787,0.4543082409614993,-0.3281793638451944,-0.37076015512233923,0.488238536603978,-0.34736244819198475,-0.3738814858110082,0.47519807947794346,-0.4054382835153223,-0.38686855295323636,0.0,0.0,0.7999327147832812,0.56120867707079,-0.6204406510762379,0.6629726194164707,-0.473350616713669,-0.13860853654591468,-0.2585747921243905,-0.24991883521598718,-0.2480589687168715,-0.23033827816869754,-0.2638420870484891,-0.25430926277572957,-0.2522298849095579,-0.17047265215389143,-1.2655307146758912,0.5074011043214254,1.381992087232631,1.2063395160153065,-0.03191874448090866,0.0,0.0,-0.23395906074624068,-0.23395906074624068,-0.238667185252719,-0.2339590607462407,-0.23866718525271893,-0.22917462425705282,-0.23866718525271896,-0.22917462425705282,-0.21935622811243694,-0.2339590607462407,4.274252071325551,-0.23395906074624065,-0.2339590607462407,-0.23395906074624068,-0.2339590607462407,-0.2339590607462407,-0.23866718525271896,-0.2339590607462407,-0.1273859510596964,-0.2339590607462407,0.0,-0.031633884158989684,0.09923706201184962,0.1547449991214768,-1.234699590083169,-1.2381925085018213,3.8048064467645664,-0.2943234294612381,-0.2930124686525143,-0.29494189674179777,0.04110568178048532,117.6
2021-06-20,0.3119459975722949,4.043725816785769,-0.22439521649832042,4.098808703939615,-0.13830359288250396,0.9021975524134759,-0.02406137280366894,-0.29256591744323707,-0.26158953239607813,-0.5779485009289148,-0.0974416216489364,0.831932738149045,-0.5264222013224912,-0.16775375245083787,0.4543082409614993,-0.3281793638451944,-0.37076015512233923,0.488238536603978,-0.34736244819198475,-0.33738567898591254,0.47519807947794346,-0.4054382835153223,-0.38686855295323636,0.0,0.0,0.7999327147832812,0.56120867707079,-0.6204406510762379,0.6629726194164707,-0.473350616713669,-0.13860853654591468,-0.2585747921243905,-0.24991883521598718,-0.2480589687168715,-0.23033827816869754,-0.2638420870484891,-0.25430926277572957,-0.2522298849095579,-0.1537005639732321,0.10611188151346125,0.1962946363230055,1.3826011016641067,1.2048148106773258,-0.034377571492885214,0.0,0.0,-0.23395906074624068,-0.23395906074624068,-0.238667185252719,-0.2339590607462407,-0.23866718525271893,-0.22917462425705282,-0.23866718525271896,-0.22917462425705282,-0.21935622811243694,-0.2339590607462407,4.274252071325551,-0.23395906074624065,-0.2339590607462407,-0.23395906074624068,-0.2339590607462407,-0.2339590607462407,-0.23866718525271896,-0.2339590607462407,-0.1273859510596964,-0.2339590607462407,0.0,-0.1655748025251561,-0.027808196092631875,0.2310451601627189,-1.299522809756145,-1.2991187973866472,0.6971743223014739,-0.2911760655964219,-0.2898657758856405,-0.28731767873856917,0.029161380378490226,118.4
2021-06-27,0.006784711767934519,1.9960925534507425,-0.26323414227912256,4.506145381085646,1.556749441625581,0.9456793697029627,-0.06984104221683063,-0.27996054953491817,-0.2953032536243501,-0.5953616831860293,0.013318757501776912,0.9088985887493756,-0.6683936721315249,-0.16775375245083787,0.4543082409614993,-0.3281793638451944,-0.37076015512233923,0.488238536603978,-0.34736244819198475,-0.33738567898591254,0.47519807947794346,-0.4054382835153223,-0.38686855295323636,0.0,0.0,0.7999327147832812,0.56120867707079,-0.6204406510762379,0.6629726194164707,-0.473350616713669,-0.13860853654591468,-0.2585747921243905,-0.24991883521598718,-0.2480589687168715,-0.23033827816869754,-0.2638420870484891,-0.25430926277572957,-0.2522298849095579,-0.19903597366686462,-0.45982628958950433,0.1915339272626566,1.4102089352719027,1.2168246170443806,0.24462615812748384,0.0,0.0,-0.23395906074624068,-0.23395906074624068,-0.238667185252719,-0.2339590607462407,-0.23866718525271893,-0.22917462425705282,-0.23866718525271896,-0.22917462425705282,-0.21935622811243694,-0.2339590607462407,4.274252071325551,-0.23395906074624065,-0.2339590607462407,-0.23395906074624068,-0.2339590607462407,-0.2339590607462407,-0.23866718525271896,-0.2339590607462407,-0.1273859510596964,-0.2339590607462407,0.0,-0.148779459995188,-0.16172402583943152,0.10984276465016075,0.12239373596974588,-1.3666362877841316,-1.237928759717978,-0.28810864574147155,-0.2867190831187671,-0.28417227466313416,0.028978602616684564,116.25
2021-07-04,0.03472051081780962,2.374215753878807,-0.26950636986655,4.740746805667495,1.174893013252607,0.843329861313863,-0.11395599637860471,-0.27421948109203825,0.3186067990938341,-0.5570526822203774,0.08962035202782515,0.5240693357477283,-0.7339640009175529,-0.16775375245083787,0.4543082409614993,-0.3281793638451944,-0.37076015512233923,0.488238536603978,-0.3473624481919801,-0.3373856789859124,0.47519807947794346,-0.4054382835153223,-0.38686855295323636,0.0,0.0,0.7999327147832812,0.56120867707079,-0.6204406510762379,0.6629726194164707,-0.473350616713669,-0.13860853654591468,-0.2585747921243905,-0.24991883521598718,-0.2480589687168715,-0.23033827816869754,-0.2638420870484891,-0.25430926277572957,-0.2522298849095579,-0.26947571968458256,-0.6885829240100892,0.09270149175906599,1.3169830257414015,1.0321114143381172,0.043037279854914325,0.0,0.0,-0.23395906074624068,-0.23395906074624068,-0.238667185252719,-0.2339590607462407,-0.23866718525271893,-0.22917462425705282,-0.23866718525271896,-0.22917462425705282,-0.21935622811243694,-0.2339590607462407,4.274252071325551,-0.23395906074624065,-0.2339590607462407,-0.23395906074624068,-0.2339590607462407,-0.2339590607462407,-0.23866718525271896,-0.2339590607462407,-0.1273859510596964,-0.2339590607462407,0.0,-0.1941777268263288,-0.1449318292633736,-0.01757779760762592,-0.464287409384585,0.11437988522300514,-1.2988535084562296,-0.27550558879157916,-0.2836523173156654,-0.2810268705876988,0.025184131850637607,112.98664
2021-07-11,0.7930388422785402,0.8441626543839579,-0.2955136050391671,3.5265527381397543,0.892221879389625,0.7389734998190944,-0.15390916241190908,-0.2786542509515569,0.017040898502050362,-0.3689903138435403,0.1979193894196342,0.5856420162279905,-0.6806881087789052,-0.16775375245083787,0.4543082409614993,-0.3281793638451944,-0.37076015512233923,0.488238536603978,-0.3473624481919801,-0.3373856789859124,0.47519807947794346,-0.4054382835153223,-0.38686855295323636,0.0,0.0,0.7999327147832812,0.56120867707079,-0.6204406510762379,0.6629726194164707,-0.473350616713669,-0.13860853654591468,-0.2585747921243905,-0.24991883521598718,-0.2480589687168715,-0.23033827816869754,-0.2638420870484891,-0.25430926277572957,-0.2522298849095579,-0.32139711578213115,-0.5198393512634002,-0.16466538886738247,0.1492566333407895,1.0452078387836847,-0.25385656623789554,0.0,0.0,-0.23395906074624068,-0.23395906074624068,-0.238667185252719,-0.2339590607462407,-0.23866718525271893,-0.22917462425705282,-0.23866718525271896,-0.22917462425705282,-0.21935622811243694,-0.2339590607462407,4.274252071325551,-0.23395906074624065,-0.2339590607462407,-0.23395906074624068,-0.2339590607462407,-0.2339590607462407,-0.23866718525271896,-0.2339590607462407,-0.1273859510596964,-0.2339590607462407,0.0,-0.264715136917922,-0.19032159249568645,-0.1518892278502422,-0.7014285162085199,-0.49668569895623216,-1.3663692920891393,-0.26976557286621333,-0.2710519476577275,-0.2778814665122638,0.015303052833311598,110.64000000000001
2021-07-18,0.9175770609436319,0.2560849447012598,-0.40736971128787713,0.633323012779641,-0.3074611218083827,-0.4585380467012135,-0.3336984095617806,-0.27869164746598224,-0.03524216659169021,-0.5605353186718003,0.12900182017030226,0.9704712692296378,-0.5539383214380564,-0.16775375245083787,0.4543082409614993,-0.3281793638451944,-0.37076015512233923,0.488238536603978,-0.3473624481919801,-0.34698535424418697,0.47519807947794346,-0.4054382835153223,-0.38686855295323636,0.0,0.0,0.7999327147832812,0.56120867707079,-0.6204406510762379,0.6629726194164707,-0.473350616713669,-0.13860853654591468,-0.2585747921243905,-0.24991883521598718,-0.2480589687168715,-0.23033827816869754,-0.2638420870484891,-0.25430926277572957,-0.2522298849095579,-0.03618579724697942,2.5521934703515994,1.2359344204423188,0.8807914976551975,1.271189790230544,-0.12557622194431461,0.0,0.0,-0.23395906074624068,-0.23395906074624068,-0.238667185252719,-0.2339590607462407,-0.23866718525271893,-0.22917462425705282,-0.23866718525271896,-0.22917462425705282,-0.21935622811243694,-0.2339590607462407,4.274252071325551,-0.23395906074624065,-0.2339590607462407,-0.23395906074624068,-0.2339590607462407,-0.2339590607462407,-0.23866718525271896,-0.2339590607462407,-0.1273859510596964,-0.2339590607462407,0.0,-0.31670852156385204,-0.26084579014813486,-0.13504742547848483,-0.5265000918944834,-0.7436831866405514,0.11460944253093884,-0.27419952969362915,-0.2653131556495967,-0.27481595666744185,0.0690762397863289,124.16
2021-07-25,0.7196807134758149,0.22190431641397707,-0.42946474462095574,-0.3669896933225312,-0.4814411241466219,-0.5944688970585017,-0.3327550709193275,-0.2791901045328476,-0.04170974532798316,-0.6534056240430779,0.36200884001328626,0.8832433052159311,-0.5244707034419546,-0.16775375245083787,0.4543082409614993,-0.3281793638451944,-0.37076015512233923,0.488238536603978,-0.34736244819198475,-0.36138486713159806,0.47519807947794346,-0.4054382835153223,-0.38686855295323636,0.0,0.0,0.7999327147832812,0.56120867707079,-0.6204406510762379,0.6629726194164707,-0.473350616713669,-0.13860853654591468,-0.2585747921243905,-0.24991883521598718,-0.2480589687168715,-0.23033827816869754,-0.2638420870484891,-0.25430926277572957,-0.2522298849095579,-0.06881112912326547,-0.34400906235094114,1.2175822948964228,0.8257473819708591,1.2846006594423725,-0.13903935798990885,0.0,0.0,-0.23395906074624068,-0.23395906074624068,-0.238667185252719,-0.2339590607462407,-0.23866718525271893,-0.22917462425705282,-0.23866718525271896,-0.22917462425705282,-0.21935622811243694,-0.2339590607462407,4.274252071325551,-0.23395906074624065,-0.2339590607462407,-0.23395906074624068,-0.2339590607462407,-0.2339590607462407,-0.23866718525271896,-0.2339590607462407,-0.1273859510596964,-0.2339590607462407,0.0,-0.03110176010253663,-0.3128294358565327,-0.18057127452330882,2.658130007960148,-0.561484149498406,-0.49644069461248913,-0.2742369193521031,-0.26974616704476095,-0.2622207473444022,0.06837164717435996,122.53333333333335
2021-08-01,0.5217843660079975,0.18772368812669454,-0.4515597779540343,-0.38642751370563994,-0.5081502076612342,-0.6048153397366154,-0.3318117322768746,-0.27558785911278644,-0.04184786332302924,-0.5779485009289148,-0.08759625461331755,0.77036005766878,-0.4863189198774652,-0.16775375245083787,0.4543082409614993,-0.3281793638451944,-0.37076015512233923,0.488238536603978,-0.3473624481919801,-0.36138486713159806,0.47519807947794346,-0.4054382835153223,-0.38686855295323636,0.0,0.0,0.7999327147832812,0.56120867707079,-0.6204406510762379,0.6629726194164707,-0.473350616713669,-0.13860853654591468,-0.2585747921243905,-0.24991883521598718,-0.2480589687168715,-0.23033827816869754,-0.2638420870484891,-0.25430926277572957,-0.2522298849095579,-0.13206547424663706,-0.623107856104138,1.202565089143822,0.7619056866188042,1.2247497299272945,-0.0193605919110976,0.0,0.0,-0.23395906074624068,-0.23395906074624068,-0.238667185252719,-0.2339590607462407,-0.23866718525271893,-0.22917462425705282,-0.23866718525271896,-0.22917462425705282,-0.21935622811243694,-0.2339590607462407,4.274252071325551,-0.23395906074624065,-0.2339590607462407,-0.23395906074624068,-0.2339590607462407,-0.2339590607462407,-0.23866718525271896,-0.2339590607462407,-0.1273859510596964,-0.2339590607462407,0.0,-0.06377232670783163,-0.027276171708915664,-0.2513038075727833,-0.3442252064841187,2.755509873186846,-0.7434319384841378,-0.2747352850361887,-0.26978354873080973,-0.2564843055918177,0.06779509203913935,119.44000000000001
2021-08-08,0.32388801854018046,0.15354305983941183,-0.4736548112871129,-0.5329462102068887,1.5087565571852621,-0.5548669957733076,-0.3308683936344215,-0.2724883528032276,-0.11239299494539348,-0.5535700457689545,0.08962035202782515,0.77036005766878,-0.6162886787211992,-0.16775375245083787,0.4543082409614993,-0.3281793638451944,-0.37076015512233923,0.488238536603978,-0.3473624481919801,-0.36138486713159806,0.47519807947794346,-0.4054382835153223,-0.38686855295323636,0.0,0.0,0.7999327147832812,0.56120867707079,-0.6204406510762379,0.6629726194164707,-0.473350616713669,-0.13860853654591468,-0.2585747921243905,-0.24991883521598718,-0.2480589687168715,-0.23033827816869754,-0.2638420870484891,-0.25430926277572957,-0.2522298849095579,-0.20180400389901296,-0.6821932750799011,1.2368881294544176,0.6819610091713246,0.6116980639986236,-0.03414741251407037,0.0,0.0,-0.23395906074624068,-0.23395906074624068,-0.238667185252719,-0.2339590607462407,-0.23866718525271893,-0.22917462425705282,-0.23866718525271896,-0.22917462425705282,-0.21935622811243694,-0.2339590607462407,4.274252071325551,-0.23395906074624065,-0.2339590607462407,-0.23395906074624068,-0.2339590607462407,-0.2339590607462407,-0.23866718525271896,-0.2339590607462407,-0.1273859510596964,-0.2339590607462407,0.0,-0.12711437341140916,-0.05994061875478061,-0.3034410180692685,-0.6335536320027905,-0.3716333076629861,-0.5612375071242913,-0.2711337000204465,-0.27028180815066927,-0.2609155014987044,0.06911285550815428,116.12
2021-08-15,0.16693574296225644,-0.3014865542350385,-0.3285413644359216,-0.41129648978402916,0.03743846704871306,-0.5917930929176102,-0.31809170408002096,-0.2704786775758638,-0.1574670305226615,-0.3646370182792617,0.037932175090824895,0.6780010369483866,-0.6764436008887381,-0.16775375245083787,0.4543082409614993,-0.3281793638451944,-0.37076015512233923,0.488238536603978,-0.34736244819198475,-0.36138486713159806,0.47519807947794346,-0.4054382835153223,-0.38686855295323636,0.0,0.0,0.7999327147832812,0.56120867707079,-0.6204406510762379,0.6629726194164707,-0.473350616713669,-0.13860853654591468,-0.2585747921243905,-0.24991883521598718,-0.2480589687168715,-0.23033827816869754,-0.2638420870484891,-0.25430926277572957,-0.2522298849095579,-0.16207239440240964,0.3153244556417029,-0.035222726256470945,0.6915899054386583,0.5811347353563179,-0.0659681305051995,0.0,0.0,-0.23395906074624068,-0.23395906074624068,-0.238667185252719,-0.2339590607462407,-0.23866718525271893,-0.22917462425705282,-0.23866718525271896,-0.22917462425705282,-0.21935622811243694,-0.2339590607462407,4.274252071325551,-0.23395906074624065,-0.2339590607462407,-0.23395906074624068,-0.2339590607462407,-0.2339590607462407,-0.23866718525271896,-0.2339590607462407,-0.1273859510596964,-0.2339590607462407,0.0,-0.19694959490748093,-0.12327080079056997,-0.01704420157169815,-0.694804671512784,-0.6729871942830292,2.755672665763534,-0.2680347619473942,-0.26668099108435983,-0.26095286787551825,0.02027274114113984,118.0
2021-08-22,0.2920426292924856,-0.23312529766047319,-0.36145347014257334,-0.4413107712579471,0.9293178287154756,-0.5566508652005685,-0.3245424756791483,-0.27252126336717664,-0.18633670688167106,-0.532674227060417,0.31606379384706207,0.5856420162279905,-0.5946270522472434,-0.16775375245083787,0.4543082409614993,-0.3281793638451944,-0.37076015512233923,0.488238536603978,-0.3473624481919801,-0.43238838235551974,0.47519807947794346,-0.4054382835153223,-0.38686855295323636,0.0,0.0,0.7999327147832812,0.56120867707079,-0.6204406510762379,0.6629726194164707,-0.473350616713669,-0.13860853654591468,-0.2585747921243905,-0.24991883521598718,-0.2480589687168715,-0.23033827816869754,-0.2638420870484891,-0.25430926277572957,-0.2522298849095579,-0.1503597484338517,0.06000905061028606,0.010781060314261265,0.6765120867727158,0.543251572563743,-0.18395920885744357,0.0,0.0,-0.23395906074624068,-0.23395906074624068,-0.238667185252719,-0.2339590607462407,-0.23866718525271893,-0.22917462425705282,-0.23866718525271896,-0.22917462425705282,-0.21935622811243694,-0.2339590607462407,4.274252071325551,-0.23395906074624065,-0.2339590607462407,-0.23395906074624068,-0.2339590607462407,-0.2339590607462407,-0.23866718525271896,-0.2339590607462407,-0.1273859510596964,-0.2339590607462407,0.0,-0.15716289789190668,-0.19309294137520794,-0.04980514259793384,0.33927444640649324,-0.7367840327124534,-0.3713914645000006,-0.266025455156393,-0.26358271378364106,-0.26145092323902525,0.022038963155002537,118.55999999999999
2021-08-29,0.32839674074234115,-0.19619801174296247,-0.35299130253260136,-0.3151282817961692,-0.5036986937421323,-0.5980366359130237,-0.3232939392406075,-0.27167892421182904,-0.17652878219448792,-0.6301880477002585,0.5671206532553487,-0.16862331965523852,-0.5988715601374104,-0.16775375245083787,0.4543082409614993,-0.3281793638451944,-0.37076015512233923,0.488238536603978,-0.34736244819198475,-0.43238838235551974,0.47519807947794346,-0.4054382835153223,-0.38686855295323636,0.0,0.0,0.7999327147832812,0.56120867707079,-0.6204406510762379,0.6629726194164707,-0.473350616713669,-0.13860853654591468,-0.2585747921243905,-0.24991883521598718,-0.2480589687168715,-0.23033827816869754,-0.2638420870484891,-0.25430926277572957,-0.2522298849095579,-0.17890153094082542,-0.30679879723359704,-0.06032011056284384,0.6425754552970467,0.48084872174854837,-0.0999519936855819,0.0,0.0,-0.23395906074624068,-0.23395906074624068,-0.238667185252719,-0.2339590607462407,-0.23866718525271893,-0.22917462425705282,-0.23866718525271896,-0.22917462425705282,-0.21935622811243694,-0.2339590607462407,4.274252071325551,-0.23395906074624065,-0.2339590607462407,-0.23395906074624068,-0.2339590607462407,-0.2339590607462407,-0.23866718525271896,-0.2339590607462407,-0.1273859510596964,-0.2339590607462407,0.0,-0.14543401244513057,-0.15331369684920493,-0.11332240820301358,0.07460112713115444,0.34027488639983255,-0.6727377332400676,-0.2680676664778069,-0.26157383542789925,-0.2578515808454813,0.019309178009567333,117.2
2021-09-05,0.3647508521921967,-0.15927072582545176,-0.34452913492262965,-0.2808262458259772,-0.4944247064106696,-0.5766302027858917,-0.3232939392406075,-0.27375918179180014,-0.16388167363064027,-0.4386430428719985,-0.5897099734298891,0.5625522610478908,-0.489831616062431,-0.16775375245083787,0.4543082409614993,-0.3281793638451944,-0.37076015512233923,0.488238536603978,-0.34736244819198475,-0.43238838235551974,0.47519807947794346,-0.4054382835153223,-0.38686855295323636,0.0,0.0,-0.44668200894868487,0.7265640748689057,-0.36870113564373086,0.6629726194164707,-0.473350616713669,-0.13860853654591468,-0.2585747921243905,-0.24991883521598718,-0.2480589687168715,-0.23033827816869754,-0.2638420870484891,-0.25430926277572957,-0.2522298849095579,-0.13704142000287958,0.3347198628651847,-0.21756311047627727,0.6128863435070322,0.4018216085181034,-0.18508423003516997,0.0,0.0,-0.23395906074624068,-0.23395906074624068,-0.238667185252719,-0.2339590607462407,-0.23866718525271893,-0.22917462425705282,-0.23866718525271896,-0.22917462425705282,-0.21935622811243694,-0.2339590607462407,-0.23395906074624068,-0.23395906074624065,-0.2339590607462407,4.274252071325551,-0.2339590607462407,-0.2339590607462407,-0.23866718525271896,-0.2339590607462407,-0.1273859510596964,-0.2339590607462407,0.0,-0.17401536787666583,-0.14158700835274213,-0.1833508102392401,-0.3056510970271867,0.0646008550450958,-0.7365329589587234,-0.2672254817495877,-0.2636156112979719,-0.2547545724082097,0.01327215217592418,119.2
2021-09-12,0.4011049636420525,-0.12234343990794097,-0.33606696731265767,-0.42048453513318756,-0.556869554442518,-0.5919911024240362,-0.31705125704790366,-0.2661066260618305,-0.14020624038472043,-0.4908825896433421,0.11587466412280989,0.318827067480181,-0.4673893904362607,-0.16775375245083787,0.4543082409614993,-0.3281793638451944,-0.37076015512233923,0.488238536603978,-0.34736244819198475,-0.43238838235551974,0.47519807947794346,-0.4054382835153223,-0.38686855295323636,0.0,0.0,-0.44668200894868487,0.7265640748689057,-0.36870113564373086,0.6629726194164707,-0.473350616713669,-0.13860853654591468,-0.2585747921243905,-0.24991883521598718,-0.2480589687168715,-0.23033827816869754,-0.2638420870484891,-0.25430926277572957,-0.2522298849095579,-0.4118740434538151,-2.551059037202674,0.9580804691121627,0.4663178348044201,0.7441385217443998,0.09820577746141904,0.0,0.0,-0.23395906074624068,-0.23395906074624068,-0.238667185252719,-0.2339590607462407,-0.23866718525271893,-0.22917462425705282,-0.23866718525271896,-0.22917462425705282,-0.21935622811243694,-0.2339590607462407,-0.23395906074624068,-0.23395906074624065,-0.2339590607462407,4.274252071325551,-0.2339590607462407,-0.2339590607462407,-0.23866718525271896,-0.2339590607462407,-0.1273859510596964,-0.2339590607462407,0.0,-0.13209721827165777,-0.17016301017944807,-0.14345405392327581,0.35938074123779856,-0.33145592866223783,0.3404987333417062,-0.2693053579532422,-0.2627736061449346,-0.2527465167652428,0.05840860127088821,106.66666666666667
2021-09-19,0.43745907509190807,-0.08541615399043026,-0.32760479970268597,-0.4388606258315049,-0.5623102936769762,-0.5866198715785533,-0.28292459439445566,-0.2725989110917854,-0.1694968779005427,-0.21227167352950943,0.37513599606077863,0.8627190783891762,-0.5794053687790583,-0.16775375245083787,0.4543082409614993,-0.3281793638451944,-0.37076015512233923,0.488238536603978,-0.3473624481919801,-0.46647006966300225,0.47519807947794346,-0.4054382835153223,-0.38686855295323636,0.0,0.0,-0.44668200894868487,0.7265640748689057,-0.36870113564373086,0.6629726194164707,-0.473350616713669,-0.13860853654591468,-0.2585747921243905,-0.24991883521598718,-0.2480589687168715,-0.23033827816869754,-0.2638420870484891,-0.25430926277572957,-0.2522298849095579,-0.5022553422692303,-0.8702950570946436,0.8663495007024188,0.4765140944469387,0.7614862623904959,-0.31336877194385765,0.0,0.0,-0.23395906074624068,-0.23395906074624068,-0.238667185252719,-0.2339590607462407,-0.23866718525271893,-0.22917462425705282,-0.23866718525271896,-0.22917462425705282,-0.21935622811243694,-0.2339590607462407,-0.23395906074624068,-0.23395906074624065,-0.2339590607462407,4.274252071325551,-0.2339590607462407,-0.2339590607462407,-0.23866718525271896,-0.2339590607462407,-0.1273859510596964,-0.2339590607462407,0.0,-0.40731089468143405,-0.12825271230871826,-0.13169272363881632,-2.6321687897500055,0.36121686637321515,0.06483167070971267,-0.2616542051762269,-0.26485303886613787,-0.25478745644974604,0.05488677692042682,102.84
2021-09-26,0.47381318654176363,-0.04848886807291955,-0.31914263209271404,-0.3659687993948468,-0.5213192696719112,-0.5810898763540443,-0.24879793174100812,-0.27033686036876026,-0.1714665145308679,0.21435129176979692,0.7271078675841597,0.8126912754989637,-0.48031806389481524,-0.16775375245083787,0.4543082409614993,-0.3281793638451944,-0.37076015512233923,0.488238536603978,-0.34736244819198475,-0.4891911945346571,0.47519807947794346,-0.4054382835153223,-0.38686855295323636,0.0,0.0,-0.44668200894868487,0.7265640748689057,-0.36870113564373086,0.6629726194164707,-0.473350616713669,-0.13860853654591468,-0.2585747921243905,-0.24991883521598718,-0.2480589687168715,-0.23033827816869754,-0.2638420870484891,-0.25430926277572957,-0.2522298849095579,-0.23548017695778523,2.3841988932923712,1.836271166534681,1.0534476047558736,1.0518445613554908,-0.05862004047517238,0.0,0.0,-0.23395906074624068,-0.23395906074624068,-0.238667185252719,-0.2339590607462407,-0.23866718525271893,-0.22917462425705282,-0.23866718525271896,-0.22917462425705282,-0.21935622811243694,-0.2339590607462407,-0.23395906074624068,-0.23395906074624065,-0.2339590607462407,4.274252071325551,-0.2339590607462407,-0.2339590607462407,-0.23866718525271896,-0.2339590607462407,-0.1273859510596964,-0.2339590607462407,0.0,-0.4978175063541987,-0.403414838144882,-0.16035314177771237,-0.8898008293095371,-2.754671510523796,-0.3312151011372268,-0.26814529996715775,-0.2572035175092917,-0.25394579613012985,0.09212495067991466,114.55
2021-10-03,0.5101672979916192,-0.011561582155408841,-0.2409091825054218,-0.2992023365242944,-0.4777315292140368,-0.5759166550149873,-0.2146712690875606,-0.26911296053937517,-0.18279160580267884,0.348432795149579,-0.5897099734298891,0.3855308046671327,-0.07796798837519306,-0.16775375245083787,0.4543082409614993,-0.3281793638451944,-0.37076015512233923,0.488238536603978,-0.3473624481919801,-0.4891911945346571,0.47519807947794346,-0.4054382835153223,-0.38686855295323636,0.0,0.0,-0.44668200894868487,0.7265640748689057,-0.36870113564373086,0.6629726194164707,-0.473350616713669,-0.13860853654591468,-0.2585747921243905,-0.24991883521598718,-0.2480589687168715,-0.23033827816869754,-0.2638420870484891,-0.25430926277572957,-0.2522298849095579,0.03839322366263358,2.4488796878230086,2.3020151109671105,1.3715989638943578,1.2630161759670135,-0.08887158658302906,0.0,0.0,-0.23395906074624068,-0.23395906074624068,-0.238667185252719,-0.2339590607462407,-0.23866718525271893,-0.22917462425705282,-0.23866718525271896,-0.22917462425705282,-0.21935622811243694,-0.2339590607462407,-0.23395906074624068,-0.23395906074624065,-0.2339590607462407,4.274252071325551,-0.2339590607462407,-0.2339590607462407,-0.23866718525271896,-0.2339590607462407,-0.1273859510596964,-0.2339590607462407,0.0,-0.23067245967710379,-0.4939044969255944,-0.11831903677642279,2.483978031799323,-0.9398848857402335,0.361440183925899,-0.2658836639488217,-0.2636932282338903,-0.25602437724383814,0.1100062441298575,127.96
2021-10-10,0.5465214094414748,0.025365703762101868,-0.3107039404556586,-0.25607977701890994,-0.15086984571663575,-0.8489200321630105,-0.1805446064341126,-0.2700919172774114,-0.199102538968345,0.0976829706471295,-0.5798646063942703,0.1238469126260154,0.22851475376307148,-0.16775375245083787,0.4543082409614993,-0.3281793638451944,-0.37076015512233923,0.488238536603978,-0.3473624481919801,-0.4891911945346571,0.47519807947794346,-0.4054382835153223,-0.38686855295323636,0.0,0.0,-0.44668200894868487,0.7265640748689057,-0.36870113564373086,0.6629726194164707,-0.473350616713669,-0.13860853654591468,-0.2585747921243905,-0.24991883521598718,-0.2480589687168715,-0.23033827816869754,-0.2638420870484891,-0.25430926277572957,-0.2522298849095579,0.0244340256268621,-0.17391884766147292,1.4246544020719347,1.3783528325089807,1.0187468892899607,-0.15296848869445412,0.0,0.0,-0.23395906074624068,-0.23395906074624068,-0.238667185252719,-0.2339590607462407,-0.23866718525271893,-0.22917462425705282,-0.23866718525271896,-0.22917462425705282,-0.21935622811243694,-0.2339590607462407,-0.23395906074624068,-0.23395906074624065,-0.2339590607462407,4.274252071325551,-0.2339590607462407,-0.2339590607462407,-0.23866718525271896,-0.2339590607462407,-0.1273859510596964,-0.2339590607462407,0.0,0.04358066394833454,-0.22680948947828494,-0.3942940185207831,2.551029530629499,2.5741195559909342,-2.754369426893326,-0.2646599884985777,-0.261432074453816,-0.24837798865952837,0.07632176044575331,127.24000000000001
2021-10-17,0.5820631385125625,0.10227211740848784,-0.3327989737887369,-0.23892875903381403,-0.03907192843585377,0.7639833491892937,-0.11284618621101297,-0.2605606590817497,-0.13786737090688642,-0.23316749223804692,-0.3534211645750316,0.5086761656276627,-0.08909152629425134,-0.16775375245083787,0.4543082409614993,-0.3281793638451944,-0.37076015512233923,0.488238536603978,-0.3473624481919801,-0.4579496478361315,0.47519807947794346,-0.4054382835153223,-0.38686855295323636,0.0,0.0,-0.44668200894868487,0.7265640748689057,-0.36870113564373086,0.6629726194164707,-0.473350616713669,-0.13860853654591468,-0.2585747921243905,-0.24991883521598718,-0.2480589687168715,-0.23033827816869754,-0.2638420870484891,-0.25430926277572957,-0.2522298849095579,0.007265118321059085,-0.20316647566494758,1.1748944327139828,1.384721294144064,1.0152529707466404,0.15239119726827344,0.0,0.0,-0.23395906074624068,-0.23395906074624068,-0.238667185252719,-0.2339590607462407,-0.23866718525271893,-0.22917462425705282,-0.23866718525271896,-0.22917462425705282,-0.21935622811243694,-0.2339590607462407,-0.23395906074624068,-0.23395906074624065,-0.2339590607462407,4.274252071325551,-0.2339590607462407,-0.2339590607462407,-0.23866718525271896,-0.2339590607462407,-0.1273859510596964,-0.2339590607462407,0.0,0.029602111610123334,0.04739226349572946,-0.4850509926289487,-0.1679007826109216,2.6439579403112776,-0.9396286778303166,-0.26563876576320705,-0.2602086599222686,-0.2548650415985507,0.06673273334722449,126.35999999999999
2021-10-24,0.7483984305652537,0.1514067705714566,-0.4384408519125188,-0.2289648342996154,0.21835850323999703,3.1052762950808086,-0.05846548799901463,-0.25335402042291494,-0.09168663854192799,0.5945391043834646,0.14869255424153996,-0.24558917025556906,-0.1380741230957187,-0.16775375245083787,0.4543082409614993,-0.3281793638451944,-0.37076015512233923,0.488238536603978,-0.34736244819198475,-0.33298346104202936,0.47519807947794346,-0.4054382835153223,-0.38686855295323636,0.0,0.0,-0.44668200894868487,0.7265640748689057,-0.36870113564373086,0.6629726194164707,-0.473350616713669,-0.13860853654591468,-0.2585747921243905,-0.24991883521598718,-0.2480589687168715,-0.23033827816869754,-0.2638420870484891,-0.25430926277572957,-0.2522298849095579,-0.08772669339292284,-0.9123071381954274,1.1459486367934606,1.4308826196730564,1.0348963708486305,0.08419963325251142,0.0,0.0,-0.23395906074624068,-0.23395906074624068,-0.238667185252719,-0.2339590607462407,-0.23866718525271893,-0.22917462425705282,-0.23866718525271896,-0.22917462425705282,-0.21935622811243694,-0.2339590607462407,-0.23395906074624068,-0.23395906074624065,-0.2339590607462407,4.274252071325551,-0.2339590607462407,-0.2339590607462407,-0.23866718525271896,-0.2339590607462407,-0.1273859510596964,-0.2339590607462407,0.0,0.012409399768866012,0.033416329495388336,-0.21716696033240313,-0.19822040544628264,-0.187980248531405,2.5742869339064103,-0.2561092549454563,-0.26118722848671677,-0.2526048138477183,0.06562141826264993,121.60000000000001
2021-10-31,0.7947448452739523,0.362472150245427,-0.17330045191557636,-0.304102627377179,1.1558813392231084,0.1617133531574354,0.018555337631856156,-0.24459834228324037,-0.07544906866645909,0.6723179851319094,-0.5011016701093177,-0.4918798921766208,0.17348251353194102,-0.16775375245083787,0.4543082409614993,-0.3281793638451944,-0.37076015512233923,0.488238536603978,-0.3473624481919801,-0.33298346104202936,0.47519807947794346,-0.4054382835153223,-0.38686855295323636,0.0,0.0,-0.44668200894868487,0.7265640748689057,-0.36870113564373086,0.6629726194164707,-0.473350616713669,-0.13860853654591468,-0.2585747921243905,-0.24991883521598718,-0.2480589687168715,-0.23033827816869754,-0.2638420870484891,-0.25430926277572957,-0.2522298849095579,0.9024242779301603,8.975769874029258,4.884808385915642,3.83264870501184,3.0807430724617864,0.12829197485605434,0.0,0.0,-0.23395906074624068,-0.23395906074624068,-0.238667185252719,-0.2339590607462407,-0.23866718525271893,-0.22917462425705282,-0.23866718525271896,-0.22917462425705282,-0.21935622811243694,-0.2339590607462407,-0.23395906074624068,-0.23395906074624065,-0.2339590607462407,4.274252071325551,-0.2339590607462407,-0.2339590607462407,-0.23866718525271896,-0.2339590607462407,-0.1273859510596964,-0.2339590607462407,0.0,-0.08271411723710326,0.016226838039719894,0.05784481151417774,-0.9333527526775802,-0.2195600567231176,2.6441235527926477,-0.2489039374890217,-0.25165974960279386,-0.2513819003513686,0.20916734975877657,181.45
2021-11-07,0.6929533332143566,0.26249381250512527,0.09437167065078174,-0.30083576680858914,1.650803129812165,-0.26147993730311536,0.21010857255820045,-0.2399177831189875,-0.022058509454318323,2.939514315008224,-0.45843841295496884,-0.7330395573909859,1.52362632218115,-0.16775375245083787,0.4543082409614993,-0.3281793638451944,-0.37076015512233923,0.488238536603978,-0.34736244819198475,-0.33298346104202936,0.47519807947794346,-0.4054382835153223,-0.38686855295323636,0.0,0.0,-0.44668200894868487,0.7265640748689057,-0.36870113564373086,0.6629726194164707,-0.473350616713669,-0.13860853654591468,-0.2585747921243905,-0.24991883521598718,-0.2480589687168715,-0.23033827816869754,-0.2638420870484891,-0.25430926277572957,-0.2522298849095579,1.5210369389451128,5.590225148719924,4.915814069324965,3.780481482721059,3.484097986105432,0.010301567755472781,0.0,0.0,-0.23395906074624068,-0.23395906074624068,-0.238667185252719,-0.2339590607462407,-0.23866718525271893,-0.22917462425705282,-0.23866718525271896,-0.22917462425705282,-0.21935622811243694,-0.2339590607462407,-0.23395906074624068,-0.23395906074624065,-0.2339590607462407,4.274252071325551,-0.2339590607462407,-0.2339590607462407,-0.23866718525271896,-0.2339590607462407,-0.1273859510596964,-0.2339590607462407,0.0,0.9088096894960711,-0.07887886127662844,0.043827591234010775,9.317145699437535,-0.9852469733166964,-0.18774304790672372,-0.2401498645391618,-0.24445596850311044,-0.2523600681544383,0.21035775004263588,233.0
2021-11-14,1.759489539179561,0.7713579161320459,0.05628075381094299,-0.21442730476939115,0.6983306262507359,-0.35150588106555364,0.08314628938569922,-0.2448471086278361,-0.06559895521870245,1.87034492442139,-2.0566696617371285,-0.7689569543378064,2.288418341563422,-0.16775375245083787,0.4543082409614993,-0.3281793638451944,-0.37076015512233923,0.488238536603978,-0.3473624481919801,-0.33298346104202936,0.47519807947794346,-0.4054382835153223,-0.38686855295323636,0.0,0.0,-0.44668200894868487,0.7265640748689057,-0.36870113564373086,0.6629726194164707,-0.473350616713669,-0.13860853654591468,-0.2585747921243905,-0.24991883521598718,-0.2480589687168715,-0.23033827816869754,-0.2638420870484891,-0.25430926277572957,-0.2522298849095579,1.0365600311227148,-4.461387209165411,6.478483712703098,4.554546481363462,4.0029465562285615,-0.26644063596645035,0.0,0.0,-0.23395906074624068,-0.23395906074624068,-0.238667185252719,-0.2339590607462407,-0.23866718525271893,-0.22917462425705282,-0.23866718525271896,-0.22917462425705282,-0.21935622811243694,-0.2339590607462407,-0.23395906074624068,-0.23395906074624065,-0.2339590607462407,4.274252071325551,-0.2339590607462407,-0.2339590607462407,-0.23866718525271896,-0.2339590607462407,-0.1273859510596964,-0.2339590607462407,0.0,1.528280051397826,0.912459222051901,0.026587320334601032,5.807512742145064,9.691296621734516,-0.2193220577971727,-0.2354701634678833,-0.23570376214402292,-0.2428364911387234,0.2703532793299004,191.56
2021-11-21,0.2223808403131535,0.33379246682312896,0.061933975230148895,-0.09767787519941604,0.4883861010410842,-0.022292778264536284,0.07415682702820531,-0.24038437294523401,-0.04921318557076745,-0.08602610216542898,-1.315805792306795,-0.2071062449554038,1.06600006919533,-0.16775375245083787,0.4543082409614993,-0.3281793638451944,-0.37076015512233923,0.488238536603978,-0.34736244819198475,-0.07737080623591128,0.47519807947794346,-0.4054382835153223,-0.38686855295323636,0.0,0.0,-0.44668200894868487,0.7265640748689057,-0.36870113564373086,0.6629726194164707,-0.473350616713669,-0.13860853654591468,-0.2585747921243905,-0.24991883521598718,-0.2480589687168715,-0.23033827816869754,-0.2638420870484891,-0.25430926277572957,-0.2522298849095579,0.3544821478980024,-6.261973908917769,8.063652362568954,5.613958398390402,4.723920732010589,0.004046211929065327,0.0,0.0,-0.23395906074624068,-0.23395906074624068,-0.238667185252719,-0.2339590607462407,-0.23866718525271893,-0.22917462425705282,-0.23866718525271896,-0.22917462425705282,-0.21935622811243694,-0.2339590607462407,-0.23395906074624068,-0.23395906074624065,-0.2339590607462407,4.274252071325551,-0.2339590607462407,-0.2339590607462407,-0.23866718525271896,-0.2339590607462407,-0.1273859510596964,-0.2339590607462407,0.0,1.043131420703166,1.5318135502851675,-0.06879933054569363,-4.612515013340986,6.035791531303546,-0.9849896187053299,-0.24039858527710134,-0.23102505890391253,-0.23563566026383634,0.3312126123061842,145.4
2021-11-28,0.17717176093472964,-0.1652340247248581,0.058179545738004664,-0.09339012070314211,-0.3517907812527742,0.9405953418352689,0.13908072183232562,-0.23430789814151384,-0.010484340305707185,1.2365050902624208,-1.1705866285314148,-0.7843501244578748,0.11669392520832741,-0.16775375245083787,0.4543082409614993,-0.3281793638451944,-0.37076015512233923,0.488238536603978,-0.3473624481919801,-0.07737080623591128,0.47519807947794346,-0.4054382835153223,-0.38686855295323636,0.0,0.0,-0.44668200894868487,0.7265640748689057,-0.36870113564373086,0.6629726194164707,-0.473350616713669,-0.13860853654591468,-0.2585747921243905,-0.24991883521598718,-0.2480589687168715,-0.23033827816869754,-0.2638420870484891,-0.25430926277572957,-0.2522298849095579,0.5011347768264388,1.2896140061914991,5.706580342718978,5.558534020383408,4.7354063859432305,0.05017683050882808,0.0,0.0,-0.23395906074624068,-0.23395906074624068,-0.238667185252719,-0.2339590607462407,-0.23866718525271893,-0.22917462425705282,-0.23866718525271896,-0.22917462425705282,-0.21935622811243694,-0.2339590607462407,-0.23395906074624068,-0.23395906074624065,-0.2339590607462407,4.274252071325551,-0.2339590607462407,-0.2339590607462407,-0.23866718525271896,-0.2339590607462407,-0.1273859510596964,-0.2339590607462407,0.0,0.360107842632263,1.046755793309161,0.9254672627135002,-6.479097479870344,-4.817327574346857,9.69128408559192,-0.23593666775361258,-0.23595242984838175,-0.22688703826910783,0.24071761613194692,154.28
2021-12-05,0.1413456980310732,-0.16997658689971845,0.05869739808174872,-0.08064936448564212,-0.3363959622825459,1.3714890019901627,-0.017402511798118057,-0.23423155542068044,-0.0611695614740279,-0.20878903707808652,-0.5404831382517948,-1.1537862073394565,0.6096422898318588,-0.16775375245083787,0.4543082409614993,-0.3281793638451944,-0.37076015512233923,0.488238536603978,-0.3473624481919801,-0.07737080623591128,0.47519807947794346,-0.4054382835153223,-0.38686855295323636,0.0,0.0,-0.44668200894868487,0.7265640748689057,-0.36870113564373086,0.6629726194164707,-0.473350616713669,-0.13860853654591468,-0.2585747921243905,-0.24991883521598718,-0.2480589687168715,-0.23033827816869754,-0.2638420870484891,-0.25430926277572957,-0.2522298849095579,0.30498927892128064,-1.83404338780618,3.23403121701252,5.641589356701981,4.679774035048282,-0.12229250256859105,0.0,0.0,-0.23395906074624068,-0.23395906074624068,-0.238667185252719,-0.2339590607462407,-0.23866718525271893,-0.22917462425705282,-0.23866718525271896,-0.22917462425705282,-0.21935622811243694,-0.2339590607462407,-0.23395906074624068,-0.23395906074624065,-0.2339590607462407,4.274252071325551,-0.2339590607462407,-0.2339590607462407,-0.23866718525271896,-0.2339590607462407,-0.1273859510596964,-0.2339590607462407,0.0,0.5069638041107921,0.3638601531289174,1.546651224379935,1.3492740163406363,-6.761491477278503,6.035871402129198,-0.2298613069578891,-0.23149146371907536,-0.22221025113751366,0.14578911085629512,142.52
2021-12-12,0.03386750932010356,-0.2050971824649014,0.06076880745672491,-0.07084878277987318,-0.3438151521477162,1.5013100995590818,-0.015404853496452743,-0.2323758808341006,-0.108926604238707,-0.45257358867769015,-0.41249336678874465,-0.8921023152983364,0.23846739295380776,-0.16775375245083787,0.4543082409614993,-0.3281793638451944,-0.37076015512233923,0.488238536603978,-0.3473624481919801,-0.07737080623591128,0.47519807947794346,-0.4054382835153223,-0.38686855295323636,0.0,0.0,-0.44668200894868487,0.7265640748689057,-0.36870113564373086,0.6629726194164707,-0.473350616713669,-0.13860853654591468,-0.2585747921243905,-0.24991883521598718,-0.2480589687168715,-0.23033827816869754,-0.2638420870484891,-0.25430926277572957,-0.2522298849095579,0.29455244639269174,-0.1418222222729265,3.221556404375458,5.640597311179246,4.6576478748376156,-0.0712260529402631,0.0,0.0,-0.23395906074624068,-0.23395906074624068,-0.238667185252719,-0.2339590607462407,-0.23866718525271893,-0.22917462425705282,-0.23866718525271896,-0.22917462425705282,-0.21935622811243694,-0.2339590607462407,-0.23395906074624068,-0.23395906074624065,-0.2339590607462407,4.274252071325551,-0.2339590607462407,-0.2339590607462407,-0.23866718525271896,-0.2339590607462407,-0.1273859510596964,-0.2339590607462407,0.0,0.3105463522381553,0.5106886068572816,1.0601605592143426,-1.8888728187341535,1.3922534306392882,-4.816973349141235,-0.2297849782330656,-0.22541739834463353,-0.22713560413449943,0.14531016574458103,141.92000000000002
2021-12-19,0.0021358536054362125,-0.21740220864832316,0.11393498141444491,-0.058108026562373016,-0.34344419265445775,1.8113020092813623,-0.017402511798118057,-0.24089645438744747,-0.19034263695770326,0.2892279754753894,-1.3674939692437953,-0.845922804938137,-0.33966385415514383,-0.16775375245083787,0.4543082409614993,-0.3281793638451944,-0.37076015512233923,0.488238536603978,-0.3473624481919801,-0.0802677496570474,0.47519807947794346,-0.4054382835153223,-0.38686855295323636,0.0,0.0,-0.44668200894868487,0.7265640748689057,-0.36870113564373086,0.6629726194164707,-0.473350616713669,-0.13860853654591468,-0.2585747921243905,-0.24991883521598718,-0.2480589687168715,-0.23033827816869754,-0.2638420870484891,-0.25430926277572957,-0.2522298849095579,0.29245978572845455,-0.06578815994702004,0.9149004337037279,5.615478694398357,4.606719346642274,-0.36933309508852336,0.0,0.0,-0.23395906074624068,-0.23395906074624068,-0.238667185252719,-0.2339590607462407,-0.23866718525271893,-0.22917462425705282,-0.23866718525271896,-0.22917462425705282,-0.21935622811243694,-0.2339590607462407,-0.23395906074624068,-0.23395906074624065,-0.2339590607462407,4.274252071325551,-0.2339590607462407,-0.2339590607462407,-0.23866718525271896,-0.2339590607462407,-0.1273859510596964,-0.2339590607462407,0.0,0.3000950491352,0.3143079461515797,0.3752475783331744,-0.13462773988920118,-1.9804816625228763,-6.761088105843401,-0.22792964384971137,-0.2253410858950335,-0.222676464942007,0.056750791451679355,141.8
2021-12-26,-0.01731258054226295,-0.038979328988707866,0.14742276630989257,-0.05957811381823845,-0.031402340912734174,1.5311899124657038,-0.0005888877591024617,-0.23194033582421786,-0.13442764473477165,-0.5709832280260689,-0.9835246548546516,-1.7849061822621555,-0.10636228253699977,-0.16775375245083787,0.4543082409614993,-0.3281793638451944,-0.37076015512233923,0.488238536603978,-0.3473624481919801,-0.082199045271138,0.47519807947794346,-0.4054382835153223,-0.38686855295323636,0.0,0.0,-0.44668200894868487,0.7265640748689057,-0.36870113564373086,0.6629726194164707,-0.473350616713669,-0.13860853654591468,-0.2585747921243905,-0.24991883521598718,-0.2480589687168715,-0.23033827816869754,-0.2638420870484891,-0.25430926277572957,-0.2522298849095579,0.3215971636251431,0.21878731824111894,0.5134955737372532,3.8673759279502167,4.535176544257683,0.13285926784806315,0.0,0.0,-0.23395906074624068,-0.23395906074624068,-0.238667185252719,-0.2339590607462407,-0.23866718525271893,-0.22917462425705282,-0.23866718525271896,-0.22917462425705282,-0.21935622811243694,-0.2339590607462407,-0.23395906074624068,-0.23395906074624065,-0.2339590607462407,4.274252071325551,-0.2339590607462407,-0.2339590607462407,-0.23866718525271896,-0.2339590607462407,-0.1273859510596964,-0.2339590607462407,0.0,0.29799948701578644,0.3038586006935968,0.5225097777150939,-0.05580684911173576,-0.15332426640351657,1.3924506847723632,-0.23644865531527193,-0.2234861471161093,-0.21660488713042061,0.04133966656407477,143.48
2022-01-02,0.023034390299235895,-0.14780190429834394,0.3207306840162274,0.07615994280666454,2.468011436815101,0.2993299601234854,0.0941334100448575,-0.22953248151537103,-0.1427578525179524,-0.1391363080496283,-0.9342978196765557,-1.6155813109414316,-0.39967241398164255,-0.16775375245083787,0.4543082409614993,-0.3281793638451944,-0.37076015512233923,0.488238536603978,-0.3473624481919801,-0.082199045271138,0.47519807947794346,-0.4054382835153223,-0.38686855295323636,0.0,0.0,-0.44668200894868487,0.7265640748689057,-0.36870113564373086,0.6629726194164707,-0.473350616713669,-0.13860853654591468,-0.2585747921243905,-0.24991883521598718,-0.2480589687168715,-0.23033827816869754,-0.2638420870484891,-0.25430926277572957,-0.2522298849095579,0.4123295698740123,0.7800557461727095,-0.08023149084510225,2.7134864368640996,4.537904359737904,-0.05544485115000907,0.0,0.0,-0.23395906074624068,-0.23395906074624068,-0.238667185252719,-0.2339590607462407,-0.23866718525271893,-0.22917462425705282,-0.23866718525271896,-0.22917462425705282,-0.21935622811243694,-0.2339590607462407,-0.23395906074624068,-0.23395906074624065,-0.2339590607462407,4.274252071325551,-0.2339590607462407,-0.2339590607462407,-0.23866718525271896,-0.2339590607462407,-0.1273859510596964,-0.2339590607462407,0.0,0.32717726362468386,0.30176343109620724,0.32554898927624154,0.23919899429655117,-0.0712273146779412,-1.9801991495221634,-0.22749417868885946,-0.23200334211197823,-0.2165286059336971,0.018544720976734944,148.84
2022-01-09,0.08227534431492507,-0.09608234112114934,0.5107393398083071,0.20996850990824387,2.7206928141449644,0.6100889336994875,0.2853675745480195,-0.23511093425348445,-0.2063464837014747,-0.05990632877975718,-1.5865533857863194,-0.8613159750582026,-0.3471283335481961,-0.16775375245083787,0.4543082409614993,-0.3281793638451944,-0.37076015512233923,0.488238536603978,-0.34736244819198475,-0.082199045271138,0.47519807947794346,-0.4054382835153223,-0.38686855295323636,0.0,0.0,-0.44668200894868487,0.7265640748689057,-0.36870113564373086,-0.19710512325607255,1.5250634307907571,0.8266576666664296,0.7880792478055767,0.7285084246356155,0.7821548364960363,0.7794195232361909,0.8631495192677371,0.7136828346210433,0.6675523281009506,0.5756851262356667,1.4418150209989842,0.20593049964329008,2.48094690079873,4.5528814604492736,-0.2845283552018388,0.0,0.0,-0.23395906074624068,-0.23395906074624068,-0.238667185252719,-0.2339590607462407,-0.23866718525271893,-0.22917462425705282,-0.23866718525271896,-0.22917462425705282,-0.21935622811243694,-0.2339590607462407,-0.23395906074624068,-0.23395906074624065,-0.2339590607462407,4.274252071325551,-0.2339590607462407,-0.2339590607462407,-0.23866718525271896,-0.2339590607462407,-0.1273859510596964,-0.2339590607462407,0.0,0.41803546953819887,0.3309357423839747,0.31506877542688216,0.8210392393331787,0.23603996238735322,-0.15308794184224125,-0.22508676581506198,-0.22305077480749377,-0.21467442682338383,0.029531329793256147,159.0
2022-01-16,0.05817805200472761,-0.11146362385042648,0.5657611513311102,0.23829831640148286,2.7146067599586923,0.4824307778111222,0.30721696222248296,-0.23295808583853217,-0.20139955177200236,-0.08602610216542898,-1.180431995567032,-0.6881428112074629,-0.08770108405436908,-0.16775375245083787,0.4543082409614993,-0.3281793638451944,-0.37076015512233923,0.488238536603978,-0.34736244819198475,-0.082199045271138,0.47519807947794346,-0.4054382835153223,-0.38686855295323636,0.0,0.0,-0.44668200894868487,0.7265640748689057,-0.36870113564373086,-0.19710512325607255,1.5250634307907571,0.8266576666664296,0.7880792478055767,0.7285084246356155,0.7821548364960363,0.7794195232361909,0.8631495192677371,0.7136828346210433,0.6675523281009506,0.5950577666303957,0.12980872672959415,0.13646282893708425,0.5961458874023667,4.527187133789669,-0.06268015055420756,0.0,0.0,-0.23395906074624068,-0.23395906074624068,-0.238667185252719,-0.2339590607462407,-0.23866718525271893,-0.22917462425705282,-0.23866718525271896,-0.22917462425705282,-0.21935622811243694,-0.2339590607462407,-0.23395906074624068,-0.23395906074624065,-0.2339590607462407,4.274252071325551,-0.2339590607462407,-0.2339590607462407,-0.23866718525271896,-0.2339590607462407,-0.1273859510596964,-0.2339590607462407,0.0,0.5816175169085009,0.4217769295479372,0.31296741649300325,1.507053558790161,0.8420634421730628,-0.07099306543327016,-0.2306641958482091,-0.22064387525528745,-0.22318813370106527,0.0268642595714513,160.25
2022-01-23,0.044530028041429914,-0.12812668014047682,0.593811486617245,0.29679553845779255,2.8073466332733186,0.5962639456382146,0.3626935979749782,-0.23256062043098852,-0.17541137279762162,-0.6301880477002585,-0.9096844020875094,-2.4198744497148756,-0.4386047966983466,-0.16775375245083787,0.4543082409614993,-0.3281793638451944,-0.37076015512233923,0.488238536603978,-0.34736244819198475,0.29866381038997786,0.47519807947794346,-0.4054382835153223,-0.38686855295323636,0.0,0.0,-0.44668200894868487,0.7265640748689057,-0.36870113564373086,-0.19710512325607255,1.5250634307907571,0.8266576666664296,0.7880792478055767,0.7285084246356155,0.7821548364960363,0.7794195232361909,0.8631495192677371,0.7136828346210433,0.6675523281009506,0.6598125800677422,0.5433417926470413,0.07104316430174241,0.4957251256949761,3.1754140778353137,-0.11307932932767031,0.0,0.0,-0.23395906074624068,-0.23395906074624068,-0.238667185252719,-0.2339590607462407,-0.23866718525271893,-0.22917462425705282,-0.23866718525271896,-0.22917462425705282,-0.21935622811243694,-0.2339590607462407,-0.23395906074624068,-0.23395906074624065,-0.2339590607462407,4.274252071325551,-0.2339590607462407,-0.2339590607462407,-0.23866718525271896,-0.2339590607462407,-0.1273859510596964,-0.2339590607462407,0.0,0.6010170172947779,0.5853283361867004,0.3422259056495961,0.14695912668299352,1.5565908207904953,0.23626644426833246,-0.22851174211774536,-0.2262201160386427,-0.21423923281643556,0.024352604326707463,164.5
2022-01-30,0.01407787457332178,-0.1586969795649152,0.5174110041702096,0.21410313031536532,3.0751330174693026,1.0124406830182058,0.2816802302661958,-0.2349243492996955,-0.2008975804195854,-0.6754623215687563,-0.5897099734298891,-2.8008554101865046,-0.7392330451950014,-0.16775375245083787,0.4543082409614993,-0.3281793638451944,-0.37076015512233923,0.488238536603978,-0.3473624481919801,0.29866381038997786,0.47519807947794346,-0.4054382835153223,-0.38686855295323636,0.0,0.0,-0.44668200894868487,0.7265640748689057,-0.36870113564373086,-0.19710512325607255,1.5250634307907571,0.8266576666664296,0.7880792478055767,0.7285084246356155,0.7821548364960363,0.7794195232361909,0.8631495192677371,0.7136828346210433,0.6675523281009506,0.5842277838844094,-0.7354658347796502,0.4821972898909483,0.12796986581401332,2.3393463673530124,-0.19233509553147846,0.0,0.0,-0.23395906074624068,-0.23395906074624068,-0.238667185252719,-0.2339590607462407,-0.23866718525271893,-0.22917462425705282,-0.23866718525271896,-0.22917462425705282,-0.21935622811243694,-0.2339590607462407,-0.23395906074624068,-0.23395906074624065,-0.2339590607462407,4.274252071325551,-0.2339590607462407,-0.2339590607462407,-0.23866718525271896,-0.2339590607462407,-0.1273859510596964,-0.2339590607462407,0.0,0.665861612698143,0.6047242028314216,0.4333354465903345,0.5756491588140751,0.1399662960794778,0.842274604476838,-0.2281143495780497,-0.22406812126600284,-0.21183331898195762,0.040138032480313585,159.55
2022-02-06,-0.0032380558301122325,-0.17362964154792182,0.5140622256806646,0.19211307511304557,3.304664203923003,0.7271553648634904,0.26006390272692625,-0.2342288842410787,-0.19620022851877778,-0.647601229957373,-0.36818921512846076,-2.1504939726137215,-0.7986561556573393,-0.16775375245083787,0.4543082409614993,-0.3281793638451944,-0.37076015512233923,0.488238536603978,-0.34736244819198475,0.29866381038997786,0.47519807947794346,-0.4054382835153223,-0.38686855295323636,0.0,0.0,-0.44668200894868487,0.7265640748689057,-0.36870113564373086,-0.19710512325607255,1.5250634307907571,0.8266576666664296,0.7880792478055767,0.7285084246356155,0.7821548364960363,0.7794195232361909,0.8631495192677371,0.7136828346210433,0.6675523281009506,0.5414136207835143,-0.43685209590227103,0.09764597545802825,0.17083434759879726,1.9286389812938907,-0.10451480522951766,0.0,0.0,-0.23395906074624068,-0.23395906074624068,-0.238667185252719,-0.2339590607462407,-0.23866718525271893,-0.22917462425705282,-0.23866718525271896,-0.22917462425705282,-0.21935622811243694,-0.2339590607462407,-0.23395906074624068,-0.23395906074624065,-0.2339590607462407,4.274252071325551,-0.2339590607462407,-0.2339590607462407,-0.23866718525271896,-0.2339590607462407,-0.1273859510596964,-0.2339590607462407,0.0,0.5901720188751872,0.6695566521229643,0.5973700001257726,-0.7500297966880206,0.5864741257418472,1.5567839206631828,-0.23047764510128144,-0.22367081346049345,-0.21740727608073082,0.025373965266694894,156.8125
2022-02-13,0.023631491347630235,-0.15119860423439258,0.5128970579072406,0.20715084266783537,3.5967948048640763,1.355523370616177,0.2541541635845001,-0.23498619424421688,-0.20446127074011902,-0.16003212675816575,-0.46664288548465094,-1.8233891075623208,-0.7375498782730388,-0.16775375245083787,0.4543082409614993,-0.3281793638451944,-0.37076015512233923,0.488238536603978,-0.34736244819198475,0.29866381038997786,0.47519807947794346,-0.4054382835153223,-0.38686855295323636,0.0,0.0,-0.44668200894868487,0.7265640748689057,-0.36870113564373086,-0.19710512325607255,1.5250634307907571,0.8266576666664296,0.7880792478055767,0.7285084246356155,0.7821548364960363,0.7794195232361909,0.8631495192677371,0.7136828346210433,0.6675523281009506,0.496640909040702,-0.45469885312740194,0.08355938359852239,0.2174092693439379,0.4176405976668471,-0.14622996112680386,0.0,0.0,-0.23395906074624068,-0.23395906074624068,-0.238667185252719,-0.2339590607462407,-0.23866718525271893,-0.22917462425705282,-0.23866718525271896,-0.22917462425705282,-0.21935622811243694,-0.2339590607462407,-0.23395906074624068,-0.23395906074624065,-0.2339590607462407,4.274252071325551,-0.2339590607462407,-0.2339590607462407,-0.23866718525271896,-0.2339590607462407,-0.1273859510596964,-0.2339590607462407,0.0,0.5472984943224927,0.593881235800302,0.6168231640629493,-0.4404711570901873,-0.7943044995687664,0.1401952065923457,-0.22978230754317466,-0.22603360506907405,-0.21525616263253047,0.024833139163080477,154.0
2022-02-20,0.01766048086368745,1.1549286541933959,0.49995074931363986,0.19496136917128493,3.078610762718601,1.077351231802665,0.24999237545603087,-0.23156759412100392,-0.21019305641568278,-0.6432479343930944,-0.8235374405258423,-2.0542866593633096,1.030141295640471,-0.16775375245083787,0.4543082409614993,-0.3281793638451944,-0.37076015512233923,0.488238536603978,-0.34736244819198475,0.33093490805925035,0.47519807947794346,-0.4054382835153223,-0.38686855295323636,0.0,0.0,-0.44668200894868487,0.7265640748689057,-0.36870113564373086,-0.19710512325607255,1.5250634307907571,0.8266576666664296,0.7880792478055767,0.7285084246356155,0.7821548364960363,0.7794195232361909,0.8631495192677371,0.7136828346210433,0.6675523281009506,0.5404274244236119,0.3522737145852182,-0.02280645733657494,0.22042982165540304,0.3131851846748822,-0.02637069953217521,0.0,0.0,-0.23395906074624068,-0.23395906074624068,-0.238667185252719,-0.2339590607462407,-0.23866718525271893,-0.22917462425705282,-0.23866718525271896,-0.22917462425705282,-0.21935622811243694,-0.2339590607462407,-0.23395906074624068,-0.23395906074624065,-0.2339590607462407,4.274252071325551,-0.2339590607462407,-0.2339590607462407,-0.23866718525271896,-0.2339590607462407,-0.1273859510596964,-0.2339590607462407,0.0,0.5024637056178165,0.5510157419342083,0.6818471347686015,-0.458972040233119,-0.47187956322734886,0.5866917490498511,-0.230539478707689,-0.2253384157746015,-0.2148590175398136,0.020749438585656536,156.75
2022-02-27,0.004183057199930951,-0.1845888054925318,0.44881283036891695,0.16975549809675983,3.3930453031918417,0.18240623851366317,0.22964123150781632,-0.23378402068861615,-0.20053199618506234,-0.5883964102831836,-0.24512212718322257,-0.9074954854183992,1.075367259021905,-0.16775375245083787,0.4543082409614993,-0.3281793638451944,-0.37076015512233923,0.488238536603978,-0.3473624481919801,0.3416919406156744,0.47519807947794346,-0.4054382835153223,-0.38686855295323636,0.0,0.0,-0.44668200894868487,0.7265640748689057,-0.36870113564373086,-0.19710512325607255,1.5250634307907571,0.8266576666664296,0.7880792478055767,0.7285084246356155,0.7821548364960363,0.7794195232361909,0.8631495192677371,0.7136828346210433,0.6675523281009506,0.5431089594273192,-0.022284562840710252,-0.11907767645797492,0.17433182871877687,0.00988735259708986,-0.1880813369238533,0.0,0.0,-0.23395906074624068,-0.23395906074624068,-0.238667185252719,-0.2339590607462407,-0.23866718525271893,-0.22917462425705282,-0.23866718525271896,-0.22917462425705282,-0.21935622811243694,-0.2339590607462407,-0.23395906074624068,-0.23395906074624065,-0.2339590607462407,4.274252071325551,-0.2339590607462407,-0.2339590607462407,-0.23866718525271896,-0.2339590607462407,-0.1273859510596964,-0.2339590607462407,0.0,0.5463109306102134,0.5061893512826582,0.605948165843719,0.37757798319519903,-0.49114940521066247,-0.7940519717637293,-0.22712150532086478,-0.2260954254909857,-0.21722084149456133,0.01705330052423457,156.92000000000002
2022-03-06,0.018939983110246663,-0.1886904808870058,0.471900414027505,0.19940225775671136,3.231167854321162,0.20612055271231405,0.22439737846594512,-0.24069059004195334,-0.24132041946055074,-0.5692419098003576,-0.7250837701696522,-1.015247676258861,-0.6822980945303478,-0.16775375245083787,0.4543082409614993,-0.3281793638451944,-0.37076015512233923,0.488238536603978,-0.34736244819198475,0.3416919406156744,0.47519807947794346,-0.4054382835153223,-0.38686855295323636,0.0,0.0,0.6428527355613056,-2.788647165025906,-0.6577302909623012,-0.19710512325607255,1.5250634307907571,0.8266576666664296,0.7880792478055767,0.7285084246356155,0.7821548364960363,0.7794195232361909,0.8631495192677371,0.7136828346210433,0.6675523281009506,0.49101207035349753,-0.5214384846600544,-0.09208603579966133,-0.12104208528292852,0.043688233811054994,-0.32299754052686125,0.0,0.0,-0.23395906074624068,-0.23395906074624068,-0.238667185252719,-0.2339590607462407,-0.23866718525271893,-0.22917462425705282,-0.23866718525271896,-0.22917462425705282,-0.21935622811243694,-0.2339590607462407,-0.23395906074624068,-0.23395906074624065,4.274252071325551,-0.23395906074624068,-0.2339590607462407,-0.2339590607462407,-0.23866718525271896,-0.2339590607462407,-0.1273859510596964,-0.2339590607462407,0.0,0.5489961835380687,0.5500283632035641,0.5629560431044076,-0.010708742144288196,0.38017044682351925,-0.471635185954213,-0.22933752554812342,-0.22267818090292987,-0.2165259369067819,0.018089589783765105,153.65
2022-03-13,0.08095319199348072,-0.1397267308654733,0.48654700448306526,0.21459315940065368,3.3405545348957633,0.28854646943569234,0.2462883840216933,-0.023928402710769826,0.8944088960024373,-0.5883964102831836,0.26683695866896784,-0.8767091451782681,-0.7140587225360802,-0.16775375245083787,0.4543082409614993,-0.3281793638451944,-0.37076015512233923,0.488238536603978,-0.3473624481919801,0.3416919406156744,0.47519807947794346,-0.4054382835153223,-0.38686855295323636,0.0,0.0,0.6428527355613056,-2.788647165025906,-0.6577302909623012,-0.19710512325607255,1.5250634307907571,0.8266576666664296,0.7880792478055767,0.7285084246356155,0.7821548364960363,0.7794195232361909,0.8631495192677371,0.7136828346210433,0.6675523281009506,0.5380589479037453,0.38198290373740607,-0.07608388613457097,-0.08427082037103817,0.046891765785577084,5.872626516264505,0.0,0.0,-0.23395906074624068,-0.23395906074624068,-0.238667185252719,-0.2339590607462407,-0.23866718525271893,-0.22917462425705282,-0.23866718525271896,-0.22917462425705282,-0.21935622811243694,-0.2339590607462407,-0.23395906074624068,-0.23395906074624065,4.274252071325551,-0.23395906074624068,-0.2339590607462407,-0.2339590607462407,-0.23866718525271896,-0.2339590607462407,-0.1273859510596964,-0.2339590607462407,0.0,0.49682706259643344,0.5527131131537675,0.5179972308982067,-0.5281578373172652,-0.024254778918679238,-0.4909045408180637,-0.23624282871115493,-0.22489372861837242,-0.21728263659863795,0.01870395984141574,156.6
2022-03-20,0.22451334405741877,-0.026225682059015463,0.6481859827103682,0.28883256582185507,-0.5798613147017692,0.26357229745403854,0.38108870150281204,0.55380738180107,3.939451945634158,-0.3428705404578685,0.28406635098130123,-0.6304184232572136,-0.6987638578973749,-0.16775375245083787,0.4543082409614993,-0.3281793638451944,-0.37076015512233923,0.488238536603978,-0.34736244819198475,0.4240205165178118,0.47519807947794346,-0.4054382835153223,-0.38686855295323636,0.0,0.0,0.6428527355613056,-2.788647165025906,-0.6577302909623012,-0.19710512325607255,1.5250634307907571,0.8266576666664296,0.7880792478055767,0.7285084246356155,0.7821548364960363,0.7794195232361909,0.8631495192677371,0.7136828346210433,0.6675523281009506,0.6545434118632325,1.0147145706576968,0.18735118130954814,0.050827374161319175,0.11250846787553057,13.884653662195038,0.0,0.0,-0.23395906074624068,-0.23395906074624068,-0.238667185252719,-0.2339590607462407,-0.23866718525271893,-0.22917462425705282,-0.23866718525271896,-0.22917462425705282,-0.21935622811243694,-0.2339590607462407,-0.23395906074624068,-0.23395906074624065,4.274252071325551,-0.23395906074624068,-0.2339590607462407,-0.2339590607462407,-0.23866718525271896,-0.2339590607462407,-0.1273859510596964,-0.2339590607462407,0.0,0.543939170218969,0.5005537640670215,0.5619657475601488,0.4083760844884635,-0.563210796388653,0.38039328525146826,-0.019520380672549024,-0.23179755939532276,-0.2138667915033734,0.028818014575319392,164.15
2022-03-27,0.2680164204404303,0.01870048124608162,0.9571712144776388,0.4995450724958918,-0.3781196312867966,0.33385675288812183,0.7333840665777335,0.8317566184300943,5.383204277586432,-0.4072993148091923,0.7886414115567788,0.47788982538752883,-0.6329739855997867,-0.16775375245083787,0.4543082409614993,-0.3281793638451944,-0.37076015512233923,0.488238536603978,-0.3473624481919801,0.4514633751518576,0.47519807947794346,-0.4054382835153223,-0.38686855295323636,0.0,0.0,0.6428527355613056,-2.788647165025906,-0.6577302909623012,-0.19710512325607255,1.5250634307907571,0.8266576666664296,0.7880792478055767,0.7285084246356155,0.7821548364960363,0.7794195232361909,0.8631495192677371,0.7136828346210433,0.6675523281009506,0.9342582712845573,2.502108438352444,0.9068218245872689,0.5828152262548206,0.4636781835044759,5.798951947663062,0.0,0.0,-0.23395906074624068,-0.23395906074624068,-0.238667185252719,-0.2339590607462407,-0.23866718525271893,-0.22917462425705282,-0.23866718525271896,-0.22917462425705282,-0.21935622811243694,-0.2339590607462407,-0.23395906074624068,-0.23395906074624065,4.274252071325551,-0.23395906074624068,-0.2339590607462407,-0.2339590607462407,-0.23866718525271896,-0.2339590607462407,-0.1273859510596964,-0.2339590607462407,0.0,0.6605851388393417,0.5476570470693428,0.564658428525031,1.0642988654652104,0.4122486206448608,-0.02402171708573734,0.5581094867895695,-0.015121322089024131,-0.2160814318670076,0.05644062965139052,183.8
2022-04-03,0.5401238982086789,0.17917853105487383,1.2281806077036803,0.6784056886261792,-0.408315734038039,0.8085444074822735,0.9031850222192789,0.9614577626735317,6.064432844755244,-0.1182404893410909,1.2316829281596355,-0.39952087145622744,-0.45119195802780754,-0.16775375245083787,0.4543082409614993,-0.3281793638451944,-0.37076015512233923,0.488238536603978,-0.3473624481919801,0.4514633751518576,0.47519807947794346,-0.4054382835153223,-0.38686855295323636,0.0,0.0,0.6428527355613056,-2.788647165025906,-0.6577302909623012,-0.19710512325607255,1.5250634307907571,0.8266576666664296,0.7880792478055767,0.7285084246356155,0.7821548364960363,0.7794195232361909,0.8631495192677371,0.7136828346210433,0.6675523281009506,1.076146951986234,1.2462037861865225,0.4640100477417251,0.5670254619575593,0.438216102516099,2.4901259799781346,0.0,0.0,-0.23395906074624068,-0.23395906074624068,-0.238667185252719,-0.2339590607462407,-0.23866718525271893,-0.22917462425705282,-0.23866718525271896,-0.22917462425705282,-0.21935622811243694,-0.2339590607462407,-0.23395906074624068,-0.23395906074624065,4.274252071325551,-0.23395906074624068,-0.2339590607462407,-0.2339590607462407,-0.23866718525271896,-0.2339590607462407,-0.1273859510596964,-0.2339590607462407,0.0,0.9406878203957387,0.664281166606231,0.5123449956051848,2.606209240924579,1.095433755377548,-0.562964110366889,0.8360077666250121,0.5623853800091944,-0.22298243526032893,0.03943977023170455,194.65
2022-04-10,0.4955119198786495,0.1586701540825043,1.295501412390404,0.7396593242872365,-0.3642550202262599,0.6685106574422852,0.9803279269685851,1.0877291123082495,6.730434143383517,0.717592259000407,0.2865276927402073,-0.845922804938137,0.00926396688479043,-0.16775375245083787,0.4543082409614993,-0.3281793638451944,-0.37076015512233923,0.488238536603978,-0.3473624481919801,0.4514633751518576,0.47519807947794346,-0.4054382835153223,-0.38686855295323636,0.0,0.0,0.6428527355613056,-2.788647165025906,-0.6577302909623012,-0.19710512325607255,1.5250634307907571,0.8266576666664296,0.7880792478055767,0.7285084246356155,0.7821548364960363,0.7794195232361909,0.8631495192677371,0.7136828346210433,0.6675523281009506,1.1108530548418456,0.2695308536675049,0.509124379951432,0.4722943366563181,0.4356571032836329,2.337928891394404,0.0,0.0,-0.23395906074624068,-0.23395906074624068,-0.238667185252719,-0.2339590607462407,-0.23866718525271893,-0.22917462425705282,-0.23866718525271896,-0.22917462425705282,-0.21935622811243694,-0.2339590607462407,-0.23395906074624068,-0.23395906074624065,4.274252071325551,-0.23395906074624068,-0.2339590607462407,-0.2339590607462407,-0.23866718525271896,-0.2339590607462407,-0.1273859510596964,-0.2339590607462407,0.0,1.0827732284761686,0.9443313818241341,0.5595874263254834,1.3042727089664257,2.7014311046924844,0.4124706481734358,0.9656851325896721,0.840224404870663,-0.006394935187886391,0.04117184345065547,197.4
2022-04-17,0.46548626715939445,0.10227211740848784,1.2238651715058133,0.6931065611848328,-0.3645888837701926,0.8870346622817575,0.9814266390345006,1.3380173359937606,8.048829291424516,1.5638729166961742,-0.04821478647084217,-0.24558917025556634,0.7191213209299587,-0.16775375245083787,0.4543082409614993,-0.3281793638451944,-0.37076015512233923,0.488238536603978,-0.34736244819198475,0.4514633751518576,0.47519807947794346,-0.4054382835153223,-0.38686855295323636,0.0,0.0,0.6428527355613056,-2.788647165025906,-0.6577302909623012,-0.19710512325607255,1.5250634307907571,0.8266576666664296,0.7880792478055767,0.7285084246356155,0.7821548364960363,0.7794195232361909,0.8631495192677371,0.7136828346210433,0.6675523281009506,1.1008068540743197,-0.13826269352040416,0.7944920471961454,0.5204239509745444,0.4458309058277391,4.533929839373112,0.0,0.0,-0.23395906074624068,-0.23395906074624068,-0.238667185252719,-0.2339590607462407,-0.23866718525271893,-0.22917462425705282,-0.23866718525271896,-0.22917462425705282,-0.21935622811243694,-0.2339590607462407,-0.23395906074624068,-0.23395906074624065,4.274252071325551,-0.23395906074624068,-0.2339590607462407,-0.2339590607462407,-0.23866718525271896,-0.2339590607462407,-0.1273859510596964,-0.2339590607462407,0.0,1.1175274510310245,1.0863901757319543,0.676556064950221,0.29180240046945594,1.3453817177894687,1.095638512770946,1.0919333327343008,0.9698741203261158,0.5708752557547266,0.052127955838432674,196.6
2022-04-24,0.49209991388782504,0.13200926401842386,1.4120181897328106,0.7151578700228135,-0.528209842259188,0.31503693043051845,1.3010519673009382,1.46128823726171,8.736757084248492,-0.05207039676405557,0.2373008575621113,0.23159910346647433,0.5294357269418066,-0.16775375245083787,0.4543082409614993,-0.3281793638451944,-0.37076015512233923,0.488238536603978,-0.3473624481919801,0.975895338595743,0.47519807947794346,-0.4054382835153223,-0.38686855295323636,0.0,0.0,0.6428527355613056,-2.788647165025906,-0.6577302909623012,-0.19710512325607255,1.5250634307907571,0.8266576666664296,0.7880792478055767,0.7285084246356155,0.7821548364960363,0.7794195232361909,0.8631495192677371,0.7136828346210433,0.6675523281009506,1.1163611249104868,0.09501484260079504,0.1401260579705546,0.5080426029773778,0.374118405389219,2.0696428486714478,0.0,0.0,-0.23395906074624068,-0.23395906074624068,-0.238667185252719,-0.2339590607462407,-0.23866718525271893,-0.22917462425705282,-0.23866718525271896,-0.22917462425705282,-0.21935622811243694,-0.2339590607462407,-0.23395906074624068,-0.23395906074624065,4.274252071325551,-0.23395906074624068,-0.2339590607462407,-0.2339590607462407,-0.23866718525271896,-0.2339590607462407,-0.1273859510596964,-0.2339590607462407,0.0,1.1074673212965531,1.1211378884355137,0.9574335759717886,-0.13093774597806146,0.2908297427943067,2.7015952643183,1.342175670755563,1.096095401146817,0.84860049487379,0.02700490181512375,197.84
2022-05-01,0.49960632706763874,0.13752089032974807,1.3476318816606365,0.8131636870805051,-0.3604735518918559,0.3779629244771502,1.0740264248929412,1.637206273710395,8.898178560444785,-0.1992117868366735,0.8009481203513019,0.23544739599649278,0.07622473791070059,-0.16775375245083787,0.4543082409614993,-0.3281793638451944,-0.37076015512233923,0.488238536603978,-0.34736244819198475,0.975895338595743,0.47519807947794346,-0.4054382835153223,-0.38686855295323636,0.0,0.0,0.6428527355613056,-2.788647165025906,-0.6577302909623012,-0.19710512325607255,1.5250634307907571,0.8266576666664296,0.7880792478055767,0.7285084246356155,0.7821548364960363,0.7794195232361909,0.8631495192677371,0.7136828346210433,0.6675523281009506,1.2298224961176385,0.987167436384243,-0.0022735742033444576,0.36674283671645375,0.34586667843392394,2.9016089797123077,0.0,0.0,-0.23395906074624068,-0.23395906074624068,-0.238667185252719,-0.2339590607462407,-0.23866718525271893,-0.22917462425705282,-0.23866718525271896,-0.22917462425705282,-0.21935622811243694,-0.2339590607462407,-0.23395906074624068,-0.23395906074624065,4.274252071325551,-0.23395906074624068,-0.2339590607462407,-0.2339590607462407,-0.23866718525271896,-0.2339590607462407,-0.1273859510596964,-0.2339590607462407,0.0,1.1230431579892417,1.111079643074905,1.099912025490236,0.11088996430041966,-0.14948090395223718,1.3455801567855854,1.4654239726095089,1.3462843811435692,0.9781971137956182,0.021537756959019612,207.125
2022-05-08,0.5849064768382496,0.1919962666626048,1.474160470982094,0.8829928317341103,-0.3630818608288298,0.34384642168078344,1.2394575029995936,1.7673323801987275,5.225055262714939,-0.5779485009289148,0.46866698289916026,1.2167619911506924,-0.19125244034033956,-0.16775375245083787,0.4543082409614993,-0.3281793638451944,-0.37076015512233923,0.488238536603978,-0.34736244819198475,0.975895338595743,0.47519807947794346,-0.4054382835153223,-0.38686855295323636,0.0,0.0,0.6428527355613056,-2.788647165025906,-0.6577302909623012,-0.19710512325607255,1.5250634307907571,0.8266576666664296,0.7880792478055767,0.7285084246356155,0.7821548364960363,0.7794195232361909,0.8631495192677371,0.7136828346210433,0.6675523281009506,1.304816381590875,0.6366426323220156,0.02719140760896422,0.3502271061771844,0.2770840983917433,2.0393319631991758,0.0,0.0,-0.23395906074624068,-0.23395906074624068,-0.238667185252719,-0.2339590607462407,-0.23866718525271893,-0.22917462425705282,-0.23866718525271896,-0.22917462425705282,-0.21935622811243694,-0.2339590607462407,-0.23395906074624068,-0.23395906074624065,4.274252071325551,-0.23395906074624068,-0.2339590607462407,-0.2339590607462407,-0.23866718525271896,-0.2339590607462407,-0.1273859510596964,-0.2339590607462407,0.0,1.2366618423663867,1.1266525622406505,1.1347623863452498,1.035742063482262,0.1023979781665992,0.29105483965259465,1.6413097577767033,1.469506403328123,1.1043667021582397,0.022669005132144402,213.5
2022-05-15,0.7469767614024102,0.30735588713218376,1.5432074501479645,0.9381211038290618,0.11997695429873066,0.38933509207593886,1.353213045177753,1.8878666749568624,5.0365824058481765,-0.22388046170091916,-0.34357579753941275,0.9602091558162617,-0.6332667102818672,-0.16775375245083787,0.4543082409614993,-0.3281793638451944,-0.37076015512233923,0.488238536603978,-0.34736244819198475,0.975895338595743,0.47519807947794346,-0.4054382835153223,-0.38686855295323636,0.0,0.0,0.6428527355613056,-2.788647165025906,-0.6577302909623012,-0.19710512325607255,1.5250634307907571,0.8266576666664296,0.7880792478055767,0.7285084246356155,0.7821548364960363,0.7794195232361909,0.8631495192677371,0.7136828346210433,0.6675523281009506,1.345042853927619,0.3198337625737384,-0.11471276874029063,0.3675547751800069,0.27820909121581433,1.8266642027058642,0.0,0.0,-0.23395906074624068,-0.23395906074624068,-0.238667185252719,-0.2339590607462407,-0.23866718525271893,-0.22917462425705282,-0.23866718525271896,-0.22917462425705282,-0.21935622811243694,-0.2339590607462407,-0.23395906074624068,-0.23395906074624065,4.274252071325551,-0.23395906074624068,-0.2339590607462407,-0.2339590607462407,-0.23866718525271896,-0.2339590607462407,-0.1273859510596964,-0.2339590607462407,0.0,1.3117597061868649,1.240249964578221,1.1246744279413121,0.6723696952224169,1.0656900367934743,-0.14924467654674833,1.7714120080773799,1.6453546851770937,1.3544532201669948,0.01722088229682626,217.0
2022-05-22,0.6655151183714768,0.2631346992855118,1.5470913427260446,0.9411837856121146,-0.30969847125209804,0.8823520050351971,1.2685900198988784,1.847756398384711,3.6909731588013153,-0.10779257998682208,-0.5404831382517948,0.5433107983978095,-0.14258696194445952,-0.16775375245083787,0.4543082409614993,-0.3281793638451944,-0.37076015512233923,0.488238536603978,-0.34736244819198475,1.1191804323176169,0.47519807947794346,-0.4054382835153223,-0.38686855295323636,0.0,0.0,0.6428527355613056,-2.788647165025906,-0.6577302909623012,-0.19710512325607255,1.5250634307907571,0.8266576666664296,0.7880792478055767,0.7285084246356155,0.7821548364960363,0.7794195232361909,0.8631495192677371,0.7136828346210433,0.6675523281009506,1.3564170051845004,0.05692460695032755,-0.09878599749867058,-0.09263487429816916,0.27160793584299825,-0.7682611335181292,0.0,0.0,-0.23395906074624068,-0.23395906074624068,-0.238667185252719,-0.2339590607462407,-0.23866718525271893,-0.22917462425705282,-0.23866718525271896,-0.22917462425705282,-0.21935622811243694,-0.2339590607462407,-0.23395906074624068,-0.23395906074624065,4.274252071325551,-0.23395906074624068,-0.2339590607462407,-0.2339590607462407,-0.23866718525271896,-0.2339590607462407,-0.1273859510596964,-0.2339590607462407,0.0,1.3520419521654536,1.3153337617359975,1.1402933510376978,0.34394903011673295,0.6872146924883669,0.10262783836337519,1.8919242051271274,1.7754291943724272,1.4776247782049734,0.017832358352899463,218.0
2022-05-29,0.6558762014473978,0.2630065219294344,1.4845175178569745,0.8940184861531006,-0.3296723214672356,1.156398945798168,1.27108709277596,1.8564444406256129,3.1153728111045775,-0.3864034961006549,-0.4912563030736989,0.6318215265881899,0.015411185208480574,-0.16775375245083787,0.4543082409614993,-0.3281793638451944,-0.37076015512233923,0.488238536603978,-0.3473624481919801,1.1191804323176169,0.47519807947794346,-0.4054382835153223,-0.38686855295323636,0.0,0.0,0.6428527355613056,-2.788647165025906,-0.6577302909623012,-0.19710512325607255,1.5250634307907571,0.8266576666664296,0.7880792478055767,0.7285084246356155,0.7821548364960363,0.7794195232361909,0.8631495192677371,0.7136828346210433,0.6675523281009506,1.3677391006473159,0.056450262275412756,-0.24480116298208093,-0.24028681150540776,0.19626652968946928,0.015420531461634314,0.0,0.0,-0.23395906074624068,-0.23395906074624068,-0.238667185252719,-0.2339590607462407,-0.23866718525271893,-0.22917462425705282,-0.23866718525271896,-0.22917462425705282,-0.21935622811243694,-0.2339590607462407,-0.23395906074624068,-0.23395906074624065,4.274252071325551,-0.23395906074624068,-0.2339590607462407,-0.2339590607462407,-0.23866718525271896,-0.2339590607462407,-0.1273859510596964,-0.2339590607462407,0.0,1.363431873580682,1.3556084624031985,1.2542263312436444,0.0714036313063391,0.3451437615091003,1.0658955460739006,1.851821282023935,1.8959156951598448,1.6534010434345692,0.012226402433638723,219.0
2022-06-05,0.7872384320941384,0.34222012798521206,1.5825642282725112,0.9626225580934846,-0.2979645587809647,1.5354711990911303,1.2927283910439997,1.8722722604725686,2.7914521565979706,-0.41426458771203817,-0.8653802504272238,0.339351294306936,-0.4819280496462581,-0.16775375245083787,0.4543082409614993,-0.3281793638451944,-0.37076015512233923,0.488238536603978,-0.3473624481919801,1.1191804323176169,0.47519807947794346,-0.4054382835153223,-0.38686855295323636,0.0,0.0,0.6428527355613056,-2.788647165025906,-0.6577302909623012,-0.19710512325607255,1.5250634307907571,0.8266576666664296,0.7880792478055767,0.7285084246356155,0.7821548364960363,0.7794195232361909,0.8631495192677371,0.7136828346210433,0.6675523281009506,1.3767596158032656,0.03547771960189006,-0.4067195644725018,-0.22681907154070086,0.21845920801102178,0.12973775262983006,0.0,0.0,-0.23395906074624068,-0.23395906074624068,-0.238667185252719,-0.2339590607462407,-0.23866718525271893,-0.22917462425705282,-0.23866718525271896,-0.22917462425705282,-0.21935622811243694,-0.2339590607462407,-0.23395906074624068,-0.23395906074624065,4.274252071325551,-0.23395906074624068,-0.2339590607462407,-0.2339590607462407,-0.23866718525271896,-0.2339590607462407,-0.1273859510596964,-0.2339590607462407,0.0,1.3747696670269545,1.3669962503598359,1.3295319333026006,0.07091190077572411,0.06127046055470973,0.6874297691906016,1.8605077314747993,1.855821323018775,1.783422282126941,0.00600987404586936,219.8
2022-06-12,0.8732209830629144,0.4173320586465157,1.8205346419676829,1.1436148007447762,-0.19408662668125193,1.0689893438623792,1.5011507405177393,1.8711167611926052,1.4205892759454892,-0.5814311373803378,-0.11713235572017408,0.6164283564681217,-0.6496592924783741,-0.16775375245083787,0.4543082409614993,-0.3281793638451944,-0.37076015512233923,0.488238536603978,-0.3473624481919801,1.1191804323176169,0.47519807947794346,-0.4054382835153223,-0.38686855295323636,0.0,0.0,0.6428527355613056,-2.788647165025906,-0.6577302909623012,-0.19710512325607255,1.5250634307907571,0.8266576666664296,0.7880792478055767,0.7285084246356155,0.7821548364960363,0.7794195232361909,0.8631495192677371,0.7136828346210433,0.6675523281009506,1.5011449555967822,1.0867092149866726,0.03600250080326981,-0.14989581212719874,0.22371609488748812,-0.14301510759399902,0.0,0.0,-0.23395906074624068,-0.23395906074624068,-0.238667185252719,-0.2339590607462407,-0.23866718525271893,-0.22917462425705282,-0.23866718525271896,-0.22917462425705282,-0.21935622811243694,-0.2339590607462407,-0.23395906074624068,-0.23395906074624065,4.274252071325551,-0.23395906074624068,-0.2339590607462407,-0.2339590607462407,-0.23866718525271896,-0.2339590607462407,-0.1273859510596964,-0.2339590607462407,0.0,1.3838026890459807,1.3783319201116637,1.3699256093857994,0.04917066474509017,0.06075829205171899,0.34536748537140594,1.8763326495870407,1.8645059202979148,1.9038594390687678,0.023007289171916884,231.13400000000001
2022-06-19,0.40364365857570156,1.7990198684818783,0.3543047776356318,1.5139052790429997,1.7477935806537117,0.35783864750086186,1.6140184345618256,1.8345830989507477,0.7160886026708728,-0.10779257998682223,-0.0974416216489364,0.6202766489981401,-0.5509378934467316,-0.16775375245083787,0.4543082409614993,-0.3281793638451944,-0.37076015512233923,0.488238536603978,-0.34736244819198475,1.239105369530821,0.47519807947794346,-0.4054382835153223,-0.38686855295323636,0.0,0.0,0.6428527355613056,-2.788647165025906,-0.6577302909623012,-0.19710512325607255,1.5250634307907571,0.8266576666664296,0.7880792478055767,0.7285084246356155,0.7821548364960363,0.7794195232361909,0.8631495192677371,0.7136828346210433,0.6675523281009506,1.6570350321089287,1.373787807586071,0.2383531344471924,-0.0328148768424872,-0.0679905247567473,-0.712701482541422,0.0,0.0,-0.23395906074624068,-0.23395906074624068,-0.238667185252719,-0.2339590607462407,-0.23866718525271893,-0.22917462425705282,-0.23866718525271896,-0.22917462425705282,-0.21935622811243694,-0.2339590607462407,-0.23395906074624068,-0.23395906074624065,4.274252071325551,-0.23395906074624068,-0.2339590607462407,-0.2339590607462407,-0.23866718525271896,-0.2339590607462407,-0.1273859510596964,-0.2339590607462407,0.0,1.5083604879936165,1.3873632501454927,1.3813470379849986,1.1389322840098248,0.0381134172316594,0.06150136040787244,1.875177362146257,1.8803274641355423,1.8637814871116607,0.03077613104999695,246.16750000000002
2022-06-26,0.9090470459665708,3.1120366597988225,-1.5831103033967158,1.8645823432025523,2.7737284291967663,-0.44127910999246345,1.5474298245063178,1.8643990095729535,0.15252220577964715,-0.5605353186718003,-0.1860499249695095,0.5394625058677911,-0.4236758379122422,-0.16775375245083787,0.4543082409614993,-0.3281793638451944,-0.37076015512233923,0.488238536603978,-0.3473624481919801,1.2790803486018893,0.47519807947794346,-0.4054382835153223,-0.38686855295323636,0.0,0.0,0.6428527355613056,-2.788647165025906,-0.6577302909623012,-0.19710512325607255,1.5250634307907571,0.8266576666664296,0.7880792478055767,0.7285084246356155,0.7821548364960363,0.7794195232361909,0.8631495192677371,0.7136828346210433,0.6675523281009506,0.9443324274827749,-6.541033594361059,3.7478254829284907,2.5122799224727603,1.966380527558208,0.35591112600322644,0.0,0.0,-0.23395906074624068,-0.23395906074624068,-0.238667185252719,-0.2339590607462407,-0.23866718525271893,-0.22917462425705282,-0.23866718525271896,-0.22917462425705282,-0.21935622811243694,-0.2339590607462407,-0.23395906074624068,-0.23395906074624065,4.274252071325551,-0.23395906074624068,-0.2339590607462407,-0.2339590607462407,-0.23866718525271896,-0.2339590607462407,-0.1273859510596964,-0.2339590607462407,0.0,1.6644667046937909,1.5118977180360844,1.3927161944170998,1.436532986900533,1.1731691894602545,0.06098920485191294,1.8386503976680204,1.879172423031394,1.8724625277149543,0.16551519887433125,184.55
2022-07-03,1.7620485436726796,4.479528827448624,0.9929030261959766,-1.2045310715947204,2.256008086417865,2.4427917865317554,1.8576661587549295,1.8686639250348915,-0.2197379809392302,-0.5675005915746462,0.5129711345594442,0.77036005766878,-0.5688672802241612,-0.16775375245083787,0.4543082409614993,-0.3281793638451944,-0.37076015512233923,0.488238536603978,-0.3473624481919801,1.2790803486018893,0.47519807947794346,-0.4054382835153223,-0.38686855295323636,0.0,0.0,0.6428527355613056,-2.788647165025906,-0.6577302909623012,-0.19710512325607255,1.5250634307907571,0.8266576666664296,0.7880792478055767,0.7285084246356155,0.7821548364960363,0.7794195232361909,0.8631495192677371,0.7136828346210433,0.6675523281009506,1.220188950102282,2.4669503632752647,4.214173981710438,2.7395008425999254,2.1429236536560112,-0.05601374279081118,0.0,0.0,-0.23395906074624068,-0.23395906074624068,-0.238667185252719,-0.2339590607462407,-0.23866718525271893,-0.22917462425705282,-0.23866718525271896,-0.22917462425705282,-0.21935622811243694,-0.2339590607462407,-0.23395906074624068,-0.23395906074624065,4.274252071325551,-0.23395906074624068,-0.2339590607462407,-0.2339590607462407,-0.23866718525271896,-0.2339590607462407,-0.1273859510596964,-0.2339590607462407,0.0,0.9507759443208548,1.6679746943107088,1.4017742038856604,-6.768385363666932,1.4831391770831397,0.038344902468268195,1.8684608421007112,1.842653247030045,1.8882775920232484,0.18341970296149093,206.32
2022-07-10,1.8473486934432903,4.441876729100914,0.9105645035406759,-1.207287485199468,2.7001161547532817,2.281351603364635,1.8254372714880631,1.845864958538424,-0.22243176947108106,-0.6563078210859303,0.4932804004882065,0.9473815140495381,-0.6936411759609665,-0.16775375245083787,0.4543082409614993,-0.3281793638451944,-0.37076015512233923,0.488238536603978,-0.34736244819198475,1.279080348601889,0.47519807947794346,-0.4054382835153223,-0.38686855295323636,0.0,0.0,0.6428527355613056,-2.788647165025906,-0.6577302909623012,-0.19710512325607255,1.5250634307907571,0.8266576666664296,0.7880792478055767,0.7285084246356155,0.7821548364960363,0.7794195232361909,0.8631495192677371,0.7136828346210433,0.6675523281009506,1.161709102513914,-0.5796015083139784,4.077933739456398,2.735354162007149,2.1520131338701494,-0.4912216200575269,0.0,0.0,-0.23395906074624068,-0.23395906074624068,-0.238667185252719,-0.2339590607462407,-0.23866718525271893,-0.22917462425705282,-0.23866718525271896,-0.22917462425705282,-0.21935622811243694,-0.2339590607462407,-0.23395906074624068,-0.23395906074624065,4.274252071325551,-0.23395906074624068,-0.2339590607462407,-0.2339590607462407,-0.23866718525271896,-0.2339590607462407,-0.1273859510596964,-0.2339590607462407,0.0,1.2270149395261845,0.9544176161317653,1.5266765588090019,2.569762539132874,-7.06280313712633,1.1733719817912027,1.8727249756701732,1.8724573351185723,1.8871230239527554,0.17818903537996272,201.5
2022-07-17,0.6648753672481973,0.39868225333726715,0.8917923560799548,-1.2215289554906636,3.638527747855658,3.4118788528912924,1.801923168562212,1.8721626197647907,-0.18575058564191368,-0.46040952069339164,0.2594529333922533,0.13924008274608096,-0.7104728451805942,-0.16775375245083787,0.4543082409614993,-0.3281793638451944,-0.37076015512233923,0.488238536603978,-0.34736244819198475,1.279080348601889,0.47519807947794346,-0.4054382835153223,-0.38686855295323636,0.0,0.0,0.6428527355613056,-2.788647165025906,-0.6577302909623012,-0.19710512325607255,1.5250634307907571,0.8266576666664296,0.7880792478055767,0.7285084246356155,0.7821548364960363,0.7794195232361909,0.8631495192677371,0.7136828346210433,0.6675523281009506,1.1288029400218573,-0.3465680571666813,3.8150374945770773,2.731708551194958,2.15458793781852,0.29837660538519717,0.0,0.0,-0.23395906074624068,-0.23395906074624068,-0.238667185252719,-0.2339590607462407,-0.23866718525271893,-0.22917462425705282,-0.23866718525271896,-0.22917462425705282,-0.21935622811243694,-0.2339590607462407,-0.23395906074624068,-0.23395906074624065,4.274252071325551,-0.23395906074624068,-0.2339590607462407,-0.2339590607462407,-0.23866718525271896,-0.2339590607462407,-0.1273859510596964,-0.2339590607462407,0.0,1.1684540101554708,1.2306048687099014,1.6832146017798977,-0.5884526735324157,2.663469555564629,1.483334133728979,1.8499301889377653,1.876720559466416,1.8506188039553566,0.16809566764481404,198.8375
2022-07-24,1.0807135973799251,1.3151503492900334,0.8630947053641399,-1.2402113143672862,1.4997144195370857,3.2268023998129642,1.7851511624044814,1.8600823833364342,-0.264669612411152,0.2683321567668521,0.9363219170910633,0.5394625058677911,-0.4453374643861978,-0.16775375245083787,0.4543082409614993,-0.3281793638451944,-0.37076015512233923,0.488238536603978,-0.3473624481919801,1.2790803486018893,0.47519807947794346,-0.4054382835153223,-0.38686855295323636,0.0,0.0,0.6428527355613056,-2.788647165025906,-0.6577302909623012,-0.19710512325607255,1.5250634307907571,0.8266576666664296,0.7880792478055767,0.7285084246356155,0.7821548364960363,0.7794195232361909,0.8631495192677371,0.7136828346210433,0.6675523281009506,1.1018133119967641,-0.2926551994586117,1.1028820723095212,2.726836904862664,2.1238763743236646,-0.318441890147274,0.0,0.0,-0.23395906074624068,-0.23395906074624068,-0.238667185252719,-0.2339590607462407,-0.23866718525271893,-0.22917462425705282,-0.23866718525271896,-0.22917462425705282,-0.21935622811243694,-0.2339590607462407,-0.23395906074624068,-0.23395906074624065,4.274252071325551,-0.23395906074624068,-0.2339590607462407,-0.2339590607462407,-0.23866718525271896,-0.2339590607462407,-0.1273859510596964,-0.2339590607462407,0.0,1.135502223565284,1.1720549084506788,0.9675496060048434,-0.34687799452018336,-0.6260116885028014,-7.062392148878695,1.8762230289798358,1.853930633161699,1.880410686126117,0.06396796492928097,196.68
2022-07-31,0.862984965090441,0.8912037440643308,0.7671194043235804,-1.2540240092088546,2.1231582178946624,3.150764965475964,1.717896666248418,1.8469914010937112,-0.16464566441771802,0.6444568935205263,0.1585379212771588,-0.030084788574642977,0.009849416248951486,-0.16775375245083787,0.4543082409614993,-0.3281793638451944,-0.37076015512233923,0.488238536603978,-0.3473624481919801,1.2790803486018893,0.47519807947794346,-0.4054382835153223,-0.38686855295323636,0.0,0.0,0.6428527355613056,-2.788647165025906,-0.6577302909623012,-0.19710512325607255,1.5250634307907571,0.8266576666664296,0.7880792478055767,0.7285084246356155,0.7821548364960363,0.7794195232361909,0.8631495192677371,0.7136828346210433,0.6675523281009506,1.0360434030454668,-0.6460302670979049,-0.36354154929571425,2.722889125036443,2.1102282560538503,-0.3352268132745104,0.0,0.0,-0.23395906074624068,-0.23395906074624068,-0.238667185252719,-0.2339590607462407,-0.23866718525271893,-0.22917462425705282,-0.23866718525271896,-0.22917462425705282,-0.21935622811243694,-0.2339590607462407,-0.23395906074624068,-0.23395906074624065,4.274252071325551,-0.23395906074624068,-0.2339590607462407,-0.2339590607462407,-0.23866718525271896,-0.2339590607462407,-0.1273859510596964,-0.2339590607462407,0.0,1.1084751746638486,1.1391092940955438,1.2445527428161185,-0.2909891028982384,-0.37439635447946845,2.6636346748147854,1.8641450072368713,1.880217866902236,1.8846721645199946,0.0076676063023844755,191.52
2022-08-07,1.7684460549054752,0.5842189762591732,0.8126904105730547,-1.2804855798144312,2.8467147094953775,3.1766310721712485,1.7498591990750616,1.8621949397598354,-0.19115792459492598,0.348432795149579,-1.4167208044218913,-0.18401648977530408,0.20012045960126457,-0.16775375245083787,0.4543082409614993,-0.3281793638451944,-0.37076015512233923,0.488238536603978,-0.3473624481919801,1.2790803486018893,0.47519807947794346,-0.4054382835153223,-0.38686855295323636,0.0,0.0,0.6428527355613056,-2.788647165025906,-0.6577302909623012,-0.19710512325607255,1.5250634307907571,0.8266576666664296,0.7880792478055767,0.7285084246356155,0.7821548364960363,0.7794195232361909,0.8631495192677371,0.7136828346210433,0.6675523281009506,0.9885727863517217,-0.47928279944626556,-0.3812647574444586,2.634421780449941,2.1011731077213334,0.12021233315810498,0.0,0.0,-0.23395906074624068,-0.23395906074624068,-0.238667185252719,-0.2339590607462407,-0.23866718525271893,-0.22917462425705282,-0.23866718525271896,-0.22917462425705282,-0.21935622811243694,-0.2339590607462407,-0.23395906074624068,-0.23395906074624065,4.274252071325551,-0.23395906074624068,-0.2339590607462407,-0.2339590607462407,-0.23866718525271896,-0.2339590607462407,-0.1273859510596964,-0.2339590607462407,0.0,1.0426140763257388,1.112087307660088,1.1858298202315876,-0.6573162036453722,-0.3161845328135999,-0.6257634149466476,1.8510564249808796,1.86814242050038,1.8618915715646343,0.0069871596973978736,187.88
2022-08-14,1.8118069643722023,0.21549544861011158,0.8881242353117683,-1.2731351435351044,2.8371006759617616,3.1075061318648847,2.06806951937782,1.882555547484217,-0.1788060593284531,-0.6911341856001594,0.09946571906344398,0.23544739599649278,-0.06903988557173849,-0.16775375245083787,0.4543082409614993,-0.3281793638451944,-0.37076015512233923,0.488238536603978,-0.34736244819198475,1.279080348601889,0.47519807947794346,-0.4054382835153223,-0.38686855295323636,0.0,0.0,0.6428527355613056,-2.788647165025906,-0.6577302909623012,-0.19710512325607255,1.5250634307907571,0.8266576666664296,0.7880792478055767,0.7285084246356155,0.7821548364960363,0.7794195232361909,0.8631495192677371,0.7136828346210433,0.6675523281009506,1.4803578767417789,4.434542407963497,2.2766225013595296,3.273579266060603,2.6311809983091434,0.2019928864388093,0.0,0.0,-0.23395906074624068,-0.23395906074624068,-0.238667185252719,-0.2339590607462407,-0.23866718525271893,-0.22917462425705282,-0.23866718525271896,-0.22917462425705282,-0.21935622811243694,-0.2339590607462407,-0.23395906074624068,-0.23395906074624065,4.274252071325551,-0.23395906074624068,-0.2339590607462407,-0.2339590607462407,-0.23866718525271896,-0.2339590607462407,-0.1273859510596964,-0.2339590607462407,0.0,0.9950776420491972,1.0462385458360728,1.1527868813002728,-0.48445704640538556,-0.6977374182119156,-0.37415444146983445,1.8662571763625668,1.8550566290626742,1.8881680396742149,0.10903134642204873,229.2
2022-08-21,0.7633543901583674,0.20404493813387192,1.4920436385860545,0.5383798775050019,0.35507253315130866,1.6945923520028117,1.4961565947635764,1.8881017931369788,-0.12825846525122134,-0.5431221364146858,0.9264765500554462,0.2931717839467393,-0.5592073657155053,-0.16775375245083787,0.4543082409614993,-0.3281793638451944,-0.37076015512233923,0.488238536603978,-0.3473624481919801,1.2790803486018893,0.47519807947794346,-0.4054382835153223,-0.38686855295323636,0.0,0.0,0.6428527355613056,-2.788647165025906,-0.6577302909623012,-0.19710512325607255,1.5250634307907571,0.8266576666664296,0.7880792478055767,0.7285084246356155,0.7821548364960363,0.7794195232361909,0.8631495192677371,0.7136828346210433,0.6675523281009506,1.3641216647396968,-1.1058911249398597,2.443953997945581,1.7652535486312213,2.659614745879654,-0.03579259396150008,0.0,0.0,-0.23395906074624068,-0.23395906074624068,-0.238667185252719,-0.2339590607462407,-0.23866718525271893,-0.22917462425705282,-0.23866718525271896,-0.22917462425705282,-0.21935622811243694,-0.2339590607462407,-0.23395906074624068,-0.23395906074624065,4.274252071325551,-0.23395906074624068,-0.2339590607462407,-0.2339590607462407,-0.23866718525271896,-0.2339590607462407,-0.1273859510596964,-0.2339590607462407,0.0,1.4875445880408706,0.9987110156608333,1.1256850692665137,4.6094714919996385,-0.5176936538332462,-0.31594409133192797,1.8866140513503613,1.870254139257953,1.8760975386310406,0.115455699609334,218.68
2022-08-28,0.503700734256628,0.1927653307990687,1.5728976511892883,0.9567422090700229,-0.32918543713233395,0.7867812004696894,1.397605451881425,1.9027007888043679,-0.06438214947894284,-0.13565367159820546,-0.10728698868455525,0.1700264229862121,-0.6373648558309938,-0.16775375245083787,0.4543082409614993,-0.3281793638451944,-0.37076015512233923,0.488238536603978,-0.3473624481919801,1.2790803486018893,0.47519807947794346,-0.4054382835153223,-0.38686855295323636,0.0,0.0,0.6428527355613056,-2.788647165025906,-0.6577302909623012,-0.19710512325607255,1.5250634307907571,0.8266576666664296,0.7880792478055767,0.7285084246356155,0.7821548364960363,0.7794195232361909,0.8631495192677371,0.7136828346210433,0.6675523281009506,1.4346046181075656,0.5955379548988701,2.3064538759431836,1.5446816231510616,2.6685041645788354,0.10848246940753835,0.0,0.0,-0.23395906074624068,-0.23395906074624068,-0.238667185252719,-0.2339590607462407,-0.23866718525271893,-0.22917462425705282,-0.23866718525271896,-0.22917462425705282,-0.21935622811243694,-0.2339590607462407,-0.23395906074624068,-0.23395906074624065,4.274252071325551,-0.23395906074624068,-0.2339590607462407,-0.2339590607462407,-0.23866718525271896,-0.2339590607462407,-0.1273859510596964,-0.2339590607462407,0.0,1.3711472155770075,1.4910857171322405,1.0596417837414862,-1.1340320509905724,4.787955663067502,-0.6974873315117328,1.8921592802027232,1.8906066736427818,1.8630171063270793,0.11017666150198074,225.0
2022-09-04,0.5886596834281564,0.2191698661509946,1.5601930070227688,0.9582122963258887,-0.32974187637222163,1.3615439299331829,1.397605451881425,1.8658752135306056,-0.1686733782813912,1.4315327315421034,-0.6389368086079851,-0.38412770133616186,0.0350237389078728,-0.16775375245083787,0.4543082409614993,-0.3281793638451944,-0.37076015512233923,0.488238536603978,-0.3473624481919801,1.2790803486018893,0.47519807947794346,-0.4054382835153223,-0.38686855295323636,0.0,0.0,-0.3848957784887327,-1.882901297256751,-0.4449702888890398,-0.19710512325607255,1.5250634307907571,0.8266576666664296,0.7880792478055767,0.7285084246356155,0.7821548364960363,0.7794195232361909,0.8631495192677371,0.7136828346210433,0.6675523281009506,1.4346046181075656,-0.04671934233896527,2.226296088382452,1.5150295667593845,2.638395453649583,-0.7135046562842149,0.0,0.0,-0.23395906074624068,-0.23395906074624068,-0.238667185252719,-0.2339590607462407,-0.23866718525271893,-0.22917462425705282,-0.23866718525271896,-0.22917462425705282,-0.21935622811243694,-0.2339590607462407,-0.23395906074624068,-0.23395906074624065,-0.2339590607462407,-0.23395906074624068,-0.2339590607462407,4.274252071325551,-0.23866718525271896,-0.2339590607462407,-0.1273859510596964,-0.2339590607462407,0.0,1.4417278929253536,1.3747101471870449,1.0119738525805095,0.6297584340257518,-1.194267177267934,-0.5174481184325435,1.9067555994173264,1.8961507201114618,1.8782083925587476,0.107099165940727,225.0
2022-09-11,0.5965072972070525,0.21993893028745828,1.5570168459811387,0.9435114237672347,-0.33152711893352815,1.4390530565476733,1.397605451881425,1.8616632322842877,-0.1389686936413586,-0.28888967546081334,-0.5700192393586532,-0.014691618454580148,0.45186368619047895,-0.16775375245083787,0.4543082409614993,-0.3281793638451944,-0.37076015512233923,0.488238536603978,-0.3473624481919801,1.2790803486018893,0.47519807947794346,-0.4054382835153223,-0.38686855295323636,0.0,0.0,-0.3848957784887327,-1.882901297256751,-0.4449702888890398,-0.19710512325607255,1.5250634307907571,0.8266576666664296,0.7880792478055767,0.7285084246356155,0.7821548364960363,0.7794195232361909,0.8631495192677371,0.7136828346210433,0.6675523281009506,1.4346046181075656,-0.04671934233896527,0.2512749772257332,1.5001740169295026,2.5834334770518477,-0.19214434901533842,0.0,0.0,-0.23395906074624068,-0.23395906074624068,-0.238667185252719,-0.2339590607462407,-0.23866718525271893,-0.22917462425705282,-0.23866718525271896,-0.22917462425705282,-0.21935622811243694,-0.2339590607462407,-0.23395906074624068,-0.23395906074624065,-0.2339590607462407,-0.23395906074624068,-0.2339590607462407,4.274252071325551,-0.23866718525271896,-0.2339590607462407,-0.1273859510596964,-0.2339590607462407,0.0,1.4417278929253536,1.4452776039918094,1.5058030772132034,-0.036039114178707164,0.6428323641624273,4.78806707775005,1.8699367754239795,1.9107439270199518,1.8985525917997428,0.031272238976679044,225.0
2022-09-18,0.5920716894189807,0.25326504286755896,1.5694453022309949,0.9500043091473065,-0.3204447040724305,1.1456957292346022,1.397605451881425,1.8903395483600378,-0.15254231193227888,-0.6162575018945669,0.27668232570458845,0.016094721785553715,-0.27058082918415016,-0.16775375245083787,0.4543082409614993,-0.3281793638451944,-0.37076015512233923,0.488238536603978,-0.3473624481919801,1.2790803486018893,0.47519807947794346,-0.4054382835153223,-0.38686855295323636,0.0,0.0,-0.3848957784887327,-1.882901297256751,-0.4449702888890398,-0.19710512325607255,1.5250634307907571,0.8266576666664296,0.7880792478055767,0.7285084246356155,0.7821548364960363,0.7794195232361909,0.8631495192677371,0.7136828346210433,0.6675523281009506,1.4346046181075656,-0.04671934233896527,-0.19221180684560138,1.487730852838959,1.3066248423797089,0.3349846901499109,0.0,0.0,-0.23395906074624068,-0.23395906074624068,-0.238667185252719,-0.2339590607462407,-0.23866718525271893,-0.22917462425705282,-0.23866718525271896,-0.22917462425705282,-0.21935622811243694,-0.2339590607462407,-0.23395906074624068,-0.23395906074624065,-0.2339590607462407,-0.23395906074624068,-0.2339590607462407,4.274252071325551,-0.23866718525271896,-0.2339590607462407,-0.1273859510596964,-0.2339590607462407,0.0,1.4417278929253536,1.4452776039918094,1.3890837224200305,-0.036039114178707164,-0.05063796628929307,-1.194004538865991,1.8657255663656394,1.8739329537353564,1.9040943677686482,0.014245464024586303,225.0
2022-09-25,0.5715996534740343,0.20250680986094433,1.502469732440101,0.9018589515177161,-0.33277910722327564,1.0663135397214876,1.397605451881425,1.888475839843968,-0.17750072229822367,-0.6650144122144875,0.6508062730581116,0.3855308046671327,-0.8068524467555929,-0.16775375245083787,0.4543082409614993,-0.3281793638451944,-0.37076015512233923,0.488238536603978,-0.3473624481919801,1.2790803486018893,0.47519807947794346,-0.4054382835153223,-0.38686855295323636,0.0,0.0,-0.3848957784887327,-1.882901297256751,-0.4449702888890398,-0.19710512325607255,1.5250634307907571,0.8266576666664296,0.7880792478055767,0.7285084246356155,0.7821548364960363,0.7794195232361909,0.8631495192677371,0.7136828346210433,0.6675523281009506,1.4125163147538136,-0.24799317288502404,-0.4469758582550473,1.454097658585244,1.1107698114481601,-0.1542621090400936,0.0,0.0,-0.23395906074624068,-0.23395906074624068,-0.238667185252719,-0.2339590607462407,-0.23866718525271893,-0.22917462425705282,-0.23866718525271896,-0.22917462425705282,-0.21935622811243694,-0.2339590607462407,-0.23395906074624068,-0.23395906074624065,-0.2339590607462407,-0.23395906074624068,-0.2339590607462407,4.274252071325551,-0.23866718525271896,-0.2339590607462407,-0.1273859510596964,-0.2339590607462407,0.0,1.4417278929253536,1.4452776039918094,1.4598596424136,-0.036039114178707164,-0.05063796628929307,0.6430485627989236,1.8943966251752187,1.8697226426137838,1.9186815981989132,0.004464315352218453,223.0
2022-10-02,0.5538572223217472,0.15969557293112258,1.5031602022317596,0.911659533223485,-0.3388071989887264,0.7889218437824026,1.3476639943397941,1.8962928124557896,-0.17648746390168618,-0.44560831577484433,0.837868246734873,0.2931717839467393,-0.5764781219582537,-0.16775375245083787,0.4543082409614993,-0.3281793638451944,-0.37076015512233923,0.488238536603978,-0.3473624481919801,1.2790803486018893,0.47519807947794346,-0.4054382835153223,-0.38686855295323636,0.0,0.0,-0.3848957784887327,-1.882901297256751,-0.4449702888890398,-0.19710512325607255,1.5250634307907571,0.8266576666664296,0.7880792478055767,0.7285084246356155,0.7821548364960363,0.7794195232361909,0.8631495192677371,0.7136828346210433,0.6675523281009506,1.3677391006473159,-0.4547398797273606,-0.3378397177698554,1.451885929170556,1.1041927048708793,0.00033525596886312543,0.0,0.0,-0.23395906074624068,-0.23395906074624068,-0.238667185252719,-0.2339590607462407,-0.23866718525271893,-0.22917462425705282,-0.23866718525271896,-0.22917462425705282,-0.21935622811243694,-0.2339590607462407,-0.23395906074624068,-0.23395906074624065,-0.2339590607462407,-0.23395906074624068,-0.2339590607462407,4.274252071325551,-0.23866718525271896,-0.2339590607462407,-0.1273859510596964,-0.2339590607462407,0.0,1.419608964337803,1.4452776039918094,1.4598596424136,-0.2446901072800921,-0.05063796628929307,-0.050404237519690635,1.8925332583352452,1.8983875880251637,1.8818857004204526,0.0086543759581337,219.0
2022-10-09,0.5617048361006435,0.1532867051272571,1.516969598064934,0.911659533223485,-0.3425167939213115,1.6865649395801368,1.397605451881425,1.9041451832950054,-0.1960282127166025,-0.5257089541575712,0.1585379212771588,0.1546332528661438,-0.4090396038082181,-0.16775375245083787,0.4543082409614993,-0.3281793638451944,-0.37076015512233923,0.488238536603978,-0.3473624481919801,1.2790803486018893,0.47519807947794346,-0.4054382835153223,-0.38686855295323636,0.0,0.0,-0.3848957784887327,-1.882901297256751,-0.4449702888890398,-0.19710512325607255,1.5250634307907571,0.8266576666664296,0.7880792478055767,0.7285084246356155,0.7821548364960363,0.7794195232361909,0.8631495192677371,0.7136828346210433,0.6675523281009506,1.3745075687287003,0.014956535425433992,-0.31740322135256227,-0.0931128640408262,1.0952546021525755,0.0006958027874694689,0.0,0.0,-0.23395906074624068,-0.23395906074624068,-0.238667185252719,-0.2339590607462407,-0.23866718525271893,-0.22917462425705282,-0.23866718525271896,-0.22917462425705282,-0.21935622811243694,-0.2339590607462407,-0.23395906074624068,-0.23395906074624065,-0.2339590607462407,-0.23395906074624068,-0.2339590607462407,4.274252071325551,-0.23866718525271896,-0.2339590607462407,-0.1273859510596964,-0.2339590607462407,0.0,1.3747696670269545,1.423162818524874,1.4598596424136,-0.4590145705551272,-0.2679611954380182,-0.050404237519690635,1.9003487978513525,1.896524618502344,1.8776771135828498,0.009438993759169524,219.6
2022-10-16,0.5511276175290879,0.14021261480737168,1.4921126855652207,0.9194999985881006,-0.3472928973970147,1.8076004802197956,1.397605451881425,1.945054849445143,0.03371848037376589,0.8952067180229757,0.09946571906344398,-0.33794819097596246,0.04673272619109214,-0.16775375245083787,0.4543082409614993,-0.3281793638451944,-0.37076015512233923,0.488238536603978,-0.3473624481919801,1.2790803486018893,0.47519807947794346,-0.4054382835153223,-0.38686855295323636,0.0,0.0,-0.3848957784887327,-1.882901297256751,-0.4449702888890398,-0.19710512325607255,1.5250634307907571,0.8266576666664296,0.7880792478055767,0.7285084246356155,0.7821548364960363,0.7794195232361909,0.8631495192677371,0.7136828346210433,0.6675523281009506,1.379009614631013,-0.0056956380942147,-0.30634364766137073,-0.3259422110779207,1.0878743468345644,0.5243927640541263,0.0,0.0,-0.23395906074624068,-0.23395906074624068,-0.238667185252719,-0.2339590607462407,-0.23866718525271893,-0.22917462425705282,-0.23866718525271896,-0.22917462425705282,-0.21935622811243694,-0.2339590607462407,-0.23395906074624068,-0.23395906074624065,-0.2339590607462407,-0.23395906074624068,-0.2339590607462407,4.274252071325551,-0.23866718525271896,-0.2339590607462407,-0.1273859510596964,-0.2339590607462407,0.0,1.3815475195284157,1.3783319201116637,1.4598596424136,0.027897330569368,-0.4911937032356954,-0.050404237519690635,1.908199729105251,1.9043384915468526,1.9063303195991022,0.00986360364399467,220.0
2022-10-23,0.5286083779896465,0.08509635169412827,1.4955650345235139,0.9170498531616584,-0.34733926733367204,1.6983384778000594,1.380958299367548,1.936711715623817,0.019621235079773758,0.5887347102977597,-1.3674939692437953,-0.4918798921766208,0.6763835173462086,-0.16775375245083787,0.4543082409614993,-0.3281793638451944,-0.37076015512233923,0.488238536603978,-0.3473624481919801,1.2790803486018893,0.47519807947794346,-0.4054382835153223,-0.38686855295323636,0.0,0.0,-0.3848957784887327,-1.882901297256751,-0.4449702888890398,-0.19710512325607255,1.5250634307907571,0.8266576666664296,0.7880792478055767,0.7285084246356155,0.7821548364960363,0.7794195232361909,0.8631495192677371,0.7136828346210433,0.6675523281009506,1.379009614631013,-0.04671934233896527,-0.30604658785333594,-0.5000804088936802,1.0602125594555567,-0.256370647415566,0.0,0.0,-0.23395906074624068,-0.23395906074624068,-0.238667185252719,-0.2339590607462407,-0.23866718525271893,-0.22917462425705282,-0.23866718525271896,-0.22917462425705282,-0.21935622811243694,-0.2339590607462407,-0.23395906074624068,-0.23395906074624065,-0.2339590607462407,-0.23395906074624068,-0.2339590607462407,4.274252071325551,-0.23866718525271896,-0.2339590607462407,-0.1273859510596964,-0.2339590607462407,0.0,1.386055807476852,1.3851085030461874,1.4376795277013308,0.006488205980810297,0.015955891839094228,-0.2677219729869031,1.9491018952333026,1.9121877487827352,1.9044681130337915,0.009875008652397144,220.0
2022-10-30,0.5042978353050225,0.0670233444872276,1.4966007392110021,0.9074942859985331,-0.3665827910464571,1.6973573496150658,1.31436968931204,1.945947023432146,-0.057963354084003244,-0.27321781142941026,-0.20820200079965145,-0.919040363008449,0.42859207396508064,-0.16775375245083787,0.4543082409614993,-0.3281793638451944,-0.37076015512233923,0.488238536603978,-0.34736244819198475,1.279080348601889,0.47519807947794346,-0.4054382835153223,-0.38686855295323636,0.0,0.0,-0.3848957784887327,-1.882901297256751,-0.4449702888890398,-0.19710512325607255,1.5250634307907571,0.8266576666664296,0.7880792478055767,0.7285084246356155,0.7821548364960363,0.7794195232361909,0.8631495192677371,0.7136828346210433,0.6675523281009506,1.379009614631013,-0.04671934233896527,-0.5276420755179545,-0.5000804088936802,1.0415203358056013,0.02149177629689891,0.0,0.0,-0.23395906074624068,-0.23395906074624068,-0.238667185252719,-0.2339590607462407,-0.23866718525271893,-0.22917462425705282,-0.23866718525271896,-0.22917462425705282,-0.21935622811243694,-0.2339590607462407,-0.23395906074624068,-0.23395906074624065,-0.2339590607462407,-0.23395906074624068,-0.2339590607462407,4.274252071325551,-0.23866718525271896,-0.2339590607462407,-0.1273859510596964,-0.2339590607462407,0.0,1.386055807476852,1.389615946542296,1.3927161944170998,-0.036039114178707164,-0.006343067871928829,-0.4909488377232934,1.940760290969507,1.9530811935297445,1.9122787859974408,0.0013672996644832928,220.0
2022-11-06,0.5777412642575183,0.13816177711013458,1.4727795313987764,0.8979387188354079,-0.36169539972277626,2.088827495427492,1.31436968931204,1.9539548936274185,0.0347795283557462,2.1837822050494515,-0.9736792878190328,-0.7073842738575442,0.6629181819705064,-0.16775375245083787,0.4543082409614993,-0.3281793638451944,-0.37076015512233923,0.488238536603978,-0.3473624481919801,1.2790803486018893,0.47519807947794346,-0.4054382835153223,-0.38686855295323636,0.0,0.0,-0.3848957784887327,-1.882901297256751,-0.4449702888890398,-0.19710512325607255,1.5250634307907571,0.8266576666664296,0.7880792478055767,0.7285084246356155,0.7821548364960363,0.7794195232361909,0.8631495192677371,0.7136828346210433,0.6675523281009506,1.379009614631013,-0.04671934233896527,-0.5395552280027817,-0.5000804088936802,-0.26426620575692644,0.0018654603847785918,0.0,0.0,-0.23395906074624068,-0.23395906074624068,-0.238667185252719,-0.2339590607462407,-0.23866718525271893,-0.22917462425705282,-0.23866718525271896,-0.22917462425705282,-0.21935622811243694,-0.2339590607462407,-0.23395906074624068,-0.23395906074624065,-0.2339590607462407,-0.23395906074624068,-0.2339590607462407,4.274252071325551,-0.23866718525271896,-0.2339590607462407,-0.1273859510596964,-0.2339590607462407,0.0,1.386055807476852,1.389615946542296,1.3995127960422733,-0.036039114178707164,-0.05063796628929307,0.016187937192484347,1.949993905656893,1.9447413679079177,1.9201248286612798,0.0009099183543415012,220.0
2022-11-13,0.5866124798336617,0.12854847540433634,1.4517202027531864,0.8842179044473313,-0.36917950749926665,2.133067457223565,1.2727518080273477,1.950857711855834,-0.07608607785618053,3.000460452908124,-1.5742466769917944,-1.0537306015590262,1.669378820133723,-0.16775375245083787,0.4543082409614993,-0.3281793638451944,-0.37076015512233923,0.488238536603978,-0.34736244819198475,1.279080348601889,0.47519807947794346,-0.4054382835153223,-0.38686855295323636,0.0,0.0,-0.3848957784887327,-1.882901297256751,-0.4449702888890398,-0.19710512325607255,1.5250634307907571,0.8266576666664296,0.7880792478055767,0.7285084246356155,0.7821548364960363,0.7794195232361909,0.8631495192677371,0.7136828346210433,0.6675523281009506,1.3221364537871865,-0.5649609996980691,-0.26385786444195175,-0.4204211089264244,-0.40659775945820736,-0.17332757590619832,0.0,0.0,-0.23395906074624068,-0.23395906074624068,-0.238667185252719,-0.2339590607462407,-0.23866718525271893,-0.22917462425705282,-0.23866718525271896,-0.22917462425705282,-0.21935622811243694,-0.2339590607462407,-0.23395906074624068,-0.23395906074624065,-0.2339590607462407,-0.23395906074624068,-0.2339590607462407,4.274252071325551,-0.23866718525271896,-0.2339590607462407,-0.1273859510596964,-0.2339590607462407,0.0,1.386055807476852,1.389615946542296,1.4040335549685687,-0.036039114178707164,-0.05063796628929307,-0.006110458826460337,1.9580003077589498,1.9539730137540487,1.9610015259734304,0.011494759059494238,215.0
2022-11-20,0.6077669169767734,0.15277399570294795,1.4037325522329058,0.8455056067095432,-0.37367739135502587,2.1039903855592104,1.307710828306489,1.954378693603327,-0.012759488781589397,-0.32371603997504245,-0.8259987822847467,-1.861872032862486,1.9529558558991893,-0.16775375245083787,0.4543082409614993,-0.3281793638451944,-0.37076015512233923,0.488238536603978,-0.3473624481919801,1.2790803486018893,0.47519807947794346,-0.4054382835153223,-0.38686855295323636,0.0,0.0,-0.3848957784887327,-1.882901297256751,-0.4449702888890398,-0.19710512325607255,1.5250634307907571,0.8266576666664296,0.7880792478055767,0.7285084246356155,0.7821548364960363,0.7794195232361909,0.8631495192677371,0.7136828346210433,0.6675523281009506,1.3221364537871865,-0.04671934233896527,-0.26385786444195175,-0.4180098305253519,-0.5312352290193919,-0.06896013319309954,0.0,0.0,-0.23395906074624068,-0.23395906074624068,-0.238667185252719,-0.2339590607462407,-0.23866718525271893,-0.22917462425705282,-0.23866718525271896,-0.22917462425705282,-0.21935622811243694,-0.2339590607462407,-0.23395906074624068,-0.23395906074624065,-0.2339590607462407,-0.23395906074624068,-0.2339590607462407,4.274252071325551,-0.23866718525271896,-0.2339590607462407,-0.1273859510596964,-0.2339590607462407,0.0,1.3291037925073905,1.389615946542296,1.4040335549685687,-0.5732755556034169,-0.05063796628929307,-0.050404237519690635,1.9549036937977111,1.9619777086877546,1.9526651158302262,0.011494759059494238,215.0
2022-11-27,0.6139085277602574,0.17123153497808055,1.3768042303582162,0.796012669095409,-0.3929116410804794,2.0362033473232923,1.297722536798163,1.964545325511907,-0.12689884181058755,-0.6998407767287167,-0.27465822829008085,-1.6617608213016282,0.5753935020284423,-0.16775375245083787,0.4543082409614993,-0.3281793638451944,-0.37076015512233923,0.488238536603978,-0.3473624481919801,1.2790803486018893,0.47519807947794346,-0.4054382835153223,-0.38686855295323636,0.0,0.0,-0.3848957784887327,-1.882901297256751,-0.4449702888890398,-0.19710512325607255,1.5250634307907571,0.8266576666664296,0.7880792478055767,0.7285084246356155,0.7821548364960363,0.7794195232361909,0.8631495192677371,0.7136828346210433,0.6675523281009506,1.292037480697979,-0.32098828514296035,-0.2749518438673219,-0.44578741043422904,-0.5242806628467188,0.03561284852069291,0.0,0.0,-0.23395906074624068,-0.23395906074624068,-0.238667185252719,-0.2339590607462407,-0.23866718525271893,-0.22917462425705282,-0.23866718525271896,-0.22917462425705282,-0.21935622811243694,-0.2339590607462407,-0.23395906074624068,-0.23395906074624065,-0.2339590607462407,-0.23395906074624068,-0.2339590607462407,4.274252071325551,-0.23866718525271896,-0.2339590607462407,-0.1273859510596964,-0.2339590607462407,0.0,1.3291037925073905,1.3326745993168156,1.4040335549685687,-0.036039114178707164,-0.610203758578891,-0.050404237519690635,1.9584240300390598,1.9588817550032898,1.9618929809631305,0.011068828236336854,212.4
2022-12-04,0.6046961115850312,0.1517485768543295,1.2994716136924416,0.7411294115431019,-0.40732341739357236,1.8647734953635102,1.231133926742655,1.9757701523564823,-0.09429967489730712,-0.2053064006266636,-0.11713235572017408,-1.1383930372193882,-0.7199132161776898,-0.16775375245083787,0.4543082409614993,-0.3281793638451944,-0.37076015512233923,0.488238536603978,-0.3473624481919801,1.2790803486018893,0.47519807947794346,-0.4054382835153223,-0.38686855295323636,0.0,0.0,-0.3848957784887327,-1.882901297256751,-0.4449702888890398,-0.19710512325607255,1.5250634307907571,0.8266576666664296,0.7880792478055767,0.7285084246356155,0.7821548364960363,0.7794195232361909,0.8631495192677371,0.7136828346210433,0.6675523281009506,1.2686326368711787,-0.25998980023278995,-0.31689787249818213,-0.4526182975614555,-0.5256756108456035,0.05188832775300807,0.0,0.0,-0.23395906074624068,-0.23395906074624068,-0.238667185252719,-0.2339590607462407,-0.23866718525271893,-0.22917462425705282,-0.23866718525271896,-0.22917462425705282,-0.21935622811243694,-0.2339590607462407,-0.23395906074624068,-0.23395906074624065,-0.2339590607462407,-0.23395906074624068,-0.2339590607462407,4.274252071325551,-0.23866718525271896,-0.2339590607462407,-0.1273859510596964,-0.2339590607462407,0.0,1.2989630874628946,1.3326745993168156,1.4040335549685687,-0.3203606632726169,-0.05063796628929307,-0.050404237519690635,1.9685887980858432,1.9624013406195087,1.9698943976670906,0.009458395602752858,210.4
2022-12-11,0.5917304888198983,0.1452115316943866,1.2221389970266667,0.7194456245190874,-0.42280633924344935,1.6186441111371743,1.1687071048156166,1.9699778523200941,-0.11438045772195314,0.6409742570691032,-1.795767435293223,-1.8426305702124048,-0.035010641279882425,-0.16775375245083787,0.4543082409614993,-0.3281793638451944,-0.37076015512233923,0.488238536603978,-0.34736244819198475,1.279080348601889,0.47519807947794346,-0.4054382835153223,-0.38686855295323636,0.0,0.0,-0.3848957784887327,-1.882901297256751,-0.4449702888890398,-0.19710512325607255,1.5250634307907571,0.8266576666664296,0.7880792478055767,0.7285084246356155,0.7821548364960363,0.7794195232361909,0.8631495192677371,0.7136828346210433,0.6675523281009506,1.204310683628817,-0.6328361531213318,-0.2833501863407688,-0.3948011031625335,-0.4779542605047916,-0.21544642842531203,0.0,0.0,-0.23395906074624068,-0.23395906074624068,-0.238667185252719,-0.2339590607462407,-0.23866718525271893,-0.22917462425705282,-0.23866718525271896,-0.22917462425705282,-0.21935622811243694,-0.2339590607462407,-0.23395906074624068,-0.23395906074624065,-0.2339590607462407,-0.23395906074624068,-0.2339590607462407,4.274252071325551,-0.23866718525271896,-0.2339590607462407,-0.1273859510596964,-0.2339590607462407,0.0,1.2755257930307788,1.302539539960624,1.3469239974184581,-0.2571264394311105,-0.34677687388429423,-0.6099558846290412,1.9798115670683734,1.9725639412794826,1.966799711894463,0.010746390922752824,205.0
2022-12-18,0.7326463362409475,0.20577533244091567,1.2276627553599362,0.7244684226432941,-0.2757811810841062,1.7445406959661194,1.1845218997037994,1.9630799693981338,-0.16511564634094758,-0.21227167352950943,-0.9244524526409386,-1.7695130121420928,0.5537318755544866,-0.16775375245083787,0.4543082409614993,-0.3281793638451944,-0.37076015512233923,0.488238536603978,-0.3473624481919801,1.2790803486018893,0.47519807947794346,-0.4054382835153223,-0.38686855295323636,0.0,0.0,-0.3848957784887327,-1.882901297256751,-0.4449702888890398,-0.19710512325607255,1.5250634307907571,0.8266576666664296,0.7880792478055767,0.7285084246356155,0.7821548364960363,0.7794195232361909,0.8631495192677371,0.7136828346210433,0.6675523281009506,1.2639249788567255,0.49650017813120195,-0.009534571109528796,-0.25208662470826854,-0.3727964476381393,-0.23294972971915026,0.0,0.0,-0.23395906074624068,-0.23395906074624068,-0.238667185252719,-0.2339590607462407,-0.23866718525271893,-0.22917462425705282,-0.23866718525271896,-0.22917462425705282,-0.21935622811243694,-0.2339590607462407,-0.23395906074624068,-0.23395906074624065,-0.2339590607462407,-0.23395906074624068,-0.2339590607462407,4.274252071325551,-0.23866718525271896,-0.2339590607462407,-0.1273859510596964,-0.2339590607462407,0.0,1.2111146579791632,1.2791066355936664,1.3469239974184581,-0.6436384941446586,-0.28091442332182787,-0.050404237519690635,1.9740203289418536,1.983784317282523,1.9703178561053123,0.0212589857200788,210.0
2022-12-25,0.7640367913565324,0.20801843617226856,1.300679935827844,0.7764115056838707,-0.22072615529087813,1.656105369109655,1.9636086373532422,1.9519433118711025,-0.1761132822730494,1.0937169957540813,-1.9803680672110802,-1.5540086304611693,0.6547218908722526,-0.16775375245083787,0.4543082409614993,-0.3281793638451944,-0.37076015512233923,0.488238536603978,-0.34736244819198475,1.279080348601889,0.47519807947794346,-0.4054382835153223,-0.38686855295323636,0.0,0.0,-0.3848957784887327,-1.882901297256751,-0.4449702888890398,-0.19710512325607255,1.5250634307907571,0.8266576666664296,0.7880792478055767,0.7285084246356155,0.7821548364960363,0.7794195232361909,0.8631495192677371,0.7136828346210433,0.6675523281009506,0.7578516806311648,-4.658178612868869,2.107294336712851,1.3407998032343922,0.9948976361443893,-0.29992729375758,0.0,0.0,-0.23395906074624068,-0.23395906074624068,-0.238667185252719,-0.2339590607462407,-0.23866718525271893,-0.22917462425705282,-0.23866718525271896,-0.22917462425705282,-0.21935622811243694,-0.2339590607462407,-0.23395906074624068,-0.23395906074624065,-0.2339590607462407,-0.23395906074624068,-0.2339590607462407,4.274252071325551,-0.23866718525271896,-0.2339590607462407,-0.1273859510596964,-0.2339590607462407,0.0,1.270811607890859,1.2147075654619424,1.3166999161412187,0.5270906881937946,-0.6834912171664745,-0.3465356590633929,1.9671237106177042,1.9779943139951128,1.980476294790339,0.10253033521711019,171.15
2023-01-01,0.7691548003427691,0.22814228107640633,1.3194952376505444,0.7837619419631976,-0.3911124875381756,2.048512046371393,1.1239262645532875,1.9415228567282994,-0.2425588432270169,-0.42122986061488393,-0.8358441493203654,-1.184572547579585,1.0206277434728552,-0.16775375245083787,0.4543082409614993,-0.3281793638451944,-0.37076015512233923,0.488238536603978,-0.3473624481919801,1.2790803486018893,0.47519807947794346,-0.4054382835153223,-0.38686855295323636,0.0,0.0,-0.3848957784887327,-1.882901297256751,-0.4449702888890398,-0.19710512325607255,1.5250634307907571,0.8266576666664296,0.7880792478055767,0.7285084246356155,0.7821548364960363,0.7794195232361909,0.8631495192677371,0.7136828346210433,0.6675523281009506,1.2254591387785716,4.2142301197322,3.6569163862976506,2.3273132622116153,1.7578454189977588,-0.28900962587420215,0.0,0.0,-0.23395906074624068,-0.23395906074624068,-0.238667185252719,-0.2339590607462407,-0.23866718525271893,-0.22917462425705282,-0.23866718525271896,-0.22917462425705282,-0.21935622811243694,-0.2339590607462407,-0.23395906074624068,-0.23395906074624065,-0.2339590607462407,-0.23395906074624068,-0.2339590607462407,4.274252071325551,-0.23866718525271896,-0.2339590607462407,-0.1273859510596964,-0.2339590607462407,0.0,0.7640366435921162,1.274393333472902,1.293197788676413,-4.816519288040502,0.5358974019943827,-0.280674873427996,1.9559890947885228,1.9710991662052162,1.991692075618838,0.16202492862270998,206.76
2023-01-08,0.7691548003427691,0.21955439821922654,1.3507389957231004,0.7892747691726926,-0.40196305271598703,2.1825698338300574,1.1354127997878625,1.948443658779056,-0.25080763147375,-0.5866550920574721,-1.254272248334176,-2.13125250996364,0.24637095936998085,-0.16775375245083787,0.4543082409614993,-0.3281793638451944,-0.37076015512233923,0.488238536603978,-0.34736244819198475,1.279080348601889,0.47519807947794346,-0.4054382835153223,-0.38686855295323636,0.0,0.0,-0.3848957784887327,-1.882901297256751,-0.4449702888890398,-0.8341997474579569,1.0082927524064718,1.3332660627368391,1.2884129892132234,1.2979530898692482,1.3797176462993803,1.2776986997464461,1.3003099644224299,1.3453859308108758,1.381570642598592,1.2325084076980846,0.017515258900275874,3.6401579489895597,2.3234248520263847,1.7580865852650325,-0.015174545129620024,0.0,0.0,-0.23395906074624068,-0.23395906074624068,-0.238667185252719,-0.2339590607462407,-0.23866718525271893,-0.22917462425705282,-0.23866718525271896,-0.22917462425705282,-0.21935622811243694,-0.2339590607462407,-0.23395906074624068,-0.23395906074624065,-0.2339590607462407,-0.23395906074624068,-0.2339590607462407,4.274252071325551,-0.23866718525271896,-0.2339590607462407,-0.1273859510596964,-0.2339590607462407,0.0,1.2322924352716405,0.7677132937449251,1.2286084773751242,4.381084236651112,-5.029810951870489,-0.6832414905938842,1.945570550041259,1.9599669245590328,1.9859044435599584,0.16138152243600448,207.35
2023-01-15,0.7525212711375,0.2093002097330416,1.295501412390404,0.7574228786289429,-0.41026327137764607,2.0920384603965614,1.127089223530924,1.9600958131878683,-0.21202265171811316,-0.6998407767287167,-1.4388728802520332,-3.3434646569188287,-0.3434692750221901,-0.16775375245083787,0.4543082409614993,-0.3281793638451944,-0.37076015512233923,0.488238536603978,-0.34736244819198475,1.279080348601889,0.47519807947794346,-0.4054382835153223,-0.38686855295323636,0.0,0.0,-0.3848957784887327,-1.882901297256751,-0.4449702888890398,-0.8341997474579569,1.0082927524064718,1.3332660627368391,1.2884129892132234,1.2979530898692482,1.3797176462993803,1.2776986997464461,1.3003099644224299,1.3453859308108758,1.381570642598592,1.2133449244897923,-0.22134152178684408,3.6241839522841426,2.32308624227135,1.7577430502266593,0.05920216898322402,0.0,0.0,-0.23395906074624068,-0.23395906074624068,-0.238667185252719,-0.2339590607462407,-0.23866718525271893,-0.22917462425705282,-0.23866718525271896,-0.22917462425705282,-0.21935622811243694,-0.2339590607462407,-0.23395906074624068,-0.23395906074624065,-0.2339590607462407,-0.23395906074624068,-0.2339590607462407,4.274252071325551,-0.23866718525271896,-0.2339590607462407,-0.1273859510596964,-0.2339590607462407,0.0,1.2393514779390649,1.2358813759218787,1.288470562998893,0.0305498373192478,4.550075866326545,0.5361163038238467,1.9524900832924108,1.9495506013102186,1.9790121195976744,0.1607682332540999,205.75
2023-01-22,0.7265047254574636,0.20763390410403662,1.284971748067609,0.7484798478224287,-0.4336244454656005,1.4812415685023956,1.1372439865643889,1.9469391933334035,-0.292467214329324,-0.35505976803784867,-1.1410505274245566,-2.138949095023672,-0.28141164242112804,-0.16775375245083787,0.4543082409614993,-0.3281793638451944,-0.37076015512233923,0.488238536603978,-0.3473624481919801,1.2790803486018893,0.47519807947794346,-0.4054382835153223,-0.38686855295323636,0.0,0.0,-0.3848957784887327,-1.882901297256751,-0.4449702888890398,-0.8341997474579569,1.0082927524064718,1.3332660627368391,1.2884129892132234,1.2979530898692482,1.3797176462993803,1.2776986997464461,1.3003099644224299,1.3453859308108758,1.381570642598592,1.214426819687106,-0.036860858093921166,1.9205404426916892,2.3225276028036896,1.7578240336782747,-0.33191969470779353,0.0,0.0,-0.23395906074624068,-0.23395906074624068,-0.238667185252719,-0.2339590607462407,-0.23866718525271893,-0.22917462425705282,-0.23866718525271896,-0.22917462425705282,-0.21935622811243694,-0.2339590607462407,-0.23395906074624068,-0.23395906074624065,-0.2339590607462407,-0.23395906074624068,-0.2339590607462407,4.274252071325551,-0.23866718525271896,-0.2339590607462407,-0.1273859510596964,-0.2339590607462407,0.0,1.220161424733781,1.2429390963523295,0.7802937407373222,-0.21706161005151509,0.01871864567819322,-5.029451355329242,1.9641401014966624,1.9564686591410732,1.9678844370316309,0.09536029850094543,205.84
2023-01-29,0.6930670667473843,0.1807166593278016,1.1448063803608919,0.6725253396027175,-0.4499466631689747,0.9218201161133468,1.0726530348105467,1.92900697333664,-0.3096883293930469,-0.33068131287788827,-1.3773393362794142,-1.7079403316618278,-0.35517826230540944,-0.16775375245083787,0.4543082409614993,-0.3281793638451944,-0.37076015512233923,0.488238536603978,-0.3473624481919801,1.2790803486018893,0.47519807947794346,-0.4054382835153223,-0.38686855295323636,0.0,0.0,-0.3848957784887327,-1.882901297256751,-0.4449702888890398,-0.8341997474579569,1.0082927524064718,1.3332660627368391,1.2884129892132234,1.2979530898692482,1.3797176462993803,1.2776986997464461,1.3003099644224299,1.3453859308108758,1.381570642598592,1.2206685223708842,0.010156524864310516,-0.4341173866154985,2.3223913532154508,1.7583654941518392,-0.40812346664419324,0.0,0.0,-0.23395906074624068,-0.23395906074624068,-0.238667185252719,-0.2339590607462407,-0.23866718525271893,-0.22917462425705282,-0.23866718525271896,-0.22917462425705282,-0.21935622811243694,-0.2339590607462407,-0.23395906074624068,-0.23395906074624065,-0.2339590607462407,-0.23395906074624068,-0.2339590607462407,4.274252071325551,-0.23866718525271896,-0.2339590607462407,-0.1273859510596964,-0.2339590607462407,0.0,1.2212448199690487,1.223752637656822,1.249844837347931,-0.02581929313877273,-0.23918436507170684,4.550193294337014,1.9509858936623572,1.968116193265445,1.9574723796669005,0.004957990272640092,206.35999999999999
2023-02-05,0.6647474170235412,0.1735387273874722,1.0633309449451642,0.5730494352891605,-0.4947029260306134,0.9762281336448074,1.0846389846205375,1.9476423456798817,-0.24060891595772468,1.7763137402329714,-1.6530096132767487,-1.4154700993805738,0.20099863364750606,-0.16775375245083787,0.4543082409614993,-0.3281793638451944,-0.37076015512233923,0.488238536603978,-0.3473624481919801,1.2790803486018893,0.47519807947794346,-0.4054382835153223,-0.38686855295323636,0.0,0.0,-0.3848957784887327,-1.882901297256751,-0.4449702888890398,-0.8341997474579569,1.0082927524064718,1.3332660627368391,1.2884129892132234,1.2979530898692482,1.3797176462993803,1.2776986997464461,1.3003099644224299,1.3453859308108758,1.381570642598592,1.2125031232139643,-0.12112438558424751,-0.44570071939982137,2.3104840975048053,1.7529170296202259,0.17025533356853276,0.0,0.0,-0.23395906074624068,-0.23395906074624068,-0.238667185252719,-0.2339590607462407,-0.23866718525271893,-0.22917462425705282,-0.23866718525271896,-0.22917462425705282,-0.21935622811243694,-0.2339590607462407,-0.23395906074624068,-0.23395906074624065,-0.2339590607462407,-0.23395906074624068,-0.2339590607462407,4.274252071325551,-0.23866718525271896,-0.2339590607462407,-0.1273859510596964,-0.2339590607462407,0.0,1.2274951767174207,1.2248358299601474,1.256923406976769,0.02292138825357666,-0.03999337516270575,0.01895062119234089,1.9330569612027135,1.9549647902424665,1.9643876042876014,0.0045132717204810725,205.68
2023-02-12,0.6166381325529166,0.15379941455156657,1.0433073209870625,0.5558984173040648,-0.5152169860078087,0.8023008644868601,1.0986225927321949,1.9469199445277228,-0.1817992879270688,-0.5152610448033025,-1.1607412614957962,-0.9998545061387981,0.44659464191303033,-0.16775375245083787,0.4543082409614993,-0.3281793638451944,-0.37076015512233923,0.488238536603978,-0.3473624481919801,1.2790803486018893,0.47519807947794346,-0.4054382835153223,-0.38686855295323636,0.0,0.0,-0.3848957784887327,-1.882901297256751,-0.4449702888890398,-0.8341997474579569,1.0082927524064718,1.3332660627368391,1.2884129892132234,1.2979530898692482,1.3797176462993803,1.2776986997464461,1.3003099644224299,1.3453859308108758,1.381570642598592,1.2067230422205262,-0.09938880380840477,-0.4941477903106549,2.298120093861611,1.7527203958431892,-0.13588882023500407,0.0,0.0,-0.23395906074624068,-0.23395906074624068,-0.238667185252719,-0.2339590607462407,-0.23866718525271893,-0.22917462425705282,-0.23866718525271896,-0.22917462425705282,-0.21935622811243694,-0.2339590607462407,-0.23395906074624068,-0.23395906074624065,-0.2339590607462407,-0.23395906074624068,-0.2339590607462407,4.274252071325551,-0.23866718525271896,-0.2339590607462407,-0.1273859510596964,-0.2339590607462407,0.0,1.2193184563080608,1.2310850159473863,1.237680269600427,-0.11317127846832661,0.01077313264848685,-0.23894587006579668,1.951688917099005,1.9370396806867531,1.97603036829979,0.002653244763388804,205.2
2023-02-19,0.6081081175758555,0.1481596108841648,1.0219027574456423,0.5279667594426226,-0.5188709370164051,0.657985827821445,1.0839730985199827,1.936541738882133,-0.23198906911433703,-0.6998407767287167,-0.7373904789641753,-2.985573451627297,-0.24130836097610198,-0.16775375245083787,0.4543082409614993,-0.3281793638451944,-0.37076015512233923,0.488238536603978,-0.3473624481919801,1.2790803486018893,0.47519807947794346,-0.4054382835153223,-0.38686855295323636,0.0,0.0,-0.3848957784887327,-1.882901297256751,-0.4449702888890398,-0.8341997474579569,1.0082927524064718,1.3332660627368391,1.2884129892132234,1.2979530898692482,1.3797176462993803,1.2776986997464461,1.3003099644224299,1.3453859308108758,1.381570642598592,1.2225858823117342,0.09782659844080258,-0.44569447669370493,1.2075087873722337,1.7528613177922523,-0.2885118825257634,0.0,0.0,-0.23395906074624068,-0.23395906074624068,-0.238667185252719,-0.2339590607462407,-0.23866718525271893,-0.22917462425705282,-0.23866718525271896,-0.22917462425705282,-0.21935622811243694,-0.2339590607462407,-0.23395906074624068,-0.23395906074624065,-0.2339590607462407,-0.23395906074624068,-0.2339590607462407,4.274252071325551,-0.23866718525271896,-0.2339590607462407,-0.1273859510596964,-0.2339590607462407,0.0,1.2135303612843478,1.2229098271284358,1.2387666617600581,-0.09063903614520878,-0.13097600238244034,-0.039759915476135596,1.9509666483855852,1.9556676637766555,1.962884351281018,0.004513511396511914,206.51999999999998
2023-02-26,0.640522174488688,0.17276966325100832,1.05504530744526,0.5421776029159878,-0.5085211671544928,0.6028642625190803,1.1006202510338596,1.9226982588376913,-0.29823897051597636,-0.5082957719004566,-0.8653802504272238,-1.600188140821366,-0.731622203460909,-0.16775375245083787,0.4543082409614993,-0.3281793638451944,-0.37076015512233923,0.488238536603978,-0.3473624481919801,1.2790803486018893,0.47519807947794346,-0.4054382835153223,-0.38686855295323636,0.0,0.0,-0.3848957784887327,-1.882901297256751,-0.4449702888890398,-0.8341997474579569,1.0082927524064718,1.3332660627368391,1.2884129892132234,1.2979530898692482,1.3797176462993803,1.2776986997464461,1.3003099644224299,1.3453859308108758,1.381570642598592,1.216829338609364,-0.09917432646000718,-0.44457821224614613,-0.5774097682061764,1.7519792988128435,-0.34382936452266644,0.0,0.0,-0.23395906074624068,-0.23395906074624068,-0.238667185252719,-0.2339590607462407,-0.23866718525271893,-0.22917462425705282,-0.23866718525271896,-0.22917462425705282,-0.21935622811243694,-0.2339590607462407,-0.23395906074624068,-0.23395906074624065,-0.2339590607462407,-0.23395906074624068,-0.2339590607462407,4.274252071325551,-0.23866718525271896,-0.2339590607462407,-0.1273859510596964,-0.2339590607462407,0.0,1.2294151950605718,1.2171228162791088,1.2450343084556368,0.11380477765089116,-0.10750724439171196,0.011005309016073942,1.9405903453898794,1.9549455490692762,1.9449665827455211,0.004556368104351372,206.04000000000002
2023-03-05,0.737423144628102,0.2325003111830347,1.05504530744526,0.586157713320627,-0.5032164464008961,0.4490947178891822,1.1753659658211675,1.8508267256254898,-0.4774847836742319,-0.16351476320958866,-0.9342978196765557,-1.2769315682999838,-0.5536455967559761,-0.16775375245083787,0.4543082409614993,-0.3281793638451944,-0.37076015512233923,0.488238536603978,-0.3473624481919801,1.2790803486018893,0.47519807947794346,-0.4054382835153223,-0.38686855295323636,0.0,0.0,1.633586722075315,-0.9135155696435592,0.2938477273069477,-0.8341997474579569,1.0082927524064718,1.3332660627368391,1.2884129892132234,1.2979530898692482,1.3797176462993803,1.2776986997464461,1.3003099644224299,1.3453859308108758,1.381570642598592,1.2592083453211271,0.3394481635579858,-0.3224890591188893,-0.48536281470725573,1.7457581456707638,-1.2734817564462493,0.0,0.0,-0.23395906074624068,-0.23395906074624068,-0.238667185252719,-0.2339590607462407,-0.23866718525271893,-0.22917462425705282,-0.23866718525271896,-0.22917462425705282,-0.21935622811243694,-0.2339590607462407,-0.23395906074624068,-0.23395906074624065,-0.2339590607462407,-0.23395906074624068,4.274252071325551,-0.2339590607462407,-0.23866718525271896,-0.2339590607462407,-0.1273859510596964,-0.2339590607462407,0.0,1.223650669962169,1.2330046746498093,1.2368349693270755,-0.09041669769405744,0.10543394094959194,-0.1307402427595997,1.926749403288566,1.9445714585650056,1.9635869369615226,0.00924373334059485,209.6
2023-03-12,0.7686216744067027,0.24358765248372213,1.0641940321847378,0.6214398074613959,-0.5037914336154468,0.4417362565017307,1.1863947043616108,1.4456190773268283,-1.6013141694567568,-0.5431221364146858,-0.7743106053477463,-0.7843501244578748,-0.512883684776269,-0.16775375245083787,0.4543082409614993,-0.3281793638451944,-0.37076015512233923,0.488238536603978,-0.34736244819198475,1.279080348601889,0.47519807947794346,-0.4054382835153223,-0.38686855295323636,0.0,0.0,1.633586722075315,-0.9135155696435592,0.2938477273069477,-0.8341997474579569,1.0082927524064718,1.3332660627368391,1.2884129892132234,1.2979530898692482,1.3797176462993803,1.2776986997464461,1.3003099644224299,1.3453859308108758,1.381570642598592,1.2982899636588179,0.3094015828759604,-0.32688915088660125,-0.470727692019299,1.7408263497983547,-6.946669981639281,0.0,0.0,-0.23395906074624068,-0.23395906074624068,-0.238667185252719,-0.2339590607462407,-0.23866718525271893,-0.22917462425705282,-0.23866718525271896,-0.22917462425705282,-0.21935622811243694,-0.2339590607462407,-0.23395906074624068,-0.23395906074624065,-0.2339590607462407,-0.23395906074624068,4.274252071325551,-0.2339590607462407,-0.23866718525271896,-0.2339590607462407,-0.1273859510596964,-0.2339590607462407,0.0,1.2660884347853145,1.227241229310884,1.2310308630800975,0.36428234534876697,-0.1072756648077861,-0.107272078032106,1.854891046377644,1.9307334677042123,1.9628651179878265,0.009074800747813604,212.9375
2023-03-19,0.7524359709877294,0.25147055988247663,1.0590155087472974,0.6122517621122373,-0.5212821737225855,0.5247307816050487,1.1983723305953455,1.5299941575668794,-1.3943799269427646,-0.4873999531919192,0.04039351684973092,-0.5072730622966891,-0.5556946695305394,-0.16775375245083787,0.4543082409614993,-0.3281793638451944,-0.37076015512233923,0.488238536603978,-0.3473624481919801,1.2790803486018893,0.47519807947794346,-0.4054382835153223,-0.38686855295323636,0.0,0.0,1.633586722075315,-0.9135155696435592,0.2938477273069477,-0.8341997474579569,1.0082927524064718,1.3332660627368391,1.2884129892132234,1.2979530898692482,1.3797176462993803,1.2776986997464461,1.3003099644224299,1.3453859308108758,1.381570642598592,1.2965757386591126,-0.062339764903013975,-0.292033618170912,-0.46828475664967817,0.8428153523655864,1.3470933061655634,0.0,0.0,-0.23395906074624068,-0.23395906074624068,-0.238667185252719,-0.2339590607462407,-0.23866718525271893,-0.22917462425705282,-0.23866718525271896,-0.22917462425705282,-0.21935622811243694,-0.2339590607462407,-0.23395906074624068,-0.23395906074624065,-0.2339590607462407,-0.23395906074624068,4.274252071325551,-0.2339590607462407,-0.23866718525271896,-0.2339590607462407,-0.1273859510596964,-0.2339590607462407,0.0,1.3052242394350844,1.2696710450700586,1.246959638018151,0.3331344863270704,0.3663221976135353,0.10566372440071732,1.4497576853220144,1.8588904328207283,1.9524952760717098,0.01041300818194965,212.79000000000002
2023-03-26,0.746379660354016,0.2609556842321975,1.029497925153888,0.6181321111356987,-0.5172387152460677,0.4863775889189374,1.1406732999822473,1.4525864720904873,-1.6335557639191367,0.4772903438522265,0.6606516400937286,-0.5688457427769513,-0.0659662764098934,-0.16775375245083787,0.4543082409614993,-0.3281793638451944,-0.37076015512233923,0.488238536603978,-0.3473624481919801,1.2790803486018893,0.47519807947794346,-0.4054382835153223,-0.38686855295323636,0.0,0.0,1.633586722075315,-0.9135155696435592,0.2938477273069477,-0.8341997474579569,1.0082927524064718,1.3332660627368391,1.2884129892132234,1.2979530898692482,1.3797176462993803,1.2776986997464461,1.3003099644224299,1.3453859308108758,1.381570642598592,1.2726271146522954,-0.2649448535048385,-0.22363754384601053,-0.4294623471325408,-0.5361317860404349,-1.473466462984439,0.0,0.0,-0.23395906074624068,-0.23395906074624068,-0.238667185252719,-0.2339590607462407,-0.23866718525271893,-0.22917462425705282,-0.23866718525271896,-0.22917462425705282,-0.21935622811243694,-0.2339590607462407,-0.23395906074624068,-0.23395906074624065,-0.2339590607462407,-0.23395906074624068,4.274252071325551,-0.2339590607462407,-0.23866718525271896,-0.2339590607462407,-0.1273859510596964,-0.2339590607462407,0.0,1.3035076376778456,1.3087995191496156,1.2411791668964036,-0.052232062222721344,0.33387972895787366,-0.10704050430224593,1.5341172969693133,1.4538434564911202,1.9386629523991898,0.013038936635658398,210.74
2023-04-02,0.7394703482225963,0.25275233344324965,1.0619500053618471,0.6107816748563719,-0.5184628815738207,0.6273032736725561,1.1146038591455163,1.4076351276866614,-1.731162134855948,-0.685910230923025,1.1923014600171602,-0.5226662324167519,-0.0624535802249276,-0.16775375245083787,0.4543082409614993,-0.3281793638451944,-0.37076015512233923,0.488238536603978,-0.3473624481919801,1.2790803486018893,0.47519807947794346,-0.4054382835153223,-0.38686855295323636,0.0,0.0,1.633586722075315,-0.9135155696435592,0.2938477273069477,-0.8341997474579569,1.0082927524064718,1.3332660627368391,1.2884129892132234,1.2979530898692482,1.3797176462993803,1.2776986997464461,1.3003099644224299,1.3453859308108758,1.381570642598592,1.2259376905819528,-0.4721643879871145,-0.1784680712717219,-0.35534549780187247,-0.4800722319145897,-0.9189073502719334,0.0,0.0,-0.23395906074624068,-0.23395906074624068,-0.238667185252719,-0.2339590607462407,-0.23866718525271893,-0.22917462425705282,-0.23866718525271896,-0.22917462425705282,-0.21935622811243694,-0.2339590607462407,-0.23395906074624068,-0.23395906074624065,-0.2339590607462407,-0.23395906074624068,4.274252071325551,-0.2339590607462407,-0.23866718525271896,-0.2339590607462407,-0.1273859510596964,-0.2339590607462407,0.0,1.2795258091193875,1.3070832389309224,1.2837343244929358,-0.2622631071403615,-0.0675039476395603,0.36654538610931175,1.4567238027441665,1.5381850805258452,1.8668493399953772,0.01477312685699187,206.8
2023-04-09,0.7361720757647997,0.2633483282123073,1.008093361612468,0.586933592705667,-0.5299131645990667,0.45533826088459584,1.105725377804782,1.414366853721736,-1.6529565559087904,-0.3864034961006549,0.6901877412005887,-0.1173127525883524,-0.5635006610526857,-0.16775375245083787,0.4543082409614993,-0.3281793638451944,-0.37076015512233923,0.488238536603978,-0.34736244819198475,1.279080348601889,0.47519807947794346,-0.4054382835153223,-0.38686855295323636,0.0,0.0,1.633586722075315,-0.9135155696435592,0.2938477273069477,-0.8341997474579569,1.0082927524064718,1.3332660627368391,1.2884129892132234,1.2979530898692482,1.3797176462993803,1.2776986997464461,1.3003099644224299,1.3453859308108758,1.381570642598592,1.2251400528062657,-0.05398760590496333,-0.3342502471859741,-0.3567832189286447,-0.48842816249673676,-0.004988446816033574,0.0,0.0,-0.23395906074624068,-0.23395906074624068,-0.238667185252719,-0.2339590607462407,-0.23866718525271893,-0.22917462425705282,-0.23866718525271896,-0.22917462425705282,-0.21935622811243694,-0.2339590607462407,-0.23395906074624068,-0.23395906074624065,-0.2339590607462407,-0.23395906074624068,4.274252071325551,-0.2339590607462407,-0.23866718525271896,-0.2339590607462407,-0.1273859510596964,-0.2339590607462407,0.0,1.23277165058279,1.2831059024349032,1.3229783879227264,-0.4770777283081118,-0.2862645881930585,0.334103737561979,1.411780699328536,1.4608080885600458,1.4619682459457461,0.00879218639583791,206.73333333333335
2023-04-16,0.760198284616855,0.2745104396373731,1.008093361612468,0.5889753805610355,-0.540516423448039,0.6190082808357924,1.0596682558497221,1.3188551907204948,-1.984476060089566,-0.612774865443144,0.7394145763786829,-0.014691618454580148,-0.675711789183537,-0.16775375245083787,0.4543082409614993,-0.3281793638451944,-0.37076015512233923,0.488238536603978,-0.34736244819198475,1.279080348601889,0.47519807947794346,-0.4054382835153223,-0.38686855295323636,0.0,0.0,1.633586722075315,-0.9135155696435592,0.2938477273069477,-0.8341997474579569,1.0082927524064718,1.3332660627368391,1.2884129892132234,1.2979530898692482,1.3797176462993803,1.2776986997464461,1.3003099644224299,1.3453859308108758,1.381570642598592,1.2218670464676957,-0.07654374816204061,-0.3383075566077239,-0.36226469152006174,-0.48805459712308863,-1.8376408519333862,0.0,0.0,-0.23395906074624068,-0.23395906074624068,-0.238667185252719,-0.2339590607462407,-0.23866718525271893,-0.22917462425705282,-0.23866718525271896,-0.22917462425705282,-0.21935622811243694,-0.2339590607462407,-0.23395906074624068,-0.23395906074624065,-0.2339590607462407,-0.23395906074624068,4.274252071325551,-0.2339590607462407,-0.23866718525271896,-0.2339590607462407,-0.1273859510596964,-0.2339590607462407,0.0,1.2319729068895058,1.2363605014706862,1.3212570376439308,-0.04357377681743044,-0.5100076264917136,-0.06726979251732956,1.418511191227557,1.4158745681559577,1.5462753288489248,0.008636414235502177,206.45999999999998
2023-04-23,0.7143238640702204,-0.3248148330411089,1.012926650154079,0.5656989990098337,0.10306120140614294,0.8008291722093696,1.0902990164752564,1.3674814665358874,-1.7545576476262683,-0.5048131354490337,1.635342976620017,0.89350541862931,-0.7547474533452672,-0.16775375245083787,0.4543082409614993,-0.3281793638451944,-0.37076015512233923,0.488238536603978,-0.3473624481919801,1.2790803486018893,0.47519807947794346,-0.4054382835153223,-0.38686855295323636,0.0,0.0,1.633586722075315,-0.9135155696435592,0.2938477273069477,-0.8341997474579569,1.0082927524064718,1.3332660627368391,1.2884129892132234,1.2979530898692482,1.3797176462993803,1.2776986997464461,1.3003099644224299,1.3453859308108758,1.381570642598592,1.177130320312093,-0.4543709439681459,-0.2974061025899427,-0.31610457992840685,-0.44968168814958287,0.7524993737712568,0.0,0.0,-0.23395906074624068,-0.23395906074624068,-0.238667185252719,-0.2339590607462407,-0.23866718525271893,-0.22917462425705282,-0.23866718525271896,-0.22917462425705282,-0.21935622811243694,-0.2339590607462407,-0.23395906074624068,-0.23395906074624065,-0.2339590607462407,-0.23395906074624068,4.274252071325551,-0.2339590607462407,-0.23866718525271896,-0.2339590607462407,-0.1273859510596964,-0.2339590607462407,0.0,1.2286953625571055,1.2355619073909536,1.297208869744155,-0.06695665510670859,-0.058485794813157056,-0.28602490305320644,1.323017038503211,1.4226036249431004,1.4689300257305806,0.010206742546936393,202.76
2023-04-30,0.6891944399477984,-0.08394394550062804,0.9991172543209047,0.555408388218776,0.05207281905776114,0.35419286435889724,1.0649953446541627,1.3723636487833666,-0.5761806931698653,0.7141096225489846,0.77879604452116,0.2008127632263432,-0.11338767490693138,-0.16775375245083787,0.4543082409614993,-0.3281793638451944,-0.37076015512233923,0.488238536603978,-0.3473624481919801,1.2790803486018893,0.47519807947794346,-0.4054382835153223,-0.38686855295323636,0.0,0.0,1.633586722075315,-0.9135155696435592,0.2938477273069477,-0.8341997474579569,1.0082927524064718,1.3332660627368391,1.2884129892132234,1.2979530898692482,1.3797176462993803,1.2776986997464461,1.3003099644224299,1.3453859308108758,1.381570642598592,1.1829798762346846,0.0065831910732892405,-0.321204506943136,-0.3770489674267021,-0.4486265504508274,-0.0369860730144218,0.0,0.0,-0.23395906074624068,-0.23395906074624068,-0.238667185252719,-0.2339590607462407,-0.23866718525271893,-0.22917462425705282,-0.23866718525271896,-0.22917462425705282,-0.21935622811243694,-0.2339590607462407,-0.23395906074624068,-0.23395906074624065,-0.2339590607462407,-0.23395906074624068,4.274252071325551,-0.2339590607462407,-0.23866718525271896,-0.2339590607462407,-0.1273859510596964,-0.2339590607462407,0.0,1.1838966093333316,1.2322849769789537,1.2503253782806032,-0.45863211242660695,-0.08284054405774054,-0.5097622853849503,1.3716343996004723,1.3271298339983872,1.4240149073273654,0.009293051114193386,203.24
2023-05-07,0.7761209792407022,-0.3907620827428849,0.985077701890511,0.5607987081569494,0.4215361090267911,0.6479961590287836,1.0591133507659263,1.3171874366775043,-0.7239229377954262,2.48096718223754,-0.24512212718322257,0.21620593334640878,1.0499002116809035,-0.16775375245083787,0.4543082409614993,-0.3281793638451944,-0.37076015512233923,0.488238536603978,-0.34736244819198475,1.279080348601889,0.47519807947794346,-0.4054382835153223,-0.38686855295323636,0.0,0.0,1.633586722075315,-0.9135155696435592,0.2938477273069477,-0.8341997474579569,1.0082927524064718,1.3332660627368391,1.2884129892132234,1.2979530898692482,1.3797176462993803,1.2776986997464461,1.3003099644224299,1.3453859308108758,1.381570642598592,1.1841156854421626,-0.036369580915584045,-0.31807637368956915,-0.4576761553461153,-0.4486678993267302,-1.1192236274889809,0.0,0.0,-0.23395906074624068,-0.23395906074624068,-0.238667185252719,-0.2339590607462407,-0.23866718525271893,-0.22917462425705282,-0.23866718525271896,-0.22917462425705282,-0.21935622811243694,-0.2339590607462407,-0.23395906074624068,-0.23395906074624065,-0.2339590607462407,-0.23395906074624068,4.274252071325551,-0.2339590607462407,-0.23866718525271896,-0.2339590607462407,-0.1273859510596964,-0.2339590607462407,0.0,1.189754275612562,1.1874946150584607,1.2495244250756312,0.019217083316583325,-0.4907953488628321,-0.058251867659467264,1.376515686791156,1.3757368286390148,1.4307412083075348,0.009413149441452837,203.33333333333334
2023-05-14,0.7654527738427245,-0.5277836763895293,0.9839269189044133,0.560798708156949,0.5388087701622467,0.007587034642085134,1.0570047114475023,1.2964173228466864,-1.0026318236065628,-0.12868839869535964,-0.24512212718322257,1.1705824807904956,1.0592674015074786,-0.16775375245083787,0.4543082409614993,-0.3281793638451944,-0.37076015512233923,0.488238536603978,-0.3473624481919801,1.2790803486018893,0.47519807947794346,-0.4054382835153223,-0.38686855295323636,0.0,0.0,1.633586722075315,-0.9135155696435592,0.2938477273069477,-0.8341997474579569,1.0082927524064718,1.3332660627368391,1.2884129892132234,1.2979530898692482,1.3797176462993803,1.2776986997464461,1.3003099644224299,1.3453859308108758,1.381570642598592,1.172734058545696,-0.15043141141957841,-0.3229423581823989,-0.4639795231120623,-0.4544286720052547,-0.5023126237977642,0.0,0.0,-0.23395906074624068,-0.23395906074624068,-0.238667185252719,-0.2339590607462407,-0.23866718525271893,-0.22917462425705282,-0.23866718525271896,-0.22917462425705282,-0.21935622811243694,-0.2339590607462407,-0.23395906074624068,-0.23395906074624065,-0.2339590607462407,-0.23395906074624068,4.274252071325551,-0.2339590607462407,-0.23866718525271896,-0.2339590607462407,-0.1273859510596964,-0.2339590607462407,0.0,1.1908916596092838,1.1933511841318376,1.246237814289786,-0.025310009488384657,0.006914864357054436,-0.08260600124397521,1.3213495902117294,1.380617075015248,1.3353065175439005,0.009226329843089204,202.4
2023-05-21,0.7680117783358427,-0.5153889260568534,0.9735698720295328,0.5534482718776222,0.41271963840368053,-0.20754761828559132,1.0433540463861224,1.194021669776172,-0.787401792728585,-0.5048131354490337,0.946167284126682,1.4938390533118806,-0.09172604843297578,-0.16775375245083787,0.4543082409614993,-0.3281793638451944,-0.37076015512233923,0.488238536603978,-0.3473624481919801,1.2790803486018893,0.47519807947794346,-0.4054382835153223,-0.38686855295323636,0.0,0.0,1.633586722075315,-0.9135155696435592,0.2938477273069477,-0.8341997474579569,1.0082927524064718,1.3332660627368391,1.2884129892132234,1.2979530898692482,1.3797176462993803,1.2776986997464461,1.3003099644224299,1.3453859308108758,1.381570642598592,1.155562829688931,-0.20318763018494107,-0.4505762171500433,-0.4669566989534678,-0.451280249244752,-2.0149301487137583,0.0,0.0,-0.23395906074624068,-0.23395906074624068,-0.238667185252719,-0.2339590607462407,-0.23866718525271893,-0.22917462425705282,-0.23866718525271896,-0.22917462425705282,-0.21935622811243694,-0.2339590607462407,-0.23395906074624068,-0.23395906074624065,-0.2339590607462407,-0.23395906074624068,4.274252071325551,-0.2339590607462407,-0.23866718525271896,-0.2339590607462407,-0.1273859510596964,-0.2339590607462407,0.0,1.1794942521895633,1.1944883550839236,1.2013151372470476,-0.14355247620675002,-0.03946292397333036,-0.490550493420371,1.300583284192784,1.3254627412492472,1.3838936057549902,0.004326086879908438,201.0
2023-05-28,0.7199707339850349,1.6902357463790656,1.0115457105707615,0.5567559682033194,0.5506609259718561,-0.3300994479384217,1.123260378452732,1.1279664568260903,-1.1502071108487255,-0.5117784083518796,0.8280228796992543,0.831932738149045,-0.6719063683164906,-0.16775375245083787,0.4543082409614993,-0.3281793638451944,-0.37076015512233923,0.488238536603978,-0.3473624481919801,1.2790803486018893,0.47519807947794346,-0.4054382835153223,-0.38686855295323636,0.0,0.0,1.633586722075315,-0.9135155696435592,0.2938477273069477,-0.8341997474579569,1.0082927524064718,1.3332660627368391,1.2884129892132234,1.2979530898692482,1.3797176462993803,1.2776986997464461,1.3003099644224299,1.3453859308108758,1.381570642598592,1.1888156333100384,0.2562880482254712,-0.32603696709424973,-0.4489070441513815,-0.46755416692231816,-1.369269423394718,0.0,0.0,-0.23395906074624068,-0.23395906074624068,-0.238667185252719,-0.2339590607462407,-0.23866718525271893,-0.22917462425705282,-0.23866718525271896,-0.22917462425705282,-0.21935622811243694,-0.2339590607462407,-0.23395906074624068,-0.23395906074624065,-0.2339590607462407,-0.23395906074624068,4.274252071325551,-0.2339590607462407,-0.23866718525271896,-0.2339590607462407,-0.1273859510596964,-0.2339590607462407,0.0,1.1622992155785346,1.183093082525006,1.2071890071998919,-0.19824233532953298,-0.1626199447369917,0.007147138257230504,1.198206403449981,1.304700863134366,1.388771853483059,0.009107518614887308,203.72
2023-06-04,0.7828028243060667,4.346224377128221,0.9652842345296285,0.5353171957219495,0.6008331974350688,0.2100562146362086,1.0679918321066606,0.9929530500285992,-1.3824193605023845,-0.5082957719004566,1.0347755874472553,1.2167619911506924,-0.6502447418425351,-0.16775375245083787,0.4543082409614993,-0.3281793638451944,-0.37076015512233923,0.488238536603978,-0.3473624481919801,1.2790803486018893,0.47519807947794346,-0.4054382835153223,-0.38686855295323636,0.0,0.0,1.633586722075315,-0.9135155696435592,0.2938477273069477,-0.8341997474579569,1.0082927524064718,1.3332660627368391,1.2884129892132234,1.2979530898692482,1.3797176462993803,1.2776986997464461,1.3003099644224299,1.3453859308108758,1.381570642598592,1.1531000385054313,-0.3721682671126774,-0.25537978628046215,-0.42068203673048377,-0.5032845187723807,-2.733554771372752,0.0,0.0,-0.23395906074624068,-0.23395906074624068,-0.238667185252719,-0.2339590607462407,-0.23866718525271893,-0.22917462425705282,-0.23866718525271896,-0.22917462425705282,-0.21935622811243694,-0.2339590607462407,-0.23395906074624068,-0.23395906074624065,-0.2339590607462407,-0.23395906074624068,4.274252071325551,-0.2339590607462407,-0.23866718525271896,-0.2339590607462407,-0.1273859510596964,-0.2339590607462407,0.0,1.1955981239125772,1.1659012667350213,1.2083295374665064,0.2780742148457593,-0.2195828980859694,-0.03922947769595674,1.1321633004876515,1.2023458117436825,1.3336401075332138,0.011820257662985242,200.8
2023-06-11,0.7691548003427691,5.174250097387643,0.9735698720295328,0.5181661777368534,0.8851736490177134,0.31798031498549895,1.0560058822966696,0.9645104111912972,-1.5260366939009222,-0.5640179551232232,0.7591053104499206,1.4476595429516812,-0.733964000917553,-0.16775375245083787,0.4543082409614993,-0.3281793638451944,-0.37076015512233923,0.488238536603978,-0.3473624481919801,1.2790803486018893,0.47519807947794346,-0.4054382835153223,-0.38686855295323636,0.0,0.0,1.633586722075315,-0.9135155696435592,0.2938477273069477,-0.8341997474579569,1.0082927524064718,1.3332660627368391,1.2884129892132234,1.2979530898692482,1.3797176462993803,1.2776986997464461,1.3003099644224299,1.3453859308108758,1.381570642598592,1.12982916615173,-0.2587690205675208,-0.24404992760130076,-0.4166584935688642,-0.5038035975803269,-0.6856570559954855,0.0,0.0,-0.23395906074624068,-0.23395906074624068,-0.238667185252719,-0.2339590607462407,-0.23866718525271893,-0.22917462425705282,-0.23866718525271896,-0.22917462425705282,-0.21935622811243694,-0.2339590607462407,-0.23395906074624068,-0.23395906074624065,-0.2339590607462407,-0.23395906074624068,4.274252071325551,-0.2339590607462407,-0.23866718525271896,-0.2339590607462407,-0.1273859510596964,-0.2339590607462407,0.0,1.1598330097572245,1.1991939378142602,1.1969006021547774,-0.37341651278827837,0.27653096766868257,-0.16238338519164952,0.9971746458729128,1.1363167908488976,1.3128867322041318,0.012255244591339946,198.92000000000002
2023-06-18,0.7723962060340525,5.312681641951138,0.949403429321478,0.5068955087752189,0.9957195780087487,0.44463504432102974,1.0280386660733563,1.154436500894852,-0.795667189851206,-0.5257089541575712,0.621270171951255,1.6015912441523397,-0.7111314757152754,-0.16775375245083787,0.4543082409614993,-0.3281793638451944,-0.37076015512233923,0.488238536603978,-0.3473624481919801,1.2940762910171812,0.47519807947794346,-0.4054382835153223,-0.38686855295323636,0.0,0.0,1.633586722075315,-0.9135155696435592,0.2938477273069477,-0.8341997474579569,1.0082927524064718,1.3332660627368391,1.2884129892132234,1.2979530898692482,1.3797176462993803,1.2776986997464461,1.3003099644224299,1.3453859308108758,1.381570642598592,1.115860897724611,-0.1740014992070366,-0.24600015107948545,-0.460258822977079,-0.5064266705820091,3.5470108950386985,0.0,0.0,-0.23395906074624068,-0.23395906074624068,-0.238667185252719,-0.2339590607462407,-0.23866718525271893,-0.22917462425705282,-0.23866718525271896,-0.22917462425705282,-0.21935622811243694,-0.2339590607462407,-0.23395906074624068,-0.23395906074624065,-0.2339590607462407,-0.23395906074624068,4.274252071325551,-0.2339590607462407,-0.23866718525271896,-0.2339590607462407,-0.1273859510596964,-0.2339590607462407,0.0,1.1365298725484494,1.1634355228614108,1.1796580000547399,-0.25586091530000354,-0.4020379026989031,-0.2193448985826211,0.9687372214614308,1.001356919245053,1.2105735991347397,0.012180369719163378,197.8
2023-06-25,0.7910598788038617,3.769426274780326,0.8858802084888776,0.4554424548199307,1.0075902817930205,0.07002246459622008,0.9814266390345006,1.1730783982569686,-0.6107159857795899,-0.5361568635118399,0.9067858159842049,1.1397961405503618,-0.7058624314378267,-0.16775375245083787,0.4543082409614993,-0.3281793638451944,-0.37076015512233923,0.488238536603978,-0.3473624481919801,1.3165702046401193,0.47519807947794346,-0.4054382835153223,-0.38686855295323636,0.0,0.0,1.633586722075315,-0.9135155696435592,0.2938477273069477,-0.8341997474579569,1.0082927524064718,1.3332660627368391,1.2884129892132234,1.2979530898692482,1.3797176462993803,1.2776986997464461,1.3003099644224299,1.3453859308108758,1.381570642598592,1.0755114032250965,-0.4143934542184034,-0.43707756071008497,-0.43716579693265584,-0.5159795041946325,0.22656896682054978,0.0,0.0,-0.23395906074624068,-0.23395906074624068,-0.238667185252719,-0.2339590607462407,-0.23866718525271893,-0.22917462425705282,-0.23866718525271896,-0.22917462425705282,-0.21935622811243694,-0.2339590607462407,-0.23395906074624068,-0.23395906074624065,-0.2339590607462407,-0.23395906074624068,4.274252071325551,-0.2339590607462407,-0.23866718525271896,-0.2339590607462407,-0.1273859510596964,-0.2339590607462407,0.0,1.1225422372428746,1.1401367505886584,1.2130490209497617,-0.16798646353136934,-0.27959629975744993,0.27675642598357536,1.158628491768947,0.972925558414981,1.1445716196577922,0.004844340396391623,194.6
2023-07-02,0.7592386579319356,-0.733828776283805,0.8751779267181675,0.43461621869517136,1.4361876063165664,1.057171208906775,0.9210807111716964,1.1726904858848715,-0.29402479917723273,-0.4691161118219489,0.5794273620498736,0.5433107983978095,-0.7104728451805942,-0.16775375245083787,0.4543082409614993,-0.3281793638451944,-0.37076015512233923,0.488238536603978,-0.34736244819198475,1.3165702046401193,0.47519807947794346,-0.4054382835153223,-0.38686855295323636,0.0,0.0,1.633586722075315,-0.9135155696435592,0.2938477273069477,-0.8341997474579569,1.0082927524064718,1.3332660627368391,1.2884129892132234,1.2979530898692482,1.3797176462993803,1.2776986997464461,1.3003099644224299,1.3453859308108758,1.381570642598592,1.0805912274722547,-0.00043078552445518484,-0.3638454862779015,-0.4326207641789285,-0.5117776019317662,-0.1317729038689464,0.0,0.0,-0.23395906074624068,-0.23395906074624068,-0.238667185252719,-0.2339590607462407,-0.23866718525271893,-0.22917462425705282,-0.23866718525271896,-0.22917462425705282,-0.21935622811243694,-0.2339590607462407,-0.23395906074624068,-0.23395906074624065,-0.2339590607462407,-0.23395906074624068,4.274252071325551,-0.2339590607462407,-0.23866718525271896,-0.2339590607462407,-0.1273859510596964,-0.2339590607462407,0.0,1.082136798532394,1.1261517353222943,1.1771849721318817,-0.4171893530010322,-0.18806949063867398,-0.40179529094269223,1.1772669714878734,1.1627763390789967,1.0096670193002855,0.007655937258838666,195.0
2023-07-09,0.7732918576066435,-0.7222928142368471,0.9131537652593962,0.4725934728050268,1.1514761952406634,1.1352154963494439,0.9485485128195936,1.176522303219005,-0.10549422385868094,-0.24274474247945987,-0.9466045284710806,0.23544739599649278,-0.5648423158455546,-0.16775375245083787,0.4543082409614993,-0.3281793638451944,-0.37076015512233923,0.488238536603978,-0.34736244819198475,1.3165702046401193,0.47519807947794346,-0.4054382835153223,-0.38686855295323636,0.0,0.0,1.633586722075315,-0.9135155696435592,0.2938477273069477,-0.8341997474579569,1.0082927524064718,1.3332660627368391,1.2884129892132234,1.2979530898692482,1.3797176462993803,1.2776986997464461,1.3003099644224299,1.3453859308108758,1.381570642598592,1.0774175598925018,-0.07563854995878597,-0.3551254333191294,-0.429672563034847,-0.5117345474526467,-0.052518095682468895,0.0,0.0,-0.23395906074624068,-0.23395906074624068,-0.238667185252719,-0.2339590607462407,-0.23866718525271893,-0.22917462425705282,-0.23866718525271896,-0.22917462425705282,-0.21935622811243694,-0.2339590607462407,-0.23395906074624068,-0.23395906074624065,-0.2339590607462407,-0.23395906074624068,4.274252071325551,-0.2339590607462407,-0.23866718525271896,-0.2339590607462407,-0.1273859510596964,-0.2339590607462407,0.0,1.087223665910151,1.0857538649985659,1.1538173730006431,0.01194602786571411,-0.4476300891661128,-0.27935678318426715,1.1768791302322539,1.1814108446004887,0.981247302203491,0.007990725993547524,194.75
2023-07-16,0.8334028731499932,-0.7234976813839739,0.9701175230712394,0.46377294926983453,1.5656988394004427,0.5695059042292996,1.1072791120394105,1.2472254502389661,0.4910503360040048,-0.6058095925402981,0.8181775126636371,0.89350541862931,-0.5887725586056339,-0.16775375245083787,0.4543082409614993,-0.3281793638451944,-0.37076015512233923,0.488238536603978,-0.3473624481919801,1.3165702046401193,0.47519807947794346,-0.4054382835153223,-0.38686855295323636,0.0,0.0,1.633586722075315,-0.9135155696435592,0.2938477273069477,-0.8341997474579569,1.0082927524064718,1.3332660627368391,1.2884129892132234,1.2979530898692482,1.3797176462993803,1.2776986997464461,1.3003099644224299,1.3453859308108758,1.381570642598592,1.155562829688931,0.6653587896516862,-0.041174566281022174,-0.248636024943217,-0.39448937027072495,1.1914025272425146,0.0,0.0,-0.23395906074624068,-0.23395906074624068,-0.238667185252719,-0.2339590607462407,-0.23866718525271893,-0.22917462425705282,-0.23866718525271896,-0.22917462425705282,-0.21935622811243694,-0.2339590607462407,-0.23395906074624068,-0.23395906074624065,-0.2339590607462407,-0.23395906074624068,4.274252071325551,-0.2339590607462407,-0.23866718525271896,-0.2339590607462407,-0.1273859510596964,-0.2339590607462407,0.0,1.0840455980688626,1.0908397795496516,1.1397910446275028,-0.06601827924557323,-0.0006584005788786638,-0.18783228775805477,1.1807102450743523,1.181023086042479,1.171020331687539,0.02004423232354091,201.0
2023-07-23,0.807710468039085,-0.7261637703903818,0.8907134970304881,0.4549524257346423,1.7827101429566683,1.2372082308530914,1.0107256274589238,1.382585906477853,1.3528393765036917,-0.5257089541575712,0.9363219170910633,0.9088985887493756,-0.6941534441546074,-0.16775375245083787,0.4543082409614993,-0.3970962392905446,-0.37076015512233923,0.488238536603978,-0.6777752489508674,1.2711279548968093,0.47519807947794346,0.5617396150946108,-0.38686855295323636,0.0,0.0,1.633586722075315,-0.9135155696435592,0.2938477273069477,-0.8341997474579569,1.0082927524064718,1.3332660627368391,1.2884129892132234,1.2979530898692482,1.3797176462993803,1.2776986997464461,1.3003099644224299,1.3453859308108758,1.381570642598592,1.1208586237462286,-0.36295225322754726,-0.0607842639936877,-0.25873617931826215,-0.3795650983984814,2.333323492674507,0.0,0.0,-0.23395906074624068,-0.23395906074624068,-0.238667185252719,-0.2339590607462407,-0.23866718525271893,-0.22917462425705282,-0.23866718525271896,-0.22917462425705282,-0.21935622811243694,-0.2339590607462407,-0.23395906074624068,-0.23395906074624065,-0.2339590607462407,-0.23395906074624068,4.274252071325551,-0.2339590607462407,-0.23866718525271896,-0.2339590607462407,-0.1273859510596964,-0.2339590607462407,0.0,1.1622992155785346,1.0876623069957134,1.0992738350325304,0.702138367725126,-0.08186316614419252,-0.4473863248918168,1.2514004299947876,1.1848533839935538,1.1896472056639442,0.01929135778065844,198.2
2023-07-30,0.8211878917028416,-0.33122370084497443,0.8699994032807271,0.45005213488175766,0.9617767843755951,-0.27426433486515256,1.0047326525539284,1.4760061513980893,1.3207908850744239,-0.5048131354490337,0.5031257675238253,0.8011463979089138,-0.6701500202240079,-0.16775375245083787,0.4543082409614993,-0.3970962392905446,-0.37076015512233923,0.488238536603978,-0.6777752489508674,1.2711279548968093,0.47519807947794346,0.5617396150946108,-0.38686855295323636,0.0,0.0,1.633586722075315,-0.9135155696435592,0.2938477273069477,-0.8341997474579569,1.0082927524064718,1.3332660627368391,1.2884129892132234,1.2979530898692482,1.3797176462993803,1.2776986997464461,1.3003099644224299,1.3453859308108758,1.381570642598592,1.1208586237462286,-0.04671934233896527,-0.05774451081582846,-0.27677932614472056,-0.3797823489201725,1.526887304607461,0.0,0.0,-0.23395906074624068,-0.23395906074624068,-0.238667185252719,-0.2339590607462407,-0.23866718525271893,-0.22917462425705282,-0.23866718525271896,-0.22917462425705282,-0.21935622811243694,-0.2339590607462407,-0.23395906074624068,-0.23395906074624065,-0.2339590607462407,-0.23395906074624068,4.274252071325551,-0.2339590607462407,-0.23866718525271896,-0.2339590607462407,-0.1273859510596964,-0.2339590607462407,0.0,1.1275468925666403,1.1659012667350213,1.104374773874037,-0.36386271016847616,0.7182206510011837,-0.00042593523526724547,1.3867360704258984,1.2555284959705,1.1892596059079437,0.019408062934291592,198.2
2023-08-06,0.45354424619150885,-0.5815540772639608,0.8786302756764609,0.4480920185406039,0.7473621972721787,-0.19198335753273904,1.0188827321907237,1.345136641353095,0.2504098151173056,-0.6998407767287167,1.60088419199535,1.197520528500611,-0.7229136441690147,-0.16775375245083787,0.4543082409614993,-0.3970962392905446,-0.37076015512233923,0.488238536603978,-0.677775248950872,1.2711279548968095,0.47519807947794346,0.5617396150946158,-0.38686855295323636,0.0,0.0,1.633586722075315,-0.9135155696435592,0.2938477273069477,-0.8341997474579569,1.0082927524064718,1.3332660627368391,1.2884129892132234,1.2979530898692482,1.3797176462993803,1.2776986997464461,1.3003099644224299,1.3453859308108758,1.381570642598592,1.1308238881351333,0.044086497468481096,-0.06579274333688649,-0.2837865466716576,-0.3772000792652934,-2.447978796958284,0.0,0.0,-0.23395906074624068,-0.23395906074624068,-0.238667185252719,-0.2339590607462407,-0.23866718525271893,-0.22917462425705282,-0.23866718525271896,-0.22917462425705282,-0.21935622811243694,-0.2339590607462407,-0.23395906074624068,-0.23395906074624065,-0.2339590607462407,-0.23395906074624068,4.274252071325551,-0.2339590607462407,-0.23866718525271896,-0.2339590607462407,-0.1273859510596964,-0.2339590607462407,0.0,1.1275468925666403,1.131155453218618,1.1011879147545214,-0.036039114178707164,-0.3920870119548744,-0.08162864803741778,1.4801391884916253,1.3908352794045244,1.1930883352050246,0.01909906738172936,199.0
2023-08-13,-0.4932874162622715,-0.13947037615331873,0.8699994032807271,0.4480920185406039,0.951389918564357,0.01383057763749878,1.0180503745650298,1.3413941148241237,0.38762556280025023,-0.5953616831860293,2.0685391261872565,1.2321551612707577,-0.8083160701659953,4.017041101219027,0.4543082409614993,-0.3970962392905446,-0.37076015512233923,0.488238536603978,-0.6777752489508674,1.2711279548968093,0.47519807947794346,0.5617396150946108,-0.38686855295323636,0.0,0.0,1.633586722075315,-0.9135155696435592,0.2938477273069477,-0.8341997474579569,1.0082927524064718,1.3332660627368391,1.2884129892132234,1.2979530898692482,1.3797176462993803,1.2776986997464461,1.3003099644224299,1.3453859308108758,1.381570642598592,1.1148601398067077,-0.19218478277939957,-0.3576236606150712,-0.2824378745376371,-0.3777205957651014,-0.19197921846687668,0.0,0.0,-0.23395906074624068,-0.23395906074624068,-0.238667185252719,-0.2339590607462407,-0.23866718525271893,-0.22917462425705282,-0.23866718525271896,-0.22917462425705282,-0.21935622811243694,-0.2339590607462407,-0.23395906074624068,-0.23395906074624065,-0.2339590607462407,-0.23395906074624068,4.274252071325551,-0.2339590607462407,-0.23866718525271896,-0.2339590607462407,-0.1273859510596964,-0.2339590607462407,0.0,1.1375259737049301,1.131155453218618,1.1796580000547399,0.05809497470818991,-0.05063796628929307,0.7184349439084154,1.349293670923424,1.484218481552336,1.2637345030115474,0.007894811627043346,197.72
2023-08-20,-0.8332596931880182,0.9110712342563136,0.8838087991139014,0.42359056427618097,0.06572412840967423,0.7257728660573629,1.0313680965761314,1.3559555916329828,0.4427337162484179,-0.6719796851173333,1.6156522425487791,0.6472146967082555,-0.7992416050215003,-0.16775375245083787,0.4543082409614993,-0.3419627389342645,-0.37076015512233923,0.488238536603978,-0.30429371495873647,1.3158885708939696,0.47519807947794346,0.14703599813668805,-0.38686855295323636,0.0,0.0,1.633586722075315,-0.9135155696435592,0.2938477273069477,-0.8341997474579569,1.0082927524064718,1.3332660627368391,1.2884129892132234,1.2979530898692482,1.3797176462993803,1.2776986997464461,1.3003099644224299,1.3453859308108758,1.381570642598592,1.1233537056918235,0.030676033544540873,-0.4379794135329135,-0.3262439052457188,-0.3988565858431414,0.13779147678060913,0.0,0.0,-0.23395906074624068,-0.23395906074624068,-0.238667185252719,-0.2339590607462407,-0.23866718525271893,-0.22917462425705282,-0.23866718525271896,-0.22917462425705282,-0.21935622811243694,-0.2339590607462407,-0.23395906074624068,-0.23395906074624065,-0.2339590607462407,-0.23395906074624068,4.274252071325551,-0.2339590607462407,-0.23866718525271896,-0.2339590607462407,-0.1273859510596964,-0.2339590607462407,0.0,1.1215400917831255,1.141132665164346,1.1448095439972672,-0.1868362075091362,0.04740865148996258,-0.39184465174574723,1.3455518305166891,1.3534008635729435,1.3989858731255274,0.004809715587703432,198.4
2023-08-27,-0.8344880153447148,0.9854141007811535,1.0840450386949256,0.5779497261420451,0.16681059032261714,0.5338285156840796,1.1412393031677195,1.3866241590966335,0.33471339439020326,-0.4490909522262672,2.186683530614683,1.0166507795898372,-0.7357203490100358,4.017041101219027,0.4543082409614993,-0.3281793638451944,-0.37076015512233923,0.488238536603978,-0.21092333146070494,1.3270787248932598,0.47519807947794346,0.0433600938972049,-0.38686855295323636,0.0,0.0,1.633586722075315,-0.9135155696435592,0.2938477273069477,-0.8341997474579569,1.0082927524064718,1.3332660627368391,1.2884129892132234,1.2979530898692482,1.3797176462993803,1.2776986997464461,1.3003099644224299,1.3453859308108758,1.381570642598592,1.2211480016901168,0.8444053513912172,-0.03768489394952293,-0.1725216763716921,-0.27550034423684944,0.4249828220211006,0.0,0.0,-0.23395906074624068,-0.23395906074624068,-0.238667185252719,-0.2339590607462407,-0.23866718525271893,-0.22917462425705282,-0.23866718525271896,-0.22917462425705282,-0.21935622811243694,-0.2339590607462407,-0.23395906074624068,-0.23395906074624065,-0.2339590607462407,-0.23395906074624068,4.274252071325551,-0.2339590607462407,-0.23866718525271896,-0.2339590607462407,-0.1273859510596964,-0.2339590607462407,0.0,1.1300454339208963,1.125149777575503,1.1448095439972672,0.04419298552216846,-0.20770269328480048,-0.050404237519690635,1.3601106377511432,1.3496598210216544,1.492330831268596,0.020178211209900297,206.4
2023-09-03,-0.8344880153447148,0.9065850267936079,1.279965842078083,0.7206706972323086,0.2036746899651811,0.5064015232399419,1.2269721386141859,1.3697754184840039,-0.12718799679949436,-0.360283722714983,1.7485646975296345,0.8704156634492103,-0.681200376972546,-0.16775375245083787,0.4543082409614993,-0.3281793638451944,-0.37076015512233923,0.488238536603978,-0.21092333146070025,1.3270787248932598,0.47519807947794346,0.0433600938972049,-0.38686855295323636,0.0,0.0,0.38964183287400084,-0.13668289738988382,0.5377424161785838,-0.8341997474579569,1.0082927524064718,1.3332660627368391,1.2884129892132234,1.2979530898692482,1.3797176462993803,1.2776986997464461,1.3003099644224299,1.3453859308108758,1.381570642598592,1.2902897776650815,0.5833168301258006,-0.008994972936355603,-0.14506805704267736,-0.24395969638520323,-0.4258628324929257,0.0,0.0,-0.23395906074624068,-0.23395906074624068,-0.238667185252719,-0.2339590607462407,-0.23866718525271893,-0.22917462425705282,-0.23866718525271896,-0.22917462425705282,-0.21935622811243694,-0.2339590607462407,-0.23395906074624068,-0.23395906074624065,-0.2339590607462407,-0.23395906074624068,-0.2339590607462407,-0.2339590607462407,-0.23866718525271896,4.274252071325551,-0.1273859510596964,-0.2339590607462407,0.0,1.227975320830414,1.1336535265683703,1.1548162296056688,0.887747409978598,0.03292884894222774,0.04763990175373023,1.3907735827065957,1.3642155239485025,1.3615667881237283,0.021279702496743113,212.25
2023-09-10,2.43523732566234,0.8777451216762131,1.3222571168171786,0.7470097605665632,0.14919001439283805,0.4571221303118568,1.2744165232787352,1.362726359030992,-0.4841314787998236,-0.05207039676405557,-0.9736792878190328,-0.2917686806157658,-0.4863189198774653,-0.16775375245083787,0.4543082409614993,-0.3281793638451944,-0.37076015512233923,0.488238536603978,-0.21092333146070494,1.3270787248932598,0.47519807947794346,0.0433600938972049,-0.38686855295323636,0.0,0.0,0.38964183287400084,-0.13668289738988382,0.5377424161785838,-0.8341997474579569,1.0082927524064718,1.3332660627368391,1.2884129892132234,1.2979530898692482,1.3797176462993803,1.2776986997464461,1.3003099644224299,1.3453859308108758,1.381570642598592,1.3221364537871865,0.24347508276462437,-0.14697394816337203,-0.19667890649065187,-0.25118373251727455,-0.2509260798816578,0.0,0.0,-0.23395906074624068,-0.23395906074624068,-0.238667185252719,-0.2339590607462407,-0.23866718525271893,-0.22917462425705282,-0.23866718525271896,-0.22917462425705282,-0.21935622811243694,-0.2339590607462407,-0.23395906074624068,-0.23395906074624065,-0.2339590607462407,-0.23395906074624068,-0.2339590607462407,-0.2339590607462407,-0.23866718525271896,4.274252071325551,-0.1273859510596964,-0.2339590607462407,0.0,1.2972129612554717,1.2315650701240626,1.1387861269992534,0.6170893760871276,0.9115442284361908,-0.20746499409937835,1.3739279309954067,1.3948719307850201,1.3578272776729214,0.015982279791734392,215.0
2023-09-17,-0.8361940183401273,1.0213037604828001,1.2704718824427759,0.7543601968458901,0.1399160270613754,0.18864978150907658,1.27108709277596,1.3744405622911655,-0.27941871002583685,-0.4142645877120381,0.4735896664169688,0.43171031502733215,-0.33498025924185626,-0.16775375245083787,0.4543082409614993,-0.2592624883998443,-0.37076015512233923,0.488238536603978,-0.09716927269197187,1.3396321463848495,0.47519807947794346,0.2173129533594239,-0.4129682278914699,0.0,0.0,0.38964183287400084,-0.13668289738988382,0.5377424161785838,-0.8341997474579569,1.0082927524064718,1.3332660627368391,1.2884129892132234,1.2979530898692482,1.3797176462993803,1.2776986997464461,1.3003099644224299,1.3453859308108758,1.381570642598592,1.3221364537871865,-0.04671934233896527,-0.11327299625160736,-0.2521538513896434,-0.29220828946286603,0.08552312147604656,0.0,0.0,-0.23395906074624068,-0.23395906074624068,-0.238667185252719,-0.2339590607462407,-0.23866718525271893,-0.22917462425705282,-0.23866718525271896,-0.22917462425705282,-0.21935622811243694,-0.2339590607462407,-0.23395906074624068,-0.23395906074624065,-0.2339590607462407,-0.23395906074624068,-0.2339590607462407,-0.2339590607462407,-0.23866718525271896,4.274252071325551,-0.1273859510596964,-0.2339590607462407,0.0,1.3291037925073905,1.3007897415712482,1.147314996900711,0.2647916238565266,0.6296367376256473,0.033160465238765445,1.366880163855595,1.378029870994783,1.3723770194808644,0.017276159439297053,215.0
2023-09-24,-0.8361940183401273,0.9956682892673381,1.2877336272342434,0.7543601968458901,0.08148990687316063,0.1351336986912466,1.2744165232787352,1.390307042874953,-0.039663411752383346,-0.38292085964923195,0.5818887038087779,0.2931717839467393,-0.41021050253653996,-0.16775375245083787,0.4543082409614993,0.016405013381543185,-0.37076015512233923,0.488238536603978,0.3578469623829603,1.3898458323512064,0.47519807947794346,0.9131243912082999,-0.5173669276444115,0.0,0.0,0.38964183287400084,-0.13668289738988382,0.5377424161785838,-0.8341997474579569,1.0082927524064718,1.3332660627368391,1.2884129892132234,1.2979530898692482,1.3797176462993803,1.2776986997464461,1.3003099644224299,1.3453859308108758,1.381570642598592,1.3221364537871865,-0.04671934233896527,-0.21697636000312456,-0.2521538513896434,-0.2897612525737735,0.15904742506800795,0.0,0.0,-0.23395906074624068,-0.23395906074624068,-0.238667185252719,-0.2339590607462407,-0.23866718525271893,-0.22917462425705282,-0.23866718525271896,-0.22917462425705282,-0.21935622811243694,-0.2339590607462407,-0.23395906074624068,-0.23395906074624065,-0.2339590607462407,-0.23395906074624068,-0.2339590607462407,-0.2339590607462407,-0.23866718525271896,4.274252071325551,-0.1273859510596964,-0.2339590607462407,0.0,1.3291037925073905,1.3326745993168156,1.2455157807594357,-0.036039114178707164,0.2626963075871023,0.9117536343455277,1.3785922195357114,1.370983606617992,1.4030208713423813,0.013294679269443608,215.0
2023-10-01,-0.8361940183401273,0.9995136099496575,1.2929121506716839,0.7543601968458901,0.0981830840697935,0.1061458204982554,1.2810753842842861,1.3915282001573426,-0.05712093356135341,-0.3167507670721966,0.4932804004882065,0.5625522610478908,-0.410795951900701,-0.16775375245083787,0.4543082409614993,0.016405013381543185,-0.37076015512233923,0.488238536603978,0.3578469623829603,1.3898458323512064,0.47519807947794346,0.9131243912082999,-0.5173669276444115,0.0,0.0,0.38964183287400084,-0.13668289738988382,0.5377424161785838,-0.8341997474579569,1.0082927524064718,1.3332660627368391,1.2884129892132234,1.2979530898692482,1.3797176462993803,1.2776986997464461,1.3003099644224299,1.3453859308108758,1.381570642598592,1.3221364537871865,-0.04671934233896527,-0.39560483726605633,-0.24403096914542322,-0.29163657748318156,-0.10270592609538537,0.0,0.0,-0.23395906074624068,-0.23395906074624068,-0.238667185252719,-0.2339590607462407,-0.23866718525271893,-0.22917462425705282,-0.23866718525271896,-0.22917462425705282,-0.21935622811243694,-0.2339590607462407,-0.23395906074624068,-0.23395906074624065,-0.2339590607462407,-0.23395906074624068,-0.2339590607462407,-0.2339590607462407,-0.23866718525271896,4.274252071325551,-0.1273859510596964,-0.2339590607462407,0.0,1.3291037925073905,1.3326745993168156,1.3149449486757767,-0.036039114178707164,-0.05063796628929307,0.6298532698324197,1.3944557912970617,1.3826931649902625,1.386185709021921,0.006436601437970425,215.0
2023-10-08,-0.8361940183401273,1.1674259464109336,1.2670195334844825,0.7568103422723322,0.2604778623703898,0.2662481015949299,1.27108709277596,1.3881855145505995,-0.09392017877849715,-0.12868839869535964,-0.058060153506459274,0.13924008274608096,-0.20793774721892702,-0.16775375245083787,0.4543082409614993,0.016405013381543185,-0.37076015512233923,0.488238536603978,0.3578469623829603,1.3898458323512064,0.47519807947794346,0.9131243912082999,-0.5173669276444115,0.0,0.0,0.38964183287400084,-0.13668289738988382,0.5377424161785838,-0.8341997474579569,1.0082927524064718,1.3332660627368391,1.2884129892132234,1.2979530898692482,1.3797176462993803,1.2776986997464461,1.3003099644224299,1.3453859308108758,1.381570642598592,1.3221364537871865,-0.04671934233896527,-0.5632553571153002,-0.26626481454098455,-0.34052200188023274,-0.1841133894413592,0.0,0.0,-0.23395906074624068,-0.23395906074624068,-0.238667185252719,-0.2339590607462407,-0.23866718525271893,-0.22917462425705282,-0.23866718525271896,-0.22917462425705282,-0.21935622811243694,-0.2339590607462407,-0.23395906074624068,-0.23395906074624065,-0.2339590607462407,-0.23395906074624068,-0.2339590607462407,-0.2339590607462407,-0.23866718525271896,4.274252071325551,-0.1273859510596964,-0.2339590607462407,0.0,1.3291037925073905,1.3326745993168156,1.3469239974184581,-0.036039114178707164,-0.05063796628929307,0.2629221156263049,1.3956767247031048,1.3985533542350588,1.3791423303607837,0.0,215.0
2023-10-15,-0.8334644135474677,1.3366200564329829,1.2670195334844825,0.7543601968458901,0.22152711557824678,0.2903303388629535,1.27108709277596,1.3833498230626022,-0.2290510038606233,2.1245773853752623,0.04039351684973092,0.03148789190561928,0.6418420048607115,-0.16775375245083787,0.4543082409614993,0.016405013381543185,-0.37076015512233923,0.488238536603978,0.3578469623829603,1.3898458323512064,0.47519807947794346,0.9131243912082999,-0.5173669276444115,0.0,0.0,0.38964183287400084,-0.13668289738988382,0.5377424161785838,-0.8341997474579569,1.0082927524064718,1.3332660627368391,1.2884129892132234,1.2979530898692482,1.3797176462993803,1.2776986997464461,1.3003099644224299,1.3453859308108758,1.381570642598592,1.3221364537871865,-0.04671934233896527,-0.5632553571153002,-0.2585400118073579,-0.3760866922381355,-0.2108289438869117,0.0,0.0,-0.23395906074624068,-0.23395906074624068,-0.238667185252719,-0.2339590607462407,-0.23866718525271893,-0.22917462425705282,-0.23866718525271896,-0.22917462425705282,-0.21935622811243694,-0.2339590607462407,-0.23395906074624068,-0.23395906074624065,-0.2339590607462407,-0.23395906074624068,-0.2339590607462407,-0.2339590607462407,-0.23866718525271896,4.274252071325551,-0.1273859510596964,-0.2339590607462407,0.0,1.3291037925073905,1.3326745993168156,1.3469239974184581,-0.036039114178707164,-0.05063796628929307,-0.050404237519690635,1.3923346519152435,1.399774027307079,1.3908470932195613,0.0,215.0
2023-10-22,-0.8361940183401273,1.5647757502505943,1.2670195334844825,0.7568103422723322,0.23822029277487938,0.2234352353406661,1.2910636757926122,1.3922797192062297,-0.08083339792341836,1.1773002705882314,-0.422338733824367,-0.5380594025368203,1.5150397315067892,-0.16775375245083787,0.4543082409614993,0.15423876427223693,-0.37076015512233923,0.488238536603978,0.37264156540201093,1.3881417479858322,0.47519807947794346,0.9774869492093168,-0.43906790282970715,0.0,0.0,0.38964183287400084,-0.13668289738988382,0.5377424161785838,-0.8341997474579569,1.0082927524064718,1.3332660627368391,1.2884129892132234,1.2979530898692482,1.3797176462993803,1.2776986997464461,1.3003099644224299,1.3453859308108758,1.381570642598592,1.3359057298179353,0.07874954887327427,-0.4907697301804874,-0.41623062533171307,-0.3808296913204412,0.034888978942143926,0.0,0.0,-0.23395906074624068,-0.23395906074624068,-0.238667185252719,-0.2339590607462407,-0.23866718525271893,-0.22917462425705282,-0.23866718525271896,-0.22917462425705282,-0.21935622811243694,-0.2339590607462407,-0.23395906074624068,-0.23395906074624065,-0.2339590607462407,-0.23395906074624068,-0.2339590607462407,-0.2339590607462407,-0.23866718525271896,4.274252071325551,-0.1273859510596964,-0.2339590607462407,0.0,1.3291037925073905,1.3326745993168156,1.3469239974184581,-0.036039114178707164,-0.05063796628929307,-0.050404237519690635,1.3874998469608306,1.39643266713405,1.406700787108247,0.002782938525811603,216.2
2023-10-29,-0.8355116171419622,2.241552190338791,1.2980906741091243,0.7622006622105055,0.38901532678446193,0.23663586910239737,1.343002791635908,1.4189768339318287,-0.044444504656468806,0.19867942773839387,0.31606379384706207,-0.9382818256585331,1.499525323356523,-0.16775375245083787,0.4543082409614993,0.15423876427223693,-0.37076015512233923,0.488238536603978,0.37264156540201093,1.3881417479858322,0.47519807947794346,0.9774869492093168,-0.43906790282970715,0.0,0.0,0.38964183287400084,-0.13668289738988382,0.5377424161785838,-0.8341997474579569,1.0082927524064718,1.3332660627368391,1.2884129892132234,1.2979530898692482,1.3797176462993803,1.2776986997464461,1.3003099644224299,1.3453859308108758,1.381570642598592,1.379009614631013,0.34605342380789905,-0.34929758473866845,-0.5045572476938742,-0.37296812742015295,0.3500131373430202,0.0,0.0,-0.23395906074624068,-0.23395906074624068,-0.238667185252719,-0.2339590607462407,-0.23866718525271893,-0.22917462425705282,-0.23866718525271896,-0.22917462425705282,-0.21935622811243694,-0.2339590607462407,-0.23395906074624068,-0.23395906074624065,-0.2339590607462407,-0.23395906074624068,-0.2339590607462407,-0.2339590607462407,-0.23866718525271896,4.274252071325551,-0.1273859510596964,-0.2339590607462407,0.0,1.3428921595154286,1.3326745993168156,1.3469239974184581,0.09402850903757903,-0.05063796628929307,-0.050404237519690635,1.3964281059750312,1.3915988930828938,1.4079209602678022,0.008214474411309665,220.0
2023-11-05,-0.8361940183401273,2.4543266014271254,1.3878517470247558,0.816593890677524,0.5210769063844901,0.26553455382402563,1.3616476024514508,1.4353778766869216,-0.013293585053429051,2.2011953873065666,-0.1663591908982683,-0.6150252531371508,1.2035806697731564,-0.16775375245083787,0.4543082409614993,0.15423876427223693,-0.37076015512233923,0.488238536603978,0.37264156540201093,1.3881417479858322,0.47519807947794346,0.9774869492093168,-0.43906790282970715,0.0,0.0,0.38964183287400084,-0.13668289738988382,0.5377424161785838,-0.8341997474579569,1.0082927524064718,1.3332660627368391,1.2884129892132234,1.2979530898692482,1.3797176462993803,1.2776986997464461,1.3003099644224299,1.3453859308108758,1.381570642598592,1.3826053616893301,-0.013954046946583297,-0.3574447093358669,-0.528687553224407,-0.3909502401259709,0.1655647851132798,0.0,0.0,-0.23395906074624068,-0.23395906074624068,-0.238667185252719,-0.2339590607462407,-0.23866718525271893,-0.22917462425705282,-0.23866718525271896,-0.22917462425705282,-0.21935622811243694,-0.2339590607462407,-0.23395906074624068,-0.23395906074624065,-0.2339590607462407,-0.23395906074624068,-0.2339590607462407,-0.2339590607462407,-0.23866718525271896,4.274252071325551,-0.1273859510596964,-0.2339590607462407,0.0,1.386055807476852,1.346460383610805,1.3469239974184581,0.3711297040297164,0.08483570419224651,-0.050404237519690635,1.4231203262840064,1.4005252483654274,1.4045809685099848,0.007901682098200184,220.32
2023-11-12,-0.8361940183401273,1.9621255540902554,1.4292799345242782,0.8646167410357931,0.4830535583254933,0.44062133810969256,1.3769629827642174,1.4323170718955627,-0.08506966170695507,1.0136163573713546,-0.31403969643255447,-0.6919911037374786,2.085560136881648,-0.16775375245083787,0.4543082409614993,0.15423876427223693,-0.37076015512233923,0.488238536603978,0.37264156540201093,1.3881417479858322,0.47519807947794346,0.9774869492093168,-0.43906790282970715,0.0,0.0,0.38964183287400084,-0.13668289738988382,0.5377424161785838,-0.8341997474579569,1.0082927524064718,1.3332660627368391,1.2884129892132234,1.2979530898692482,1.3797176462993803,1.2776986997464461,1.3003099644224299,1.3453859308108758,1.381570642598592,1.4329548190862147,0.4120767903420508,-0.3258470045592005,-0.4621489696510042,-0.38339320099379565,-0.17853067768845143,0.0,0.0,-0.23395906074624068,-0.23395906074624068,-0.238667185252719,-0.2339590607462407,-0.23866718525271893,-0.22917462425705282,-0.23866718525271896,-0.22917462425705282,-0.21935622811243694,-0.2339590607462407,-0.23395906074624068,-0.23395906074624065,-0.2339590607462407,-0.23395906074624068,-0.2339590607462407,-0.2339590607462407,-0.23866718525271896,4.274252071325551,-0.1273859510596964,-0.2339590607462407,0.0,1.389656540006103,1.389615946542296,1.3469239974184581,-0.002072893113935966,0.3734541555187652,-0.050404237519690635,1.4395183622146868,1.427211777214849,1.3997491740747925,0.00911481184086333,224.85
2023-11-19,-0.8361940183401273,0.7495677655989031,1.4577618134302,0.8788275845091583,0.6434935391597971,0.6361780240731796,1.390946590875874,1.4375737902264465,-0.03960074558093987,1.2574009089709581,-0.599555340465508,-0.16862331965523852,2.6970619977477748,-0.16775375245083787,0.4543082409614993,0.38166445324188586,-0.3228869575693263,0.488238536603978,0.5718755527252795,1.3887381775137135,0.47519807947794346,1.069334059005372,0.29694293042852277,0.0,0.0,0.38964183287400084,-0.13668289738988382,0.5377424161785838,-0.8341997474579569,1.0082927524064718,1.3332660627368391,1.2884129892132234,1.2979530898692482,1.3797176462993803,1.2776986997464461,1.3003099644224299,1.3453859308108758,1.381570642598592,1.4346046181075656,-0.03168598448705902,-0.2932289007964968,-0.46386036865457747,-0.48612231023924496,-0.031687068240741315,0.0,0.0,-0.23395906074624068,-0.23395906074624068,-0.238667185252719,-0.2339590607462407,-0.23866718525271893,-0.22917462425705282,-0.23866718525271896,-0.22917462425705282,-0.21935622811243694,-0.2339590607462407,-0.23395906074624068,-0.23395906074624065,-0.2339590607462407,-0.23395906074624068,-0.2339590607462407,-0.2339590607462407,-0.23866718525271896,4.274252071325551,-0.1273859510596964,-0.2339590607462407,0.0,1.4400758064725083,1.393216004614413,1.3607505062713905,0.4395729833068755,-0.0152599949983118,0.08506600834312825,1.4364581185646348,1.443606316667635,1.4086718736723003,0.010367117731544015,225.0
2023-11-26,-0.8329184925889357,0.811092896516012,1.4727795313987764,0.8778475263385815,0.6447918973862018,0.6862155615078505,1.4069278572891961,1.4409367849544372,-0.012803208600959484,2.953444860813914,-0.22543139311198487,-0.18401648977530408,2.679205792140865,-0.16775375245083787,0.4543082409614993,0.5332815792216496,-0.2909714925339904,0.488238536603978,0.7046982109407964,1.389135797198968,0.47519807947794346,1.1305654655360737,0.7876168192673403,0.0,0.0,0.38964183287400084,-0.13668289738988382,0.5377424161785838,-0.8341997474579569,1.0082927524064718,1.3332660627368391,1.2884129892132234,1.2979530898692482,1.3797176462993803,1.2776986997464461,1.3003099644224299,1.3453859308108758,1.381570642598592,1.4369124899062953,-0.025689470107486467,-0.31131137008931614,-0.4662600657936862,-0.5567099386389831,-0.06517610850821313,0.0,0.0,-0.23395906074624068,-0.23395906074624068,-0.238667185252719,-0.2339590607462407,-0.23866718525271893,-0.22917462425705282,-0.23866718525271896,-0.22917462425705282,-0.21935622811243694,-0.2339590607462407,-0.23395906074624068,-0.23395906074624065,-0.2339590607462407,-0.23395906074624068,-0.2339590607462407,-0.2339590607462407,-0.23866718525271896,4.274252071325551,-0.1273859510596964,-0.2339590607462407,0.0,1.4417278929253536,1.4436258269930777,1.4040335549685687,-0.020454748158848735,0.4447421673558941,0.37367716372684096,1.4417138731745378,1.4405467255392825,1.4353474733640958,0.009672878024104528,225.20999999999998
2023-12-03,-0.8344880153447148,0.4846678963724625,1.483942126363926,0.8821761165919625,0.786003811153273,0.7487847816690304,1.3973279993395273,1.445851293232924,-0.01488558173335309,1.1691741188682445,-1.1804319955670337,-0.29689973732245517,1.9768617049357622,-0.16775375245083787,0.4543082409614993,0.5332815792216496,-0.29097149253398674,0.488238536603978,0.7046982109407918,1.3891357971989675,0.47519807947794346,1.1305654655360737,0.7876168192673403,0.0,0.0,0.38964183287400084,-0.13668289738988382,0.5377424161785838,-0.8341997474579569,1.0082927524064718,1.3332660627368391,1.2884129892132234,1.2979530898692482,1.3797176462993803,1.2776986997464461,1.3003099644224299,1.3453859308108758,1.381570642598592,1.4364364386583757,-0.051057233605237264,-0.30400811734438016,-0.46570577918757233,-0.5660755046051019,-0.037896920887840205,0.0,0.0,-0.23395906074624068,-0.23395906074624068,-0.238667185252719,-0.2339590607462407,-0.23866718525271893,-0.22917462425705282,-0.23866718525271896,-0.22917462425705282,-0.21935622811243694,-0.2339590607462407,-0.23395906074624068,-0.23395906074624065,-0.2339590607462407,-0.23395906074624068,-0.2339590607462407,-0.2339590607462407,-0.23866718525271896,4.274252071325551,-0.1273859510596964,-0.2339590607462407,0.0,1.4440389645675609,1.4452776039918094,1.4076442479653322,-0.014238447326047557,-0.03440586167608565,-0.01502716054317175,1.445076251360349,1.4458013594887669,1.451735298623856,0.009953271590209707,225.16666666666666
2023-12-10,-0.8347609758239809,0.4803953178365522,1.4663926858259337,0.8839728899046873,1.016075980201309,0.8431068776354553,1.424240895903628,1.4393157255777682,-0.09836032704491181,0.9962031751142401,-0.4617202019668406,-0.18401648977530408,0.9778899398891047,-0.16775375245083787,0.4543082409614993,0.5332815792216496,-0.2909714925339904,0.488238536603978,0.7046982109407964,1.389135797198968,0.47519807947794346,1.1305654655360737,0.7876168192673403,0.0,0.0,0.38964183287400084,-0.13668289738988382,0.5377424161785838,-0.8341997474579569,1.0082927524064718,1.3332660627368391,1.2884129892132234,1.2979530898692482,1.3797176462993803,1.2776986997464461,1.3003099644224299,1.3453859308108758,1.381570642598592,1.4319644113032566,-0.08746951050064403,-0.5310735545900487,-0.4599707523006436,-0.5629152671401793,-0.2396543057988182,0.0,0.0,-0.23395906074624068,-0.23395906074624068,-0.238667185252719,-0.2339590607462407,-0.23866718525271893,-0.22917462425705282,-0.23866718525271896,-0.22917462425705282,-0.21935622811243694,-0.2339590607462407,-0.23395906074624068,-0.23395906074624065,-0.2339590607462407,-0.23395906074624068,-0.2339590607462407,-0.2339590607462407,-0.23866718525271896,4.274252071325551,-0.1273859510596964,-0.2339590607462407,0.0,1.4435622532788706,1.447588242744669,1.4582029859036043,-0.04053599943307884,-0.027931190502640396,0.4449633734849457,1.4499898586556672,1.4491630207301192,1.4486769605154788,0.0012355549902068996,224.76
2023-12-17,-0.8314172099529731,1.7237156717864588,1.4879698668152683,0.8829928317341103,0.9870947697904883,0.34117061753989186,1.4358939026633422,1.4291402033309712,-0.19724863866153042,0.9439636283428966,-1.1508958944601737,-0.38412770133616186,1.2729564194262304,-0.16775375245083787,0.4543082409614993,0.5677400169443247,-0.17823783378012117,0.488238536603978,0.7507258647778511,1.4240979280952268,0.47519807947794346,1.1305654655360737,1.0976809575335769,0.0,0.0,0.38964183287400084,-0.13668289738988382,0.5377424161785838,-0.8341997474579569,1.0082927524064718,1.3332660627368391,1.2884129892132234,1.2979530898692482,1.3797176462993803,1.2776986997464461,1.3003099644224299,1.3453859308108758,1.381570642598592,1.4411928338277948,0.037372220587519045,-0.502509612354087,-0.45928239296756823,-0.5656863124376257,-0.3041434863805066,0.0,0.0,-0.23395906074624068,-0.23395906074624068,-0.238667185252719,-0.2339590607462407,-0.23866718525271893,-0.22917462425705282,-0.23866718525271896,-0.22917462425705282,-0.21935622811243694,-0.2339590607462407,-0.23395906074624068,-0.23395906074624065,-0.2339590607462407,-0.23395906074624068,-0.2339590607462407,-0.2339590607462407,-0.23866718525271896,4.274252071325551,-0.1273859510596964,-0.2339590607462407,0.0,1.4390840254980732,1.4471116207492896,1.4598596424136,-0.07828287250990767,-0.05532175719804984,-0.034172543235435976,1.4434554891745954,1.4540755803195193,1.4539294424907208,0.002332209577591552,225.6
2023-12-24,-0.8293700063584782,2.0223689114465913,1.476749732700814,0.8897307316568267,1.1888039942498008,0.3447383563944139,1.4375586179147297,1.4271589629124217,-0.2177993964717632,0.1220614258070898,-1.1016690592820795,-0.19940965989536966,1.4096588459578154,-0.16775375245083787,0.4543082409614993,0.7055737678350185,0.27269680123533746,0.488238536603978,0.934836480126093,1.5639464516802628,0.47519807947794346,1.1305654655360737,2.3379375105985045,0.0,0.0,0.38964183287400084,-0.13668289738988382,0.5377424161785838,-0.8341997474579569,1.0082927524064718,1.3332660627368391,1.2884129892132234,1.2979530898692482,1.3797176462993803,1.2776986997464461,1.3003099644224299,1.3453859308108758,1.381570642598592,1.4455752504581194,-0.006785728239792187,-0.5007203667464805,-0.5022339703804243,-0.5678256532812915,-0.15951427490040365,0.0,0.0,-0.23395906074624068,-0.23395906074624068,-0.238667185252719,-0.2339590607462407,-0.23866718525271893,-0.22917462425705282,-0.23866718525271896,-0.22917462425705282,-0.21935622811243694,-0.2339590607462407,-0.23395906074624068,-0.23395906074624065,-0.2339590607462407,-0.23395906074624068,-0.2339590607462407,-0.2339590607462407,-0.23866718525271896,4.274252071325551,-0.1273859510596964,-0.2339590607462407,0.0,1.448325243147383,1.4426342317902177,1.4621771070199678,0.0511346036784856,-0.09463751709638635,-0.02769803573423812,1.4332818324194723,1.4475426041320432,1.4572897270027951,0.0024009040311557778,226.0
2023-12-31,-0.8305073416887532,1.6297189439964315,1.4684065560516046,0.8870764074448475,0.8006876244280889,1.3236367046038868,1.5152453296461559,1.4028843158191915,-0.3038553784501774,0.8209104737259534,-1.6234735121698904,-0.6047631397237692,0.5439743861518037,-0.16775375245083787,0.4543082409614993,0.7055737678350185,0.27269680123533746,0.488238536603978,0.934836480126093,1.5639464516802628,0.47519807947794346,1.1305654655360737,2.337937510598501,0.0,0.0,0.38964183287400084,-0.13668289738988382,0.5377424161785838,-0.8341997474579569,1.0082927524064718,1.3332660627368391,1.2884129892132234,1.2979530898692482,1.3797176462993803,1.2776986997464461,1.3003099644224299,1.3453859308108758,1.381570642598592,1.4727908554226437,0.2012756699582401,-0.4227012370398153,-0.49009077682323327,-0.5641661154584477,-0.5549868044023599,0.0,0.0,-0.23395906074624068,-0.23395906074624068,-0.238667185252719,-0.2339590607462407,-0.23866718525271893,-0.22917462425705282,-0.23866718525271896,-0.22917462425705282,-0.21935622811243694,-0.2339590607462407,-0.23395906074624068,-0.23395906074624065,-0.2339590607462407,-0.23395906074624068,-0.2339590607462407,-0.2339590607462407,-0.23866718525271896,4.274252071325551,-0.1273859510596964,-0.2339590607462407,0.0,1.4527137359589226,1.4518737184569799,1.461699077036466,0.005358161449796476,0.040158984063200946,-0.055087910027595256,1.431300955224295,1.437371116659028,1.46220027471053,0.005396290164826552,228.5
2024-01-07,-0.8341468147456326,1.6134831455599723,1.47882114207579,0.8878931225869949,1.0348558045475207,0.827943987503737,1.5241238109868898,1.380052567899773,-0.38722885282173924,0.3136064306353499,-0.8456895163559843,-0.38412770133616186,0.11845027330081016,-0.16775375245083787,0.4543082409614993,0.7055737678350185,0.27269680123533746,0.488238536603978,0.934836480126093,1.5639464516802628,0.47519807947794346,1.1305654655360737,2.3379375105985045,0.0,0.0,0.38964183287400084,-0.13668289738988382,0.5377424161785838,2.000871330240428,1.4759200001065567,1.5917822813077478,1.682057918114828,1.7088925390069214,1.6183547424221443,1.7017309790945774,1.5950924664304107,1.6686692800374372,1.6717504994757122,1.4852101964557367,0.06644862273988618,-0.4596461668857418,-0.588987821470355,-0.5694249399002806,-0.5316201434943871,0.0,0.0,-0.23395906074624068,-0.23395906074624068,-0.238667185252719,-0.2339590607462407,-0.23866718525271893,-0.22917462425705282,-0.23866718525271896,-0.22917462425705282,-0.21935622811243694,-0.2339590607462407,-0.23395906074624068,-0.23395906074624065,-0.2339590607462407,-0.23395906074624068,-0.2339590607462407,-0.2339590607462407,-0.23866718525271896,4.274252071325551,-0.1273859510596964,-0.2339590607462407,0.0,1.4799670751147818,1.4562613892551493,1.4572084614312573,0.22104550263222522,-0.007520080849012761,-0.09440267606869819,1.4070307584335597,1.4353906618371977,1.4556699740274974,0.003977864568616993,229.65
2024-01-14,-0.8357845776212283,1.55452156176441,1.474160470982094,0.8921808770832688,0.9996146526879626,0.11261234717207647,1.568238765148664,1.371144204318432,-0.4348207288650714,0.7802797151260196,-1.6923910814192225,-0.7535637842177408,0.7293666848027754,-0.16775375245083787,0.4543082409614993,0.7055737678350185,0.27269680123533746,0.488238536603978,0.934836480126093,1.5639464516802628,0.47519807947794346,1.1305654655360737,2.3379375105985045,0.0,0.0,0.38964183287400084,-0.13668289738988382,0.5377424161785838,2.000871330240428,1.4759200001065567,1.5917822813077478,1.682057918114828,1.7088925390069214,1.6183547424221443,1.7017309790945774,1.5950924664304107,1.6686692800374372,1.6717504994757122,1.509330051556068,0.17306646694252914,-0.4519584911625043,-0.571797630204808,-0.5662648117117277,-0.2839277473046881,0.0,0.0,-0.23395906074624068,-0.23395906074624068,-0.238667185252719,-0.2339590607462407,-0.23866718525271893,-0.22917462425705282,-0.23866718525271896,-0.22917462425705282,-0.21935622811243694,-0.2339590607462407,-0.23395906074624068,-0.23395906074624065,-0.2339590607462407,-0.23395906074624068,-0.2339590607462407,-0.2339590607462407,-0.23866718525271896,4.274252071325551,-0.1273859510596964,-0.2339590607462407,0.0,1.4924036354524397,1.4835096235583547,1.4664752424478613,0.08127672482979116,0.21713195063924334,0.04039041759023075,1.3842031962880614,1.4111256400690644,1.4455026521689205,0.0042730172747304975,231.9
2024-01-21,5.215851607884713,1.0892377592037745,1.4676873166852935,0.8967748997578481,0.9768933837258792,0.1719260056285047,1.6004926231443006,1.3553241329313899,-0.501902125180363,-0.37334360940781897,-0.9958313636491747,-1.6309744810614972,0.2873524148612481,-0.16775375245083787,0.4543082409614993,0.7055737678350185,0.9161537575930141,0.488238536603978,0.7145612796201666,1.644180423883294,0.47519807947794346,1.1305654655360737,2.832526350678054,0.0,0.0,0.38964183287400084,-0.13668289738988382,0.5377424161785838,2.000871330240428,1.4759200001065567,1.5917822813077478,1.682057918114828,1.7088925390069214,1.6183547424221443,1.7017309790945774,1.5950924664304107,1.6686692800374372,1.6717504994757122,1.5579217857789842,0.39606000215337955,-0.4044609677750539,-0.5019850735353735,-0.55598154208768,-0.4084562448035126,0.0,0.0,-0.23395906074624068,-0.23395906074624068,-0.238667185252719,-0.2339590607462407,-0.23866718525271893,-0.22917462425705282,-0.23866718525271896,-0.22917462425705282,-0.21935622811243694,-0.2339590607462407,-0.23395906074624068,-0.23395906074624065,-0.2339590607462407,-0.23395906074624068,-0.2339590607462407,-0.2339590607462407,-0.23866718525271896,4.274252071325551,-0.1273859510596964,-0.2339590607462407,0.0,1.5165569325147816,1.4959438543903443,1.4708758748559203,0.19180236551967464,0.07155391300471257,-0.007287442050008682,1.375296465888555,1.388302945339808,1.4435230084193373,0.006096588281910267,236.5
2024-01-28,6.901382567351983,1.3231614340448652,1.3026218821168845,0.5606455740677966,1.3283427261358205,0.36954529061726216,1.598411729080066,1.329893891401671,-0.5411865779756238,-0.6693677077787662,-0.7250837701696522,-1.515525705161004,-0.4367752674353438,-0.16775375245083787,0.4543082409614993,0.7055737678350185,0.9161537575930141,0.488238536603978,0.7145612796201666,1.644180423883294,0.47519807947794346,1.1305654655360737,2.832526350678054,0.0,0.0,0.38964183287400084,-0.13668289738988382,0.5377424161785838,2.000871330240428,1.4759200001065567,1.5917822813077478,1.682057918114828,1.7088925390069214,1.6183547424221443,1.7017309790945774,1.5950924664304107,1.6686692800374372,1.6717504994757122,1.5579217857789842,-0.04671934233896527,-0.34532383097934627,-0.5026774459726316,-0.5532595002295326,-0.5831802080550889,0.0,0.0,-0.23395906074624068,-0.23395906074624068,-0.238667185252719,-0.2339590607462407,-0.23866718525271893,-0.22917462425705282,-0.23866718525271896,-0.22917462425705282,-0.21935622811243694,-0.2339590607462407,-0.23395906074624068,-0.23395906074624065,-0.2339590607462407,-0.23395906074624068,-0.2339590607462407,-0.2339590607462407,-0.23866718525271896,4.274252071325551,-0.1273859510596964,-0.2339590607462407,0.0,1.5652160387398582,1.520092627272295,1.4982046031158212,0.4229691418994054,0.18667337053246005,0.21735891049303288,1.359479294815692,1.3793981140815208,1.419267924108758,0.008367038621575123,236.5
2024-02-04,3.635376312874927,0.734186482869626,1.315352418900592,0.674117934129905,1.0740384010229507,0.7222497239385226,1.552423970260481,1.2848453649979805,-0.6746317980551003,0.8185887160916717,-0.7472358459997941,-0.5226662324167519,-0.2629699874500577,-0.16775375245083787,0.4543082409614993,0.7055737678350185,0.9161537575930141,0.488238536603978,0.7145612796201666,1.6441804238832936,0.47519807947794346,1.1305654655360737,2.832526350678054,0.0,0.0,0.38964183287400084,-0.13668289738988382,0.5377424161785838,2.000871330240428,1.4759200001065567,1.5917822813077478,1.682057918114828,1.7088925390069214,1.6183547424221443,1.7017309790945774,1.5950924664304107,1.6686692800374372,1.6717504994757122,1.5045248570226766,-0.5332847529118624,-0.10428824255656495,-0.36195389830656666,-0.49067376932960927,-0.9438558717659954,0.0,0.0,-0.23395906074624068,-0.23395906074624068,-0.238667185252719,-0.2339590607462407,-0.23866718525271893,-0.22917462425705282,-0.23866718525271896,-0.22917462425705282,-0.21935622811243694,-0.2339590607462407,-0.23395906074624068,-0.23395906074624065,-0.2339590607462407,-0.23395906074624068,-0.2339590607462407,-0.2339590607462407,-0.23866718525271896,4.274252071325551,-0.1273859510596964,-0.2339590607462407,0.0,1.5652160387398582,1.5687426191071636,1.5106755658852637,-0.036039114178707164,0.42744821453396153,0.0717845529040138,1.3340537154450927,1.363584315631406,1.3964545761487854,0.017621110821525534,231.45
2024-02-11,1.2765542112382708,0.5624288257260307,1.2281806077036803,0.7029071428906021,0.8911090009098497,0.8317347100366664,1.5224590957355022,1.2505721324197703,-0.7490577467758017,-0.6058095925402981,-0.3238850634681768,-1.3231110786601803,-0.12773118432887506,-0.16775375245083787,0.4543082409614993,0.7055737678350185,0.9161537575930141,0.488238536603978,0.7145612796201666,1.6441804238832936,0.47519807947794346,1.1305654655360737,2.832526350678054,0.0,0.0,0.38964183287400084,-0.13668289738988382,0.5377424161785838,2.000871330240428,1.4759200001065567,1.5917822813077478,1.682057918114828,1.7088925390069214,1.6183547424221443,1.7017309790945774,1.5950924664304107,1.6686692800374372,1.6717504994757122,1.4846715195802171,-0.2276276362975653,-0.11431469565844768,-0.3422089461466077,-0.4770969508997828,-0.7537989508969023,0.0,0.0,-0.23395906074624068,-0.23395906074624068,-0.238667185252719,-0.2339590607462407,-0.23866718525271893,-0.22917462425705282,-0.23866718525271896,-0.22917462425705282,-0.21935622811243694,-0.2339590607462407,-0.23395906074624068,-0.23395906074624065,-0.2339590607462407,-0.23395906074624068,-0.2339590607462407,-0.2339590607462407,-0.23866718525271896,4.274252071325551,-0.1273859510596964,-0.2339590607462407,0.0,1.5117450756224178,1.5687426191071636,1.53489567661087,-0.5404382993553716,-0.05063796628929307,0.18690110034415558,1.2890134478460997,1.33816415764033,1.3875533917606102,0.017236165504855152,229.6
2024-02-18,1.207597570163709,0.7470042184773569,1.2471685269742945,0.7022946065339913,1.1605183328888398,0.7461089775281385,1.5166325923556454,1.2414282156570549,-0.684384407898515,-0.32023340352361956,-0.41249336678874465,-0.2301960001355035,-0.4874898186057873,-0.16775375245083787,0.4543082409614993,0.7055737678350185,1.5276952489153512,0.488238536603978,0.6711637774309425,1.6318542136404213,0.47519807947794346,1.1305654655360737,3.1107488855196435,0.0,0.0,0.38964183287400084,-0.13668289738988382,0.5377424161785838,2.000871330240428,1.4759200001065567,1.5917822813077478,1.682057918114828,1.7088925390069214,1.6183547424221443,1.7017309790945774,1.5950924664304107,1.6686692800374372,1.6717504994757122,1.4905905238071677,0.007216020404697223,-0.2815916258754395,-0.3422396486515272,-0.4771298758930064,-0.293260570145657,0.0,0.0,-0.23395906074624068,-0.23395906074624068,-0.238667185252719,-0.2339590607462407,-0.23866718525271893,-0.22917462425705282,-0.23866718525271896,-0.22917462425705282,-0.21935622811243694,-0.2339590607462407,-0.23395906074624068,-0.23395906074624065,-0.2339590607462407,-0.23395906074624068,-0.2339590607462407,-0.2339590607462407,-0.23866718525271896,4.274252071325551,-0.1273859510596964,-0.2339590607462407,0.0,1.4918642117062801,1.515281671694089,1.5836893852933116,-0.2235781255461157,-0.5760016756741535,0.4276698578342685,1.2547464986240124,1.2931334937707517,1.3717460696677954,0.010813907282559371,230.15
2024-02-25,1.1649474952784036,0.5316662602674762,1.3136262444214448,0.7262754048952954,1.1142643210731695,0.7176785585311664,1.5203782016712677,1.2286773908045403,-0.6681250088377502,-0.6911341856001594,0.7640279939677291,-0.7073842738575442,-0.6709550130997293,-0.16775375245083787,0.4543082409614993,0.7055737678350185,2.4450074858988535,0.488238536603978,0.6060675241470992,1.6133648982761122,0.47519807947794346,1.1305654655360737,3.528082687782019,0.0,0.0,0.38964183287400084,-0.13668289738988382,0.5377424161785838,2.000871330240428,1.4759200001065567,1.5917822813077478,1.682057918114828,1.7088925390069214,1.6183547424221443,1.7017309790945774,1.5950924664304107,1.6686692800374372,1.6717504994757122,1.481571849224323,-0.128899632543517,-0.2979825958182731,-0.35333494751956546,-0.4738479846996117,-0.3604593197973151,0.0,0.0,-0.23395906074624068,-0.23395906074624068,-0.238667185252719,-0.2339590607462407,-0.23866718525271893,-0.22917462425705282,-0.23866718525271896,-0.22917462425705282,-0.21935622811243694,-0.2339590607462407,-0.23395906074624068,-0.23395906074624065,-0.2339590607462407,-0.23395906074624068,-0.2339590607462407,-0.2339590607462407,-0.23866718525271896,4.274252071325551,-0.1273859510596964,-0.2339590607462407,0.0,1.4977914225793187,1.4954045316842344,1.5836893852933116,0.01987310734168253,-0.24597172883659518,-0.050404237519690635,1.2456042582274014,1.2588738511328779,1.3463363222068836,0.010184609259513316,229.3125
2024-03-03,1.1507023702667114,0.5624288257260307,1.3217392644734351,0.7408843970004575,0.619381172097994,0.882574988713605,1.5133031618528698,1.2040674257100998,-0.7358116091722104,-0.5361568635118399,0.5228165015950648,-0.12244380929504182,-0.7172786940389655,-0.16775375245083787,0.4543082409614993,0.7055737678350185,2.445007485898857,0.488238536603978,0.6060675241470992,1.6133648982761122,0.47519807947794346,1.1305654655360737,3.528082687782019,0.0,0.0,1.6864984444542286,-0.6377101426589057,-0.501979114699079,2.000871330240428,1.4759200001065567,1.5917822813077478,1.682057918114828,1.7088925390069214,1.6183547424221443,1.7017309790945774,1.5950924664304107,1.6686692800374372,1.6717504994757122,1.482515638362254,-0.038119313084710706,-0.44316226782435647,-0.3572784283789467,-0.47519359040188025,-0.5820004950325912,0.0,0.0,-0.23395906074624068,-0.23395906074624068,-0.238667185252719,-0.2339590607462407,-0.23866718525271893,-0.22917462425705282,-0.23866718525271896,-0.22917462425705282,-0.21935622811243694,-0.2339590607462407,-0.23395906074624068,-0.23395906074624065,-0.2339590607462407,-0.23395906074624068,-0.2339590607462407,-0.2339590607462407,4.189935029992177,-0.2339590607462407,-0.1273859510596964,-0.2339590607462407,0.0,1.4887602436853358,1.5013306323249458,1.5300705089980173,-0.12123150664234578,0.00759815494395535,-0.5757546663136588,1.2328557710001233,1.2497335600942012,1.3013241001221552,0.004610730416556387,229.4
2024-03-10,1.1507023702667114,0.6726613519525172,1.335419197220673,0.7466728655704273,0.5305827433992394,0.9261682978422956,1.5093494631308242,1.1729780964824554,-0.7583414645638741,-0.6998407767287167,0.911708499502017,-0.9767647509586984,-0.8045106492989491,-0.16775375245083787,0.4543082409614993,0.7055737678350185,2.4450074858988535,0.488238536603978,0.6060675241470992,1.6133648982761122,0.47519807947794346,1.1305654655360737,3.528082687782019,0.0,0.0,1.6864984444542286,-0.6377101426589057,-0.501979114699079,2.000871330240428,1.4759200001065567,1.5917822813077478,1.682057918114828,1.7088925390069214,1.6183547424221443,1.7017309790945774,1.5950924664304107,1.6686692800374372,1.6717504994757122,1.4826773946393113,-0.04524538098590085,-0.49770296018500254,-0.37615744690820874,-0.4755314803011751,-0.7063951873817131,0.0,0.0,-0.23395906074624068,-0.23395906074624068,-0.238667185252719,-0.2339590607462407,-0.23866718525271893,-0.22917462425705282,-0.23866718525271896,-0.22917462425705282,-0.21935622811243694,-0.2339590607462407,-0.23395906074624068,-0.23395906074624065,-0.2339590607462407,-0.23395906074624068,-0.2339590607462407,-0.2339590607462407,4.189935029992177,-0.2339590607462407,-0.1273859510596964,-0.2339590607462407,0.0,1.489705341378412,1.4923011450709223,1.5101346499669823,-0.027123873485304883,-0.13937124071040854,-0.24573306225392821,1.2082503176824613,1.2369877911683078,1.2670784881226123,0.002516751231808751,229.41500000000002
2024-03-17,1.1478704052943272,0.8700544803115746,1.3415902709836225,0.7482348332797844,0.8178445009912948,1.6219888663132886,1.5161331777802287,1.1538257591281857,-0.7233279212472112,-0.6998407767287167,1.8913225195461103,-0.6304184232572136,-0.8574938167555164,-0.16775375245083787,0.4543082409614993,0.7055737678350185,2.493138066234407,0.488238536603978,0.6261224304618155,1.6156938135754566,0.47519807947794346,1.1305654655360737,3.528082687782019,0.0,0.0,1.6864984444542286,-0.6377101426589057,-0.501979114699079,2.000871330240428,1.4759200001065567,1.5917822813077478,1.682057918114828,1.7088925390069214,1.6183547424221443,1.7017309790945774,1.5950924664304107,1.6686692800374372,1.6717504994757122,1.482515638362254,-0.04819330369202969,-0.5138798281889279,-0.47880374084517446,-0.4753036022219356,-0.4851815740863919,0.0,0.0,-0.23395906074624068,-0.23395906074624068,-0.238667185252719,-0.2339590607462407,-0.23866718525271893,-0.22917462425705282,-0.23866718525271896,-0.22917462425705282,-0.21935622811243694,-0.2339590607462407,-0.23395906074624068,-0.23395906074624065,-0.2339590607462407,-0.23395906074624068,-0.2339590607462407,-0.2339590607462407,4.189935029992177,-0.2339590607462407,-0.1273859510596964,-0.2339590607462407,0.0,1.4898673219290917,1.4932460657367197,1.5160782568902307,-0.03451112865135081,-0.041352178249995965,0.007830411571330532,1.1771666881018144,1.212387584358457,1.2579419403838632,0.0018956732181553775,229.4
2024-03-24,1.1330964193540571,0.8290377263668351,1.3502211433793563,0.7469852591122987,0.5080933241204423,1.4364664458781446,1.5177978930316163,1.1281774596239493,-0.6300685818747377,-0.48391731674049626,1.3399819655514447,-0.2763755104956975,-0.8528102218422287,-0.16775375245083787,0.4543082409614993,0.7055737678350185,2.685660387576625,0.488238536603978,0.7063420557206899,1.6250094747728356,0.47519807947794346,1.1305654655360737,3.528082687782019,0.0,0.0,1.6864984444542286,-0.6377101426589057,-0.501979114699079,2.000871330240428,1.4759200001065567,1.5917822813077478,1.682057918114828,1.7088925390069214,1.6183547424221443,1.7017309790945774,1.5950924664304107,1.6686692800374372,1.6717504994757122,1.4832272868820182,-0.0402346331568521,-0.5579407814887573,-0.4782185015321386,-0.48939028453425915,-0.6101993604686002,0.0,0.0,-0.23395906074624068,-0.23395906074624068,-0.238667185252719,-0.2339590607462407,-0.23866718525271893,-0.22917462425705282,-0.23866718525271896,-0.22917462425705282,-0.21935622811243694,-0.2339590607462407,-0.23395906074624068,-0.23395906074624065,-0.2339590607462407,-0.23395906074624068,-0.2339590607462407,-0.2339590607462407,4.189935029992177,-0.2339590607462407,-0.1273859510596964,-0.2339590607462407,0.0,1.489705341378412,1.4934080159466459,1.5070220956452276,-0.03756709970606351,-0.04904647255153623,-0.13913526886558972,1.15801786197036,1.1813105825973955,1.245201391339448,0.000204042344460185,229.46599999999998
2024-03-31,1.1292280575619602,0.7303411621873066,1.3895779215039026,0.7990140972428009,0.46751962954529325,1.5884298227129412,1.5110141783822117,1.0909161966055168,-0.7154949459360858,0.5713215280406451,1.1578426753924933,0.11999862009599695,-0.5044678501664552,-0.16775375245083787,0.4543082409614993,0.7055737678350185,2.685660387576625,0.488238536603978,0.7063420557206899,1.6250094747728352,0.47519807947794346,1.1305654655360737,3.528082687782019,0.0,0.0,1.6864984444542286,-0.6377101426589057,-0.501979114699079,2.000871330240428,1.4759200001065567,1.5917822813077478,1.682057918114828,1.7088925390069214,1.6183547424221443,1.7017309790945774,1.5950924664304107,1.6686692800374372,1.6717504994757122,1.4822190577151582,-0.05590656433751268,-0.5556793703464391,-0.6106069988335651,-0.4926977092900846,-0.8356596423143275,0.0,0.0,-0.23395906074624068,-0.23395906074624068,-0.238667185252719,-0.2339590607462407,-0.23866718525271893,-0.22917462425705282,-0.23866718525271896,-0.22917462425705282,-0.21935622811243694,-0.2339590607462407,-0.23395906074624068,-0.23395906074624065,-0.2339590607462407,-0.23395906074624068,-0.2339590607462407,-0.2339590607462407,4.189935029992177,-0.2339590607462407,-0.1273859510596964,-0.2339590607462407,0.0,1.490417976592444,1.4932460657367197,1.5079698076993517,-0.02931672504768718,-0.05222946002704991,-0.041118684214445124,1.1323742646020942,1.1621658394821972,1.220611259258288,0.0002908646353995543,229.3725
2024-04-07,1.1129144039183307,0.903380592891675,1.394065975149684,0.800300423591683,0.5567817576106212,1.1312017901381066,1.5091413737244004,1.063111847348943,-0.7926626966221874,-0.4978478625461879,2.186683530614683,0.6472146967082527,-0.2120358927680539,1.9246436743840944,0.4543082409614993,0.7055737678350185,2.685660387576625,0.488238536603978,0.7063420557206899,1.6250094747728356,0.47519807947794346,1.1305654655360737,3.528082687782019,0.0,0.0,1.6864984444542286,-0.6377101426589057,-0.501979114699079,2.000871330240428,1.4759200001065567,1.5917822813077478,1.682057918114828,1.7088925390069214,1.6183547424221443,1.7017309790945774,1.5950924664304107,1.6686692800374372,1.6717504994757122,1.4835938138166909,-0.034192240452027296,-0.5523320754375457,-0.6552500274965938,-0.5076459041554997,-0.6595036018277383,0.0,0.0,-0.23395906074624068,-0.23395906074624068,-0.238667185252719,-0.2339590607462407,-0.23866718525271893,-0.22917462425705282,-0.23866718525271896,-0.22917462425705282,-0.21935622811243694,-0.2339590607462407,-0.23395906074624068,-0.23395906074624065,-0.2339590607462407,-0.23395906074624068,-0.2339590607462407,-0.2339590607462407,4.189935029992177,-0.2339590607462407,-0.1273859510596964,-0.2339590607462407,0.0,1.4894083495249184,1.4939585674662732,1.5081322363260825,-0.0455630696210971,-0.04363617208820974,-0.04881278401306674,1.0951198327392757,1.136527709980431,1.1895469847219886,0.0004193772295941246,229.5
2024-04-14,1.0967073754619148,1.0358305275048956,1.3869886597851828,0.800300423591683,0.7025379251701092,0.9566055699449361,1.5099737313500945,1.047796594922169,-0.7803527839280687,-0.6940363826430118,2.5936253680869377,0.318827067480181,-0.4488501605711636,3.319575292274049,0.4543082409614993,0.7055737678350185,2.685660387576625,0.488238536603978,0.7063420557206852,1.6250094747728352,0.47519807947794346,1.1305654655360737,3.528082687782019,0.0,0.0,1.6864984444542286,-0.6377101426589057,-0.501979114699079,2.000871330240428,1.4759200001065567,1.5917822813077478,1.682057918114828,1.7088925390069214,1.6183547424221443,1.7017309790945774,1.5950924664304107,1.6686692800374372,1.6717504994757122,1.4835938138166909,-0.04671934233896527,-0.5525142743680256,-0.6642238756903235,-0.5857047462794396,-0.42079065185424,0.0,0.0,-0.23395906074624068,-0.23395906074624068,-0.238667185252719,-0.2339590607462407,-0.23866718525271893,-0.22917462425705282,-0.23866718525271896,-0.22917462425705282,-0.21935622811243694,-0.2339590607462407,-0.23395906074624068,-0.23395906074624065,-0.2339590607462407,-0.23395906074624068,-0.2339590607462407,-0.2339590607462407,4.189935029992177,-0.2339590607462407,-0.1273859510596964,-0.2339590607462407,0.0,1.4907850117134125,1.4929491295130939,1.5079698076993517,-0.023052864340362134,-0.06055776930697168,-0.05199569102631453,1.0673205808900663,1.0992812217090295,1.1704100821137515,0.0004123820714581492,229.5
2024-04-21,1.0832086267607155,1.48017869523957,1.3989855724152527,0.7990140972428009,1.0502158460652558,0.8205297801966833,1.512429186345891,1.0707745848271153,-0.6507096513914457,-0.43428974730771985,2.154686087748922,0.5625522610478908,-0.3950620002388751,2.4477430310928274,0.4543082409614993,0.7055737678350185,2.910870322301812,0.488238536603978,0.684972073582056,1.6420503184265767,0.47519807947794346,0.8696361763427451,2.853406090628645,0.0,0.0,1.6864984444542286,-0.6377101426589057,-0.501979114699079,2.000871330240428,1.4759200001065567,1.5917822813077478,1.682057918114828,1.7088925390069214,1.6183547424221443,1.7017309790945774,1.5950924664304107,1.6686692800374372,1.6717504994757122,1.4790623158108693,-0.08801142109831384,-0.5366863890438005,-0.6816911535649274,-0.5869707673461785,0.319644390482583,0.0,0.0,-0.23395906074624068,-0.23395906074624068,-0.238667185252719,-0.2339590607462407,-0.23866718525271893,-0.22917462425705282,-0.23866718525271896,-0.22917462425705282,-0.21935622811243694,-0.2339590607462407,-0.23395906074624068,-0.23395906074624065,-0.2339590607462407,-0.23395906074624068,-0.2339590607462407,-0.2339590607462407,4.189935029992177,-0.2339590607462407,-0.1273859510596964,-0.2339590607462407,0.0,1.4907850117134125,1.4943255338374934,1.508684414228898,-0.036039114178707164,-0.037111964292121075,-0.04340262031591914,1.0520081362283578,1.071487897366625,1.1447824524098473,0.0010200616034366328,229.08
2024-04-28,1.075019812382737,0.8489052165588183,1.395619532180916,0.802842449471617,1.0939774737855952,0.7617178350166722,1.514343608884987,1.0549159342659769,-0.605958874896643,-0.564888614236079,3.249983170461539,1.0243473646498686,-0.35627597986321125,10.294233381723823,0.4543082409614993,0.7055737678350185,2.910870322301812,0.488238536603978,0.684972073582056,1.6420503184265767,0.47519807947794346,0.8696361763427451,2.853406090628645,0.0,0.0,1.6864984444542286,-0.6377101426589057,-0.501979114699079,2.000871330240428,1.4759200001065567,1.5917822813077478,1.682057918114828,1.7088925390069214,1.6183547424221443,1.7017309790945774,1.5950924664304107,1.6686692800374372,1.6717504994757122,1.4831356466626726,-0.009602190763600594,-0.5253882659376532,-0.6753420861491082,-0.6995960965575347,-0.4307315061416123,0.0,0.0,-0.23395906074624068,-0.23395906074624068,-0.238667185252719,-0.2339590607462407,-0.23866718525271893,-0.22917462425705282,-0.23866718525271896,-0.22917462425705282,-0.21935622811243694,-0.2339590607462407,-0.23395906074624068,-0.23395906074624065,-0.2339590607462407,-0.23395906074624068,-0.2339590607462407,-0.2339590607462407,4.189935029992177,-0.2339590607462407,-0.1273859510596964,-0.2339590607462407,0.0,1.4862472308263908,1.4943255338374934,1.5076719942969972,-0.07884464541435933,-0.05063796628929307,-0.06032378977614754,1.0749819135486511,1.05617871770717,1.1075512180046803,0.0014538301088775252,229.4575
2024-05-05,1.124067398500838,0.7784076707162979,1.3990718811392098,0.8171451733984737,1.0360150529639536,0.7383045487838716,1.5101818207565179,1.0307528717923973,-0.6346261582380737,-0.3341639493293112,2.6838745659134475,1.7170400200528326,-0.5772831148339751,7.678736598180158,0.4543082409614993,0.7055737678350185,2.910870322301812,0.488238536603978,0.684972073582056,1.6420503184265767,0.47519807947794346,0.8696361763427451,2.853406090628645,0.0,0.0,1.6864984444542286,-0.6377101426589057,-0.501979114699079,2.000871330240428,1.4759200001065567,1.5917822813077478,1.682057918114828,1.7088925390069214,1.6183547424221443,1.7017309790945774,1.5950924664304107,1.6686692800374372,1.6717504994757122,1.4831356466626726,-0.04671934233896527,-0.5262431489274977,-0.675343578283922,-0.7364693778434069,-0.593467948982376,0.0,0.0,-0.23395906074624068,-0.23395906074624068,-0.238667185252719,-0.2339590607462407,-0.23866718525271893,-0.22917462425705282,-0.23866718525271896,-0.22917462425705282,-0.21935622811243694,-0.2339590607462407,-0.23395906074624068,-0.23395906074624065,-0.2339590607462407,-0.23395906074624068,-0.2339590607462407,-0.2339590607462407,4.189935029992177,-0.2339590607462407,-0.1273859510596964,-0.2339590607462407,0.0,1.4903262093147587,1.489788602927154,1.5090524646547716,0.002438468904416219,-0.09522263916951433,-0.036878577444306775,1.059126170374462,1.0791475964344315,1.079769276095128,0.0014210086115944976,229.4575
2024-05-12,1.2502476450490143,0.5855007498199464,1.4223752366076912,0.8266394869259377,0.9968324564885237,0.6331276073525632,1.5109725605009272,1.0462985865264447,-0.5002055685467156,1.755417921524434,2.432817706505159,1.262941501510889,-0.18334887392416666,6.109438528053959,0.4543082409614993,0.7055737678350185,2.910870322301812,0.488238536603978,0.684972073582056,1.6420503184265767,0.47519807947794346,0.8696361763427451,2.853406090628645,0.0,0.0,1.6864984444542286,-0.6377101426589057,-0.501979114699079,2.000871330240428,1.4759200001065567,1.5917822813077478,1.682057918114828,1.7088925390069214,1.6183547424221443,1.7017309790945774,1.5950924664304107,1.6686692800374372,1.6717504994757122,1.4832272868820182,-0.04588429504337194,-0.5262295283261997,-0.6753623338069871,-0.7425918551736463,0.17757378084441536,0.0,0.0,-0.23395906074624068,-0.23395906074624068,-0.238667185252719,-0.2339590607462407,-0.23866718525271893,-0.22917462425705282,-0.23866718525271896,-0.22917462425705282,-0.21935622811243694,-0.2339590607462407,-0.23395906074624068,-0.23395906074624065,-0.2339590607462407,-0.23395906074624068,-0.2339590607462407,-0.2339590607462407,4.189935029992177,-0.2339590607462407,-0.1273859510596964,-0.2339590607462407,0.0,1.4903262093147587,1.4938668173776168,1.5090524646547716,-0.036039114178707164,-0.010561125622641911,-0.050404237519690635,1.0349675377464245,1.0632952341075426,1.0644663661322142,0.0014215315469363026,229.46599999999998
2024-05-19,1.2489681428024555,0.7085510116541639,1.4258275855659843,0.8297021687089905,1.0932819247357355,0.5043946701342733,1.5111390320260658,1.073436874090705,-0.28184837022174414,2.3126397537520997,0.6409609060224927,0.9704712692296378,1.575341016015368,-0.16775375245083787,0.4543082409614993,0.7055737678350185,3.065299991827653,0.488238536603978,0.739218951318592,1.634637551437199,0.47519807947794346,1.0261937498587432,3.013919091498789,0.0,0.0,1.6864984444542286,-0.6377101426589057,-0.501979114699079,2.000871330240428,1.4759200001065567,1.5917822813077478,1.682057918114828,1.7088925390069214,1.6183547424221443,1.7017309790945774,1.5950924664304107,1.6686692800374372,1.6717504994757122,1.4833997769099645,-0.04514757251582817,-0.5422624871241433,-0.6755054468249008,-0.7588355844838567,0.39997991292876006,0.0,0.0,-0.23395906074624068,-0.23395906074624068,-0.238667185252719,-0.2339590607462407,-0.23866718525271893,-0.22917462425705282,-0.23866718525271896,-0.22917462425705282,-0.21935622811243694,-0.2339590607462407,-0.23395906074624068,-0.23395906074624065,-0.2339590607462407,-0.23395906074624068,-0.2339590607462407,-0.2339590607462407,4.189935029992177,-0.2339590607462407,-0.1273859510596964,-0.2339590607462407,0.0,1.490417976592444,1.4938668173776168,1.5045021312055316,-0.03517346042213346,-0.05063796628929307,-0.0949877833506125,1.0505104024644532,1.0391417527137927,1.0874258382222348,0.000805978635161482,229.48200000000003
2024-05-26,1.2609101637703408,1.6297189439964315,1.425827585565985,0.8278645596391587,1.169328620853729,0.05783269017660344,1.5074766584730128,1.0584624179622384,-0.22516839522910162,0.6351698629833985,-1.2952946109825898,0.831932738149045,2.4827875304648614,-0.16775375245083787,0.4543082409614993,0.7055737678350185,3.1682531048448825,0.488238536603978,0.7753835364762812,1.629695706777614,0.47519807947794346,1.1305654655360737,3.1209277587455517,0.0,0.0,1.6864984444542286,-0.6377101426589057,-0.501979114699079,2.000871330240428,1.4759200001065567,1.5917822813077478,1.682057918114828,1.7088925390069214,1.6183547424221443,1.7017309790945774,1.5950924664304107,1.6686692800374372,1.6717504994757122,1.4835938138166909,-0.044951232273711804,-0.5623270515299942,-0.6759253687602355,-0.7590269979744698,-0.4134303404785569,0.0,0.0,-0.23395906074624068,-0.23395906074624068,-0.238667185252719,-0.2339590607462407,-0.23866718525271893,-0.22917462425705282,-0.23866718525271896,-0.22917462425705282,-0.21935622811243694,-0.2339590607462407,-0.23395906074624068,-0.23395906074624065,-0.2339590607462407,-0.23395906074624068,-0.2339590607462407,-0.2339590607462407,4.189935029992177,-0.2339590607462407,-0.1273859510596964,-0.2339590607462407,0.0,1.4905907057762613,1.4939585674662732,1.5085923931014806,-0.034409735269215515,-0.049736333055216346,-0.010328409949520336,1.0776437147313016,1.0546813032981577,1.0715799680460334,3.564040881370322e-05,229.5
2024-06-02,1.2651751712588712,1.9236723472670623,1.4776128199403873,0.875225870732288,1.2003964784141292,0.16724334838194455,1.5187967221824499,1.0826692048591728,-0.09411294401659658,-0.6162575018945669,0.010857415742872639,1.324514181991154,0.9377866584440785,-0.16775375245083787,0.4543082409614993,0.7055737678350185,3.1682531048448825,0.488238536603978,0.7753835364762766,1.6296957067776137,0.47519807947794346,1.1305654655360737,3.1209277587455517,0.0,0.0,1.6864984444542286,-0.6377101426589057,-0.501979114699079,2.000871330240428,1.4759200001065567,1.5917822813077478,1.682057918114828,1.7088925390069214,1.6183547424221443,1.7017309790945774,1.5950924664304107,1.6686692800374372,1.6717504994757122,1.4832272868820182,-0.05005922222735583,-0.5604827565195097,-0.6764673957339343,-0.7589755778927372,0.3420657370204996,0.0,0.0,-0.23395906074624068,-0.23395906074624068,-0.238667185252719,-0.2339590607462407,-0.23866718525271893,-0.22917462425705282,-0.23866718525271896,-0.22917462425705282,-0.21935622811243694,-0.2339590607462407,-0.23395906074624068,-0.23395906074624065,-0.2339590607462407,-0.23395906074624068,-0.2339590607462407,-0.2339590607462407,4.189935029992177,-0.2339590607462407,-0.1273859510596964,-0.2339590607462407,0.0,1.4907850117134125,1.494131264295999,1.5085923931014806,-0.03420619869224372,-0.04894086491990015,-0.050404237519690635,1.0626720038892739,1.0818088300534399,1.047436378429774,0.00010644837247047906,229.46599999999998
2024-06-09,1.262053185777267,1.7314063131510973,1.4720890616071183,0.8854429771605524,1.2379561271065525,0.2196891095434181,1.5148014055791192,1.0919045534488696,-0.13583398860160734,-0.48391731674049626,0.14869255424153996,0.9550780991095722,-0.2360393166986534,-0.16775375245083787,0.4543082409614993,0.7055737678350185,3.1682531048448825,0.488238536603978,0.7753835364762766,1.6296957067776137,0.47519807947794346,1.1305654655360737,3.1209277587455517,0.0,0.0,1.6864984444542286,-0.6377101426589057,-0.501979114699079,2.000871330240428,1.4759200001065567,1.5917822813077478,1.682057918114828,1.7088925390069214,1.6183547424221443,1.7017309790945774,1.5950924664304107,1.6686692800374372,1.6717504994757122,1.4832272868820182,-0.04671934233896527,-0.5605250488391205,-0.6764673957339343,-0.758987910118112,0.052766277499197135,0.0,0.0,-0.23395906074624068,-0.23395906074624068,-0.238667185252719,-0.2339590607462407,-0.23866718525271893,-0.22917462425705282,-0.23866718525271896,-0.22917462425705282,-0.21935622811243694,-0.2339590607462407,-0.23395906074624068,-0.23395906074624065,-0.2339590607462407,-0.23395906074624068,-0.2339590607462407,-0.2339590607462407,4.189935029992177,-0.2339590607462407,-0.1273859510596964,-0.2339590607462407,0.0,1.490417976592444,1.4943255338374934,1.508684414228898,-0.03950140857466225,-0.048728868679192607,-0.04950262707786603,1.086874352924611,1.066840311560558,1.0629695649718638,0.00010482464469757383,229.46599999999998
2024-06-16,1.2808021586968472,1.6878260120848119,1.4720890616071183,0.884389414627182,1.2240451461093584,0.29175743440476226,1.5114719750763435,1.1147107178567834,0.07257709987986359,-0.6162575018945669,0.11915645313468168,1.1705824807904956,-0.6798099347326637,-0.16775375245083787,0.4543082409614993,0.7055737678350185,3.1682531048448825,0.488238536603978,0.7753835364762766,1.6296957067776137,0.47519807947794346,1.1305654655360737,3.1209277587455517,0.0,0.0,1.6864984444542286,-0.6377101426589057,-0.501979114699079,2.000871330240428,1.4759200001065567,1.5917822813077478,1.682057918114828,1.7088925390069214,1.6183547424221443,1.7017309790945774,1.5950924664304107,1.6686692800374372,1.6717504994757122,1.4835938138166909,-0.04337946245057471,-0.5599430457755611,-0.6865633576514624,-0.7590855792665461,0.31147486174405353,0.0,0.0,-0.23395906074624068,-0.23395906074624068,-0.238667185252719,-0.2339590607462407,-0.23866718525271893,-0.22917462425705282,-0.23866718525271896,-0.22917462425705282,-0.21935622811243694,-0.2339590607462407,-0.23395906074624068,-0.23395906074624065,-0.2339590607462407,-0.23395906074624068,-0.2339590607462407,-0.2339590607462407,4.189935029992177,-0.2339590607462407,-0.1273859510596964,-0.2339590607462407,0.0,1.490417976592444,1.4939585674662732,1.5088576212219973,-0.036039114178707164,-0.05424416526878645,-0.04870717905107024,1.0961080083858883,1.0910375000401586,1.0900859819639548,0.00012716947106123703,229.5
2024-06-23,1.3355477948196253,1.7322608288582795,1.4753112539681923,0.8874439292588135,1.209515899290067,0.3714963978033289,1.509696278808197,1.1287289868443287,0.1479923148093131,-0.4096210724434742,-0.08103267658957224,0.9602091558162617,-0.7093751276227924,-0.16775375245083787,0.4543082409614993,0.7055737678350185,3.891498723790912,0.488238536603978,0.8066165872942899,1.6187611654331298,0.47519807947794346,1.1305654655360737,3.152247368671435,0.0,0.0,1.6864984444542286,-0.6377101426589057,-0.501979114699079,2.000871330240428,1.4759200001065567,1.5917822813077478,1.682057918114828,1.7088925390069214,1.6183547424221443,1.7017309790945774,1.5950924664304107,1.6686692800374372,1.6717504994757122,1.4835938138166909,-0.04671934233896527,-0.5601044829892388,-0.7006151521801792,-0.7594216851331886,0.1422592305677892,0.0,0.0,-0.23395906074624068,-0.23395906074624068,-0.238667185252719,-0.2339590607462407,-0.23866718525271893,-0.22917462425705282,-0.23866718525271896,-0.22917462425705282,-0.21935622811243694,-0.2339590607462407,-0.23395906074624068,-0.23395906074624065,-0.2339590607462407,-0.23395906074624068,-0.2339590607462407,-0.2339590607462407,4.189935029992177,-0.2339590607462407,-0.1273859510596964,-0.2339590607462407,0.0,1.4907850117134125,1.4939585674662732,1.5090524646547716,-0.03257681978275208,-0.05063796628929307,-0.04849518816938407,1.11890999171014,1.1002691866514869,1.075123593653794,0.00012097141690289898,229.5
2024-06-30,1.4087694433827176,1.5006870722119394,1.4696724173363125,0.887501099318764,1.2546493043031852,0.5186656255523613,1.505479000171348,1.1384318530363937,0.1020157472724683,-0.4003340419063465,-0.3337304305037939,0.400923974787201,-0.5802835428253,-0.16775375245083787,0.4543082409614993,0.7055737678350185,3.891498723790912,0.488238536603978,0.8066165872942852,1.61876116543313,0.47519807947794346,1.1305654655360737,3.152247368671435,0.0,0.0,1.6864984444542286,-0.6377101426589057,-0.501979114699079,2.000871330240428,1.4759200001065567,1.5917822813077478,1.682057918114828,1.7088925390069214,1.6183547424221443,1.7017309790945774,1.5950924664304107,1.6686692800374372,1.6717504994757122,1.4832272868820182,-0.05005922222735583,-0.5601044829892388,-0.7000617133590945,-0.7598951779685676,0.059601418750587346,0.0,0.0,-0.23395906074624068,-0.23395906074624068,-0.238667185252719,-0.2339590607462407,-0.23866718525271893,-0.22917462425705282,-0.23866718525271896,-0.22917462425705282,-0.21935622811243694,-0.2339590607462407,-0.23395906074624068,-0.23395906074624065,-0.2339590607462407,-0.23395906074624068,-0.2339590607462407,-0.2339590607462407,4.189935029992177,-0.2339590607462407,-0.1273859510596964,-0.2339590607462407,0.0,1.4907850117134125,1.4943255338374934,1.508684414228898,-0.036039114178707164,-0.04703176730979969,-0.0540103453386176,1.1329256907102738,1.1230663080135517,1.0993108724561753,0.00012097141690289898,229.46599999999998
2024-07-07,1.405067416882673,1.5442673732782248,1.4713985918154593,0.8850509538923215,1.1952957853818247,0.4062818516349184,1.515467291679674,1.1339587894723544,0.021947789984099988,-0.5291915906089941,0.2373008575621113,0.9396849289895066,-0.5665254827675174,-0.16775375245083787,0.4543082409614993,0.7055737678350185,3.891498723790912,0.488238536603978,0.8066165872942852,1.61876116543313,0.47519807947794346,1.1305654655360737,3.152247368671435,0.0,0.0,1.6864984444542286,-0.6377101426589057,-0.501979114699079,2.000871330240428,1.4759200001065567,1.5917822813077478,1.682057918114828,1.7088925390069214,1.6183547424221443,1.7017309790945774,1.5950924664304107,1.6686692800374372,1.6717504994757122,1.4832272868820182,-0.04671934233896527,-0.5601044829892388,-0.7000849515827517,-0.7598951779685676,-0.20929366753632064,0.0,0.0,-0.23395906074624068,-0.23395906074624068,-0.238667185252719,-0.2339590607462407,-0.23866718525271893,-0.22917462425705282,-0.23866718525271896,-0.22917462425705282,-0.21935622811243694,-0.2339590607462407,-0.23395906074624068,-0.23395906074624065,-0.2339590607462407,-0.23395906074624068,-0.2339590607462407,-0.2339590607462407,4.189935029992177,-0.2339590607462407,-0.1273859510596964,-0.2339590607462407,0.0,1.490417976592444,1.4943255338374934,1.508684414228898,-0.03950140857466225,-0.05063796628929307,-0.050404237519690635,1.1426267780633117,1.137079018510554,1.108538778337582,0.00012097141690289898,229.46599999999998
2024-07-14,1.412317929613175,1.1904978705048495,1.4720890616071183,0.890343268013437,1.1229586841964159,0.5388233500804105,1.5161331777802287,1.121419823826426,-0.0294359759046244,-0.5883964102831836,0.41451746420325225,0.9704712692296378,-0.718156868085207,-0.16775375245083787,0.4543082409614993,0.7055737678350185,3.891498723790912,0.488238536603978,0.8066165872942852,1.61876116543313,0.47519807947794346,1.1305654655360737,3.152247368671435,0.0,0.0,1.6864984444542286,-0.6377101426589057,-0.501979114699079,2.000871330240428,1.4759200001065567,1.5917822813077478,1.682057918114828,1.7088925390069214,1.6183547424221443,1.7017309790945774,1.5950924664304107,1.6686692800374372,1.6717504994757122,1.4835938138166909,-0.04337946245057471,-0.5601044829892388,-0.6997831007776251,-0.7678991473940329,-0.36272558217962153,0.0,0.0,-0.23395906074624068,-0.23395906074624068,-0.238667185252719,-0.2339590607462407,-0.23866718525271893,-0.22917462425705282,-0.23866718525271896,-0.22917462425705282,-0.21935622811243694,-0.2339590607462407,-0.23395906074624068,-0.23395906074624065,-0.2339590607462407,-0.23395906074624068,-0.2339590607462407,-0.2339590607462407,4.189935029992177,-0.2339590607462407,-0.1273859510596964,-0.2339590607462407,0.0,1.490417976592444,1.4939585674662732,1.5090524646547716,-0.036039114178707164,-0.05424416526878645,-0.04679812970076368,1.1381545345518096,1.1467780373452874,1.1313265634036378,0.00012097141690289898,229.5
2024-07-21,1.402798432898775,0.5778101084553077,1.4707081220238005,0.8882851458552258,0.9467529248986256,0.6836735475740036,1.5134696333780084,1.1084422137866505,-0.1329108212731332,-0.3864034961006549,-0.7176997448929375,0.89350541862931,-0.6335594349639477,-0.16775375245083787,0.4543082409614993,0.7055737678350185,4.004747148109862,0.488238536603978,0.7819589155958597,1.6197552146462648,0.47519807947794346,1.1305654655360737,3.152247368671435,0.0,0.0,1.6864984444542286,-0.6377101426589057,-0.501979114699079,2.000871330240428,1.4759200001065567,1.5917822813077478,1.682057918114828,1.7088925390069214,1.6183547424221443,1.7017309790945774,1.5950924664304107,1.6686692800374372,1.6717504994757122,1.4821489516393964,-0.059885267325492465,-0.5550223657791296,-0.6963759679824463,-0.7763499097585529,-0.3718435885569772,0.0,0.0,-0.23395906074624068,-0.23395906074624068,-0.238667185252719,-0.2339590607462407,-0.23866718525271893,-0.22917462425705282,-0.23866718525271896,-0.22917462425705282,-0.21935622811243694,-0.2339590607462407,-0.23395906074624068,-0.23395906074624065,-0.2339590607462407,-0.23395906074624068,-0.2339590607462407,-0.2339590607462407,4.189935029992177,-0.2339590607462407,-0.1273859510596964,-0.2339590607462407,0.0,1.4907850117134125,1.4939585674662732,1.5090524646547716,-0.03257681978275208,-0.05063796628929307,-0.050404237519690635,1.1256178676906947,1.1423067474297306,1.1453335351579714,0.0003160889922730108,229.36599999999999
2024-07-28,1.395274959689007,0.3547815088807885,1.4638034241072135,0.8931609352538459,0.9862601109306564,0.52009272109417,1.5028154557691273,1.1160757518053581,-0.1776338451183009,-0.5988443196374523,1.0150848533760175,1.41687320271155,-0.6326812609177062,-0.16775375245083787,0.4543082409614993,0.7055737678350185,4.004747148109862,0.488238536603978,0.7819589155958597,1.6197552146462648,0.47519807947794346,1.1305654655360737,3.152247368671435,0.0,0.0,1.6864984444542286,-0.6377101426589057,-0.501979114699079,2.000871330240428,1.4759200001065567,1.5917822813077478,1.682057918114828,1.7088925390069214,1.6183547424221443,1.7017309790945774,1.5950924664304107,1.6686692800374372,1.6717504994757122,1.482127380139464,-0.04691590693482841,-0.5548325061546294,-0.6964102539977879,-0.7763534260874146,0.021111243190852443,0.0,0.0,-0.23395906074624068,-0.23395906074624068,-0.238667185252719,-0.2339590607462407,-0.23866718525271893,-0.22917462425705282,-0.23866718525271896,-0.22917462425705282,-0.21935622811243694,-0.2339590607462407,-0.23395906074624068,-0.23395906074624065,-0.2339590607462407,-0.23395906074624068,-0.2339590607462407,-0.2339590607462407,4.189935029992177,-0.2339590607462407,-0.1273859510596964,-0.2339590607462407,0.0,1.4893381462477135,1.4943255338374934,1.508684414228898,-0.0496876014961312,-0.04703176730979969,-0.0540103453386176,1.112642636852978,1.1297727537045166,1.1550285818723043,0.0003233782672073731,229.36400000000003
2024-08-04,1.3774813484468575,0.9956682892673381,1.4789937595237055,0.8915438392723939,0.9764296843593059,0.44142407935196004,1.498653667640658,1.103716631992162,-0.2633268771907734,-0.4351604064205756,0.34559989495392035,0.8781122485092416,-0.7058624314378267,-0.16775375245083787,0.4543082409614993,0.7055737678350185,4.004747148109862,0.488238536603978,0.7819589155958597,1.6197552146462648,0.47519807947794346,1.1305654655360737,3.152247368671435,0.0,0.0,1.6864984444542286,-0.6377101426589057,-0.501979114699079,2.000871330240428,1.4759200001065567,1.5917822813077478,1.682057918114828,1.7088925390069214,1.6183547424221443,1.7017309790945774,1.5950924664304107,1.6686692800374372,1.6717504994757122,1.4717079604432162,-0.14166355243713963,-0.5097031402071885,-0.6607437674597441,-0.7457532711289138,-0.3603507076993301,0.0,0.0,-0.23395906074624068,-0.23395906074624068,-0.238667185252719,-0.2339590607462407,-0.23866718525271893,-0.22917462425705282,-0.23866718525271896,-0.22917462425705282,-0.21935622811243694,-0.2339590607462407,-0.23395906074624068,-0.23395906074624065,-0.2339590607462407,-0.23395906074624068,-0.2339590607462407,-0.2339590607462407,4.189935029992177,-0.2339590607462407,-0.1273859510596964,-0.2339590607462407,0.0,1.4893165448390906,1.4928789393857413,1.508684414228898,-0.036242883332521875,-0.06485373057936164,-0.050404237519690635,1.1202747754052729,1.1168002895156832,1.1505591231215482,0.0020560286760053846,228.4
2024-08-11,1.35828881474847,0.4188701869194435,1.4658748334821892,0.8899267432909416,0.8484486591851216,0.26143165414132524,1.4308997569091788,1.0796273226225506,-0.4043471467555771,-0.34809449513500285,1.0347755874472553,0.831932738149045,-0.5375457392415496,-0.16775375245083787,0.4543082409614993,0.7055737678350185,4.004747148109862,0.488238536603978,0.7819589155958597,1.6197552146462648,0.47519807947794346,1.1305654655360737,3.152247368671435,0.0,0.0,1.6864984444542286,-0.6377101426589057,-0.501979114699079,2.000871330240428,1.4759200001065567,1.5917822813077478,1.682057918114828,1.7088925390069214,1.6183547424221443,1.7017309790945774,1.5950924664304107,1.6686692800374372,1.6717504994757122,1.4324046414923037,-0.4048604558382923,-0.37099943217289777,-0.5443612388809812,-0.6439236371237479,-0.5863147306209828,0.0,0.0,-0.23395906074624068,-0.23395906074624068,-0.238667185252719,-0.2339590607462407,-0.23866718525271893,-0.22917462425705282,-0.23866718525271896,-0.22917462425705282,-0.21935622811243694,-0.2339590607462407,-0.23395906074624068,-0.23395906074624065,-0.2339590607462407,-0.23395906074624068,-0.2339590607462407,-0.2339590607462407,4.189935029992177,-0.2339590607462407,-0.1273859510596964,-0.2339590607462407,0.0,1.4788826787112117,1.4928573420233018,1.5090524646547716,-0.1344632544281636,-0.050850204773518246,-0.04679812970076368,1.107917921405521,1.1244308007021249,1.138030262547741,0.007381276026196483,224.8
2024-08-18,1.34264476728054,0.3086376606929568,1.4638034241072135,0.8883096473094904,0.818771899724441,0.29568194714473645,1.4342291874119542,1.0598717676640033,-0.45744567835117195,0.8708282628630152,0.27668232570458845,0.4932829955075944,0.004287647289422293,-0.16775375245083787,0.4543082409614993,0.7055737678350185,3.833330214936178,0.488238536603978,0.7333011101109652,1.603736821611748,0.47519807947794346,1.1305654655360737,3.152247368671435,0.0,0.0,1.6864984444542286,-0.6377101426589057,-0.501979114699079,2.000871330240428,1.4759200001065567,1.5917822813077478,1.682057918114828,1.7088925390069214,1.6183547424221443,1.7017309790945774,1.5950924664304107,1.6686692800374372,1.6717504994757122,1.4124941274476763,-0.22814864298384782,-0.3874144754434737,-0.5389520094369699,-0.6349932683104682,-0.5053214289175927,0.0,0.0,-0.23395906074624068,-0.23395906074624068,-0.238667185252719,-0.2339590607462407,-0.23866718525271893,-0.22917462425705282,-0.23866718525271896,-0.22917462425705282,-0.21935622811243694,-0.2339590607462407,-0.23395906074624068,-0.23395906074624065,-0.2339590607462407,-0.23395906074624068,-0.2339590607462407,-0.2339590607462407,4.189935029992177,-0.2339590607462407,-0.1273859510596964,-0.2339590607462407,0.0,1.4395248660623152,1.4824254302742566,1.507601596821124,-0.4073069476538109,-0.15315294437427832,-0.06461964245157291,1.0838330283601993,1.112076581497603,1.125063111080795,0.006751053756592158,222.998
2024-08-25,1.3497929198313174,0.35862682956310776,1.4793389944195343,0.8962236170368988,0.8470575610854021,0.372611316195367,1.4308997569091788,1.0663550060271643,-0.40524146137304573,-0.3689903138435403,-0.12205503923798439,0.3316547092469046,0.2394187481705693,-0.16775375245083787,0.4543082409614993,0.7055737678350185,3.5762048151756516,0.488238536603978,0.6603144018836306,1.579709232059973,0.47519807947794346,1.1305654655360737,3.152247368671435,0.0,0.0,1.6864984444542286,-0.6377101426589057,-0.501979114699079,2.000871330240428,1.4759200001065567,1.5917822813077478,1.682057918114828,1.7088925390069214,1.6183547424221443,1.7017309790945774,1.5950924664304107,1.6686692800374372,1.6717504994757122,1.4069632853947838,-0.09711767978944365,-0.4061562980278817,-0.5427323896404829,-0.6364888551401612,0.0007051621489260042,0.0,0.0,-0.23395906074624068,-0.23395906074624068,-0.238667185252719,-0.2339590607462407,-0.23866718525271893,-0.22917462425705282,-0.23866718525271896,-0.22917462425705282,-0.21935622811243694,-0.2339590607462407,-0.23395906074624068,-0.23395906074624065,-0.2339590607462407,-0.23395906074624068,-0.2339590607462407,-0.2339590607462407,4.189935029992177,-0.2339590607462407,-0.1273859510596964,-0.2339590607462407,0.0,1.4195867462691654,1.4430749897801332,1.5075799356579576,-0.22411822836132214,-0.4373369378616702,-0.05061647063877081,1.0640810952131323,1.0879968239634166,1.1326904972800944,0.006031499517777601,222.5
2024-09-01,1.3497929198313174,0.4573233937426365,1.5563263761894797,0.9258703766968502,0.8074576351800568,0.4963672577115988,1.4342291874119542,1.0685638268696505,-0.32922923141277033,-0.45605622512911304,0.3357545279183015,0.831932738149045,-0.3100986612650151,-0.16775375245083787,0.4543082409614993,0.7055737678350185,3.5762048151756516,0.488238536603978,0.6603144018836306,1.579709232059973,0.47519807947794346,1.1305654655360737,3.152247368671435,0.0,0.0,1.6864984444542286,-0.6377101426589057,-0.501979114699079,2.000871330240428,1.4759200001065567,1.5917822813077478,1.682057918114828,1.7088925390069214,1.6183547424221443,1.7017309790945774,1.5950924664304107,1.6686692800374372,1.6717504994757122,1.4069632853947838,-0.04671934233896527,-0.3784989636721919,-0.5427323896404829,-0.6364888551401612,-0.08187938055383051,0.0,0.0,-0.23395906074624068,-0.23395906074624068,-0.238667185252719,-0.2339590607462407,-0.23866718525271893,-0.22917462425705282,-0.23866718525271896,-0.22917462425705282,-0.21935622811243694,-0.2339590607462407,-0.23395906074624068,-0.23395906074624065,-0.2339590607462407,-0.23395906074624068,-0.2339590607462407,-0.2339590607462407,4.189935029992177,-0.2339590607462407,-0.1273859510596964,-0.2339590607462407,0.0,1.4140482357535455,1.4231406046179271,1.497117207018422,-0.08828467005237385,-0.24653428013878786,-0.15291662414382703,1.0705631449958062,1.0682491024303447,1.1203413376024145,0.007093346735694622,222.5
2024-09-08,1.3611207797208542,0.2945381515244528,1.5532192621270158,0.9515969036744942,0.8911090009098497,0.5026108007070121,1.4308997569091788,1.0521081370814824,-0.42916144281049573,-0.4665041344833818,0.010857415742872639,0.6933942070684522,-0.5671109321316782,-0.16775375245083787,0.4543082409614993,0.7055737678350185,3.5762048151756516,0.488238536603978,0.6603144018836306,1.579709232059973,0.47519807947794346,1.1305654655360737,3.152247368671435,0.0,0.0,0.5838376218031953,0.412089505745385,-0.35416104036488316,2.000871330240428,1.4759200001065567,1.5917822813077478,1.682057918114828,1.7088925390069214,1.6183547424221443,1.7017309790945774,1.5950924664304107,1.6686692800374372,1.6717504994757122,1.4069632853947838,-0.04671934233896527,-0.4642634965430456,-0.5431551866093935,-0.6367081159329148,-0.44246238066307786,0.0,0.0,-0.23395906074624068,-0.23395906074624068,-0.238667185252719,-0.2339590607462407,-0.23866718525271893,-0.22917462425705282,-0.23866718525271896,-0.22917462425705282,-0.21935622811243694,-0.2339590607462407,-0.23395906074624068,-0.23395906074624065,-0.2339590607462407,-0.23395906074624068,-0.2339590607462407,-0.2339590607462407,-0.23866718525271896,-0.2339590607462407,-0.1273859510596964,4.274252071325551,0.0,1.4140482357535455,1.4176031315267472,1.4576505214635054,-0.036039114178707164,-0.10505502293669815,-0.4370934337864116,1.0727715608923063,1.074729770075312,1.096271441652969,0.0038005915679814434,222.5
2024-09-15,1.3227527723540335,0.2560849447012598,1.648158858480088,1.0116254666223303,0.9300597477019927,0.4669334121617922,1.4375586179147297,1.0749221315120454,-0.3036197245731132,-0.5257089541575712,0.6704970071293509,0.6010351863480561,-0.538423913287791,-0.16775375245083787,0.4543082409614993,0.7055737678350185,3.5762048151756516,0.488238536603978,0.6603144018836306,1.579709232059973,0.47519807947794346,1.1305654655360737,3.152247368671435,0.0,0.0,0.5838376218031953,0.412089505745385,-0.35416104036488316,2.000871330240428,1.4759200001065567,1.5917822813077478,1.682057918114828,1.7088925390069214,1.6183547424221443,1.7017309790945774,1.5950924664304107,1.6686692800374372,1.6717504994757122,1.4180347696367288,0.05416663371442245,-0.48993380394779984,-0.5240890951468606,-0.6255460573658336,0.316003933448701,0.0,0.0,-0.23395906074624068,-0.23395906074624068,-0.238667185252719,-0.2339590607462407,-0.23866718525271893,-0.22917462425705282,-0.23866718525271896,-0.22917462425705282,-0.21935622811243694,-0.2339590607462407,-0.23395906074624068,-0.23395906074624065,-0.2339590607462407,-0.23395906074624068,-0.2339590607462407,-0.2339590607462407,-0.23866718525271896,-0.2339590607462407,-0.1273859510596964,4.274252071325551,0.0,1.4140482357535455,1.4176031315267472,1.4376572481723242,-0.036039114178707164,-0.05063796628929307,-0.24629559933547038,1.0563188879470624,1.0769377150814325,1.0765318075696588,0.00281503221687914,223.498
2024-09-22,1.3497644864480605,0.2560849447012598,1.6467779188967702,1.0116254666223303,0.9421159312328943,0.626887037472862,1.436448807747138,1.1159123544577059,-0.07142593129592871,-0.5547309245860954,0.9363219170910649,0.7293116040152701,-0.6405848273338791,-0.16775375245083787,0.4543082409614993,1.3487979386582711,2.760301394514117,0.488238536603978,1.7945673000111648,1.5507397978486133,0.47519807947794346,2.6857040291283063,2.2230989408702673,0.0,0.0,0.5838376218031953,0.412089505745385,-0.35416104036488316,2.000871330240428,1.4759200001065567,1.5917822813077478,1.682057918114828,1.7088925390069214,1.6183547424221443,1.7017309790945774,1.5950924664304107,1.6686692800374372,1.6717504994757122,1.4131079028574862,-0.0916141146248507,-0.4919990032684244,-0.5271543473205894,-0.626713625696713,0.6606311247713024,0.0,0.0,-0.23395906074624068,-0.23395906074624068,-0.238667185252719,-0.2339590607462407,-0.23866718525271893,-0.22917462425705282,-0.23866718525271896,-0.22917462425705282,-0.21935622811243694,-0.2339590607462407,-0.23395906074624068,-0.23395906074624065,-0.2339590607462407,-0.23395906074624068,-0.2339590607462407,-0.2339590607462407,-0.23866718525271896,-0.2339590607462407,-0.1273859510596964,4.274252071325551,0.0,1.4251350705087455,1.4176031315267472,1.4321034168425057,0.0685445718197808,-0.05063796628929307,-0.1048199185664328,1.0791286998584753,1.0604885502640824,1.083009821132538,0.0027357430805926516,223.05333333333337
2024-09-29,1.356872832262278,0.16636079544714283,1.726829260367201,1.0534616997788329,1.0057586692950569,0.48811686161051654,1.4308997569091788,1.1001763198762533,-0.14123878240098045,-0.4821759985147848,1.2316829281596355,1.062830289950034,-0.6899821174349605,-0.16775375245083787,0.4543082409614993,1.3487979386582647,2.760301394514117,0.488238536603978,1.7945673000111602,1.5507397978486133,0.47519807947794346,2.685704029128311,2.2230989408702673,0.0,0.0,0.5838376218031953,0.412089505745385,-0.35416104036488316,2.000871330240428,1.4759200001065567,1.5917822813077478,1.682057918114828,1.7088925390069214,1.6183547424221443,1.7017309790945774,1.5950924664304107,1.6686692800374372,1.6717504994757122,1.422894767427917,0.04246087624000118,-0.48188678283904873,-0.5124172922642435,-0.6183006414746051,-0.4249360252085049,0.0,0.0,-0.23395906074624068,-0.23395906074624068,-0.238667185252719,-0.2339590607462407,-0.23866718525271893,-0.22917462425705282,-0.23866718525271896,-0.22917462425705282,-0.21935622811243694,-0.2339590607462407,-0.23395906074624068,-0.23395906074624065,-0.2339590607462407,-0.23395906074624068,-0.2339590607462407,-0.2339590607462407,-0.23866718525271896,-0.2339590607462407,-0.1273859510596964,4.274252071325551,0.0,1.4202013726730567,1.4286878895948483,1.4321034168425057,-0.08257938619070594,0.05829256895346901,-0.050404237519690635,1.120111408013468,1.0832934985440545,1.0852168619004514,0.0031239812597245917,223.9375
2024-10-06,1.356872832262278,0.2240406056819323,1.6205400668137397,1.0085627848392775,0.9191164426508667,0.44071053158105555,1.3543228553453448,1.010657465303902,-0.36661685391825855,-0.20182376417524062,1.8224049502967803,0.47788982538752883,-0.44036114479082966,-0.16775375245083787,0.4543082409614993,1.3487979386582647,2.760301394514117,0.488238536603978,1.7945673000111602,1.5507397978486133,0.47519807947794346,2.685704029128311,2.2230989408702673,0.0,0.0,0.5838376218031953,0.412089505745385,-0.35416104036488316,2.000871330240428,1.4759200001065567,1.5917822813077478,1.682057918114828,1.7088925390069214,1.6183547424221443,1.7017309790945774,1.5950924664304107,1.6686692800374372,1.6717504994757122,1.3782448446115607,-0.4535799714649839,-0.2893724631119608,-0.4943686461441752,-0.569838098841306,-1.85650612529094,0.0,0.0,-0.23395906074624068,-0.23395906074624068,-0.238667185252719,-0.2339590607462407,-0.23866718525271893,-0.22917462425705282,-0.23866718525271896,-0.22917462425705282,-0.21935622811243694,-0.2339590607462407,-0.23395906074624068,-0.23395906074624065,-0.2339590607462407,-0.23395906074624068,-0.2339590607462407,-0.2339590607462407,-0.23866718525271896,-0.2339590607462407,-0.1273859510596964,4.274252071325551,0.0,1.43000180664313,1.423755115895477,1.4321034168425057,0.05640977061181629,-0.09911260831600519,-0.050404237519690635,1.1043782583396182,1.1242674681443987,1.0687744336473102,0.010515177829228466,219.93200000000002
2024-10-13,1.356872832262278,0.34965441463769603,1.5998259730639777,0.9871240123579075,1.0227996210166193,0.4688956685317793,1.3563205136470098,0.9793647797848923,-0.5045587582334757,0.9962031751142401,-0.1269777227557947,-0.15323014953517294,-0.016788529820372364,-0.16775375245083787,0.4543082409614993,1.3487979386582647,2.760301394514117,0.488238536603978,1.7945673000111602,1.5507397978486133,0.47519807947794346,2.685704029128311,2.2230989408702673,0.0,0.0,0.5838376218031953,0.412089505745385,-0.35416104036488316,2.000871330240428,1.4759200001065567,1.5917822813077478,1.682057918114828,1.7088925390069214,1.6183547424221443,1.7017309790945774,1.5950924664304107,1.6686692800374372,1.6717504994757122,1.3767371054775543,-0.06045821698703207,-0.3133943821733068,-0.5030607548451193,-0.5698668502882829,-0.7393079223798398,0.0,0.0,-0.23395906074624068,-0.23395906074624068,-0.238667185252719,-0.2339590607462407,-0.23866718525271893,-0.22917462425705282,-0.23866718525271896,-0.22917462425705282,-0.21935622811243694,-0.2339590607462407,-0.23395906074624068,-0.23395906074624065,-0.2339590607462407,-0.23395906074624068,-0.2339590607462407,-0.2339590607462407,-0.23866718525271896,-0.2339590607462407,-0.1273859510596964,4.274252071325551,0.0,1.385289977110651,1.4335537141355843,1.4432209203731563,-0.45781214890798705,0.04565340465142671,0.05852354408430959,1.0148758153748305,1.1085376731778,1.0915700424258503,0.009592905002922248,219.798
2024-10-20,1.356872832262278,0.5637105992868037,1.6088020803555416,0.9988540835870001,1.2537219055700393,0.8448907470627162,1.3559875705967326,0.9716166257315144,-0.5565508852737778,-0.09908598885826483,-0.6512435174025082,-0.05317454375474269,0.25515269983239525,-0.16775375245083787,0.4543082409614993,1.167891140614222,2.760301394514117,0.488238536603978,2.080596291712886,1.5370006176527844,0.47519807947794346,2.552630091639711,1.2443611306864535,0.0,0.0,0.5838376218031953,0.412089505745385,-0.35416104036488316,2.000871330240428,1.4759200001065567,1.5917822813077478,1.682057918114828,1.7088925390069214,1.6183547424221443,1.7017309790945774,1.5950924664304107,1.6686692800374372,1.6717504994757122,1.371576839263307,-0.09374090533296238,-0.3135777307691582,-0.5030923507402284,-0.571938034733105,-0.2774825161223802,0.0,0.0,-0.23395906074624068,-0.23395906074624068,-0.238667185252719,-0.2339590607462407,-0.23866718525271893,-0.22917462425705282,-0.23866718525271896,-0.22917462425705282,-0.21935622811243694,-0.2339590607462407,-0.23395906074624068,-0.23395906074624065,-0.2339590607462407,-0.23395906074624068,-0.2339590607462407,-0.2339590607462407,-0.23866718525271896,-0.2339590607462407,-0.1273859510596964,4.274252071325551,0.0,1.3837801475099054,1.3888502596246153,1.4382735747764606,-0.050281551119651595,-0.48994130490645355,-0.09887765416315318,0.9835888667843907,1.0190543144078898,1.1325272316133184,0.009585865705717754,219.34
2024-10-27,1.3369808373357717,0.6803519933171557,1.7196224819167631,1.0467115491289845,1.1741047243294322,0.9817581288693166,1.3463322221386835,0.9746135872913214,-0.47011652951968197,0.5504257093321079,-0.08759625461331755,-0.014691618454580148,0.20919492474575957,-0.16775375245083787,0.4543082409614993,1.1075888745995457,2.760301394514117,0.488238536603978,2.175939288946787,1.5324208909208419,0.47519807947794346,2.508272112476846,0.9181151939585155,0.0,0.0,0.5838376218031953,0.412089505745385,-0.35416104036488316,2.000871330240428,1.4759200001065567,1.5917822813077478,1.682057918114828,1.7088925390069214,1.6183547424221443,1.7017309790945774,1.5950924664304107,1.6686692800374372,1.6717504994757122,1.3718475136361514,-0.044252893604513975,-0.33816843386466955,-0.5029757966607464,-0.5694572594670487,-0.06526885351975024,0.0,0.0,-0.23395906074624068,-0.23395906074624068,-0.238667185252719,-0.2339590607462407,-0.23866718525271893,-0.22917462425705282,-0.23866718525271896,-0.22917462425705282,-0.21935622811243694,-0.2339590607462407,-0.23395906074624068,-0.23395906074624065,-0.2339590607462407,-0.23395906074624068,-0.2339590607462407,-0.2339590607462407,-0.23866718525271896,-0.2339590607462407,-0.1273859510596964,4.274252071325551,0.0,1.378612726632996,1.3873407128316972,1.448101119036836,-0.08478412881503213,-0.0654723667440714,0.04588469928581754,0.9758421332101316,0.987774036989814,1.1168038786013699,0.00864175557085147,219.36400000000003
2024-11-03,1.359232803072598,0.46330500369291094,1.7394159492776466,1.052583731001024,1.1813848043846307,0.9322260211057027,1.359871906183304,0.9798635359151229,-0.5386617847162755,1.0066510844685086,-0.2615310722425867,0.01096366507886428,0.31613700859916216,-0.16775375245083787,0.4543082409614993,1.1075888745995457,2.760301394514117,0.488238536603978,2.175939288946792,1.5324208909208414,0.47519807947794346,2.508272112476846,0.9181151939585155,0.0,0.0,0.5838376218031953,0.412089505745385,-0.35416104036488316,2.000871330240428,1.4759200001065567,1.5917822813077478,1.682057918114828,1.7088925390069214,1.6183547424221443,1.7017309790945774,1.5950924664304107,1.6686692800374372,1.6717504994757122,1.3714640495333954,-0.05021355769822165,-0.5377341583038191,-0.503129298021645,-0.6042627978694611,-0.02086351697859634,0.0,0.0,-0.23395906074624068,-0.23395906074624068,-0.238667185252719,-0.2339590607462407,-0.23866718525271893,-0.22917462425705282,-0.23866718525271896,-0.22917462425705282,-0.21935622811243694,-0.2339590607462407,-0.23395906074624068,-0.23395906074624065,-0.2339590607462407,-0.23395906074624068,-0.2339590607462407,-0.2339590607462407,-0.23866718525271896,-0.2339590607462407,-0.1273859510596964,4.274252071325551,0.0,1.378883776293422,1.3821742598700228,1.403265606136633,-0.03348226425698248,-0.10140898744863448,-0.48969647105324227,0.9788385453330939,0.9800289552159785,1.0273571667006876,0.0009798346293016253,219.33
2024-11-10,1.3504753210294822,0.6162633152785008,1.7420627501456711,1.054086486862575,1.1971042129114597,1.06609055604308,1.3493287095911817,0.9714571094107133,-0.6940106189708032,1.1320259967197333,-0.5109470371449366,-0.8921023152983364,1.271492796015828,-0.16775375245083787,0.4543082409614993,1.1075888745995457,2.760301394514117,0.488238536603978,2.175939288946787,1.5324208909208419,0.47519807947794346,2.508272112476846,0.9181151939585155,0.0,0.0,0.5838376218031953,0.412089505745385,-0.35416104036488316,2.000871330240428,1.4759200001065567,1.5917822813077478,1.682057918114828,1.7088925390069214,1.6183547424221443,1.7017309790945774,1.5950924664304107,1.6686692800374372,1.6717504994757122,1.372997549438994,-0.032745729463469195,-0.5324368013859819,-0.513662897730467,-0.6124663253022765,-0.290473771855229,0.0,0.0,-0.23395906074624068,-0.23395906074624068,-0.238667185252719,-0.2339590607462407,-0.23866718525271893,-0.22917462425705282,-0.23866718525271896,-0.22917462425705282,-0.21935622811243694,-0.2339590607462407,-0.23395906074624068,-0.23395906074624065,-0.2339590607462407,-0.23395906074624068,-0.2339590607462407,-0.2339590607462407,-0.23866718525271896,-0.2339590607462407,-0.1273859510596964,4.274252071325551,0.0,1.378499780521139,1.3824452587598417,1.4017515999944294,-0.03966140080603957,-0.047974845097399806,-0.06523826297787128,0.9840875314770138,0.9830247284277447,0.9960896997565559,0.0011832158963889774,219.46599999999998
2024-11-17,1.3497929198313174,0.5573017314829382,1.746032951447709,1.0269388755375948,1.0762989354349943,1.0644181784550228,1.358068464660967,0.9723623130447822,-0.5805858032637392,0.04457276476293003,0.14869255424153996,-0.49572818470663926,1.227364550192195,-0.16775375245083787,0.4543082409614993,1.1075888745995457,2.760301394514117,0.488238536603978,2.175939288946792,1.5324208909208414,0.47519807947794346,2.508272112476846,0.9181151939585155,0.0,0.0,0.5838376218031953,0.412089505745385,-0.35416104036488316,2.000871330240428,1.4759200001065567,1.5917822813077478,1.682057918114828,1.7088925390069214,1.6183547424221443,1.7017309790945774,1.5950924664304107,1.6686692800374372,1.6717504994757122,1.3714640495333954,-0.060692955214461344,-0.5497716543818464,-0.5129211142643271,-0.6125938734928555,-0.10659330653027332,0.0,0.0,-0.23395906074624068,-0.23395906074624068,-0.238667185252719,-0.2339590607462407,-0.23866718525271893,-0.22917462425705282,-0.23866718525271896,-0.22917462425705282,-0.21935622811243694,-0.2339590607462407,-0.23395906074624068,-0.23395906074624065,-0.2339590607462407,-0.23395906074624068,-0.2339590607462407,-0.2339590607462407,-0.23866718525271896,-0.2339590607462407,-0.1273859510596964,4.274252071325551,0.0,1.380035406610555,1.3820613349142252,1.3965698848239698,-0.021553335298380452,-0.05441080731464881,-0.10117397524595671,0.9756826461336642,0.9882725953544548,0.9883477898909145,0.0005176793992727074,219.33
2024-11-24,1.3526248848037017,0.7290593886265336,1.7917765751450982,1.10801418769857,1.2901223058460298,0.7610488839814495,1.3559875705967326,0.9477736562151042,-0.39078933552544254,0.6688353486804864,-0.7176997448929375,-0.36873453121609356,0.4281529869419599,-0.16775375245083787,0.4543082409614993,5.070309212707029,1.4309193226791554,0.488238536603978,3.11950619260651,1.5172261386629224,0.47519807947794346,2.9866424759979484,0.9755344788226322,0.0,0.0,0.5838376218031953,0.412089505745385,-0.35416104036488316,2.000871330240428,1.4759200001065567,1.5917822813077478,1.682057918114828,1.7088925390069214,1.6183547424221443,1.7017309790945774,1.5950924664304107,1.6686692800374372,1.6717504994757122,1.3714640495333954,-0.04671934233896527,-0.5499188565296965,-0.5236806821437527,-0.6125938734928555,-0.611963723795702,0.0,0.0,-0.23395906074624068,-0.23395906074624068,-0.238667185252719,-0.2339590607462407,-0.23866718525271893,-0.22917462425705282,-0.23866718525271896,-0.22917462425705282,-0.21935622811243694,-0.2339590607462407,-0.23395906074624068,-0.23395906074624065,-0.2339590607462407,-0.23395906074624068,-0.2339590607462407,-0.2339590607462407,-0.23866718525271896,-0.2339590607462407,-0.1273859510596964,4.274252071325551,0.0,1.378499780521139,1.383596673363845,1.3968416842710893,-0.05052489305903387,-0.03555010978684487,-0.04774118364844099,0.9765876838155783,0.9798695021462079,0.9913423362185915,0.0005120278715746371,219.33
2024-12-01,1.356872832262278,0.6290810508862317,1.8970732183730508,1.1708604178868147,1.1837033012174962,0.7218037565817075,1.370970007859222,0.9427814458368512,-0.3079950320908386,8.8042740992044,-2.6867731520167486,-0.8767091451782681,3.3179310484404767,-0.16775375245083787,0.4543082409614993,5.070309212707029,1.4309193226791554,0.488238536603978,3.11950619260651,1.5172261386629224,0.47519807947794346,2.9866424759979484,0.9755344788226322,0.0,0.0,0.5838376218031953,0.412089505745385,-0.35416104036488316,2.000871330240428,1.4759200001065567,1.5917822813077478,1.682057918114828,1.7088925390069214,1.6183547424221443,1.7017309790945774,1.5950924664304107,1.6686692800374372,1.6717504994757122,1.3804934936361664,0.03555908227156461,-0.5139274563999335,-0.6564260944205582,-0.607644662209736,-0.22383725091675424,0.0,0.0,-0.23395906074624068,-0.23395906074624068,-0.238667185252719,-0.2339590607462407,-0.23866718525271893,-0.22917462425705282,-0.23866718525271896,-0.22917462425705282,-0.21935622811243694,-0.2339590607462407,-0.23395906074624068,-0.23395906074624065,-0.2339590607462407,-0.23395906074624068,-0.2339590607462407,-0.2339590607462407,-0.23866718525271896,-0.2339590607462407,-0.1273859510596964,4.274252071325551,0.0,1.378499780521139,1.3820613349142252,1.3964566262767768,-0.036039114178707164,-0.06572582279174127,-0.05417698317196053,0.9520035348562068,0.9807743468510934,0.9965880539424149,0.0018938446296623461,220.132
2024-12-08,4.086477624921825,1.146917569438564,2.052428921496259,1.2958423360896358,0.8911090009098497,0.9278406754303528,1.5732329109028271,0.9385579642447669,-0.3188309076983609,-0.6058095925402981,-0.40264799975312754,-0.2763755104957002,3.754090824740395,-0.16775375245083787,0.4543082409614993,5.070309212707029,1.4309193226791554,0.488238536603978,3.11950619260651,1.5172261386629224,0.47519807947794346,2.9866424759979484,0.9755344788226322,0.0,0.0,0.5838376218031953,0.412089505745385,-0.35416104036488316,2.000871330240428,1.4759200001065567,1.5917822813077478,1.682057918114828,1.7088925390069214,1.6183547424221443,1.7017309790945774,1.5950924664304107,1.6686692800374372,1.6717504994757122,1.5353291763252712,1.3641799223506652,0.24019237895968037,-0.07282932988434085,-0.20508706610042013,-0.20863919295429603,0.0,0.0,-0.23395906074624068,-0.23395906074624068,-0.238667185252719,-0.2339590607462407,-0.23866718525271893,-0.22917462425705282,-0.23866718525271896,-0.22917462425705282,-0.21935622811243694,-0.2339590607462407,-0.23395906074624068,-0.23395906074624065,-0.2339590607462407,-0.23395906074624068,-0.2339590607462407,-0.2339590607462407,-0.23866718525271896,-0.2339590607462407,-0.1273859510596964,4.274252071325551,0.0,1.3875417438668907,1.3820613349142252,1.3979965002667658,0.049255009549295056,-0.05063796628929307,-0.035316762420917774,0.947012239706349,0.956195439856903,0.988188402123295,0.030846745110033894,234.35
2024-12-15,4.018237505105336,1.8544565749853148,1.8150799306135794,1.1182067926725698,0.7999920753782294,1.0466909760216168,1.4999854398417685,0.9373793011477991,-0.35978812630328927,1.2260571809081517,-0.8752256174628426,-0.5072730622966891,0.5595863691960963,-0.16775375245083787,0.4543082409614993,5.070309212707029,1.4309193226791554,0.488238536603978,3.11950619260651,1.5172261386629224,0.47519807947794346,2.9866424759979484,0.9755344788226322,0.0,0.0,0.5838376218031953,0.412089505745385,-0.35416104036488316,2.000871330240428,1.4759200001065567,1.5917822813077478,1.682057918114828,1.7088925390069214,1.6183547424221443,1.7017309790945774,1.5950924664304107,1.6686692800374372,1.6717504994757122,1.488977653898203,-0.4690853485063361,0.35363475941375877,-0.021603161620722348,-0.17379101569566835,-0.14798629325885315,0.0,0.0,-0.23395906074624068,-0.23395906074624068,-0.238667185252719,-0.2339590607462407,-0.23866718525271893,-0.22917462425705282,-0.23866718525271896,-0.22917462425705282,-0.21935622811243694,-0.2339590607462407,-0.23395906074624068,-0.23395906074624065,-0.2339590607462407,-0.23395906074624068,-0.2339590607462407,-0.2339590607462407,-0.23866718525271896,-0.2339590607462407,-0.1273859510596964,4.274252071325551,0.0,1.5425921048364777,1.39110160459997,1.3964566262767768,1.42657294991742,0.038201267689207015,-0.0654917126184635,0.9427895324106157,0.9512052089779877,0.9890928762595516,0.035202135059400654,230.0
2024-12-22,0.8962520235009792,1.7781910481193155,1.741717515249842,1.0741041749966087,2.0628773002401553,1.0294498780071393,1.517464949981339,0.9471594888135285,-0.2913142552713469,4.639040903302603,-1.5348652088493173,-0.2301960001355035,2.2524132056675223,-0.16775375245083787,0.4543082409614993,5.683669404170619,1.6239564095864585,0.488238536603978,4.829104763697279,1.6288436645949271,0.47519807947794346,4.5052509391031235,0.9181151939585155,0.0,0.0,0.5838376218031953,0.412089505745385,-0.35416104036488316,2.000871330240428,1.4759200001065567,1.5917822813077478,1.682057918114828,1.7088925390069214,1.6183547424221443,1.7017309790945774,1.5950924664304107,1.6686692800374372,1.6717504994757122,1.5039903699208597,0.09008006739329219,0.3391522297845913,-0.0248747257201988,-0.17312232048097426,0.07030938653250063,0.0,0.0,-0.23395906074624068,-0.23395906074624068,-0.238667185252719,-0.2339590607462407,-0.23866718525271893,-0.22917462425705282,-0.23866718525271896,-0.22917462425705282,-0.21935622811243694,-0.2339590607462407,-0.23395906074624068,-0.23395906074624065,-0.2339590607462407,-0.23395906074624068,-0.2339590607462407,-0.2339590607462407,-0.23866718525271896,-0.2339590607462407,-0.1273859510596964,4.274252071325551,0.0,1.4961763164407416,1.5461229229174944,1.3964566262767768,-0.47388583473844187,1.4727651675112847,-0.050404237519690635,0.9416110853994801,0.9469834020707385,0.96452403527096,0.03464610772873462,231.4
2024-12-29,0.8412334268989353,3.704055823180898,1.741717515249842,1.0728791022833877,0.9467529248986256,1.429743487974155,1.5224590957355022,0.9903024446269314,-0.13689313042101764,-0.18179860457955893,-0.7620038965532232,-1.49628424251092,2.1410314641358994,-0.16775375245083787,0.4543082409614993,5.683669404170619,1.6239564095864585,0.488238536603978,4.829104763697274,1.6288436645949271,0.47519807947794346,4.5052509391031235,0.9181151939585155,0.0,0.0,0.5838376218031953,0.412089505745385,-0.35416104036488316,2.000871330240428,1.4759200001065567,1.5917822813077478,1.682057918114828,1.7088925390069214,1.6183547424221443,1.7017309790945774,1.5950924664304107,1.6686692800374372,1.6717504994757122,1.5010486249169117,-0.07352521674007739,0.3530599346895842,-0.02358671298038224,-0.20326338517994666,0.7289312374422087,0.0,0.0,-0.23395906074624068,-0.23395906074624068,-0.238667185252719,-0.2339590607462407,-0.23866718525271893,-0.22917462425705282,-0.23866718525271896,-0.22917462425705282,-0.21935622811243694,-0.2339590607462407,-0.23395906074624068,-0.23395906074624065,-0.2339590607462407,-0.23395906074624068,-0.2339590607462407,-0.2339590607462407,-0.23866718525271896,-0.2339590607462407,-0.1273859510596964,4.274252071325551,0.0,1.5112098474590447,1.4997158287136594,1.4055236018058619,0.10577431789480339,-0.5066830671050125,0.038432750705057195,0.9513894800507364,0.9458052063344471,0.9595358480830833,0.03518006583080816,231.125
2025-01-05,0.8459249351363187,3.7104646909847636,1.741717515249842,1.0741041749966087,0.9388700356668824,1.4711091901555533,1.5224590957355022,0.9661093670665286,-0.1492735373232515,1.0240642667256232,-1.7908447517754127,-0.7843501244578748,0.17611703567066525,-0.16775375245083787,0.4543082409614993,5.683669404170619,1.6239564095864585,0.488238536603978,4.829104763697279,1.6288436645949271,0.47519807947794346,4.5052509391031235,0.9181151939585155,0.0,0.0,0.5838376218031953,0.412089505745385,-0.35416104036488316,2.000871330240428,1.4759200001065567,1.5917822813077478,1.682057918114828,1.7088925390069214,1.6183547424221443,1.7017309790945774,1.5950924664304107,1.6686692800374372,1.6717504994757122,1.5029210491602583,-0.02965737094940369,-0.28314479370461815,-0.023724052011419014,-0.20405498783143108,-0.6018774372332523,0.0,0.0,-0.23395906074624068,-0.23395906074624068,-0.238667185252719,-0.2339590607462407,-0.23866718525271893,-0.22917462425705282,-0.23866718525271896,-0.22917462425705282,-0.21935622811243694,-0.2339590607462407,-0.23395906074624068,-0.23395906074624065,-0.2339590607462407,-0.23395906074624068,-0.2339590607462407,-0.2339590607462407,-0.23866718525271896,-0.2339590607462407,-0.1273859510596964,4.274252071325551,0.0,1.5082640237521254,1.5147465437848864,1.5610028683025112,-0.06382748735950743,0.09706970831498439,1.4729603864001655,0.9945245264101665,0.9555815159835188,0.9553157701677693,0.010754276556142953,231.3
2025-01-12,0.8459249351363187,3.7232824265924944,1.746032951447709,1.0728791022833877,1.1007011146009058,1.2583916803018158,1.5266208838639714,1.0000477030509973,0.004797143437630725,-0.459538861580536,-1.0918236922464606,-0.9382818256585331,0.12986653590194897,-0.16775375245083787,0.4543082409614993,5.683669404170619,1.6239564095864585,0.488238536603978,4.829104763697279,1.6288436645949271,0.47519807947794346,4.5052509391031235,0.9181151939585155,0.0,0.0,0.5838376218031953,0.412089505745385,-0.35416104036488316,2.000871330240428,1.4759200001065567,1.5917822813077478,1.682057918114828,1.7088925390069214,1.6183547424221443,1.7017309790945774,1.5950924664304107,1.6686692800374372,1.6717504994757122,1.4997103108236176,-0.07597634744012811,-0.4732880743869029,-0.022857986777698187,-0.204717989500673,0.5443698750839285,0.0,0.0,-0.23395906074624068,-0.23395906074624068,-0.238667185252719,-0.2339590607462407,-0.23866718525271893,-0.22917462425705282,-0.23866718525271896,-0.22917462425705282,-0.21935622811243694,-0.2339590607462407,-0.23395906074624068,-0.23395906074624065,-0.2339590607462407,-0.23395906074624068,-0.2339590607462407,-0.2339590607462407,-0.23866718525271896,-0.2339590607462407,-0.1273859510596964,4.274252071325551,0.0,1.510139044094833,1.5118012718634155,1.5144586829906932,-0.01835178113078376,-0.07958131758936057,-0.5064378100392903,0.9703358841980104,0.9987073648551095,0.9541380569478437,0.0034541112183882412,231.0
2025-01-19,0.8430815968106317,3.6421034344101977,1.741717515249842,1.0830880415602306,1.6183441741520457,0.36407847410163513,1.5178533835399963,1.0062863279722005,0.04873780557321224,0.33914576461245105,-1.968061358416557,-0.9895923927254165,1.414342440871103,-0.16775375245083787,0.4543082409614993,4.456949021243438,1.334400779225504,0.488238536603978,5.289381302067867,1.6507127472838945,0.47519807947794346,4.174740506124906,1.5706070674143913,0.0,0.0,0.5838376218031953,0.412089505745385,-0.35416104036488316,2.000871330240428,1.4759200001065567,1.5917822813077478,1.682057918114828,1.7088925390069214,1.6183547424221443,1.7017309790945774,1.5950924664304107,1.6686692800374372,1.6717504994757122,1.4997103108236176,-0.04671934233896527,-0.5375453266262924,-0.022857986777698187,-0.20465237517889606,-0.0021676754446827567,0.0,0.0,-0.23395906074624068,-0.23395906074624068,-0.238667185252719,-0.2339590607462407,-0.23866718525271893,-0.22917462425705282,-0.23866718525271896,-0.22917462425705282,-0.21935622811243694,-0.2339590607462407,-0.23395906074624068,-0.23395906074624065,-0.2339590607462407,-0.23395906074624068,-0.2339590607462407,-0.2339590607462407,-0.23866718525271896,-0.2339590607462407,-0.1273859510596964,4.274252071325551,0.0,1.5069238540983863,1.5136759409940197,1.5295338002684846,-0.06636845780459388,-0.03221548827532112,0.09729970320429968,1.0042679982233824,0.974523880276047,0.9639103628229604,0.000987084438298311,231.0
2025-01-26,1.3607113390019554,1.237923492253454,1.6050044965014187,1.0206175003373736,2.9616194125322006,3.1949157338006735,1.7902118967686995,1.0333740738277608,0.1370837888693841,0.4633597980465349,-1.5939374110630322,-0.8613159750582026,2.800686535204265,-0.16775375245083787,0.4543082409614993,4.456949021243438,1.334400779225504,0.488238536603978,5.289381302067867,1.6507127472838947,0.47519807947794346,4.174740506124906,1.5706070674143913,0.0,0.0,0.5838376218031953,0.412089505745385,-0.35416104036488316,2.000871330240428,1.4759200001065567,1.5917822813077478,1.682057918114828,1.7088925390069214,1.6183547424221443,1.7017309790945774,1.5950924664304107,1.6686692800374372,1.6717504994757122,1.6011408078906146,0.8775392732688928,-0.026491017008444747,0.058400328247119014,-0.12645723324242103,0.4043513444941869,0.0,0.0,-0.23395906074624068,-0.23395906074624068,-0.238667185252719,-0.2339590607462407,-0.23866718525271893,-0.22917462425705282,-0.23866718525271896,-0.22917462425705282,-0.21935622811243694,-0.2339590607462407,-0.23395906074624068,-0.23395906074624065,-0.2339590607462407,-0.23395906074624068,-0.2339590607462407,-0.2339590607462407,-0.23866718525271896,-0.2339590607462407,-0.1273859510596964,4.274252071325551,0.0,1.5069238540983863,1.5104613532383144,1.5265798277248792,-0.036039114178707164,-0.0822278993002338,-0.07934685716509529,1.010505479409398,1.008448759112577,1.0070185500045377,0.02060797739541644,240.66799999999998
2025-02-02,2.646611096793914,1.199470285430261,1.8335499975404497,1.1200444017424016,0.9733692685399234,1.4642948089434162,1.8345932053706955,1.0316173756212352,0.15465678051900844,0.10464824354997532,-1.3084217670300822,-1.0306408463789265,1.0900034931259293,-0.16775375245083787,0.4543082409614993,4.456949021243438,1.334400779225504,0.488238536603978,5.289381302067867,1.6507127472838947,0.47519807947794346,4.174740506124906,1.5706070674143913,0.0,0.0,0.5838376218031953,0.412089505745385,-0.35416104036488316,2.000871330240428,1.4759200001065567,1.5917822813077478,1.682057918114828,1.7088925390069214,1.6183547424221443,1.7017309790945774,1.5950924664304107,1.6686692800374372,1.6717504994757122,1.5369121177515355,-0.6319863177244868,0.1594429016903767,-0.13844337701778855,-0.06562365883485732,-0.15866985697071206,0.0,0.0,-0.23395906074624068,-0.23395906074624068,-0.238667185252719,-0.2339590607462407,-0.23866718525271893,-0.22917462425705282,-0.23866718525271896,-0.22917462425705282,-0.21935622811243694,-0.2339590607462407,-0.23395906074624068,-0.23395906074624065,-0.2339590607462407,-0.23395906074624068,-0.2339590607462407,-0.2339590607462407,-0.23866718525271896,-0.2339590607462407,-0.1273859510596964,4.274252071325551,0.0,1.6084949836366624,1.5104613532383144,1.5284600348119666,0.9220957685623469,-0.05063796628929307,-0.031982225204794115,1.0375882592334233,1.0146849103091247,0.9828449694904213,0.027746532823341694,234.5
2025-02-09,0.7661692951007977,0.6678547010996181,1.6608030865398375,1.0759417840664405,0.961591304628966,0.3759560713714814,1.9001413683940862,1.0618403046864313,0.17508391299545067,-0.6563078210859303,-0.8481508581148903,-1.169179377459522,-0.3046832546465263,-0.16775375245083787,0.4543082409614993,4.456949021243438,1.334400779225504,0.488238536603978,5.289381302067867,1.6507127472838947,0.47519807947794346,4.174740506124906,1.5706070674143913,0.0,0.0,0.5838376218031953,0.412089505745385,-0.35416104036488316,2.000871330240428,1.4759200001065567,1.5917822813077478,1.682057918114828,1.7088925390069214,1.6183547424221443,1.7017309790945774,1.5950924664304107,1.6686692800374372,1.6717504994757122,1.463299413367691,-0.7174956691080494,0.28560659679950634,-0.08722021338220043,-0.0037987703929408703,0.46153795341877696,0.0,0.0,-0.23395906074624068,-0.23395906074624068,-0.238667185252719,-0.2339590607462407,-0.23866718525271893,-0.22917462425705282,-0.23866718525271896,-0.22917462425705282,-0.21935622811243694,-0.2339590607462407,-0.23395906074624068,-0.23395906074624065,-0.2339590607462407,-0.23395906074624068,-0.2339590607462407,-0.2339590607462407,-0.23866718525271896,-0.2339590607462407,-0.1273859510596964,4.274252071325551,0.0,1.5441772409967824,1.6120134573776406,1.5252359508487376,-0.6427575102679005,0.9473202201648834,-0.08199337197342399,1.0358318830846556,1.0417619153963846,1.0167559547872431,0.03259033182909079,227.625
2025-02-16,0.9303720834092236,0.4643731483268885,1.7330866428541083,1.0713477613918612,2.2729331132977837,0.9428920737228674,1.515550527442243,1.0284412819026354,-0.06884742924376014,-0.5823017964931935,-0.602016682224414,-1.9388378834628166,-0.6178986644726419,-0.16775375245083787,0.4543082409614993,4.456949021243438,1.334400779225504,0.488238536603978,5.289381302067867,1.6507127472838947,0.47519807947794346,4.174740506124906,1.5706070674143913,0.0,0.0,0.5838376218031953,0.412089505745385,-0.35416104036488316,2.000871330240428,1.4759200001065567,1.5917822813077478,1.682057918114828,1.7088925390069214,1.6183547424221443,1.7017309790945774,1.5950924664304107,1.6686692800374372,1.6717504994757122,1.510396606235732,0.3824413887819648,0.338809003510031,-0.05613017343346826,0.007328773428062053,-0.7723525260592989,0.0,0.0,-0.23395906074624068,-0.23395906074624068,-0.238667185252719,-0.2339590607462407,-0.23866718525271893,-0.22917462425705282,-0.23866718525271896,-0.22917462425705282,-0.21935622811243694,-0.2339590607462407,-0.23395906074624068,-0.23395906074624065,-0.2339590607462407,-0.23395906074624068,-0.2339590607462407,-0.2339590607462407,-0.23866718525271896,-0.2339590607462407,-0.1273859510596964,4.274252071325551,0.0,1.4704624732608458,1.547707762164218,1.5252359508487376,-0.7314009818867943,-0.6825736166409309,-0.050404237519690635,1.066049271341118,1.040005913751637,1.0229895520405712,0.0346329302525516,232.0
2025-02-23,0.9303720834092236,0.4643731483268885,1.7374020790519753,1.0741041749966087,2.2729331132977837,0.893278205277171,1.5196956684181988,1.010044929157045,-0.04548869388542563,-0.6998407767287167,0.06008425092096686,-1.5694018005812322,-0.7843126462353958,-0.16775375245083787,0.4543082409614993,3.0028029493466026,0.9161537575930141,0.488238536603978,3.371014443930436,1.5764430703596726,0.47519807947794346,3.797262801091893,0.9468248363905701,0.0,0.0,0.5838376218031953,0.412089505745385,-0.35416104036488316,2.000871330240428,1.4759200001065567,1.5917822813077478,1.682057918114828,1.7088925390069214,1.6183547424221443,1.7017309790945774,1.5950924664304107,1.6686692800374372,1.6717504994757122,1.5018512659906669,-0.12458649840332939,0.02517713084269146,-0.05511343298616829,0.01046028604914845,-0.4836904966588858,0.0,0.0,-0.23395906074624068,-0.23395906074624068,-0.238667185252719,-0.2339590607462407,-0.23866718525271893,-0.22917462425705282,-0.23866718525271896,-0.22917462425705282,-0.21935622811243694,-0.2339590607462407,-0.23395906074624068,-0.23395906074624065,-0.2339590607462407,-0.23395906074624068,-0.2339590607462407,-0.2339590607462407,-0.23866718525271896,-0.2339590607462407,-0.1273859510596964,4.274252071325551,0.0,1.5176249659629097,1.4740068020217485,1.627088049864134,0.40885137409571043,-0.7749014086577689,0.9475287216982585,1.0326563716434312,1.0702168588931733,1.050055468055202,0.02259167106397736,231.2
2025-03-02,0.9303720834092236,0.4643731483268885,1.7330866428541083,1.0728791022833877,2.2880033427114106,0.5284211614826948,1.5362762323220203,1.0057386002159368,-0.20318051924440844,-0.007666782008413495,-0.8727642757039366,-0.7843501244578748,-0.7232795500216153,-0.16775375245083787,0.4543082409614993,3.0028029493466026,0.9161537575930141,0.488238536603978,3.371014443930436,1.5764430703596728,0.47519807947794346,3.797262801091893,0.9468248363905738,0.0,0.0,0.5838376218031953,0.412089505745385,-0.35416104036488316,2.000871330240428,1.4759200001065567,1.5917822813077478,1.682057918114828,1.7088925390069214,1.6183547424221443,1.7017309790945774,1.5950924664304107,1.6686692800374372,1.6717504994757122,1.5023862154015806,-0.04184475711806611,-0.039912942799593745,-0.05515990137793777,-0.21235394142761602,-0.2088136390963052,0.0,0.0,-0.23395906074624068,-0.23395906074624068,-0.238667185252719,-0.2339590607462407,-0.23866718525271893,-0.22917462425705282,-0.23866718525271896,-0.22917462425705282,-0.21935622811243694,-0.2339590607462407,-0.23395906074624068,-0.23395906074624065,-0.2339590607462407,-0.23395906074624068,-0.2339590607462407,-0.2339590607462407,-0.23866718525271896,-0.2339590607462407,-0.1273859510596964,4.274252071325551,0.0,1.5090677776805055,1.5211604606659141,1.562592389319814,-0.11676028592136041,0.4127436648844899,-0.6823239132642275,1.0142633915250188,1.0368310794101336,1.048300185560512,0.020092669796458035,231.25
2025-03-09,0.9303720834092236,0.4643731483268885,1.7330866428541083,1.0728791022833877,2.416911766618741,0.4051669332428803,1.5196956684181988,1.0025537181125397,-0.23451553556045734,-0.6684970486659104,0.45389893234572937,-1.3231110786601803,-0.42543218600472504,-0.16775375245083787,0.4543082409614993,3.0028029493466026,0.9161537575930141,0.488238536603978,3.371014443930436,1.5764430703596726,0.47519807947794346,3.797262801091893,0.9468248363905701,0.0,0.0,2.952208963489503,-0.5526273113670426,0.2202250170676057,2.000871330240428,1.4759200001065567,1.5917822813077478,1.682057918114828,1.7088925390069214,1.6183547424221443,1.7017309790945774,1.5950924664304107,1.6686692800374372,1.6717504994757122,1.5082630368571202,0.006831641041149978,-0.30388960398275444,-0.05493863674541747,-0.236843758933588,-0.18691259596428597,0.0,0.0,-0.23395906074624068,-0.23395906074624068,-0.238667185252719,-0.2339590607462407,-0.23866718525271893,-0.22917462425705282,-0.23866718525271896,-0.22917462425705282,-0.21935622811243694,-0.2339590607462407,-0.23395906074624068,-0.23395906074624065,-0.2339590607462407,-0.23395906074624068,-0.2339590607462407,-0.2339590607462407,-0.23866718525271896,-0.2339590607462407,7.850159234053791,-0.2339590607462407,0.0,1.5096034687939626,1.5126048752397714,1.4886737093123392,-0.030985863865248264,-0.13471418103924238,-0.7746493713405747,1.009957852068773,1.018442021142403,1.078498758160706,0.00995782167018885,231.8
2025-03-16,0.9373027205780857,0.46797813646656283,1.7395597971509087,1.0744104431749142,2.4792793314228274,0.4453597412758546,1.5415617032451758,1.0070162804743277,-0.31790542646799275,0.48860891231935105,-0.4912563030736989,-0.6496598859072976,-0.24284516555702446,-0.16775375245083787,0.4543082409614993,3.0028029493466026,0.9161537575930141,0.488238536603978,3.371014443930436,1.5764430703596728,0.47519807947794346,3.797262801091893,0.9468248363905738,0.0,0.0,2.952208963489503,-0.5526273113670426,0.2202250170676057,2.000871330240428,1.4759200001065567,1.5917822813077478,1.682057918114828,1.7088925390069214,1.6183547424221443,1.7017309790945774,1.5950924664304107,1.6686692800374372,1.6717504994757122,1.5205856547580663,0.0655672587438463,-0.47032116156227805,-0.05338202851805005,-0.2376425372924796,-0.03702605433671362,0.0,0.0,-0.23395906074624068,-0.23395906074624068,-0.238667185252719,-0.2339590607462407,-0.23866718525271893,-0.22917462425705282,-0.23866718525271896,-0.22917462425705282,-0.21935622811243694,-0.2339590607462407,-0.23395906074624068,-0.23395906074624065,-0.2339590607462407,-0.23395906074624068,-0.2339590607462407,-0.2339590607462407,-0.23866718525271896,-0.2339590607462407,7.850159234053791,-0.2339590607462407,0.0,1.5154884384095573,1.5131404660123422,1.5359666644890693,0.019474639564156637,-0.045374685920988866,0.41296567989891536,1.0067735538539375,1.0141373997365626,1.045126651435502,0.003568019814499278,232.9575
2025-03-23,0.949564617107611,0.49096994971293034,1.741717515249842,1.0728791022833877,2.4723238409242305,0.4738459061924286,1.5907124210423977,1.015892487947027,-0.3022361647654154,-0.25058067449516147,0.41451746420325225,-0.18401648977530408,-0.13534202606296752,-0.16775375245083787,0.4543082409614993,3.0028029493466026,1.2893587922804675,0.488238536603978,3.6027965578956263,1.608536659240885,0.47519807947794346,2.8700940601582636,1.1595371871371887,0.0,0.0,2.952208963489503,-0.5526273113670426,0.2202250170676057,2.000871330240428,1.4759200001065567,1.5917822813077478,1.682057918114828,1.7088925390069214,1.6183547424221443,1.7017309790945774,1.5950924664304107,1.6686692800374372,1.6717504994757122,1.5474392550891187,0.19797699834515037,-0.4434850979941988,-0.21846211085736233,-0.23089708473060783,0.049176926147916376,0.0,0.0,-0.23395906074624068,-0.23395906074624068,-0.238667185252719,-0.2339590607462407,-0.23866718525271893,-0.22917462425705282,-0.23866718525271896,-0.22917462425705282,-0.21935622811243694,-0.2339590607462407,-0.23395906074624068,-0.23395906074624065,-0.2339590607462407,-0.23395906074624068,-0.2339590607462407,-0.2339590607462407,-0.23866718525271896,-0.2339590607462407,7.850159234053791,-0.2339590607462407,0.0,1.527828141509316,1.5190243333078657,1.527385805024428,0.08036305675601023,0.007183125507303855,-0.13447832691954073,1.0112352980883872,1.0109537804950117,1.026745124192789,0.004598336007417089,235.5
2025-03-30,0.9687571508059984,0.4643731483268885,1.741717515249842,1.0728791022833877,2.4210850609178998,0.21674572498843733,1.6015330701764179,1.0172654334809876,-0.294251870423356,-0.45605622512911304,0.9757033852335404,-0.014691618454580148,-0.2653117849067015,-0.16775375245083787,0.4543082409614993,3.0028029493466026,1.2893587922804675,0.488238536603978,3.6027965578956263,1.608536659240885,0.47519807947794346,2.8700940601582636,1.1595371871371887,0.0,0.0,2.952208963489503,-0.5526273113670426,0.2202250170676057,2.000871330240428,1.4759200001065567,1.5917822813077478,1.682057918114828,1.7088925390069214,1.6183547424221443,1.7017309790945774,1.5950924664304107,1.6686692800374372,1.6717504994757122,1.5579217857789842,0.04879995002024067,-0.4678502185281266,-0.2975094483951501,-0.2304917995832399,-0.0976581032569731,0.0,0.0,-0.23395906074624068,-0.23395906074624068,-0.238667185252719,-0.2339590607462407,-0.23866718525271893,-0.22917462425705282,-0.23866718525271896,-0.22917462425705282,-0.21935622811243694,-0.2339590607462407,-0.23395906074624068,-0.23395906074624065,-0.2339590607462407,-0.23395906074624068,-0.2339590607462407,-0.2339590607462407,-0.23866718525271896,-0.2339590607462407,7.850159234053791,-0.2339590607462407,0.0,1.554718974115537,1.531361725044391,1.5279229779846728,0.21762592689245203,0.07060226981714487,-0.045141090201066256,1.0201098782744733,1.0154145733722286,1.0224422656945988,0.003662886657149478,236.5
2025-04-06,0.973022158294529,0.46677647375333803,1.741717515249842,1.0728791022833877,2.2485888965526946,0.246625537895059,1.6056948583048871,1.017331111874098,-0.17813526449758796,2.6391369210729976,0.14869255424153996,0.023791306845587862,-0.11660764640981677,-0.16775375245083787,0.4543082409614993,3.0028029493466026,1.2893587922804675,0.488238536603978,3.6027965578956263,1.6085366592408854,0.47519807947794346,2.8700940601582636,1.1595371871371887,0.0,0.0,2.952208963489503,-0.5526273113670426,0.2202250170676057,2.000871330240428,1.4759200001065567,1.5917822813077478,1.682057918114828,1.7088925390069214,1.6183547424221443,1.7017309790945774,1.5950924664304107,1.6686692800374372,1.6717504994757122,1.5579217857789842,-0.04671934233896527,-0.44690779251414803,-0.49928585276015713,-0.2309811455874347,-0.12320128373502716,0.0,0.0,-0.23395906074624068,-0.23395906074624068,-0.238667185252719,-0.2339590607462407,-0.23866718525271893,-0.22917462425705282,-0.23866718525271896,-0.22917462425705282,-0.21935622811243694,-0.2339590607462407,-0.23395906074624068,-0.23395906074624065,-0.2339590607462407,-0.23395906074624068,-0.2339590607462407,-0.2339590607462407,-0.23866718525271896,-0.2339590607462407,7.850159234053791,-0.2339590607462407,0.0,1.5652160387398582,1.558247520699455,1.5338242268012892,0.06298118645858355,0.2135702458467574,0.007415392626146297,1.0214825721045508,1.0242872612723377,1.0192599502672945,0.0044669285981907446,236.5
2025-04-13,0.973022158294529,0.4643731483268885,1.741717515249842,1.0728791022833877,2.1352144014255634,0.4274653010836428,1.5932094939194794,1.0484142423338112,-0.07269758374363192,0.05240869677863156,0.21761012349087186,0.13924008274608096,0.7469301657276044,-0.16775375245083787,0.4543082409614993,3.0028029493466026,1.2893587922804675,0.488238536603978,3.6027965578956263,1.608536659240885,0.47519807947794346,2.8700940601582636,1.1595371871371887,0.0,0.0,2.952208963489503,-0.5526273113670426,0.2202250170676057,2.000871330240428,1.4759200001065567,1.5917822813077478,1.682057918114828,1.7088925390069214,1.6183547424221443,1.7017309790945774,1.5950924664304107,1.6686692800374372,1.6717504994757122,1.5579217857789842,-0.04671934233896527,-0.4297311510793913,-0.5792525232345259,-0.2309811455874347,0.48034133338131757,0.0,0.0,-0.23395906074624068,-0.23395906074624068,-0.238667185252719,-0.2339590607462407,-0.23866718525271893,-0.22917462425705282,-0.23866718525271896,-0.22917462425705282,-0.21935622811243694,-0.2339590607462407,-0.23395906074624068,-0.23395906074624065,-0.2339590607462407,-0.23395906074624068,-0.2339590607462407,-0.2339590607462407,-0.23866718525271896,-0.2339590607462407,7.850159234053791,-0.2339590607462407,0.0,1.5652160387398582,1.5687426191071636,1.5461980644030815,-0.036039114178707164,0.05249795061150577,0.07083293377289236,1.0215482384567562,1.0256596624092138,1.0237189162786509,0.005126390883532154,236.5
2025-04-20,0.9623596395732026,0.4643731483268885,2.401979253523479,-0.048062430313959716,2.038764933178352,-0.01315044744982387,2.806370733368264,1.0462248130317933,-0.05077344394342878,0.05763265145576597,1.0101621698582055,0.4471034851473977,0.7264394379819707,-0.16775375245083787,0.4543082409614993,3.0028029493466026,1.2160046992556932,0.488238536603978,3.081697762668923,1.6028563780229714,0.47519807947794346,2.8700940601582636,1.924257662827477,0.0,0.0,2.952208963489503,-0.5526273113670426,0.2202250170676057,2.000871330240428,1.4759200001065567,1.5917822813077478,1.682057918114828,1.7088925390069214,1.6183547424221443,1.7017309790945774,1.5950924664304107,1.6686692800374372,1.6717504994757122,0.8996959914245922,-6.044628048687229,2.9206268921300187,2.012963877690025,1.5384852788861112,-0.16693080332402438,0.0,0.0,-0.23395906074624068,-0.23395906074624068,-0.238667185252719,-0.2339590607462407,-0.23866718525271893,-0.22917462425705282,-0.23866718525271896,-0.22917462425705282,-0.21935622811243694,-0.2339590607462407,-0.23395906074624068,-0.23395906074624065,-0.2339590607462407,-0.23395906074624068,-0.2339590607462407,-0.2339590607462407,-0.23866718525271896,-0.2339590607462407,7.850159234053791,-0.2339590607462407,0.0,1.5652160387398582,1.5687426191071636,1.5731632833355256,-0.036039114178707164,-0.05063796628929307,0.21379729573635145,1.0526256704058998,1.0257253147596845,1.0325879704725867,0.1337565879030777,181.25
2025-04-27,0.9452996096190804,0.4643731483268885,1.741717515249842,1.0704289568569454,2.014188866749976,0.6500030121344522,1.584885917662541,1.0594750465164255,0.003196366380791823,0.08375242484143784,1.3301365985158276,0.8473259082691106,-0.10402048508035606,-0.16775375245083787,0.4543082409614993,3.0028029493466026,1.2160046992556932,0.488238536603978,3.081697762668923,1.6028563780229714,0.47519807947794346,2.8700940601582636,1.9242576628274735,0.0,0.0,2.952208963489503,-0.5526273113670426,0.2202250170676057,2.000871330240428,1.4759200001065567,1.5917822813077478,1.682057918114828,1.7088925390069214,1.6183547424221443,1.7017309790945774,1.5950924664304107,1.6686692800374372,1.6717504994757122,1.5516375989755395,5.893926371486087,5.06824934646069,3.3332259822640715,2.6128086427291457,0.13203859708136317,0.0,0.0,-0.23395906074624068,-0.23395906074624068,-0.238667185252719,-0.2339590607462407,-0.23866718525271893,-0.22917462425705282,-0.23866718525271896,-0.22917462425705282,-0.21935622811243694,-0.2339590607462407,-0.23395906074624068,-0.23395906074624065,-0.2339590607462407,-0.23395906074624068,-0.2339590607462407,-0.2339590607462407,-0.23866718525271896,-0.2339590607462407,7.850159234053791,-0.2339590607462407,0.0,0.9060776202458184,1.5687426191071636,1.5836893852933116,-6.253785379134031,-0.05063796628929307,0.0527290722236396,1.050436642494792,1.0567961202107354,1.033959809558533,0.2162101931182167,235.9
