Report_Date,Imported Rice,Nadu,Nadu 1,Nadu 2,Raw White,Raw red,Samba 1,Samba 2,Exchange_Rate,Exchange_Rate_30d_PctChange,Rainfall_mm,Temp_Max_C,Temp_Min_C,Rainfall_14d_Cumulative,Is_Extreme_Heat,Anuradhapura_Rice (long grain),Anuradhapura_Rice (medium grain),Anuradhapura_Rice (white),Colombo City_Rice (long grain),Colombo City_Rice (medium grain),Colombo City_Rice (white),Kurunegala_Rice (long grain),Kurunegala_Rice (medium grain),Kurunegala_Rice (white),National Average_Fuel (diesel),National Average_Fuel (petrol-gasoline),Total_Production_MT,National_Yield_Efficiency,Season,Supply_YoY_Change_%,FAO_Pesticides_total_Use_per_area_of_cropland_kg_ha,CBSL_Producer_Price_Paddy_LKR,CBSL_Wage_Manuring,CBSL_Wage_Ploughing_with_Mammoties,CBSL_Wage_Ploughing_with_Ploughs,CBSL_Wage_Sowing,CBSL_Wage_Spraying,CBSL_Wage_Threshing,CBSL_Wage_Transplanting_and_Harvesting,CBSL_Wage_Winnowing,log_price,log_return,volatility_4p,volatility_8p,volatility_12p,target_volatility,Exchange_Rate_logret,National Average_Fuel (diesel)_logret,National Average_Fuel (petrol-gasoline)_logret,season_2015-2016Maha,season_2015Yala,season_2016-2017Maha,season_2016Yala,season_2017-2018Maha,season_2017Yala,season_2018-2019Maha,season_2018Yala,season_2019-2020Maha,season_2019Yala,season_2020-2021Maha,season_2020Yala,season_2021-2022Maha,season_2021Yala,season_2022-2023Maha,season_2022Yala,season_2023-2024Maha,season_2023Yala,season_2024-2025Maha,season_2024Yala,season_2025Yala,log_price_lag1,log_price_lag2,log_price_lag4,log_return_lag1,log_return_lag2,log_return_lag4,Exchange_Rate_lag1,Exchange_Rate_lag2,Exchange_Rate_lag4,real_price_lkr
8/9/2015,,,62.4,57.8,54,57.8,88.4,83.8,130.6300048828125,0.1456627091766638,2.4,32.1,24.5,11.7,0,70,215.5,230,68.75,217.79,68.64,64.6,211.17,230,95,117,2611089,3.824432176864073,2014-2015Maha,2629.152120743357,1.1,41.12,1012,1045,1129,1041,1172,1077,970,1019,4.428433019421211,,,,,,,,,0,0,0,0,0,0,0,0,0,0,0,0,0,0,0,0,0,0,0,0,0,,,,,,,,,,
8/16/2015,,,62.50668,57.92,54.44,57.760000000000005,88.92,83.4,130.6580047607422,-0.080999069,1.48,32.36,24.74,15.1,0,70,215.5,230,68.75,217.79,68.64,64.6,211.17,230,95,117,2611089,3.824432176864073,2014-2015Maha,2629.152120743357,1.1,41.12,1012,1045,1129,1041,1172,1077,970,1019,4.423648321355109,-0.004784698,,,,,0.0002143219496426,0,0,0,0,0,0,0,0,0,0,0,0,0,0,0,0,0,0,0,0,0,0,0,4.428433019421211,,,,,,130.6300048828125,,,
8/23/2015,,,64.125,61,56.8,58.4,89.30000000000001,83.69999999999999,130.40499877929688,-0.286741095,0.95,31.8,24.65,58.35000000000001,0,58.62,215.5,230,67.22,217.79,64.88,69.24,211.17,230,95,117,2611089,3.824432176864073,2014-2015Maha,2629.152120743357,1.1,41.12,1012,1045,1129,1041,1172,1077,970,1019,4.427238989442861,0.0035906680877522,,,,,-0.001938276,0,0,0,0,0,0,0,0,0,0,0,0,0,0,0,0,0,0,0,0,0,0,0,4.423648321355109,4.428433019421211,,-0.004784698,,,130.6580047607422,130.6300048828125,,
8/30/2015,,,66.8,62.64,57.760000000000005,59.08,90.68,83.52000000000001,131.1040008544922,0.4614699369550878,0.1399999999999999,30.94,24.26,54.96,0,58.61999999999999,215.5,230,67.22,217.79,64.88,69.24,211.17,230,95,117,2611089,3.824432176864073,2014-2015Maha,2629.152120743357,1.1,41.12,1012,1045,1129,1041,1172,1077,970,1019,4.425086136107509,-0.002152853,,,,,0.005345924886364,0,0,0,0,0,0,0,0,0,0,0,0,0,0,0,0,0,0,0,0,0,0,0,4.427238989442861,4.423648321355109,,0.0035906680877522,-0.004784698,,130.40499877929688,130.6580047607422,,
9/6/2015,,,67.74332,63.52,58.08,59.44,91.68,84.36,131.7220001220703,0.9270625041879345,5.0200000000000005,32.959999999999994,24.56,14.12,0,58.61999999999999,215.5,230,67.22,217.79,64.88,69.24,211.17,230,95,117,1692157,3.992009644102424,2015Yala,99.76165404302742,1.1,41.12,1012,1045,1129,1041,1172,1077,970,1019,4.435093367464533,0.010007231357024,0.0065695162379525,,,0.0065695162379525,0.0047027341247538,0,0,0,1,0,0,0,0,0,0,0,0,0,0,0,0,0,0,0,0,0,0,0,4.425086136107509,4.427238989442861,4.428433019421211,-0.002152853,0.0035906680877522,,131.1040008544922,130.40499877929688,130.6300048828125,
9/13/2015,,,68.45835,63.75,58.15,59.05,92.3,84.55000000000001,135.42749786376953,3.544961184355111,2.25,30.175,24.175,61.725,0,58.62,215.5,230,67.22,217.79,64.88,69.24,211.17,230,95,117,1692157,3.992009644102424,2015Yala,99.76165404302742,1.1,41.12,1012,1045,1129,1041,1172,1077,970,1019,4.437343087171911,0.002249719707378,0.0050281520893348,,,0.0050281520893348,0.0277427837516404,0,0,0,1,0,0,0,0,0,0,0,0,0,0,0,0,0,0,0,0,0,0,0,4.435093367464533,4.425086136107509,4.423648321355109,0.010007231357024,-0.002152853,-0.004784698,131.7220001220703,131.1040008544922,130.6580047607422,
9/20/2015,,,66.6875,63.95,58,59.35,92.05,84.15,136.9724998474121,4.933986432995286,0.9,30.55,24.5,61.65,0,59.5425,215.5,230,70.79,217.79,64.03999999999999,69.13499999999999,211.17,230,95,117,1692157,3.992009644102424,2015Yala,99.76165404302742,1.1,41.12,1012,1045,1129,1041,1172,1077,970,1019,4.432600932520356,-0.004742155,0.0064586148676528,,,0.0064586148676528,0.0113437485528473,0,0,0,1,0,0,0,0,0,0,0,0,0,0,0,0,0,0,0,0,0,0,0,4.437343087171911,4.435093367464533,4.427238989442861,0.002249719707378,0.010007231357024,0.0035906680877522,135.42749786376953,131.7220001220703,130.40499877929688,
9/27/2015,,,67.16665,63.25,57.55,59,93.35,84.7,137.67499542236328,5.658731882327106,6.025,32.075,24.35,32.25,0,59.85,215.5,230,71.98,217.79,63.76,69.1,211.17,230,95,117,1692157,3.992009644102424,2015Yala,99.76165404302742,1.1,41.12,1012,1045,1129,1041,1172,1077,970,1019,4.439115613464384,0.0065146809440284,0.0063489751931512,,,0.0063489751931512,0.0051156272235406,0,0,0,1,0,0,0,0,0,0,0,0,0,0,0,0,0,0,0,0,0,0,0,4.432600932520356,4.437343087171911,4.425086136107509,-0.004742155,0.002249719707378,-0.002152853,136.9724998474121,135.42749786376953,131.1040008544922,
10/4/2015,,,67,63.25,57.4,58.9375,90.45,84.1,137.92250061035156,5.582563818008291,5.225,31.125,23.55,67.4,0,59.85,215.5,230,71.98,217.79,63.76,69.1,211.17,230,95,117,1692157,3.992009644102424,2015Yala,99.76165404302742,1.1,41.12,1012,1045,1129,1041,1172,1077,970,1019,4.432006578869508,-0.007109035,0.0062755250568396,0.0060886089086806,,0.0062755250568396,0.0017961357145459,0,0,0,1,0,0,0,0,0,0,0,0,0,0,0,0,0,0,0,0,0,0,0,4.439115613464384,4.432600932520356,4.435093367464533,0.0065146809440284,-0.004742155,0.010007231357024,137.67499542236328,136.9724998474121,131.7220001220703,
10/11/2015,,,67.53332,63.32000000000001,57.56,59.36,92.4,84.28,137.66399841308595,5.374099212236922,1.08,31.08,24.16,67.91999999999999,0,59.85,215.5,230,71.98,217.79,63.760000000000005,69.1,211.17,230,95,117,1692157,3.992009644102424,2015Yala,99.76165404302742,1.1,41.12,1012,1045,1129,1041,1172,1077,970,1019,4.4341446008012,0.0021380219316915,0.0062578225826396,0.0057196493013332,,0.0062578225826396,-0.001876015,0,0,0,1,0,0,0,0,0,0,0,0,0,0,0,0,0,0,0,0,0,0,0,4.432006578869508,4.439115613464384,4.437343087171911,-0.007109035,0.0065146809440284,0.002249719707378,137.92250061035156,137.67499542236328,135.42749786376953,
10/18/2015,,,69.46332,64.71332,74.26,59.82000000000001,95.04,85.53999999999999,137.44400024414062,4.799012435307164,15.419999999999998,31.4,23.58,85.44,0,60.59,215.5,230,72.548,217.79,64.176,69.38,211.17,230,95,117,1692157,3.992009644102424,2015Yala,99.76165404302742,1.1,41.12,1012,1045,1129,1041,1172,1077,970,1019,4.4489841144892,0.0148395136879999,0.009140743625736,0.0074736122788096,,0.009140743625736,-0.001599359,0,0,0,1,0,0,0,0,0,0,0,0,0,0,0,0,0,0,0,0,0,0,0,4.4341446008012,4.432006578869508,4.432600932520356,0.0021380219316915,-0.007109035,-0.004742155,137.66399841308595,137.92250061035156,136.9724998474121,
10/25/2015,,,72.23332,67.66,63.96,59.28,93.44,86.91,138.36000061035156,4.466062333784628,10.46,30.46,23.58,129.82,0,61.7,215.5,230,73.4,217.79,64.8,69.8,211.17,230,95,117,1692157,3.992009644102424,2015Yala,99.76165404302742,1.1,41.12,1012,1045,1129,1041,1172,1077,970,1019,4.464873111955525,0.0158889974663249,0.0109836049865619,0.0084518848572201,,0.0109836049865619,0.0066424252345465,0,0,0,1,0,0,0,0,0,0,0,0,0,0,0,0,0,0,0,0,0,0,0,4.4489841144892,4.4341446008012,4.439115613464384,0.0148395136879999,0.0021380219316915,0.0065146809440284,137.44400024414062,137.66399841308595,137.67499542236328,
11/1/2015,,,73.5,69.25,63.900000000000006,58.95,94.75,87.55,137.91500091552734,1.608530707091127,31.075000000000003,26.725,22.575,289.25,0,61.7,215.5,230,73.4,217.79,64.8,69.8,211.17,230,95,117,1692157,3.992009644102424,2015Yala,99.76165404302742,1.1,41.12,1012,1045,1129,1041,1172,1077,970,1019,4.472210070153905,0.0073369581983806,0.0065062360471256,0.0082755751481146,0.0075826679528804,0.0065062360471256,-0.003221428,0,0,0,1,0,0,0,0,0,0,0,0,0,0,0,0,0,0,0,0,0,0,0,4.464873111955525,4.4489841144892,4.432006578869508,0.0158889974663249,0.0148395136879999,-0.007109035,138.36000061035156,137.44400024414062,137.92250061035156,
11/8/2015,,,73.3,69.4,63.8,59.56,94.6,87.03999999999999,138.03399963378905,0.4638198733412535,12.16,28.68,22.48,408.34,0,61.7,215.5,230,73.4,217.79,64.8,69.8,211.17,230,95,117,1692157,3.992009644102424,2015Yala,99.76165404302742,1.1,41.12,1012,1045,1129,1041,1172,1077,970,1019,4.466367794596603,-0.005842276,0.0100175012133671,0.0090661769414096,0.0076949056285719,0.0100175012133671,0.000862468967373,0,0,0,1,0,0,0,0,0,0,0,0,0,0,0,0,0,0,0,0,0,0,0,4.472210070153905,4.464873111955525,4.4341446008012,0.0073369581983806,0.0158889974663249,0.0021380219316915,137.91500091552734,138.36000061035156,137.66399841308595,
11/15/2015,,,73.5625,69.55,64.8125,60.1,96,88.65,138.18999862670898,0.2685714795987254,7.225,28.65,22.8,241.95,0,61.7,215.5,230,73.4,217.79,64.8,69.8,211.17,230,95,117,1692157,3.992009644102424,2015Yala,99.76165404302742,1.1,41.12,1012,1045,1129,1041,1172,1077,970,1019,4.4846960438005325,0.0183282492039298,0.0109165413459585,0.0096722893301068,0.0087973608925151,0.0109165413459585,0.0011295108995454,0,0,0,1,0,0,0,0,0,0,0,0,0,0,0,0,0,0,0,0,0,0,0,4.466367794596603,4.472210070153905,4.4489841144892,-0.005842276,0.0073369581983806,0.0148395136879999,138.03399963378905,137.91500091552734,137.44400024414062,
11/22/2015,,,73.85332,70.4,65.47999999999999,60.24,97,91.8,139.0279998779297,0.8435139386496937,4.68,29.360000000000003,22.64,209.84,0,64.75,215.5,230,76.61,217.79,66.47,71.15,211.17,230,95,117,1692157,3.992009644102424,2015Yala,99.76165404302742,1.1,41.12,1012,1045,1129,1041,1172,1077,970,1019,4.519612308519691,0.0349162647191585,0.0172620826282089,0.0139429940338269,0.0120466878205604,0.0172620826282089,0.0060458108941956,0,0,0,1,0,0,0,0,0,0,0,0,0,0,0,0,0,0,0,0,0,0,0,4.4846960438005325,4.466367794596603,4.464873111955525,0.0183282492039298,-0.005842276,0.0158889974663249,138.18999862670898,138.03399963378905,138.36000061035156,
11/29/2015,,,73.9125,70.575,66.425,62.35,96.55,91.25,139.51750564575195,1.6284107201721687,2.75,29.05,22.275,189.7,0,64.75,215.5,230,76.61,217.79,66.47,71.15,211.17,230,95,117,1692157,3.992009644102424,2015Yala,99.76165404302742,1.1,41.12,1012,1045,1129,1041,1172,1077,970,1019,4.513603003421505,-0.006009305,0.0199747378885287,0.0137536521392784,0.0126608540976554,0.0199747378885287,0.0035147310476695,0,0,0,1,0,0,0,0,0,0,0,0,0,0,0,0,0,0,0,0,0,0,0,4.519612308519691,4.4846960438005325,4.472210070153905,0.0349162647191585,0.0183282492039298,0.0073369581983806,139.0279998779297,138.18999862670898,137.91500091552734,
12/6/2015,,,74.53332,71.2,66.96000000000001,63.48,96.96,91.72,138.83199768066407,0.8567955610108035,12.2,27.96,22.56,110.34,0,64.75,215.5,230,76.61,217.79,66.47,71.15,211.17,230,95,117,1692157,3.992009644102424,2015Yala,99.76165404302742,1.1,41.12,1012,1045,1129,1041,1172,1077,970,1019,4.518740468892451,0.0051374654709466,0.0176243326760023,0.0135417475874601,0.0125991374269495,0.0176243326760023,-0.00492553,0,0,0,1,0,0,0,0,0,0,0,0,0,0,0,0,0,0,0,0,0,0,0,4.513603003421505,4.519612308519691,4.466367794596603,-0.006009305,0.0349162647191585,-0.005842276,139.51750564575195,139.0279998779297,138.03399963378905,
12/13/2015,,,74.86664,71.92,67,64.12,96.96,91.44,139.547998046875,0.7854652237637794,10.88,28.02,23.18,142.16,0,64.75,215.5,230,76.61,217.79,66.47,71.15,211.17,230,95,117,1692157,3.992009644102424,2015Yala,99.76165404302742,1.1,41.12,1012,1045,1129,1041,1172,1077,970,1019,4.5156830304226885,-0.003057438,0.0187167521771503,0.0141988616067005,0.0124677366616889,0.0187167521771503,0.0051440617207969,0,0,0,1,0,0,0,0,0,0,0,0,0,0,0,0,0,0,0,0,0,0,0,4.518740468892451,4.513603003421505,4.4846960438005325,0.0051374654709466,-0.006009305,0.0183282492039298,138.83199768066407,139.51750564575195,138.18999862670898,
12/20/2015,,,74.4333,71.23333333333333,65.39999999999999,63,96.9,91.93333333333334,140.52000172932944,1.8656287768241056,4.516666666666667,28.633333333333336,22.6,130.61666666666667,0,67.83333333333333,215.5,230,78.10166666666667,217.79,69.895,71.73333333333333,211.17,230,95,117,1692157,3.992009644102424,2015Yala,99.76165404302742,1.1,41.12,1012,1045,1129,1041,1172,1077,970,1019,4.521063687568539,0.0053806571458503,0.0057815244604393,0.0138830086395078,0.0124754125972051,0.0057815244604393,0.0069412255518743,0,0,0,1,0,0,0,0,0,0,0,0,0,0,0,0,0,0,0,0,0,0,0,4.5156830304226885,4.518740468892451,4.519612308519691,-0.003057438,0.0051374654709466,0.0349162647191585,139.547998046875,138.83199768066407,139.0279998779297,
12/27/2015,,,74.28886666666666,70.86666666666666,63.93333333333334,62.13333333333333,96.86666666666667,91.2,140.06999715169272,1.140840679746935,1.1,28.4,22.566666666666663,101.8,0,68.45,215.5,230,78.4,217.79,70.58,71.85,211.17,230,95,117,1692157,3.992009644102424,2015Yala,99.76165404302742,1.1,41.12,1012,1045,1129,1041,1172,1077,970,1019,4.513054908045198,-0.00800878,0.0065512950399355,0.0148593890314255,0.0125691489418939,0.0065512950399355,-0.003207562,0,0,0,1,0,0,0,0,0,0,0,0,0,0,0,0,0,0,0,0,0,0,0,4.521063687568539,4.5156830304226885,4.513603003421505,0.0053806571458503,-0.003057438,-0.006009305,140.52000172932944,139.547998046875,139.51750564575195,
1/3/2016,,,74.08335,71,64.2,61.85,96.85,90.45,140.8125,1.7827240150849135,5.425,27.625,22.975,65.325,0,68.45,215.5,230,78.4,217.79,70.58,71.85,211.17,230,95,117,1692157,3.992009644102424,2015Yala,99.76165404302742,1.1,41.12,1012,1045,1129,1041,1172,1077,970,1019,4.504797222897136,-0.008257685,0.0063777160894819,0.01513558840654,0.0132557249050582,0.0063777160894819,0.0052869408387472,0,0,0,1,0,0,0,0,0,0,0,0,0,0,0,0,0,0,0,0,0,0,0,4.513054908045198,4.521063687568539,4.518740468892451,-0.00800878,0.0053806571458503,0.0051374654709466,140.06999715169272,140.52000172932944,138.83199768066407,
1/10/2016,,,73.9,70.92,63,61.8,96.64,90.92,141.0260009765625,1.248597005659717,2.84,27.46,22.96,73.62,0,68.45,215.5,230,78.4,217.79,70.58,71.85,211.17,230,95,117,1692157,3.992009644102424,2015Yala,99.76165404302742,0.83,38.58,1122,1128,1197,1134,1264,1157,1073,1095,4.509980009983023,0.0051827870858867,0.0077462153387534,0.0141382539317987,0.0129525284684538,0.0077462153387534,0.0015150592637054,0,0,0,1,0,0,0,0,0,0,0,0,0,0,0,0,0,0,0,0,0,0,0,4.504797222897136,4.513054908045198,4.5156830304226885,-0.008257685,-0.00800878,-0.003057438,140.8125,140.06999715169272,139.547998046875,
1/17/2016,,,73.83335,70.7,62.6,61.45,96.25,90.25,140.3925018310547,0.5013702012471671,0.175,27.125,21.475,47.125,0,68.45,215.5,230,78.4,217.79,70.58,71.85,211.17,230,95,117,1692157,3.992009644102424,2015Yala,99.76165404302742,0.83,38.58,1122,1128,1197,1134,1264,1157,1073,1095,4.502583608293323,-0.007396402,0.0065452176150853,0.0063070886991421,0.0129306867551053,0.0065452176150853,-0.004502193,0,0,0,1,0,0,0,0,0,0,0,0,0,0,0,0,0,0,0,0,0,0,0,4.509980009983023,4.504797222897136,4.521063687568539,0.0051827870858867,-0.008257685,0.0053806571458503,141.0260009765625,140.8125,140.52000172932944,
1/24/2016,,,73.8,70.03999999999999,62.56,60.24,95.96,90.24,140.82000122070312,1.4481875461402491,0,29.22,21.380000000000003,6.640000000000001,0,68.45,215.5,230,86.28,217.79,72.65,71.85,211.17,230,95,117,1692157,3.992009644102424,2015Yala,99.76165404302742,0.83,38.58,1122,1128,1197,1134,1264,1157,1073,1095,4.502472798831309,-0.000110809,0.0063711439009738,0.006130928654118,0.0128897351041171,0.0063711439009738,0.0030404033340447,0,0,0,1,0,0,0,0,0,0,0,0,0,0,0,0,0,0,0,0,0,0,0,4.502583608293323,4.509980009983023,4.513054908045198,-0.007396402,0.0051827870858867,-0.00800878,140.3925018310547,141.0260009765625,140.06999715169272,
1/31/2016,,,73.11668,68.28,60.88,59,95.8,89.52000000000001,140.58200073242188,0.716146022939439,0.38,29.18,21.72,13.38,0,68.45,215.5,230,86.28,217.79,72.65,71.85,211.17,230,95,117,1692157,3.992009644102424,2015Yala,99.76165404302742,0.83,38.58,1122,1128,1197,1134,1264,1157,1073,1095,4.494462075174358,-0.008010724,0.0062994230573131,0.0058882604363279,0.013032068268499,0.0062994230573131,-0.001691534,0,0,0,1,0,0,0,0,0,0,0,0,0,0,0,0,0,0,0,0,0,0,0,4.502472798831309,4.502583608293323,4.504797222897136,-0.000110809,-0.007396402,-0.008257685,140.82000122070312,140.3925018310547,140.8125,
2/7/2016,,,71.70835,66.55,57.05,57.8,94.8,88.1,141.03249740600586,0.1685237754019658,0.2,28.55,21.3,13.4,0,68.45,215.5,230,86.28,217.79,72.65,71.85,211.17,230,95,117,1692157,3.992009644102424,2015Yala,99.76165404302742,0.83,38.58,1122,1128,1197,1134,1264,1157,1073,1095,4.478472544292871,-0.015989531,0.0064903962245842,0.0074605721727624,0.0129701391446707,0.0064903962245842,0.0031993882249619,0,0,0,1,0,0,0,0,0,0,0,0,0,0,0,0,0,0,0,0,0,0,0,4.494462075174358,4.502472798831309,4.509980009983023,-0.008010724,-0.000110809,0.0051827870858867,140.58200073242188,140.82000122070312,141.0260009765625,
2/14/2016,,,70.53332,64.03999999999999,56.720000000000006,56.16,93.96,84.03999999999999,140.82799682617187,0.4441699887836425,0.82,30.1,22.58,3.94,0,68.45,215.5,230,86.28,217.79,72.65,71.85,211.17,230,95,117,1692157,3.992009644102424,2015Yala,99.76165404302742,0.83,38.58,1122,1128,1197,1134,1264,1157,1073,1095,4.431292887875896,-0.047179656,0.0206169618297641,0.0158218539792625,0.0141756674741391,0.0206169618297641,-0.001451077,0,0,0,1,0,0,0,0,0,0,0,0,0,0,0,0,0,0,0,0,0,0,0,4.478472544292871,4.494462075174358,4.502583608293323,-0.015989531,-0.008010724,-0.007396402,141.03249740600586,140.58200073242188,140.3925018310547,
2/21/2016,,,67.88332,60.92,55.2,52.92,91.68,82.03999999999999,141.102001953125,-0.194968134,4.46,29.2,23.1,16.72,0,71.42,215.5,230,76.63,217.79,69.49,67.08,211.17,230,95,117,1692157,3.992009644102424,2015Yala,99.76165404302742,0.83,38.58,1122,1128,1197,1134,1264,1157,1073,1095,4.407206945393356,-0.024085942,0.0169016142069207,0.0163671499360122,0.0149579688424153,0.0169016142069207,0.0019437818782552,0,0,0,1,0,0,0,0,0,0,0,0,0,0,0,0,0,0,0,0,0,0,0,4.431292887875896,4.478472544292871,4.502472798831309,-0.047179656,-0.015989531,-0.000110809,140.82799682617187,141.03249740600586,140.82000122070312,
2/28/2016,,,66.84585,60.95,53.2,52.7,93,81.4,140.86750030517578,0.2943791262421058,0.425,30.35,22.15,27.775,0,71.42,215.5,230,76.63,217.79,69.49,67.08,211.17,230,95,117,1692157,3.992009644102424,2015Yala,99.76165404302742,0.83,38.58,1122,1128,1197,1134,1264,1157,1073,1095,4.399375285293507,-0.00783166,0.0169575764794029,0.0163863248681447,0.0143086009574185,0.0169575764794029,-0.001663313,0,0,0,1,0,0,0,0,0,0,0,0,0,0,0,0,0,0,0,0,0,0,0,4.407206945393356,4.431292887875896,4.494462075174358,-0.024085942,-0.047179656,-0.008010724,141.102001953125,140.82799682617187,140.58200073242188,
3/6/2016,,,66.75,60.83,52.720000000000006,53.52,88.84,80.47999999999999,141.46799926757814,0.7509282091527947,2.26,29.82,23.28,29.26,0,71.42,215.5,230,76.63,217.79,69.49,67.08,211.17,230,95,117,2675428,3.817949339992865,2015-2016Maha,2.464067674445402,0.83,38.58,1122,1128,1197,1134,1264,1157,1073,1095,4.388008718776876,-0.011366567,0.0178013146279101,0.0146945941585484,0.0141449980861866,0.0178013146279101,0.0042538034682255,0,0,1,0,0,0,0,0,0,0,0,0,0,0,0,0,0,0,0,0,0,0,0,4.399375285293507,4.407206945393356,4.478472544292871,-0.00783166,-0.024085942,-0.015989531,140.86750030517578,141.102001953125,141.03249740600586,
3/13/2016,,,65.875,58.6,53.150000000000006,52.6,87.25,79.6,141.79499435424805,0.5287833543746789,0.25,32,23.975,24,0,71.42,215.5,230,76.63,217.79,69.49,67.08,211.17,230,95,117,2675428,3.817949339992865,2015-2016Maha,2.464067674445402,0.83,38.58,1122,1128,1197,1134,1264,1157,1073,1095,4.377014105413151,-0.010994613,0.0071879836342115,0.014473396410403,0.0132185293813482,0.0071879836342115,0.0023087747921639,0,0,1,0,0,0,0,0,0,0,0,0,0,0,0,0,0,0,0,0,0,0,0,4.388008718776876,4.399375285293507,4.431292887875896,-0.011366567,-0.00783166,-0.047179656,141.46799926757814,140.86750030517578,140.82799682617187,
3/20/2016,,,65.59996,59.04,53.44,53,87.47999999999999,78.6,141.50599975585936,0.5508420390286184,0.04,33.720000000000006,22.96,10.48,0,68.148,215.5,230,73.702,217.79,65.786,61.816,211.17,230,95,117,2675428,3.817949339992865,2015-2016Maha,2.464067674445402,0.83,38.58,1122,1128,1197,1134,1264,1157,1073,1095,4.364371712157807,-0.012642393,0.0020437761579294,0.0131645953396709,0.0131587511444078,0.0020437761579294,-0.002040195,0,0,1,0,0,0,0,0,0,0,0,0,0,0,0,0,0,0,0,0,0,0,0,4.377014105413151,4.388008718776876,4.407206945393356,-0.010994613,-0.011366567,-0.024085942,141.79499435424805,141.46799926757814,141.102001953125,
3/27/2016,,,65.55553333333334,60.06666666666666,55,52.66666666666666,86.26666666666667,77.46666666666667,142.5366668701172,1.1973328549771696,0,35.56666666666667,23.066666666666663,0.6333333333333352,1,67.33,215.5,230,72.97,217.79,64.86,60.5,211.17,230,95,117,2675428,3.817949339992865,2015-2016Maha,2.464067674445402,0.83,38.58,1122,1128,1197,1134,1264,1157,1073,1095,4.349847749218425,-0.014523963,0.001592875457045,0.0127040244340505,0.0131040670165268,0.001592875457045,0.0072571606420863,0,0,1,0,0,0,0,0,0,0,0,0,0,0,0,0,0,0,0,0,0,0,0,4.364371712157807,4.377014105413151,4.399375285293507,-0.012642393,-0.010994613,-0.00783166,141.50599975585936,141.79499435424805,140.86750030517578,
4/3/2016,,,69.10004,63.84,60.84,52.64,84.6,77.08,144.3940002441406,2.4843510852219985,6.1,32.02,23.82,24.660000000000004,0,67.33,215.5,230,72.97,217.79,64.86,60.5,211.17,230,95,117,2675428,3.817949339992865,2015-2016Maha,2.464067674445402,0.83,38.58,1122,1128,1197,1134,1264,1157,1073,1095,4.3448438565197,-0.005003893,0.004118848480875,0.0135288270874806,0.0121181399487531,0.004118848480875,0.0129463979704071,0,0,1,0,0,0,0,0,0,0,0,0,0,0,0,0,0,0,0,0,0,0,0,4.349847749218425,4.364371712157807,4.388008718776876,-0.014523963,-0.012642393,-0.011366567,142.5366668701172,141.50599975585936,141.46799926757814,
4/10/2016,,,69.4,64,62.67999999999999,52.8,84.56,77.16,141.86199951171875,0.5844001231908313,1.64,33.6,24.22,34.68000000000001,0,67.33,215.5,230,72.97,217.79,64.86,60.5,211.17,230,95,117,2675428,3.817949339992865,2015-2016Maha,2.464067674445402,0.83,38.58,1122,1128,1197,1134,1264,1157,1073,1095,4.345881200997611,0.0010373444779112,0.0071781194857877,0.0073343028011804,0.0127489887666824,0.0071781194857877,-0.017690925,0,0,1,0,0,0,0,0,0,0,0,0,0,0,0,0,0,0,0,0,0,0,0,4.3448438565197,4.349847749218425,4.377014105413151,-0.005003893,-0.014523963,-0.010994613,144.3940002441406,142.5366668701172,141.79499435424805,
4/17/2016,,,70,64.6,64,53.6,84.4,77.4,141.6999969482422,0.4394635023679427,0,33,24.2,29.9,0,67.33,215.5,230,72.97,217.79,64.86,60.5,211.17,230,95,117,2675428,3.817949339992865,2015-2016Maha,2.464067674445402,0.83,38.58,1122,1128,1197,1134,1264,1157,1073,1095,4.348986793515578,0.0031055925179668,0.0079063539774749,0.0064835212435791,0.0130755746330461,0.0079063539774749,-0.001142625,0,0,1,0,0,0,0,0,0,0,0,0,0,0,0,0,0,0,0,0,0,0,0,4.345881200997611,4.3448438565197,4.364371712157807,0.0010373444779112,-0.005003893,-0.012642393,141.86199951171875,144.3940002441406,141.50599975585936,
4/24/2016,,,71.25,65.4625,64.075,52.6625,84.6,77.5,142.6775016784668,0.9197100265227408,2.475,33.975,25.275,20.175,0,67.21,215.5,230,73.57,217.79,67.04,65.17,211.17,230,95,117,2675428,3.817949339992865,2015-2016Maha,2.464067674445402,0.83,38.58,1122,1128,1197,1134,1264,1157,1073,1095,4.350277949262527,0.0012911557469497,0.0035298982864124,0.0071410706197269,0.0136478887257821,0.0035298982864124,0.006874725166071,0,0,1,0,0,0,0,0,0,0,0,0,0,0,0,0,0,0,0,0,0,0,0,4.348986793515578,4.345881200997611,4.349847749218425,0.0031055925179668,0.0010373444779112,-0.014523963,141.6999969482422,141.86199951171875,142.5366668701172,
5/1/2016,,,73.33336,68.58,64.08,52.8,84.96000000000001,76.96000000000001,143.11600036621093,1.2380588417796634,1.88,34.779999999999994,25.380000000000003,24.14,0.2,67.21,215.5,230,73.57,217.79,67.04,65.17,211.17,230,95,117,2675428,3.817949339992865,2015-2016Maha,2.464067674445402,0.83,38.58,1122,1128,1197,1134,1264,1157,1073,1095,4.343285819351214,-0.00699213,0.0044970687622965,0.0068447749365985,0.0136568529139533,0.0044970687622965,0.0030686423983343,0,0,1,0,0,0,0,0,0,0,0,0,0,0,0,0,0,0,0,0,0,0,0,4.350277949262527,4.348986793515578,4.3448438565197,0.0012911557469497,0.0031055925179668,-0.005003893,142.6775016784668,141.6999969482422,144.3940002441406,
5/8/2016,,,74.33336,69.52000000000001,64.6,54.44,85,77.56,142.97999877929686,0.8852636391738988,11.7,33.34,24.58,49.1,0,67.21,215.5,230,73.57,217.79,67.04,65.17,211.17,230,95,117,2675428,3.817949339992865,2015-2016Maha,2.464067674445402,0.83,38.58,1122,1128,1197,1134,1264,1157,1073,1095,4.351051843267695,0.0077660239164805,0.0061597865451995,0.0078662801759736,0.0089055611220319,0.0061597865451995,-0.000950741,0,0,1,0,0,0,0,0,0,0,0,0,0,0,0,0,0,0,0,0,0,0,0,4.343285819351214,4.350277949262527,4.345881200997611,-0.00699213,0.0012911557469497,0.0010373444779112,143.11600036621093,142.6775016784668,141.86199951171875,
5/15/2016,,,74,70.08,63.96,54.760000000000005,86.16,78.56,142.85999450683593,0.594506072918044,14.4,30.62,24.18,126.86,0,67.21,215.5,230,73.57,217.79,67.04,65.17,211.17,230,95,117,2675428,3.817949339992865,2015-2016Maha,2.464067674445402,0.83,38.58,1122,1128,1197,1134,1264,1157,1073,1095,4.363862676775335,0.0128108335076397,0.0085569186588377,0.0086326488810313,0.0087197564216622,0.0085569186588377,-0.000839661,0,0,1,0,0,0,0,0,0,0,0,0,0,0,0,0,0,0,0,0,0,0,0,4.351051843267695,4.343285819351214,4.348986793515578,0.0077660239164805,-0.00699213,0.0031055925179668,142.97999877929686,143.11600036621093,141.6999969482422,
5/22/2016,,,74.03332,69.16,64.6,54.92,87.24,80.16,143.16199645996093,-0.847948425,40.82,28.6,24.48,522.5600000000001,0,72.42,215.5,230,76.68,217.79,69.48,70.75,211.17,230,95,117,2675428,3.817949339992865,2015-2016Maha,2.464067674445402,0.83,38.58,1122,1128,1197,1134,1264,1157,1073,1095,4.384024649811605,0.02016197303627,0.0114762605779133,0.0090336107875849,0.0109480988957448,0.0114762605779133,0.0021117401653105,0,0,1,0,0,0,0,0,0,0,0,0,0,0,0,0,0,0,0,0,0,0,0,4.363862676775335,4.351051843267695,4.350277949262527,0.0128108335076397,0.0077660239164805,0.0012911557469497,142.85999450683593,142.97999877929686,142.6775016784668,
5/29/2016,,,75.05,70.08,64.6,55.4,87.84,80.92,143.74000244140626,1.3269149089581769,0.34,30.64,25.44,441.18,0,72.42,215.5,230,76.68,217.79,69.48,70.75,211.17,230,95,117,2675428,3.817949339992865,2015-2016Maha,2.464067674445402,0.83,38.58,1122,1128,1197,1134,1264,1157,1073,1095,4.393461024657429,0.0094363748458246,0.0054951828206712,0.0083306922382111,0.0108522114648329,0.0054951828206712,0.0040292975415621,0,0,1,0,0,0,0,0,0,0,0,0,0,0,0,0,0,0,0,0,0,0,0,4.384024649811605,4.363862676775335,4.343285819351214,0.02016197303627,0.0128108335076397,-0.00699213,143.16199645996093,142.85999450683593,143.11600036621093,
6/5/2016,,,74.35,70.69,64.32000000000001,55.13,87.84,81.9,144.8739990234375,1.6801698140336008,0.3,30.28,24.86,13.82000000000003,0,72.42,215.5,230,76.68,217.79,69.48,70.75,211.17,230,95,117,2675428,3.817949339992865,2015-2016Maha,2.464067674445402,0.83,38.58,1122,1128,1197,1134,1264,1157,1073,1095,4.405499003069036,0.0120379784116062,0.0045991812219413,0.008287755271527,0.0106786462884192,0.0045991812219413,0.007858263313536,0,0,1,0,0,0,0,0,0,0,0,0,0,0,0,0,0,0,0,0,0,0,0,4.393461024657429,4.384024649811605,4.351051843267695,0.0094363748458246,0.02016197303627,0.0077660239164805,143.74000244140626,143.16199645996093,142.97999877929686,
6/12/2016,,,73.91668,70.55999999999999,64.44,54.84,87.67999999999999,81.2,143.0000030517578,-0.080877408,0.48,30.380000000000003,25.02,7.000000000000028,0,72.42,215.5,230,76.68,217.79,69.48,70.75,211.17,230,95,117,2675428,3.817949339992865,2015-2016Maha,2.464067674445402,0.83,38.58,1122,1128,1197,1134,1264,1157,1073,1095,4.396915259482904,-0.008583744,0.012124707545982,0.0100141843714709,0.0102139735344118,0.012124707545982,-0.013019741,0,0,1,0,0,0,0,0,0,0,0,0,0,0,0,0,0,0,0,0,0,0,0,4.405499003069036,4.393461024657429,4.363862676775335,0.0120379784116062,0.0094363748458246,0.0128108335076397,144.8739990234375,143.74000244140626,142.85999450683593,
6/19/2016,,,73.52004,69.2,63.8,54.760000000000005,87.32000000000001,80.84,141.77200012207032,-0.843670983,0.52,30.42,24.78,6.300000000000028,0,72.61800000000001,215.5,230,77.19000000000001,217.79,70.23,72.44800000000001,211.17,230,95,117,2675428,3.817949339992865,2015-2016Maha,2.464067674445402,0.83,38.58,1122,1128,1197,1134,1264,1157,1073,1095,4.392471904905534,-0.004443355,0.0101578068280251,0.0105874894620637,0.0090112607740596,0.0101578068280251,-0.008624517,0,0,1,0,0,0,0,0,0,0,0,0,0,0,0,0,0,0,0,0,0,0,0,4.396915259482904,4.405499003069036,4.384024649811605,-0.008583744,0.0120379784116062,0.02016197303627,143.0000030517578,144.8739990234375,143.16199645996093,
6/26/2016,,,73.26671999999999,68.92,62.88,54.28,86.91999999999999,79.16,142.95800170898437,0.0685953658418037,1.58,30.12,24.56,13.460000000000027,0,72.75,215.5,230,77.53,217.79,70.73,73.58,211.17,230,95,117,2675428,3.817949339992865,2015-2016Maha,2.464067674445402,0.83,38.58,1122,1128,1197,1134,1264,1157,1073,1095,4.371471133367008,-0.021000772,0.0136440530826098,0.0136279481848949,0.0112877315641343,0.0136440530826098,0.0083307584739422,0,0,1,0,0,0,0,0,0,0,0,0,0,0,0,0,0,0,0,0,0,0,0,4.392471904905534,4.396915259482904,4.393461024657429,-0.004443355,-0.008583744,0.0094363748458246,141.77200012207032,143.0000030517578,143.74000244140626,
7/3/2016,,,73.3334,68.44,60.64,53.84,86.36,78.68,143.70799560546874,0.3816618727325305,0.24,30.64,24.5,12.660000000000029,0,72.75,215.5,230,77.53,217.79,70.73,73.58,211.17,230,95,117,2675428,3.817949339992865,2015-2016Maha,2.464067674445402,0.83,38.58,1122,1128,1197,1134,1264,1157,1073,1095,4.3653890062305685,-0.006082127,0.0075110089862463,0.0138890252444502,0.0115397705981983,0.0075110089862463,0.0052325396766983,0,0,1,0,0,0,0,0,0,0,0,0,0,0,0,0,0,0,0,0,0,0,0,4.371471133367008,4.392471904905534,4.405499003069036,-0.021000772,-0.004443355,0.0120379784116062,142.95800170898437,141.77200012207032,144.8739990234375,
7/10/2016,,,72.66664,68.4,59.620000000000005,53.720000000000006,86.36,77.4,142.99599914550782,-0.517468078,0.4,31.9,25.1,4.920000000000028,0,72.75,215.5,230,77.53,217.79,70.73,73.58,211.17,230,95,117,2675428,3.817949339992865,2015-2016Maha,2.464067674445402,0.83,38.58,1122,1128,1197,1134,1264,1157,1073,1095,4.348986793515578,-0.016402213,0.0080107468455391,0.0144087427569783,0.0126344770341588,0.0080107468455391,-0.004966781,0,0,1,0,0,0,0,0,0,0,0,0,0,0,0,0,0,0,0,0,0,0,0,4.3653890062305685,4.371471133367008,4.396915259482904,-0.006082127,-0.021000772,-0.008583744,143.70799560546874,142.95800170898437,143.0000030517578,
7/17/2016,,,71.99996,67.72,60.760000000000005,53.52,85.92,78.2,142.70599670410155,-1.495782139,0.78,31.62,24.880000000000003,7.020000000000029,0,72.8,215.5,230,77.59,217.79,70.696,73.314,211.17,230,95,117,2675428,3.817949339992865,2015-2016Maha,2.464067674445402,0.83,38.58,1122,1128,1197,1134,1264,1157,1073,1095,4.359269660338989,0.0102828668234113,0.0138708008265425,0.0125560205713732,0.0129799243722354,0.0138708008265425,-0.002030105,0,0,1,0,0,0,0,0,0,0,0,0,0,0,0,0,0,0,0,0,0,0,0,4.348986793515578,4.3653890062305685,4.392471904905534,-0.016402213,-0.006082127,-0.004443355,142.99599914550782,143.70799560546874,141.77200012207032,
7/24/2016,,,71.125,67.8,61,54.95,85.9,78.45,143.19499969482422,0.0687863457627696,0.975,31.65,24.425,11.200000000000028,0,73,215.5,230,77.83,217.79,70.56,72.25,211.17,230,95,117,2675428,3.817949339992865,2015-2016Maha,2.464067674445402,0.83,38.58,1122,1128,1197,1134,1264,1157,1073,1095,4.362461491926014,0.0031918315870251,0.0115708913761465,0.0118393894391812,0.012758797616347,0.0115708913761465,0.0034207888067001,0,0,1,0,0,0,0,0,0,0,0,0,0,0,0,0,0,0,0,0,0,0,0,4.359269660338989,4.348986793515578,4.371471133367008,0.0102828668234113,-0.016402213,-0.021000772,142.70599670410155,142.99599914550782,142.95800170898437,
7/31/2016,,,71.23335999999999,67.44,60.28,56.92,85.72,77.56,142.75999755859374,0.6575620516838976,3.4,30.9,23.94,22.16000000000003,0,73,215.5,230,77.83,217.79,70.56,72.25,211.17,230,95,117,2675428,3.817949339992865,2015-2016Maha,2.464067674445402,0.83,38.58,1122,1128,1197,1134,1264,1157,1073,1095,4.351051843267695,-0.011409649,0.0124331444532486,0.0101138157396407,0.0131119904853149,0.0124331444532486,-0.003042454,0,0,1,0,0,0,0,0,0,0,0,0,0,0,0,0,0,0,0,0,0,0,0,4.362461491926014,4.359269660338989,4.3653890062305685,0.0031918315870251,0.0102828668234113,-0.006082127,143.19499969482422,142.70599670410155,143.70799560546874,
8/7/2016,,,70.95,67.32000000000001,60.38,59.4,85.56,76.96000000000001,142.6700012207031,0.0389305770505622,1.12,31.3,24.5,26.56000000000003,0,73,215.5,230,77.83,217.79,70.56,72.25,211.17,230,95,117,2675428,3.817949339992865,2015-2016Maha,2.464067674445402,0.83,38.58,1122,1128,1197,1134,1264,1157,1073,1095,4.343285819351214,-0.007766024,0.0099714771951451,0.0100973999512321,0.0126206072101437,0.0099714771951451,-0.000630602,0,0,1,0,0,0,0,0,0,0,0,0,0,0,0,0,0,0,0,0,0,0,0,4.351051843267695,4.362461491926014,4.348986793515578,-0.011409649,0.0031918315870251,-0.016402213,142.75999755859374,143.19499969482422,142.99599914550782,
8/14/2016,,,70.88336,67.16,59.8,59.58668,84.96000000000001,76.36,142.53800354003906,-0.945897208,1.38,32.46,24.72,18.020000000000028,0,73,215.5,230,77.83,217.79,70.56,72.25,211.17,230,95,117,2675428,3.817949339992865,2015-2016Maha,2.464067674445402,0.83,38.58,1122,1128,1197,1134,1264,1157,1073,1095,4.335459011953408,-0.007826807,0.0063298543628449,0.0100599898844496,0.0106410991569439,0.0063298543628449,-0.000925624,0,0,1,0,0,0,0,0,0,0,0,0,0,0,0,0,0,0,0,0,0,0,0,4.343285819351214,4.351051843267695,4.359269660338989,-0.007766024,-0.011409649,0.0102828668234113,142.6700012207031,142.75999755859374,142.70599670410155,
8/21/2016,,,70.91665,66.8,59.65,60.2,84.8,75.65,142.08250045776367,-0.82289929,1.675,31.3,24.5,15.80000000000003,0,71.75,215.5,230,77.36,217.79,69.67,70.42,211.17,230,95,117,2675428,3.817949339992865,2015-2016Maha,2.464067674445402,0.83,38.58,1122,1128,1197,1134,1264,1157,1073,1095,4.326117453453136,-0.009341559,0.0017119731408022,0.0084839789810587,0.0098276257132896,0.0017119731408022,-0.003200778,0,0,1,0,0,0,0,0,0,0,0,0,0,0,0,0,0,0,0,0,0,0,0,4.335459011953408,4.343285819351214,4.362461491926014,-0.007826807,-0.007766024,0.0031918315870251,142.53800354003906,142.6700012207031,143.19499969482422,
8/28/2016,,,71.31113333333333,66.60000000000001,60.86666666666667,60.2,84.93333333333334,75,142.4433390299479,0.0006647260375432,5.800000000000001,31.4,24.5,31.233333333333363,0,71.75,215.5,230,77.36,217.79,69.67,70.42,211.17,230,95,117,2675428,3.817949339992865,2015-2016Maha,2.464067674445402,0.83,38.58,1122,1128,1197,1134,1264,1157,1073,1095,4.317488126869644,-0.008629327,0.0007459377543454,0.0085492360311198,0.0081150461055215,0.0007459377543454,0.0025364217446828,0,0,1,0,0,0,0,0,0,0,0,0,0,0,0,0,0,0,0,0,0,0,0,4.326117453453136,4.335459011953408,4.351051843267695,-0.009341559,-0.007826807,-0.011409649,142.08250045776367,142.53800354003906,142.75999755859374,
9/4/2016,,,71.03335999999999,65.88,60.08,60.760000000000005,83.47999999999999,73.72,142.56999816894532,-0.330524673,1.3,30.78,24.04,32.08000000000003,0,71.75,215.5,230,77.36,217.79,69.67,70.42,211.17,230,95,117,2041114,3.7653094354380494,2016Yala,20.62202266101787,0.83,38.58,1122,1128,1197,1134,1264,1157,1073,1095,4.300274146366462,-0.017213981,0.0043515908228305,0.0086940959542845,0.00860356678574,0.0043515908228305,0.0008887945223294,0,0,0,0,0,1,0,0,0,0,0,0,0,0,0,0,0,0,0,0,0,0,0,4.317488126869644,4.326117453453136,4.343285819351214,-0.008629327,-0.009341559,-0.007766024,142.4433390299479,142.08250045776367,142.6700012207031,
9/11/2016,,,68.83332,65.47999999999999,61.04,61.08,83.55999999999999,74.28,142.31400146484376,-0.455908711,0.22,31.84,24.22,12.80000000000003,0,71.75,215.5,230,77.36,217.79,69.67,70.42,211.17,230,95,117,2041114,3.7653094354380494,2016Yala,20.62202266101787,0.83,38.58,1122,1128,1197,1134,1264,1157,1073,1095,4.307841749947079,0.0075676035806173,0.0104025870345524,0.0079879722816423,0.0096915943017075,0.0104025870345524,-0.0017972,0,0,0,0,0,1,0,0,0,0,0,0,0,0,0,0,0,0,0,0,0,0,0,4.300274146366462,4.317488126869644,4.335459011953408,-0.017213981,-0.008629327,-0.007826807,142.56999816894532,142.4433390299479,142.53800354003906,
9/18/2016,,,68.6666,65.66666666666667,61,61.20000000000001,83.86666666666666,74.13333333333333,142.14999389648438,-0.283425615,1.4666666666666668,32.7,24.53333333333333,7.0333333333333625,0,71.78333333333333,215.5,230,74.14,217.79,69.83,71.41333333333334,211.17,230,95,117,2041114,3.7653094354380494,2016Yala,20.62202266101787,0.83,38.58,1122,1128,1197,1134,1264,1157,1073,1095,4.305865287197526,-0.001976463,0.010478929199287,0.0072760367108907,0.0087086634366153,0.010478929199287,-0.001153099,0,0,0,0,0,1,0,0,0,0,0,0,0,0,0,0,0,0,0,0,0,0,0,4.307841749947079,4.300274146366462,4.326117453453136,0.0075676035806173,-0.017213981,-0.009341559,142.31400146484376,142.56999816894532,142.08250045776367,
9/25/2016,,,70.93332000000001,68,61.92,61.760000000000005,84.47999999999999,75.03,142.9459991455078,0.1954147230120639,1.2,32.660000000000004,24.46,17.28000000000003,0,71.85,215.5,230,67.7,217.79,70.15,73.4,211.17,230,95,117,2041114,3.7653094354380494,2016Yala,20.62202266101787,0.83,38.58,1122,1128,1197,1134,1264,1157,1073,1095,4.317888046885639,0.0120227596881132,0.0129357762327454,0.0096203895409642,0.0100564421390924,0.0129357762327454,0.005584135388239,0,0,0,0,0,1,0,0,0,0,0,0,0,0,0,0,0,0,0,0,0,0,0,4.305865287197526,4.307841749947079,4.317488126869644,-0.001976463,0.0075676035806173,-0.008629327,142.14999389648438,142.31400146484376,142.4433390299479,
10/2/2016,,,73.00004,69.47999999999999,64.92,64.64,86.67999999999999,80.16,143.40599670410157,0.609900440540152,0.68,32.480000000000004,24.44,18.98000000000003,0,71.85,215.5,230,67.7,217.79,70.15,73.4,211.17,230,95,117,2041114,3.7653094354380494,2016Yala,20.62202266101787,0.83,38.58,1122,1128,1197,1134,1264,1157,1073,1095,4.384024649811605,0.0661366029259653,0.0306932963323153,0.0264348944685765,0.0219569705750657,0.0306932963323153,0.0032128147016923,0,0,0,0,0,1,0,0,0,0,0,0,0,0,0,0,0,0,0,0,0,0,0,4.317888046885639,4.305865287197526,4.300274146366462,0.0120227596881132,-0.001976463,-0.017213981,142.9459991455078,142.14999389648438,142.56999816894532,
10/9/2016,,,74.78332,72.12,66.92,66.47999999999999,87.72,81.56,143.49400329589844,0.9469496747163976,0.72,33.16,24.52,9.360000000000028,0,71.85,215.5,230,67.7,217.79,70.15,73.4,211.17,230,95,117,2041114,3.7653094354380494,2016Yala,20.62202266101787,0.83,38.58,1122,1128,1197,1134,1264,1157,1073,1095,4.401338957967167,0.0173143081555622,0.0296471285406821,0.0261727434540482,0.0222630162939459,0.0296471285406821,0.0006135001320579,0,0,0,0,0,1,0,0,0,0,0,0,0,0,0,0,0,0,0,0,0,0,0,4.384024649811605,4.317888046885639,4.307841749947079,0.0661366029259653,0.0120227596881132,0.0075676035806173,143.40599670410157,142.9459991455078,142.31400146484376,
10/16/2016,,,76.67,73.2,67.57332,67.24,88.72668,82,143.73399658203124,0.6844556060731488,0.34,33.5,24.44,7.720000000000029,0,71.85,215.5,230,67.7,217.79,70.15,73.4,211.17,230,95,117,2041114,3.7653094354380494,2016Yala,20.62202266101787,0.83,38.58,1122,1128,1197,1134,1264,1157,1073,1095,4.406719259459375,0.0053803014922078,0.0277155129720361,0.0252620832410001,0.0222691735830815,0.0277155129720361,0.0016710998956481,0,0,0,0,0,1,0,0,0,0,0,0,0,0,0,0,0,0,0,0,0,0,0,4.401338957967167,4.384024649811605,4.305865287197526,0.0173143081555622,0.0661366029259653,-0.001976463,143.49400329589844,143.40599670410157,142.14999389648438,
10/23/2016,,,78.06664,74.47999999999999,68.03999999999999,67.47999999999999,89.16,82.76,144.0260009765625,1.356489598157582,1.7600000000000002,31.6,23.82,41.20000000000002,0,76.97,215.5,230,72.86,217.79,74.05,73,211.17,230,95,117,2041114,3.7653094354380494,2016Yala,20.62202266101787,0.83,38.58,1122,1128,1197,1134,1264,1157,1073,1095,4.415944864960474,0.0092256055010997,0.0281904833928119,0.0241371725746869,0.0217888890312581,0.0281904833928119,0.0020295002446939,0,0,0,0,0,1,0,0,0,0,0,0,0,0,0,0,0,0,0,0,0,0,0,4.406719259459375,4.401338957967167,4.317888046885639,0.0053803014922078,0.0173143081555622,0.0120227596881132,143.73399658203124,143.49400329589844,142.9459991455078,
10/30/2016,,,78.53335999999999,74.8,68.72,67.96000000000001,88.88000000000001,82.96000000000001,144.34600219726562,1.4385182436760413,2.0200000000000005,31.08,23.54,48.840000000000025,0,76.97,215.5,230,72.86,217.79,74.05,73,211.17,230,95,117,2041114,3.7653094354380494,2016Yala,20.62202266101787,0.83,38.58,1122,1128,1197,1134,1264,1157,1073,1095,4.418358575975274,0.0024137110147997,0.0064540965627688,0.0215686650038282,0.021424482315191,0.0064540965627688,0.0022193648919532,0,0,0,0,0,1,0,0,0,0,0,0,0,0,0,0,0,0,0,0,0,0,0,4.415944864960474,4.406719259459375,4.384024649811605,0.0092256055010997,0.0053803014922078,0.0661366029259653,144.0260009765625,143.73399658203124,143.40599670410157,
11/6/2016,,,79.21668,75.64,69.12,68.36,88.6,83.47999999999999,144.46399841308593,1.0627991841491902,15.52,29.08,22.96,82.24000000000004,0,76.97,215.5,230,72.86,217.79,74.05,73,211.17,230,95,117,2041114,3.7653094354380494,2016Yala,20.62202266101787,0.83,38.58,1122,1128,1197,1134,1264,1157,1073,1095,4.424607094187917,0.0062485182126428,0.0028034431763353,0.0216364437557712,0.0209637265036359,0.0028034431763353,0.0008171200534548,0,0,0,0,0,1,0,0,0,0,0,0,0,0,0,0,0,0,0,0,0,0,0,4.418358575975274,4.415944864960474,4.401338957967167,0.0024137110147997,0.0092256055010997,0.0173143081555622,144.34600219726562,144.0260009765625,143.49400329589844,
11/13/2016,,,79.6666,77.16,70.19332,70,90.44,86.16,145.21400146484376,1.260626022774885,1.92,29.72,22.58,104.38000000000002,0,76.97,215.5,230,72.86,217.79,74.05,73,211.17,230,95,117,2041114,3.7653094354380494,2016Yala,20.62202266101787,0.83,38.58,1122,1128,1197,1134,1264,1157,1073,1095,4.456206044454447,0.0315989502665301,0.0131179261983761,0.0212149288140954,0.021314769347325,0.0131179261983761,0.0051781959469403,0,0,0,0,0,1,0,0,0,0,0,0,0,0,0,0,0,0,0,0,0,0,0,4.424607094187917,4.418358575975274,4.406719259459375,0.0062485182126428,0.0024137110147997,0.0053803014922078,144.46399841308593,144.34600219726562,143.73399658203124,
11/20/2016,,,81.4375,77.75,70.8,70.8,91.525,87.05,145.47000122070312,1.480781724153596,14.275,28.225,22.875,77.22500000000002,0,79.65,215.5,230,78.12,217.79,78.19,73,211.17,230,95,117,2041114,3.7653094354380494,2016Yala,20.62202266101787,0.83,38.58,1122,1128,1197,1134,1264,1157,1073,1095,4.4664826777018485,0.0102766332474013,0.0130442222253684,0.0213033271903066,0.0204249461410099,0.0130442222253684,0.0017613616017202,0,0,0,0,0,1,0,0,0,0,0,0,0,0,0,0,0,0,0,0,0,0,0,4.456206044454447,4.424607094187917,4.415944864960474,0.0315989502665301,0.0062485182126428,0.0092256055010997,145.21400146484376,144.46399841308593,144.0260009765625,
11/27/2016,,,86.3,81.87332,71.75332,71.75332,93.46668,87.47999999999999,145.40799865722656,1.0736173719025066,8.58,27.64,22.66,130.30000000000004,0,79.65,215.5,230,78.12,217.79,78.19,73,211.17,230,95,117,2041114,3.7653094354380494,2016Yala,20.62202266101787,0.83,38.58,1122,1128,1197,1134,1264,1157,1073,1095,4.471410207239751,0.0049275295379027,0.0124339385164605,0.0095061531121997,0.0184051396805918,0.0124339385164605,-0.000426313,0,0,0,0,0,1,0,0,0,0,0,0,0,0,0,0,0,0,0,0,0,0,0,4.4664826777018485,4.456206044454447,4.418358575975274,0.0102766332474013,0.0315989502665301,0.0024137110147997,145.47000122070312,145.21400146484376,144.34600219726562,
12/4/2016,,,88.5,82.88,71.64,71.64,94.28,87.72,145.05599670410157,0.7785674813637478,2.68,26.860000000000003,19.84,103.30000000000004,0,79.65,215.5,230,78.12,217.79,78.19,73,211.17,230,95,117,2041114,3.7653094354380494,2016Yala,20.62202266101787,0.83,38.58,1122,1128,1197,1134,1264,1157,1073,1095,4.474149934949597,0.0027397277098453,0.0131942694181344,0.0095029253368402,0.0186163171217504,0.0131942694181344,-0.002423723,0,0,0,0,0,1,0,0,0,0,0,0,0,0,0,0,0,0,0,0,0,0,0,4.471410207239751,4.4664826777018485,4.424607094187917,0.0049275295379027,0.0102766332474013,0.0062485182126428,145.40799865722656,145.47000122070312,144.46399841308593,
12/11/2016,,,88.76668,83.8,74.16,74.16,94.4,86.84,145.63399963378907,1.0993488357722423,1.98,28.660000000000004,21.58,28.960000000000026,0,79.65,215.5,230,78.12,217.79,78.19,73,211.17,230,95,117,2041114,3.7653094354380494,2016Yala,20.62202266101787,0.83,38.58,1122,1128,1197,1134,1264,1157,1073,1095,4.464067356525522,-0.010082578,0.0086333496199428,0.0116890005666923,0.0193747766733441,0.0086333496199428,0.0039767704065329,0,0,0,0,0,1,0,0,0,0,0,0,0,0,0,0,0,0,0,0,0,0,0,4.474149934949597,4.471410207239751,4.456206044454447,0.0027397277098453,0.0049275295379027,0.0315989502665301,145.05599670410157,145.40799865722656,145.21400146484376,
12/18/2016,,,89.11113333333333,86.46666666666665,78.2,78.2,94.33333333333331,87.8,145.95333353678384,0.9673379640677048,1.4,29.53333333333333,22,13.966666666666695,0,85.11666666666666,215.5,230,81.70666666666666,217.79,85.10333333333334,73,211.17,230,95,117,2041114,3.7653094354380494,2016Yala,20.62202266101787,0.83,38.58,1122,1128,1197,1134,1264,1157,1073,1095,4.475061512030592,0.0109941555050703,0.0088678708193919,0.0117500278582138,0.0193826525926761,0.0088678708193919,0.0021903148192254,0,0,0,0,0,1,0,0,0,0,0,0,0,0,0,0,0,0,0,0,0,0,0,4.464067356525522,4.474149934949597,4.4664826777018485,-0.010082578,0.0027397277098453,0.0102766332474013,145.63399963378907,145.05599670410157,145.47000122070312,
12/25/2016,,,89.93332000000001,87.66664,79.32000000000001,79.32000000000001,94.12,86.96000000000001,145.9019989013672,0.8306322834935775,5.48,27.9,21.86,41.32000000000003,0,87.85,215.5,230,83.5,217.79,88.56,73,211.17,230,95,117,2041114,3.7653094354380494,2016Yala,20.62202266101787,0.83,38.58,1122,1128,1197,1134,1264,1157,1073,1095,4.465448254312494,-0.009613258,0.0102235749479531,0.0131621661544257,0.011107185002563,0.0102235749479531,-0.000351781,0,0,0,0,0,1,0,0,0,0,0,0,0,0,0,0,0,0,0,0,0,0,0,4.475061512030592,4.464067356525522,4.471410207239751,0.0109941555050703,-0.010082578,0.0049275295379027,145.95333353678384,145.63399963378907,145.40799865722656,
1/1/2017,,,94,89.36,81.52,81.52,94.36,87.47999999999999,146.21400146484376,0.5518318268985635,6.419999999999999,27.880000000000003,22.26,56.00000000000002,0,87.85,215.5,230,83.5,217.79,88.56,73,211.17,230,95,117,2041114,3.7653094354380494,2016Yala,20.62202266101787,0.83,38.58,1122,1128,1197,1134,1264,1157,1073,1095,4.471410207239751,0.0059619529272572,0.0107798101811931,0.0131614291983924,0.0106007863240445,0.0107798101811931,0.0021361560448074,0,0,0,0,0,1,0,0,0,0,0,0,0,0,0,0,0,0,0,0,0,0,0,4.465448254312494,4.475061512030592,4.474149934949597,-0.009613258,0.0109941555050703,0.0027397277098453,145.9019989013672,145.95333353678384,145.05599670410157,
1/8/2017,,,94,89.6,82.04,82.04,94.36,87.44,146.11199951171875,0.4440391763056261,1.42,28.82,20.32,41.72000000000003,0,87.85,215.5,230,83.5,217.79,88.56,73,211.17,230,95,117,2041114,3.7653094354380494,2016Yala,20.62202266101787,0.55,49.07,1224,1229,1295,1237,1399,1266,1150,1174,4.470952855304697,-0.000457352,0.0088917135462194,0.0081144572285005,0.0107565638840044,0.0088917135462194,-0.000697864,0,0,0,0,0,1,0,0,0,0,0,0,0,0,0,0,0,0,0,0,0,0,0,4.471410207239751,4.465448254312494,4.464067356525522,0.0059619529272572,-0.009613258,-0.010082578,146.21400146484376,145.9019989013672,145.63399963378907,
1/15/2017,,,94.25005,89.9,82.15,82.15,94.5,87.45,146.70249938964844,0.9077956671880104,0,30.4,19,21.12500000000003,0,87.85,215.5,230,83.5,217.79,88.56,73,211.17,230,95,117,2041114,3.7653094354380494,2016Yala,20.62202266101787,0.55,49.07,1224,1229,1295,1237,1399,1266,1150,1174,4.471067212899717,0.0001143575950202,0.0064341082968482,0.0073666343154131,0.0107798848002309,0.0064341082968482,0.0040332748316673,0,0,0,0,0,1,0,0,0,0,0,0,0,0,0,0,0,0,0,0,0,0,0,4.470952855304697,4.471410207239751,4.475061512030592,-0.000457352,0.0059619529272572,0.0109941555050703,146.11199951171875,146.21400146484376,145.95333353678384,
1/22/2017,,,93.9,89.56,83.45666,83.24,93.36,86.8,146.87200012207032,1.3966193628739945,2.7,29.14,19.8,4.420000000000028,0,93,215.5,230,92.41,217.79,93.32,73,211.17,230,95,117,2041114,3.7653094354380494,2016Yala,20.62202266101787,0.55,49.07,1224,1229,1295,1237,1399,1266,1150,1174,4.463606633187042,-0.00746058,0.0054948305620107,0.0076182683131168,0.0113245103241366,0.0054948305620107,0.0011547375564546,0,0,0,0,0,1,0,0,0,0,0,0,0,0,0,0,0,0,0,0,0,0,0,4.471067212899717,4.470952855304697,4.465448254312494,0.0001143575950202,-0.000457352,-0.009613258,146.70249938964844,146.11199951171875,145.9019989013672,
1/29/2017,,68.75,94.2,89.95,86.71000000000001,89.01,95.44,90.24,146.9000030517578,0.4771266597944157,16.2,25.74,22.04,72.30000000000004,0,93,215.5,230,92.41,217.79,93.32,73,211.17,230,95,117,2041114,3.7653094354380494,2016Yala,20.62202266101787,0.55,49.07,1224,1229,1295,1237,1399,1266,1150,1174,4.502472798831309,0.0388661656442668,0.0210177716935996,0.0161097916200487,0.0152183639677849,0.0210177716935996,0.0001906439638839,0,0,0,0,0,1,0,0,0,0,0,0,0,0,0,0,0,0,0,0,0,0,0,4.463606633187042,4.471067212899717,4.471410207239751,-0.00746058,0.0001143575950202,0.0059619529272572,146.87200012207032,146.70249938964844,146.21400146484376,
2/5/2017,,68.75,90.89333333333332,91.5,86.3,98.3,98,93.1,146.7249984741211,0.7451209491437294,1.1,27.95,21.05,106.95000000000005,0,93,215.5,230,92.41,217.79,93.32,73,211.17,230,95,117,2041114,3.7653094354380494,2016Yala,20.62202266101787,0.55,49.07,1224,1229,1295,1237,1399,1266,1150,1174,4.53367419502416,0.0312013961928512,0.0227763595973874,0.0176602075727212,0.0151590483653175,0.0227763595973874,-0.001192028,0,0,0,0,0,1,0,0,0,0,0,0,0,0,0,0,0,0,0,0,0,0,0,4.502472798831309,4.463606633187042,4.470952855304697,0.0388661656442668,-0.00746058,-0.000457352,146.9000030517578,146.87200012207032,146.11199951171875,
2/12/2017,,68.75,87.58666666666667,85.9375,82.69583333333333,92.35833333333332,95.93055,91.19166666666666,147.34541511535645,1.1431543318587003,3.6833333333333327,28.120833333333334,21.2875,91.02083333333336,0,93,215.5,230,92.6125,217.79,92.005,73,211.17,230,95,117,2041114,3.7653094354380494,2016Yala,20.62202266101787,0.55,49.07,1224,1229,1295,1237,1399,1266,1150,1174,4.512963529602311,-0.020710665,0.0290394704372328,0.0204146633443721,0.0169790166989214,0.0290394704372328,0.0042195170194165,0,0,0,0,0,1,0,0,0,0,0,0,0,0,0,0,0,0,0,0,0,0,0,4.53367419502416,4.502472798831309,4.471067212899717,0.0312013961928512,0.0388661656442668,0.0001143575950202,146.7249984741211,146.9000030517578,146.70249938964844,
2/19/2017,,68.75,84.28,80.375,79.09166666666667,86.41666666666667,93.8611,89.28333333333333,147.9658317565918,1.541187714573672,6.266666666666666,28.291666666666668,21.525,75.0916666666667,0,93,215.5,230,92.815,217.79,90.69,73,211.17,230,95,117,2041114,3.7653094354380494,2016Yala,20.62202266101787,0.55,49.07,1224,1229,1295,1237,1399,1266,1150,1174,4.491814844859158,-0.021148685,0.0324621763668485,0.0219246509290602,0.0184378237001787,0.0324621763668485,0.00420178747944,0,0,0,0,0,1,0,0,0,0,0,0,0,0,0,0,0,0,0,0,0,0,0,4.512963529602311,4.53367419502416,4.463606633187042,-0.020710665,0.0312013961928512,-0.00746058,147.34541511535645,146.7249984741211,146.87200012207032,
2/26/2017,,68.75,80.97333333333334,74.8125,75.48750000000001,80.47500000000001,91.79165,87.37499999999999,148.58624839782715,1.9392210972886432,8.85,28.4625,21.7625,59.16250000000002,0,93,215.5,230,93.01749999999998,217.79,89.375,73,211.17,230,95,117,2041114,3.7653094354380494,2016Yala,20.62202266101787,0.55,49.07,1224,1229,1295,1237,1399,1266,1150,1174,4.470209211998895,-0.021605633,0.0261807452493469,0.0235517971881719,0.0196148962311341,0.0261807452493469,0.0041842063080057,0,0,0,0,0,1,0,0,0,0,0,0,0,0,0,0,0,0,0,0,0,0,0,4.491814844859158,4.512963529602311,4.502472798831309,-0.021148685,-0.020710665,0.0388661656442668,147.9658317565918,147.34541511535645,146.9000030517578,
3/5/2017,,68.75,77.66666666666667,69.25,71.88333333333334,74.53333333333335,89.7222,85.46666666666665,149.2066650390625,2.3372544800036144,11.433333333333332,28.633333333333336,22,43.23333333333336,0,93,215.5,230,93.21999999999998,217.79,88.06,73,211.17,230,95,117,1700894,3.5006750693592603,2016-2017Maha,-36.42534951,0.55,49.07,1224,1229,1295,1237,1399,1266,1150,1174,4.448126448078873,-0.022082764,0.0005905111817266,0.024800054831292,0.0204457015524314,0.0005905111817266,0.0041667716504516,0,0,0,0,1,0,0,0,0,0,0,0,0,0,0,0,0,0,0,0,0,0,0,4.470209211998895,4.491814844859158,4.53367419502416,-0.021605633,-0.021148685,0.0312013961928512,148.58624839782715,147.9658317565918,146.7249984741211,
3/12/2017,,67.84,78.05,76,71.27000000000001,74.64,89.44,85.56,148.48800048828124,1.4899120964790935,8.82,31.160000000000004,22.64,88.44000000000003,0,93,215.5,230,93.22,217.79,88.06,73,211.17,230,95,117,1700894,3.5006750693592603,2016-2017Maha,-36.42534951,0.55,49.07,1224,1229,1295,1237,1399,1266,1150,1174,4.449217895901909,0.0010914478230361,0.0113583083304563,0.0248191566129085,0.0201000496917543,0.0113583083304563,-0.004828208,0,0,0,0,1,0,0,0,0,0,0,0,0,0,0,0,0,0,0,0,0,0,0,4.448126448078873,4.470209211998895,4.512963529602311,-0.022082764,-0.021605633,-0.020710665,149.2066650390625,148.58624839782715,147.34541511535645,
3/19/2017,,67.64,77.62,76,70.27834,74.84,88.92,85.08,148.0279998779297,1.1565520153317,3.3200000000000003,30.32,22.62,111.22000000000004,0,93,215.5,230,88.03,217.79,81.19,73,211.17,230,95,117,1700894,3.5006750693592603,2016-2017Maha,-36.42534951,0.55,49.07,1224,1229,1295,1237,1399,1266,1150,1174,4.44359200208568,-0.005625894,0.0116323275391315,0.0247776543217249,0.019998221872695,0.0116323275391315,-0.003102706,0,0,0,0,1,0,0,0,0,0,0,0,0,0,0,0,0,0,0,0,0,0,0,4.449217895901909,4.448126448078873,4.491814844859158,0.0010914478230361,-0.022082764,-0.021148685,148.48800048828124,149.2066650390625,147.9658317565918,
3/26/2017,,68.47999999999999,78,77.9,70,75.52000000000001,88.52000000000001,85.2,148.7519989013672,1.665307266928688,0.02,32.64,22.34,52.50000000000002,0,93,215.5,230,84.57,217.79,76.61,73,211.17,230,95,117,1700894,3.5006750693592603,2016-2017Maha,-36.42534951,0.55,49.07,1224,1229,1295,1237,1399,1266,1150,1174,4.445001445572359,0.0014094434866791,0.0110093757137236,0.018616952341698,0.0198799778886453,0.0110093757137236,0.0048790380603112,0,0,0,0,1,0,0,0,0,0,0,0,0,0,0,0,0,0,0,0,0,0,0,4.44359200208568,4.449217895901909,4.470209211998895,-0.005625894,0.0010914478230361,-0.021605633,148.0279998779297,148.48800048828124,148.58624839782715,
4/2/2017,,68.74,79.4,78.84,71.96000000000001,75.52000000000001,88.26,85.28,149.02200012207032,1.46457321924383,3.28,32.239999999999995,22.9,12.380000000000027,0,93,215.5,230,84.57,217.79,76.61,73,211.17,230,95,117,1700894,3.5006750693592603,2016-2017Maha,-36.42534951,0.55,49.07,1224,1229,1295,1237,1399,1266,1150,1174,4.445939972143613,0.0009385265712538,0.0033918595389118,0.0113653479100368,0.0198951842538636,0.0033918595389118,0.0018134645319625,0,0,0,0,1,0,0,0,0,0,0,0,0,0,0,0,0,0,0,0,0,0,0,4.445001445572359,4.44359200208568,4.448126448078873,0.0014094434866791,-0.005625894,-0.022082764,148.7519989013672,148.0279998779297,149.2066650390625,
4/9/2017,,67.92,80.94443333333334,79.03999999999999,70.765,75.52000000000001,85.28,85.35,148.547998046875,1.1240236924619396,2.52,34.34,23.84,31.420000000000027,0.4,93,215.5,230,84.57,217.79,76.61,73,211.17,230,95,117,1700894,3.5006750693592603,2016-2017Maha,-36.42534951,0.55,49.07,1224,1229,1295,1237,1399,1266,1150,1174,4.446760460956911,0.0008204888132983,0.0033506964233375,0.0112773186864386,0.0199033213845768,0.0033506964233375,-0.003185822,0,0,0,0,1,0,0,0,0,0,0,0,0,0,0,0,0,0,0,0,0,0,0,4.445939972143613,4.445001445572359,4.449217895901909,0.0009385265712538,0.0014094434866791,0.0010914478230361,149.02200012207032,148.7519989013672,148.48800048828124,
4/16/2017,,67.5,82.48886666666667,79,71.21664999999999,75.5,90.2,85.25,151.95499420166016,3.5650194701523423,9.35,33.7,24.2,41.85000000000002,0,93,215.5,230,84.57,217.79,76.61,73,211.17,230,95,117,1700894,3.5006750693592603,2016-2017Maha,-36.42534951,0.55,49.07,1224,1229,1295,1237,1399,1266,1150,1174,4.445588127893831,-0.001172333,0.001142920266997,0.010177671869752,0.0198298618787367,0.001142920266997,0.0226762608836939,0,0,0,0,1,0,0,0,0,0,0,0,0,0,0,0,0,0,0,0,0,0,0,4.446760460956911,4.445939972143613,4.44359200208568,0.0008204888132983,0.0009385265712538,-0.005625894,148.547998046875,149.02200012207032,148.0279998779297,
4/23/2017,,67.86668,84.0333,78.75999999999999,71.85668,75.8,89.56,85.85,148.9540008544922,-0.089519546,0.18,35.04,24.82,32.060000000000024,0.6,82.5,215.5,230,91.5,217.79,77.38,73,211.17,230,95,117,1700894,3.5006750693592603,2016-2017Maha,-36.42534951,0.55,49.07,1224,1229,1295,1237,1399,1266,1150,1174,4.452601598991708,0.0070134710978768,0.0035438487867397,0.008749208977015,0.0156200970538172,0.0035438487867397,-0.019946847,0,0,0,0,1,0,0,0,0,0,0,0,0,0,0,0,0,0,0,0,0,0,0,4.445588127893831,4.446760460956911,4.445001445572359,-0.001172333,0.0008204888132983,0.0014094434866791,151.95499420166016,148.547998046875,148.7519989013672,
4/30/2017,,69.53335999999999,85.57773333333334,80.21332,71.75,76.29332,91.04,86.88332,148.80999755859375,0.5302749733418111,0.6599999999999999,35.36,25.22,17.82000000000003,0.4,82.5,215.5,230,91.5,217.79,77.38,73,211.17,230,95,117,1700894,3.5006750693592603,2016-2017Maha,-36.42534951,0.55,49.07,1224,1229,1295,1237,1399,1266,1150,1174,4.464566080593185,0.0119644816014767,0.0059903306681841,0.0052957095374416,0.0122946793310589,0.0059903306681841,-0.000967231,0,0,0,0,1,0,0,0,0,0,0,0,0,0,0,0,0,0,0,0,0,0,0,4.452601598991708,4.445588127893831,4.445939972143613,0.0070134710978768,-0.001172333,0.0009385265712538,148.9540008544922,151.95499420166016,149.02200012207032,
5/7/2017,,69.95,87.12216666666667,84.2,72.075,77.15,91.7,87.84585,149.1699981689453,0.5293878272473546,1.7999999999999998,35.225,24.5,10.350000000000028,0.5,82.5,215.5,230,91.5,217.79,77.38,73,211.17,230,95,117,1700894,3.5006750693592603,2016-2017Maha,-36.42534951,0.55,49.07,1224,1229,1295,1237,1399,1266,1150,1174,4.475583585287881,0.0110175046946956,0.0059834284289089,0.0061341540391587,0.0121982123236042,0.0059834284289089,0.0024162748389073,0,0,0,0,1,0,0,0,0,0,0,0,0,0,0,0,0,0,0,0,0,0,0,4.464566080593185,4.452601598991708,4.446760460956911,0.0119644816014767,0.0070134710978768,0.0008204888132983,148.80999755859375,148.9540008544922,148.547998046875,
5/14/2017,,70.93333333333334,88.6666,83.8222,72.64999999999999,77.26666666666667,94.36113333333331,89.38333333333333,149.2866668701172,0.4152267073480302,3.7,32.43333333333333,23.9,46.60000000000003,0,82.5,215.5,230,91.5,217.79,77.38,73,211.17,230,95,117,1700894,3.5006750693592603,2016-2017Maha,-36.42534951,0.55,49.07,1224,1229,1295,1237,1399,1266,1150,1174,4.492934247948592,0.0173506626607116,0.0042565529965112,0.0067119432753158,0.0120863287995118,0.0042565529965112,0.0007818133752675,0,0,0,0,1,0,0,0,0,0,0,0,0,0,0,0,0,0,0,0,0,0,0,4.475583585287881,4.464566080593185,4.445588127893831,0.0110175046946956,0.0119644816014767,-0.001172333,149.1699981689453,148.80999755859375,151.95499420166016,
5/21/2017,,71.71000000000001,88.6666,84.85332,75.6,78.41332,94.2,89.8,149.08600158691405,0.1669558439371332,0.22,31.56,24.98,56.68000000000003,0,86.59,215.5,230,93.46,217.79,79.72,91.87,211.17,230,95,117,1700894,3.5006750693592603,2016-2017Maha,-36.42534951,0.55,49.07,1224,1229,1295,1237,1399,1266,1150,1174,4.497584986444012,0.0046507384954193,0.0052068162485116,0.0064774076864177,0.0099970470610221,0.0052068162485116,-0.001345065,0,0,0,0,1,0,0,0,0,0,0,0,0,0,0,0,0,0,0,0,0,0,0,4.492934247948592,4.475583585287881,4.452601598991708,0.0173506626607116,0.0110175046946956,0.0070134710978768,149.2866668701172,149.1699981689453,148.9540008544922,
5/28/2017,79,73.95,90.5833,84.6,77.9,80.15,96.5778,91.15,149.67499923706055,0.5861077562468979,0.125,30.7,24.45,14.550000000000027,0,86.59,215.5,230,93.46,217.79,79.72,91.87,211.17,230,95,117,1700894,3.5006750693592603,2016-2017Maha,-36.42534951,0.55,49.07,1224,1229,1295,1237,1399,1266,1150,1174,4.512506512095599,0.0149215256515873,0.0055419899442888,0.0066247300125703,0.0070801083714918,0.0055419899442888,0.0039429403949222,0,0,0,0,1,0,0,0,0,0,0,0,0,0,0,0,0,0,0,0,0,0,0,4.497584986444012,4.492934247948592,4.464566080593185,0.0046507384954193,0.0173506626607116,0.0119644816014767,149.08600158691405,149.2866668701172,148.80999755859375,
6/4/2017,79,73.3375,92.5,86.84165,78.358325,82.35835,98.33335,93.79165,149.83499908447266,-0.275570691,1.025,29.55,23.575,6.150000000000029,0,86.59,215.5,230,93.46,217.79,79.72,91.87,211.17,230,95,117,1700894,3.5006750693592603,2016-2017Maha,-36.42534951,0.55,49.07,1224,1229,1295,1237,1399,1266,1150,1174,4.5410758435219005,0.0285693314263015,0.0098187663360788,0.0089817826502088,0.0095758466435797,0.0098187663360788,0.0010684108207428,0,0,0,0,1,0,0,0,0,0,0,0,0,0,0,0,0,0,0,0,0,0,0,4.512506512095599,4.497584986444012,4.475583585287881,0.0149215256515873,0.0046507384954193,0.0110175046946956,149.67499923706055,149.08600158691405,149.1699981689453,
6/11/2017,79,74.2,89.25,88.75,77.55624999999999,81.95,98.9375,94.40415,149.24749755859375,0.3037740320591814,0.875,31.05,24.65,7.725000000000029,0,86.59,215.5,230,93.46,217.79,79.72,91.87,211.17,230,95,117,1700894,3.5006750693592603,2016-2017Maha,-36.42534951,0.55,49.07,1224,1229,1295,1237,1399,1266,1150,1174,4.547585044642322,0.006509201120421,0.0108961812711438,0.0077201481917418,0.0086409615578167,0.0108961812711438,-0.003928697,0,0,0,0,1,0,0,0,0,0,0,0,0,0,0,0,0,0,0,0,0,0,0,4.5410758435219005,4.512506512095599,4.492934247948592,0.0285693314263015,0.0149215256515873,0.0173506626607116,149.83499908447266,149.67499923706055,149.2866668701172,
6/18/2017,79,76.29,92.625,88.67999999999999,78.20334,83.36,99.08,93.56,149.6440002441406,0.5276805837674603,0.94,31.8,24.62,11.520000000000028,0,89.70599999999999,215.5,230,94.268,217.79,80.988,92.734,211.17,230,95,117,1700894,3.5006750693592603,2016-2017Maha,-36.42534951,0.55,49.07,1224,1229,1295,1237,1399,1266,1150,1174,4.538602952404307,-0.008982092,0.015719286701747,0.0108534806828015,0.0098678959165803,0.015719286701747,0.0026531562014859,0,0,0,0,1,0,0,0,0,0,0,0,0,0,0,0,0,0,0,0,0,0,0,4.547585044642322,4.5410758435219005,4.497584986444012,0.006509201120421,0.0285693314263015,0.0046507384954193,149.24749755859375,149.83499908447266,149.08600158691405,
6/25/2017,79,78.17,96,90.27,78.64500000000001,81.4,98.71,92.8,150.25,0.703054639344467,1.08,30.54,24.34,15.100000000000028,0,94.38,215.5,230,95.48,217.79,82.89,94.03,211.17,230,95,117,1700894,3.5006750693592603,2016-2017Maha,-36.42534951,0.55,49.07,1224,1229,1295,1237,1399,1266,1150,1174,4.530446650568017,-0.008156302,0.0175624362004672,0.0127052331808024,0.0107524293694083,0.0175624362004672,0.0040414318135688,0,0,0,0,1,0,0,0,0,0,0,0,0,0,0,0,0,0,0,0,0,0,0,4.538602952404307,4.547585044642322,4.512506512095599,-0.008982092,0.006509201120421,0.0149215256515873,149.6440002441406,149.24749755859375,149.67499923706055,
7/2/2017,79,74.71000000000001,81.4,87.45,141.55,81.0125,98.41665,93.95,149.74000549316406,0.4090077276720033,2.25,30.675,23.6,20.775000000000027,0,94.38,215.5,230,95.48,217.79,82.89,94.03,211.17,230,95,117,1700894,3.5006750693592603,2016-2017Maha,-36.42534951,0.55,49.07,1224,1229,1295,1237,1399,1266,1150,1174,4.542762736503434,0.0123160859354172,0.0106543811118362,0.0127540615776852,0.0106594105414902,0.0106543811118362,-0.00340008,0,0,0,0,1,0,0,0,0,0,0,0,0,0,0,0,0,0,0,0,0,0,0,4.530446650568017,4.538602952404307,4.5410758435219005,-0.008156302,-0.008982092,0.0285693314263015,150.25,149.6440002441406,149.83499908447266,
7/9/2017,76.2,112.798,80.92668,83.94668,196.75366,79.86668,98.92,93.50668,150.9980010986328,1.192296983011838,0.8400000000000001,32.38,24.68,17.620000000000026,0,94.38,215.5,230,95.48,217.79,82.89,94.03,211.17,230,95,117,1700894,3.5006750693592603,2016-2017Maha,-36.42534951,0.55,49.07,1224,1229,1295,1237,1399,1266,1150,1174,4.538032888287342,-0.004729848,0.0099741291144512,0.0129277246433389,0.0109822890291055,0.0099741291144512,0.0083661054270489,0,0,0,0,1,0,0,0,0,0,0,0,0,0,0,0,0,0,0,0,0,0,0,4.542762736503434,4.530446650568017,4.547585044642322,0.0123160859354172,-0.008156302,0.006509201120421,149.74000549316406,150.25,149.24749755859375,
7/16/2017,77.06667999999999,67.73400000000001,80.46668,83.23332,144.90800000000002,79.03332,98.00004,93.63332,150.5279998779297,0.4421699345488061,1.12,31.4,24.14,14.460000000000027,0,94.38,215.5,230,95.48,217.79,82.89,94.03,211.17,230,95,117,1700894,3.5006750693592603,2016-2017Maha,-36.42534951,0.55,49.07,1224,1229,1295,1237,1399,1266,1150,1174,4.539386313722607,0.0013534254352647,0.008986305196067,0.0130159347000016,0.0111351108505014,0.008986305196067,-0.003117486,0,0,0,0,1,0,0,0,0,0,0,0,0,0,0,0,0,0,0,0,0,0,0,4.538032888287342,4.542762736503434,4.538602952404307,-0.004729848,0.0123160859354172,-0.008982092,150.9980010986328,149.74000549316406,149.6440002441406,
7/23/2017,77.66,113.768,79.8,83.86668,106.935,78.20004,98.02,93.56664,150.12399597167968,0.5014101786850222,0.3,31.64,24,12.820000000000029,0,93.45,215.5,230,92.32,217.79,83.83,94.2,211.17,230,95,117,1700894,3.5006750693592603,2016-2017Maha,-36.42534951,0.55,49.07,1224,1229,1295,1237,1399,1266,1150,1174,4.538673920385475,-0.000712393,0.0072909695155297,0.0125161877040675,0.0112461072611041,0.0072909695155297,-0.00268752,0,0,0,0,1,0,0,0,0,0,0,0,0,0,0,0,0,0,0,0,0,0,0,4.539386313722607,4.538032888287342,4.530446650568017,0.0013534254352647,-0.004729848,-0.008156302,150.5279998779297,150.9980010986328,150.25,
7/30/2017,74.76668,88.598,81,82.40004,94.94,79.03332,98.7,93.63336,150.38999938964844,0.5173036439925327,0.3399999999999999,32.980000000000004,25,5.240000000000029,0,93.45,215.5,230,92.32,217.79,83.83,94.2,211.17,230,95,117,1700894,3.5006750693592603,2016-2017Maha,-36.42534951,0.55,49.07,1224,1229,1295,1237,1399,1266,1150,1174,4.539386740920863,0.0007128205353881,0.0027306595903534,0.007232082500917,0.0112362010513299,0.0027306595903534,0.0017703234443429,0,0,0,0,1,0,0,0,0,0,0,0,0,0,0,0,0,0,0,0,0,0,0,4.538673920385475,4.539386313722607,4.542762736503434,-0.000712393,0.0013534254352647,0.0123160859354172,150.12399597167968,150.5279998779297,149.74000549316406,
8/6/2017,73.34664000000001,114.78400000000002,80.23335999999999,82.63332,82.13268,77.93332000000001,98.58,93.76668,150.05999755859375,-0.02909097,0.78,30.860000000000003,24.1,11.240000000000029,0,93.45,215.5,230,92.32,217.79,83.83,94.2,211.17,230,95,117,1700894,3.5006750693592603,2016-2017Maha,-36.42534951,0.55,49.07,1224,1229,1295,1237,1399,1266,1150,1174,4.540809579689404,0.0014228387685406,0.0009906806022417,0.006765396829447,0.0106086854214033,0.0009906806022417,-0.002196718,0,0,0,0,1,0,0,0,0,0,0,0,0,0,0,0,0,0,0,0,0,0,0,4.539386740920863,4.538673920385475,4.538032888287342,0.0007128205353881,-0.000712393,-0.004729848,150.38999938964844,150.12399597167968,150.9980010986328,
8/13/2017,72.7667,106.27,77.375,83.83335,91.7175,74.99995,97.625,92.91665,150.32250213623047,0.3208681323546763,2,31.225,23.9,18.525000000000027,0,93.45,215.5,230,92.32,217.79,83.83,94.2,211.17,230,95,117,1700894,3.5006750693592603,2016-2017Maha,-36.42534951,0.55,49.07,1224,1229,1295,1237,1399,1266,1150,1174,4.531702865496339,-0.009106714,0.0048721482864836,0.0067869137525307,0.0112544561737546,0.0048721482864836,0.0017478025050117,0,0,0,0,1,0,0,0,0,0,0,0,0,0,0,0,0,0,0,0,0,0,0,4.540809579689404,4.539386740920863,4.539386313722607,0.0014228387685406,0.0007128205353881,0.0013534254352647,150.05999755859375,150.38999938964844,150.5279998779297,
8/20/2017,70.88668,130.634,77.46664000000001,83.66664,86.277,75.23332,97.20004,92.7,149.88800048828125,-0.264709328,0.5800000000000001,31.06,23.54,17.400000000000027,0,90.53,215.5,230,90.736,217.79,82.886,94.976,211.17,230,95,117,1700894,3.5006750693592603,2016-2017Maha,-36.42534951,0.55,49.07,1224,1229,1295,1237,1399,1266,1150,1174,4.529368483359296,-0.002334382,0.0048050798491735,0.0061779048998145,0.0106574628851776,0.0048050798491735,-0.002894649,0,0,0,0,1,0,0,0,0,0,0,0,0,0,0,0,0,0,0,0,0,0,0,4.531702865496339,4.540809579689404,4.538673920385475,-0.009106714,0.0014228387685406,-0.000712393,150.32250213623047,150.05999755859375,150.12399597167968,
8/27/2017,70.84,141.334,76.86,83.5,84.67999999999999,77.32668,97.62,93.18,149.8220001220703,-0.870301363,1.6,30.72,23.96,21.72000000000003,0,89.8,215.5,230,90.34,217.79,82.65,95.17,211.17,230,95,117,1700894,3.5006750693592603,2016-2017Maha,-36.42534951,0.55,49.07,1224,1229,1295,1237,1399,1266,1150,1174,4.534533117120567,0.0051646337612716,0.0060879684462208,0.0043725198348882,0.006605713625742,0.0060879684462208,-0.000440428,0,0,0,0,1,0,0,0,0,0,0,0,0,0,0,0,0,0,0,0,0,0,0,4.529368483359296,4.531702865496339,4.539386740920863,-0.002334382,-0.009106714,0.0007128205353881,149.88800048828125,150.32250213623047,150.38999938964844,
9/3/2017,70.60000000000001,107.25,77.125,83.83335,79.475425,80.5583,98.375,93.8334,149.89750289916992,-0.282730903,2.725,30.825,23.8,23.825000000000028,0,89.8,215.5,230,90.34,217.79,82.65,95.17,211.17,230,95,117,1700894,3.5006750693592603,2016-2017Maha,-36.42534951,0.55,49.07,1224,1229,1295,1237,1399,1266,1150,1174,4.541520880048143,0.0069877629275758,0.007388219653067,0.0048878120011938,0.0066534466377538,0.007388219653067,0.0005038229239788,0,0,0,0,1,0,0,0,0,0,0,0,0,0,0,0,0,0,0,0,0,0,0,4.534533117120567,4.529368483359296,4.540809579689404,0.0051646337612716,-0.002334382,0.0014228387685406,149.8220001220703,149.88800048828125,150.05999755859375,
9/10/2017,72.125,119.625,77.54169999999999,84.08335,89.520425,83.26665,99.33335,94.54165,149.6724967956543,-0.34809537,1.625,28.1,23.45,78.67500000000003,0,89.8,215.5,230,90.34,217.79,82.65,95.17,211.17,230,95,117,1567528,3.80928403750164,2017Yala,-23.20232971,0.55,49.07,1224,1229,1295,1237,1399,1266,1150,1174,4.549040488720115,0.0075196086719717,0.0045587948845795,0.0055008839710279,0.0064441968353023,0.0045587948845795,-0.001502194,0,0,0,0,0,0,0,1,0,0,0,0,0,0,0,0,0,0,0,0,0,0,0,4.541520880048143,4.534533117120567,4.531702865496339,0.0069877629275758,0.0051646337612716,-0.009106714,149.89750289916992,149.8220001220703,150.32250213623047,
9/17/2017,72.92,187.1,79.00004,85.03335999999999,151.18334,83.43336000000001,101.23332,96.06664,150.31200256347657,0.171758545845031,9.66,29.92,23.48,103.12000000000003,0,90.706,215.5,230,90.908,217.79,82.804,95.536,211.17,230,95,117,1567528,3.80928403750164,2017Yala,-23.20232971,0.55,49.07,1224,1229,1295,1237,1399,1266,1150,1174,4.565042127721704,0.0160016390015886,0.0048286303238405,0.0074842988964887,0.0071074407417361,0.0048286303238405,0.004263598510481,0,0,0,0,0,0,0,1,0,0,0,0,0,0,0,0,0,0,0,0,0,0,0,4.549040488720115,4.541520880048143,4.529368483359296,0.0075196086719717,0.0069877629275758,-0.002334382,149.6724967956543,149.89750289916992,149.88800048828125,
9/24/2017,73.44,280.2,81.16668,86.86664,181.79932,82.76668,105.06664,98.53336,150.26800231933595,-0.16091823,0.8,29.64,23.4,57.72000000000003,0,94.33,215.5,230,93.18,217.79,83.42,97,211.17,230,95,117,1567528,3.80928403750164,2017Yala,-23.20232971,0.55,49.07,1224,1229,1295,1237,1399,1266,1150,1174,4.5903951811907415,0.025353053469038,0.0086421557053703,0.0106640248989111,0.0093294774189727,0.0086421557053703,-0.000292769,0,0,0,0,0,0,0,1,0,0,0,0,0,0,0,0,0,0,0,0,0,0,0,4.565042127721704,4.549040488720115,4.534533117120567,0.0160016390015886,0.0075196086719717,0.0051646337612716,150.31200256347657,149.6724967956543,149.8220001220703,
10/1/2017,73.26668,279.666,84.32668,87.50004,190.68368,81.93332000000001,105.46668,100.83336,150.1040008544922,0.098278156603675,0.76,29.26,23.28,19.020000000000028,0,94.33,215.5,230,93.18,217.79,83.42,97,211.17,230,95,117,1567528,3.80928403750164,2017Yala,-23.20232971,0.55,49.07,1224,1229,1295,1237,1399,1266,1150,1174,4.613469263182914,0.0230740819921724,0.0080341995323161,0.0119028370003961,0.0103674433354374,0.0080341995323161,-0.001091989,0,0,0,0,0,0,0,1,0,0,0,0,0,0,0,0,0,0,0,0,0,0,0,4.5903951811907415,4.565042127721704,4.541520880048143,0.025353053469038,0.0160016390015886,0.0069877629275758,150.26800231933595,150.31200256347657,149.89750289916992,
10/8/2017,73.33330000000001,293.23,84.20835,88.95830000000001,186.16665,80.37495,106.45835,102.04165,150.6525001525879,0.605303126816864,0.925,30.625,23.700000000000003,10.400000000000029,0,94.33,215.5,230,93.18,217.79,83.42,97,211.17,230,95,117,1567528,3.80928403750164,2017Yala,-23.20232971,0.55,49.07,1224,1229,1295,1237,1399,1266,1150,1174,4.625381073072156,0.0119118098892423,0.0062226211186075,0.0093631462271288,0.0103587665290062,0.0062226211186075,0.0036474683055258,0,0,0,0,0,0,0,1,0,0,0,0,0,0,0,0,0,0,0,0,0,0,0,4.613469263182914,4.5903951811907415,4.549040488720115,0.0230740819921724,0.025353053469038,0.0075196086719717,150.1040008544922,150.26800231933595,149.6724967956543,
10/15/2017,72.33328,181.832,84.6,89.4,176.26668,78.96668,106.36664,102.06668,150.30600280761718,0.5280046775711256,2.96,30.04,23.7,17.040000000000028,0,94.33,215.5,230,93.18,217.79,83.42,97,211.17,230,95,117,1567528,3.80928403750164,2017Yala,-23.20232971,0.55,49.07,1224,1229,1295,1237,1399,1266,1150,1174,4.6256263349865545,0.0002452619143982,0.0115402253841638,0.0088402039098929,0.0102960502240864,0.0115402253841638,-0.002302626,0,0,0,0,0,0,0,1,0,0,0,0,0,0,0,0,0,0,0,0,0,0,0,4.625381073072156,4.613469263182914,4.565042127721704,0.0119118098892423,0.0230740819921724,0.0160016390015886,150.6525001525879,150.1040008544922,150.31200256347657,
10/22/2017,72.04169999999999,153.9575,84.24995,89.2916,175.85334999999998,74.29169999999999,106.54165,101.95835,150.52249908447266,0.1577816870819315,5.125000000000001,28.675,23.425,44.300000000000026,0,97.95,215.5,230,101.84,217.79,84.87,99.67,211.17,230,95,117,1567528,3.80928403750164,2017Yala,-23.20232971,0.55,49.07,1224,1229,1295,1237,1399,1266,1150,1174,4.624564406368107,-0.001061929,0.0113079372287921,0.0097577171380413,0.0104105368002107,0.0113079372287921,0.0014393337827396,0,0,0,0,0,0,0,1,0,0,0,0,0,0,0,0,0,0,0,0,0,0,0,4.6256263349865545,4.625381073072156,4.5903951811907415,0.0002452619143982,0.0119118098892423,0.025353053469038,150.30600280761718,150.6525001525879,150.26800231933595,
10/29/2017,71.57638333333333,71.56664,84.01384166666666,92.16668,76.96668,84.13332,106.83332,102,151.1060028076172,0.8157463919926089,13.56,29.880000000000003,23.36,72.08000000000003,0,97.95,215.5,230,101.84,217.79,84.87,99.67,211.17,230,95,117,1567528,3.80928403750164,2017Yala,-23.20232971,0.55,49.07,1224,1229,1295,1237,1399,1266,1150,1174,4.624972823088193,0.0004084167200861,0.0060597825106309,0.0104232231134494,0.0104647878745235,0.0060597825106309,0.00386902725376,0,0,0,0,0,0,0,1,0,0,0,0,0,0,0,0,0,0,0,0,0,0,0,4.624564406368107,4.6256263349865545,4.613469263182914,-0.001061929,0.0002452619143982,0.0230740819921724,150.52249908447266,150.30600280761718,150.1040008544922,
11/5/2017,71.11106666666667,119.625,83.77773333333333,90.6667,126.0546,75.08335,107.29165,102.54165,150.66250228881836,0.2123882123572062,14.9,27.725,22.275,145.37500000000003,0,97.95,215.5,230,101.84,217.79,84.87,99.67,211.17,230,95,117,1567528,3.80928403750164,2017Yala,-23.20232971,0.55,49.07,1224,1229,1295,1237,1399,1266,1150,1174,4.630269067259677,0.0052962441714843,0.0027947409268273,0.0105409328094531,0.0091969719039494,0.0027947409268273,-0.002939345,0,0,0,0,0,0,0,1,0,0,0,0,0,0,0,0,0,0,0,0,0,0,0,4.624972823088193,4.624564406368107,4.625381073072156,0.0004084167200861,-0.001061929,0.0119118098892423,151.1060028076172,150.52249908447266,150.6525001525879,
11/12/2017,71.14664,118.434,84.26668,90.09996,150.88366000000002,71.66668,108.4666,102.9334,150.51200256347656,0.1614160831964794,11.76,27.76,22.26,193.62,0,97.95,215.5,230,101.84,217.79,84.87,99.67,211.17,230,95,117,1567528,3.80928403750164,2017Yala,-23.20232971,0.55,49.07,1224,1229,1295,1237,1399,1266,1150,1174,4.634082186865715,0.003813119606038,0.0029444423530487,0.0104554176487276,0.008714560044141,0.0029444423530487,-0.000999419,0,0,0,0,0,0,0,1,0,0,0,0,0,0,0,0,0,0,0,0,0,0,0,4.630269067259677,4.624972823088193,4.6256263349865545,0.0052962441714843,0.0004084167200861,0.0002452619143982,150.66250228881836,151.1060028076172,150.30600280761718,
11/19/2017,71.23332,77.334,82.66664,89.94668,85.09932,76.11332,108.33336,103,150.12000122070313,-0.126835396,0.18,29.68,21.6,116.26000000000002,0,98.46,215.5,230,105.02,217.79,84.96000000000001,100.582,211.17,230,95,117,1567528,3.80928403750164,2017Yala,-23.20232971,0.55,49.07,1224,1229,1295,1237,1399,1266,1150,1174,4.634728997938374,0.0006468110726585,0.0024045458190205,0.0082200248455011,0.0089760766780496,0.0024045458190205,-0.00260785,0,0,0,0,0,0,0,1,0,0,0,0,0,0,0,0,0,0,0,0,0,0,0,4.634082186865715,4.630269067259677,4.624564406368107,0.003813119606038,0.0052962441714843,-0.001061929,150.51200256347656,150.66250228881836,150.52249908447266,
11/26/2017,71.84668,95.754,82.03332,90.03335999999999,147.126,72.26668,108.28664,103.23336,150.64600219726563,0.1983639807360138,2.8,28.28,22.54,50.660000000000025,0,98.8,215.5,230,107.14,217.79,85.02,101.19,211.17,230,95,117,1567528,3.80928403750164,2017Yala,-23.20232971,0.55,49.07,1224,1229,1295,1237,1399,1266,1150,1174,4.636992066312303,0.0022630683739288,0.002001197521706,0.0041783542206361,0.0091433087940974,0.002001197521706,0.0034977457781462,0,0,0,0,0,0,0,1,0,0,0,0,0,0,0,0,0,0,0,0,0,0,0,4.634728997938374,4.634082186865715,4.624972823088193,0.0006468110726585,0.003813119606038,0.0004084167200861,150.12000122070313,150.51200256347656,151.1060028076172,
12/3/2017,72.08335,114.915,82.25,90.8167,195.41585,77.56665,109.8125,104.8333,150.7675018310547,0.0776901913169147,18.425,25.825,22.35,119.65000000000003,0,98.8,215.5,230,107.14,217.79,85.02,101.19,211.17,230,95,117,1567528,3.80928403750164,2017Yala,-23.20232971,0.55,49.07,1224,1229,1295,1237,1399,1266,1150,1174,4.6523714790462645,0.0153794127339619,0.0066951950059806,0.0052773188634808,0.0093874708309289,0.0066951950059806,0.0008061990450984,0,0,0,0,0,0,0,1,0,0,0,0,0,0,0,0,0,0,0,0,0,0,0,4.636992066312303,4.634728997938374,4.630269067259677,0.0022630683739288,0.0006468110726585,0.0052962441714843,150.64600219726563,150.12000122070313,150.66250228881836,
12/10/2017,71.99445999999999,72.03332,82.30342051282051,94,78.7267,82.06664,109.74336,104.8,150.6059997558594,0.010963101024568,1.56,27.660000000000004,21.64,169.48000000000005,0,98.8,215.5,230,107.14,217.79,85.02,101.19,211.17,230,95,117,1567528,3.80928403750164,2017Yala,-23.20232971,0.55,49.07,1224,1229,1295,1237,1399,1266,1150,1174,4.6520537814289264,-0.000317698,0.007335360887743,0.0053285008642904,0.0094015213907383,0.007335360887743,-0.001071774,0,0,0,0,0,0,0,1,0,0,0,0,0,0,0,0,0,0,0,0,0,0,0,4.6523714790462645,4.636992066312303,4.634082186865715,0.0153794127339619,0.0022630683739288,0.003813119606038,150.7675018310547,150.64600219726563,150.51200256347656,
12/17/2017,71.90557,72.24,82.35684102564102,94.74668,81.25666,81.7,110.89,105.38668,150.15399780273438,-0.529847593,5.44,28.26,22.44,75.14000000000001,0,98.8,215.5,230,107.14,217.79,85.19399999999999,101.19,211.17,230,95,117,1567528,3.80928403750164,2017Yala,-23.20232971,0.55,49.07,1224,1229,1295,1237,1399,1266,1150,1174,4.657636261898469,0.0055824804695427,0.0068733094634521,0.0050620384542023,0.0074760232657158,0.0068733094634521,-0.003005734,0,0,0,0,0,0,0,1,0,0,0,0,0,0,0,0,0,0,0,0,0,0,0,4.6520537814289264,4.6523714790462645,4.634728997938374,-0.000317698,0.0153794127339619,0.0006468110726585,150.6059997558594,150.7675018310547,150.12000122070313,
12/24/2017,71.81667999999999,71.8,82.41026153846154,93.56,78.71666,81.58668,110.15,105.16668,150.1040008544922,-0.322662588,1.2,26.54,21.08,36.62000000000002,0,98.8,215.5,230,107.14,217.79,85.89,101.19,211.17,230,95,117,1567528,3.80928403750164,2017Yala,-23.20232971,0.55,49.07,1224,1229,1295,1237,1399,1266,1150,1174,4.65554652960475,-0.002089732,0.0078759403682388,0.0053910550555329,0.0053597215492753,0.0078759403682388,-0.000333027,0,0,0,0,0,0,0,1,0,0,0,0,0,0,0,0,0,0,0,0,0,0,0,4.657636261898469,4.6520537814289264,4.636992066312303,0.0055824804695427,-0.000317698,0.0022630683739288,150.15399780273438,150.6059997558594,150.64600219726563,
12/31/2017,71.72779,70.7875,82.46368205128205,94.90835,78.67502499999999,80.725,110.375,105.78335,149.8949966430664,-0.226782581,2.95,26.925,20.95,33.10000000000002,0,98.8,215.5,230,107.14,217.79,85.89,101.19,211.17,230,95,117,1567528,3.80928403750164,2017Yala,-23.20232971,0.55,49.07,1224,1229,1295,1237,1399,1266,1150,1174,4.661393144092391,0.0058466144876412,0.0040606769527701,0.0054160138525831,0.0047458438876978,0.0040606769527701,-0.001393366,0,0,0,0,0,0,0,1,0,0,0,0,0,0,0,0,0,0,0,0,0,0,0,4.65554652960475,4.657636261898469,4.6523714790462645,-0.002089732,0.0055824804695427,0.0153794127339619,150.1040008544922,150.15399780273438,150.7675018310547,
1/7/2018,71.63889999999999,71.35,82.51710256410256,94.05415,78.608325,80.25,110.35,105.6,150.54249954223633,-0.013769385,0,28.325,20.425,18.050000000000026,0,98.8,215.5,230,107.14,217.79,85.89,101.19,211.17,230,95,117,1567528,3.80928403750164,2017Yala,-23.20232971,0.95,47.93,1327,1365,1404,1340,1507,1482,1298,1339,4.659658380741858,-0.001734763,0.0044070357166743,0.0057708970991065,0.0048828089297201,0.0044070357166743,0.0043104066943024,0,0,0,0,0,0,0,1,0,0,0,0,0,0,0,0,0,0,0,0,0,0,0,4.661393144092391,4.65554652960475,4.6520537814289264,0.0058466144876412,-0.002089732,-0.000317698,149.8949966430664,150.1040008544922,150.6059997558594,
1/14/2018,,72.24,,93.22,79.545,80.44000000000001,110.14,105.85,150.76799926757812,0.2217782271336665,2.48,27.46,20.3,7.300000000000021,0,98.8,215.5,230,107.14,217.79,85.89,101.19,211.17,230,95,117,1567528,3.80928403750164,2017Yala,-23.20232971,0.95,47.93,1327,1365,1404,1340,1507,1482,1298,1339,4.662023007028205,0.0023646262863472,0.0037567654604563,0.005693896623754,0.0047319987430097,0.0037567654604563,0.0014967932869005,0,0,0,0,0,0,0,1,0,0,0,0,0,0,0,0,0,0,0,0,0,0,0,4.659658380741858,4.661393144092391,4.657636261898469,-0.001734763,0.0058466144876412,0.0055824804695427,150.54249954223633,149.8949966430664,150.15399780273438,
1/21/2018,,70.55999999999999,,92.26668,74.58,78.84,110.5,105.84,150.70799865722657,-0.08269483,0.04,27.44,19.42,22.800000000000026,0,98.8,215.5,230,87,217.79,86.71,101.19,211.17,230,95,117,1567528,3.80928403750164,2017Yala,-23.20232971,0.95,47.93,1327,1365,1404,1340,1507,1482,1298,1339,4.661928529254924,-9.45E-05,0.0032969788438038,0.0058214213707643,0.0047603533138764,0.0032969788438038,-0.000398046,0,0,0,0,0,0,0,1,0,0,0,0,0,0,0,0,0,0,0,0,0,0,0,4.662023007028205,4.659658380741858,4.65554652960475,0.0023646262863472,-0.001734763,-0.002089732,150.76799926757812,150.54249954223633,150.1040008544922,
1/28/2018,,71.07336000000001,82.6773641025641,84.4,72.38,75.76,110.2,105.24,153.402001953125,2.038791436205809,0.04,28.8,19.74,18.880000000000024,0,98.8,215.5,230,87,217.79,86.71,101.19,211.17,230,95,117,1567528,3.80928403750164,2017Yala,-23.20232971,0.95,47.93,1327,1365,1404,1340,1507,1482,1298,1339,4.656243465674183,-0.005685064,0.0033813182030293,0.0039437219958291,0.0053183067176176,0.0033813182030293,0.0177177583591321,0,0,0,0,0,0,0,1,0,0,0,0,0,0,0,0,0,0,0,0,0,0,0,4.661928529254924,4.662023007028205,4.661393144092391,-9.45E-05,0.0023646262863472,0.0058466144876412,150.70799865722657,150.76799926757812,149.8949966430664,
2/4/2018,,71.1125,82.73078461538461,75.1,70.35,74.1,110.25,104,153.75249862670898,2.316320331442684,1.675,27.375,21.1,7.400000000000022,0,98.8,215.5,230,87,217.79,86.71,101.19,211.17,230,95,117,1567528,3.80928403750164,2017Yala,-23.20232971,0.95,47.93,1327,1365,1404,1340,1507,1482,1298,1339,4.644390908756757,-0.011852557,0.0063279673333977,0.0059014145861644,0.0066362510611822,0.0063279673333977,0.0022822183804622,0,0,0,0,0,0,0,1,0,0,0,0,0,0,0,0,0,0,0,0,0,0,0,4.656243465674183,4.661928529254924,4.659658380741858,-0.005685064,-9.45E-05,-0.001734763,153.402001953125,150.70799865722657,150.54249954223633,
2/11/2018,71.19445,71.8,82.78420512820512,73.75,68.475,72.15,109.4875,96.5375,154.4000015258789,3.079383411672143,1.95,29.175,21.85,16.75000000000002,0,98.8,215.5,230,87,217.79,86.71,101.19,211.17,230,95,117,1567528,3.80928403750164,2017Yala,-23.20232971,0.95,47.93,1327,1365,1404,1340,1507,1482,1298,1339,4.569931544254051,-0.074459365,0.0346256146160784,0.0261933606577846,0.0227379938731348,0.0346256146160784,0.0042024896608312,0,0,0,0,0,0,0,1,0,0,0,0,0,0,0,0,0,0,0,0,0,0,0,4.644390908756757,4.656243465674183,4.662023007028205,-0.011852557,-0.005685064,0.0023646262863472,153.75249862670898,153.402001953125,150.76799926757812,
2/18/2018,71.10556,70.7,82.83762564102564,74,67.1,72.5,107.7,97.3,154.86499786376953,3.226473602831154,2.6,27.875,21.775,19.575000000000024,0,98.8,215.5,230,83.75,217.79,83.88499999999999,101.19,211.17,230,95,117,1567528,3.80928403750164,2017Yala,-23.20232971,0.95,47.93,1327,1365,1404,1340,1507,1482,1298,1339,4.577798999469452,0.0078674552154005,0.0365579559130882,0.0269022164520134,0.0229661073647186,0.0365579559130882,0.0030071083776244,0,0,0,0,0,0,0,1,0,0,0,0,0,0,0,0,0,0,0,0,0,0,0,4.569931544254051,4.644390908756757,4.661928529254924,-0.074459365,-0.011852557,-9.45E-05,154.4000015258789,153.75249862670898,150.70799865722657,
2/25/2018,71.01667,70.67999999999999,82.89104615384615,74.32000000000001,69.3,72.56,107.35,97.04,155.23999633789063,2.97449736483308,0.12,30.380000000000003,19.2,14.02000000000002,0,98.8,215.5,230,80.5,217.79,81.06,101.19,211.17,230,95,117,1567528,3.80928403750164,2017Yala,-23.20232971,0.95,47.93,1327,1365,1404,1340,1507,1482,1298,1339,4.575123274940824,-0.002675725,0.0370072744416237,0.0263611046425863,0.0220890909009594,0.0370072744416237,0.0024185270247389,0,0,0,0,0,0,0,1,0,0,0,0,0,0,0,0,0,0,0,0,0,0,0,4.577798999469452,4.569931544254051,4.656243465674183,0.0078674552154005,-0.074459365,-0.005685064,154.86499786376953,154.4000015258789,153.402001953125,
3/4/2018,70.92778,70.8,82.94446666666666,78.2,70.85,74.25,108.3125,98.55,154.2675018310547,2.4996569766082164,4.875,28.3,22.225,25.225000000000023,0,98.8,215.5,230,80.5,217.79,81.06,101.19,211.17,230,95,117,4431688,3.822094503454961,2017-2018Maha,160.55051049624493,0.95,47.93,1327,1365,1404,1340,1507,1482,1298,1339,4.590564043745863,0.015440768805039,0.0413414151004845,0.0278601627214611,0.0229380889030225,0.0413414151004845,-0.006284162,0,0,0,0,0,0,1,0,0,0,0,0,0,0,0,0,0,0,0,0,0,0,0,4.575123274940824,4.577798999469452,4.644390908756757,-0.002675725,0.0078674552154005,-0.011852557,155.23999633789063,154.86499786376953,153.75249862670898,
3/11/2018,70.83889,71.72999999999999,83.53335999999999,77.44,71.9,74,107.52,101.2,155.10799865722657,2.6993474897110614,0.52,30.46,21.76,35.36000000000003,0,98.8,215.5,230,80.5,217.79,81.06,101.19,211.17,230,95,117,4431688,3.822094503454961,2017-2018Maha,160.55051049624493,0.95,47.93,1327,1365,1404,1340,1507,1482,1298,1339,4.617098766734788,0.0265347229889254,0.0123204234176736,0.0304168673590374,0.0245667628277319,0.0123204234176736,0.0054335193785703,0,0,0,0,0,0,1,0,0,0,0,0,0,0,0,0,0,0,0,0,0,0,0,4.590564043745863,4.575123274940824,4.569931544254051,0.015440768805039,-0.002675725,-0.074459365,154.2675018310547,155.23999633789063,154.4000015258789,
3/18/2018,70.75,74.17,81.675,78.55999999999999,68.9,73.84,107.48,100.72,155.66599731445314,1.2174628070650684,3.46,29.76,22.72,34.200000000000024,0,98.8,215.5,230,88.78,217.79,81.272,100.446,211.17,230,95,117,4431688,3.822094503454961,2017-2018Maha,160.55051049624493,0.95,47.93,1327,1365,1404,1340,1507,1482,1298,1339,4.612344399664607,-0.004754367,0.0149880641925495,0.0303405574910835,0.0245661011686614,0.0149880641925495,0.0035910292399439,0,0,0,0,0,0,1,0,0,0,0,0,0,0,0,0,0,0,0,0,0,0,0,4.617098766734788,4.590564043745863,4.577798999469452,0.0265347229889254,0.015440768805039,0.0078674552154005,155.10799865722657,154.2675018310547,154.86499786376953,
3/25/2018,71.20830000000001,70.29332,77.63749999999999,80.12,72.36,74.03999999999999,107.84,101.8,155.997998046875,1.2794601353000434,0.06,33.72,22.92,29.84000000000002,0.4,98.8,215.5,230,101.2,217.79,81.59,99.33,211.17,230,95,117,4431688,3.822094503454961,2017-2018Maha,160.55051049624493,0.95,47.93,1327,1365,1404,1340,1507,1482,1298,1339,4.623010113939605,0.0106657142749986,0.0129818205618447,0.0309251395542098,0.0247730885363314,0.0129818205618447,0.0021305050362787,0,0,0,0,0,0,1,0,0,0,0,0,0,0,0,0,0,0,0,0,0,0,0,4.612344399664607,4.617098766734788,4.575123274940824,-0.004754367,0.0265347229889254,-0.002675725,155.66599731445314,155.10799865722657,155.23999633789063,
4/1/2018,71.6666,70.16666666666667,73.6,78.53333333333335,69.46666666666667,73,109.2,100.33333333333331,155.03666178385416,0.4327832282796133,3.1666666666666665,32.166666666666664,22.96666666666667,18.466666666666686,0,98.8,215.5,230,101.2,217.79,81.59,99.33,211.17,230,95,117,4431688,3.822094503454961,2017-2018Maha,160.55051049624493,0.95,47.93,1327,1365,1404,1340,1507,1482,1298,1339,4.608497986047543,-0.014512128,0.017987479679567,0.0310338243268978,0.0249781967509009,0.017987479679567,-0.006181558,0,0,0,0,0,0,1,0,0,0,0,0,0,0,0,0,0,0,0,0,0,0,0,4.623010113939605,4.612344399664607,4.590564043745863,0.0106657142749986,-0.004754367,0.015440768805039,155.997998046875,155.66599731445314,154.2675018310547,
4/8/2018,71.09331999999999,74.91,72.2,75.64,64.16,71.92,109.32,102.48,154.97000122070312,-0.113613162,5.5200000000000005,32.92,23.06,28.58000000000002,0,98.8,215.5,230,101.2,217.79,81.59,99.33,211.17,230,95,117,4431688,3.822094503454961,2017-2018Maha,160.55051049624493,0.95,47.93,1327,1365,1404,1340,1507,1482,1298,1339,4.62966766734648,0.0211696812989368,0.015870564092489,0.0139418865188577,0.0260007935006506,0.015870564092489,-0.000430059,0,0,0,0,0,0,1,0,0,0,0,0,0,0,0,0,0,0,0,0,0,0,0,4.608497986047543,4.623010113939605,4.617098766734788,-0.014512128,0.0106657142749986,0.0265347229889254,155.03666178385416,155.997998046875,155.10799865722657,
4/15/2018,68.75,100.4175,71.5,74.8,54.325,70.75,109.1,102.7,154.63000106811523,0.0684762550699018,3.15,30.075,23.4,60.750000000000014,0,98.8,215.5,230,101.2,217.79,81.59,99.33,211.17,230,95,117,4431688,3.822094503454961,2017-2018Maha,160.55051049624493,0.95,47.93,1327,1365,1404,1340,1507,1482,1298,1339,4.631812126671611,0.0021444593251311,0.0150816149703578,0.0140646901527924,0.0260291786052296,0.0150816149703578,-0.002196384,0,0,0,0,0,0,1,0,0,0,0,0,0,0,0,0,0,0,0,0,0,0,0,4.62966766734648,4.608497986047543,4.612344399664607,0.0211696812989368,-0.014512128,-0.004754367,154.97000122070312,155.03666178385416,155.66599731445314,
4/22/2018,72.75,50.9175,71.25,75.15,86.05875,70,109.1,102.05,156.14500045776367,0.7988922822118882,2.025,31.875,23.325,65.22500000000002,0,98.8,215.5,230,101.2,217.79,82.42,99.33,211.17,230,95,117,4431688,3.822094503454961,2017-2018Maha,160.55051049624493,0.95,47.93,1327,1365,1404,1340,1507,1482,1298,1339,4.625462899054972,-0.006349228,0.0152988520339885,0.0144705576578718,0.0260372492021554,0.0152988520339885,0.0097498921973215,0,0,0,0,0,0,1,0,0,0,0,0,0,0,0,0,0,0,0,0,0,0,0,4.631812126671611,4.62966766734648,4.623010113939605,0.0021444593251311,0.0211696812989368,0.0106657142749986,154.63000106811523,154.97000122070312,155.997998046875,
4/29/2018,248.4,105.76,71,75.2,64.233,69.84,108.28,101.56,156.40599975585937,0.7890619556861921,4.42,33.06,23.38,40.02000000000002,0,98.8,215.5,230,101.2,217.79,82.42,99.33,211.17,230,95,117,4431688,3.822094503454961,2017-2018Maha,160.55051049624493,0.95,47.93,1327,1365,1404,1340,1507,1482,1298,1339,4.620649766682874,-0.004813132,0.0126401028938669,0.0144130102603918,0.0258878497271539,0.0126401028938669,0.0016701233201272,0,0,0,0,0,0,1,0,0,0,0,0,0,0,0,0,0,0,0,0,0,0,0,4.625462899054972,4.631812126671611,4.608497986047543,-0.006349228,0.0021444593251311,-0.014512128,156.14500045776367,154.63000106811523,155.03666178385416,
5/6/2018,247.66666666666663,71.8,70.60000000000001,76.35,85.40124999999999,77.95,108.5,102.2,157.6349983215332,1.221753884667104,2.275,32.4,24.225,39.37500000000002,0,98.8,215.5,230,101.2,217.79,82.42,99.33,211.17,230,95,117,4431688,3.822094503454961,2017-2018Maha,160.55051049624493,0.95,47.93,1327,1365,1404,1340,1507,1482,1298,1339,4.62693168755434,0.0062819208714657,0.0059348904465031,0.0112793940326049,0.0122231998378435,0.0059348904465031,0.007827034302239,0,0,0,0,0,0,1,0,0,0,0,0,0,0,0,0,0,0,0,0,0,0,0,4.620649766682874,4.625462899054972,4.62966766734648,-0.004813132,-0.006349228,0.0211696812989368,156.40599975585937,156.14500045776367,154.97000122070312,
5/13/2018,248.75,93.7125,71.05,75.3,95.50375,83.9,109.05,102.9,157.63750076293945,1.0577728440838765,6.85,31.3,23.5,73.30000000000001,0,98.8,215.5,230,101.2,217.79,82.42,99.33,211.17,230,95,117,4431688,3.822094503454961,2017-2018Maha,160.55051049624493,0.95,47.93,1327,1365,1404,1340,1507,1482,1298,1339,4.6337576525581765,0.0068259650038369,0.0070377315209843,0.0111440744455765,0.0122027325321539,0.0070377315209843,1.587478386344543e-05,0,0,0,0,0,0,1,0,0,0,0,0,0,0,0,0,0,0,0,0,0,0,0,4.62693168755434,4.620649766682874,4.631812126671611,0.0062819208714657,-0.004813132,0.0021444593251311,157.6349983215332,156.40599975585937,154.63000106811523,
5/20/2018,248,80.9,71,76.95,89.1,77.19999999999999,108.65,102.8,157.18250274658203,1.2291434416919684,13.775,29.75,23.4,123.07500000000002,0,98.8,215.5,230,101.2,217.79,82.19500000000001,99.33,211.17,230,95,117,4431688,3.822094503454961,2017-2018Maha,160.55051049624493,0.95,47.93,1327,1365,1404,1340,1507,1482,1298,1339,4.632785362748691,-0.00097229,0.0056792986696559,0.0107030846154151,0.0121192204466513,0.0056792986696559,-0.00289053,0,0,0,0,0,0,1,0,0,0,0,0,0,0,0,0,0,0,0,0,0,0,0,4.6337576525581765,4.62693168755434,4.625462899054972,0.0068259650038369,0.0062819208714657,-0.006349228,157.63750076293945,157.6349983215332,156.14500045776367,
5/27/2018,247.8,89.56,69.47999999999999,74.75999999999999,85.725,80.84,108.28,103.24,157.20600280761718,1.4429690378038362,7.779999999999999,28.380000000000003,23.46,113.24,0,98.8,215.5,230,101.2,217.79,82.12,99.33,211.17,230,95,117,4431688,3.822094503454961,2017-2018Maha,160.55051049624493,0.95,47.93,1327,1365,1404,1340,1507,1482,1298,1339,4.6370563845365815,0.0042710217878907,0.0035566381741672,0.0086150083639609,0.0116478755401301,0.0035566381741672,0.0001494969473387,0,0,0,0,0,0,1,0,0,0,0,0,0,0,0,0,0,0,0,0,0,0,0,4.632785362748691,4.6337576525581765,4.620649766682874,-0.00097229,0.0068259650038369,-0.004813132,157.18250274658203,157.63750076293945,156.40599975585937,
6/3/2018,248,97.6,69.39999999999999,74.86666666666666,95.81166666666668,80.26666666666667,107.93333333333334,102.93333333333334,157.95333353678384,2.3758787675782025,0.7000000000000001,29.6,24.3,73.6666666666667,0,98.8,215.5,230,101.2,217.79,82.12,99.33,211.17,230,95,117,4431688,3.822094503454961,2017-2018Maha,160.55051049624493,0.95,47.93,1327,1365,1404,1340,1507,1482,1298,1339,4.634081539197537,-0.002974845,0.0045405720264144,0.0050671965299666,0.0093091100569709,0.0045405720264144,0.0047425669430278,0,0,0,0,0,0,1,0,0,0,0,0,0,0,0,0,0,0,0,0,0,0,0,4.6370563845365815,4.632785362748691,4.62693168755434,0.0042710217878907,-0.00097229,0.0062819208714657,157.20600280761718,157.18250274658203,157.6349983215332,
6/10/2018,249,93.8,67.1,74.45,98.32915,78.8,108.4,102.35,157.88750076293945,1.1911364655245282,2.85,28.525,24.025,38.25000000000002,0,98.8,215.5,230,101.2,217.79,82.12,99.33,211.17,230,95,117,4431688,3.822094503454961,2017-2018Maha,160.55051049624493,0.95,47.93,1327,1365,1404,1340,1507,1482,1298,1339,4.628398321877694,-0.005683217,0.0042093163398338,0.0054565052030173,0.0093687437886713,0.0042093163398338,-0.000416873,0,0,0,0,0,0,1,0,0,0,0,0,0,0,0,0,0,0,0,0,0,0,0,4.634081539197537,4.6370563845365815,4.6337576525581765,-0.002974845,0.0042710217878907,0.0068259650038369,157.95333353678384,157.20600280761718,157.63750076293945,
6/17/2018,247.75,104.65,67.3,73.85,103.352075,79.25,108.05,102.75,158.38999938964844,1.7105247590356087,0.85,29.35,23.95,26.40000000000002,0,98.8,215.5,230,101.2,217.79,82.12,99.33,211.17,230,95,117,4431688,3.822094503454961,2017-2018Maha,160.55051049624493,0.95,47.93,1327,1365,1404,1340,1507,1482,1298,1339,4.632298863108704,0.00390054123101,0.0049848217095606,0.0050558471257005,0.0089506272979546,0.0049848217095606,0.0031775832684974,0,0,0,0,0,0,1,0,0,0,0,0,0,0,0,0,0,0,0,0,0,0,0,4.628398321877694,4.634081539197537,4.632785362748691,-0.005683217,-0.002974845,-0.00097229,157.88750076293945,157.95333353678384,157.18250274658203,
6/24/2018,248,94.72,66.67999999999999,73.92,98.96164,89.24,108.52,103.32,159.71400146484376,1.3362129650201915,1.7600000000000002,28.9,23.46,31.380000000000024,0,98.8,215.5,230,101.2,217.79,83.78,99.33,211.17,230,95,117,4431688,3.822094503454961,2017-2018Maha,160.55051049624493,0.95,47.93,1327,1365,1404,1340,1507,1482,1298,1339,4.637830977906308,0.0055321147976039,0.0053795037318316,0.0047103416647639,0.0076082580430885,0.0053795037318316,0.0083243826478387,0,0,0,0,0,0,1,0,0,0,0,0,0,0,0,0,0,0,0,0,0,0,0,4.632298863108704,4.628398321877694,4.6370563845365815,0.00390054123101,-0.005683217,0.0042710217878907,158.38999938964844,157.88750076293945,157.20600280761718,
7/1/2018,192.5,105.8625,66.5,72.95,143.825,90.65,108.25,102.3,158.5199966430664,0.5712204661723674,2.325,29.425,23.425,26.90000000000002,0,98.8,215.5,230,101.2,217.79,83.78,99.33,211.17,230,95,117,4431688,3.822094503454961,2017-2018Maha,160.55051049624493,0.95,47.93,1327,1365,1404,1340,1507,1482,1298,1339,4.627909682732752,-0.009921295,0.0074616043850858,0.0059888049290089,0.00570854764498,0.0074616043850858,-0.007503978,0,0,0,0,0,0,1,0,0,0,0,0,0,0,0,0,0,0,0,0,0,0,0,4.637830977906308,4.632298863108704,4.634081539197537,0.0055321147976039,0.00390054123101,-0.002974845,159.71400146484376,158.38999938964844,157.95333353678384,
7/8/2018,156.5,127.72,65.28,71.32000000000001,162.027,92.2,108.04,101.32,158.46400146484376,0.7527813999017896,0.26,30.62,23.94,26.120000000000022,0,98.8,215.5,230,101.2,217.79,83.78,99.33,211.17,230,95,117,4431688,3.822094503454961,2017-2018Maha,160.55051049624493,0.95,47.93,1327,1365,1404,1340,1507,1482,1298,1339,4.6182838350031945,-0.009625848,0.0083930893652362,0.006179613004857,0.0062633656115028,0.0083930893652362,-0.0003533,0,0,0,0,0,0,1,0,0,0,0,0,0,0,0,0,0,0,0,0,0,0,0,4.627909682732752,4.637830977906308,4.628398321877694,-0.009921295,0.0055321147976039,-0.005683217,158.5199966430664,159.71400146484376,157.88750076293945,
7/15/2018,119.4,81.56,65.92,70.52000000000001,207.542,94.16,108,101.16,157.95799865722657,0.4781127578109645,3.98,28.34,23.22,23.700000000000024,0,98.8,215.5,230,101.2,217.79,83.78,99.33,211.17,230,95,117,4431688,3.822094503454961,2017-2018Maha,160.55051049624493,0.95,47.93,1327,1365,1404,1340,1507,1482,1298,1339,4.616703431687094,-0.001580403,0.007379851870743,0.0061698224190509,0.0060495636244225,0.007379851870743,-0.003198281,0,0,0,0,0,0,1,0,0,0,0,0,0,0,0,0,0,0,0,0,0,0,0,4.6182838350031945,4.627909682732752,4.632298863108704,-0.009625848,-0.009921295,0.00390054123101,158.46400146484376,158.5199966430664,158.38999938964844,
7/22/2018,99.75,88.304,62.96,70.12,224.15,93.8,107.84,100.96,159.73600158691406,1.361622380707943,1.08,29.78,23.7,29.600000000000023,0,98.8,215.5,230,101.2,217.79,81.85,99.33,211.17,230,95,117,4431688,3.822094503454961,2017-2018Maha,160.55051049624493,0.95,47.93,1327,1365,1404,1340,1507,1482,1298,1339,4.614724408697816,-0.001979023,0.0046196992658389,0.0056332024117682,0.0059298007737181,0.0046196992658389,0.0111932959445413,0,0,0,0,0,0,1,0,0,0,0,0,0,0,0,0,0,0,0,0,0,0,0,4.616703431687094,4.6182838350031945,4.637830977906308,-0.001580403,-0.009625848,0.0055321147976039,157.95799865722657,158.46400146484376,159.71400146484376,
7/29/2018,250,105.5,76.35,62.55,91.8875,69.15,107.95,101,158.52750396728516,0.3528698634603811,0.375,30.775,24.1,19.40000000000002,0,98.8,215.5,230,101.2,217.79,81.85,99.33,211.17,230,95,117,4431688,3.822094503454961,2017-2018Maha,160.55051049624493,0.95,47.93,1327,1365,1404,1340,1507,1482,1298,1339,4.615120526742249,0.0003961180444331,0.0044097404653044,0.0057425434203129,0.0055496340420363,0.0044097404653044,-0.007594358,0,0,0,0,0,0,1,0,0,0,0,0,0,0,0,0,0,0,0,0,0,0,0,4.614724408697816,4.616703431687094,4.627909682732752,-0.001979023,-0.001580403,-0.009921295,159.73600158691406,157.95799865722657,158.5199966430664,
8/5/2018,248,114.2,76.36,64,93.91666,69.08,108.08,101.28,159.53600463867187,-0.088817407,0.98,30.58,23.64,7.700000000000021,0,98.8,215.5,230,101.2,217.79,81.85,99.33,211.17,230,95,117,4431688,3.822094503454961,2017-2018Maha,160.55051049624493,0.95,47.93,1327,1365,1404,1340,1507,1482,1298,1339,4.617888968269484,0.0027684415272348,0.0021753470753062,0.005822826129403,0.0051389244230572,0.0021753470753062,0.0063415262517683,0,0,0,0,0,0,1,0,0,0,0,0,0,0,0,0,0,0,0,0,0,0,0,4.615120526742249,4.614724408697816,4.6182838350031945,0.0003961180444331,-0.001979023,-0.009625848,158.52750396728516,159.73600158691406,158.46400146484376,
8/12/2018,105,88.86666666666667,76.8,73.88,146.87,87.2,108.04,101.44,159.73599853515626,0.4515053543749525,2.72,28.92,23.12,15.480000000000022,0,98.8,215.5,230,101.2,217.79,81.85,99.33,211.17,230,95,117,4431688,3.822094503454961,2017-2018Maha,160.55051049624493,0.95,47.93,1327,1365,1404,1340,1507,1482,1298,1339,4.61946750054696,0.0015785322774757,0.0020264463947553,0.0055785303005357,0.0052070279760879,0.0020264463947553,0.0012528121438872,0,0,0,0,0,0,1,0,0,0,0,0,0,0,0,0,0,0,0,0,0,0,0,4.617888968269484,4.615120526742249,4.616703431687094,0.0027684415272348,0.0003961180444331,-0.001580403,159.53600463867187,158.52750396728516,157.95799865722657,
8/19/2018,174,92.43333333333334,92,77.72,73.6,67.464,108.88,102.56,160.06199951171874,1.0926212255715706,5.64,27.660000000000004,23.18,36.78000000000002,0,98.8,215.5,230,101.2,217.79,80.53,99.33,211.17,230,95,117,4431688,3.822094503454961,2017-2018Maha,160.55051049624493,0.95,47.93,1327,1365,1404,1340,1507,1482,1298,1339,4.6304480029227495,0.0109805023757898,0.0047984900657398,0.0067778429321124,0.0061178990595604,0.0047984900657398,0.0020387937975732,0,0,0,0,0,0,1,0,0,0,0,0,0,0,0,0,0,0,0,0,0,0,0,4.61946750054696,4.617888968269484,4.614724408697816,0.0015785322774757,0.0027684415272348,-0.001979023,159.73599853515626,159.53600463867187,159.73600158691406,
8/26/2018,243,96,83.95,72.95,84.35,70.5,108.4,102.15,160.50500106811523,1.4779418551507884,0.425,30.975,23.525,41.60000000000002,0,98.8,215.5,230,101.2,217.79,79.65,99.33,211.17,230,95,117,4431688,3.822094503454961,2017-2018Maha,160.55051049624493,0.95,47.93,1327,1365,1404,1340,1507,1482,1298,1339,4.626442331053156,-0.004005672,0.0061840401836422,0.0059249085915162,0.0061621084113708,0.0061840401836422,0.002763864245769,0,0,0,0,0,0,1,0,0,0,0,0,0,0,0,0,0,0,0,0,0,0,0,4.6304480029227495,4.61946750054696,4.615120526742249,0.0109805023757898,0.0015785322774757,0.0003961180444331,160.06199951171874,159.73599853515626,158.52750396728516,
9/2/2018,184.66666666666663,94.2,77.8,67.06666666666666,120.75833333333333,72.86666666666666,109,101.86666666666667,159.83666483561197,0.8643028104448502,0.3333333333333333,31.600000000000005,23.666666666666668,23.40000000000002,0,98.8,215.5,230,101.2,217.79,79.65,99.33,211.17,230,95,117,4431688,3.822094503454961,2017-2018Maha,160.55051049624493,0.95,47.93,1327,1365,1404,1340,1507,1482,1298,1339,4.62366477844101,-0.002777553,0.0067941986633566,0.0047425048807747,0.0060007510326742,0.0067941986633566,-0.004172652,0,0,0,0,0,0,1,0,0,0,0,0,0,0,0,0,0,0,0,0,0,0,0,4.626442331053156,4.6304480029227495,4.617888968269484,-0.004005672,0.0109805023757898,0.0027684415272348,160.50500106811523,160.06199951171874,159.53600463867187,
9/9/2018,203.5,94.7,77.67999999999999,70.08,104.29,79.6,108.28,100.4,161.6699981689453,1.677274052300728,0,32.22,23.32,4.840000000000022,0,98.8,215.5,230,101.2,217.79,79.65,99.33,211.17,230,95,117,2707558,4.12860854767583,2018Yala,72.72788747633217,0.95,47.93,1327,1365,1404,1340,1507,1482,1298,1339,4.609162217217788,-0.014502561,0.0104579507867537,0.0071890457818731,0.0070612109884328,0.0104579507867537,0.0114047601772053,0,0,0,0,0,0,0,0,0,1,0,0,0,0,0,0,0,0,0,0,0,0,0,4.62366477844101,4.626442331053156,4.61946750054696,-0.002777553,-0.004005672,0.0015785322774757,159.83666483561197,160.50500106811523,159.73599853515626,
9/16/2018,241,102,84.76,73.2,81.41999999999999,69.03999999999999,108.72,99.72,162.31799926757813,1.789709152514569,1.06,33.86,23.52,8.100000000000021,0.2,98.8,215.5,230,101.2,217.79,79.65,99.33,211.17,230,95,117,2707558,4.12860854767583,2018Yala,72.72788747633217,0.95,47.93,1327,1365,1404,1340,1507,1482,1298,1339,4.602366268683436,-0.006795949,0.0052638216371471,0.0074839191952639,0.0067678712541309,0.0052638216371471,0.0040001602764938,0,0,0,0,0,0,0,0,0,1,0,0,0,0,0,0,0,0,0,0,0,0,0,4.609162217217788,4.62366477844101,4.6304480029227495,-0.014502561,-0.002777553,0.0109805023757898,161.6699981689453,159.83666483561197,160.06199951171874,
9/23/2018,162.625,94,82.72,74,95.76,79.44,108.8,98.24,166,4.013529246611207,2.02,30.76,23.64,11.20000000000002,0,98.8,215.5,230,101.2,217.79,82.07,99.33,211.17,230,95,117,2707558,4.12860854767583,2018Yala,72.72788747633217,0.95,47.93,1327,1365,1404,1340,1507,1482,1298,1339,4.5874134745779855,-0.014952794,0.0059720777832682,0.0087718936571485,0.0073679223369029,0.0059720777832682,0.0224304186310693,0,0,0,0,0,0,0,0,0,1,0,0,0,0,0,0,0,0,0,0,0,0,0,4.602366268683436,4.609162217217788,4.626442331053156,-0.006795949,-0.014502561,-0.004005672,162.31799926757813,161.6699981689453,160.50500106811523,
9/30/2018,242,97.5,83.35,72.05,85.55,69.45,108.3,97.85,168.15249633789062,5.231428941915634,39.85,31.4,22.975,75.50000000000003,0,98.8,215.5,230,101.2,217.79,82.07,99.33,211.17,230,95,117,2707558,4.12860854767583,2018Yala,72.72788747633217,0.95,47.93,1327,1365,1404,1340,1507,1482,1298,1339,4.5834357040618094,-0.003977771,0.0055173454366628,0.0084037651744371,0.0071081089589128,0.0055173454366628,0.0128834955412662,0,0,0,0,0,0,0,0,0,1,0,0,0,0,0,0,0,0,0,0,0,0,0,4.5874134745779855,4.602366268683436,4.62366477844101,-0.014952794,-0.006795949,-0.002777553,166,162.31799926757813,159.83666483561197,
10/7/2018,245,96.5,85.36,74.24,84.24665999999999,69.12,107.72,97.12,169.41400146484375,5.776537809064841,23.18,29.360000000000003,22.8,314.16,0,98.8,215.5,230,101.2,217.79,82.07,99.33,211.17,230,95,117,2707558,4.12860854767583,2018Yala,72.72788747633217,0.95,47.93,1327,1365,1404,1340,1507,1482,1298,1339,4.575947337607729,-0.007488366,0.0046855167482297,0.0081026856728184,0.0072119411856861,0.0046855167482297,0.0074741480585007,0,0,0,0,0,0,0,0,0,1,0,0,0,0,0,0,0,0,0,0,0,0,0,4.5834357040618094,4.5874134745779855,4.609162217217788,-0.003977771,-0.014952794,-0.014502561,168.15249633789062,166,161.6699981689453,
10/14/2018,230,95.88888888888889,90,79.84,74.8,68.72,108.28,98.16,170.097998046875,6.322065847859877,3.9,28.880000000000003,22.84,422.42,0,98.8,215.5,230,101.2,217.79,82.07,99.33,211.17,230,95,117,2707558,4.12860854767583,2018Yala,72.72788747633217,0.95,47.93,1327,1365,1404,1340,1507,1482,1298,1339,4.586598810590105,0.0106514729823761,0.0107515120642477,0.0080077075755712,0.0082801582384972,0.0107515120642477,0.004029297959363,0,0,0,0,0,0,0,0,0,1,0,0,0,0,0,0,0,0,0,0,0,0,0,4.575947337607729,4.5834357040618094,4.602366268683436,-0.007488366,-0.003977771,-0.006795949,169.41400146484375,168.15249633789062,162.31799926757813,
10/21/2018,215,95.27777777777776,86.4,80.36,77.84,68.96,108.04,98.48,170.56799926757813,5.549301240556157,5.64,28.9,22.46,193.06,0,98.8,215.5,230,101.2,217.79,84.17,99.33,211.17,230,95,117,2707558,4.12860854767583,2018Yala,72.72788747633217,0.95,47.93,1327,1365,1404,1340,1507,1482,1298,1339,4.589853492030544,0.0032546814404392,0.00805101850929,0.0085891316238542,0.0084063077989805,0.00805101850929,0.0027593098216813,0,0,0,0,0,0,0,0,0,1,0,0,0,0,0,0,0,0,0,0,0,0,0,4.586598810590105,4.575947337607729,4.5874134745779855,0.0106514729823761,-0.007488366,-0.014952794,170.097998046875,169.41400146484375,166,
10/28/2018,200,94.66666666666669,86,79.95,78.10835,69,107.90835,99.33335,172.37749862670898,6.415630484017049,16.875,28.075,22.35,146.02500000000003,0,98.8,215.5,230,101.2,217.79,84.17,99.33,211.17,230,95,117,2707558,4.12860854767583,2018Yala,72.72788747633217,0.95,47.93,1327,1365,1404,1340,1507,1482,1298,1339,4.5984813756896274,0.0086278836590834,0.0081234183665761,0.0097921635807504,0.0088724100428317,0.0081234183665761,0.0105527913445344,0,0,0,0,0,0,0,0,0,1,0,0,0,0,0,0,0,0,0,0,0,0,0,4.589853492030544,4.586598810590105,4.5834357040618094,0.0032546814404392,0.0106514729823761,-0.003977771,170.56799926757813,170.097998046875,168.15249633789062,
11/4/2018,185,94.05555555555556,85.6,80.68,78.64,69.75999999999999,108.08,99.76,171.53600158691407,4.669386526788095,11.2,27.2,22.62,211.94,0,98.8,215.5,230,101.2,217.79,84.17,99.33,211.17,230,95,117,2707558,4.12860854767583,2018Yala,72.72788747633217,0.95,47.93,1327,1365,1404,1340,1507,1482,1298,1339,4.602767311395839,0.0042859357062114,0.0035132463993081,0.0088915196772626,0.008994646226042,0.0035132463993081,-0.004893665,0,0,0,0,0,0,0,0,0,1,0,0,0,0,0,0,0,0,0,0,0,0,0,4.5984813756896274,4.589853492030544,4.575947337607729,0.0086278836590834,0.0032546814404392,-0.007488366,172.37749862670898,170.56799926757813,169.41400146484375,
11/11/2018,170,93.44444444444444,86,81.05,78.65,69.9,107.7,99.4,172.1300048828125,2.723263569675005,26.825000000000003,26.675,22.2,291.5,0,98.8,215.5,230,101.2,217.79,84.17,99.33,211.17,230,95,117,2707558,4.12860854767583,2018Yala,72.72788747633217,0.95,47.93,1327,1365,1404,1340,1507,1482,1298,1339,4.599152123722891,-0.003615188,0.005068718998241,0.008652984887207,0.0081131791741661,0.005068718998241,0.0034568672652159,0,0,0,0,0,0,0,0,0,1,0,0,0,0,0,0,0,0,0,0,0,0,0,4.602767311395839,4.5984813756896274,4.586598810590105,0.0042859357062114,0.0086278836590834,0.0106514729823761,171.53600158691407,172.37749862670898,170.097998046875,
11/18/2018,155,92.83333333333331,86,81,78.47999999999999,70.36,107.92,99.96,175.26399841308594,3.6581342663560834,0.8400000000000001,28.42,22.02,265.36,0,98.8,215.5,230,101.2,217.79,85.154,99.33,211.17,230,95,117,2707558,4.12860854767583,2018Yala,72.72788747633217,0.95,47.93,1327,1365,1404,1340,1507,1482,1298,1339,4.604770115970753,0.0056179922478625,0.0052222160901521,0.0064997750891691,0.0084318433131343,0.0052222160901521,0.0180433657925869,0,0,0,0,0,0,0,0,0,1,0,0,0,0,0,0,0,0,0,0,0,0,0,4.599152123722891,4.602767311395839,4.589853492030544,-0.003615188,0.0042859357062114,0.0032546814404392,172.1300048828125,171.53600158691407,170.56799926757813,
11/25/2018,140,92.22222222222224,86.33333333333333,82.06666666666666,78.26666666666667,70.53333333333335,107.2,99.8,176.0633341471354,4.333475955212193,8.700000000000001,28.266666666666666,22.433333333333334,127.4666666666667,0,98.8,215.5,230,101.2,217.79,86.63,99.33,211.17,230,95,117,2707558,4.12860854767583,2018Yala,72.72788747633217,0.95,47.93,1327,1365,1404,1340,1507,1482,1298,1339,4.603168193337458,-0.001601923,0.0044749396603946,0.0062273390871007,0.008426356907071,0.0044749396603946,0.0045503838424805,0,0,0,0,0,0,0,0,0,1,0,0,0,0,0,0,0,0,0,0,0,0,0,4.604770115970753,4.599152123722891,4.5984813756896274,0.0056179922478625,-0.003615188,0.0086278836590834,175.26399841308594,172.1300048828125,172.37749862670898,
12/2/2018,125,91.61111111111111,87.8,83.56,80.8,70.72,107.2,99.96,179.2480010986328,5.005781380097845,7.06,27.28,22.34,108.36,0,98.8,215.5,230,101.2,217.79,86.63,99.33,211.17,230,95,117,2707558,4.12860854767583,2018Yala,72.72788747633217,0.95,47.93,1327,1365,1404,1340,1507,1482,1298,1339,4.604770115970753,0.001601922633295,0.00403158052185,0.0048222121667607,0.0074264998038175,0.00403158052185,0.0179265444293035,0,0,0,0,0,0,0,0,0,1,0,0,0,0,0,0,0,0,0,0,0,0,0,4.603168193337458,4.604770115970753,4.602767311395839,-0.001601923,0.0056179922478625,0.0042859357062114,176.0633341471354,175.26399841308594,171.53600158691407,
12/9/2018,110,91,87.32000000000001,81.92,101.54,72.8,107.52,99.88,178.53199768066406,4.42000660849053,10.22,27.360000000000003,22.6,115.82,0,98.8,215.5,230,101.2,217.79,86.63,99.33,211.17,230,95,117,2707558,4.12860854767583,2018Yala,72.72788747633217,0.95,47.93,1327,1365,1404,1340,1507,1482,1298,1339,4.603969475423587,-0.000800641,0.0032420906360395,0.0040723778476133,0.0071511687429654,0.0032420906360395,-0.004002484,0,0,0,0,0,0,0,0,0,1,0,0,0,0,0,0,0,0,0,0,0,0,0,4.604770115970753,4.603168193337458,4.599152123722891,0.001601922633295,-0.001601923,-0.003615188,179.2480010986328,176.0633341471354,172.1300048828125,
12/16/2018,108.6153846153846,90.34615384615384,88,84.84,81,70.88,107.64,99.88,179.10799865722657,4.247691436175356,0.3,27.58,20.22,71.9,0,98.8,215.5,230,101.2,217.79,86.63,99.33,211.17,230,95,117,2707558,4.12860854767583,2018Yala,72.72788747633217,0.95,47.93,1327,1365,1404,1340,1507,1482,1298,1339,4.603969475423587,0,0.0013678549156071,0.0041110783128021,0.0053624768055306,0.0013678549156071,0.0032211244674593,0,0,0,0,0,0,0,0,0,1,0,0,0,0,0,0,0,0,0,0,0,0,0,4.603969475423587,4.604770115970753,4.604770115970753,-0.000800641,0.001601922633295,0.0056179922478625,178.53199768066406,179.2480010986328,175.26399841308594,
12/23/2018,107.23076923076924,89.6923076923077,90,85.24,81.2,71.03999999999999,108.4,101.28,180.1320007324219,4.647595305173784,6.88,28.04,20.56,28.10000000000001,0,98.8,215.5,230,101.2,217.79,88.16,99.33,211.17,230,95,117,2707558,4.12860854767583,2018Yala,72.72788747633217,0.95,47.93,1327,1365,1404,1340,1507,1482,1298,1339,4.617888968269484,0.0139194928458969,0.0068988926368891,0.0055477724112104,0.0061656686406481,0.0068988926368891,0.005700951144882,0,0,0,0,0,0,0,0,0,1,0,0,0,0,0,0,0,0,0,0,0,0,0,4.603969475423587,4.603969475423587,4.603168193337458,0,-0.000800641,-0.001601923,179.10799865722657,178.53199768066406,176.0633341471354,
12/30/2018,105.84615384615384,89.03846153846153,90,86.1,81.2,71.1,108.2,100.8,181.6025009155273,4.983052928867727,2.975,27.725,22.125,52.05000000000001,0,98.8,215.5,230,101.2,217.79,88.16,99.33,211.17,230,95,117,2707558,4.12860854767583,2018Yala,72.72788747633217,0.95,47.93,1327,1365,1404,1340,1507,1482,1298,1339,4.613138365557903,-0.004750603,0.0081538259364916,0.0060152237578113,0.0057864837245248,0.0081538259364916,0.0081303180566187,0,0,0,0,0,0,0,0,0,1,0,0,0,0,0,0,0,0,0,0,0,0,0,4.617888968269484,4.603969475423587,4.604770115970753,0.0139194928458969,0,0.001601922633295,180.1320007324219,179.10799865722657,179.2480010986328,
1/6/2019,104.46153846153848,88.38461538461539,90,85.92,81.08,71.12,107.88,100.8,182.82600402832028,4.115725331487994,0.64,26.34,19.98,46.960000000000015,0,98.8,215.5,230,101.2,217.79,88.16,99.33,211.17,230,95,117,2707558,4.12860854767583,2018Yala,72.72788747633217,0.64,44.49,1450,1464,1508,1465,1600,1568,1412,1475,4.613138365557903,0,0.0080685267270728,0.0057221850416447,0.0053209036426409,0.0080685267270728,0.0067146652166671,0,0,0,0,0,0,0,0,0,1,0,0,0,0,0,0,0,0,0,0,0,0,0,4.613138365557903,4.617888968269484,4.603969475423587,-0.004750603,0.0139194928458969,-0.000800641,181.6025009155273,180.1320007324219,178.53199768066406,
1/13/2019,103.07692307692308,87.73076923076923,90,85.36,80.72,70.52000000000001,107.52,100.36,182.3299987792969,1.8306703286230388,0.18,27.44,20.36,9.900000000000016,0,98.8,215.5,230,101.2,217.79,88.16,99.33,211.17,230,95,117,2707558,4.12860854767583,2018Yala,72.72788747633217,0.64,44.49,1450,1464,1508,1465,1600,1568,1412,1475,4.608763731462351,-0.004374634,0.0087504610914495,0.0058460932941248,0.0056316681315647,0.0087504610914495,-0.002716678,0,0,0,0,0,0,0,0,0,1,0,0,0,0,0,0,0,0,0,0,0,0,0,4.613138365557903,4.613138365557903,4.603969475423587,0,-0.004750603,0,182.82600402832028,181.6025009155273,179.10799865722657,
1/20/2019,,,90,85.35,80.6,70.45,108.05,100.3,181.9675025939941,1.960362622230616,0.775,26.875,20.325,17.275000000000013,0,98.8,215.5,230,101.2,217.79,89.32249999999999,99.33,211.17,230,95,117,2707558,4.12860854767583,2018Yala,72.72788747633217,0.64,44.49,1450,1464,1508,1465,1600,1568,1412,1475,4.60816570493798,-0.000598027,0.0024784284579584,0.0058051806608806,0.0051941754810343,0.0024784284579584,-0.001990111,0,0,0,0,0,0,0,0,0,1,0,0,0,0,0,0,0,0,0,0,0,0,0,4.608763731462351,4.613138365557903,4.617888968269484,-0.004374634,0,0.0139194928458969,182.3299987792969,182.82600402832028,180.1320007324219,
1/27/2019,,,90,83.32000000000001,78.92,70.4,107.68,99.92,181.818002319336,1.581560159604165,0.54,28.24,20.68,17.720000000000013,0,98.8,215.5,230,101.2,217.79,89.71,99.33,211.17,230,95,117,2707558,4.12860854767583,2018Yala,72.72788747633217,0.64,44.49,1450,1464,1508,1465,1600,1568,1412,1475,4.604369875825329,-0.003795829,0.0022122217187481,0.005986232852143,0.0052259372684096,0.0022122217187481,-0.000821914,0,0,0,0,0,0,0,0,0,1,0,0,0,0,0,0,0,0,0,0,0,0,0,4.60816570493798,4.608763731462351,4.613138365557903,-0.000598027,-0.004374634,-0.004750603,181.9675025939941,182.3299987792969,181.6025009155273,
2/3/2019,98.92307692307692,85.76923076923077,90,79.4,76.92,69.64,108.12,96.88,179.052001953125,-0.359092181,0.96,27.9,20.7,7.380000000000014,0,98.8,215.5,230,101.2,217.79,89.71,99.33,211.17,230,95,117,2707558,4.12860854767583,2018Yala,72.72788747633217,0.64,44.49,1450,1464,1508,1465,1600,1568,1412,1475,4.573473109566884,-0.030896766,0.014085221686422,0.0124704250642255,0.0103888849871814,0.014085221686422,-0.015329922,0,0,0,0,0,0,0,0,0,1,0,0,0,0,0,0,0,0,0,0,0,0,0,4.604369875825329,4.60816570493798,4.613138365557903,-0.003795829,-0.000598027,0,181.818002319336,181.9675025939941,182.82600402832028,
2/10/2019,97.53846153846152,85.11538461538461,90,78.65,76.4,68.65,107.75,94.9,176.78999710083008,-2.293615308,4.925,28.05,22.1,32.32500000000002,0,98.8,215.5,230,101.2,217.79,89.71,99.33,211.17,230,95,117,2707558,4.12860854767583,2018Yala,72.72788747633217,0.64,44.49,1450,1464,1508,1465,1600,1568,1412,1475,4.55282371615329,-0.020649393,0.0142997930026995,0.0136499367461537,0.0113303125140796,0.0142997930026995,-0.012713706,0,0,0,0,0,0,0,0,0,1,0,0,0,0,0,0,0,0,0,0,0,0,0,4.573473109566884,4.604369875825329,4.608763731462351,-0.030896766,-0.003795829,-0.004374634,179.052001953125,181.818002319336,182.3299987792969,
2/17/2019,96.15384615384616,84.46153846153847,89,77.4,75.52000000000001,68.96000000000001,106.88,91.8,177.49400024414064,-2.720844631,2.5,27.880000000000003,22.58,52.70000000000001,0,98.8,215.5,230,101.2,217.79,89.226,99.33,211.17,230,95,117,2707558,4.12860854767583,2018Yala,72.72788747633217,0.64,44.49,1450,1464,1508,1465,1600,1568,1412,1475,4.519612308519691,-0.033211408,0.013391384356272,0.0138005646007995,0.0139988228501069,0.013391384356272,0.0039742357613077,0,0,0,0,0,0,0,0,0,1,0,0,0,0,0,0,0,0,0,0,0,0,0,4.55282371615329,4.573473109566884,4.60816570493798,-0.020649393,-0.030896766,-0.000598027,176.78999710083008,179.052001953125,181.9675025939941,
2/24/2019,94.76923076923076,83.8076923076923,90,74.31666666666666,70.53333333333335,67.48333333333333,106,86.73333333333333,179.20000203450522,-1.956778343,0.9666666666666668,29.1,22.2,42.36666666666668,0,98.8,215.5,230,101.2,217.79,87.29,99.33,211.17,230,95,117,2707558,4.12860854767583,2018Yala,72.72788747633217,0.64,44.49,1450,1464,1508,1465,1600,1568,1412,1475,4.462838288939888,-0.05677402,0.0152697630221026,0.0204150986098696,0.0197240949244602,0.0152697630221026,0.0095657049377324,0,0,0,0,0,0,0,0,0,1,0,0,0,0,0,0,0,0,0,0,0,0,0,4.519612308519691,4.55282371615329,4.604369875825329,-0.033211408,-0.020649393,-0.003795829,177.49400024414064,176.78999710083008,181.818002319336,
3/3/2019,93.3846153846154,83.15384615384616,89,74.2,70.47999999999999,66.28,104.96,84.64000000000001,179.09599914550782,-1.686114646,1.12,29.96,22.42,19.100000000000016,0,98.8,215.5,230,101.2,217.79,87.29,99.33,211.17,230,95,117,6016826,4.248816835885145,2018-2019Maha,35.76826708017351,0.64,44.49,1450,1464,1508,1465,1600,1568,1412,1475,4.438406979924734,-0.024431309,0.0162158190323394,0.018980082068205,0.019702704618443,0.0162158190323394,-0.000580542,0,0,0,0,0,0,0,0,1,0,0,0,0,0,0,0,0,0,0,0,0,0,0,4.462838288939888,4.519612308519691,4.573473109566884,-0.05677402,-0.033211408,-0.030896766,179.20000203450522,177.49400024414064,179.052001953125,
3/10/2019,92,82.5,86.05,72.30000000000001,89.85,66.85,105.5,81.325,178.89749908447266,-1.647997184,0.575,32.625,23.05,10.075000000000015,0,98.8,215.5,230,101.2,217.79,87.29,99.33,211.17,230,95,117,6016826,4.248816835885145,2018-2019Maha,35.76826708017351,0.64,44.49,1450,1464,1508,1465,1600,1568,1412,1475,4.398453484655757,-0.039953495,0.0136859471418019,0.0184639847101183,0.020518182256417,0.0136859471418019,-0.001108959,0,0,0,0,0,0,0,0,1,0,0,0,0,0,0,0,0,0,0,0,0,0,0,4.438406979924734,4.462838288939888,4.55282371615329,-0.024431309,-0.05677402,-0.020649393,179.09599914550782,179.20000203450522,176.78999710083008,
3/17/2019,77.5,51.2,83.76,70.8,114.18,66.47999999999999,104.24,79.2,177.9480010986328,-1.703095679,0,31.74,21.74,6.340000000000016,0,98.8,215.5,230,101.2,217.79,86.658,99.33,211.17,230,95,117,6016826,4.248816835885145,2018-2019Maha,35.76826708017351,0.64,44.49,1450,1464,1508,1465,1600,1568,1412,1475,4.371976311446643,-0.026477173,0.0149265282507034,0.0153191545566121,0.0181372491997596,0.0149265282507034,-0.005321632,0,0,0,0,0,0,0,0,1,0,0,0,0,0,0,0,0,0,0,0,0,0,0,4.398453484655757,4.438406979924734,4.519612308519691,-0.039953495,-0.024431309,-0.033211408,178.89749908447266,179.09599914550782,177.49400024414064,
3/24/2019,78.25974025974025,52.054545454545455,90,74.4,66.9,65.55,104.1,79.9,177.59000396728516,-0.984889295,2.75,31.825000000000003,22.95,9.550000000000017,0,98.8,215.5,230,101.2,217.79,84.13,99.33,211.17,230,95,117,6016826,4.248816835885145,2018-2019Maha,35.76826708017351,0.64,44.49,1450,1464,1508,1465,1600,1568,1412,1475,4.380775865287873,0.0087995538412304,0.0207210291687901,0.0186304390319236,0.0195715015916034,0.0207210291687901,-0.002013834,0,0,0,0,0,0,0,0,1,0,0,0,0,0,0,0,0,0,0,0,0,0,0,4.371976311446643,4.398453484655757,4.462838288939888,-0.026477173,-0.039953495,-0.05677402,177.9480010986328,178.89749908447266,179.20000203450522,
3/31/2019,79.01948051948052,52.909090909090914,90,75.37,68.16,65.4,104.88,80.4,176.4200012207031,0.0285714354113331,0,33.6,21.56,14.200000000000014,0,98.8,215.5,230,101.2,217.79,84.13,99.33,211.17,230,95,117,6016826,4.248816835885145,2018-2019Maha,35.76826708017351,0.64,44.49,1450,1464,1508,1465,1600,1568,1412,1475,4.387014188622731,0.0062383233348581,0.0241755148978999,0.0220951784204724,0.0202051885989472,0.0241755148978999,-0.006610022,0,0,0,0,0,0,0,0,1,0,0,0,0,0,0,0,0,0,0,0,0,0,0,4.380775865287873,4.371976311446643,4.438406979924734,0.0087995538412304,-0.026477173,-0.024431309,177.59000396728516,177.9480010986328,179.09599914550782,
4/7/2019,79.77922077922078,53.763636363636365,87.2,76.6,69.56,65.72,102.84,80.24,174.66200256347656,-2.018885175,0.04,34.480000000000004,22.6,6.820000000000016,0.2,98.8,215.5,230,101.2,217.79,84.13,99.33,211.17,230,95,117,6016826,4.248816835885145,2018-2019Maha,35.76826708017351,0.64,44.49,1450,1464,1508,1465,1600,1568,1412,1475,4.385022156116292,-0.001992033,0.0160857864164127,0.0233640285704506,0.0203713207146166,0.0160857864164127,-0.01001483,0,0,0,0,0,0,0,0,1,0,0,0,0,0,0,0,0,0,0,0,0,0,0,4.387014188622731,4.380775865287873,4.398453484655757,0.0062383233348581,0.0087995538412304,-0.039953495,176.4200012207031,177.59000396728516,178.89749908447266,
4/14/2019,80.53896103896103,54.618181818181824,89.6,78.64,75.32000000000001,65.8,97.96,80.88,174.08599853515625,-2.715659562,1.7399999999999998,33.98,23.92,8.580000000000016,0.2,98.8,215.5,230,101.2,217.79,84.13,99.33,211.17,230,95,117,6016826,4.248816835885145,2018-2019Maha,35.76826708017351,0.64,44.49,1450,1464,1508,1465,1600,1568,1412,1475,4.392966587076212,0.0079444309599203,0.0049424381590223,0.024773370790951,0.0211920299825829,0.0049424381590223,-0.003303271,0,0,0,0,0,0,0,0,1,0,0,0,0,0,0,0,0,0,0,0,0,0,0,4.385022156116292,4.387014188622731,4.371976311446643,-0.001992033,0.0062383233348581,-0.026477173,174.66200256347656,176.4200012207031,177.9480010986328,
4/21/2019,81.2987012987013,55.47272727272728,90,79.3,74.4,66.2,100.7,81.69999999999999,174.5449981689453,-2.955040702,12.9,31.85,23.7,99.50000000000004,0,98.8,215.5,230,101.2,217.79,81.89,99.33,211.17,230,95,117,6016826,4.248816835885145,2018-2019Maha,35.76826708017351,0.64,44.49,1450,1464,1508,1465,1600,1568,1412,1475,4.403054014105859,0.0100874270296467,0.0052812896216505,0.0197579227962778,0.0223796851070979,0.0052812896216505,0.0026331559769596,0,0,0,0,0,0,0,0,1,0,0,0,0,0,0,0,0,0,0,0,0,0,0,4.392966587076212,4.385022156116292,4.380775865287873,0.0079444309599203,-0.001992033,0.0087995538412304,174.08599853515625,174.66200256347656,177.59000396728516,
4/28/2019,,,90,79.55,76.2,66.30000000000001,107.2,83.8,174.78250122070312,-2.299170703,1.35,31.85,23.625,121.325,0,98.8,215.5,230,101.2,217.79,81.89,99.33,211.17,230,95,117,6016826,4.248816835885145,2018-2019Maha,35.76826708017351,0.64,44.49,1450,1464,1508,1465,1600,1568,1412,1475,4.428433019421211,0.0253790053153526,0.0113144801836779,0.0214281810335015,0.0249055022675498,0.0113144801836779,0.0013597732065635,0,0,0,0,0,0,0,0,1,0,0,0,0,0,0,0,0,0,0,0,0,0,0,4.403054014105859,4.392966587076212,4.387014188622731,0.0100874270296467,0.0079444309599203,0.0062383233348581,174.5449981689453,174.08599853515625,176.4200012207031,
5/5/2019,,,86.5,82.55,79.4,66.05,102.2,84.55,175.00249481201172,-1.545662245,0.35,30.175,24.725,58.15000000000002,0,98.8,215.5,230,101.2,217.79,81.89,99.33,211.17,230,95,117,6016826,4.248816835885145,2018-2019Maha,35.76826708017351,0.64,44.49,1450,1464,1508,1465,1600,1568,1412,1475,4.43734308717191,0.0089100677506985,0.0082458763197619,0.0147389714604232,0.0254377207516979,0.0082458763197619,0.0012578791060402,0,0,0,0,0,0,0,0,1,0,0,0,0,0,0,0,0,0,0,0,0,0,0,4.428433019421211,4.403054014105859,4.385022156116292,0.0253790053153526,0.0100874270296467,-0.001992033,174.78250122070312,174.5449981689453,174.66200256347656,
5/12/2019,,,85.42,82.6,79.24,67.32000000000001,97.88,83.72,176.30599975585938,-0.847817563,0,33.58,24.74,6.920000000000021,0,98.8,215.5,230,101.2,217.79,81.89,99.33,211.17,230,95,117,6016826,4.248816835885145,2018-2019Maha,35.76826708017351,0.64,44.49,1450,1464,1508,1465,1600,1568,1412,1475,4.427477909522376,-0.009865178,0.0144314851165575,0.0101484602016591,0.0243387031036646,0.0144314851165575,0.0074208904056485,0,0,0,0,0,0,0,0,1,0,0,0,0,0,0,0,0,0,0,0,0,0,0,4.43734308717191,4.428433019421211,4.392966587076212,0.0089100677506985,0.0253790053153526,0.0079444309599203,175.00249481201172,174.78250122070312,174.08599853515625,
5/19/2019,,,85.28,83.08,79.67999999999999,67.88,96.68,84.32000000000001,176.31799926757813,-0.054058134,0.16,32.660000000000004,25.04,1.4600000000000213,0,98.8,215.5,230,101.2,217.79,84.00800000000001,99.33,211.17,230,95,117,6016826,4.248816835885145,2018-2019Maha,35.76826708017351,0.64,44.49,1450,1464,1508,1465,1600,1568,1412,1475,4.434619096652635,0.0071411871302586,0.0144073232855004,0.0101218987858885,0.0190330807700796,0.0144073232855004,6.805839471279995e-05,0,0,0,0,0,0,0,0,1,0,0,0,0,0,0,0,0,0,0,0,0,0,0,4.427477909522376,4.43734308717191,4.403054014105859,-0.009865178,0.0089100677506985,0.0100874270296467,176.30599975585938,175.00249481201172,174.5449981689453,
5/26/2019,,,86.06666666666666,83.60000000000001,79,68.60000000000001,95.4,84.33333333333333,175.0566660563151,0.1967276746218697,3.333333333333333,33.86666666666667,24.3,8.600000000000021,0,98.8,215.5,230,101.2,217.79,85.42,99.33,211.17,230,95,117,6016826,4.248816835885145,2018-2019Maha,35.76826708017351,0.64,44.49,1450,1464,1508,1465,1600,1568,1412,1475,4.434777211917118,0.0001581152644831,0.0085180278789333,0.0103888784203274,0.01771809101056,0.0085180278789333,-0.007179451,0,0,0,0,0,0,0,0,1,0,0,0,0,0,0,0,0,0,0,0,0,0,0,4.434619096652635,4.427477909522376,4.428433019421211,0.0071411871302586,-0.009865178,0.0253790053153526,176.31799926757813,176.30599975585938,174.78250122070312,
6/2/2019,,,86.86,84.44,79.08,68.67999999999999,95,84.12,175.03400268554688,0.2349212419760271,0.2,33.8,25.22,14.94000000000002,0,98.8,215.5,230,101.2,217.79,85.42,99.33,211.17,230,95,117,6016826,4.248816835885145,2018-2019Maha,35.76826708017351,0.64,44.49,1450,1464,1508,1465,1600,1568,1412,1475,4.432244362722279,-0.002532849,0.0070299208486197,0.0104496746022386,0.0126825497929334,0.0070299208486197,-0.000129471,0,0,0,0,0,0,0,0,1,0,0,0,0,0,0,0,0,0,0,0,0,0,0,4.434777211917118,4.434619096652635,4.43734308717191,0.0001581152644831,0.0071411871302586,0.0089100677506985,175.0566660563151,176.31799926757813,175.00249481201172,
6/9/2019,,,86.70835,82.75,78.5,68.7,94.76,83.35,175.39749908447266,0.8720786586481344,1.2000000000000002,31.8,24.75,10.87500000000002,0,98.8,215.5,230,101.2,217.79,85.42,99.33,211.17,230,95,117,6016826,4.248816835885145,2018-2019Maha,35.76826708017351,0.64,44.49,1450,1464,1508,1465,1600,1568,1412,1475,4.423048621194403,-0.009195742,0.0067600269374327,0.0116584952258953,0.009679526696023,0.0067600269374327,0.0020745653594715,0,0,0,0,0,0,0,0,1,0,0,0,0,0,0,0,0,0,0,0,0,0,0,4.432244362722279,4.434777211917118,4.427477909522376,-0.002532849,0.0001581152644831,-0.009865178,175.03400268554688,175.0566660563151,176.30599975585938,
6/16/2019,,,86.55,80.16,77.84,67.76,94.76,81.35999999999999,176.402001953125,1.2654252935205168,0.7,31.42,24.62,9.14000000000002,0,98.8,215.5,230,101.2,217.79,85.42,99.33,211.17,230,95,117,6016826,4.248816835885145,2018-2019Maha,35.76826708017351,0.64,44.49,1450,1464,1508,1465,1600,1568,1412,1475,4.398883764031356,-0.024164857,0.0108886609224193,0.0148543881829728,0.0125305959508834,0.0108886609224193,0.0057106709353567,0,0,0,0,0,0,0,0,1,0,0,0,0,0,0,0,0,0,0,0,0,0,0,4.423048621194403,4.432244362722279,4.434619096652635,-0.009195742,-0.002532849,0.0071411871302586,175.39749908447266,175.03400268554688,176.31799926757813,
6/23/2019,,,86.25,79.03999999999999,77.12,67.36,94.36,80.48,176.152001953125,-0.224148048,1.08,31.26,24.78,12.32000000000002,0,98.8,215.5,230,101.2,217.79,86.4,99.33,211.17,230,95,117,6016826,4.248816835885145,2018-2019Maha,35.76826708017351,0.64,44.49,1450,1464,1508,1465,1600,1568,1412,1475,4.388008718776876,-0.010875045,0.0090620257234339,0.0108011308892761,0.0129114690284788,0.0090620257234339,-0.001418223,0,0,0,0,0,0,0,0,1,0,0,0,0,0,0,0,0,0,0,0,0,0,0,4.398883764031356,4.423048621194403,4.434777211917118,-0.024164857,-0.009195742,0.0001581152644831,176.402001953125,175.39749908447266,175.0566660563151,
6/30/2019,,,86.375,79.24,76.72,66.6,94.16,80,176.48399963378907,0.3113029255556254,0.8400000000000001,31.78,24.5,14.46000000000002,0,98.8,215.5,230,101.2,217.79,86.4,99.33,211.17,230,95,117,6016826,4.248816835885145,2018-2019Maha,35.76826708017351,0.64,44.49,1450,1464,1508,1465,1600,1568,1412,1475,4.382026647173881,-0.005982072,0.0080020629669972,0.0092181793702774,0.0130206759089929,0.0080020629669972,0.0018829488502509,0,0,0,0,0,0,0,0,1,0,0,0,0,0,0,0,0,0,0,0,0,0,0,4.388008718776876,4.398883764031356,4.432244362722279,-0.010875045,-0.024164857,-0.002532849,176.152001953125,176.402001953125,175.03400268554688,
7/7/2019,,,86.5,78.88,76.67999999999999,66.6,93.24,80.03999999999999,175.16199951171876,-0.495062277,0.6,32.220000000000006,24.52,9.480000000000022,0,98.8,215.5,230,101.2,217.79,86.4,99.33,211.17,230,95,117,6016826,4.248816835885145,2018-2019Maha,35.76826708017351,0.64,44.49,1450,1464,1508,1465,1600,1568,1412,1475,4.382526522209286,0.0004998750354046,0.0104519832276291,0.0094692142184021,0.0127697040168396,0.0104519832276291,-0.007518961,0,0,0,0,0,0,0,0,1,0,0,0,0,0,0,0,0,0,0,0,0,0,0,4.382026647173881,4.388008718776876,4.423048621194403,-0.005982072,-0.010875045,-0.009195742,176.48399963378907,176.152001953125,175.39749908447266,
7/14/2019,,,86.625,78.88,76.56,66.52000000000001,91.44,79.84,176.0500030517578,0.876023092896847,0.98,33.3,24.68,6.260000000000021,0,98.8,215.5,230,101.2,217.79,86.4,99.33,211.17,230,95,117,6016826,4.248816835885145,2018-2019Maha,35.76826708017351,0.64,44.49,1450,1464,1508,1465,1600,1568,1412,1475,4.380024644528259,-0.002501878,0.0048868687938242,0.0081322470188196,0.0122960040795989,0.0048868687938242,0.0050568056944673,0,0,0,0,0,0,0,0,1,0,0,0,0,0,0,0,0,0,0,0,0,0,0,4.382526522209286,4.382026647173881,4.398883764031356,0.0004998750354046,-0.005982072,-0.024164857,175.16199951171876,176.48399963378907,176.402001953125,
7/21/2019,,,86.75,78.85,76.55,68.8,89.7,80,175.73749923706055,0.2088165601571795,1.4500000000000002,31.525,23.775,11.20000000000002,0,98.8,215.5,230,101.2,217.79,86.22,99.33,211.17,230,95,117,6016826,4.248816835885145,2018-2019Maha,35.76826708017351,0.64,44.49,1450,1464,1508,1465,1600,1568,1412,1475,4.382026647173881,0.0020020026456224,0.003528747042622,0.0083807485212558,0.0089836030256257,0.003528747042622,-0.001776663,0,0,0,0,0,0,0,0,1,0,0,0,0,0,0,0,0,0,0,0,0,0,0,4.380024644528259,4.382526522209286,4.388008718776876,-0.002501878,0.0004998750354046,-0.010875045,176.0500030517578,175.16199951171876,176.152001953125,
7/28/2019,,,86.875,78.85,77.35,69.5,90.1,80.65,175.98749923706055,-0.20697612,0.375,31.675,24.175,13.82500000000002,0,98.8,215.5,230,101.2,217.79,86.22,99.33,211.17,230,95,117,6016826,4.248816835885145,2018-2019Maha,35.76826708017351,0.64,44.49,1450,1464,1508,1465,1600,1568,1412,1475,4.390118816970474,0.0080921697965923,0.0044583139783099,0.0098324104506414,0.0088803591689349,0.0044583139783099,0.0014215653807037,0,0,0,0,0,0,0,0,1,0,0,0,0,0,0,0,0,0,0,0,0,0,0,4.382026647173881,4.380024644528259,4.382026647173881,0.0020020026456224,-0.002501878,-0.005982072,175.73749923706055,176.0500030517578,176.48399963378907,
8/4/2019,,,87,80.60000000000001,79.06666666666666,70.66666666666667,89.60000000000001,81.13333333333334,176.21000162760416,0.3063038945842441,0.1,32.266666666666666,24.266666666666666,9.233333333333356,0,98.8,215.5,230,101.2,217.79,86.21999999999998,99.33,211.17,230,95,117,6016826,4.248816835885145,2018-2019Maha,35.76826708017351,0.64,44.49,1450,1464,1508,1465,1600,1568,1412,1475,4.396093904210708,0.0059750872402339,0.0046702541856614,0.010412044377424,0.0090935199956375,0.0046702541856614,0.0012635093567388,0,0,0,0,0,0,0,0,1,0,0,0,0,0,0,0,0,0,0,0,0,0,0,4.390118816970474,4.382026647173881,4.382526522209286,0.0080921697965923,0.0020020026456224,0.0004998750354046,175.98749923706055,175.73749923706055,175.16199951171876,
8/11/2019,,,87.25,81.9,81.2,72.15,90.5,81.55,177.0974998474121,0.2448133323148193,3.2,29.25,23.675,11.325000000000022,0,98.8,215.5,230,101.2,217.79,86.22,99.33,211.17,230,95,117,6016826,4.248816835885145,2018-2019Maha,35.76826708017351,0.64,44.49,1450,1464,1508,1465,1600,1568,1412,1475,4.401216341329438,0.0051224371187306,0.002527202197783,0.0064510596969961,0.0089135083931012,0.002527202197783,0.0050239526632758,0,0,0,0,0,0,0,0,1,0,0,0,0,0,0,0,0,0,0,0,0,0,0,4.396093904210708,4.390118816970474,4.380024644528259,0.0059750872402339,0.0080921697965923,-0.002501878,176.21000162760416,175.98749923706055,176.0500030517578,
8/18/2019,,,87.5,81.8,81.26666666666667,71.86666666666667,90.2,81.46666666666667,177.12333170572916,0.3646142027782758,2.733333333333333,29.8,24.23333333333333,35.30000000000002,0,98.8,215.5,230,101.2,217.79,86.43333333333334,99.33,211.17,230,95,117,6016826,4.248816835885145,2018-2019Maha,35.76826708017351,0.64,44.49,1450,1464,1508,1465,1600,1568,1412,1475,4.400193950904289,-0.00102239,0.0039139405784047,0.0047239813830298,0.0088845579813601,0.0039139405784047,0.0001458517168719,0,0,0,0,0,0,0,0,1,0,0,0,0,0,0,0,0,0,0,0,0,0,0,4.401216341329438,4.396093904210708,4.382026647173881,0.0051224371187306,0.0059750872402339,0.0020020026456224,177.0974998474121,176.21000162760416,175.73749923706055,
8/25/2019,,,87.7,82.64,81.32000000000001,72.47999999999999,90.16,82.24000000000001,178.0980010986328,1.5724465456572825,4.0200000000000005,28.94,23.32,41.38000000000002,0,98.8,215.5,230,101.2,217.79,86.54,99.33,211.17,230,95,117,6016826,4.248816835885145,2018-2019Maha,35.76826708017351,0.64,44.49,1450,1464,1508,1465,1600,1568,1412,1475,4.409641813866388,0.0094478629620988,0.0043574294542509,0.0043576573155067,0.0095737793393806,0.0043574294542509,0.0054876874973182,0,0,0,0,0,0,0,0,1,0,0,0,0,0,0,0,0,0,0,0,0,0,0,4.400193950904289,4.401216341329438,4.390118816970474,-0.00102239,0.0051224371187306,0.0080921697965923,177.12333170572916,177.0974998474121,175.98749923706055,
9/1/2019,,,87.67999999999999,83.52000000000001,81.8,72.24,90.84,83.47999999999999,178.7480010986328,1.5438202513965615,1.52,29.04,23.22,33.68000000000002,0,98.8,215.5,230,101.2,217.79,86.54,99.33,211.17,230,95,117,6016826,4.248816835885145,2018-2019Maha,35.76826708017351,0.64,44.49,1450,1464,1508,1465,1600,1568,1412,1475,4.424607094187917,0.0149652803215287,0.0067640193475037,0.0057397342233444,0.0104010412218188,0.0067640193475037,0.0036430320711859,0,0,0,0,0,0,0,0,1,0,0,0,0,0,0,0,0,0,0,0,0,0,0,4.409641813866388,4.400193950904289,4.396093904210708,0.0094478629620988,-0.00102239,0.0059750872402339,178.0980010986328,177.12333170572916,176.21000162760416,
9/8/2019,,,88,84.6,83.4,73.7,91.5,84.44999999999999,180.31750106811523,2.480987548270175,1.075,30.6,23.675,28.325000000000024,0,98.8,215.5,230,101.2,217.79,86.54,99.33,211.17,230,95,117,2084058,4.259542827243965,2019Yala,-23.02813088,0.64,44.49,1450,1464,1508,1465,1600,1568,1412,1475,4.436159655095135,0.0115525609072184,0.006891295986411,0.0051446019574579,0.0075313344459542,0.006891295986411,0.0087421929822388,0,0,0,0,0,0,0,0,0,0,0,1,0,0,0,0,0,0,0,0,0,0,0,4.424607094187917,4.409641813866388,4.401216341329438,0.0149652803215287,0.0094478629620988,0.0051224371187306,178.7480010986328,178.0980010986328,177.0974998474121,
9/15/2019,,,89.66666666666667,86.33333333333333,84.26666666666667,75.66666666666667,92.86666666666667,85.8,177.78667195638022,1.2025582284185932,0.8666666666666667,31.066666666666663,24.366666666666664,17.300000000000022,0,98.8,215.5,230,101.2,217.79,86.54,99.33,211.17,230,95,117,2084058,4.259542827243965,2019Yala,-23.02813088,0.64,44.49,1450,1464,1508,1465,1600,1568,1412,1475,4.4520190181489285,0.015859363053793,0.0029857099050701,0.0055330928326497,0.0069513345579252,0.0029857099050701,-0.014134832,0,0,0,0,0,0,0,0,0,0,0,1,0,0,0,0,0,0,0,0,0,0,0,4.436159655095135,4.424607094187917,4.400193950904289,0.0115525609072184,0.0149652803215287,-0.00102239,180.31750106811523,178.7480010986328,177.12333170572916,
9/22/2019,,,91.3,86.8,84.24,78.44,93.64,86.8,180.5439971923828,2.537520486721569,1.7,29.96,23.46,20.04000000000002,0,98.8,215.5,230,101.2,217.79,88.09,99.33,211.17,230,95,117,2084058,4.259542827243965,2019Yala,-23.02813088,0.64,44.49,1450,1464,1508,1465,1600,1568,1412,1475,4.463606633187042,0.0115876150381133,0.0022481893664871,0.005611270955105,0.0061559621808241,0.0022481893664871,0.0153901403479075,0,0,0,0,0,0,0,0,0,0,0,1,0,0,0,0,0,0,0,0,0,0,0,4.4520190181489285,4.436159655095135,4.409641813866388,0.015859363053793,0.0115525609072184,0.0094478629620988,177.78667195638022,180.31750106811523,178.0980010986328,
9/29/2019,,,91.6,87.76,86.35999999999999,79.4,95.36,88.08,181.36200256347647,2.4868546067261565,4.82,30.3,22.78,36.20000000000002,0,98.8,215.5,230,101.2,217.79,88.09,99.33,211.17,230,95,117,2084058,4.259542827243965,2019Yala,-23.02813088,0.64,44.49,1450,1464,1508,1465,1600,1568,1412,1475,4.47824550376774,0.0146388705806979,0.0021817934957076,0.0057376715571474,0.0061938296876309,0.0021817934957076,0.0045205482094452,0,0,0,0,0,0,0,0,0,0,0,1,0,0,0,0,0,0,0,0,0,0,0,4.463606633187042,4.4520190181489285,4.424607094187917,0.0115876150381133,0.015859363053793,0.0149652803215287,180.5439971923828,177.78667195638022,178.7480010986328,
10/6/2019,,,94.2,88.6,87.03999999999999,79.28,95.84,89.12,178.54200134277343,0.7801660119327147,11.86,30.5,21.86,92.62000000000003,0,98.8,215.5,230,101.2,217.79,88.09,99.33,211.17,230,95,117,2084058,4.259542827243965,2019Yala,-23.02813088,0.64,44.49,1450,1464,1508,1465,1600,1568,1412,1475,4.4899837873998,0.0117382836320603,0.002130473238597,0.0053538676722772,0.0053039655806193,0.002130473238597,-0.015671173,0,0,0,0,0,0,0,0,0,0,0,1,0,0,0,0,0,0,0,0,0,0,0,4.47824550376774,4.463606633187042,4.436159655095135,0.0146388705806979,0.0115876150381133,0.0115525609072184,181.36200256347647,180.5439971923828,180.31750106811523,
10/13/2019,,,95,89,87.2,80.6,96.72,89.88,177.58799743652344,-0.165127597,12.44,29.5,22.42,166.62,0,98.8,215.5,230,101.2,217.79,88.09,99.33,211.17,230,95,117,2084058,4.259542827243965,2019Yala,-23.02813088,0.64,44.49,1450,1464,1508,1465,1600,1568,1412,1475,4.498475458443074,0.0084916710432736,0.0025109707739525,0.0026527905256629,0.004815791354946,0.0025109707739525,-0.005357629,0,0,0,0,0,0,0,0,0,0,0,1,0,0,0,0,0,0,0,0,0,0,0,4.4899837873998,4.47824550376774,4.4520190181489285,0.0117382836320603,0.0146388705806979,0.015859363053793,178.54200134277343,181.36200256347647,177.78667195638022,
10/20/2019,,,95.5,89.88,88.76,83.52000000000001,98.12,90.84,178.32420349121094,-0.971753078,10.88,28.96,22.52,181.9,0,98.8,215.5,230,101.2,217.79,91.57,99.33,211.17,230,95,117,2084058,4.259542827243965,2019Yala,-23.02813088,0.64,44.49,1450,1464,1508,1465,1600,1568,1412,1475,4.509099728245724,0.0106242698026504,0.0025600778599634,0.0025013232562654,0.0047941685548045,0.0025600778599634,0.0041370152449884,0,0,0,0,0,0,0,0,0,0,0,1,0,0,0,0,0,0,0,0,0,0,0,4.498475458443074,4.4899837873998,4.463606633187042,0.0084916710432736,0.0117382836320603,0.0115876150381133,177.58799743652344,178.54200134277343,180.5439971923828,
10/27/2019,,,95.5,90.88,88.92,84.55999999999999,98.68,91.04,178.4609832763672,-0.237429274,5.88,27.2,22.58,155.42000000000002,0,98.8,215.5,230,101.2,217.79,92.44,99.33,211.17,230,95,117,2084058,4.259542827243965,2019Yala,-23.02813088,0.64,44.49,1450,1464,1508,1465,1600,1568,1412,1475,4.511298981362203,0.0021992531164789,0.0042612403347616,0.0041700052115549,0.0051843024199207,0.0042612403347616,0.0007667346973097,0,0,0,0,0,0,0,0,0,0,0,1,0,0,0,0,0,0,0,0,0,0,0,4.509099728245724,4.498475458443074,4.47824550376774,0.0106242698026504,0.0084916710432736,0.0146388705806979,178.32420349121094,177.58799743652344,181.36200256347647,
11/3/2019,,,96.5,91.52,89.56,88.08,98.96,91.16,178.25873107910155,-1.265583784,9.84,27.2,22.04,127.46,0,98.8,215.5,230,101.2,217.79,92.44,99.33,211.17,230,95,117,2084058,4.259542827243965,2019Yala,-23.02813088,0.64,44.49,1450,1464,1508,1465,1600,1568,1412,1475,4.512616215347207,0.001317233985004,0.0046006777359294,0.0053282368852797,0.005584061245442,0.0046006777359294,-0.001133956,0,0,0,0,0,0,0,0,0,0,0,1,0,0,0,0,0,0,0,0,0,0,0,4.511298981362203,4.509099728245724,4.4899837873998,0.0021992531164789,0.0106242698026504,0.0117382836320603,178.4609832763672,178.32420349121094,178.54200134277343,
11/10/2019,,,97.4,92.44,90.52,89.4,99.04,91.56,177.5624969482422,-2.094825421,1.7399999999999998,29.3,22.44,79.30000000000003,0,98.8,215.5,230,101.2,217.79,92.44,99.33,211.17,230,95,117,2084058,4.259542827243965,2019Yala,-23.02813088,0.64,44.49,1450,1464,1508,1465,1600,1568,1412,1475,4.516994506006165,0.0043782906589582,0.0041983162067036,0.004918692315668,0.004846931004222,0.0041983162067036,-0.003913398,0,0,0,0,0,0,0,0,0,0,0,1,0,0,0,0,0,0,0,0,0,0,0,4.512616215347207,4.511298981362203,4.498475458443074,0.001317233985004,0.0021992531164789,0.0084916710432736,178.25873107910155,178.4609832763672,177.58799743652344,
11/17/2019,,,97.5,93.5,91.15,89.55,99.4,93.15,177.28846740722656,-0.747917339,2.85,29.5,22.5,32.82500000000002,0,98.8,215.5,230,101.2,217.79,93.885,99.33,211.17,230,95,117,2084058,4.259542827243965,2019Yala,-23.02813088,0.64,44.49,1450,1464,1508,1465,1600,1568,1412,1475,4.53421110778297,0.0172166017768047,0.007405117147646,0.0058075820738054,0.0053027248088552,0.007405117147646,-0.001544477,0,0,0,0,0,0,0,0,0,0,0,1,0,0,0,0,0,0,0,0,0,0,0,4.516994506006165,4.512616215347207,4.509099728245724,0.0043782906589582,0.001317233985004,0.0106242698026504,177.5624969482422,178.25873107910155,178.32420349121094,
11/24/2019,,,97.7,93.88,92.72,90,99.36,93.44,176.3939971923828,-0.760033101,4.08,28.360000000000003,22.7,44.52000000000002,0,98.8,215.5,230,101.2,217.79,98.22,99.33,211.17,230,95,117,2084058,4.259542827243965,2019Yala,-23.02813088,0.64,44.49,1450,1464,1508,1465,1600,1568,1412,1475,4.537319529781971,0.0031084219990011,0.0072505393710662,0.0055852897697303,0.0054727572191931,0.0072505393710662,-0.005058052,0,0,0,0,0,0,0,0,0,0,0,1,0,0,0,0,0,0,0,0,0,0,0,4.53421110778297,4.516994506006165,4.511298981362203,0.0172166017768047,0.0043782906589582,0.0021992531164789,177.28846740722656,177.5624969482422,178.4609832763672,
12/1/2019,,,100,98.12,97.04,97.28,102.96,97.92,177.72317504882812,-0.191241418,6.2,27.78,22.6,71.66000000000001,0,98.8,215.5,230,101.2,217.79,98.22,99.33,211.17,230,95,117,2084058,4.259542827243965,2019Yala,-23.02813088,0.64,44.49,1450,1464,1508,1465,1600,1568,1412,1475,4.584150828976434,0.046831299194463,0.0203233317530195,0.015125853544166,0.0121458167409061,0.0203233317530195,0.0075070298496209,0,0,0,0,0,0,0,0,0,0,0,1,0,0,0,0,0,0,0,0,0,0,0,4.537319529781971,4.53421110778297,4.512616215347207,0.0031084219990011,0.0172166017768047,0.001317233985004,176.3939971923828,177.28846740722656,178.25873107910155,
12/8/2019,,,101,100.68,99.84,101.12,104.92,99.24,178.03445129394532,-0.308675137,6.6,26.660000000000004,22.62,157.02000000000004,0,98.8,215.5,230,101.2,217.79,98.22,99.33,211.17,230,95,117,2084058,4.259542827243965,2019Yala,-23.02813088,0.64,44.49,1450,1464,1508,1465,1600,1568,1412,1475,4.597541168900182,0.013390339923748,0.0187670298283912,0.0150732020278598,0.0121014734130455,0.0187670298283912,0.0017499347856659,0,0,0,0,0,0,0,0,0,0,0,1,0,0,0,0,0,0,0,0,0,0,0,4.584150828976434,4.537319529781971,4.516994506006165,0.046831299194463,0.0031084219990011,0.0043782906589582,177.72317504882812,176.3939971923828,177.5624969482422,
12/15/2019,,,102,102.05,101.6,102.7,105.3,99.45,177.95975875854492,-0.155627175,8.85,26.175,21.925,172.05,0,98.8,215.5,230,101.2,217.79,98.22,99.33,211.17,230,95,117,2084058,4.259542827243965,2019Yala,-23.02813088,0.64,44.49,1450,1464,1508,1465,1600,1568,1412,1475,4.599655015355285,0.0021138464551029,0.0209433852890041,0.0155090874016059,0.012444028420821,0.0209433852890041,-0.000419628,0,0,0,0,0,0,0,0,0,0,0,1,0,0,0,0,0,0,0,0,0,0,0,4.597541168900182,4.584150828976434,4.53421110778297,0.013390339923748,0.046831299194463,0.0172166017768047,178.03445129394532,177.72317504882812,177.28846740722656,
12/22/2019,,,103,100,102.68,105.48,105.36,98.68,178.0916961669922,0.1623361834289682,8.52,26.860000000000003,22.52,86.84,0,98.8,215.5,230,101.2,217.79,105.55,99.33,211.17,230,95,117,2084058,4.259542827243965,2019Yala,-23.02813088,0.64,44.49,1450,1464,1508,1465,1600,1568,1412,1475,4.5918823017949215,-0.007772714,0.0237562706669751,0.0167016871152814,0.0135372578676477,0.0237562706669751,0.0007411143076083,0,0,0,0,0,0,0,0,0,0,0,1,0,0,0,0,0,0,0,0,0,0,0,4.599655015355285,4.597541168900182,4.537319529781971,0.0021138464551029,0.013390339923748,0.0031084219990011,177.95975875854492,178.03445129394532,176.3939971923828,
12/29/2019,,,102.125,96.475,101.3,103.4,104.18999999999998,96.5125,178.0342788696289,0.3014558462791306,8.175,27.925,21.775,100.8,0,98.8,215.5,230,101.2,217.79,105.55,99.33,211.17,230,95,117,2084058,4.259542827243965,2019Yala,-23.02813088,0.64,44.49,1450,1464,1508,1465,1600,1568,1412,1475,4.569672543996286,-0.022209758,0.0151112847863574,0.0201740411887986,0.0162878525753299,0.0151112847863574,-0.000322455,0,0,0,0,0,0,0,0,0,0,0,1,0,0,0,0,0,0,0,0,0,0,0,4.5918823017949215,4.599655015355285,4.584150828976434,-0.007772714,0.0021138464551029,0.046831299194463,178.0916961669922,177.95975875854492,177.72317504882812,
1/5/2020,,,101.25,95.99,101.57332,106.45,103.01999999999998,95.79,178.51161499023436,1.0046524992068615,1.36,28.26,22.16,74.68000000000002,0,98.8,215.5,230,101.2,217.79,105.55,99.33,211.17,230,95,117,2084058,4.259542827243965,2019Yala,-23.02813088,1.08,51.66,1513,1517,1545,1516,1662,1579,1484,1493,4.562158305834303,-0.007514238,0.0100271928586149,0.0208333348584547,0.0167707092992251,0.0100271928586149,0.0026775593904151,0,0,0,0,0,0,0,0,0,0,0,1,0,0,0,0,0,0,0,0,0,0,0,4.569672543996286,4.5918823017949215,4.597541168900182,-0.022209758,-0.007772714,0.013390339923748,178.0342788696289,178.0916961669922,178.03445129394532,
1/12/2020,,,100.375,95.8,100.9,109.5,101.85,95.4,178.281005859375,0.8135490619107066,2.1,27.8,21.725,16.825000000000014,0,98.8,215.5,230,101.2,217.79,105.55,99.33,211.17,230,95,117,2084058,4.259542827243965,2019Yala,-23.02813088,1.08,51.66,1513,1517,1545,1516,1662,1579,1484,1493,4.5580785889364215,-0.004079717,0.0080549461874175,0.0205015386958621,0.0168836677320769,0.0080549461874175,-0.001292679,0,0,0,0,0,0,0,0,0,0,0,1,0,0,0,0,0,0,0,0,0,0,0,4.562158305834303,4.569672543996286,4.599655015355285,-0.007514238,-0.022209758,0.0021138464551029,178.51161499023436,178.0342788696289,177.95975875854492,
1/19/2020,,,99.5,95.72915,99.9,102.99165,100.68,95.3,178.12367630004883,0.1694317867193401,0.575,27.65,19.7,16.800000000000015,0,98.8,215.5,230,101.2,217.79,105.95,99.33,211.17,230,95,117,2084058,4.259542827243965,2019Yala,-23.02813088,1.08,51.66,1513,1517,1545,1516,1662,1579,1484,1493,4.557029821153336,-0.001048768,0.0093774066909198,0.0205505452922363,0.0169425197236022,0.0093774066909198,-0.00088287,0,0,0,0,0,0,0,0,0,0,0,1,0,0,0,0,0,0,0,0,0,0,0,4.5580785889364215,4.562158305834303,4.5918823017949215,-0.004079717,-0.007514238,-0.007772714,178.281005859375,178.51161499023436,178.0916961669922,
1/26/2020,,,98.625,93.6,93.6,101.75332,99.51,93.56,178.24261169433595,0.0431022944337455,3.2,28.2,22.78,19.80000000000001,0,98.8,215.5,230,101.2,217.79,106.35,99.33,211.17,230,95,117,2084058,4.259542827243965,2019Yala,-23.02813088,1.08,51.66,1513,1517,1545,1516,1662,1579,1484,1493,4.538602952404307,-0.018426869,0.00758127936555,0.0112877247234374,0.0181242003979472,0.00758127936555,0.0006674896141545,0,0,0,0,0,0,0,0,0,0,0,1,0,0,0,0,0,0,0,0,0,0,0,4.557029821153336,4.5580785889364215,4.569672543996286,-0.001048768,-0.004079717,-0.022209758,178.12367630004883,178.281005859375,178.0342788696289,
2/2/2020,,,97.75,91.92,92.16,95.4,98.34,93.28,178.35985107421874,0.2270210604522171,0,29.12,19.76,20.380000000000013,0,98.8,215.5,230,101.2,217.79,106.35,99.33,211.17,230,95,117,2084058,4.259542827243965,2019Yala,-23.02813088,1.08,51.66,1513,1517,1545,1516,1662,1579,1484,1493,4.535605733322594,-0.002997219,0.0079585811382019,0.0084633460537652,0.0181673483177879,0.0079585811382019,0.0006575354670248,0,0,0,0,0,0,0,0,0,0,0,1,0,0,0,0,0,0,0,0,0,0,0,4.538602952404307,4.557029821153336,4.562158305834303,-0.018426869,-0.001048768,-0.007514238,178.24261169433595,178.12367630004883,178.51161499023436,
2/9/2020,,,96.875,90.6,88.35,90.45,97.17,91.95,178.2763786315918,0.1011485710930126,0.175,28.925,21.275,6.475000000000015,0,98.8,215.5,230,101.2,217.79,106.35,99.33,211.17,230,95,117,2084058,4.259542827243965,2019Yala,-23.02813088,1.08,51.66,1513,1517,1545,1516,1662,1579,1484,1493,4.521244961925806,-0.014360771,0.0084987344823035,0.007691773954102,0.0179778983230524,0.0084987344823035,-0.00046811,0,0,0,0,0,0,0,0,0,0,0,1,0,0,0,0,0,0,0,0,0,0,0,4.535605733322594,4.538602952404307,4.5580785889364215,-0.002997219,-0.018426869,-0.004079717,178.35985107421874,178.24261169433595,178.281005859375,
2/16/2020,,,96,91.32,88.28,88.92,96,93.2,178.26234130859376,0.0226758156525263,2.78,28.8,21.82,7.580000000000015,0,98.8,215.5,230,101.2,217.79,106.35,99.33,211.17,230,95,117,2084058,4.259542827243965,2019Yala,-23.02813088,1.08,51.66,1513,1517,1545,1516,1662,1579,1484,1493,4.53474773242116,0.0135027704953536,0.0142941306219439,0.0113170265122123,0.0184424769897879,0.0142941306219439,-7.87E-05,0,0,0,0,0,0,0,0,0,0,0,1,0,0,0,0,0,0,0,0,0,0,0,4.521244961925806,4.535605733322594,4.557029821153336,-0.014360771,-0.002997219,-0.001048768,178.2763786315918,178.35985107421874,178.12367630004883,
2/23/2020,,,96,91.25,88.45,87.35,96,93.3,178.42678833007812,-0.030053942,0.025,29.825,20.225,14.075000000000014,0,98.8,215.5,230,101.2,217.79,101.82,99.33,211.17,230,95,117,2084058,4.259542827243965,2019Yala,-23.02813088,1.08,51.66,1513,1517,1545,1516,1662,1579,1484,1493,4.535820118571412,0.0010723861502519,0.0115000559332648,0.0097775167233326,0.0110997556960787,0.0115000559332648,0.0009220748183729,0,0,0,0,0,0,0,0,0,0,0,1,0,0,0,0,0,0,0,0,0,0,0,4.53474773242116,4.521244961925806,4.538602952404307,0.0135027704953536,-0.014360771,-0.018426869,178.26234130859376,178.2763786315918,178.24261169433595,
3/1/2020,,,96.33336,91.6,88.4,86.08,96.33336,94.36,178.5027648925781,0.1661568178438121,0.3,30.06,22.54,27.400000000000013,0,98.8,215.5,230,101.2,217.79,101.82,99.33,211.17,230,95,117,2084058,4.259542827243965,2019Yala,-23.02813088,1.08,51.66,1513,1517,1545,1516,1662,1579,1484,1493,4.547117265137185,0.0112971465657736,0.0127043727060835,0.011053957297442,0.0108139161900661,0.0127043727060835,0.0004257230175301,0,0,0,0,0,0,0,0,0,0,0,1,0,0,0,0,0,0,0,0,0,0,0,4.535820118571412,4.53474773242116,4.535605733322594,0.0010723861502519,0.0135027704953536,-0.002997219,178.42678833007812,178.26234130859376,178.35985107421874,
3/8/2020,,,97.1,91.16,86.64,84.88,97.2,94.32,178.80490417480468,0.3553276888945333,0.6599999999999999,31.82,21.3,19.740000000000016,0,98.8,215.5,230,101.2,217.79,101.82,99.33,211.17,230,95,117,6281648,4.336435694690088,2019-2020Maha,4.401357127495453,1.08,51.66,1513,1517,1545,1516,1662,1579,1484,1493,4.546693266831321,-0.000423998,0.0070563461403282,0.011025563842784,0.0107034205099875,0.0070563461403282,0.0016911999305122,0,0,0,0,0,0,0,0,0,0,1,0,0,0,0,0,0,0,0,0,0,0,0,4.547117265137185,4.535820118571412,4.521244961925806,0.0112971465657736,0.0010723861502519,-0.014360771,178.5027648925781,178.42678833007812,178.2763786315918,
3/15/2020,,,97,91.1,86.4,84.7,97,94.85,179.7194786071777,0.7509018221247665,0,32.45,22.425,7.900000000000015,0,98.8,215.5,230,101.2,217.79,101.82,99.33,211.17,230,95,117,6281648,4.336435694690088,2019-2020Maha,4.401357127495453,1.08,51.66,1513,1517,1545,1516,1662,1579,1484,1493,4.552296706923985,0.0056034400926643,0.0052713762116443,0.0113051374668428,0.0110137905510082,0.0052713762116443,0.0051018923956309,0,0,0,0,0,0,0,0,0,0,1,0,0,0,0,0,0,0,0,0,0,0,0,4.546693266831321,4.547117265137185,4.53474773242116,-0.000423998,0.0112971465657736,0.0135027704953536,178.80490417480468,178.5027648925781,178.26234130859376,
3/22/2020,,,96.92857142857144,91.35952,86.79404857142858,85.20238,97.06428571428572,94.90832857142856,179.94475157601494,0.8797217633061872,0.0557142857142857,32.36357142857143,22.613214285714285,8.542857142857157,0,98.8,215.5,230,101.2,217.79,101.53285714285714,99.33,211.17,230,95,117,6281648,4.336435694690088,2019-2020Maha,4.401357127495453,1.08,51.66,1513,1517,1545,1516,1662,1579,1484,1493,4.55291147385506,0.0006147669310747,0.0053713179011484,0.008723367235848,0.0092864408632465,0.0053713179011484,0.0012526850219627,0,0,0,0,0,0,0,0,0,0,1,0,0,0,0,0,0,0,0,0,0,0,0,4.552296706923985,4.546693266831321,4.535820118571412,0.0056034400926643,-0.000423998,0.0010723861502519,179.7194786071777,178.80490417480468,178.42678833007812,
3/29/2020,,,96.85714285714286,91.61904,87.18809714285715,85.70476000000001,97.12857142857143,94.96665714285714,180.1700245448521,1.008541704487608,0.1114285714285714,32.27714285714286,22.801428571428573,9.1857142857143,0,98.8,215.5,230,101.2,217.79,101.24571428571429,99.33,211.17,230,95,117,6281648,4.336435694690088,2019-2020Maha,4.401357127495453,1.08,51.66,1513,1517,1545,1516,1662,1579,1484,1493,4.553525863079945,0.0006143892248848,0.0027120838259332,0.0085316590696437,0.0090941175907651,0.0027120838259332,0.001251117765272,0,0,0,0,0,0,0,0,0,0,1,0,0,0,0,0,0,0,0,0,0,0,0,4.55291147385506,4.552296706923985,4.547117265137185,0.0006147669310747,0.0056034400926643,0.0112971465657736,179.94475157601494,179.7194786071777,178.5027648925781,
4/5/2020,,,96.78571428571428,91.87856,87.58214571428572,86.20714000000001,97.19285714285716,95.0249857142857,180.3952975136893,1.1373616456690283,0.1671428571428571,32.190714285714286,22.98964285714285,9.828571428571443,0,98.8,215.5,230,101.2,217.79,100.95857142857142,99.33,211.17,230,95,117,6281648,4.336435694690088,2019-2020Maha,4.401357127495453,1.08,51.66,1513,1517,1545,1516,1662,1579,1484,1493,4.554139875062472,0.0006140119825266,0.0024945253756244,0.0054583051856748,0.0090372098291637,0.0024945253756244,0.0012495544253283,0,0,0,0,0,0,0,0,0,0,1,0,0,0,0,0,0,0,0,0,0,0,0,4.553525863079945,4.55291147385506,4.546693266831321,0.0006143892248848,0.0006147669310747,-0.000423998,180.1700245448521,179.94475157601494,178.80490417480468,
4/12/2020,,,96.71428571428572,92.13808,87.97619428571429,86.70952,97.25714285714284,95.08331428571428,180.6205704825265,1.2661815868504491,0.2228571428571428,32.10428571428572,23.177857142857142,10.471428571428586,0,98.8,215.5,230,101.2,217.79,100.67142857142856,99.33,211.17,230,95,117,6281648,4.336435694690088,2019-2020Maha,4.401357127495453,1.08,51.66,1513,1517,1545,1516,1662,1579,1484,1493,4.554753510265619,0.0006136352031473,4.870183344110672e-07,0.0039970332926965,0.0090379020111919,4.870183344110672e-07,0.0012479949874668,0,0,0,0,0,0,0,0,0,0,1,0,0,0,0,0,0,0,0,0,0,0,0,4.554139875062472,4.553525863079945,4.552296706923985,0.0006140119825266,0.0006143892248848,0.0056034400926643,180.3952975136893,180.1700245448521,179.7194786071777,
4/19/2020,,,96.64285714285714,92.3976,88.37024285714286,87.2119,97.32142857142856,95.14164285714286,180.8458434513637,1.39500152803187,0.2785714285714286,32.017857142857146,23.366071428571427,11.114285714285728,0,98.8,215.5,230,101.2,217.79,100.38428571428572,99.33,211.17,230,95,117,6281648,4.336435694690088,2019-2020Maha,4.401357127495453,1.08,51.66,1513,1517,1545,1516,1662,1579,1484,1493,4.5553667691515125,0.0006132588858935,4.864206314431786e-07,0.0040236790234987,0.0069828360886282,4.864206314431786e-07,0.0012464394370956,0,0,0,0,0,0,0,0,0,0,1,0,0,0,0,0,0,0,0,0,0,0,0,4.554753510265619,4.554139875062472,4.55291147385506,0.0006136352031473,0.0006140119825266,0.0006147669310747,180.6205704825265,180.3952975136893,179.94475157601494,
5/17/2020,,,96.35714285714286,93.43568,89.94643714285715,89.22142000000001,97.57857142857144,95.37495714285714,181.7469353267125,1.9102812927575523,0.5014285714285714,31.67214285714286,24.11892857142857,13.685714285714296,0,98.8,215.5,230,101.2,217.79,99.23571428571428,99.33,211.17,230,95,117,6281648,4.336435694690088,2019-2020Maha,4.401357127495453,1.08,51.66,1513,1517,1545,1516,1662,1579,1484,1493,4.557816050735399,0.0024492815838863,0.0009178231648431,0.0018956473410196,0.006846938725358,0.0009178231648431,0.0049702794878481,0,0,0,0,0,0,0,0,0,0,1,0,0,0,0,0,0,0,0,0,0,0,0,4.5553667691515125,4.554753510265619,4.553525863079945,0.0006132588858935,0.0006136352031473,0.0006143892248848,180.8458434513637,180.6205704825265,180.1700245448521,
5/24/2020,,,96.28571428571428,93.6952,90.34048571428572,89.72380000000001,97.64285714285715,95.43328571428572,181.9722082955497,2.0391012339389736,0.5571428571428572,31.585714285714285,24.307142857142857,14.328571428571442,0,98.8,215.5,230,101.2,217.79,98.94857142857144,99.33,211.17,230,95,117,6281648,4.336435694690088,2019-2020Maha,4.401357127495453,1.08,51.66,1513,1517,1545,1516,1662,1579,1484,1493,4.558427434937262,0.0006113842018633,0.0009182616045448,0.0017906515967568,0.0046292069766159,0.0009182616045448,0.0012387194919707,0,0,0,0,0,0,0,0,0,0,1,0,0,0,0,0,0,0,0,0,0,0,0,4.557816050735399,4.5553667691515125,4.554139875062472,0.0024492815838863,0.0006132588858935,0.0006140119825266,181.7469353267125,180.8458434513637,180.3952975136893,
5/31/2020,,,96.21428571428572,93.95472,90.73453428571428,90.22618,97.70714285714286,95.49161428571428,182.1974812643869,2.167921175120394,0.6128571428571429,31.499285714285712,24.49535714285714,14.971428571428584,0,98.8,215.5,230,101.2,217.79,98.66142857142856,99.33,211.17,230,95,117,6281648,4.336435694690088,2019-2020Maha,4.401357127495453,1.08,51.66,1513,1517,1545,1516,1662,1579,1484,1493,4.559038445576862,0.0006110106395995,0.000918699030677,0.0006491513966875,0.0033003459227822,0.000918699030677,0.0012371869641674,0,0,0,0,0,0,0,0,0,0,1,0,0,0,0,0,0,0,0,0,0,0,0,4.558427434937262,4.557816050735399,4.554753510265619,0.0006113842018633,0.0024492815838863,0.0006136352031473,181.9722082955497,181.7469353267125,180.6205704825265,
6/7/2020,,,96.14285714285714,94.21424,91.12858285714286,90.72856,97.77142857142856,95.54994285714284,182.42275423322408,2.2967411163018143,0.6685714285714286,31.412857142857145,24.683571428571423,15.614285714285726,0,98.8,215.5,230,101.2,217.79,98.3742857142857,99.33,211.17,230,95,117,6281648,4.336435694690088,2019-2020Maha,4.401357127495453,1.08,51.66,1513,1517,1545,1516,1662,1579,1484,1493,4.55964908311042,0.0006106375335583,0.0009191354466532,0.0006493601539558,0.0033151111458586,0.0009191354466532,0.0012356582237256,0,0,0,0,0,0,0,0,0,0,1,0,0,0,0,0,0,0,0,0,0,0,0,4.559038445576862,4.558427434937262,4.5553667691515125,0.0006110106395995,0.0006113842018633,0.0006132588858935,182.1974812643869,181.9722082955497,180.8458434513637,
6/14/2020,,,96.07142857142856,94.47376,91.52263142857144,91.23094,97.83571428571427,95.60827142857144,182.6480272020613,2.425561057483235,0.7242857142857143,31.32642857142857,24.87178571428572,16.257142857142867,0,98.8,215.5,230,101.2,217.79,98.08714285714284,99.33,211.17,230,95,117,6281648,4.336435694690088,2019-2020Maha,4.401357127495453,1.08,51.66,1513,1517,1545,1516,1662,1579,1484,1493,4.560259347993323,0.0006102648829031,4.816783659442747e-07,0.0006495684610758,0.0015539368713749,4.816783659442747e-07,0.0012341332566245,0,0,0,0,0,0,0,0,0,0,1,0,0,0,0,0,0,0,0,0,0,0,0,4.55964908311042,4.559038445576862,4.557816050735399,0.0006106375335583,0.0006110106395995,0.0024492815838863,182.42275423322408,182.1974812643869,181.7469353267125,
6/21/2020,,,96,94.73328,91.91668,91.73332,97.9,95.6666,182.8733001708985,2.554380998664656,0.78,31.24,25.06,16.900000000000013,0,98.8,215.5,230,101.2,217.79,97.8,99.33,211.17,230,95,117,6281648,4.336435694690088,2019-2020Maha,4.401357127495453,1.08,51.66,1513,1517,1545,1516,1662,1579,1484,1493,4.560869240680126,0.0006098926868025,4.810904631436726e-07,0.0006497763194173,0.0014893700498129,4.810904631436726e-07,0.0012326120489092,0,0,0,0,0,0,0,0,0,0,1,0,0,0,0,0,0,0,0,0,0,0,0,4.560259347993323,4.55964908311042,4.558427434937262,0.0006102648829031,0.0006106375335583,0.0006113842018633,182.6480272020613,182.42275423322408,181.9722082955497,
6/28/2020,,,96,94.6666,90.93332,89.86668,98,95.63332,183.4694305419922,2.926526010888959,4.4,30.42,24.36,23.50000000000001,0,98.8,215.5,230,101.2,217.79,97.8,99.33,211.17,230,95,117,6281648,4.336435694690088,2019-2020Maha,4.401357127495453,1.08,51.66,1513,1517,1545,1516,1662,1579,1484,1493,4.560521305354405,-0.000347935,0.0004791002765708,0.0007747892214753,0.0006202998286686,0.0004791002765708,0.0032544982828044,0,0,0,0,0,0,0,0,0,0,1,0,0,0,0,0,0,0,0,0,0,0,0,4.560869240680126,4.560259347993323,4.559038445576862,0.0006098926868025,0.0006102648829031,0.0006110106395995,182.8733001708985,182.6480272020613,182.1974812643869,
7/5/2020,,,96,94.16,89.76,89.36,98,95.92,183.09727783203124,2.690148150307304,0.8,30.14,24.380000000000003,30.78000000000001,0,98.8,215.5,230,101.2,217.79,97.8,99.33,211.17,230,95,117,6281648,4.336435694690088,2019-2020Maha,4.401357127495453,1.08,51.66,1513,1517,1545,1516,1662,1579,1484,1493,4.563514521144613,0.0029932157902079,0.0014247092423026,0.0011113403988792,0.0009086541995961,0.0014247092423026,-0.002030478,0,0,0,0,0,0,0,0,0,0,1,0,0,0,0,0,0,0,0,0,0,0,0,4.560521305354405,4.560869240680126,4.55964908311042,-0.000347935,0.0006098926868025,0.0006106375335583,183.4694305419922,182.8733001708985,182.42275423322408,
7/12/2020,,,96,93.52,89.48,88.96000000000001,97.73328,95.64,182.73371276855468,2.3584943421854687,6.7,31.02,24.02,29.64000000000001,0,98.8,215.5,230,101.2,217.79,97.8,99.33,211.17,230,95,117,6281648,4.336435694690088,2019-2020Maha,4.401357127495453,1.08,51.66,1513,1517,1545,1516,1662,1579,1484,1493,4.560591153,-0.002923368,0.0024475107244431,0.0016269264120436,0.0014289106269914,0.0024475107244431,-0.001987613,0,0,0,0,0,0,0,0,0,0,1,0,0,0,0,0,0,0,0,0,0,0,0,4.563514521144613,4.560521305354405,4.560259347993323,0.0029932157902079,-0.000347935,0.0006102648829031,183.09727783203124,183.4694305419922,182.6480272020613,
7/19/2020,,,95.79996,92.76,88.84,89.32000000000001,97.73328,95.4,182.74816589355464,2.2107103844221854,0.92,30.28,24.6,38.10000000000001,0,98.8,215.5,230,101.2,217.79,97.854,99.33,211.17,230,95,117,6281648,4.336435694690088,2019-2020Maha,4.401357127495453,1.08,51.66,1513,1517,1545,1516,1662,1579,1484,1493,4.5580785889364215,-0.002512564,0.0027075527027007,0.0019054377834669,0.0016858415849831,0.0027075527027007,7.909078820222959e-05,0,0,0,0,0,0,0,0,0,0,1,0,0,0,0,0,0,0,0,0,0,0,0,4.560591153,4.563514521144613,4.560869240680126,-0.002923368,0.0029932157902079,0.0006098926868025,182.73371276855468,183.09727783203124,182.8733001708985,
7/26/2020,,,95.83332,92.76,88.67999999999999,89.24,97.8,96.56,182.7203857421875,1.790141391806679,2.06,29.56,23.34,44.66000000000001,0,98.8,215.5,230,101.2,217.79,97.89,99.33,211.17,230,95,117,6281648,4.336435694690088,2019-2020Maha,4.401357127495453,1.08,51.66,1513,1517,1545,1516,1662,1579,1484,1493,4.570164587145531,0.0120859982091099,0.0069914598379338,0.0047155397229544,0.0037954338546209,0.0069914598379338,-0.000152025,0,0,0,0,0,0,0,0,0,0,1,0,0,0,0,0,0,0,0,0,0,0,0,4.5580785889364215,4.560591153,4.560521305354405,-0.002512564,-0.002923368,-0.000347935,182.74816589355464,182.73371276855468,183.4694305419922,
8/2/2020,132.2012987012987,112.72727272727272,96,93.16,88.64,89.4,98,97.84,182.7609832763672,-0.061176974,2.82,28.28,23.54,39.640000000000015,0,98.8,215.5,230,101.2,217.79,97.89,99.33,211.17,230,95,117,6281648,4.336435694690088,2019-2020Maha,4.401357127495453,1.08,51.66,1513,1517,1545,1516,1662,1579,1484,1493,4.583333501599686,0.0131689144541544,0.0088722925163406,0.00625707088288,0.0051000563121975,0.0088722925163406,0.000222159253882,0,0,0,0,0,0,0,0,0,0,1,0,0,0,0,0,0,0,0,0,0,0,0,4.570164587145531,4.5580785889364215,4.563514521144613,0.0120859982091099,-0.002512564,0.0029932157902079,182.7203857421875,182.74816589355464,183.09727783203124,
8/9/2020,132.96103896103895,113.58181818181818,96,92.6,88.53333333333335,89.13333333333333,98,98,182.5072021484375,-0.554073886,5.2,27.83333333333333,23.5,51.666666666666686,0,98.8,215.5,230,101.2,217.79,97.89,99.33,211.17,230,95,117,6281648,4.336435694690088,2019-2020Maha,4.401357127495453,1.08,51.66,1513,1517,1545,1516,1662,1579,1484,1493,4.584967488874653,0.0016339872749675,0.007744312242395,0.006212446896485,0.0051037601702898,0.007744312242395,-0.001389561,0,0,0,0,0,0,0,0,0,0,1,0,0,0,0,0,0,0,0,0,0,0,0,4.583333501599686,4.570164587145531,4.560591153,0.0131689144541544,0.0120859982091099,-0.002923368,182.7609832763672,182.7203857421875,182.73371276855468,
8/16/2020,133.7207792207792,114.43636363636364,96,92.24,88.32000000000001,88.8,98,98,181.1352355957032,-1.140830459,1.5399999999999998,29.62,23.6,59.420000000000016,0,98.8,215.5,230,101.2,217.79,97.89,99.33,211.17,230,95,117,6281648,4.336435694690088,2019-2020Maha,4.401357127495453,1.08,51.66,1513,1517,1545,1516,1662,1579,1484,1493,4.584967488874653,0,0.0068655745099285,0.0062508323842616,0.0051247506975085,0.0068655745099285,-0.007545726,0,0,0,0,0,0,0,0,0,0,1,0,0,0,0,0,0,0,0,0,0,0,0,4.584967488874653,4.583333501599686,4.5580785889364215,0.0016339872749675,0.0131689144541544,-0.002512564,182.5072021484375,182.7609832763672,182.74816589355464,
8/23/2020,134.4805194805195,115.2909090909091,95.86664,91.48,88.47999999999999,88.92,98,98.16,181.48028564453125,-0.751985508,0,31.72,24.18,29.82000000000001,0,98.8,215.5,230,101.2,217.79,96.27,99.33,211.17,230,95,117,6281648,4.336435694690088,2019-2020Maha,4.401357127495453,1.08,51.66,1513,1517,1545,1516,1662,1579,1484,1493,4.586598810590105,0.0016313217154513,0.0060890751295074,0.0061369682005536,0.0051042024157467,0.0060890751295074,0.0019031184869771,0,0,0,0,0,0,0,0,0,0,1,0,0,0,0,0,0,0,0,0,0,0,0,4.584967488874653,4.584967488874653,4.570164587145531,0,0.0016339872749675,0.0120859982091099,181.1352355957032,182.5072021484375,182.7203857421875,
8/30/2020,135.24025974025977,116.14545454545454,95.53332,91.76,88.72,89.08,100.65,99.56,182.65353088378907,-0.062294786,0.36,32.379999999999995,23.94,2.840000000000014,0,98.8,215.5,230,101.2,217.79,96.27,99.33,211.17,230,95,117,6281648,4.336435694690088,2019-2020Maha,4.401357127495453,1.08,51.66,1513,1517,1545,1516,1662,1579,1484,1493,4.600760487543585,0.0141616769534804,0.0065817743128678,0.0072390526957292,0.006099285353173,0.0065817743128678,0.0064440556716078,0,0,0,0,0,0,0,0,0,0,1,0,0,0,0,0,0,0,0,0,0,0,0,4.586598810590105,4.584967488874653,4.583333501599686,0.0016313217154513,0,0.0131689144541544,181.48028564453125,181.1352355957032,182.7609832763672,
9/6/2020,136,117,92.35,90.65,104.08125,244.6,103.3,98.925,182.7669448852539,0.0429494053021728,1,29.675,23.375,10.150000000000013,0,98.8,215.5,230,101.2,217.79,96.27,99.33,211.17,230,95,117,3064976,4.195849840789182,2020Yala,47.06769197402376,1.08,51.66,1513,1517,1545,1516,1662,1579,1484,1493,4.594361997380156,-0.00639849,0.0086040839824381,0.0078382832813994,0.0066994714384234,0.0086040839824381,0.0006207315244006,0,0,0,0,0,0,0,0,0,0,0,0,0,1,0,0,0,0,0,0,0,0,0,4.600760487543585,4.586598810590105,4.584967488874653,0.0141616769534804,0.0016313217154513,0.0016339872749675,182.65353088378907,181.48028564453125,182.5072021484375,
9/13/2020,146,143,94.64,91.84,96.01,151.88,103.25,102.24,181.6613311767578,-0.594598419,3.18,28.7,23.26,38.52000000000002,0,98.8,215.5,230,101.2,217.79,96.27,99.33,211.17,230,95,117,3064976,4.195849840789182,2020Yala,47.06769197402376,1.08,51.66,1513,1517,1545,1516,1662,1579,1484,1493,4.627323000410132,0.0329610030299756,0.0171472579190725,0.0122672369212306,0.0109073587371445,0.0171472579190725,-0.00606768,0,0,0,0,0,0,0,0,0,0,0,0,0,1,0,0,0,0,0,0,0,0,0,4.594361997380156,4.600760487543585,4.584967488874653,-0.00639849,0.0141616769534804,0,182.7669448852539,182.65353088378907,181.1352355957032,
9/20/2020,149.33333333333334,135.25,95.8,92.56,89.28,90.48,104.23333333333332,104.26,181.71476135253903,-0.514818967,2.18,28.74,23.72,46.66000000000001,0,98.8,215.5,230,101.2,217.79,96.654,99.33,211.17,230,95,117,3064976,4.195849840789182,2020Yala,47.06769197402376,1.08,51.66,1513,1517,1545,1516,1662,1579,1484,1493,4.646887788931366,0.019564788521234,0.0163504557915127,0.0128377104236479,0.0114325936363186,0.0163504557915127,0.0002940764512064,0,0,0,0,0,0,0,0,0,0,0,0,0,1,0,0,0,0,0,0,0,0,0,4.627323000410132,4.594361997380156,4.586598810590105,0.0329610030299756,-0.00639849,0.0016313217154513,181.6613311767578,182.7669448852539,181.48028564453125,
9/27/2020,152.66666666666666,127.5,96,92.76,89.6,91.16,105.21666666666668,105.92,182.3710938,0.3840541411610743,5.04,28.3,23.3,53.20000000000001,0,98.8,215.5,230,101.2,217.79,96.75,99.33,211.17,230,95,117,3064976,4.195849840789182,2020Yala,47.06769197402376,1.08,51.66,1513,1517,1545,1516,1662,1579,1484,1493,4.662684101629786,0.0157963126984199,0.0163405359610821,0.0129752090283582,0.0116007731189791,0.0163405359610821,0.0036053754663338,0,0,0,0,0,0,0,0,0,0,0,0,0,1,0,0,0,0,0,0,0,0,0,4.646887788931366,4.627323000410132,4.600760487543585,0.019564788521234,0.0329610030299756,0.0141616769534804,181.71476135253903,181.6613311767578,182.65353088378907,
10/4/2020,156,119.75,90,234.76,114.12,129.64,106.2,101.16,182.096533203125,0.5371482872283128,2.26,28.48,23.28,53.98000000000002,0,98.8,215.5,230,101.2,217.79,96.75,99.33,211.17,230,95,117,3064976,4.195849840789182,2020Yala,47.06769197402376,1.08,51.66,1513,1517,1545,1516,1662,1579,1484,1493,4.616703431687094,-0.04598067,0.0351575940215144,0.0237583455912681,0.019407593149651,0.0351575940215144,-0.001506639,0,0,0,0,0,0,0,0,0,0,0,0,0,1,0,0,0,0,0,0,0,0,0,4.662684101629786,4.646887788931366,4.594361997380156,0.0157963126984199,0.019564788521234,-0.00639849,182.3710938,181.71476135253903,182.7669448852539,
10/11/2020,217.75,143.75,93.6,399.2,135.26,231.04,108.7375,96.36,181.5110778808593,-0.461732413,0.16,31.46,23.64,23.02000000000001,0,98.8,215.5,230,101.2,217.79,96.75,99.33,211.17,230,95,117,3064976,4.195849840789182,2020Yala,47.06769197402376,1.08,51.66,1513,1517,1545,1516,1662,1579,1484,1493,4.568091188124421,-0.048612244,0.0375613932145755,0.0302481597745652,0.0247791455735882,0.0375613932145755,-0.003220262,0,0,0,0,0,0,0,0,0,0,0,0,0,1,0,0,0,0,0,0,0,0,0,4.616703431687094,4.662684101629786,4.627323000410132,-0.04598067,0.0157963126984199,0.0329610030299756,182.096533203125,182.3710938,181.6613311767578,
10/18/2020,183.5,131.2,92.84,479.8,137.3,230.6,110.80668,94.96,181.47767333984376,-0.741165956,4.74,29,23.56,26.740000000000016,0,98.8,215.5,230,101.2,217.79,97.418,99.33,211.17,230,95,117,3064976,4.195849840789182,2020Yala,47.06769197402376,1.08,51.66,1513,1517,1545,1516,1662,1579,1484,1493,4.553455760832162,-0.014635427,0.0303243878244672,0.0305064072478235,0.0248765678849046,0.0303243878244672,-0.000184053,0,0,0,0,0,0,0,0,0,0,0,0,0,1,0,0,0,0,0,0,0,0,0,4.568091188124421,4.616703431687094,4.646887788931366,-0.048612244,-0.04598067,0.019564788521234,181.5110778808593,182.096533203125,181.71476135253903,
10/25/2020,133.1875,123.25,94.1,409.04,197.44,229.89,111.25,99.1,181.4080291748047,-0.139120709,0.82,30.18,23.48,37.66000000000002,0,98.8,215.5,230,101.2,217.79,98.42,99.33,211.17,230,95,117,3064976,4.195849840789182,2020Yala,47.06769197402376,1.08,51.66,1513,1517,1545,1516,1662,1579,1484,1493,4.596129451426759,0.0426736905945972,0.0424469530420187,0.0343710922214893,0.0277399026677581,0.0424469530420187,-0.000383835,0,0,0,0,0,0,0,0,0,0,0,0,0,1,0,0,0,0,0,0,0,0,0,4.553455760832162,4.568091188124421,4.662684101629786,-0.014635427,-0.048612244,0.0157963126984199,181.47767333984376,181.5110778808593,182.3710938,
11/1/2020,129.25520833333334,121.47916666666669,94.36944444444444,97.2,94.2,93.2,113.03240555555556,111.5,181.31369018554688,-0.13226247,4,32.7,23.2,35.40000000000001,0,98.8,215.5,230,101.2,217.79,98.42,99.33,211.17,230,95,117,3064976,4.195849840789182,2020Yala,47.06769197402376,1.08,51.66,1513,1517,1545,1516,1662,1579,1484,1493,4.714024599868783,0.1178951484420238,0.0728692971634642,0.0539056288088302,0.0436793968990248,0.0728692971634642,-0.000520173,0,0,0,0,0,0,0,0,0,0,0,0,0,1,0,0,0,0,0,0,0,0,0,4.596129451426759,4.553455760832162,4.616703431687094,0.0426736905945972,-0.014635427,-0.04598067,181.4080291748047,181.47767333984376,182.096533203125,
11/8/2020,125.32291666666669,119.70833333333331,94.63888888888889,95.6,93.5,93.05,114.81481111111113,104.625,181.4770164489746,-0.010955155,6.275,31.025,22.975,74,0,98.8,215.5,230,101.2,217.79,98.42,99.33,211.17,230,95,117,3064976,4.195849840789182,2020Yala,47.06769197402376,1.08,51.66,1513,1517,1545,1516,1662,1579,1484,1493,4.650382538367585,-0.063642062,0.0780851053617543,0.0597949191705049,0.0486812292928025,0.0780851053617543,0.0009003884089349,0,0,0,0,0,0,0,0,0,0,0,0,0,1,0,0,0,0,0,0,0,0,0,4.714024599868783,4.596129451426759,4.568091188124421,0.1178951484420238,0.0426736905945972,-0.048612244,181.31369018554688,181.4080291748047,181.5110778808593,
11/15/2020,121.390625,117.9375,94.90833333333332,94,92.8,92.9,116.59721666666668,97.75,181.6403427124024,0.1103521599415624,8.55,29.35,22.75,112.6,0,98.8,215.5,230,101.2,217.79,98.42,99.33,211.17,230,95,117,3064976,4.195849840789182,2020Yala,47.06769197402376,1.08,51.66,1513,1517,1545,1516,1662,1579,1484,1493,4.582413209095654,-0.067969329,0.0897790215964462,0.0641559724842216,0.0531214607986467,0.0897790215964462,0.0008995784388803,0,0,0,0,0,0,0,0,0,0,0,0,0,1,0,0,0,0,0,0,0,0,0,4.650382538367585,4.714024599868783,4.553455760832162,-0.063642062,0.1178951484420238,-0.014635427,181.4770164489746,181.31369018554688,181.47767333984376,
11/22/2020,117.45833333333331,116.16666666666669,95.17777777777778,94,93,93,118.37962222222222,98,181.77606201171875,-0.145638176,0.6,28.5,23.3,124.10000000000002,0,98.8,215.5,230,101.2,217.79,98.34,99.33,211.17,230,95,117,3064976,4.195849840789182,2020Yala,47.06769197402376,1.08,51.66,1513,1517,1545,1516,1662,1579,1484,1493,4.584967488874653,0.002554279778999,0.0866886857922282,0.0636211554341726,0.052938585223395,0.0866886857922282,0.000746907971763,0,0,0,0,0,0,0,0,0,0,0,0,0,1,0,0,0,0,0,0,0,0,0,4.582413209095654,4.650382538367585,4.596129451426759,-0.067969329,-0.063642062,0.0426736905945972,181.6403427124024,181.4770164489746,181.4080291748047,
11/29/2020,113.52604166666669,114.39583333333331,95.44722222222222,94.80833333333334,133.79166666666666,141.91666666666666,120.16202777777778,97.84028333333332,182.5092830657959,0.2306046898496866,2.2416666666666667,28.266666666666666,23.17083333333333,135.76666666666668,0,98.8,215.5,230,101.2,217.79,98.8425,99.33,211.17,230,95,117,3064976,4.195849840789182,2020Yala,47.06769197402376,1.08,51.66,1513,1517,1545,1516,1662,1579,1484,1493,4.5833363974799,-0.001631091,0.0383382965941211,0.0619190860236241,0.0529148597639735,0.0383382965941211,0.0040255368496691,0,0,0,0,0,0,0,0,0,0,0,0,0,1,0,0,0,0,0,0,0,0,0,4.584967488874653,4.582413209095654,4.714024599868783,0.002554279778999,-0.067969329,0.1178951484420238,181.77606201171875,181.6403427124024,181.31369018554688,
12/6/2020,,,,95.61666666666666,174.58333333333331,190.8333333333333,,97.68056666666666,183.24250411987305,0.6068475561300246,3.8833333333333337,28.03333333333333,23.041666666666668,147.43333333333334,0,98.8,215.5,230,101.2,217.79,99.345,99.33,211.17,230,95,117,3064976,4.195849840789182,2020Yala,47.06769197402376,1.08,51.66,1513,1517,1545,1516,1662,1579,1484,1493,4.581702641278874,-0.001633756,0.0339236968273356,0.0592733888104042,0.0518325478808187,0.0339236968273356,0.004009396853184,0,0,0,0,0,0,0,0,0,0,0,0,0,1,0,0,0,0,0,0,0,0,0,4.5833363974799,4.584967488874653,4.650382538367585,-0.001631091,0.002554279778999,-0.063642062,182.5092830657959,181.77606201171875,181.4770164489746,
12/13/2020,105.66145833333334,110.85416666666669,95.9861111111111,96.425,215.375,239.75,123.72683888888888,97.52085,183.9757251739502,0.9830904224103624,5.525,27.8,22.9125,159.10000000000002,0,98.8,215.5,230,101.2,217.79,99.8475,99.33,211.17,230,95,117,3064976,4.195849840789182,2020Yala,47.06769197402376,1.08,51.66,1513,1517,1545,1516,1662,1579,1484,1493,4.580066211550036,-0.00163643,0.0020940205776979,0.0589387926628875,0.051322493149598,0.0020940205776979,0.0039933857635068,0,0,0,0,0,0,0,0,0,0,0,0,0,1,0,0,0,0,0,0,0,0,0,4.581702641278874,4.5833363974799,4.582413209095654,-0.001633756,-0.001631091,-0.067969329,183.24250411987305,182.5092830657959,181.6403427124024,
12/20/2020,101.72916666666669,109.08333333333331,96.25555555555556,97.23333333333332,256.16666666666663,288.66666666666663,125.50924444444443,97.36113333333331,184.7089462280273,1.3593332886907004,7.166666666666667,27.56666666666667,22.78333333333333,170.76666666666665,0,98.8,215.5,230,101.2,217.79,100.35,99.33,211.17,230,95,117,3064976,4.195849840789182,2020Yala,47.06769197402376,1.08,51.66,1513,1517,1545,1516,1662,1579,1484,1493,4.578427099528957,-0.001639112,3.4515295450613386e-06,0.0567544266822962,0.0509077906112191,3.4515295450613386e-06,0.0039775020424519,0,0,0,0,0,0,0,0,0,0,0,0,0,1,0,0,0,0,0,0,0,0,0,4.580066211550036,4.581702641278874,4.584967488874653,-0.00163643,-0.001633756,0.002554279778999,183.9757251739502,183.24250411987305,181.77606201171875,
12/27/2020,97.796875,107.3125,96.525,98.04166666666666,296.9583333333333,337.5833333333333,127.29165,97.20141666666666,185.4421672821045,1.7355761549710382,8.808333333333334,27.333333333333336,22.654166666666665,182.4333333333333,0,98.8,215.5,230,101.2,217.79,100.8525,99.33,211.17,230,95,117,3064976,4.195849840789182,2020Yala,47.06769197402376,1.08,51.66,1513,1517,1545,1516,1662,1579,1484,1493,4.576785296408043,-0.001641803,3.4628445064063742e-06,0.0300849451757959,0.0494100868518252,3.4628445064063742e-06,0.0039617441762072,0,0,0,0,0,0,0,0,0,0,0,0,0,1,0,0,0,0,0,0,0,0,0,4.578427099528957,4.580066211550036,4.5833363974799,-0.001639112,-0.00163643,-0.001631091,184.7089462280273,183.9757251739502,182.5092830657959,
1/3/2021,93.86458333333334,105.54166666666669,96.79444444444444,98.85,337.75,386.5,129.07405555555556,97.0417,186.17538833618164,2.1118190212513763,10.45,27.1,22.525,194.1,0,98.8,215.5,230,101.2,217.79,101.355,99.33,211.17,230,95,117,3064976,4.195849840789182,2020Yala,47.06769197402376,1.08,51.66,1513,1517,1545,1516,1662,1579,1484,1493,4.575140793336247,-0.001644503,3.4742151982316474e-06,0.0237088987489745,0.0473124281114253,3.4742151982316474e-06,0.003946110674855,0,0,0,0,0,0,0,0,0,0,0,0,0,1,0,0,0,0,0,0,0,0,0,4.576785296408043,4.578427099528957,4.581702641278874,-0.001641803,-0.001639112,-0.001633756,185.4421672821045,184.7089462280273,183.24250411987305,
1/10/2021,89.93229166666667,103.77083333333334,97.06388888888888,99.65833333333332,378.5416666666666,435.4166666666666,130.85646111111112,96.88198333333332,186.9086093902588,2.488061887531714,12.091666666666669,26.86666666666667,22.39583333333333,205.76666666666665,0,98.8,215.5,230,101.2,217.79,101.8575,99.33,211.17,230,95,117,3064976,4.195849840789182,2020Yala,47.06769197402376,1.08,51.66,1513,1517,1545,1516,1662,1579,1484,1493,4.573493581418781,-0.001647212,3.4856419882644576e-06,0.0014826038548148,0.047080515036229,3.4856419882644576e-06,0.0039306000719046,0,0,0,0,0,0,0,0,0,0,0,0,0,1,0,0,0,0,0,0,0,0,0,4.575140793336247,4.576785296408043,4.580066211550036,-0.001644503,-0.001641803,-0.00163643,186.17538833618164,185.4421672821045,183.9757251739502,
1/17/2021,86,102,97.33333333333331,100.46666666666664,419.3333333333333,484.3333333333333,132.63886666666667,96.72226666666666,187.641830444336,2.864304753812052,13.733333333333334,26.633333333333336,22.266666666666666,217.4333333333333,0,98.8,215.5,230,101.2,217.79,102.36,99.33,211.17,230,95,117,3064976,4.195849840789182,2020Yala,47.06769197402376,1.17,54.01,1612,1594,1633,1584,1791,1633,1532,1581,4.57184365171683,-0.00164993,3.4971252464109468e-06,6.592016622417206e-06,0.0452752308075301,3.4971252464109468e-06,0.0039152109238305,0,0,0,0,0,0,0,0,0,0,0,0,0,1,0,0,0,0,0,0,0,0,0,4.573493581418781,4.575140793336247,4.578427099528957,-0.001647212,-0.001644503,-0.001639112,186.9086093902588,186.17538833618164,184.7089462280273,
1/24/2021,72.8,87,96.64,100.64,440,474.4,133.05,107.73332,191.35062255859376,4.99560901453767,3.54,27.52,21.5,168.14,0,98.8,215.5,230,101.2,217.79,104.08,99.33,211.17,230,95,117,3064976,4.195849840789182,2020Yala,47.06769197402376,1.17,54.01,1612,1594,1633,1584,1791,1633,1532,1581,4.679658923498626,0.1078152717817957,0.0547312433842711,0.0386989265905341,0.0428781698404943,0.0547312433842711,0.0195724767716072,0,0,0,0,0,0,0,0,0,0,0,0,0,1,0,0,0,0,0,0,0,0,0,4.57184365171683,4.573493581418781,4.576785296408043,-0.00164993,-0.001647212,-0.001641803,187.641830444336,186.9086093902588,185.4421672821045,
1/31/2021,86.15,130.25,94.7,95.75,287.125,463.25,130.2708,105.35415,192.9365005493164,6.073076175738695,3.5,26.375,19.8,44.92500000000001,0,98.8,215.5,230,101.2,217.79,104.08,99.33,211.17,230,95,117,3064976,4.195849840789182,2020Yala,47.06769197402376,1.17,54.01,1612,1594,1633,1584,1791,1633,1532,1581,4.657327541467315,-0.022331382,0.0589903767175724,0.0403982546213948,0.0390415720031391,0.0589903767175724,0.008253656653963,0,0,0,0,0,0,0,0,0,0,0,0,0,1,0,0,0,0,0,0,0,0,0,4.679658923498626,4.57184365171683,4.575140793336247,0.1078152717817957,-0.00164993,-0.001644503,191.35062255859376,187.641830444336,186.17538833618164,
2/7/2021,457,142.5,97.51666666666668,96.33333333333331,243.46666666666667,342.6,126.2,113.2222,189.88956705729169,4.591495292793524,4.233333333333333,26.766666666666666,21.933333333333334,44.23333333333335,0,98.8,215.5,230,101.2,217.79,104.08,99.33,211.17,230,95,117,3064976,4.195849840789182,2020Yala,47.06769197402376,1.17,54.01,1612,1594,1633,1584,1791,1633,1532,1581,4.729352268447823,0.0720247269805076,0.061210359789948,0.0455727300548998,0.0375852745861866,0.061210359789948,-0.015918445,0,0,0,0,0,0,0,0,0,0,0,0,0,1,0,0,0,0,0,0,0,0,0,4.657327541467315,4.679658923498626,4.573493581418781,-0.022331382,0.1078152717817957,-0.001647212,192.9365005493164,191.35062255859376,186.9086093902588,
2/14/2021,101.8,144.8,92.96,93,224.9,466.4,119.81,99.33332,192.1818847656249,5.9408814753653205,0.86,27.22,19.4,52.18000000000002,0,98.8,215.5,230,101.2,217.79,104.08,99.33,211.17,230,95,117,3064976,4.195849840789182,2020Yala,47.06769197402376,1.17,54.01,1612,1594,1633,1584,1791,1633,1532,1581,4.598481073676213,-0.130871195,0.1068648153949893,0.0701001524539325,0.0559577486559722,0.1068648153949893,0.011999562862595,0,0,0,0,0,0,0,0,0,0,0,0,0,1,0,0,0,0,0,0,0,0,0,4.729352268447823,4.657327541467315,4.57184365171683,0.0720247269805076,-0.022331382,-0.00164993,189.88956705729169,192.9365005493164,187.641830444336,
2/21/2021,294.4,122.35,93.64,93.2,220.075,495.4,118.5,98.53332,192.59537353515623,6.147382921035471,0.6,29.24,20.82,16.62000000000001,0,98.8,215.5,230,101.2,217.79,102.61,99.33,211.17,230,95,117,3064976,4.195849840789182,2020Yala,47.06769197402376,1.17,54.01,1612,1594,1633,1584,1791,1633,1532,1581,4.590394775236781,-0.008086298,0.0834403733656894,0.0701916054393303,0.0560176596350547,0.0834403733656894,0.0021492378649119,0,0,0,0,0,0,0,0,0,0,0,0,0,1,0,0,0,0,0,0,0,0,0,4.598481073676213,4.729352268447823,4.679658923498626,-0.130871195,0.0720247269805076,0.1078152717817957,192.1818847656249,189.88956705729169,191.35062255859376,
2/28/2021,172.75,120.75,93.6,395.4,173.5,299,119.05,97.86665,191.31313705444336,5.394406843609128,0.85,29.5,21.725,11.500000000000014,0,98.8,215.5,230,101.2,217.79,102.61,99.33,211.17,230,95,117,3064976,4.195849840789182,2020Yala,47.06769197402376,1.17,54.01,1612,1594,1633,1584,1791,1633,1532,1581,4.583605847990494,-0.006788927,0.0838005303302621,0.0702501759604486,0.0560560031249371,0.0838005303302621,-0.006679931,0,0,0,0,0,0,0,0,0,0,0,0,0,1,0,0,0,0,0,0,0,0,0,4.590394775236781,4.598481073676213,4.657327541467315,-0.008086298,-0.130871195,-0.022331382,192.59537353515623,192.1818847656249,192.9365005493164,
3/7/2021,193.6,117.85,93.92,93.72,138.3,499.4,119.32,104.89996,192.23779907226563,2.770177465487027,0,30.24,20.44,9.740000000000013,0,98.8,215.5,230,101.2,217.79,102.61,99.33,211.17,230,95,117,6031094,4.036730934758717,2020-2021Maha,-3.988666668,1.17,54.01,1612,1594,1633,1584,1791,1633,1532,1581,4.653007143619532,0.0694012956290377,0.0828616169491495,0.0742371618600644,0.0594947126511631,0.0828616169491495,0.0048215958678126,0,0,0,0,0,0,0,0,0,0,0,0,1,0,0,0,0,0,0,0,0,0,0,4.583605847990494,4.590394775236781,4.729352268447823,-0.006788927,-0.008086298,0.0720247269805076,191.31313705444336,192.59537353515623,189.88956705729169,
3/14/2021,168.25,103.125,94.1,96.05,138.9375,506.75,119.25,105.3875,193.41865539550776,1.0134489546293537,2.975,29.2,22.3,12.700000000000015,0,98.8,215.5,230,101.2,217.79,102.61,99.33,211.17,230,95,117,6031094,4.036730934758717,2020-2021Maha,-3.988666668,1.17,54.01,1612,1594,1633,1584,1791,1633,1532,1581,4.657644042737585,0.0046368991180534,0.0368531056899677,0.074130155235802,0.0594482697990369,0.0368531056899677,0.0061238959899085,0,0,0,0,0,0,0,0,0,0,0,0,1,0,0,0,0,0,0,0,0,0,0,4.653007143619532,4.583605847990494,4.598481073676213,0.0694012956290377,-0.006788927,-0.130871195,192.23779907226563,191.31313705444336,192.1818847656249,
3/21/2021,202.4,68.2,93.76,96.52,140.65,499.8,122.8,105.98332,195.05400390625,1.6846197065017154,0.2799999999999999,30.52,21.9,17.240000000000016,0,98.8,215.5,230,101.2,217.79,102.71,99.33,211.17,230,95,117,6031094,4.036730934758717,2020-2021Maha,-3.988666668,1.17,54.01,1612,1594,1633,1584,1791,1633,1532,1581,4.663281732674802,0.0056376899372168,0.0345822045193801,0.0629753885775328,0.0593936228980162,0.0345822045193801,0.0084194247575837,0,0,0,0,0,0,0,0,0,0,0,0,1,0,0,0,0,0,0,0,0,0,0,4.657644042737585,4.653007143619532,4.590394775236781,0.0046368991180534,0.0694012956290377,-0.008086298,193.41865539550776,192.23779907226563,192.59537353515623,
3/28/2021,164,64.47999999999999,93.76,96.2,123.2,502.8,123.92,107.8,195.4310852050781,2.040690105100116,0.92,30.44,22.52,15.620000000000012,0,98.8,215.5,230,101.2,217.79,102.71,99.33,211.17,230,95,117,6031094,4.036730934758717,2020-2021Maha,-3.988666668,1.17,54.01,1612,1594,1633,1584,1791,1633,1532,1581,4.680277667751335,0.0169959350765322,0.0306720602579714,0.0627001437244759,0.059384805879648,0.0306720602579714,0.0019313485949883,0,0,0,0,0,0,0,0,0,0,0,0,1,0,0,0,0,0,0,0,0,0,0,4.663281732674802,4.657644042737585,4.583605847990494,0.0056376899372168,0.0046368991180534,-0.006788927,195.05400390625,193.41865539550776,191.31313705444336,
4/4/2021,180.5,96.375,94.6,74.87,145.03125,421.5,119.175,109.10835,196.15338516235352,2.112209839402701,0.575,32.925,22.875,23.275000000000013,0,98.8,215.5,230,101.2,217.79,102.71,99.33,211.17,230,95,117,6031094,4.036730934758717,2020-2021Maha,-3.988666668,1.17,54.01,1612,1594,1633,1584,1791,1633,1532,1581,4.692341434364277,0.0120637666129423,0.005798966809654,0.05653285092616,0.0592981735155812,0.005798966809654,0.0036891185806862,0,0,0,0,0,0,0,0,0,0,0,0,1,0,0,0,0,0,0,0,0,0,0,4.680277667751335,4.663281732674802,4.653007143619532,0.0169959350765322,0.0056376899372168,0.0694012956290377,195.4310852050781,195.05400390625,192.23779907226563,
4/11/2021,299.2,101.25,96.8,500.4,204.95,239.6,125.24,99.52,197.04957885742184,2.270271353249478,3,33.08,22.880000000000003,14.920000000000012,0,98.8,215.5,230,101.2,217.79,102.71,99.33,211.17,230,95,117,6031094,4.036730934758717,2020-2021Maha,-3.988666668,1.17,54.01,1612,1594,1633,1584,1791,1633,1532,1581,4.600358639039101,-0.091982795,0.0519827217719314,0.0445230152766027,0.0662271768876457,0.0519827217719314,0.004558435842938,0,0,0,0,0,0,0,0,0,0,0,0,1,0,0,0,0,0,0,0,0,0,0,4.692341434364277,4.680277667751335,4.657644042737585,0.0120637666129423,0.0169959350765322,0.0046368991180534,196.15338516235352,195.4310852050781,193.41865539550776,
4/18/2021,196.86,107.05,97.8,498.6,183.275,226.4,123.48,102.11,193.22467651367185,0.5868161930370253,1.91,31.82,23.15,68.73,0,98.8,215.5,230,101.2,217.79,102.835,99.33,211.17,230,95,117,6031094,4.036730934758717,2020-2021Maha,-3.988666668,1.17,54.01,1612,1594,1633,1584,1791,1633,1532,1581,4.626050673360806,0.0256920343217057,0.0554038915390956,0.0452174230057444,0.0580835198110526,0.0554038915390956,-0.019601727,0,0,0,0,0,0,0,0,0,0,0,0,1,0,0,0,0,0,0,0,0,0,0,4.600358639039101,4.692341434364277,4.663281732674802,-0.091982795,0.0120637666129423,0.0056376899372168,197.04957885742184,196.15338516235352,195.05400390625,
4/25/2021,94.52,112.85,98.8,496.8,161.6,213.2,121.72,104.7,189.39977416992187,-1.096638967,0.82,30.56,23.42,122.54,0,98.8,215.5,230,101.2,217.79,102.96,99.33,211.17,230,95,117,6031094,4.036730934758717,2020-2021Maha,-3.988666668,1.17,54.01,1612,1594,1633,1584,1791,1633,1532,1581,4.65109912742759,0.0250484540667832,0.056806771825174,0.0454864861543286,0.0583684509397818,0.056806771825174,-0.01999365,0,0,0,0,0,0,0,0,0,0,0,0,1,0,0,0,0,0,0,0,0,0,0,4.626050673360806,4.600358639039101,4.680277667751335,0.0256920343217057,-0.091982795,0.0169959350765322,193.22467651367185,197.04957885742184,195.4310852050781,
5/2/2021,75.05,124.375,101.9,496.25,320.55625,238,130.6,105.6,192.4801254272461,-0.237260781,4.4,31.4,23.775,39.87500000000002,0,98.8,215.5,230,101.2,217.79,102.96,99.33,211.17,230,95,117,6031094,4.036730934758717,2020-2021Maha,-3.988666668,1.17,54.01,1612,1594,1633,1584,1791,1633,1532,1581,4.659658380741858,0.0085592533142682,0.056434491915651,0.0383661903200568,0.0539020991046066,0.056434491915651,0.0161329153728635,0,0,0,0,0,0,0,0,0,0,0,0,1,0,0,0,0,0,0,0,0,0,0,4.65109912742759,4.626050673360806,4.692341434364277,0.0250484540667832,0.0256920343217057,0.0120637666129423,189.39977416992187,193.22467651367185,196.15338516235352,
5/9/2021,102,122.25,108.16,494.25,229.42,219.2,139.2,113.56,194.38666381835927,0.1416641585215927,15.34,30.64,22.76,118.12000000000003,0,98.8,215.5,230,101.2,217.79,102.96,99.33,211.17,230,95,117,6031094,4.036730934758717,2020-2021Maha,-3.988666668,1.17,54.01,1612,1594,1633,1584,1791,1633,1532,1581,4.732331340410688,0.0726729596688295,0.0276159801939631,0.0460928658355118,0.0415885334787164,0.0276159801939631,0.0098563840007956,0,0,0,0,0,0,0,0,0,0,0,0,1,0,0,0,0,0,0,0,0,0,0,4.659658380741858,4.65109912742759,4.600358639039101,0.0085592533142682,0.0250484540667832,-0.091982795,192.4801254272461,189.39977416992187,197.04957885742184,
5/16/2021,67,125,109.4,209.3,130.9,143.4,140.8,133.05,193.54714584350583,-1.003769471,9.525,30.05,23.55,160.62500000000003,0,98.8,215.5,230,101.2,217.79,102.96,99.33,211.17,230,95,117,6031094,4.036730934758717,2020-2021Maha,-3.988666668,1.17,54.01,1612,1594,1633,1584,1791,1633,1532,1581,4.89072500493967,0.1583936645289823,0.0672246791220832,0.0698565920537006,0.0587949461436951,0.0672246791220832,-0.004328157,0,0,0,0,0,0,0,0,0,0,0,0,1,0,0,0,0,0,0,0,0,0,0,4.732331340410688,4.659658380741858,4.626050673360806,0.0726729596688295,0.0085592533142682,0.0256920343217057,194.38666381835927,192.4801254272461,193.22467651367185,
5/23/2021,134,832,110.8,188.48,148.5,142.95999999999998,143.4,137.2,194.1181427001953,-0.879315969,1.36,29.98,24.1,73.36000000000003,0,98.8,215.5,230,101.2,217.79,111.12,99.33,211.17,230,95,117,6031094,4.036730934758717,2020-2021Maha,-3.988666668,1.17,54.01,1612,1594,1633,1584,1791,1633,1532,1581,4.921439722580415,0.0307147176407447,0.0661199853299532,0.0697040165068093,0.0579405261663601,0.0661199853299532,0.0029458261213388,0,0,0,0,0,0,0,0,0,0,0,0,1,0,0,0,0,0,0,0,0,0,0,4.89072500493967,4.732331340410688,4.65109912742759,0.1583936645289823,0.0726729596688295,0.0250484540667832,193.54714584350583,194.38666381835927,189.39977416992187,
5/30/2021,125.63333333333334,708.6666666666666,111.73333333333332,282.4866666666667,210,166.80666666666664,144.63333333333333,130.66666666666666,194.35370992024733,-0.827109081,1.34,29.60333333333333,23.95,59.99000000000002,0,98.8,215.5,230,101.2,217.79,111.12,99.33,211.17,230,95,117,6031094,4.036730934758717,2020-2021Maha,-3.988666668,1.17,54.01,1612,1594,1633,1584,1791,1633,1532,1581,4.872649558775414,-0.048790164,0.0863181624645821,0.0750728309801205,0.0602893290997833,0.0863181624645821,0.0012127892722428,0,0,0,0,0,0,0,0,0,0,0,0,1,0,0,0,0,0,0,0,0,0,0,4.921439722580415,4.89072500493967,4.659658380741858,0.0307147176407447,0.1583936645289823,0.0085592533142682,194.1181427001953,193.54714584350583,192.4801254272461,
6/6/2021,117.26666666666668,585.3333333333334,112.66666666666666,376.4933333333333,271.5,190.6533333333333,145.86666666666667,124.13333333333333,194.5892771402995,-0.774902193,1.32,29.226666666666667,23.8,46.62000000000002,0,98.8,215.5,230,101.2,217.79,111.12,99.33,211.17,230,95,117,6031094,4.036730934758717,2020-2021Maha,-3.988666668,1.17,54.01,1612,1594,1633,1584,1791,1633,1532,1581,4.821356264790656,-0.051293294,0.0984243696862067,0.067167765094114,0.0635174239882926,0.0984243696862067,0.0012113201959236,0,0,0,0,0,0,0,0,0,0,0,0,1,0,0,0,0,0,0,0,0,0,0,4.872649558775414,4.921439722580415,4.732331340410688,-0.048790164,0.0307147176407447,0.0726729596688295,194.35370992024733,194.1181427001953,194.38666381835927,
6/13/2021,108.9,462,113.6,470.5,333,214.5,147.1,117.6,194.8248443603516,-0.722695305,1.3,28.85,23.65,33.25000000000002,0,98.8,215.5,230,101.2,217.79,111.12,99.33,211.17,230,95,117,6031094,4.036730934758717,2020-2021Maha,-3.988666668,1.17,54.01,1612,1594,1633,1584,1791,1633,1532,1581,4.767289043967928,-0.054067221,0.0411056817804853,0.0731487755693649,0.0664711760554357,0.0411056817804853,0.0012098546743439,0,0,0,0,0,0,0,0,0,0,0,0,1,0,0,0,0,0,0,0,0,0,0,4.821356264790656,4.872649558775414,4.89072500493967,-0.051293294,-0.048790164,0.1583936645289823,194.5892771402995,194.35370992024733,193.54714584350583,
6/20/2021,155,766,113.6,468,139,260,144.6,118.4,195.054428100586,-0.435229753,0.7,29.8,24,23.800000000000026,0,98.8,215.5,230,101.2,217.79,113.69,99.33,211.17,230,95,117,6031094,4.036730934758717,2020-2021Maha,-3.988666668,1.17,54.01,1612,1594,1633,1584,1791,1633,1532,1581,4.774068730895851,0.0067796869279233,0.0291613803784902,0.0731701411770761,0.0664202108435756,0.0291613803784902,0.0011777172156079,0,0,0,0,0,0,0,0,0,0,0,0,1,0,0,0,0,0,0,0,0,0,0,4.767289043967928,4.821356264790656,4.921439722580415,-0.054067221,-0.051293294,0.0307147176407447,194.8248443603516,194.5892771402995,194.1181427001953,
6/27/2021,119.225,446.5,111.35,501.25,321.775,264.875,141.85,116.25,195.9977149963379,-0.676425467,0.6,30.025,24.1,14.10000000000002,0,98.8,215.5,230,101.2,217.79,113.69,99.33,211.17,230,95,117,6031094,4.036730934758717,2020-2021Maha,-3.988666668,1.17,54.01,1612,1594,1633,1584,1791,1633,1532,1581,4.755743053069616,-0.018325678,0.0289786026166845,0.0741386866041388,0.0668216538704005,0.0289786026166845,0.0048243628739585,0,0,0,0,0,0,0,0,0,0,0,0,1,0,0,0,0,0,0,0,0,0,0,4.774068730895851,4.767289043967928,4.872649558775414,0.0067796869279233,-0.054067221,-0.048790164,195.054428100586,194.8248443603516,194.35370992024733,
7/4/2021,122.5,505.5,110.98664,520.4,280.6,253.4,139.2,112.98664,196.4273315429688,3.7156282173036814,0.82,30.18,23.6,9.62000000000002,0,98.8,215.5,230,101.2,217.79,113.69,99.33,211.17,230,95,117,6031094,4.036730934758717,2020-2021Maha,-3.988666668,1.17,54.01,1612,1594,1633,1584,1791,1633,1532,1581,4.727269590484721,-0.028473463,0.0251841318506376,0.0708681102292496,0.0606473805372079,0.0251841318506376,0.0021895478887801,0,0,0,0,0,0,0,0,0,0,0,0,1,0,0,0,0,0,0,0,0,0,0,4.755743053069616,4.774068730895851,4.821356264790656,-0.018325678,0.0067796869279233,-0.051293294,195.9977149963379,195.054428100586,194.5892771402995,
7/11/2021,211.4,266.76,109.48,421.288,250.12,241.7,136.8,110.64,196.09546813964843,1.5581564201168383,1.9,30.4,23.68,13.26000000000002,0,98.8,215.5,230,101.2,217.79,113.69,99.33,211.17,230,95,117,6031094,4.036730934758717,2020-2021Maha,-3.988666668,1.17,54.01,1612,1594,1633,1584,1791,1633,1532,1581,4.706281696394825,-0.020987894,0.0153030528333115,0.0299016195770934,0.061085145,0.0153030528333115,-0.001690926,0,0,0,0,0,0,0,0,0,0,0,0,1,0,0,0,0,0,0,0,0,0,0,4.727269590484721,4.755743053069616,4.767289043967928,-0.028473463,-0.018325678,-0.054067221,196.4273315429688,195.9977149963379,194.8248443603516,
7/18/2021,226,175,103,185.12,120.76,107.44,126,124.16,196.0926696777344,1.184111350071202,0.8,30.26,24.18,21.92000000000002,0,98.8,215.5,230,101.2,217.79,113.01399999999998,99.33,211.17,230,95,117,6031094,4.036730934758717,2020-2021Maha,-3.988666668,1.17,54.01,1612,1594,1633,1584,1791,1633,1532,1581,4.821571064489032,0.1152893680942073,0.0690762397863289,0.0555655219909572,0.0686388788123096,0.0690762397863289,-1.43E-05,0,0,0,0,0,0,0,0,0,0,0,0,1,0,0,0,0,0,0,0,0,0,0,4.706281696394825,4.727269590484721,4.774068730895851,-0.020987894,-0.028473463,0.0067796869279233,196.09546813964843,196.4273315429688,195.054428100586,
7/25/2021,202.8,169.66666666666666,101.72,103.46666666666664,102,92.2,126.05666666666669,122.53333333333336,196.0553690592448,1.1378408045875938,0.2666666666666666,30.73333333333333,24.066666666666663,23.933333333333355,0,98.8,215.5,230,101.2,217.79,112,99.33,211.17,230,95,117,6031094,4.036730934758717,2020-2021Maha,-3.988666668,1.17,54.01,1612,1594,1633,1584,1791,1633,1532,1581,4.808383109974467,-0.013187955,0.0683716471743599,0.0536344495536863,0.0690871541436685,0.0683716471743599,-0.000190237,0,0,0,0,0,0,0,0,0,0,0,0,1,0,0,0,0,0,0,0,0,0,0,4.821571064489032,4.706281696394825,4.755743053069616,0.1152893680942073,-0.020987894,-0.018325678,196.0926696777344,196.09546813964843,195.9977149963379,
8/1/2021,179.6,164.33333333333334,100.44,101.88,99.12,91.04,126.11333333333332,119.44,196.3249328613281,1.1368526766911335,0.7,29.82,23.92,26.54000000000002,0,98.8,215.5,230,101.2,217.79,112,99.33,211.17,230,95,117,6031094,4.036730934758717,2020-2021Maha,-3.988666668,1.17,54.01,1612,1594,1633,1584,1791,1633,1532,1581,4.78281416160334,-0.025568948,0.0677950920391393,0.0513947380657229,0.0670865608311299,0.0677950920391393,0.0013739927401967,0,0,0,0,0,0,0,0,0,0,0,0,1,0,0,0,0,0,0,0,0,0,0,4.808383109974467,4.821571064489032,4.727269590484721,-0.013187955,0.1152893680942073,-0.028473463,196.0553690592448,196.0926696777344,196.4273315429688,
8/8/2021,156.4,159,99.16,89.92,316.6,96.64,126.17,116.12,196.5568756103516,0.6321565833814669,0.8400000000000001,30.18,23.92,17.66000000000002,0,98.8,215.5,230,101.2,217.79,112,99.33,211.17,230,95,117,6031094,4.036730934758717,2020-2021Maha,-3.988666668,1.17,54.01,1612,1594,1633,1584,1791,1633,1532,1581,4.75462414776821,-0.028190014,0.0691128555081542,0.0485900974387272,0.0465945304978572,0.0691128555081542,0.0011807254486591,0,0,0,0,0,0,0,0,0,0,0,0,1,0,0,0,0,0,0,0,0,0,0,4.78281416160334,4.808383109974467,4.706281696394825,-0.025568948,-0.013187955,-0.020987894,196.3249328613281,196.0553690592448,196.09546813964843,
8/15/2021,138,88,107.56665,99.85,157.95,92.5,126.9375,118,196.7072639465332,0.3096865681956661,1.925,30.075,23.8,13.550000000000022,0,98.8,215.5,230,101.2,217.79,112,99.33,211.17,230,95,117,6031094,4.036730934758717,2020-2021Maha,-3.988666668,1.17,54.01,1612,1594,1633,1584,1791,1633,1532,1581,4.770684632940241,0.0160604851720309,0.0202727411411398,0.0489279009614474,0.0455729124313355,0.0202727411411398,0.000764821033095,0,0,0,0,0,0,0,0,0,0,0,0,1,0,0,0,0,0,0,0,0,0,0,4.75462414776821,4.78281416160334,4.821571064489032,-0.028190014,-0.025568948,0.1152893680942073,196.5568756103516,196.3249328613281,196.0926696777344,
8/22/2021,152.66666666666666,98.66666666666669,105.66,97.4,254.12,96.44,126.55,118.56,196.55441284179688,0.1031462650106984,0.96,30.64,23.68,19.140000000000025,0,98.8,215.5,230,101.2,217.79,107,99.33,211.17,230,95,117,6031094,4.036730934758717,2020-2021Maha,-3.988666668,1.17,54.01,1612,1594,1633,1584,1791,1633,1532,1581,4.7754191699823245,0.0047345370420837,0.0220389631550025,0.0483989368809462,0.0443066196142533,0.0220389631550025,-0.000777351,0,0,0,0,0,0,0,0,0,0,0,0,1,0,0,0,0,0,0,0,0,0,0,4.770684632940241,4.75462414776821,4.808383109974467,0.0160604851720309,-0.028190014,-0.013187955,196.7072639465332,196.5568756103516,196.0553690592448,
8/29/2021,156.92857142857142,104.42857142857144,106.15022666666668,107.7,99.6,91.8,126.625,117.2,196.617446899414,0.173314413531489,0.4,31.15,22.7,18.850000000000023,0,98.8,215.5,230,101.2,217.79,107,99.33,211.17,230,95,117,6031094,4.036730934758717,2020-2021Maha,-3.988666668,1.17,54.01,1612,1594,1633,1584,1791,1633,1532,1581,4.763881885675335,-0.011537284,0.0193091780095673,0.0472083628687792,0.0422207250920509,0.0193091780095673,0.00032064379113,0,0,0,0,0,0,0,0,0,0,0,0,1,0,0,0,0,0,0,0,0,0,0,4.7754191699823245,4.770684632940241,4.78281416160334,0.0047345370420837,0.0160604851720309,-0.025568948,196.55441284179688,196.7072639465332,196.3249328613281,
9/5/2021,161.19047619047618,110.1904761904762,106.64045333333333,110.5,100.6,94.2,126.625,119.2,196.46177673339844,0.2637947363694382,1.5,28.8,23.65,26.300000000000026,0,98.8,215.5,230,101.2,217.79,107,99.33,211.17,230,95,117,3298644,4.111576727385134,2021Yala,7.623811736209363,1.17,54.01,1612,1594,1633,1584,1791,1633,1532,1581,4.780802763020511,0.0169208773451758,0.0132721521759241,0.0461668014820265,0.0395791434905784,0.0132721521759241,-0.000792055,0,0,0,0,0,0,0,0,0,0,0,0,0,0,0,1,0,0,0,0,0,0,0,4.763881885675335,4.7754191699823245,4.75462414776821,-0.011537284,0.0047345370420837,-0.028190014,196.617446899414,196.55441284179688,196.5568756103516,
9/12/2021,165.45238095238096,115.95238095238096,107.13068,99.1,93.86666666666667,92.4778,127,106.66666666666669,197.03443400065103,0.4331742299196565,1.2,30.23333333333333,23.33333333333333,27.83333333333336,0,98.8,215.5,230,101.2,217.79,107,99.33,211.17,230,95,117,3298644,4.111576727385134,2021Yala,7.623811736209363,1.17,54.01,1612,1594,1633,1584,1791,1633,1532,1581,4.669708716500662,-0.111094047,0.0584086012708882,0.0410248457287424,0.0510215209593671,0.0584086012708882,0.0029106133833103,0,0,0,0,0,0,0,0,0,0,0,0,0,0,0,1,0,0,0,0,0,0,0,4.780802763020511,4.763881885675335,4.770684632940241,0.0169208773451758,-0.011537284,0.0160604851720309,196.46177673339844,196.617446899414,196.7072639465332,
9/19/2021,169.71428571428572,121.71428571428572,107.62090666666666,97.6,93.28,93.08,129.05,102.84,196.54860229492184,0.2236222738198456,2.8,30.76,24.04,20.18000000000002,0,98.8,215.5,230,101.2,217.79,104.6,99.33,211.17,230,95,117,3298644,4.111576727385134,2021Yala,7.623811736209363,1.17,54.01,1612,1594,1633,1584,1791,1633,1532,1581,4.633174392121531,-0.036534324,0.0548867769204268,0.0413825536456402,0.0516013912171129,0.0548867769204268,-0.002468765,0,0,0,0,0,0,0,0,0,0,0,0,0,0,0,1,0,0,0,0,0,0,0,4.669708716500662,4.780802763020511,4.7754191699823245,-0.111094047,0.0169208773451758,0.0047345370420837,197.03443400065103,196.46177673339844,196.55441284179688,
9/26/2021,173.97619047619048,127.47619047619048,108.11113333333331,103.55,97.7,93.7,131.1,114.55,196.71787643432617,0.2095310404532952,5.25,31.475,23.975,26.950000000000024,0,98.8,215.5,230,101.2,217.79,103,99.33,211.17,230,95,117,3298644,4.111576727385134,2021Yala,7.623811736209363,1.17,54.01,1612,1594,1633,1584,1791,1633,1532,1581,4.741011417629316,0.1078370255077851,0.0921249506799146,0.0616226898717282,0.0613069860316948,0.0921249506799146,0.0008608623320469,0,0,0,0,0,0,0,0,0,0,0,0,0,0,0,1,0,0,0,0,0,0,0,4.633174392121531,4.669708716500662,4.763881885675335,-0.036534324,-0.111094047,-0.011537284,196.54860229492184,197.03443400065103,196.617446899414,
10/3/2021,178.23809523809524,133.23809523809524,112.64332,109,102.4,94.28,133.14999999999998,127.96,196.80946350097656,0.1285087333172718,6.0200000000000005,28.8,23.42,54.44000000000002,0,98.8,215.5,230,101.2,217.79,103,99.33,211.17,230,95,117,3298644,4.111576727385134,2021Yala,7.623811736209363,1.17,54.01,1612,1594,1633,1584,1791,1633,1532,1581,4.851717722896259,0.1107063052669428,0.1100062441298575,0.0727841612274652,0.0683656653774076,0.1100062441298575,0.0004654673693247,0,0,0,0,0,0,0,0,0,0,0,0,0,0,0,1,0,0,0,0,0,0,0,4.741011417629316,4.633174392121531,4.780802763020511,0.1078370255077851,-0.036534324,0.0169208773451758,196.71787643432617,196.54860229492184,196.46177673339844,
10/10/2021,182.5,139,108.6,112.52,137.645,63.672,135.2,127.24,196.7362060546875,0.0118165667902614,4.58,28.82,23.08,75.38000000000002,0,98.8,215.5,230,101.2,217.79,103,99.33,211.17,230,95,117,3298644,4.111576727385134,2021Yala,7.623811736209363,1.17,54.01,1612,1594,1633,1584,1791,1633,1532,1581,4.846075074740107,-0.005642648,0.0763217604457533,0.0730211022585727,0.0602006543183634,0.0763217604457533,-0.000372295,0,0,0,0,0,0,0,0,0,0,0,0,0,0,0,1,0,0,0,0,0,0,0,4.851717722896259,4.741011417629316,4.669708716500662,0.1107063052669428,0.1078370255077851,-0.111094047,196.80946350097656,196.71787643432617,197.03443400065103,
10/17/2021,186.66666666666663,151,107.32,113.92,149.7,244.504,139.26666666666665,126.36,197.4494506835937,0.4499070399814897,2.68,29.28,23.58,53.68000000000002,0,98.8,215.5,230,101.2,217.79,105.2,99.33,211.17,230,95,117,3298644,4.111576727385134,2021Yala,7.623811736209363,1.17,54.01,1612,1594,1633,1584,1791,1633,1532,1581,4.8391349838477815,-0.006940091,0.0667327333472244,0.0732445223386018,0.0600838656547795,0.0667327333472244,0.0036188298152319,0,0,0,0,0,0,0,0,0,0,0,0,0,0,0,1,0,0,0,0,0,0,0,4.846075074740107,4.851717722896259,4.633174392121531,-0.005642648,0.1107063052669428,-0.036534324,196.7362060546875,196.80946350097656,196.54860229492184,
10/24/2021,206.16666666666663,158.66666666666666,101.2,114.73333333333332,177.45833333333334,507,142.53333333333333,121.6,197.98873901367188,0.780294618468691,7.433333333333334,30.3,22.6,50.33333333333335,0,98.8,215.5,230,101.2,217.79,114,99.33,211.17,230,95,117,3298644,4.111576727385134,2021Yala,7.623811736209363,1.17,54.01,1612,1594,1633,1584,1791,1633,1532,1581,4.800736977755751,-0.038398006,0.0656214182626499,0.0748639663479874,0.060740471244667,0.0656214182626499,0.0027275497194692,0,0,0,0,0,0,0,0,0,0,0,0,0,0,0,1,0,0,0,0,0,0,0,4.8391349838477815,4.846075074740107,4.741011417629316,-0.006940091,-0.005642648,0.1078370255077851,197.4494506835937,196.7362060546875,196.71787643432617,
10/31/2021,211.6,191.6,116.56,108.6,278.55,176.98,147.16,181.45,198.6439453,0.896461927147918,7.88,28.98,22.28,71.62000000000003,0,98.8,215.5,230,101.2,217.79,114,99.33,211.17,230,95,117,3298644,4.111576727385134,2021Yala,7.623811736209363,1.17,54.01,1612,1594,1633,1584,1791,1633,1532,1581,5.200980139170239,0.4002431614144885,0.2091673497587765,0.1591233686566249,0.1291254948840297,0.2091673497587765,0.0033038471986959,0,0,0,0,0,0,0,0,0,0,0,0,0,0,0,1,0,0,0,0,0,0,0,4.800736977755751,4.8391349838477815,4.851717722896259,-0.038398006,-0.006940091,0.1107063052669428,197.98873901367188,197.4494506835937,196.80946350097656,
11/7/2021,199.66666666666663,176,132.06666666666666,108.86666666666667,331.9166666666667,129.53333333333333,158.66666666666666,233,198.99420166015625,1.278430264782197,20.9,29.066666666666663,21.96666666666667,163.8666666666667,0,98.8,215.5,230,101.2,217.79,114,99.33,211.17,230,95,117,3298644,4.111576727385134,2021Yala,7.623811736209363,1.17,54.01,1612,1594,1633,1584,1791,1633,1532,1581,5.451038457857546,0.2500583186873069,0.2103577500426358,0.1572932241653878,0.1426081450175046,0.2103577500426358,0.0017616842807814,0,0,0,0,0,0,0,0,0,0,0,0,0,0,0,1,0,0,0,0,0,0,0,5.200980139170239,4.800736977755751,4.846075074740107,0.4002431614144885,-0.038398006,-0.005642648,198.6439453,197.98873901367188,196.7362060546875,
11/14/2021,324.7,255.4,129.86,115.92,229.213,119.44,151.04000000000002,191.56,198.6253295898437,0.9669319037630552,14.76,25.82,21.92,216.12000000000003,0,98.8,215.5,230,101.2,217.79,114,99.33,211.17,230,95,117,3298644,4.111576727385134,2021Yala,7.623811736209363,1.17,54.01,1612,1594,1633,1584,1791,1633,1532,1581,5.255201080694705,-0.195837377,0.2703532793299004,0.1844491801645105,0.1599513172625914,0.2703532793299004,-0.001855403,0,0,0,0,0,0,0,0,0,0,0,0,0,0,0,1,0,0,0,0,0,0,0,5.451038457857546,5.200980139170239,4.8391349838477815,0.2500583186873069,0.4002431614144885,-0.006940091,198.99420166015625,198.6439453,197.4494506835937,
11/21/2021,144.5,187.125,130.1875,125.45,206.575,156.35000000000002,150.5,145.4,198.959285736084,1.0841594676926858,3.525,27.325,22.65,132.60000000000002,0,98.8,215.5,230,101.2,217.79,132,99.33,211.17,230,95,117,3298644,4.111576727385134,2021Yala,7.623811736209363,1.17,54.01,1612,1594,1633,1584,1791,1633,1532,1581,4.979488571976998,-0.275712509,0.3312126123061842,0.2216157533259208,0.1840507945183153,0.3312126123061842,0.0016799252799364,0,0,0,0,0,0,0,0,0,0,0,0,0,0,0,1,0,0,0,0,0,0,0,5.255201080694705,5.451038457857546,4.800736977755751,-0.195837377,0.2500583186873069,-0.038398006,198.6253295898437,198.99420166015625,197.98873901367188,
11/28/2021,139.2,109.26,129.97,125.8,115.98,264.305,154.4,154.28,199.4140014648437,1.3612345323237074,11.12,27.62,21.9,67.74000000000002,0,98.8,215.5,230,101.2,217.79,132,99.33,211.17,230,95,117,3298644,4.111576727385134,2021Yala,7.623811736209363,1.17,54.01,1612,1594,1633,1584,1791,1633,1532,1581,5.038769139821748,0.0592805678447501,0.2407176161319469,0.2196713404238048,0.1844347170844968,0.2407176161319469,0.0022828635280731,0,0,0,0,0,0,0,0,0,0,0,0,0,0,0,1,0,0,0,0,0,0,0,4.979488571976998,5.255201080694705,5.200980139170239,-0.275712509,-0.195837377,0.4002431614144885,198.959285736084,198.6253295898437,198.6439453,
12/5/2021,135,108.52,130,126.84,117.64,312.61499999999995,145,142.52,199.4197143554688,0.9986208051408908,2.82,28.9,21.42,101.42000000000002,0,98.8,215.5,230,101.2,217.79,132,99.33,211.17,230,95,117,3298644,4.111576727385134,2021Yala,7.623811736209363,1.17,54.01,1612,1594,1633,1584,1791,1633,1532,1581,4.959482347754195,-0.079286792,0.1457891108562951,0.222585110020047,0.1825751351187197,0.1457891108562951,2.8647982205143308e-05,0,0,0,0,0,0,0,0,0,0,0,0,0,0,0,1,0,0,0,0,0,0,0,5.038769139821748,4.979488571976998,5.451038457857546,0.0592805678447501,-0.275712509,0.2500583186873069,199.4140014648437,198.959285736084,198.99420166015625,
12/12/2021,122.4,103.04,130.12,127.64,116.84,327.17,145.12,141.92000000000002,199.5585784912109,0.6569559395853043,1.42,29.160000000000004,21.76,76.06000000000002,0,98.8,215.5,230,101.2,217.79,132,99.33,211.17,230,95,117,3298644,4.111576727385134,2021Yala,7.623811736209363,1.17,54.01,1612,1594,1633,1584,1791,1633,1532,1581,4.955263525607493,-0.004218822,0.145310165744581,0.2225503068128076,0.1818355401198072,0.145310165744581,0.0006960987258848,0,0,0,0,0,0,0,0,0,0,0,0,0,0,0,1,0,0,0,0,0,0,0,4.959482347754195,5.038769139821748,5.255201080694705,-0.079286792,0.0592805678447501,-0.195837377,199.4197143554688,199.4140014648437,198.6253295898437,
12/19/2021,118.68,101.12,133.2,128.68,116.88,361.925,145,141.8,198.9209655761719,0.0744869200927822,5.68,27.22,21.82,36.56000000000002,0,98.8,215.5,230,101.2,217.79,131.796,99.33,211.17,230,95,117,3298644,4.111576727385134,2021Yala,7.623811736209363,1.17,54.01,1612,1594,1633,1584,1791,1633,1532,1581,4.954417621150213,-0.000845904,0.0567507914516793,0.2216690887584362,0.1801331894002688,0.0567507914516793,-0.003200232,0,0,0,0,0,0,0,0,0,0,0,0,0,0,0,1,0,0,0,0,0,0,0,4.955263525607493,4.959482347754195,4.979488571976998,-0.004218822,-0.079286792,-0.275712509,199.5585784912109,199.4197143554688,198.959285736084,
12/26/2021,116.4,128.95999999999998,135.14,128.56,150.527,330.52,146.01,143.48,199.59117126464844,0.4745156319735555,0.74,28,20.6,52.50000000000002,0,98.8,215.5,230,101.2,217.79,131.66,99.33,211.17,230,95,117,3298644,4.111576727385134,2021Yala,7.623811736209363,1.17,54.01,1612,1594,1633,1584,1791,1633,1532,1581,4.966195659633694,0.0117780384834809,0.0413396665640747,0.1603416784106382,0.1777417803917449,0.0413396665640747,0.0033635428134548,0,0,0,0,0,0,0,0,0,0,0,0,0,0,0,1,0,0,0,0,0,0,0,4.954417621150213,4.955263525607493,5.038769139821748,-0.000845904,-0.004218822,0.0592805678447501,198.9209655761719,199.5585784912109,199.4140014648437,
1/2/2022,121.13,111.98,145.18,139.64,420.035,192.409,151.7,148.84,199.77135620117187,0.4149194099814446,3.22,28.1,20.82,32.46000000000002,0,98.8,215.5,230,101.2,217.79,131.66,99.33,211.17,230,95,117,3298644,4.111576727385134,2021Yala,7.623811736209363,1.17,54.01,1612,1594,1633,1584,1791,1633,1532,1581,5.002871910197046,0.0366762505633513,0.0185447209767349,0.1198606176434653,0.1778329610877138,0.0185447209767349,0.0009023628180182,0,0,0,0,0,0,0,0,0,0,0,0,0,0,0,1,0,0,0,0,0,0,0,4.966195659633694,4.954417621150213,4.959482347754195,0.0117780384834809,-0.000845904,-0.079286792,199.59117126464844,198.9209655761719,199.4197143554688,
1/9/2022,128.075,120.05,156.1875,150.5625,447.28125,227.25,163.1875,159,199.3539085388184,-0.04000828,3.675,26.775,21.8,36.05000000000002,0,98.8,215.5,230,101.2,217.79,131.66,99.33,211.17,230,95,117,3298644,4.111576727385134,2021Yala,7.623811736209363,0.9,110.718833214428,2075,2163,2133,2115,2403,2195,2053,2104,5.068904208509539,0.0660322983124936,0.0295313297932561,0.1117026032383147,0.1783335896956093,0.0295313297932561,-0.002091814,0,0,0,0,0,0,0,0,0,0,0,0,0,0,0,1,0,0,0,0,0,0,0,5.002871910197046,4.966195659633694,4.955263525607493,0.0366762505633513,0.0117780384834809,-0.004218822,199.77135620117187,199.59117126464844,199.5585784912109,
1/16/2022,125.25,117.65,159.375,152.875,446.625,212.9375,164.5,160.25,199.51501083374023,-0.004616791,3.525,27.6,22.025,53.77500000000002,0,98.8,215.5,230,101.2,217.79,131.66,99.33,211.17,230,95,117,3298644,4.111576727385134,2021Yala,7.623811736209363,0.9,110.718833214428,2075,2163,2133,2115,2403,2195,2053,2104,5.076735102041029,0.0078308935314899,0.0268642595714513,0.045579508308739,0.177474724202594,0.0268642595714513,0.0008077957195959,0,0,0,0,0,0,0,0,0,0,0,0,0,0,0,1,0,0,0,0,0,0,0,5.068904208509539,5.002871910197046,4.954417621150213,0.0660322983124936,0.0366762505633513,-0.000845904,199.3539085388184,199.77135620117187,198.9209655761719,
1/23/2022,123.65,115.05,161,157.65,456.625,225.7,167.8325,164.5,199.5447540283203,0.1813086173022726,0.4,28.15,19.775,29.800000000000026,0,98.8,215.5,230,101.2,217.79,158.48,99.33,211.17,230,95,117,3298644,4.111576727385134,2021Yala,7.623811736209363,0.9,110.718833214428,2075,2163,2133,2115,2403,2195,2053,2104,5.1029105762844535,0.0261754742434243,0.0243526043267074,0.0420565201990749,0.1322899934436363,0.0243526043267074,0.0001490663660179,0,0,0,0,0,0,0,0,0,0,0,0,0,0,0,1,0,0,0,0,0,0,0,5.076735102041029,5.068904208509539,4.966195659633694,0.0078308935314899,0.0660322983124936,0.0117780384834809,199.51501083374023,199.3539085388184,199.59117126464844,
1/30/2022,120.08,110.28,156.574,150.9,485.5,272.36,162.966,159.55,199.36787109375,-0.001025573,0.1399999999999999,28.8,19.28,9.260000000000025,0,98.8,215.5,230,101.2,217.79,158.48,99.33,211.17,230,95,117,3298644,4.111576727385134,2021Yala,7.623811736209363,0.9,110.718833214428,2075,2163,2133,2115,2403,2195,2053,2104,5.07235735899188,-0.030553217,0.0401380324803135,0.0291548314865138,0.1043433686548104,0.0401380324803135,-0.000886826,0,0,0,0,0,0,0,0,0,0,0,0,0,0,0,1,0,0,0,0,0,0,0,5.1029105762844535,5.076735102041029,5.002871910197046,0.0261754742434243,0.0078308935314899,0.0366762505633513,199.5447540283203,199.51501083374023,199.77135620117187,
2/6/2022,118.05,107.95,156.38,149.105,510.25,240.375,161.6675,156.8125,199.41991424560547,0.0325803631257698,0.3,29.25,20.125,5.200000000000022,0,98.8,215.5,230,101.2,217.79,158.48,99.33,211.17,230,95,117,3298644,4.111576727385134,2021Yala,7.623811736209363,0.9,110.718833214428,2075,2163,2133,2115,2403,2195,2053,2104,5.055050830503684,-0.017306528,0.0253739652666948,0.0306586147389723,0.0906149527953191,0.0253739652666948,0.0002610067499722,0,0,0,0,0,0,0,0,0,0,0,0,0,0,0,1,0,0,0,0,0,0,0,5.07235735899188,5.1029105762844535,5.068904208509539,-0.030553217,0.0261754742434243,0.0660322983124936,199.36787109375,199.5447540283203,199.3539085388184,
2/13/2022,121.2,111.45,156.3125,150.3325,541.75,310.825,161.3125,154,199.3632431030273,-0.026521033,3.1,29.05,20.55,9.37500000000002,0,98.8,215.5,230,101.2,217.79,158.48,99.33,211.17,230,95,117,3298644,4.111576727385134,2021Yala,7.623811736209363,0.9,110.718833214428,2075,2163,2133,2115,2403,2195,2053,2104,5.036952608907136,-0.018098222,0.0248331391630804,0.0322925686417994,0.0401079132884497,0.0248331391630804,-0.00028422,0,0,0,0,0,0,0,0,0,0,0,0,0,0,0,1,0,0,0,0,0,0,0,5.055050830503684,5.07235735899188,5.076735102041029,-0.017306528,-0.030553217,0.0078308935314899,199.41991424560547,199.36787109375,199.51501083374023,
2/20/2022,120.5,315.25,155.5625,149.3375,485.875,279.6375,161.0625,156.75,199.6190643310547,-0.067527545,0.325,28.325,20.25,130.15000000000003,0,98.8,215.5,230,101.2,217.79,160.7525,99.33,211.17,230,95,117,3298644,4.111576727385134,2021Yala,7.623811736209363,0.9,110.718833214428,2075,2163,2133,2115,2403,2195,2053,2104,5.054652185892615,0.0176995769854793,0.0207494385856565,0.0323985364685415,0.0366163584808082,0.0207494385856565,0.0012823689523866,0,0,0,0,0,0,0,0,0,0,0,0,0,0,0,1,0,0,0,0,0,0,0,5.036952608907136,5.055050830503684,5.1029105762844535,-0.018098222,-0.017306528,0.0261754742434243,199.3632431030273,199.41991424560547,199.5447540283203,
2/27/2022,118.92,106.24,152.6,147.28,519.78,179.3,159.84,156.92000000000002,199.4532043457031,0.0015899011616183,0.64,29.5,21.74,133.24,0,98.8,215.5,230,101.2,217.79,161.51,99.33,211.17,230,95,117,3298644,4.111576727385134,2021Yala,7.623811736209363,0.9,110.718833214428,2075,2163,2133,2115,2403,2195,2053,2104,5.055736127714026,0.0010839418214105,0.0170533005242345,0.0307813143101563,0.0264782433424389,0.0170533005242345,-0.000831228,0,0,0,0,0,0,0,0,0,0,0,0,0,0,0,1,0,0,0,0,0,0,0,5.054652185892615,5.036952608907136,5.07235735899188,0.0176995769854793,-0.018098222,-0.030553217,199.6190643310547,199.3632431030273,199.36787109375,
3/6/2022,120.65,105.6,153.9375,149.7,502.325,181.95875,159.525,153.65,198.9363708496093,-0.290219858,0.75,28.525,21.6,13.150000000000013,0,98.8,215.5,230,101.2,217.79,161.51,99.33,211.17,230,95,117,5686791,2.520465853457469,2021-2022Maha,-5.708798437,0.9,110.718833214428,2075,2163,2133,2115,2403,2195,2053,2104,5.034677295084792,-0.021058833,0.0180895897837651,0.0204189273969295,0.0276080807144305,0.0180895897837651,-0.002594615,0,0,0,0,0,0,0,0,0,0,0,0,0,0,1,0,0,0,0,0,0,0,0,5.055736127714026,5.054652185892615,5.055050830503684,0.0010839418214105,0.0176995769854793,-0.017306528,199.4532043457031,199.6190643310547,199.41991424560547,
3/13/2022,127.92,113.24,154.786,150.94,514.12,191.2,160.84,156.6,215.1571533203125,7.835048822894535,0.64,30.54,21.78,10.980000000000016,0,98.8,215.5,230,101.2,217.79,161.51,99.33,211.17,230,95,117,5686791,2.520465853457469,2021-2022Maha,-5.708798437,0.9,110.718833214428,2075,2163,2133,2115,2403,2195,2053,2104,5.053694789942399,0.0190174948576071,0.0187039598414157,0.0217089467799667,0.0277151628382448,0.0187039598414157,0.0783836772928783,0,0,0,0,0,0,0,0,0,0,0,0,0,0,1,0,0,0,0,0,0,0,0,5.034677295084792,5.055736127714026,5.036952608907136,-0.021058833,0.0010839418214105,-0.018098222,198.9363708496093,199.4532043457031,199.3632431030273,
3/20/2022,144.75,130.95,164.15,157,91.3875,188.4,168.9375,164.15,258.3903694152832,29.61998700028224,2.05,30.575,22.1,12.025000000000013,0,98.8,215.5,230,101.2,217.79,167.3075,99.33,211.17,230,95,117,5686791,2.520465853457469,2021-2022Maha,-5.708798437,0.9,110.718833214428,2075,2163,2133,2115,2403,2195,2053,2104,5.100780650039591,0.0470858600971917,0.0288180145753193,0.0264484978935243,0.0299084844199744,0.0288180145753193,0.1831027935787048,0,0,0,0,0,0,0,0,0,0,0,0,0,0,1,0,0,0,0,0,0,0,0,5.053694789942399,5.034677295084792,5.054652185892615,0.0190174948576071,-0.021058833,0.0176995769854793,215.1571533203125,198.9363708496093,199.6190643310547,
3/27/2022,149.85,137.95999999999998,182.05,174.2,113.141,196.28,190.1,183.8,279.1899108886719,39.94892317044362,1.6800000000000002,31.6,23.54,16.520000000000014,0,98.8,215.5,230,101.2,217.79,169.24,99.33,211.17,230,95,117,5686791,2.520465853457469,2021-2022Maha,-5.708798437,0.9,110.718833214428,2075,2163,2133,2115,2403,2195,2053,2104,5.213848215362283,0.1130675653226926,0.0564406296513905,0.0451118384771397,0.041646778049589,0.0564406296513905,0.0774207330122163,0,0,0,0,0,0,0,0,0,0,0,0,0,0,1,0,0,0,0,0,0,0,0,5.100780650039591,5.053694789942399,5.055736127714026,0.0470858600971917,0.0190174948576071,0.0010839418214105,258.3903694152832,215.1571533203125,199.4532043457031,
4/3/2022,181.75,163,197.75,188.8,109.885,249.5,200.3,194.65,288.8957275390625,44.822588986839165,3.34,32.5,22.4,28.94000000000001,0,98.8,215.5,230,101.2,217.79,169.24,99.33,211.17,230,95,117,5686791,2.520465853457469,2021-2022Maha,-5.708798437,0.9,110.718833214428,2075,2163,2133,2115,2403,2195,2053,2104,5.271203079193891,0.0573548638316081,0.0394397702317045,0.0445578977289532,0.0407956756630198,0.0394397702317045,0.0341735840736916,0,0,0,0,0,0,0,0,0,0,0,0,0,0,1,0,0,0,0,0,0,0,0,5.213848215362283,5.100780650039591,5.034677295084792,0.1130675653226926,0.0470858600971917,-0.021058833,279.1899108886719,258.3903694152832,198.9363708496093,
4/10/2022,176.52,159.8,201.65,193.8,114.636,233.8,204.93400000000003,197.4,298.3448852539062,49.58731542262194,8.139999999999999,30.58,21.82,60.40000000000001,0,98.8,215.5,230,101.2,217.79,169.24,99.33,211.17,230,95,117,5686791,2.520465853457469,2021-2022Maha,-5.708798437,0.9,110.718833214428,2075,2163,2133,2115,2403,2195,2053,2104,5.285232132065238,0.0140290528713462,0.0411718434506554,0.0412345149704772,0.0407101378644803,0.0411718434506554,0.0321843316251575,0,0,0,0,0,0,0,0,0,0,0,0,0,0,1,0,0,0,0,0,0,0,0,5.271203079193891,5.213848215362283,5.053694789942399,0.0573548638316081,0.1130675653226926,0.0190174948576071,288.8957275390625,279.1899108886719,215.1571533203125,
4/17/2022,173,151,197.5,190,114.6,258.3,205,196.6,317.0744934082031,59.01941747349926,13,29.9,22.6,108.9,0,98.8,215.5,230,101.2,217.79,169.24,99.33,211.17,230,95,117,5686791,2.520465853457469,2021-2022Maha,-5.708798437,0.9,110.718833214428,2075,2163,2133,2115,2403,2195,2053,2104,5.281171212799536,-0.004060919,0.0521279558384326,0.0429230110153479,0.0410502101323254,0.0521279558384326,0.0608865906722915,0,0,0,0,0,0,0,0,0,0,0,0,0,0,1,0,0,0,0,0,0,0,0,5.285232132065238,5.271203079193891,5.100780650039591,0.0140290528713462,0.0573548638316081,0.0470858600971917,298.3448852539062,288.8957275390625,258.3903694152832,
4/24/2022,176.12,155.64,208.4,191.8,96.957,194.17,224.2,197.84,326.29912109375,63.94101109070266,3.72,30.48,23.22,95.94,0,98.8,215.5,230,101.2,217.79,206.17,99.33,211.17,230,95,117,5686791,2.520465853457469,2021-2022Maha,-5.708798437,0.9,110.718833214428,2075,2163,2133,2115,2403,2195,2053,2104,5.287458628267751,0.0062874154682148,0.0270049018151237,0.042488645242434,0.0386531287508811,0.0270049018151237,0.0286777687049308,0,0,0,0,0,0,0,0,0,0,0,0,0,0,1,0,0,0,0,0,0,0,0,5.281171212799536,5.285232132065238,5.213848215362283,-0.004060919,0.0140290528713462,0.1130675653226926,317.0744934082031,298.3448852539062,279.1899108886719,
5/1/2022,177,156.5,204.67,199.8,115.04375,201.225,210.5625,207.125,339.4634475708008,65.095857449891,2.875,31.625,23.225,64.97500000000001,0,98.8,215.5,230,101.2,217.79,206.17,99.33,211.17,230,95,117,5686791,2.520465853457469,2021-2022Maha,-5.708798437,0.9,110.718833214428,2075,2163,2133,2115,2403,2195,2053,2104,5.333322480574729,0.0458638523069785,0.0215377569590196,0.0375315289253318,0.0377087789058183,0.0215377569590196,0.0395517655643384,0,0,0,0,0,0,0,0,0,0,0,0,0,0,1,0,0,0,0,0,0,0,0,5.287458628267751,5.281171212799536,5.271203079193891,0.0062874154682148,-0.004060919,0.0573548638316081,326.29912109375,317.0744934082031,288.8957275390625,
5/8/2022,187,165,212,205.5,114.7625,197.4,220.5,213.5,349.20106506347656,38.81748875206752,0.7,30.950000000000003,24.5,46.70000000000002,0,98.8,215.5,230,101.2,217.79,206.17,99.33,211.17,230,95,117,5686791,2.520465853457469,2021-2022Maha,-5.708798437,0.9,110.718833214428,2075,2163,2133,2115,2403,2195,2053,2104,5.36363683735252,0.030314356777791,0.0226690051321444,0.0369521196346335,0.0354096338337794,0.0226690051321444,0.0282815981624846,0,0,0,0,0,0,0,0,0,0,0,0,0,0,1,0,0,0,0,0,0,0,0,5.333322480574729,5.287458628267751,5.285232132065238,0.0458638523069785,0.0062874154682148,0.0140290528713462,339.4634475708008,326.29912109375,298.3448852539062,
5/15/2022,206,183,216,210,166.85,202.5,227.3333333333333,217,358.2209065755208,37.46911059516277,2.733333333333333,29.3,24.166666666666668,16.500000000000014,0,98.8,215.5,230,101.2,217.79,206.17,99.33,211.17,230,95,117,5686791,2.520465853457469,2021-2022Maha,-5.708798437,0.9,110.718833214428,2075,2163,2133,2115,2403,2195,2053,2104,5.379897358148755,0.0162605207962345,0.0172208822968262,0.0375600135683901,0.0354472381473419,0.0172208822968262,0.0255019795296824,0,0,0,0,0,0,0,0,0,0,0,0,0,0,1,0,0,0,0,0,0,0,0,5.36363683735252,5.333322480574729,5.281171212799536,0.030314356777791,0.0458638523069785,-0.004060919,349.20106506347656,339.4634475708008,317.0744934082031,
5/22/2022,196.45,176.1,216.225,210.25,120.51875,257.775,222.25,218,355.21936798095703,27.842312622180927,3.4000000000000004,28.9,23.625,50.02500000000001,0,98.8,215.5,230,101.2,217.79,216.26,99.33,211.17,230,95,117,5686791,2.520465853457469,2021-2022Maha,-5.708798437,0.9,110.718833214428,2075,2163,2133,2115,2403,2195,2053,2104,5.384495067376245,0.0045977092274904,0.0178323583528994,0.02141551679564,0.0352265861474334,0.0178323583528994,-0.008414317,0,0,0,0,0,0,0,0,0,0,0,0,0,0,1,0,0,0,0,0,0,0,0,5.379897358148755,5.36363683735252,5.287458628267751,0.0162605207962345,0.030314356777791,0.0062874154682148,358.2209065755208,349.20106506347656,326.29912109375,
5/29/2022,195.32,176.07999999999998,212.6,206.4,118.365,288.5,222.4,219,355.8695129394531,23.724335376843506,1.8,29,23.74,60.820000000000014,0,98.8,215.5,230,101.2,217.79,216.26,99.33,211.17,230,95,117,5686791,2.520465853457469,2021-2022Maha,-5.708798437,0.9,110.718833214428,2075,2163,2133,2115,2403,2195,2053,2104,5.389071734382711,0.0045766670064653,0.0122264024336387,0.0162355519128236,0.0327082039847966,0.0122264024336387,0.0018285903640791,0,0,0,0,0,0,0,0,0,0,0,0,0,0,1,0,0,0,0,0,0,0,0,5.384495067376245,5.379897358148755,5.333322480574729,0.0045977092274904,0.0162605207962345,0.0458638523069785,355.21936798095703,358.2209065755208,339.4634475708008,
6/5/2022,210.72,188.44,218.28000000000003,212,121.78400000000002,331,223.7,219.8,357.05394287109374,21.406932529728145,1.64,28.24,23.36,26.84000000000001,0,98.8,215.5,230,101.2,217.79,216.26,99.33,211.17,230,95,117,5686791,2.520465853457469,2021-2022Maha,-5.708798437,0.9,110.718833214428,2075,2163,2133,2115,2403,2195,2053,2104,5.392718046519112,0.0036463121364009,0.0060098740458693,0.0167080307802709,0.0334500224360244,0.0060098740458693,0.0033227438609335,0,0,0,0,0,0,0,0,0,0,0,0,0,0,1,0,0,0,0,0,0,0,0,5.389071734382711,5.384495067376245,5.36363683735252,0.0045766670064653,0.0045977092274904,0.030314356777791,355.8695129394531,355.21936798095703,349.20106506347656,
6/12/2022,220.8,200.16,232.066,226.774,132.985,278.7,236.22,231.134,356.96747436523435,11.599464254919416,0.6799999999999999,29.76,23.72,15.380000000000017,0,98.8,215.5,230,101.2,217.79,216.26,99.33,211.17,230,95,117,5686791,2.520465853457469,2021-2022Maha,-5.708798437,0.9,110.718833214428,2075,2163,2133,2115,2403,2195,2053,2104,5.442997633243193,0.0502795867240815,0.0230072891719168,0.0194066732090151,0.0336257405546074,0.0230072891719168,-0.000242201,0,0,0,0,0,0,0,0,0,0,0,0,0,0,1,0,0,0,0,0,0,0,0,5.392718046519112,5.389071734382711,5.379897358148755,0.0036463121364009,0.0045766670064653,0.0162605207962345,357.05394287109374,355.8695129394531,358.2209065755208,
6/19/2022,165.75,415.75,147.125,257,342.375,198.96875,243,246.1675,354.23358154296875,6.55930444007814,3.3999999999999995,29.8,23.725,22.12500000000001,0,98.8,215.5,230,101.2,217.79,224.705,99.33,211.17,230,95,117,5686791,2.520465853457469,2021-2022Maha,-5.708798437,0.9,110.718833214428,2075,2163,2133,2115,2403,2195,2053,2104,5.506012202600222,0.0630145693570289,0.0307761310499969,0.0235141379987989,0.0238750764093416,0.0307761310499969,-0.007688139,0,0,0,0,0,0,0,0,0,0,0,0,0,0,1,0,0,0,0,0,0,0,0,5.442997633243193,5.392718046519112,5.384495067376245,0.0502795867240815,0.0036463121364009,0.0045977092274904,356.96747436523435,357.05394287109374,355.21936798095703,
6/26/2022,225,620.625,34.8875,285.625,453,109.375,239,184.55,356.4647705078125,2.527420845981383,0.8,29.62,23.62,30.82000000000001,0,98.8,215.5,230,101.2,217.79,227.52000000000004,99.33,211.17,230,95,117,5686791,2.520465853457469,2021-2022Maha,-5.708798437,0.9,110.718833214428,2075,2163,2133,2115,2403,2195,2053,2104,5.217920434894594,-0.288091768,0.1655151988743312,0.112801836712754,0.091876511900132,0.1655151988743312,0.0062788840930689,0,0,0,0,0,0,0,0,0,0,0,0,0,0,1,0,0,0,0,0,0,0,0,5.506012202600222,5.442997633243193,5.389071734382711,0.0630145693570289,0.0502795867240815,0.0045766670064653,354.23358154296875,356.96747436523435,355.8695129394531,
7/3/2022,325,834,184.12,35.1,397.175,432.725,257.636,206.32,356.78392333984374,-0.13581413,0.76,31.04,23.92,20.900000000000013,0,98.8,215.5,230,101.2,217.79,227.52000000000004,99.33,211.17,230,95,117,5686791,2.520465853457469,2021-2022Maha,-5.708798437,0.9,110.718833214428,2075,2163,2133,2115,2403,2195,2053,2104,5.329428366419929,0.1115079315253355,0.1834197029614909,0.1207732620063346,0.0977776900490352,0.1834197029614909,0.0008949272678382,0,0,0,0,0,0,0,0,0,0,0,0,0,0,1,0,0,0,0,0,0,0,0,5.217920434894594,5.506012202600222,5.392718046519112,-0.288091768,0.0630145693570289,0.0036463121364009,356.4647705078125,354.23358154296875,357.05394287109374,
7/10/2022,335,828.125,179.35,34.875,445.0625,414.625,255.7,201.5,355.0778274536133,-0.155086113,0.25,31,24.15,12.375000000000016,0,98.8,215.5,230,101.2,217.79,227.52,99.33,211.17,230,95,117,5686791,2.520465853457469,2021-2022Maha,-5.708798437,0.9,110.718833214428,2075,2163,2133,2115,2403,2195,2053,2104,5.305789386349517,-0.02363898,0.1781890353799627,0.1206277870450363,0.098081517466223,0.1781890353799627,-0.004793344,0,0,0,0,0,0,0,0,0,0,0,0,0,0,1,0,0,0,0,0,0,0,0,5.329428366419929,5.217920434894594,5.442997633243193,0.1115079315253355,-0.288091768,0.0502795867240815,356.78392333984374,356.4647705078125,356.96747436523435,
7/17/2022,196.375,197.25,178.2625,33.7125,546.25,541.375,254.2875,198.8375,357.04573822021484,0.1073395111370917,1.375,30.525,23.1,11.225000000000016,0,98.8,215.5,230,101.2,217.79,227.52,99.33,211.17,230,95,117,5686791,2.520465853457469,2021-2022Maha,-5.708798437,0.9,110.718833214428,2075,2163,2133,2115,2403,2195,2053,2104,5.292487913253711,-0.013301473,0.168095667644814,0.1204998907482403,0.0981675835574591,0.168095667644814,0.0055268941103454,0,0,0,0,0,0,0,0,0,0,0,0,0,0,1,0,0,0,0,0,0,0,0,5.305789386349517,5.329428366419929,5.506012202600222,-0.02363898,0.1115079315253355,0.0630145693570289,355.0778274536133,356.78392333984374,354.23358154296875,
7/24/2022,245.125,340.25,176.6,32.1875,315.625,520.625,253.28000000000003,196.68,356.141748046875,-0.457265354,5.5600000000000005,31.9,23.62,29.34000000000001,0,98.8,215.5,230,101.2,217.79,227.52000000000004,99.33,211.17,230,95,117,5686791,2.520465853457469,2021-2022Maha,-5.708798437,0.9,110.718833214428,2075,2163,2133,2115,2403,2195,2053,2104,5.281578047628139,-0.010909866,0.0639679649292809,0.1203289823443271,0.0971410105527753,0.0639679649292809,-0.002535072,0,0,0,0,0,0,0,0,0,0,0,0,0,0,1,0,0,0,0,0,0,0,0,5.292487913253711,5.305789386349517,5.217920434894594,-0.013301473,-0.02363898,-0.288091768,357.04573822021484,355.0778274536133,356.4647705078125,
7/31/2022,219.6,274.1,171.04000000000002,31.06,382.85,512.1,249.24,191.52,355.16212158203126,0.2583289706008407,7.720000000000001,30.32,22.880000000000003,60.44000000000002,0,98.8,215.5,230,101.2,217.79,227.52000000000004,99.33,211.17,230,95,117,5686791,2.520465853457469,2021-2022Maha,-5.708798437,0.9,110.718833214428,2075,2163,2133,2115,2403,2195,2053,2104,5.2549922470310495,-0.026585801,0.0076676063023844,0.1201904852730952,0.096684804870415,0.0076676063023844,-0.002754455,0,0,0,0,0,0,0,0,0,0,0,0,0,0,1,0,0,0,0,0,0,0,0,5.281578047628139,5.292487913253711,5.329428366419929,-0.010909866,-0.013301473,0.1115079315253355,356.141748046875,357.04573822021484,356.78392333984374,
8/7/2022,325.75,226.2,173.68,28.9,460.87,515,251.16,187.88,356.2998352050781,0.0686541648626603,6.0200000000000005,27.12,22.68,73.44000000000001,0,98.8,215.5,230,101.2,217.79,227.52000000000004,99.33,211.17,230,95,117,5686791,2.520465853457469,2021-2022Maha,-5.708798437,0.9,110.718833214428,2075,2163,2133,2115,2403,2195,2053,2104,5.23580346648134,-0.019188781,0.0069871596973978,0.1170868501505102,0.096382125039962,0.0069871596973978,0.0031982443439995,0,0,0,0,0,0,0,0,0,0,0,0,0,0,1,0,0,0,0,0,0,0,0,5.2549922470310495,5.281578047628139,5.305789386349517,-0.026585801,-0.010909866,-0.02363898,355.16212158203126,356.141748046875,355.0778274536133,
8/14/2022,330.8333333333333,168.66666666666666,178.05,29.5,459.8333333333333,507.25,270.275,229.2,357.8234634399414,0.1570222492607048,0.05,30.2,23.225,55.05000000000001,0,98.8,215.5,230,101.2,217.79,227.52,99.33,211.17,230,95,117,5686791,2.520465853457469,2021-2022Maha,-5.708798437,0.9,110.718833214428,2075,2163,2133,2115,2403,2195,2053,2104,5.434594989203586,0.1987915227222458,0.1090313464220487,0.1395099445756484,0.1140983117407139,0.1090313464220487,0.0042671357884414,0,0,0,0,0,0,0,0,0,0,0,0,0,0,1,0,0,0,0,0,0,0,0,5.23580346648134,5.2549922470310495,5.292487913253711,-0.019188781,-0.026585801,-0.013301473,356.2998352050781,355.16212158203126,357.04573822021484,
8/21/2022,207.92,166.88,213.036,177.36999999999998,192.2,348.84000000000003,235.92,218.68,358.2385009765625,0.5186513605868526,0.9,31.880000000000003,23.3,21.560000000000013,0,98.8,215.5,230,101.2,217.79,227.52000000000004,99.33,211.17,230,95,117,5686791,2.520465853457469,2021-2022Maha,-5.708798437,0.9,110.718833214428,2075,2163,2133,2115,2403,2195,2053,2104,5.387609478599691,-0.046985511,0.115455699609334,0.0865944570045847,0.1150487458559542,0.115455699609334,0.0011592225325847,0,0,0,0,0,0,0,0,0,0,0,0,0,0,1,0,0,0,0,0,0,0,0,5.434594989203586,5.23580346648134,5.281578047628139,0.1987915227222458,-0.019188781,-0.010909866,357.8234634399414,356.2998352050781,356.141748046875,
8/28/2022,177.48,165.12,217.72,211.52,118.4175,247.06,230,225,359.3309753417969,0.9756372118268476,3.24,29.78,23.14,16.220000000000017,0,98.8,215.5,230,101.2,217.79,227.52000000000004,99.33,211.17,230,95,117,5686791,2.520465853457469,2021-2022Maha,-5.708798437,0.9,110.718833214428,2075,2163,2133,2115,2403,2195,2053,2104,5.416100406648865,0.028490928049174,0.1101766615019807,0.0788562935254372,0.1153458859629839,0.1101766615019807,0.003044932211659,0,0,0,0,0,0,0,0,0,0,0,0,0,0,1,0,0,0,0,0,0,0,0,5.387609478599691,5.434594989203586,5.2549922470310495,-0.046985511,0.1987915227222458,-0.026585801,358.2385009765625,357.8234634399414,355.16212158203126,
9/4/2022,187.44,169.24,216.984,211.64,118.3575,311.5,230,225,356.5752380371094,0.2295137794570112,12.239999999999998,28.7,22.42,62.16000000000001,0,98.8,215.5,230,101.2,217.79,227.52000000000004,99.33,211.17,230,95,117,3434073,2.930438967695029,2022Yala,4.105596117677446,0.9,110.718833214428,2075,2163,2133,2115,2403,2195,2053,2104,5.416100406648865,0,0.107099165940727,0.0778160321261127,0.1143394640707551,0.107099165940727,-0.007698637,0,0,0,0,0,0,0,0,0,0,0,0,0,0,0,0,0,1,0,0,0,0,0,5.416100406648865,5.387609478599691,5.23580346648134,0.028490928049174,-0.046985511,-0.019188781,359.3309753417969,358.2385009765625,356.2998352050781,
9/11/2022,188.36,169.36,216.8,210.44,118.165,320.19,230,225,356.2600463867187,0.4420279238925628,2.3600000000000003,28.84,22.9,90.64,0,98.8,215.5,230,101.2,217.79,227.52000000000004,99.33,211.17,230,95,117,3434073,2.930438967695029,2022Yala,4.105596117677446,0.9,110.718833214428,2075,2163,2133,2115,2403,2195,2053,2104,5.416100406648865,0,0.031272238976679,0.0772948657405629,0.1125022902170452,0.031272238976679,-0.000884332,0,0,0,0,0,0,0,0,0,0,0,0,0,0,0,0,0,1,0,0,0,0,0,5.416100406648865,5.416100406648865,5.434594989203586,0,0.028490928049174,0.1987915227222458,356.5752380371094,359.3309753417969,357.8234634399414,
9/18/2022,187.84,174.56,217.52,210.97,119.36,287.3,230,225,358.40595703125,0.3449191374184536,0.4800000000000001,30.56,22.94,41.280000000000015,0,98.8,215.5,230,101.2,217.79,227.52000000000004,99.33,211.17,230,95,117,3434073,2.930438967695029,2022Yala,4.105596117677446,0.9,110.718833214428,2075,2163,2133,2115,2403,2195,2053,2104,5.416100406648865,0,0.0142454640245863,0.0768583313188731,0.0698233404227381,0.0142454640245863,0.0060053705577729,0,0,0,0,0,0,0,0,0,0,0,0,0,0,0,0,0,1,0,0,0,0,0,5.416100406648865,5.416100406648865,5.387609478599691,0,0,-0.046985511,356.2600463867187,356.5752380371094,358.2385009765625,
9/25/2022,185.44,166.64,213.64,207.04,118.03,278.4,230,223,358.2664916992188,0.1663609305340752,0.2,31.32,23.42,4.640000000000014,0,98.8,215.5,230,101.2,217.79,227.52000000000004,99.33,211.17,230,95,117,3434073,2.930438967695029,2022Yala,4.105596117677446,0.9,110.718833214428,2075,2163,2133,2115,2403,2195,2053,2104,5.407171775944423,-0.008928631,0.0044643153522184,0.0756784025727527,0.0632766373341923,0.0044643153522184,-0.000389202,0,0,0,0,0,0,0,0,0,0,0,0,0,0,0,0,0,1,0,0,0,0,0,5.416100406648865,5.416100406648865,5.416100406648865,0,0,0.028490928049174,358.40595703125,356.2600463867187,359.3309753417969,
10/2/2022,183.36,159.95999999999998,213.68,207.84,117.38,247.3,227,219,358.8514526367188,0.1736100140992347,1.46,31.7,23.3,20.380000000000013,0,98.8,215.5,230,101.2,217.79,227.52000000000004,99.33,211.17,230,95,117,3434073,2.930438967695029,2022Yala,4.105596117677446,0.9,110.718833214428,2075,2163,2133,2115,2403,2195,2053,2104,5.389071734382711,-0.018100042,0.0086543759581337,0.0756008100879193,0.0630567891958097,0.0086543759581337,0.0016314221955546,0,0,0,0,0,0,0,0,0,0,0,0,0,0,0,0,0,1,0,0,0,0,0,5.407171775944423,5.416100406648865,5.416100406648865,-0.008928631,0,0,358.2664916992188,358.40595703125,356.5752380371094,
10/9/2022,184.28,158.95999999999998,214.48,207.84,116.98,347.94,230,219.6,359.4390625,0.0338110037291516,1,30.32,23.12,31.82000000000001,0,98.8,215.5,230,101.2,217.79,227.52000000000004,99.33,211.17,230,95,117,3434073,2.930438967695029,2022Yala,4.105596117677446,0.9,110.718833214428,2075,2163,2133,2115,2403,2195,2053,2104,5.39180771418911,0.002735979806399,0.0094389937591695,0.0213987478312218,0.0627580217636261,0.0094389937591695,0.0016361346289421,0,0,0,0,0,0,0,0,0,0,0,0,0,0,0,0,0,1,0,0,0,0,0,5.389071734382711,5.407171775944423,5.416100406648865,-0.018100042,-0.008928631,0,358.8514526367188,358.2664916992188,356.2600463867187,
10/16/2022,183.04,156.92000000000002,213.04,208.48,116.465,361.51,230,220,362.50042114257815,1.6774716757969137,9.16,30.2,22.48,62.960000000000015,0,98.8,215.5,230,101.2,217.79,227.52000000000004,99.33,211.17,230,95,117,3434073,2.930438967695029,2022Yala,4.105596117677446,0.9,110.718833214428,2075,2163,2133,2115,2403,2195,2053,2104,5.393627550897816,0.0018198367087061,0.0098636036439946,0.0132305661997917,0.0625113273588162,0.0098636036439946,0.0084809795085893,0,0,0,0,0,0,0,0,0,0,0,0,0,0,0,0,0,1,0,0,0,0,0,5.39180771418911,5.389071734382711,5.416100406648865,0.002735979806399,-0.018100042,0,359.4390625,358.8514526367188,358.40595703125,
10/23/2022,180.4,148.32,213.24,208.28000000000003,116.46,349.26,229,220,361.8760864257813,1.5766167413360588,7.4,27.22,22.28,105.98000000000002,0,98.8,215.5,230,101.2,217.79,227.52000000000004,99.33,211.17,230,95,117,3434073,2.930438967695029,2022Yala,4.105596117677446,0.9,110.718833214428,2075,2163,2133,2115,2403,2195,2053,2104,5.393627550897816,0,0.0098750086523971,0.0071214032148421,0.0615866969931447,0.0098750086523971,-0.001723786,0,0,0,0,0,0,0,0,0,0,0,0,0,0,0,0,0,1,0,0,0,0,0,5.393627550897816,5.39180771418911,5.407171775944423,0.0018198367087061,0.002735979806399,-0.008928631,362.50042114257815,359.4390625,358.2664916992188,
10/30/2022,177.55,145.5,213.3,207.5,114.385,349.15,225,220,362.5671844482422,1.0215587500688017,2.45,29.575,21.725,89.05000000000001,0,98.8,215.5,230,101.2,217.79,227.52,99.33,211.17,230,95,117,3434073,2.930438967695029,2022Yala,4.105596117677446,0.9,110.718833214428,2075,2163,2133,2115,2403,2195,2053,2104,5.393627550897816,0,0.0013672996644832,0.0071214032148421,0.0609618856838874,0.0013672996644832,0.0019079429901154,0,0,0,0,0,0,0,0,0,0,0,0,0,0,0,0,0,1,0,0,0,0,0,5.393627550897816,5.393627550897816,5.389071734382711,0,0.0018198367087061,-0.018100042,361.8760864257813,362.50042114257815,358.8514526367188,
11/6/2022,186.16,156.6,211.92,206.72,114.912,393.04,225,220,363.1664306640625,1.685062657045431,16.56,28.02,22,105.06000000000002,0,98.8,215.5,230,101.2,217.79,227.52000000000004,99.33,211.17,230,95,117,3434073,2.930438967695029,2022Yala,4.105596117677446,0.9,110.718833214428,2075,2163,2133,2115,2403,2195,2053,2104,5.393627550897816,0,0.0009099183543415,0.0071214032148421,0.017314312558147,0.0009099183543415,0.0016514223342527,0,0,0,0,0,0,0,0,0,0,0,0,0,0,0,0,0,1,0,0,0,0,0,5.393627550897816,5.393627550897816,5.39180771418911,0,0,0.002735979806399,362.5671844482422,361.8760864257813,359.4390625,
11/13/2022,187.2,155.1,210.7,205.6,114.105,398,222.5,215,362.9346618652344,0.8919046169259204,21.25,26.8,21.55,173.82500000000002,0,98.8,215.5,230,101.2,217.79,227.52,99.33,211.17,230,95,117,3434073,2.930438967695029,2022Yala,4.105596117677446,0.9,110.718833214428,2075,2163,2133,2115,2403,2195,2053,2104,5.3706380327788255,-0.022989518,0.0114947590594942,0.0099160321524968,0.0125566996554723,0.0114947590594942,-0.000638393,0,0,0,0,0,0,0,0,0,0,0,0,0,0,0,0,0,1,0,0,0,0,0,5.393627550897816,5.393627550897816,5.393627550897816,0,0,0.0018198367087061,363.1664306640625,362.5671844482422,362.50042114257815,
11/20/2022,189.68,158.88,207.92,202.44,113.62,394.74,224.6,215,363.19814453125,1.3449575969623284,2.16,28.32,20.5,193.2,0,98.8,215.5,230,101.2,217.79,227.52000000000004,99.33,211.17,230,95,117,3434073,2.930438967695029,2022Yala,4.105596117677446,0.9,110.718833214428,2075,2163,2133,2115,2403,2195,2053,2104,5.3706380327788255,0,0.0114947590594942,0.0100006252684186,0.0083905339815871,0.0114947590594942,0.0007257148404056,0,0,0,0,0,0,0,0,0,0,0,0,0,0,0,0,0,1,0,0,0,0,0,5.3706380327788255,5.393627550897816,5.393627550897816,-0.022989518,0,0,362.9346618652344,363.1664306640625,361.8760864257813,
11/27/2022,190.4,161.76,206.36,198.4,111.546,387.14,224,212.4,363.958935546875,0.5283784193232854,0,29.44,20.76,99.08,0,98.8,215.5,230,101.2,217.79,227.52000000000004,99.33,211.17,230,95,117,3434073,2.930438967695029,2022Yala,4.105596117677446,0.9,110.718833214428,2075,2163,2133,2115,2403,2195,2053,2104,5.358471294075882,-0.012166739,0.0110688282363368,0.0090261247560707,0.0086229991862111,0.0110688282363368,0.0020925087906737,0,0,0,0,0,0,0,0,0,0,0,0,0,0,0,0,0,1,0,0,0,0,0,5.3706380327788255,5.3706380327788255,5.393627550897816,0,-0.022989518,0,363.19814453125,362.9346618652344,362.5671844482422,
12/4/2022,189.32,158.72,201.88,193.92,109.992,367.92,220,210.4,364.7989135742188,0.7616003555208861,2.84,29.76,21.44,10.580000000000014,0,98.8,215.5,230,101.2,217.79,227.52000000000004,99.33,211.17,230,95,117,3434073,2.930438967695029,2022Yala,4.105596117677446,0.9,110.718833214428,2075,2163,2133,2115,2403,2195,2053,2104,5.349010485616407,-0.009460808,0.0094583956027528,0.0087864817408365,0.0085763712781649,0.0094583956027528,0.0023052332075153,0,0,0,0,0,0,0,0,0,0,0,0,0,0,0,0,0,1,0,0,0,0,0,5.358471294075882,5.3706380327788255,5.393627550897816,-0.012166739,0,0,363.958935546875,363.19814453125,363.1664306640625,
12/11/2022,187.8,157.7,197.4,192.15,108.3225,340.325,216.25,205,364.365463256836,0.6179378176656758,7.699999999999999,26.35,20.525,57.375000000000014,0,98.8,215.5,230,101.2,217.79,227.52,99.33,211.17,230,95,117,3434073,2.930438967695029,2022Yala,4.105596117677446,0.9,110.718833214428,2075,2163,2133,2115,2403,2195,2053,2104,5.323009984016457,-0.026000502,0.0107463909227528,0.0108148400697152,0.0101715180057205,0.0107463909227528,-0.001188896,0,0,0,0,0,0,0,0,0,0,0,0,0,0,0,0,0,1,0,0,0,0,0,5.349010485616407,5.358471294075882,5.3706380327788255,-0.009460808,-0.012166739,-0.022989518,364.7989135742188,363.958935546875,362.9346618652344,
12/18/2022,204.32,167.15,197.72,192.56,124.176,354.44,217.2,210,363.8492797851562,0.2549666118508442,2.8,28.12,20.62,97.6,0,98.8,215.5,230,101.2,217.79,227.52000000000004,99.33,211.17,230,95,117,3434073,2.930438967695029,2022Yala,4.105596117677446,0.9,110.718833214428,2075,2163,2133,2115,2403,2195,2053,2104,5.347107535479373,0.0240975514629164,0.0212589857200788,0.0158215876996157,0.0136865514210196,0.0212589857200788,-0.001417669,0,0,0,0,0,0,0,0,0,0,0,0,0,0,0,0,0,1,0,0,0,0,0,5.323009984016457,5.349010485616407,5.3706380327788255,-0.026000502,-0.009460808,0,364.365463256836,364.7989135742188,363.19814453125,
12/25/2022,208,167.5,201.95,196.8,130.1125,344.525,264,171.15,363.0158996582031,0.1762869955126672,10.3,25.975,20.9,104.5,0,98.8,215.5,230,101.2,217.79,227.52,99.33,211.17,230,95,117,3434073,2.930438967695029,2022Yala,4.105596117677446,0.9,110.718833214428,2075,2163,2133,2115,2403,2195,2053,2104,5.142540370819022,-0.204567165,0.1025303352171101,0.0717036568083804,0.0594034627502684,0.1025303352171101,-0.002293081,0,0,0,0,0,0,0,0,0,0,0,0,0,0,0,0,0,1,0,0,0,0,0,5.347107535479373,5.323009984016457,5.358471294075882,0.0240975514629164,-0.026000502,-0.012166739,363.8492797851562,364.365463256836,363.958935546875,
1/1/2023,208.6,170.64,203.04,197.4,111.74,388.52,213.56,206.76,362.2361145019532,-0.299079827,1.6,28.3,21.380000000000003,129.50000000000003,0,98.8,215.5,230,101.2,217.79,227.52000000000004,99.33,211.17,230,95,117,3434073,2.930438967695029,2022Yala,4.105596117677446,0.9,110.718833214428,2075,2163,2133,2115,2403,2195,2053,2104,5.331558705164364,0.1890183343453415,0.1620249286227099,0.1063127867025277,0.0849059611167821,0.1620249286227099,-0.002150385,0,0,0,0,0,0,0,0,0,0,0,0,0,0,0,0,0,1,0,0,0,0,0,5.142540370819022,5.347107535479373,5.349010485616407,-0.204567165,0.0240975514629164,-0.009460808,363.0158996582031,363.8492797851562,364.7989135742188,
1/8/2023,208.6,169.3,204.85,197.85,110.57,403.55,214.25,207.35,362.7540130615234,-0.358093554,0.65,27.45,20.15,76.60000000000002,0,98.8,215.5,230,101.2,217.79,227.52,99.33,211.17,230,95,117,3434073,2.930438967695029,2022Yala,4.105596117677446,0.7,96.0544736202802,2318,2435,2424,2423,2705,2413,2393,2510,5.334408191515154,0.0028494863507901,0.1613815224360044,0.1061763724529726,0.0849140224054777,0.1613815224360044,0.0014287053755515,0,0,0,0,0,0,0,0,0,0,0,0,0,0,0,0,0,1,0,0,0,0,0,5.331558705164364,5.142540370819022,5.323009984016457,0.1890183343453415,-0.204567165,-0.026000502,362.2361145019532,363.0158996582031,364.365463256836,
1/15/2023,206.65,167.7,201.65,195.25,109.675,393.4,213.75,205.75,363.6259689331055,-0.080616891,0,27.075,18.575,36.30000000000002,0,98.8,215.5,230,101.2,217.79,227.52,99.33,211.17,230,95,117,3434073,2.930438967695029,2022Yala,4.105596117677446,0.7,96.0544736202802,2318,2435,2424,2423,2705,2413,2393,2510,5.326661844417447,-0.007746347,0.1607682332540999,0.1061644932546821,0.0849025393106292,0.1607682332540999,0.0024008268664399,0,0,0,0,0,0,0,0,0,0,0,0,0,0,0,0,0,1,0,0,0,0,0,5.334408191515154,5.331558705164364,5.347107535479373,0.0028494863507901,0.1890183343453415,0.0240975514629164,362.7540130615234,362.2361145019532,363.8492797851562,
1/22/2023,203.6,167.44,201.04,194.52,107.156,324.92,214.36,205.84,362.6414306640625,-0.65613579,1.98,27.68,20.14,40.54000000000001,0,98.8,215.5,230,101.2,217.79,227.52000000000004,99.33,211.17,230,95,117,3434073,2.930438967695029,2022Yala,4.105596117677446,0.7,96.0544736202802,2318,2435,2424,2423,2705,2413,2393,2510,5.327099172831631,0.0004373284141845,0.0953602985009454,0.1061448949149693,0.0849052462853251,0.0953602985009454,-0.00271123,0,0,0,0,0,0,0,0,0,0,0,0,0,0,0,0,0,1,0,0,0,0,0,5.326661844417447,5.334408191515154,5.142540370819022,-0.007746347,0.0028494863507901,-0.204567165,363.6259689331055,362.7540130615234,363.0158996582031,
1/29/2023,199.68,163.24,192.92,188.32,105.396,262.2,210.48,206.36,361.2995239257813,-0.779339607,2.12,27.2,20.7,35.500000000000014,0,98.8,215.5,230,101.2,217.79,227.52000000000004,99.33,211.17,230,95,117,3434073,2.930438967695029,2022Yala,4.105596117677446,0.7,96.0544736202802,2318,2435,2424,2423,2705,2413,2393,2510,5.329622221222349,0.0025230483907181,0.00495799027264,0.1061401149703528,0.0849233452891534,0.00495799027264,-0.003707231,0,0,0,0,0,0,0,0,0,0,0,0,0,0,0,0,0,1,0,0,0,0,0,5.327099172831631,5.326661844417447,5.331558705164364,0.0004373284141845,-0.007746347,0.1890183343453415,362.6414306640625,363.6259689331055,362.2361145019532,
2/5/2023,196.36,162.12,188.2,180.2,100.57,268.3,211.2,205.68,362.6940490722656,-0.285129598,14.22,26.64,21.08,73.50000000000001,0,98.8,215.5,230,101.2,217.79,227.52000000000004,99.33,211.17,230,95,117,3434073,2.930438967695029,2022Yala,4.105596117677446,0.7,96.0544736202802,2318,2435,2424,2423,2705,2413,2393,2510,5.326321567819556,-0.003300653,0.004513271720481,0.1057223814302551,0.0847412234441985,0.004513271720481,0.003852318360952,0,0,0,0,0,0,0,0,0,0,0,0,0,0,0,0,0,1,0,0,0,0,0,5.329622221222349,5.327099172831631,5.334408191515154,0.0025230483907181,0.0004373284141845,0.0028494863507901,361.2995239257813,362.6414306640625,362.7540130615234,
2/12/2023,190.72,159.04000000000002,187.04,178.8,98.358,248.8,212.04,205.2,362.639990234375,0.1356080035804941,1.06,27.64,21.62,90.28000000000002,0,98.8,215.5,230,101.2,217.79,227.52000000000004,99.33,211.17,230,95,117,3434073,2.930438967695029,2022Yala,4.105596117677446,0.7,96.0544736202802,2318,2435,2424,2423,2705,2413,2393,2510,5.323985118169909,-0.00233645,0.0026532447633888,0.1052886241366216,0.0847346507105326,0.0026532447633888,-0.000149059,0,0,0,0,0,0,0,0,0,0,0,0,0,0,0,0,0,1,0,0,0,0,0,5.326321567819556,5.329622221222349,5.326661844417447,-0.003300653,0.0025230483907181,-0.007746347,362.6940490722656,361.2995239257813,363.6259689331055,
2/19/2023,189.72,158.16,185.8,176.52,97.964,232.62,211.16,206.52,361.8633666992188,-0.223461232,0,28.5,19.04,43.280000000000015,0,98.8,215.5,230,101.2,217.79,227.52000000000004,99.33,211.17,230,95,117,3434073,2.930438967695029,2022Yala,4.105596117677446,0.7,96.0544736202802,2318,2435,2424,2423,2705,2413,2393,2510,5.330397264853595,0.0064121466836857,0.0045135113965119,0.0670275056218787,0.0847393612056105,0.0045135113965119,-0.002143879,0,0,0,0,0,0,0,0,0,0,0,0,0,0,0,0,0,1,0,0,0,0,0,5.323985118169909,5.326321567819556,5.327099172831631,-0.00233645,-0.003300653,0.0004373284141845,362.639990234375,362.6940490722656,362.6414306640625,
2/26/2023,193.52,162,187.72,177.68,99.08,226.44,212.16,206.04,360.8274291992187,-0.697428261,1.1,28.24,20.84,9.780000000000015,0,98.8,215.5,230,101.2,217.79,227.52000000000004,99.33,211.17,230,95,117,3434073,2.930438967695029,2022Yala,4.105596117677446,0.7,96.0544736202802,2318,2435,2424,2423,2705,2413,2393,2510,5.328070329550811,-0.002326935,0.0045563681043513,0.0044085138804664,0.0847098786013129,0.0045563681043513,-0.002866892,0,0,0,0,0,0,0,0,0,0,0,0,0,0,0,0,0,1,0,0,0,0,0,5.330397264853595,5.323985118169909,5.329622221222349,0.0064121466836857,-0.00233645,0.0025230483907181,361.8633666992188,362.639990234375,361.2995239257813,
3/5/2023,204.88,171.32,187.72,181.27,99.652,209.2,216.65,209.6,355.4491271972656,-1.979794025,3.08,28.1,21.26,21.94000000000001,0,98.8,215.5,230,101.2,217.79,227.52000000000004,99.33,211.17,230,95,117,7858377,3.3692177684483475,2022-2023Maha,38.186492171068,0.7,96.0544736202802,2318,2435,2424,2423,2705,2413,2393,2510,5.345200957217879,0.0171306276670684,0.0092437333405948,0.0076377298034883,0.0845019286584605,0.0092437333405948,-0.015017672,0,0,0,0,0,0,0,0,0,0,0,0,0,0,0,0,1,0,0,0,0,0,0,5.328070329550811,5.330397264853595,5.326321567819556,-0.002326935,0.0064121466836857,-0.003300653,360.8274291992187,361.8633666992188,362.6940490722656,
3/12/2023,208.5375,173.05,188.25,184.15,99.59,208.375,217.3125,212.9375,325.1265640258789,-10.01992787,0.8999999999999999,28.425,21.9,24.72500000000001,0,98.8,215.5,230,101.2,217.79,227.52,99.33,211.17,230,95,117,7858377,3.3692177684483475,2022-2023Maha,38.186492171068,0.7,96.0544736202802,2318,2435,2424,2423,2705,2413,2393,2510,5.360998700117399,0.0157977428995197,0.0090748007478136,0.0081511631048944,0.0843370771194604,0.0090748007478136,-0.089167602,0,0,0,0,0,0,0,0,0,0,0,0,0,0,0,0,1,0,0,0,0,0,0,5.345200957217879,5.328070329550811,5.323985118169909,0.0171306276670684,-0.002326935,-0.00233645,355.4491271972656,360.8274291992187,362.639990234375,
3/19/2023,206.64,174.28,187.95,183.4,97.704,217.68,218.032,212.79,331.44053344726564,-8.539472718,1.2200000000000002,30.08,22.26,21.80000000000001,0,98.8,215.5,230,101.2,217.79,227.52000000000004,99.33,211.17,230,95,117,7858377,3.3692177684483475,2022-2023Maha,38.186492171068,0.7,96.0544736202802,2318,2435,2424,2423,2705,2413,2393,2510,5.360305768581574,-0.000692932,0.0104130081819496,0.0082368668190819,0.0543199193141247,0.0104130081819496,0.0192338728985648,0,0,0,0,0,0,0,0,0,0,0,0,0,0,0,0,1,0,0,0,0,0,0,5.360998700117399,5.345200957217879,5.330397264853595,0.0157977428995197,0.0171306276670684,0.0064121466836857,325.1265640258789,355.4491271972656,361.8633666992188,
3/26/2023,205.93,175.76,186.24,183.88,98.14,213.38,214.566,210.74,325.64794921875,-10.25059165,6.76,31.34,22.18,55.26000000000001,0,98.8,215.5,230,101.2,217.79,227.52000000000004,99.33,211.17,230,95,117,7858377,3.3692177684483475,2022-2023Maha,38.186492171068,0.7,96.0544736202802,2318,2435,2424,2423,2705,2413,2393,2510,5.350625150916565,-0.009680618,0.0130389366356583,0.0095988450075755,0.0082268603459371,0.0130389366356583,-0.01763152,0,0,0,0,0,0,0,0,0,0,0,0,0,0,0,0,1,0,0,0,0,0,0,5.360305768581574,5.360998700117399,5.328070329550811,-0.000692932,0.0157977428995197,-0.002326935,331.44053344726564,325.1265640258789,360.8274291992187,
4/2/2023,205.12,174.48,188.12,183.28,98.008,229.18,213,206.8,322.2841430664063,-10.94889008,0.08,32.42,22.24,55.500000000000014,0,98.8,215.5,230,101.2,217.79,227.52000000000004,99.33,211.17,230,95,117,7858377,3.3692177684483475,2022-2023Maha,38.186492171068,0.7,96.0544736202802,2318,2435,2424,2423,2705,2413,2393,2510,5.331752147469864,-0.018873003,0.0147731268569918,0.0121990322047065,0.0101007221221324,0.0147731268569918,-0.010383299,0,0,0,0,0,0,0,0,0,0,0,0,0,0,0,0,1,0,0,0,0,0,0,5.350625150916565,5.360305768581574,5.345200957217879,-0.009680618,-0.000692932,0.0171306276670684,325.64794921875,331.44053344726564,355.4491271972656,
4/9/2023,204.7333333333333,176.13333333333333,185,181.3333333333333,96.77333333333333,209.9,212.46666666666667,206.7333333333333,322.7878926595052,-10.38938938,1.8,31.4,22.766666666666666,21.26666666666668,0,98.8,215.5,230,101.2,217.79,227.52,99.33,211.17,230,95,117,7858377,3.3692177684483475,2022-2023Maha,38.186492171068,0.7,96.0544736202802,2318,2435,2424,2423,2705,2413,2393,2510,5.331429722835388,-0.000322425,0.0087921863958379,0.0121485936863313,0.0098214145327913,0.0087921863958379,0.0015618401233963,0,0,0,0,0,0,0,0,0,0,0,0,0,0,0,0,1,0,0,0,0,0,0,5.331752147469864,5.350625150916565,5.360998700117399,-0.018873003,-0.009680618,0.0157977428995197,322.2841430664063,325.64794921875,325.1265640258789,
4/16/2023,207.55,177.875,185,181.5,95.63,228.25,209.7,206.46,315.6405487060547,-12.76115615,0.5,31.5,22.9,13.600000000000012,0,98.8,215.5,230,101.2,217.79,227.52,99.33,211.17,230,95,117,7858377,3.3692177684483475,2022-2023Maha,38.186492171068,0.7,96.0544736202802,2318,2435,2424,2423,2705,2413,2393,2510,5.330106693880997,-0.001323029,0.0086364142355021,0.0119562911939515,0.0098339014297263,0.0086364142355021,-0.022391366,0,0,0,0,0,0,0,0,0,0,0,0,0,0,0,0,1,0,0,0,0,0,0,5.331429722835388,5.331752147469864,5.360305768581574,-0.000322425,-0.018873003,-0.000692932,322.7878926595052,322.2841430664063,331.44053344726564,
4/23/2023,202.172,84.36,185.28,179.6,165.026,248.635,211.54,202.76,319.27935791015625,-11.11626695,1.12,33.32,24.08,8.200000000000014,0,98.8,215.5,230,101.2,217.79,227.52000000000004,99.33,211.17,230,95,117,7858377,3.3692177684483475,2022-2023Maha,38.186492171068,0.7,96.0544736202802,2318,2435,2424,2423,2705,2413,2393,2510,5.312023018536088,-0.018083675,0.0102067425469363,0.0135756926156616,0.0111165646347431,0.0102067425469363,0.0114623876033768,0,0,0,0,0,0,0,0,0,0,0,0,0,0,0,0,1,0,0,0,0,0,0,5.330106693880997,5.331429722835388,5.350625150916565,-0.001323029,-0.000322425,-0.009680618,315.6405487060547,322.7878926595052,325.64794921875,
4/30/2023,199.226,121.944,184.48,178.76,159.528,198.56,210.02,203.24,319.6447021484375,-2.685887257,8.120000000000001,31.58,23.18,52.02000000000002,0,98.8,215.5,230,101.2,217.79,227.52000000000004,99.33,211.17,230,95,117,7858377,3.3692177684483475,2022-2023Maha,38.186492171068,0.7,96.0544736202802,2318,2435,2424,2423,2705,2413,2393,2510,5.314387551645822,0.0023645331097341,0.0092930511141933,0.0114376252593029,0.011151833952046,0.0092930511141933,0.0011436234751363,0,0,0,0,0,0,0,0,0,0,0,0,0,0,0,0,1,0,0,0,0,0,0,5.312023018536088,5.330106693880997,5.331752147469864,-0.018083675,-0.001323029,-0.018873003,319.27935791015625,315.6405487060547,322.2841430664063,
5/7/2023,209.41666666666663,74.07000000000001,183.66666666666663,179.20000000000002,199.36666666666667,231.5,209.66666666666663,203.3333333333333,315.5157470703125,-3.742869248,18.266666666666666,29.5,23.2,131.50000000000003,0,98.8,215.5,230,101.2,217.79,227.52,99.33,211.17,230,95,117,7858377,3.3692177684483475,2022-2023Maha,38.186492171068,0.7,96.0544736202802,2318,2435,2424,2423,2705,2413,2393,2510,5.31484667341728,0.000459121771458,0.0094131494414528,0.0086090406167824,0.0111504518133677,0.0094131494414528,-0.013001481,0,0,0,0,0,0,0,0,0,0,0,0,0,0,0,0,1,0,0,0,0,0,0,5.314387551645822,5.312023018536088,5.331429722835388,0.0023645331097341,-0.018083675,-0.000322425,319.6447021484375,319.27935791015625,322.7878926595052,
5/14/2023,208.166,52.69,183.6,179.2,212.012,159.7,209.54,202.4,313.961474609375,-5.736816705,3.28,29.5,24.44,132.14,0,98.8,215.5,230,101.2,217.79,227.52000000000004,99.33,211.17,230,95,117,7858377,3.3692177684483475,2022-2023Maha,38.186492171068,0.7,96.0544736202802,2318,2435,2424,2423,2705,2413,2393,2510,5.310245942354022,-0.004600731,0.0092263298430892,0.0083879041773379,0.0109578906720607,0.0092263298430892,-0.004938306,0,0,0,0,0,0,0,0,0,0,0,0,0,0,0,0,1,0,0,0,0,0,0,5.31484667341728,5.314387551645822,5.330106693880997,0.000459121771458,0.0023645331097341,-0.001323029,315.5157470703125,319.6447021484375,315.6405487060547,
5/21/2023,208.466,54.624,183,178.6,198.416,135.57999999999998,208.72,201,306.2989868164062,-4.197011573,1.12,31.92,24.860000000000003,53.500000000000014,0,98.8,215.5,230,101.2,217.79,227.52000000000004,99.33,211.17,230,95,117,7858377,3.3692177684483475,2022-2023Maha,38.186492171068,0.7,96.0544736202802,2318,2435,2424,2423,2705,2413,2393,2510,5.3033049130342,-0.006941029,0.0043260868799084,0.0082834580955584,0.0110631307004234,0.0043260868799084,-0.02470858,0,0,0,0,0,0,0,0,0,0,0,0,0,0,0,0,1,0,0,0,0,0,0,5.310245942354022,5.31484667341728,5.312023018536088,-0.004600731,0.000459121771458,-0.018083675,313.961474609375,315.5157470703125,319.27935791015625,
5/28/2023,202.834,398.776,185.2,178.87,213.29,121.84,213.52,203.72,301.3559326171875,-6.792604245,1.0799999999999998,31.68,24,13.860000000000015,0,98.8,215.5,230,101.2,217.79,227.52000000000004,99.33,211.17,230,95,117,7858377,3.3692177684483475,2022-2023Maha,38.186492171068,0.7,96.0544736202802,2318,2435,2424,2423,2705,2413,2393,2510,5.316746506925102,0.013441593890902,0.0091075186148873,0.0089166809288663,0.0105191543388476,0.0091075186148873,-0.016269639,0,0,0,0,0,0,0,0,0,0,0,0,0,0,0,0,1,0,0,0,0,0,0,5.3033049130342,5.310245942354022,5.314387551645822,-0.006941029,-0.004600731,0.0023645331097341,306.2989868164062,313.961474609375,319.6447021484375,
6/4/2023,210.2,813.2,182.52,177.12,218.7,182.4,210.2,200.8,291.252587890625,-8.453904075,1.1,32.1,24.5,15.340000000000014,0,98.8,215.5,230,101.2,217.79,227.52000000000004,99.33,211.17,230,95,117,7858377,3.3692177684483475,2022-2023Maha,38.186492171068,0.7,96.0544736202802,2318,2435,2424,2423,2705,2413,2393,2510,5.302309392797654,-0.014437114,0.0118202576629852,0.009906878213256,0.0093248219609707,0.0118202576629852,-0.034101176,0,0,0,0,0,0,0,0,0,0,0,0,0,0,0,0,1,0,0,0,0,0,0,5.316746506925102,5.3033049130342,5.31484667341728,0.013441593890902,-0.006941029,0.000459121771458,301.3559326171875,306.2989868164062,315.5157470703125,
6/11/2023,208.6,942.4,183,175.72,249.36,194.5,209.48,198.92,289.12416381835936,-9.481375503,0.78,31.54,24.8,9.620000000000015,0,98.8,215.5,230,101.2,217.79,227.52000000000004,99.33,211.17,230,95,117,7858377,3.3692177684483475,2022-2023Maha,38.186492171068,0.7,96.0544736202802,2318,2435,2424,2423,2705,2413,2393,2510,5.292902738873685,-0.009406654,0.0122552445913399,0.0100480332341511,0.0093074710927341,0.0122552445913399,-0.007334662,0,0,0,0,0,0,0,0,0,0,0,0,0,0,0,0,1,0,0,0,0,0,0,5.302309392797654,5.316746506925102,5.310245942354022,-0.014437114,0.013441593890902,-0.004600731,291.252587890625,301.3559326171875,313.961474609375,
6/18/2023,208.98,964,181.6,174.8,261.28000000000003,208.7,207.8,197.8,303.3367431640625,-4.256144124,1,31.26,25,11.180000000000016,0,98.8,215.5,230,101.2,217.79,228.576,99.33,211.17,230,95,117,7858377,3.3692177684483475,2022-2023Maha,38.186492171068,0.7,96.0544736202802,2318,2435,2424,2423,2705,2413,2393,2510,5.287256424244224,-0.005646315,0.0121803697191633,0.008518434777906,0.0092197915471032,0.0121803697191633,0.0479873233814993,0,0,0,0,0,0,0,0,0,0,0,0,0,0,0,0,1,0,0,0,0,0,0,5.292902738873685,5.302309392797654,5.3033049130342,-0.009406654,-0.014437114,-0.006941029,289.12416381835936,291.252587890625,306.2989868164062,
6/25/2023,211.168,723.2,177.92000000000002,170.6,262.56,166.7,205,194.6,304.73175659179685,-2.932960681,0.94,31.84,24.4,11.540000000000015,0,98.8,215.5,230,101.2,217.79,230.16,99.33,211.17,230,95,117,7858377,3.3692177684483475,2022-2023Maha,38.186492171068,0.7,96.0544736202802,2318,2435,2424,2423,2705,2413,2393,2510,5.270946174890651,-0.016310249,0.0048443403963916,0.0093285905145028,0.0089004759542452,0.0048443403963916,0.0045883510530018,0,0,0,0,0,0,0,0,0,0,0,0,0,0,0,0,1,0,0,0,0,0,0,5.287256424244224,5.292902738873685,5.316746506925102,-0.005646315,-0.009406654,0.013441593890902,303.3367431640625,289.12416381835936,301.3559326171875,
7/2/2023,207.4375,20.54,177.3,168.9,308.775,277.375,201.375,195,304.7027282714844,-0.66727911,1.325,31.175,23.625,11.225000000000014,0,98.8,215.5,230,101.2,217.79,230.16,99.33,211.17,230,95,117,7858377,3.3692177684483475,2022-2023Maha,38.186492171068,0.7,96.0544736202802,2318,2435,2424,2423,2705,2413,2393,2510,5.272999563691952,0.0020533888013014,0.0076559372588386,0.0094880405732076,0.009040929872591,0.0076559372588386,-9.53E-05,0,0,0,0,0,0,0,0,0,0,0,0,0,0,0,0,1,0,0,0,0,0,0,5.270946174890651,5.287256424244224,5.302309392797654,-0.016310249,-0.005646315,-0.014437114,304.73175659179685,303.3367431640625,291.252587890625,
7/9/2023,209.085,22.34,179.5,172,278.075,286.125,203.025,194.75,304.9894714355469,0.6815119780916201,2.625,28.075,23.225,21.17500000000001,0,98.8,215.5,230,101.2,217.79,230.16,99.33,211.17,230,95,117,7858377,3.3692177684483475,2022-2023Maha,38.186492171068,0.7,96.0544736202802,2318,2435,2424,2423,2705,2413,2393,2510,5.271716689885646,-0.001282874,0.0079907259935475,0.0095914701568803,0.0090423690232224,0.0079907259935475,0.0009406162138896,0,0,0,0,0,0,0,0,0,0,0,0,0,0,0,0,1,0,0,0,0,0,0,5.272999563691952,5.270946174890651,5.292902738873685,0.0020533888013014,-0.016310249,-0.009406654,304.7027282714844,304.73175659179685,289.12416381835936,
7/16/2023,216.132,22.152,182.8,171.28,322.74,222.7,212.56,201,310.28034057617185,4.949328933335426,0.54,31.660000000000004,24.08,19.540000000000013,0,98.8,215.5,230,101.2,217.79,230.16,99.33,211.17,230,95,117,7858377,3.3692177684483475,2022-2023Maha,38.186492171068,0.7,96.0544736202802,2318,2435,2424,2423,2705,2413,2393,2510,5.3033049130342,0.031588223148554,0.0200442323235409,0.0159426425665257,0.0129614379382418,0.0200442323235409,0.0171989570794197,0,0,0,0,0,0,0,0,0,0,0,0,0,0,0,0,1,0,0,0,0,0,0,5.271716689885646,5.272999563691952,5.287256424244224,-0.001282874,0.0020533888013014,-0.005646315,304.9894714355469,304.7027282714844,303.3367431640625,
7/23/2023,213.12,21.736,178.2,170.56,346.14,297.56,206.76,198.2,320.40965576171874,11.114765895386435,1,31.9,24.1,12.340000000000014,0,98.8,215.2,230,101.2,215.78000000000003,226.96,99.33,216.73,230,95,117,7858377,3.3692177684483475,2022-2023Maha,38.186492171068,0.7,96.0544736202802,2318,2435,2424,2423,2705,2413,2393,2510,5.289276626941296,-0.014028286,0.0192913577806584,0.0155883062404108,0.013460300675112,0.0192913577806584,0.0321241379593963,0,0,0,0,0,0,0,0,0,0,0,0,0,0,0,0,1,0,0,0,0,0,0,5.3033049130342,5.271716689885646,5.270946174890651,0.031588223148554,-0.001282874,-0.016310249,310.28034057617185,304.9894714355469,304.73175659179685,
7/30/2023,214.7,83.36,177,170.16,257.62,128.1,206.4,198.2,327.40049438476564,10.885483618227966,1.12,31.02,23.96,13.980000000000013,0,98.8,215.2,230,101.2,215.78000000000003,226.96,99.33,216.73,230,95,117,7858377,3.3692177684483475,2022-2023Maha,38.186492171068,0.7,96.0544736202802,2318,2435,2424,2423,2705,2413,2393,2510,5.289276626941296,0,0.0194080629342915,0.0149553117216503,0.0134530388005787,0.0194080629342915,0.0215838235773881,0,0,0,0,0,0,0,0,0,0,0,0,0,0,0,0,1,0,0,0,0,0,0,5.289276626941296,5.3033049130342,5.272999563691952,-0.014028286,0.031588223148554,0.0020533888013014,320.40965576171874,310.28034057617185,304.7027282714844,
8/6/2023,171.6,44.3,177.5,170,234.5,137.325,207.25,199,317.6072463989258,3.2277313122032245,0,33.25,24.475,10.375000000000014,0,98.8,215.2,230,101.2,215.78,226.96,99.33,216.73,230,95,117,7858377,3.3692177684483475,2022-2023Maha,38.186492171068,0.7,96.0544736202802,2318,2435,2424,2423,2705,2413,2393,2510,5.293304829749618,0.004028202808322,0.0190990673817293,0.0147094825307692,0.0135393544425341,0.0190990673817293,-0.03036863,0,0,0,0,0,0,0,0,0,0,0,0,0,0,0,0,1,0,0,0,0,0,0,5.289276626941296,5.289276626941296,5.271716689885646,0,-0.014028286,-0.001282874,327.40049438476564,320.40965576171874,304.9894714355469,
8/13/2023,60.6,113.28,177,170,256.5,160.4,207.2,197.72,317.3271850585937,4.209404323558026,0.6,34.2,24.52,4.540000000000014,0.4,98.8,215.2,230,101.2,215.78000000000003,226.96,99.33,216.73,230,95,117,7858377,3.3692177684483475,2022-2023Maha,38.186492171068,0.7,96.0544736202802,2318,2435,2424,2423,2705,2413,2393,2510,5.286851893496416,-0.006452936,0.0078948116270433,0.0147567970084848,0.0135219555176215,0.0078948116270433,-0.000882174,0,0,0,0,0,0,0,0,0,0,0,0,0,0,0,0,1,0,0,0,0,0,0,5.293304829749618,5.289276626941296,5.3033049130342,0.004028202808322,0,0.031588223148554,317.6072463989258,327.40049438476564,310.28034057617185,
8/20/2023,20.744,277.2,177.8,168,161,240.22,208,198.4,318.4168518066406,4.603660725313503,0.1599999999999999,33.28,23.76,5.160000000000014,0,98.8,215.44,230,101.2,218.052,230.112,99.33,214.346,230,95,117,7858377,3.3692177684483475,2022-2023Maha,38.186492171068,0.7,96.0544736202802,2318,2435,2424,2423,2705,2413,2393,2510,5.290285199891095,0.0034333063946787,0.0048097155877034,0.0132199820840388,0.0128154582126238,0.0048097155877034,0.0034280079670727,0,0,0,0,0,0,0,0,0,0,0,0,0,0,0,0,1,0,0,0,0,0,0,5.286851893496416,5.293304829749618,5.289276626941296,-0.006452936,0.004028202808322,-0.014028286,317.3271850585937,317.6072463989258,320.40965576171874,
8/27/2023,20.6,288.8,189.4,180.6,171.9,218.7,214.6,206.4,320.71184692382815,3.830858503726739,1.44,34.44,24.24,9.500000000000016,0.4,98.8,215.5,230,101.2,218.62,230.9,99.33,213.75,230,95,117,7858377,3.3692177684483475,2022-2023Maha,38.186492171068,0.7,96.0544736202802,2318,2435,2424,2423,2705,2413,2393,2510,5.3298160384523685,0.0395308385612738,0.0201782112099002,0.0186129065680441,0.0169387972153251,0.0201782112099002,0.0071816677251774,0,0,0,0,0,0,0,0,0,0,0,0,0,0,0,0,1,0,0,0,0,0,0,5.290285199891095,5.286851893496416,5.289276626941296,0.0034333063946787,-0.006452936,0,318.4168518066406,317.3271850585937,327.40049438476564,
9/3/2023,20.6,276.5,200.75,192.25,175.875,215.625,219.75,212.25,319.4510192871094,0.5263097380421522,1.95,33.55,24.05,13.225000000000016,0,98.8,215.5,230,101.2,218.62,230.9,99.33,213.75,230,95,117,5131779,3.720840139820287,2023Yala,49.43709699822922,0.7,96.0544736202802,2318,2435,2424,2423,2705,2413,2393,2510,5.357764829902882,0.0279487914505134,0.0212797024967431,0.0195760418083959,0.0179930834173337,0.0212797024967431,-0.003939089,0,0,0,0,0,0,0,0,0,0,0,0,0,0,0,0,0,0,0,1,0,0,0,5.3298160384523685,5.290285199891095,5.293304829749618,0.0395308385612738,0.0034333063946787,0.004028202808322,320.71184692382815,318.4168518066406,317.6072463989258,
9/10/2023,403.92,272,203.2,194.4,170,210.1,222.6,215,318.92352294921875,-2.02734601,3.72,28.02,22.54,26.540000000000013,0,98.8,215.5,230,101.2,218.62,230.9,99.33,213.75,230,95,117,5131779,3.720840139820287,2023Yala,49.43709699822922,0.7,96.0544736202802,2318,2435,2424,2423,2705,2413,2393,2510,5.3706380327788255,0.0128732028759435,0.0159822797917343,0.0177654161385302,0.0177516108371674,0.0159822797917343,-0.001652624,0,0,0,0,0,0,0,0,0,0,0,0,0,0,0,0,0,0,0,1,0,0,0,5.357764829902882,5.3298160384523685,5.286851893496416,0.0279487914505134,0.0395308385612738,-0.006452936,319.4510192871094,320.71184692382815,317.3271850585937,
9/17/2023,20.4,294.4,200.2,195,169,180,222.4,215,319.8001220703125,-0.562783789,1.64,30.96,23.48,36.88000000000001,0,98.8,215.8,230,101.2,219.312,231.784,99.33,214.75,229.8,95,117,5131779,3.720840139820287,2023Yala,49.43709699822922,0.7,96.0544736202802,2318,2435,2424,2423,2705,2413,2393,2510,5.3706380327788255,0,0.017276159439297,0.0158192292351397,0.0163803129318519,0.017276159439297,0.002744848027957,0,0,0,0,0,0,0,0,0,0,0,0,0,0,0,0,0,0,0,1,0,0,0,5.3706380327788255,5.357764829902882,5.290285199891095,0.0128732028759435,0.0279487914505134,0.0034333063946787,318.92352294921875,319.4510192871094,318.4168518066406,
9/24/2023,20.4,290.4,201.2,195,162.7,174,222.6,215,320.98744506835936,1.1524807455369168,1.82,31.18,23.3,31.740000000000016,0,98.8,217,230,101.2,222.08,235.32,99.33,218.75,229,95,117,5131779,3.720840139820287,2023Yala,49.43709699822922,0.7,96.0544736202802,2318,2435,2424,2423,2705,2413,2393,2510,5.3706380327788255,0,0.0132946792694436,0.0158192292351397,0.0164621082469041,0.0132946792694436,0.0037058283089077,0,0,0,0,0,0,0,0,0,0,0,0,0,0,0,0,0,0,0,1,0,0,0,5.3706380327788255,5.3706380327788255,5.3298160384523685,0,0.0128732028759435,0.0395308385612738,319.8001220703125,318.92352294921875,320.71184692382815,
10/1/2023,20.4,291,201.5,195,164.5,170.75,223,215,321.0788269042969,1.0275856202004108,2.2,31,23.65,31.700000000000014,0,98.8,217,230,101.2,222.08,235.32,99.33,218.75,229,95,117,5131779,3.720840139820287,2023Yala,49.43709699822922,0.7,96.0544736202802,2318,2435,2424,2423,2705,2413,2393,2510,5.3706380327788255,0,0.0064366014379704,0.0161041983697692,0.016399423130683,0.0064366014379704,0.0002846492340706,0,0,0,0,0,0,0,0,0,0,0,0,0,0,0,0,0,0,0,1,0,0,0,5.3706380327788255,5.3706380327788255,5.357764829902882,0,0,0.0279487914505134,320.98744506835936,319.8001220703125,319.4510192871094,
10/8/2023,20.4,317.2,200,195.2,182,188.7,222.4,215,320.8286865234375,0.764315358019072,3.28,29.880000000000003,23.1,45.56000000000002,0,98.8,217,230,101.2,222.08,235.32,99.33,218.75,229,95,117,5131779,3.720840139820287,2023Yala,49.43709699822922,0.7,96.0544736202802,2318,2435,2424,2423,2705,2413,2393,2510,5.3706380327788255,0,0,0.0153241846392529,0.0147653657497577,0,-0.000779366,0,0,0,0,0,0,0,0,0,0,0,0,0,0,0,0,0,0,0,1,0,0,0,5.3706380327788255,5.3706380327788255,5.3706380327788255,0,0,0.0128732028759435,321.0788269042969,320.98744506835936,318.92352294921875,
10/15/2023,20.72,343.6,200,195,177.8,191.4,222.4,215,320.4668212890625,-0.202441638,16.22,30.08,22.96,103.62,0,98.8,217,230,101.2,222.08,235.32,99.33,218.75,229,95,117,5131779,3.720840139820287,2023Yala,49.43709699822922,0.7,96.0544736202802,2318,2435,2424,2423,2705,2413,2393,2510,5.3706380327788255,0,0,0.015595188241669,0.0135765708175987,0,-0.001128545,0,0,0,0,0,0,0,0,0,0,0,0,0,0,0,0,0,0,0,1,0,0,0,5.3706380327788255,5.3706380327788255,5.3706380327788255,0,0,0,320.8286865234375,321.0788269042969,319.8001220703125,
10/22/2023,20.4,379.2,200,195.2,179.6,183.9,223.6,216.2,321.13506469726565,0.8579411975300744,10.78,29.14,22.22,163.28000000000003,0,98.8,217.6,230,101.2,222.17,235.2,99.33,219.12,229.6,95,117,5131779,3.720840139820287,2023Yala,49.43709699822922,0.7,96.0544736202802,2318,2435,2424,2423,2705,2413,2393,2510,5.376203909830455,0.0055658770516293,0.0027829385258116,0.0100630438224633,0.0134180300510256,0.0027829385258116,0.0020830476416797,0,0,0,0,0,0,0,0,0,0,0,0,0,0,0,0,0,0,0,1,0,0,0,5.3706380327788255,5.3706380327788255,5.3706380327788255,0,0,0,320.4668212890625,320.8286865234375,320.98744506835936,
10/29/2023,20.48,484.8,201.8,195.64,195.86,185.38,226.72,220,323.13286743164065,1.1182757075002805,5.16,30.64,21.7,162.22,0,98.8,217.6,230,101.2,222.17,235.2,99.33,219.12,229.6,95,117,5131779,3.720840139820287,2023Yala,49.43709699822922,0.7,96.0544736202802,2318,2435,2424,2423,2705,2413,2393,2510,5.393627550897816,0.0174236410673609,0.0082144744113096,0.0069643455547147,0.0136808128063218,0.0082144744113096,0.0062017959667919,0,0,0,0,0,0,0,0,0,0,0,0,0,0,0,0,0,0,0,1,0,0,0,5.376203909830455,5.3706380327788255,5.3706380327788255,0.0055658770516293,0,0,321.13506469726565,320.4668212890625,321.0788269042969,
11/5/2023,20.4,518,207,200.08,210.1,188.62,227.84,220.32,324.3601928710938,1.341136549419435,16.66,29.660000000000004,22.12,142.00000000000003,0,98.8,217.6,230,101.2,222.17,235.2,99.33,219.12,229.6,95,117,5131779,3.720840139820287,2023Yala,49.43709699822922,0.7,96.0544736202802,2318,2435,2424,2423,2705,2413,2393,2510,5.395081039519197,0.0014534886213812,0.0079016820982001,0.0061177997008371,0.0130797378570094,0.0079016820982001,0.0037910117677286,0,0,0,0,0,0,0,0,0,0,0,0,0,0,0,0,0,0,0,1,0,0,0,5.393627550897816,5.376203909830455,5.3706380327788255,0.0174236410673609,0.0055658770516293,0,323.13286743164065,321.13506469726565,320.8286865234375,
11/12/2023,20.4,441.2,209.4,204,206,208.25,228.76,224.85,324.1311462402344,0.8276339923039888,9.84,29.360000000000003,22.02,202.26,0,98.8,217.6,230,101.2,222.17,235.2,99.33,219.12,229.6,95,117,5131779,3.720840139820287,2023Yala,49.43709699822922,0.7,96.0544736202802,2318,2435,2424,2423,2705,2413,2393,2510,5.415433517664126,0.0203524781449289,0.0091148118408633,0.0084521241450793,0.0133323414852724,0.0091148118408633,-0.000706398,0,0,0,0,0,0,0,0,0,0,0,0,0,0,0,0,0,0,0,1,0,0,0,5.395081039519197,5.393627550897816,5.3706380327788255,0.0014534886213812,0.0174236410673609,0,324.3601928710938,323.13286743164065,320.4668212890625,
11/19/2023,20.4,252,211.05,205.16,223.3,230.175,229.6,225,324.52451782226564,1.1529290737373588,11.24,28.78,22.7,244.04,0,98.8,218.59,230.372,101.2,223.382,235.242,99.33,219.648,235.24,95,117,5131779,3.720840139820287,2023Yala,49.43709699822922,0.7,96.0544736202802,2318,2435,2424,2423,2705,2413,2393,2510,5.416100406648865,0.0006668889847389,0.010367117731544,0.00839208438599,0.0098984905722683,0.010367117731544,0.0012128827383648,0,0,0,0,0,0,0,0,0,0,0,0,0,0,0,0,0,0,0,1,0,0,0,5.415433517664126,5.395081039519197,5.376203909830455,0.0203524781449289,0.0014534886213812,0.0055658770516293,324.1311462402344,324.3601928710938,321.13506469726565,
11/26/2023,20.784,261.6,211.92,205.08,223.44,235.785,230.56,225.21,324.77617797851565,1.3446448153212875,20.98,29.54,22.68,242.82,0,98.8,219.25,230.62,101.2,224.19,235.27000000000004,99.33,220,239,95,117,5131779,3.720840139820287,2023Yala,49.43709699822922,0.7,96.0544736202802,2318,2435,2424,2423,2705,2413,2393,2510,5.41703330469332,0.0009328980444553,0.0096728780241045,0.0083078975670082,0.0075390094669849,0.0096728780241045,0.0007751729505427,0,0,0,0,0,0,0,0,0,0,0,0,0,0,0,0,0,0,0,1,0,0,0,5.416100406648865,5.415433517664126,5.393627550897816,0.0006668889847389,0.0203524781449289,0.0174236410673609,324.52451782226564,324.1311462402344,323.13286743164065,
12/3/2023,20.6,210.66666666666663,212.5666666666667,205.4333333333333,238.66666666666663,242.80000000000004,229.9833333333333,225.16666666666663,325.1439412434896,1.3297470390954524,10.733333333333334,27.6,22.53333333333333,194.8333333333333,0,98.8,219.25,230.62,101.2,224.19,235.27,99.33,220,239,95,117,5131779,3.720840139820287,2023Yala,49.43709699822922,0.7,96.0544736202802,2318,2435,2424,2423,2705,2413,2393,2510,5.416840873173299,-0.000192432,0.0099532715902097,0.0083273431984641,0.0072259535329875,0.0099532715902097,0.0011317184749861,0,0,0,0,0,0,0,0,0,0,0,0,0,0,0,0,0,0,0,1,0,0,0,5.41703330469332,5.416100406648865,5.395081039519197,0.0009328980444553,0.0006668889847389,0.0014534886213812,324.77617797851565,324.52451782226564,324.3601928710938,
12/10/2023,20.568,210,211.55,205.58,263.475,253.375,231.6,224.76,324.6548706054688,0.7325495163197315,9.74,29.06,22.68,126.58,0,98.8,219.25,230.62,101.2,224.19,235.27000000000004,99.33,220,239,95,117,5131779,3.720840139820287,2023Yala,49.43709699822922,0.7,96.0544736202802,2318,2435,2424,2423,2705,2413,2393,2510,5.415033170693188,-0.001807702,0.0012355549902068,0.0085285409506792,0.0073315884828468,0.0012355549902068,-0.001505299,0,0,0,0,0,0,0,0,0,0,0,0,0,0,0,0,0,0,0,1,0,0,0,5.416840873173299,5.41703330469332,5.415433517664126,-0.000192432,0.0009328980444553,0.0203524781449289,325.1439412434896,324.77617797851565,324.1311462402344,
12/17/2023,20.96,404,212.8,205.5,260.35,197.1,232.3,225.6,323.89341430664064,0.0250797958851278,9.44,27.660000000000004,22.42,146.74,0,98.8,219.4,231.496,101.2,224.47,237.73200000000003,99.33,220,241.37600000000003,95,117,5131779,3.720840139820287,2023Yala,49.43709699822922,0.7,96.0544736202802,2318,2435,2424,2423,2705,2413,2393,2510,5.418763524056528,0.0037303533633403,0.0023322095775915,0.0085526901575201,0.0072389627753477,0.0023322095775915,-0.002348188,0,0,0,0,0,0,0,0,0,0,0,0,0,0,0,0,0,0,0,1,0,0,0,5.415033170693188,5.416840873173299,5.416100406648865,-0.001807702,-0.000192432,0.0006668889847389,324.6548706054688,325.1439412434896,324.52451782226564,
12/24/2023,21.2,450.6,212.15,206.05,282.1,197.5,232.4,226,323.7451538085937,-0.121945051,4.72,27.76,22.66,156.08,0,98.8,220,235,101.2,225.59,247.58,99.33,220,250.88,95,117,5131779,3.720840139820287,2023Yala,49.43709699822922,0.7,96.0544736202802,2318,2435,2424,2423,2705,2413,2393,2510,5.420535003697065,0.0017714796405368,0.0024009040311557,0.0070458513928659,0.0071674525912995,0.0024009040311557,-0.00045785,0,0,0,0,0,0,0,0,0,0,0,0,0,0,0,0,0,0,0,1,0,0,0,5.418763524056528,5.415033170693188,5.41703330469332,0.0037303533633403,-0.001807702,0.0009328980444553,323.89341430664064,324.6548706054688,324.77617797851565,
12/31/2023,21.066666666666663,389.3333333333333,211.66666666666663,205.8333333333333,240.25,307.25,237.0666666666667,228.5,321.9286295572917,-0.737609335,8.733333333333333,26.7,22.133333333333336,96.93333333333334,0,98.8,220,235,101.2,225.59,247.58,99.33,220,250.88,95,117,5131779,3.720840139820287,2023Yala,49.43709699822922,0.7,96.0544736202802,2318,2435,2424,2423,2705,2413,2393,2510,5.431536214710627,0.0110012110135624,0.0053962901648265,0.0074718621678089,0.0072897772895904,0.0053962901648265,-0.00562677,0,0,0,0,0,0,0,0,0,0,0,0,0,0,0,0,0,0,0,1,0,0,0,5.420535003697065,5.418763524056528,5.416840873173299,0.0017714796405368,0.0037303533633403,-0.000192432,323.7451538085937,323.89341430664064,325.1439412434896,
1/7/2024,20.64,386.8,212.27,205.9,265.5,251.675,237.6,229.65,320.22008056640624,-1.334082342,5.82,28.28,22.42,67.86000000000001,0,98.8,220,235,101.2,225.59,247.58,99.33,220,250.88,95,117,5131779,3.720840139820287,2023Yala,49.43709699822922,1.59,109.324294070883,2442,2649,2634,2546,2962,2560,2567,2675,5.436556415126255,0.0050202004156272,0.0039778645686169,0.0040023295089356,0.0071139944054249,0.0039778645686169,-0.005321362,0,0,0,0,0,0,0,0,0,0,0,0,0,0,0,0,0,0,0,1,0,0,0,5.431536214710627,5.420535003697065,5.415033170693188,0.0110012110135624,0.0017714796405368,-0.001807702,321.9286295572917,323.7451538085937,324.6548706054688,
1/14/2024,20.448,377.6,212,206.25,261.7,171.475,240.25,231.9,319.55344848632814,-1.674565567,8.5,26.56,21.94,109.6,0,98.8,220,235,101.2,225.59,247.58,99.33,220,250.88,95,117,5131779,3.720840139820287,2023Yala,49.43709699822922,1.59,109.324294070883,2442,2649,2634,2546,2962,2560,2567,2675,5.4463062485736895,0.0097498334474348,0.0042730172747304,0.0046054004118216,0.0072196257025828,0.0042730172747304,-0.002083963,0,0,0,0,0,0,0,0,0,0,0,0,0,0,0,0,0,0,0,1,0,0,0,5.436556415126255,5.431536214710627,5.418763524056528,0.0050202004156272,0.0110012110135624,0.0037303533633403,320.22008056640624,321.9286295572917,323.89341430664064,
1/21/2024,729.9,305,211.625,206.625,259.25,178.125,242.1875,236.5,318.3695983886719,-2.154481301,1.875,27.975,20.8,79.4,0,98.8,220,240,101.2,224.25,253.23,99.33,220,254.67,95,117,5131779,3.720840139820287,2023Yala,49.43709699822922,1.59,109.324294070883,2442,2649,2634,2546,2962,2560,2567,2675,5.465948212160318,0.0196419635866282,0.0060965882819102,0.0070545832587743,0.0075633570465667,0.0060965882819102,-0.003711581,0,0,0,0,0,0,0,0,0,0,0,0,0,0,0,0,0,0,0,1,0,0,0,5.4463062485736895,5.436556415126255,5.420535003697065,0.0097498334474348,0.0050202004156272,0.0017714796405368,319.55344848632814,320.22008056640624,323.7451538085937,
1/28/2024,927.5,341.5,202.0625,179.1875,297.14625,200.28125,242.0625,236.5,316.4665985107422,-2.43553131,0.175,28.525,20.95,29.92500000000001,0,98.8,220,240,101.2,224.25,253.23,99.33,220,254.67,95,117,5131779,3.720840139820287,2023Yala,49.43709699822922,1.59,109.324294070883,2442,2649,2634,2546,2962,2560,2567,2675,5.465948212160318,0,0.0083670386215751,0.0070302932631354,0.0076543447518869,0.0083670386215751,-0.005995265,0,0,0,0,0,0,0,0,0,0,0,0,0,0,0,0,0,0,0,1,0,0,0,5.465948212160318,5.4463062485736895,5.431536214710627,0.0196419635866282,0.0097498334474348,0.0110012110135624,318.3695983886719,319.55344848632814,321.9286295572917,
2/4/2024,544.616,249.6,202.8,188.45,269.725,239.825,239.3,231.45,313.09552001953125,-3.3902291,8.72,28.48,22.24,41.80000000000001,0,98.8,220,240,101.2,224.25,253.23,99.33,220,254.67,95,117,5131779,3.720840139820287,2023Yala,49.43709699822922,1.59,109.324294070883,2442,2649,2634,2546,2962,2560,2567,2675,5.444363871797867,-0.02158434,0.0176211108215255,0.0119671945248672,0.0097463522731266,0.0176211108215255,-0.010709382,0,0,0,0,0,0,0,0,0,0,0,0,0,0,0,0,0,0,0,1,0,0,0,5.465948212160318,5.465948212160318,5.436556415126255,0,0.0196419635866282,0.0050202004156272,316.4665985107422,318.3695983886719,320.22008056640624,
2/11/2024,268.084,222.8,197.75,190.8,250,252.1,237.5,229.6,310.53078002929686,-3.922689451,0.5399999999999999,29.34,21.2,51.04000000000001,0,98.8,220,240,101.2,224.25,253.23,99.33,220,254.67,95,117,5131779,3.720840139820287,2023Yala,49.43709699822922,1.59,109.324294070883,2442,2649,2634,2546,2962,2560,2567,2675,5.436338668800812,-0.008025203,0.0172361655048551,0.0126598922350092,0.010200174667805,0.0172361655048551,-0.008225293,0,0,0,0,0,0,0,0,0,0,0,0,0,0,0,0,0,0,0,1,0,0,0,5.444363871797867,5.465948212160318,5.4463062485736895,-0.02158434,0,0.0097498334474348,313.09552001953125,316.4665985107422,319.55344848632814,
2/18/2024,260,251.6,198.85,190.75,279.05,242.5,237.15,230.15,309.8465209960938,-3.460001513,2.18,29.160000000000004,22.62,26.460000000000008,0,98.8,220,244.752,101.2,223.986,252.362,99.33,220,256.802,95,117,5131779,3.720840139820287,2023Yala,49.43709699822922,1.59,109.324294070883,2442,2649,2634,2546,2962,2560,2567,2675,5.438731274608243,0.0023926058074303,0.0108139072825593,0.0126588151214927,0.0101990741081012,0.0108139072825593,-0.002205946,0,0,0,0,0,0,0,0,0,0,0,0,0,0,0,0,0,0,0,1,0,0,0,5.436338668800812,5.444363871797867,5.465948212160318,-0.008025203,-0.02158434,0.0196419635866282,310.53078002929686,313.09552001953125,318.3695983886719,
2/25/2024,255,218,202.7,192.7075,274.0625,239.3125,237.375,229.3125,308.89234924316406,-3.343678033,0.05,31.55,22,13.925000000000011,0,98.8,220,251.88,101.2,223.59,251.06,99.33,220,260,95,117,5131779,3.720840139820287,2023Yala,49.43709699822922,1.59,109.324294070883,2442,2649,2634,2546,2962,2560,2567,2675,5.435085706476362,-0.003645568,0.0101846092595133,0.0122695668692323,0.0103087754883,0.0101846092595133,-0.003084249,0,0,0,0,0,0,0,0,0,0,0,0,0,0,0,0,0,0,0,1,0,0,0,5.438731274608243,5.436338668800812,5.465948212160318,0.0023926058074303,-0.008025203,0,309.8465209960938,310.53078002929686,316.4665985107422,
3/3/2024,253.33,222.8,203.17,193.9,220.7,257.8,236.95,229.4,307.050732421875,-3.827923536,0.94,31.06,22.76,10.760000000000009,0,98.8,220,251.88,101.2,223.59,251.06,99.33,220,260,95,117,7974354,3.494057211661062,2023-2024Maha,1.475839095019249,1.59,109.324294070883,2442,2649,2634,2546,2962,2560,2567,2675,5.435467209054468,0.0003815025781062,0.0046107304165563,0.0121312206155087,0.0102637969091688,0.0046107304165563,-0.005979846,0,0,0,0,0,0,0,0,0,0,0,0,0,0,0,0,0,0,1,0,0,0,0,5.435085706476362,5.438731274608243,5.444363871797867,-0.003645568,0.0023926058074303,-0.02158434,308.89234924316406,309.8465209960938,313.09552001953125,
3/10/2024,253.33,240,203.9625,194.3725,211.125,262.6875,236.7125,229.415,304.72425079345703,-3.989107303,0,31.85,21.65,4.8000000000000105,0,98.8,220,251.88,101.2,223.59,251.06,99.33,220,260,95,117,7974354,3.494057211661062,2023-2024Maha,1.475839095019249,1.59,109.324294070883,2442,2649,2634,2546,2962,2560,2567,2675,5.435532594885097,6.53858306289834e-05,0.0025167512318087,0.0114689018213681,0.0102525025102617,0.0025167512318087,-0.007605714,0,0,0,0,0,0,0,0,0,0,0,0,0,0,0,0,0,0,1,0,0,0,0,5.435467209054468,5.435085706476362,5.436338668800812,0.0003815025781062,-0.003645568,-0.008025203,307.050732421875,308.89234924316406,310.53078002929686,
3/17/2024,252.998,270.8,204.32,194.5,242.1,340.7,237.12,229.4,303.2910400390625,-3.738612362,0,33.84,22.1,1.1800000000000084,0,98.8,220,252.254,101.2,223.712,251.224,99.33,220,260,95,117,7974354,3.494057211661062,2023-2024Maha,1.475839095019249,1.59,109.324294070883,2442,2649,2634,2546,2962,2560,2567,2675,5.435467209054468,-6.54E-05,0.0018956732181553,0.0078678369928149,0.0102601196244,0.0018956732181553,-0.004714399,0,0,0,0,0,0,0,0,0,0,0,0,0,0,0,0,0,0,1,0,0,0,0,5.435532594885097,5.435467209054468,5.438731274608243,6.53858306289834e-05,0.0003815025781062,0.0023926058074303,304.72425079345703,307.050732421875,309.8465209960938,
3/24/2024,251.266,264.4,204.82,194.398,208.7,319.9,237.22,229.466,301.37172241210936,-3.071413604,1.24,32.72,22.56,1.5000000000000042,0,98.8,220,253.75,101.2,224.2,251.88,99.33,220,260,95,117,7974354,3.494057211661062,2023-2024Maha,1.475839095019249,1.59,109.324294070883,2442,2649,2634,2546,2962,2560,2567,2675,5.435754874735375,0.0002876656809069,0.0002040423444601,0.007888368515441,0.0097892543820684,0.0002040423444601,-0.006348412,0,0,0,0,0,0,0,0,0,0,0,0,0,0,0,0,0,0,1,0,0,0,0,5.435467209054468,5.435532594885097,5.435085706476362,-6.54E-05,6.53858306289834e-05,-0.003645568,303.2910400390625,304.72425079345703,308.89234924316406,
3/31/2024,250.8125,249,207.1,198.645,204.325,336.9375,236.8125,229.3725,298.58338165283203,-3.682573456,7.3,32.35,23.075,25.30000000000001,0,98.8,220,253.75,101.2,224.2,251.88,99.33,220,260,95,117,7974354,3.494057211661062,2023-2024Maha,1.475839095019249,1.59,109.324294070883,2442,2649,2634,2546,2962,2560,2567,2675,5.435347323926598,-0.000407551,0.0002908646353995,0.0032438797272736,0.009678699510125,0.0002908646353995,-0.009295232,0,0,0,0,0,0,0,0,0,0,0,0,0,0,0,0,0,0,1,0,0,0,0,5.435754874735375,5.435467209054468,5.435467209054468,0.0002876656809069,-6.54E-05,0.0003815025781062,301.37172241210936,303.2910400390625,307.050732421875,
4/7/2024,248.9,276,207.36,198.75,213.95,285.675,236.7,229.5,296.5027221679687,-4.234649289,1.16,34.44,23.76,45.28000000000001,0.2,98.8,220,253.75,101.2,224.2,251.88,99.33,220,260,95,117,7974354,3.494057211661062,2023-2024Maha,1.475839095019249,1.59,109.324294070883,2442,2649,2634,2546,2962,2560,2567,2675,5.435903033857898,0.0005557099313007,0.0004193772295941,0.0016777010159676,0.0091790371168327,0.0004193772295941,-0.00699283,0,0,0,0,0,0,0,0,0,0,0,0,0,0,0,0,0,0,1,0,0,0,0,5.435347323926598,5.435754874735375,5.435532594885097,-0.000407551,0.0002876656809069,6.53858306289834e-05,298.58338165283203,301.37172241210936,304.72425079345703,
4/14/2024,247,296.6666666666667,206.95,198.75,229.66666666666663,266.1,236.75,229.5,295.3566487630208,-4.146581343,0.0333333333333333,35.266666666666666,23.33333333333333,29.10000000000001,0.3333333333333333,98.8,220,253.75,101.2,224.2,251.88,99.33,220,260,95,117,7974354,3.494057211661062,2023-2024Maha,1.475839095019249,1.59,109.324294070883,2442,2649,2634,2546,2962,2560,2567,2675,5.435903033857898,0,0.0004123820714581,0.0013628780655447,0.0065698212065214,0.0004123820714581,-0.003872794,0,0,0,0,0,0,0,0,0,0,0,0,0,0,0,0,0,0,1,0,0,0,0,5.435903033857898,5.435347323926598,5.435467209054468,0.0005557099313007,-0.000407551,-6.54E-05,296.5027221679687,298.58338165283203,303.2910400390625,
4/21/2024,245.4175,366,207.645,198.645,267.15625,250.84375,236.8975,229.08,297.0761413574219,-3.219084561,1.525,34.375,23.65,32.77500000000001,0.25,98.8,220,255.5,101.2,224.07,253.08,99.33,218.5,254.83,95,117,7974354,3.494057211661062,2023-2024Maha,1.475839095019249,1.59,109.324294070883,2442,2649,2634,2546,2962,2560,2567,2675,5.434071291890944,-0.001831742,0.0010200616034366,0.0007500863358849,0.0065275028448824,0.0010200616034366,0.0058048691621257,0,0,0,0,0,0,0,0,0,0,0,0,0,0,0,0,0,0,1,0,0,0,0,5.435903033857898,5.435903033857898,5.435754874735375,0,0.0005557099313007,0.0002876656809069,295.3566487630208,296.5027221679687,301.37172241210936,
4/28/2024,244.4575,267.5,207.45,198.9575,271.875,244.25,237.0125,229.4575,295.889404296875,-2.898927216,0.7749999999999999,36.6,24.25,35.42500000000001,1,98.8,220,255.5,101.2,224.07,253.08,99.33,218.5,254.83,95,117,7974354,3.494057211661062,2023-2024Maha,1.475839095019249,1.59,109.324294070883,2442,2649,2634,2546,2962,2560,2567,2675,5.435717831524626,0.0016465396336826,0.0014538301088775,0.0009728260227094,0.0027628582141597,0.0014538301088775,-0.004002724,0,0,0,0,0,0,0,0,0,0,0,0,0,0,0,0,0,0,1,0,0,0,0,5.434071291890944,5.435903033857898,5.435347323926598,-0.001831742,0,-0.000407551,297.0761413574219,295.3566487630208,298.58338165283203,
5/5/2024,250.2075,256.5,207.65,200.125,265.625,241.625,236.7625,229.4575,294.0812301635742,-3.104019553,2.1,35.45,25.15,20.32500000000001,0.75,98.8,220,255.5,101.2,224.07,253.08,99.33,218.5,254.83,95,117,7974354,3.494057211661062,2023-2024Maha,1.475839095019249,1.59,109.324294070883,2442,2649,2634,2546,2962,2560,2567,2675,5.435717831524626,0,0.0014210086115944,0.0009727736752355,0.0015303219686987,0.0014210086115944,-0.006129728,0,0,0,0,0,0,0,0,0,0,0,0,0,0,0,0,0,0,1,0,0,0,0,5.435717831524626,5.434071291890944,5.435903033857898,0.0016465396336826,-0.001831742,0.0005557099313007,295.889404296875,297.0761413574219,296.5027221679687,
5/12/2024,265,226.4,209,200.9,261.4,229.833,236.81,229.466,295.2445495605469,-2.142343745,14.1,34.94,24.56,47.24000000000001,0.6,98.8,220,255.5,101.2,224.07,253.08,99.33,218.5,254.83,95,117,7974354,3.494057211661062,2023-2024Maha,1.475839095019249,1.59,109.324294070883,2442,2649,2634,2546,2962,2560,2567,2675,5.435754874735375,3.704321074859962e-05,0.0014215315469363,0.0009721156889424,0.001325670390147,0.0014215315469363,0.0039479722219981,0,0,0,0,0,0,0,0,0,0,0,0,0,0,0,0,0,0,1,0,0,0,0,5.435717831524626,5.435717831524626,5.435903033857898,0,0.0016465396336826,0,294.0812301635742,295.889404296875,295.3566487630208,
5/19/2024,264.85,245.6,209.2,201.15,271.8,215.4,236.82,229.48200000000003,297.2753662109375,-0.580166137,17.3,31.3,24.18,167.4,0,98.8,220,256.7,101.2,224.4,252.558,99.33,219.4,256.06,95,117,7974354,3.494057211661062,2023-2024Maha,1.475839095019249,1.59,109.324294070883,2442,2649,2634,2546,2962,2560,2567,2675,5.435824599409791,6.972467441546115e-05,0.0008059786351614,0.0009670949596442,0.0007827031130806,0.0008059786351614,0.0068548737070051,0,0,0,0,0,0,0,0,0,0,0,0,0,0,0,0,0,0,1,0,0,0,0,5.435754874735375,5.435717831524626,5.434071291890944,3.704321074859962e-05,0,-0.001831742,295.2445495605469,294.0812301635742,297.0761413574219,
5/26/2024,266.25,389.3333333333333,209.2,201,280,165.33333333333334,236.6,229.5,296.15479532877606,-0.174664563,7.666666666666667,27.366666666666664,24,229.4,0,98.8,220,257.5,101.2,224.62,252.21,99.33,220,256.88,95,117,7974354,3.494057211661062,2023-2024Maha,1.475839095019249,1.59,109.324294070883,2442,2649,2634,2546,2962,2560,2567,2675,5.435903033857898,7.843444810795575e-05,3.564040881370322e-05,0.0009523631456247,0.0007763048741167,3.564040881370322e-05,-0.003776593,0,0,0,0,0,0,0,0,0,0,0,0,0,0,0,0,0,0,1,0,0,0,0,5.435824599409791,5.435754874735375,5.435717831524626,6.972467441546115e-05,3.704321074859962e-05,0.0016465396336826,297.2753662109375,295.2445495605469,295.889404296875,
6/2/2024,266.75,435.2,212.2,204.866,283.35,177.6,237.28000000000003,229.466,297.96624145507815,0.7629362711798061,0.48,30.02,24.64,123.84,0,98.8,220,257.5,101.2,224.62,252.21,99.33,220,256.88,95,117,7974354,3.494057211661062,2023-2024Maha,1.475839095019249,1.59,109.324294070883,2442,2649,2634,2546,2962,2560,2567,2675,5.435754874735375,-0.000148159,0.0001064483724704,0.000933347609883,0.0007780236556373,0.0001064483724704,0.0060979215385872,0,0,0,0,0,0,0,0,0,0,0,0,0,0,0,0,0,0,1,0,0,0,0,5.435903033857898,5.435824599409791,5.435717831524626,7.843444810795575e-05,6.972467441546115e-05,0,296.15479532877606,297.2753662109375,294.0812301635742,
6/9/2024,266.384,405.2,211.88,205.7,287.4,183.48,237.04,229.466,298.6573425292969,0.4644543245648247,1.24,30.3,24.16,43.64000000000001,0,98.8,220,257.5,101.2,224.62,252.21,99.33,220,256.88,95,117,7974354,3.494057211661062,2023-2024Maha,1.475839095019249,1.59,109.324294070883,2442,2649,2634,2546,2962,2560,2567,2675,5.435754874735375,0,0.0001048246446975,0.000933347609883,0.0007776114353458,0.0001048246446975,0.0023167082212527,0,0,0,0,0,0,0,0,0,0,0,0,0,0,0,0,0,0,1,0,0,0,0,5.435754874735375,5.435903033857898,5.435754874735375,-0.000148159,7.843444810795575e-05,3.704321074859962e-05,297.96624145507815,296.15479532877606,295.2445495605469,
6/16/2024,268.582,398.4,211.88,205.614,285.9,191.56,236.84,229.5,300.3639770507813,1.955475175189592,0.48,30.24,24.44,13.320000000000016,0,98.8,220,257.5,101.2,224.62,252.21,99.33,220,256.88,95,117,7974354,3.494057211661062,2023-2024Maha,1.475839095019249,1.59,109.324294070883,2442,2649,2634,2546,2962,2560,2567,2675,5.435903033857898,0.0001481591225234,0.0001271694710612,0.0005791583646877,0.0007743467200476,0.0001271694710612,0.0056980914622517,0,0,0,0,0,0,0,0,0,0,0,0,0,0,0,0,0,0,1,0,0,0,0,5.435754874735375,5.435754874735375,5.435824599409791,0,-0.000148159,6.972467441546115e-05,298.6573425292969,297.96624145507815,297.2753662109375,
6/23/2024,275,405.3333333333333,212.0666666666667,205.8633333333333,284.3333333333333,200.5,236.7333333333333,229.5,301.4129943847656,2.4950129643420844,1.6666666666666667,29.83333333333333,24.166666666666668,11.300000000000017,0,98.8,220,263.12,101.2,224.81000000000003,251.44,99.33,220,257.12,95,117,7974354,3.494057211661062,2023-2024Maha,1.475839095019249,1.59,109.324294070883,2442,2649,2634,2546,2962,2560,2567,2675,5.435903033857898,0,0.0001209714169028,8.618953829747431e-05,0.0007631119546971,0.0001209714169028,0.0034864025805525,0,0,0,0,0,0,0,0,0,0,0,0,0,0,0,0,0,0,1,0,0,0,0,5.435903033857898,5.435754874735375,5.435903033857898,0.0001481591225234,0,7.843444810795575e-05,300.3639770507813,298.6573425292969,296.15479532877606,
6/30/2024,283.584,369.2,211.74,205.868,289.2,217,236.48,229.466,302.1390808105469,2.166086027982419,1.72,29.32,23.44,20.12000000000001,0,98.8,220,263.12,101.2,224.81,251.44,99.33,220,257.12,95,117,7974354,3.494057211661062,2023-2024Maha,1.475839095019249,1.59,109.324294070883,2442,2649,2634,2546,2962,2560,2567,2675,5.435754874735375,-0.000148159,0.0001209714169028,0.0001056054275315,0.0007472848554746,0.0001209714169028,0.0024060451566496,0,0,0,0,0,0,0,0,0,0,0,0,0,0,0,0,0,0,1,0,0,0,0,5.435903033857898,5.435903033857898,5.435754874735375,0,0.0001481591225234,-0.000148159,301.4129943847656,300.3639770507813,297.96624145507815,
7/7/2024,283.15,376,211.84,205.668,282.8,204.4,237.08,229.466,301.8043518066406,1.5932614501073108,0.98,30.48,24.14,21.060000000000013,0,98.8,220,263.12,101.2,224.81,251.44,99.33,220,257.12,95,117,7974354,3.494057211661062,2023-2024Maha,1.475839095019249,1.59,109.324294070883,2442,2649,2634,2546,2962,2560,2567,2675,5.435754874735375,0,0.0001209714169028,0.0001047901779332,0.0007472848554746,0.0001209714169028,-0.001108478,0,0,0,0,0,0,0,0,0,0,0,0,0,0,0,0,0,0,1,0,0,0,0,5.435754874735375,5.435903033857898,5.435754874735375,-0.000148159,0,0,302.1390808105469,301.4129943847656,298.6573425292969,
7/14/2024,284,320.8,211.88,206.1,275,219.26,237.12,229.5,300.86603393554685,1.2256501733660483,0.64,30.84,24.18,10.700000000000014,0,98.8,220,263.12,101.2,224.81,251.44,99.33,220,257.12,95,117,7974354,3.494057211661062,2023-2024Maha,1.475839095019249,1.59,109.324294070883,2442,2649,2634,2546,2962,2560,2567,2675,5.435903033857898,0.0001481591225234,0.0001209714169028,0.000115379788879,0.0004797420146852,0.0001209714169028,-0.00311387,0,0,0,0,0,0,0,0,0,0,0,0,0,0,0,0,0,0,1,0,0,0,0,5.435754874735375,5.435754874735375,5.435903033857898,0,-0.000148159,0.0001481591225234,301.8043518066406,302.1390808105469,300.3639770507813,
7/21/2024,282.884,225.2,211.8,205.932,256,235.5,236.96,229.366,299.8948913574219,0.4853673358080224,1.8,28.54,24.08,16.48000000000001,0,98.8,220,264,101.2,224.66,251.51,99.33,220,257.12,95,117,7974354,3.494057211661062,2023-2024Maha,1.475839095019249,1.59,109.324294070883,2442,2649,2634,2546,2962,2560,2567,2675,5.435318985341665,-0.000584049,0.000316088992273,0.0002349097358877,0.0001972645526092,0.000316088992273,-0.003233045,0,0,0,0,0,0,0,0,0,0,0,0,0,0,0,0,0,0,1,0,0,0,0,5.435903033857898,5.435754874735375,5.435903033857898,0.0001481591225234,0,0,300.86603393554685,301.8043518066406,301.4129943847656,
7/28/2024,282.002,190.4,211.4,206.33,260.26,217.16,236.32,229.36400000000003,300.46612548828125,0.1654085392679705,0.5800000000000001,32.06,24.76,16.540000000000013,0,98.8,220,264,101.2,224.66,251.51,99.33,220,257.12,95,117,7974354,3.494057211661062,2023-2024Maha,1.475839095019249,1.59,109.324294070883,2442,2649,2634,2546,2962,2560,2567,2675,5.435310265615502,-8.72E-06,0.0003233782672073,0.000233706904697,0.0001971470148522,0.0003233782672073,0.0019029693311578,0,0,0,0,0,0,0,0,0,0,0,0,0,0,0,0,0,0,1,0,0,0,0,5.435318985341665,5.435903033857898,5.435754874735375,-0.000584049,0.0001481591225234,-0.000148159,299.8948913574219,300.86603393554685,302.1390808105469,
8/4/2024,279.916,290.4,212.28000000000003,206.198,259.2,208.34,236.07,228.4,299.5412658691406,-0.447659117,1.52,30.7,24.06,11.540000000000015,0,98.8,220,264,101.2,224.66,251.51,99.33,220,257.12,95,117,7974354,3.494057211661062,2023-2024Maha,1.475839095019249,1.59,109.324294070883,2442,2649,2634,2546,2962,2560,2567,2675,5.431098482160139,-0.004211783,0.0020560286760053,0.0014849681563608,0.0012199960477515,0.0020560286760053,-0.00308283,0,0,0,0,0,0,0,0,0,0,0,0,0,0,0,0,0,0,1,0,0,0,0,5.435310265615502,5.435318985341665,5.435754874735375,-8.72E-06,-0.000584049,0,300.46612548828125,299.8948913574219,301.8043518066406,
8/11/2024,277.666,200.4,211.52,206.066,245.4,188.16,232,224.8,297.7386108398438,-1.456550553,2.02,32.1,24,23.040000000000013,0,98.8,220,264,101.2,224.66,251.51,99.33,220,257.12,95,117,7974354,3.494057211661062,2023-2024Maha,1.475839095019249,1.59,109.324294070883,2442,2649,2634,2546,2962,2560,2567,2675,5.415211122467935,-0.01588736,0.0073812760261964,0.0055679312546723,0.0046237808587738,0.0073812760261964,-0.006036234,0,0,0,0,0,0,0,0,0,0,0,0,0,0,0,0,0,0,1,0,0,0,0,5.431098482160139,5.435310265615502,5.435903033857898,-0.004211783,-8.72E-06,0.0001481591225234,299.5412658691406,300.46612548828125,300.86603393554685,
8/18/2024,275.832,183.2,211.4,205.93400000000003,242.2,192,232.2,222.998,296.2602600097656,-1.836429658,9.02,30.56,23.56,60.06000000000002,0,98.8,220,262.668,101.2,224.364,250.382,99.33,220,257.12,95,117,7974354,3.494057211661062,2023-2024Maha,1.475839095019249,1.59,109.324294070883,2442,2649,2634,2546,2962,2560,2567,2675,5.40716280729438,-0.008048315,0.0067510537565921,0.0057576992935688,0.0049222897753622,0.0067510537565921,-0.004977632,0,0,0,0,0,0,0,0,0,0,0,0,0,0,0,0,0,0,1,0,0,0,0,5.415211122467935,5.431098482160139,5.435318985341665,-0.01588736,-0.004211783,-0.000584049,297.7386108398438,299.5412658691406,299.8948913574219,
8/25/2024,276.67,191,212.3,206.58,245.25,200.625,232,222.5,296.7454147338867,-1.462948685,1.9,29.75,23.35,76.12500000000001,0,98.8,220,260.67,101.2,223.92,248.69,99.33,220,257.12,95,117,7974354,3.494057211661062,2023-2024Maha,1.475839095019249,1.59,109.324294070883,2442,2649,2634,2546,2962,2560,2567,2675,5.4049271061006765,-0.002235701,0.0060314995177776,0.0056250749808216,0.0048722978866138,0.0060314995177776,0.001636256958041,0,0,0,0,0,0,0,0,0,0,0,0,0,0,0,0,0,0,1,0,0,0,0,5.40716280729438,5.415211122467935,5.435310265615502,-0.008048315,-0.01588736,-8.72E-06,296.2602600097656,297.7386108398438,300.46612548828125,
9/1/2024,276.67,206.4,216.76,209,240.98,214.5,232.2,222.5,296.91070556640625,-0.919139713,1.4,30.68,24,38.58000000000002,0,98.8,220,260.67,101.2,223.92,248.69,99.33,220,257.12,95,117,7974354,3.494057211661062,2023-2024Maha,1.475839095019249,1.59,109.324294070883,2442,2649,2634,2546,2962,2560,2567,2675,5.4049271061006765,0,0.0070933467356946,0.0056250749808216,0.0048722978866138,0.0070933467356946,0.0005568571790357,0,0,0,0,0,0,0,0,0,0,0,0,0,0,0,0,0,0,1,0,0,0,0,5.4049271061006765,5.40716280729438,5.431098482160139,-0.002235701,-0.008048315,-0.004211783,296.7454147338867,296.2602600097656,299.5412658691406,
9/8/2024,277.998,181,216.58,211.1,250,215.2,232,222.5,295.6792907714844,-1.634077733,1.34,30.02,23.82,21.02000000000001,0,98.8,220,260.67,101.2,223.92,248.69,99.33,220,257.12,95,117,5557436,3.969234241440783,2024Yala,8.29453099987354,1.59,109.324294070883,2442,2649,2634,2546,2962,2560,2567,2675,5.4049271061006765,0,0.0038005915679814,0.0056102423041027,0.0048649688162178,0.0038005915679814,-0.004156049,0,0,0,0,0,0,0,0,0,0,0,0,0,0,0,0,0,0,0,0,0,1,0,5.4049271061006765,5.4049271061006765,5.415211122467935,0,-0.002235701,-0.01588736,296.91070556640625,296.7454147338867,297.7386108398438,
9/15/2024,273.5,175,222.08,216,254.2,211.2,232.4,223.498,297.3865112304687,-0.735923413,1,31.360000000000003,23.7,22.98000000000001,0,98.8,220,260.67,101.2,223.92,248.69,99.33,220,257.12,95,117,5557436,3.969234241440783,2024Yala,8.29453099987354,1.59,109.324294070883,2442,2649,2634,2546,2962,2560,2567,2675,5.409402469942036,0.0044753638413599,0.0028150322168791,0.0062791240410885,0.0052380747964322,0.0028150322168791,0.0057572875156184,0,0,0,0,0,0,0,0,0,0,0,0,0,0,0,0,0,0,0,0,0,1,0,5.4049271061006765,5.4049271061006765,5.40716280729438,0,0,-0.008048315,295.6792907714844,296.91070556640625,296.2602600097656,
9/22/2024,276.6666666666667,175,222,216,255.5,229.13333333333333,232.3333333333333,223.05333333333337,300.4538981119792,0.9252443770074504,0.8333333333333334,31.9,23.866666666666664,16.000000000000018,0,98.8,222.80000000000004,254.33,101.2,230.82,246.65,99.33,228.94,250,95,117,5557436,3.969234241440783,2024Yala,8.29453099987354,1.59,109.324294070883,2442,2649,2634,2546,2962,2560,2567,2675,5.407410910278204,-0.00199156,0.0027357430805926,0.0061715880417835,0.005199047342496,0.0027357430805926,0.0102616475565975,0,0,0,0,0,0,0,0,0,0,0,0,0,0,0,0,0,0,0,0,0,1,0,5.409402469942036,5.4049271061006765,5.4049271061006765,0.0044753638413599,0,-0.002235701,297.3865112304687,295.6792907714844,296.7454147338867,
9/29/2024,277.5,161,226.6375,219.415,262.3625,213.575,232,223.9375,299.2763366699219,0.4257871869047802,1.25,32.5,24.3,12.625000000000014,0,98.8,222.8,254.33,101.2,230.82,246.65,99.33,228.94,250,95,117,5557436,3.969234241440783,2024Yala,8.29453099987354,1.59,109.324294070883,2442,2649,2634,2546,2962,2560,2567,2675,5.4113669995307045,0.003956089252501,0.0031239812597245,0.0066885973618906,0.0054802620221945,0.0031239812597245,-0.003926975,0,0,0,0,0,0,0,0,0,0,0,0,0,0,0,0,0,0,0,0,0,1,0,5.407410910278204,5.409402469942036,5.4049271061006765,-0.00199156,0.0044753638413599,0,300.4538981119792,297.3865112304687,296.91070556640625,
10/6/2024,277.5,170,220.48,215.75,253.02,208.26,227.4,219.932,292.57744750976565,-1.186619362,2.8600000000000003,33.7,23.54,29.68000000000001,0,98.8,222.8,254.33,101.2,230.82,246.65,99.33,228.94,250,95,117,5557436,3.969234241440783,2024Yala,8.29453099987354,1.59,109.324294070883,2442,2649,2634,2546,2962,2560,2567,2675,5.39331841221169,-0.018048587,0.0105151778292284,0.0073217848083452,0.0071001840432279,0.0105151778292284,-0.02263794,0,0,0,0,0,0,0,0,0,0,0,0,0,0,0,0,0,0,0,0,0,1,0,5.4113669995307045,5.407410910278204,5.4049271061006765,0.003956089252501,-0.00199156,0,299.2763366699219,300.4538981119792,295.6792907714844,
10/13/2024,277.5,189.6,219.28,214,264.2,211.42,227.52,219.798,290.2357482910156,-2.173487465,9.74,29.74,22.72,58.62000000000002,0,98.8,222.8,254.33,101.2,230.82,246.65,99.33,228.94,250,95,117,5557436,3.969234241440783,2024Yala,8.29453099987354,1.59,109.324294070883,2442,2649,2634,2546,2962,2560,2567,2675,5.392708947296682,-0.000609465,0.0095929050029222,0.0070168459184117,0.0070992229896066,0.0095929050029222,-0.008035892,0,0,0,0,0,0,0,0,0,0,0,0,0,0,0,0,0,0,0,0,0,1,0,5.39331841221169,5.4113669995307045,5.409402469942036,-0.018048587,0.003956089252501,0.0044753638413599,292.57744750976565,299.2763366699219,297.3865112304687,
10/20/2024,277.5,223,219.8,214.9575,289.1,253.575,227.5,219.34,289.6559371948242,-2.545451097,3.45,28.675,22.85,77.20000000000002,0,98.8,222.0125,254.33,101.2,232.56,245.6825,99.33,228.175,242.5,95,117,5557436,3.969234241440783,2024Yala,8.29453099987354,1.59,109.324294070883,2442,2649,2634,2546,2962,2560,2567,2675,5.390623041891195,-0.002085905,0.0095858657057177,0.0070157374627408,0.0070299910197289,0.0095858657057177,-0.001999723,0,0,0,0,0,0,0,0,0,0,0,0,0,0,0,0,0,0,0,0,0,1,0,5.392708947296682,5.39331841221169,5.407410910278204,-0.000609465,-0.018048587,-0.00199156,290.2357482910156,292.57744750976565,300.4538981119792,
10/27/2024,275.168,241.2,226.22,218.86400000000003,280.515,268.92,226.92,219.36400000000003,289.8802062988281,-1.927079841,7.1800000000000015,29.82,22.9,74.06000000000002,0,98.8,221.75,254.33,101.2,233.14,245.36000000000004,99.33,227.92,240,95,117,5557436,3.969234241440783,2024Yala,8.29453099987354,1.59,109.324294070883,2442,2649,2634,2546,2962,2560,2567,2675,5.390732455071446,0.000109413180251,0.0086417555708514,0.007019826444234,0.0071129140828691,0.0086417555708514,0.0007739607509993,0,0,0,0,0,0,0,0,0,0,0,0,0,0,0,0,0,0,0,0,0,1,0,5.390623041891195,5.392708947296682,5.4113669995307045,-0.002085905,-0.000609465,0.003956089252501,289.6559371948242,290.2357482910156,299.2763366699219,
11/3/2024,277.77666666666664,207.3333333333333,227.36666666666667,219.34333333333333,281.3,263.3666666666667,227.7333333333333,219.33,290.2730712890625,-2.417468358,9.8,29.46666666666667,22.933333333333334,81.36666666666667,0,98.8,221.75,254.33,101.2,233.14,245.36,99.33,227.92,240,95,117,5557436,3.969234241440783,2024Yala,8.29453099987354,1.59,109.324294070883,2442,2649,2634,2546,2962,2560,2567,2675,5.390577449532674,-0.000155006,0.0009798346293016,0.0070144412682996,0.0059494947687275,0.0009798346293016,0.0013543491491248,0,0,0,0,0,0,0,0,0,0,0,0,0,0,0,0,0,0,0,0,0,1,0,5.390732455071446,5.390623041891195,5.39331841221169,0.000109413180251,-0.002085905,-0.018048587,289.8802062988281,289.6559371948242,292.57744750976565,
11/10/2024,276.75,231.2,227.52,219.466,282.995,278.375,227.1,219.466,289.6440002441406,-3.52886964,10.52,28.96,21.76,146.64,0,98.8,221.75,254.33,101.2,233.14,245.36000000000004,99.33,227.92,240,95,117,5557436,3.969234241440783,2024Yala,8.29453099987354,1.59,109.324294070883,2442,2649,2634,2546,2962,2560,2567,2675,5.39119732757958,0.0006198780469057,0.0011832158963889,0.0066448986966721,0.0056752814481611,0.0011832158963889,-0.002169522,0,0,0,0,0,0,0,0,0,0,0,0,0,0,0,0,0,0,0,0,0,1,0,5.390577449532674,5.390732455071446,5.392708947296682,-0.000155006,0.000109413180251,-0.000609465,290.2730712890625,289.8802062988281,290.2357482910156,
11/17/2024,276.67,222,227.75,217.25,269.96875,278.1875,227.625,219.33,289.7117385864258,-2.717402427,4.275,30.3,22.275,143.625,0,98.8,221.75,254.33,101.2,233.14,245.36,99.33,227.92,240,95,117,5557436,3.969234241440783,2024Yala,8.29453099987354,1.59,109.324294070883,2442,2649,2634,2546,2962,2560,2567,2675,5.390577449532674,-0.000619878,0.0005176793992727,0.0066709221432853,0.0056710179879414,0.0005176793992727,0.0002338402394936,0,0,0,0,0,0,0,0,0,0,0,0,0,0,0,0,0,0,0,0,0,1,0,5.39119732757958,5.390577449532674,5.390623041891195,0.0006198780469057,-0.000155006,-0.002085905,289.6440002441406,290.2730712890625,289.6559371948242,
11/24/2024,277.002,248.8,230.4,223.868,293.025,244.175,227.5,219.33,287.87171630859376,-1.359554854,7.859999999999999,28.54,22.44,89.02000000000001,0,98.8,239,244,101.2,238.88,244.29,99.33,230.67,240.44,95,117,5557436,3.969234241440783,2024Yala,8.29453099987354,1.59,109.324294070883,2442,2649,2634,2546,2962,2560,2567,2675,5.390577449532674,0,0.0005120278715746,0.0062934520956592,0.0056710179879414,0.0005120278715746,-0.006371472,0,0,0,0,0,0,0,0,0,0,0,0,0,0,0,0,0,0,0,0,0,1,0,5.390577449532674,5.39119732757958,5.390732455071446,-0.000619878,0.0006198780469057,0.000109413180251,289.7117385864258,289.6440002441406,289.8802062988281,
12/1/2024,277.5,233.2,236.5,228.998,281.55,239.775,228.4,220.132,287.4981384277344,-0.767225369,54.58,24.54,21.78,286.46000000000004,0,98.8,239,244,101.2,238.88,244.29,99.33,230.67,240.44,95,117,5557436,3.969234241440783,2024Yala,8.29453099987354,1.59,109.324294070883,2442,2649,2634,2546,2962,2560,2567,2675,5.394227370967058,0.0036499214343841,0.0018938446296623,0.001636441920549,0.005836451659157,0.0018938446296623,-0.001298566,0,0,0,0,0,0,0,0,0,0,0,0,0,0,0,0,0,0,0,0,0,1,0,5.390577449532674,5.390577449532674,5.390577449532674,0,-0.000619878,-0.000155006,287.87171630859376,289.7117385864258,290.2730712890625,
12/8/2024,597.5,314,245.5,239.2,250,262.875,240.55,234.35,287.1820861816406,-0.844747714,0.54,29.18,22.56,316.26000000000005,0,98.8,239,244,101.2,238.88,244.29,99.33,230.67,240.44,95,117,5557436,3.969234241440783,2024Yala,8.29453099987354,1.59,109.324294070883,2442,2649,2634,2546,2962,2560,2567,2675,5.456815728635837,0.0625883576687789,0.0308467451100338,0.0221103402194919,0.0192924504416826,0.0308467451100338,-0.001099924,0,0,0,0,0,0,0,0,0,0,0,0,0,0,0,0,0,0,0,0,0,1,0,5.394227370967058,5.390577449532674,5.39119732757958,0.0036499214343841,0,0.0006198780469057,287.4981384277344,287.87171630859376,289.6440002441406,
12/15/2024,589.5,424.4,231.75,224.7,240.175,276.2,236.15,230,287.09388427734376,-1.137765074,11.06,28.22,22.26,98,0,98.8,239,244,101.2,238.88,244.29,99.33,230.67,240.44,95,117,5557436,3.969234241440783,2024Yala,8.29453099987354,1.59,109.324294070883,2442,2649,2634,2546,2962,2560,2567,2675,5.438079313271022,-0.018736415,0.0352021350594006,0.0239074704008206,0.0203385606634603,0.0352021350594006,-0.000307176,0,0,0,0,0,0,0,0,0,0,0,0,0,0,0,0,0,0,0,0,0,1,0,5.456815728635837,5.394227370967058,5.390577449532674,0.0625883576687789,0.0036499214343841,-0.000619878,287.1820861816406,287.4981384277344,289.7117385864258,
12/22/2024,223.5,412.5,227.5,221.1,376.35,274.267,237.2,231.4,287.8257568359375,-0.647887256,30.660000000000004,26.880000000000003,22.62,213.66,0,98.8,241.67,245.5,101.2,249.28000000000003,252.15,99.33,239.4,240,95,117,5557436,3.969234241440783,2024Yala,8.29453099987354,1.59,109.324294070883,2442,2649,2634,2546,2962,2560,2567,2675,5.444147819081097,0.0060685058100755,0.0346461077287346,0.0237926965111738,0.0203609126500624,0.0346461077287346,0.0025460008636031,0,0,0,0,0,0,0,0,0,0,0,0,0,0,0,0,0,0,0,0,0,1,0,5.438079313271022,5.456815728635837,5.390577449532674,-0.018736415,0.0625883576687789,0,287.09388427734376,287.1820861816406,287.87171630859376,
12/29/2024,217.05,713,227.5,221,256,319.14625,237.5,231.125,291.05423736572266,0.4568769804416506,2.975,28.45,20.975,206.05,0,98.8,241.67,245.5,101.2,249.28,252.15,99.33,239.4,240,95,117,5557436,3.969234241440783,2024Yala,8.29453099987354,1.59,109.324294070883,2442,2649,2634,2546,2962,2560,2567,2675,5.442958694033952,-0.001189125,0.0351800658308081,0.0238378829197443,0.0193534092920006,0.0351800658308081,0.0111543464093157,0,0,0,0,0,0,0,0,0,0,0,0,0,0,0,0,0,0,0,0,0,1,0,5.444147819081097,5.438079313271022,5.394227370967058,0.0060685058100755,-0.018736415,0.0036499214343841,287.8257568359375,287.09388427734376,287.4981384277344,
1/5/2025,217.6,714,227.5,221.1,255.15,323.784,237.5,231.3,289.2438171386719,0.3683047026182917,9.9,26.360000000000003,21.9,71.80000000000003,0,98.8,241.67,245.5,101.2,249.28000000000003,252.15,99.33,239.4,240,95,117,5557436,3.969234241440783,2024Yala,8.29453099987354,1.59,109.324294070883,2442,2649,2634,2546,2962,2560,2567,2675,5.443715573560783,0.0007568795268309,0.0107542765561429,0.0238330647550031,0.0193269489682667,0.0107542765561429,-0.006239642,0,0,0,0,0,0,0,0,0,0,0,0,0,0,0,0,0,0,0,0,0,1,0,5.442958694033952,5.444147819081097,5.456815728635837,-0.001189125,0.0060685058100755,0.0625883576687789,291.05423736572266,287.8257568359375,287.1820861816406,
1/12/2025,217.6,716,227.75,221,272.6,299.935,237.75,231,291.78349609375,1.4705617809639635,1.38,27.78,21.7,68.64000000000001,0,98.8,241.67,245.5,101.2,249.28000000000003,252.15,99.33,239.4,240,95,117,5557436,3.969234241440783,2024Yala,8.29453099987354,1.59,109.324294070883,2442,2649,2634,2546,2962,2560,2567,2675,5.442417714850798,-0.001297859,0.0034541112183882,0.0238634482879371,0.0193047872956505,0.0034541112183882,0.0087420851407697,0,0,0,0,0,0,0,0,0,0,0,0,0,0,0,0,0,0,0,0,0,1,0,5.443715573560783,5.442958694033952,5.438079313271022,0.0007568795268309,-0.001189125,-0.018736415,289.2438171386719,291.05423736572266,287.09388427734376,
1/19/2025,217.26666666666665,703.3333333333334,227.5,221.8333333333333,328.4166666666667,199.6683333333333,237.22333333333333,231,292.25034586588544,1.7849233819314432,5.966666666666666,26,21.633333333333336,156.4,0,98.8,236.33,243.25,101.2,252.08,253.69,99.33,237.5,245,95,117,5557436,3.969234241440783,2024Yala,8.29453099987354,1.59,109.324294070883,2442,2649,2634,2546,2962,2560,2567,2675,5.442417714850798,0,0.0009870844382983,0.0238634482879371,0.0193069805376672,0.0009870844382983,0.0015987082817128,0,0,0,0,0,0,0,0,0,0,0,0,0,0,0,0,0,0,0,0,0,1,0,5.442417714850798,5.443715573560783,5.444147819081097,-0.001297859,0.0007568795268309,0.0060685058100755,291.78349609375,289.2438171386719,287.8257568359375,
1/26/2025,277.95,328.2,219.58,216.734,473.2600000000001,517.05,253.584,240.668,294.2773803710937,2.41697086137854,6.68,26.76,21.8,251.12000000000003,0,98.8,236.33,243.25,101.2,252.08,253.69,99.33,237.5,245,95,117,5557436,3.969234241440783,2024Yala,8.29453099987354,1.59,109.324294070883,2442,2649,2634,2546,2962,2560,2567,2675,5.483418394530676,0.041000679679878,0.0206079773954164,0.0267141743009295,0.0219207524422741,0.0206079773954164,0.006912009365946,0,0,0,0,0,0,0,0,0,0,0,0,0,0,0,0,0,0,0,0,0,1,0,5.442417714850798,5.442417714850798,5.442958694033952,0,-0.001297859,-0.001189125,292.25034586588544,291.78349609375,291.05423736572266,
2/2/2025,428.7,322.2,232.82,224.85,258.87,323.02,256.25,234.5,294.1459228515625,2.542692084507099,4.62,27.34,21.58,134.24,0,98.8,236.33,243.25,101.2,252.08,253.69,99.33,237.5,245,95,117,5557436,3.969234241440783,2024Yala,8.29453099987354,1.59,109.324294070883,2442,2649,2634,2546,2962,2560,2567,2675,5.457455592150726,-0.025962802,0.0277465328233416,0.0198084506107312,0.023954191908021,0.0277465328233416,-0.000446813,0,0,0,0,0,0,0,0,0,0,0,0,0,0,0,0,0,0,0,0,0,1,0,5.483418394530676,5.442417714850798,5.443715573560783,0.041000679679878,0,0.0007568795268309,294.2773803710937,292.25034586588544,289.2438171386719,
2/9/2025,208.25,239.25,222.8125,221.25,257.6,201,260.1875,227.625,296.4075698852539,2.6888324874135283,0.25,28.275,21.4,38.95000000000002,0,98.8,236.33,243.25,101.2,252.08,253.69,99.33,237.5,245,95,117,5557436,3.969234241440783,2024Yala,8.29453099987354,1.59,109.324294070883,2442,2649,2634,2546,2962,2560,2567,2675,5.427699542440963,-0.02975605,0.0325903318290907,0.0216054753828932,0.0260207673040502,0.0325903318290907,0.0076594520593982,0,0,0,0,0,0,0,0,0,0,0,0,0,0,0,0,0,0,0,0,0,1,0,5.457455592150726,5.483418394530676,5.442417714850798,-0.025962802,0.041000679679878,-0.001297859,294.1459228515625,294.2773803710937,291.78349609375,
2/16/2025,227.5,207.5,227,220.875,399,264.5625,237.085,232,293.9082489013672,0.9436915736090068,0.675,28.775,20.4,17.55000000000001,0,98.8,236.33,243.25,101.2,252.08,253.69,99.33,237.5,245,95,117,5557436,3.969234241440783,2024Yala,8.29453099987354,1.59,109.324294070883,2442,2649,2634,2546,2962,2560,2567,2675,5.446737375976655,0.0190378335356919,0.0346329302525516,0.0226961845072425,0.0263927195850532,0.0346329302525516,-0.008467792,0,0,0,0,0,0,0,0,0,0,0,0,0,0,0,0,0,0,0,0,0,1,0,5.427699542440963,5.457455592150726,5.442417714850798,-0.02975605,-0.025962802,0,296.4075698852539,294.1459228515625,292.25034586588544,
2/23/2025,227.5,207.5,227.25,221.1,399,259,237.334,231.2,292.5316101074219,1.1108053376475224,0,30.12,20.880000000000003,6.180000000000014,0,98.8,230,240,101.2,240.41,248.46,99.33,235.33,240.22,95,117,5557436,3.969234241440783,2024Yala,8.29453099987354,1.59,109.324294070883,2442,2649,2634,2546,2962,2560,2567,2675,5.443283141123482,-0.003454235,0.0225916710639773,0.0227318540684523,0.0264973943705349,0.0225916710639773,-0.00469491,0,0,0,0,0,0,0,0,0,0,0,0,0,0,0,0,0,0,0,0,0,1,0,5.446737375976655,5.427699542440963,5.483418394530676,0.0190378335356919,-0.02975605,0.041000679679878,293.9082489013672,296.4075698852539,294.2773803710937,
3/2/2025,227.5,207.5,227,221,400.625,218.09375,238.33,231.25,292.20935821533203,-0.017358242,3.975,28.225,21.9,10.350000000000016,0,98.8,230,240,101.2,240.41,248.46,99.33,235.33,240.22,95,117,5557436,3.969234241440783,2024Yala,8.29453099987354,1.59,109.324294070883,2442,2649,2634,2546,2962,2560,2567,2675,5.443499380716859,0.0002162395933771,0.020092669796458,0.0227302238518626,0.0190495459070258,0.020092669796458,-0.001102204,0,0,0,0,0,0,0,0,0,0,0,0,0,0,0,0,0,0,0,0,0,1,0,5.443283141123482,5.446737375976655,5.457455592150726,-0.003454235,0.0190378335356919,-0.025962802,292.5316101074219,293.9082489013672,294.1459228515625,
3/9/2025,227.5,207.5,227,221,414.525,204.275,237.334,231.8,291.9710266113281,-0.241536154,0.18,30.92,21.2,30.700000000000017,0,98.8,230,240,101.2,240.41,248.46,99.33,235.33,240.22,95,117,10748660,3.5325687572878586,2024-2025Maha,34.79035417790581,1.59,109.324294070883,2442,2649,2634,2546,2962,2560,2567,2675,5.445874935219715,0.0023755545028558,0.0099578216701888,0.0227379863170761,0.0182309426618515,0.0099578216701888,-0.000815952,0,0,0,0,0,0,0,0,0,0,0,0,0,0,0,0,0,0,0,0,1,0,0,5.443499380716859,5.443283141123482,5.427699542440963,0.0002162395933771,-0.003454235,-0.02975605,292.20935821533203,292.5316101074219,296.4075698852539,
3/16/2025,228.3125,208.0625,227.375,221.125,421.25,208.78125,238.6475,232.9575,292.30496978759766,-0.838126609,6.825,29,22.075,43.17500000000002,0,98.8,230,240,101.2,240.41,248.46,99.33,235.33,240.22,95,117,10748660,3.5325687572878586,2024-2025Maha,34.79035417790581,1.59,109.324294070883,2442,2649,2634,2546,2962,2560,2567,2675,5.450856037787323,0.0049811025676085,0.0035680198144992,0.0227925956646171,0.0182042424809864,0.0035680198144992,0.0011431009096654,0,0,0,0,0,0,0,0,0,0,0,0,0,0,0,0,0,0,0,0,1,0,0,5.445874935219715,5.443499380716859,5.446737375976655,0.0023755545028558,0.0002162395933771,0.0190378335356919,291.9710266113281,292.20935821533203,293.9082489013672,
3/23/2025,229.75,211.65,227.5,221,420.5,211.975,241.6,235.5,292.9691955566406,-0.726025107,2.58,30.84,22.68,50.52000000000002,0,98.8,230,242.9,101.2,241.82,250.72,99.33,230,241.85,95,117,10748660,3.5325687572878586,2024-2025Maha,34.79035417790581,1.59,109.324294070883,2442,2649,2634,2546,2962,2560,2567,2675,5.4617109177027565,0.0108548799154331,0.004598336007417,0.0170012119175154,0.0184297177976551,0.004598336007417,0.0022697945382734,0,0,0,0,0,0,0,0,0,0,0,0,0,0,0,0,0,0,0,0,1,0,0,5.450856037787323,5.445874935219715,5.443283141123482,0.0049811025676085,0.0023755545028558,-0.003454235,292.30496978759766,291.9710266113281,292.5316101074219,
3/30/2025,232,207.5,227.5,221,414.975,183.15,242.25,236.5,293.0719360351562,-0.66890363,1.4,31.98,22.9,41.640000000000015,0,98.8,230,242.9,101.2,241.82,250.72,99.33,230,241.85,95,117,10748660,3.5325687572878586,2024-2025Maha,34.79035417790581,1.59,109.324294070883,2442,2649,2634,2546,2962,2560,2567,2675,5.465948212160318,0.0042372944575612,0.0036628866571494,0.0142280520100286,0.0184432649683016,0.0036628866571494,0.0003506254891654,0,0,0,0,0,0,0,0,0,0,0,0,0,0,0,0,0,0,0,0,1,0,0,5.4617109177027565,5.450856037787323,5.443499380716859,0.0108548799154331,0.0049811025676085,0.0002162395933771,292.9691955566406,292.30496978759766,292.20935821533203,
4/6/2025,232.5,207.875,227.5,221,396.375,186.5,242.5,236.5,293.0768508911133,0.161821269728371,19.175,30.3,22.950000000000003,51.80000000000001,0,98.8,230,242.9,101.2,241.82,250.72,99.33,230,241.85,95,117,10748660,3.5325687572878586,2024-2025Maha,34.79035417790581,1.59,109.324294070883,2442,2649,2634,2546,2962,2560,2567,2675,5.465948212160318,0,0.0044669285981907,0.0071492780463338,0.0184269079567825,0.0044669285981907,1.6769994410914535e-05,0,0,0,0,0,0,0,0,0,0,0,0,0,0,0,0,0,0,0,0,1,0,0,5.465948212160318,5.4617109177027565,5.445874935219715,0.0042372944575612,0.0108548799154331,0.0023755545028558,293.0719360351562,292.9691955566406,291.9710266113281,
4/13/2025,232.5,207.5,227.5,221,384.15,206.775,241.75,236.5,295.4028686523437,0.916146682983161,4.319999999999999,30.44,23.1,110.8,0,98.8,230,242.9,101.2,241.82,250.72,99.33,230,241.85,95,117,10748660,3.5325687572878586,2024-2025Maha,34.79035417790581,1.59,109.324294070883,2442,2649,2634,2546,2962,2560,2567,2675,5.465948212160318,0,0.0051263908835321,0.0043438658540671,0.0184269079567825,0.0051263908835321,0.0079052167450388,0,0,0,0,0,0,0,0,0,0,0,0,0,0,0,0,0,0,0,0,1,0,0,5.465948212160318,5.465948212160318,5.450856037787323,0,0.0042372944575612,0.0049811025676085,293.0768508911133,293.0719360351562,292.30496978759766,
4/20/2025,231.25,207.5,265.75,129.5,373.75,157.375,314.625,181.25,295.23902893066406,1.072997020517008,4.35,32.05,23.5,109.4,0,98.8,230,242.33,101.2,238.65,250.32,99.33,230,247.71,95,117,10748660,3.5325687572878586,2024-2025Maha,34.79035417790581,1.59,109.324294070883,2442,2649,2634,2546,2962,2560,2567,2675,5.199877299252026,-0.266070913,0.1337565879030777,0.0952846972405428,0.0775735699091512,0.1337565879030777,-0.000554785,0,0,0,0,0,0,0,0,0,0,0,0,0,0,0,0,0,0,0,0,1,0,0,5.465948212160318,5.465948212160318,5.4617109177027565,0,0,0.0108548799154331,295.4028686523437,293.0768508911133,292.9691955566406,
4/27/2025,229.25,207.5,227.5,220.8,371.1,231.725,241.25,235.9,296.23057250976564,1.4591094538045055,4.5,32.7,24.02,52.66000000000001,0,98.8,230,242.33,101.2,238.65,250.32,99.33,230,247.71,95,117,10748660,3.5325687572878586,2024-2025Maha,34.79035417790581,1.59,109.324294070883,2442,2649,2634,2546,2962,2560,2567,2675,5.463407990652714,0.2635306914006881,0.2162101931182167,0.1416024866794179,0.1134841924278356,0.2162101931182167,0.0033528164497163,0,0,0,0,0,0,0,0,0,0,0,0,0,0,0,0,0,0,0,0,1,0,0,5.199877299252026,5.465948212160318,5.465948212160318,-0.266070913,0,0.0042372944575612,295.23902893066406,295.4028686523437,293.0719360351562,
5/4/2025,230.2,207.5,227.5,221,365.875,238.875,241.25,236.5,296.73736572265625,1.492343042123334,13.6,31.53333333333333,23.46666666666667,75.03333333333335,0,98.8,230,242.33,101.2,238.65,250.32,99.33,230,247.71,95,117,10748660,3.5325687572878586,2024-2025Maha,34.79035417790581,1.59,109.324294070883,2442,2649,2634,2546,2962,2560,2567,2675,5.465948212160318,0.002540221507604,0.2162164106717189,0.1416024798715859,0.113083778542795,0.2162164106717189,0.0017093448124372,0,0,0,0,0,0,0,0,0,0,0,0,0,0,0,0,0,0,0,0,1,0,0,5.463407990652714,5.199877299252026,5.465948212160318,0.2635306914006881,-0.266070913,0,296.23057250976564,295.23902893066406,293.0768508911133,
5/11/2025,229.8,332.25,227.5,221,316.925,239.8,241.25,236.5,296.3442687988281,1.2265917742573371,2.9,32.14,24.22,80.46000000000002,0,98.8,230,242.33,101.2,238.65,250.32,99.33,230,247.71,95,117,10748660,3.5325687572878586,2024-2025Maha,34.79035417790581,1.59,109.324294070883,2442,2649,2634,2546,2962,2560,2567,2675,5.465948212160318,0,0.2162164106717189,0.1416010089238016,0.1129746835148065,0.2162164106717189,-0.001325608,0,0,0,0,0,0,0,0,0,0,0,0,0,0,0,0,0,0,0,0,1,0,0,5.465948212160318,5.463407990652714,5.465948212160318,0.002540221507604,0.2635306914006881,0,296.73736572265625,296.23057250976564,295.4028686523437,
5/18/2025,232.0833333333333,450.8333333333333,227.25,221,268.375,239.79166666666663,241.25,236.5,295.6458231608073,0.8696887375023277,0.7333333333333333,32.2,25.266666666666666,22.93333333333335,0,98.8,230,246.6966666666667,101.2,235.11666666666667,248.9533333333333,99.33,230,244.4233333333333,95,117,10748660,3.5325687572878586,2024-2025Maha,34.79035417790581,1.59,109.324294070883,2442,2649,2634,2546,2962,2560,2567,2675,5.465948212160318,0,0.1313474341349046,0.1415547945711505,0.1129650325736555,0.1313474341349046,-0.002359654,0,0,0,0,0,0,0,0,0,0,0,0,0,0,0,0,0,0,0,0,1,0,0,5.465948212160318,5.465948212160318,5.199877299252026,0,0.002540221507604,-0.266070913,296.3442687988281,296.73736572265625,295.23902893066406,
5/25/2025,232.5,540,227.3,221,225.05,242.35,241.25,236.5,296.6602294921875,1.238309294318274,1.38,30.48,24.24,12.960000000000012,0,98.8,230,248.88,101.2,233.35,248.27000000000004,99.33,230,242.78000000000003,95,117,10748660,3.5325687572878586,2024-2025Maha,34.79035417790581,1.59,109.324294070883,2442,2649,2634,2546,2962,2560,2567,2675,5.465948212160318,0,0.001270110753794,0.1415468669135443,0.1129653408711434,0.001270110753794,0.0034252809513217,0,0,0,0,0,0,0,0,0,0,0,0,0,0,0,0,0,0,0,0,1,0,0,5.465948212160318,5.465948212160318,5.463407990652714,0,0,0.2635306914006881,295.6458231608073,296.3442687988281,296.23057250976564,
6/1/2025,232.75,546,227.7,221,254.8,201.325,241.75,236.5,296.3988952636719,0.6949013971426776,2.58,29.92,23.78,20.580000000000013,0,98.8,230,248.88,101.2,233.35,248.27000000000004,99.33,230,242.78000000000003,95,117,10748660,3.5325687572878586,2024-2025Maha,34.79035417790581,1.59,109.324294070883,2442,2649,2634,2546,2962,2560,2567,2675,5.465948212160318,0,0,0.1415468669135443,0.1129664572738743,0,-0.000881309,0,0,0,0,0,0,0,0,0,0,0,0,0,0,0,0,0,0,0,0,1,0,0,5.465948212160318,5.465948212160318,5.465948212160318,0,0,0.002540221507604,296.6602294921875,295.6458231608073,296.73736572265625,
6/8/2025,235.75,530,227.16,220.76,236.2,231.525,244.25,237,296.12696533203126,0.2279267258194806,0.62,32.04,24.8,25.66000000000001,0,98.8,230,248.88,101.2,233.35,248.27000000000004,99.33,230,242.78000000000003,95,117,10748660,3.5325687572878586,2024-2025Maha,34.79035417790581,1.59,109.324294070883,2442,2649,2634,2546,2962,2560,2567,2675,5.46806014535454,0.0021119331942225,0.0010559665971016,0.1415488363278474,0.1129618547707122,0.0010559665971016,-0.000917867,0,0,0,0,0,0,0,0,0,0,0,0,0,0,0,0,0,0,0,0,1,0,0,5.465948212160318,5.465948212160318,5.465948212160318,0,0,0,296.3988952636719,296.6602294921875,296.3442687988281,
6/15/2025,237.5,530,227,221,217.09375,277.28125,243,236.5,296.11222076416016,-0.126636218,2.775,29.475,23.2,23.150000000000013,0,98.8,230,248.88,101.2,233.35,248.27,99.33,230,242.78,95,117,10748660,3.5325687572878586,2024-2025Maha,34.79035417790581,1.59,109.324294070883,2442,2649,2634,2546,2962,2560,2567,2675,5.465948212160318,-0.002111933,0.0017243862322245,0.0930549624239695,0.1129255537942874,0.0017243862322245,-4.98E-05,0,0,0,0,0,0,0,0,0,0,0,0,0,0,0,0,0,0,0,0,1,0,0,5.46806014535454,5.465948212160318,5.465948212160318,0.0021119331942225,0,0,296.12696533203126,296.3988952636719,295.6458231608073,
6/22/2025,234.25,524,227.1,221,278.14,268.8,241.8,236.5,297.04005737304686,0.1172527508799592,0.94,29.44,23.9,33.44000000000001,0,98.8,231.3,259.5,101.2,233.97,254.02000000000004,99.33,230,245,95,117,10748660,3.5325687572878586,2024-2025Maha,34.79035417790581,1.59,109.324294070883,2442,2649,2634,2546,2962,2560,2567,2675,5.465948212160318,0,0.0017243862322245,0.0014425502357218,0.1129189287839724,0.0017243862322245,0.0031284963296025,0,0,0,0,0,0,0,0,0,0,0,0,0,0,0,0,0,0,0,0,1,0,0,5.465948212160318,5.46806014535454,5.465948212160318,-0.002111933,0.0021119331942225,0,296.11222076416016,296.12696533203126,296.6602294921875,
6/29/2025,233.5,596.8,224.07,218.3,303.6,270.975,242,236.5,297.1356811523437,0.3947724457603163,0.52,30.860000000000003,24.18,29.380000000000013,0,98.8,231.3,259.5,101.2,233.97,254.02000000000004,99.33,230,245,95,117,10748660,3.5325687572878586,2024-2025Maha,34.79035417790581,1.59,109.324294070883,2442,2649,2634,2546,2962,2560,2567,2675,5.465948212160318,0,0.0017243862322245,0.0011288757766554,0.1129189287839724,0.0017243862322245,0.0003218703612439,0,0,0,0,0,0,0,0,0,0,0,0,0,0,0,0,0,0,0,0,1,0,0,5.465948212160318,5.465948212160318,5.465948212160318,0,-0.002111933,0,297.04005737304686,296.11222076416016,296.3988952636719,
7/6/2025,233.75,680,222.125,216.5,310,277,242.5,236.5,296.7690734863281,0.252114634309164,0.05,32.349999999999994,24.5,5.850000000000015,0,98.8,231.3,259.5,101.2,233.97,254.02,99.33,230,245,95,117,10748660,3.5325687572878586,2024-2025Maha,34.79035417790581,1.59,109.324294070883,2442,2649,2634,2546,2962,2560,2567,2675,5.465948212160318,0,0.0010559665971016,0.0011288757766554,0.1129189287839724,0.0010559665971016,-0.001234567,0,0,0,0,0,0,0,0,0,0,0,0,0,0,0,0,0,0,0,0,1,0,0,5.465948212160318,5.465948212160318,5.46806014535454,0,0,0.0021119331942225,297.1356811523437,297.04005737304686,296.12696533203126,
7/13/2025,240,610,218.625,212.75,304.84375,259.0625,237,230.625,297.50833892822266,0.2705591588470335,0.025,32.85,24.75,3.0750000000000144,0,98.8,231.3,259.5,101.2,233.97,254.02,99.33,230,245,95,117,10748660,3.5325687572878586,2024-2025Maha,34.79035417790581,1.59,109.324294070883,2442,2649,2634,2546,2962,2560,2567,2675,5.440793019130835,-0.025155193,0.0125775965147406,0.0089650614924236,0.077024130588283,0.0125775965147406,0.0024879485751734,0,0,0,0,0,0,0,0,0,0,0,0,0,0,0,0,0,0,0,0,1,0,0,5.465948212160318,5.465948212160318,5.465948212160318,0,0,-0.002111933,296.7690734863281,297.1356811523437,296.11222076416016,
7/20/2025,239.5,553,212.32,206.3,292.075,231.1,236.8,231,298.0780639648437,0.5665687821146781,1.4,31.1,24.16,8.520000000000014,0,98.8,230.66,265.7,101.2,231.474,251.3,99.33,230,245,95,117,10748660,3.5325687572878586,2024-2025Maha,34.79035417790581,1.59,109.324294070883,2442,2649,2634,2546,2962,2560,2567,2675,5.442417714850798,0.001624695719963,0.0128711861228173,0.0090643206207689,0.0074716473070339,0.0128711861228173,0.0019131572034378,0,0,0,0,0,0,0,0,0,0,0,0,0,0,0,0,0,0,0,0,1,0,0,5.440793019130835,5.465948212160318,5.465948212160318,-0.025155193,0,0,297.50833892822266,296.7690734863281,297.04005737304686,
7/27/2025,207.5,298,211.26,205.3,243.525,139.475,236.8,231,298.71552124023435,0.8742286559946466,3.92,28.06,22.8,27.30000000000001,0,98.8,230.5,267.25,101.2,230.85,250.62,99.33,230,245,95,117,10748660,3.5325687572878586,2024-2025Maha,34.79035417790581,1.59,109.324294070883,2442,2649,2634,2546,2962,2560,2567,2675,5.442417714850798,0,0.0128711861228173,0.0090643206207689,0.0073744247081054,0.0128711861228173,0.0021362746902306,0,0,0,0,0,0,0,0,0,0,0,0,0,0,0,0,0,0,0,0,1,0,0,5.442417714850798,5.440793019130835,5.465948212160318,0.001624695719963,-0.025155193,0,298.0780639648437,297.50833892822266,297.1356811523437,
8/3/2025,207.5,263,209.5,202.4,215.625,143.875,237,231,298.9679688,1.0352201551503315,1.8,32.86,24.3,33.320000000000014,0,98.8,230.5,267.25,101.2,230.85,250.62,99.33,230,245,95,117,10748660,3.5325687572878586,2024-2025Maha,34.79035417790581,1.59,109.324294070883,2442,2649,2634,2546,2962,2560,2567,2675,5.442417714850798,0,0.0128711861228173,0.0089258201230441,0.0073744247081054,0.0128711861228173,0.0008447532118962,0,0,0,0,0,0,0,0,0,0,0,0,0,0,0,0,0,0,0,0,1,0,0,5.442417714850798,5.442417714850798,5.465948212160318,0,0.001624695719963,0,298.71552124023435,298.0780639648437,296.7690734863281,
8/10/2025,207.5,226.25,207.5,200.125,205.46875,147.1875,233,226.5,296.70308685302734,-0.277374142,1.225,31.25,23.85,27.17500000000001,0,98.8,230.5,267.25,101.2,230.85,250.62,99.33,230,245,95,117,10748660,3.5325687572878586,2024-2025Maha,34.79035417790581,1.59,109.324294070883,2442,2649,2634,2546,2962,2560,2567,2675,5.4227449493381,-0.019672766,0.0101361421538499,0.0106175450191789,0.0089229943296532,0.0101361421538499,-0.007604509,0,0,0,0,0,0,0,0,0,0,0,0,0,0,0,0,0,0,0,0,1,0,0,5.442417714850798,5.442417714850798,5.440793019130835,0,0,-0.025155193,298.9679688,298.71552124023435,297.50833892822266,
8/17/2025,206.5,195,207.5,197.5,200.45,166.825,233,226.5,297.909521484375,0.2606699222451158,1.98,30.28,23.16,20.84000000000001,0,98.8,230.4,267.05,101.2,230.964,249.486,99.33,229.916,245,95,117,10748660,3.5325687572878586,2024-2025Maha,34.79035417790581,1.59,109.324294070883,2442,2649,2634,2546,2962,2560,2567,2675,5.4227449493381,0,0.0098363827563482,0.0106175450191789,0.0089229943296532,0.0098363827563482,0.0040578900139349,0,0,0,0,0,0,0,0,0,0,0,0,0,0,0,0,0,0,0,0,1,0,0,5.4227449493381,5.442417714850798,5.442417714850798,-0.019672766,0,0.001624695719963,296.70308685302734,298.9679688,298.0780639648437,
8/24/2025,203.5,204,206.5,195.65,184.525,210.4,228.3,221.3,298.2559326171875,0.3575942806294963,0.6199999999999999,33.62,23.44,18.16000000000001,0,98.8,230,266.25,101.2,231.42,244.95,99.33,229.58,245,95,117,10748660,3.5325687572878586,2024-2025Maha,34.79035417790581,1.59,109.324294070883,2442,2649,2634,2546,2962,2560,2567,2675,5.399519251575756,-0.023225698,0.0124683760186219,0.0120135236977529,0.0104579710150592,0.0124683760186219,0.0011621309764064,0,0,0,0,0,0,0,0,0,0,0,0,0,0,0,0,0,0,0,0,1,0,0,5.4227449493381,5.4227449493381,5.442417714850798,0,-0.019672766,0,297.909521484375,296.70308685302734,298.71552124023435,
8/31/2025,203.5,192,202.4,192.5,209.6,171.325,229.22,222.1,298.339306640625,0.1108710394483813,1.7399999999999998,33.160000000000004,23.4,17.200000000000014,0.2,98.8,230,266.25,101.2,231.42,244.95,99.33,229.58,245,95,117,10748660,3.5325687572878586,2024-2025Maha,34.79035417790581,1.59,109.324294070883,2442,2649,2634,2546,2962,2560,2567,2675,5.403127735402858,0.0036084838271017,0.013583645481986,0.0124303415079197,0.0105658284571047,0.013583645481986,0.0002794994603192,0,0,0,0,0,0,0,0,0,0,0,0,0,0,0,0,0,0,0,0,1,0,0,5.399519251575756,5.4227449493381,5.442417714850798,-0.023225698,0,0,298.2559326171875,297.909521484375,298.9679688,
9/7/2025,204.0625,288.75,208.25,198.3,196.75,197.5,236,228.8,298.8761749267578,0.1297612217123766,0.7,33.4,23.925,16.300000000000015,0,98.8,230,266.25,101.2,231.42,244.95,99.33,229.58,245,95,117,8060984,4.266940226,2025Yala,45.04861594447511,1.59,109.324294070883,2442,2649,2634,2546,2962,2560,2567,2675,5.432848263876272,0.0297205284734136,0.0216813649912606,0.0161135765822776,0.0146687811113942,0.0216813649912606,0.0017979052637526,0,0,0,0,0,0,0,0,0,0,0,0,0,0,0,0,0,0,0,0,0,0,1,5.403127735402858,5.399519251575756,5.4227449493381,0.0036084838271017,-0.023225698,-0.019672766,298.339306640625,298.2559326171875,296.70308685302734,
9/14/2025,206.25,287,214.7,204.25,212.375,151.95,240.95,234.2,298.57033081054686,-0.089618547,4.8,32.760000000000005,23.6,32.84000000000002,0.2,98.8,230,266.25,101.2,231.42,244.95,99.33,229.58,245,95,117,8060984,4.266940226,2025Yala,45.04861594447511,1.59,109.324294070883,2442,2649,2634,2546,2962,2560,2567,2675,5.456175455433471,0.0233271915571995,0.0238084171832512,0.0182962921514507,0.0164990469377016,0.0238084171832512,-0.001023838,0,0,0,0,0,0,0,0,0,0,0,0,0,0,0,0,0,0,0,0,0,0,1,5.432848263876272,5.403127735402858,5.4227449493381,0.0297205284734136,0.0036084838271017,0,298.8761749267578,298.339306640625,297.909521484375,
9/21/2025,207.5,255,213,204.9,213.7,172.3,244.9,236.7,298.9952880859375,0.5270787364246465,3.24,30.58,23.92,37.44000000000001,0,98.8,230,267,101.2,232.26,250.93,99.33,229.5,245,95,117,8060984,4.266940226,2025Yala,45.04861594447511,1.59,109.324294070883,2442,2649,2634,2546,2962,2560,2567,2675,5.466793520744695,0.010618065311224,0.0118571402133253,0.0185372612999272,0.0168281331315295,0.0118571402133253,0.0014222951661482,0,0,0,0,0,0,0,0,0,0,0,0,0,0,0,0,0,0,0,0,0,0,1,5.456175455433471,5.432848263876272,5.399519251575756,0.0233271915571995,0.0297205284734136,-0.023225698,298.57033081054686,298.8761749267578,298.2559326171875,
9/28/2025,207.25,229.75,213.4,205.45,209.1,180.95,247.8,238.84,299.6305236816406,0.5971597084498725,2.56,31.24,23.24,27.920000000000016,0,98.8,230,267,101.2,232.26,250.93,99.33,229.5,245,95,117,8060984,4.266940226,2025Yala,45.04861594447511,1.59,109.324294070883,2442,2649,2634,2546,2962,2560,2567,2675,5.475793875865695,0.0090003551209996,0.0100187389343095,0.018598937225502,0.0170241394344557,0.0100187389343095,0.0021223135372041,0,0,0,0,0,0,0,0,0,0,0,0,0,0,0,0,0,0,0,0,0,0,1,5.466793520744695,5.456175455433471,5.403127735402858,0.010618065311224,0.0233271915571995,0.0036084838271017,298.9952880859375,298.57033081054686,298.339306640625,
10/5/2025,207.5,229,215.6,207.9,212,169.5,247.8,240.16,299.37896118164065,0.4207647869628728,0.5,33.62,24.36,24.96000000000001,0.2,98.8,230,267,101.2,232.26,250.93,99.33,229.5,245,95,117,8060984,4.266940226,2025Yala,45.04861594447511,1.59,109.324294070883,2442,2649,2634,2546,2962,2560,2567,2675,5.481305372049042,0.0055114961833471,0.007773058734413,0.0159256431836456,0.0149451561273697,0.007773058734413,-0.000839928,0,0,0,0,0,0,0,0,0,0,0,0,0,0,0,0,0,0,0,0,0,0,1,5.475793875865695,5.466793520744695,5.432848263876272,0.0090003551209996,0.010618065311224,0.0297205284734136,299.6305236816406,298.9952880859375,298.8761749267578,
10/12/2025,434,265,217.75,211,197.625,167.5625,247.625,240.875,300.0349197387696,0.6810285016737805,2.575,32.375,23.75,29.850000000000016,0,98.8,230,267,101.2,232.26,250.93,99.33,229.5,245,95,117,8060984,4.266940226,2025Yala,45.04861594447511,1.59,109.324294070883,2442,2649,2634,2546,2962,2560,2567,2675,5.484278130886062,0.0029727588370196,0.0034410994677662,0.01576430826436,0.0149358587004979,0.0034410994677662,0.002188667422196,0,0,0,0,0,0,0,0,0,0,0,0,0,0,0,0,0,0,0,0,0,0,1,5.481305372049042,5.475793875865695,5.456175455433471,0.0055114961833471,0.0090003551209996,0.0233271915571995,299.37896118164065,299.6305236816406,298.57033081054686,
10/19/2025,650.8,266,219.2,210.9,179.15,179.95,248.48,241,299.6256408691406,0.2206803195920348,17.740000000000002,31.08,22.9,80.22,0,98.8,230,267,101.2,232.26,250.93,99.33,229.5,245,95,117,8060984,4.266940226,2025Yala,45.04861594447511,1.59,109.324294070883,2442,2649,2634,2546,2962,2560,2567,2675,5.4847969376400325,0.0005188067539707,0.003626691929629,0.0104518358991806,0.0149255905288497,0.003626691929629,-0.001365035,0,0,0,0,0,0,0,0,0,0,0,0,0,0,0,0,0,0,0,0,0,0,1,5.484278130886062,5.481305372049042,5.466793520744695,0.0029727588370196,0.0055114961833471,0.010618065311224,300.0349197387696,299.37896118164065,298.9952880859375,
10/26/2025,665.5,262.5,223.5,210.875,174.9375,171.28125,246.15,239.75,299.8927154541016,0.4429834367703722,20.85,27.075,22.4,310.65,0,98.8,230,267,101.2,232.26,250.93,99.33,229.5,245,95,117,8060984,4.266940226,2025Yala,45.04861594447511,1.59,109.324294070883,2442,2649,2634,2546,2962,2560,2567,2675,5.479596717934559,-0.00520022,0.0045792986640987,0.0116912943892882,0.0151117797273139,0.0045792986640987,0.0008909638843261,0,0,0,0,0,0,0,0,0,0,0,0,0,0,0,0,0,0,0,0,0,0,1,5.4847969376400325,5.484278130886062,5.475793875865695,0.0005188067539707,0.0029727588370196,0.0090003551209996,299.6256408691406,300.0349197387696,299.6305236816406,
11/2/2025,232.466,288,219,210.62,245.5,171.25,242.16,236,301.16187744140626,0.7512556571167783,0.74,29.5,23.68,266.78,0,,,,,,,,,,,,8060984,4.266940226,2025Yala,45.04861594447511,1.59,109.324294070883,2442,2649,2634,2546,2962,2560,2567,2675,5.463831809262898,-0.015764909,0.008333661397242,0.0115447436075864,0.0146102446787077,0.008333661397242,0.004223123437872,,,0,0,0,0,0,0,0,0,0,0,0,0,0,0,0,0,0,0,0,0,1,5.479596717934559,5.4847969376400325,5.481305372049042,-0.00520022,0.0005188067539707,0.0055114961833471,299.8927154541016,299.6256408691406,299.37896118164065,
11/9/2025,229.5625,261.25,218.55,210.75,238.125,175,242,236.25,301.3292007446289,0.6735164094360868,4.199999999999999,30.225,23.075,39.40000000000001,0,,,,,,,,,,,,8060984,4.266940226,2025Yala,45.04861594447511,1.59,109.324294070883,2442,2649,2634,2546,2962,2560,2567,2675,5.464890570606657,0.0010587613437582,0.0078101513652647,0.0084552114185067,0.014590872332747,0.0078101513652647,0.0005554382895525,,,0,0,0,0,0,0,0,0,0,0,0,0,0,0,0,0,0,0,0,0,1,5.463831809262898,5.479596717934559,5.484278130886062,-0.015764909,-0.00520022,0.0029727588370196,301.16187744140626,299.8927154541016,300.0349197387696,
11/16/2025,226.65,241,219.12,210.78000000000003,241,182.3,241.5,235.9,301.54616088867186,0.7053147041375496,6.62,28.4,22.18,51.34000000000001,0,,,,,,,,,,,,8060984,4.266940226,2025Yala,45.04861594447511,1.59,109.324294070883,2442,2649,2634,2546,2962,2560,2567,2675,5.463407990652714,-0.00148258,0.0074054458791536,0.00753989731455,0.0121073518265868,0.0074054458791536,0.0007197512669998,,,0,0,0,0,0,0,0,0,0,0,0,0,0,0,0,0,0,0,0,0,1,5.464890570606657,5.463831809262898,5.4847969376400325,0.0010587613437582,-0.015764909,0.0005188067539707,301.3292007446289,301.16187744140626,299.6256408691406,
11/23/2025,226.15,209,218.44,210.93,237.3,206.375,240.9,235.45,304.54462280273435,1.6632226651646451,11,27.96,22.18,109.72,0,,,,,,,,,,,,8060984,4.266940226,2025Yala,45.04861594447511,1.59,109.324294070883,2442,2649,2634,2546,2962,2560,2567,2675,5.46149858093675,-0.00190941,0.0076072677770265,0.0065079962723812,0.0122819538289526,0.0076072677770265,0.0098945123324956,,,0,0,0,0,0,0,0,0,0,0,0,0,0,0,0,0,0,0,0,0,1,5.463407990652714,5.464890570606657,5.479596717934559,-0.00148258,0.0010587613437582,-0.00520022,301.54616088867186,301.3292007446289,299.8927154541016,
11/30/2025,229,202.5,219.4,211.3125,233.25,186.5625,241.25,236.5,304.5397491455078,1.564258060735102,80.25,23.6,22.025,297.025,0,,,,,,,,,,,,8060984,4.266940226,2025Yala,45.04861594447511,1.59,109.324294070883,2442,2649,2634,2546,2962,2560,2567,2675,5.465948212160318,0.0044496312235677,0.0029237129411032,0.0063467075083205,0.0094793017565215,0.0029237129411032,-1.60E-05,,,0,0,0,0,0,0,0,0,0,0,0,0,0,0,0,0,0,0,0,0,1,5.46149858093675,5.463407990652714,5.463831809262898,-0.00190941,-0.00148258,-0.015764909,304.54462280273435,301.54616088867186,301.16187744140626,
12/7/2025,232.25,273.75,220.4,212.35,247.5,221.5625,243.75,237.625,305.33629608154297,1.8048740090589543,2.4,28.575,21.675,501.025,0,,,,,,,,,,,,8060984,4.266940226,2025Yala,45.04861594447511,1.59,109.324294070883,2442,2649,2634,2546,2962,2560,2567,2675,5.4706938050169045,0.0047455928565867,0.0036397974286286,0.0065689941189833,0.0070099079693887,0.0036397974286286,0.0026121615780319,,,0,0,0,0,0,0,0,0,0,0,0,0,0,0,0,0,0,0,0,0,1,5.465948212160318,5.46149858093675,5.464890570606657,0.0044496312235677,-0.00190941,0.0010587613437582,304.5397491455078,304.54462280273435,301.3292007446289,
12/14/2025,232.5,259,224.2,217.16,277.8,205.81,251.52,245.9,305.4503967285156,1.7417202083281058,11.14,26.84,21.72,260.72,0,,,,,,,,,,,,8060984,4.266940226,2025Yala,45.04861594447511,1.59,109.324294070883,2442,2649,2634,2546,2962,2560,2567,2675,5.504924953288841,0.0342311482719361,0.0161948827353219,0.0143725370542676,0.0116617211244309,0.0161948827353219,0.0003736186438558,,,0,0,0,0,0,0,0,0,0,0,0,0,0,0,0,0,0,0,0,0,1,5.4706938050169045,5.465948212160318,5.463407990652714,0.0047455928565867,0.0044496312235677,-0.00148258,305.33629608154297,304.5397491455078,301.54616088867186,
12/21/2025,232.5,227,226.32,219.96,270.64,188.94,258,251.18400000000003,306.2654235839844,1.6658407771887476,6.38,26.78,21.74,100.56,0,,,,,,,,,,,,8060984,4.266940226,2025Yala,45.04861594447511,1.59,109.324294070883,2442,2649,2634,2546,2962,2560,2567,2675,5.526185742279107,0.0212607889902667,0.0143759674394114,0.015354350668739,0.0127083486775498,0.0143759674394114,0.0026647253774259,,,0,0,0,0,0,0,0,0,0,0,0,0,0,0,0,0,0,0,0,0,1,5.504924953288841,5.4706938050169045,5.46149858093675,0.0342311482719361,0.0047455928565867,-0.00190941,305.4503967285156,305.33629608154297,304.54462280273435,
12/28/2025,232.5,196.25,227.3625,221,257.53125,183.1875,263.775,257.1675,306.5429000854492,1.682704585057343,1.725,27.425,20.8,87.475,0,,,,,,,,,,,,8060984,4.266940226,2025Yala,45.04861594447511,1.59,109.324294070883,2442,2649,2634,2546,2962,2560,2567,2675,5.549727627459072,0.0235418851799646,0.0121899694139718,0.0136540747677044,0.0138886647217845,0.0121899694139718,0.0009055899171235,,,0,0,0,0,0,0,0,0,0,0,0,0,0,0,0,0,0,0,0,0,1,5.526185742279107,5.504924953288841,5.465948212160318,0.0212607889902667,0.0342311482719361,0.0044496312235677,306.2654235839844,305.4503967285156,304.5397491455078,
1/4/2026,231,190,226.8,221,261.45,199.75,266.96000000000004,261,306.9769531,1.4638813398908246,7.0200000000000005,27.28,21.98,49.72,0,,,,,,,,,,,,8060984,4.266940226,2025Yala,45.04861594447511,1.59,109.324294070883,2442,2649,2634,2546,2962,2560,2567,2675,5.564520411154111,0.0147927836950385,0.0080825215325437,0.0131161845781106,0.0140951292813541,0.0080825215325437,0.0014149602764543,,,0,0,0,0,0,0,0,0,0,0,0,0,0,0,0,0,0,0,0,0,1,5.549727627459072,5.526185742279107,5.4706938050169045,0.0235418851799646,0.0212607889902667,0.0047455928565867,306.5429000854492,306.2654235839844,305.33629608154297,
1/11/2026,229.55,213,227.4,221,258.34000000000003,180.4,266.25,261,306.8753173828125,0.6403659285997998,11.52,25.16,21.08,83.92,0,,,,,,,,,,,,8060984,4.266940226,2025Yala,45.04861594447511,1.59,109.324294070883,2442,2649,2634,2546,2962,2560,2567,2675,5.564520411154111,0,0.0106013097653172,0.0128998338049766,0.0141165478215521,0.0106013097653172,-0.000331141,,,0,0,0,0,0,0,0,0,0,0,0,0,0,0,0,0,0,0,0,0,1,5.564520411154111,5.549727627459072,5.504924953288841,0.0147927836950385,0.0235418851799646,0.0342311482719361,306.9769531,306.5429000854492,305.4503967285156,
1/18/2026,231.25,183.3333333333333,224.51666666666665,219.8333333333333,255.3,173.29999999999998,263.71666666666664,259,306.38316853841144,0.6719502766953248,2.333333333333333,26.933333333333334,21.33333333333333,90.26666666666668,0,,,,,,,,,,,,8060984,4.266940226,2025Yala,45.04861594447511,1.59,109.324294070883,2442,2649,2634,2546,2962,2560,2567,2675,5.556828065560541,-0.007692346,0.0141124176287493,0.0139507689919451,0.0143234454121109,0.0141124176287493,-0.001605029,,,0,0,0,0,0,0,0,0,0,0,0,0,0,0,0,0,0,0,0,0,1,5.564520411154111,5.564520411154111,5.526185742279107,0,0.0147927836950385,0.0212607889902667,306.8753173828125,306.9769531,306.2654235839844,
1/25/2026,235.25,212,224.16,219.2,232.7,195.5,261.52,256.5,306.7100341796875,0.3603978659576556,0.54,27.06,19.04,28.14,0,,,,,,,,,,,,8060984,4.266940226,2025Yala,45.04861594447511,1.59,109.324294070883,2442,2649,2634,2546,2962,2560,2567,2675,5.54712866850946,-0.009699397,0.0111113798487275,0.0158060896564444,0.0135551984512763,0.0111113798487275,0.0010662837876207,,,0,0,0,0,0,0,0,0,0,0,0,0,0,0,0,0,0,0,0,0,1,5.556828065560541,5.564520411154111,5.549727627459072,-0.007692346,0,0.0235418851799646,306.38316853841144,306.8753173828125,306.5429000854492,
2/1/2026,237.75,215,221.2,216.5,188.6,260.1,253.4,246.7,305.98651123046875,0.1313082762413553,2.06,27.46,20.22,8.84,0,,,,,,,,,,,,8060984,4.266940226,2025Yala,45.04861594447511,1.59,109.324294070883,2442,2649,2634,2546,2962,2560,2567,2675,5.508173027588818,-0.038955641,0.0170981045222351,0.0235797897592347,0.0189729027172583,0.0170981045222351,-0.002361767,,,0,0,0,0,0,0,0,0,0,0,0,0,0,0,0,0,0,0,0,0,1,5.54712866850946,5.556828065560541,5.564520411154111,-0.009699397,-0.007692346,0.0147927836950385,306.7100341796875,306.38316853841144,306.9769531,
2/8/2026,240,162.5,215.3,206.875,186.375,222.875,247.5,241,307.1939697265625,0.2009456641454688,7.375,26.75,21.825000000000003,38.275,0,,,,,,,,,,,,8060984,4.266940226,2025Yala,45.04861594447511,1.59,109.324294070883,2442,2649,2634,2546,2962,2560,2567,2675,5.4847969376400325,-0.02337609,0.0144715349039601,0.022011879434705,0.0204981491103319,0.0144715349039601,0.0039383512370516,,,0,0,0,0,0,0,0,0,0,0,0,0,0,0,0,0,0,0,0,0,1,5.508173027588818,5.54712866850946,5.564520411154111,-0.038955641,-0.009699397,0,305.98651123046875,306.7100341796875,306.8753173828125,
2/15/2026,622,160.4,208.88,201.4,206.4,253.4,247.3,240.9,306.2390869140625,-0.13868064,3,27.42,20,55.88,0,,,,,,,,,,,,8060984,4.266940226,2025Yala,45.04861594447511,1.59,109.324294070883,2442,2649,2634,2546,2962,2560,2567,2675,5.484381913771926,-0.000415024,0.0167940749626418,0.0198997776982234,0.0204782109557337,0.0167940749626418,-0.003113245,,,0,0,0,0,0,0,0,0,0,0,0,0,0,0,0,0,0,0,0,0,1,5.4847969376400325,5.508173027588818,5.556828065560541,-0.02337609,-0.038955641,-0.007692346,307.1939697265625,305.98651123046875,306.38316853841144,
2/22/2026,885.5,136.4,204.4,195.7,228.9,245,243.8,237.95,306.224853515625,-0.26099132,8.28,25.84,21.380000000000003,68.28,0,,,,,,,,,,,,8060984,4.266940226,2025Yala,45.04861594447511,1.59,109.324294070883,2442,2649,2634,2546,2962,2560,2567,2675,5.472060571769683,-0.012321342,0.0164029109951644,0.0161865320793044,0.0208576745107005,0.0164029109951644,-4.65E-05,,,0,0,0,0,0,0,0,0,0,0,0,0,0,0,0,0,0,0,0,0,1,5.484381913771926,5.4847969376400325,5.54712866850946,-0.000415024,-0.02337609,-0.009699397,306.2390869140625,307.1939697265625,306.7100341796875,
3/1/2026,899,143.44,202,192.5,225,255.6,241.2,236.5,305.8994995117188,-0.235562418,0.16,29.64,21.7,107.8,0,,,,,,,,,,,,8060984,4.266940226,2025Yala,45.04861594447511,1.59,109.324294070883,2442,2649,2634,2546,2962,2560,2567,2675,5.465948212160318,-0.00611236,0.0098328781026113,0.0130494820720966,0.020892681243732,0.0098328781026113,-0.001063032,,,0,0,0,0,0,0,0,0,0,0,0,0,0,0,0,0,0,0,0,0,1,5.472060571769683,5.484381913771926,5.508173027588818,-0.012321342,-0.000415024,-0.038955641,306.224853515625,306.2390869140625,305.98651123046875,
3/8/2026,912.5,162,202,192.5,207.125,242,241.75,236.5,307.1486511230469,0.1537563920658707,0.65,29.875,20.9,61.60000000000001,0,,,,,,,,,,,,8060984,4.266940226,2025Yala,-25.00475408,1.59,109.324294070883,2442,2649,2634,2546,2962,2560,2567,2675,5.465948212160318,0,0.0057887834210955,0.0130494820720966,0.0178505201645767,0.0057887834210955,0.0040752209585006,,,0,0,0,0,0,0,0,0,0,0,0,0,0,0,0,0,0,0,0,0,1,5.465948212160318,5.472060571769683,5.4847969376400325,-0.00611236,-0.012321342,-0.02337609,305.8994995117188,306.224853515625,307.1939697265625,
3/15/2026,875,200,202,193.3,162.7,222.2,242.4,236.5,307.945654296875,0.6269441317524471,1.48,30.12,21.62,5.440000000000003,0,,,,,,,,,,,,8060984,4.266940226,2025Yala,-25.00475408,1.59,109.324294070883,2442,2649,2634,2546,2962,2560,2567,2675,5.465948212160318,0,0.0058942364491062,0.0137061874884099,0.0161730681932891,0.0058942364491062,0.0025914842984438,,,0,0,0,0,0,0,0,0,0,0,0,0,0,0,0,0,0,0,0,0,1,5.465948212160318,5.465948212160318,5.484381913771926,0,-0.00611236,-0.000415024,307.1486511230469,305.8994995117188,306.2390869140625,
3/22/2026,873.5,207,205.05,196.5,165.7,226.12,245.8,238.35,308.30324096679686,0.4132845447666766,4.68,31.78,22.4,20.26,0,,,,,,,,,,,,8060984,4.266940226,2025Yala,-25.00475408,1.59,109.324294070883,2442,2649,2634,2546,2962,2560,2567,2675,5.473740185846346,0.0077919736860279,0.0056970904286387,0.0153101897667059,0.0141580356497646,0.0056970904286387,0.001160526896335,,,0,0,0,0,0,0,0,0,0,0,0,0,0,0,0,0,0,0,0,0,1,5.465948212160318,5.465948212160318,5.472060571769683,0,0,-0.012321342,307.945654296875,307.1486511230469,306.224853515625,
3/29/2026,962,231.334,207.5,201,186.8,216.4,250.4,244.3,310.4842834472656,1.381902188905357,0.02,32.660000000000004,22.94,28.28,0,,,,,,,,,,,,8060984,4.266940226,2025Yala,-25.00475408,1.59,109.324294070883,2442,2649,2634,2546,2962,2560,2567,2675,5.498396982357023,0.0246567965106772,0.0116252856061401,0.0141042866856714,0.0156985701723779,0.0116252856061401,0.0070494359356612,,,0,0,0,0,0,0,0,0,0,0,0,0,0,0,0,0,0,0,0,0,1,5.473740185846346,5.465948212160318,5.465948212160318,0.0077919736860279,0,-0.00611236,308.30324096679686,307.945654296875,305.8994995117188,
4/5/2026,975,240,211,206.5,191.0833333333333,211.16666666666663,252.3333333333333,246,312.0558268229167,1.881104879513303,1.1666666666666667,32.800000000000004,22.9,15.833333333333336,0,,,,,,,,,,,,8060984,4.266940226,2025Yala,-25.00475408,1.59,109.324294070883,2442,2649,2634,2546,2962,2560,2567,2675,5.505331539997403,0.0069345576403803,0.0104721683504349,0.011041483301979,0.016043689489958,0.0104721683504349,0.0050488207361167,,,0,0,0,0,0,0,0,0,0,0,0,0,0,0,0,0,0,0,0,0,1,5.498396982357023,5.473740185846346,5.465948212160318,0.0246567965106772,0.0077919736860279,0,310.4842834472656,308.30324096679686,307.1486511230469,
4/12/2026,967,230,211,206.5,159,219.5,252,246.5,312.1985656738281,2.0156623983559374,0.52,32.760000000000005,24.6,27.56000000000001,0,,,,,,,,,,,,8060984,4.266940226,2025Yala,-25.00475408,1.59,109.324294070883,2442,2649,2634,2546,2962,2560,2567,2675,5.50736199753954,0.002030457542137,0.0098675885391135,0.0109808221984356,0.0161368752072478,0.0098675885391135,0.0004573098873068,,,0,0,0,0,0,0,0,0,0,0,0,0,0,0,0,0,0,0,0,0,1,5.505331539997403,5.498396982357023,5.465948212160318,0.0069345576403803,0.0246567965106772,0,312.0558268229167,310.4842834472656,307.945654296875,
4/19/2026,809.8,260.333,210.6,205.95,177.9,207.875,254.3,248.75,313.1490509033203,2.279158004295414,3.84,32.67,24.19,37.53,0,,,,,,,,,,,,8060984,4.266940226,2025Yala,-25.00475408,1.59,109.324294070883,2442,2649,2634,2546,2962,2560,2567,2675,5.516448380058803,0.0090863825192624,0.0097763890015891,0.0092158397205385,0.0164547253477421,0.0097763890015891,0.0030398643352622,,,0,0,0,0,0,0,0,0,0,0,0,0,0,0,0,0,0,0,0,0,1,5.50736199753954,5.505331539997403,5.473740185846346,0.002030457542137,0.0069345576403803,0.0077919736860279,312.1985656738281,312.0558268229167,308.30324096679686,
4/26/2026,652.6,290.666,210.2,205.4,196.8,196.25,256.6,251,314.0995361328125,2.5426536102348907,7.159999999999999,32.58,23.78,47.5,0,,,,,,,,,,,,8060984,4.266940226,2025Yala,-25.00475408,1.59,109.324294070883,2442,2649,2634,2546,2962,2560,2567,2675,5.525452943115847,0.0090045630570445,0.0033090329648305,0.0079455845147244,0.0120432368679851,0.0033090329648305,0.0030306515586042,,,0,0,0,0,0,0,0,0,0,0,0,0,0,0,0,0,0,0,0,0,1,5.516448380058803,5.50736199753954,5.498396982357023,0.0090863825192624,0.002030457542137,0.0246567965106772,313.1490509033203,312.1985656738281,310.4842834472656,
5/3/2026,204.75,246.25,210.25,205.125,233.3125,163.875,256.75,251,315.86951446533203,2.720950863603777,7.225,33.125,24.025,59.35000000000001,0,,,,,,,,,,,,8060984,4.266940226,2025Yala,-25.00475408,1.59,109.324294070883,2442,2649,2634,2546,2962,2560,2567,2675,5.525452943115847,0,0.0047099025149599,0.0079455845147244,0.0092251331952098,0.0047099025149599,0.0056192696534811,,,0,0,0,0,0,0,0,0,0,0,0,0,0,0,0,0,0,0,0,0,1,5.525452943115847,5.516448380058803,5.505331539997403,0.0090045630570445,0.0090863825192624,0.0069345576403803,314.0995361328125,313.1490509033203,312.0558268229167,
5/10/2026,205,243,210.8,206.4,231.5,180.75,254.4,247.6,317.41212158203126,2.970274583474337,8.719999999999999,31.96,24.12,58.46,0,,,,,,,,,,,,8060984,4.266940226,2025Yala,-25.00475408,1.59,109.324294070883,2442,2649,2634,2546,2962,2560,2567,2675,5.511814544849213,-0.013638398,0.0107190502693055,0.0107409009113622,0.0104315853297778,0.0107190502693055,0.0048717981861203,,,0,0,0,0,0,0,0,0,0,0,0,0,0,0,0,0,0,0,0,0,1,5.525452943115847,5.525452943115847,5.50736199753954,0,0.0090045630570445,0.002030457542137,315.86951446533203,314.0995361328125,312.1985656738281,
5/17/2026,198.2,280.8,210.24,205.4,205.775,211.1,253,246.5,320.2503356933594,3.707986831886964,6.26,28.64,23.26,109.94,0,,,,,,,,,,,,8060984,4.266940226,2025Yala,-25.00475408,1.59,109.324294070883,2442,2649,2634,2546,2962,2560,2567,2675,5.50736199753954,-0.004452547,0.0094211226127046,0.0112652485352997,0.0096477534915079,0.0094211226127046,0.0089019913685737,,,0,0,0,0,0,0,0,0,0,0,0,0,0,0,0,0,0,0,0,0,1,5.511814544849213,5.525452943115847,5.516448380058803,-0.013638398,0,0.0090863825192624,317.41212158203126,315.86951446533203,313.1490509033203,
5/24/2026,220.936,265.332,208,201,200.2,204.2,253,246.5,333.5325561523438,7.069072522134476,1.06,30.28,24.66,96.94,0,,,,,,,,,,,,8060984,4.266940226,2025Yala,-25.00475408,1.59,109.324294070883,2442,2649,2634,2546,2962,2560,2567,2675,5.50736199753954,0,0.0064293728792917,0.0076684883806048,0.0092806434367292,0.0064293728792917,0.0406374911149312,,,0,0,0,0,0,0,0,0,0,0,0,0,0,0,0,0,0,0,0,0,1,5.50736199753954,5.511814544849213,5.525452943115847,-0.004452547,-0.013638398,0.0090045630570445,320.2503356933594,317.41212158203126,314.0995361328125,
5/31/2026,227.085,290,204,197.5,215.125,215.375,241.25,236.3125,324.7079849243164,3.9904031715592425,0.375,30.75,24.525,22.1,0,,,,,,,,,,,,8060984,4.266940226,2025Yala,-25.00475408,1.59,109.324294070883,2442,2649,2634,2546,2962,2560,2567,2675,5.465155085882836,-0.042206912,0.0189586970341478,0.0167043762624979,0.0161575478404262,0.0189586970341478,-0.02681421,,,0,0,0,0,0,0,0,0,0,0,0,0,0,0,0,0,0,0,0,0,1,5.50736199753954,5.50736199753954,5.525452943115847,0,-0.004452547,0,333.5325561523438,320.2503356933594,315.86951446533203,
6/7/2026,226.67,208,202,196.5,246,179.3,242.5,236.5,330.1676330566406,5.449002536943661,1.8400000000000003,31.24,24.46,8.020000000000005,0,,,,,,,,,,,,8060984,4.266940226,2025Yala,-25.00475408,1.59,109.324294070883,2442,2649,2634,2546,2962,2560,2567,2675,5.465948212160318,0.0007931262774816,0.0206231867877846,0.0166353338513379,0.0161594648438578,0.0206231867877846,0.0166742338871275,,,0,0,0,0,0,0,0,0,0,0,0,0,0,0,0,0,0,0,0,0,1,5.465155085882836,5.50736199753954,5.511814544849213,-0.042206912,0,-0.013638398,324.7079849243164,333.5325561523438,317.41212158203126,
6/14/2026,226.67,323.8,203,196.5,197,223.65,241.75,236.5,329.7976501464844,4.634310783998856,6.959999999999999,29.32,23.84,25.58,0,,,,,,,,,,,,8060984,4.266940226,2025Yala,-25.00475408,1.59,109.324294070883,2442,2649,2634,2546,2962,2560,2567,2675,5.465948212160318,0,0.0212389346565038,0.0158122118803319,0.0159733781915541,0.0212389346565038,-0.001121219,,,0,0,0,0,0,0,0,0,0,0,0,0,0,0,0,0,0,0,0,0,1,5.465948212160318,5.465155085882836,5.50736199753954,0.0007931262774816,-0.042206912,-0.004452547,330.1676330566406,324.7079849243164,320.2503356933594,
6/21/2026,227.67,301.8,202.2,195.334,233.3,194.7,240.75,235.4,324.4784118652344,2.4179073995904954,0.8,30.56,24.52,47.5,0,,,,,,,,,,,,8060984,4.266940226,2025Yala,-25.00475408,1.59,109.324294070883,2442,2649,2634,2546,2962,2560,2567,2675,5.461286199074265,-0.004662013,0.0205996926016721,0.0146138217921814,0.0138521600636064,0.0205996926016721,-0.016260278,,,0,0,0,0,0,0,0,0,0,0,0,0,0,0,0,0,0,0,0,0,1,5.465948212160318,5.465948212160318,5.50736199753954,0,0.0007931262774816,0,329.7976501464844,330.1676330566406,333.5325561523438,
6/28/2026,228.202,355.6,198.2,191.202,221.6,186.7,237.22,231.22,325.7921447753906,1.9062838338401675,1.94,30.56,24.56,37.92,0,,,,,,,,,,,,8060984,4.266940226,2025Yala,-25.00475408,1.59,109.324294070883,2442,2649,2634,2546,2962,2560,2567,2675,5.443369642572061,-0.017916557,0.008654767994992,0.0145818495794511,0.0140726957483341,0.008654767994992,0.0040405787408426,,,0,0,0,0,0,0,0,0,0,0,0,0,0,0,0,0,0,0,0,0,1,5.461286199074265,5.465948212160318,5.465155085882836,-0.004662013,0,-0.042206912,324.4784118652344,329.7976501464844,324.7079849243164,
7/5/2026,226.67,381,198.5,190.875,260.375,171.125,237.5,231,326.10433197021484,-0.116359052,1.275,30.475,24.5,23.225000000000005,0,,,,,,,,,,,,8060984,4.266940226,2025Yala,-25.00475408,1.59,109.324294070883,2442,2649,2634,2546,2962,2560,2567,2675,5.442417714850798,-0.000951928,0.0082708817222291,0.0148493922242289,0.0139599803669954,0.0082708817222291,0.0009577815768855,,,0,0,0,0,0,0,0,0,0,0,0,0,0,0,0,0,0,0,0,0,1,5.443369642572061,5.461286199074265,5.465948212160318,-0.017916557,-0.004662013,0.0007931262774816,325.7921447753906,324.4784118652344,330.1676330566406,
7/12/2026,226.67,374,197.92,191,247.15,175.6,237,230.72000000000003,325.3124755859375,-1.786753742,0.38,31.24,24.78,23.020000000000003,0,,,,,,,,,,,,8060984,4.266940226,2025Yala,-25.00475408,1.59,109.324294070883,2442,2649,2634,2546,2962,2560,2567,2675,5.441204858430842,-0.001212856,0.0080011699466927,0.0150241287315777,0.0132880030283862,0.0080011699466927,-0.002431183,,,0,0,0,0,0,0,0,0,0,0,0,0,0,0,0,0,0,0,0,0,1,5.442417714850798,5.443369642572061,5.465948212160318,-0.000951928,-0.017916557,0,326.10433197021484,325.7921447753906,329.7976501464844,
7/19/2026,225.93400000000003,337,197.9,191,242.25,168.5,233,227.06,326.2043395996094,-0.675113422,0.08,31.5,24.360000000000003,12.600000000000003,0,,,,,,,,,,,,8060984,4.266940226,2025Yala,-25.00475408,1.59,109.324294070883,2442,2649,2634,2546,2962,2560,2567,2675,5.42521430414051,-0.015990554,0.0091975107042184,0.0148291911736206,0.0126180984985708,0.0091975107042184,0.0027378098223547,,,0,0,0,0,0,0,0,0,0,0,0,0,0,0,0,0,0,0,0,0,1,5.441204858430842,5.442417714850798,5.461286199074265,-0.001212856,-0.000951928,-0.004662013,325.3124755859375,326.10433197021484,324.4784118652344,
7/26/2026,223.3,320,197.9,191,236.8,176.9,232,226.1,326.6823364257813,-1.549347126,0.4199999999999999,32.36,24.44,4.640000000000003,0,,,,,,,,,,,,8060984,4.266940226,2025Yala,-25.00475408,1.59,109.324294070883,2442,2649,2634,2546,2962,2560,2567,2675,5.420977383706746,-0.00423692,0.0070869173854167,0.0073234871608356,0.0124208482637177,0.0070869173854167,0.0014642568998999,,,0,0,0,0,0,0,0,0,0,0,0,0,0,0,0,0,0,0,0,0,1,5.42521430414051,5.441204858430842,5.443369642572061,-0.015990554,-0.001212856,-0.017916557,326.2043395996094,325.3124755859375,325.7921447753906,
8/2/2026,222.5,325,198,191,239.875,185.125,232,226,326.4710159301758,0.5939572528917025,0.65,32.975,25,6.325000000000004,0,,,,,,,,,,,,8060984,4.266940226,2025Yala,-25.00475408,1.59,109.324294070883,2442,2649,2634,2546,2962,2560,2567,2675,5.420535003697065,-0.00044238,0.0072019159530181,0.0071829623164269,0.0125281778295911,0.0072019159530181,-0.000647078,,,0,0,0,0,0,0,0,0,0,0,0,0,0,0,0,0,0,0,0,0,1,5.420977383706746,5.42521430414051,5.442417714850798,-0.00423692,-0.015990554,-0.000951928,326.6823364257813,326.2043395996094,326.10433197021484,
