Report_Date,Rainfall_mm,Temp_Max_C,Temp_Min_C,Rainfall_14d_Cumulative,Is_Extreme_Heat
2015-06-01,0.7,31.2,25.0,0.7,0
2015-06-02,0.8,31.5,25.0,1.5,0
2015-06-03,4.9,31.6,25.1,6.4,0
2015-06-04,8.0,30.1,24.8,14.4,0
2015-06-05,10.9,30.1,24.2,25.3,0
2015-06-06,0.3,31.7,24.3,25.6,0
2015-06-07,0.0,31.7,24.5,25.6,0
2015-06-08,0.7,31.7,24.8,26.3,0
2015-06-09,0.7,31.1,24.9,27.0,0
2015-06-10,2.4,31.3,24.8,29.4,0
2015-06-11,1.3,30.9,24.8,30.7,0
2015-06-12,1.1,30.3,24.3,31.8,0
2015-06-13,1.5,31.5,24.9,33.3,0
2015-06-14,0.3,32.3,24.9,33.6,0
2015-06-15,1.7,29.6,25.5,34.599999999999994,0
2015-06-16,0.6,29.1,24.8,34.4,0
2015-06-17,0.0,30.0,24.5,29.500000000000004,0
2015-06-18,0.2,30.3,24.5,21.7,0
2015-06-19,0.3,29.6,24.7,11.1,0
2015-06-20,0.0,30.4,24.7,10.799999999999999,0
2015-06-21,0.4,31.2,25.2,11.2,0
2015-06-22,0.0,32.5,25.3,10.5,0
2015-06-23,0.0,32.4,25.5,9.8,0
2015-06-24,0.0,32.6,25.5,7.4,0
2015-06-25,0.0,32.1,25.3,6.1000000000000005,0
2015-06-26,1.3,30.9,24.8,6.3,0
2015-06-27,6.5,29.5,24.3,11.3,0
2015-06-28,1.0,29.3,24.5,12.0,0
2015-06-29,2.4,29.3,24.4,12.7,0
2015-06-30,3.2,29.8,24.6,15.3,0
2015-07-01,1.8,30.9,24.9,17.1,0
2015-07-02,1.4,31.1,24.9,18.3,0
2015-07-03,1.6,31.3,24.9,19.6,0
2015-07-04,0.7,31.1,24.9,20.3,0
2015-07-05,0.0,31.7,24.7,19.900000000000002,0
2015-07-06,0.0,31.8,25.2,19.900000000000002,0
2015-07-07,0.0,31.9,24.5,19.900000000000002,0
2015-07-08,1.1,31.4,24.8,21.0,0
2015-07-09,0.0,31.5,24.8,21.0,0
2015-07-10,0.9,30.8,24.7,20.6,0
2015-07-11,0.2,30.8,24.0,14.3,0
2015-07-12,2.8,31.3,24.7,16.1,0
2015-07-13,1.2,33.0,25.0,14.9,0
2015-07-14,0.9,31.9,25.1,12.6,0
2015-07-15,0.9,31.0,25.0,11.700000000000001,0
2015-07-16,0.1,30.9,24.7,10.4,0
2015-07-17,6.4,29.5,24.3,15.200000000000001,0
2015-07-18,1.8,28.8,24.5,16.3,0
2015-07-19,1.4,31.2,24.4,17.7,0
2015-07-20,0.2,29.9,24.5,17.9,0
2015-07-21,1.8,30.5,24.8,19.7,0
2015-07-22,1.2,30.3,24.1,19.8,0
2015-07-23,2.4,29.1,24.1,22.2,0
2015-07-24,3.1,30.1,24.0,24.4,0
2015-07-25,0.0,30.3,24.4,24.2,0
2015-07-26,1.0,30.8,24.4,22.4,0
2015-07-27,0.5,32.5,25.0,21.7,0
2015-07-28,0.3,32.7,24.8,21.1,0
2015-07-29,0.8,31.8,24.7,21.0,0
2015-07-30,0.0,32.2,24.4,20.900000000000002,0
2015-07-31,0.6,32.0,23.9,15.1,0
2015-08-01,0.3,32.3,24.0,13.6,0
2015-08-02,1.0,31.7,24.4,13.200000000000001,0
2015-08-03,1.3,31.7,24.2,14.299999999999999,0
2015-08-04,0.4,31.3,24.5,12.9,0
2015-08-05,2.4,30.9,23.7,14.1,0
2015-08-06,0.7,32.5,24.5,12.399999999999999,0
2015-08-07,2.4,32.1,24.5,11.7,0
2015-08-08,0.0,32.7,24.7,11.7,0
2015-08-09,0.7,32.1,24.5,11.399999999999999,0
2015-08-10,3.9,31.5,25.0,14.799999999999999,0
2015-08-11,0.0,31.4,24.6,14.5,0
2015-08-12,0.0,32.0,24.7,13.7,0
2015-08-13,2.2,33.2,24.5,15.899999999999999,0
2015-08-14,1.3,33.7,24.9,16.6,0
2015-08-15,9.8,34.5,25.3,26.1,0
2015-08-16,28.0,32.6,24.4,53.1,0
2015-08-17,9.2,30.9,23.2,61.0,0
2015-08-18,0.6,31.4,23.1,61.199999999999996,0
2015-08-19,0.0,32.1,23.5,58.8,0
2015-08-20,1.0,31.5,24.6,59.1,0
2015-08-21,0.9,32.1,24.7,57.60000000000001,0
2015-08-22,2.4,31.1,24.9,60.00000000000001,0
2015-08-23,0.0,30.7,24.6,59.300000000000004,0
2015-08-24,0.7,31.0,24.2,56.1,0
2015-08-25,0.0,31.0,24.4,56.1,0
2015-08-26,0.0,31.2,24.7,56.1,0
2015-08-27,0.0,30.9,24.2,53.9,0
2015-08-28,0.0,30.6,23.8,52.6,0
2015-08-29,0.7,31.2,24.6,43.5,0
2015-08-30,0.3,32.3,24.5,15.799999999999999,0
2015-08-31,0.0,32.8,24.5,6.6,0
2015-09-01,0.3,32.8,24.8,6.3,0
2015-09-02,1.9,33.6,25.0,8.2,0
2015-09-03,13.1,34.4,24.3,20.3,0
2015-09-04,9.8,31.2,24.2,29.2,0
2015-09-05,22.8,31.7,24.0,49.6,0
2015-09-06,3.4,31.8,23.6,53.0,0
2015-09-07,0.0,30.5,24.2,52.3,0
2015-09-08,7.2,31.6,23.3,59.5,0
2015-09-09,1.1,31.1,24.2,60.6,0
2015-09-10,4.9,30.2,24.2,65.5,0
2015-09-11,3.0,28.9,24.1,68.5,0
2015-09-12,1.4,29.7,24.1,69.19999999999999,0
2015-09-13,1.3,31.3,24.4,70.2,0
2015-09-14,0.4,30.6,24.9,70.6,0
2015-09-15,0.3,30.9,24.4,70.6,0
2015-09-16,1.3,29.6,23.9,70.0,0
2015-09-17,0.1,30.9,24.3,57.0,0
2015-09-18,1.8,31.1,24.9,49.00000000000001,0
2015-09-19,0.7,31.0,24.5,26.9,0
2015-09-20,0.6,31.8,24.6,24.1,0
2015-09-21,3.3,32.5,24.3,27.400000000000002,0
2015-09-22,0.8,32.0,24.4,21.0,0
2015-09-23,15.0,32.2,24.5,34.9,0
2015-09-24,13.7,30.6,24.2,43.7,0
2015-09-25,5.0,31.6,24.2,45.7,0
2015-09-26,5.0,30.9,24.3,49.300000000000004,0
2015-09-27,6.1,30.7,24.4,54.099999999999994,0
2015-09-28,3.6,30.2,24.3,57.3,0
2015-09-29,2.8,29.6,23.8,59.800000000000004,0
2015-09-30,6.5,29.7,23.1,65.0,0
2015-10-01,10.0,32.0,23.2,74.9,0
2015-10-02,4.5,32.7,22.9,77.6,0
2015-10-03,5.3,31.4,24.3,82.2,0
2015-10-04,2.1,30.3,24.7,83.69999999999999,0
2015-10-05,2.5,29.4,24.2,82.89999999999999,0
2015-10-06,0.0,31.0,24.1,82.1,0
2015-10-07,0.6,31.9,24.2,67.7,0
2015-10-08,1.6,32.0,24.3,55.6,0
2015-10-09,0.7,31.1,24.0,51.3,0
2015-10-10,7.0,31.0,23.9,53.3,0
2015-10-11,9.6,32.4,24.2,56.800000000000004,0
2015-10-12,10.3,31.7,24.6,63.5,0
2015-10-13,10.5,32.2,23.7,71.2,0
2015-10-14,26.7,31.2,23.3,91.4,0
2015-10-15,13.2,31.1,23.0,94.6,0
2015-10-16,16.4,30.8,23.3,106.5,0
2015-10-17,2.7,30.8,23.7,103.9,0
2015-10-18,6.0,29.7,23.5,107.80000000000001,0
2015-10-19,8.3,30.7,23.9,113.60000000000001,0
2015-10-20,10.7,30.7,23.3,124.30000000000001,0
2015-10-21,1.4,30.3,23.3,125.1,0
2015-10-22,7.9,30.6,23.8,131.4,0
2015-10-23,24.0,30.0,23.6,154.7,0
2015-10-24,16.6,27.5,23.4,164.29999999999998,0
2015-10-25,41.9,26.8,23.2,196.6,0
2015-10-26,19.2,25.0,22.7,205.5,0
2015-10-27,92.1,25.2,22.5,287.1,0
2015-10-28,44.0,25.4,22.5,304.40000000000003,0
2015-10-29,20.0,27.0,22.8,311.2,0
2015-10-30,41.1,29.5,22.3,335.9,0
2015-10-31,41.1,29.9,22.8,374.3,0
2015-11-01,28.8,29.2,22.5,397.1,0
2015-11-02,23.8,29.2,22.7,412.6,0
2015-11-03,3.4,26.7,23.0,405.3,0
2015-11-04,6.8,29.8,22.3,410.7,0
2015-11-05,4.7,28.7,22.0,407.5,0
2015-11-06,22.1,29.0,22.4,405.6,0
2015-11-07,5.2,28.1,22.5,394.2,0
2015-11-08,15.5,25.8,22.6,367.8,0
2015-11-09,8.7,27.4,22.5,357.3,0
2015-11-10,0.7,28.9,23.5,265.9,0
2015-11-11,0.8,29.5,23.4,222.7,0
2015-11-12,4.1,29.9,22.3,206.79999999999998,0
2015-11-13,15.3,27.8,23.0,181.0,0
2015-11-14,34.5,24.5,22.9,174.4,0
2015-11-15,90.8,23.6,22.7,236.39999999999998,0
2015-11-16,0.9,28.8,22.7,213.5,0
2015-11-17,2.6,29.5,23.3,212.7,0
2015-11-18,1.5,29.9,22.3,207.39999999999998,0
2015-11-19,13.9,29.6,23.1,216.6,0
2015-11-20,4.5,29.0,21.8,199.0,0
2015-11-21,6.7,26.4,22.4,200.49999999999997,0
2015-11-22,11.0,28.9,23.1,195.99999999999997,0
2015-11-23,4.6,29.3,23.2,191.89999999999998,0
2015-11-24,4.3,29.0,22.2,195.5,0
2015-11-25,1.7,28.9,23.1,196.39999999999998,0
2015-11-26,0.0,29.7,22.3,192.29999999999998,0
2015-11-27,2.1,28.2,21.4,179.1,0
2015-11-28,10.2,26.4,22.6,154.79999999999998,0
2015-11-29,19.9,27.5,21.7,83.9,0
2015-11-30,11.6,27.4,22.9,94.6,0
2015-12-01,13.3,28.1,22.1,105.3,0
2015-12-02,16.3,28.8,22.4,120.1,0
2015-12-03,4.0,26.6,22.8,110.19999999999999,0
2015-12-04,15.8,28.9,22.6,121.5,0
2015-12-05,14.8,27.5,23.1,129.60000000000002,0
2015-12-06,3.4,27.9,23.1,122.00000000000001,0
2015-12-07,5.6,28.4,23.6,123.0,0
2015-12-08,18.2,27.0,22.8,136.9,0
2015-12-09,2.5,28.7,23.1,137.70000000000002,0
2015-12-10,11.8,28.1,23.3,149.5,0
2015-12-11,16.3,27.9,23.1,163.7,0
2015-12-12,11.7,27.2,23.0,165.2,0
2015-12-13,10.1,29.6,23.2,155.4,0
2015-12-14,9.5,29.1,23.3,153.3,0
2015-12-15,2.6,29.2,22.9,142.6,0
2015-12-16,0.8,28.7,22.6,127.10000000000001,0
2015-12-17,0.0,28.9,21.5,123.1,0
2015-12-18,13.1,27.3,22.7,120.39999999999999,0
2015-12-19,13.9,26.1,22.6,119.5,0
2015-12-20,1.1,28.6,22.6,117.19999999999999,0
2015-12-21,3.1,27.9,23.0,114.7,0
2015-12-22,0.0,28.6,22.5,96.5,0
2015-12-23,0.2,28.7,22.2,94.2,0
2015-12-24,0.0,28.4,22.0,82.4,0
2015-12-25,0.1,27.9,21.0,66.2,0
2015-12-26,6.8,27.2,22.5,61.3,0
2015-12-27,12.5,26.6,22.8,63.7,0
2015-12-28,3.8,27.7,22.9,58.0,0
2015-12-29,7.6,26.8,23.3,63.0,0
2015-12-30,5.6,28.2,22.8,67.8,0
2015-12-31,4.7,27.8,22.9,72.5,0
2016-01-01,9.1,26.6,22.3,68.5,0
2016-01-02,8.6,26.5,22.2,63.2,0
2016-01-03,5.3,27.5,22.4,67.39999999999999,0
2016-01-04,3.1,27.8,23.3,67.4,0
2016-01-05,2.1,28.0,23.2,69.5,0
2016-01-06,5.5,27.0,23.1,74.8,0
2016-01-07,3.4,27.2,22.7,78.2,0
2016-01-08,0.1,27.3,22.5,78.19999999999999,0
2016-01-09,0.0,27.5,22.2,71.39999999999999,0
2016-01-10,1.0,27.6,22.1,59.89999999999999,0
2016-01-11,0.7,27.6,22.5,56.8,0
2016-01-12,0.0,27.4,22.1,49.199999999999996,0
2016-01-13,0.0,27.0,20.8,43.6,0
2016-01-14,0.0,26.5,20.5,38.9,0
2016-01-15,0.0,28.4,19.4,29.799999999999997,0
2016-01-16,0.2,28.9,21.5,21.4,0
2016-01-17,0.0,28.2,21.9,16.099999999999998,0
2016-01-18,0.0,29.0,20.1,13.0,0
2016-01-19,0.0,29.4,21.1,10.9,0
2016-01-20,0.0,29.3,21.2,5.4,0
2016-01-21,0.0,29.0,22.6,2.0,0
2016-01-22,0.0,29.4,21.9,1.9,0
2016-01-23,4.5,27.7,23.3,6.4,0
2016-01-24,6.8,28.4,23.5,12.2,0
2016-01-25,1.8,28.4,23.1,13.3,0
2016-01-26,0.1,29.8,23.2,13.4,0
2016-01-27,0.0,29.5,21.7,13.4,0
2016-01-28,0.0,29.4,20.1,13.4,0
2016-01-29,0.0,28.8,20.5,13.4,0
2016-01-30,0.0,28.1,19.8,13.2,0
2016-01-31,0.0,28.4,21.9,13.2,0
2016-02-01,0.0,28.4,21.8,13.2,0
2016-02-02,0.0,28.9,21.4,13.2,0
2016-02-03,0.0,28.9,21.2,13.2,0
2016-02-04,0.0,29.2,20.5,13.2,0
2016-02-05,0.8,28.0,20.8,14.0,0
2016-02-06,0.0,28.6,22.6,9.5,0
2016-02-07,0.0,29.4,23.1,2.700000000000001,0
2016-02-08,0.0,30.2,22.9,0.9000000000000009,0
2016-02-09,3.3,29.2,23.1,4.1000000000000005,0
2016-02-10,0.8,29.6,22.5,4.9,0
2016-02-11,0.0,30.3,23.1,4.9,0
2016-02-12,0.0,31.2,21.3,4.9,0
2016-02-13,0.0,30.5,20.1,4.9,0
2016-02-14,0.0,30.4,20.8,4.9,0
2016-02-15,4.3,28.6,23.0,9.2,0
2016-02-16,0.0,30.6,22.9,9.2,0
2016-02-17,5.2,28.4,23.4,14.4,0
2016-02-18,10.0,29.2,23.1,24.4,0
2016-02-19,2.8,29.2,23.1,26.4,0
2016-02-20,4.3,29.2,22.5,30.7,0
2016-02-21,0.0,31.1,22.9,30.7,0
2016-02-22,0.0,31.1,22.1,30.7,0
2016-02-23,0.0,30.3,20.4,27.4,0
2016-02-24,0.5,31.2,20.5,27.1,0
2016-02-25,1.2,29.6,23.6,28.3,0
2016-02-26,0.0,30.3,24.1,28.3,0
2016-02-27,2.1,29.9,23.5,30.400000000000002,0
2016-02-28,2.8,29.3,23.6,33.2,0
2016-02-29,1.0,29.9,23.5,29.9,0
2016-03-01,7.2,29.4,23.5,37.1,0
2016-03-02,0.6,30.0,23.0,32.5,0
2016-03-03,2.1,29.9,23.2,24.6,0
2016-03-04,0.4,29.9,23.2,22.2,0
2016-03-05,0.0,30.6,23.6,17.9,0
2016-03-06,2.7,30.2,23.4,20.6,0
2016-03-07,3.4,29.6,23.6,24.0,0
2016-03-08,0.9,31.2,23.2,24.9,0
2016-03-09,0.1,31.4,24.2,24.5,0
2016-03-10,0.0,32.5,24.5,23.3,0
2016-03-11,0.0,32.9,24.0,23.3,0
2016-03-12,0.0,33.4,22.2,21.200000000000003,0
2016-03-13,0.0,33.8,23.8,18.400000000000002,0
2016-03-14,0.0,34.0,23.0,17.400000000000002,0
2016-03-15,0.1,33.6,21.9,10.300000000000002,0
2016-03-16,0.0,33.6,23.2,9.700000000000001,0
2016-03-17,0.1,33.7,24.0,7.700000000000002,0
2016-03-18,0.0,33.7,22.7,7.300000000000002,0
2016-03-19,0.1,34.5,21.8,7.400000000000001,0
2016-03-20,0.0,35.4,21.7,4.700000000000001,1
2016-03-21,0.0,35.5,22.4,1.3000000000000018,1
2016-03-22,0.0,36.2,23.2,0.4000000000000018,1
2016-03-23,0.0,36.1,23.8,0.3000000000000018,1
2016-03-24,0.0,35.1,23.0,0.3000000000000018,1
2016-03-25,0.0,34.5,22.0,0.3000000000000018,0
2016-03-26,0.0,34.2,22.7,0.3000000000000018,0
2016-03-27,0.0,34.2,23.8,0.3000000000000018,0
2016-03-28,12.1,33.4,24.3,12.400000000000002,0
2016-03-29,9.2,31.6,23.7,21.5,0
2016-03-30,7.2,31.6,24.1,28.700000000000003,0
2016-03-31,1.5,31.3,23.1,30.1,0
2016-04-01,0.5,32.2,23.9,30.6,0
2016-04-02,0.0,32.9,23.5,30.500000000000004,0
2016-04-03,0.0,34.1,23.9,30.500000000000004,0
2016-04-04,0.0,33.7,24.1,30.500000000000004,0
2016-04-05,0.2,33.3,24.0,30.700000000000003,0
2016-04-06,4.1,34.3,24.3,34.800000000000004,0
2016-04-07,3.9,33.3,24.5,38.7,0
2016-04-08,0.0,33.4,24.2,38.7,0
2016-04-09,1.0,33.9,24.6,39.7,0
2016-04-10,2.3,32.4,24.8,42.0,0
2016-04-11,0.0,33.0,24.2,29.900000000000002,0
2016-04-12,0.8,33.8,25.5,21.5,0
2016-04-13,0.8,34.2,25.8,15.100000000000001,0
2016-04-14,0.5,35.3,25.1,14.100000000000001,1
2016-04-15,0.3,34.1,25.3,13.900000000000002,0
2016-04-16,2.6,33.5,25.8,16.500000000000004,0
2016-04-17,1.5,33.5,25.0,18.000000000000004,0
2016-04-18,0.1,34.3,25.3,18.1,0
2016-04-19,3.7,33.9,25.4,21.6,0
2016-04-20,3.8,33.6,25.0,21.3,0
2016-04-21,0.0,34.0,24.5,17.400000000000002,0
2016-04-22,2.3,34.1,25.4,19.700000000000003,0
2016-04-23,2.2,34.4,25.6,20.900000000000002,0
2016-04-24,0.0,35.6,25.6,18.6,1
2016-04-25,0.0,36.3,25.6,18.6,1
2016-04-26,7.4,34.9,25.6,25.200000000000003,0
2016-04-27,1.5,33.8,25.1,25.900000000000002,0
2016-04-28,0.0,34.4,25.9,25.400000000000002,0
2016-04-29,0.5,34.5,24.7,25.6,0
2016-04-30,9.3,33.9,25.6,32.300000000000004,0
2016-05-01,9.6,33.5,24.5,40.400000000000006,0
2016-05-02,1.6,32.9,24.3,41.900000000000006,0
2016-05-03,1.4,33.9,24.2,39.6,0
2016-05-04,0.8,33.8,24.8,36.6,0
2016-05-05,1.8,33.1,25.2,38.400000000000006,0
2016-05-06,52.9,33.0,24.4,89.0,0
2016-05-07,0.0,30.7,24.6,86.80000000000001,0
2016-05-08,18.3,32.4,24.8,105.10000000000001,0
2016-05-09,6.4,32.3,24.7,111.5,0
2016-05-10,8.6,31.9,24.6,112.7,0
2016-05-11,2.9,30.4,24.3,114.1,0
2016-05-12,14.2,26.8,23.8,128.3,0
2016-05-13,39.9,31.7,23.5,167.7,0
2016-05-14,23.6,28.8,24.2,182.0,0
2016-05-15,169.6,25.5,23.6,342.0,0
2016-05-16,170.6,25.7,23.6,511.0,0
2016-05-17,28.8,27.9,24.8,538.4,0
2016-05-18,0.9,30.0,24.6,538.5,0
2016-05-19,0.6,30.3,25.2,537.3,0
2016-05-20,3.2,29.1,24.2,487.6,0
2016-05-21,0.0,29.9,25.8,487.6,0
2016-05-22,0.0,31.5,26.1,469.3,0
2016-05-23,0.0,31.3,25.7,462.90000000000003,0
2016-05-24,0.0,30.1,25.7,454.3,0
2016-05-25,0.0,30.2,25.1,451.40000000000003,0
2016-05-26,1.1,31.5,25.3,438.3,0
2016-05-27,0.6,30.1,25.4,399.0,0
2016-05-28,0.0,29.3,24.6,375.40000000000003,0
2016-05-29,2.0,30.2,24.2,207.8,0
2016-05-30,0.6,30.2,24.8,37.80000000000003,0
2016-05-31,0.5,30.3,24.7,9.500000000000028,0
2016-06-01,0.0,30.9,24.9,8.600000000000028,0
2016-06-02,0.0,30.9,25.0,8.000000000000028,0
2016-06-03,0.4,29.1,24.9,5.200000000000029,0
2016-06-04,0.0,30.7,24.9,5.200000000000029,0
2016-06-05,0.7,29.5,25.2,5.900000000000029,0
2016-06-06,0.4,30.7,24.7,6.300000000000028,0
2016-06-07,0.8,30.5,25.4,7.100000000000029,0
2016-06-08,0.7,29.7,25.0,7.800000000000028,0
2016-06-09,0.5,30.7,25.0,7.200000000000028,0
2016-06-10,0.0,30.3,25.0,6.600000000000028,0
2016-06-11,0.0,30.3,25.4,6.600000000000028,0
2016-06-12,1.2,30.0,24.4,5.800000000000028,0
2016-06-13,0.4,30.5,24.2,5.600000000000029,0
2016-06-14,1.0,31.1,25.0,6.100000000000029,0
2016-06-15,0.0,30.9,24.8,6.100000000000029,0
2016-06-16,0.7,29.8,25.0,6.800000000000028,0
2016-06-17,0.5,29.8,24.9,6.900000000000028,0
2016-06-18,1.3,29.2,24.6,8.200000000000028,0
2016-06-19,0.1,30.0,24.3,7.600000000000028,0
2016-06-20,6.5,29.0,24.5,13.700000000000028,0
2016-06-21,0.9,29.9,24.1,13.800000000000027,0
2016-06-22,0.5,31.0,24.5,13.600000000000028,0
2016-06-23,0.0,30.2,24.9,13.100000000000028,0
2016-06-24,0.0,30.5,24.8,13.100000000000028,0
2016-06-25,0.1,31.0,24.7,13.20000000000003,0
2016-06-26,1.4,30.7,24.9,13.400000000000027,0
2016-06-27,0.2,31.1,24.7,13.20000000000003,0
2016-06-28,0.7,29.2,23.7,12.900000000000029,0
2016-06-29,0.0,29.5,24.7,12.900000000000029,0
2016-06-30,0.1,31.6,24.6,12.300000000000027,0
2016-07-01,0.2,31.8,24.8,12.000000000000028,0
2016-07-02,0.0,32.7,25.1,10.70000000000003,0
2016-07-03,0.0,33.3,25.0,10.60000000000003,0
2016-07-04,1.8,32.7,25.3,5.900000000000029,0
2016-07-05,0.0,31.8,25.2,5.000000000000028,0
2016-07-06,0.0,31.2,25.1,4.500000000000028,0
2016-07-07,0.0,32.6,24.8,4.500000000000028,0
2016-07-08,0.2,31.2,25.1,4.700000000000028,0
2016-07-09,1.7,30.2,24.7,6.300000000000028,0
2016-07-10,1.3,29.7,23.7,6.200000000000029,0
2016-07-11,0.4,31.1,24.8,6.400000000000029,0
2016-07-12,0.0,31.7,25.0,5.700000000000029,0
2016-07-13,1.3,32.1,25.2,7.000000000000028,0
2016-07-14,0.2,32.0,24.9,7.100000000000029,0
2016-07-15,2.0,31.2,24.5,8.900000000000029,0
2016-07-16,0.7,29.7,24.8,9.600000000000028,0
2016-07-17,0.6,30.2,24.6,10.200000000000028,0
2016-07-18,0.8,31.2,24.3,9.200000000000028,0
2016-07-19,0.3,32.3,24.1,9.500000000000028,0
2016-07-20,1.1,33.1,24.6,10.600000000000028,0
2016-07-21,2.0,30.9,24.5,12.600000000000028,0
2016-07-22,0.0,31.4,24.3,12.400000000000029,0
2016-07-23,2.1,29.0,24.2,12.800000000000027,0
2016-07-24,0.6,29.5,23.7,12.100000000000028,0
2016-07-25,3.4,31.4,24.3,15.100000000000028,0
2016-07-26,7.5,30.1,23.5,22.60000000000003,0
2016-07-27,2.2,30.2,23.8,23.50000000000003,0
2016-07-28,1.1,32.0,23.9,24.400000000000027,0
2016-07-29,2.8,30.8,24.2,25.200000000000028,0
2016-07-30,1.0,29.2,24.4,25.50000000000003,0
2016-07-31,1.1,30.8,23.6,26.00000000000003,0
2016-08-01,1.2,30.9,24.4,26.400000000000027,0
2016-08-02,1.1,31.7,24.6,27.20000000000003,0
2016-08-03,0.0,31.2,24.4,26.10000000000003,0
2016-08-04,1.6,30.8,24.5,25.700000000000028,0
2016-08-05,1.7,31.9,24.6,27.400000000000027,0
2016-08-06,0.2,33.3,24.9,25.50000000000003,0
2016-08-07,1.3,32.8,25.0,26.200000000000028,0
2016-08-08,0.6,33.7,24.9,23.400000000000027,0
2016-08-09,1.2,32.2,24.9,17.10000000000003,0
2016-08-10,1.6,32.9,24.6,16.50000000000003,0
2016-08-11,1.6,32.0,24.5,17.00000000000003,0
2016-08-12,1.9,31.5,24.7,16.10000000000003,0
2016-08-13,0.5,31.8,24.7,15.60000000000003,0
2016-08-14,0.9,30.6,24.5,15.400000000000027,0
2016-08-15,0.1,30.3,24.4,14.30000000000003,0
2016-08-16,3.4,30.5,24.5,16.60000000000003,0
2016-08-17,0.0,31.4,24.5,16.60000000000003,0
2016-08-18,0.8,31.8,24.2,15.80000000000003,0
2016-08-19,2.4,32.6,24.9,16.50000000000003,0
2016-08-20,0.6,32.9,24.6,16.900000000000027,0
2016-08-21,2.4,32.2,24.7,18.00000000000003,0
2016-08-22,11.8,32.3,24.8,29.20000000000003,0
2016-08-23,4.5,30.6,24.4,32.50000000000003,0
2016-08-24,1.1,31.3,24.3,32.00000000000003,0
2016-08-25,1.0,30.5,24.2,31.40000000000003,0
2016-08-26,2.1,30.6,24.2,31.60000000000003,0
2016-08-27,1.2,28.0,24.2,32.30000000000003,0
2016-08-28,0.6,31.0,23.9,32.00000000000003,0
2016-08-29,0.0,31.7,23.9,31.90000000000003,0
2016-08-30,3.1,30.6,24.2,31.60000000000003,0
2016-08-31,0.7,30.5,24.3,32.300000000000026,0
2016-09-01,1.3,30.8,23.5,32.80000000000003,0
2016-09-02,1.4,30.3,24.3,31.80000000000003,0
2016-09-03,0.0,30.5,24.1,31.20000000000003,0
2016-09-04,0.0,30.8,24.2,28.80000000000003,0
2016-09-05,0.0,32.0,24.8,17.00000000000003,0
2016-09-06,1.1,32.0,24.5,13.600000000000028,0
2016-09-07,0.0,32.1,24.0,12.500000000000028,0
2016-09-08,0.0,31.8,24.2,11.500000000000028,0
2016-09-09,0.0,31.3,23.6,9.400000000000027,0
2016-09-10,1.3,31.9,23.9,9.500000000000028,0
2016-09-11,0.0,32.4,24.1,8.900000000000029,0
2016-09-12,0.0,32.0,24.0,8.900000000000029,0
2016-09-13,0.7,32.6,24.4,6.500000000000028,0
2016-09-14,0.6,33.5,24.6,6.400000000000029,0
2016-09-15,3.1,32.0,24.6,8.200000000000028,0
2016-09-16,1.1,32.2,24.3,7.900000000000029,0
2016-09-17,2.9,31.7,24.4,10.80000000000003,0
2016-09-18,3.3,31.5,24.5,14.100000000000028,0
2016-09-19,0.7,33.0,24.5,14.80000000000003,0
2016-09-20,2.4,33.1,24.5,16.10000000000003,0
2016-09-21,1.6,31.4,24.6,17.700000000000028,0
2016-09-22,1.1,33.2,24.3,18.80000000000003,0
2016-09-23,0.2,32.6,24.4,19.00000000000003,0
2016-09-24,1.0,32.8,24.4,18.700000000000028,0
2016-09-25,0.7,32.6,24.5,19.400000000000027,0
2016-09-26,0.8,32.8,24.3,20.200000000000028,0
2016-09-27,0.4,33.1,24.6,19.90000000000003,0
2016-09-28,0.9,32.4,24.6,20.200000000000028,0
2016-09-29,0.2,32.3,24.4,17.30000000000003,0
2016-09-30,1.1,31.8,24.3,17.30000000000003,0
2016-10-01,0.0,32.9,24.5,14.400000000000029,0
2016-10-02,0.0,33.1,24.1,11.10000000000003,0
2016-10-03,0.5,32.8,24.4,10.900000000000029,0
2016-10-04,0.7,32.9,24.2,9.200000000000028,0
2016-10-05,1.5,33.3,24.7,9.100000000000028,0
2016-10-06,0.9,33.3,24.6,8.900000000000029,0
2016-10-07,0.0,33.5,24.7,8.70000000000003,0
2016-10-08,0.0,33.0,24.0,7.700000000000029,0
2016-10-09,1.7,32.9,24.1,8.700000000000028,0
2016-10-10,0.8,33.0,24.5,8.700000000000028,0
2016-10-11,0.0,33.5,24.6,8.300000000000027,0
2016-10-12,0.0,33.9,24.3,7.400000000000029,0
2016-10-13,0.0,33.7,24.4,7.200000000000029,0
2016-10-14,0.9,33.4,24.4,7.000000000000028,0
2016-10-15,16.9,33.9,23.8,23.900000000000027,0
2016-10-16,13.8,33.3,23.6,37.70000000000003,0
2016-10-17,2.1,33.3,23.3,39.300000000000026,0
2016-10-18,1.4,31.8,23.5,40.00000000000003,0
2016-10-19,2.6,30.7,23.7,41.10000000000002,0
2016-10-20,2.5,31.9,24.4,42.700000000000024,0
2016-10-21,0.2,30.3,24.2,42.90000000000003,0
2016-10-22,1.0,30.4,23.6,43.90000000000003,0
2016-10-23,1.5,31.4,23.7,43.70000000000003,0
2016-10-24,1.4,30.2,23.9,44.300000000000026,0
2016-10-25,1.0,30.9,23.7,45.300000000000026,0
2016-10-26,4.2,31.0,23.6,49.50000000000003,0
2016-10-27,3.5,31.3,23.2,53.00000000000003,0
2016-10-28,0.0,32.0,23.3,52.10000000000003,0
2016-10-29,1.9,31.0,23.8,37.10000000000003,0
2016-10-30,7.6,31.0,23.7,30.900000000000027,0
2016-10-31,28.6,29.4,23.3,57.40000000000003,0
2016-11-01,23.0,29.1,23.4,79.00000000000003,0
2016-11-02,9.7,29.4,22.5,86.10000000000004,0
2016-11-03,5.4,28.5,22.8,89.00000000000003,0
2016-11-04,10.9,29.0,22.8,99.70000000000003,0
2016-11-05,4.2,29.5,22.9,102.90000000000003,0
2016-11-06,3.0,29.0,23.5,104.40000000000003,0
2016-11-07,2.4,30.4,23.2,105.40000000000002,0
2016-11-08,0.4,30.0,22.5,104.80000000000003,0
2016-11-09,4.1,29.3,22.3,104.70000000000002,0
2016-11-10,1.9,28.9,22.3,103.10000000000002,0
2016-11-11,0.8,30.0,22.6,103.90000000000002,0
2016-11-12,6.8,29.6,22.9,108.80000000000003,0
2016-11-13,8.4,30.4,23.0,109.60000000000002,0
2016-11-14,4.0,29.7,23.0,85.00000000000003,0
2016-11-15,2.3,29.7,23.0,64.30000000000003,0
2016-11-16,17.9,28.9,22.6,72.50000000000003,0
2016-11-17,11.9,26.7,23.0,79.00000000000003,0
2016-11-18,25.0,27.6,22.9,93.10000000000002,0
2016-11-19,12.2,26.6,23.1,101.10000000000002,0
2016-11-20,5.4,27.8,22.8,103.50000000000003,0
2016-11-21,12.6,26.0,22.8,113.70000000000003,0
2016-11-22,14.6,28.3,22.9,127.90000000000003,0
2016-11-23,12.0,28.0,23.2,135.80000000000004,0
2016-11-24,3.4,27.2,22.9,137.30000000000004,0
2016-11-25,0.3,28.7,21.5,136.8,0
2016-11-26,0.0,28.1,22.1,130.00000000000003,0
2016-11-27,0.0,29.4,22.6,121.60000000000002,0
2016-11-28,0.0,27.9,21.4,117.60000000000002,0
2016-11-29,0.0,26.9,19.7,115.30000000000003,0
2016-11-30,13.4,25.0,17.9,110.80000000000003,0
2016-12-01,0.0,25.4,18.9,98.90000000000003,0
2016-12-02,0.0,29.1,21.3,73.90000000000003,0
2016-12-03,0.1,30.0,20.5,61.80000000000003,0
2016-12-04,0.8,29.1,22.3,57.200000000000024,0
2016-12-05,0.0,29.5,22.0,44.60000000000002,0
2016-12-06,0.2,29.0,21.9,30.20000000000003,0
2016-12-07,4.8,28.2,20.1,23.00000000000003,0
2016-12-08,3.2,28.7,22.2,22.800000000000026,0
2016-12-09,1.7,27.9,21.7,24.200000000000028,0
2016-12-10,1.7,28.9,21.7,25.900000000000027,0
2016-12-11,0.0,29.8,22.4,25.900000000000027,0
2016-12-12,0.0,29.8,23.1,25.900000000000027,0
2016-12-13,0.0,30.3,22.9,25.900000000000027,0
2016-12-14,0.0,30.7,21.4,12.500000000000028,0
2016-12-15,0.2,29.6,22.3,12.700000000000028,0
2016-12-16,4.0,28.3,22.3,16.700000000000028,0
2016-12-17,4.6,27.7,22.5,21.200000000000024,0
2016-12-18,0.3,28.1,21.7,20.700000000000028,0
2016-12-19,19.8,24.9,21.3,40.50000000000003,0
2016-12-20,5.0,28.5,23.2,45.300000000000026,0
2016-12-21,2.2,28.9,22.9,42.70000000000003,0
2016-12-22,0.4,28.5,22.0,39.90000000000003,0
2016-12-23,0.0,28.7,19.9,38.20000000000003,0
2016-12-24,0.0,27.6,16.9,36.50000000000003,0
2016-12-25,0.0,28.4,16.6,36.50000000000003,0
2016-12-26,0.0,28.8,21.1,36.50000000000003,0
2016-12-27,16.9,27.8,22.9,53.40000000000003,0
2016-12-28,8.0,27.5,22.7,61.40000000000003,0
2016-12-29,3.1,27.9,22.5,64.30000000000003,0
2016-12-30,4.1,27.4,22.1,64.40000000000002,0
2016-12-31,0.2,28.1,21.7,60.00000000000003,0
2017-01-01,0.2,29.0,22.5,59.90000000000003,0
2017-01-02,7.1,27.5,22.2,47.20000000000003,0
2017-01-03,0.0,29.6,22.0,42.20000000000003,0
2017-01-04,0.0,29.1,19.3,40.00000000000003,0
2017-01-05,0.0,29.0,19.0,39.60000000000002,0
2017-01-06,0.0,28.9,19.1,39.60000000000002,0
2017-01-07,0.0,28.8,18.8,39.60000000000002,0
2017-01-08,0.0,28.2,18.4,39.60000000000002,0
2017-01-09,0.0,29.7,17.8,39.60000000000002,0
2017-01-10,0.0,30.8,18.7,22.700000000000028,0
2017-01-11,0.0,31.2,19.6,14.700000000000028,0
2017-01-12,0.0,30.3,19.8,11.600000000000028,0
2017-01-13,0.0,29.9,19.9,7.500000000000028,0
2017-01-14,0.0,29.7,19.8,7.300000000000028,0
2017-01-15,1.7,28.1,20.1,8.800000000000027,0
2017-01-16,0.0,30.7,20.5,1.7000000000000284,0
2017-01-17,0.0,29.2,19.3,1.7000000000000284,0
2017-01-18,0.0,28.6,18.7,1.7000000000000284,0
2017-01-19,0.1,30.4,19.9,1.8000000000000285,0
2017-01-20,13.4,26.8,20.6,15.20000000000003,0
2017-01-21,4.0,28.1,21.6,19.20000000000003,0
2017-01-22,1.0,25.9,22.5,20.20000000000003,0
2017-01-23,22.0,26.1,22.0,42.20000000000003,0
2017-01-24,17.2,23.8,21.2,59.400000000000034,0
2017-01-25,19.0,25.7,22.2,78.40000000000003,0
2017-01-26,1.9,26.7,22.5,80.30000000000003,0
2017-01-27,20.9,26.4,22.3,101.20000000000003,0
2017-01-28,4.1,28.1,22.3,105.30000000000003,0
2017-01-29,1.3,28.0,22.2,104.90000000000002,0
2017-01-30,1.9,27.7,21.9,106.80000000000003,0
2017-01-31,0.3,28.2,20.2,107.10000000000002,0
2017-02-01,0.0,28.3,19.3,107.10000000000002,0
2017-02-02,0.2,27.3,18.9,107.20000000000003,0
2017-02-03,0.0,28.0,18.4,93.80000000000003,0
2017-02-04,0.1,27.4,19.9,89.90000000000002,0
2017-02-05,0.0,28.4,18.9,88.90000000000002,0
2017-02-06,0.0,29.5,19.4,66.90000000000002,0
2017-02-07,0.0,30.1,19.1,49.700000000000024,0
2017-02-08,0.0,29.2,19.9,30.700000000000024,0
2017-02-09,0.0,29.0,18.5,28.800000000000026,0
2017-02-10,0.0,29.9,18.8,7.900000000000028,0
2017-02-11,0.0,30.2,19.5,3.8000000000000282,0
2017-02-12,0.1,29.0,19.6,2.6000000000000285,0
2017-02-13,1.7,29.7,20.2,2.4000000000000283,0
2017-02-14,2.0,27.2,22.4,4.100000000000028,0
2017-02-15,2.7,27.7,22.1,6.800000000000029,0
2017-02-16,0.4,29.3,21.9,7.000000000000028,0
2017-02-17,0.0,29.5,21.0,7.000000000000028,0
2017-02-18,2.2,27.4,21.1,9.10000000000003,0
2017-02-19,4.4,27.5,22.3,13.500000000000028,0
2017-02-20,0.0,32.9,21.6,13.500000000000028,0
2017-02-21,0.0,33.7,21.1,13.500000000000028,0
2017-02-22,0.0,32.3,21.1,13.500000000000028,0
2017-02-23,0.4,32.4,19.7,13.900000000000029,0
2017-02-24,0.0,31.4,23.0,13.900000000000029,0
2017-02-25,2.7,32.0,22.0,16.60000000000003,0
2017-02-26,1.9,30.9,22.4,18.400000000000027,0
2017-02-27,1.4,27.4,22.4,18.10000000000003,0
2017-02-28,9.0,26.6,22.1,25.10000000000003,0
2017-03-01,1.3,28.7,21.9,23.700000000000028,0
2017-03-02,26.4,27.0,21.6,49.700000000000024,0
2017-03-03,6.6,30.2,22.5,56.300000000000026,0
2017-03-04,9.6,30.8,22.8,63.70000000000003,0
2017-03-05,0.1,32.9,22.5,59.40000000000002,0
2017-03-06,16.3,33.0,22.6,75.70000000000002,0
2017-03-07,10.9,30.1,23.0,86.60000000000002,0
2017-03-08,0.6,30.8,22.4,87.20000000000003,0
2017-03-09,2.8,30.5,22.9,89.60000000000004,0
2017-03-10,13.5,31.4,22.3,103.10000000000004,0
2017-03-11,6.9,30.5,22.7,107.30000000000003,0
2017-03-12,11.9,32.8,22.5,117.30000000000003,0
2017-03-13,12.4,30.4,23.1,128.30000000000004,0
2017-03-14,1.9,30.1,22.9,121.20000000000003,0
2017-03-15,1.7,29.2,23.2,121.60000000000002,0
2017-03-16,0.6,31.1,21.5,95.80000000000003,0
2017-03-17,0.0,30.8,22.4,89.20000000000003,0
2017-03-18,0.0,31.7,21.8,79.60000000000002,0
2017-03-19,2.1,32.4,22.6,81.60000000000004,0
2017-03-20,0.1,33.6,22.8,65.40000000000003,0
2017-03-21,0.0,33.3,23.7,54.50000000000003,0
2017-03-22,0.0,32.0,22.2,53.90000000000003,0
2017-03-23,0.0,31.8,21.8,51.10000000000003,0
2017-03-24,0.0,32.5,21.2,37.60000000000002,0
2017-03-25,0.0,33.6,20.8,30.700000000000028,0
2017-03-26,0.0,31.8,21.1,18.80000000000003,0
2017-03-27,0.2,31.4,22.4,6.600000000000028,0
2017-03-28,2.5,31.8,22.4,7.200000000000028,0
2017-03-29,8.7,32.6,23.0,14.200000000000028,0
2017-03-30,1.7,32.4,23.2,15.300000000000027,0
2017-03-31,3.3,33.0,23.5,18.60000000000003,0
2017-04-01,1.1,33.5,23.9,19.700000000000028,0
2017-04-02,2.7,32.8,24.2,20.300000000000026,0
2017-04-03,6.8,33.5,23.6,27.00000000000003,0
2017-04-04,5.1,32.6,24.0,32.10000000000003,0
2017-04-05,0.3,34.4,23.4,32.40000000000003,0
2017-04-06,0.4,35.1,24.1,32.800000000000026,1
2017-04-07,0.0,36.1,24.1,32.800000000000026,1
2017-04-08,0.0,35.4,23.6,32.800000000000026,1
2017-04-09,0.5,35.9,24.0,33.300000000000026,1
2017-04-10,0.0,33.4,25.0,33.10000000000002,0
2017-04-11,12.5,34.0,24.4,43.10000000000002,0
2017-04-12,6.2,33.4,24.0,40.60000000000003,0
2017-04-13,9.1,30.8,24.0,48.00000000000003,0
2017-04-14,2.1,32.0,23.5,46.800000000000026,0
2017-04-15,0.1,33.5,24.5,45.800000000000026,0
2017-04-16,0.0,35.5,25.2,43.10000000000002,1
2017-04-17,0.0,35.1,25.1,36.300000000000026,1
2017-04-18,0.0,35.1,25.1,31.200000000000024,1
2017-04-19,0.0,35.7,25.0,30.900000000000027,1
2017-04-20,0.0,35.0,24.3,30.500000000000025,0
2017-04-21,0.9,34.3,24.6,31.400000000000027,0
2017-04-22,0.7,34.2,24.8,32.10000000000002,0
2017-04-23,1.3,34.0,25.1,32.90000000000003,0
2017-04-24,1.7,33.6,25.4,34.60000000000002,0
2017-04-25,0.6,34.7,25.1,22.700000000000024,0
2017-04-26,0.6,34.1,25.3,17.100000000000026,0
2017-04-27,0.4,37.4,25.1,8.400000000000029,1
2017-04-28,0.0,37.0,25.2,6.300000000000029,1
2017-04-29,0.1,37.2,24.4,6.300000000000028,1
2017-04-30,0.2,36.9,23.2,6.500000000000028,1
2017-05-01,0.3,35.7,24.0,6.800000000000028,1
2017-05-02,1.2,34.6,24.6,8.000000000000028,0
2017-05-03,0.1,34.6,24.0,8.100000000000028,0
2017-05-04,4.1,35.8,24.6,12.200000000000028,1
2017-05-05,1.8,35.9,24.8,13.100000000000028,1
2017-05-06,13.1,32.5,24.7,25.50000000000003,0
2017-05-07,16.0,32.0,24.1,40.20000000000003,0
2017-05-08,1.8,33.0,23.5,40.300000000000026,0
2017-05-09,1.7,32.3,24.2,41.400000000000034,0
2017-05-10,3.6,33.3,24.8,44.40000000000003,0
2017-05-11,6.5,32.1,24.2,50.50000000000003,0
2017-05-12,7.6,32.0,24.0,58.10000000000003,0
2017-05-13,0.6,31.4,24.0,58.60000000000003,0
2017-05-14,1.0,31.5,24.7,59.40000000000003,0
2017-05-15,0.0,30.5,24.5,59.10000000000003,0
2017-05-16,0.4,32.4,25.5,58.300000000000026,0
2017-05-17,0.0,32.1,25.5,58.200000000000024,0
2017-05-18,0.7,30.4,25.0,54.80000000000003,0
2017-05-19,0.0,32.4,24.4,53.00000000000003,0
2017-05-20,0.0,32.2,25.5,39.900000000000034,0
2017-05-21,0.1,33.1,25.0,24.00000000000003,0
2017-05-22,1.4,30.7,25.2,23.600000000000026,0
2017-05-23,0.5,30.6,24.9,22.400000000000027,0
2017-05-24,0.0,31.0,24.8,18.800000000000026,0
2017-05-25,0.0,31.0,24.4,12.300000000000027,0
2017-05-26,0.0,30.2,23.7,4.700000000000029,0
2017-05-27,0.0,31.2,24.6,4.100000000000029,0
2017-05-28,0.0,32.1,24.8,3.100000000000028,0
2017-05-29,1.8,29.4,23.5,4.900000000000029,0
2017-05-30,1.8,29.7,23.1,6.300000000000028,0
2017-05-31,0.1,29.5,23.4,6.400000000000028,0
2017-06-01,0.9,29.5,23.7,6.600000000000029,0
2017-06-02,0.4,29.6,24.3,7.000000000000028,0
2017-06-03,1.0,29.7,24.3,8.000000000000028,0
2017-06-04,0.3,30.6,24.8,8.200000000000028,0
2017-06-05,0.0,31.6,24.9,6.800000000000029,0
2017-06-06,0.5,30.9,25.0,6.800000000000029,0
2017-06-07,0.3,30.6,23.9,7.100000000000029,0
2017-06-08,0.4,31.6,24.7,7.500000000000028,0
2017-06-09,2.7,31.1,24.8,10.20000000000003,0
2017-06-10,1.9,30.4,24.3,12.10000000000003,0
2017-06-11,1.2,30.7,23.5,13.30000000000003,0
2017-06-12,0.0,32.8,24.3,11.500000000000028,0
2017-06-13,0.0,32.6,24.7,9.70000000000003,0
2017-06-14,1.6,31.1,25.0,11.200000000000028,0
2017-06-15,1.9,31.8,24.8,12.20000000000003,0
2017-06-16,1.2,30.7,24.3,13.000000000000028,0
2017-06-17,0.4,31.9,24.4,12.400000000000029,0
2017-06-18,0.8,31.6,24.7,12.900000000000029,0
2017-06-19,1.1,30.8,23.8,14.000000000000028,0
2017-06-20,1.1,30.8,24.2,14.600000000000028,0
2017-06-21,1.7,30.4,24.5,16.00000000000003,0
2017-06-22,0.9,31.2,24.7,16.50000000000003,0
2017-06-23,0.6,29.5,24.5,14.400000000000029,0
2017-06-24,1.8,27.7,22.8,14.300000000000027,0
2017-06-25,1.7,27.2,23.4,14.80000000000003,0
2017-06-26,0.4,29.4,24.0,15.200000000000028,0
2017-06-27,6.4,28.7,22.1,21.60000000000003,0
2017-06-28,1.4,30.1,22.8,21.400000000000027,0
2017-06-29,1.1,32.2,24.7,20.60000000000003,0
2017-06-30,0.1,31.7,24.8,19.50000000000003,0
2017-07-01,0.9,32.0,24.8,20.00000000000003,0
2017-07-02,0.0,32.3,24.5,19.20000000000003,0
2017-07-03,0.0,32.4,24.4,18.10000000000003,0
2017-07-04,1.6,33.4,24.7,18.600000000000026,0
2017-07-05,0.0,33.0,24.9,16.900000000000027,0
2017-07-06,0.5,32.9,24.8,16.50000000000003,0
2017-07-07,2.1,30.2,24.6,18.00000000000003,0
2017-07-08,0.8,31.0,24.3,17.00000000000003,0
2017-07-09,2.2,29.1,24.1,17.50000000000003,0
2017-07-10,0.6,30.4,23.6,17.70000000000003,0
2017-07-11,2.9,30.2,23.8,14.200000000000028,0
2017-07-12,1.1,32.4,24.5,13.900000000000029,0
2017-07-13,0.0,32.3,24.6,12.80000000000003,0
2017-07-14,1.0,31.7,24.2,13.700000000000028,0
2017-07-15,0.2,30.9,24.3,13.00000000000003,0
2017-07-16,0.7,30.6,24.4,13.700000000000028,0
2017-07-17,0.1,31.9,24.1,13.800000000000027,0
2017-07-18,0.5,30.6,24.3,12.700000000000028,0
2017-07-19,0.8,31.4,23.9,13.500000000000028,0
2017-07-20,0.1,32.3,24.0,13.100000000000028,0
2017-07-21,0.0,32.0,23.7,11.000000000000028,0
2017-07-22,0.2,31.7,23.9,10.400000000000027,0
2017-07-23,0.3,32.6,25.3,8.500000000000028,0
2017-07-24,0.0,32.0,25.1,7.900000000000029,0
2017-07-25,0.0,34.6,25.1,5.000000000000028,0
2017-07-26,0.1,33.6,25.4,4.000000000000028,0
2017-07-27,0.7,32.3,25.1,4.700000000000029,0
2017-07-28,0.9,32.4,24.3,4.600000000000028,0
2017-07-29,4.4,31.4,23.1,8.80000000000003,0
2017-07-30,2.0,32.0,24.8,10.10000000000003,0
2017-07-31,0.7,30.8,24.2,10.70000000000003,0
2017-08-01,0.9,31.0,24.4,11.10000000000003,0
2017-08-02,0.6,30.9,24.0,10.900000000000029,0
2017-08-03,0.2,30.3,23.7,11.000000000000028,0
2017-08-04,1.5,31.3,24.2,12.500000000000028,0
2017-08-05,1.1,30.5,23.7,13.400000000000027,0
2017-08-06,0.0,30.2,23.4,13.10000000000003,0
2017-08-07,0.4,29.7,24.3,13.500000000000028,0
2017-08-08,3.1,32.3,24.3,16.60000000000003,0
2017-08-09,0.6,31.5,24.2,17.100000000000026,0
2017-08-10,4.2,31.2,24.0,20.60000000000003,0
2017-08-11,0.1,29.9,23.1,19.80000000000003,0
2017-08-12,3.2,34.2,24.2,18.600000000000026,0
2017-08-13,2.0,31.8,24.1,18.600000000000026,0
2017-08-14,0.4,30.6,23.9,18.30000000000003,0
2017-08-15,0.0,32.4,24.0,17.40000000000003,0
2017-08-16,0.0,31.7,23.6,16.80000000000003,0
2017-08-17,0.3,32.3,23.5,16.90000000000003,0
2017-08-18,2.2,28.3,22.7,17.60000000000003,0
2017-08-19,3.4,29.5,22.5,19.900000000000027,0
2017-08-20,1.9,30.5,23.1,21.80000000000003,0
2017-08-21,1.5,30.2,22.8,22.90000000000003,0
2017-08-22,0.0,30.0,23.5,19.80000000000003,0
2017-08-23,3.9,29.8,24.4,23.10000000000003,0
2017-08-24,2.5,31.4,24.7,21.400000000000027,0
2017-08-25,0.1,32.2,24.4,21.40000000000003,0
2017-08-26,0.0,31.9,24.1,18.20000000000003,0
2017-08-27,1.6,30.5,23.6,17.80000000000003,0
2017-08-28,3.7,29.5,23.5,21.10000000000003,0
2017-08-29,1.4,29.2,22.6,22.50000000000003,0
2017-08-30,1.2,31.2,24.3,23.700000000000028,0
2017-08-31,4.6,33.4,24.8,28.00000000000003,0
2017-09-01,38.5,34.1,23.3,64.30000000000003,0
2017-09-02,19.4,34.1,22.8,80.30000000000003,0
2017-09-03,0.7,28.2,22.9,79.10000000000002,0
2017-09-04,2.0,28.9,23.9,79.60000000000002,0
2017-09-05,1.7,30.0,23.7,81.30000000000003,0
2017-09-06,1.4,28.8,22.9,78.80000000000003,0
2017-09-07,0.7,28.1,23.6,77.00000000000003,0
2017-09-08,2.4,26.6,23.4,79.30000000000003,0
2017-09-09,2.1,26.9,23.0,81.40000000000002,0
2017-09-10,0.9,29.3,23.1,80.70000000000003,0
2017-09-11,1.9,30.0,23.6,78.90000000000002,0
2017-09-12,38.8,31.4,23.1,116.30000000000003,0
2017-09-13,7.6,28.9,22.9,122.70000000000002,0
2017-09-14,0.0,29.0,23.6,118.10000000000001,0
2017-09-15,0.0,30.3,24.2,79.60000000000002,0
2017-09-16,0.0,29.9,24.0,60.200000000000024,0
2017-09-17,1.7,27.0,23.5,61.20000000000002,0
2017-09-18,0.0,29.3,23.3,59.20000000000002,0
2017-09-19,0.0,31.0,24.1,57.50000000000002,0
2017-09-20,0.7,29.4,23.3,56.800000000000026,0
2017-09-21,2.0,28.5,23.0,58.10000000000002,0
2017-09-22,1.3,30.0,23.3,57.00000000000002,0
2017-09-23,0.0,31.4,23.8,54.90000000000002,0
2017-09-24,0.1,30.4,23.8,54.10000000000002,0
2017-09-25,0.6,28.8,23.3,52.800000000000026,0
2017-09-26,0.7,28.8,23.6,14.700000000000028,0
2017-09-27,1.3,28.5,23.0,8.400000000000029,0
2017-09-28,1.2,29.3,23.0,9.600000000000028,0
2017-09-29,0.0,30.9,23.5,9.600000000000028,0
2017-09-30,1.0,30.1,23.8,10.600000000000028,0
2017-10-01,0.4,30.8,23.8,9.30000000000003,0
2017-10-02,0.5,30.1,24.1,9.80000000000003,0
2017-10-03,0.8,31.1,23.8,10.60000000000003,0
2017-10-04,0.5,30.6,23.6,10.400000000000029,0
2017-10-05,1.8,30.6,23.9,10.200000000000028,0
2017-10-06,1.9,30.7,23.3,10.80000000000003,0
2017-10-07,1.0,32.0,23.9,11.80000000000003,0
2017-10-08,0.7,30.2,23.8,12.400000000000027,0
2017-10-09,0.2,31.2,24.1,12.000000000000028,0
2017-10-10,3.3,29.9,24.0,14.600000000000028,0
2017-10-11,2.0,30.9,23.3,15.300000000000027,0
2017-10-12,5.8,29.4,23.8,19.900000000000027,0
2017-10-13,3.5,28.8,23.3,23.400000000000027,0
2017-10-14,5.8,27.1,22.6,28.200000000000028,0
2017-10-15,2.7,26.1,22.2,30.50000000000003,0
2017-10-16,1.1,30.5,23.0,31.10000000000003,0
2017-10-17,16.8,27.3,22.4,47.10000000000003,0
2017-10-18,3.6,29.0,23.0,50.20000000000003,0
2017-10-19,1.5,28.1,24.1,49.90000000000003,0
2017-10-20,1.1,28.8,24.2,49.10000000000003,0
2017-10-21,0.0,30.9,23.7,48.10000000000003,0
2017-10-22,0.7,29.7,24.0,48.10000000000003,0
2017-10-23,2.0,29.4,24.4,49.90000000000003,0
2017-10-24,8.9,31.9,24.0,55.50000000000003,0
2017-10-25,17.6,29.7,23.1,71.10000000000004,0
2017-10-26,17.5,29.6,22.8,82.80000000000004,0
2017-10-27,21.8,28.8,22.5,101.10000000000004,0
2017-10-28,9.2,29.6,22.3,104.50000000000003,0
2017-10-29,17.4,29.2,22.7,119.20000000000003,0
2017-10-30,13.2,29.4,22.5,131.3,0
2017-10-31,29.2,26.1,22.5,143.70000000000002,0
2017-11-01,10.6,26.8,22.2,150.70000000000005,0
2017-11-02,6.6,28.6,21.9,155.80000000000004,0
2017-11-03,25.4,26.3,22.3,180.10000000000002,0
2017-11-04,9.2,28.1,22.3,189.30000000000004,0
2017-11-05,5.3,28.4,22.8,193.9,0
2017-11-06,5.5,27.0,22.4,197.4,0
2017-11-07,9.1,28.2,22.2,197.60000000000002,0
2017-11-08,19.2,27.9,22.2,199.20000000000002,0
2017-11-09,7.3,28.2,21.8,189.00000000000003,0
2017-11-10,17.7,27.5,22.7,184.90000000000003,0
2017-11-11,7.3,26.2,22.3,183.00000000000003,0
2017-11-12,0.4,28.8,22.6,166.0,0
2017-11-13,0.9,27.7,22.4,153.70000000000002,0
2017-11-14,0.0,29.6,22.8,124.50000000000001,0
2017-11-15,0.0,29.4,22.3,113.90000000000002,0
2017-11-16,0.0,30.5,20.6,107.30000000000001,0
2017-11-17,0.0,31.2,19.9,81.90000000000002,0
2017-11-18,0.4,30.0,21.8,73.10000000000002,0
2017-11-19,5.4,27.8,22.4,73.20000000000003,0
2017-11-20,3.4,28.7,22.4,71.10000000000002,0
2017-11-21,1.1,28.9,22.6,63.10000000000003,0
2017-11-22,1.3,28.4,22.7,45.20000000000003,0
2017-11-23,7.6,26.8,22.9,45.50000000000003,0
2017-11-24,0.6,28.6,22.1,28.400000000000027,0
2017-11-25,44.5,25.2,21.9,65.60000000000002,0
2017-11-26,17.6,24.4,21.4,82.80000000000001,0
2017-11-27,10.2,25.2,21.8,92.10000000000002,0
2017-11-28,6.9,25.1,22.5,99.00000000000003,0
2017-11-29,32.9,24.5,22.4,131.90000000000003,0
2017-11-30,23.7,28.5,22.7,155.60000000000002,0
2017-12-01,4.0,26.5,22.6,159.60000000000002,0
2017-12-02,8.6,26.3,22.1,167.8,0
2017-12-03,9.0,27.2,21.6,171.4,0
2017-12-04,3.6,27.4,22.0,171.60000000000005,0
2017-12-05,1.0,26.3,21.3,171.50000000000003,0
2017-12-06,3.1,27.8,22.4,173.30000000000004,0
2017-12-07,0.1,28.4,21.3,165.80000000000004,0
2017-12-08,0.0,28.4,21.2,165.20000000000002,0
2017-12-09,0.3,29.6,20.6,121.00000000000001,0
2017-12-10,0.0,29.6,21.8,103.40000000000002,0
2017-12-11,6.6,27.7,22.9,99.80000000000001,0
2017-12-12,4.9,29.6,22.4,97.80000000000003,0
2017-12-13,4.4,28.0,22.5,69.30000000000003,0
2017-12-14,10.3,28.4,21.9,55.90000000000002,0
2017-12-15,1.0,27.6,22.5,52.90000000000002,0
2017-12-16,1.2,28.8,21.9,45.50000000000003,0
2017-12-17,2.7,27.2,22.2,39.200000000000024,0
2017-12-18,0.0,27.9,21.1,35.60000000000002,0
2017-12-19,2.0,26.1,20.4,36.60000000000002,0
2017-12-20,2.7,25.3,21.9,36.200000000000024,0
2017-12-21,1.2,26.6,21.3,37.30000000000002,0
2017-12-22,0.1,26.8,20.7,37.40000000000002,0
2017-12-23,0.0,28.1,20.5,37.10000000000002,0
2017-12-24,1.8,27.3,20.6,38.90000000000003,0
2017-12-25,3.1,27.1,21.5,35.40000000000002,0
2017-12-26,9.9,27.2,22.5,40.40000000000003,0
2017-12-27,1.8,27.2,21.8,37.800000000000026,0
2017-12-28,0.1,26.6,20.1,27.600000000000023,0
2017-12-29,0.0,26.7,19.4,26.600000000000023,0
2017-12-30,0.0,27.8,20.1,25.400000000000023,0
2017-12-31,0.0,27.9,20.0,22.700000000000024,0
2018-01-01,0.0,29.2,19.6,22.700000000000024,0
2018-01-02,0.0,29.4,20.9,20.700000000000024,0
2018-01-03,0.0,29.0,20.6,18.00000000000002,0
2018-01-04,0.0,28.0,20.8,16.800000000000022,0
2018-01-05,0.0,26.9,19.4,16.70000000000002,0
2018-01-06,0.0,26.6,17.9,16.70000000000002,0
2018-01-07,0.0,27.6,16.4,14.900000000000022,0
2018-01-08,0.2,26.7,17.3,12.000000000000021,0
2018-01-09,0.8,28.1,18.7,2.9000000000000217,0
2018-01-10,1.7,27.1,21.3,2.800000000000021,0
2018-01-11,3.7,27.8,22.2,6.400000000000022,0
2018-01-12,6.0,27.6,22.0,12.400000000000022,0
2018-01-13,7.5,26.3,21.7,19.90000000000002,0
2018-01-14,2.7,25.9,21.1,22.600000000000023,0
2018-01-15,0.2,27.8,20.4,22.800000000000022,0
2018-01-16,0.0,27.5,20.3,22.800000000000022,0
2018-01-17,0.0,27.6,19.2,22.800000000000022,0
2018-01-18,0.0,27.7,18.4,22.800000000000022,0
2018-01-19,0.0,26.6,18.8,22.800000000000022,0
2018-01-20,0.4,26.7,18.6,23.20000000000002,0
2018-01-21,0.1,27.2,18.6,23.300000000000022,0
2018-01-22,0.1,27.3,19.5,23.200000000000024,0
2018-01-23,0.0,28.8,20.9,22.400000000000023,0
2018-01-24,0.0,28.8,19.6,20.700000000000024,0
2018-01-25,0.0,29.5,19.2,17.00000000000002,0
2018-01-26,0.1,29.6,19.5,11.100000000000021,0
2018-01-27,0.0,28.7,20.6,3.6000000000000214,0
2018-01-28,0.0,27.3,21.5,0.9000000000000213,0
2018-01-29,1.7,27.3,21.2,2.4000000000000212,0
2018-01-30,5.0,25.2,22.4,7.400000000000022,0
2018-01-31,2.5,26.0,22.0,9.900000000000022,0
2018-02-01,0.0,28.2,20.8,9.900000000000022,0
2018-02-02,0.0,28.8,20.0,9.900000000000022,0
2018-02-03,0.0,30.8,19.3,9.500000000000021,0
2018-02-04,1.2,27.3,20.3,10.600000000000021,0
2018-02-05,1.6,28.3,20.9,12.100000000000023,0
2018-02-06,1.3,28.1,22.5,13.400000000000022,0
2018-02-07,2.7,29.1,22.4,16.100000000000023,0
2018-02-08,3.2,29.0,21.8,19.300000000000022,0
2018-02-09,0.3,30.3,22.3,19.50000000000002,0
2018-02-10,0.0,30.0,21.5,19.50000000000002,0
2018-02-11,0.0,30.5,20.9,19.50000000000002,0
2018-02-12,4.0,27.2,22.5,21.800000000000022,0
2018-02-13,0.0,29.8,20.9,16.800000000000022,0
2018-02-14,1.7,27.6,20.7,16.00000000000002,0
2018-02-15,3.8,27.7,22.5,19.800000000000022,0
2018-02-16,0.9,29.0,21.4,20.70000000000002,0
2018-02-17,0.0,29.5,19.9,20.70000000000002,0
2018-02-18,0.0,29.3,18.6,19.50000000000002,0
2018-02-19,0.0,29.3,18.6,17.90000000000002,0
2018-02-20,0.0,29.8,17.9,16.60000000000002,0
2018-02-21,0.0,30.6,18.8,13.90000000000002,0
2018-02-22,0.0,31.2,19.5,10.70000000000002,0
2018-02-23,0.6,31.0,21.2,11.000000000000021,0
2018-02-24,2.2,28.5,22.0,13.20000000000002,0
2018-02-25,3.2,26.9,22.7,16.40000000000002,0
2018-02-26,7.7,27.3,22.5,20.100000000000023,0
2018-02-27,5.1,26.4,21.9,25.20000000000002,0
2018-02-28,5.3,29.6,22.0,28.800000000000022,0
2018-03-01,1.3,30.2,22.5,26.300000000000022,0
2018-03-02,1.4,29.9,22.5,26.800000000000022,0
2018-03-03,7.9,29.0,22.5,34.700000000000024,0
2018-03-04,0.0,31.5,22.3,34.700000000000024,0
2018-03-05,0.0,31.7,22.4,34.700000000000024,0
2018-03-06,0.0,31.1,21.6,34.700000000000024,0
2018-03-07,0.0,31.1,20.6,34.700000000000024,0
2018-03-08,1.3,30.5,22.1,36.00000000000002,0
2018-03-09,1.3,27.9,22.1,36.700000000000024,0
2018-03-10,3.6,26.7,22.4,38.10000000000002,0
2018-03-11,1.8,27.2,22.2,36.700000000000024,0
2018-03-12,9.5,25.1,22.1,38.50000000000002,0
2018-03-13,3.0,30.1,22.6,36.40000000000002,0
2018-03-14,0.5,31.0,22.5,31.600000000000023,0
2018-03-15,1.0,31.2,23.3,31.30000000000002,0
2018-03-16,3.3,31.4,23.1,33.200000000000024,0
2018-03-17,4.9,30.4,23.3,30.200000000000024,0
2018-03-18,0.2,31.3,23.0,30.400000000000023,0
2018-03-19,0.0,31.5,22.9,30.40000000000002,0
2018-03-20,0.2,32.4,21.8,30.60000000000002,0
2018-03-21,0.1,34.2,23.2,30.700000000000024,0
2018-03-22,0.0,35.2,23.0,29.400000000000023,1
2018-03-23,0.0,35.3,23.7,28.100000000000023,1
2018-03-24,0.0,34.5,22.1,24.50000000000002,0
2018-03-25,0.2,32.3,22.2,22.90000000000002,0
2018-03-26,4.5,29.3,23.2,17.90000000000002,0
2018-03-27,3.2,33.8,22.3,18.100000000000023,0
2018-03-28,1.8,33.4,23.4,19.400000000000023,0
2018-03-29,1.5,32.6,23.1,19.900000000000023,0
2018-03-30,3.5,33.5,24.4,20.100000000000023,0
2018-03-31,0.9,34.4,24.3,16.100000000000023,0
2018-04-01,0.6,35.0,24.0,16.50000000000002,0
2018-04-02,7.6,32.5,23.6,24.100000000000023,0
2018-04-03,1.1,33.9,23.1,25.00000000000002,0
2018-04-04,0.0,32.9,22.9,24.90000000000002,0
2018-04-05,0.2,34.1,22.4,25.10000000000002,0
2018-04-06,18.7,31.2,23.3,43.80000000000002,0
2018-04-07,3.3,32.3,23.0,47.100000000000016,0
2018-04-08,14.0,30.8,22.4,60.90000000000002,0
2018-04-09,4.1,29.4,23.5,60.50000000000002,0
2018-04-10,2.6,30.4,23.1,59.90000000000002,0
2018-04-11,2.0,30.6,23.6,60.100000000000016,0
2018-04-12,3.9,29.9,23.4,62.500000000000014,0
2018-04-13,5.5,31.8,22.7,64.50000000000001,0
2018-04-14,3.2,31.4,22.6,66.80000000000001,0
2018-04-15,5.1,32.2,23.0,71.30000000000003,0
2018-04-16,1.1,30.8,23.4,64.80000000000003,0
2018-04-17,2.3,32.0,23.0,66.00000000000001,0
2018-04-18,4.9,31.0,23.4,70.90000000000002,0
2018-04-19,0.4,31.7,22.9,71.10000000000002,0
2018-04-20,0.5,32.8,24.0,52.90000000000002,0
2018-04-21,0.0,33.0,23.1,49.60000000000002,0
2018-04-22,1.6,33.4,23.3,37.200000000000024,0
2018-04-23,0.7,34.9,23.4,33.800000000000026,0
2018-04-24,4.7,32.4,23.4,35.90000000000002,0
2018-04-25,9.1,32.9,23.3,43.00000000000002,0
2018-04-26,7.1,32.5,23.9,46.200000000000024,0
2018-04-27,0.5,32.6,22.9,41.200000000000024,0
2018-04-28,6.7,32.0,23.5,44.70000000000002,0
2018-04-29,1.6,31.3,23.3,41.20000000000002,0
2018-04-30,0.8,32.4,23.8,40.90000000000003,0
2018-05-01,1.0,32.0,24.4,39.60000000000002,0
2018-05-02,2.4,32.4,24.6,37.10000000000002,0
2018-05-03,2.2,32.7,24.2,38.90000000000002,0
2018-05-04,3.5,32.5,23.7,41.90000000000002,0
2018-05-05,14.3,29.9,23.7,56.200000000000024,0
2018-05-06,2.1,31.2,23.6,56.700000000000024,0
2018-05-07,10.5,31.9,24.1,66.50000000000001,0
2018-05-08,14.1,31.3,23.6,75.90000000000002,0
2018-05-09,5.7,30.7,23.6,72.50000000000001,0
2018-05-10,6.9,31.3,23.7,72.30000000000003,0
2018-05-11,0.7,31.9,23.1,72.50000000000001,0
2018-05-12,6.6,30.5,23.8,72.40000000000002,0
2018-05-13,18.8,30.3,23.4,89.60000000000002,0
2018-05-14,15.7,29.9,23.6,104.50000000000003,0
2018-05-15,16.2,30.6,23.0,119.70000000000002,0
2018-05-16,12.5,29.3,23.7,129.8,0
2018-05-17,10.7,29.2,23.3,138.3,0
2018-05-18,10.8,27.3,23.4,145.60000000000002,0
2018-05-19,1.2,30.7,23.5,132.5,0
2018-05-20,0.5,28.3,23.3,130.9,0
2018-05-21,0.8,27.3,23.5,121.20000000000002,0
2018-05-22,2.2,29.7,23.9,109.30000000000001,0
2018-05-23,1.1,28.8,24.0,104.70000000000002,0
2018-05-24,1.3,29.1,23.4,99.10000000000002,0
2018-05-25,33.5,27.0,22.5,131.90000000000003,0
2018-05-26,2.1,28.6,23.7,127.40000000000002,0
2018-05-27,1.0,28.8,23.7,109.60000000000002,0
2018-05-28,1.6,28.6,23.3,95.50000000000003,0
2018-05-29,1.0,29.9,24.0,80.30000000000003,0
2018-05-30,0.1,30.4,24.9,67.90000000000002,0
2018-05-31,0.4,29.8,24.7,57.60000000000002,0
2018-06-01,0.2,29.5,24.4,47.00000000000002,0
2018-06-02,0.5,28.9,24.1,46.30000000000002,0
2018-06-03,0.5,28.7,23.8,46.30000000000002,0
2018-06-04,0.1,28.6,23.0,45.60000000000002,0
2018-06-05,0.3,29.5,23.9,43.70000000000002,0
2018-06-06,1.2,29.0,24.3,43.800000000000026,0
2018-06-07,4.1,27.4,23.9,46.60000000000002,0
2018-06-08,5.8,28.2,24.0,18.90000000000002,0
2018-06-09,5.7,29.0,24.1,22.50000000000002,0
2018-06-10,5.8,29.2,24.0,27.30000000000002,0
2018-06-11,0.4,29.7,23.8,26.100000000000023,0
2018-06-12,0.3,29.6,24.2,25.40000000000002,0
2018-06-13,1.2,29.4,24.2,26.50000000000002,0
2018-06-14,1.5,28.7,23.6,27.600000000000023,0
2018-06-15,2.7,28.5,23.6,30.100000000000023,0
2018-06-16,1.0,29.0,23.2,30.600000000000023,0
2018-06-17,1.7,28.3,23.9,31.800000000000022,0
2018-06-18,0.6,29.8,23.8,32.30000000000002,0
2018-06-19,0.8,29.6,23.5,32.800000000000026,0
2018-06-20,0.0,30.0,23.4,31.60000000000002,0
2018-06-21,3.6,27.8,23.6,31.100000000000023,0
2018-06-22,3.8,27.3,23.0,29.100000000000023,0
2018-06-23,2.8,28.2,23.3,26.20000000000002,0
2018-06-24,2.3,28.4,23.3,22.70000000000002,0
2018-06-25,3.7,28.8,23.4,26.00000000000002,0
2018-06-26,1.3,29.2,23.8,27.00000000000002,0
2018-06-27,1.8,28.7,23.5,27.60000000000002,0
2018-06-28,0.8,30.2,23.3,26.90000000000002,0
2018-06-29,3.5,29.5,23.2,27.70000000000002,0
2018-06-30,1.6,29.6,23.5,28.300000000000022,0
2018-07-01,1.9,30.3,23.8,28.50000000000002,0
2018-07-02,0.9,28.9,23.7,28.80000000000002,0
2018-07-03,0.0,30.8,23.8,28.00000000000002,0
2018-07-04,0.2,31.1,24.0,28.200000000000024,0
2018-07-05,0.0,31.5,24.0,24.600000000000023,0
2018-07-06,0.2,30.8,24.2,21.00000000000002,0
2018-07-07,0.1,31.3,24.2,18.30000000000002,0
2018-07-08,2.0,28.8,24.1,18.00000000000002,0
2018-07-09,4.5,28.2,23.5,18.800000000000022,0
2018-07-10,5.0,28.1,22.9,22.50000000000002,0
2018-07-11,3.0,27.6,22.8,23.70000000000002,0
2018-07-12,3.8,28.7,23.3,26.70000000000002,0
2018-07-13,3.6,29.1,23.6,26.800000000000022,0
2018-07-14,0.7,30.6,23.3,25.900000000000023,0
2018-07-15,2.6,28.2,23.7,26.60000000000002,0
2018-07-16,2.3,28.9,23.2,28.00000000000002,0
2018-07-17,0.9,30.7,23.6,28.90000000000002,0
2018-07-18,0.8,30.3,24.0,29.50000000000002,0
2018-07-19,1.4,28.1,24.0,30.900000000000023,0
2018-07-20,0.0,30.9,23.7,30.700000000000024,0
2018-07-21,0.6,30.7,23.7,31.20000000000002,0
2018-07-22,0.0,31.9,23.9,29.20000000000002,0
2018-07-23,0.0,32.1,24.1,24.70000000000002,0
2018-07-24,0.8,29.7,24.3,20.50000000000002,0
2018-07-25,0.5,30.2,24.0,18.00000000000002,0
2018-07-26,0.2,31.1,24.0,14.40000000000002,0
2018-07-27,0.7,31.6,23.9,11.500000000000021,0
2018-07-28,0.0,31.6,24.0,10.800000000000022,0
2018-07-29,0.2,30.7,23.4,8.40000000000002,0
2018-07-30,1.2,30.1,23.5,7.300000000000021,0
2018-07-31,1.1,29.8,23.4,7.500000000000021,0
2018-08-01,1.3,30.8,23.4,8.000000000000021,0
2018-08-02,1.2,30.8,24.1,7.800000000000021,0
2018-08-03,0.1,31.4,23.8,7.900000000000022,0
2018-08-04,0.0,30.5,23.8,7.300000000000021,0
2018-08-05,2.2,28.9,23.9,9.500000000000021,0
2018-08-06,1.0,30.7,23.0,10.500000000000021,0
2018-08-07,2.4,29.5,23.3,12.100000000000021,0
2018-08-08,4.0,28.4,23.0,15.600000000000021,0
2018-08-09,2.9,28.2,22.7,18.300000000000022,0
2018-08-10,3.3,27.8,23.6,20.90000000000002,0
2018-08-11,0.9,29.9,23.6,21.800000000000022,0
2018-08-12,1.0,28.5,23.8,22.600000000000023,0
2018-08-13,3.6,28.2,23.6,25.00000000000002,0
2018-08-14,6.1,27.2,23.4,30.00000000000002,0
2018-08-15,11.4,25.5,23.0,40.10000000000002,0
2018-08-16,4.0,28.6,22.9,42.90000000000002,0
2018-08-17,3.1,28.8,23.0,45.90000000000003,0
2018-08-18,3.6,28.4,23.0,49.50000000000002,0
2018-08-19,0.4,27.6,23.3,47.700000000000024,0
2018-08-20,0.4,29.4,23.5,47.10000000000002,0
2018-08-21,0.0,30.5,23.4,44.700000000000024,0
2018-08-22,0.0,30.8,23.2,40.700000000000024,0
2018-08-23,1.0,32.2,23.3,38.800000000000026,0
2018-08-24,0.3,31.8,23.9,35.80000000000002,0
2018-08-25,0.2,32.1,23.0,35.10000000000002,0
2018-08-26,0.0,30.8,23.8,34.10000000000002,0
2018-08-27,0.6,30.2,23.5,31.10000000000002,0
2018-08-28,0.1,32.6,23.6,25.100000000000023,0
2018-08-29,0.3,32.0,23.9,14.000000000000021,0
2018-08-30,0.7,31.7,23.9,10.70000000000002,0
2018-08-31,2.1,30.7,24.0,9.700000000000022,0
2018-09-01,0.0,31.5,23.3,6.100000000000021,0
2018-09-02,0.0,32.3,23.6,5.700000000000021,0
2018-09-03,0.0,32.3,23.9,5.300000000000022,0
2018-09-04,0.0,32.5,23.5,5.300000000000022,0
2018-09-05,0.0,32.2,23.2,5.300000000000022,0
2018-09-06,0.0,32.1,23.0,4.300000000000022,0
2018-09-07,0.0,32.0,23.0,4.000000000000021,0
2018-09-08,0.0,33.2,23.1,3.8000000000000216,0
2018-09-09,1.1,33.9,23.5,4.900000000000022,0
2018-09-10,4.6,33.0,23.7,8.900000000000022,0
2018-09-11,0.0,34.7,23.2,8.800000000000022,0
2018-09-12,0.0,35.3,23.0,8.500000000000021,1
2018-09-13,0.1,33.1,23.8,7.900000000000022,0
2018-09-14,0.6,33.2,23.9,6.400000000000022,0
2018-09-15,0.0,33.2,24.0,6.400000000000022,0
2018-09-16,0.0,33.0,23.5,6.400000000000022,0
2018-09-17,0.4,31.4,23.7,6.800000000000021,0
2018-09-18,0.9,32.0,24.1,7.7000000000000215,0
2018-09-19,3.4,30.0,23.9,11.100000000000021,0
2018-09-20,2.8,30.5,23.3,13.900000000000022,0
2018-09-21,2.6,29.9,23.2,16.50000000000002,0
2018-09-22,1.1,31.2,23.6,17.600000000000023,0
2018-09-23,6.4,32.6,23.4,22.90000000000002,0
2018-09-24,3.4,28.1,22.2,21.70000000000002,0
2018-09-25,5.3,32.0,22.8,27.00000000000002,0
2018-09-26,10.6,31.8,23.0,37.60000000000002,0
2018-09-27,19.5,31.5,23.0,57.00000000000002,0
2018-09-28,124.0,30.3,23.1,180.40000000000003,0
2018-09-29,66.5,29.5,22.6,246.90000000000003,0
2018-09-30,7.1,29.7,22.6,254.00000000000003,0
2018-10-01,18.3,30.1,23.0,271.90000000000003,0
2018-10-02,14.7,27.9,22.5,285.70000000000005,0
2018-10-03,24.1,29.8,23.0,306.4,0
2018-10-04,43.4,29.2,22.8,347.00000000000006,0
2018-10-05,15.4,29.8,22.7,359.8,0
2018-10-06,77.2,29.6,23.2,435.9,0
2018-10-07,22.9,29.5,22.7,452.40000000000003,0
2018-10-08,9.8,28.2,22.9,458.80000000000007,0
2018-10-09,7.1,26.7,22.9,460.6,0
2018-10-10,1.4,29.4,21.8,451.40000000000003,0
2018-10-11,0.3,29.8,23.5,432.2,0
2018-10-12,0.9,30.3,23.1,309.1,0
2018-10-13,2.1,29.1,22.8,244.70000000000002,0
2018-10-14,6.0,29.1,22.6,243.60000000000002,0
2018-10-15,1.3,29.6,23.0,226.60000000000002,0
2018-10-16,5.3,29.9,22.6,217.20000000000002,0
2018-10-17,9.0,27.0,21.9,202.10000000000002,0
2018-10-18,4.8,29.2,22.2,163.50000000000003,0
2018-10-19,7.8,28.8,22.6,155.9,0
2018-10-20,25.2,28.0,22.2,103.9,0
2018-10-21,26.3,28.1,21.7,107.30000000000001,0
2018-10-22,14.4,28.9,22.3,111.9,0
2018-10-23,37.5,28.6,22.2,142.3,0
2018-10-24,14.2,29.9,22.3,155.10000000000002,0
2018-10-25,5.6,27.7,22.2,160.40000000000003,0
2018-10-26,10.0,27.1,22.7,169.50000000000003,0
2018-10-27,10.8,27.5,22.5,178.20000000000002,0
2018-10-28,14.0,25.0,22.4,186.20000000000002,0
2018-10-29,20.8,26.8,22.3,205.70000000000002,0
2018-10-30,9.4,28.2,22.8,209.8,0
2018-10-31,13.3,25.5,22.7,214.1,0
2018-11-01,6.8,26.9,22.6,216.10000000000002,0
2018-11-02,5.7,28.6,22.7,214.0,0
2018-11-03,17.6,27.8,22.9,206.40000000000003,0
2018-11-04,1.1,29.1,22.7,181.20000000000002,0
2018-11-05,43.7,26.9,22.7,210.5,0
2018-11-06,120.0,25.3,22.2,293.0,0
2018-11-07,19.0,25.9,21.9,297.8,0
2018-11-08,38.7,27.1,21.9,330.9,0
2018-11-09,5.9,26.8,22.3,326.8,0
2018-11-10,0.7,28.9,21.7,316.70000000000005,0
2018-11-11,0.2,27.8,20.7,302.90000000000003,0
2018-11-12,1.6,27.8,22.1,283.70000000000005,0
2018-11-13,0.5,27.9,21.5,274.8,0
2018-11-14,0.5,28.5,21.8,262.00000000000006,0
2018-11-15,0.0,29.1,21.8,255.20000000000002,0
2018-11-16,1.6,28.8,22.9,251.10000000000002,0
2018-11-17,15.3,28.3,21.7,248.80000000000004,0
2018-11-18,7.3,29.1,22.4,255.00000000000003,0
2018-11-19,7.7,28.1,22.4,219.00000000000003,0
2018-11-20,9.1,27.5,22.1,108.10000000000002,0
2018-11-21,4.0,28.5,22.6,93.10000000000002,0
2018-11-22,7.4,29.1,22.1,61.80000000000001,0
2018-11-23,14.4,28.2,22.3,70.30000000000001,0
2018-11-24,19.3,28.7,22.1,88.9,0
2018-11-25,2.9,28.1,22.0,91.60000000000001,0
2018-11-26,2.7,27.3,21.9,92.70000000000002,0
2018-11-27,6.3,27.0,22.7,98.50000000000001,0
2018-11-28,12.9,27.9,22.2,110.90000000000002,0
2018-11-29,6.1,27.5,22.6,117.00000000000001,0
2018-11-30,7.3,26.7,22.3,122.7,0
2018-12-01,0.0,28.0,21.7,107.4,0
2018-12-02,0.0,28.0,20.9,100.10000000000001,0
2018-12-03,29.0,27.8,22.5,121.4,0
2018-12-04,1.5,28.8,23.0,113.80000000000001,0
2018-12-05,6.0,27.4,22.9,115.80000000000001,0
2018-12-06,11.1,25.4,22.3,119.50000000000001,0
2018-12-07,3.5,27.4,22.3,108.60000000000002,0
2018-12-08,4.2,27.5,22.4,93.5,0
2018-12-09,0.3,28.0,21.9,90.90000000000002,0
2018-12-10,0.1,27.6,21.6,88.30000000000001,0
2018-12-11,0.0,28.4,20.1,82.00000000000001,0
2018-12-12,0.0,28.2,19.2,69.10000000000001,0
2018-12-13,0.0,26.6,19.1,63.000000000000014,0
2018-12-14,1.4,27.1,21.1,57.10000000000001,0
2018-12-15,2.2,25.7,21.5,59.30000000000001,0
2018-12-16,0.2,27.5,20.0,59.50000000000001,0
2018-12-17,0.0,29.2,19.1,30.500000000000014,0
2018-12-18,0.0,29.5,19.7,29.000000000000014,0
2018-12-19,0.0,28.5,20.4,23.000000000000014,0
2018-12-20,3.3,26.8,21.2,15.200000000000014,0
2018-12-21,31.1,26.2,22.4,42.80000000000001,0
2018-12-22,2.1,28.6,21.8,40.70000000000001,0
2018-12-23,1.3,28.2,22.4,41.70000000000002,0
2018-12-24,4.7,27.1,22.5,46.30000000000001,0
2018-12-25,1.4,27.5,22.6,47.70000000000002,0
2018-12-26,6.0,28.5,22.3,53.70000000000002,0
2018-12-27,1.0,27.5,22.2,54.70000000000002,0
2018-12-28,0.2,27.8,21.5,53.500000000000014,0
2018-12-29,0.1,27.4,21.2,51.40000000000001,0
2018-12-30,0.2,27.0,20.9,51.40000000000002,0
2018-12-31,2.7,25.6,21.3,54.100000000000016,0
2019-01-01,0.5,26.5,20.2,54.600000000000016,0
2019-01-02,0.0,26.4,19.4,54.600000000000016,0
2019-01-03,0.0,26.5,19.6,51.30000000000001,0
2019-01-04,0.0,26.7,19.4,20.200000000000014,0
2019-01-05,2.3,25.8,19.8,20.400000000000013,0
2019-01-06,0.1,26.9,20.1,19.200000000000017,0
2019-01-07,0.0,27.7,18.7,14.500000000000012,0
2019-01-08,0.5,27.7,21.1,13.600000000000014,0
2019-01-09,0.2,27.2,20.9,7.800000000000014,0
2019-01-10,0.0,27.5,20.5,6.800000000000014,0
2019-01-11,0.2,27.1,20.6,6.800000000000014,0
2019-01-12,5.0,26.2,20.6,11.700000000000014,0
2019-01-13,4.8,25.5,22.3,16.30000000000001,0
2019-01-14,1.3,25.9,22.2,14.900000000000015,0
2019-01-15,1.9,27.6,21.4,16.300000000000015,0
2019-01-16,1.7,27.7,21.4,18.000000000000014,0
2019-01-17,0.1,26.9,19.7,18.100000000000012,0
2019-01-18,0.0,27.0,18.0,18.100000000000012,0
2019-01-19,0.0,28.0,17.8,15.800000000000013,0
2019-01-20,1.3,27.4,18.8,17.000000000000014,0
2019-01-21,0.3,28.0,20.2,17.300000000000015,0
2019-01-22,0.6,28.3,20.4,17.400000000000013,0
2019-01-23,0.0,28.5,21.0,17.200000000000014,0
2019-01-24,0.7,28.0,20.0,17.900000000000013,0
2019-01-25,1.1,28.4,21.8,18.800000000000015,0
2019-01-26,0.4,27.9,22.2,14.200000000000015,0
2019-01-27,0.0,29.0,21.6,9.400000000000015,0
2019-01-28,0.0,28.9,20.3,8.100000000000014,0
2019-01-29,0.2,27.8,20.4,6.400000000000014,0
2019-01-30,0.8,28.3,20.4,5.500000000000014,0
2019-01-31,2.3,27.3,21.3,7.700000000000014,0
2019-02-01,1.5,27.2,21.1,9.200000000000014,0
2019-02-02,1.3,26.7,22.2,10.500000000000014,0
2019-02-03,1.7,27.1,22.4,10.900000000000013,0
2019-02-04,8.1,26.6,22.6,18.700000000000017,0
2019-02-05,11.7,26.7,22.3,29.80000000000001,0
2019-02-06,2.3,27.0,22.2,32.100000000000016,0
2019-02-07,0.0,29.0,21.1,31.400000000000013,0
2019-02-08,5.7,29.5,22.8,36.000000000000014,0
2019-02-09,6.8,28.3,22.4,42.40000000000001,0
2019-02-10,4.6,27.7,22.2,47.000000000000014,0
2019-02-11,0.8,28.4,22.4,47.80000000000001,0
2019-02-12,5.1,27.5,22.4,52.70000000000001,0
2019-02-13,2.0,27.5,22.5,53.90000000000001,0
2019-02-14,2.8,27.7,22.6,54.40000000000001,0
2019-02-15,1.8,28.3,23.0,54.70000000000002,0
2019-02-16,6.9,29.1,22.7,60.30000000000001,0
2019-02-17,0.7,30.2,21.6,59.30000000000002,0
2019-02-18,1.1,30.5,23.0,52.30000000000001,0
2019-02-19,0.1,29.7,22.8,40.70000000000001,0
2019-02-20,0.1,29.4,22.2,38.500000000000014,0
2019-02-21,1.7,27.9,22.3,40.20000000000002,0
2019-02-22,0.1,28.9,21.3,34.60000000000001,0
2019-02-23,0.0,28.7,20.2,27.800000000000015,0
2019-02-24,0.0,29.6,19.8,23.200000000000017,0
2019-02-25,0.3,30.0,21.3,22.700000000000017,0
2019-02-26,1.2,29.6,23.2,18.800000000000015,0
2019-02-27,2.8,30.2,22.7,19.600000000000016,0
2019-02-28,1.3,29.9,23.4,18.100000000000016,0
2019-03-01,0.0,30.1,21.5,16.300000000000015,0
2019-03-02,0.0,31.1,22.1,9.400000000000016,0
2019-03-03,0.8,30.5,22.8,9.500000000000016,0
2019-03-04,0.8,31.3,22.3,9.200000000000015,0
2019-03-05,1.2,31.7,21.9,10.300000000000015,0
2019-03-06,0.9,31.9,23.6,11.100000000000016,0
2019-03-07,0.0,33.5,23.1,9.400000000000016,0
2019-03-08,0.2,33.4,23.6,9.500000000000014,0
2019-03-09,0.3,32.2,24.1,9.800000000000015,0
2019-03-10,0.0,32.3,22.0,9.800000000000015,0
2019-03-11,0.0,32.2,21.8,9.500000000000016,0
2019-03-12,0.0,31.4,21.2,8.300000000000015,0
2019-03-13,0.0,31.6,21.7,5.500000000000016,0
2019-03-14,0.0,31.9,22.4,4.200000000000016,0
2019-03-15,0.0,31.6,21.6,4.200000000000016,0
2019-03-16,0.4,31.8,21.9,4.6000000000000165,0
2019-03-17,0.9,31.4,23.0,4.700000000000016,0
2019-03-18,3.4,31.2,23.3,7.300000000000017,0
2019-03-19,0.0,32.0,22.8,6.100000000000016,0
2019-03-20,0.0,32.7,21.4,5.200000000000015,0
2019-03-21,7.0,31.5,22.8,12.200000000000015,0
2019-03-22,0.6,32.6,22.9,12.600000000000016,0
2019-03-23,1.9,31.9,23.2,14.200000000000015,0
2019-03-24,0.0,33.7,21.8,14.200000000000015,0
2019-03-25,0.0,33.2,22.2,14.200000000000015,0
2019-03-26,0.0,32.5,20.6,14.200000000000015,0
2019-03-27,0.0,33.5,21.5,14.200000000000015,0
2019-03-28,0.0,33.9,22.2,14.200000000000015,0
2019-03-29,0.0,34.9,21.3,14.200000000000015,0
2019-03-30,0.2,35.1,22.4,14.000000000000014,1
2019-03-31,0.0,35.3,23.1,13.100000000000016,1
2019-04-01,0.0,35.5,23.2,9.700000000000015,1
2019-04-02,0.0,34.3,22.3,9.700000000000015,0
2019-04-03,0.0,34.0,22.2,9.700000000000015,0
2019-04-04,0.0,34.4,22.0,2.700000000000016,0
2019-04-05,0.2,34.2,23.3,2.300000000000016,0
2019-04-06,0.3,34.2,24.3,0.7000000000000159,0
2019-04-07,1.7,35.0,23.4,2.400000000000016,0
2019-04-08,2.2,34.5,23.4,4.600000000000016,0
2019-04-09,1.5,33.3,24.4,6.100000000000016,0
2019-04-10,4.3,33.4,23.7,10.400000000000016,0
2019-04-11,0.3,33.4,24.1,10.700000000000017,0
2019-04-12,0.4,35.3,24.0,11.100000000000016,1
2019-04-13,0.8,35.4,23.5,11.700000000000017,1
2019-04-14,0.6,33.7,23.1,12.300000000000017,0
2019-04-15,3.6,34.3,23.3,15.900000000000016,0
2019-04-16,62.1,34.1,24.2,78.00000000000001,0
2019-04-17,17.2,31.6,24.0,95.20000000000002,0
2019-04-18,8.6,32.1,23.4,103.80000000000003,0
2019-04-19,12.2,32.0,24.0,115.80000000000001,0
2019-04-20,8.9,32.2,23.6,124.40000000000002,0
2019-04-21,0.7,30.2,23.9,123.40000000000002,0
2019-04-22,1.5,31.3,24.1,122.70000000000002,0
2019-04-23,2.1,32.0,23.7,123.30000000000001,0
2019-04-24,0.0,32.2,23.2,119.00000000000001,0
2019-04-25,2.7,32.3,23.9,121.40000000000002,0
2019-04-26,0.6,30.9,23.7,121.60000000000001,0
2019-04-27,0.7,30.5,25.1,121.50000000000001,0
2019-04-28,2.2,31.8,24.5,123.10000000000002,0
2019-04-29,0.7,30.3,24.0,120.20000000000002,0
2019-04-30,0.6,29.0,24.2,58.70000000000002,0
2019-05-01,0.0,30.8,25.0,41.500000000000014,0
2019-05-02,0.0,31.2,25.4,32.90000000000002,0
2019-05-03,0.1,30.2,25.3,20.80000000000002,0
2019-05-04,0.0,32.6,24.4,11.900000000000022,0
2019-05-05,0.1,31.7,25.2,11.300000000000022,0
2019-05-06,0.0,32.8,24.2,9.800000000000022,0
2019-05-07,0.0,33.3,24.6,7.7000000000000215,0
2019-05-08,0.0,32.9,24.9,7.7000000000000215,0
2019-05-09,0.0,34.0,24.9,5.000000000000021,0
2019-05-10,0.0,34.9,25.1,4.400000000000022,0
2019-05-11,0.2,33.8,25.0,3.9000000000000217,0
2019-05-12,0.6,32.6,24.7,2.300000000000021,0
2019-05-13,0.1,32.4,24.8,1.7000000000000213,0
2019-05-14,0.1,31.9,24.6,1.2000000000000215,0
2019-05-15,0.0,33.5,25.5,1.2000000000000215,0
2019-05-16,0.3,32.5,25.2,1.5000000000000213,0
2019-05-17,0.3,33.0,25.1,1.7000000000000213,0
2019-05-18,0.2,33.4,25.0,1.9000000000000212,0
2019-05-19,1.0,34.0,24.5,2.800000000000021,0
2019-05-20,0.5,34.1,24.2,3.300000000000021,0
2019-05-21,2.9,33.8,24.4,6.200000000000021,0
2019-05-22,0.1,34.0,24.2,6.300000000000021,0
2019-05-23,7.0,33.8,24.3,13.300000000000022,0
2019-05-24,1.0,32.4,24.0,14.300000000000022,0
2019-05-25,0.8,32.1,24.0,14.900000000000022,0
2019-05-26,0.4,32.3,24.8,14.70000000000002,0
2019-05-27,0.1,32.9,24.9,14.70000000000002,0
2019-05-28,0.2,33.9,25.1,14.800000000000022,0
2019-05-29,0.5,35.0,25.5,15.300000000000022,0
2019-05-30,0.0,34.4,25.2,15.000000000000021,0
2019-05-31,0.2,32.8,25.4,14.900000000000022,0
2019-06-01,0.0,34.5,25.0,14.70000000000002,0
2019-06-02,0.0,32.7,25.0,13.70000000000002,0
2019-06-03,1.8,31.6,25.3,15.000000000000021,0
2019-06-04,0.4,31.5,24.4,12.500000000000021,0
2019-06-05,1.0,33.6,24.3,13.400000000000023,0
2019-06-06,1.6,32.5,25.1,8.000000000000021,0
2019-06-07,1.0,31.6,24.2,8.000000000000021,0
2019-06-08,0.7,31.9,23.6,7.900000000000022,0
2019-06-09,1.0,32.6,24.2,8.500000000000021,0
2019-06-10,0.0,31.0,23.9,8.400000000000022,0
2019-06-11,0.3,31.7,24.6,8.500000000000021,0
2019-06-12,0.3,30.7,24.2,8.30000000000002,0
2019-06-13,1.2,31.0,25.5,9.500000000000021,0
2019-06-14,1.7,32.7,24.9,11.000000000000021,0
2019-06-15,0.5,33.5,25.1,11.500000000000021,0
2019-06-16,1.4,32.4,24.7,12.900000000000022,0
2019-06-17,0.6,32.5,25.3,11.70000000000002,0
2019-06-18,0.9,31.8,25.1,12.200000000000022,0
2019-06-19,1.6,31.0,24.7,12.80000000000002,0
2019-06-20,1.2,30.3,24.4,12.40000000000002,0
2019-06-21,1.1,30.7,24.4,12.500000000000021,0
2019-06-22,0.9,31.5,24.4,12.700000000000022,0
2019-06-23,0.2,30.9,24.6,11.900000000000022,0
2019-06-24,2.4,31.0,24.9,14.300000000000022,0
2019-06-25,1.6,30.3,24.6,15.600000000000021,0
2019-06-26,0.2,31.8,24.1,15.500000000000021,0
2019-06-27,0.0,32.9,24.4,14.30000000000002,0
2019-06-28,0.0,32.9,24.5,12.600000000000021,0
2019-06-29,0.0,33.1,24.7,12.100000000000021,0
2019-06-30,0.0,33.0,25.0,10.70000000000002,0
2019-07-01,0.0,33.2,25.1,10.100000000000021,0
2019-07-02,1.4,31.2,24.4,10.600000000000021,0
2019-07-03,0.4,32.5,24.3,9.400000000000022,0
2019-07-04,0.8,32.2,24.4,9.000000000000021,0
2019-07-05,0.4,32.0,24.4,8.30000000000002,0
2019-07-06,0.0,33.2,24.6,7.400000000000022,0
2019-07-07,0.0,33.7,24.8,7.2000000000000215,0
2019-07-08,0.2,34.2,24.9,5.000000000000022,0
2019-07-09,1.6,31.8,24.7,5.000000000000021,0
2019-07-10,1.8,33.0,24.2,6.600000000000021,0
2019-07-11,0.2,33.3,24.9,6.800000000000021,0
2019-07-12,1.1,34.2,24.7,7.900000000000022,0
2019-07-13,1.1,33.0,23.4,9.000000000000021,0
2019-07-14,0.6,31.9,23.7,9.600000000000021,0
2019-07-15,0.5,31.8,23.9,10.100000000000021,0
2019-07-16,0.6,31.4,24.1,9.30000000000002,0
2019-07-17,0.5,32.5,23.8,9.400000000000022,0
2019-07-18,3.7,29.8,23.8,12.300000000000022,0
2019-07-19,1.1,32.0,23.6,13.000000000000021,0
2019-07-20,0.4,31.4,24.5,13.400000000000022,0
2019-07-21,1.8,29.9,23.8,15.200000000000022,0
2019-07-22,1.5,29.2,23.5,16.50000000000002,0
2019-07-23,0.2,32.7,24.0,15.100000000000021,0
2019-07-24,0.0,31.8,24.6,13.300000000000022,0
2019-07-25,0.5,31.6,24.1,13.600000000000021,0
2019-07-26,0.8,30.6,24.0,13.300000000000022,0
2019-07-27,0.0,32.3,23.8,12.200000000000022,0
2019-07-28,0.0,32.5,24.1,11.600000000000023,0
2019-07-29,0.2,32.3,24.3,11.300000000000022,0
2019-07-30,0.0,33.2,24.2,10.700000000000022,0
2019-07-31,0.2,33.5,24.7,10.400000000000023,0
2019-08-01,0.0,32.3,24.6,6.7000000000000215,0
2019-08-02,0.1,31.3,24.3,5.7000000000000215,0
2019-08-03,0.0,33.8,24.4,5.300000000000022,0
2019-08-04,0.3,31.7,24.1,3.800000000000021,0
2019-08-05,1.4,30.1,24.2,3.7000000000000215,0
2019-08-06,3.4,30.2,24.2,6.900000000000021,0
2019-08-07,1.6,31.1,24.4,8.500000000000021,0
2019-08-08,6.9,27.4,22.8,14.900000000000022,0
2019-08-09,0.9,28.3,23.3,15.000000000000023,0
2019-08-10,7.8,29.3,23.3,22.800000000000022,0
2019-08-11,2.6,30.4,23.9,25.40000000000002,0
2019-08-12,2.6,29.5,22.9,27.800000000000022,0
2019-08-13,4.8,29.6,23.9,32.60000000000002,0
2019-08-14,2.2,29.1,23.5,34.60000000000002,0
2019-08-15,0.8,30.2,24.6,35.40000000000002,0
2019-08-16,2.6,29.6,24.2,37.90000000000003,0
2019-08-17,4.0,28.2,23.3,41.90000000000003,0
2019-08-18,0.8,31.4,23.7,42.40000000000002,0
2019-08-19,0.1,31.3,23.7,41.10000000000002,0
2019-08-20,1.3,30.1,23.8,39.00000000000002,0
2019-08-21,2.6,29.7,23.3,40.00000000000002,0
2019-08-22,5.4,28.0,23.1,38.50000000000003,0
2019-08-23,10.7,25.6,22.7,48.300000000000026,0
2019-08-24,0.0,30.4,22.5,40.50000000000002,0
2019-08-25,0.7,27.6,23.0,38.60000000000002,0
2019-08-26,0.8,28.0,23.0,36.800000000000026,0
2019-08-27,0.5,29.7,23.1,32.50000000000002,0
2019-08-28,1.2,30.0,23.7,31.50000000000002,0
2019-08-29,3.7,29.5,23.5,34.40000000000002,0
2019-08-30,1.4,28.0,22.8,33.20000000000002,0
2019-08-31,2.8,28.8,23.1,32.00000000000002,0
2019-09-01,2.3,29.6,23.4,33.50000000000002,0
2019-09-02,0.9,29.6,23.2,34.30000000000002,0
2019-09-03,1.0,30.7,23.5,34.00000000000002,0
2019-09-04,1.3,30.7,23.9,32.700000000000024,0
2019-09-05,0.7,30.3,23.5,28.00000000000002,0
2019-09-06,1.3,30.7,23.8,18.600000000000023,0
2019-09-07,0.8,31.5,24.0,19.40000000000002,0
2019-09-08,0.0,33.2,24.2,18.70000000000002,0
2019-09-09,0.0,33.2,24.6,17.90000000000002,0
2019-09-10,0.1,31.6,24.8,17.50000000000002,0
2019-09-11,1.4,30.1,24.3,17.70000000000002,0
2019-09-12,2.5,28.4,23.7,16.50000000000002,0
2019-09-13,2.6,30.7,23.9,17.70000000000002,0
2019-09-14,1.1,30.4,23.5,16.00000000000002,0
2019-09-15,4.6,29.2,23.2,18.30000000000002,0
2019-09-16,1.5,27.5,22.7,18.90000000000002,0
2019-09-17,1.4,30.1,23.6,19.300000000000022,0
2019-09-18,0.9,30.8,23.6,18.90000000000002,0
2019-09-19,3.3,30.6,23.9,21.50000000000002,0
2019-09-20,1.4,30.8,23.5,21.60000000000002,0
2019-09-21,0.0,32.2,23.2,20.80000000000002,0
2019-09-22,4.0,31.9,23.5,24.80000000000002,0
2019-09-23,6.8,30.6,23.2,31.60000000000002,0
2019-09-24,1.0,28.3,22.6,32.50000000000002,0
2019-09-25,3.6,28.8,23.2,34.70000000000002,0
2019-09-26,7.7,32.0,22.0,39.90000000000002,0
2019-09-27,5.0,31.8,22.9,42.30000000000002,0
2019-09-28,3.4,30.2,22.5,44.600000000000016,0
2019-09-29,12.3,29.9,22.5,52.300000000000026,0
2019-09-30,31.6,30.2,22.4,82.40000000000003,0
2019-10-01,9.2,30.1,21.1,90.20000000000002,0
2019-10-02,0.2,31.0,22.2,89.50000000000003,0
2019-10-03,11.7,30.9,22.4,97.90000000000002,0
2019-10-04,6.6,30.3,21.2,103.10000000000002,0
2019-10-05,27.5,30.0,22.4,130.60000000000002,0
2019-10-06,17.9,28.2,22.0,144.50000000000003,0
2019-10-07,17.2,29.3,22.1,154.9,0
2019-10-08,3.6,29.6,22.4,157.5,0
2019-10-09,14.5,30.1,22.3,168.4,0
2019-10-10,9.0,29.8,22.8,169.70000000000002,0
2019-10-11,17.9,28.7,22.5,182.60000000000002,0
2019-10-12,18.7,29.3,22.3,197.9,0
2019-10-13,10.0,29.6,21.4,195.6,0
2019-10-14,5.2,29.7,22.2,169.20000000000002,0
2019-10-15,13.3,29.3,22.9,173.3,0
2019-10-16,15.6,26.5,22.6,188.70000000000002,0
2019-10-17,10.6,29.0,22.7,187.60000000000002,0
2019-10-18,9.7,30.3,22.2,190.70000000000002,0
2019-10-19,8.0,28.3,22.2,171.20000000000002,0
2019-10-20,16.3,28.7,21.9,169.60000000000002,0
2019-10-21,13.8,26.2,22.8,166.20000000000002,0
2019-10-22,2.7,27.8,22.6,165.3,0
2019-10-23,3.3,28.6,22.6,154.1,0
2019-10-24,9.6,25.4,22.5,154.70000000000002,0
2019-10-25,0.0,28.0,22.4,136.80000000000004,0
2019-10-26,3.8,26.0,22.8,121.90000000000002,0
2019-10-27,10.0,26.2,22.4,121.90000000000002,0
2019-10-28,20.7,25.1,22.1,137.40000000000003,0
2019-10-29,13.2,26.3,22.4,137.3,0
2019-10-30,5.3,26.7,22.1,127.00000000000001,0
2019-10-31,2.5,27.7,22.4,118.90000000000002,0
2019-11-01,7.5,30.2,21.2,116.70000000000002,0
2019-11-02,1.7,27.6,22.4,110.40000000000002,0
2019-11-03,1.7,28.4,22.1,95.80000000000003,0
2019-11-04,3.0,28.4,21.2,85.00000000000003,0
2019-11-05,1.4,30.1,22.3,83.70000000000002,0
2019-11-06,0.0,29.4,23.0,80.40000000000002,0
2019-11-07,1.5,29.4,22.7,72.30000000000001,0
2019-11-08,2.8,29.2,23.0,75.10000000000001,0
2019-11-09,2.8,29.1,22.7,74.10000000000002,0
2019-11-10,0.4,29.8,22.4,64.50000000000001,0
2019-11-11,0.8,30.3,22.4,44.60000000000002,0
2019-11-12,2.3,28.7,22.1,33.70000000000002,0
2019-11-13,1.7,28.1,22.2,30.10000000000002,0
2019-11-14,0.0,30.4,22.4,27.60000000000002,0
2019-11-15,8.9,29.2,23.0,29.00000000000002,0
2019-11-16,9.8,29.5,22.0,37.10000000000002,0
2019-11-17,1.6,29.7,22.1,37.00000000000002,0
2019-11-18,5.2,29.0,22.6,39.20000000000002,0
2019-11-19,5.7,28.5,23.0,43.50000000000002,0
2019-11-20,1.5,28.6,22.4,45.00000000000002,0
2019-11-21,2.7,29.4,22.8,46.20000000000002,0
2019-11-22,5.3,26.3,22.7,48.700000000000024,0
2019-11-23,9.3,27.2,22.6,55.20000000000002,0
2019-11-24,2.2,26.6,22.7,57.00000000000002,0
2019-11-25,11.0,27.1,22.4,67.20000000000002,0
2019-11-26,2.9,28.1,22.6,67.80000000000003,0
2019-11-27,6.3,29.1,22.3,72.40000000000002,0
2019-11-28,4.2,26.9,22.9,76.60000000000002,0
2019-11-29,6.6,27.7,22.8,74.30000000000001,0
2019-11-30,78.2,27.6,22.7,142.70000000000002,0
2019-12-01,9.2,28.4,22.8,150.3,0
2019-12-02,5.3,26.2,22.6,150.4,0
2019-12-03,3.3,26.6,23.0,148.00000000000003,0
2019-12-04,14.4,26.7,22.5,160.9,0
2019-12-05,4.7,26.6,22.4,162.90000000000003,0
2019-12-06,5.3,27.2,22.6,162.9,0
2019-12-07,4.3,26.8,22.4,157.9,0
2019-12-08,0.8,27.3,22.2,156.50000000000003,0
2019-12-09,25.5,23.6,22.3,171.00000000000003,0
2019-12-10,6.4,26.3,22.2,174.5,0
2019-12-11,7.8,26.6,22.0,176.00000000000003,0
2019-12-12,2.2,27.1,20.9,174.0,0
2019-12-13,1.3,27.7,22.3,168.70000000000002,0
2019-12-14,3.8,27.4,22.4,94.30000000000001,0
2019-12-15,0.1,28.3,22.0,85.20000000000002,0
2019-12-16,0.9,28.5,22.4,80.80000000000001,0
2019-12-17,8.8,26.4,22.7,86.30000000000001,0
2019-12-18,9.1,26.6,22.5,81.00000000000001,0
2019-12-19,15.0,25.7,22.6,91.30000000000001,0
2019-12-20,8.8,27.1,22.4,94.80000000000001,0
2019-12-21,2.7,26.6,22.4,93.20000000000002,0
2019-12-22,10.7,26.5,23.0,103.10000000000002,0
2019-12-23,30.3,26.4,22.1,107.90000000000002,0
2019-12-24,1.1,28.7,22.6,102.60000000000001,0
2019-12-25,3.1,28.2,22.9,97.90000000000002,0
2019-12-26,1.3,28.1,21.9,97.00000000000001,0
2019-12-27,0.0,28.5,20.5,95.70000000000002,0
2019-12-28,0.4,27.6,21.2,92.30000000000003,0
2019-12-29,0.0,27.6,20.6,92.20000000000002,0
2019-12-30,0.0,28.2,21.0,91.30000000000003,0
2019-12-31,2.2,27.7,21.1,84.70000000000002,0
2020-01-01,0.5,28.8,22.5,76.10000000000001,0
2020-01-02,3.8,27.8,23.2,64.90000000000002,0
2020-01-03,0.3,28.8,23.0,56.40000000000002,0
2020-01-04,0.5,28.7,23.0,54.20000000000002,0
2020-01-05,0.0,29.3,22.6,43.500000000000014,0
2020-01-06,1.4,27.9,22.6,14.600000000000014,0
2020-01-07,5.7,26.7,22.9,19.200000000000017,0
2020-01-08,1.3,27.9,21.1,17.400000000000013,0
2020-01-09,0.0,28.7,20.3,16.100000000000012,0
2020-01-10,0.0,27.7,20.0,16.100000000000012,0
2020-01-11,2.3,26.7,20.4,18.000000000000014,0
2020-01-12,1.8,27.5,20.9,19.800000000000015,0
2020-01-13,0.1,27.6,19.5,19.900000000000013,0
2020-01-14,0.0,27.3,18.4,17.700000000000014,0
2020-01-15,0.0,27.4,18.4,17.200000000000014,0
2020-01-16,0.9,27.6,18.7,14.300000000000015,0
2020-01-17,1.3,28.1,22.2,15.300000000000013,0
2020-01-18,0.3,28.9,22.6,15.100000000000014,0
2020-01-19,2.2,28.3,22.5,17.300000000000015,0
2020-01-20,0.6,29.4,22.6,16.500000000000014,0
2020-01-21,3.0,28.8,22.8,13.800000000000015,0
2020-01-22,7.0,26.6,22.9,19.500000000000014,0
2020-01-23,4.8,27.4,22.8,24.30000000000001,0
2020-01-24,0.6,28.8,22.8,24.900000000000013,0
2020-01-25,0.3,28.4,21.3,22.900000000000016,0
2020-01-26,0.0,28.7,20.4,21.100000000000016,0
2020-01-27,0.0,28.7,19.3,21.000000000000014,0
2020-01-28,0.0,28.9,19.3,21.000000000000014,0
2020-01-29,0.0,29.3,20.1,21.000000000000014,0
2020-01-30,0.0,29.2,20.3,20.100000000000016,0
2020-01-31,0.0,29.5,19.8,18.800000000000015,0
2020-02-01,0.0,28.9,20.9,18.500000000000014,0
2020-02-02,0.2,28.7,21.1,16.500000000000014,0
2020-02-03,0.4,28.2,21.0,16.300000000000015,0
2020-02-04,0.0,28.5,21.3,13.300000000000015,0
2020-02-05,0.3,28.3,21.7,6.600000000000014,0
2020-02-06,0.0,30.0,21.2,1.8000000000000143,0
2020-02-07,0.0,29.2,21.2,1.2000000000000144,0
2020-02-08,0.0,30.0,20.6,0.9000000000000143,0
2020-02-09,0.0,29.9,20.7,0.9000000000000143,0
2020-02-10,0.0,29.5,19.8,0.9000000000000143,0
2020-02-11,0.9,29.7,21.7,1.8000000000000143,0
2020-02-12,7.7,28.5,23.0,9.500000000000014,0
2020-02-13,1.4,28.5,22.5,10.900000000000015,0
2020-02-14,3.9,27.8,22.1,14.800000000000015,0
2020-02-15,0.0,31.0,21.5,14.800000000000015,0
2020-02-16,0.0,31.2,21.2,14.600000000000016,0
2020-02-17,0.0,30.2,21.2,14.200000000000014,0
2020-02-18,0.0,29.1,19.4,14.200000000000014,0
2020-02-19,0.0,30.4,19.1,13.900000000000013,0
2020-02-20,0.1,29.6,21.2,14.000000000000014,0
2020-02-21,6.4,28.2,23.4,20.400000000000013,0
2020-02-22,9.3,28.5,23.1,29.700000000000014,0
2020-02-23,3.1,27.3,22.7,32.80000000000001,0
2020-02-24,0.8,29.4,22.5,33.600000000000016,0
2020-02-25,0.5,29.8,23.0,33.20000000000002,0
2020-02-26,0.0,30.6,22.7,25.50000000000001,0
2020-02-27,0.2,30.1,22.3,24.300000000000015,0
2020-02-28,0.0,30.4,22.2,20.400000000000016,0
2020-02-29,0.0,30.8,21.0,20.400000000000016,0
2020-03-01,0.0,31.0,21.8,20.400000000000016,0
2020-03-02,0.0,31.6,21.1,20.400000000000016,0
2020-03-03,0.0,32.3,21.1,20.400000000000016,0
2020-03-04,0.0,32.2,20.7,20.400000000000016,0
2020-03-05,0.0,32.4,21.3,20.300000000000015,0
2020-03-06,3.3,30.6,22.3,17.200000000000014,0
2020-03-07,4.5,29.7,23.5,12.400000000000015,0
2020-03-08,0.0,32.3,22.8,9.300000000000015,0
2020-03-09,0.0,32.0,22.8,8.500000000000014,0
2020-03-10,0.0,32.1,22.0,8.000000000000014,0
2020-03-11,0.0,32.5,22.6,8.000000000000014,0
2020-03-12,0.0,32.5,23.0,7.800000000000014,0
2020-03-13,0.0,32.7,22.1,7.800000000000014,0
2020-03-14,0.0,33.0,22.2,7.800000000000014,0
2020-03-15,0.0,31.8,22.1,7.800000000000014,0
2020-03-16,0.8,30.8,22.7,8.600000000000014,0
2020-03-17,0.6,32.6,23.4,9.200000000000014,0
2020-03-18,0.4,31.4,23.7,9.600000000000014,0
2020-03-19,0.1,31.6,24.1,9.700000000000014,0
2020-03-20,0.0,33.8,23.5,6.4000000000000155,0
2020-03-21,0.0,33.4,22.2,1.9000000000000152,0
2020-03-22,0.3,33.3,21.8,2.2000000000000153,0
2020-03-23,0.0,34.0,22.1,2.2000000000000153,0
2020-03-24,0.0,33.5,22.1,2.2000000000000153,0
2020-03-25,0.2,32.2,22.7,2.400000000000015,0
2020-03-26,0.0,32.3,21.9,2.400000000000015,0
2020-03-27,0.0,33.4,21.8,2.400000000000015,0
2020-03-28,0.0,32.7,22.5,2.400000000000015,0
2020-03-29,2.4,33.7,23.7,4.800000000000015,0
2020-03-30,1.1,33.5,24.7,5.100000000000016,0
2020-03-31,0.0,33.2,21.5,4.500000000000014,0
2020-04-01,0.0,33.2,22.4,4.100000000000016,0
2020-04-02,0.0,33.7,21.1,4.000000000000014,0
2020-04-03,0.0,32.8,22.3,4.000000000000014,0
2020-04-04,18.2,32.7,22.8,22.200000000000014,0
2020-04-05,1.9,32.8,23.4,23.80000000000001,0
2020-04-06,1.3,32.1,23.2,25.100000000000012,0
2020-04-07,2.9,33.0,23.2,28.000000000000014,0
2020-04-08,7.8,32.2,24.2,35.600000000000016,0
2020-04-09,3.1,33.3,23.4,38.70000000000001,0
2020-04-10,0.3,31.9,23.2,39.000000000000014,0
2020-04-11,0.1,31.7,23.5,39.100000000000016,0
2020-04-12,0.5,32.0,24.0,37.20000000000002,0
2020-04-13,0.1,32.8,23.6,36.20000000000001,0
2020-04-14,5.4,32.3,23.5,41.600000000000016,0
2020-04-15,5.1,31.4,22.5,46.70000000000002,0
2020-04-16,7.6,32.3,23.1,54.30000000000001,0
2020-04-17,3.4,32.6,23.1,57.70000000000001,0
2020-04-18,1.4,32.7,23.9,40.90000000000002,0
2020-04-19,11.4,31.4,24.2,50.40000000000001,0
2020-04-20,1.6,31.1,24.3,50.70000000000002,0
2020-04-21,18.5,32.9,23.8,66.30000000000001,0
2020-04-22,2.4,32.6,23.2,60.90000000000001,0
2020-04-23,10.7,32.5,23.7,68.50000000000001,0
2020-04-24,0.5,31.8,23.1,68.70000000000002,0
2020-04-25,4.6,32.7,24.2,73.20000000000002,0
2020-04-26,0.2,33.6,24.1,72.90000000000002,0
2020-04-27,1.0,32.9,24.4,73.80000000000003,0
2020-04-28,0.2,33.6,24.3,68.60000000000001,0
2020-04-29,1.6,32.3,24.4,65.10000000000002,0
2020-04-30,4.1,33.1,24.1,61.600000000000016,0
2020-05-01,0.9,32.7,24.3,59.100000000000016,0
2020-05-02,1.0,33.7,24.3,58.70000000000001,0
2020-05-03,1.9,35.4,24.3,49.20000000000002,1
2020-05-04,7.1,33.2,24.4,54.70000000000001,0
2020-05-05,0.8,34.6,23.9,37.000000000000014,0
2020-05-06,12.5,32.3,24.7,47.100000000000016,0
2020-05-07,7.4,32.5,24.8,43.80000000000001,0
2020-05-08,2.6,31.6,24.0,45.90000000000001,0
2020-05-09,9.2,32.5,24.0,50.50000000000001,0
2020-05-10,16.1,31.2,24.2,66.4,0
2020-05-11,19.9,29.2,23.8,85.30000000000001,0
2020-05-12,13.3,28.7,23.8,98.4,0
2020-05-13,12.3,30.1,23.9,109.10000000000002,0
2020-05-14,4.5,31.4,23.0,109.5,0
2020-05-15,4.0,30.0,24.3,112.60000000000002,0
2020-05-16,5.0,29.8,23.4,116.60000000000002,0
2020-05-17,0.0,29.6,25.8,114.70000000000002,0
2020-05-18,2.3,27.9,24.8,109.90000000000002,0
2020-05-19,0.4,29.2,24.3,109.50000000000001,0
2020-05-20,0.0,30.4,25.4,97.00000000000001,0
2020-05-21,0.2,29.1,24.7,89.80000000000001,0
2020-05-22,0.2,29.1,24.0,87.40000000000002,0
2020-05-23,0.5,30.3,24.9,78.70000000000002,0
2020-05-24,0.4,30.0,25.0,63.000000000000014,0
2020-05-25,0.2,30.7,25.4,43.30000000000002,0
2020-05-26,0.1,31.0,25.3,30.100000000000016,0
2020-05-27,0.1,30.2,25.0,17.900000000000013,0
2020-05-28,0.8,30.0,24.7,14.200000000000014,0
2020-05-29,0.6,31.5,24.4,10.800000000000015,0
2020-05-30,0.0,31.3,24.5,5.800000000000014,0
2020-05-31,0.0,31.9,24.7,5.800000000000014,0
2020-06-01,0.8,31.2,24.4,4.300000000000014,0
2020-06-02,0.1,31.4,24.1,4.000000000000014,0
2020-06-03,0.0,32.0,24.1,4.000000000000014,0
2020-06-04,0.0,32.3,23.7,3.8000000000000145,0
2020-06-05,0.7,31.7,24.7,4.300000000000015,0
2020-06-06,2.7,28.8,24.1,6.500000000000014,0
2020-06-07,3.1,29.2,23.7,9.200000000000014,0
2020-06-08,0.1,30.9,23.8,9.100000000000016,0
2020-06-09,0.8,30.0,24.6,9.800000000000013,0
2020-06-10,0.9,30.0,25.0,10.600000000000014,0
2020-06-11,4.4,29.3,24.2,14.200000000000015,0
2020-06-12,1.1,29.6,24.2,14.700000000000014,0
2020-06-13,0.5,31.4,24.6,15.200000000000014,0
2020-06-14,0.7,31.1,24.3,15.900000000000015,0
2020-06-15,0.0,31.5,25.5,15.100000000000016,0
2020-06-16,0.6,31.1,24.8,15.600000000000016,0
2020-06-17,1.5,30.4,24.9,17.100000000000016,0
2020-06-18,1.4,31.1,25.0,18.500000000000014,0
2020-06-19,0.4,32.1,25.1,18.200000000000017,0
2020-06-20,0.0,32.6,24.9,15.500000000000014,0
2020-06-21,1.8,30.0,24.6,14.200000000000014,0
2020-06-22,6.1,29.6,24.4,20.200000000000014,0
2020-06-23,2.1,30.7,25.1,21.500000000000014,0
2020-06-24,0.1,32.1,25.0,20.700000000000014,0
2020-06-25,9.9,30.8,23.9,26.20000000000001,0
2020-06-26,3.8,28.9,23.4,28.900000000000013,0
2020-06-27,1.1,30.1,23.4,29.500000000000014,0
2020-06-28,0.4,30.8,24.6,29.200000000000014,0
2020-06-29,2.8,29.9,24.6,32.000000000000014,0
2020-06-30,0.7,29.8,24.6,32.100000000000016,0
2020-07-01,0.3,30.7,24.6,30.900000000000013,0
2020-07-02,0.1,30.2,24.6,29.600000000000016,0
2020-07-03,0.1,30.1,23.5,29.30000000000001,0
2020-07-04,1.1,30.3,24.5,30.400000000000013,0
2020-07-05,0.1,31.2,24.2,28.700000000000014,0
2020-07-06,0.7,31.1,24.4,23.300000000000015,0
2020-07-07,0.5,30.9,23.6,21.700000000000014,0
2020-07-08,4.8,32.0,24.8,26.400000000000013,0
2020-07-09,20.1,31.7,24.0,36.600000000000016,0
2020-07-10,7.4,29.4,23.3,40.20000000000001,0
2020-07-11,0.7,28.7,24.2,39.80000000000002,0
2020-07-12,0.3,30.6,24.2,39.70000000000001,0
2020-07-13,0.3,30.0,24.7,37.20000000000002,0
2020-07-14,0.2,31.7,24.7,36.70000000000001,0
2020-07-15,1.1,30.3,24.8,37.500000000000014,0
2020-07-16,1.4,29.3,24.1,38.80000000000001,0
2020-07-17,1.6,30.1,24.7,40.30000000000001,0
2020-07-18,9.6,32.8,24.5,48.80000000000002,0
2020-07-19,1.2,32.6,23.5,49.90000000000001,0
2020-07-20,6.6,29.6,23.5,55.80000000000001,0
2020-07-21,0.0,30.1,23.6,55.30000000000001,0
2020-07-22,0.9,30.6,23.2,51.40000000000001,0
2020-07-23,2.8,30.0,23.2,34.100000000000016,0
2020-07-24,0.0,27.5,23.2,26.700000000000014,0
2020-07-25,1.1,29.2,24.2,27.100000000000012,0
2020-07-26,6.3,27.6,23.6,33.100000000000016,0
2020-07-27,0.9,29.3,24.3,33.70000000000001,0
2020-07-28,2.7,27.0,23.7,36.20000000000002,0
2020-07-29,8.1,27.3,22.6,43.20000000000002,0
2020-07-30,0.7,28.7,23.4,42.500000000000014,0
2020-07-31,1.7,29.1,23.7,42.600000000000016,0
2020-08-01,3.5,27.7,24.1,36.500000000000014,0
2020-08-02,6.9,28.1,22.6,42.20000000000002,0
2020-08-03,3.5,27.4,23.0,39.100000000000016,0
2020-08-04,5.7,27.7,23.7,44.80000000000002,0
2020-08-05,5.1,28.9,23.8,49.000000000000014,0
2020-08-06,7.9,28.0,23.7,54.100000000000016,0
2020-08-07,2.0,27.8,23.1,56.100000000000016,0
2020-08-08,2.2,27.6,23.7,57.20000000000001,0
2020-08-09,10.1,27.1,23.0,61.000000000000014,0
2020-08-10,4.6,28.5,23.3,64.70000000000002,0
2020-08-11,2.9,28.5,23.7,64.9,0
2020-08-12,0.0,30.4,23.7,56.80000000000002,0
2020-08-13,0.0,30.2,23.8,56.100000000000016,0
2020-08-14,0.2,30.5,23.5,54.600000000000016,0
2020-08-15,0.3,30.6,23.8,51.40000000000001,0
2020-08-16,0.0,31.2,23.9,44.500000000000014,0
2020-08-17,0.0,31.7,24.4,41.000000000000014,0
2020-08-18,0.0,31.5,24.1,35.30000000000001,0
2020-08-19,0.0,31.8,24.2,30.200000000000014,0
2020-08-20,0.0,31.5,24.1,22.300000000000015,0
2020-08-21,0.0,32.1,24.1,20.300000000000015,0
2020-08-22,0.5,31.7,23.8,18.600000000000016,0
2020-08-23,0.1,31.8,23.6,8.600000000000014,0
2020-08-24,0.2,32.0,24.0,4.200000000000014,0
2020-08-25,0.6,32.3,23.6,1.9000000000000141,0
2020-08-26,0.7,32.4,24.2,2.6000000000000143,0
2020-08-27,0.2,32.9,24.0,2.800000000000014,0
2020-08-28,0.1,32.3,23.9,2.700000000000014,0
2020-08-29,0.0,32.8,23.9,2.400000000000014,0
2020-08-30,0.5,32.3,23.8,2.900000000000014,0
2020-08-31,1.1,30.4,24.2,4.000000000000014,0
2020-09-01,5.3,29.5,23.9,9.300000000000015,0
2020-09-02,2.9,28.2,22.5,12.200000000000014,0
2020-09-03,0.0,29.2,22.9,12.200000000000014,0
2020-09-04,0.0,30.9,23.9,12.200000000000014,0
2020-09-05,3.5,31.6,23.4,15.200000000000014,0
2020-09-06,15.2,28.7,22.4,30.30000000000001,0
2020-09-07,1.5,29.1,22.4,31.600000000000016,0
2020-09-08,3.1,29.7,24.2,34.100000000000016,0
2020-09-09,5.9,27.0,23.1,39.30000000000001,0
2020-09-10,4.1,28.2,23.1,43.20000000000002,0
2020-09-11,1.3,29.5,23.5,44.40000000000001,0
2020-09-12,2.8,27.4,23.6,47.20000000000001,0
2020-09-13,2.2,28.4,23.4,48.90000000000001,0
2020-09-14,0.1,29.4,23.4,47.90000000000001,0
2020-09-15,2.5,28.4,24.0,45.100000000000016,0
2020-09-16,2.1,28.9,23.7,44.30000000000001,0
2020-09-17,1.2,29.9,23.9,45.500000000000014,0
2020-09-18,5.0,27.1,23.6,50.500000000000014,0
2020-09-19,3.8,28.0,23.4,50.80000000000001,0
2020-09-20,7.3,26.7,23.2,42.90000000000001,0
2020-09-21,11.2,26.8,22.6,52.60000000000001,0
2020-09-22,8.4,27.6,23.1,57.90000000000001,0
2020-09-23,0.8,30.0,23.4,52.80000000000001,0
2020-09-24,1.8,28.8,23.9,50.50000000000002,0
2020-09-25,3.0,28.3,23.5,52.20000000000002,0
2020-09-26,3.2,29.7,23.2,52.600000000000016,0
2020-09-27,0.5,30.4,23.2,50.90000000000001,0
2020-09-28,3.7,29.3,23.5,54.500000000000014,0
2020-09-29,1.2,27.4,23.4,53.20000000000001,0
2020-09-30,3.8,27.3,22.8,54.90000000000001,0
2020-10-01,2.3,28.4,23.4,56.000000000000014,0
2020-10-02,0.3,30.0,23.3,51.30000000000002,0
2020-10-03,1.9,29.5,23.5,49.40000000000001,0
2020-10-04,0.0,30.5,23.4,42.100000000000016,0
2020-10-05,0.0,31.9,23.6,30.900000000000013,0
2020-10-06,0.8,32.5,23.3,23.300000000000015,0
2020-10-07,0.0,31.5,23.5,22.500000000000014,0
2020-10-08,0.0,31.2,24.1,20.700000000000014,0
2020-10-09,0.0,30.2,23.7,17.700000000000014,0
2020-10-10,0.4,29.8,23.9,14.900000000000013,0
2020-10-11,4.2,28.2,23.4,18.600000000000016,0
2020-10-12,4.7,30.0,23.7,19.600000000000016,0
2020-10-13,6.0,29.5,23.4,24.400000000000016,0
2020-10-14,7.4,27.0,23.4,28.000000000000014,0
2020-10-15,5.0,27.4,23.6,30.700000000000014,0
2020-10-16,0.6,31.1,23.7,31.000000000000014,0
2020-10-17,0.3,30.8,23.2,29.400000000000016,0
2020-10-18,6.7,29.9,23.6,36.100000000000016,0
2020-10-19,0.0,30.9,23.6,36.100000000000016,0
2020-10-20,0.3,30.0,23.4,35.600000000000016,0
2020-10-21,2.2,29.2,23.4,37.80000000000002,0
2020-10-22,1.6,29.6,23.5,39.40000000000002,0
2020-10-23,0.0,31.2,23.5,39.40000000000002,0
2020-10-24,0.9,30.4,23.2,39.90000000000001,0
2020-10-25,0.4,30.8,23.9,36.100000000000016,0
2020-10-26,4.0,32.7,23.2,35.40000000000001,0
2020-10-27,3.5,31.7,22.9,32.90000000000001,0
2020-10-28,5.8,32.1,22.9,31.300000000000015,0
2020-10-29,3.2,31.6,22.7,29.500000000000014,0
2020-10-30,6.8,30.5,22.8,35.70000000000002,0
2020-10-31,2.5,31.7,23.0,37.90000000000002,0
2020-11-01,2.9,31.4,23.4,34.100000000000016,0
2020-11-02,2.1,31.4,23.5,36.20000000000002,0
2020-11-03,2.4,32.2,23.5,38.30000000000002,0
2020-11-04,21.2,32.0,22.7,57.30000000000001,0
2020-11-05,12.5,31.1,22.7,68.20000000000002,0
2020-11-06,6.5,30.0,22.6,74.70000000000002,0
2020-11-07,6.0,29.7,23.1,79.80000000000001,0
2020-11-08,7.6,29.9,22.6,87.00000000000001,0
2020-11-09,15.8,28.6,22.9,98.80000000000001,0
2020-11-10,8.5,27.3,22.6,103.80000000000001,0
2020-11-11,8.1,29.1,22.7,106.10000000000002,0
2020-11-12,9.1,28.8,22.4,112.00000000000001,0
2020-11-13,8.0,29.9,23.1,113.20000000000002,0
2020-11-14,13.2,28.7,23.3,123.90000000000002,0
2020-11-15,4.6,30.7,22.9,125.60000000000001,0
2020-11-16,0.6,28.5,23.3,124.10000000000002,0
2020-11-17,5.8,26.4,22.8,127.50000000000001,0
2020-11-18,9.6,29.6,22.5,115.9,0
2020-11-19,6.7,29.5,22.3,110.10000000000001,0
2020-11-20,6.8,29.4,23.0,110.4,0
2020-11-21,4.6,29.0,22.4,109.00000000000001,0
2020-11-22,5.7,26.9,22.3,107.10000000000001,0
2020-11-23,8.0,26.3,21.9,99.30000000000001,0
2020-11-24,7.4,27.1,22.5,98.20000000000002,0
2020-11-25,5.7,27.2,22.9,95.80000000000001,0
2020-11-26,0.0,29.2,23.0,86.70000000000002,0
2020-11-27,0.4,29.7,20.5,79.10000000000002,0
2020-11-28,1.8,29.8,20.8,67.70000000000002,0
2020-11-29,1.7,29.2,22.4,64.80000000000003,0
2020-11-30,3.2,28.2,22.7,67.4,0
2020-12-01,9.0,27.2,22.6,70.60000000000001,0
2020-12-02,34.8,24.1,22.5,95.80000000000001,0
2020-12-03,7.3,26.5,22.7,96.40000000000002,0
2020-12-04,4.5,27.0,22.6,94.10000000000002,0
2020-12-05,11.2,25.7,22.6,100.70000000000002,0
2020-12-06,0.0,29.8,21.6,95.00000000000003,0
2020-12-07,0.7,30.5,21.6,87.70000000000002,0
2020-12-08,4.4,27.1,22.8,84.70000000000002,0
2020-12-09,1.2,28.9,22.3,80.20000000000002,0
2020-12-10,2.1,28.1,21.8,82.30000000000001,0
2020-12-11,0.0,28.6,21.1,81.9,0
2020-12-12,0.2,29.3,20.2,80.30000000000001,0
2020-12-13,0.0,28.1,20.9,78.60000000000001,0
2020-12-14,0.0,28.3,20.2,75.40000000000002,0
2020-12-15,26.2,26.1,21.0,92.60000000000002,0
2020-12-16,0.2,29.2,21.1,58.000000000000014,0
2020-12-17,2.9,29.6,20.6,53.600000000000016,0
2020-12-18,12.3,27.9,22.3,61.40000000000002,0
2020-12-19,6.6,25.4,22.1,56.80000000000001,0
2020-12-20,19.5,25.2,22.0,76.30000000000001,0
2020-12-21,93.8,24.2,21.7,169.4,0
2020-12-22,37.4,23.6,22.0,202.4,0
2020-12-23,15.6,26.4,21.9,216.8,0
2020-12-24,10.0,28.0,21.5,224.70000000000002,0
2020-12-25,0.4,27.6,21.5,225.10000000000002,0
2020-12-26,7.8,25.7,21.5,232.7,0
2020-12-27,22.6,25.8,21.7,255.3,0
2020-12-28,17.3,26.7,22.0,272.6,0
2020-12-29,4.4,28.5,21.5,250.8,0
2020-12-30,4.0,28.0,22.0,254.6,0
2020-12-31,13.1,25.6,22.5,264.8,0
2021-01-01,3.2,26.4,22.1,255.70000000000002,0
2021-01-02,0.8,26.9,21.8,249.9,0
2021-01-03,3.0,27.2,22.7,233.4,0
2021-01-04,8.5,25.9,22.2,148.10000000000002,0
2021-01-05,8.2,27.0,22.4,118.90000000000002,0
2021-01-06,75.3,28.4,21.5,178.60000000000002,0
2021-01-07,1.5,28.3,21.7,170.10000000000002,0
2021-01-08,8.8,28.8,22.1,178.5,0
2021-01-09,10.1,25.6,22.2,180.8,0
2021-01-10,11.7,26.7,22.5,169.9,0
2021-01-11,41.7,24.9,22.0,194.3,0
2021-01-12,27.4,27.8,22.1,217.3,0
2021-01-13,5.2,26.0,22.7,218.5,0
2021-01-14,5.7,26.9,22.9,211.10000000000002,0
2021-01-15,8.6,26.1,22.0,216.5,0
2021-01-16,1.9,27.0,21.9,217.60000000000002,0
2021-01-17,1.4,27.0,21.3,216.00000000000003,0
2021-01-18,12.0,25.1,20.7,219.50000000000003,0
2021-01-19,0.6,28.0,20.2,211.9,0
2021-01-20,2.3,27.7,21.2,138.9,0
2021-01-21,1.6,28.9,22.8,139.00000000000003,0
2021-01-22,1.2,27.9,22.6,131.4,0
2021-01-23,0.0,27.9,21.5,121.30000000000001,0
2021-01-24,0.0,27.7,20.7,109.60000000000002,0
2021-01-25,0.0,28.3,19.9,67.9,0
2021-01-26,0.0,26.6,19.5,40.500000000000014,0
2021-01-27,0.8,26.3,19.1,36.10000000000001,0
2021-01-28,0.2,27.0,19.5,30.600000000000016,0
2021-01-29,13.2,24.3,20.7,35.20000000000002,0
2021-01-30,8.6,27.0,22.2,41.90000000000001,0
2021-01-31,6.8,26.9,22.6,47.30000000000002,0
2021-02-01,5.3,26.3,21.6,40.60000000000001,0
2021-02-02,7.0,26.6,22.2,47.000000000000014,0
2021-02-03,0.4,27.4,22.0,45.10000000000001,0
2021-02-04,0.0,27.1,20.8,43.500000000000014,0
2021-02-05,0.0,26.5,20.4,42.30000000000001,0
2021-02-06,3.0,26.9,21.1,45.30000000000001,0
2021-02-07,5.8,26.8,22.2,51.10000000000001,0
2021-02-08,4.2,26.8,21.9,55.30000000000001,0
2021-02-09,0.1,27.0,19.7,55.40000000000001,0
2021-02-10,0.0,27.1,19.0,54.60000000000001,0
2021-02-11,0.0,27.5,17.8,54.40000000000001,0
2021-02-12,0.0,27.7,18.6,41.20000000000002,0
2021-02-13,1.2,28.3,21.4,33.80000000000002,0
2021-02-14,0.1,29.2,21.6,27.100000000000016,0
2021-02-15,0.0,29.2,21.2,21.800000000000015,0
2021-02-16,0.1,29.5,20.4,14.900000000000015,0
2021-02-17,0.0,29.3,20.4,14.500000000000014,0
2021-02-18,0.0,29.3,20.2,14.500000000000014,0
2021-02-19,2.9,28.9,21.9,17.400000000000013,0
2021-02-20,2.4,27.8,22.6,16.80000000000001,0
2021-02-21,1.6,28.4,22.3,12.600000000000014,0
2021-02-22,2.5,28.4,22.6,10.900000000000013,0
2021-02-23,0.9,28.9,22.0,11.700000000000014,0
2021-02-24,0.0,30.0,21.0,11.700000000000014,0
2021-02-25,0.0,30.7,21.3,11.700000000000014,0
2021-02-26,0.0,31.0,21.8,11.700000000000014,0
2021-02-27,0.0,31.1,22.1,10.500000000000014,0
2021-02-28,0.0,31.1,21.9,10.400000000000015,0
2021-03-01,0.0,30.2,20.9,10.400000000000015,0
2021-03-02,0.0,30.2,19.9,10.300000000000013,0
2021-03-03,0.0,30.0,20.9,10.300000000000013,0
2021-03-04,0.0,30.7,20.2,10.300000000000013,0
2021-03-05,0.0,30.1,20.3,7.400000000000015,0
2021-03-06,1.5,29.4,21.9,6.500000000000014,0
2021-03-07,1.9,30.6,22.3,6.800000000000015,0
2021-03-08,6.2,28.9,23.0,10.500000000000014,0
2021-03-09,0.0,30.6,21.7,9.600000000000014,0
2021-03-10,5.7,27.1,22.0,15.300000000000015,0
2021-03-11,0.1,29.3,21.8,15.400000000000015,0
2021-03-12,0.0,30.2,22.5,15.400000000000015,0
2021-03-13,0.3,29.8,22.1,15.700000000000014,0
2021-03-14,1.0,28.0,22.6,16.700000000000014,0
2021-03-15,0.2,30.3,21.5,16.900000000000013,0
2021-03-16,0.1,30.3,21.8,17.000000000000014,0
2021-03-17,0.1,31.5,22.4,17.100000000000016,0
2021-03-18,0.0,31.4,21.9,17.100000000000016,0
2021-03-19,1.0,29.1,21.9,18.100000000000016,0
2021-03-20,2.5,31.1,21.5,19.100000000000016,0
2021-03-21,6.1,31.3,22.5,23.300000000000015,0
2021-03-22,0.0,31.2,21.3,17.100000000000016,0
2021-03-23,0.3,31.2,22.5,17.400000000000016,0
2021-03-24,1.4,30.3,22.7,13.100000000000012,0
2021-03-25,1.6,28.6,23.0,14.600000000000014,0
2021-03-26,1.3,30.9,23.1,15.900000000000013,0
2021-03-27,4.3,30.5,22.9,19.900000000000013,0
2021-03-28,2.4,30.7,23.1,21.300000000000015,0
2021-03-29,2.3,31.0,21.6,23.400000000000016,0
2021-03-30,0.0,33.4,22.7,23.300000000000015,0
2021-03-31,0.0,33.7,23.4,23.200000000000014,0
2021-04-01,0.0,33.6,23.8,23.200000000000014,0
2021-04-02,0.0,35.0,24.4,22.200000000000014,0
2021-04-03,0.0,33.6,24.2,19.700000000000017,0
2021-04-04,0.0,34.4,23.8,13.600000000000014,0
2021-04-05,0.1,35.0,22.9,13.700000000000014,0
2021-04-06,0.0,33.8,23.7,13.400000000000013,0
2021-04-07,0.1,31.8,22.7,12.100000000000016,0
2021-04-08,0.9,32.6,22.1,11.400000000000013,0
2021-04-09,13.9,32.2,23.0,24.000000000000014,0
2021-04-10,25.2,30.9,23.6,44.90000000000002,0
2021-04-11,11.7,30.1,23.1,54.20000000000002,0
2021-04-12,12.1,30.6,22.3,64.00000000000001,0
2021-04-13,9.0,30.5,22.5,73.00000000000001,0
2021-04-14,24.4,30.4,22.1,97.4,0
2021-04-15,14.8,29.6,23.2,112.20000000000002,0
2021-04-16,9.2,30.0,22.8,121.4,0
2021-04-17,1.0,29.6,22.6,122.4,0
2021-04-18,1.1,29.8,23.5,123.50000000000001,0
2021-04-19,0.6,30.2,23.5,124.00000000000001,0
2021-04-20,0.5,30.7,23.3,124.50000000000001,0
2021-04-21,1.8,30.3,23.5,126.20000000000002,0
2021-04-22,0.1,31.2,23.3,125.40000000000002,0
2021-04-23,1.1,30.4,23.5,112.60000000000001,0
2021-04-24,1.7,32.2,23.6,89.10000000000001,0
2021-04-25,1.4,32.3,23.1,78.80000000000003,0
2021-04-26,2.3,31.2,23.3,69.00000000000001,0
2021-04-27,3.0,31.4,23.8,63.00000000000002,0
2021-04-28,1.5,31.6,23.7,40.10000000000002,0
2021-04-29,1.9,31.0,23.8,27.20000000000002,0
2021-04-30,11.2,31.6,23.8,29.20000000000002,0
2021-05-01,20.0,30.9,23.6,48.20000000000002,0
2021-05-02,12.6,30.9,23.0,59.70000000000002,0
2021-05-03,35.1,30.5,23.0,94.20000000000002,0
2021-05-04,24.1,30.4,22.8,117.80000000000001,0
2021-05-05,2.3,30.9,22.3,118.30000000000003,0
2021-05-06,9.8,30.8,22.8,128.00000000000003,0
2021-05-07,5.4,30.6,22.9,132.3,0
2021-05-08,1.1,30.0,22.4,131.70000000000005,0
2021-05-09,10.7,31.1,23.0,141.00000000000003,0
2021-05-10,16.7,30.6,23.6,155.4,0
2021-05-11,3.2,31.2,23.3,155.60000000000002,0
2021-05-12,7.0,30.1,23.5,161.10000000000002,0
2021-05-13,11.2,28.3,23.8,170.40000000000003,0
2021-05-14,0.7,28.9,23.3,159.9,0
2021-05-15,0.1,28.8,24.4,140.00000000000003,0
2021-05-16,1.9,28.7,24.8,129.3,0
2021-05-17,1.5,31.6,23.3,95.70000000000003,0
2021-05-18,1.3,30.8,24.3,72.90000000000002,0
2021-05-19,3.4,30.0,24.4,74.00000000000003,0
2021-05-20,0.6,28.9,24.2,64.80000000000001,0
2021-05-21,0.0,28.6,24.3,59.40000000000002,0
2021-05-22,2.2,29.3,23.9,60.50000000000002,0
2021-05-23,3.1,28.6,23.9,52.90000000000002,0
2021-05-24,2.4,27.9,24.4,38.60000000000002,0
2021-05-25,4.5,26.8,23.3,39.90000000000002,0
2021-05-26,12.0,27.7,23.5,44.90000000000002,0
2021-05-27,5.8,28.6,23.4,39.50000000000002,0
2021-05-28,0.5,29.2,24.0,39.30000000000002,0
2021-05-29,1.3,29.2,24.4,40.50000000000002,0
2021-05-30,0.0,30.5,24.1,38.600000000000016,0
2021-05-31,0.2,30.0,24.4,37.30000000000002,0
2021-06-01,0.3,29.8,24.2,36.30000000000002,0
2021-06-02,0.6,30.7,24.0,33.50000000000002,0
2021-06-03,1.3,29.7,24.1,34.20000000000002,0
2021-06-04,5.7,28.9,23.4,39.90000000000002,0
2021-06-05,8.2,27.6,23.0,45.90000000000002,0
2021-06-06,0.8,28.8,23.2,43.60000000000002,0
2021-06-07,0.4,29.7,23.6,41.600000000000016,0
2021-06-08,1.7,28.9,23.8,38.80000000000002,0
2021-06-09,0.9,28.8,23.5,27.70000000000002,0
2021-06-10,2.9,29.0,23.8,24.80000000000002,0
2021-06-11,0.4,29.0,23.6,24.70000000000002,0
2021-06-12,0.5,29.3,23.6,23.90000000000002,0
2021-06-13,2.7,28.6,23.7,26.60000000000002,0
2021-06-14,1.7,26.8,22.9,28.10000000000002,0
2021-06-15,0.5,28.9,23.6,28.30000000000002,0
2021-06-16,1.1,28.9,23.6,28.800000000000022,0
2021-06-17,1.3,28.8,23.7,28.80000000000002,0
2021-06-18,0.7,29.8,24.0,23.800000000000022,0
2021-06-19,0.4,30.5,23.8,16.00000000000002,0
2021-06-20,0.0,30.7,24.2,15.20000000000002,0
2021-06-21,0.0,30.6,24.2,14.800000000000022,0
2021-06-22,0.6,29.4,24.3,13.70000000000002,0
2021-06-23,1.7,30.0,24.2,14.500000000000021,0
2021-06-24,2.1,28.7,23.4,13.700000000000022,0
2021-06-25,0.1,30.1,23.7,13.400000000000022,0
2021-06-26,0.5,29.1,23.8,13.400000000000022,0
2021-06-27,0.5,29.0,23.5,11.20000000000002,0
2021-06-28,0.0,29.0,23.2,9.500000000000021,0
2021-06-29,0.7,30.9,23.5,9.70000000000002,0
2021-06-30,0.1,30.7,23.6,8.700000000000022,0
2021-07-01,2.8,30.2,24.0,10.20000000000002,0
2021-07-02,0.5,30.1,23.7,10.000000000000021,0
2021-07-03,0.8,30.4,24.2,10.400000000000022,0
2021-07-04,0.3,31.8,24.1,10.70000000000002,0
2021-07-05,1.8,32.2,23.9,12.500000000000021,0
2021-07-06,1.6,30.7,23.3,13.500000000000021,0
2021-07-07,1.1,30.3,23.8,12.900000000000022,0
2021-07-08,0.9,30.1,23.7,11.70000000000002,0
2021-07-09,4.1,28.7,23.7,15.70000000000002,0
2021-07-10,5.3,27.2,22.9,20.50000000000002,0
2021-07-11,1.6,29.1,23.7,21.60000000000002,0
2021-07-12,1.3,29.6,23.8,22.90000000000002,0
2021-07-13,0.0,30.5,23.8,22.20000000000002,0
2021-07-14,0.6,30.1,23.9,22.70000000000002,0
2021-07-15,0.4,30.9,24.6,20.30000000000002,0
2021-07-16,1.7,30.2,24.8,21.500000000000018,0
2021-07-17,4.9,31.8,24.2,25.600000000000023,0
2021-07-18,1.5,30.2,23.9,26.800000000000022,0
2021-07-19,0.0,31.1,24.3,25.00000000000002,0
2021-07-20,0.0,31.5,23.9,23.40000000000002,0
2021-07-21,1.2,30.5,24.1,23.50000000000002,0
2021-07-22,0.8,29.6,24.0,23.40000000000002,0
2021-07-23,8.3,28.2,23.4,27.600000000000023,0
2021-07-24,2.9,28.7,23.4,25.20000000000002,0
2021-07-25,1.8,29.4,23.8,25.400000000000023,0
2021-07-26,2.8,28.0,24.0,26.900000000000023,0
2021-07-27,0.4,30.7,23.7,27.300000000000022,0
2021-07-28,0.3,28.6,23.9,27.00000000000002,0
2021-07-29,0.0,30.8,24.0,26.600000000000023,0
2021-07-30,0.0,31.0,24.0,24.900000000000023,0
2021-07-31,0.0,31.8,24.0,20.00000000000002,0
2021-08-01,0.5,30.4,24.1,19.00000000000002,0
2021-08-02,0.0,30.8,23.9,19.00000000000002,0
2021-08-03,0.0,30.4,23.7,19.00000000000002,0
2021-08-04,0.8,30.0,23.8,18.600000000000023,0
2021-08-05,1.0,29.9,24.2,18.800000000000022,0
2021-08-06,2.4,29.8,24.0,12.900000000000022,0
2021-08-07,2.8,29.9,23.8,12.80000000000002,0
2021-08-08,1.1,29.3,23.8,12.100000000000023,0
2021-08-09,0.6,29.7,23.5,9.900000000000022,0
2021-08-10,0.1,30.1,23.3,9.600000000000021,0
2021-08-11,3.9,30.5,24.1,13.200000000000022,0
2021-08-12,1.5,29.0,23.3,14.700000000000022,0
2021-08-13,1.7,31.1,24.3,16.400000000000023,0
2021-08-14,1.7,30.6,23.8,18.100000000000023,0
2021-08-15,0.5,29.6,23.3,18.100000000000023,0
2021-08-16,0.0,31.6,23.4,18.100000000000023,0
2021-08-17,1.0,30.2,23.9,19.100000000000023,0
2021-08-18,2.1,28.4,23.5,20.40000000000002,0
2021-08-19,0.0,31.2,23.4,19.40000000000002,0
2021-08-20,1.7,31.8,24.2,18.700000000000024,0
2021-08-21,2.6,29.6,23.9,18.50000000000002,0
2021-08-22,3.5,29.3,22.9,20.90000000000002,0
2021-08-23,0.1,31.2,22.6,20.400000000000023,0
2021-08-24,0.2,31.3,22.4,20.50000000000002,0
2021-08-25,0.6,31.0,23.0,17.200000000000024,0
2021-08-26,1.4,29.7,22.9,17.100000000000023,0
2021-08-27,0.7,30.6,23.6,16.100000000000023,0
2021-08-28,5.5,29.0,23.3,19.900000000000023,0
2021-08-29,5.0,28.0,23.0,24.400000000000023,0
2021-08-30,2.5,28.3,22.6,26.900000000000023,0
2021-08-31,0.3,31.3,23.8,26.200000000000024,0
2021-09-01,1.4,30.1,23.8,25.50000000000002,0
2021-09-02,1.6,27.5,23.5,27.100000000000023,0
2021-09-03,2.0,27.9,23.0,27.400000000000023,0
2021-09-04,1.2,29.2,23.1,26.00000000000002,0
2021-09-05,2.6,28.2,23.0,25.10000000000002,0
2021-09-06,3.6,27.7,22.7,28.600000000000023,0
2021-09-07,0.5,30.3,23.6,28.90000000000002,0
2021-09-08,0.9,30.8,23.3,29.20000000000002,0
2021-09-09,0.0,31.5,23.5,27.80000000000002,0
2021-09-10,0.0,31.5,23.8,27.10000000000002,0
2021-09-11,0.0,31.8,23.9,21.60000000000002,0
2021-09-12,0.2,31.0,23.6,16.800000000000022,0
2021-09-13,2.3,30.9,23.6,16.60000000000002,0
2021-09-14,3.7,30.6,24.1,20.00000000000002,0
2021-09-15,2.0,31.8,23.9,20.600000000000023,0
2021-09-16,1.7,29.6,24.0,20.70000000000002,0
2021-09-17,4.3,30.9,24.6,23.00000000000002,0
2021-09-18,3.0,30.7,24.1,24.80000000000002,0
2021-09-19,0.8,32.0,23.9,23.00000000000002,0
2021-09-20,0.9,31.2,23.7,20.300000000000022,0
2021-09-21,2.8,30.3,23.7,22.600000000000023,0
2021-09-22,0.0,32.2,23.8,21.700000000000024,0
2021-09-23,1.9,30.8,24.3,23.600000000000023,0
2021-09-24,16.3,32.6,24.1,39.90000000000002,0
2021-09-25,4.1,30.1,23.5,44.00000000000002,0
2021-09-26,2.9,30.2,23.3,46.70000000000002,0
2021-09-27,5.3,30.0,22.9,49.700000000000024,0
2021-09-28,8.1,26.9,23.6,54.10000000000002,0
2021-09-29,0.0,31.5,24.0,52.10000000000002,0
2021-09-30,3.1,29.7,24.0,53.50000000000002,0
2021-10-01,13.6,25.9,22.6,62.80000000000002,0
2021-10-02,1.4,31.0,21.5,61.20000000000002,0
2021-10-03,2.8,30.5,22.8,63.200000000000024,0
2021-10-04,11.5,27.3,23.2,73.80000000000003,0
2021-10-05,6.1,27.8,22.8,77.10000000000002,0
2021-10-06,4.6,28.2,22.3,81.70000000000002,0
2021-10-07,0.3,30.4,23.6,80.10000000000002,0
2021-10-08,0.4,30.4,23.5,64.20000000000002,0
2021-10-09,0.7,27.8,23.6,60.80000000000002,0
2021-10-10,0.9,28.9,24.2,58.80000000000002,0
2021-10-11,5.8,27.8,22.8,59.30000000000002,0
2021-10-12,5.1,28.6,23.8,56.30000000000001,0
2021-10-13,0.0,30.5,23.7,56.30000000000001,0
2021-10-14,1.2,30.1,23.9,54.40000000000002,0
2021-10-15,1.3,29.4,23.7,42.10000000000002,0
2021-10-16,3.2,29.2,24.1,43.90000000000002,0
2021-10-17,0.6,29.8,23.8,41.70000000000002,0
2021-10-18,0.0,30.6,23.7,30.20000000000002,0
2021-10-19,2.0,30.9,24.0,26.100000000000023,0
2021-10-20,19.6,30.6,22.6,41.10000000000002,0
2021-10-21,17.3,31.0,21.6,58.10000000000002,0
2021-10-22,5.0,29.3,22.5,62.70000000000002,0
2021-10-23,1.4,30.3,22.4,63.40000000000003,0
2021-10-24,1.4,29.2,22.5,63.90000000000003,0
2021-10-25,0.8,29.1,22.7,58.90000000000002,0
2021-10-26,11.6,29.7,22.3,65.40000000000003,0
2021-10-27,2.6,29.3,21.9,68.00000000000003,0
2021-10-28,9.1,27.1,22.2,75.90000000000002,0
2021-10-29,15.3,29.7,22.3,89.90000000000003,0
2021-10-30,18.0,28.6,21.9,104.70000000000002,0
2021-10-31,22.5,28.4,22.2,126.60000000000002,0
2021-11-01,22.7,28.6,21.8,149.30000000000004,0
2021-11-02,27.3,29.9,22.3,174.60000000000002,0
2021-11-03,12.7,28.7,21.8,167.70000000000002,0
2021-11-04,6.9,28.8,22.1,157.3,0
2021-11-05,0.9,27.8,21.9,153.20000000000002,0
2021-11-06,11.7,27.4,22.4,163.50000000000003,0
2021-11-07,9.4,27.7,22.1,171.5,0
2021-11-08,37.8,23.2,21.6,208.50000000000003,0
2021-11-09,23.6,25.4,21.8,220.50000000000003,0
2021-11-10,8.9,25.3,21.8,226.8,0
2021-11-11,1.2,28.4,21.8,218.9,0
2021-11-12,2.3,26.8,22.6,205.90000000000003,0
2021-11-13,5.0,28.0,22.8,192.90000000000003,0
2021-11-14,3.0,26.7,22.2,173.40000000000003,0
2021-11-15,4.4,26.7,22.4,155.10000000000002,0
2021-11-16,1.4,26.7,22.7,129.20000000000002,0
2021-11-17,7.1,27.3,22.8,123.60000000000002,0
2021-11-18,5.5,26.7,22.9,122.20000000000003,0
2021-11-19,1.2,28.6,22.7,122.50000000000003,0
2021-11-20,0.0,28.9,22.2,110.80000000000003,0
2021-11-21,0.0,28.9,21.6,101.40000000000003,0
2021-11-22,0.0,29.3,21.4,63.60000000000002,0
2021-11-23,14.2,27.6,22.3,54.20000000000002,0
2021-11-24,13.6,25.9,21.8,58.90000000000002,0
2021-11-25,21.1,27.0,22.1,78.80000000000001,0
2021-11-26,6.7,28.3,21.9,83.20000000000002,0
2021-11-27,11.6,27.9,22.3,89.80000000000003,0
2021-11-28,17.5,28.1,22.0,104.30000000000003,0
2021-11-29,4.0,28.1,22.3,103.90000000000002,0
2021-11-30,3.5,28.2,21.3,106.00000000000003,0
2021-12-01,0.0,29.4,20.9,98.90000000000002,0
2021-12-02,6.1,28.8,21.1,99.50000000000001,0
2021-12-03,0.5,30.0,21.5,98.80000000000001,0
2021-12-04,0.7,29.9,21.6,99.50000000000001,0
2021-12-05,1.6,30.1,22.1,101.10000000000001,0
2021-12-06,1.6,29.3,22.5,102.70000000000002,0
2021-12-07,0.0,29.6,21.8,88.50000000000003,0
2021-12-08,3.3,28.9,21.2,78.20000000000002,0
2021-12-09,1.2,29.5,22.1,58.30000000000002,0
2021-12-10,1.0,28.5,21.2,52.600000000000016,0
2021-12-11,1.1,28.9,21.7,42.100000000000016,0
2021-12-12,3.8,27.6,22.0,28.40000000000002,0
2021-12-13,11.6,26.8,22.2,36.00000000000002,0
2021-12-14,0.6,27.9,21.8,33.10000000000002,0
2021-12-15,4.3,25.6,21.8,37.40000000000002,0
2021-12-16,2.3,28.3,21.9,33.60000000000002,0
2021-12-17,9.6,27.5,21.4,42.70000000000002,0
2021-12-18,12.1,27.3,21.7,54.10000000000002,0
2021-12-19,1.0,28.5,21.7,53.50000000000002,0
2021-12-20,1.7,27.2,20.6,53.60000000000002,0
2021-12-21,1.8,27.9,22.0,55.40000000000002,0
2021-12-22,0.2,28.0,20.9,52.300000000000026,0
2021-12-23,0.0,28.7,20.3,51.10000000000002,0
2021-12-24,0.0,28.2,19.2,50.10000000000002,0
2021-12-25,0.0,28.0,18.8,49.00000000000002,0
2021-12-26,0.0,28.5,19.4,45.200000000000024,0
2021-12-27,0.0,28.7,20.3,33.60000000000002,0
2021-12-28,0.0,28.5,20.5,33.00000000000002,0
2021-12-29,1.9,28.6,20.4,30.600000000000023,0
2021-12-30,3.9,26.6,21.9,32.20000000000002,0
2021-12-31,10.3,28.1,21.0,32.90000000000002,0
2022-01-01,2.9,26.7,21.9,23.70000000000002,0
2022-01-02,3.2,25.2,21.6,25.900000000000023,0
2022-01-03,7.9,25.5,21.7,32.10000000000002,0
2022-01-04,2.2,26.5,21.4,32.50000000000002,0
2022-01-05,3.5,25.6,21.6,35.80000000000002,0
2022-01-06,1.4,27.9,21.7,37.20000000000002,0
2022-01-07,1.9,28.1,22.2,39.10000000000002,0
2022-01-08,4.8,27.4,22.0,43.90000000000002,0
2022-01-09,1.2,28.6,21.7,45.100000000000016,0
2022-01-10,4.7,24.4,21.8,49.80000000000002,0
2022-01-11,6.7,27.7,22.2,56.50000000000002,0
2022-01-12,0.8,28.8,22.2,55.40000000000002,0
2022-01-13,1.9,29.5,21.9,53.40000000000002,0
2022-01-14,1.9,29.3,22.0,45.00000000000003,0
2022-01-15,0.0,29.0,21.9,42.10000000000002,0
2022-01-16,1.7,27.8,22.3,40.60000000000002,0
2022-01-17,1.5,28.7,21.7,34.20000000000002,0
2022-01-18,1.6,27.0,21.4,33.60000000000002,0
2022-01-19,0.0,28.4,20.8,30.100000000000023,0
2022-01-20,0.0,28.3,19.4,28.70000000000002,0
2022-01-21,0.0,28.9,17.5,26.800000000000022,0
2022-01-22,0.0,30.4,17.5,22.00000000000002,0
2022-01-23,0.0,30.5,17.2,20.800000000000022,0
2022-01-24,0.0,30.3,19.0,16.100000000000023,0
2022-01-25,0.0,29.3,18.8,9.400000000000022,0
2022-01-26,0.0,27.9,20.2,8.600000000000021,0
2022-01-27,0.0,28.9,19.1,6.700000000000021,0
2022-01-28,0.7,27.6,19.3,5.500000000000021,0
2022-01-29,1.4,28.9,22.3,6.900000000000022,0
2022-01-30,1.5,29.4,22.3,6.7000000000000215,0
2022-01-31,1.2,28.1,22.0,6.400000000000022,0
2022-02-01,0.0,29.6,20.2,4.800000000000022,0
2022-02-02,0.0,28.7,18.9,4.800000000000022,0
2022-02-03,0.0,30.6,19.4,4.800000000000022,0
2022-02-04,0.0,31.6,20.3,4.800000000000022,0
2022-02-05,0.0,30.6,20.4,4.800000000000022,0
2022-02-06,0.0,29.2,20.7,4.800000000000022,0
2022-02-07,0.8,29.0,20.1,5.600000000000022,0
2022-02-08,0.0,29.6,19.2,5.600000000000021,0
2022-02-09,0.0,29.5,20.5,5.600000000000021,0
2022-02-10,3.4,27.7,20.5,9.000000000000021,0
2022-02-11,9.0,29.4,22.0,17.300000000000022,0
2022-02-12,17.8,26.0,21.7,33.700000000000024,0
2022-02-13,98.6,22.5,21.2,130.8,0
2022-02-14,0.3,27.9,21.2,129.90000000000003,0
2022-02-15,0.0,28.5,20.1,129.90000000000003,0
2022-02-16,0.0,28.6,19.7,129.90000000000003,0
2022-02-17,0.0,28.4,19.3,129.90000000000003,0
2022-02-18,1.0,28.5,20.4,130.90000000000003,0
2022-02-19,2.1,27.1,22.0,133.00000000000003,0
2022-02-20,2.3,29.1,22.2,135.3,0
2022-02-21,0.0,30.7,21.9,134.5,0
2022-02-22,0.0,30.2,22.4,134.5,0
2022-02-23,3.1,27.8,21.6,137.60000000000002,0
2022-02-24,0.1,29.5,21.3,134.3,0
2022-02-25,0.0,29.3,21.5,125.30000000000001,0
2022-02-26,2.6,28.4,21.9,110.10000000000001,0
2022-02-27,0.0,29.7,21.4,11.500000000000014,0
2022-02-28,0.1,29.6,21.0,11.300000000000013,0
2022-03-01,0.5,29.7,21.7,11.800000000000013,0
2022-03-02,1.7,27.9,21.6,13.500000000000014,0
2022-03-03,0.6,28.0,22.0,14.100000000000014,0
2022-03-04,0.6,28.6,21.8,13.700000000000014,0
2022-03-05,0.9,30.0,21.1,12.500000000000014,0
2022-03-06,0.1,30.4,20.7,10.300000000000013,0
2022-03-07,0.1,30.9,22.5,10.400000000000015,0
2022-03-08,3.1,30.0,22.5,13.500000000000014,0
2022-03-09,0.0,30.3,21.6,10.400000000000013,0
2022-03-10,0.0,30.6,21.2,10.300000000000015,0
2022-03-11,0.0,30.9,21.1,10.300000000000015,0
2022-03-12,3.4,29.8,22.4,11.100000000000014,0
2022-03-13,0.5,30.5,22.4,11.600000000000014,0
2022-03-14,0.0,30.5,21.8,11.500000000000014,0
2022-03-15,0.0,31.0,21.5,11.000000000000014,0
2022-03-16,0.0,30.6,21.9,9.300000000000013,0
2022-03-17,0.0,32.1,24.1,8.700000000000014,0
2022-03-18,8.2,30.2,23.2,16.30000000000001,0
2022-03-19,0.6,30.3,23.6,16.000000000000014,0
2022-03-20,0.0,30.7,23.4,15.900000000000013,0
2022-03-21,0.1,32.1,23.6,15.900000000000013,0
2022-03-22,0.7,31.9,23.9,13.500000000000012,0
2022-03-23,2.2,32.1,23.7,15.700000000000014,0
2022-03-24,0.7,30.8,23.5,16.400000000000013,0
2022-03-25,4.7,31.1,23.0,21.100000000000016,0
2022-03-26,1.7,32.4,21.9,19.400000000000013,0
2022-03-27,1.3,31.8,22.1,20.20000000000001,0
2022-03-28,2.4,31.9,21.7,22.600000000000012,0
2022-03-29,0.5,32.4,22.4,23.100000000000012,0
2022-03-30,10.6,32.0,22.9,33.70000000000001,0
2022-03-31,2.9,33.5,22.4,36.60000000000001,0
2022-04-01,0.3,32.7,22.6,28.700000000000017,0
2022-04-02,5.1,31.7,23.1,33.20000000000002,0
2022-04-03,5.0,31.4,22.5,38.20000000000002,0
2022-04-04,4.7,30.7,21.8,42.80000000000001,0
2022-04-05,14.1,31.2,21.5,56.20000000000002,0
2022-04-06,10.7,30.1,21.6,64.70000000000002,0
2022-04-07,3.8,30.8,22.0,67.80000000000001,0
2022-04-08,7.4,30.1,22.2,70.50000000000001,0
2022-04-09,8.0,29.8,22.1,76.80000000000001,0
2022-04-10,8.7,29.2,22.2,84.20000000000002,0
2022-04-11,14.6,29.8,22.2,96.4,0
2022-04-12,13.0,29.9,22.6,108.9,0
2022-04-13,7.1,30.3,22.7,105.4,0
2022-04-14,3.8,30.3,22.4,106.30000000000001,0
2022-04-15,5.7,31.4,23.5,111.70000000000002,0
2022-04-16,2.2,31.8,22.8,108.80000000000001,0
2022-04-17,6.9,31.1,23.6,110.70000000000002,0
2022-04-18,4.4,29.9,23.6,110.40000000000002,0
2022-04-19,3.8,29.6,23.0,100.10000000000001,0
2022-04-20,1.7,31.4,23.2,91.10000000000002,0
2022-04-21,2.2,30.8,23.3,89.50000000000001,0
2022-04-22,6.5,30.7,23.0,88.60000000000001,0
2022-04-23,14.3,29.3,22.5,94.90000000000002,0
2022-04-24,0.0,30.7,23.2,86.20000000000002,0
2022-04-25,4.7,31.5,23.2,76.30000000000001,0
2022-04-26,0.2,31.5,22.6,63.500000000000014,0
2022-04-27,0.0,31.7,23.4,56.40000000000001,0
2022-04-28,10.2,31.0,23.6,62.80000000000002,0
2022-04-29,6.6,31.8,23.7,63.70000000000002,0
2022-04-30,2.2,30.2,23.8,63.70000000000001,0
2022-05-01,0.0,31.6,24.6,56.80000000000001,0
2022-05-02,0.0,32.2,24.5,52.40000000000001,0
2022-05-03,0.0,33.0,24.9,48.60000000000001,0
2022-05-04,0.4,31.3,24.5,47.30000000000002,0
2022-05-05,1.0,30.6,24.5,46.100000000000016,0
2022-05-06,0.7,30.5,24.4,40.30000000000001,0
2022-05-07,0.1,31.7,24.7,26.100000000000016,0
2022-05-08,0.0,31.3,25.4,26.100000000000016,0
2022-05-09,0.1,31.2,25.3,21.500000000000014,0
2022-05-10,0.3,31.6,23.9,21.600000000000012,0
2022-05-11,1.4,29.8,23.5,23.000000000000014,0
2022-05-12,0.9,29.5,24.0,13.700000000000014,0
2022-05-13,7.2,27.2,23.2,14.300000000000015,0
2022-05-14,9.6,27.7,22.8,21.700000000000017,0
2022-05-15,16.3,27.8,22.4,38.000000000000014,0
2022-05-16,3.6,28.7,23.7,41.600000000000016,0
2022-05-17,4.3,28.2,23.6,45.90000000000001,0
2022-05-18,3.1,28.9,23.5,48.600000000000016,0
2022-05-19,4.9,29.0,23.6,52.500000000000014,0
2022-05-20,1.3,29.5,23.8,53.100000000000016,0
2022-05-21,2.3,29.4,24.1,55.30000000000001,0
2022-05-22,2.2,29.0,24.2,57.500000000000014,0
2022-05-23,1.9,29.0,24.2,59.30000000000001,0
2022-05-24,3.3,28.7,23.3,62.30000000000001,0
2022-05-25,1.9,29.2,23.8,62.80000000000001,0
2022-05-26,1.2,29.1,23.7,63.100000000000016,0
2022-05-27,0.7,29.0,23.7,56.600000000000016,0
2022-05-28,0.7,29.4,23.3,47.70000000000001,0
2022-05-29,1.5,27.7,23.2,32.90000000000001,0
2022-05-30,1.9,28.7,23.4,31.200000000000014,0
2022-05-31,1.0,27.8,22.8,27.900000000000013,0
2022-06-01,1.6,26.7,23.0,26.400000000000013,0
2022-06-02,3.3,28.7,23.7,24.800000000000015,0
2022-06-03,0.4,29.3,23.9,23.900000000000013,0
2022-06-04,0.0,30.5,24.0,21.600000000000012,0
2022-06-05,0.1,30.5,24.0,19.500000000000014,0
2022-06-06,1.3,29.2,23.9,18.900000000000013,0
2022-06-07,0.6,29.2,23.6,16.200000000000014,0
2022-06-08,0.0,30.8,23.7,14.300000000000015,0
2022-06-09,0.5,29.5,23.7,13.600000000000014,0
2022-06-10,1.0,30.1,23.7,13.900000000000015,0
2022-06-11,0.5,29.3,23.4,13.700000000000014,0
2022-06-12,1.0,29.2,23.8,13.200000000000014,0
2022-06-13,0.0,31.2,23.6,11.300000000000015,0
2022-06-14,9.8,31.6,24.0,20.100000000000016,0
2022-06-15,3.2,30.5,23.9,21.700000000000014,0
2022-06-16,8.7,29.3,23.7,27.100000000000012,0
2022-06-17,1.7,28.2,23.7,28.400000000000013,0
2022-06-18,1.6,30.0,22.8,30.000000000000014,0
2022-06-19,0.6,29.7,23.3,30.50000000000001,0
2022-06-20,0.5,30.4,23.6,29.700000000000014,0
2022-06-21,1.0,29.4,23.7,30.100000000000012,0
2022-06-22,1.7,29.3,23.4,31.800000000000015,0
2022-06-23,0.1,29.9,23.6,31.400000000000013,0
2022-06-24,0.7,29.1,23.8,31.100000000000012,0
2022-06-25,2.7,29.0,23.9,33.30000000000001,0
2022-06-26,0.0,30.8,22.8,32.30000000000001,0
2022-06-27,0.1,31.1,24.2,32.40000000000001,0
2022-06-28,0.4,31.2,23.5,23.000000000000014,0
2022-06-29,2.2,30.7,24.2,22.000000000000014,0
2022-06-30,1.1,30.1,24.0,14.400000000000015,0
2022-07-01,0.0,32.1,23.7,12.700000000000015,0
2022-07-02,0.2,32.6,24.7,11.300000000000013,0
2022-07-03,3.2,29.4,23.6,13.900000000000015,0
2022-07-04,0.0,31.3,24.0,13.400000000000015,0
2022-07-05,0.5,30.8,23.9,12.900000000000015,0
2022-07-06,0.4,31.7,24.2,11.600000000000016,0
2022-07-07,0.1,30.2,24.5,11.600000000000016,0
2022-07-08,0.1,32.0,24.4,11.000000000000014,0
2022-07-09,0.1,30.2,24.0,8.400000000000015,0
2022-07-10,0.1,29.6,23.8,8.500000000000016,0
2022-07-11,2.3,29.6,22.8,10.700000000000015,0
2022-07-12,0.0,30.9,24.0,10.300000000000015,0
2022-07-13,2.2,30.2,23.2,10.300000000000015,0
2022-07-14,2.3,30.2,22.0,11.500000000000014,0
2022-07-15,0.9,31.4,23.6,12.400000000000015,0
2022-07-16,0.1,31.0,23.8,12.300000000000015,0
2022-07-17,0.0,32.2,24.3,9.100000000000014,0
2022-07-18,6.7,30.7,24.2,15.800000000000015,0
2022-07-19,14.8,33.8,23.3,30.100000000000016,0
2022-07-20,0.5,32.2,23.2,30.200000000000017,0
2022-07-21,4.7,33.1,23.6,34.80000000000002,0
2022-07-22,1.1,29.7,23.8,35.80000000000001,0
2022-07-23,3.2,28.3,23.5,38.90000000000001,0
2022-07-24,0.0,28.4,23.3,38.80000000000002,0
2022-07-25,12.4,32.0,23.3,48.90000000000001,0
2022-07-26,1.8,31.3,22.9,50.70000000000002,0
2022-07-27,16.4,29.6,22.7,64.90000000000002,0
2022-07-28,5.4,30.0,22.7,68.00000000000001,0
2022-07-29,2.6,28.7,22.8,69.70000000000002,0
2022-07-30,2.7,31.6,22.9,72.30000000000001,0
2022-07-31,3.6,30.8,23.0,75.9,0
2022-08-01,4.6,28.3,22.9,73.80000000000001,0
2022-08-02,6.3,26.3,22.0,65.30000000000001,0
2022-08-03,8.6,26.5,22.6,73.4,0
2022-08-04,7.8,27.0,22.7,76.50000000000001,0
2022-08-05,2.8,27.5,23.2,78.20000000000002,0
2022-08-06,2.9,28.1,22.9,77.9,0
2022-08-07,0.9,28.8,23.0,78.80000000000001,0
2022-08-08,0.2,29.4,22.9,66.60000000000001,0
2022-08-09,0.0,29.9,23.0,64.80000000000001,0
2022-08-10,0.0,30.5,23.0,48.40000000000002,0
2022-08-11,0.0,31.1,23.5,43.000000000000014,0
2022-08-12,0.0,31.0,24.0,40.40000000000001,0
2022-08-13,0.4,31.6,24.3,38.100000000000016,0
2022-08-14,2.2,31.5,23.9,36.70000000000002,0
2022-08-15,1.7,33.2,23.0,33.80000000000001,0
2022-08-16,1.3,32.0,22.9,28.800000000000015,0
2022-08-17,0.4,31.7,23.5,20.600000000000016,0
2022-08-18,0.7,31.4,23.5,13.500000000000012,0
2022-08-19,0.4,31.1,23.6,11.100000000000014,0
2022-08-20,0.4,31.9,24.0,8.600000000000014,0
2022-08-21,0.0,31.6,23.7,7.700000000000014,0
2022-08-22,3.4,29.1,23.1,10.900000000000015,0
2022-08-23,1.1,29.9,23.3,12.000000000000014,0
2022-08-24,3.9,29.8,23.0,15.900000000000015,0
2022-08-25,2.7,30.2,23.2,18.600000000000016,0
2022-08-26,5.1,29.9,23.1,23.700000000000014,0
2022-08-27,1.2,28.9,22.2,24.500000000000014,0
2022-08-28,0.2,29.7,23.0,22.50000000000001,0
2022-08-29,0.9,30.2,23.2,21.700000000000014,0
2022-08-30,40.9,30.7,22.8,61.30000000000001,0
2022-08-31,9.0,27.7,22.1,69.9,0
2022-09-01,9.5,26.1,21.8,78.70000000000002,0
2022-09-02,0.9,28.8,22.2,79.20000000000002,0
2022-09-03,2.0,28.7,23.0,80.80000000000001,0
2022-09-04,7.9,29.6,22.6,88.70000000000002,0
2022-09-05,9.0,28.6,22.7,94.30000000000001,0
2022-09-06,1.4,27.2,22.5,94.60000000000001,0
2022-09-07,0.6,29.1,23.1,91.30000000000001,0
2022-09-08,0.1,29.2,23.0,88.70000000000002,0
2022-09-09,0.7,30.1,23.2,84.30000000000001,0
2022-09-10,0.1,30.2,23.2,83.2,0
2022-09-11,0.0,30.7,23.1,83.00000000000001,0
2022-09-12,0.3,30.3,23.0,82.40000000000002,0
2022-09-13,0.2,30.8,23.2,41.70000000000002,0
2022-09-14,0.3,30.7,22.8,33.000000000000014,0
2022-09-15,1.6,29.9,23.1,25.100000000000016,0
2022-09-16,0.0,31.1,22.6,24.200000000000017,0
2022-09-17,0.0,31.6,22.9,22.200000000000017,0
2022-09-18,0.0,30.5,23.0,14.300000000000015,0
2022-09-19,1.0,29.8,23.6,6.300000000000014,0
2022-09-20,0.0,31.3,23.4,4.900000000000015,0
2022-09-21,0.0,31.6,23.3,4.300000000000014,0
2022-09-22,0.0,32.1,23.4,4.200000000000014,0
2022-09-23,0.0,31.8,23.4,3.500000000000014,0
2022-09-24,0.0,32.1,23.3,3.400000000000014,0
2022-09-25,12.5,33.1,23.1,15.900000000000015,0
2022-09-26,4.0,32.0,22.9,19.600000000000016,0
2022-09-27,1.8,32.5,23.6,21.200000000000014,0
2022-09-28,0.0,31.5,23.4,20.900000000000013,0
2022-09-29,0.1,32.0,23.5,19.400000000000016,0
2022-09-30,1.4,30.5,23.1,20.800000000000015,0
2022-10-01,3.7,27.7,22.4,24.500000000000014,0
2022-10-02,4.7,29.0,22.2,29.200000000000017,0
2022-10-03,1.7,30.2,22.0,29.900000000000016,0
2022-10-04,1.5,29.6,23.2,31.400000000000016,0
2022-10-05,0.8,31.4,23.6,32.20000000000002,0
2022-10-06,0.2,29.2,23.5,32.40000000000001,0
2022-10-07,0.8,31.2,23.3,33.20000000000002,0
2022-10-08,11.0,31.9,23.1,44.20000000000002,0
2022-10-09,10.0,31.0,22.7,41.70000000000002,0
2022-10-10,12.5,31.7,22.8,50.20000000000002,0
2022-10-11,2.1,29.7,22.8,50.500000000000014,0
2022-10-12,6.4,30.4,22.5,56.90000000000001,0
2022-10-13,20.2,30.1,22.2,77.00000000000001,0
2022-10-14,4.6,29.1,22.1,80.20000000000002,0
2022-10-15,10.6,27.1,22.1,87.10000000000001,0
2022-10-16,9.0,27.8,22.5,91.40000000000002,0
2022-10-17,2.3,27.9,22.2,92.00000000000001,0
2022-10-18,8.6,26.2,22.6,99.10000000000002,0
2022-10-19,6.4,29.8,22.7,104.70000000000002,0
2022-10-20,6.2,26.8,22.1,110.70000000000002,0
2022-10-21,13.5,25.4,21.8,123.40000000000002,0
2022-10-22,1.0,27.5,22.2,113.4,0
2022-10-23,6.8,27.8,22.1,110.2,0
2022-10-24,0.9,28.5,22.5,98.60000000000002,0
2022-10-25,6.2,29.1,22.4,102.70000000000002,0
2022-10-26,2.7,29.3,22.3,99.0,0
2022-10-27,0.6,30.0,21.6,79.40000000000002,0
2022-10-28,0.3,29.9,20.6,75.10000000000001,0
2022-10-29,0.3,30.6,21.0,64.80000000000001,0
2022-10-30,11.4,28.2,22.2,67.20000000000002,0
2022-10-31,17.9,28.6,22.1,82.80000000000001,0
2022-11-01,34.3,27.0,21.8,108.50000000000003,0
2022-11-02,8.6,28.5,21.9,110.70000000000002,0
2022-11-03,5.8,27.9,21.9,110.30000000000001,0
2022-11-04,16.2,28.1,22.3,113.00000000000001,0
2022-11-05,28.0,28.2,22.0,140.0,0
2022-11-06,0.2,28.2,21.7,133.4,0
2022-11-07,12.9,28.3,20.9,145.40000000000003,0
2022-11-08,15.4,28.6,21.3,154.6,0
2022-11-09,6.8,26.0,21.5,158.70000000000002,0
2022-11-10,3.3,27.5,21.7,161.40000000000003,0
2022-11-11,59.5,25.1,21.7,220.60000000000002,0
2022-11-12,10.5,29.1,22.2,230.8,0
2022-11-13,19.7,28.0,21.5,239.10000000000002,0
2022-11-14,8.5,27.2,21.3,229.70000000000002,0
2022-11-15,1.4,28.9,20.8,196.8,0
2022-11-16,0.9,29.1,21.1,189.1,0
2022-11-17,0.0,28.6,19.9,183.29999999999998,0
2022-11-18,0.0,27.8,19.4,167.1,0
2022-11-19,2.6,25.7,21.5,141.70000000000002,0
2022-11-20,0.1,28.4,21.0,141.60000000000002,0
2022-11-21,0.0,28.7,18.8,128.70000000000002,0
2022-11-22,0.0,29.3,21.0,113.30000000000001,0
2022-11-23,0.0,29.5,22.1,106.50000000000001,0
2022-11-24,0.0,29.6,21.6,103.20000000000002,0
2022-11-25,0.0,30.1,20.3,43.70000000000001,0
2022-11-26,2.0,29.7,21.7,35.20000000000002,0
2022-11-27,1.3,29.9,21.7,16.800000000000015,0
2022-11-28,0.8,30.5,21.8,9.100000000000014,0
2022-11-29,0.1,30.0,21.8,7.800000000000014,0
2022-11-30,0.4,30.0,20.1,7.300000000000015,0
2022-12-01,1.2,29.1,21.0,8.500000000000014,0
2022-12-02,11.7,29.2,22.5,20.200000000000014,0
2022-12-03,6.8,28.3,21.7,24.400000000000013,0
2022-12-04,19.9,28.9,21.8,44.20000000000002,0
2022-12-05,2.3,28.0,21.1,46.500000000000014,0
2022-12-06,1.4,27.8,21.8,47.90000000000001,0
2022-12-07,0.9,25.4,21.9,48.80000000000001,0
2022-12-08,10.4,23.4,19.7,59.20000000000002,0
2022-12-09,16.7,26.2,19.5,75.9,0
2022-12-10,0.8,27.9,21.4,74.70000000000002,0
2022-12-11,16.9,26.6,22.6,90.30000000000001,0
2022-12-12,9.7,27.0,21.4,99.20000000000002,0
2022-12-13,0.0,29.4,19.9,99.10000000000001,0
2022-12-14,0.2,28.7,21.5,98.90000000000002,0
2022-12-15,3.0,28.0,20.5,100.70000000000002,0
2022-12-16,1.1,27.5,19.8,90.10000000000001,0
2022-12-17,4.0,26.2,20.6,87.30000000000001,0
2022-12-18,10.4,26.9,20.8,77.80000000000001,0
2022-12-19,30.4,24.0,21.7,105.9,0
2022-12-20,5.0,27.7,21.6,109.5,0
2022-12-21,5.6,25.2,22.0,114.20000000000002,0
2022-12-22,1.8,26.8,20.5,105.60000000000001,0
2022-12-23,3.4,27.9,19.4,92.30000000000001,0
2022-12-24,5.9,27.5,21.8,97.4,0
2022-12-25,53.2,24.6,21.8,133.70000000000002,0
2022-12-26,4.5,28.4,22.2,128.50000000000003,0
2022-12-27,2.3,28.5,21.2,130.8,0
2022-12-28,1.1,27.8,21.9,131.70000000000005,0
2022-12-29,0.1,28.8,21.0,128.80000000000004,0
2022-12-30,0.0,28.0,20.6,127.70000000000002,0
2022-12-31,0.0,27.2,19.5,123.70000000000002,0
2023-01-01,0.0,27.8,19.9,113.30000000000001,0
2023-01-02,0.0,27.6,20.2,82.9,0
2023-01-03,0.1,27.2,19.9,78.00000000000001,0
2023-01-04,0.0,27.5,19.6,72.40000000000002,0
2023-01-05,2.5,27.5,20.9,73.10000000000002,0
2023-01-06,16.5,26.5,20.9,86.20000000000002,0
2023-01-07,13.5,25.4,21.3,93.80000000000003,0
2023-01-08,2.5,26.5,21.1,43.100000000000016,0
2023-01-09,0.0,26.7,19.9,38.600000000000016,0
2023-01-10,0.0,27.1,18.6,36.30000000000002,0
2023-01-11,0.0,27.1,17.7,35.20000000000002,0
2023-01-12,0.0,27.4,18.1,35.100000000000016,0
2023-01-13,0.0,28.0,17.5,35.100000000000016,0
2023-01-14,0.0,27.7,18.8,35.100000000000016,0
2023-01-15,0.4,28.2,19.7,35.500000000000014,0
2023-01-16,7.6,27.9,20.8,43.100000000000016,0
2023-01-17,2.2,27.3,21.4,45.20000000000002,0
2023-01-18,0.1,27.8,20.3,45.30000000000001,0
2023-01-19,0.0,27.5,19.0,42.80000000000001,0
2023-01-20,0.0,27.9,19.2,26.300000000000015,0
2023-01-21,6.4,24.9,19.8,19.200000000000014,0
2023-01-22,10.6,24.9,21.1,27.300000000000015,0
2023-01-23,4.4,27.3,21.8,31.700000000000017,0
2023-01-24,3.9,27.6,21.5,35.600000000000016,0
2023-01-25,0.0,27.0,19.9,35.600000000000016,0
2023-01-26,1.1,26.7,20.2,36.70000000000002,0
2023-01-27,1.2,27.4,20.1,37.90000000000001,0
2023-01-28,0.1,27.7,18.7,38.000000000000014,0
2023-01-29,0.8,27.1,18.1,38.40000000000002,0
2023-01-30,11.7,28.4,20.1,42.500000000000014,0
2023-01-31,22.4,24.3,20.7,62.70000000000001,0
2023-02-01,4.2,27.3,21.6,66.80000000000001,0
2023-02-02,29.1,26.4,21.4,95.90000000000002,0
2023-02-03,3.7,26.8,21.6,99.60000000000002,0
2023-02-04,10.4,26.6,21.9,103.60000000000001,0
2023-02-05,1.0,28.6,21.8,94.00000000000001,0
2023-02-06,2.4,26.5,21.1,92.00000000000001,0
2023-02-07,2.1,26.1,22.2,90.20000000000002,0
2023-02-08,0.6,28.4,22.0,90.80000000000003,0
2023-02-09,0.0,28.5,21.3,89.70000000000002,0
2023-02-10,0.2,28.7,21.5,88.7,0
2023-02-11,0.0,28.9,20.5,88.60000000000001,0
2023-02-12,0.0,28.7,19.9,87.80000000000001,0
2023-02-13,0.0,28.9,19.2,76.10000000000001,0
2023-02-14,0.0,28.9,19.3,53.70000000000002,0
2023-02-15,0.0,27.8,19.1,49.500000000000014,0
2023-02-16,0.0,27.8,18.5,20.400000000000016,0
2023-02-17,0.0,29.1,19.1,16.700000000000017,0
2023-02-18,1.3,28.2,20.9,7.600000000000014,0
2023-02-19,2.9,27.3,22.0,9.500000000000014,0
2023-02-20,3.3,27.5,21.6,10.400000000000013,0
2023-02-21,1.7,27.9,21.2,10.000000000000014,0
2023-02-22,0.0,28.6,20.5,9.400000000000015,0
2023-02-23,0.0,28.7,20.2,9.400000000000015,0
2023-02-24,0.5,28.5,20.7,9.700000000000014,0
2023-02-25,0.3,29.5,20.7,10.000000000000012,0
2023-02-26,0.0,28.1,19.7,10.000000000000012,0
2023-02-27,5.6,28.2,19.7,15.600000000000012,0
2023-02-28,4.4,26.0,21.6,20.000000000000014,0
2023-03-01,3.9,27.8,21.7,23.900000000000013,0
2023-03-02,0.9,29.4,22.0,24.800000000000015,0
2023-03-03,0.6,29.1,21.3,25.400000000000013,0
2023-03-04,5.4,25.6,21.8,29.500000000000014,0
2023-03-05,0.3,27.3,22.3,26.900000000000013,0
2023-03-06,0.8,29.5,22.5,24.400000000000013,0
2023-03-07,0.2,29.3,21.8,22.900000000000013,0
2023-03-08,1.5,28.5,22.0,24.400000000000013,0
2023-03-09,1.4,28.7,21.7,25.800000000000015,0
2023-03-10,0.5,27.2,22.1,25.800000000000015,0
2023-03-11,2.7,29.5,22.5,28.200000000000014,0
2023-03-12,2.2,28.1,22.0,30.400000000000013,0
2023-03-13,1.6,28.1,22.2,26.400000000000016,0
2023-03-14,0.0,30.3,22.1,22.000000000000014,0
2023-03-15,0.3,31.1,21.9,18.400000000000016,0
2023-03-16,3.6,30.7,22.7,21.100000000000012,0
2023-03-17,0.6,30.2,22.4,21.100000000000016,0
2023-03-18,11.6,31.0,22.4,27.300000000000015,0
2023-03-19,6.7,31.1,21.8,33.70000000000002,0
2023-03-20,8.8,30.3,22.1,41.70000000000002,0
2023-03-21,13.6,31.4,22.1,55.100000000000016,0
2023-03-22,0.0,31.9,22.5,53.600000000000016,0
2023-03-23,10.6,31.0,22.2,62.80000000000001,0
2023-03-24,0.8,32.1,22.0,63.100000000000016,0
2023-03-25,0.0,31.7,22.2,60.40000000000001,0
2023-03-26,0.5,31.1,22.4,58.70000000000002,0
2023-03-27,0.0,32.0,22.9,57.100000000000016,0
2023-03-28,0.0,32.5,22.5,57.100000000000016,0
2023-03-29,0.0,32.6,21.7,56.80000000000001,0
2023-03-30,0.3,32.3,22.3,53.500000000000014,0
2023-03-31,0.1,32.7,21.8,53.000000000000014,0
2023-04-01,0.2,33.0,22.1,41.600000000000016,0
2023-04-02,3.4,32.8,22.8,38.30000000000001,0
2023-04-03,2.4,32.5,22.5,31.900000000000013,0
2023-04-04,1.7,29.7,22.5,20.00000000000001,0
2023-04-05,1.2,32.7,22.2,21.200000000000017,0
2023-04-06,1.3,32.0,23.3,11.900000000000015,0
2023-04-07,0.0,32.4,22.2,11.100000000000014,0
2023-04-08,2.2,31.6,22.2,13.300000000000013,0
2023-04-09,0.0,31.5,22.3,12.800000000000013,0
2023-04-10,0.6,31.1,22.9,13.400000000000013,0
2023-04-11,0.4,31.9,22.9,13.800000000000013,0
2023-04-12,0.0,33.1,22.9,13.800000000000013,0
2023-04-13,0.0,32.6,22.6,13.500000000000014,0
2023-04-14,0.1,33.8,23.1,13.500000000000014,0
2023-04-15,1.1,33.6,23.1,14.400000000000013,0
2023-04-16,0.4,31.7,22.0,11.400000000000015,0
2023-04-17,0.0,34.2,22.5,9.000000000000014,0
2023-04-18,0.1,33.6,24.0,7.400000000000015,0
2023-04-19,0.3,33.5,24.6,6.500000000000014,0
2023-04-20,2.5,33.3,24.7,7.700000000000014,0
2023-04-21,2.7,32.0,24.6,10.400000000000015,0
2023-04-22,7.2,31.9,24.3,15.400000000000013,0
2023-04-23,9.4,33.0,23.5,24.800000000000015,0
2023-04-24,14.3,32.6,23.2,38.500000000000014,0
2023-04-25,11.1,31.8,23.3,49.20000000000002,0
2023-04-26,3.5,31.0,22.7,52.70000000000002,0
2023-04-27,2.7,30.9,23.2,55.40000000000002,0
2023-04-28,9.0,31.6,23.5,64.30000000000001,0
2023-04-29,7.3,29.4,22.5,70.50000000000001,0
2023-04-30,21.6,31.5,22.4,91.70000000000002,0
2023-05-01,11.9,30.5,22.9,103.60000000000001,0
2023-05-02,10.0,28.6,23.2,113.50000000000001,0
2023-05-03,12.3,28.4,23.4,125.50000000000003,0
2023-05-04,32.5,31.5,23.0,155.50000000000003,0
2023-05-05,5.5,26.0,22.8,158.3,0
2023-05-06,2.3,30.9,24.1,153.4,0
2023-05-07,1.8,29.8,22.8,145.8,0
2023-05-08,8.1,29.5,24.3,139.60000000000002,0
2023-05-09,7.6,28.9,24.4,136.1,0
2023-05-10,0.3,29.5,24.5,132.9,0
2023-05-11,0.3,29.6,24.4,130.50000000000003,0
2023-05-12,0.1,30.0,24.6,121.60000000000001,0
2023-05-13,0.0,30.5,24.7,114.30000000000001,0
2023-05-14,0.0,30.6,25.2,92.7,0
2023-05-15,0.0,31.1,25.1,80.80000000000001,0
2023-05-16,0.0,32.6,25.0,70.80000000000001,0
2023-05-17,0.8,32.9,25.1,59.30000000000001,0
2023-05-18,3.7,31.5,24.8,30.500000000000014,0
2023-05-19,1.1,31.5,24.3,26.100000000000012,0
2023-05-20,0.2,31.4,24.2,24.000000000000014,0
2023-05-21,1.5,30.8,24.0,23.700000000000014,0
2023-05-22,1.9,31.3,23.7,17.500000000000014,0
2023-05-23,3.4,31.4,23.7,13.300000000000015,0
2023-05-24,0.0,32.2,23.9,13.000000000000014,0
2023-05-25,0.1,31.9,23.9,12.800000000000015,0
2023-05-26,0.0,31.6,24.8,12.700000000000015,0
2023-05-27,0.0,31.6,24.9,12.700000000000015,0
2023-05-28,0.7,32.5,24.6,13.400000000000015,0
2023-05-29,1.4,33.3,25.1,14.800000000000015,0
2023-05-30,2.5,31.2,24.6,17.300000000000015,0
2023-05-31,0.7,32.3,24.1,17.200000000000014,0
2023-06-01,0.6,31.4,24.1,14.100000000000014,0
2023-06-02,0.3,32.3,24.6,13.300000000000013,0
2023-06-03,0.9,32.3,25.0,14.000000000000014,0
2023-06-04,0.0,32.3,24.2,12.500000000000014,0
2023-06-05,0.1,32.2,24.3,10.700000000000014,0
2023-06-06,0.0,32.3,24.6,7.300000000000014,0
2023-06-07,1.5,31.6,25.2,8.800000000000015,0
2023-06-08,1.6,30.0,24.8,10.300000000000015,0
2023-06-09,0.7,31.6,25.1,11.000000000000014,0
2023-06-10,0.0,32.3,24.6,11.000000000000014,0
2023-06-11,0.8,30.9,24.9,11.100000000000014,0
2023-06-12,3.1,30.5,25.2,12.800000000000015,0
2023-06-13,1.0,30.2,24.4,11.300000000000015,0
2023-06-14,0.1,31.7,24.4,10.700000000000014,0
2023-06-15,0.4,32.3,25.6,10.500000000000014,0
2023-06-16,0.4,31.6,25.4,10.600000000000016,0
2023-06-17,0.0,31.1,24.8,9.700000000000015,0
2023-06-18,0.7,30.2,24.5,10.400000000000015,0
2023-06-19,0.0,32.2,24.5,10.300000000000015,0
2023-06-20,1.5,31.3,24.7,11.800000000000015,0
2023-06-21,2.3,30.4,24.0,12.600000000000016,0
2023-06-22,0.8,33.1,24.4,11.800000000000013,0
2023-06-23,0.1,32.2,24.4,11.200000000000015,0
2023-06-24,0.0,33.3,24.1,11.200000000000015,0
2023-06-25,0.6,31.6,24.1,11.000000000000014,0
2023-06-26,1.8,31.0,23.3,9.700000000000014,0
2023-06-27,2.3,30.7,23.0,11.000000000000014,0
2023-06-28,0.8,31.5,23.6,11.700000000000015,0
2023-06-29,1.2,30.6,23.7,12.500000000000014,0
2023-06-30,0.4,31.5,24.6,12.500000000000014,0
2023-07-01,0.3,31.6,24.3,12.800000000000013,0
2023-07-02,3.8,29.4,24.8,15.900000000000015,0
2023-07-03,0.6,30.4,22.8,16.500000000000014,0
2023-07-04,4.8,27.3,23.4,19.800000000000015,0
2023-07-05,4.0,26.4,22.5,21.500000000000014,0
2023-07-06,0.4,28.9,22.8,21.100000000000012,0
2023-07-07,1.3,29.7,24.2,22.300000000000015,0
2023-07-08,0.7,31.4,24.3,23.000000000000014,0
2023-07-09,0.2,32.6,24.4,22.600000000000012,0
2023-07-10,0.0,31.0,24.3,20.80000000000001,0
2023-07-11,1.7,31.6,24.4,20.200000000000017,0
2023-07-12,0.0,32.4,24.2,19.400000000000016,0
2023-07-13,0.3,31.7,24.0,18.500000000000014,0
2023-07-14,0.7,31.6,23.5,18.800000000000015,0
2023-07-15,1.4,32.2,24.4,19.900000000000013,0
2023-07-16,0.2,32.2,24.8,16.300000000000015,0
2023-07-17,1.5,31.7,24.7,17.200000000000014,0
2023-07-18,0.5,31.8,23.7,12.900000000000013,0
2023-07-19,1.0,31.6,24.0,9.900000000000013,0
2023-07-20,2.0,31.2,23.7,11.500000000000014,0
2023-07-21,0.0,33.2,24.4,10.200000000000014,0
2023-07-22,1.0,32.0,24.3,10.500000000000014,0
2023-07-23,0.9,31.6,24.3,11.200000000000014,0
2023-07-24,1.6,28.9,23.5,12.800000000000013,0
2023-07-25,2.3,30.2,23.6,13.400000000000015,0
2023-07-26,1.4,31.1,23.4,14.800000000000015,0
2023-07-27,0.3,31.8,25.0,14.800000000000013,0
2023-07-28,0.0,33.1,24.3,14.100000000000014,0
2023-07-29,1.0,33.8,24.3,13.700000000000014,0
2023-07-30,0.5,34.0,24.5,14.000000000000014,0
2023-07-31,0.0,32.8,24.8,12.500000000000014,0
2023-08-01,0.0,32.8,24.3,12.000000000000014,0
2023-08-02,0.0,33.0,24.3,11.000000000000014,0
2023-08-03,0.0,33.1,24.5,9.000000000000014,0
2023-08-04,0.0,34.1,24.3,9.000000000000014,0
2023-08-05,0.7,34.4,24.9,8.700000000000014,0
2023-08-06,0.0,35.7,24.8,7.800000000000014,1
2023-08-07,0.0,33.5,24.8,6.2000000000000135,0
2023-08-08,0.1,33.4,24.5,4.000000000000014,0
2023-08-09,1.2,35.1,24.7,3.800000000000014,1
2023-08-10,0.0,33.9,24.5,3.500000000000014,0
2023-08-11,1.7,35.1,24.1,5.200000000000014,1
2023-08-12,0.9,32.8,24.2,5.100000000000015,0
2023-08-13,0.1,33.6,24.6,4.700000000000014,0
2023-08-14,0.0,33.1,24.1,4.700000000000014,0
2023-08-15,0.1,33.0,23.6,4.800000000000014,0
2023-08-16,0.6,33.1,23.3,5.400000000000015,0
2023-08-17,0.0,33.8,23.8,5.400000000000015,0
2023-08-18,0.1,33.4,24.0,5.500000000000014,0
2023-08-19,0.0,33.7,24.0,4.800000000000014,0
2023-08-20,0.0,34.6,24.2,4.800000000000014,0
2023-08-21,1.6,35.3,24.6,6.400000000000015,1
2023-08-22,5.2,35.9,24.7,11.500000000000014,1
2023-08-23,0.0,33.8,24.0,10.300000000000015,0
2023-08-24,0.0,34.1,24.0,10.300000000000015,0
2023-08-25,0.4,33.1,23.9,9.000000000000014,0
2023-08-26,0.7,33.8,23.9,8.800000000000015,0
2023-08-27,0.2,34.2,24.3,8.900000000000015,0
2023-08-28,0.3,34.1,24.2,9.200000000000015,0
2023-08-29,0.3,33.9,24.0,9.400000000000015,0
2023-08-30,1.8,32.6,23.7,10.600000000000016,0
2023-08-31,6.0,33.1,23.9,16.600000000000016,0
2023-09-01,1.2,33.1,24.1,17.700000000000014,0
2023-09-02,1.4,31.9,24.0,19.100000000000016,0
2023-09-03,1.1,30.5,23.6,20.200000000000014,0
2023-09-04,3.5,29.7,22.4,22.100000000000016,0
2023-09-05,3.7,28.0,22.7,20.600000000000016,0
2023-09-06,7.6,25.2,22.5,28.200000000000014,0
2023-09-07,2.0,28.0,22.5,30.200000000000014,0
2023-09-08,1.8,29.2,22.6,31.600000000000016,0
2023-09-09,1.7,30.7,23.5,32.600000000000016,0
2023-09-10,2.7,30.0,23.3,35.100000000000016,0
2023-09-11,3.2,29.7,23.1,38.000000000000014,0
2023-09-12,1.5,30.9,23.9,39.20000000000001,0
2023-09-13,1.8,30.9,23.8,39.20000000000002,0
2023-09-14,1.1,31.0,23.5,34.30000000000001,0
2023-09-15,0.6,32.3,23.1,33.70000000000001,0
2023-09-16,1.6,32.8,24.0,33.90000000000001,0
2023-09-17,5.4,32.7,24.2,38.20000000000001,0
2023-09-18,1.3,31.6,23.5,36.000000000000014,0
2023-09-19,2.5,29.6,23.3,34.80000000000002,0
2023-09-20,2.2,31.4,23.0,29.400000000000013,0
2023-09-21,2.4,31.8,23.7,29.800000000000015,0
2023-09-22,0.7,31.5,23.0,28.700000000000014,0
2023-09-23,5.1,31.1,23.2,32.100000000000016,0
2023-09-24,2.4,31.1,23.7,31.800000000000015,0
2023-09-25,3.3,31.1,23.3,31.900000000000016,0
2023-09-26,1.1,30.9,24.0,31.50000000000001,0
2023-09-27,2.8,31.5,24.0,32.500000000000014,0
2023-09-28,1.6,30.3,23.1,33.000000000000014,0
2023-09-29,1.2,28.2,23.1,33.60000000000001,0
2023-09-30,3.0,31.5,23.1,35.00000000000001,0
2023-10-01,10.1,29.3,23.0,39.70000000000001,0
2023-10-02,6.1,29.5,22.8,44.500000000000014,0
2023-10-03,4.7,30.8,23.1,46.70000000000001,0
2023-10-04,0.7,29.5,23.3,45.20000000000001,0
2023-10-05,1.6,29.7,23.0,44.40000000000001,0
2023-10-06,3.3,29.9,23.3,47.00000000000001,0
2023-10-07,4.5,31.6,23.2,46.40000000000001,0
2023-10-08,14.8,31.6,23.5,58.80000000000001,0
2023-10-09,26.1,31.4,23.2,81.60000000000001,0
2023-10-10,20.8,30.4,23.0,101.30000000000001,0
2023-10-11,3.7,29.4,22.8,102.2,0
2023-10-12,2.5,29.3,22.8,103.10000000000001,0
2023-10-13,28.0,29.9,23.0,129.9,0
2023-10-14,22.9,29.5,22.3,149.8,0
2023-10-15,3.5,27.0,22.4,143.20000000000002,0
2023-10-16,0.7,30.1,21.5,137.8,0
2023-10-17,15.6,29.6,22.8,148.7,0
2023-10-18,24.1,28.2,22.3,172.10000000000002,0
2023-10-19,6.6,28.2,22.3,177.10000000000002,0
2023-10-20,6.9,29.6,22.2,180.70000000000002,0
2023-10-21,11.6,29.9,22.1,187.8,0
2023-10-22,20.6,29.9,22.7,193.60000000000002,0
2023-10-23,8.1,29.8,22.2,175.6,0
2023-10-24,12.3,30.2,22.5,167.10000000000002,0
2023-10-25,2.7,30.9,21.2,166.1,0
2023-10-26,0.4,30.9,21.4,164.0,0
2023-10-27,2.3,31.4,21.2,138.3,0
2023-10-28,10.3,30.1,22.2,125.70000000000002,0
2023-10-29,16.5,29.7,21.9,138.70000000000002,0
2023-10-30,11.6,30.2,21.8,149.60000000000002,0
2023-10-31,4.7,28.6,22.7,138.70000000000005,0
2023-11-01,7.8,30.4,21.7,122.4,0
2023-11-02,15.4,29.7,22.2,131.20000000000002,0
2023-11-03,43.8,29.4,22.2,168.10000000000002,0
2023-11-04,48.5,29.4,22.1,205.0,0
2023-11-05,13.2,30.2,22.2,197.60000000000002,0
2023-11-06,7.5,29.8,22.1,197.00000000000003,0
2023-11-07,4.1,28.3,22.0,188.8,0
2023-11-08,9.7,29.5,22.0,195.8,0
2023-11-09,13.3,29.1,22.1,208.70000000000002,0
2023-11-10,14.6,30.1,21.9,221.0,0
2023-11-11,24.0,28.5,22.7,234.7,0
2023-11-12,20.9,28.5,22.2,239.1,0
2023-11-13,21.4,26.8,22.1,248.9,0
2023-11-14,10.7,28.6,22.8,254.9,0
2023-11-15,4.5,29.2,23.1,251.6,0
2023-11-16,16.6,29.8,23.0,252.79999999999998,0
2023-11-17,3.0,29.5,22.5,212.0,0
2023-11-18,25.8,29.4,22.2,189.3,0
2023-11-19,17.4,28.3,22.3,193.50000000000003,0
2023-11-20,13.4,29.1,22.6,199.40000000000003,0
2023-11-21,44.0,29.9,22.5,239.3,0
2023-11-22,33.8,28.8,22.7,263.4,0
2023-11-23,12.7,30.1,22.7,262.8,0
2023-11-24,1.0,29.8,22.9,249.2,0
2023-11-25,2.0,29.2,22.8,227.2,0
2023-11-26,3.3,28.0,22.7,209.60000000000002,0
2023-11-27,5.4,28.5,22.6,193.60000000000002,0
2023-11-28,9.4,28.2,22.0,192.3,0
2023-11-29,6.9,27.4,22.0,194.7,0
2023-11-30,6.1,27.7,22.4,184.20000000000002,0
2023-12-01,17.4,26.1,23.0,198.6,0
2023-12-02,23.9,27.3,22.0,196.70000000000002,0
2023-12-03,4.1,27.1,22.8,183.4,0
2023-12-04,2.6,27.6,22.8,172.60000000000002,0
2023-12-05,2.9,29.1,23.0,131.5,0
2023-12-06,2.5,29.4,22.9,100.20000000000002,0
2023-12-07,13.9,30.3,22.1,101.4,0
2023-12-08,26.8,28.9,22.6,127.20000000000002,0
2023-12-09,14.9,29.1,22.2,140.10000000000002,0
2023-12-10,10.9,27.3,22.7,147.70000000000002,0
2023-12-11,2.3,28.6,22.6,144.60000000000002,0
2023-12-12,8.2,27.5,22.0,143.4,0
2023-12-13,2.8,28.6,22.1,139.3,0
2023-12-14,23.5,26.4,22.9,156.70000000000002,0
2023-12-15,10.4,27.2,22.5,149.70000000000002,0
2023-12-16,26.3,28.0,22.6,152.10000000000002,0
2023-12-17,5.7,28.6,22.1,153.70000000000002,0
2023-12-18,11.7,26.6,22.7,162.8,0
2023-12-19,7.0,27.7,22.5,166.90000000000003,0
2023-12-20,2.6,28.0,22.5,167.00000000000003,0
2023-12-21,2.0,28.2,22.9,155.10000000000002,0
2023-12-22,0.3,28.3,22.7,128.60000000000002,0
2023-12-23,0.7,28.6,21.7,114.40000000000002,0
2023-12-24,2.2,27.8,22.5,105.70000000000002,0
2023-12-25,0.9,28.8,22.6,104.30000000000001,0
2023-12-26,2.4,27.8,21.9,98.50000000000001,0
2023-12-27,12.6,26.8,21.9,108.30000000000001,0
2023-12-28,9.7,26.0,22.3,94.50000000000001,0
2023-12-29,3.9,27.3,22.2,88.00000000000001,0
2023-12-30,7.0,26.5,22.4,68.70000000000002,0
2023-12-31,4.3,26.8,22.1,67.30000000000001,0
2024-01-01,15.6,26.0,22.7,71.20000000000002,0
2024-01-02,2.5,27.3,22.6,66.70000000000002,0
2024-01-03,1.1,28.5,22.2,65.20000000000002,0
2024-01-04,0.2,29.7,22.2,63.40000000000001,0
2024-01-05,9.7,29.9,22.4,72.80000000000001,0
2024-01-06,9.1,29.3,22.4,81.20000000000002,0
2024-01-07,16.3,28.3,21.4,95.30000000000001,0
2024-01-08,4.1,27.4,22.1,98.50000000000001,0
2024-01-09,18.3,25.1,22.0,114.4,0
2024-01-10,13.6,24.7,22.1,115.40000000000002,0
2024-01-11,5.7,27.1,21.6,111.40000000000002,0
2024-01-12,0.8,28.5,21.9,108.30000000000001,0
2024-01-13,0.1,28.7,21.3,101.4,0
2024-01-14,0.5,28.1,20.8,97.60000000000001,0
2024-01-15,0.0,27.3,19.3,82.00000000000001,0
2024-01-16,0.5,28.0,18.7,80.00000000000001,0
2024-01-17,0.3,28.4,19.7,79.2,0
2024-01-18,3.4,28.2,22.7,82.40000000000002,0
2024-01-19,3.3,27.3,22.1,76.00000000000001,0
2024-01-20,4.6,28.2,22.1,71.50000000000001,0
2024-01-21,0.7,29.0,21.9,55.90000000000001,0
2024-01-22,0.0,29.5,22.2,51.80000000000001,0
2024-01-23,0.2,28.6,21.3,33.70000000000001,0
2024-01-24,0.0,28.7,20.4,20.100000000000012,0
2024-01-25,0.0,28.4,20.3,14.400000000000013,0
2024-01-26,0.5,27.3,19.9,14.100000000000014,0
2024-01-27,0.6,28.1,20.5,14.600000000000014,0
2024-01-28,2.2,27.5,22.4,16.300000000000015,0
2024-01-29,3.2,27.2,21.8,19.500000000000014,0
2024-01-30,10.4,27.7,22.7,29.400000000000013,0
2024-01-31,22.9,28.2,22.2,52.000000000000014,0
2024-02-01,7.1,29.2,22.0,55.70000000000001,0
2024-02-02,0.0,30.1,22.5,52.400000000000006,0
2024-02-03,0.0,30.2,22.5,47.80000000000001,0
2024-02-04,1.6,28.3,21.7,48.70000000000001,0
2024-02-05,2.3,27.9,22.7,51.00000000000001,0
2024-02-06,0.3,29.7,21.6,51.100000000000016,0
2024-02-07,0.1,29.2,20.7,51.20000000000002,0
2024-02-08,0.0,30.1,20.5,51.20000000000002,0
2024-02-09,0.0,29.8,20.5,50.70000000000002,0
2024-02-10,0.1,29.4,21.4,50.20000000000001,0
2024-02-11,0.3,29.3,21.5,48.30000000000001,0
2024-02-12,0.3,29.6,21.1,45.400000000000006,0
2024-02-13,3.1,28.7,22.6,38.10000000000001,0
2024-02-14,3.6,29.2,23.4,18.80000000000001,0
2024-02-15,2.7,28.8,23.2,14.400000000000011,0
2024-02-16,1.2,29.5,22.8,15.60000000000001,0
2024-02-17,2.4,29.7,22.9,18.00000000000001,0
2024-02-18,0.0,30.3,22.2,16.40000000000001,0
2024-02-19,0.0,30.9,21.9,14.10000000000001,0
2024-02-20,0.1,30.5,22.9,13.900000000000011,0
2024-02-21,0.0,32.0,22.5,13.80000000000001,0
2024-02-22,0.1,32.8,20.7,13.90000000000001,0
2024-02-23,0.0,32.8,22.0,13.90000000000001,0
2024-02-24,0.0,31.8,22.3,13.80000000000001,0
2024-02-25,0.0,31.6,22.3,13.50000000000001,0
2024-02-26,1.5,31.5,23.3,14.70000000000001,0
2024-02-27,1.4,31.0,23.6,13.00000000000001,0
2024-02-28,1.0,30.5,22.5,10.40000000000001,0
2024-02-29,0.7,30.7,22.0,8.40000000000001,0
2024-03-01,0.1,31.6,22.4,7.30000000000001,0
2024-03-02,0.0,31.9,21.8,4.90000000000001,0
2024-03-03,0.0,31.8,22.2,4.90000000000001,0
2024-03-04,0.0,31.8,20.4,4.90000000000001,0
2024-03-05,0.0,32.7,21.4,4.8000000000000105,0
2024-03-06,0.0,32.5,22.0,4.8000000000000105,0
2024-03-07,0.0,30.4,22.8,4.70000000000001,0
2024-03-08,0.0,33.0,22.3,4.70000000000001,0
2024-03-09,0.0,33.7,20.9,4.70000000000001,0
2024-03-10,0.0,33.7,20.7,4.70000000000001,0
2024-03-11,0.0,33.0,22.4,3.2000000000000104,0
2024-03-12,0.0,33.1,21.7,1.8000000000000107,0
2024-03-13,0.0,34.1,21.5,0.8000000000000106,0
2024-03-14,0.0,34.5,22.2,0.10000000000001066,0
2024-03-15,0.0,34.5,22.7,0.0,0
2024-03-16,0.0,34.4,22.8,0.0,0
2024-03-17,0.0,34.2,22.4,0.0,0
2024-03-18,0.0,33.9,21.3,0.0,0
2024-03-19,0.0,34.0,22.1,0.0,0
2024-03-20,0.0,34.3,22.3,0.0,0
2024-03-21,1.3,30.6,23.5,1.3000000000000107,0
2024-03-22,4.9,30.8,23.6,6.200000000000011,0
2024-03-23,0.4,33.0,23.4,6.600000000000011,0
2024-03-24,3.3,31.7,24.0,9.900000000000011,0
2024-03-25,0.7,32.8,23.5,10.60000000000001,0
2024-03-26,3.5,31.6,23.4,14.10000000000001,0
2024-03-27,23.3,32.0,22.4,37.40000000000001,0
2024-03-28,1.7,33.0,23.0,39.10000000000001,0
2024-03-29,0.0,33.7,23.5,39.10000000000001,0
2024-03-30,2.6,33.8,22.7,41.70000000000001,0
2024-03-31,0.9,33.4,23.1,42.60000000000001,0
2024-04-01,1.1,34.5,23.7,43.70000000000001,0
2024-04-02,2.5,34.8,23.6,46.20000000000001,0
2024-04-03,1.2,33.7,23.5,47.400000000000006,0
2024-04-04,0.8,34.0,23.9,46.90000000000001,0
2024-04-05,0.2,35.2,24.1,42.2,1
2024-04-06,0.0,36.0,24.4,41.800000000000004,1
2024-04-07,1.3,36.6,23.8,39.80000000000001,1
2024-04-08,0.1,36.0,24.3,39.20000000000001,1
2024-04-09,0.0,34.8,21.9,35.70000000000001,0
2024-04-10,0.0,35.0,23.8,12.400000000000011,0
2024-04-11,1.3,33.0,25.1,12.00000000000001,0
2024-04-12,11.3,30.8,23.8,23.30000000000001,0
2024-04-13,2.3,32.0,23.7,23.00000000000001,0
2024-04-14,1.1,32.0,24.0,23.20000000000001,0
2024-04-15,10.3,31.3,24.0,32.40000000000001,0
2024-04-16,1.8,33.3,24.0,31.70000000000001,0
2024-04-17,1.7,34.1,22.9,32.20000000000001,0
2024-04-18,2.0,35.2,23.5,33.40000000000001,1
2024-04-19,0.6,34.9,24.2,33.80000000000002,0
2024-04-20,2.1,34.7,24.8,35.90000000000001,0
2024-04-21,1.5,36.7,24.1,36.10000000000001,1
2024-04-22,2.3,36.8,24.1,38.30000000000001,1
2024-04-23,0.0,37.2,23.6,38.30000000000001,1
2024-04-24,0.8,37.3,24.4,39.10000000000001,1
2024-04-25,0.0,36.3,24.1,37.80000000000001,1
2024-04-26,0.0,36.0,24.4,26.50000000000001,1
2024-04-27,1.1,36.1,24.8,25.30000000000001,1
2024-04-28,1.7,35.8,25.3,25.900000000000013,1
2024-04-29,6.2,35.6,25.2,21.80000000000001,1
2024-04-30,2.1,34.1,24.6,22.100000000000012,0
2024-05-01,0.5,35.3,24.1,20.900000000000013,1
2024-05-02,0.1,36.2,25.5,19.00000000000001,1
2024-05-03,0.0,35.9,25.3,18.40000000000001,1
2024-05-04,0.8,35.4,25.4,17.100000000000012,1
2024-05-05,1.4,36.4,25.8,17.00000000000001,1
2024-05-06,2.3,36.5,25.7,17.00000000000001,1
2024-05-07,3.2,35.9,24.8,20.20000000000001,1
2024-05-08,26.5,35.2,24.8,45.900000000000006,1
2024-05-09,22.8,34.3,24.0,68.70000000000002,0
2024-05-10,15.7,32.8,23.5,84.4,0
2024-05-11,17.4,32.7,24.6,100.70000000000002,0
2024-05-12,19.8,29.5,24.4,118.80000000000001,0
2024-05-13,12.1,32.3,24.3,124.7,0
2024-05-14,29.5,31.9,23.5,152.10000000000002,0
2024-05-15,22.9,31.2,24.7,174.5,0
2024-05-16,14.9,30.0,24.4,189.3,0
2024-05-17,7.1,31.1,24.0,196.40000000000003,0
2024-05-18,24.2,28.8,23.3,219.8,0
2024-05-19,6.7,29.1,23.2,225.1,0
2024-05-20,14.0,25.7,23.4,236.8,0
2024-05-21,1.7,28.5,24.7,235.3,0
2024-05-22,7.3,27.9,23.9,216.1,0
2024-05-23,9.7,27.8,23.8,203.00000000000003,0
2024-05-24,15.4,28.7,24.3,202.7,0
2024-05-25,12.0,27.7,23.8,197.3,0
2024-05-26,2.0,29.0,23.9,179.5,0
2024-05-27,0.1,29.4,23.8,167.50000000000003,0
2024-05-28,0.5,29.8,24.2,138.50000000000003,0
2024-05-29,0.3,29.7,25.1,115.9,0
2024-05-30,0.9,29.7,24.6,101.9,0
2024-05-31,0.6,31.5,25.5,95.4,0
2024-06-01,0.5,30.1,24.9,71.7,0
2024-06-02,2.1,29.3,25.3,67.10000000000001,0
2024-06-03,0.8,29.5,24.2,53.90000000000001,0
2024-06-04,0.9,30.1,24.3,53.10000000000001,0
2024-06-05,0.5,30.4,24.2,46.30000000000001,0
2024-06-06,3.1,30.9,24.0,39.70000000000001,0
2024-06-07,0.9,30.6,24.1,25.200000000000014,0
2024-06-08,0.6,29.7,23.9,13.800000000000015,0
2024-06-09,1.1,29.2,23.3,12.900000000000015,0
2024-06-10,0.5,29.9,24.4,13.300000000000015,0
2024-06-11,0.8,30.5,24.6,13.600000000000016,0
2024-06-12,0.5,29.6,24.0,13.800000000000015,0
2024-06-13,0.1,30.8,24.8,13.000000000000014,0
2024-06-14,0.5,30.4,24.4,12.900000000000015,0
2024-06-15,0.1,30.7,23.9,12.500000000000014,0
2024-06-16,0.0,31.1,23.9,10.400000000000015,0
2024-06-17,1.0,31.0,24.2,10.600000000000014,0
2024-06-18,1.2,30.3,24.4,10.900000000000015,0
2024-06-19,1.5,29.6,24.2,11.900000000000015,0
2024-06-20,2.3,29.6,23.9,11.100000000000014,0
2024-06-21,1.5,29.8,24.1,11.700000000000014,0
2024-06-22,1.9,30.8,23.7,13.000000000000014,0
2024-06-23,3.2,29.5,23.9,15.100000000000014,0
2024-06-24,2.9,29.6,23.5,17.500000000000014,0
2024-06-25,2.3,28.0,23.2,19.000000000000014,0
2024-06-26,2.5,27.9,23.0,21.000000000000014,0
2024-06-27,0.9,30.1,23.6,21.800000000000015,0
2024-06-28,0.0,31.0,23.9,21.300000000000015,0
2024-06-29,0.7,30.7,24.1,21.900000000000013,0
2024-06-30,0.5,31.1,24.1,22.400000000000013,0
2024-07-01,1.7,29.8,23.8,23.100000000000016,0
2024-07-02,0.0,31.3,24.6,21.900000000000013,0
2024-07-03,0.3,31.9,24.6,20.700000000000014,0
2024-07-04,1.4,30.1,24.5,19.800000000000015,0
2024-07-05,1.5,29.3,23.2,19.800000000000015,0
2024-07-06,0.0,29.4,23.4,17.900000000000016,0
2024-07-07,0.6,29.9,24.4,15.300000000000015,0
2024-07-08,1.2,30.0,23.9,13.600000000000014,0
2024-07-09,0.6,30.4,24.4,11.900000000000015,0
2024-07-10,0.1,31.7,24.0,9.500000000000012,0
2024-07-11,0.0,31.7,24.1,8.600000000000014,0
2024-07-12,1.3,30.4,24.5,9.900000000000015,0
2024-07-13,3.5,28.7,23.8,12.700000000000014,0
2024-07-14,0.9,31.0,23.8,13.100000000000014,0
2024-07-15,2.6,27.9,24.1,14.000000000000014,0
2024-07-16,1.1,28.4,23.0,15.100000000000014,0
2024-07-17,2.8,28.6,24.4,17.600000000000012,0
2024-07-18,2.3,26.9,24.5,18.500000000000014,0
2024-07-19,0.2,30.9,24.4,17.200000000000014,0
2024-07-20,0.4,31.3,24.5,17.600000000000016,0
2024-07-21,0.0,32.2,24.8,17.000000000000014,0
2024-07-22,0.7,31.7,24.6,16.500000000000014,0
2024-07-23,0.0,32.3,24.6,15.900000000000015,0
2024-07-24,0.0,32.4,25.0,15.800000000000015,0
2024-07-25,2.0,31.8,24.6,17.800000000000015,0
2024-07-26,0.2,32.1,25.0,16.700000000000014,0
2024-07-27,0.4,32.3,24.9,13.600000000000014,0
2024-07-28,0.4,32.0,24.5,13.100000000000014,0
2024-07-29,1.4,31.0,24.2,11.900000000000015,0
2024-07-30,0.8,30.9,23.7,11.600000000000014,0
2024-07-31,3.4,30.7,23.9,12.200000000000014,0
2024-08-01,0.4,31.3,24.4,10.300000000000015,0
2024-08-02,1.6,29.6,24.1,11.700000000000014,0
2024-08-03,3.6,30.8,24.5,14.900000000000015,0
2024-08-04,3.4,32.6,24.4,18.300000000000015,0
2024-08-05,1.9,32.6,23.9,19.500000000000014,0
2024-08-06,1.5,32.0,23.7,21.000000000000014,0
2024-08-07,2.8,31.8,24.5,23.800000000000015,0
2024-08-08,3.6,31.8,24.2,25.400000000000013,0
2024-08-09,0.3,32.3,23.7,25.500000000000014,0
2024-08-10,5.8,31.0,24.0,30.900000000000013,0
2024-08-11,0.7,30.8,24.4,31.20000000000001,0
2024-08-12,27.0,33.2,23.4,56.80000000000001,0
2024-08-13,3.4,31.2,22.8,59.40000000000001,0
2024-08-14,0.9,29.1,23.6,56.90000000000001,0
2024-08-15,2.0,29.6,23.9,58.50000000000001,0
2024-08-16,11.8,29.7,24.1,68.70000000000002,0
2024-08-17,1.9,29.2,23.8,67.00000000000001,0
2024-08-18,2.7,28.7,23.7,66.30000000000001,0
2024-08-19,11.0,29.7,23.6,75.40000000000002,0
2024-08-20,4.0,29.9,23.0,77.90000000000002,0
2024-08-21,2.4,27.6,23.4,77.5,0
2024-08-22,0.4,30.1,23.2,74.30000000000001,0
2024-08-23,0.8,31.4,23.8,74.80000000000001,0
2024-08-24,0.2,30.7,23.6,69.20000000000002,0
2024-08-25,1.3,31.1,23.8,69.80000000000001,0
2024-08-26,0.0,31.5,23.6,42.80000000000002,0
2024-08-27,0.1,31.6,24.2,39.500000000000014,0
2024-08-28,0.8,31.0,24.6,39.40000000000002,0
2024-08-29,2.1,30.4,23.8,39.50000000000002,0
2024-08-30,4.0,28.9,23.8,31.700000000000014,0
2024-08-31,3.7,29.8,22.8,33.500000000000014,0
2024-09-01,1.7,29.9,23.3,32.500000000000014,0
2024-09-02,1.6,30.8,23.9,23.100000000000012,0
2024-09-03,2.5,28.3,23.3,21.600000000000016,0
2024-09-04,0.8,29.2,23.7,20.000000000000014,0
2024-09-05,0.2,31.5,24.1,19.800000000000015,0
2024-09-06,1.6,30.3,24.1,20.600000000000016,0
2024-09-07,0.9,31.1,24.3,21.300000000000015,0
2024-09-08,1.3,30.3,23.4,21.300000000000015,0
2024-09-09,0.8,31.0,23.6,22.100000000000016,0
2024-09-10,3.2,30.1,22.9,25.200000000000014,0
2024-09-11,0.8,30.8,23.9,25.200000000000014,0
2024-09-12,0.0,32.2,23.5,23.100000000000016,0
2024-09-13,0.2,32.7,24.6,19.300000000000015,0
2024-09-14,1.1,31.1,24.2,16.700000000000017,0
2024-09-15,3.3,31.4,24.7,18.300000000000015,0
2024-09-16,1.7,31.4,23.1,18.400000000000013,0
2024-09-17,0.0,32.8,24.3,15.900000000000016,0
2024-09-18,0.0,32.4,24.1,15.100000000000016,0
2024-09-19,2.2,30.6,23.6,17.100000000000016,0
2024-09-20,0.3,32.7,23.9,15.800000000000017,0
2024-09-21,0.0,32.6,23.3,14.900000000000016,0
2024-09-22,0.0,31.7,23.6,13.600000000000016,0
2024-09-23,0.3,32.2,23.9,13.100000000000016,0
2024-09-24,1.3,31.6,24.1,11.200000000000015,0
2024-09-25,2.3,31.4,24.1,12.700000000000014,0
2024-09-26,0.0,33.9,24.8,12.700000000000014,0
2024-09-27,1.4,33.1,24.2,13.900000000000015,0
2024-09-28,9.9,34.2,23.7,22.700000000000017,0
2024-09-29,1.0,33.3,23.1,20.400000000000013,0
2024-09-30,8.4,34.2,23.3,27.100000000000016,0
2024-10-01,3.0,33.7,23.2,30.100000000000016,0
2024-10-02,1.2,33.9,23.3,31.300000000000015,0
2024-10-03,0.3,32.9,24.0,29.400000000000016,0
2024-10-04,1.4,33.8,23.9,30.500000000000014,0
2024-10-05,1.3,33.2,24.5,31.800000000000015,0
2024-10-06,1.6,33.6,24.1,33.40000000000001,0
2024-10-07,15.9,28.9,22.3,49.00000000000002,0
2024-10-08,0.6,29.7,22.7,48.30000000000002,0
2024-10-09,7.3,31.9,23.1,53.30000000000002,0
2024-10-10,12.4,31.1,22.4,65.70000000000002,0
2024-10-11,12.5,27.1,23.1,76.80000000000001,0
2024-10-12,2.0,29.0,22.6,68.90000000000002,0
2024-10-13,9.8,28.2,22.8,77.70000000000002,0
2024-10-14,6.2,27.1,22.5,75.50000000000001,0
2024-10-15,4.6,27.0,22.6,77.10000000000001,0
2024-10-16,2.7,29.4,22.8,78.60000000000001,0
2024-10-17,0.4,30.8,23.6,78.70000000000002,0
2024-10-18,0.3,31.2,23.5,77.60000000000002,0
2024-10-19,0.7,29.7,23.5,77.00000000000001,0
2024-10-20,2.8,30.9,23.2,78.20000000000002,0
2024-10-21,4.7,29.8,23.2,67.00000000000001,0
2024-10-22,8.9,29.6,23.2,75.30000000000001,0
2024-10-23,19.1,28.6,22.9,87.10000000000002,0
2024-10-24,0.8,29.9,22.2,75.50000000000001,0
2024-10-25,2.4,31.2,23.0,65.40000000000002,0
2024-10-26,15.2,29.7,22.4,78.60000000000002,0
2024-10-27,3.4,29.8,22.6,72.20000000000002,0
2024-10-28,2.2,29.6,22.6,68.20000000000002,0
2024-10-29,3.7,30.2,23.4,67.30000000000001,0
2024-10-30,7.1,31.1,23.4,71.70000000000002,0
2024-10-31,14.1,31.5,22.9,85.40000000000002,0
2024-11-01,23.5,28.6,22.8,108.60000000000001,0
2024-11-02,18.5,29.1,22.1,126.40000000000002,0
2024-11-03,22.9,30.2,21.6,146.5,0
2024-11-04,15.3,28.6,21.8,157.10000000000002,0
2024-11-05,0.1,30.4,21.2,148.3,0
2024-11-06,0.0,30.7,21.4,129.20000000000002,0
2024-11-07,7.0,28.7,22.1,135.4,0
2024-11-08,30.2,26.4,22.3,163.2,0
2024-11-09,1.5,28.2,22.3,149.5,0
2024-11-10,2.1,29.6,21.0,148.20000000000002,0
2024-11-11,1.3,29.4,22.1,147.3,0
2024-11-12,3.3,29.7,22.1,146.9,0
2024-11-13,2.3,31.5,22.9,142.10000000000002,0
2024-11-14,10.2,30.6,22.0,138.20000000000002,0
2024-11-15,19.1,27.9,22.7,133.8,0
2024-11-16,0.6,30.1,21.8,115.90000000000002,0
2024-11-17,1.1,30.2,23.0,94.10000000000002,0
2024-11-18,6.3,29.6,22.1,85.10000000000001,0
2024-11-19,4.5,29.5,22.6,89.50000000000001,0
2024-11-20,5.9,28.2,22.2,95.40000000000002,0
2024-11-21,5.9,28.6,22.8,94.30000000000001,0
2024-11-22,16.7,26.8,22.5,80.80000000000001,0
2024-11-23,0.8,29.1,22.1,80.10000000000001,0
2024-11-24,20.9,26.7,21.7,98.90000000000002,0
2024-11-25,77.1,23.6,21.8,174.7,0
2024-11-26,90.4,23.5,22.0,261.8,0
2024-11-27,66.7,24.3,22.3,326.20000000000005,0
2024-11-28,18.0,25.1,21.3,334.0,0
2024-11-29,20.7,26.2,21.5,335.6,0
2024-11-30,0.1,25.9,22.1,335.1,0
2024-12-01,0.1,28.6,23.3,334.1,0
2024-12-02,0.0,29.3,23.7,327.8,0
2024-12-03,0.0,28.6,22.8,323.3,0
2024-12-04,1.3,29.2,21.8,318.70000000000005,0
2024-12-05,1.2,29.5,21.4,314.0,0
2024-12-06,0.2,29.3,23.1,297.5,0
2024-12-07,0.5,28.8,22.5,297.2,0
2024-12-08,1.2,28.0,22.0,277.5,0
2024-12-09,0.2,29.1,21.7,200.60000000000002,0
2024-12-10,10.4,28.3,22.5,120.60000000000002,0
2024-12-11,3.2,27.2,22.8,57.100000000000016,0
2024-12-12,12.7,27.8,22.3,51.80000000000001,0
2024-12-13,28.8,28.7,22.0,59.90000000000002,0
2024-12-14,13.0,27.6,21.9,72.80000000000001,0
2024-12-15,0.4,28.2,21.8,73.10000000000002,0
2024-12-16,125.4,23.5,22.7,198.50000000000003,0
2024-12-17,16.1,25.8,22.2,214.60000000000002,0
2024-12-18,2.3,28.3,22.0,215.60000000000002,0
2024-12-19,1.5,28.0,22.7,215.90000000000003,0
2024-12-20,8.0,28.8,23.5,223.70000000000002,0
2024-12-21,2.5,28.4,22.7,225.70000000000002,0
2024-12-22,1.7,28.9,23.0,226.20000000000002,0
2024-12-23,0.0,28.7,21.5,226.00000000000003,0
2024-12-24,0.0,28.5,20.9,215.60000000000002,0
2024-12-25,0.0,28.8,20.9,212.4,0
2024-12-26,0.1,28.5,20.8,199.8,0
2024-12-27,11.8,28.1,20.7,182.8,0
2024-12-28,0.8,28.6,22.1,170.60000000000002,0
2024-12-29,6.3,27.8,21.6,176.50000000000003,0
2024-12-30,11.0,27.0,22.7,62.100000000000016,0
2024-12-31,16.0,25.9,22.2,62.000000000000014,0
2025-01-01,21.8,25.1,21.7,81.50000000000001,0
2025-01-02,0.7,26.5,21.5,80.70000000000002,0
2025-01-03,0.0,27.3,21.4,72.70000000000002,0
2025-01-04,0.0,25.7,20.5,70.20000000000002,0
2025-01-05,0.0,28.2,21.4,68.50000000000001,0
2025-01-06,0.0,28.4,20.4,68.50000000000001,0
2025-01-07,0.0,28.9,21.7,68.50000000000001,0
2025-01-08,2.4,27.1,22.4,70.90000000000002,0
2025-01-09,1.0,27.3,21.6,71.80000000000003,0
2025-01-10,3.5,27.2,22.4,63.50000000000001,0
2025-01-11,93.2,24.8,20.9,155.9,0
2025-01-12,15.9,25.9,21.6,165.5,0
2025-01-13,1.9,27.6,22.0,156.4,0
2025-01-14,24.9,23.8,22.0,165.3,0
2025-01-15,6.3,25.2,21.9,149.8,0
2025-01-16,9.6,25.4,21.6,158.70000000000002,0
2025-01-17,2.0,27.4,21.4,160.70000000000002,0
2025-01-18,20.5,24.6,21.9,181.20000000000002,0
2025-01-19,49.4,23.2,21.7,230.60000000000002,0
2025-01-20,6.8,26.8,21.9,237.4,0
2025-01-21,13.0,25.6,22.1,250.4,0
2025-01-22,7.7,26.3,21.7,255.70000000000005,0
2025-01-23,0.3,27.6,21.8,255.00000000000003,0
2025-01-24,5.6,27.5,21.5,257.1,0
2025-01-25,3.1,26.1,21.4,167.00000000000003,0
2025-01-26,2.2,27.8,22.2,153.3,0
2025-01-27,0.0,27.2,20.8,151.4,0
2025-01-28,1.4,26.8,20.2,127.9,0
2025-01-29,7.1,27.5,21.5,128.70000000000002,0
2025-01-30,12.4,27.8,22.4,131.50000000000003,0
2025-01-31,2.2,27.4,23.0,131.70000000000002,0
2025-02-01,0.3,29.2,22.9,111.50000000000003,0
2025-02-02,0.0,28.8,21.9,62.100000000000016,0
2025-02-03,0.2,28.4,21.0,55.50000000000002,0
2025-02-04,0.0,27.6,20.2,42.500000000000014,0
2025-02-05,0.5,27.6,20.8,35.30000000000002,0
2025-02-06,0.3,28.3,22.2,35.30000000000001,0
2025-02-07,0.0,28.8,21.6,29.700000000000017,0
2025-02-08,0.0,28.5,20.3,26.600000000000016,0
2025-02-09,1.9,28.2,21.2,26.300000000000015,0
2025-02-10,0.0,28.6,20.2,26.300000000000015,0
2025-02-11,2.6,28.2,21.2,27.500000000000014,0
2025-02-12,1.2,28.5,22.4,21.600000000000016,0
2025-02-13,0.1,29.3,20.5,9.300000000000015,0
2025-02-14,0.0,29.0,19.7,7.100000000000014,0
2025-02-15,0.0,29.1,20.3,6.800000000000014,0
2025-02-16,0.0,28.8,19.7,6.800000000000014,0
2025-02-17,0.0,30.1,19.6,6.600000000000014,0
2025-02-18,0.0,30.1,21.0,6.600000000000014,0
2025-02-19,0.0,29.8,21.1,6.100000000000014,0
2025-02-20,0.0,30.3,21.4,5.800000000000014,0
2025-02-21,0.0,30.3,21.3,5.800000000000014,0
2025-02-22,0.0,30.3,21.6,5.800000000000014,0
2025-02-23,0.0,30.3,21.1,3.9000000000000137,0
2025-02-24,0.0,30.3,21.6,3.9000000000000137,0
2025-02-25,1.3,28.5,22.2,2.6000000000000143,0
2025-02-26,5.5,27.5,22.1,6.900000000000015,0
2025-02-27,6.7,27.8,22.1,13.500000000000014,0
2025-02-28,7.9,26.3,21.7,21.400000000000016,0
2025-03-01,6.5,29.0,21.8,27.900000000000016,0
2025-03-02,1.9,28.4,21.8,29.800000000000015,0
2025-03-03,0.9,29.2,22.2,30.700000000000017,0
2025-03-04,0.0,30.2,22.6,30.700000000000017,0
2025-03-05,0.0,31.1,22.0,30.700000000000017,0
2025-03-06,0.0,32.2,20.1,30.700000000000017,0
2025-03-07,0.0,31.9,19.1,30.700000000000017,0
2025-03-08,0.0,30.9,20.3,30.700000000000017,0
2025-03-09,0.0,30.0,21.2,30.700000000000017,0
2025-03-10,2.6,27.1,21.6,33.30000000000002,0
2025-03-11,19.7,26.7,22.4,51.70000000000002,0
2025-03-12,4.7,30.6,22.2,50.90000000000002,0
2025-03-13,0.2,30.7,21.7,44.40000000000001,0
2025-03-14,0.3,31.6,22.1,36.80000000000002,0
2025-03-15,7.7,31.1,20.9,38.000000000000014,0
2025-03-16,5.7,27.3,23.0,41.80000000000001,0
2025-03-17,6.1,30.2,21.6,47.000000000000014,0
2025-03-18,0.6,31.5,23.0,47.600000000000016,0
2025-03-19,2.8,30.4,22.3,50.40000000000001,0
2025-03-20,3.4,30.9,22.6,53.80000000000001,0
2025-03-21,0.0,31.2,23.9,53.80000000000001,0
2025-03-22,3.6,31.6,24.3,57.40000000000001,0
2025-03-23,0.0,31.8,23.1,57.40000000000001,0
2025-03-24,0.2,31.6,23.0,55.000000000000014,0
2025-03-25,6.6,31.6,22.9,41.90000000000001,0
2025-03-26,0.0,31.9,22.5,37.20000000000002,0
2025-03-27,0.2,32.4,23.2,37.20000000000001,0
2025-03-28,0.0,32.4,22.9,36.90000000000001,0
2025-03-29,0.0,33.0,23.3,29.20000000000001,0
2025-03-30,0.1,32.9,22.2,23.600000000000012,0
2025-03-31,0.4,31.7,22.8,17.900000000000013,0
2025-04-01,9.6,30.8,23.8,26.900000000000013,0
2025-04-02,16.6,29.8,23.1,40.70000000000002,0
2025-04-03,14.5,30.5,22.8,51.80000000000001,0
2025-04-04,36.0,30.1,22.1,87.80000000000001,0
2025-04-05,1.8,30.4,22.1,86.00000000000001,0
2025-04-06,16.5,30.7,22.6,102.50000000000001,0
2025-04-07,8.0,30.8,22.7,110.30000000000001,0
2025-04-08,0.8,31.3,23.1,104.5,0
2025-04-09,0.9,31.4,22.6,105.4,0
2025-04-10,11.5,29.3,23.2,116.70000000000002,0
2025-04-11,0.4,29.4,23.9,117.10000000000002,0
2025-04-12,5.9,30.6,23.7,123.00000000000001,0
2025-04-13,1.4,31.6,24.3,124.30000000000001,0
2025-04-14,9.8,31.9,23.3,133.70000000000002,0
2025-04-15,0.8,32.0,23.3,124.9,0
2025-04-16,8.0,31.8,23.7,116.30000000000001,0
2025-04-17,0.7,32.3,23.3,102.50000000000001,0
2025-04-18,1.5,32.2,24.8,68.00000000000001,0
2025-04-19,1.1,32.8,24.5,67.30000000000003,0
2025-04-20,0.7,33.3,24.0,51.50000000000002,0
2025-04-21,10.1,33.3,24.0,53.60000000000001,0
2025-04-22,1.5,32.4,23.5,54.30000000000001,0
2025-04-23,2.0,32.3,24.4,55.40000000000002,0
2025-04-24,3.7,32.5,24.4,47.600000000000016,0
2025-04-25,5.2,33.0,23.8,52.40000000000002,0
2025-04-26,0.6,32.9,24.0,47.100000000000016,0
2025-04-27,11.5,32.0,23.8,57.20000000000002,0
2025-04-28,14.1,31.9,23.1,61.500000000000014,0
2025-04-29,20.2,31.0,22.9,80.9,0
2025-04-30,4.1,29.3,23.5,77.00000000000001,0
2025-05-01,1.4,31.2,23.1,77.7,0
2025-05-02,6.5,31.7,24.4,82.70000000000002,0
2025-05-03,1.2,31.1,24.2,82.80000000000001,0
2025-05-04,0.1,31.9,23.6,82.20000000000002,0
2025-05-05,10.8,33.0,23.9,82.90000000000002,0
2025-05-06,2.4,32.4,24.1,83.80000000000003,0
2025-05-07,0.5,31.5,23.8,82.30000000000003,0
2025-05-08,0.5,30.9,24.3,79.10000000000002,0
2025-05-09,0.3,32.9,25.0,74.20000000000002,0
2025-05-10,0.3,31.8,24.8,73.90000000000002,0
2025-05-11,0.0,32.7,24.6,62.40000000000002,0
2025-05-12,0.3,32.1,24.5,48.600000000000016,0
2025-05-13,0.5,32.4,25.1,28.900000000000016,0
2025-05-14,0.7,33.1,25.0,25.500000000000018,0
2025-05-15,0.1,32.2,25.5,24.200000000000017,0
2025-05-16,1.4,31.3,25.3,19.100000000000016,0
2025-05-17,0.7,29.7,24.1,18.600000000000016,0
2025-05-18,3.0,30.0,23.4,21.500000000000014,0
2025-05-19,1.8,29.8,23.3,12.500000000000014,0
2025-05-20,2.2,29.8,23.9,12.300000000000015,0
2025-05-21,1.2,29.6,24.0,13.000000000000014,0
2025-05-22,0.6,31.9,25.1,13.100000000000014,0
2025-05-23,1.1,31.3,24.9,13.900000000000015,0
2025-05-24,1.9,29.5,24.8,15.500000000000014,0
2025-05-25,0.6,29.7,24.1,16.100000000000016,0
2025-05-26,1.6,30.2,23.4,17.400000000000013,0
2025-05-27,1.6,28.7,23.2,18.500000000000014,0
2025-05-28,1.7,31.0,24.5,19.500000000000014,0
2025-05-29,2.1,30.9,24.2,21.500000000000014,0
2025-05-30,5.9,28.8,23.6,26.000000000000014,0
2025-05-31,5.1,28.7,23.5,30.400000000000016,0
2025-06-01,1.1,30.5,24.6,28.500000000000014,0
2025-06-02,0.0,32.0,24.8,26.700000000000014,0
2025-06-03,1.5,31.8,24.7,26.000000000000014,0
2025-06-04,0.3,31.3,24.8,25.100000000000016,0
2025-06-05,1.3,32.5,25.0,25.800000000000015,0
2025-06-06,0.0,32.6,24.7,24.700000000000014,0
2025-06-07,0.0,32.0,24.1,22.800000000000015,0
2025-06-08,0.0,32.4,24.6,22.200000000000014,0
2025-06-09,0.0,32.3,24.4,20.600000000000016,0
2025-06-10,2.7,30.0,23.9,21.700000000000014,0
2025-06-11,3.5,27.9,22.5,23.500000000000014,0
2025-06-12,4.0,28.9,22.8,25.400000000000013,0
2025-06-13,3.6,28.8,23.1,23.100000000000016,0
2025-06-14,7.0,29.0,23.2,25.000000000000014,0
2025-06-15,8.1,27.3,22.7,32.000000000000014,0
2025-06-16,2.6,28.1,22.4,34.600000000000016,0
2025-06-17,0.0,29.0,23.8,33.100000000000016,0
2025-06-18,0.1,30.5,24.6,32.90000000000001,0
2025-06-19,1.4,30.4,24.3,33.000000000000014,0
2025-06-20,0.6,29.2,24.4,33.600000000000016,0
2025-06-21,0.2,29.8,24.3,33.80000000000001,0
2025-06-22,0.5,30.6,24.3,34.30000000000001,0
2025-06-23,0.6,30.8,23.4,34.90000000000001,0
2025-06-24,0.4,31.1,24.6,32.60000000000001,0
2025-06-25,0.5,30.1,24.3,29.600000000000016,0
2025-06-26,1.1,30.8,23.9,26.700000000000017,0
2025-06-27,0.0,31.5,24.7,23.100000000000016,0
2025-06-28,0.4,30.3,24.3,16.500000000000014,0
2025-06-29,0.0,31.2,24.1,8.400000000000015,0
2025-06-30,0.0,32.3,24.9,5.800000000000015,0
2025-07-01,0.1,32.4,24.1,5.900000000000015,0
2025-07-02,0.4,32.2,24.2,6.200000000000014,0
2025-07-03,0.4,31.7,24.9,5.200000000000015,0
2025-07-04,0.0,32.5,24.8,4.600000000000014,0
2025-07-05,0.0,32.6,25.2,4.400000000000015,0
2025-07-06,0.4,31.6,24.1,4.300000000000015,0
2025-07-07,0.0,32.6,24.7,3.7000000000000144,0
2025-07-08,0.0,32.8,24.6,3.3000000000000145,0
2025-07-09,0.0,33.3,25.0,2.8000000000000145,0
2025-07-10,0.7,34.1,24.5,2.4000000000000146,0
2025-07-11,0.1,32.7,24.7,2.5000000000000147,0
2025-07-12,1.7,31.2,23.5,3.8000000000000145,0
2025-07-13,0.3,32.0,24.8,4.100000000000015,0
2025-07-14,3.7,29.7,24.0,7.800000000000015,0
2025-07-15,0.2,31.9,24.2,7.900000000000014,0
2025-07-16,0.9,31.1,24.4,8.400000000000015,0
2025-07-17,0.3,32.1,24.1,8.300000000000015,0
2025-07-18,1.9,30.7,24.1,10.200000000000014,0
2025-07-19,0.9,31.4,23.9,11.100000000000014,0
2025-07-20,5.5,29.5,23.4,16.200000000000014,0
2025-07-21,2.3,28.4,23.0,18.500000000000014,0
2025-07-22,3.7,26.7,22.7,22.200000000000014,0
2025-07-23,5.6,28.0,22.3,27.80000000000001,0
2025-07-24,5.9,27.6,22.5,33.000000000000014,0
2025-07-25,2.1,29.6,23.5,35.000000000000014,0
2025-07-26,1.3,29.6,22.8,34.600000000000016,0
2025-07-27,0.1,30.9,23.7,34.40000000000001,0
2025-07-28,1.3,32.6,24.0,32.000000000000014,0
2025-07-29,0.9,33.4,24.1,32.70000000000002,0
2025-07-30,0.8,33.7,24.9,32.600000000000016,0
2025-07-31,0.6,31.8,24.5,32.90000000000001,0
2025-08-01,5.4,32.8,24.0,36.40000000000001,0
2025-08-02,1.8,30.9,24.0,37.30000000000002,0
2025-08-03,1.2,28.3,23.1,33.000000000000014,0
2025-08-04,1.2,31.1,23.6,31.900000000000013,0
2025-08-05,2.8,29.9,23.9,31.000000000000014,0
2025-08-06,0.0,32.3,23.6,25.400000000000013,0
2025-08-07,0.9,31.7,24.3,20.400000000000016,0
2025-08-08,1.9,30.6,23.9,20.200000000000014,0
2025-08-09,0.3,31.3,23.9,19.200000000000017,0
2025-08-10,0.1,32.0,23.5,19.200000000000014,0
2025-08-11,0.5,30.9,23.1,18.400000000000013,0
2025-08-12,1.9,29.9,23.0,19.400000000000016,0
2025-08-13,4.3,29.4,22.9,22.900000000000013,0
2025-08-14,1.1,30.7,23.6,23.400000000000013,0
2025-08-15,2.1,30.5,23.2,20.100000000000016,0
2025-08-16,1.0,30.7,23.3,19.300000000000015,0
2025-08-17,2.1,29.8,23.1,20.200000000000014,0
2025-08-18,1.9,30.9,22.1,20.900000000000016,0
2025-08-19,0.0,33.4,23.7,18.100000000000016,0
2025-08-20,0.0,34.4,24.1,18.100000000000016,0
2025-08-21,0.0,34.8,23.8,17.200000000000014,0
2025-08-22,1.2,34.6,23.5,16.500000000000014,0
2025-08-23,0.5,32.1,24.1,16.700000000000014,0
2025-08-24,0.0,33.4,24.1,16.600000000000016,0
2025-08-25,4.5,36.2,24.2,20.600000000000016,1
2025-08-26,0.0,32.7,23.7,18.700000000000014,0
2025-08-27,1.1,31.4,23.9,15.500000000000014,0
2025-08-28,1.4,32.3,22.7,15.800000000000015,0
2025-08-29,1.7,33.2,22.5,15.400000000000013,0
2025-08-30,2.0,31.6,23.6,16.400000000000013,0
2025-08-31,1.1,31.5,24.2,15.400000000000015,0
2025-09-01,2.8,33.3,23.9,16.300000000000015,0
2025-09-02,0.0,33.8,24.2,16.300000000000015,0
2025-09-03,0.0,32.9,24.1,16.300000000000015,0
2025-09-04,0.0,33.6,23.5,16.300000000000015,0
2025-09-05,0.0,34.2,23.9,15.100000000000014,0
2025-09-06,2.2,34.5,23.9,16.800000000000015,0
2025-09-07,0.4,34.3,24.5,17.200000000000014,0
2025-09-08,15.6,35.1,23.4,28.300000000000015,1
2025-09-09,5.9,33.0,23.5,34.20000000000002,0
2025-09-10,2.2,31.1,23.7,35.30000000000001,0
2025-09-11,0.0,31.8,23.7,33.90000000000001,0
2025-09-12,0.3,32.8,23.7,32.500000000000014,0
2025-09-13,0.0,33.2,24.4,30.500000000000018,0
2025-09-14,1.1,31.9,24.0,30.500000000000014,0
2025-09-15,1.8,31.4,24.1,29.500000000000018,0
2025-09-16,3.2,31.0,24.1,32.70000000000002,0
2025-09-17,5.8,30.3,24.2,38.500000000000014,0
2025-09-18,4.1,29.9,23.9,42.600000000000016,0
2025-09-19,1.3,30.3,23.3,43.90000000000001,0
2025-09-20,0.7,32.1,23.7,42.40000000000002,0
2025-09-21,1.7,31.5,23.1,43.70000000000001,0
2025-09-22,1.6,32.7,23.1,29.700000000000017,0
2025-09-23,0.0,33.4,23.3,23.800000000000015,0
2025-09-24,3.5,29.9,23.5,25.100000000000016,0
2025-09-25,3.4,30.3,23.5,28.500000000000018,0
2025-09-26,4.3,29.9,22.8,32.500000000000014,0
2025-09-27,0.3,31.1,23.9,32.80000000000002,0
2025-09-28,0.5,32.2,23.6,32.20000000000002,0
2025-09-29,2.5,31.9,23.9,32.90000000000002,0
2025-09-30,0.0,33.0,24.2,29.700000000000014,0
2025-10-01,0.0,33.7,24.2,23.900000000000013,0
2025-10-02,0.0,34.1,24.6,19.800000000000015,0
2025-10-03,0.0,35.4,24.9,18.500000000000014,1
2025-10-04,9.7,31.7,22.4,27.500000000000014,0
2025-10-05,1.9,30.7,22.2,27.700000000000014,0
2025-10-06,1.1,31.9,23.6,27.200000000000014,0
2025-10-07,1.6,32.6,24.1,28.800000000000015,0
2025-10-08,8.4,31.6,23.5,33.70000000000002,0
2025-10-09,0.3,32.3,24.0,30.600000000000016,0
2025-10-10,0.0,33.0,23.4,26.300000000000015,0
2025-10-11,1.0,31.9,23.0,27.000000000000014,0
2025-10-12,7.3,33.0,22.5,33.80000000000001,0
2025-10-13,11.6,32.7,23.0,42.90000000000001,0
2025-10-14,7.5,30.9,23.0,50.40000000000001,0
2025-10-15,33.5,30.8,22.9,83.9,0
2025-10-16,20.0,30.3,22.7,103.9,0
2025-10-17,16.1,30.7,22.9,120.00000000000001,0
2025-10-18,32.9,30.4,22.8,143.20000000000002,0
2025-10-19,34.9,30.2,22.3,176.2,0
2025-10-20,71.6,28.9,22.8,246.7,0
2025-10-21,62.3,26.5,22.3,307.4,0
2025-10-22,3.6,27.8,22.7,302.6,0
2025-10-23,10.5,26.3,22.1,312.8,0
2025-10-24,7.0,27.7,22.5,319.8,0
2025-10-25,1.3,27.8,22.6,320.1,0
2025-10-26,0.0,28.9,23.4,312.8,0
2025-10-27,0.1,28.6,23.8,301.29999999999995,0
2025-10-28,3.2,28.3,23.7,297.0,0
2025-10-29,0.4,29.7,24.0,263.9,0
2025-10-30,0.0,30.2,23.6,243.9,0
2025-10-31,0.0,30.7,23.3,227.8,0
2025-11-01,0.6,31.2,23.1,195.5,0
2025-11-02,0.2,30.8,23.4,160.8,0
2025-11-03,0.0,31.2,22.9,89.20000000000002,0
2025-11-04,0.0,30.8,23.7,26.900000000000013,0
2025-11-05,0.0,30.2,23.6,23.30000000000001,0
2025-11-06,6.1,29.6,22.7,18.900000000000013,0
2025-11-07,10.7,29.3,23.0,22.600000000000012,0
2025-11-08,3.4,29.5,22.4,24.70000000000001,0
2025-11-09,5.0,30.1,22.3,29.70000000000001,0
2025-11-10,11.9,29.0,22.7,41.500000000000014,0
2025-11-11,8.9,29.5,21.9,47.20000000000001,0
2025-11-12,5.6,28.1,22.3,52.40000000000001,0
2025-11-13,4.1,27.7,22.0,56.500000000000014,0
2025-11-14,2.6,27.7,22.0,59.100000000000016,0
2025-11-15,11.6,27.8,22.2,70.10000000000001,0
2025-11-16,8.3,26.9,22.4,78.2,0
2025-11-17,21.3,26.1,22.1,99.5,0
2025-11-18,7.5,27.4,21.8,107.0,0
2025-11-19,0.2,29.7,22.0,107.2,0
2025-11-20,17.4,27.7,22.1,118.50000000000001,0
2025-11-21,8.6,28.9,22.9,116.4,0
2025-11-22,46.6,28.9,22.3,159.60000000000002,0
2025-11-23,25.7,28.1,22.2,180.3,0
2025-11-24,44.7,24.2,22.2,213.10000000000002,0
2025-11-25,25.3,23.9,21.8,229.5,0
2025-11-26,50.8,23.4,21.8,274.7,0
2025-11-27,200.2,22.9,22.3,470.79999999999995,0
2025-11-28,64.7,25.2,21.4,532.9,0
2025-11-29,18.2,23.4,21.0,539.5,0
2025-11-30,0.0,28.7,20.8,531.2,0
2025-12-01,0.1,29.3,21.2,510.0,0
2025-12-02,0.2,29.6,21.6,502.7,0
2025-12-03,1.2,29.5,21.9,503.69999999999993,0
2025-12-04,1.9,29.0,22.2,488.2,0
2025-12-05,8.1,25.9,22.0,487.69999999999993,0
2025-12-06,1.1,28.5,21.4,442.2,0
2025-12-07,1.5,28.5,22.1,418.0,0
2025-12-08,0.7,28.4,21.8,373.99999999999994,0
2025-12-09,13.5,26.4,21.7,362.2,0
2025-12-10,21.1,25.4,21.8,332.5,0
2025-12-11,14.6,25.8,21.7,146.9,0
2025-12-12,5.8,28.2,21.6,88.0,0
2025-12-13,12.6,25.8,21.9,82.4,0
2025-12-14,4.5,26.4,21.3,86.9,0
2025-12-15,3.8,27.1,20.8,90.60000000000001,0
2025-12-16,1.9,28.0,21.7,92.3,0
2025-12-17,10.9,25.7,22.2,102.0,0
2025-12-18,10.5,26.2,22.0,110.60000000000001,0
2025-12-19,4.8,26.9,22.0,107.3,0
2025-12-20,3.2,26.5,21.7,109.4,0
2025-12-21,2.0,26.6,21.0,109.9,0
2025-12-22,0.1,27.8,21.3,109.3,0
2025-12-23,1.6,26.9,20.4,97.4,0
2025-12-24,5.2,26.6,21.1,81.5,0
2025-12-25,0.6,27.5,21.1,67.5,0
2025-12-26,0.0,28.4,20.4,61.7,0
2025-12-27,1.6,26.9,21.8,50.7,0
2025-12-28,1.8,26.6,21.5,48.0,0
2025-12-29,2.3,26.8,22.1,46.5,0
2025-12-30,2.1,27.0,22.0,46.699999999999996,0
2025-12-31,14.1,27.9,21.9,49.9,0
2026-01-01,14.9,26.5,21.9,54.3,0
2026-01-02,1.7,28.2,22.0,51.2,0
2026-01-03,0.5,28.0,22.0,48.5,0
2026-01-04,0.3,27.9,21.2,46.8,0
2026-01-05,12.5,25.4,21.1,59.199999999999996,0
2026-01-06,31.8,23.4,21.9,89.4,0
2026-01-07,1.5,26.7,20.9,85.7,0
2026-01-08,3.3,25.1,20.6,88.4,0
2026-01-09,8.5,25.2,20.9,96.9,0
2026-01-10,2.9,25.6,21.9,98.2,0
2026-01-11,1.2,28.7,21.5,97.60000000000001,0
2026-01-12,5.2,25.9,21.9,100.5,0
2026-01-13,1.8,27.5,21.6,100.2,0
2026-01-14,0.6,28.2,21.5,86.7,0
2026-01-15,0.0,28.1,21.0,71.8,0
2026-01-16,0.0,27.4,20.5,70.10000000000001,0
2026-01-17,0.0,26.9,19.5,69.60000000000001,0
2026-01-18,0.0,27.4,18.9,69.3,0
2026-01-19,0.0,27.3,19.3,56.800000000000004,0
2026-01-20,0.0,27.2,18.9,25.0,0
2026-01-21,0.0,27.5,18.8,23.5,0
2026-01-22,0.8,26.8,18.4,21.0,0
2026-01-23,1.9,26.5,19.8,14.4,0
2026-01-24,1.9,27.2,20.6,13.399999999999999,0
2026-01-25,0.4,29.1,21.8,12.6,0
2026-01-26,0.9,28.5,21.5,8.3,0
2026-01-27,0.7,27.9,21.3,7.2,0
2026-01-28,0.0,27.5,19.3,6.6,0
2026-01-29,0.2,27.8,18.5,6.8,0
2026-01-30,8.5,25.6,20.5,15.3,0
2026-01-31,4.9,25.6,21.8,20.200000000000003,0
2026-02-01,4.8,27.2,21.7,25.0,0
2026-02-02,5.6,27.5,22.3,30.6,0
2026-02-03,2.2,27.6,21.6,32.8,0
2026-02-04,2.6,26.9,21.2,35.4,0
2026-02-05,0.7,27.0,21.6,35.300000000000004,0
2026-02-06,21.0,24.9,21.8,54.4,0
2026-02-07,1.3,27.4,21.9,53.8,0
2026-02-08,0.0,27.9,21.1,53.4,0
2026-02-09,0.0,27.4,19.9,52.5,0
2026-02-10,0.0,27.2,19.2,51.8,0
2026-02-11,0.0,28.0,18.8,51.8,0
2026-02-12,13.6,27.7,20.6,65.2,0
2026-02-13,1.4,26.8,21.5,58.1,0
2026-02-14,10.9,26.4,21.9,64.10000000000001,0
2026-02-15,0.1,26.3,21.5,59.400000000000006,0
2026-02-16,0.0,27.5,20.7,53.800000000000004,0
2026-02-17,8.2,24.1,20.7,59.800000000000004,0
2026-02-18,19.8,23.3,21.5,77.0,0
2026-02-19,5.8,27.7,21.9,82.1,0
2026-02-20,7.6,26.6,22.1,68.7,0
2026-02-21,26.8,27.1,22.3,94.2,0
2026-02-22,18.6,26.4,21.7,112.80000000000001,0
2026-02-23,0.6,29.6,21.9,113.4,0
2026-02-24,0.0,29.4,22.6,113.4,0
2026-02-25,0.2,29.6,21.6,113.60000000000001,0
2026-02-26,0.0,29.6,21.3,100.00000000000001,0
2026-02-27,0.0,30.0,21.1,98.60000000000001,0
2026-02-28,0.0,30.1,21.6,87.7,0
2026-03-01,0.0,29.3,19.5,87.60000000000001,0
2026-03-02,0.0,29.4,18.9,87.60000000000001,0
2026-03-03,0.0,29.2,19.6,79.4,0
2026-03-04,2.4,29.2,21.0,62.00000000000001,0
2026-03-05,0.0,30.1,21.5,56.20000000000001,0
2026-03-06,0.2,31.0,21.5,48.800000000000004,0
2026-03-07,0.0,31.3,22.1,22.000000000000004,0
2026-03-08,0.0,29.7,20.5,3.4000000000000035,0
2026-03-09,0.0,30.2,21.4,2.8000000000000034,0
2026-03-10,0.3,30.4,19.8,3.100000000000003,0
2026-03-11,1.0,29.3,21.9,3.9000000000000035,0
2026-03-12,3.5,29.9,22.2,7.400000000000004,0
2026-03-13,2.6,30.8,22.8,10.000000000000004,0
2026-03-14,0.0,30.4,21.8,10.000000000000004,0
2026-03-15,0.0,30.9,22.2,10.000000000000004,0
2026-03-16,0.1,31.8,22.7,10.100000000000003,0
2026-03-17,3.9,31.4,22.3,14.000000000000004,0
2026-03-18,3.8,32.0,22.9,15.400000000000002,0
2026-03-19,15.6,31.7,22.4,31.000000000000004,0
2026-03-20,0.0,32.0,21.7,30.800000000000004,0
2026-03-21,0.2,32.2,22.0,31.000000000000004,0
2026-03-22,0.0,33.1,23.4,31.000000000000004,0
2026-03-23,0.0,32.7,23.3,31.000000000000004,0
2026-03-24,0.0,32.2,23.4,30.700000000000003,0
2026-03-25,0.0,32.8,22.6,29.700000000000003,0
2026-03-26,0.1,32.4,22.8,26.300000000000004,0
2026-03-27,0.0,33.2,22.6,23.700000000000003,0
2026-03-28,0.0,33.7,22.3,23.700000000000003,0
2026-03-29,0.0,33.3,23.1,23.700000000000003,0
2026-03-30,0.2,33.3,22.2,23.800000000000004,0
2026-03-31,0.0,32.5,22.7,19.900000000000006,0
2026-04-01,0.0,33.1,22.7,16.100000000000005,0
2026-04-02,3.3,32.6,23.8,3.8000000000000034,0
2026-04-03,19.6,30.7,23.1,23.400000000000006,0
2026-04-04,2.2,31.7,23.2,25.400000000000006,0
2026-04-05,0.0,32.1,24.1,25.400000000000006,0
2026-04-06,1.7,31.8,25.0,27.100000000000005,0
2026-04-07,0.3,33.0,25.2,27.400000000000006,0
2026-04-08,0.3,33.0,25.0,27.700000000000006,0
2026-04-09,0.1,32.7,24.6,27.700000000000006,0
2026-04-10,0.2,33.3,23.2,27.900000000000006,0
2026-04-11,1.4,32.4,23.4,29.300000000000004,0
2026-04-12,2.8,32.2,24.4,32.10000000000001,0
2026-04-13,6.7,32.4,23.5,38.60000000000001,0
2026-04-14,3.3,32.8,23.2,41.900000000000006,0
2026-04-15,0.9,32.2,23.3,42.800000000000004,0
2026-04-16,0.4,33.6,23.4,39.900000000000006,0
2026-04-17,0.0,34.0,23.8,20.300000000000004,0
2026-04-18,0.4,33.8,23.6,18.500000000000004,0
2026-04-19,0.3,33.5,23.9,18.800000000000004,0
2026-04-20,25.8,33.6,23.8,42.900000000000006,0
2026-04-21,0.8,32.4,23.7,43.4,0
2026-04-22,5.7,32.4,23.7,48.800000000000004,0
2026-04-23,1.7,32.5,23.7,50.400000000000006,0
2026-04-24,1.8,32.0,24.0,52.00000000000001,0
2026-04-25,0.2,32.6,22.6,50.800000000000004,0
2026-04-26,1.7,33.4,23.5,49.7,0
2026-04-27,10.9,34.6,24.0,53.900000000000006,0
2026-04-28,2.4,32.2,24.3,53.00000000000001,0
2026-04-29,11.1,33.1,24.0,63.2,0
2026-04-30,4.5,32.6,23.8,67.30000000000001,0
2026-05-01,0.6,32.7,23.9,67.9,0
2026-05-02,1.4,33.1,24.8,68.9,0
2026-05-03,1.2,33.2,24.6,69.80000000000001,0
2026-05-04,5.8,33.1,24.3,49.80000000000001,0
2026-05-05,0.9,30.9,24.6,49.900000000000006,0
2026-05-06,11.3,32.6,24.3,55.5,0
2026-05-07,5.7,31.5,23.7,59.50000000000001,0
2026-05-08,19.9,31.7,23.7,77.6,0
2026-05-09,11.2,30.4,23.1,88.6,0
2026-05-10,22.1,28.9,23.5,109.00000000000001,0
2026-05-11,8.0,28.5,23.8,106.10000000000001,0
2026-05-12,11.6,30.3,23.5,115.3,0
2026-05-13,2.8,25.5,23.2,107.0,0
2026-05-14,8.0,29.1,23.1,110.5,0
2026-05-15,0.9,29.8,22.7,110.80000000000001,0
2026-05-16,3.3,30.5,24.7,112.7,0
2026-05-17,0.6,30.6,24.8,112.1,0
2026-05-18,1.5,30.5,24.8,107.8,0
2026-05-19,3.4,29.9,24.6,110.3,0
2026-05-20,0.2,30.4,24.4,99.2,0
2026-05-21,0.1,31.5,25.5,93.6,0
2026-05-22,0.1,29.1,24.0,73.80000000000001,0
2026-05-23,0.5,30.0,24.5,63.1,0
2026-05-24,0.5,30.5,25.1,41.5,0
2026-05-25,0.5,30.2,24.8,34.0,0
2026-05-26,0.1,30.7,24.2,22.5,0
2026-05-27,0.2,30.8,24.6,19.900000000000002,0
2026-05-28,0.3,31.0,24.9,12.200000000000003,0
2026-05-29,0.7,31.3,24.5,12.000000000000004,0
2026-05-30,0.0,31.3,24.9,8.700000000000005,0
2026-05-31,0.0,31.5,25.0,8.100000000000005,0
2026-06-01,0.0,32.1,24.9,6.600000000000003,0
2026-06-02,0.4,32.0,25.0,3.6000000000000036,0
2026-06-03,3.5,30.9,24.6,6.900000000000004,0
2026-06-04,4.2,29.7,24.0,11.000000000000004,0
2026-06-05,1.1,31.5,23.8,12.000000000000004,0
2026-06-06,1.5,31.0,24.1,13.000000000000004,0
2026-06-07,1.8,30.5,24.1,14.300000000000004,0
2026-06-08,3.7,28.1,23.3,17.500000000000004,0
2026-06-09,0.9,30.2,24.6,18.300000000000004,0
2026-06-10,1.6,30.1,24.4,19.700000000000003,0
2026-06-11,5.7,29.4,23.7,25.1,0
2026-06-12,22.9,28.8,23.2,47.3,0
2026-06-13,1.6,29.1,23.4,48.9,0
2026-06-14,1.3,30.0,24.2,50.2,0
2026-06-15,0.8,30.8,24.8,51.0,0
2026-06-16,0.0,31.5,24.8,50.6,0
2026-06-17,0.1,30.5,24.7,47.2,0
2026-06-18,0.7,29.5,24.7,43.7,0
2026-06-19,2.4,30.5,23.6,45.0,0
2026-06-20,1.3,30.4,23.9,44.8,0
2026-06-21,1.5,31.6,24.3,44.5,0
2026-06-22,2.4,29.6,23.9,43.199999999999996,0
2026-06-23,0.5,29.7,24.0,42.8,0
2026-06-24,2.2,31.3,24.8,43.4,0
2026-06-25,3.1,31.5,25.0,40.800000000000004,0
2026-06-26,1.5,30.7,25.1,19.400000000000002,0
2026-06-27,1.0,30.5,24.7,18.8,0
2026-06-28,1.6,30.7,24.4,19.100000000000005,0
2026-06-29,3.5,28.5,24.0,21.800000000000004,0
2026-06-30,1.5,30.3,24.7,23.300000000000004,0
2026-07-01,0.1,30.7,24.1,23.300000000000004,0
2026-07-02,0.0,31.6,25.0,22.600000000000005,0
2026-07-03,3.5,29.3,24.2,23.700000000000006,0
2026-07-04,7.2,28.6,23.5,29.600000000000005,0
2026-07-05,0.0,30.6,23.9,28.100000000000005,0
2026-07-06,0.0,30.8,24.2,25.700000000000003,0
2026-07-07,0.0,31.1,24.9,25.200000000000003,0
2026-07-08,0.5,31.4,24.6,23.500000000000004,0
2026-07-09,0.0,31.9,25.2,20.400000000000006,0
2026-07-10,1.4,31.0,25.0,20.300000000000004,0
2026-07-11,0.2,31.5,24.7,19.500000000000007,0
2026-07-12,0.0,31.6,25.0,17.900000000000006,0
2026-07-13,0.1,31.6,24.5,14.500000000000004,0
2026-07-14,0.0,31.4,24.5,13.000000000000004,0
2026-07-15,0.0,31.1,24.6,12.900000000000004,0
2026-07-16,0.0,31.5,24.1,12.900000000000004,0
2026-07-17,0.3,31.9,24.1,9.700000000000005,0
2026-07-18,0.0,31.4,24.2,2.5000000000000036,0
2026-07-19,1.0,31.1,24.3,3.5000000000000036,0
2026-07-20,1.4,30.8,24.4,4.900000000000004,0
2026-07-21,0.0,32.5,24.4,4.900000000000004,0
2026-07-22,0.2,32.5,24.4,4.600000000000003,0
2026-07-23,0.5,32.6,24.3,5.100000000000003,0
2026-07-24,0.0,33.4,24.7,3.7000000000000037,0
2026-07-25,0.0,34.1,25.2,3.5000000000000036,0
2026-07-26,0.0,33.0,25.1,3.5000000000000036,0
2026-07-27,0.8,32.5,25.0,4.200000000000004,0
2026-07-28,1.4,32.5,25.0,5.600000000000003,0
2026-07-29,2.1,32.9,24.5,7.700000000000004,0
2026-07-30,0.0,33.1,25.3,7.700000000000004,0
2026-07-31,0.4,33.8,24.7,7.800000000000004,0
2026-08-01,2.5,30.4,23.5,10.300000000000004,0
